# verschweisst fuer SculptIt
v -0.18969721 0.10205083 0.46313483
v -0.20483392 0.10498051 0.39965826
v -0.18725580 0.08886723 0.45239264
v -0.16772455 0.09863286 0.47778326
v -0.16772455 0.10205083 0.47924811
v -0.18286127 0.10205083 0.47094733
v -0.19702142 0.14990239 0.40502936
v -0.19067377 0.14892583 0.44067389
v -0.19165033 0.15136723 0.44116217
v -0.19848627 0.15039067 0.40551764
v -0.19458002 0.16894536 0.41577154
v -0.18090814 0.14990239 0.45288092
v -0.18090814 0.17041020 0.41918951
v -0.18188471 0.15136723 0.45141608
v -0.18090814 0.15039067 0.45190436
v -0.19360346 0.16650395 0.41430670
v -0.19018549 0.14941411 0.44018561
v -0.17993158 0.14746098 0.45141608
v -0.20336908 0.13867190 0.39868170
v -0.20141596 0.14111331 0.40014654
v -0.19213861 0.13574222 0.39916998
v -0.18481439 0.13574223 0.42651373
v -0.19409174 0.16650395 0.41381842
v -0.18041986 0.15087895 0.45288092
v -0.20336908 0.10498051 0.39868170
v -0.18139644 0.13574223 0.37475592
v -0.18920892 0.13574223 0.39086920
v -0.18041986 0.14746098 0.45190436
v -0.16723627 0.14550786 0.45922858
v -0.16674799 0.14599614 0.45825201
v -0.16723627 0.14843754 0.45971686
v -0.19360346 0.05957035 0.39965826
v -0.19311517 0.05957035 0.39868170
v -0.19409174 0.05957035 0.39819342
v -0.19165033 0.06005863 0.39868170
v -0.18481439 0.04638676 0.46166998
v -0.19799799 0.06103519 0.38208014
v -0.19946283 0.04052738 0.38208014
v -0.18530267 0.04052738 0.37377936
v -0.19360346 0.07128910 0.39868170
v -0.15209955 0.04052738 0.37377936
v -0.18481439 0.04052739 0.46166998
v -0.20336908 0.04052738 0.37231451
v -0.20190424 0.04052738 0.36694342
v -0.10131831 0.04052738 0.37475586
v -0.16772453 0.04052739 0.47729498
v -0.17944330 0.04052739 0.46948248
v -0.15209955 0.07177738 0.37377936
v -0.15209958 0.04394534 0.18920901
v -0.17749019 0.13574223 0.38256842
v -0.16381831 0.13574223 0.38061529
v -0.21118160 0.14257815 0.36743170
v -0.20532221 0.13916019 0.39819342
v -0.20336908 0.14208987 0.39916998
v -0.19946283 0.15087895 0.40454108
v -0.19604486 0.16992192 0.41528326
v -0.19604486 0.17089848 0.41430670
v -0.18139642 0.11523442 0.39770514
v -0.18237299 0.11523442 0.40014654
v -0.17993158 0.11328129 0.40014654
v -0.18188471 0.17285161 0.41772467
v -0.18139642 0.17236333 0.41918951
v -0.09594720 0.04541020 0.49438477
v -0.16772453 0.04541020 0.47729498
v -0.09545892 0.04052739 0.49438477
v -0.09497064 0.04492192 0.49438477
v -0.09448235 0.04541020 0.49438477
v -0.09545892 0.04492192 0.49438477
v -0.09497064 0.04589848 0.49291992
v -0.00024407 0.04052740 0.49975586
v -0.09448235 0.05078129 0.48461914
v -0.10131831 0.13574223 0.37475586
v -0.16040033 0.06445317 0.46411139
v -0.16772455 0.06445317 0.46264654
v -0.16772455 0.05078129 0.47045904
v -0.11938470 0.06396489 0.47241217
v -0.09545892 0.05078129 0.48706055
v -0.16772455 0.09521489 0.46459967
v -0.16772455 0.08935551 0.46704108
v -0.11889642 0.06445317 0.47241217
v -0.11987298 0.06445317 0.47192389
v -0.09594720 0.06445317 0.47778320
v -0.09448235 0.05078129 0.48657227
v -0.16235346 0.08984379 0.46850592
v -0.12182610 0.08984379 0.47778326
v -0.15649408 0.06591801 0.46166998
v -0.15747064 0.06640629 0.46166998
v -0.15844721 0.06445317 0.46118170
v -0.16040033 0.08935551 0.46411139
v -0.15893549 0.08740239 0.46411139
v -0.15844721 0.08789067 0.46411139
v -0.12329095 0.06591801 0.46899420
v -0.12133782 0.06494145 0.46899420
v -0.12280267 0.06640629 0.46899420
v -0.15795892 0.08740239 0.46655279
v -0.15698236 0.06689458 0.46411139
v -0.15649408 0.06591801 0.46411139
v -0.15844721 0.08691411 0.46606451
v -0.12573236 0.08740239 0.47436529
v -0.12426751 0.06591801 0.47094733
v -0.12524408 0.08642583 0.47436529
v -0.12329095 0.06689458 0.47094733
v -0.09790032 0.09863286 0.49291992
v -0.09790032 0.08935551 0.48217773
v -0.12475579 0.08789067 0.47241217
v -0.12426751 0.08740239 0.47241217
v -0.12329095 0.08935551 0.47290045
v -0.10229485 0.12890629 0.49340820
v -0.10327142 0.12402348 0.49340820
v -0.10278314 0.10742192 0.49340820
v -0.10327142 0.12841801 0.49340820
v -0.09936517 0.15283208 0.46948242
v -0.10278314 0.14941411 0.47534180
v -0.09790032 0.13818364 0.49145508
v -0.10375971 0.14892583 0.47338867
v -0.09741205 0.13574223 0.45434570
v -0.16186517 0.13574223 0.44311529
v -0.10522456 0.16748051 0.42749023
v -0.10327142 0.14599614 0.47241211
v -0.10327142 0.14892583 0.46655273
v -0.16723627 0.16845708 0.41967779
v -0.18188471 0.17089848 0.41967779
v -0.18090814 0.17041020 0.41967779
v -0.18041986 0.17089848 0.42016608
v -0.10278314 0.15332036 0.46850586
v -0.09692376 0.09521489 0.48315430
v -0.09692376 0.08984379 0.48168945
v -0.09692376 0.13427739 0.49389648
v -0.09692376 0.13769536 0.49096680
v -0.10131830 0.13378911 0.44946289
v -0.10278314 0.13378911 0.45141602
v -0.10327143 0.13574223 0.38061523
v -0.10620111 0.16992192 0.42944336
v -0.10620111 0.11523442 0.44262695
v -0.16137689 0.11523442 0.43286139
v -0.16137689 0.13378911 0.44116217
v -0.10668939 0.11328129 0.44018555
v -0.10424799 0.11523442 0.44116211
v -0.17456049 0.11328129 0.41967779
v -0.16870111 0.11328129 0.42553717
v -0.16333002 0.11328129 0.39331061
v -0.17309564 0.11328129 0.39477545
v -0.16040033 0.11328129 0.43090826
v -0.10668940 0.11523442 0.39282227
v -0.10864253 0.11523442 0.39086914
v -0.10864253 0.11328129 0.39331055
v -0.10424799 0.13378911 0.38500977
v -0.10571284 0.13378911 0.38305664
v -0.20336910 0.02832034 0.30590826
v -0.20336910 0.02783206 0.31079108
v -0.20336910 0.03466800 0.32055670
v -0.20385738 0.03027347 0.30541998
v -0.20385738 0.04052738 0.32006842
v -0.20336910 0.03955082 0.32153326
v -0.20043939 0.06250004 0.36694342
v -0.20190425 0.07226566 0.36694342
v -0.19360346 0.07177738 0.37377936
v -0.15209956 0.10546879 0.36987311
v -0.15209958 0.08300784 0.18920901
v -0.20385738 0.10009769 0.32836920
v -0.20336910 0.08300785 0.33569342
v -0.20336910 0.08691410 0.33764654
v -0.20336910 0.09863285 0.33374029
v -0.20385738 0.08300785 0.33374029
v -0.19458003 0.08691410 0.33764654
v -0.19458003 0.08300785 0.33569342
v -0.19458003 0.09863285 0.33374029
v -0.20336910 0.10156254 0.32983404
v -0.19555660 0.08300785 0.33374029
v -0.19555660 0.10009769 0.32836920
v -0.19458003 0.10156254 0.32983404
v -0.15209956 0.14160159 0.35424811
v -0.15209956 0.16064458 0.33227545
v -0.15209956 0.16894534 0.30493170
v -0.15209958 0.16748050 0.26098639
v -0.20141597 0.09082035 0.29907233
v -0.21069331 0.09082035 0.29614264
v -0.21020503 0.09082035 0.29907233
v -0.20239253 0.09130863 0.29516608
v -0.21069331 0.05664066 0.28491217
v -0.21069331 0.05664066 0.28247076
v -0.20239253 0.05615238 0.28393561
v -0.19067378 0.05664066 0.28686529
v -0.19116206 0.05810551 0.28393561
v -0.19165035 0.07568363 0.28393561
v -0.19067378 0.06738285 0.30151373
v -0.19067378 0.05664066 0.28100592
v -0.19116206 0.07031254 0.30151373
v -0.19067378 0.07275394 0.30346686
v -0.19116206 0.08886722 0.29663092
v -0.19116206 0.08984379 0.29418951
v -0.19067378 0.09277347 0.29272467
v -0.19067378 0.09277347 0.27514654
v -0.19067378 0.06738285 0.26684576
v -0.19116206 0.07031254 0.26684576
v -0.19067378 0.07275394 0.26489264
v -0.19116206 0.08984379 0.27368170
v -0.19116206 0.08886722 0.27075201
v -0.19702144 0.08251957 0.28686529
v -0.19702144 0.06738285 0.28686529
v -0.19702144 0.06933597 0.28930670
v -0.19702144 0.06738285 0.28442389
v -0.19702144 0.08300785 0.28442389
v -0.19653316 0.08251957 0.28051764
v -0.19604488 0.06933597 0.27807623
v -0.19604488 0.06738285 0.28051764
v -0.19604488 0.07226566 0.27612311
v -0.19604488 0.07421879 0.27563483
v -0.19604488 0.07812504 0.27612311
v -0.19702144 0.08056644 0.27807623
v -0.21069331 0.09179691 0.29418951
v -0.21069331 0.09082035 0.27172858
v -0.21069331 0.09179691 0.27319342
v -0.20239253 0.09130863 0.27221686
v -0.19702144 0.07226566 0.29125983
v -0.19702144 0.07421879 0.29174811
v -0.19653316 0.07812504 0.29125983
v -0.19702144 0.08056644 0.28930670
v -0.19995114 0.04394534 0.18530278
v -0.19213864 0.04394534 0.17700200
v -0.19213864 0.04394534 0.13647465
v -0.19213869 0.04394533 -0.13940425
v -0.15209962 0.04394533 -0.18823239
v -0.15209958 0.15039065 0.22680667
v -0.15209958 0.11962894 0.19995120
v -0.09497064 0.06396489 0.47778320
v -0.09545892 0.06445317 0.47729492
v -0.00024407 0.04589849 0.49975586
v -0.09399407 0.05078129 0.48706055
v -0.00024407 0.04541021 0.49975586
v -0.00024407 0.05078130 0.48461914
v 0.09448249 0.04541022 0.49438477
v 0.09497077 0.04052740 0.49438477
v -0.00024407 0.05273443 0.48315430
v -0.09106439 0.05273442 0.48315430
v 0.09448249 0.05078131 0.48461914
v 0.09399421 0.05078131 0.48706055
v -0.09155267 0.06445317 0.47534180
v -0.09643548 0.08935551 0.48217773
v -0.09448235 0.06445317 0.47778320
v -0.09350579 0.09033208 0.47973633
v -0.09155267 0.06005864 0.44506836
v -0.09350579 0.09228520 0.48120117
v 0.09350593 0.09228522 0.48120117
v -0.09350580 0.09228520 0.44506836
v 0.09350592 0.09228522 0.44506836
v 0.09106452 0.05273443 0.48315430
v -0.00024408 0.06005865 0.44506836
v -0.09692376 0.08935551 0.47973633
v -0.09692376 0.09912114 0.49243164
v -0.09643548 0.09863286 0.49291992
v -0.09692376 0.10205083 0.49389648
v 0.09692390 0.09912115 0.49243164
v 0.09692390 0.09521490 0.48315430
v 0.09692390 0.08984381 0.48168945
v 0.09741217 0.13574225 0.45434570
v 0.09692390 0.13427740 0.49389648
v 0.09692390 0.08935553 0.47973633
v 0.09692390 0.10205084 0.49389648
v 0.09155279 0.06005865 0.44506836
v 0.09350593 0.09033209 0.47973633
v 0.09643561 0.08935553 0.48217773
v 0.09643561 0.09863287 0.49291992
v -0.09887689 0.15234379 0.46948242
v -0.09887689 0.15234379 0.46801758
v -0.09985346 0.15380864 0.46801758
v -0.09887689 0.15234379 0.46850586
v -0.09887689 0.15283208 0.46752930
v -0.10522456 0.17187504 0.42895508
v -0.16674799 0.17333989 0.42016608
v -0.16772455 0.17236333 0.42114264
v -0.10180659 0.17236333 0.42846680
v -0.10180658 0.17187504 0.42993164
v -0.10083002 0.17041020 0.42944336
v -0.10083003 0.17089848 0.42895508
v 0.09497077 0.04492193 0.49438477
v 0.09594733 0.04541022 0.49438477
v 0.16772468 0.04052740 0.47729492
v 0.10083013 0.13574223 0.37475586
v 0.10083013 0.04052740 0.37475586
v 0.09497077 0.04589850 0.49291992
v 0.09448249 0.05078131 0.48657227
v 0.09155280 0.06445318 0.47534180
v 0.18481451 0.04052740 0.37377930
v 0.15209967 0.04052740 0.37377930
v 0.15209964 0.04394536 0.18920898
v -0.20825192 0.04394534 0.19165044
v -0.20922849 0.04394534 0.18676762
v -0.20288083 0.08300784 0.18920903
v -0.21118161 0.08300784 0.19604497
v -0.20971677 0.06689456 0.19409184
v -0.20874020 0.12109378 0.19165044
v -0.21118161 0.15283206 0.21264653
v -0.21118163 0.15283206 0.14331059
v -0.20385738 0.18164065 0.30639654
v -0.19506833 0.20214847 0.28930670
v -0.20532224 0.18017581 0.25756842
v -0.20141600 0.20117190 0.13745122
v -0.19213869 0.04394533 -0.17749019
v -0.18774416 0.06787111 -0.14233394
v -0.19067381 0.08300784 0.13842778
v -0.18774413 0.06787112 0.13354497
v -0.18774413 0.21923831 0.14038090
v -0.19213866 0.21679690 0.12963872
v -0.20141600 0.20117190 0.13452153
v -0.19262694 0.21630862 0.12670903
v -0.19067381 0.21972659 0.07690433
v -0.17846678 0.21923831 0.14282231
v -0.18139647 0.20117190 0.12866215
v -0.18090819 0.21630862 0.12475590
v -0.17944334 0.21923831 0.08178715
v -0.19750978 0.04394533 -0.18969722
v -0.15209962 0.09277345 -0.19116208
v -0.15209965 0.07519532 -0.36157221
v -0.15209965 0.05322266 -0.36157221
v -0.00024416 0.04394533 -0.18823241
v -0.10473630 0.07470706 0.18676761
v -0.18188474 0.07470706 0.15063481
v -0.16723630 0.07470706 0.16723636
v -0.18725584 0.07470706 0.13354497
v -0.05249020 0.07470707 0.19262697
v -0.16821288 0.24072269 0.10913090
v -0.16430663 0.22021487 0.15942386
v -0.10327146 0.22119144 0.17797855
v -0.00024415 0.07470705 -0.10913084
v -0.17504884 0.07470705 -0.10913081
v -0.18725587 0.07470705 -0.10913081
v -0.05151365 0.22119144 0.18383791
v -0.00024412 0.22119144 0.18676759
v 0.05200198 0.07470707 0.19262697
v -0.17993166 0.13574220 -0.15209956
v -0.18139651 0.20117189 -0.15795894
v -0.17602541 0.10156251 -0.10180660
v 0.18725587 0.07470708 0.13354491
v 0.17504881 0.07470706 -0.10913086
v -0.18725584 0.15917972 0.10961918
v -0.17846678 0.18652347 0.10766605
v 0.04223634 0.15917972 0.10961915
v 0.04223635 0.07470707 0.10961916
v -0.17846678 0.18652347 0.09936527
v 0.03637696 0.19970706 0.09936524
v 0.03637696 0.19970706 0.10766602
v -0.13305664 0.30664065 0.01245120
v 0.17846681 0.21923833 0.14282225
v 0.18237306 0.15917973 0.10961913
v 0.16821291 0.24072270 0.10913085
v -0.13598631 0.10644534 0.04711918
v -0.12915038 0.10595706 0.05102543
v -0.15502930 0.11279299 0.01928715
v -0.06616210 0.10595706 0.05102542
v -0.04077148 0.11279300 0.01928713
v -0.05932616 0.10644534 0.04711917
v 0.10424808 0.07470708 0.18676758
v -0.03393553 0.18701175 0.12133791
v -0.03686522 0.18408206 0.12133791
v -0.03784178 0.18017581 0.12133791
v 0.03784181 0.18017581 0.12133790
v -0.06518560 0.06054689 -0.41772461
v -0.00024419 0.06054689 -0.41772461
v 0.06518549 0.06054689 -0.41772461
v 0.15209956 0.05322268 -0.36157227
v 0.15209959 0.04394534 -0.18823242
v 0.15209967 0.07177740 0.37377930
v 0.15209964 0.08300786 0.18920898
v 0.19213870 0.04394536 0.17700194
v 0.19995120 0.04394536 0.18530272
v 0.19213870 0.04394536 0.13647459
v 0.19213866 0.04394534 -0.13940431
v -0.03784178 0.11865237 0.10424807
v -0.03491209 0.07470707 0.09350589
v -0.03784178 0.07470707 0.10961917
v -0.03491210 0.11425784 0.07495119
v -0.02856445 0.10986331 -0.00219724
v -0.02270509 0.07470706 -0.08471677
v -0.02758789 0.11376956 -0.01098631
v -0.02709961 0.11572269 -0.02172850
v -0.02270509 0.10205081 -0.07788084
v -0.01977540 0.10498050 -0.07690428
v 0.02270507 0.07470706 -0.08471677
v -0.00317382 0.15869144 0.04809572
v -0.00170898 0.15869144 0.04956056
v -0.00024413 0.15869144 0.04614259
v -0.00366210 0.15869144 0.04614259
v -0.00024413 0.15869144 0.05004884
v 0.00170899 0.15869144 0.04956056
v -0.00317382 0.15869144 0.04467775
v -0.00170898 0.15869144 0.04321291
v -0.00024413 0.15869144 0.04272462
v 0.00170899 0.15869144 0.04321291
v 0.00317383 0.15869144 0.04809572
v 0.00366212 0.15869144 0.04614259
v 0.00317383 0.15869144 0.04467775
v -0.18041986 0.17285161 0.41772467
v -0.18090814 0.17187504 0.41821295
v -0.18090814 0.17236333 0.41772467
v -0.16870111 0.17333989 0.41967779
v -0.16772455 0.17236333 0.42016608
v -0.10131831 0.17089848 0.42846680
v -0.10131831 0.17138676 0.42846680
v -0.18188474 0.20507815 0.28979498
v -0.18188475 0.22167972 0.15063481
v -0.18188475 0.22216800 0.14575200
v -0.16772459 0.22167972 0.16821292
v -0.16723631 0.22265628 0.16723636
v -0.16625975 0.22314456 0.16284183
v -0.18090819 0.22070315 0.15405278
v -0.18041991 0.22167972 0.15698247
v -0.16870116 0.22216800 0.16918948
v -0.16772459 0.22167972 0.16870120
v 0.10083013 0.17089850 0.42895508
v 0.10034185 0.17089850 0.42846680
v 0.10034186 0.17041022 0.42944336
v 0.10083013 0.17138678 0.42846680
v 0.10034185 0.17236334 0.42846680
v 0.10083013 0.17089850 0.42846680
v -0.10522459 0.22265628 0.18774417
v -0.10473631 0.22363284 0.18676761
v -0.00024412 0.22363284 0.19555666
v -0.05249021 0.22363284 0.19262697
v -0.00024410 0.20800786 0.29125977
v 0.05200198 0.22363284 0.19262697
v -0.19067386 0.22216798 -0.15747066
v -0.20141605 0.20117189 -0.16479488
v -0.19067386 0.22216798 -0.15454097
v -0.19067381 0.21630862 0.12817387
v -0.18530272 0.21630862 0.12817387
v -0.17602538 0.24511722 0.08715824
v -0.14086914 0.30126956 -0.00366208
v -0.14575195 0.30419925 -0.00366208
v -0.17065428 0.24316409 0.11059574
v -0.16918944 0.24365237 0.11108402
v -0.13354492 0.31005862 0.01391604
v -0.13500977 0.31005862 0.01245120
v -0.13403320 0.30029300 0.00366214
v -0.19458011 0.20117189 -0.16625972
v -0.14086914 0.29687503 -0.00659177
v -0.17016602 0.23681644 0.08032230
v -0.18725584 0.22265628 0.10571293
v -0.18920897 0.23583987 0.10083012
v -0.20239256 0.22363284 0.10571294
v -0.19555663 0.24267581 0.09692387
v -0.18139648 0.23828128 0.07495121
v -0.18579100 0.21972659 0.07836918
v -0.19458006 0.21630862 0.07788090
v -0.18725586 0.24511722 0.07348637
v -0.18237303 0.18652347 0.12133793
v -0.17846678 0.18652347 0.12133793
v -0.18041991 0.19970706 0.12133793
v 0.03637697 0.19970706 0.12133790
v 0.04614259 0.20507817 0.13256837
v -0.18041991 0.19970706 0.09936527
v -0.18237303 0.18652347 0.09936527
v 0.04614259 0.21142581 0.09936524
v 0.05590821 0.21923831 0.10766602
v -0.17846678 0.21142581 0.10424808
v -0.17846678 0.21142581 0.11743168
v 0.05590822 0.20947270 0.14086916
v 0.05590821 0.21923831 0.09936524
v -0.17602539 0.24169925 0.07836918
v -0.17407227 0.24121097 0.07836918
v -0.14672852 0.30029300 -0.00561521
v -0.14526367 0.29931644 -0.00561521
v -0.14184573 0.29931644 -0.14282224
v -0.14135742 0.30859378 0.00854495
v -0.13500977 0.31152347 0.01196292
v -0.13500977 0.31445315 -0.00024411
v -0.14672852 0.30566409 -0.00317380
v -0.13403320 0.30859378 0.01147464
v -0.13403320 0.31054690 0.01245120
v -0.13452148 0.31005862 0.01196292
v -0.12768555 0.31445315 0.00659182
v -0.08666993 0.31787112 -0.00463865
v -0.04174805 0.31884769 0.01977540
v -0.00024414 0.31884769 0.02124024
v -0.00024415 0.32031253 -0.00463866
v 0.03393556 0.18701175 0.12133790
v 0.03686525 0.18408206 0.12133790
v -0.02709960 0.21142581 0.10424806
v -0.02954100 0.20898440 0.10327151
v -0.02954100 0.19140628 0.09741213
v 0.02954103 0.19140628 0.09741212
v -0.02905272 0.21093753 0.10375979
v 0.02709962 0.21142581 0.10424806
v 0.02954103 0.20898440 0.10327149
v -0.02612304 0.19238284 0.09448244
v -0.02661132 0.19384769 0.09497072
v -0.02416991 0.19140628 0.09448244
v -0.02416991 0.20947269 0.10034181
v 0.02416993 0.20947269 0.10034181
v 0.02416993 0.19140628 0.09448244
v -0.02661132 0.20751956 0.09936525
v -0.02612304 0.20898440 0.10034181
v 0.02661134 0.19384769 0.09497072
v 0.02612306 0.19238284 0.09448244
v 0.02661134 0.20751956 0.09936525
v 0.02612306 0.20898440 0.10034181
v -0.02172850 0.19335940 0.09399416
v -0.02221679 0.19482425 0.09448244
v -0.02026366 0.19287112 0.09350587
v -0.02221679 0.20605472 0.09790041
v -0.02026366 0.20751956 0.09887697
v -0.02172850 0.20703128 0.09838869
v -0.00268554 0.20703128 0.09838869
v -0.00219725 0.20605472 0.09790041
v -0.00415038 0.20751956 0.09887697
v -0.00415038 0.19287112 0.09350587
v 0.02905275 0.21093753 0.10375977
v -0.00219725 0.19482425 0.09448244
v -0.00268554 0.19335940 0.09399416
v 0.04174804 0.31884769 0.01977539
v 0.13354492 0.31005862 0.01391601
v 0.04467773 0.31298831 0.02709961
v 0.04516601 0.31250003 0.02856445
v 0.13403320 0.31054690 0.01245116
v -0.17895509 0.13867189 -0.13208003
v -0.15893558 0.13574220 -0.19897458
v -0.17993167 0.17529298 -0.23461910
v -0.17651369 0.11230470 -0.09985348
v -0.15112306 0.16015626 -0.11157223
v -0.15551759 0.16894533 -0.08374020
v -0.15405275 0.18750001 -0.08911129
v -0.17700197 0.12402345 -0.09887692
v -0.17846681 0.13867189 -0.11157223
v -0.17749025 0.13330080 -0.10180660
v -0.04174806 0.18750003 -0.08911131
v -0.03979493 0.16894534 -0.08374021
v -0.04418947 0.16015628 -0.11157224
v -0.20336917 0.02832031 -0.25268549
v -0.20336917 0.02783203 -0.24731441
v -0.20336917 0.03515625 -0.23754878
v -0.20336917 0.03955080 -0.23657222
v -0.20385745 0.04052736 -0.23852535
v -0.20385745 0.03125000 -0.25366205
v -0.20336916 0.04394533 -0.18969722
v -0.20874026 0.11914064 -0.18774410
v -0.20532228 0.08300783 -0.18041988
v -0.20532228 0.08300783 -0.15893550
v -0.21118166 0.15283205 -0.16967769
v -0.20239259 0.04394533 -0.19506831
v -0.21118167 0.15283205 -0.19799800
v -0.20141605 0.20117189 -0.16772456
v -0.19067386 0.22216798 -0.16040035
v -0.18432622 0.22412109 -0.27709955
v -0.20532231 0.18945312 -0.27758783
v -0.20532230 0.18017580 -0.22827144
v -0.19409186 0.20068359 -0.42993158
v -0.20825197 0.08349611 -0.19555660
v -0.20336916 0.09277345 -0.19116206
v -0.20581056 0.06689455 -0.19506831
v -0.15209964 0.12060548 -0.19506833
v -0.15209965 0.10839844 -0.35473627
v -0.20385745 0.08251955 -0.22534175
v -0.20336917 0.08789064 -0.22094722
v -0.20385745 0.10058595 -0.23071285
v -0.20336917 0.08300783 -0.22290035
v -0.20336917 0.09912111 -0.22485347
v -0.19458011 0.09912111 -0.22485347
v -0.19458011 0.08300783 -0.22290035
v -0.19555667 0.08251955 -0.22534175
v -0.19506839 0.10058595 -0.23071285
v -0.19458011 0.08789064 -0.22094722
v -0.15209964 0.14990236 -0.21069333
v -0.15209964 0.16796876 -0.23559567
v -0.15209965 0.16308595 -0.31323236
v -0.15209964 0.17382814 -0.27661127
v -0.00024417 0.17529298 -0.23461913
v -0.10375980 0.21582033 -0.25463867
v -0.17993167 0.21582033 -0.25463861
v -0.16235353 0.13574220 -0.17846677
v -0.16235355 0.15332033 -0.17846677
v -0.15307620 0.17529298 -0.23461911
v -0.16186526 0.17773439 -0.18139645
v -0.16040042 0.19970705 -0.18920895
v -0.15942386 0.20898439 -0.19506833
v -0.15258792 0.20458986 -0.23901364
v -0.18725590 0.05322266 -0.36401361
v -0.18627934 0.05468751 -0.37377924
v -0.17163090 0.06054688 -0.41772455
v -0.15209965 0.09179688 -0.36157221
v -0.15209965 0.13476562 -0.34350580
v 0.01977538 0.10498050 -0.07690428
v 0.02758789 0.11376956 -0.01098632
v 0.02807617 0.10986331 -0.00219725
v 0.02661133 0.11572269 -0.02172850
v 0.02270507 0.10205081 -0.07788084
v 0.18188480 0.07470708 0.15063475
v 0.18725584 0.07470706 -0.10913086
v 0.17993163 0.13574222 -0.15209962
v 0.17602538 0.10156253 -0.10180665
v 0.17651366 0.11230472 -0.09985352
v 0.17895506 0.13867190 -0.13208009
v 0.17797850 0.13867190 -0.11157227
v 0.17700194 0.12402347 -0.09887696
v 0.17749022 0.13330081 -0.10180665
v 0.18139645 0.20117190 -0.15795900
v 0.17993161 0.17529300 -0.23461916
v 0.15893552 0.13574222 -0.19897461
v 0.19409177 0.20117190 -0.16625978
v 0.15307614 0.17529300 -0.23461914
v 0.16186520 0.15332034 -0.17846680
v 0.16186522 0.13574222 -0.17846680
v 0.16137692 0.17773440 -0.18139648
v 0.15209956 0.07519533 -0.36157227
v 0.15209959 0.09277347 -0.19116211
v 0.19213866 0.04394534 -0.17749025
v 0.19750975 0.04394534 -0.18969728
v 0.17163081 0.06054690 -0.41772461
v 0.18627925 0.05468752 -0.37377930
v 0.18725581 0.05322268 -0.36401367
v -0.20336917 0.02832031 -0.29663080
v -0.20385745 0.03027344 -0.29614252
v -0.20385745 0.04052735 -0.31079096
v -0.20336917 0.03515625 -0.31127924
v -0.20336917 0.02783203 -0.30102533
v -0.20336917 0.03955079 -0.31274408
v -0.21069339 0.06884766 -0.25708002
v -0.21069339 0.05664063 -0.27661127
v -0.21069339 0.05664063 -0.27465814
v -0.21069339 0.07031251 -0.29418939
v -0.21069339 0.09033204 -0.26342767
v -0.20239261 0.05664063 -0.27612299
v -0.21069339 0.09082032 -0.28784174
v -0.19165042 0.07568360 -0.27416986
v -0.19067386 0.06738282 -0.25708002
v -0.19067386 0.05664063 -0.27124017
v -0.19116214 0.07031251 -0.25708002
v -0.19116214 0.05810548 -0.27416986
v -0.19067386 0.05664063 -0.27709955
v -0.19067386 0.06738282 -0.29174799
v -0.19067386 0.07275392 -0.25463861
v -0.19067386 0.08935548 -0.26049799
v -0.19116214 0.08984376 -0.26391596
v -0.19067386 0.09277344 -0.26538080
v -0.19067386 0.09277344 -0.28295892
v -0.19116214 0.07031251 -0.29174799
v -0.19067386 0.07275391 -0.29321283
v -0.19116214 0.08886719 -0.28686517
v -0.19116214 0.08984376 -0.28442377
v -0.19702151 0.08251954 -0.27172846
v -0.19702151 0.06738282 -0.27172846
v -0.19702151 0.06933594 -0.26879877
v -0.19702151 0.06738282 -0.27416986
v -0.19702151 0.08300782 -0.27416986
v -0.19604495 0.06933594 -0.28002924
v -0.19604495 0.06738282 -0.27758783
v -0.19604495 0.07226563 -0.28198236
v -0.19702151 0.08251954 -0.27758783
v -0.19702151 0.08056641 -0.28002924
v -0.19702151 0.07812501 -0.28198236
v -0.19604495 0.07421876 -0.28247064
v -0.21069339 0.09179688 -0.26538080
v -0.21069339 0.09179688 -0.28637689
v -0.20239261 0.09179688 -0.26538080
v -0.20239261 0.09082032 -0.26342767
v -0.20239261 0.09179688 -0.28637689
v -0.20190433 0.09082032 -0.28979486
v -0.21020511 0.09082032 -0.29077142
v -0.19702151 0.07226563 -0.26733392
v -0.19702151 0.07421876 -0.26684564
v -0.19702151 0.07812501 -0.26733392
v -0.19702151 0.08056641 -0.26879877
v -0.20336919 0.10156251 -0.32055658
v -0.20336919 0.08691407 -0.32788080
v -0.20336919 0.08300782 -0.32641596
v -0.20385747 0.10058594 -0.31860346
v -0.19458012 0.10156251 -0.32055658
v -0.19555669 0.10058594 -0.31860346
v -0.19458012 0.08300782 -0.32641596
v -0.20336917 0.12939455 -0.26831049
v -0.20336917 0.12939455 -0.28100580
v -0.20336917 0.12646486 -0.28442377
v -0.19458011 0.12646486 -0.28442377
v -0.19458011 0.12939455 -0.28100580
v -0.19458011 0.12939455 -0.26831049
v -0.20336919 0.09912110 -0.32397455
v -0.18383795 0.08105469 -0.47387689
v -0.19458012 0.09765626 -0.37377924
v -0.19750981 0.11425782 -0.36743158
v -0.19165045 0.11767578 -0.49536127
v -0.20092778 0.14453125 -0.35473627
v -0.20092779 0.15136719 -0.43188471
v -0.19555670 0.15283203 -0.49389642
v -0.19750983 0.15380859 -0.42993158
v -0.19702154 0.16015625 -0.42993158
v -0.19604498 0.15625000 -0.46313471
v -0.19458014 0.15771484 -0.48120111
v -0.17016608 0.06787109 -0.43676752
v -0.15991217 0.09765625 -0.47387689
v -0.17309576 0.08154297 -0.47583002
v -0.18969733 0.15820312 -0.48413080
v -0.19067389 0.15283203 -0.49877924
v -0.08227546 0.15283203 -0.49877930
v -0.18676764 0.11865234 -0.49975580
v -0.16137701 0.09765625 -0.47827142
v -0.17895514 0.09765625 -0.47827142
v -0.00024420 0.11865235 -0.49975586
v -0.18334967 0.15820312 -0.48413080
v -0.18920904 0.16162109 -0.48413080
v -0.18432623 0.16259766 -0.48266596
v -0.18920904 0.16259766 -0.48266596
v -0.18041998 0.16259766 -0.48266596
v -0.18432623 0.16308594 -0.48364252
v -0.18041998 0.16308594 -0.48364252
v -0.10864265 0.16259766 -0.48266602
v -0.09057624 0.16210938 -0.48364258
v -0.10278327 0.15820312 -0.48413086
v -0.08227546 0.15820312 -0.48413086
v -0.00024421 0.15283205 -0.49877930
v -0.17260748 0.09130859 -0.47387689
v -0.06665045 0.09765626 -0.47387695
v -0.17456061 0.09179688 -0.47827142
v -0.00024420 0.09765626 -0.47827148
v -0.00024420 0.09765626 -0.47387695
v 0.06665033 0.09765626 -0.47387695
v 0.16137689 0.09765626 -0.47827148
v 0.08227532 0.15283205 -0.49877930
v 0.18676752 0.11865236 -0.49975586
v -0.10913093 0.16308594 -0.48364258
v -0.10522468 0.16259766 -0.48266602
v -0.10473640 0.16308594 -0.48364258
v -0.09106452 0.16308594 -0.48266602
v -0.07934577 0.19921875 -0.48022461
v -0.08764655 0.19531250 -0.48071289
v -0.09985358 0.19921875 -0.48022461
v 0.15942377 0.09765626 -0.47387695
v 0.17895502 0.09765626 -0.47827148
v 0.17456049 0.09179689 -0.47827148
v 0.10278314 0.15820314 -0.48413086
v 0.08227532 0.15820314 -0.48413086
v 0.19018549 0.15283205 -0.49877930
v -0.13696292 0.30126956 -0.14672849
v -0.12084965 0.29541016 -0.23266599
v -0.11010746 0.29736328 -0.23071286
v -0.04614262 0.29980469 -0.23413084
v -0.08715823 0.31884769 -0.15014645
v -0.13208011 0.30957031 -0.19848630
v -0.13208011 0.31542972 -0.15014645
v -0.14184573 0.30468750 -0.20288083
v -0.13793948 0.29736328 -0.23657224
v -0.18383795 0.21923828 -0.42944330
v -0.16430670 0.22802734 -0.37719721
v -0.19165045 0.19970703 -0.45776361
v -0.12670901 0.29150391 -0.23901364
v -0.14086919 0.23291016 -0.35961908
v -0.10327152 0.21582033 -0.25463867
v -0.13745122 0.22753906 -0.37182611
v -0.15795901 0.21679689 -0.20483395
v -0.15649417 0.21972658 -0.21459958
v -0.15454105 0.21972658 -0.22583005
v -0.15307620 0.21582033 -0.23461911
v -0.00024418 0.21582033 -0.25463867
v 0.10327145 0.21582034 -0.25463867
v -0.05688482 0.22607423 -0.38452148
v -0.12280279 0.22558594 -0.37817377
v -0.00024418 0.30029297 -0.23413084
v -0.11157230 0.30615234 -0.22241208
v -0.12768558 0.30322266 -0.22485349
v -0.04614261 0.31347656 -0.20288084
v -0.04125979 0.31933597 -0.13793944
v -0.04321292 0.31933597 -0.15014647
v -0.04272464 0.31689456 -0.16723631
v -0.04174808 0.31640628 -0.16967772
v -0.03930667 0.31640625 -0.17114256
v -0.00024417 0.31347656 -0.20288084
v -0.14721686 0.22851562 -0.38061517
v -0.15307622 0.23632812 -0.36206049
v -0.00024419 0.22656251 -0.38598633
v 0.04614254 0.29980469 -0.23413084
v 0.13500977 0.31445315 -0.00024415
v 0.08666991 0.31787112 -0.00463868
v 0.12768555 0.31445315 0.00659179
v 0.16040036 0.19970706 -0.18920898
v 0.15942380 0.20898440 -0.19506836
v 0.15258786 0.20458987 -0.23901367
v 0.15795895 0.21679690 -0.20483398
v 0.15649411 0.21972659 -0.21459961
v 0.15454099 0.21972659 -0.22583008
v 0.05688471 0.22607423 -0.38452148
v 0.17993161 0.21582034 -0.25463867
v 0.11010738 0.29736328 -0.23071289
v 0.12280268 0.22558597 -0.37817383
v 0.12084957 0.29541016 -0.23266602
v 0.15307614 0.21582034 -0.23461914
v -0.03833011 0.31494144 -0.16821288
v -0.03930667 0.30175784 -0.15307616
v -0.03295901 0.30175784 -0.14672850
v -0.03784182 0.30175784 -0.15991209
v -0.04028323 0.30175784 -0.15649413
v -0.04028323 0.30175784 -0.15795897
v -0.00024417 0.30175784 -0.15991209
v -0.00024417 0.30175784 -0.14135741
v 0.03295896 0.30175784 -0.14672850
v 0.03784177 0.30175784 -0.15991209
v -0.00024417 0.31689453 -0.17114256
v 0.03930661 0.31640625 -0.17114256
v 0.04614254 0.31347656 -0.20288084
v 0.03930661 0.30175784 -0.15307616
v 0.04028318 0.30175784 -0.15649413
v 0.03979490 0.30175784 -0.15795897
v 0.04174802 0.31640628 -0.16967772
v 0.03833005 0.31494144 -0.16821288
v 0.08715817 0.31884769 -0.15014648
v 0.13208005 0.30957031 -0.19848633
v 0.13696286 0.30126956 -0.14672852
v -0.18530279 0.21728516 -0.47436517
v -0.16284186 0.22412109 -0.46557611
v -0.12622076 0.22558594 -0.39038080
v -0.15893561 0.22412109 -0.46801752
v -0.19018561 0.19921875 -0.47680658
v -0.19213873 0.19287109 -0.46020502
v -0.19506842 0.16308594 -0.46508783
v -0.19506842 0.16406250 -0.46362299
v -0.19067389 0.19384766 -0.47729486
v -0.19409186 0.16357422 -0.48022455
v -0.19213873 0.19384766 -0.46118158
v -0.19018561 0.19384766 -0.47729486
v -0.18579108 0.19384766 -0.48071283
v -0.18041998 0.21728516 -0.47875971
v -0.18920904 0.16308594 -0.48364252
v -0.18920904 0.16357422 -0.48364252
v -0.18481451 0.16357422 -0.48364252
v -0.18334967 0.16455078 -0.48315424
v -0.18530279 0.19433594 -0.47973627
v -0.18579108 0.19531250 -0.48071283
v -0.18090826 0.19433594 -0.47973627
v -0.18334967 0.16455078 -0.48364252
v -0.18139654 0.16406250 -0.48266596
v -0.17749029 0.19433594 -0.47973627
v -0.17797858 0.19287109 -0.48120111
v -0.18139654 0.16455078 -0.48364252
v -0.17700201 0.19384766 -0.48071283
v -0.10620124 0.19433594 -0.47973633
v -0.18041998 0.19287109 -0.48071283
v -0.18139654 0.19384766 -0.48071283
v -0.17944342 0.19873047 -0.48022455
v -0.18530279 0.19873047 -0.48022455
v -0.16430670 0.23535156 -0.38305658
v -0.15600592 0.26269531 -0.41918939
v -0.16430670 0.23291016 -0.47436517
v -0.14868170 0.26269531 -0.41918939
v -0.15454108 0.26269531 -0.41723627
v -0.14868170 0.26269531 -0.47436517
v -0.15600592 0.26269531 -0.47436517
v -0.15014654 0.26269531 -0.41723627
v -0.16284186 0.21728516 -0.47583002
v -0.15454108 0.26269531 -0.47583002
v -0.15014654 0.26269531 -0.47583002
v -0.17846686 0.19287109 -0.47973627
v -0.18041998 0.19287109 -0.48120111
v -0.17993170 0.19287109 -0.47973627
v -0.10620124 0.19433594 -0.48022461
v -0.10668952 0.19384766 -0.48071289
v -0.10766608 0.16455078 -0.48315430
v -0.10815436 0.16455078 -0.48364258
v -0.10278327 0.19433594 -0.48022461
v -0.10278327 0.19433594 -0.47973633
v -0.08862311 0.19433594 -0.47973633
v -0.10375983 0.19287109 -0.48022461
v -0.10522468 0.19287109 -0.48022461
v -0.10571296 0.19238281 -0.48120117
v -0.10620124 0.16455078 -0.48315430
v -0.10424811 0.16357422 -0.48364258
v -0.10522468 0.16503906 -0.48364258
v -0.09301765 0.16455078 -0.48364258
v -0.10327155 0.19238281 -0.48120117
v -0.09350593 0.16357422 -0.48364258
v -0.09155280 0.16503906 -0.48315430
v -0.09008796 0.19335938 -0.48120117
v -0.08959968 0.19287109 -0.48071289
v -0.09057624 0.19384766 -0.48022461
v 0.09448249 0.06445318 0.47778320
v 0.16772468 0.04541022 0.47729492
v 0.18481451 0.04052740 0.46166992
v 0.17944342 0.04052740 0.46948242
v 0.09545905 0.05078131 0.48706055
v 0.09594733 0.06445318 0.47778320
v 0.09497077 0.06396490 0.47778320
v 0.09497077 0.06445318 0.47729492
v 0.11938483 0.06396490 0.47241211
v 0.16772467 0.05078131 0.47045898
v 0.11889655 0.06445318 0.47241211
v 0.11987311 0.06445318 0.47192383
v 0.15991217 0.06396490 0.46459961
v 0.12084968 0.06445318 0.46997070
v 0.16772467 0.06445318 0.46264648
v 0.09790046 0.08935553 0.48217773
v 0.12182624 0.08984381 0.47778320
v 0.09790046 0.09863287 0.49291992
v 0.16040045 0.06445318 0.46411133
v 0.15991217 0.06445318 0.46362305
v 0.16772467 0.09863287 0.47778320
v 0.16235358 0.08984381 0.46850586
v 0.12329108 0.06591803 0.46899414
v 0.12231452 0.06640631 0.46899414
v 0.12133796 0.06494147 0.46899414
v 0.16772467 0.08935553 0.46704102
v 0.16772467 0.09521490 0.46459961
v 0.12329108 0.08935553 0.47290039
v 0.12426765 0.08740240 0.47241211
v 0.12475593 0.08789068 0.47241211
v 0.15844733 0.06445318 0.46118164
v 0.15747076 0.06640631 0.46166992
v 0.15649420 0.06591803 0.46166992
v 0.15649420 0.06591803 0.46411133
v 0.12573248 0.08740240 0.47436523
v 0.12426765 0.06591803 0.47094727
v 0.15795904 0.08740240 0.46655273
v 0.15698248 0.06689459 0.46411133
v 0.09692390 0.13769537 0.49096680
v 0.10327154 0.14892584 0.46655273
v 0.16723639 0.14550787 0.45922852
v 0.10278326 0.13378912 0.45141602
v 0.10131842 0.13378912 0.44946289
v 0.10327154 0.13574223 0.38061523
v 0.16186529 0.13574225 0.44311523
v 0.16772467 0.10205084 0.47924805
v 0.18286139 0.10205084 0.47094727
v 0.16040045 0.08935553 0.46411133
v 0.15844733 0.08789068 0.46411133
v 0.15893561 0.08740240 0.46411133
v 0.10278327 0.10742193 0.49340820
v 0.10327155 0.12402350 0.49340820
v 0.10229499 0.12890631 0.49340820
v 0.10327155 0.12841803 0.49340820
v 0.10278326 0.14941412 0.47534180
v 0.09936529 0.15283209 0.46948242
v 0.09790046 0.13818365 0.49145508
v 0.09887701 0.15234381 0.46948242
v 0.09887701 0.15234381 0.46801758
v 0.09887701 0.15234381 0.46850586
v 0.10278326 0.15332037 0.46850586
v 0.09985358 0.15380865 0.46801758
v 0.10375983 0.14892584 0.47338867
v 0.09887701 0.15283209 0.46752930
v 0.10620123 0.16992193 0.42944336
v 0.10522466 0.16748053 0.42749023
v 0.16723639 0.14843756 0.45971680
v 0.16674811 0.14599615 0.45825195
v 0.18090826 0.14990240 0.45288086
v 0.17993170 0.14746100 0.45141602
v 0.16772467 0.17089850 0.42163086
v 0.18090826 0.17041022 0.41918945
v 0.10668951 0.11328130 0.44018555
v 0.10424811 0.11523443 0.44116211
v 0.10620123 0.11523443 0.44262695
v 0.10864263 0.11523443 0.39086914
v 0.10668951 0.11523443 0.39282227
v 0.10864263 0.11328130 0.39331055
v 0.16040045 0.11328131 0.43090820
v 0.16870123 0.11328131 0.42553711
v 0.16333014 0.11328131 0.39331055
v 0.10424810 0.13378911 0.38500977
v 0.10571294 0.13378911 0.38305664
v 0.10180670 0.17187506 0.42993164
v 0.10083014 0.17041022 0.42944336
v 0.10180669 0.17236334 0.42846680
v 0.10522466 0.17187506 0.42895508
v 0.16674811 0.17333990 0.42016602
v 0.16772467 0.17236334 0.42114258
v 0.17456061 0.11328131 0.41967773
v 0.17309576 0.11328131 0.39477539
v 0.16381840 0.13574225 0.38061523
v 0.17749028 0.13574225 0.38256836
v 0.18041997 0.13574225 0.37475586
v 0.19946295 0.04052740 0.38208008
v 0.19165045 0.06005865 0.39868164
v 0.19360358 0.07128911 0.39868164
v 0.20288092 0.04052740 0.37231445
v 0.20336920 0.10498053 0.39868164
v 0.20190436 0.04052740 0.36694336
v 0.18920904 0.13574225 0.39086914
v 0.20336920 0.13867193 0.39868164
v 0.20141608 0.14111334 0.40014648
v 0.15844733 0.08691412 0.46606445
v 0.18481451 0.04638678 0.46166992
v 0.19409186 0.05957036 0.39819336
v 0.19750983 0.06103521 0.38208008
v 0.19311529 0.05957036 0.39868164
v 0.19360358 0.05957036 0.39965820
v 0.20483404 0.10498053 0.39965820
v 0.18969733 0.10205084 0.46313477
v 0.18725592 0.08886725 0.45239258
v 0.18041998 0.15087897 0.45288086
v 0.18090826 0.15039068 0.45190430
v 0.18188483 0.15136725 0.45141602
v 0.19116217 0.15136725 0.44116211
v 0.19458014 0.16894537 0.41577148
v 0.18481451 0.13574225 0.42651367
v 0.19067389 0.14892584 0.44067383
v 0.19213873 0.13574225 0.39916992
v 0.19702154 0.14990240 0.40502930
v 0.19409186 0.16650397 0.41381836
v 0.19848639 0.15039068 0.40551758
v 0.17993170 0.11328131 0.40014648
v 0.18237311 0.11523443 0.40014648
v 0.18139654 0.11523443 0.39770508
v 0.20336920 0.14208990 0.39916992
v 0.20532233 0.13916022 0.39819336
v 0.21118169 0.14257818 0.36743164
v 0.19604498 0.17089850 0.41430664
v 0.19604498 0.16992193 0.41528320
v 0.19946295 0.15087897 0.40454102
v 0.18188483 0.17285162 0.41772461
v 0.18090826 0.17236334 0.41918945
v 0.16528325 0.02636723 0.30395508
v 0.16528325 0.02294926 0.28442383
v 0.16528323 0.11181645 0.24682617
v 0.16528325 0.03808599 0.32055664
v 0.16528325 0.02636723 0.26342773
v 0.16528325 0.03808598 0.24682617
v 0.16528325 0.05468755 0.33227539
v 0.16528325 0.07421880 0.33569336
v 0.16528325 0.10986333 0.32055664
v 0.16528325 0.12353521 0.30395508
v 0.16528325 0.11181646 0.32055664
v 0.16528325 0.12695317 0.28442383
v 0.16528323 0.12353520 0.26342773
v 0.16528323 0.05468754 0.23510742
v 0.16528323 0.07421879 0.23168945
v 0.16528323 0.09521489 0.23510742
v 0.19360356 0.03466803 0.32055664
v 0.19409184 0.03955083 0.32153320
v 0.19506840 0.04052740 0.32006836
v 0.20239262 0.03466803 0.32055664
v 0.20239262 0.02783209 0.31079102
v 0.20336919 0.04052740 0.32006836
v 0.20239262 0.03955083 0.32153320
v 0.20336919 0.03027350 0.30541992
v 0.19360356 0.03564459 0.24780272
v 0.19360356 0.02783209 0.25756836
v 0.19409184 0.02880865 0.26147461
v 0.19409184 0.03955083 0.24584959
v 0.15209965 0.10546880 0.36987305
v 0.15209965 0.16064458 0.33227539
v 0.15209965 0.14160162 0.35424805
v 0.15209965 0.16894536 0.30493164
v 0.15209964 0.16748051 0.26098633
v 0.20043951 0.06250005 0.36694336
v 0.19360358 0.07177740 0.37377930
v 0.20190434 0.07226568 0.36694336
v 0.15209964 0.11962895 0.19995117
v 0.15209964 0.15039067 0.22680664
v 0.15893559 0.07421880 0.33374023
v 0.18725590 0.05615240 0.32983398
v 0.15893559 0.05615240 0.32983398
v 0.21215825 0.07421880 0.33374023
v 0.18237309 0.05957036 0.32006836
v 0.18237309 0.07421880 0.32299805
v 0.21215825 0.05615240 0.32983398
v 0.15893559 0.09375005 0.32983398
v 0.15893559 0.11083990 0.31958008
v 0.18725590 0.11083990 0.31958008
v 0.21215825 0.09375005 0.32983398
v 0.16284184 0.08886724 0.33764648
v 0.16430669 0.08691411 0.33813477
v 0.16528325 0.09033208 0.33813477
v 0.16821294 0.08496099 0.33666992
v 0.16430669 0.08544927 0.33715820
v 0.17553715 0.08740240 0.33813477
v 0.16333012 0.08544927 0.33325195
v 0.16333012 0.08886724 0.33178711
v 0.16430669 0.08789068 0.32885742
v 0.16479497 0.08300786 0.33227539
v 0.16479497 0.08300786 0.33325195
v 0.16479497 0.08349615 0.33129883
v 0.16430669 0.08496099 0.32983398
v 0.16772465 0.08496099 0.32983398
v 0.18237309 0.10302740 0.31176758
v 0.18237309 0.09033208 0.32006836
v 0.21215825 0.11083990 0.31958008
v 0.16430669 0.10693365 0.31958008
v 0.16381840 0.10351568 0.32153320
v 0.16333012 0.10449224 0.32446289
v 0.16333012 0.10839849 0.32250977
v 0.18286137 0.08496099 0.33666992
v 0.18676762 0.08691411 0.33813477
v 0.18676762 0.08544927 0.33715820
v 0.18823247 0.08886724 0.33764648
v 0.18579106 0.09033208 0.33813477
v 0.18627934 0.08300786 0.33325195
v 0.18627934 0.08300786 0.33227539
v 0.18725590 0.08544927 0.33325195
v 0.18676762 0.08496099 0.32983398
v 0.18627934 0.08349615 0.33129883
v 0.18334965 0.08496099 0.32983398
v 0.18676762 0.08789068 0.32885742
v 0.18774419 0.08886724 0.33178711
v 0.18676762 0.10351568 0.32153320
v 0.18676762 0.10693365 0.31958008
v 0.18774419 0.10449224 0.32446289
v 0.16528325 0.11083990 0.32788086
v 0.16381840 0.11132818 0.32788086
v 0.16284184 0.10986333 0.32836914
v 0.16821294 0.11132818 0.32446289
v 0.16430669 0.11181646 0.32543945
v 0.17553715 0.11132818 0.32788086
v 0.16430669 0.10888677 0.31958008
v 0.16381840 0.10791021 0.32104492
v 0.16479497 0.10937505 0.32104492
v 0.18676762 0.11132818 0.32788086
v 0.18286137 0.11132818 0.32446289
v 0.18823247 0.10986333 0.32836914
v 0.18579106 0.11083990 0.32788086
v 0.18676762 0.11181646 0.32543945
v 0.18774419 0.10839849 0.32250977
v 0.18725590 0.10791021 0.32104492
v 0.18627934 0.10888677 0.31958008
v 0.18627934 0.10937505 0.32104492
v 0.19409184 0.08251958 0.33569336
v 0.19360356 0.08691411 0.33764648
v 0.19458012 0.08300786 0.33374023
v 0.20336919 0.08300786 0.33374023
v 0.20239262 0.08691411 0.33764648
v 0.20239262 0.08251958 0.33569336
v 0.19409184 0.10156255 0.32983398
v 0.19360356 0.09863286 0.33374023
v 0.20239262 0.09863286 0.33374023
v 0.20239262 0.10156255 0.32983398
v 0.19067387 0.07080083 0.26733398
v 0.19018559 0.05664068 0.28100586
v 0.19067387 0.05810552 0.28442383
v 0.19067387 0.08984380 0.27368164
v 0.21020512 0.05615240 0.28393555
v 0.21020512 0.05615240 0.28540039
v 0.20141606 0.05615240 0.28442383
v 0.18969731 0.06640630 0.26684570
v 0.20141606 0.09228521 0.27319336
v 0.20141606 0.09082036 0.27221680
v 0.19604497 0.06933599 0.28930664
v 0.19604497 0.06738286 0.28686523
v 0.19604497 0.06738286 0.28442383
v 0.19604497 0.07226568 0.29125977
v 0.19604497 0.07421880 0.29174805
v 0.19604497 0.07812505 0.29125977
v 0.19604497 0.08056646 0.28930664
v 0.19604497 0.08251958 0.28686523
v 0.19604497 0.08300786 0.28442383
v 0.19604497 0.08251958 0.28051758
v 0.19604497 0.06738286 0.28051758
v 0.19604497 0.06933599 0.27807617
v 0.19604497 0.07226568 0.27612305
v 0.19604497 0.07421880 0.27563477
v 0.19604497 0.07812505 0.27612305
v 0.19604497 0.08056646 0.27807617
v 0.21020512 0.07031255 0.30249023
v 0.21020512 0.06933599 0.26538086
v 0.21020512 0.09033208 0.27172852
v 0.21020512 0.09082036 0.29516602
v 0.19067387 0.08984380 0.29370117
v 0.20141606 0.09082036 0.29516602
v 0.20141606 0.09228521 0.29418945
v 0.21020512 0.09228521 0.27319336
v 0.21020512 0.09228521 0.29418945
v 0.16723636 0.07470708 0.16723633
v 0.18725587 0.14843754 0.14282225
v 0.18725587 0.20117192 0.13598631
v 0.06958011 0.10546879 0.20483398
v 0.06958011 0.08544926 0.19116211
v 0.06762698 0.08740238 0.19213867
v 0.06762698 0.10351567 0.20336914
v 0.09057620 0.08544926 0.19116211
v 0.09057620 0.10546879 0.20483398
v 0.09301761 0.08740239 0.19213867
v 0.09301761 0.10351567 0.20336914
v 0.11108401 0.10351567 0.19799805
v 0.11352542 0.10546879 0.19946289
v 0.11108401 0.08740239 0.18725586
v 0.11352542 0.08544926 0.18579102
v 0.13452151 0.08544926 0.18579102
v 0.13452151 0.10546879 0.19946289
v 0.13696292 0.10351567 0.19799805
v 0.13696292 0.08740239 0.18725586
v 0.10375979 0.22119145 0.18041992
v 0.10327151 0.22119145 0.17797852
v 0.16528322 0.22021489 0.16088867
v 0.16381837 0.22021489 0.15942383
v 0.16430666 0.22021489 0.15942383
v 0.13305664 0.30664065 0.01245116
v 0.18041994 0.21972661 0.14331053
v 0.18090822 0.21630864 0.12475585
v 0.18139650 0.20117192 0.12866209
v 0.14086914 0.30126956 -0.00366212
v 0.13403320 0.30029300 0.00366210
v 0.06616212 0.10595707 0.05102540
v 0.04028321 0.11279300 0.01928712
v 0.05932618 0.10644535 0.04711915
v 0.15502930 0.11279301 0.01928711
v 0.12915041 0.10595708 0.05102539
v 0.13598634 0.10644536 0.04711914
v 0.20922855 0.04394536 0.18676756
v 0.20825198 0.04394536 0.19165038
v 0.21069339 0.08300786 0.19604491
v 0.20288089 0.08300786 0.18920897
v 0.20971683 0.06689458 0.19409178
v 0.16430667 0.06787114 0.23559570
v 0.16381839 0.06884770 0.23461914
v 0.16479495 0.06689458 0.23461914
v 0.16333011 0.06933598 0.23364258
v 0.16430667 0.06933598 0.23657227
v 0.16333011 0.07373051 0.23364258
v 0.16430667 0.06787114 0.22924805
v 0.16430667 0.06982426 0.22729492
v 0.16772464 0.06787114 0.23022461
v 0.17504886 0.06982426 0.22778319
v 0.18286136 0.06787114 0.23022459
v 0.18725589 0.06884770 0.23461913
v 0.18627933 0.06787114 0.23559569
v 0.18627933 0.06689458 0.23461913
v 0.18774417 0.06933598 0.23364256
v 0.18676761 0.06933598 0.23657225
v 0.18774417 0.07373051 0.23364256
v 0.18676761 0.06982426 0.22729491
v 0.18676761 0.06787114 0.22924803
v 0.16381839 0.07324223 0.23706055
v 0.16430667 0.09716801 0.23657227
v 0.16235355 0.09472661 0.23559570
v 0.16333011 0.09472661 0.23706055
v 0.16430667 0.09326176 0.23950195
v 0.16479495 0.09521489 0.23950195
v 0.16479495 0.09667973 0.23803711
v 0.16772464 0.09326176 0.23950195
v 0.16772464 0.09619145 0.23901367
v 0.16479495 0.09619145 0.23901367
v 0.18286136 0.09667973 0.23413084
v 0.17553714 0.09570317 0.23168944
v 0.16821292 0.09667973 0.23413086
v 0.16528323 0.07128911 0.22729492
v 0.16284183 0.07080083 0.22778320
v 0.16284183 0.09423833 0.23071289
v 0.16381839 0.09619145 0.23168945
v 0.16528323 0.09326176 0.22973633
v 0.18676761 0.07324223 0.23706053
v 0.18627933 0.09521489 0.23950194
v 0.18286136 0.09619145 0.23901366
v 0.18334964 0.09326176 0.23950194
v 0.18676761 0.09326176 0.23950194
v 0.18725589 0.09472661 0.23706053
v 0.18627933 0.09619145 0.23901366
v 0.18627933 0.09667973 0.23803709
v 0.18627933 0.09716801 0.23657225
v 0.18823245 0.09472661 0.23559569
v 0.18579105 0.07226567 0.22680663
v 0.18823245 0.07080083 0.22778319
v 0.18823245 0.09423833 0.23071288
v 0.18579105 0.09326176 0.22973631
v 0.18676761 0.09619145 0.23168944
v 0.17944337 0.21923833 0.08178710
v 0.19409183 0.10156254 0.23754881
v 0.19360355 0.08789067 0.23022459
v 0.19409183 0.08300786 0.23168944
v 0.19360355 0.10009770 0.23413084
v 0.21118166 0.15283208 0.14331053
v 0.21118167 0.15283208 0.21264647
v 0.20874026 0.12109379 0.19165038
v 0.20532230 0.18017583 0.25756836
v 0.19506839 0.20214848 0.28930664
v 0.20385747 0.18164068 0.30639648
v 0.20141603 0.20117192 0.13745116
v 0.18774416 0.06787114 0.13354491
v 0.19067384 0.08300786 0.13842772
v 0.18774413 0.06787112 -0.14233400
v 0.18774416 0.21923833 0.14038084
v 0.19213869 0.21679692 0.12963866
v 0.19067384 0.21972661 0.07690429
v 0.19262697 0.21630864 0.12670897
v 0.20141603 0.20117192 0.13452147
v 0.16772467 0.17236334 0.42016602
v 0.16870123 0.17333990 0.41967773
v 0.18041998 0.17285162 0.41772461
v 0.16723634 0.22265629 0.16723633
v 0.10424807 0.22363286 0.18676758
v 0.10522463 0.22265629 0.18774414
v 0.18041998 0.17089850 0.42016602
v 0.18090826 0.17041022 0.41967773
v 0.18188483 0.17089850 0.41967773
v 0.18090826 0.17187506 0.41821289
v 0.18090826 0.17236334 0.41772461
v 0.18188480 0.20507817 0.28979492
v 0.18188478 0.22167973 0.15063475
v 0.16870119 0.22216801 0.16918945
v 0.16772462 0.22167973 0.16821289
v 0.16772462 0.22167973 0.16870117
v 0.18041994 0.22167973 0.15698241
v 0.18090822 0.22070317 0.15405272
v 0.16625978 0.22314458 0.16284180
v 0.18139650 0.22216801 0.14575194
v 0.00952150 0.22216800 0.14379884
v 0.00854494 0.22265628 0.14379884
v 0.00854494 0.22167972 0.14379884
v 0.00903322 0.22216800 0.14868166
v 0.00903322 0.22314456 0.14770509
v 0.00903322 0.22216800 0.14526369
v 0.00903322 0.22314456 0.14672853
v 0.00903322 0.22314456 0.14575197
v 0.01196291 0.22314456 0.14575197
v 0.01196291 0.22314456 0.14672853
v 0.01196291 0.22314456 0.14770509
v 0.01049806 0.22753909 0.15356447
v 0.00952150 0.22705081 0.15405275
v 0.00952150 0.22607425 0.15454103
v 0.01049806 0.22558597 0.15502931
v 0.01147463 0.22607425 0.15454103
v 0.01049806 0.22070315 0.14379884
v 0.00952150 0.21972659 0.14379884
v 0.01098634 0.21923831 0.14379884
v 0.01147463 0.22705081 0.15405275
v 0.01147463 0.22119144 0.14379884
v 0.01196291 0.21972659 0.14379884
v 0.01293947 0.22070315 0.14379884
v 0.01147463 0.22216800 0.14379884
v 0.01293947 0.22167972 0.14379884
v 0.01293947 0.22265628 0.14379884
v 0.01196291 0.22363284 0.14379884
v 0.01098634 0.22412112 0.14379884
v 0.01098634 0.22265628 0.14379884
v 0.00659181 0.21923831 0.13842775
v 0.00561525 0.22167972 0.13842775
v 0.00659181 0.22412112 0.13842775
v 0.00805666 0.21728519 0.13842775
v 0.00805666 0.22607425 0.13842775
v 0.01098634 0.21679690 0.13842775
v 0.01098634 0.22656253 0.13842775
v 0.01342775 0.21728519 0.13842775
v 0.01342775 0.22607425 0.13842775
v 0.01489259 0.21923831 0.13842775
v 0.01489259 0.22412112 0.13842775
v 0.01586916 0.22167972 0.13842775
v 0.02905275 0.22314456 0.14770509
v 0.02905275 0.22314456 0.14672853
v 0.02905275 0.22314456 0.14575197
v 0.03198244 0.22216800 0.14526369
v 0.03198244 0.22314456 0.14770509
v 0.03198244 0.22216800 0.14868166
v 0.02807619 0.22070315 0.14379884
v 0.02905275 0.21972659 0.14379884
v 0.02954103 0.22119144 0.14379884
v 0.02905275 0.22216800 0.14379884
v 0.02807619 0.22265628 0.14379884
v 0.02758791 0.22167972 0.14379884
v 0.03198244 0.22314456 0.14575197
v 0.03198244 0.22314456 0.14672853
v 0.03051759 0.22753909 0.15356447
v 0.02905275 0.22705081 0.15405275
v 0.02905275 0.22607425 0.15454103
v 0.03051759 0.22558597 0.15502931
v 0.03149416 0.22607425 0.15454103
v 0.03149416 0.21972659 0.14379884
v 0.03051759 0.22070315 0.14379884
v 0.03002931 0.21923831 0.14379884
v 0.03002931 0.22412112 0.14379884
v 0.02905275 0.22363284 0.14379884
v 0.03002931 0.22265628 0.14379884
v 0.03149416 0.22705081 0.15405275
v 0.03247072 0.22167972 0.14379884
v 0.03198244 0.22265628 0.14379884
v 0.03149416 0.22216800 0.14379884
v 0.02563478 0.21923831 0.13842775
v 0.02514650 0.22167972 0.13842775
v 0.02563478 0.22412112 0.13842775
v 0.02758791 0.21728519 0.13842775
v 0.02758791 0.22607425 0.13842775
v 0.03002931 0.21679690 0.13842775
v 0.03002931 0.22656253 0.13842775
v 0.03247072 0.21728519 0.13842775
v 0.03247072 0.22607425 0.13842775
v 0.03442384 0.21923831 0.13842775
v 0.03442384 0.22412112 0.13842775
v 0.03491212 0.22167972 0.13842775
v 0.00268556 0.19335940 0.09399416
v 0.00219728 0.19482425 0.09448244
v 0.00415040 0.19287112 0.09350587
v 0.00219728 0.20605472 0.09790041
v 0.00415040 0.20751956 0.09887697
v 0.00268556 0.20703128 0.09838869
v 0.02172853 0.20703128 0.09838869
v 0.02221681 0.20605472 0.09790041
v 0.02026368 0.20751956 0.09887697
v 0.02026368 0.19287112 0.09350587
v 0.02221681 0.19482425 0.09448244
v 0.02172853 0.19335940 0.09399416
v 0.10278322 0.20800784 0.11401367
v 0.09301759 0.20068362 0.11157227
v 0.08862306 0.20410159 0.11206055
v 0.08715822 0.20800784 0.11303711
v 0.09936525 0.19873050 0.11108398
v 0.08862306 0.21240237 0.11401367
v 0.09301759 0.21582034 0.11450195
v 0.09936525 0.21728519 0.11499023
v 0.10620119 0.19873050 0.11108398
v 0.11254884 0.20068362 0.11157227
v 0.10620119 0.21728519 0.11499023
v 0.11254884 0.21582034 0.11450195
v 0.11694337 0.20410159 0.11206055
v 0.11840822 0.20800784 0.11303711
v 0.11694337 0.21240237 0.11401367
v 0.09252930 0.20898440 0.05395508
v 0.09204102 0.20458987 0.05297852
v 0.09155274 0.20458987 0.05297852
v 0.09252930 0.20019534 0.05151368
v 0.09350587 0.20019534 0.05151368
v 0.09594727 0.19677737 0.05053711
v 0.10131837 0.19531253 0.05004883
v 0.10034180 0.19482425 0.05004883
v 0.09545899 0.21142581 0.05493164
v 0.09594727 0.21191409 0.05541992
v 0.10034180 0.21386722 0.05590820
v 0.09497071 0.20117190 0.05200196
v 0.09399415 0.20410159 0.05297852
v 0.10278321 0.20410159 0.05444336
v 0.09692384 0.20996097 0.05493164
v 0.10034180 0.21240237 0.05688476
v 0.09643555 0.20996097 0.05590820
v 0.10961915 0.19677737 0.05053711
v 0.10522462 0.19482425 0.05004883
v 0.10424805 0.19531253 0.05004883
v 0.11206055 0.20019534 0.05151367
v 0.10180665 0.19677737 0.05053711
v 0.10375977 0.19677737 0.05053711
v 0.11059571 0.20117190 0.05200195
v 0.10864259 0.20996097 0.05493164
v 0.11157227 0.20507815 0.05346679
v 0.11157227 0.20410159 0.05297851
v 0.11303712 0.20019534 0.05151367
v 0.10522462 0.21386722 0.05590820
v 0.10961915 0.21191409 0.05541992
v 0.11010743 0.21142581 0.05493164
v 0.11303712 0.20556644 0.05297851
v 0.11303712 0.20898440 0.05395507
v 0.11401368 0.20458987 0.05297851
v 0.11352540 0.20458987 0.05297851
v 0.13500977 0.31103519 0.01293944
v 0.13500977 0.31005862 0.01245116
v 0.13500977 0.31152347 0.01196288
v 0.13452148 0.31005862 0.01196288
v 0.14135742 0.30859378 0.00854491
v 0.13403320 0.30859378 0.01147460
v 0.14965822 0.20947270 0.14086914
v 0.15942384 0.20507817 0.13256836
v 0.18237306 0.21142583 0.13256834
v 0.18237306 0.21142583 0.10424804
v 0.14965822 0.21923833 0.09936523
v 0.14965822 0.21923833 0.10766601
v 0.18530275 0.21630864 0.12817381
v 0.15942384 0.18652348 0.10766601
v 0.18237306 0.18652348 0.10766601
v 0.16918947 0.19970708 0.10766601
v 0.15942384 0.21142583 0.09936523
v 0.18237306 0.19970708 0.09936523
v 0.16918947 0.19970708 0.09936523
v 0.19067384 0.21630864 0.12817381
v 0.17602541 0.24511723 0.08715820
v 0.14575195 0.30419925 -0.00366212
v 0.17016602 0.23681644 0.08032226
v 0.14086914 0.29687503 -0.00659181
v 0.19067380 0.22216800 -0.15454103
v 0.20141599 0.20117190 -0.16479494
v 0.19067380 0.22216800 -0.15747072
v 0.20239259 0.22363286 0.10571288
v 0.18920900 0.23583989 0.10083007
v 0.18725587 0.22265629 0.10571288
v 0.18530275 0.21972661 0.07836913
v 0.18139648 0.23828128 0.07495116
v 0.19458009 0.21630864 0.07788085
v 0.19555666 0.24267583 0.09692382
v 0.17407227 0.24121097 0.07836913
v 0.17602539 0.24169925 0.07836913
v 0.14672852 0.30029300 -0.00561524
v 0.14526367 0.29931644 -0.00561524
v 0.14184567 0.29931644 -0.14282227
v 0.18725586 0.24511722 0.07348632
v 0.14672852 0.30566409 -0.00317384
v 0.04418944 0.16015628 -0.11157226
v 0.03979491 0.16894534 -0.08374023
v 0.04174804 0.18750003 -0.08911132
v 0.15356444 0.18750003 -0.08911134
v 0.15551756 0.16894534 -0.08374024
v 0.15112303 0.16015628 -0.11157227
v 0.08129881 0.28320315 -0.12670898
v 0.07006834 0.24218753 -0.12866211
v 0.07104491 0.24218753 -0.10913085
v 0.12524413 0.24218753 -0.12866211
v 0.11401365 0.28320315 -0.12670898
v 0.12426756 0.24218753 -0.10913086
v 0.20239255 0.03515628 -0.23754884
v 0.20239255 0.02783206 -0.24731447
v 0.20288083 0.03027347 -0.25317383
v 0.20239255 0.03955081 -0.23657228
v 0.19458005 0.03027347 -0.25317383
v 0.19409177 0.02832034 -0.25268555
v 0.19409177 0.03955081 -0.23657228
v 0.20239255 0.02832034 -0.25268555
v 0.15209956 0.10839846 -0.35473633
v 0.15209958 0.12060550 -0.19506836
v 0.20288084 0.04394534 -0.18969728
v 0.20239256 0.04394534 -0.19506837
v 0.15209956 0.09179690 -0.36157227
v 0.15209958 0.16796878 -0.23559570
v 0.15209958 0.14990237 -0.21069336
v 0.15209956 0.16308597 -0.31323242
v 0.15209958 0.17382815 -0.27661133
v 0.20581053 0.06689456 -0.19506837
v 0.20336913 0.09277347 -0.19116212
v 0.20825194 0.08349612 -0.19555666
v 0.15209956 0.13476565 -0.34350586
v 0.16528317 0.05468753 -0.22631836
v 0.16528317 0.03808597 -0.23754883
v 0.16528317 0.07421878 -0.22241211
v 0.16528317 0.12695315 -0.27514648
v 0.16528317 0.02636720 -0.25415039
v 0.16528317 0.02294923 -0.27514648
v 0.16528317 0.03808596 -0.31127930
v 0.16528316 0.11181643 -0.31127930
v 0.16528317 0.11181644 -0.23754883
v 0.16528317 0.09521487 -0.22631836
v 0.16528317 0.02636720 -0.29467773
v 0.16528316 0.05468752 -0.32299805
v 0.16528317 0.12353519 -0.25415039
v 0.16528317 0.12353519 -0.29467773
v 0.16528316 0.07421877 -0.32690430
v 0.16528316 0.09521487 -0.32299805
v 0.16284177 0.08886722 -0.22045898
v 0.16430661 0.08691409 -0.22045898
v 0.16528317 0.09033206 -0.22045898
v 0.16821286 0.08496097 -0.22192383
v 0.16430661 0.08544925 -0.22143555
v 0.17553708 0.08740237 -0.22045900
v 0.16333005 0.08544925 -0.22534180
v 0.16333005 0.08886722 -0.22680664
v 0.16430661 0.08789065 -0.22973633
v 0.16479489 0.08300784 -0.22631836
v 0.16479489 0.08300784 -0.22534180
v 0.16479489 0.08349612 -0.22729492
v 0.16430661 0.08496097 -0.22827148
v 0.16772458 0.08496097 -0.22827148
v 0.16430661 0.10693362 -0.23852539
v 0.16381833 0.10351565 -0.23706055
v 0.16333005 0.10449222 -0.23413086
v 0.16333005 0.10839847 -0.23608398
v 0.18286130 0.08496097 -0.22192384
v 0.18676755 0.08691409 -0.22045900
v 0.18676755 0.08544925 -0.22143556
v 0.18823239 0.08886722 -0.22045900
v 0.18579099 0.09033206 -0.22045900
v 0.18627927 0.08300784 -0.22534181
v 0.18627927 0.08300784 -0.22631837
v 0.18725583 0.08544925 -0.22534181
v 0.18627927 0.08349612 -0.22729494
v 0.18676755 0.08496097 -0.22827150
v 0.18334958 0.08496097 -0.22827150
v 0.18676755 0.08789065 -0.22973634
v 0.18774411 0.08886722 -0.22680666
v 0.18676755 0.10351565 -0.23706056
v 0.18676755 0.10693362 -0.23852541
v 0.18774411 0.10449222 -0.23413087
v 0.16381833 0.10791019 -0.23754883
v 0.16430661 0.10888675 -0.23901367
v 0.16528317 0.11083987 -0.23022461
v 0.16381833 0.11132815 -0.23071289
v 0.16284177 0.10986331 -0.23022461
v 0.16821286 0.11132815 -0.23413086
v 0.16430661 0.11181644 -0.23315430
v 0.17553708 0.11132815 -0.23071291
v 0.18676755 0.11132815 -0.23071291
v 0.18286130 0.11132815 -0.23413087
v 0.18823239 0.10986331 -0.23022462
v 0.18579099 0.11083987 -0.23022462
v 0.18676755 0.11181644 -0.23315431
v 0.18774411 0.10839847 -0.23608400
v 0.18725583 0.10791019 -0.23754884
v 0.18627927 0.10888675 -0.23901369
v 0.18627927 0.10986331 -0.23852541
v 0.20532225 0.08300784 -0.15893556
v 0.20532225 0.08300784 -0.18041994
v 0.20825192 0.11914065 -0.18774416
v 0.21118163 0.15283206 -0.16967775
v 0.21118161 0.15283206 -0.19799806
v 0.18432613 0.22412112 -0.27709961
v 0.19067380 0.22216800 -0.16040041
v 0.20141599 0.20117190 -0.16772462
v 0.20532224 0.18017581 -0.22827150
v 0.20532222 0.18945315 -0.27758789
v 0.19409174 0.20068361 -0.42993164
v 0.19458005 0.10058597 -0.23071291
v 0.19409177 0.08300784 -0.22290041
v 0.19360349 0.08789065 -0.22094728
v 0.19360349 0.09912112 -0.22485353
v 0.20239255 0.08789065 -0.22094728
v 0.20239255 0.08300784 -0.22290041
v 0.20288083 0.10058597 -0.23071291
v 0.20239255 0.09912112 -0.22485353
v 0.19409177 0.10156253 -0.22875978
v 0.20239255 0.10156253 -0.22875978
v 0.18383783 0.08105470 -0.47387695
v 0.17016596 0.06787111 -0.43676758
v 0.17260736 0.09130861 -0.47387695
v 0.09008782 0.16210939 -0.48364258
v 0.09106439 0.16308595 -0.48266602
v 0.10522454 0.16259767 -0.48266602
v 0.10864251 0.16259767 -0.48266602
v 0.10473626 0.16308595 -0.48364258
v 0.10913079 0.16308595 -0.48364258
v 0.18041986 0.16308595 -0.48364258
v 0.18920892 0.16162111 -0.48413086
v 0.09985345 0.19921876 -0.48022461
v 0.08764642 0.19531251 -0.48071289
v 0.07885735 0.19921876 -0.48022461
v 0.18334955 0.15820314 -0.48413086
v 0.18969721 0.15820314 -0.48413086
v 0.19555658 0.15283205 -0.49389648
v 0.19360349 0.03515628 -0.31127930
v 0.19360349 0.02783206 -0.30102539
v 0.19409177 0.02832034 -0.29663086
v 0.19458005 0.04052737 -0.31079102
v 0.20239255 0.02832034 -0.29663086
v 0.20239255 0.02783206 -0.30102539
v 0.20288083 0.04052737 -0.31079102
v 0.19409177 0.03955080 -0.31274414
v 0.20092770 0.05468752 -0.27856445
v 0.20141599 0.05664065 -0.27709961
v 0.19018552 0.05664065 -0.27807617
v 0.20043942 0.06542971 -0.29565430
v 0.20239255 0.03515628 -0.31127930
v 0.20239255 0.03955080 -0.31274414
v 0.20971677 0.06738283 -0.29467773
v 0.16479488 0.06689455 -0.32348633
v 0.16381831 0.06884768 -0.32348633
v 0.16333003 0.06933596 -0.32495117
v 0.16430660 0.06787112 -0.32250977
v 0.16430660 0.06933596 -0.32202148
v 0.16333003 0.07373049 -0.32446289
v 0.16430660 0.06787112 -0.32934570
v 0.16430660 0.06982424 -0.33081055
v 0.16772456 0.06787112 -0.32836914
v 0.17504878 0.06982424 -0.33081055
v 0.18286128 0.06787112 -0.32836914
v 0.18725581 0.06884768 -0.32348633
v 0.18627925 0.06787112 -0.32250977
v 0.18627925 0.06689455 -0.32348633
v 0.18774410 0.06933596 -0.32495117
v 0.18676753 0.06982424 -0.33081055
v 0.18676753 0.06787112 -0.32934570
v 0.18676753 0.06933596 -0.32202148
v 0.18774410 0.07373049 -0.32446289
v 0.16381831 0.07324221 -0.32153320
v 0.16430660 0.09716799 -0.32202148
v 0.16235347 0.09472658 -0.32299805
v 0.16333003 0.09472658 -0.32153320
v 0.16430660 0.09326174 -0.31860352
v 0.16479488 0.09521487 -0.31909180
v 0.16479488 0.09667971 -0.32055664
v 0.16772456 0.09326174 -0.31860352
v 0.16772456 0.09619143 -0.31958008
v 0.16479488 0.09619143 -0.31958008
v 0.16284175 0.09423830 -0.32739258
v 0.16381831 0.09619143 -0.32641602
v 0.16528316 0.09326174 -0.32836914
v 0.18286128 0.09667971 -0.32446289
v 0.17553706 0.09570315 -0.32690430
v 0.16821285 0.09667971 -0.32446289
v 0.16528316 0.07128908 -0.33129883
v 0.16284175 0.07080080 -0.33081055
v 0.18676753 0.07324221 -0.32153320
v 0.18823238 0.09423830 -0.32739258
v 0.18579097 0.09326174 -0.32836914
v 0.18676753 0.09619143 -0.32641602
v 0.18627925 0.09521487 -0.31909180
v 0.18286128 0.09619143 -0.31958008
v 0.18334956 0.09326174 -0.31860352
v 0.18676753 0.09326174 -0.31860352
v 0.18725581 0.09472658 -0.32153320
v 0.18627925 0.09619143 -0.31958008
v 0.18627925 0.09667971 -0.32055664
v 0.18627925 0.09716799 -0.32202148
v 0.18823238 0.09472658 -0.32299805
v 0.18579097 0.07128908 -0.33129883
v 0.18823238 0.07080080 -0.33081055
v 0.17260736 0.08154298 -0.47387695
v 0.19116208 0.07568362 -0.27514648
v 0.19067380 0.05810549 -0.27514648
v 0.19018552 0.05664065 -0.27221680
v 0.19018552 0.06738283 -0.25756836
v 0.19067380 0.07031252 -0.25756836
v 0.18969724 0.06640627 -0.29321289
v 0.19018552 0.07275394 -0.25561523
v 0.19018552 0.08935549 -0.26147461
v 0.19067380 0.08984377 -0.26440430
v 0.19018552 0.09277346 -0.26635742
v 0.19018552 0.09277346 -0.28393555
v 0.19067380 0.07031252 -0.29174805
v 0.19018552 0.07275393 -0.29418945
v 0.19018552 0.08886721 -0.28833008
v 0.19067380 0.08984377 -0.28491211
v 0.19604489 0.06933596 -0.26879883
v 0.19604489 0.06738283 -0.27172852
v 0.19604489 0.06738283 -0.27416992
v 0.19604489 0.07226565 -0.26733398
v 0.19604489 0.07421877 -0.26684570
v 0.19604489 0.07812502 -0.26733398
v 0.19604489 0.08056643 -0.26879883
v 0.19604489 0.08251955 -0.27172852
v 0.19604489 0.08300783 -0.27416992
v 0.19604489 0.06738283 -0.27758789
v 0.19604489 0.06933596 -0.28002930
v 0.19604489 0.07226565 -0.28198242
v 0.19604489 0.08056643 -0.28002930
v 0.19604489 0.08251955 -0.27758789
v 0.19604489 0.07812502 -0.28198242
v 0.19604489 0.07421877 -0.28247070
v 0.21020505 0.05664065 -0.27465820
v 0.21020505 0.05664065 -0.27661133
v 0.21020505 0.07080080 -0.25708008
v 0.21020505 0.07031252 -0.29467773
v 0.20141599 0.06787112 -0.29418945
v 0.21020505 0.09130862 -0.26440430
v 0.21020505 0.09033205 -0.28784180
v 0.21020505 0.09179690 -0.28637695
v 0.20141599 0.07031252 -0.29467773
v 0.20141599 0.09179690 -0.28637695
v 0.20141599 0.09082033 -0.28833008
v 0.19409175 0.10156252 -0.32055664
v 0.19360347 0.08691408 -0.32788086
v 0.19409175 0.08300783 -0.32641602
v 0.19458003 0.10058596 -0.31860352
v 0.20239253 0.08300783 -0.32641602
v 0.20239253 0.08691408 -0.32788086
v 0.20239253 0.10156252 -0.32055664
v 0.20288081 0.10058596 -0.31860352
v 0.19360347 0.09912112 -0.32397461
v 0.20239253 0.09912112 -0.32397461
v 0.19165033 0.11767580 -0.49536133
v 0.19750972 0.11425783 -0.36743164
v 0.19458003 0.09765627 -0.37377930
v 0.20092767 0.15136720 -0.43188477
v 0.20092769 0.14453128 -0.35473633
v 0.19750971 0.15380861 -0.42993164
v 0.19702142 0.16015626 -0.42993164
v 0.19604486 0.15625001 -0.46313477
v 0.19458002 0.15771486 -0.48120117
v 0.18432611 0.16308595 -0.48364258
v 0.18432611 0.16259767 -0.48266602
v 0.18920892 0.16259767 -0.48266602
v 0.08325193 0.28906253 -0.11010742
v 0.11206052 0.28906253 -0.11010743
v 0.08276365 0.28906253 -0.12084961
v 0.11206052 0.28906253 -0.12084962
v 0.04321286 0.31933597 -0.15014647
v 0.04125974 0.31933597 -0.13793944
v 0.04272458 0.31689456 -0.16723631
v 0.13208005 0.31542972 -0.15014648
v 0.11108395 0.30615234 -0.22241211
v 0.12768552 0.30322266 -0.22485352
v 0.12670895 0.29150391 -0.23901367
v 0.14086910 0.23291019 -0.35961914
v 0.13745113 0.22753909 -0.37182617
v 0.13793942 0.29736328 -0.23657227
v 0.14184567 0.30468750 -0.20288086
v 0.18383783 0.21923830 -0.42944336
v 0.16430658 0.22802737 -0.37719727
v 0.19165033 0.19970705 -0.45776367
v 0.14721674 0.22851565 -0.38061523
v 0.15307613 0.23632815 -0.36206055
v 0.12622064 0.22558597 -0.39038086
v 0.15893549 0.22412111 -0.46801758
v 0.08862298 0.19433595 -0.47973633
v 0.10278314 0.19433595 -0.47973633
v 0.10278314 0.19433595 -0.48022461
v 0.10620110 0.19433595 -0.48022461
v 0.17749017 0.19433595 -0.47973633
v 0.18579096 0.19531251 -0.48071289
v 0.18041986 0.16259767 -0.48266602
v 0.10620110 0.19433595 -0.47973633
v 0.09155267 0.16503908 -0.48315430
v 0.09301751 0.16455080 -0.48364258
v 0.09301751 0.16357423 -0.48364258
v 0.10473626 0.16357423 -0.48364258
v 0.09008782 0.19335939 -0.48120117
v 0.10327142 0.19238283 -0.48120117
v 0.10571282 0.16503908 -0.48364258
v 0.08911126 0.19287111 -0.48071289
v 0.09057610 0.19384767 -0.48022461
v 0.17846674 0.19287111 -0.47973633
v 0.18090814 0.19433595 -0.47973633
v 0.17944330 0.19873048 -0.48022461
v 0.18530267 0.19873048 -0.48022461
v 0.18530267 0.19433595 -0.47973633
v 0.18041986 0.21728517 -0.47875977
v 0.16284174 0.21728517 -0.47583008
v 0.10668939 0.19384767 -0.48120117
v 0.10913079 0.16357423 -0.48364258
v 0.10815423 0.16455080 -0.48364258
v 0.10571282 0.19238283 -0.48120117
v 0.17700189 0.19384767 -0.48071289
v 0.17993158 0.16357423 -0.48364258
v 0.18139642 0.16406251 -0.48266602
v 0.17797846 0.19287111 -0.48120117
v 0.18090814 0.16455080 -0.48364258
v 0.16284174 0.22412111 -0.46557617
v 0.18530267 0.21728517 -0.47436523
v 0.18969721 0.19921876 -0.47680664
v 0.15454096 0.26269534 -0.41723633
v 0.14868158 0.26269534 -0.41918945
v 0.15014642 0.26269534 -0.41723633
v 0.15600580 0.26269534 -0.41918945
v 0.14868158 0.26269531 -0.47436523
v 0.15600580 0.26269531 -0.47436523
v 0.15454096 0.26269531 -0.47583008
v 0.15014642 0.26269531 -0.47583008
v 0.18139642 0.16455080 -0.48315430
v 0.17993158 0.19287111 -0.47973633
v 0.18041986 0.19287111 -0.48120117
v 0.18920892 0.16357423 -0.48364258
v 0.18481439 0.16357423 -0.48364258
v 0.18334955 0.16455080 -0.48315430
v 0.18041986 0.19287111 -0.48071289
v 0.18579096 0.19384767 -0.48071289
v 0.18920892 0.16308595 -0.48364258
v 0.18139642 0.19384767 -0.48071289
v 0.19018549 0.19384767 -0.47729492
v 0.19067377 0.19384767 -0.47729492
v 0.19506830 0.16308595 -0.46508789
v 0.19409174 0.16357423 -0.48022461
v 0.19213861 0.19287111 -0.46020508
v 0.19213861 0.19384767 -0.46118164
v 0.19506830 0.16406251 -0.46362305
v -0.18969721 0.13476567 0.46313483
v -0.20532221 0.13916019 0.39965826
v -0.18139642 0.08935551 0.46020514
v -0.18286127 0.13476567 0.47094733
v -0.18920892 0.13818364 0.46069342
v -0.20288080 0.14208987 0.40112311
v -0.18237299 0.13818364 0.46899420
v -0.19262689 0.15185551 0.44262701
v -0.19946283 0.14990239 0.40600592
v -0.18139642 0.15039067 0.45434576
v -0.18188471 0.15185551 0.45092779
v -0.19116205 0.15283208 0.44165045
v -0.19165033 0.15185551 0.44165045
v -0.19360346 0.16943364 0.41772467
v -0.19409174 0.16894536 0.41674811
v -0.18188471 0.17089848 0.42065436
v -0.17651361 0.13574223 0.43530279
v -0.18041986 0.16845708 0.41723639
v -0.18041986 0.16796879 0.41821295
v -0.19506830 0.07080082 0.39868170
v -0.19555658 0.07080082 0.39965826
v -0.18334955 0.05175786 0.45581061
v -0.18432611 0.06494145 0.44848639
v -0.19604486 0.07080082 0.39819342
v -0.19946283 0.07080082 0.38208014
v -0.20141596 0.06103519 0.37231451
v -0.20336908 0.07177738 0.37231451
v -0.20434564 0.10498051 0.39868170
v -0.20532221 0.10498051 0.39819342
v -0.20532221 0.10498051 0.37915045
v -0.21166988 0.10351566 0.36889654
v -0.20434564 0.13916019 0.39868170
v -0.22045894 0.13964847 0.35327154
v -0.20239252 0.14160159 0.40014654
v -0.20532222 0.17236331 0.33959967
v -0.18286127 0.13378911 0.42504889
v -0.19018549 0.13378911 0.39916998
v -0.18725580 0.13378911 0.39233404
v -0.17651361 0.11523442 0.42065436
v -0.17651363 0.13378911 0.38500983
v -0.19897456 0.18847659 0.35131842
v -0.17944330 0.04541020 0.46948248
v -0.17749017 0.05078129 0.46362311
v -0.17846674 0.06445317 0.45581061
v -0.16870111 0.09570317 0.44213873
v -0.16723627 0.06347661 0.43920904
v -0.16772455 0.09521489 0.43530279
v -0.16577142 0.06445317 0.43237311
v -0.12280267 0.09521489 0.47338873
v -0.12084954 0.06445317 0.46997076
v -0.11987299 0.06347661 0.44946295
v -0.12084955 0.06445317 0.44213873
v -0.15991205 0.06445317 0.46362311
v -0.16137689 0.08935551 0.46801764
v -0.15747064 0.06640629 0.46362311
v -0.15698236 0.06591801 0.46362311
v -0.15893549 0.08740239 0.46557623
v -0.12329095 0.06542973 0.47045904
v -0.12182611 0.09570317 0.45239264
v -0.12280267 0.09521489 0.44506842
v -0.12280267 0.08935551 0.47680670
v -0.15844721 0.08789067 0.46606451
v -0.12524408 0.08789067 0.47436529
v -0.12475579 0.08691411 0.47436529
v -0.12280267 0.06640629 0.47094733
v -0.16772455 0.13476567 0.47924811
v -0.10180657 0.10644536 0.49340820
v -0.16772455 0.10693364 0.47924811
v -0.09790032 0.10205083 0.49438477
v -0.16723627 0.10742192 0.47875983
v -0.16723627 0.12939458 0.47875983
v -0.16772455 0.12988286 0.47924811
v -0.10229485 0.10693364 0.49291992
v -0.16674799 0.10791020 0.47973639
v -0.16674799 0.12890629 0.47973639
v -0.14086908 0.12841801 0.48559576
v -0.14086908 0.12402348 0.48559576
v -0.10180657 0.12939458 0.49291992
v -0.10131829 0.12988286 0.49340820
v -0.16772455 0.13818364 0.47631842
v -0.16772455 0.14892583 0.46166998
v -0.09790032 0.13476567 0.49438477
v -0.16772455 0.16796879 0.42016608
v -0.18090814 0.15087895 0.45141608
v -0.18090814 0.16992192 0.42016608
v -0.16723627 0.14941411 0.45971686
v -0.16772455 0.17089848 0.42163092
v -0.18041986 0.15185551 0.45239264
v -0.18041986 0.17089848 0.42114264
v -0.16723627 0.14990239 0.45922858
v -0.16772455 0.17089848 0.42309576
v -0.10473627 0.14990239 0.47290039
v -0.10375971 0.14648442 0.47192383
v -0.10571284 0.16748051 0.42797852
v -0.10522455 0.15087895 0.47241211
v -0.10766596 0.17041020 0.43090820
v -0.17504877 0.13378911 0.43334967
v -0.17016596 0.11523442 0.42749029
v -0.14086908 0.12841801 0.48315436
v -0.14086908 0.12402348 0.48315436
v -0.10327142 0.12402348 0.49145508
v -0.14135736 0.12402348 0.48510748
v -0.14135736 0.12841801 0.48510748
v -0.10327142 0.12841801 0.49145508
v -0.17407221 0.11523442 0.39282233
v -0.16333002 0.11523442 0.39086920
v -0.16381831 0.13378911 0.38305670
v -0.21118160 0.02197269 0.33666998
v -0.21655269 0.02587894 0.33276373
v -0.21655269 0.00976565 0.31030279
v -0.21118160 0.00537112 0.31274420
v -0.16381831 0.00537114 0.31274420
v -0.16381831 0.02197270 0.33666998
v -0.21655269 0.04833988 0.34887701
v -0.21118160 0.04589847 0.35327154
v -0.16381831 0.04589847 0.35327154
v -0.21752925 0.02441409 0.30493170
v -0.21752925 0.03710941 0.32153326
v -0.21752925 0.05371097 0.33422858
v -0.21655269 0.00341800 0.28442389
v -0.21118160 0.00000003 0.28442389
v -0.16381831 0.00000004 0.28442389
v -0.19458003 0.02783206 0.31079108
v -0.19458003 0.03466800 0.32055670
v -0.19458003 0.03955082 0.32153326
v -0.19458003 0.02832034 0.30590826
v -0.21752925 0.02050784 0.28442389
v -0.21118160 0.00537112 0.25463873
v -0.21655269 0.00976565 0.25708014
v -0.21752925 0.02441409 0.26245123
v -0.16381831 0.00537114 0.25463873
v -0.21313472 0.02441409 0.28442389
v -0.21313472 0.02880862 0.30249029
v -0.21313472 0.03906254 0.31958014
v -0.18774410 0.02441409 0.28442389
v -0.18774410 0.02880862 0.30249029
v -0.18774410 0.03906254 0.31958014
v -0.19555660 0.03027347 0.30541998
v -0.20141597 0.05419926 0.28735358
v -0.21020503 0.05419926 0.28735358
v -0.21069331 0.06738285 0.30297858
v -0.21313472 0.02880862 0.26489264
v -0.18774410 0.02880862 0.26489264
v -0.19555660 0.04052738 0.32006842
v -0.20190425 0.06738285 0.30297858
v -0.18286128 0.03564456 0.28442389
v -0.18286128 0.03857426 0.29907233
v -0.15942378 0.02441411 0.28442389
v -0.15942378 0.02880864 0.30249029
v -0.15942378 0.03906254 0.31958014
v -0.18286128 0.04687504 0.31176764
v -0.15942378 0.02880864 0.26489264
v -0.18286128 0.03857426 0.26831061
v -0.21118161 0.02197269 0.23071294
v -0.21655270 0.02587894 0.23461919
v -0.21752925 0.03710940 0.24584965
v -0.16381833 0.02197270 0.23071292
v -0.21313472 0.03906253 0.24780278
v -0.18774410 0.03906253 0.24780278
v -0.20385738 0.03173831 0.26293951
v -0.20336910 0.02832034 0.26147467
v -0.19458003 0.02832034 0.26147467
v -0.19555660 0.03173831 0.26293951
v -0.20141597 0.05419926 0.28051764
v -0.21020503 0.05419926 0.28051764
v -0.21069331 0.06738285 0.26489264
v -0.20385738 0.04199222 0.24877934
v -0.20336910 0.03955081 0.24584965
v -0.20336910 0.02783206 0.25756842
v -0.19458003 0.02783206 0.25756842
v -0.20336910 0.03564456 0.24780278
v -0.19458003 0.03564456 0.24780278
v -0.20190425 0.06738285 0.26489264
v -0.19555660 0.04199222 0.24877934
v -0.19458003 0.03955081 0.24584965
v -0.18286128 0.04687503 0.25561529
v -0.15942378 0.03906253 0.24780276
v -0.15942378 0.00878911 0.31176764
v -0.15942378 0.02441411 0.33422858
v -0.15942378 0.04687504 0.34985358
v -0.15942378 0.05615238 0.32983404
v -0.15942378 0.00292973 0.28442389
v -0.15942378 0.00878911 0.25561529
v -0.19165035 0.06591801 0.28735358
v -0.19165035 0.06494144 0.28442389
v -0.19165035 0.06591801 0.28002936
v -0.15942380 0.02441411 0.23315433
v -0.21655269 0.07421879 0.35424811
v -0.21118160 0.07421879 0.35961920
v -0.16381831 0.07421879 0.35961920
v -0.21752925 0.07421879 0.33813483
v -0.21655269 0.10156253 0.34887701
v -0.21118160 0.10400394 0.35327154
v -0.16381831 0.10400394 0.35327154
v -0.21020503 0.10205082 0.36352545
v -0.21752925 0.09619144 0.33422858
v -0.20239253 0.10546879 0.36987311
v -0.21313472 0.05615238 0.32983404
v -0.21313472 0.07421879 0.33422858
v -0.18774410 0.05615238 0.32983404
v -0.18774410 0.07421879 0.33422858
v -0.18286128 0.07421879 0.32299811
v -0.18286128 0.05957035 0.32006842
v -0.15942378 0.07421879 0.33422858
v -0.21313472 0.09375004 0.32983404
v -0.18774410 0.09375004 0.32983404
v -0.21655269 0.12402347 0.33276373
v -0.21752925 0.11279300 0.32153326
v -0.21313472 0.11083987 0.31958014
v -0.18774410 0.11083988 0.31958014
v -0.21020503 0.07226566 0.30541998
v -0.20141597 0.07226566 0.30541998
v -0.18286128 0.09033207 0.32006842
v -0.15942378 0.09375004 0.32983404
v -0.15942378 0.11083988 0.31958014
v -0.18286128 0.10302738 0.31176764
v -0.22290035 0.15820315 0.33178717
v -0.22094722 0.15380862 0.32836920
v -0.21850581 0.13623050 0.34936529
v -0.22094722 0.16162112 0.30346686
v -0.22290035 0.16650394 0.30493170
v -0.21118160 0.14160159 0.35424811
v -0.21362300 0.16064456 0.33227545
v -0.21362300 0.16894534 0.30493170
v -0.21118160 0.12792972 0.33666998
v -0.16381831 0.12792972 0.33666998
v -0.21655269 0.14013675 0.31030279
v -0.21118160 0.14453128 0.31274420
v -0.16381831 0.14453128 0.31274420
v -0.21752925 0.12548831 0.30493170
v -0.21313472 0.12109378 0.30249029
v -0.18774410 0.12109379 0.30249029
v -0.18286128 0.11132816 0.29907233
v -0.15942378 0.12109379 0.30249029
v -0.21655269 0.14550784 0.28442389
v -0.21118160 0.15087894 0.28442389
v -0.16381831 0.15087894 0.28442389
v -0.21069331 0.07080082 0.30297858
v -0.21069331 0.07080082 0.26489264
v -0.07885738 0.07763676 0.29418945
v -0.19067378 0.06884769 0.29418951
v -0.18969722 0.06152347 0.29125983
v -0.07788081 0.07031254 0.29125977
v -0.18920894 0.05859379 0.28393561
v -0.07739253 0.06738286 0.28393555
v -0.18969722 0.06152347 0.27661139
v -0.07788082 0.07031254 0.27661133
v -0.19165035 0.06738285 0.29125983
v -0.20239253 0.07080082 0.30297858
v -0.20141597 0.09472660 0.29370123
v -0.21020503 0.09472660 0.29370123
v -0.21020503 0.09472660 0.27368170
v -0.19604488 0.12304690 0.29321295
v -0.20385738 0.12304690 0.29321295
v -0.20385738 0.12353519 0.27465826
v -0.19165035 0.07128910 0.29272467
v -0.19165035 0.07421879 0.29418951
v -0.19165035 0.07861332 0.29272467
v -0.19165035 0.08251957 0.29125983
v -0.19165035 0.08398441 0.28735358
v -0.19165035 0.08544926 0.28442389
v -0.07983394 0.08496098 0.29125977
v -0.19213863 0.07617191 0.29125983
v -0.19018550 0.07080082 0.29125983
v -0.18920894 0.06787113 0.28393561
v -0.09008785 0.09814457 0.28393555
v -0.09057613 0.10107426 0.29125977
v -0.09252926 0.10839847 0.29418945
v -0.19165035 0.07763676 0.29418951
v -0.09448238 0.11572269 0.29125977
v -0.19360347 0.08496097 0.29125983
v -0.08032223 0.08789067 0.28393555
v -0.19262691 0.07910160 0.28393561
v -0.19018550 0.07080082 0.27661139
v -0.09057613 0.10107426 0.27661133
v -0.07983395 0.08496098 0.27661133
v -0.19213863 0.07617191 0.27661139
v -0.20141597 0.09472660 0.27368170
v -0.19555660 0.12353519 0.27465826
v -0.19165035 0.08398441 0.28002936
v -0.09497067 0.11865238 0.28393555
v -0.19458003 0.08789066 0.28393561
v -0.18286128 0.11425784 0.28442389
v -0.18286128 0.11132815 0.26831061
v -0.09448238 0.11572269 0.27661133
v -0.19360347 0.08496097 0.27661139
v -0.19165035 0.06738285 0.27612311
v -0.19067378 0.06884769 0.27319342
v -0.07885738 0.07763676 0.27319336
v -0.21020503 0.07226566 0.26245123
v -0.21020503 0.09130863 0.26879889
v -0.20141597 0.09130863 0.26879889
v -0.20385739 0.08349612 0.23364262
v -0.20385739 0.10058597 0.23950200
v -0.19555661 0.10058597 0.23950200
v -0.20239253 0.07080082 0.26489264
v -0.20141597 0.07226566 0.26245123
v -0.19506833 0.08349612 0.23364262
v -0.19165035 0.07128910 0.27465826
v -0.19165035 0.07421879 0.27319342
v -0.19165035 0.07861332 0.27465826
v -0.19165035 0.08251957 0.27612311
v -0.18286130 0.05957034 0.24731450
v -0.18286130 0.07421878 0.24438481
v -0.19165035 0.07763676 0.27319342
v -0.09252926 0.10839847 0.27319336
v -0.18286130 0.10302737 0.25561529
v -0.18286130 0.09033206 0.24731450
v -0.22290036 0.14843753 0.22729497
v -0.22094724 0.14453128 0.23022465
v -0.22094724 0.16015628 0.26196295
v -0.22290036 0.16503909 0.26147467
v -0.21362302 0.15039065 0.22680669
v -0.21362302 0.16748050 0.26098639
v -0.21313472 0.12548831 0.28442389
v -0.21752925 0.12939456 0.28442389
v -0.18774410 0.12548831 0.28442389
v -0.21313474 0.12109378 0.26489264
v -0.21752927 0.12548831 0.26245123
v -0.21655270 0.14013675 0.25708014
v -0.18774411 0.12109378 0.26489264
v -0.19458003 0.12646487 0.29321295
v -0.20336910 0.12646487 0.29321295
v -0.20336910 0.12646487 0.27416998
v -0.19458003 0.12939456 0.29028326
v -0.20336910 0.12939456 0.29028326
v -0.20336910 0.12939456 0.27758795
v -0.19458003 0.12939456 0.27758795
v -0.15942378 0.12548831 0.28442389
v -0.19458003 0.12646487 0.27416998
v -0.15942380 0.12109378 0.26489264
v -0.21118161 0.14453128 0.25463873
v -0.16381833 0.14453128 0.25463873
v -0.21752927 0.11279300 0.24584965
v -0.21313474 0.11083987 0.24780278
v -0.18774411 0.11083987 0.24780278
v -0.21655270 0.12402347 0.23461919
v -0.15942380 0.11083987 0.24780276
v -0.21118161 0.12792972 0.23071294
v -0.16381833 0.12792972 0.23071292
v -0.15942378 0.07421879 0.35571295
v -0.15942378 0.10302738 0.34985358
v -0.15942378 0.12548831 0.33422858
v -0.15942378 0.14111331 0.31176764
v -0.15942378 0.14746097 0.28442389
v -0.18774411 0.05615237 0.23754887
v -0.15942380 0.14111331 0.25561529
v -0.18774411 0.09375003 0.23754887
v -0.15942380 0.12548831 0.23315433
v -0.00024409 0.04052739 0.37475586
v -0.09545892 0.06445317 0.47534180
v -0.09643548 0.10205083 0.49487305
v -0.09643548 0.13476567 0.49487305
v -0.00024407 0.09863286 0.49829102
v -0.00024407 0.10205083 0.49975586
v -0.00024407 0.13476568 0.49975586
v -0.09643548 0.13818364 0.49145508
v -0.00024407 0.13818365 0.49682617
v -0.09790033 0.15283208 0.46948242
v -0.00024408 0.15283208 0.47436523
v -0.10668939 0.17041020 0.42993164
v -0.09790033 0.15234379 0.46850586
v -0.00024408 0.15234379 0.47338867
v -0.09790033 0.15283208 0.46752930
v -0.09838861 0.15380864 0.46752930
v -0.10034174 0.17138676 0.43041992
v -0.00024408 0.15283208 0.47241211
v -0.00024408 0.15429692 0.47290039
v -0.00024408 0.17041020 0.43627930
v 0.09643561 0.10205084 0.49487305
v 0.09643561 0.13476568 0.49487305
v 0.09643561 0.13818365 0.49145508
v 0.09790045 0.15283209 0.46948242
v 0.09790045 0.15234381 0.46850586
v 0.09790045 0.15283209 0.46752930
v 0.09790045 0.15380865 0.46752930
v 0.10034186 0.17138678 0.43041992
v -0.00024411 0.04394535 0.18530275
v -0.21752927 0.05371097 0.23315434
v -0.21655270 0.04833987 0.21850590
v -0.21118161 0.04589847 0.21411137
v -0.16381833 0.04589847 0.21411136
v -0.15942380 0.04687503 0.21752933
v -0.15942380 0.05615237 0.23754886
v -0.21313474 0.05615237 0.23754887
v -0.21752927 0.07421878 0.22924809
v -0.21313474 0.07421878 0.23315434
v -0.18774411 0.07421878 0.23315434
v -0.21655270 0.07421878 0.21313481
v -0.15942380 0.07421878 0.23315433
v -0.21313474 0.09375003 0.23754887
v -0.21752927 0.09619144 0.23315434
v -0.21655270 0.10156253 0.21850590
v -0.20336911 0.08300784 0.23168950
v -0.19458005 0.08300784 0.23168950
v -0.20336911 0.10156253 0.23754887
v -0.20336911 0.08789065 0.23022465
v -0.19458005 0.08789065 0.23022465
v -0.20336911 0.10009769 0.23413090
v -0.19458005 0.10009769 0.23413090
v -0.15942380 0.09375003 0.23754886
v -0.19458005 0.10156253 0.23754887
v -0.21118161 0.07421878 0.20776372
v -0.16381833 0.07421878 0.20776370
v -0.21118161 0.06640628 0.18920903
v -0.21215817 0.08300784 0.19116215
v -0.19995114 0.06640628 0.17944340
v -0.20532224 0.08300784 0.18139653
v -0.21118161 0.10400394 0.21411137
v -0.16381833 0.10400394 0.21411136
v -0.21997067 0.11718753 0.20092778
v -0.21801755 0.11523440 0.20532231
v -0.21069333 0.11962894 0.19995122
v -0.20532225 0.08300784 0.13989262
v -0.19995116 0.06640628 0.13452153
v -0.19995119 0.06640626 -0.14282222
v -0.20385741 0.08300784 0.13842778
v -0.19897459 0.06787112 0.13354497
v -0.19897462 0.06787111 -0.14233394
v -0.20922850 0.15283206 0.14184575
v -0.20532225 0.08300784 0.13696294
v -0.20092772 0.06933597 0.13256840
v -0.21118163 0.15283206 0.14038090
v -0.20092775 0.06933595 -0.14135738
v -0.20532228 0.08300783 -0.15551753
v -0.21118166 0.15283205 -0.16625972
v -0.19360350 0.06787112 0.13354497
v -0.19848631 0.08300784 0.13842778
v -0.20385741 0.15283206 0.14184575
v -0.19360353 0.06787111 -0.14233394
v -0.19653319 0.15283206 0.14038090
v -0.19995116 0.20117190 0.13598637
v -0.19458006 0.20117190 0.13598637
v -0.15942380 0.07421878 0.21118167
v -0.15942380 0.10302737 0.21752933
v -0.13256834 0.06982424 0.03833012
v -0.14038084 0.09228518 0.05200199
v -0.16235352 0.09814455 0.01928715
v -0.14819336 0.06982424 0.01928715
v -0.15209961 0.06982424 0.00610355
v -0.16528320 0.09960940 0.00610356
v -0.15747070 0.11425783 0.00610355
v -0.13354491 0.09130862 0.05541996
v -0.12524413 0.06982424 0.04174808
v -0.07006835 0.06982425 0.04174807
v -0.06176757 0.09130862 0.05541995
v -0.16284180 0.10107424 -0.02319332
v -0.14965820 0.06982424 -0.02026363
v -0.15502930 0.11572268 -0.02319332
v -0.03784179 0.11425784 0.00610354
v -0.04028320 0.11572269 -0.02319334
v 0.05151369 0.22119145 0.18383791
v -0.03784179 0.18017581 0.09643557
v -0.03784178 0.07470707 0.11596683
v -0.03784177 0.07470707 0.14038087
v 0.03784182 0.07470707 0.14038087
v -0.05493163 0.09228519 0.05200198
v -0.06323241 0.06982425 0.03833010
v -0.03344726 0.09814456 0.01928713
v -0.04711913 0.06982425 0.01928713
v -0.03784179 0.18017581 0.08569338
v -0.03784178 0.07470707 0.09350589
v -0.03491210 0.17968753 0.08569338
v 0.03491212 0.17968753 0.08569337
v 0.03784182 0.07470707 0.10961916
v -0.03491209 0.12207034 0.10375979
v -0.03198241 0.11669925 0.07397463
v 0.03198243 0.11669925 0.07397462
v 0.03491212 0.12207034 0.10375977
v -0.02563476 0.11279300 -0.00219725
v 0.02563477 0.11279300 -0.00219725
v -0.01147460 0.11181644 0.06616212
v -0.00024413 0.11181644 0.06909181
v -0.00024413 0.11767581 0.06860353
v -0.01098632 0.11767581 0.06567384
v -0.01928710 0.11767581 0.05737307
v -0.01977538 0.11181644 0.05786135
v 0.01098634 0.11767581 0.06567384
v 0.01147462 0.11181644 0.06665041
v -0.00024413 0.11767581 0.06616212
v -0.01000976 0.11767581 0.06372072
v -0.01733398 0.11767581 0.05639651
v -0.00024413 0.11962894 0.06274416
v -0.00854491 0.11962894 0.06079103
v -0.01440429 0.11962894 0.05444338
v 0.01000978 0.11767581 0.06372072
v 0.00805665 0.11962894 0.06079103
v -0.00610351 0.12158206 0.05639650
v -0.00024413 0.12158206 0.05786134
v 0.00561524 0.12158206 0.05639650
v -0.03051757 0.09960940 0.00610354
v -0.04321289 0.06982425 0.00610354
v -0.03295898 0.10107425 -0.02319334
v -0.04565430 0.06982425 -0.02026365
v -0.02221679 0.11767581 0.04614260
v -0.02270507 0.11181644 0.04614260
v -0.02026366 0.11767581 0.04614260
v -0.01684570 0.11962894 0.04614260
v -0.01928710 0.11767581 0.03540041
v -0.02075195 0.11181644 0.03393557
v -0.01098632 0.11767581 0.02709963
v -0.01245117 0.11181644 0.02612307
v -0.01733398 0.11767581 0.03637698
v -0.01440429 0.11962894 0.03784182
v -0.01000976 0.12158206 0.05200197
v -0.01196288 0.12158206 0.04614259
v -0.01000976 0.12158206 0.04028322
v -0.01000976 0.11767581 0.02905275
v -0.00854492 0.11962894 0.03198244
v -0.00219726 0.12255862 0.05004884
v -0.00366210 0.12255862 0.04858400
v -0.00415038 0.12255862 0.04614259
v -0.00024413 0.12255862 0.05053712
v 0.00219727 0.12255862 0.05004884
v -0.00268554 0.12402347 0.05102541
v -0.00463866 0.12402347 0.04907228
v -0.00463866 0.12304690 0.04907228
v -0.00268554 0.12304690 0.05102541
v -0.00512695 0.12304690 0.04614259
v -0.00512695 0.12402347 0.04614259
v -0.00219726 0.12451175 0.05004884
v -0.00366210 0.12451175 0.04858400
v -0.00463866 0.12451175 0.04614259
v -0.00024413 0.12402347 0.05151369
v -0.00024413 0.12304690 0.05151369
v -0.00024413 0.12451175 0.05102541
v 0.00268556 0.12402347 0.05102541
v 0.00268556 0.12304690 0.05102541
v 0.00219727 0.12451175 0.05004884
v -0.00219726 0.12548831 0.05004884
v -0.00024413 0.12548831 0.05102541
v 0.00219727 0.12548831 0.05004884
v -0.00170898 0.12695315 0.04907228
v -0.00024413 0.12695315 0.04956056
v 0.00170899 0.12695315 0.04907228
v -0.00366210 0.12548831 0.04858400
v -0.00317382 0.12695315 0.04809572
v -0.00463866 0.12548831 0.04614259
v -0.00366210 0.12695315 0.04614259
v -0.00170898 0.13281253 0.04907228
v -0.00317382 0.13281253 0.04809572
v -0.00366210 0.13281253 0.04614259
v -0.00024413 0.13281253 0.04956056
v 0.00170899 0.13281253 0.04907228
v -0.00366210 0.12255862 0.04418947
v -0.00610351 0.12158206 0.03637697
v -0.00219726 0.12255862 0.04272462
v -0.00024413 0.12158206 0.03442384
v -0.00024413 0.11962894 0.02954103
v -0.00024414 0.11767581 0.02612306
v -0.00463866 0.12402347 0.04370119
v -0.00463866 0.12304690 0.04370119
v -0.00366210 0.12451175 0.04418947
v -0.00366210 0.12548831 0.04418947
v -0.00317382 0.12695315 0.04467775
v -0.00268554 0.12304690 0.04174806
v -0.00268554 0.12402347 0.04174806
v -0.00219726 0.12451175 0.04272462
v -0.00219726 0.12548831 0.04272462
v -0.00170898 0.12695315 0.04321291
v -0.00317382 0.13281253 0.04467775
v -0.00170898 0.13281253 0.04321291
v -0.00024413 0.12548831 0.04174806
v -0.00024413 0.12695315 0.04272462
v -0.00024413 0.13281253 0.04272462
v -0.00024413 0.12304690 0.04125978
v -0.00024413 0.12255862 0.04223634
v -0.00024413 0.12402347 0.04125978
v -0.00024413 0.12451175 0.04174806
v 0.00268555 0.12304690 0.04174806
v 0.00219727 0.12255862 0.04272462
v 0.00561524 0.12158206 0.03637697
v 0.00268555 0.12402347 0.04174806
v 0.00219727 0.12548831 0.04272462
v 0.00219727 0.12451175 0.04272462
v 0.00170899 0.12695315 0.04321291
v 0.00170899 0.13281253 0.04321291
v 0.00805665 0.11962894 0.03198244
v -0.00219726 0.13769534 0.05004884
v -0.00366210 0.13769534 0.04858400
v -0.00463866 0.13769534 0.04614259
v -0.00024413 0.13769534 0.05102541
v 0.00219727 0.13769534 0.05004884
v -0.00219726 0.14550784 0.04956056
v -0.00024413 0.14550784 0.05004884
v 0.00170899 0.14550784 0.04956056
v -0.00366210 0.14550784 0.04809572
v -0.00415038 0.14550784 0.04614259
v -0.00415038 0.15283206 0.05297853
v -0.00708007 0.15283206 0.05004884
v -0.00024413 0.15283206 0.05444337
v -0.00610351 0.15625003 0.05004884
v -0.00366210 0.15625003 0.05249025
v -0.00024413 0.15625003 0.05346681
v -0.00805663 0.15283206 0.04614259
v -0.00708007 0.15625003 0.04614259
v 0.00366212 0.15283206 0.05297853
v 0.00366212 0.15625003 0.05249025
v -0.00366210 0.13769534 0.04418947
v -0.00219726 0.13769534 0.04272462
v -0.00024413 0.13769534 0.04174806
v 0.00219727 0.13769534 0.04272462
v -0.00366210 0.14550784 0.04418947
v -0.00219726 0.14550784 0.04272462
v -0.00024413 0.14550784 0.04223634
v 0.00170899 0.14550784 0.04272462
v -0.00708007 0.15283206 0.04223634
v -0.00610351 0.15625003 0.04272462
v -0.00415039 0.15283206 0.03930666
v -0.00366210 0.15625003 0.04028322
v -0.00024414 0.15283206 0.03833009
v -0.00024414 0.15625003 0.03930666
v 0.00366211 0.15283206 0.03930666
v 0.00366211 0.15625003 0.04028322
v -0.00024414 0.11767581 0.02416994
v -0.00024414 0.11181644 0.02368166
v 0.01098633 0.11767581 0.02709962
v 0.01147461 0.11181644 0.02661134
v 0.01000977 0.11767581 0.02905275
v -0.18188472 0.19287112 0.35180670
v -0.16772455 0.17089848 0.42260748
v -0.18090816 0.19238284 0.35180670
v -0.18041988 0.19335940 0.35180670
v -0.16870113 0.19482425 0.35229498
v -0.16772456 0.19384769 0.35229498
v -0.16674800 0.19482425 0.35229498
v -0.10424800 0.19677739 0.35327148
v -0.18090817 0.20458987 0.28979498
v -0.18041989 0.20556644 0.29028326
v -0.16870114 0.20654300 0.29028326
v -0.16772458 0.20556644 0.29028326
v -0.16674802 0.20654300 0.29028326
v -0.10571285 0.20800784 0.29125977
v -0.16674803 0.22265628 0.16967776
v -0.10620115 0.22314456 0.18823245
v -0.10327144 0.19580083 0.35278320
v -0.10034174 0.17041020 0.42944336
v -0.00024408 0.16992192 0.43579102
v -0.10034174 0.17089848 0.42846680
v -0.00024408 0.17041020 0.43481445
v -0.10034174 0.17236333 0.42846680
v -0.10278316 0.19677739 0.35327148
v -0.00024408 0.17138676 0.43481445
v -0.00024410 0.19677739 0.35327148
v 0.10229497 0.19677739 0.35327148
v -0.10473629 0.20751956 0.29125977
v -0.10375973 0.20800784 0.29125977
v 0.10375980 0.20800786 0.29125977
v -0.17114256 0.24511722 0.10961918
v -0.17602538 0.24511722 0.10131840
v -0.17797850 0.24511722 0.08911137
v -0.17797850 0.24511722 0.08520512
v -0.17895508 0.24316409 0.07836918
v -0.10375974 0.22412112 0.18237308
v -0.18090819 0.22167972 0.14428715
v -0.16577147 0.22265628 0.16186526
v -0.10375974 0.22363284 0.18090823
v -0.16528319 0.22021487 0.16088870
v -0.18041991 0.21972659 0.14331059
v -0.10375974 0.22119144 0.18041995
v -0.16479491 0.22314456 0.16040042
v -0.17944334 0.22265628 0.14428715
v -0.10327146 0.22412112 0.17944339
v -0.17016600 0.24169925 0.10913090
v -0.17944339 0.22167970 -0.15454097
v -0.22192381 0.22167972 0.08862309
v -0.22680664 0.21923831 0.06079106
v -0.22094727 0.24267581 0.08374028
v -0.22436523 0.24267581 0.05883793
v -0.18725584 0.21972659 0.07788090
v -0.18774417 0.22216798 -0.15454097
v -0.18530272 0.21923831 0.07836918
v -0.18579105 0.22216798 -0.15454097
v -0.18139647 0.22070315 0.07788090
v -0.17163086 0.23925784 0.07690433
v -0.18188480 0.22363283 -0.15307613
v -0.17456055 0.24072269 0.07690433
v -0.18530272 0.22070315 0.07690433
v -0.18579105 0.22363283 -0.15307613
v -0.14819336 0.30322269 -0.00415036
v -0.14819336 0.30126956 -0.00561521
v -0.14624023 0.29785159 -0.00610349
v -0.14331055 0.29589847 -0.00659177
v -0.04516602 0.30957034 0.02709962
v -0.04467774 0.30273440 0.01684572
v -0.04516602 0.30224612 -0.00366209
v -0.04516602 0.31250003 0.02856447
v -0.04467774 0.31103519 0.02612306
v -0.04516602 0.31298831 0.02709962
v -0.04467774 0.31445315 0.02758790
v -0.05200193 0.22119144 0.18627931
v -0.05200193 0.22363284 0.18676759
v -0.05151365 0.22412112 0.18530275
v -0.05200193 0.22412112 0.18823244
v -0.00024412 0.22119144 0.18872072
v -0.00024412 0.22363284 0.18969728
v 0.05151369 0.22119145 0.18627931
v 0.05200198 0.22363284 0.18676759
v -0.00024412 0.22412112 0.19067384
v 0.05200198 0.22412112 0.18823244
v -0.00024412 0.22412112 0.18823244
v 0.05151369 0.22412112 0.18530275
v -0.00024414 0.30957034 0.02856446
v 0.04467773 0.30957034 0.02709961
v -0.03686522 0.18408206 0.09643557
v -0.03393554 0.18701175 0.09643557
v 0.03393556 0.18701175 0.09643555
v -0.03686522 0.18408206 0.08569338
v -0.03393554 0.18701175 0.08569338
v -0.02905273 0.18945315 0.08569338
v -0.03100585 0.18896487 0.09643557
v 0.03100587 0.18896487 0.09643555
v -0.03442382 0.18261722 0.08569338
v -0.03247069 0.18505862 0.08569338
v 0.03442384 0.18261722 0.08569337
v 0.03198243 0.18505862 0.08569337
v -0.02709960 0.18896487 0.08569337
v 0.02709962 0.18896487 0.08569337
v -0.02954101 0.19140628 0.08666994
v -0.02954101 0.20898440 0.09252932
v -0.02612304 0.19189456 0.08666994
v -0.02416991 0.19140628 0.08618166
v 0.02416993 0.19140628 0.08618166
v -0.02661132 0.19335940 0.08715822
v -0.02661132 0.20703128 0.09155275
v -0.02612304 0.20849612 0.09204103
v -0.02221679 0.19287112 0.09643556
v -0.02319335 0.19482425 0.09692384
v -0.02319335 0.19482425 0.09350587
v -0.02221679 0.19287112 0.09301759
v -0.02075194 0.19238284 0.09252931
v -0.02075194 0.19238284 0.09594728
v -0.02319335 0.20605472 0.10083009
v -0.02319335 0.20605472 0.09741212
v -0.00415038 0.19238284 0.09252931
v -0.00415038 0.19238284 0.09594728
v -0.02221679 0.20751956 0.10131837
v -0.02221679 0.20751956 0.09790041
v -0.02075194 0.20849612 0.09838869
v -0.02075194 0.20849612 0.10180666
v -0.00415038 0.20849612 0.09838869
v -0.02905273 0.21093753 0.09301760
v -0.02709960 0.21142581 0.09350587
v 0.02709962 0.21142581 0.09350587
v -0.02416991 0.20947269 0.09252931
v 0.02416993 0.20947269 0.09252931
v -0.00415038 0.20849612 0.10180666
v -0.00219725 0.19287112 0.09301759
v -0.00219725 0.19287112 0.09643556
v -0.00170897 0.19482425 0.09350587
v -0.00170897 0.19482425 0.09692384
v -0.00170897 0.20605472 0.09741212
v -0.00170897 0.20605472 0.10083009
v -0.00219725 0.20751956 0.09790041
v -0.00219725 0.20751956 0.10131837
v -0.00024414 0.31250003 0.03002930
v -0.00024414 0.31298831 0.02856446
v -0.00024414 0.31445315 0.02856446
v -0.00024414 0.31103519 0.02709962
v -0.00024414 0.30273440 0.01782227
v -0.00024415 0.30224612 -0.00366210
v 0.04467773 0.31103519 0.02612305
v 0.04467773 0.30273440 0.01684571
v 0.04467773 0.31445315 0.02758789
v 0.04516601 0.30224612 -0.00366211
v -0.15454102 0.09277346 -0.05444332
v -0.14184570 0.06982424 -0.05444332
v -0.13842775 0.09472658 -0.09204099
v -0.13354492 0.06982424 -0.07446285
v -0.14672852 0.10742189 -0.05444332
v -0.14086914 0.10839845 -0.06860349
v -0.04858399 0.10742190 -0.05444333
v -0.05444337 0.10839846 -0.06860349
v -0.00024415 0.10156253 -0.10180663
v -0.05737305 0.09472658 -0.09204099
v -0.06176759 0.06982425 -0.07446286
v -0.00024415 0.11230472 -0.09985350
v -0.00024415 0.12402347 -0.09887694
v -0.00024415 0.13330081 -0.10180663
v -0.00024415 0.13867190 -0.11157225
v -0.00024416 0.13867190 -0.13208006
v -0.06860352 0.11132815 -0.07104490
v -0.12719727 0.11132815 -0.07104489
v -0.13793947 0.16650392 -0.07934567
v -0.05737306 0.16650394 -0.07934568
v -0.12426759 0.24218751 -0.10913083
v -0.12524416 0.24218751 -0.12866208
v -0.07006838 0.24218753 -0.12866208
v -0.21118167 0.00537109 -0.24536128
v -0.21118167 0.02197266 -0.22143550
v -0.21655276 0.02587891 -0.22534175
v -0.21655276 0.00976562 -0.24780269
v -0.21118166 0.04589845 -0.20483394
v -0.21655276 0.04833986 -0.20922847
v -0.21752933 0.05371095 -0.22436519
v -0.21752933 0.03710939 -0.23657222
v -0.21752933 0.02441406 -0.25366205
v -0.16381839 0.00537111 -0.24536130
v -0.16381839 0.02197267 -0.22143552
v -0.16381837 0.04589845 -0.20483395
v -0.21118167 0.00000000 -0.27416986
v -0.21655276 0.00341797 -0.27416986
v -0.21752933 0.02050781 -0.27416986
v -0.16381839 0.00000001 -0.27416986
v -0.19458011 0.02783203 -0.24731441
v -0.19458011 0.03515625 -0.23754878
v -0.19458011 0.03955080 -0.23657222
v -0.19458011 0.02832031 -0.25268549
v -0.15942386 0.00878908 -0.24682614
v -0.15942386 0.02441408 -0.22436520
v -0.15942384 0.04687501 -0.20825192
v -0.15942386 0.05615236 -0.22827145
v -0.15942386 0.03906251 -0.23852536
v -0.15942386 0.02880861 -0.25561517
v -0.15942386 0.00292970 -0.27416986
v -0.15942386 0.02441408 -0.27416986
v -0.19995119 0.06640626 -0.17944331
v -0.20385744 0.08300783 -0.15698238
v -0.20922853 0.15283205 -0.16772456
v -0.19848634 0.08300783 -0.15698238
v -0.19067384 0.08300783 -0.15014644
v -0.20385744 0.15283205 -0.16772456
v -0.19653322 0.15283205 -0.15795894
v -0.20678712 0.06640626 -0.19018550
v -0.20971681 0.08300783 -0.19018550
v -0.21850589 0.11914064 -0.19653316
v -0.19995120 0.20117189 -0.16625972
v -0.21118166 0.07421876 -0.19897456
v -0.21655276 0.07421876 -0.20385738
v -0.21752933 0.07421876 -0.21997066
v -0.16381837 0.07421876 -0.19897458
v -0.21655276 0.10156251 -0.20922847
v -0.21118167 0.10400392 -0.20483394
v -0.16381839 0.10400392 -0.20483395
v -0.21655276 0.11669923 -0.20141597
v -0.20874026 0.12060548 -0.19506831
v -0.21752933 0.09619142 -0.22436519
v -0.21313480 0.03906251 -0.23852535
v -0.21313480 0.05615236 -0.22827144
v -0.21313480 0.07421876 -0.22436519
v -0.18774417 0.03906251 -0.23852535
v -0.18774417 0.05615236 -0.22827144
v -0.18774417 0.07421876 -0.22436519
v -0.21313480 0.02880859 -0.25561517
v -0.18774417 0.02880859 -0.25561517
v -0.19555667 0.04052736 -0.23852535
v -0.21020511 0.05468751 -0.27270502
v -0.21020511 0.06591798 -0.25561517
v -0.20141605 0.06591798 -0.25561517
v -0.18286136 0.04687501 -0.24682613
v -0.18286136 0.05957033 -0.23803706
v -0.18286136 0.07421876 -0.23510738
v -0.15942386 0.07421876 -0.22436520
v -0.19555667 0.03125000 -0.25366205
v -0.20190433 0.05517579 -0.27368158
v -0.18286136 0.03857423 -0.25903314
v -0.21313480 0.09375001 -0.22827144
v -0.18774417 0.09375001 -0.22827144
v -0.21020511 0.09082032 -0.26049799
v -0.21069339 0.07128908 -0.25512689
v -0.20190433 0.07128908 -0.25512689
v -0.21655276 0.12402344 -0.22534175
v -0.21752933 0.11279298 -0.23657222
v -0.21313480 0.11083985 -0.23852535
v -0.18774417 0.11083986 -0.23852535
v -0.20141605 0.09082032 -0.26049799
v -0.18286136 0.09033205 -0.23803706
v -0.15942386 0.09375001 -0.22827145
v -0.18286136 0.10302736 -0.24682613
v -0.15942386 0.11083986 -0.23852536
v -0.22094730 0.16064455 -0.23852535
v -0.21997073 0.14892580 -0.21850581
v -0.22241214 0.15283205 -0.21459956
v -0.22290042 0.16552736 -0.23608394
v -0.21215823 0.14990236 -0.21069331
v -0.21362308 0.16796876 -0.23559566
v -0.22290042 0.17138673 -0.27661127
v -0.22094730 0.16601564 -0.27661127
v -0.21362308 0.17382814 -0.27661127
v -0.21118167 0.12792970 -0.22143550
v -0.16381839 0.12792970 -0.22143552
v -0.21118167 0.14453126 -0.24536128
v -0.21655276 0.14013673 -0.24780269
v -0.21752933 0.12548828 -0.25366205
v -0.16381839 0.14453126 -0.24536130
v -0.21313480 0.12109376 -0.25561517
v -0.18774417 0.12109376 -0.25561517
v -0.18286136 0.11132814 -0.25903314
v -0.15942386 0.12109376 -0.25561517
v -0.21752933 0.12939453 -0.27416986
v -0.21655276 0.14550783 -0.27416986
v -0.21118167 0.15087892 -0.27416986
v -0.16381839 0.15087892 -0.27416986
v -0.00024416 0.13574222 -0.15209959
v -0.00024417 0.13574220 -0.19897459
v -0.00024416 0.15332033 -0.17846678
v -0.00024416 0.13574222 -0.17846678
v -0.00024417 0.17773440 -0.18139647
v -0.15942386 0.07421876 -0.20239255
v -0.15942386 0.10302736 -0.20825192
v -0.19165042 0.06738282 -0.26733392
v -0.19165042 0.06591798 -0.27075189
v -0.19165042 0.07128907 -0.26586908
v -0.19165042 0.07421876 -0.26440424
v -0.19165042 0.07861329 -0.26586908
v -0.19165042 0.08251954 -0.26733392
v -0.15942386 0.12548830 -0.22436520
v -0.19165042 0.08398438 -0.27075189
v -0.15942386 0.14111330 -0.24682614
v -0.15942386 0.14746095 -0.27416986
v -0.15942386 0.12548830 -0.27416986
v -0.05395508 0.06982425 -0.05444333
v -0.04125977 0.09277347 -0.05444334
v -0.02514648 0.11669925 -0.01098631
v 0.02465820 0.11669925 -0.01098631
v -0.02416992 0.11865237 -0.02172850
v 0.02416992 0.11865237 -0.02172850
v -0.07104494 0.24218753 -0.10913084
v -0.21752933 0.02441406 -0.29565424
v -0.21655276 0.00976562 -0.30151361
v -0.21118167 0.00537109 -0.30346674
v -0.16381839 0.00537111 -0.30346674
v -0.21313480 0.02441406 -0.27416986
v -0.18774417 0.02441406 -0.27416986
v -0.21313480 0.02880859 -0.29321283
v -0.18774417 0.02880859 -0.29321283
v -0.18286136 0.03564453 -0.27416986
v -0.15942386 0.02880861 -0.29321283
v -0.18286136 0.03857423 -0.28979486
v -0.21655276 0.02587891 -0.32397455
v -0.21752933 0.03710938 -0.31225580
v -0.21313480 0.03906251 -0.31079096
v -0.18774417 0.03906251 -0.31079096
v -0.19555667 0.03027344 -0.29614252
v -0.19458011 0.02832031 -0.29663080
v -0.19458011 0.02783203 -0.30102533
v -0.20141605 0.05468751 -0.27856439
v -0.21020511 0.05468751 -0.27856439
v -0.21069339 0.06738282 -0.29467767
v -0.21118167 0.02197266 -0.32739252
v -0.16381839 0.02197267 -0.32739252
v -0.19458011 0.03515625 -0.31127924
v -0.19458011 0.03955079 -0.31274408
v -0.20190433 0.06738282 -0.29467767
v -0.19555667 0.04052735 -0.31079096
v -0.18286136 0.04687501 -0.30249017
v -0.15942386 0.03906251 -0.31079096
v -0.21752934 0.05371094 -0.32495111
v -0.21655278 0.04833985 -0.33959955
v -0.21118169 0.04589844 -0.34399408
v -0.16381840 0.04589844 -0.34399408
v -0.15942386 0.00878908 -0.30249017
v -0.19165042 0.06494141 -0.27416986
v -0.19165042 0.06591798 -0.27856439
v -0.15942386 0.02441408 -0.32495111
v -0.15942387 0.04687501 -0.34057611
v -0.15942387 0.05615235 -0.32055658
v -0.20239261 0.06884766 -0.25708002
v -0.19165042 0.06738282 -0.28198236
v -0.20141605 0.09472657 -0.26586908
v -0.21020511 0.09472657 -0.26586908
v -0.21020511 0.09423829 -0.28588861
v -0.19458011 0.12646486 -0.26489252
v -0.20336917 0.12646486 -0.26489252
v -0.20385745 0.12353517 -0.28393549
v -0.20141605 0.09423829 -0.28588861
v -0.19165042 0.08544923 -0.27416986
v -0.19165042 0.07128907 -0.28344721
v -0.19165042 0.08398438 -0.27856439
v -0.19165042 0.08251954 -0.28198236
v -0.19165042 0.07861329 -0.28344721
v -0.19555667 0.12353517 -0.28393549
v -0.18286136 0.11425783 -0.27416986
v -0.18286136 0.11132814 -0.28979486
v -0.18286136 0.10302735 -0.30249017
v -0.21313481 0.05615235 -0.32055658
v -0.18774419 0.05615235 -0.32055658
v -0.18286136 0.05957032 -0.31127924
v -0.20239261 0.07031251 -0.29418939
v -0.21020511 0.07177735 -0.29663080
v -0.20141605 0.07177735 -0.29663080
v -0.19165042 0.07421876 -0.28491205
v -0.18286137 0.07421876 -0.31372064
v -0.18286137 0.09033204 -0.31127924
v -0.21997075 0.13916016 -0.34008783
v -0.21801762 0.13574219 -0.33666986
v -0.22045903 0.15625000 -0.31079096
v -0.22241215 0.16113281 -0.31274408
v -0.21020512 0.13720703 -0.34399408
v -0.21313481 0.16308594 -0.31323236
v -0.21313480 0.12548828 -0.27416986
v -0.18774417 0.12548830 -0.27416986
v -0.21313480 0.12109376 -0.29321283
v -0.21752933 0.12548828 -0.29565424
v -0.21655278 0.14013672 -0.30151361
v -0.18774417 0.12109376 -0.29321283
v -0.15942386 0.12109376 -0.29321283
v -0.21118169 0.14453125 -0.30346674
v -0.16381840 0.14453126 -0.30346674
v -0.21752934 0.11279297 -0.31225580
v -0.21313481 0.11083984 -0.31079096
v -0.18774419 0.11083985 -0.31079096
v -0.21655278 0.12402344 -0.32397455
v -0.21313481 0.09375001 -0.32055658
v -0.21752934 0.09619141 -0.32495111
v -0.21655278 0.10156250 -0.33959955
v -0.18774419 0.09375001 -0.32055658
v -0.15942387 0.11083985 -0.31079096
v -0.15942387 0.09375001 -0.32055658
v -0.21118169 0.12792969 -0.32739252
v -0.16381840 0.12792969 -0.32739252
v -0.21313481 0.07421876 -0.32495111
v -0.21752934 0.07421876 -0.32934564
v -0.21655278 0.07421876 -0.34545892
v -0.18774419 0.07421876 -0.32495111
v -0.21118169 0.07421876 -0.35034174
v -0.15942387 0.07421876 -0.32495111
v -0.19458012 0.08691407 -0.32788080
v -0.19458012 0.09912110 -0.32397455
v -0.16381840 0.07421876 -0.35034174
v -0.20288090 0.07519532 -0.36157221
v -0.19555669 0.05322266 -0.36157221
v -0.19555669 0.05322266 -0.35668939
v -0.20239262 0.07519532 -0.35668939
v -0.18725590 0.07519532 -0.36401361
v -0.18920903 0.07958985 -0.37377924
v -0.21118169 0.10400391 -0.34399408
v -0.16381840 0.10400391 -0.34399408
v -0.20825200 0.09130860 -0.35668939
v -0.20971684 0.09179688 -0.36157221
v -0.21362309 0.10888672 -0.35424799
v -0.21215825 0.10742188 -0.34985346
v -0.19213872 0.09228516 -0.36401361
v -0.20385747 0.10839844 -0.35717767
v -0.18383795 0.09667969 -0.47338861
v -0.20532231 0.17480469 -0.32641596
v -0.19458014 0.19482422 -0.42993158
v -0.15942387 0.14111330 -0.30249017
v -0.15942387 0.12548828 -0.32495111
v -0.15942387 0.10302735 -0.34057611
v -0.15942387 0.07421876 -0.34692377
v -0.19555670 0.16113281 -0.46215814
v -0.19213873 0.19580078 -0.45825189
v -0.19409186 0.16162109 -0.48071283
v -0.17456061 0.08251953 -0.47875971
v -0.17895514 0.08251953 -0.47875971
v -0.07983405 0.15185547 -0.49633789
v -0.07983404 0.15771484 -0.48217773
v -0.07690436 0.19824219 -0.47827148
v -0.00024421 0.15185548 -0.49633789
v -0.00024420 0.15771486 -0.48217773
v -0.07055671 0.19580078 -0.47827148
v -0.07299811 0.16113281 -0.48168945
v -0.00024420 0.16113283 -0.48168945
v 0.07983392 0.15185548 -0.49633789
v 0.07983392 0.15771486 -0.48217773
v 0.07299799 0.16113283 -0.48168945
v -0.20532228 0.18896486 -0.10375972
v -0.20825197 0.17480470 -0.10375972
v -0.20874025 0.17285158 -0.10180660
v -0.20483400 0.19091798 -0.10180660
v -0.20483400 0.17187501 -0.10180660
v -0.20092775 0.18994142 -0.10180660
v -0.20825197 0.17480470 -0.14135738
v -0.20874025 0.17285158 -0.14331050
v -0.20483400 0.17187501 -0.14331050
v -0.20532228 0.18896486 -0.14135738
v -0.20581056 0.18164064 -0.10473628
v -0.20727541 0.18212892 -0.10473628
v -0.20971681 0.17773439 -0.10473628
v -0.20678712 0.17724611 -0.10473628
v -0.20727541 0.18212892 -0.14038081
v -0.20971681 0.17773439 -0.14038081
v -0.20678712 0.17724611 -0.14038081
v -0.20581056 0.18164064 -0.14038081
v -0.20483400 0.19091798 -0.14331050
v -0.20092775 0.18994142 -0.14331050
v -0.13647462 0.19091798 -0.08666989
v -0.11791994 0.23974611 -0.10815427
v -0.05932618 0.19091800 -0.08666990
v -0.07739259 0.23974612 -0.10815427
v -0.14331058 0.30029300 -0.14282224
v -0.14477542 0.30126956 -0.14282224
v -0.14428714 0.30371097 -0.14526364
v -0.14233401 0.29833987 -0.14184567
v -0.13940433 0.29687503 -0.14184567
v -0.14233401 0.30419925 -0.14672849
v -0.13745120 0.29687503 -0.14282224
v -0.14282230 0.30615237 -0.14770505
v -0.18920901 0.22216798 -0.15893550
v -0.18334964 0.22216798 -0.15893550
v -0.00024417 0.19970706 -0.18920897
v -0.11254885 0.28906253 -0.11010740
v -0.11352541 0.28613284 -0.12426756
v -0.08227541 0.28613284 -0.12426756
v -0.00024417 0.20898440 -0.19506834
v -0.00024417 0.21679690 -0.20483397
v -0.00024417 0.21972658 -0.21459959
v -0.00024417 0.21972658 -0.22583006
v -0.00024417 0.20458986 -0.23901366
v -0.00024417 0.21582033 -0.23461913
v -0.04614262 0.30908203 -0.22583006
v -0.13061528 0.29589844 -0.23950192
v -0.12329105 0.30029297 -0.23120114
v -0.11059574 0.30273438 -0.22924802
v -0.14477544 0.23681641 -0.36157221
v -0.12231449 0.29833984 -0.23217770
v -0.12866214 0.29443359 -0.23950192
v -0.12866214 0.29248047 -0.23852536
v -0.12182621 0.29638672 -0.23120114
v -0.14282231 0.23339844 -0.36010736
v -0.14282231 0.23535156 -0.36059564
v -0.12133793 0.29785156 -0.23364255
v -0.12719731 0.29443359 -0.23999020
v -0.14135747 0.23535156 -0.36059564
v -0.08325198 0.28906253 -0.11010741
v -0.03491213 0.31982425 -0.13110350
v -0.00024416 0.32177737 -0.12524413
v 0.03491209 0.31982425 -0.13110350
v -0.11059574 0.30078125 -0.23022458
v -0.11010746 0.29882812 -0.22924802
v -0.11010746 0.29980469 -0.23168942
v -0.04614262 0.30126953 -0.23266600
v -0.04614262 0.30322266 -0.23364256
v -0.04614262 0.30566406 -0.23266600
v -0.04614262 0.30273438 -0.23510741
v -0.04028323 0.30371097 -0.15063475
v -0.03393557 0.30371097 -0.14379881
v -0.03393557 0.31835940 -0.13403319
v -0.04028323 0.31787112 -0.14086913
v -0.04174807 0.30371097 -0.15600584
v -0.04125979 0.31738284 -0.15112303
v -0.04125979 0.30371097 -0.15991209
v -0.04077151 0.31542972 -0.16577147
v -0.00024416 0.30322269 -0.13842772
v -0.00024416 0.32031253 -0.12817381
v -0.03833010 0.30371097 -0.16284178
v -0.00024417 0.31542972 -0.16821288
v -0.00024417 0.30371097 -0.16284178
v 0.03344724 0.30371097 -0.14379881
v 0.03344724 0.31835940 -0.13403319
v 0.03833005 0.30371097 -0.16284178
v -0.00024418 0.30957031 -0.22583006
v -0.00024418 0.30175781 -0.23266600
v -0.00024418 0.30371094 -0.23364256
v -0.00024418 0.30273438 -0.23510741
v -0.00024418 0.30566406 -0.23266600
v 0.04614254 0.30908203 -0.22583006
v 0.04614254 0.30126953 -0.23266600
v 0.04614254 0.30273438 -0.23510741
v 0.04614254 0.30566406 -0.23266600
v 0.04614254 0.30322266 -0.23364256
v -0.14086920 0.23046875 -0.37573236
v -0.13891606 0.22949219 -0.37426752
v -0.13891606 0.22753906 -0.37329096
v -0.13793950 0.22998047 -0.37329096
v -0.12329107 0.22558594 -0.38012689
v -0.12377935 0.22753906 -0.38110346
v -0.12329107 0.22802734 -0.37963861
v -0.12426763 0.22802734 -0.38354486
v -0.19116217 0.19433594 -0.45922846
v -0.19458014 0.16210938 -0.46264642
v -0.19311529 0.16259766 -0.48022455
v -0.18969733 0.19433594 -0.47680658
v -0.19458014 0.16259766 -0.46459955
v -0.19458014 0.16357422 -0.46313471
v -0.19311529 0.16357422 -0.46362299
v -0.19311529 0.16259766 -0.46508783
v -0.19360358 0.16308594 -0.48022455
v -0.19262701 0.16308594 -0.47973627
v -0.19165045 0.19287109 -0.46020502
v -0.19018561 0.19238281 -0.46020502
v -0.19018561 0.19531250 -0.47729486
v -0.19165045 0.19433594 -0.46118158
v -0.19018561 0.19384766 -0.46118158
v -0.18920904 0.19384766 -0.47680658
v -0.18872076 0.16308594 -0.48217767
v -0.18432623 0.16308594 -0.48217767
v -0.18530279 0.19384766 -0.47924799
v -0.16381842 0.22802734 -0.37866205
v -0.16235358 0.22802734 -0.37719721
v -0.16235358 0.23535156 -0.38110346
v -0.16137701 0.22363281 -0.46459955
v -0.15747076 0.23535156 -0.38159174
v -0.15209967 0.22900391 -0.37768549
v -0.15063483 0.22900391 -0.37915033
v -0.15600592 0.23535156 -0.38305658
v -0.15649420 0.23291016 -0.47436517
v -0.14477545 0.22412109 -0.46459955
v -0.06372076 0.25439453 -0.41137695
v -0.15209967 0.25195312 -0.40551752
v -0.15258795 0.25097656 -0.40600580
v -0.06372076 0.25341797 -0.41186523
v -0.15258795 0.25146484 -0.47387689
v -0.06372077 0.25390625 -0.47387695
v -0.06372076 0.26074219 -0.41821289
v -0.15112311 0.25830078 -0.41430658
v -0.07836921 0.22753906 -0.46850586
v -0.05786138 0.22656251 -0.39672852
v -0.05737310 0.22900392 -0.38940430
v -0.06372076 0.26123047 -0.42065430
v -0.15112311 0.25927734 -0.41674799
v -0.06372077 0.26171875 -0.47387695
v -0.15112311 0.25927734 -0.47387689
v -0.18334967 0.16455078 -0.48217767
v -0.18334967 0.16406250 -0.48266596
v -0.18041998 0.19238281 -0.47924799
v -0.18041998 0.16308594 -0.48217767
v -0.18139654 0.16455078 -0.48217767
v -0.17846686 0.19287109 -0.47924799
v -0.10913092 0.16308594 -0.48217773
v -0.18139654 0.19384766 -0.47924799
v -0.17700201 0.19384766 -0.47924799
v -0.10668952 0.19384766 -0.47924805
v -0.07836921 0.22119141 -0.47875977
v -0.16284186 0.23291016 -0.47583002
v -0.15991217 0.22363281 -0.46606439
v -0.15795904 0.23291016 -0.47583002
v -0.14672858 0.22412109 -0.46606439
v -0.15258795 0.25244141 -0.47534174
v -0.06372077 0.25488281 -0.47534180
v -0.15112311 0.25781250 -0.47534174
v -0.06372077 0.26025391 -0.47534180
v -0.05737310 0.22607423 -0.38647461
v -0.05737310 0.22900392 -0.38598633
v -0.05737310 0.22802736 -0.38745117
v 0.00024408 0.25439453 -0.41333008
v 0.00024408 0.25390625 -0.41381836
v 0.00024407 0.25390625 -0.47387695
v 0.00024408 0.26074219 -0.41918945
v 0.00024408 0.26171875 -0.42114258
v 0.00024407 0.26171875 -0.47387695
v -0.10766608 0.16455078 -0.48217773
v -0.10522468 0.19238281 -0.47924805
v -0.10766608 0.16406250 -0.48266602
v -0.10620124 0.16406250 -0.48266602
v -0.10522468 0.19287109 -0.47973633
v -0.10473639 0.16308594 -0.48217773
v -0.10620124 0.16455078 -0.48217773
v -0.10375983 0.19238281 -0.47924805
v -0.10375983 0.19287109 -0.47973633
v -0.09350593 0.16357422 -0.48217773
v -0.10229499 0.19384766 -0.47924805
v -0.10229499 0.19384766 -0.48071289
v -0.09057624 0.19384766 -0.47924805
v -0.07104499 0.21777344 -0.47875977
v -0.09204108 0.16455078 -0.48168945
v -0.08959968 0.19238281 -0.47924805
v -0.06567389 0.18896484 -0.46899414
v -0.06762701 0.16162109 -0.47631836
v -0.00024420 0.16162111 -0.47631836
v -0.00024420 0.18896486 -0.46899414
v -0.00024420 0.19580078 -0.47827148
v -0.06909186 0.21630859 -0.47680664
v -0.00024421 0.21777344 -0.47924805
v -0.00024421 0.22167969 -0.47875977
v -0.00024421 0.22802734 -0.46899414
v -0.00024420 0.19824219 -0.47827148
v -0.00024421 0.21630859 -0.47680664
v -0.00024420 0.22656251 -0.39819336
v 0.00024407 0.25488281 -0.47534180
v 0.00024407 0.26025391 -0.47534180
v -0.00024419 0.22656251 -0.38793945
v -0.00024419 0.22900392 -0.38696289
v -0.00024419 0.22851564 -0.38842773
v -0.00024419 0.22900392 -0.39086914
v 0.05688471 0.22607423 -0.38647461
v 0.05688471 0.22900392 -0.38598633
v 0.05737299 0.22802736 -0.38745117
v 0.05737299 0.22900392 -0.38940430
v 0.05786127 0.22656251 -0.39672852
v 0.07836907 0.22753906 -0.46850586
v 0.06762689 0.16162111 -0.47631836
v 0.06567377 0.18896486 -0.46899414
v 0.07055657 0.19580080 -0.47827148
v 0.07690423 0.19824220 -0.47827148
v 0.06909173 0.21630861 -0.47680664
v 0.07104485 0.21777345 -0.47875977
v 0.07836907 0.22119142 -0.47875977
v 0.09497077 0.06445318 0.47534180
v 0.12280280 0.08935553 0.47680664
v 0.12280280 0.09521490 0.47338867
v 0.12182623 0.09570318 0.45239258
v 0.11987311 0.06347662 0.44946289
v 0.12280279 0.09521490 0.44506836
v 0.12084967 0.06445318 0.44213867
v 0.16723639 0.06347662 0.43920898
v 0.16577154 0.06445318 0.43237305
v 0.12329108 0.06689459 0.47094727
v 0.12280280 0.06640631 0.47094727
v 0.12329108 0.06542975 0.47045898
v 0.12475593 0.08691412 0.47436523
v 0.12524420 0.08642584 0.47436523
v 0.15698248 0.06591803 0.46362305
v 0.16137701 0.08935553 0.46801758
v 0.12524420 0.08789068 0.47436523
v 0.15844733 0.08789068 0.46606445
v 0.16870123 0.09570318 0.44213867
v 0.16772467 0.09521490 0.43530273
v 0.09790046 0.10205084 0.49438477
v 0.09790046 0.13476568 0.49438477
v 0.10180671 0.10644537 0.49340820
v 0.10131843 0.12988287 0.49340820
v 0.16772467 0.10693365 0.47924805
v 0.10229499 0.10693365 0.49291992
v 0.10180671 0.12939459 0.49291992
v 0.16723639 0.10742193 0.47875977
v 0.16674811 0.10791022 0.47973633
v 0.14086920 0.12402350 0.48559570
v 0.10327155 0.12841803 0.49145508
v 0.10327155 0.12402350 0.49145508
v 0.14135748 0.12841803 0.48510742
v 0.14135748 0.12402350 0.48510742
v 0.14086920 0.12402350 0.48315430
v 0.14086920 0.12841803 0.48559570
v 0.16674811 0.12890631 0.47973633
v 0.16723639 0.12939459 0.47875977
v 0.16772467 0.12988287 0.47924805
v 0.14086920 0.12841803 0.48315430
v 0.16772467 0.13476568 0.47924805
v 0.16772467 0.13818365 0.47631836
v 0.16772467 0.14892584 0.46166992
v 0.10327154 0.14599615 0.47241211
v 0.10375983 0.14648443 0.47192383
v 0.16723639 0.14941412 0.45971680
v 0.10473639 0.14990240 0.47290039
v 0.10668951 0.17041022 0.42993164
v 0.10571294 0.16748053 0.42797852
v 0.16723639 0.14990240 0.45922852
v 0.10522467 0.15087897 0.47241211
v 0.10717779 0.17041022 0.43090820
v 0.16723639 0.16845709 0.41967773
v 0.16723639 0.16796881 0.42016602
v 0.16772467 0.17089850 0.42309570
v 0.16137701 0.11523443 0.43286133
v 0.16137701 0.13378912 0.44116211
v 0.16333014 0.11523443 0.39086914
v 0.16381840 0.13378912 0.38305664
v 0.07690434 0.07031254 0.29125977
v 0.07641606 0.06738286 0.28393555
v 0.18823247 0.05859380 0.28393555
v 0.18872075 0.06152349 0.29125977
v 0.19018559 0.06884771 0.29418945
v 0.07788090 0.07763676 0.29418945
v 0.19116215 0.07617193 0.29125977
v 0.07934575 0.08496098 0.29125977
v 0.07690433 0.07031254 0.27661133
v 0.18872075 0.06152349 0.27661133
v 0.19165044 0.07910161 0.28393555
v 0.07983402 0.08789067 0.28393555
v 0.19116215 0.07617193 0.27661133
v 0.07934574 0.08496098 0.27661133
v 0.18920903 0.07080083 0.29125977
v 0.09008793 0.10107426 0.29125977
v 0.08911137 0.09814458 0.28393555
v 0.18872075 0.06787115 0.28393555
v 0.09008793 0.10107426 0.27661133
v 0.18920903 0.07080083 0.27661133
v 0.07788090 0.07763676 0.27319336
v 0.19018559 0.06884771 0.27319336
v 0.19116215 0.07763677 0.29418945
v 0.09155277 0.10839848 0.29418945
v 0.19262700 0.08496099 0.29125977
v 0.09350590 0.11572270 0.29125977
v 0.19360356 0.08789068 0.28393555
v 0.09448246 0.11865239 0.28393555
v 0.09155277 0.10839848 0.27319336
v 0.19116215 0.07763677 0.27319336
v 0.09350590 0.11572270 0.27661133
v 0.19262700 0.08496099 0.27661133
v 0.17944342 0.04541022 0.46948242
v 0.17749029 0.05078131 0.46362305
v 0.17846686 0.06445318 0.45581055
v 0.18334967 0.05175787 0.45581055
v 0.15747076 0.06640631 0.46362305
v 0.15893561 0.08740240 0.46557617
v 0.18139654 0.08935553 0.46020508
v 0.18432623 0.06494147 0.44848633
v 0.19555670 0.07080083 0.39965820
v 0.18286139 0.13476568 0.47094727
v 0.18969733 0.13476568 0.46313477
v 0.18237311 0.13818365 0.46899414
v 0.18139654 0.15039068 0.45434570
v 0.18920904 0.13818365 0.46069336
v 0.19262701 0.15185553 0.44262695
v 0.18041998 0.14746100 0.45190430
v 0.17651373 0.13574225 0.43530273
v 0.18041998 0.16845709 0.41723633
v 0.18041998 0.16796881 0.41821289
v 0.18041998 0.15185553 0.45239258
v 0.18041998 0.17089850 0.42114258
v 0.17504889 0.13378912 0.43334961
v 0.17016608 0.11523443 0.42749023
v 0.19018561 0.14941412 0.44018555
v 0.19360358 0.16650397 0.41430664
v 0.18090826 0.15087897 0.45141602
v 0.19165045 0.15185553 0.44165039
v 0.18188483 0.15185553 0.45092773
v 0.18090826 0.16992193 0.42016602
v 0.18188483 0.17089850 0.42065430
v 0.19116217 0.15283209 0.44165039
v 0.19360358 0.16943365 0.41772461
v 0.17651373 0.11523443 0.42065430
v 0.18286139 0.13378912 0.42504883
v 0.19018561 0.13378912 0.39916992
v 0.17407233 0.11523443 0.39282227
v 0.17651372 0.13378912 0.38500977
v 0.18725592 0.13378912 0.39233398
v 0.20532233 0.13916022 0.39965820
v 0.20288092 0.14208990 0.40112305
v 0.19897467 0.14990240 0.40600586
v 0.19409186 0.16894537 0.41674805
v 0.19506842 0.07080083 0.39868164
v 0.19604498 0.07080083 0.39819336
v 0.19946295 0.07080083 0.38208008
v 0.20141608 0.06103521 0.37231445
v 0.20288092 0.07177740 0.37231445
v 0.20434576 0.10498053 0.39868164
v 0.20532233 0.10498053 0.39819336
v 0.20532233 0.10498052 0.37915039
v 0.21166997 0.10351568 0.36889648
v 0.20434576 0.13916022 0.39868164
v 0.22045903 0.13964850 0.35327148
v 0.20239264 0.14160162 0.40014648
v 0.20532231 0.17236334 0.33959961
v 0.19897465 0.18847662 0.35131836
v 0.16333012 0.02197270 0.33666992
v 0.15893559 0.02441411 0.33374023
v 0.15893559 0.00878911 0.31176758
v 0.16333012 0.00537114 0.31274414
v 0.21069340 0.00537115 0.31274414
v 0.21069340 0.02197272 0.33666992
v 0.15893559 0.04687505 0.34985352
v 0.16333012 0.04589849 0.35327148
v 0.21069340 0.04589849 0.35327148
v 0.15893559 0.02880864 0.30249023
v 0.15893559 0.03906255 0.31958008
v 0.15893559 0.00292973 0.28442383
v 0.16333012 0.00000004 0.28442383
v 0.21069340 0.00000006 0.28442383
v 0.15893559 0.02441411 0.28442383
v 0.16333012 0.00537114 0.25463867
v 0.15893559 0.00878911 0.25561523
v 0.15893559 0.02880864 0.26489258
v 0.21069340 0.00537115 0.25463867
v 0.18725590 0.02441412 0.28442383
v 0.18725590 0.02880865 0.30249023
v 0.18725590 0.03906255 0.31958008
v 0.18725590 0.02880865 0.26489258
v 0.18237309 0.03564459 0.28442383
v 0.18237309 0.03857427 0.29907227
v 0.21215825 0.02441412 0.28442383
v 0.21215825 0.02880865 0.30249023
v 0.18237309 0.04687505 0.31176758
v 0.21215825 0.03906255 0.31958008
v 0.21215825 0.02880865 0.26489258
v 0.18237309 0.03857427 0.26831055
v 0.19116215 0.06591802 0.28735352
v 0.19116215 0.06494146 0.28442383
v 0.19116215 0.06591802 0.28002930
v 0.16333011 0.02197270 0.23071289
v 0.15893558 0.02441411 0.23315430
v 0.15893559 0.03906254 0.24780273
v 0.21069339 0.02197272 0.23071288
v 0.18725590 0.03906254 0.24780272
v 0.18237309 0.04687504 0.25561523
v 0.21215825 0.03906254 0.24780272
v 0.19458012 0.03027350 0.30590820
v 0.19360356 0.02783209 0.31079102
v 0.21606450 0.00976568 0.31030273
v 0.21606450 0.02587897 0.33276367
v 0.21606450 0.04833990 0.34887695
v 0.21704106 0.02441412 0.30493164
v 0.21704106 0.03710943 0.32153320
v 0.21704106 0.05371099 0.33374023
v 0.21606450 0.00341803 0.28442383
v 0.21606450 0.00976568 0.25708008
v 0.21704106 0.02050787 0.28442383
v 0.21704106 0.02441412 0.26245117
v 0.20971684 0.05419927 0.28735352
v 0.20092778 0.05419927 0.28735352
v 0.20092778 0.06738286 0.30346680
v 0.20971684 0.06738286 0.30346680
v 0.19506840 0.03027350 0.26245117
v 0.20239262 0.02880865 0.26147461
v 0.20336919 0.03027350 0.26245117
v 0.20092778 0.05419927 0.28100586
v 0.20092778 0.06640630 0.26586914
v 0.19506840 0.04052739 0.24829100
v 0.20971684 0.05419927 0.28100586
v 0.20239262 0.02783209 0.25756836
v 0.20239262 0.03564459 0.24780272
v 0.20239262 0.03955083 0.24584959
v 0.20336919 0.04052739 0.24829100
v 0.21606448 0.02587897 0.23461913
v 0.21704106 0.03710942 0.24584959
v 0.20971684 0.06640630 0.26586914
v 0.20239262 0.10546880 0.36987305
v 0.15893559 0.07421880 0.35571289
v 0.16333012 0.07421880 0.35961914
v 0.21069340 0.07421880 0.35961914
v 0.15893559 0.10302740 0.34985352
v 0.16333012 0.10400396 0.35327148
v 0.21069340 0.10400396 0.35327148
v 0.19116215 0.07421880 0.29418945
v 0.19116215 0.07128911 0.29272461
v 0.19116215 0.06738286 0.29125977
v 0.16284184 0.09228521 0.33666992
v 0.16186528 0.09082036 0.33422852
v 0.16186528 0.08691411 0.33569336
v 0.16528325 0.09277349 0.33715820
v 0.16137700 0.09716802 0.33178711
v 0.16284184 0.09863286 0.33422852
v 0.16528325 0.09863286 0.33471680
v 0.16235356 0.08593755 0.33422852
v 0.16235356 0.08984380 0.33276367
v 0.16430669 0.08349615 0.33471680
v 0.16235356 0.09667974 0.33032227
v 0.16333012 0.09570318 0.32885742
v 0.16381840 0.09472661 0.32543945
v 0.15893559 0.12548834 0.33374023
v 0.16284184 0.10693365 0.32983398
v 0.16186528 0.10595708 0.32788086
v 0.16235356 0.10498052 0.32592773
v 0.16821294 0.08349615 0.33374023
v 0.17553715 0.09033208 0.33813477
v 0.17553715 0.09277349 0.33715820
v 0.17553715 0.09912115 0.33520508
v 0.16821294 0.08300786 0.33325195
v 0.16772465 0.08300786 0.33227539
v 0.16723637 0.08789068 0.32885742
v 0.16723637 0.09472661 0.32543945
v 0.16723637 0.10351568 0.32153320
v 0.18579106 0.09277349 0.33715820
v 0.18579106 0.09863286 0.33471680
v 0.18627934 0.08349615 0.33471680
v 0.18286137 0.08349615 0.33374023
v 0.18920903 0.08691411 0.33569336
v 0.18823247 0.08593755 0.33422852
v 0.18823247 0.09228521 0.33666992
v 0.18823247 0.09863286 0.33422852
v 0.18286137 0.08300786 0.33325195
v 0.18286137 0.08300786 0.33227539
v 0.18334965 0.08789068 0.32885742
v 0.18676762 0.09472661 0.32543945
v 0.18334965 0.09472661 0.32543945
v 0.18872075 0.08984380 0.33276367
v 0.18774419 0.09570318 0.32885742
v 0.19116215 0.07861333 0.29272461
v 0.18334965 0.10351568 0.32153320
v 0.19116215 0.08251958 0.29125977
v 0.21118169 0.14160162 0.35424805
v 0.21362309 0.16064459 0.33227539
v 0.21362309 0.16894537 0.30493164
v 0.16333012 0.12792975 0.33666992
v 0.21069340 0.12792975 0.33666992
v 0.16528325 0.10742193 0.33081055
v 0.16186528 0.10986333 0.32592773
v 0.17553715 0.10742193 0.33081055
v 0.17553715 0.10986333 0.32934570
v 0.15893559 0.14111333 0.31176758
v 0.16333012 0.14453129 0.31274414
v 0.21069340 0.14453131 0.31274414
v 0.15893559 0.12109380 0.30249023
v 0.16235356 0.10888677 0.32348633
v 0.16723637 0.10693365 0.31958008
v 0.16430669 0.11083990 0.32202148
v 0.18725590 0.12109380 0.30249023
v 0.16821294 0.11035161 0.32104492
v 0.16821294 0.10937505 0.32104492
v 0.16772465 0.10888677 0.31958008
v 0.18579106 0.10742193 0.33081055
v 0.18823247 0.10693365 0.32983398
v 0.18334965 0.10693365 0.31958008
v 0.18627934 0.11083990 0.32202148
v 0.18286137 0.11035161 0.32104492
v 0.18286137 0.10937505 0.32104492
v 0.18334965 0.10888677 0.31958008
v 0.18920903 0.10986333 0.32592773
v 0.18823247 0.10888677 0.32348633
v 0.18237309 0.11132818 0.29907227
v 0.21215825 0.12109380 0.30249023
v 0.15893559 0.14746098 0.28442383
v 0.16333012 0.15087895 0.28442383
v 0.21069340 0.15087895 0.28442383
v 0.19116215 0.06738286 0.27612305
v 0.19116215 0.07128911 0.27465820
v 0.18237308 0.05957036 0.24731444
v 0.18725589 0.05615239 0.23754881
v 0.15893559 0.12548833 0.28442383
v 0.18725590 0.12548833 0.28442383
v 0.18725589 0.12109379 0.26489258
v 0.15893558 0.12109379 0.26489258
v 0.15893558 0.14111333 0.25561523
v 0.17602544 0.11181646 0.30541992
v 0.18530278 0.11181646 0.30541992
v 0.18530278 0.12158208 0.30541992
v 0.17602544 0.12158208 0.30541992
v 0.17602544 0.12548833 0.29370117
v 0.17602544 0.11523442 0.29370117
v 0.18530278 0.11523442 0.29370117
v 0.19116215 0.08398443 0.28735352
v 0.18530278 0.12548833 0.29370117
v 0.18237309 0.11425786 0.28442383
v 0.19116215 0.08544927 0.28442383
v 0.21215825 0.12548833 0.28442383
v 0.17602544 0.12597661 0.28833008
v 0.17602544 0.11621098 0.28833008
v 0.18530278 0.11621098 0.28833008
v 0.17602544 0.12597661 0.27954102
v 0.17602544 0.11621098 0.27954102
v 0.18530278 0.11621098 0.27954102
v 0.18530278 0.12597661 0.28833008
v 0.18237309 0.11132817 0.26831055
v 0.19116215 0.08398443 0.28002930
v 0.18530278 0.12597661 0.27954102
v 0.21215823 0.12109379 0.26489258
v 0.16333011 0.14453129 0.25463867
v 0.21069339 0.14453129 0.25463867
v 0.15893558 0.12548833 0.23315430
v 0.15893558 0.11083989 0.24780273
v 0.18725589 0.11083989 0.24780272
v 0.19116215 0.08251958 0.27612305
v 0.18237308 0.10302739 0.25561523
v 0.17602544 0.12548833 0.27416992
v 0.17602544 0.11523442 0.27416992
v 0.18530278 0.11523442 0.27416992
v 0.18530276 0.11181645 0.26196289
v 0.17602542 0.11181645 0.26196289
v 0.17602542 0.12158208 0.26196289
v 0.18530278 0.12548833 0.27416992
v 0.18530276 0.12158208 0.26196289
v 0.19116215 0.07861333 0.27465820
v 0.18237308 0.09033208 0.24731444
v 0.18725589 0.09375004 0.23754881
v 0.21215823 0.11083989 0.24780272
v 0.16333011 0.12792973 0.23071289
v 0.21069339 0.12792973 0.23071288
v 0.21606450 0.07421880 0.35424805
v 0.21704106 0.07421880 0.33813477
v 0.21020512 0.10205083 0.36352539
v 0.21606450 0.10156256 0.34887695
v 0.21704106 0.09619146 0.33374023
v 0.18920903 0.09082036 0.33422852
v 0.18920903 0.09716802 0.33178711
v 0.18872075 0.09667974 0.33032227
v 0.20092778 0.09082036 0.29956055
v 0.20092778 0.07177740 0.30493164
v 0.20971684 0.07177740 0.30493164
v 0.18920903 0.10595708 0.32788086
v 0.18872075 0.10498052 0.32592773
v 0.20971684 0.09082036 0.29956055
v 0.21704106 0.11279303 0.32153320
v 0.21606450 0.12402350 0.33276367
v 0.21850590 0.13623053 0.34936523
v 0.22290044 0.15820318 0.33178711
v 0.22094731 0.15380865 0.32836914
v 0.21606450 0.14013678 0.31030273
v 0.21704106 0.12548834 0.30493164
v 0.22094731 0.16162115 0.30346680
v 0.21606450 0.14550786 0.28442383
v 0.22290044 0.16650397 0.30493164
v 0.18969731 0.05566411 0.28735352
v 0.19067387 0.07080083 0.30151367
v 0.19018559 0.06738286 0.30200195
v 0.20141606 0.07031255 0.30346680
v 0.19018559 0.07275396 0.30395508
v 0.19018559 0.08886724 0.29663086
v 0.20043950 0.09521490 0.29418945
v 0.18969731 0.09375005 0.29321289
v 0.18969731 0.09375005 0.27563477
v 0.20043950 0.09521490 0.27416992
v 0.20971684 0.09521490 0.29418945
v 0.20336919 0.12353520 0.29321289
v 0.19506840 0.12353520 0.29321289
v 0.19506840 0.12353520 0.27514648
v 0.20971684 0.09521490 0.27416992
v 0.20336919 0.12353520 0.27514648
v 0.20141606 0.06933599 0.26538086
v 0.19116215 0.07421880 0.27319336
v 0.18237308 0.07421879 0.24438475
v 0.19018559 0.08886724 0.27075195
v 0.19018559 0.07275396 0.26489258
v 0.20092778 0.07177740 0.26342773
v 0.20092778 0.09130865 0.26879883
v 0.20971684 0.09130865 0.26879883
v 0.19506839 0.08349614 0.23413084
v 0.19506839 0.10058598 0.23999022
v 0.20336917 0.10058598 0.23999022
v 0.20971684 0.07177740 0.26342773
v 0.20336917 0.08349614 0.23413084
v 0.20239262 0.12646489 0.29321289
v 0.19409184 0.12646489 0.29321289
v 0.19409184 0.12646489 0.27416992
v 0.20239262 0.12939458 0.29028320
v 0.19360356 0.12939458 0.29028320
v 0.19360356 0.12939458 0.27758789
v 0.20239262 0.12939458 0.27758789
v 0.20239262 0.12646489 0.27416992
v 0.21704106 0.12939459 0.28442383
v 0.21704105 0.12548834 0.26245117
v 0.21606448 0.14013676 0.25708008
v 0.21704105 0.11279302 0.24584959
v 0.21606448 0.12402349 0.23461913
v 0.21362308 0.15039067 0.22680663
v 0.22094730 0.14453129 0.23022459
v 0.22094730 0.16015629 0.26196289
v 0.21362308 0.16748051 0.26098633
v 0.22290042 0.14843754 0.22729491
v 0.22290042 0.16503911 0.26147461
v 0.04223636 0.07470707 0.19409181
v 0.04223635 0.14160161 0.19409181
v 0.03784182 0.07470707 0.11596681
v 0.03784181 0.18017581 0.09643555
v 0.06958011 0.08398441 0.19360352
v 0.06762698 0.08593754 0.19458008
v 0.06762698 0.10205083 0.20581055
v 0.09057620 0.08398442 0.19360352
v 0.09301761 0.08593754 0.19458008
v 0.09301761 0.10205083 0.20581055
v 0.11108401 0.08593754 0.18969727
v 0.11108401 0.10205083 0.20043945
v 0.11352542 0.08398442 0.18823242
v 0.13452151 0.08398442 0.18823242
v 0.06958011 0.10400395 0.20727539
v 0.09057620 0.10400395 0.20727539
v 0.11352542 0.10400395 0.20190430
v 0.13452151 0.10400395 0.20190430
v 0.03784181 0.07470707 0.09350587
v 0.03784181 0.18017581 0.08569337
v 0.03491212 0.07470707 0.09350587
v 0.03491212 0.11425784 0.07495118
v 0.03784181 0.11865237 0.10424805
v 0.01928712 0.11767581 0.05737306
v 0.02026368 0.11181644 0.05786134
v 0.01733399 0.11767581 0.05639650
v 0.01440431 0.11962894 0.05444337
v 0.05493165 0.09228519 0.05200196
v 0.06176759 0.09130862 0.05541993
v 0.06323243 0.06982425 0.03833009
v 0.07006837 0.06982425 0.04174806
v 0.12524416 0.06982426 0.04174805
v 0.13354494 0.09130863 0.05541992
v 0.03295899 0.09814456 0.01928712
v 0.04711915 0.06982425 0.01928712
v 0.04321289 0.06982425 0.00610353
v 0.03051758 0.09960940 0.00610353
v 0.03784180 0.11425784 0.00610353
v 0.03295898 0.10107425 -0.02319335
v 0.04565430 0.06982425 -0.02026366
v 0.00366212 0.12255862 0.04858400
v 0.01000977 0.12158206 0.05200197
v 0.00463868 0.12304690 0.04907228
v 0.00463868 0.12402347 0.04907228
v 0.00366212 0.12451175 0.04858400
v 0.00366212 0.12548831 0.04858400
v 0.00268555 0.12695315 0.04809572
v 0.00512696 0.12304690 0.04614259
v 0.00415040 0.12255862 0.04614259
v 0.01147462 0.12158206 0.04614259
v 0.00463868 0.12548831 0.04614259
v 0.00463868 0.12451175 0.04614259
v 0.00512696 0.12402347 0.04614259
v 0.00317384 0.12695315 0.04614259
v 0.00268555 0.13281253 0.04809572
v 0.00317384 0.13281253 0.04614259
v 0.01635743 0.11962894 0.04614259
v 0.01977540 0.11767581 0.04614259
v 0.00366212 0.12255862 0.04418947
v 0.00463868 0.12304690 0.04370119
v 0.01000977 0.12158206 0.04028322
v 0.00366212 0.12451175 0.04418947
v 0.00366212 0.12548831 0.04418947
v 0.00463868 0.12402347 0.04370119
v 0.00268555 0.12695315 0.04467775
v 0.00268555 0.13281253 0.04467775
v 0.01440430 0.11962894 0.03784181
v 0.01733399 0.11767581 0.03637697
v 0.02221680 0.11767581 0.04614259
v 0.02368165 0.11181644 0.04614259
v 0.01977540 0.11181644 0.03491212
v 0.01928712 0.11767581 0.03540041
v 0.00366212 0.13769534 0.04858400
v 0.00463868 0.13769534 0.04614259
v 0.00317384 0.14550784 0.04809572
v 0.00366212 0.14550784 0.04614259
v 0.00659180 0.15283206 0.05004884
v 0.00610352 0.15625003 0.05004884
v 0.00805665 0.15283206 0.04614259
v 0.00708008 0.15625003 0.04614259
v 0.00366212 0.13769534 0.04418947
v 0.00317383 0.14550784 0.04418947
v 0.00659180 0.15283206 0.04223634
v 0.00610352 0.15625003 0.04272462
v 0.04028320 0.11572269 -0.02319335
v 0.15747070 0.11425785 0.00610351
v 0.15502930 0.11572269 -0.02319336
v 0.15893558 0.05615239 0.23754883
v 0.15893558 0.04687504 0.21752930
v 0.16333011 0.04589848 0.21411133
v 0.21069339 0.04589848 0.21411131
v 0.21704105 0.05371098 0.23315428
v 0.21606448 0.04833989 0.21850584
v 0.13696292 0.08593754 0.18969727
v 0.13696292 0.10205083 0.20043945
v 0.21069339 0.11962895 0.19995116
v 0.18725589 0.07421879 0.23315428
v 0.15893558 0.07421879 0.23315430
v 0.15893558 0.07421879 0.21118164
v 0.16821292 0.06689458 0.23364258
v 0.16772464 0.06689458 0.23461914
v 0.16430667 0.06689458 0.23266602
v 0.16772464 0.06787114 0.23559570
v 0.16235355 0.06933598 0.23217773
v 0.16186526 0.06982426 0.22973633
v 0.21215823 0.05615239 0.23754881
v 0.21215823 0.07421879 0.23315428
v 0.18627933 0.06689458 0.23266600
v 0.18286136 0.06689458 0.23461913
v 0.18286136 0.06689458 0.23364256
v 0.18334964 0.06787114 0.23559569
v 0.18823245 0.06933598 0.23217772
v 0.18920901 0.06982426 0.22973631
v 0.16723636 0.06933598 0.23657227
v 0.16723636 0.07324223 0.23706055
v 0.16430667 0.08300786 0.23803711
v 0.16333011 0.08349614 0.23461914
v 0.16723636 0.08300786 0.23803711
v 0.16333011 0.09082036 0.23608398
v 0.16235355 0.09082036 0.23461914
v 0.16235355 0.08349614 0.23315430
v 0.16430667 0.09033208 0.23950195
v 0.16235355 0.07373051 0.23266602
v 0.15893558 0.09375004 0.23754883
v 0.15893558 0.10302739 0.21752930
v 0.16137698 0.08349614 0.23168945
v 0.16186526 0.09082036 0.23266602
v 0.16186526 0.09472661 0.23364258
v 0.16430667 0.09667973 0.23364258
v 0.16772464 0.09033208 0.23950195
v 0.16821292 0.09667973 0.23803711
v 0.16821292 0.09716801 0.23706055
v 0.16186526 0.07421879 0.23022461
v 0.16284183 0.07470708 0.22778320
v 0.16528323 0.07470708 0.22729492
v 0.16284183 0.08398442 0.22875977
v 0.16528323 0.08398442 0.22778320
v 0.17553714 0.07177739 0.22680663
v 0.17553714 0.07470708 0.22680663
v 0.17553714 0.08398442 0.22778319
v 0.16284183 0.09082036 0.23022461
v 0.16528323 0.09082036 0.22924805
v 0.17553714 0.09326176 0.22973631
v 0.17553714 0.09082036 0.22924803
v 0.18334964 0.06933598 0.23657225
v 0.18334964 0.07324223 0.23706053
v 0.18676761 0.08300786 0.23803709
v 0.18334964 0.08300786 0.23803709
v 0.18774417 0.08349614 0.23461913
v 0.18334964 0.09033208 0.23950194
v 0.18676761 0.09033208 0.23950194
v 0.18774417 0.09082036 0.23608397
v 0.18286136 0.09667973 0.23803709
v 0.18286136 0.09716801 0.23706053
v 0.18676761 0.09667973 0.23364256
v 0.21215823 0.09375004 0.23754881
v 0.18872073 0.09082036 0.23461913
v 0.18920901 0.09472661 0.23364256
v 0.18579105 0.07470708 0.22729491
v 0.18579105 0.08398442 0.22778319
v 0.18823245 0.07470708 0.22778319
v 0.18823245 0.08398442 0.22875975
v 0.18579105 0.09082036 0.22924803
v 0.18823245 0.09082036 0.23022459
v 0.16333011 0.07421879 0.20776367
v 0.21069339 0.07421879 0.20776366
v 0.16333011 0.10400395 0.21411133
v 0.21069339 0.10400395 0.21411131
v 0.21704105 0.07421879 0.22924803
v 0.21606448 0.07421879 0.21313475
v 0.18872073 0.08349614 0.23315428
v 0.18872073 0.07373051 0.23266600
v 0.18920901 0.08349614 0.23168944
v 0.18920901 0.09082036 0.23266600
v 0.18920901 0.07421879 0.23022459
v 0.20239261 0.08300786 0.23168944
v 0.20239261 0.08789067 0.23022459
v 0.20239261 0.10009770 0.23413084
v 0.20239261 0.10156254 0.23754881
v 0.21704105 0.09619145 0.23315428
v 0.21606448 0.10156255 0.21850584
v 0.21118167 0.06640629 0.18920897
v 0.21215823 0.08300786 0.19116209
v 0.19995120 0.06640629 0.17944334
v 0.20532230 0.08300786 0.18139647
v 0.21801761 0.11523442 0.20532225
v 0.21997073 0.11718754 0.20092772
v 0.20532228 0.08300786 0.13989256
v 0.19995119 0.06640629 0.13452147
v 0.19995116 0.06640628 -0.14282228
v 0.19897462 0.06787114 0.13354491
v 0.20385744 0.08300786 0.13842772
v 0.19897459 0.06787112 -0.14233400
v 0.19311525 0.06787114 0.13354491
v 0.19799806 0.08300786 0.13842772
v 0.19311522 0.06787112 -0.14233400
v 0.20092775 0.06933598 0.13256834
v 0.20532228 0.08300786 0.13696288
v 0.20092772 0.06933597 -0.14135744
v 0.20532225 0.08300784 -0.15551759
v 0.20385744 0.15283208 0.14184569
v 0.19604494 0.15283208 0.14038084
v 0.20922853 0.15283208 0.14184569
v 0.21118166 0.15283208 0.14038084
v 0.21118163 0.15283206 -0.16625978
v 0.19409181 0.20117192 0.13598631
v 0.19995119 0.20117192 0.13598631
v 0.13208009 0.06982426 0.03833008
v 0.14038087 0.09228519 0.05200195
v 0.14819336 0.06982426 0.01928711
v 0.16235352 0.09814457 0.01928711
v 0.16479492 0.09960941 0.00610351
v 0.15209961 0.06982426 0.00610351
v 0.16235352 0.10107426 -0.02319336
v 0.14965820 0.06982426 -0.02026367
v 0.10327153 0.19580083 0.35278320
v 0.10424809 0.19677739 0.35327148
v 0.16772467 0.17089850 0.42260742
v 0.16674809 0.19482428 0.35229492
v 0.10473637 0.20751958 0.29125977
v 0.10571293 0.20800786 0.29125977
v 0.16674808 0.20654301 0.29028320
v 0.10620119 0.22314458 0.18823242
v 0.16674806 0.22265629 0.16967773
v 0.16772465 0.19384772 0.35229492
v 0.16870122 0.19482428 0.35229492
v 0.18041997 0.19335943 0.35180664
v 0.18090825 0.19238287 0.35180664
v 0.18188481 0.19287115 0.35180664
v 0.16772464 0.20556645 0.29028320
v 0.16870120 0.20654301 0.29028320
v 0.18041995 0.20556645 0.29028320
v 0.18090823 0.20458989 0.28979492
v 0.10375979 0.22412114 0.18237305
v 0.10375979 0.22363286 0.18090820
v 0.00659181 0.21923831 0.14233400
v 0.00805666 0.21728519 0.14233400
v 0.00854494 0.22070315 0.14379884
v 0.00561525 0.22167972 0.14233400
v 0.00463869 0.22167972 0.13940431
v 0.00561525 0.21875003 0.13940431
v 0.00805666 0.21630862 0.13940431
v 0.00659181 0.22412112 0.14233400
v 0.00561525 0.22460940 0.13940431
v 0.01196291 0.22119144 0.14916994
v 0.00903322 0.22119144 0.14916994
v 0.00903322 0.21777347 0.14916994
v 0.01196291 0.21777347 0.14916994
v 0.00903322 0.22119144 0.14477541
v 0.00903322 0.21777347 0.14477541
v 0.01196291 0.22216800 0.14868166
v 0.01196291 0.22119144 0.14477541
v 0.01196291 0.21777347 0.14477541
v 0.01196291 0.22216800 0.14526369
v 0.00952150 0.22167972 0.14575197
v 0.00952150 0.22070315 0.14624025
v 0.01049806 0.22021487 0.14672853
v 0.00952150 0.22119144 0.14575197
v 0.00952150 0.22216800 0.14575197
v 0.00952150 0.22119144 0.14379884
v 0.01049806 0.22070315 0.14575197
v 0.01049806 0.22216800 0.14575197
v 0.01000978 0.22265628 0.14575197
v 0.01000978 0.22265628 0.14379884
v 0.01147463 0.22070315 0.14624025
v 0.01147463 0.22119144 0.14575197
v 0.01147463 0.22167972 0.14575197
v 0.01147463 0.22216800 0.14575197
v 0.01098634 0.22265628 0.14575197
v 0.01098634 0.21679690 0.14233400
v 0.01098634 0.21582034 0.13940431
v 0.01342775 0.21728519 0.14233400
v 0.01391603 0.21630862 0.13940431
v 0.00952150 0.22363284 0.14379884
v 0.00805666 0.22607425 0.14233400
v 0.01489259 0.21923831 0.14233400
v 0.01586916 0.21875003 0.13940431
v 0.01586916 0.22167972 0.14233400
v 0.01684572 0.22167972 0.13940431
v 0.01489259 0.22412112 0.14233400
v 0.01342775 0.22607425 0.14233400
v 0.00463869 0.22167972 0.13793947
v 0.00561525 0.21875003 0.13793947
v 0.00805666 0.21630862 0.13793947
v 0.00561525 0.22167972 0.13793947
v 0.00610353 0.21923831 0.13793947
v 0.00805666 0.21728519 0.13793947
v 0.00561525 0.22460940 0.13793947
v 0.00610353 0.22412112 0.13793947
v 0.01098634 0.21582034 0.13793947
v 0.01098634 0.21630862 0.13793947
v 0.01391603 0.21630862 0.13793947
v 0.01342775 0.21728519 0.13793947
v 0.01538088 0.21923831 0.13793947
v 0.01586916 0.21875003 0.13793947
v 0.01586916 0.22167972 0.13793947
v 0.01684572 0.22167972 0.13793947
v 0.01586916 0.22460940 0.13940431
v 0.02905275 0.21777347 0.14916994
v 0.02905275 0.22119144 0.14916994
v 0.02905275 0.22119144 0.14477541
v 0.02905275 0.21777347 0.14477541
v 0.03198244 0.22119144 0.14916994
v 0.03198244 0.21777347 0.14916994
v 0.02905275 0.22216800 0.14868166
v 0.02905275 0.22216800 0.14526369
v 0.02563478 0.21923831 0.14233400
v 0.02758791 0.21728519 0.14233400
v 0.02514650 0.22167972 0.14233400
v 0.02709963 0.21630862 0.13940431
v 0.02514650 0.21875003 0.13940431
v 0.02416994 0.22167972 0.13940431
v 0.02563478 0.22412112 0.14233400
v 0.02514650 0.22460940 0.13940431
v 0.03198244 0.22119144 0.14477541
v 0.03198244 0.21777347 0.14477541
v 0.02905275 0.22167972 0.14575197
v 0.02905275 0.22070315 0.14624025
v 0.03051759 0.22021487 0.14672853
v 0.03051759 0.22216800 0.14575197
v 0.02954103 0.22119144 0.14575197
v 0.02905275 0.22216800 0.14575197
v 0.03002931 0.22265628 0.14575197
v 0.03149416 0.22070315 0.14624025
v 0.03051759 0.22070315 0.14575197
v 0.03100588 0.22119144 0.14379884
v 0.03100588 0.22119144 0.14575197
v 0.03149416 0.22216800 0.14575197
v 0.03100588 0.22265628 0.14575197
v 0.03100588 0.22265628 0.14379884
v 0.03149416 0.22167972 0.14575197
v 0.03002931 0.21679690 0.14233400
v 0.03002931 0.21582034 0.13940431
v 0.03247072 0.21728519 0.14233400
v 0.03295900 0.21630862 0.13940431
v 0.02758791 0.22607425 0.14233400
v 0.03198244 0.22070315 0.14379884
v 0.03149416 0.22363284 0.14379884
v 0.01586916 0.22460940 0.13793947
v 0.01538087 0.22412112 0.13793947
v 0.02514650 0.21875003 0.13793947
v 0.02709962 0.21630862 0.13793947
v 0.02416994 0.22167972 0.13793947
v 0.02465822 0.22167972 0.13793947
v 0.02563478 0.21923831 0.13793947
v 0.02758791 0.21728519 0.13793947
v 0.03002931 0.21582034 0.13793947
v 0.03002931 0.21630862 0.13793947
v 0.02514650 0.22460940 0.13793947
v 0.02563478 0.22412112 0.13793947
v 0.03295900 0.21630862 0.13793947
v 0.03295900 0.21728519 0.13793947
v 0.10327151 0.22412114 0.17944336
v 0.03442384 0.21923831 0.14233400
v 0.03540041 0.21875003 0.13940431
v 0.03491212 0.22167972 0.14233400
v 0.03588869 0.22167972 0.13940431
v 0.03442384 0.22412112 0.14233400
v 0.03247072 0.22607425 0.14233400
v 0.03540041 0.22460940 0.13940431
v 0.05834962 0.20605473 0.14086914
v 0.04907228 0.20214848 0.13256837
v 0.04077150 0.19970706 0.12133790
v 0.03540041 0.21875003 0.13793947
v 0.03491212 0.21923831 0.13793947
v 0.03540041 0.22167972 0.13793947
v 0.03588869 0.22167972 0.13793947
v 0.03491212 0.22412112 0.13793947
v 0.03540041 0.22460940 0.13793947
v 0.06518556 0.21289067 0.14721680
v 0.06713869 0.20947270 0.14721680
v 0.04907228 0.20849612 0.10083009
v 0.05834962 0.21630862 0.10083009
v 0.06713868 0.22167972 0.10083009
v 0.06518556 0.22558597 0.10766602
v 0.04077150 0.19970706 0.10083009
v 0.00805666 0.22656253 0.13940431
v 0.01098634 0.22656253 0.14233400
v 0.01098634 0.22753909 0.13940431
v 0.01391603 0.22656253 0.13940431
v 0.00805666 0.22656253 0.13793947
v 0.00805666 0.22607425 0.13793947
v 0.01098634 0.22753909 0.13793947
v 0.01098634 0.22705081 0.13793947
v 0.01342775 0.22607425 0.13793947
v 0.01391603 0.22656253 0.13793947
v 0.02709962 0.22656253 0.13940431
v 0.03002931 0.22656253 0.14233400
v 0.03002931 0.22753909 0.13940431
v 0.03295900 0.22656253 0.13940431
v 0.02709962 0.22656253 0.13793947
v 0.02758791 0.22607425 0.13793947
v 0.03002931 0.22753909 0.13793947
v 0.03002931 0.22705081 0.13793947
v 0.03295900 0.22607425 0.13793947
v 0.03295900 0.22656253 0.13793947
v 0.08471680 0.19970706 0.06811524
v 0.08813478 0.17773442 0.12475586
v 0.08959962 0.18164067 0.12573242
v 0.08666993 0.20654300 0.07006836
v 0.09399416 0.18457036 0.12670898
v 0.09155274 0.21191409 0.07202148
v 0.07592775 0.21191411 0.15161133
v 0.07446291 0.21582036 0.15161133
v 0.07446290 0.22998050 0.10766602
v 0.07592774 0.22607425 0.10083009
v 0.08276369 0.21777348 0.15405273
v 0.08374025 0.21337895 0.15405273
v 0.08374024 0.22851565 0.10083009
v 0.08276368 0.23242190 0.10766602
v 0.09106447 0.21875004 0.15502930
v 0.09155275 0.21435551 0.15502930
v 0.09155274 0.22998051 0.10083008
v 0.09106446 0.23388676 0.10766602
v 0.09887697 0.21923833 0.15600586
v 0.09887697 0.21484379 0.15551758
v 0.09887696 0.23046879 0.10083008
v 0.09887696 0.23437504 0.10766602
v 0.16577150 0.22265629 0.16186523
v 0.16479494 0.22314458 0.16040039
v 0.09936525 0.18603520 0.12719727
v 0.09887696 0.21484378 0.07299805
v 0.10620119 0.18603520 0.12719727
v 0.10668946 0.21484378 0.07299805
v 0.11157228 0.18457036 0.12670898
v 0.11401368 0.21191409 0.07202148
v 0.11596681 0.18164067 0.12573242
v 0.11743166 0.17773442 0.12475586
v 0.12084962 0.19970706 0.06811523
v 0.11889649 0.20654300 0.07006836
v 0.10668947 0.21923833 0.15600586
v 0.10668947 0.21484379 0.15551758
v 0.10668946 0.23046879 0.10083008
v 0.10668946 0.23437504 0.10766602
v 0.11450197 0.21875004 0.15502930
v 0.11401369 0.21435551 0.15502930
v 0.11401368 0.22998051 0.10083008
v 0.11450196 0.23388676 0.10766602
v 0.12280275 0.21777348 0.15405273
v 0.12182619 0.21337895 0.15405273
v 0.12182618 0.22851567 0.10083008
v 0.12280274 0.23242192 0.10766602
v 0.13110353 0.21582036 0.15161133
v 0.12963869 0.21191411 0.15161133
v 0.12963869 0.22607426 0.10083008
v 0.13110353 0.22998051 0.10766602
v 0.02612306 0.19189456 0.08666994
v 0.02954102 0.19140628 0.08666993
v 0.02905274 0.18945315 0.08569337
v 0.03393556 0.18701175 0.08569337
v 0.02954102 0.20898440 0.09252930
v 0.00170900 0.19482425 0.09692384
v 0.00170900 0.20605472 0.10083009
v 0.00170900 0.20605472 0.09741212
v 0.00170900 0.19482425 0.09350587
v 0.00219728 0.19287112 0.09301759
v 0.00219728 0.19287112 0.09643556
v 0.00415040 0.19238284 0.09252931
v 0.00415040 0.19238284 0.09594728
v 0.02026368 0.19238284 0.09252931
v 0.02026368 0.19238284 0.09594728
v 0.00219728 0.20751956 0.10131837
v 0.00219728 0.20751956 0.09790041
v 0.00415040 0.20849612 0.09838869
v 0.00415040 0.20849612 0.10180666
v 0.02026368 0.20849612 0.09838869
v 0.02026368 0.20849612 0.10180666
v 0.02221681 0.19287112 0.09301759
v 0.02221681 0.19287112 0.09643556
v 0.02270509 0.19482425 0.09350587
v 0.02270509 0.19482425 0.09692384
v 0.02270509 0.20605472 0.09741212
v 0.02270509 0.20605472 0.10083009
v 0.02221681 0.20751956 0.09790041
v 0.02221681 0.20751956 0.10131837
v 0.02661134 0.19335940 0.08715822
v 0.02661134 0.20703128 0.09155275
v 0.02612306 0.20849612 0.09204103
v 0.02905274 0.21093753 0.09301759
v 0.03686525 0.18408206 0.09643555
v 0.04614259 0.18652347 0.12133790
v 0.04614259 0.18652347 0.10766602
v 0.05249025 0.18798831 0.10766602
v 0.05249025 0.18798831 0.12133790
v 0.04809572 0.19091800 0.12133790
v 0.05200197 0.19238284 0.12133790
v 0.03686525 0.18408206 0.08569337
v 0.04614259 0.18652347 0.09936524
v 0.05249025 0.18798831 0.09936524
v 0.04711915 0.18896487 0.09936524
v 0.05249025 0.19042972 0.09936524
v 0.03930665 0.19970706 0.09936524
v 0.04809571 0.19091800 0.10083009
v 0.05200196 0.19238284 0.10083009
v 0.15307619 0.18798833 0.10766601
v 0.15307619 0.18798833 0.12133788
v 0.15356447 0.19238286 0.12133788
v 0.15307619 0.18798833 0.09936523
v 0.15307619 0.19042973 0.09936523
v 0.15356447 0.19238286 0.10083007
v 0.04760743 0.20947269 0.09936524
v 0.05737306 0.21777347 0.09936524
v 0.06518555 0.22558597 0.09936524
v 0.06616212 0.22363284 0.09936524
v 0.06225587 0.21484378 0.06323243
v 0.05981446 0.21582034 0.06323243
v 0.05834962 0.20068362 0.05834962
v 0.06079102 0.20068362 0.05883790
v 0.06713868 0.22900394 0.06713868
v 0.06909180 0.22753909 0.06713868
v 0.07055665 0.22705081 0.06567384
v 0.06420899 0.21484378 0.06176758
v 0.06274415 0.20117190 0.05737305
v 0.05688477 0.20068362 0.05639649
v 0.05834962 0.21630862 0.06127930
v 0.06616212 0.23046878 0.06567384
v 0.05639649 0.20117190 0.05493165
v 0.06127930 0.18603519 0.05004884
v 0.06225587 0.18603519 0.05200196
v 0.06323243 0.18603519 0.05395509
v 0.07299805 0.17285159 0.04809571
v 0.07397462 0.17285159 0.05004883
v 0.07250977 0.17236331 0.04565430
v 0.05688477 0.20214847 0.05297852
v 0.06225586 0.18701175 0.04809571
v 0.07299805 0.17382815 0.04418946
v 0.05883789 0.20263675 0.05151368
v 0.06372071 0.18798831 0.04711915
v 0.07397462 0.17529300 0.04272461
v 0.05737305 0.21728519 0.05932618
v 0.05834961 0.21777347 0.05737305
v 0.06567384 0.18701175 0.05444337
v 0.06713868 0.18798831 0.05346680
v 0.06030274 0.21777347 0.05639649
v 0.06225586 0.21728519 0.05493164
v 0.06079102 0.20312503 0.05053712
v 0.06567384 0.18945315 0.04663087
v 0.06713868 0.18945315 0.04809571
v 0.06274415 0.20263675 0.05200196
v 0.06372071 0.21630862 0.05639649
v 0.06518555 0.23144534 0.06372071
v 0.06616212 0.23144534 0.06176758
v 0.06713868 0.23144534 0.05981446
v 0.06909180 0.22998050 0.05883789
v 0.07055665 0.22900394 0.06030274
v 0.08959962 0.17382817 0.12377930
v 0.08666993 0.19335940 0.06616211
v 0.09301759 0.19238284 0.05590821
v 0.09399416 0.17089848 0.12280273
v 0.08813478 0.19091801 0.11401367
v 0.08520509 0.18945317 0.11303712
v 0.08520509 0.18701176 0.11499024
v 0.08813478 0.18750004 0.11645508
v 0.08520509 0.16699223 0.10424805
v 0.08520509 0.16748051 0.10717774
v 0.08813478 0.16650395 0.10864258
v 0.08520509 0.18115237 0.06762696
v 0.08520509 0.20361331 0.07592774
v 0.08813477 0.20556644 0.07641602
v 0.11743166 0.19091801 0.11401367
v 0.11743166 0.18750004 0.11645508
v 0.11743166 0.16650395 0.10864258
v 0.11743165 0.20556644 0.07641602
v 0.08813478 0.16503911 0.10424805
v 0.08813477 0.17968753 0.06665039
v 0.11743166 0.16503911 0.10424805
v 0.11743165 0.17968754 0.06665039
v 0.07495118 0.22753909 0.09936524
v 0.08569337 0.20312503 0.11254883
v 0.08374025 0.20800784 0.11401368
v 0.08374025 0.20898440 0.11010743
v 0.08569337 0.20361331 0.10913086
v 0.09106447 0.19970706 0.10864258
v 0.09106447 0.19921878 0.11206055
v 0.09838869 0.19775394 0.10815430
v 0.09838869 0.19677737 0.11157227
v 0.08764650 0.20458987 0.10961914
v 0.08862306 0.20458987 0.11059570
v 0.09301759 0.20117190 0.10961914
v 0.09252931 0.20068362 0.10864258
v 0.08618166 0.20898440 0.11010742
v 0.08715822 0.20849612 0.11108398
v 0.09936525 0.19921878 0.10913086
v 0.09887697 0.19873050 0.10815430
v 0.08569337 0.21289065 0.11499023
v 0.08569337 0.21386722 0.11157227
v 0.09106447 0.21777347 0.11206055
v 0.09106447 0.21728519 0.11596680
v 0.08764650 0.21337894 0.11108398
v 0.09252931 0.21679690 0.11206055
v 0.08862306 0.21289065 0.11206055
v 0.09301759 0.21582034 0.11303711
v 0.09838869 0.22021487 0.11254883
v 0.09838869 0.21923831 0.11596680
v 0.09936525 0.21777347 0.11303711
v 0.09887697 0.21875003 0.11254883
v 0.08520509 0.18652347 0.06713868
v 0.08813477 0.18310550 0.06469727
v 0.08520509 0.20068362 0.07250977
v 0.08813477 0.20410159 0.07250977
v 0.11743165 0.18310551 0.06469727
v 0.11743165 0.20410159 0.07250977
v 0.08959962 0.19873050 0.05346680
v 0.08813477 0.20410159 0.05493164
v 0.08959962 0.20947269 0.05688477
v 0.09399415 0.19433597 0.05200196
v 0.09399415 0.21337894 0.05786133
v 0.09936524 0.21582034 0.05883789
v 0.09936524 0.18945315 0.05493164
v 0.09936525 0.16943364 0.12231445
v 0.10620118 0.18945315 0.05493164
v 0.10620119 0.16943364 0.12231445
v 0.11254884 0.19238284 0.05590820
v 0.11157228 0.17089848 0.12280273
v 0.11889649 0.19335940 0.06616211
v 0.11596681 0.17382817 0.12377930
v 0.12036134 0.18701176 0.11499023
v 0.12036134 0.18945317 0.11303711
v 0.12036134 0.16748051 0.10717773
v 0.12036134 0.16699223 0.10424805
v 0.12036134 0.20361331 0.07592773
v 0.12036134 0.18115239 0.06762695
v 0.10717775 0.19775394 0.10815430
v 0.10717775 0.19677737 0.11157227
v 0.10620119 0.19921878 0.10913086
v 0.11450197 0.19970706 0.10864258
v 0.11450197 0.19921878 0.11206055
v 0.11254884 0.20117190 0.10961914
v 0.10717775 0.22021487 0.11254883
v 0.10717775 0.21923831 0.11596680
v 0.10620119 0.21777347 0.11303711
v 0.10668947 0.21875003 0.11254883
v 0.11450197 0.21777347 0.11206055
v 0.11450197 0.21728519 0.11596680
v 0.11254884 0.21582034 0.11303711
v 0.11303712 0.21679690 0.11206055
v 0.10668947 0.19873050 0.10815430
v 0.11303712 0.20068362 0.10864258
v 0.11987306 0.20361331 0.10913086
v 0.11987306 0.20312503 0.11254883
v 0.11694337 0.20458987 0.11059570
v 0.11791994 0.20458987 0.10961914
v 0.11840822 0.20849612 0.11108398
v 0.11938478 0.20898440 0.11010742
v 0.12182619 0.20898440 0.11010742
v 0.12182619 0.20800784 0.11401367
v 0.11694337 0.21289065 0.11206055
v 0.11791994 0.21337894 0.11108398
v 0.11987306 0.21386722 0.11157227
v 0.11987306 0.21289065 0.11499023
v 0.12036134 0.18652348 0.06713867
v 0.12036134 0.20068362 0.07250977
v 0.10620118 0.21582034 0.05883789
v 0.11157227 0.21337894 0.05786132
v 0.11596680 0.19873050 0.05346680
v 0.11743165 0.20410159 0.05493164
v 0.11596680 0.20947269 0.05688476
v 0.11157227 0.19433597 0.05200195
v 0.07446290 0.22998050 0.09936524
v 0.08276368 0.23242190 0.09936524
v 0.08325196 0.23046878 0.09936524
v 0.09106446 0.23388676 0.09936523
v 0.09106446 0.23144536 0.09936523
v 0.09887696 0.23437504 0.09936523
v 0.09887696 0.23242192 0.09936523
v 0.07788087 0.24218753 0.06713868
v 0.07836915 0.24072269 0.06909180
v 0.07934571 0.23925784 0.07055665
v 0.08081055 0.23730472 0.07006837
v 0.08178712 0.23632815 0.06860352
v 0.07836915 0.24218753 0.06518555
v 0.07153321 0.22705081 0.06372071
v 0.08227540 0.23632815 0.06616212
v 0.06469727 0.21533206 0.05981446
v 0.08227540 0.23681644 0.06420899
v 0.07153321 0.22753909 0.06176758
v 0.06469727 0.21582034 0.05786133
v 0.09448243 0.24658206 0.07055663
v 0.09399415 0.24804690 0.06909179
v 0.09448243 0.24755862 0.06665038
v 0.09497071 0.24267581 0.07153320
v 0.09545899 0.24121097 0.07006836
v 0.09545899 0.24121097 0.06811523
v 0.09448243 0.24462894 0.07202148
v 0.09545899 0.24169925 0.06567383
v 0.08129884 0.23828128 0.06274415
v 0.09545899 0.24316409 0.06469727
v 0.09497071 0.24511722 0.06372070
v 0.08081055 0.23974612 0.06225586
v 0.09448243 0.24707034 0.06469726
v 0.07934571 0.24169925 0.06274415
v 0.10668946 0.23437504 0.09936523
v 0.10668946 0.23242192 0.09936523
v 0.11450196 0.23388676 0.09936523
v 0.11450196 0.23144536 0.09936523
v 0.12280274 0.23242192 0.09936523
v 0.12231446 0.23046879 0.09936523
v 0.13110353 0.22998051 0.09936523
v 0.13061525 0.22753911 0.09936523
v 0.11108399 0.24462894 0.07202148
v 0.11059571 0.24267581 0.07153320
v 0.11010743 0.24121097 0.07006836
v 0.11108399 0.24658206 0.07055663
v 0.11157227 0.24804690 0.06909179
v 0.11010743 0.24121097 0.06811523
v 0.11010743 0.24169925 0.06567383
v 0.11010743 0.24316409 0.06469727
v 0.11059571 0.24511722 0.06372070
v 0.11108399 0.24707034 0.06469726
v 0.11108399 0.24755862 0.06665038
v 0.12377930 0.23632815 0.06860352
v 0.12475587 0.23730472 0.07006836
v 0.12329102 0.23632815 0.06616211
v 0.13647461 0.22753909 0.06713867
v 0.13500977 0.22705081 0.06567383
v 0.13403320 0.22705081 0.06372070
v 0.12622070 0.23925784 0.07055664
v 0.13842773 0.22900394 0.06713867
v 0.12329102 0.23681644 0.06420898
v 0.13403320 0.22753909 0.06176757
v 0.12426759 0.23828128 0.06274414
v 0.13500977 0.22900394 0.06030273
v 0.12475587 0.23974612 0.06225586
v 0.13647461 0.22998050 0.05883788
v 0.12670898 0.24072269 0.06909180
v 0.12768555 0.24218753 0.06713867
v 0.12622070 0.24169925 0.06274414
v 0.12670898 0.24218753 0.06518555
v 0.07543946 0.17431644 0.05102539
v 0.08764649 0.16894534 0.04760743
v 0.08813477 0.16943362 0.04858399
v 0.08911134 0.17138675 0.05004883
v 0.08715821 0.16845706 0.04467774
v 0.07690430 0.17626956 0.05004883
v 0.09008790 0.17382815 0.04907227
v 0.06811524 0.18896487 0.05200196
v 0.07739259 0.17724612 0.04809571
v 0.09057618 0.17431644 0.04760743
v 0.07543946 0.17675784 0.04272461
v 0.06372071 0.20166019 0.05590821
v 0.07739259 0.17773440 0.04614258
v 0.06811524 0.18945315 0.05004884
v 0.06372071 0.20214847 0.05395509
v 0.07690430 0.17773440 0.04418946
v 0.09057618 0.17529300 0.04565430
v 0.08764649 0.17041019 0.04223633
v 0.08813477 0.17187503 0.04223633
v 0.08911134 0.17382815 0.04174805
v 0.09008790 0.17480472 0.04272461
v 0.10278321 0.16943362 0.04858398
v 0.10278321 0.16894534 0.04663086
v 0.10278321 0.16894534 0.04467773
v 0.10278321 0.17138675 0.05004883
v 0.10278321 0.17382815 0.04907227
v 0.10278321 0.17431644 0.04760742
v 0.10278321 0.17529300 0.04565430
v 0.10278321 0.16992190 0.04272461
v 0.10278321 0.17187503 0.04223633
v 0.10278321 0.17382815 0.04174805
v 0.10278321 0.17480472 0.04370117
v 0.06323243 0.20312503 0.05786134
v 0.06372071 0.20312503 0.05639649
v 0.06469727 0.20312503 0.05688477
v 0.06469727 0.20410159 0.05786133
v 0.06518555 0.21044925 0.05981446
v 0.06420899 0.21093753 0.06030274
v 0.06469727 0.20410159 0.05395508
v 0.06372071 0.20361331 0.05444336
v 0.09252930 0.20068362 0.05981446
v 0.09252930 0.20019534 0.05883789
v 0.09252930 0.20117190 0.05590821
v 0.09301759 0.20703128 0.06176758
v 0.06323243 0.20458987 0.05297852
v 0.06469727 0.20556644 0.05346680
v 0.06518555 0.21191409 0.05541993
v 0.06420899 0.21240237 0.05541993
v 0.09252930 0.20214847 0.05541993
v 0.09301759 0.20849612 0.05737305
v 0.06567384 0.21142581 0.05932618
v 0.06469727 0.21240237 0.05883789
v 0.09350587 0.20849612 0.06127930
v 0.06469727 0.21289065 0.05737305
v 0.06567384 0.21240237 0.05688477
v 0.09350587 0.20898440 0.05834961
v 0.09936524 0.19189456 0.05102539
v 0.09350587 0.20019534 0.05249024
v 0.09252930 0.20410159 0.05395508
v 0.09350587 0.20410159 0.05444336
v 0.09448243 0.20019534 0.05297852
v 0.10131837 0.19482425 0.05102539
v 0.10180665 0.19580081 0.05151367
v 0.09594727 0.21044925 0.05590820
v 0.09838868 0.17285159 0.04907227
v 0.09936524 0.17431644 0.04907227
v 0.09838868 0.17480472 0.04809571
v 0.09790040 0.17333987 0.04858399
v 0.10620118 0.17431644 0.04907227
v 0.10717774 0.17285159 0.04907227
v 0.09838868 0.19287112 0.05688477
v 0.09936524 0.19287112 0.05786133
v 0.10620118 0.19287112 0.05786133
v 0.09838868 0.17578128 0.04565430
v 0.09790040 0.17480472 0.04467774
v 0.09838868 0.19384769 0.05395508
v 0.11547852 0.17382815 0.04907227
v 0.11645509 0.17138675 0.05004883
v 0.11743165 0.16943362 0.04858398
v 0.11791993 0.16894534 0.04760742
v 0.11499024 0.17431644 0.04760742
v 0.11499024 0.17529300 0.04565430
v 0.10766602 0.17333987 0.04858398
v 0.10717774 0.17480472 0.04809570
v 0.10717774 0.19287112 0.05688477
v 0.10766602 0.17480472 0.04467773
v 0.10717774 0.17578128 0.04565430
v 0.10717774 0.19384769 0.05395508
v 0.10620118 0.19189456 0.05102539
v 0.09838868 0.17480472 0.04370118
v 0.09936524 0.17578128 0.04467774
v 0.09936524 0.19433597 0.05297852
v 0.10620118 0.17578128 0.04467773
v 0.10717774 0.17480472 0.04370117
v 0.10620118 0.19433597 0.05297852
v 0.11840821 0.16845706 0.04467773
v 0.11791993 0.17041019 0.04223633
v 0.11547852 0.17480472 0.04272461
v 0.11645509 0.17382815 0.04174805
v 0.11743165 0.17285159 0.04223633
v 0.12866211 0.17626956 0.05004882
v 0.13012695 0.17431644 0.05102539
v 0.13159180 0.17285159 0.05004882
v 0.12817383 0.17724612 0.04809570
v 0.12817383 0.17773440 0.04614257
v 0.13256836 0.17285159 0.04809570
v 0.13305664 0.17236331 0.04565429
v 0.12866211 0.17773440 0.04418945
v 0.13110352 0.17578128 0.04321289
v 0.13012695 0.17675784 0.04272461
v 0.13256836 0.17382815 0.04418945
v 0.10375977 0.19580081 0.05151367
v 0.10424805 0.19482425 0.05102539
v 0.11108399 0.20019534 0.05297852
v 0.11206055 0.20019534 0.05249023
v 0.10034180 0.21337894 0.05688476
v 0.10913087 0.20996097 0.05590820
v 0.10961915 0.21093753 0.05590820
v 0.11206055 0.20458987 0.05444336
v 0.11303712 0.20507815 0.05395507
v 0.14038086 0.21044926 0.05981445
v 0.11254884 0.20703128 0.06176757
v 0.11303712 0.20068362 0.05981445
v 0.14086914 0.20410161 0.05786132
v 0.11303712 0.20019534 0.05883789
v 0.14086914 0.20312504 0.05688476
v 0.11303712 0.20117190 0.05590820
v 0.14086914 0.20410161 0.05395507
v 0.13989258 0.21142583 0.05932616
v 0.11206055 0.20849612 0.06127929
v 0.11303712 0.20214847 0.05541992
v 0.14086914 0.20556645 0.05346679
v 0.11254884 0.20849612 0.05737304
v 0.14038086 0.21191411 0.05541991
v 0.11206055 0.20410159 0.05444336
v 0.11303712 0.20410159 0.05395507
v 0.13989258 0.21240239 0.05688476
v 0.11206055 0.20898440 0.05834961
v 0.13842773 0.23144534 0.05981445
v 0.14038087 0.21289067 0.14721680
v 0.13842775 0.20947270 0.14721680
v 0.13842775 0.22167973 0.10083008
v 0.14038087 0.22558598 0.10766602
v 0.14721681 0.20605473 0.14086914
v 0.14721681 0.21630864 0.10083007
v 0.15649416 0.20214848 0.13256836
v 0.15649416 0.20849614 0.10083007
v 0.18090822 0.22167973 0.14428709
v 0.17944337 0.22265629 0.14428709
v 0.16918947 0.19970708 0.12133788
v 0.16479494 0.19970708 0.12133788
v 0.16479494 0.19970708 0.10083007
v 0.18237306 0.19970708 0.12915038
v 0.16918947 0.24365239 0.11108398
v 0.17016603 0.24169926 0.10913085
v 0.17065431 0.24316411 0.11059570
v 0.17114259 0.24511723 0.10961913
v 0.17602541 0.24511723 0.10131835
v 0.17944333 0.22167972 -0.15454103
v 0.17797853 0.24511723 0.08911132
v 0.17797853 0.24511722 0.08520507
v 0.17895508 0.24316409 0.07836913
v 0.15747072 0.19091801 0.12133788
v 0.15942384 0.18652348 0.12133788
v 0.15942384 0.18652348 0.09936523
v 0.15844728 0.18896489 0.09936523
v 0.15747072 0.19091801 0.10083007
v 0.14819337 0.21777348 0.09936523
v 0.13940431 0.22363286 0.09936523
v 0.15795900 0.20947270 0.09936523
v 0.14038087 0.22558598 0.09936523
v 0.14331055 0.21484379 0.06323241
v 0.14135742 0.21484379 0.06176757
v 0.14575195 0.21582036 0.06323241
v 0.14282227 0.20117192 0.05737304
v 0.14477539 0.20068364 0.05883789
v 0.14721680 0.20068364 0.05834961
v 0.13940430 0.23046878 0.06567383
v 0.14721680 0.21630864 0.06127929
v 0.14868164 0.20068364 0.05639648
v 0.18237306 0.18652348 0.09936523
v 0.16625978 0.19970708 0.09936523
v 0.17163086 0.23925784 0.07690429
v 0.18139650 0.22070317 0.07788085
v 0.18188474 0.22363284 -0.15307619
v 0.18530275 0.21923833 0.07836913
v 0.18725587 0.21972661 0.07788085
v 0.18774411 0.22216800 -0.15454103
v 0.18579099 0.22216800 -0.15454103
v 0.17456055 0.24072269 0.07690429
v 0.18530275 0.22070317 0.07690429
v 0.18579099 0.22363284 -0.15307619
v 0.14086914 0.21533208 0.05981445
v 0.14086914 0.21582036 0.05786132
v 0.14038086 0.23144534 0.06372070
v 0.14819336 0.21728520 0.05932616
v 0.13940430 0.23144534 0.06176757
v 0.14721680 0.21777348 0.05737304
v 0.14331055 0.29589847 -0.00659181
v 0.14624023 0.29785159 -0.00610353
v 0.14770508 0.30322269 -0.00415040
v 0.14819336 0.30126956 -0.00561525
v 0.22094727 0.24267581 0.08374022
v 0.22436523 0.24267581 0.05883787
v 0.22680664 0.21923833 0.06079100
v 0.13989258 0.18701175 0.05444336
v 0.13842773 0.18798831 0.05346679
v 0.13745117 0.18896487 0.05200195
v 0.14233398 0.18603519 0.05395507
v 0.14331055 0.18603519 0.05200195
v 0.14428711 0.18603519 0.05004882
v 0.13745117 0.18945315 0.05004882
v 0.14184570 0.20166020 0.05590820
v 0.14184570 0.20214848 0.05395507
v 0.13842773 0.18945315 0.04809570
v 0.14282227 0.20263676 0.05200195
v 0.13989258 0.18945315 0.04663086
v 0.14477539 0.20312504 0.05053711
v 0.14184570 0.18798831 0.04711914
v 0.14331055 0.18701175 0.04809570
v 0.14672852 0.20263676 0.05151367
v 0.14965820 0.20117192 0.05444336
v 0.14868164 0.20214848 0.05297851
v 0.14233398 0.20312504 0.05786132
v 0.14135742 0.21142583 0.06030273
v 0.14086914 0.21240239 0.05981445
v 0.14086914 0.21337895 0.05639648
v 0.14135742 0.21289067 0.05541991
v 0.14233398 0.20458989 0.05297851
v 0.14184570 0.20263676 0.05688476
v 0.14184570 0.20361333 0.05346679
v 0.14184570 0.21630864 0.05639648
v 0.14331055 0.21728520 0.05493163
v 0.14575195 0.21777348 0.05541991
v 0.22192384 0.22167973 0.08862303
v 0.04125976 0.09277347 -0.05444334
v 0.05395507 0.06982425 -0.05444335
v 0.04858398 0.10742190 -0.05444335
v 0.06176757 0.06982425 -0.07446288
v 0.05737304 0.09472658 -0.09204101
v 0.05444335 0.10839847 -0.06860351
v 0.14672852 0.10742190 -0.05444336
v 0.14086914 0.10839847 -0.06860352
v 0.13793944 0.09472659 -0.09204102
v 0.13354492 0.06982426 -0.07446288
v 0.12719727 0.11132815 -0.07104492
v 0.06811523 0.11132815 -0.07104491
v 0.05737304 0.16650394 -0.07934570
v 0.13793944 0.16650394 -0.07934570
v 0.14135742 0.06982426 -0.05444336
v 0.15405273 0.09277347 -0.05444336
v 0.16333005 0.00537111 -0.24536133
v 0.16333005 0.02197267 -0.22143555
v 0.15893552 0.02441408 -0.22436523
v 0.15893552 0.00878908 -0.24682617
v 0.16333006 0.04589847 -0.20483398
v 0.15893553 0.04687503 -0.20825195
v 0.15893552 0.05615237 -0.22827148
v 0.15893552 0.03906253 -0.23852539
v 0.15893552 0.02880861 -0.25561523
v 0.21069333 0.00537112 -0.24536134
v 0.21069333 0.02197269 -0.22143556
v 0.21069334 0.04589847 -0.20483400
v 0.16333005 0.00000001 -0.27514648
v 0.15893552 0.00292970 -0.27514648
v 0.15893552 0.02441408 -0.27514648
v 0.21069333 0.00000003 -0.27514648
v 0.19360349 0.03515628 -0.23754884
v 0.19360349 0.02783206 -0.24731447
v 0.21606442 0.00976565 -0.24780275
v 0.21606442 0.02587894 -0.22534181
v 0.21606442 0.04833987 -0.20922853
v 0.21704099 0.05371097 -0.22436525
v 0.21704099 0.03710940 -0.23657228
v 0.21704099 0.02441409 -0.25366211
v 0.21606442 0.00341800 -0.27514648
v 0.21704099 0.02050784 -0.27514648
v 0.20874020 0.12060550 -0.19506837
v 0.16333006 0.07421878 -0.19897461
v 0.15893552 0.07421878 -0.20239258
v 0.15893552 0.07421878 -0.22436523
v 0.21069334 0.07421878 -0.19897462
v 0.15893552 0.09375003 -0.22827148
v 0.15893552 0.10302737 -0.20825195
v 0.16333005 0.10400394 -0.20483398
v 0.21069333 0.10400394 -0.20483400
v 0.18725583 0.03906253 -0.23852541
v 0.18725583 0.05615237 -0.22827150
v 0.18725583 0.07421878 -0.22436525
v 0.18725583 0.02880862 -0.25561523
v 0.18237302 0.04687503 -0.24682619
v 0.18237302 0.05957034 -0.23803712
v 0.18237302 0.07421878 -0.23510744
v 0.21215817 0.03906253 -0.23852541
v 0.21215817 0.05615237 -0.22827150
v 0.21215817 0.07421878 -0.22436525
v 0.21215817 0.02880862 -0.25561523
v 0.18237302 0.03857424 -0.25903320
v 0.19116208 0.06591799 -0.27075195
v 0.19116208 0.06738283 -0.26733398
v 0.19116208 0.07128908 -0.26586914
v 0.19116208 0.07421877 -0.26440430
v 0.18725583 0.09375003 -0.22827150
v 0.16186520 0.09082034 -0.22436523
v 0.16186520 0.08691409 -0.22290039
v 0.16284177 0.09228519 -0.22192383
v 0.16528317 0.09277347 -0.22094727
v 0.16235349 0.08593753 -0.22387695
v 0.16235349 0.08984378 -0.22583008
v 0.16430661 0.08349612 -0.22387695
v 0.16137692 0.09716800 -0.22680664
v 0.16235349 0.09667972 -0.22827148
v 0.16333005 0.09570315 -0.22973633
v 0.16284177 0.09863284 -0.22436523
v 0.16528317 0.09863284 -0.22338867
v 0.16381833 0.09472659 -0.23266602
v 0.15893552 0.12548831 -0.22436523
v 0.15893552 0.11083987 -0.23852539
v 0.18725583 0.11083987 -0.23852541
v 0.16235349 0.10498050 -0.23266602
v 0.16186520 0.10595706 -0.23071289
v 0.16284177 0.10693362 -0.22827148
v 0.16723630 0.08789065 -0.22973633
v 0.16723630 0.09472659 -0.23266602
v 0.16723630 0.10351565 -0.23706055
v 0.16821286 0.08349612 -0.22436523
v 0.17553708 0.09033206 -0.22045900
v 0.17553708 0.09277347 -0.22094728
v 0.16821286 0.08300784 -0.22534180
v 0.16772458 0.08300784 -0.22631836
v 0.17553708 0.09912112 -0.22338869
v 0.18237302 0.09033206 -0.23803712
v 0.21215817 0.09375003 -0.22827150
v 0.18579099 0.09277347 -0.22094728
v 0.18579099 0.09863284 -0.22338869
v 0.18286130 0.08349612 -0.22436525
v 0.18627927 0.08349612 -0.22387697
v 0.18286130 0.08300784 -0.22534181
v 0.18286130 0.08300784 -0.22631837
v 0.18920895 0.08691409 -0.22290041
v 0.18823239 0.08593753 -0.22387697
v 0.18823239 0.09228519 -0.22192384
v 0.18872067 0.08984378 -0.22583009
v 0.18823239 0.09863284 -0.22436525
v 0.18334958 0.08789065 -0.22973634
v 0.18676755 0.09472659 -0.23266603
v 0.18334958 0.09472659 -0.23266603
v 0.18774411 0.09570315 -0.22973634
v 0.18334958 0.10351565 -0.23706056
v 0.18237302 0.10302737 -0.24682619
v 0.21215817 0.11083987 -0.23852541
v 0.19116208 0.07861330 -0.26586914
v 0.19116208 0.08251955 -0.26733398
v 0.21215817 0.14990237 -0.21069337
v 0.21362302 0.16796878 -0.23559572
v 0.16333005 0.12792972 -0.22143555
v 0.21069333 0.12792972 -0.22143556
v 0.16528317 0.10742190 -0.22778320
v 0.16186520 0.10986331 -0.23266602
v 0.16235349 0.10888675 -0.23461914
v 0.16479489 0.11083987 -0.23657227
v 0.17553708 0.10986331 -0.22924806
v 0.17553708 0.10742190 -0.22778322
v 0.16821286 0.11035159 -0.23754883
v 0.16333005 0.14453128 -0.24536133
v 0.15893552 0.14111331 -0.24682617
v 0.15893552 0.12109378 -0.25561523
v 0.21069333 0.14453128 -0.24536134
v 0.16723630 0.10693362 -0.23852539
v 0.18725583 0.12109378 -0.25561523
v 0.16479489 0.10937503 -0.23803711
v 0.16772458 0.10888675 -0.23901367
v 0.16821286 0.10986331 -0.23852539
v 0.18579099 0.10742190 -0.22778322
v 0.18823239 0.10693362 -0.22827150
v 0.18627927 0.11083987 -0.23657228
v 0.18286130 0.11035159 -0.23754884
v 0.18920895 0.10986331 -0.23266603
v 0.18823239 0.10888675 -0.23461916
v 0.18334958 0.10693362 -0.23852541
v 0.18286130 0.10986331 -0.23852541
v 0.18334958 0.10888675 -0.23901369
v 0.18237302 0.11132815 -0.25903320
v 0.21215817 0.12109378 -0.25561523
v 0.19116208 0.08398440 -0.27075195
v 0.15893552 0.12548831 -0.27416992
v 0.15893552 0.14746097 -0.27416992
v 0.16333005 0.15087894 -0.27416992
v 0.21069333 0.15087894 -0.27416992
v 0.19995116 0.06640628 -0.17944337
v 0.20385741 0.08300784 -0.15698244
v 0.19799803 0.08300784 -0.15698244
v 0.19067381 0.08300784 -0.15014650
v 0.20385741 0.15283206 -0.16772462
v 0.19653319 0.15283206 -0.15795900
v 0.20922850 0.15283206 -0.16772462
v 0.20678709 0.06640628 -0.19018556
v 0.20971678 0.08300784 -0.19018556
v 0.21801755 0.11914065 -0.19653322
v 0.19995114 0.20117190 -0.16625978
v 0.21606442 0.07421878 -0.20385744
v 0.21704099 0.07421878 -0.21997072
v 0.21606442 0.10156253 -0.20922853
v 0.21606442 0.11669925 -0.20141603
v 0.21704099 0.09619144 -0.22436525
v 0.20092770 0.05517580 -0.27270508
v 0.20092770 0.06738283 -0.25659180
v 0.20971677 0.06738283 -0.25659180
v 0.20971677 0.05517580 -0.27270508
v 0.18920895 0.09082034 -0.22436525
v 0.18920895 0.09716800 -0.22680666
v 0.18872067 0.09667972 -0.22827150
v 0.20092770 0.09130862 -0.26147461
v 0.20092770 0.07275394 -0.25463867
v 0.20971677 0.07275394 -0.25463867
v 0.18872067 0.10498050 -0.23266603
v 0.18920895 0.10595706 -0.23071291
v 0.20971677 0.09130862 -0.26147461
v 0.21606442 0.12402347 -0.22534181
v 0.21704099 0.11279300 -0.23657228
v 0.22241208 0.15283206 -0.21459962
v 0.21997067 0.14892581 -0.21850587
v 0.22290036 0.16552737 -0.23608400
v 0.22094724 0.16064456 -0.23852541
v 0.21606442 0.14013675 -0.24780275
v 0.21704099 0.12548831 -0.25366211
v 0.21606442 0.14550784 -0.27416992
v 0.21704099 0.12939456 -0.27416992
v 0.21362302 0.17382815 -0.27661133
v 0.22094724 0.16601565 -0.27661133
v 0.22290036 0.17138675 -0.27661133
v 0.15893552 0.02880861 -0.29321289
v 0.15893552 0.00878908 -0.30249023
v 0.16333005 0.00537111 -0.30346680
v 0.21069333 0.00537112 -0.30346680
v 0.18725583 0.02441409 -0.27514648
v 0.18725583 0.02880862 -0.29321289
v 0.18237302 0.03564456 -0.27514648
v 0.21215817 0.02441409 -0.27514648
v 0.21215817 0.02880862 -0.29321289
v 0.18237302 0.03857424 -0.28979492
v 0.19116208 0.06494143 -0.27416992
v 0.19116208 0.06591799 -0.27856445
v 0.15893552 0.02441408 -0.32495117
v 0.15893552 0.03906252 -0.31079102
v 0.18725583 0.03906252 -0.31079102
v 0.16333005 0.02197267 -0.32739258
v 0.21069333 0.02197269 -0.32739258
v 0.18237302 0.04687502 -0.30249023
v 0.21215817 0.03906252 -0.31079102
v 0.15893550 0.05615237 -0.32055664
v 0.15893550 0.04687502 -0.34057617
v 0.16333003 0.04589846 -0.34399414
v 0.21069331 0.04589846 -0.34399414
v 0.21606442 0.00976565 -0.30151367
v 0.21704099 0.02441409 -0.29565430
v 0.20971677 0.05468752 -0.27856445
v 0.21606442 0.02587894 -0.32397461
v 0.21704099 0.03710940 -0.31225586
v 0.21606441 0.04833987 -0.33959961
v 0.21704097 0.05371096 -0.32495117
v 0.18725581 0.05615237 -0.32055664
v 0.19116208 0.06738283 -0.28198242
v 0.18237302 0.05957033 -0.31127930
v 0.19116208 0.07128908 -0.28344727
v 0.21215816 0.05615237 -0.32055664
v 0.18725581 0.07421877 -0.32495117
v 0.18237300 0.07421877 -0.31372070
v 0.19116208 0.07421877 -0.28491211
v 0.18725581 0.11083987 -0.31079102
v 0.18237302 0.10302737 -0.30249023
v 0.18237300 0.09033205 -0.31127930
v 0.18725581 0.09375002 -0.32055664
v 0.19116208 0.07861330 -0.28344727
v 0.19116208 0.08251955 -0.28198242
v 0.18725583 0.12548831 -0.27416992
v 0.18725583 0.12109378 -0.29321289
v 0.15893552 0.12109378 -0.29321289
v 0.15893550 0.14111331 -0.30249023
v 0.17602536 0.11181644 -0.25268555
v 0.17602536 0.12158206 -0.25268555
v 0.17602536 0.12548831 -0.26489258
v 0.17602536 0.11523440 -0.26489258
v 0.18530270 0.11181644 -0.25268555
v 0.18530270 0.12158206 -0.25268555
v 0.18530270 0.11523440 -0.26489258
v 0.18530270 0.12548831 -0.26489258
v 0.18237302 0.11425784 -0.27416992
v 0.19116208 0.08544924 -0.27416992
v 0.17602536 0.12597659 -0.27026367
v 0.17602536 0.11621097 -0.27026367
v 0.18530270 0.11621097 -0.27026367
v 0.21215817 0.12548831 -0.27416992
v 0.18530270 0.12597659 -0.27026367
v 0.17602536 0.12597659 -0.27905273
v 0.17602536 0.11621097 -0.27905273
v 0.18530270 0.11621097 -0.27905273
v 0.17602536 0.12548831 -0.28442383
v 0.17602536 0.11523440 -0.28442383
v 0.18530270 0.11523440 -0.28442383
v 0.18530270 0.12597659 -0.27905273
v 0.18237302 0.11132815 -0.28979492
v 0.19116208 0.08398440 -0.27856445
v 0.18530270 0.12548831 -0.28442383
v 0.21215817 0.12109378 -0.29321289
v 0.16333003 0.14453128 -0.30346680
v 0.21069331 0.14453128 -0.30346680
v 0.15893550 0.11083987 -0.31079102
v 0.15893550 0.12548831 -0.32495117
v 0.15893550 0.09375002 -0.32055664
v 0.15893550 0.10302737 -0.34057617
v 0.17602536 0.11181644 -0.29614258
v 0.17602536 0.12158206 -0.29614258
v 0.18530270 0.11181644 -0.29614258
v 0.18530270 0.12158206 -0.29614258
v 0.21215816 0.11083987 -0.31079102
v 0.21215816 0.09375002 -0.32055664
v 0.16333003 0.12792972 -0.32739258
v 0.21069331 0.12792972 -0.32739258
v 0.18725581 0.07519533 -0.36401367
v 0.19165035 0.09228518 -0.36401367
v 0.20385738 0.10839846 -0.35717773
v 0.15893550 0.07421877 -0.32495117
v 0.15893550 0.07421877 -0.34692383
v 0.16821285 0.06689455 -0.32495117
v 0.16772456 0.06689455 -0.32348633
v 0.16430660 0.06689455 -0.32592773
v 0.16235347 0.06933596 -0.32641602
v 0.16772456 0.06787112 -0.32250977
v 0.16186519 0.06982424 -0.32836914
v 0.16333003 0.07421877 -0.35034180
v 0.21215816 0.07421877 -0.32495117
v 0.18286128 0.06689455 -0.32348633
v 0.18286128 0.06689455 -0.32495117
v 0.18627925 0.06689455 -0.32592773
v 0.18334956 0.06787112 -0.32250977
v 0.18823238 0.06933596 -0.32641602
v 0.18920894 0.06982424 -0.32836914
v 0.16723628 0.06933596 -0.32202148
v 0.16723628 0.07324221 -0.32153320
v 0.16333003 0.08349612 -0.32348633
v 0.16430660 0.08300783 -0.32006836
v 0.16723628 0.08300783 -0.32006836
v 0.16235347 0.07373049 -0.32592773
v 0.16186519 0.07421877 -0.32788086
v 0.16235347 0.08349612 -0.32495117
v 0.16137691 0.08349612 -0.32690430
v 0.16284175 0.07470705 -0.33032227
v 0.16284175 0.08398440 -0.32983398
v 0.16235347 0.09082033 -0.32397461
v 0.16333003 0.09082033 -0.32250977
v 0.16430660 0.09033205 -0.31909180
v 0.16186519 0.09082033 -0.32543945
v 0.16284175 0.09082033 -0.32836914
v 0.16186519 0.09472658 -0.32446289
v 0.16430660 0.09667971 -0.32495117
v 0.16528316 0.09082033 -0.32885742
v 0.17553706 0.09326174 -0.32836914
v 0.16772456 0.09033205 -0.31909180
v 0.16821285 0.09667971 -0.32055664
v 0.16821285 0.09716799 -0.32104492
v 0.16528316 0.07470705 -0.33129883
v 0.16528316 0.08398440 -0.33032227
v 0.17553706 0.07177737 -0.33178711
v 0.17553706 0.07470705 -0.33129883
v 0.17553706 0.08398440 -0.33032227
v 0.17553706 0.09082033 -0.32934570
v 0.18334956 0.06933596 -0.32202148
v 0.18334956 0.07324221 -0.32153320
v 0.18676753 0.08300783 -0.32006836
v 0.18334956 0.08300783 -0.32006836
v 0.18774410 0.08349612 -0.32348633
v 0.18676753 0.09667971 -0.32495117
v 0.18676753 0.09033205 -0.31909180
v 0.18334956 0.09033205 -0.31909180
v 0.18774410 0.09082033 -0.32250977
v 0.18286128 0.09667971 -0.32055664
v 0.18286128 0.09716799 -0.32104492
v 0.18872066 0.09082033 -0.32397461
v 0.18920894 0.09472658 -0.32446289
v 0.18579097 0.07470705 -0.33129883
v 0.18579097 0.08398440 -0.33032227
v 0.18823238 0.07470705 -0.33032227
v 0.18823238 0.08398440 -0.32983398
v 0.18579097 0.09082033 -0.32885742
v 0.18823238 0.09082033 -0.32836914
v 0.21069331 0.07421877 -0.35034180
v 0.19506831 0.05322268 -0.36157227
v 0.19506831 0.05322268 -0.35668945
v 0.20239253 0.07519533 -0.35668945
v 0.20288081 0.07519533 -0.36157227
v 0.18920894 0.07958987 -0.37377930
v 0.18383783 0.09667970 -0.47338867
v 0.16333003 0.10400393 -0.34399414
v 0.21069331 0.10400393 -0.34399414
v 0.20825191 0.09130862 -0.35668945
v 0.20971675 0.13720706 -0.34399414
v 0.21313472 0.16308597 -0.31323242
v 0.20141599 0.05664065 -0.27465820
v 0.20141599 0.07080080 -0.25708008
v 0.20141599 0.09130862 -0.26440430
v 0.20092770 0.09472658 -0.26586914
v 0.20971677 0.09472658 -0.26586914
v 0.20092770 0.09423830 -0.28588867
v 0.20239255 0.12646487 -0.26489258
v 0.19409177 0.12646487 -0.26489258
v 0.19409177 0.12646487 -0.28442383
v 0.20971677 0.09423830 -0.28588867
v 0.20239255 0.12646487 -0.28442383
v 0.20092770 0.07177737 -0.29663086
v 0.20092770 0.09082033 -0.29077148
v 0.20971677 0.07177737 -0.29663086
v 0.20971677 0.09082033 -0.29077148
v 0.19360349 0.12939456 -0.26831055
v 0.19360349 0.12939456 -0.28100586
v 0.20239255 0.12939456 -0.26831055
v 0.20239255 0.12939456 -0.28100586
v 0.21704099 0.12548831 -0.29565430
v 0.21606441 0.14013675 -0.30151367
v 0.21704097 0.11279300 -0.31225586
v 0.21606441 0.12402347 -0.32397461
v 0.21704097 0.09619143 -0.32495117
v 0.21606441 0.10156253 -0.33959961
v 0.22045894 0.15625003 -0.31079102
v 0.21801753 0.13574222 -0.33666992
v 0.21997066 0.13916019 -0.34008789
v 0.22241206 0.16113284 -0.31274414
v 0.21704097 0.07421877 -0.32934570
v 0.21606441 0.07421877 -0.34545898
v 0.18872066 0.07373049 -0.32592773
v 0.18920894 0.07421877 -0.32788086
v 0.18872066 0.08349612 -0.32495117
v 0.18920894 0.08349612 -0.32690430
v 0.18920894 0.09082033 -0.32543945
v 0.20971675 0.09179690 -0.36157227
v 0.21215816 0.10742190 -0.34985352
v 0.21362300 0.10888675 -0.35424805
v 0.20532222 0.17480472 -0.32641602
v 0.19458002 0.19482423 -0.42993164
v 0.17895502 0.08251955 -0.47875977
v 0.17456049 0.08251955 -0.47875977
v 0.19555658 0.16113283 -0.46215820
v 0.19213861 0.19580080 -0.45825195
v 0.19409174 0.16162111 -0.48071289
v 0.05883788 0.19091800 -0.08666991
v 0.07739256 0.23974612 -0.10815429
v 0.13647459 0.19091800 -0.08666992
v 0.11791991 0.23974612 -0.10815430
v 0.04028318 0.30371097 -0.15063475
v 0.04028318 0.31787112 -0.14086913
v 0.04125974 0.31738284 -0.15112303
v 0.04174802 0.30371097 -0.15600584
v 0.04077146 0.30371097 -0.15991209
v 0.04077145 0.31542972 -0.16577147
v 0.11010738 0.30078125 -0.23022461
v 0.11010738 0.29882812 -0.22924805
v 0.11010738 0.29980469 -0.23168945
v 0.11059567 0.30273438 -0.22924805
v 0.12182613 0.29638672 -0.23120117
v 0.12231442 0.29833984 -0.23217773
v 0.12084957 0.29785156 -0.23364258
v 0.12329098 0.30029297 -0.23120117
v 0.18334958 0.22216800 -0.15893556
v 0.12866208 0.29248047 -0.23852539
v 0.12719722 0.29443359 -0.23999023
v 0.12866208 0.29443359 -0.23950195
v 0.13061519 0.29589844 -0.23950195
v 0.20092772 0.18994144 -0.10180666
v 0.20483397 0.17187503 -0.10180666
v 0.20874022 0.17285159 -0.10180666
v 0.20483397 0.19091800 -0.10180666
v 0.20483397 0.19091800 -0.14331056
v 0.20092772 0.18994144 -0.14331056
v 0.20874022 0.17285159 -0.14331056
v 0.20483397 0.17187503 -0.14331056
v 0.20532225 0.18896487 -0.10375978
v 0.20825194 0.17480472 -0.10375978
v 0.20825194 0.17480472 -0.14135744
v 0.20532225 0.18896487 -0.14135744
v 0.20727538 0.18212894 -0.10473634
v 0.20581053 0.18164065 -0.10473634
v 0.20678709 0.17724612 -0.10473634
v 0.20971678 0.17773440 -0.10473634
v 0.20971678 0.17773440 -0.14038087
v 0.20678709 0.17724612 -0.14038087
v 0.20727538 0.18212894 -0.14038087
v 0.20581053 0.18164065 -0.14038087
v 0.14282224 0.30615237 -0.14770508
v 0.13745114 0.29687503 -0.14282227
v 0.14233395 0.30419925 -0.14672852
v 0.13940427 0.29687503 -0.14184570
v 0.14233395 0.29833987 -0.14184570
v 0.14331052 0.30029300 -0.14282227
v 0.14477536 0.30126956 -0.14282227
v 0.14428708 0.30371097 -0.14526367
v 0.18920895 0.22216800 -0.15893556
v 0.14282222 0.23339847 -0.36010742
v 0.14135738 0.23535159 -0.36059570
v 0.14282222 0.23535159 -0.36059570
v 0.14477535 0.23681644 -0.36157227
v 0.06372064 0.25341797 -0.41186523
v 0.06372064 0.25439453 -0.41137695
v 0.06372064 0.26074219 -0.41821289
v 0.06372064 0.25390625 -0.47387695
v 0.06372064 0.26123047 -0.42065430
v 0.06372064 0.26171875 -0.47387695
v 0.12329096 0.22558597 -0.38012695
v 0.12329096 0.22802737 -0.37963867
v 0.12377924 0.22753909 -0.38110352
v 0.12426753 0.22802737 -0.38354492
v 0.06372064 0.25488281 -0.47534180
v 0.06372064 0.26025391 -0.47534180
v 0.15209955 0.25195315 -0.40551758
v 0.15258783 0.25097659 -0.40600586
v 0.15258783 0.25146484 -0.47387695
v 0.15112299 0.25830081 -0.41430664
v 0.15112299 0.25927737 -0.41674805
v 0.15112299 0.25927734 -0.47387695
v 0.13745113 0.22998050 -0.37329102
v 0.13891597 0.22753909 -0.37329102
v 0.13891597 0.22949222 -0.37426758
v 0.14086908 0.23046878 -0.37573242
v 0.09350579 0.16357423 -0.48217773
v 0.09204096 0.16455080 -0.48168945
v 0.08959954 0.19238283 -0.47924805
v 0.10473627 0.16308595 -0.48217773
v 0.09057610 0.19384767 -0.47924805
v 0.10229485 0.19384767 -0.48071289
v 0.10229485 0.19384767 -0.47924805
v 0.10620110 0.16455080 -0.48217773
v 0.10620110 0.16455080 -0.48315430
v 0.10620110 0.16406251 -0.48266602
v 0.10766595 0.16406251 -0.48266602
v 0.10375970 0.19287111 -0.47973633
v 0.10766595 0.16455080 -0.48315430
v 0.10375970 0.19238283 -0.47924805
v 0.10375970 0.19287111 -0.48022461
v 0.10522454 0.19287111 -0.48022461
v 0.10913080 0.16308595 -0.48217773
v 0.10766595 0.16455080 -0.48217773
v 0.10522454 0.19238283 -0.47924805
v 0.18041986 0.16308595 -0.48217773
v 0.10522454 0.19287111 -0.47973633
v 0.10668939 0.19384767 -0.47924805
v 0.17700189 0.19384767 -0.47924805
v 0.15258783 0.25244141 -0.47534180
v 0.15112299 0.25781250 -0.47534180
v 0.15600580 0.23535159 -0.38305664
v 0.15063471 0.22900394 -0.37915039
v 0.15209955 0.22900394 -0.37768555
v 0.15747064 0.23535159 -0.38159180
v 0.16235346 0.22802737 -0.37719727
v 0.16235346 0.23535159 -0.38110352
v 0.15649408 0.23291017 -0.47436523
v 0.14477533 0.22412111 -0.46459961
v 0.16381830 0.23535159 -0.38256836
v 0.16430658 0.23291017 -0.47436523
v 0.16381830 0.22802737 -0.37866211
v 0.16137689 0.22363283 -0.46459961
v 0.18139642 0.16455080 -0.48217773
v 0.17846674 0.19287111 -0.47924805
v 0.18334955 0.16406251 -0.48266602
v 0.18334955 0.16455080 -0.48364258
v 0.18334955 0.16455080 -0.48217773
v 0.18432611 0.16308595 -0.48217773
v 0.17993158 0.19238283 -0.47924805
v 0.18872064 0.16308595 -0.48217773
v 0.18139642 0.19384767 -0.47924805
v 0.18530267 0.19384767 -0.47924805
v 0.18920892 0.19384767 -0.47680664
v 0.19311517 0.16259767 -0.48022461
v 0.18969721 0.19433595 -0.47680664
v 0.19018549 0.19531251 -0.47729492
v 0.15795892 0.23291017 -0.47583008
v 0.14672846 0.22412111 -0.46606445
v 0.16284174 0.23291017 -0.47583008
v 0.15991205 0.22363283 -0.46606445
v 0.19458002 0.16259767 -0.46459961
v 0.19458002 0.16357423 -0.46313477
v 0.19311517 0.16357423 -0.46362305
v 0.19311517 0.16259767 -0.46508789
v 0.19165033 0.19287111 -0.46020508
v 0.19018549 0.19238283 -0.46020508
v 0.19458002 0.16210939 -0.46264648
v 0.19116205 0.19433595 -0.45922852
v 0.19262689 0.16308595 -0.47973633
v 0.19360346 0.16308595 -0.48022461
v 0.19165033 0.19433595 -0.46118164
v 0.19018549 0.19384767 -0.46118164
f 1 2 3
f 4 5 6
f 7 8 9
f 9 10 7
f 11 7 9
f 9 12 13
f 14 12 15
f 16 17 8
f 8 17 18
f 8 19 20
f 21 20 8
f 22 21 8
f 11 7 8
f 8 19 7
f 8 20 7
f 11 16 8
f 8 11 23
f 10 7 11
f 7 20 19
f 24 15 12
f 17 18 12
f 25 19 26
f 19 20 26
f 19 27 26
f 28 18 29
f 30 31 18
f 32 33 34
f 34 35 33
f 36 34 35
f 35 34 37
f 35 38 39
f 37 38 35
f 39 40 35
f 41 42 38
f 38 39 41
f 38 43 39
f 39 25 40
f 26 39 25
f 43 44 39
f 45 41 39
f 42 46 47
f 46 42 41
f 41 48 49
f 49 45 41
f 27 50 26
f 50 51 26
f 52 53 54
f 55 56 57
f 58 59 60
f 61 57 56
f 56 62 61
f 63 64 46
f 46 65 63
f 66 63 65
f 67 68 65
f 65 68 69
f 69 66 65
f 70 67 65
f 65 69 71
f 65 45 72
f 63 66 69
f 73 74 75
f 76 73 75
f 77 76 75
f 78 79 74
f 80 81 76
f 82 80 76
f 76 77 82
f 77 83 82
f 79 78 4
f 79 84 4
f 85 4 84
f 86 87 88
f 89 90 91
f 92 93 94
f 95 96 97
f 95 98 96
f 99 95 97
f 100 99 97
f 101 99 100
f 101 100 102
f 4 85 103
f 85 104 103
f 105 106 107
f 108 109 110
f 108 111 109
f 112 113 114
f 115 31 29
f 116 117 29
f 118 119 29
f 119 115 29
f 120 116 29
f 118 120 29
f 29 115 120
f 29 121 118
f 122 123 13
f 13 123 124
f 115 113 125
f 113 112 125
f 116 126 127
f 116 128 127
f 116 128 126
f 116 129 128
f 130 131 116
f 72 132 116
f 116 45 72
f 115 120 133
f 120 118 133
f 134 135 136
f 131 134 136
f 137 134 138
f 130 138 134
f 134 131 130
f 139 140 141
f 142 60 139
f 141 142 139
f 140 143 141
f 144 145 146
f 145 144 147
f 147 148 145
f 148 147 132
f 149 150 151
f 152 149 151
f 153 152 151
f 151 154 153
f 155 156 157
f 48 158 159
f 159 49 48
f 160 161 162
f 162 163 160
f 160 164 161
f 165 166 167
f 168 160 163
f 167 166 169
f 169 170 167
f 171 167 170
f 158 172 173
f 158 173 174
f 175 159 158
f 158 174 175
f 176 177 178
f 177 176 179
f 180 181 182
f 183 184 185
f 185 186 183
f 187 185 184
f 185 188 186
f 189 185 190
f 185 189 188
f 191 190 185
f 192 191 185
f 193 192 185
f 185 187 194
f 185 194 195
f 185 195 196
f 185 197 193
f 198 197 185
f 196 198 185
f 199 200 201
f 199 202 200
f 202 199 203
f 202 203 204
f 205 206 202
f 207 205 202
f 208 207 202
f 209 208 202
f 202 204 210
f 202 210 209
f 179 211 177
f 177 211 212
f 211 213 212
f 214 212 213
f 201 215 199
f 215 216 199
f 216 217 199
f 217 218 199
f 219 220 49
f 220 221 49
f 222 49 221
f 49 222 223
f 159 224 225
f 175 224 159
f 226 82 83
f 227 82 83
f 68 67 69
f 228 229 67
f 67 70 230
f 67 230 228
f 69 83 71
f 231 230 71
f 232 230 70
f 70 230 231
f 70 233 232
f 234 235 229
f 229 228 234
f 232 228 230
f 230 231 236
f 237 234 228
f 228 232 237
f 238 239 240
f 240 238 241
f 242 238 235
f 234 242 235
f 243 234 244
f 243 245 234
f 245 234 244
f 245 234 246
f 237 247 234
f 234 245 242
f 242 234 248
f 126 249 127
f 127 126 250
f 127 126 128
f 239 243 251
f 238 241 243
f 252 250 126
f 128 252 126
f 245 243 241
f 243 245 244
f 244 251 243
f 253 254 255
f 255 254 256
f 257 254 255
f 255 258 254
f 254 253 259
f 254 259 257
f 254 257 256
f 248 245 242
f 245 260 246
f 246 244 245
f 261 244 246
f 244 262 263
f 248 260 246
f 112 264 265
f 266 125 112
f 112 265 266
f 264 267 265
f 265 268 266
f 269 270 271
f 270 269 272
f 272 269 273
f 273 274 275
f 275 272 273
f 276 232 233
f 277 276 233
f 278 277 233
f 279 280 233
f 232 276 281
f 236 282 281
f 247 283 260
f 284 285 280
f 286 285 280
f 279 280 256
f 287 288 219
f 289 290 291
f 220 219 288
f 292 293 294
f 295 296 297
f 298 297 296
f 222 299 223
f 300 301 302
f 303 298 296
f 298 303 304
f 305 306 307
f 308 309 310
f 311 310 309
f 299 312 223
f 223 313 314
f 315 316 223
f 314 315 223
f 317 318 319
f 317 320 318
f 320 317 321
f 322 308 323
f 324 322 323
f 320 321 325
f 326 327 320
f 325 326 320
f 308 310 322
f 321 328 329
f 330 325 321
f 327 326 331
f 327 331 332
f 326 333 331
f 325 330 334
f 325 334 335
f 336 337 338
f 336 322 338
f 338 339 336
f 337 340 341
f 341 338 337
f 341 342 337
f 324 343 322
f 344 345 338
f 346 344 338
f 347 348 349
f 350 349 348
f 349 350 351
f 350 352 351
f 330 353 334
f 354 355 356
f 357 354 356
f 316 315 358
f 316 358 359
f 316 359 360
f 361 362 316
f 316 360 361
f 286 363 285
f 363 286 364
f 286 365 366
f 367 365 286
f 368 367 286
f 286 362 368
f 369 370 371
f 370 369 372
f 370 372 373
f 370 373 374
f 373 375 374
f 375 376 374
f 377 374 376
f 374 377 378
f 374 378 379
f 380 381 382
f 382 383 380
f 381 384 382
f 385 382 384
f 382 386 383
f 386 382 387
f 388 387 382
f 389 388 382
f 382 385 390
f 382 390 391
f 392 389 382
f 382 391 392
f 393 394 62
f 62 394 61
f 271 393 62
f 394 395 61
f 393 395 394
f 271 396 393
f 396 271 397
f 270 397 271
f 272 275 398
f 272 398 399
f 296 400 401
f 401 303 296
f 303 401 402
f 403 404 401
f 404 405 401
f 401 406 403
f 402 401 405
f 407 403 406
f 407 408 403
f 408 409 403
f 410 411 412
f 413 414 411
f 411 410 415
f 404 416 417
f 418 419 420
f 421 418 420
f 422 423 424
f 425 426 427
f 426 310 428
f 428 427 426
f 427 428 429
f 430 431 432
f 432 433 430
f 428 434 310
f 331 435 332
f 436 428 437
f 438 439 440
f 440 439 441
f 442 443 444
f 445 442 444
f 446 447 448
f 449 448 447
f 449 450 448
f 451 340 452
f 340 451 341
f 453 341 451
f 454 455 456
f 456 457 454
f 455 454 458
f 459 460 461
f 462 461 460
f 463 462 460
f 464 465 466
f 466 467 464
f 468 433 469
f 470 465 433
f 433 432 469
f 469 470 433
f 465 470 469
f 465 471 466
f 472 466 471
f 473 474 475
f 354 357 476
f 357 477 476
f 478 479 480
f 481 478 480
f 478 482 479
f 478 481 483
f 484 483 481
f 485 486 487
f 487 486 488
f 487 488 489
f 489 490 487
f 486 491 488
f 491 492 488
f 493 494 490
f 489 493 490
f 489 495 493
f 495 489 496
f 497 498 499
f 498 500 501
f 498 501 499
f 500 502 501
f 503 504 505
f 505 504 506
f 484 507 483
f 506 508 509
f 506 504 508
f 510 475 474
f 511 512 513
f 512 511 514
f 333 515 331
f 331 516 517
f 517 435 331
f 515 333 518
f 519 520 521
f 518 522 523
f 518 523 515
f 522 524 523
f 525 526 527
f 528 529 530
f 530 531 532
f 530 532 533
f 533 528 530
f 299 534 312
f 535 536 537
f 537 538 535
f 534 539 312
f 540 535 538
f 541 542 543
f 544 545 541
f 546 544 541
f 541 543 546
f 547 548 549
f 313 550 551
f 551 314 313
f 552 553 554
f 555 553 552
f 553 556 554
f 557 558 559
f 560 557 559
f 561 558 557
f 550 562 563
f 564 551 550
f 550 563 565
f 550 565 564
f 517 566 567
f 567 568 517
f 569 570 571
f 570 572 571
f 572 573 571
f 573 574 571
f 575 571 574
f 576 577 315
f 578 315 577
f 315 578 358
f 551 579 314
f 580 551 564
f 581 379 378
f 379 582 583
f 379 584 582
f 584 379 585
f 581 585 379
f 353 586 334
f 587 335 334
f 588 589 335
f 335 587 588
f 590 589 591
f 592 593 590
f 591 592 590
f 588 591 589
f 592 594 593
f 595 588 587
f 596 597 588
f 588 595 598
f 598 596 588
f 599 600 601
f 599 602 600
f 603 604 362
f 605 368 362
f 606 605 362
f 362 361 603
f 607 361 360
f 608 609 361
f 607 608 361
f 610 611 612
f 613 614 610
f 615 613 610
f 610 612 615
f 616 617 618
f 617 616 619
f 616 620 619
f 618 617 621
f 622 619 620
f 623 624 625
f 623 626 624
f 625 627 623
f 627 628 623
f 629 623 628
f 623 630 626
f 623 631 630
f 623 632 631
f 623 633 632
f 633 623 634
f 623 629 635
f 623 635 636
f 623 636 637
f 637 638 623
f 623 638 634
f 639 640 641
f 640 639 642
f 643 642 639
f 644 645 642
f 646 644 642
f 642 647 648
f 642 648 649
f 643 647 642
f 650 646 642
f 649 650 642
f 620 651 622
f 651 652 622
f 632 653 654
f 655 622 652
f 656 657 622
f 622 655 656
f 658 659 639
f 659 660 639
f 641 658 639
f 660 661 639
f 662 663 664
f 664 665 662
f 666 667 668
f 669 670 671
f 672 673 674
f 663 662 675
f 676 578 577
f 677 678 679
f 678 680 681
f 678 681 679
f 682 679 681
f 683 681 680
f 684 683 680
f 681 683 685
f 681 685 686
f 681 686 682
f 578 687 688
f 676 687 578
f 687 676 689
f 686 690 682
f 691 682 690
f 692 693 691
f 693 694 695
f 693 692 696
f 697 691 690
f 698 697 690
f 699 698 700
f 698 699 701
f 698 699 702
f 698 702 703
f 698 701 703
f 698 701 704
f 698 704 705
f 706 707 692
f 708 696 692
f 687 689 709
f 687 709 688
f 688 694 710
f 694 711 695
f 712 710 694
f 712 713 710
f 713 712 714
f 715 714 712
f 696 708 716
f 696 716 717
f 705 707 706
f 705 718 704
f 704 719 705
f 718 720 705
f 705 720 719
f 721 705 719
f 722 723 724
f 715 725 714
f 726 727 715
f 717 726 715
f 728 716 729
f 730 717 716
f 731 732 733
f 731 733 734
f 735 736 737
f 738 739 543
f 740 546 543
f 741 740 543
f 740 742 546
f 743 568 744
f 743 732 568
f 732 568 745
f 746 744 568
f 574 747 575
f 747 748 575
f 748 749 575
f 750 575 749
f 751 567 566
f 752 751 566
f 566 596 752
f 567 751 753
f 753 754 567
f 745 733 732
f 745 734 733
f 751 755 734
f 734 745 751
f 756 757 736
f 736 735 758
f 735 759 760
f 735 760 761
f 735 761 762
f 735 762 758
f 762 763 758
f 764 758 763
f 765 741 766
f 767 751 755
f 755 751 768
f 769 770 771
f 602 599 772
f 773 772 599
f 599 774 773
f 775 773 774
f 776 775 774
f 776 774 777
f 767 753 751
f 778 767 751
f 751 752 778
f 779 752 596
f 780 752 781
f 752 782 780
f 782 752 779
f 781 778 752
f 780 752 778
f 777 774 783
f 784 763 762
f 785 786 787
f 787 788 785
f 787 789 788
f 790 787 786
f 786 791 790
f 792 790 791
f 790 792 793
f 763 794 764
f 795 764 794
f 764 795 796
f 792 797 793
f 798 793 797
f 798 799 793
f 800 795 801
f 795 800 796
f 802 796 800
f 796 802 803
f 768 780 804
f 768 780 778
f 742 740 805
f 740 741 806
f 806 805 740
f 741 765 806
f 765 807 808
f 808 806 765
f 805 809 742
f 810 811 812
f 811 810 813
f 813 814 811
f 810 815 813
f 813 816 817
f 806 818 805
f 819 820 821
f 822 821 820
f 817 822 820
f 823 824 825
f 702 826 703
f 701 827 828
f 703 827 701
f 701 828 704
f 826 827 703
f 829 703 830
f 703 829 831
f 703 831 718
f 832 704 828
f 822 817 833
f 817 834 833
f 835 824 836
f 828 825 824
f 723 828 824
f 818 806 808
f 837 838 839
f 840 838 841
f 838 840 842
f 843 839 838
f 842 843 838
f 841 844 840
f 808 845 818
f 842 846 843
f 846 842 847
f 827 848 828
f 848 849 850
f 851 832 828
f 723 851 828
f 852 718 831
f 718 853 720
f 852 854 718
f 723 855 851
f 856 855 723
f 723 857 856
f 858 859 851
f 855 858 851
f 854 852 860
f 781 778 780
f 853 861 720
f 862 863 864
f 863 865 864
f 864 866 862
f 866 864 867
f 868 864 865
f 869 868 870
f 871 261 283
f 283 871 262
f 277 281 276
f 277 278 872
f 873 874 278
f 285 873 278
f 282 875 876
f 876 877 282
f 876 878 282
f 879 876 875
f 880 879 875
f 879 881 876
f 881 879 882
f 883 882 879
f 883 884 879
f 879 880 883
f 885 883 880
f 255 257 256
f 886 887 888
f 882 883 889
f 889 890 882
f 891 888 887
f 887 892 891
f 884 883 885
f 885 889 883
f 893 894 895
f 885 896 897
f 898 899 900
f 901 902 903
f 904 905 906
f 905 904 907
f 904 908 907
f 253 259 257
f 257 909 256
f 256 910 911
f 912 913 256
f 256 914 279
f 256 911 915
f 892 896 891
f 891 897 896
f 916 891 917
f 918 919 920
f 921 922 923
f 924 923 922
f 925 926 927
f 928 926 929
f 929 930 928
f 926 925 931
f 932 929 926
f 931 932 926
f 931 925 933
f 932 934 929
f 935 910 933
f 935 936 910
f 937 938 939
f 937 938 940
f 937 939 941
f 942 941 937
f 943 944 945
f 913 945 944
f 945 913 912
f 946 947 948
f 949 950 951
f 947 946 952
f 952 953 914
f 954 410 955
f 410 954 956
f 957 956 954
f 956 957 958
f 957 959 958
f 953 952 946
f 950 960 951
f 961 951 960
f 962 963 964
f 285 965 873
f 965 285 284
f 966 967 284
f 284 965 966
f 965 284 968
f 967 969 284
f 969 284 964
f 970 968 284
f 963 971 964
f 971 972 964
f 973 972 964
f 964 972 969
f 974 907 908
f 975 966 976
f 966 965 977
f 976 978 966
f 977 976 966
f 978 979 976
f 980 981 982
f 983 939 984
f 985 984 939
f 939 986 987
f 988 989 990
f 991 986 989
f 973 990 989
f 972 973 989
f 989 973 991
f 972 991 989
f 989 991 987
f 992 987 989
f 986 991 993
f 986 991 987
f 994 961 960
f 994 995 996
f 973 991 972
f 997 998 999
f 1000 1001 1002
f 1001 1003 1004
f 1003 1001 1000
f 1005 1006 1007
f 1007 1008 1005
f 1006 1009 1010
f 1006 1010 1007
f 1011 1008 1012
f 1013 1012 1008
f 1014 1015 1008
f 1016 1014 1008
f 1007 1016 1008
f 1007 1017 1016
f 1010 1018 1007
f 1018 1019 1007
f 1007 1019 1020
f 1021 1022 1023
f 1024 1025 1026
f 1026 1027 1024
f 1025 1028 1026
f 1029 1030 1031
f 1032 1029 1031
f 364 1033 363
f 1034 1035 1033
f 1036 1034 1033
f 1033 364 1037
f 1037 1036 1033
f 1038 1039 1040
f 1041 1042 364
f 364 1042 1037
f 1043 1044 1045
f 1044 1043 1046
f 1044 1047 1048
f 1044 1048 1046
f 1046 1049 1044
f 1050 1051 1052
f 1050 1052 1053
f 1054 1055 1056
f 1057 1055 1058
f 1055 1057 1059
f 1060 1061 1062
f 1063 1064 1060
f 1065 1063 1060
f 1066 1065 1060
f 1062 1066 1060
f 1065 1066 1067
f 1068 1052 1069
f 1069 1052 1053
f 1070 1053 1052
f 1071 1072 1073
f 1073 1074 1071
f 1075 1059 1057
f 1059 1075 1076
f 1075 1077 1076
f 1078 1079 1076
f 1080 1081 1082
f 1083 1084 1085
f 1084 1082 1081
f 1082 1084 1083
f 1082 1083 1086
f 1082 1086 1087
f 1088 1089 1090
f 1091 1092 1093
f 1094 1095 1092
f 1096 1094 1092
f 1097 1098 1074
f 1074 1099 1097
f 1074 1098 1071
f 1097 1071 1098
f 1100 1101 1096
f 1102 1100 1103
f 1101 1100 1104
f 1105 1089 1106
f 1106 1089 1107
f 1105 1090 1089
f 1105 1107 1108
f 1106 1107 1105
f 1109 1110 1111
f 1112 1113 1114
f 1115 1111 1110
f 1110 1116 1115
f 1113 1112 1117
f 1118 1117 1112
f 1119 1120 1121
f 1122 1119 1121
f 1123 1124 1125
f 1119 1126 1120
f 1122 1127 1128
f 1129 1130 1131
f 1131 1132 1129
f 1131 1133 1132
f 1131 1134 1133
f 1131 1135 1134
f 1135 1131 1136
f 1137 1136 1131
f 1138 1137 1131
f 1131 1139 1140
f 1131 1140 1141
f 1131 1141 1142
f 1131 1142 1143
f 1144 1138 1131
f 1143 1144 1131
f 1124 1123 1145
f 1146 1145 1123
f 1147 1148 1145
f 1146 1147 1145
f 1149 1150 1151
f 1152 1153 1148
f 1148 1147 1152
f 353 1154 586
f 1155 345 1156
f 1157 1158 1159
f 1159 1160 1157
f 1157 1161 1158
f 1161 1157 1162
f 1163 1161 1162
f 1163 1162 1164
f 1165 1166 1167
f 1168 1167 1166
f 1169 1168 1166
f 1166 1170 1169
f 1170 1171 1169
f 1172 1169 1171
f 1173 1174 1175
f 1175 1176 1174
f 1177 1175 1174
f 1174 346 1178
f 346 1177 1174
f 345 344 1156
f 1176 1175 344
f 1175 1177 344
f 1175 344 1179
f 1180 1181 344
f 346 1180 344
f 346 344 1177
f 1180 346 1182
f 346 1183 1182
f 1178 1183 346
f 1184 1185 1186
f 1185 1184 1187
f 1184 1188 1187
f 1188 1189 1187
f 1190 366 365
f 1191 366 1190
f 1192 1193 1194
f 1195 1196 1197
f 1197 1196 1198
f 1195 1199 1196
f 1196 1199 1198
f 1200 1198 1199
f 1201 1202 1203
f 1204 1203 1202
f 1203 1204 1205
f 1206 1207 1208
f 1209 1206 1208
f 1210 1207 1206
f 1210 1206 1209
f 1210 1209 1211
f 1212 1205 1204
f 1212 1213 1205
f 1200 1199 1214
f 1215 1216 1217
f 1217 1218 1219
f 1217 1219 1220
f 1217 1220 1215
f 1218 1221 1219
f 1222 1219 1221
f 1222 1223 1219
f 1219 1223 1220
f 1224 1225 1226
f 1227 1202 1228
f 1229 1230 1231
f 1211 1232 1210
f 1233 1234 1235
f 1235 1236 1233
f 1237 1233 1236
f 1234 1233 1238
f 1239 1238 1233
f 1233 1237 1239
f 1240 1239 1237
f 1241 1240 1237
f 1212 1242 1243
f 1244 1245 1246
f 1181 1180 1247
f 1248 1249 1250
f 1249 1248 1251
f 1252 1253 1254
f 1255 1256 1257
f 1256 1255 1258
f 1259 1260 1261
f 1256 1258 1262
f 1263 1262 1258
f 1264 1265 1266
f 956 415 410
f 959 1267 958
f 1268 1267 959
f 1269 1268 959
f 959 1004 1269
f 1270 1271 1272
f 1273 1274 942
f 1275 942 1274
f 1003 1276 1004
f 1004 1276 1269
f 1276 1277 1269
f 1003 1277 1276
f 1278 1256 1279
f 1280 1281 1282
f 1281 1280 1283
f 1281 1283 1284
f 1281 1284 1279
f 1262 1279 1256
f 1279 1285 1270
f 1279 1270 1281
f 1285 1279 1286
f 1262 1286 1279
f 1287 1288 1289
f 1290 1291 1292
f 1291 1293 1294
f 1291 1294 1292
f 1295 1296 1297
f 1298 1299 1300
f 1300 1301 1298
f 1301 1302 1298
f 1303 1304 1305
f 1302 1306 1298
f 1307 1308 1309
f 1310 1311 1312
f 1313 1314 1315
f 1316 1317 1318
f 1318 1319 1316
f 1320 1321 1319
f 1319 1318 1320
f 1322 1323 1321
f 1321 1320 1322
f 1324 1325 1323
f 1323 1322 1324
f 1326 1327 1325
f 1325 1324 1326
f 1328 1329 1330
f 1331 1332 1333
f 1334 1335 1336
f 1337 1338 1339
f 1340 1341 1332
f 1331 1340 1332
f 1342 1343 1344
f 1344 1345 1342
f 1346 1342 1345
f 1347 1348 1349
f 1350 1351 1352
f 1342 1346 1353
f 1354 1355 1356
f 1357 1358 1359
f 1359 1360 1357
f 1361 1362 1360
f 1360 1359 1361
f 1363 1364 1362
f 1362 1361 1363
f 1365 1366 1364
f 1364 1363 1365
f 1367 1368 1366
f 1366 1365 1367
f 1369 1370 1371
f 1370 1372 1373
f 1370 1373 1371
f 1372 1374 1373
f 1375 1376 1377
f 1377 1376 1378
f 1378 1379 1380
f 1378 1376 1379
f 1381 1382 1383
f 1383 1384 1381
f 1381 1385 1382
f 1381 1384 1386
f 1386 1387 1381
f 1387 1388 1381
f 1381 1389 1385
f 1389 1381 1390
f 1391 1381 1388
f 1381 1391 1392
f 1393 1390 1381
f 1394 1393 1381
f 1381 1395 1394
f 1392 1395 1381
f 1396 1397 1398
f 1399 1400 1401
f 1402 1401 1400
f 1402 1403 1401
f 1397 1396 1404
f 1405 1404 1396
f 1404 1405 1406
f 1407 1408 1409
f 1410 1409 1408
f 1411 1410 1412
f 1413 1414 1415
f 1416 1413 1415
f 1409 1417 1407
f 1409 1418 1417
f 1418 1409 1419
f 1409 1410 1420
f 1409 1420 1421
f 1422 1419 1409
f 1421 1422 1409
f 1413 1416 1423
f 1406 1424 1425
f 1425 1426 1406
f 1427 1426 1428
f 1426 1425 1428
f 1429 1430 1427
f 1428 1429 1427
f 1431 514 511
f 1432 1431 511
f 771 1433 769
f 1433 514 1434
f 1434 1432 1433
f 1433 1435 769
f 1436 514 1432
f 1434 514 1432
f 514 1431 1432
f 1437 1438 1439
f 1440 1441 1442
f 1182 1180 1443
f 1444 1445 1446
f 1440 1447 1441
f 1440 1448 1449
f 1449 1447 1440
f 1443 1450 1451
f 1443 1451 1182
f 1452 1182 1451
f 1453 1182 1454
f 1455 1456 1457
f 1458 1459 1460
f 1461 1462 1463
f 1459 1458 1464
f 1465 1466 1467
f 1467 1468 1465
f 1465 1468 1469
f 1462 1470 1463
f 1471 769 1435
f 1472 1473 1474
f 1475 1476 1477
f 1478 1479 1480
f 1481 1482 1483
f 1484 1485 1486
f 1486 1487 1484
f 1488 1489 1490
f 1485 1491 1486
f 1492 1493 604
f 604 603 1492
f 605 606 1494
f 1495 1494 606
f 603 1496 1492
f 1497 1498 1493
f 1493 1492 1499
f 1500 1497 1493
f 1499 1500 1493
f 1501 1502 1503
f 1499 1492 1504
f 1505 1506 1507
f 1508 1507 1506
f 1506 1509 1510
f 1506 1510 1511
f 1506 1511 1512
f 1512 1508 1506
f 1513 1514 1507
f 1508 1513 1507
f 1510 1515 1511
f 1516 1512 1511
f 1508 1517 1513
f 1512 1518 1508
f 1512 1516 1519
f 1512 1519 1520
f 1521 1522 1523
f 1524 1522 1525
f 1522 1524 1526
f 1527 1528 1529
f 1530 1531 1527
f 1532 1530 1527
f 1533 1532 1527
f 1529 1533 1527
f 1532 1533 1534
f 1535 1536 1537
f 1537 1538 1535
f 1539 1526 1524
f 1526 1539 1540
f 1539 1541 1540
f 1542 1543 1540
f 1544 1545 1546
f 1547 1546 1545
f 1548 1547 1549
f 1546 1547 1548
f 1546 1548 1550
f 1546 1550 1551
f 1552 1553 1554
f 1538 1555 1535
f 1556 1535 1555
f 1557 1558 1559
f 1560 1561 1558
f 1562 1560 1558
f 1563 1564 1562
f 1565 1563 1566
f 1564 1563 1567
f 1568 1553 1569
f 1569 1553 1570
f 1568 1554 1553
f 1569 1570 1568
f 1570 1571 1568
f 1572 1573 1574
f 1574 1575 1572
f 1575 1574 1576
f 1577 1578 1579
f 1579 1580 1581
f 1582 1577 1579
f 1579 1581 1582
f 1583 1584 1585
f 1585 1586 1583
f 1587 1588 1589
f 1589 1590 1587
f 1586 1591 1583
f 1589 1592 1590
f 608 607 1593
f 725 1594 607
f 607 1594 1593
f 1594 725 1595
f 1596 728 729
f 1596 1597 1598
f 1596 1598 1599
f 1596 1598 1600
f 1596 1600 1601
f 1596 1601 1602
f 1596 1602 1603
f 1604 1605 1606
f 1607 1608 730
f 1609 730 1608
f 1603 1608 1607
f 1610 1611 1612
f 1613 1610 1612
f 1614 1615 1616
f 1610 1613 1617
f 1618 1619 1620
f 1616 1613 1621
f 1615 1622 1616
f 1623 1616 1622
f 1624 1616 1621
f 1625 1626 1627
f 1628 1626 1625
f 1629 1627 1626
f 1628 1629 1626
f 1629 1630 1627
f 1631 1632 1633
f 1634 1633 1632
f 1633 1634 1635
f 1636 1637 1638
f 1639 1636 1638
f 1640 1635 1634
f 1640 1641 1635
f 1642 1637 1636
f 1642 1636 1639
f 1642 1639 1643
f 1644 1630 1629
f 1645 1646 1647
f 1647 1648 1649
f 1647 1649 1650
f 1647 1650 1645
f 1648 1651 1649
f 1652 1649 1651
f 1652 1653 1649
f 1649 1653 1650
f 1654 1655 1656
f 1657 1658 1659
f 1660 1632 1661
f 1643 1662 1642
f 1663 1664 1665
f 1666 1667 1668
f 1668 1669 1666
f 1670 1666 1669
f 1667 1666 1671
f 1672 1671 1666
f 1666 1670 1672
f 1673 1672 1670
f 1674 1673 1670
f 1640 1675 1676
f 1594 1677 1593
f 1678 1679 1680
f 1680 1681 1678
f 1678 1620 1679
f 1681 1682 1678
f 1620 1678 1683
f 1682 1684 1678
f 1684 1685 1678
f 1685 1686 1678
f 1687 1678 1686
f 1678 1687 1688
f 1689 1683 1678
f 1690 1689 1678
f 1691 1690 1678
f 1678 1692 1691
f 1688 1692 1678
f 1693 1694 1695
f 1695 1696 1693
f 1695 1697 1696
f 1695 1698 1697
f 1695 1699 1698
f 1695 1700 1699
f 1700 1695 1701
f 1695 1702 1703
f 1695 1703 1704
f 1705 1706 1695
f 1707 1705 1695
f 1695 1706 1701
f 1695 1704 1708
f 1695 1708 1707
f 1709 1710 1711
f 1712 1711 1710
f 1621 1713 1624
f 1712 1714 1711
f 1714 1712 1715
f 1714 1715 1716
f 1717 1713 1689
f 1692 1718 1719
f 1720 1721 1722
f 1722 1723 1720
f 1724 1725 1726
f 1726 1727 1724
f 1721 1720 1728
f 1729 1726 1725
f 1730 1731 1732
f 1733 1734 1731
f 1730 1733 1731
f 1733 1730 1609
f 1734 1733 1735
f 1734 1735 1736
f 1737 1735 1733
f 1738 1737 1733
f 1609 1738 1733
f 1595 1677 1594
f 1608 1738 1609
f 1602 1739 1603
f 1740 1741 1603
f 1603 1739 1740
f 1480 1742 1478
f 1482 1743 1483
f 1742 1744 1478
f 1482 1745 1743
f 802 1746 1747
f 802 1748 1746
f 802 800 1748
f 802 1749 803
f 1750 803 1751
f 780 782 804
f 782 1752 779
f 1753 1754 781
f 1753 779 1752
f 1753 1754 779
f 1577 1755 1756
f 1577 1757 1758
f 1582 1757 1577
f 1757 1582 1759
f 1758 1760 1761
f 1762 1760 1763
f 1764 1605 1765
f 1766 1765 1605
f 1767 1766 1605
f 1768 1767 1605
f 1769 1768 1605
f 1768 1770 1599
f 1599 1771 1768
f 1772 1773 1774
f 1774 1773 1775
f 1773 1776 1777
f 1778 1775 1773
f 1777 1778 1773
f 1779 1780 1776
f 1771 1767 1768
f 1770 1768 1781
f 1769 1782 1768
f 1783 1784 1769
f 1769 1785 1782
f 1763 1786 1787
f 1788 1789 1790
f 1790 1791 1788
f 1789 1788 1792
f 1792 1793 1789
f 1781 1794 1770
f 1795 1796 1793
f 1793 1792 1795
f 1797 1763 1760
f 1786 1763 1797
f 1797 1758 1757
f 1757 1798 1797
f 1759 1798 1757
f 1760 1758 1797
f 1798 1786 1797
f 1798 1759 1799
f 1800 1801 1802
f 1801 1800 1803
f 1801 1803 1804
f 1805 1804 1803
f 1806 1807 1804
f 1804 1805 1806
f 1781 1808 1794
f 1781 1809 1810
f 1811 1812 1813
f 1813 1814 1815
f 1813 1815 1811
f 1811 1816 1812
f 1814 1817 1815
f 1815 1818 1819
f 1820 1821 1819
f 1819 1822 1820
f 1819 1823 1822
f 1824 1820 1822
f 1 1825 1826 2
f 1 3 1827 6
f 1828 1825 1 6
f 1825 1829 1830 1826
f 1831 1829 1825 1828
f 1829 1832 1833 1830
f 1834 1832 1829 1831
f 1832 9 10 1833
f 12 9 1832 1834
f 1835 1836 1837 14
f 1837 9 12 14
f 1837 1836 1838 1839
f 11 9 1837 1839
f 9 8 28 12
f 1836 1835 1840 1838
f 8 28 1841 22
f 1842 28 8 23
f 28 8 17 18
f 1843 18 17 16
f 1844 33 32 1845
f 32 34 36 1846
f 1847 1845 32 1846
f 1848 34 33 1844
f 33 35 40 1844
f 35 38 42 36
f 1849 37 34 1848
f 38 37 1850 43
f 37 1849 1851 1850
f 1845 2 1852 1844
f 3 2 1845 1847
f 1848 1844 1852 1853
f 1854 1849 1848 1853
f 1844 40 25 1852
f 1849 1854 1855 1851
f 1856 1852 2 1826
f 19 1856 1852 25
f 53 1853 1852 1856
f 52 1854 1853 53
f 1857 1855 1854 52
f 1858 1856 1826 1830
f 54 53 1856 1858
f 1856 19 20 1858
f 54 1858 10 55
f 1859 52 54 55
f 20 7 10 1858
f 1830 1833 10 1858
f 1860 1861 21 22
f 21 1861 1862 27
f 1861 1860 1863 59
f 1861 59 58 1862
f 27 1862 1864 50
f 55 10 11 56
f 55 57 1865 1859
f 64 1866 47 46
f 36 42 47 1866
f 1866 64 75 1867
f 1846 36 1866 1867
f 46 41 45 65
f 77 75 64 63
f 1868 1867 75 74
f 1847 1846 1867 1868
f 3 1847 1868 1827
f 1868 74 79 1827
f 74 73 84 79
f 1869 1870 74 78
f 74 78 1871 1872
f 1873 78 74 1874
f 74 1870 1875 1874
f 74 1872 1876 1874
f 73 1877 1878 84
f 81 1877 73 76
f 1877 88 89 1878
f 93 88 1877 81
f 88 87 90 89
f 92 86 88 93
f 97 96 1879 1880
f 1879 87 86 1880
f 1879 96 98 1881
f 90 87 1879 1881
f 97 1880 1882 100
f 1880 86 92 1882
f 1870 1869 1883 1875
f 4 6 1827 79
f 85 4 78 1873
f 1883 1869 78 1873
f 1884 1871 78 1873
f 84 1878 1885 85
f 1878 89 107 1885
f 89 91 105 107
f 1886 1881 98 95
f 90 1881 1886 91
f 1886 95 99 1887
f 105 91 1886 1887
f 1887 99 101 1888
f 101 102 1889 1888
f 1887 1888 106 105
f 6 5 1890 1828
f 1891 1892 5 1893
f 5 4 103 1893
f 1892 1894 1895 1896
f 1897 1894 1892 1891
f 1894 1898 1899 1895
f 110 1898 1894 1897
f 1900 1899 1898 1901
f 109 1901 1898 110
f 1895 1899 108 1902
f 1903 1896 1895 1902
f 1899 1900 111 108
f 1904 1831 1828 1890
f 1831 1904 1905 1834
f 1906 1890 1896 1903
f 114 1904 1890 1906
f 113 1905 1904 114
f 31 12 1834 1905
f 31 12 28 29
f 28 29 117 1841
f 121 29 28 1842
f 1907 30 18 1843
f 1908 1835 14 15
f 1835 1908 1909 1840
f 12 18 30 31
f 1910 24 12 31
f 11 9 12 13
f 12 31 1911 13
f 1912 1908 15 24
f 1908 1912 1913 1909
f 1914 1912 24 1910
f 1912 1914 1915 1913
f 115 31 1905 113
f 1916 1910 31 115
f 31 30 1917 115
f 31 29 119 115
f 31 115 133 1911
f 1918 1917 30 1907
f 1919 1914 1910 1916
f 1914 1919 1920 1915
f 1921 1841 117 136
f 131 136 117 116
f 136 135 1922 1921
f 1923 1900 1901 1924
f 1925 1924 1901 109
f 1926 109 111 1927
f 1900 1923 1928 111
f 1928 1923 1924 1925
f 1872 1871 1884 1876
f 139 1863 1922 140
f 139 60 59 1863
f 1863 1860 1921 1922
f 135 143 140 1922
f 143 135 134 137
f 146 141 143 137
f 1921 1860 22 1841
f 60 142 1929 58
f 1930 1929 142 141
f 1864 1862 58 1929
f 1929 1930 1931 1864
f 145 1930 141 146
f 148 1931 1930 145
f 51 50 1864 1931
f 132 51 1931 148
f 72 26 51 132
f 1932 1933 1934 1935
f 1932 1935 1936 1937
f 1938 1933 1932 1939
f 1932 1937 1940 1939
f 1941 1934 1933 1942
f 1933 1938 1943 1942
f 1944 1945 1935 1934
f 1935 1945 1946 1936
f 1947 1948 151 150
f 151 1948 1949 154
f 1948 1947 1950 1949
f 1944 1934 1941 1951
f 1952 1945 1944 1953
f 1944 1951 1954 1953
f 1945 1952 1955 1946
f 1956 1951 1941 1957
f 1941 1942 1958 1957
f 1959 1956 1957 1960
f 1961 1960 1957 1958
f 150 149 1950 1947
f 149 152 1962 1950
f 1963 1962 152 1964
f 152 153 1965 1964
f 1951 1956 1966 1954
f 1956 1959 1967 1966
f 1949 1950 1962 1968
f 1969 1968 1962 1963
f 1970 1959 1960 1971
f 1972 1959 1960 1973
f 1974 1973 1960 1961
f 1960 1961 1975 1971
f 1976 1967 1959 1972
f 1977 1967 1959 1970
f 1978 1952 1953 1979
f 1953 1954 1980 1979
f 1981 1955 1952 1978
f 1954 1966 1982 1980
f 1966 1967 1983 1982
f 1984 1985 1986 1987
f 1984 1987 1988 1989
f 1984 1989 1990 1991
f 1992 1985 1984 1991
f 1985 1993 1994 1986
f 1995 1993 1985 1992
f 1996 1994 1993 1995
f 1997 1988 1987 1998
f 1987 1986 1999 1998
f 1986 1994 1996 1999
f 1967 1977 2000 1983
f 1967 1976 2001 1983
f 2002 2003 1937 1936
f 1937 2003 2004 1940
f 2003 2002 1973 1974
f 2005 2004 2003 1974
f 1936 1946 2006 2002
f 2007 2006 1946 1955
f 1973 2002 2006 1972
f 1976 1972 2006 2007
f 1970 1971 2008 2009
f 1970 2009 2010 1977
f 2011 2007 1955 1981
f 2001 1976 2007 2011
f 155 44 43 1850
f 2012 1938 1939 2013
f 2014 2013 1939 1940
f 1938 2012 2015 1943
f 157 39 44 155
f 156 155 1850 1851
f 2016 2012 2013 2017
f 2018 2017 2013 2014
f 2019 156 1851 1855
f 2020 2015 2012 2016
f 2021 157 156 2019
f 41 39 157 48
f 157 2021 158 48
f 1958 1942 1943 2022
f 2023 2022 1943 2015
f 1961 1958 2022 2024
f 2025 2024 2022 2023
f 1968 153 154 1949
f 153 1968 1969 1965
f 1974 1961 2024 2005
f 2024 2025 2026 2027
f 2024 2025 2028 2005
f 1975 1961 2024 2027
f 2029 2023 2015 2020
f 2023 2029 2030 2025
f 2020 2016 2031 2032
f 2033 2029 2020 2032
f 2034 2030 2029 2033
f 162 161 166 165
f 162 165 167 163
f 161 164 169 166
f 164 160 178 2035
f 2036 169 164 2035
f 2025 2030 2037 2026
f 2025 2030 2038 2028
f 176 170 169 2036
f 2030 2034 2039 2038
f 2030 2034 2040 2037
f 1857 2041 2042 2043
f 2019 1855 1857 2043
f 1857 52 1859 2041
f 2044 2042 2041 2045
f 2041 1859 295 2045
f 2046 2043 2042 2047
f 2048 2047 2042 2044
f 2046 2021 2019 2043
f 2031 2016 2017 2049
f 2050 2049 2017 2018
f 2021 2046 172 158
f 2046 2047 173 172
f 171 168 163 167
f 160 168 171 170
f 160 170 176 178
f 2051 2031 2049 2052
f 2053 2052 2049 2050
f 2054 2032 2031 2051
f 2055 2033 2032 2054
f 2056 2034 2033 2055
f 2034 2056 2057 2040
f 2034 2056 2058 2039
f 174 173 2047 2048
f 2059 2051 2052 2060
f 2061 2060 2052 2053
f 1964 180 182 1963
f 2062 180 1964 1965
f 2063 181 180 2062
f 181 1989 1988 182
f 1990 1989 181 2063
f 1963 182 184 183
f 1963 183 186 1969
f 182 1988 187 184
f 2064 2065 2066 2067
f 2066 2068 2069 2067
f 2068 2070 2071 2069
f 201 200 2008 2072
f 202 2009 2008 200
f 2008 1971 1975 2072
f 2009 202 206 2010
f 177 2062 2035 178
f 2035 2062 2073 2036
f 2073 2062 1965 1969
f 2062 177 212 2063
f 2074 2075 211 179
f 211 2075 2076 213
f 2075 2074 2077 2078
f 2079 2076 2075 2078
f 2036 2073 188 189
f 2036 189 190 176
f 188 2073 1969 186
f 191 179 176 190
f 201 2072 2080 215
f 2081 216 215 2080
f 2082 217 216 2081
f 2083 218 217 2082
f 2084 199 218 2083
f 2085 203 199 2084
f 2081 2080 2027 2026
f 2081 2026 2037 2082
f 2072 1975 2027 2080
f 2086 2087 2065 2064
f 2088 2089 2090 2091
f 2092 2093 2088 2091
f 2094 2095 2093 2092
f 2096 2097 2087 2086
f 2082 2037 2040 2083
f 2083 2040 2057 2084
f 2089 2098 2099 2090
f 2100 2101 2097 2096
f 192 2074 179 191
f 2074 192 193 2102
f 2074 2102 2103 2077
f 203 2085 2104 204
f 2105 2106 2095 2094
f 2107 2085 2084 2057
f 2108 2104 2085 2107
f 2109 2110 2106 2105
f 194 187 1988 1997
f 2010 206 205 2111
f 2000 1977 2010 2111
f 2070 2112 2113 2071
f 214 213 2076 2102
f 2103 2102 2076 2079
f 2114 2063 212 2115
f 2116 2115 212 214
f 2117 2114 2115 2118
f 2115 2116 2119 2118
f 1990 2063 2120 1997
f 1998 1991 1990 1997
f 2063 2114 2121 2120
f 2122 2121 2114 2117
f 205 207 2123 2111
f 207 208 2124 2123
f 208 209 2125 2124
f 2126 210 204 2104
f 2125 209 210 2126
f 2111 2123 2127 2000
f 2123 2124 2128 2127
f 2098 2129 2130 2099
f 2113 2112 2101 2100
f 2125 2126 2131 2132
f 2128 2124 2125 2132
f 2126 2104 2108 2131
f 2120 195 194 1997
f 195 2120 2121 196
f 2129 2110 2109 2130
f 2102 193 197 214
f 214 197 198 2116
f 2116 198 196 2121
f 2116 2121 2122 2119
f 2133 2134 2135 2136
f 2135 2134 2137 2138
f 2135 2044 2045 2136
f 2048 2044 2135 2138
f 2139 2055 2054 2140
f 2054 2051 2059 2140
f 2055 2139 2141 2056
f 2142 2139 2140 2143
f 2140 2059 2144 2143
f 2145 2141 2139 2142
f 2146 2147 2078 2077
f 2078 2147 2148 2079
f 2149 2150 2147 2146
f 2147 2150 2151 2148
f 2150 2149 2152 2151
f 2107 2057 2056 2141
f 2056 2141 2153 2058
f 2154 2146 2077 2103
f 2152 2149 2146 2154
f 2108 2107 2141 2145
f 2141 2145 2155 2153
f 2059 2060 2156 2144
f 2157 2156 2060 2061
f 2154 2148 2151 2152
f 2079 2148 2154 2103
f 2142 2143 2158 2159
f 2160 2145 2142 2159
f 2143 2144 2161 2158
f 2131 2108 2145 2160
f 2162 2155 2145 2160
f 2144 2156 2163 2161
f 2156 2157 2164 2163
f 39 26 72 45
f 1940 2004 2165 2014
f 2004 2005 2028 2165
f 2014 2165 2166 2018
f 2165 2028 2038 2166
f 2167 2166 2038 2039
f 2018 2166 2167 2050
f 2050 2167 2168 2053
f 2167 2039 2058 2168
f 2053 2168 2169 2061
f 2170 1983 2000 2127
f 2058 2153 2169 2168
f 2171 2169 2153 2155
f 2061 2169 2171 2157
f 2172 2132 2131 2160
f 2173 2171 2155 2162
f 2157 2171 2173 2164
f 1889 102 100 1882
f 1882 92 94 1889
f 106 1888 1889 94
f 93 81 1885 107
f 106 94 93 107
f 85 1885 81 80
f 1883 1873 1874 1875
f 1884 1873 1874 1876
f 104 85 80 82
f 2174 70 65 45
f 63 69 83 77
f 71 65 68 69
f 83 69 67 229
f 77 83 226 82
f 77 83 227 82
f 83 229 240 227
f 2175 71 83 227
f 238 240 229 235
f 71 2175 238 235
f 71 235 234 231
f 82 227 127 104
f 227 240 239 127
f 249 2175 227 127
f 2175 249 241 238
f 250 103 104 127
f 127 239 251 250
f 249 126 243 241
f 126 243 244 254
f 248 242 235 234
f 245 241 238 242
f 243 245 246 244
f 263 251 243 244
f 110 1897 1902 108
f 1902 1897 1891 1903
f 1891 1893 1906 1903
f 1893 103 250 252
f 128 1906 1893 252
f 250 251 2176 252
f 128 252 2176 2177
f 2176 251 2178 2179
f 2180 2177 2176 2179
f 109 111 1928 1925
f 1906 128 129 114
f 129 128 2177 2181
f 2182 2181 2177 2180
f 114 129 264 112
f 129 2181 2183 264
f 129 116 120 264
f 2184 2183 2181 2182
f 2185 1916 115 133
f 115 1917 1918 133
f 115 119 118 133
f 115 125 269 133
f 1920 1919 1916 2185
f 119 29 121 118
f 264 2183 2186 267
f 2187 2186 2183 2184
f 137 138 144 146
f 138 130 147 144
f 147 130 116 132
f 125 266 273 269
f 2188 265 267 2186
f 2189 268 265 2188
f 273 266 268 274
f 268 2189 2190 274
f 2191 2188 2186 2187
f 2192 2189 2188 2191
f 2189 2192 2193 2190
f 70 2174 280 233
f 231 234 247 236
f 260 248 234 247
f 2194 2179 2178 263
f 2195 2180 2179 2194
f 2196 2182 2180 2195
f 2197 2184 2182 2196
f 2198 2187 2184 2197
f 2199 2191 2187 2198
f 2200 2192 2191 2199
f 2201 2193 2192 2200
f 2202 2174 45 49
f 2174 2202 286 280
f 1979 1980 2203 2204
f 2205 1978 1979 2204
f 1995 1992 1999 1996
f 2206 1981 1978 2205
f 2207 2011 1981 2206
f 2208 2001 2011 2207
f 1980 1982 2209 2203
f 2170 2209 1982 1983
f 1999 1992 1991 1998
f 2210 2203 2209 2211
f 2209 2170 2212 2211
f 2213 2204 2203 2210
f 2208 2170 1983 2001
f 2170 2127 2128 2212
f 2214 2212 2170 2208
f 2210 2211 2215 2216
f 2215 2211 2212 2172
f 2215 2159 2158 2216
f 2160 2159 2215 2172
f 2210 2216 2217 2213
f 2216 2158 2161 2217
f 2117 2218 2219 2122
f 2117 2118 2220 2218
f 2218 2221 2222 2219
f 2223 2221 2218 2220
f 2224 2222 2221 2223
f 2128 2132 2172 2212
f 2172 2212 2214 2225
f 2162 2160 2172 2225
f 2226 2119 2122 2219
f 2219 2222 2224 2226
f 2227 2205 2204 2213
f 2205 2227 2228 2206
f 287 291 2229 288
f 289 291 287 219
f 2229 291 290 2230
f 220 288 2229 2231
f 2229 2230 2232 2231
f 2233 2227 2213 2217
f 2227 2233 2234 2228
f 2235 2230 290 2236
f 290 289 2237 2236
f 2230 2235 292 2232
f 289 219 49 159
f 289 159 225 2237
f 2235 2236 2134 2133
f 2134 2236 2237 2137
f 292 2235 2133 293
f 2133 2136 297 293
f 2226 2220 2118 2119
f 2224 2223 2220 2226
f 2161 2163 2233 2217
f 2234 2233 2163 2164
f 2137 2237 225 224
f 175 2138 2137 224
f 2238 2232 292 294
f 298 294 293 297
f 220 2231 2239 221
f 2231 2232 2238 2239
f 221 2239 2240 222
f 2239 2238 2241 2242
f 2239 2242 2243 2240
f 2238 294 2244 2241
f 2242 2241 2245 2246
f 2245 2241 2244 2247
f 2248 2246 2245 2249
f 2245 2247 2250 2249
f 2241 2242 2251 2252
f 2241 2252 2253 2244
f 2242 2246 2248 2243
f 2254 2251 2242 2243
f 301 2252 2251 302
f 300 302 2251 2254
f 2252 301 2255 2253
f 2256 2244 294 298
f 305 2247 2244 2256
f 2244 2253 2257 2256
f 2253 2255 309 2257
f 2247 305 423 2250
f 2208 2207 2258 2214
f 2225 2214 2258 2259
f 2173 2162 2225 2259
f 2258 2207 2206 2228
f 2258 2228 2234 2259
f 316 2202 49 223
f 2164 2173 2259 2234
f 319 318 308 323
f 324 317 319 323
f 318 320 309 308
f 332 309 320 327
f 2260 2261 2262 2263
f 2264 2263 2262 2265
f 2266 2265 2262 349
f 2262 2261 347 349
f 2267 2261 2260 2268
f 347 2261 2267 348
f 2267 2268 2269 2270
f 350 348 2267 2270
f 2264 2265 2271 2272
f 2265 2266 2273 2271
f 2266 349 351 2274
f 2266 2274 2275 2273
f 328 321 317 324
f 321 329 2276 330
f 2277 2278 2279 356
f 357 356 2279 2280
f 2202 316 362 286
f 2281 2270 2269 2282
f 2283 2281 2282 2284
f 350 2270 2281 352
f 2285 2286 2278 2277
f 371 2286 2285 2287
f 371 2287 2288 2289
f 369 2290 2291 372
f 2292 2291 2290 2293
f 372 2291 2294 373
f 2295 2294 2291 2292
f 2296 2297 2298 2299
f 2296 2299 2300 2301
f 2302 2298 2297 2303
f 2304 2305 2299 2298
f 2299 2305 2306 2300
f 2305 2304 2307 2308
f 2309 2306 2305 2308
f 2310 2304 2298 2302
f 2311 2307 2304 2310
f 2312 2308 2307 2313
f 2314 2313 2307 2311
f 351 352 2281 2283
f 2315 2283 2284 2316
f 2274 351 2283 2315
f 2317 2315 2316 2318
f 2274 2315 2317 2275
f 2301 2300 2319 2320
f 2300 2306 2321 2319
f 2322 2321 2306 2309
f 2323 2324 2320 2319
f 2324 2323 2325 2326
f 2319 2321 2327 2323
f 2321 2322 2328 2327
f 2322 2309 2329 2330
f 2322 2330 2331 2328
f 2323 2327 2332 2325
f 2327 2328 2333 2332
f 2329 2309 2308 2312
f 2329 2312 2334 2335
f 2336 2330 2329 2335
f 2312 2313 2337 2334
f 2338 2337 2313 2314
f 2339 2340 2341 2342
f 2341 2335 2334 2342
f 2336 2335 2341 2343
f 2341 2340 2344 2343
f 2340 2339 2345 2346
f 2340 2346 2347 2344
f 2348 2339 2342 2349
f 2342 2334 2337 2349
f 2339 2348 2350 2345
f 2351 2348 2349 2352
f 2349 2337 2338 2352
f 2353 2350 2348 2351
f 2354 2345 2350 2355
f 2356 2355 2350 2353
f 2357 2354 2355 2358
f 2359 2358 2355 2356
f 2360 2346 2345 2354
f 2361 2360 2354 2357
f 2346 2360 2362 2347
f 2360 2361 2363 2362
f 2361 2357 2364 2365
f 2366 2363 2361 2365
f 2357 2358 2367 2364
f 2368 2367 2358 2359
f 2369 2331 2330 2336
f 2333 2328 2331 2370
f 2331 2369 2371 2370
f 2333 2370 2372 2373
f 2374 2332 2333 2373
f 2343 2344 2375 2376
f 2369 2336 2343 2376
f 2344 2347 2377 2375
f 2347 2362 2378 2377
f 2379 2378 2362 2363
f 2371 2369 2376 2380
f 2376 2375 2381 2380
f 2375 2377 2382 2381
f 2377 2378 2383 2382
f 2378 2379 2384 2383
f 2385 2379 2363 2366
f 2386 2384 2379 2385
f 2387 2383 2384 2388
f 2389 2388 2384 2386
f 2371 2380 2390 2391
f 2372 2370 2371 2391
f 2380 2381 2392 2390
f 2392 2381 2382 2393
f 2382 2383 2387 2393
f 2391 2390 2394 2395
f 2396 2372 2391 2395
f 2390 2392 2397 2394
f 2393 2387 2398 2399
f 2397 2392 2393 2399
f 2387 2388 2400 2398
f 2388 2389 2401 2400
f 2402 2373 2372 2396
f 2365 2364 2403 2404
f 2365 2404 2405 2366
f 2364 2367 2406 2403
f 2407 2406 2367 2368
f 2408 2403 2406 2409
f 2410 2409 2406 2407
f 2411 2404 2403 2408
f 2404 2411 2412 2405
f 2411 2408 2413 2414
f 2413 2408 2409 2415
f 2416 2414 2413 2417
f 2413 2415 2418 2417
f 2412 2411 2414 2419
f 2414 2416 2420 2419
f 2415 2409 2410 2421
f 2422 2418 2415 2421
f 2416 2417 381 380
f 2416 380 383 2420
f 2417 2418 384 381
f 385 384 2418 2422
f 2423 2385 2366 2405
f 2424 2386 2385 2423
f 2425 2389 2386 2424
f 2389 2425 2426 2401
f 2427 2423 2405 2412
f 2428 2424 2423 2427
f 2429 2425 2424 2428
f 2425 2429 2430 2426
f 2427 2412 2419 2431
f 2432 2431 2419 2420
f 2428 2427 2431 2433
f 2434 2433 2431 2432
f 2429 2428 2433 2435
f 2433 2434 2436 2435
f 2429 2435 2437 2430
f 386 2432 2420 383
f 2432 386 387 2434
f 2436 2434 387 388
f 2437 2435 2436 2438
f 2436 388 389 2438
f 2439 2440 2326 2325
f 2440 2439 2441 2442
f 2439 2325 2332 2374
f 2443 2374 2373 2402
f 2441 2439 2374 2443
f 56 11 13 62
f 57 61 2444 1865
f 16 11 13 1843
f 122 1839 1838 1840
f 13 11 1839 122
f 1842 23 11 13
f 1843 13 1911 1907
f 1842 13 1911 121
f 123 122 1840 1909
f 1909 1913 124 123
f 2445 124 1913 1915
f 1911 13 124 2445
f 271 62 13 1911
f 2444 61 395 2446
f 395 393 2447 2446
f 393 396 2448 2447
f 2185 2445 1915 1920
f 133 1911 2445 2185
f 1907 1911 133 1918
f 121 1911 133 118
f 396 397 2449 2448
f 1911 133 269 271
f 397 270 2450 2449
f 2451 2450 270 272
f 295 1859 1865 296
f 400 296 1865 2444
f 297 2136 2045 295
f 2048 2138 175 174
f 2444 2446 2452 400
f 2446 2447 2453 2452
f 2447 2448 2454 2453
f 2448 2449 2455 2454
f 2449 2450 2456 2455
f 2457 2456 2450 2451
f 400 2452 406 401
f 2452 2453 407 406
f 2453 2454 408 407
f 2454 2455 409 408
f 2455 2456 2458 409
f 2456 2457 2459 2458
f 272 399 2460 2451
f 275 274 2190 2461
f 2462 2461 2190 2193
f 398 275 2461 2463
f 2464 2463 2461 2462
f 2465 399 398 2463
f 399 2465 2466 2460
f 2467 2465 2463 2464
f 2465 2467 2468 2466
f 412 2462 2193 2201
f 411 2464 2462 412
f 414 2467 2464 411
f 2469 2468 2467 414
f 2457 2451 2460 2470
f 2460 2466 2471 2470
f 420 2471 2466 2468
f 2459 2457 2470 416
f 2470 2471 417 416
f 2471 420 419 417
f 2472 420 2468 2469
f 420 2472 1271 421
f 425 2256 298 304
f 305 2256 425 306
f 305 307 424 423
f 2256 2257 426 425
f 2257 309 310 426
f 303 402 2473 2474
f 2475 304 303 2474
f 427 425 304 2475
f 306 425 427 2476
f 2477 307 306 2476
f 404 403 409 2458
f 2458 2459 416 404
f 404 417 2478 405
f 2479 402 405 2480
f 2481 2480 405 2478
f 2482 2480 2479 2483
f 308 323 2482 2483
f 2482 323 324 2484
f 2481 2480 2482 2484
f 2480 2485 2486 2479
f 2487 2485 2480 2481
f 2485 323 308 2486
f 324 323 2485 2487
f 402 2479 430 2473
f 2483 2479 430 2488
f 322 308 2483 2488
f 2479 2486 431 430
f 308 309 311 310
f 431 2486 308 322
f 2489 311 309 332
f 444 440 2490 2491
f 441 2492 2490 440
f 2490 2492 2493 2491
f 444 2491 2493 445
f 438 440 444 443
f 459 2494 307 2477
f 307 2494 2495 424
f 2492 441 445 2493
f 443 442 439 438
f 439 442 445 441
f 447 337 342 449
f 457 456 448 450
f 343 322 310 434
f 451 455 458 453
f 459 2494 2496 460
f 2496 2494 2495 2497
f 463 460 2496 2497
f 311 2498 2499 437
f 2500 2498 311 2489
f 2501 2502 2494 459
f 2494 2502 2503 2495
f 2499 2498 2502 2501
f 2502 2498 2500 2503
f 2474 2473 465 464
f 467 2475 2474 464
f 468 2488 430 433
f 465 2473 430 433
f 431 322 343 432
f 343 322 2488 468
f 429 427 2475 467
f 2504 2476 427 429
f 2505 2477 2476 2504
f 459 2477 2505 461
f 2506 2501 459 461
f 2507 2499 2501 2506
f 437 2499 2507 436
f 2508 343 434 2509
f 434 428 2510 2509
f 343 324 328 2508
f 2511 432 343 2508
f 343 468 2512 2508
f 468 469 2513 2512
f 465 469 2513 2514
f 473 471 465 2514
f 2513 469 432 2511
f 471 473 475 472
f 2484 324 328 2515
f 2516 2481 2484 2515
f 324 2487 2517 328
f 2518 2478 417 419
f 2516 2481 2478 2518
f 2517 2487 2481 2516
f 2519 2515 328 329
f 2516 2515 2519 2520
f 2519 329 2276 2521
f 2522 2520 2519 2521
f 2523 2518 419 418
f 2520 2516 2518 2523
f 2524 2523 418 421
f 2522 2520 2523 2524
f 2517 2516 2520 2525
f 2526 2525 2520 2522
f 2525 329 328 2517
f 2276 329 2525 2526
f 328 329 2527 2508
f 2528 2527 329 2276
f 356 355 2529 2277
f 355 354 2530 2529
f 2531 2530 354 476
f 2277 2529 2532 2285
f 2529 2530 2533 2532
f 2534 2533 2530 2535
f 2536 2535 2530 2531
f 2537 2287 2285 2532
f 2538 2537 2532 2533
f 2287 2537 2539 2288
f 2537 2538 2540 2539
f 2541 2538 2533 2534
f 2538 2541 2542 2540
f 2535 480 2543 2534
f 481 480 2535 2536
f 480 479 2544 2543
f 2545 485 487 2546
f 2547 2546 487 490
f 486 485 2545 2548
f 2549 491 486 2548
f 2550 492 491 2549
f 2551 2552 2553 2554
f 2555 2556 2551 2554
f 2552 2557 2558 2553
f 497 2554 2553 498
f 2555 2554 497 499
f 498 2553 2558 500
f 2559 2560 2556 2555
f 2557 2561 2562 2558
f 2563 2562 2561 2564
f 500 2558 2562 502
f 501 502 2562 2563
f 501 2563 2565 505
f 506 499 501 505
f 479 482 2566 2544
f 482 478 2567 2566
f 2568 2567 478 483
f 2569 488 492 2550
f 488 2569 2570 489
f 2565 2563 2564 2571
f 2572 2573 2560 2559
f 2574 2575 2573 2572
f 509 2572 2559 506
f 2574 2572 509 508
f 508 504 2576 2574
f 2576 2577 2575 2574
f 2578 503 505 2565
f 2579 2577 2576 2578
f 2565 2571 2579 2578
f 504 503 2578 2576
f 2545 2534 2543 2548
f 2549 2548 2543 2544
f 2541 2534 2545 2546
f 2542 2541 2546 2547
f 2549 2544 2566 2550
f 2555 499 506 2559
f 2569 2550 2566 2567
f 2570 2569 2567 2568
f 2511 2508 2527 2580
f 2581 2513 2511 2580
f 2514 2513 2581 2582
f 474 473 2514 2582
f 2508 2512 2583 2527
f 2508 2509 2584 2527
f 2583 2512 2513 2581
f 2585 2584 2509 2510
f 2580 2527 2528 513
f 512 2581 2580 513
f 2527 2583 2586 2528
f 2527 2584 2587 2528
f 2588 2582 2581 512
f 2586 2583 2581 512
f 510 474 2582 2588
f 2584 2585 2589 2587
f 2590 2591 2272 2271
f 2591 2590 2592 2593
f 2590 2271 2273 2594
f 2590 2594 2595 2592
f 2596 2594 2273 2275
f 2597 2595 2594 2596
f 2598 333 326 325
f 2593 2592 2599 2600
f 2592 519 527 2599
f 2592 2595 520 519
f 518 333 2598 2601
f 2602 522 518 2601
f 2603 524 522 2602
f 2604 523 524 2603
f 2605 515 523 2604
f 2606 2607 2595 2597
f 2595 2607 2608 520
f 2607 2606 2609 2608
f 519 521 2610 2611
f 2612 527 519 2611
f 2613 2614 2615 2616
f 2615 2614 2617 2618
f 2615 2618 2619 2620
f 2621 2616 2615 2620
f 2614 2613 2622 2623
f 2614 2623 2624 2617
f 2625 2613 2616 2626
f 2627 2626 2616 2621
f 2628 2622 2613 2625
f 530 529 2629 2630
f 530 2630 2631 531
f 2632 2629 529 528
f 2630 2629 2632 2631
f 2633 2634 2623 2622
f 2623 2634 2635 2624
f 2636 2635 2634 2637
f 2634 2633 2638 2637
f 2639 2633 2622 2628
f 2633 2639 2640 2638
f 222 2240 2641 299
f 2240 2243 2642 537
f 536 2641 2240 537
f 2249 2642 2243 2248
f 2643 2642 2249 2250
f 2644 2254 2243 2642
f 2645 300 2254 2644
f 2645 2644 2646 2647
f 299 2641 2648 534
f 2641 536 2649 2648
f 537 2642 2643 538
f 2646 2644 2642 2643
f 2650 2649 536 535
f 2651 2643 2250 423
f 538 2643 2651 541
f 545 540 538 541
f 435 2646 2643 2651
f 332 2647 2646 435
f 534 2648 549 539
f 547 549 2648 2649
f 312 539 549 548
f 2618 2617 2652 2653
f 2618 2653 2654 2619
f 2655 2652 2617 2624
f 313 223 312 548
f 2656 2653 2652 2657
f 2658 2657 2652 2655
f 2659 547 2649 2650
f 548 547 2659 2660
f 548 2660 550 313
f 2661 2654 2653 2656
f 2662 2620 2619 2663
f 2664 2663 2619 2654
f 2665 2662 2663 2666
f 2667 2666 2663 2664
f 2620 2662 2668 2621
f 2662 2665 2669 2668
f 2670 532 531 2631
f 2671 533 532 2672
f 532 2670 2673 2672
f 2674 2665 2666 2675
f 2637 2665 2666 2636
f 2666 2667 2676 2675
f 2666 2667 2677 2636
f 2670 2631 2632 2678
f 2670 2678 2679 2673
f 2665 2637 2638 2669
f 2665 2674 2680 2669
f 2681 2664 2654 2661
f 2664 2681 2682 2667
f 558 555 552 559
f 552 554 2683 2684
f 2685 559 552 2684
f 2661 2656 2686 2687
f 2688 2681 2661 2687
f 2689 2682 2681 2688
f 553 555 558 561
f 553 561 557 556
f 2690 560 559 2685
f 2667 2682 2691 2676
f 2667 2682 2692 2677
f 2682 2689 2693 2691
f 2682 2689 2694 2692
f 2695 2696 2697 2698
f 2659 2650 2697 2696
f 2697 2650 535 540
f 2697 540 545 2698
f 2660 2659 2696 2699
f 2696 2695 2700 2699
f 2695 2698 2701 2702
f 2703 2700 2695 2702
f 2660 2699 562 550
f 2656 2657 2704 2686
f 2705 2704 2657 2658
f 563 562 2699 2700
f 560 554 556 557
f 554 560 2690 2683
f 2686 2704 2706 2707
f 2708 2687 2686 2707
f 2709 2706 2704 2705
f 2710 2688 2687 2708
f 2711 2689 2688 2710
f 2712 2693 2689 2711
f 2713 2694 2689 2711
f 2714 2708 2707 2715
f 2707 2706 2716 2715
f 2706 2709 2717 2716
f 2718 331 515 2605
f 2719 516 331 2718
f 2720 570 569 2721
f 570 2720 2722 572
f 2624 2635 2723 2655
f 2635 2636 2677 2723
f 2655 2723 2724 2658
f 2723 2677 2692 2724
f 2674 2725 2726 2680
f 2674 2675 2727 2725
f 2675 2676 2728 2727
f 2676 2691 2729 2728
f 2691 2693 2730 2729
f 2731 2724 2692 2694
f 2658 2724 2731 2705
f 2732 2730 2693 2712
f 2705 2731 2733 2709
f 2731 2694 2713 2733
f 2709 2733 2734 2717
f 2733 2713 2735 2734
f 2606 2597 526 2609
f 2318 2736 2737 2317
f 2736 2600 2599 2737
f 2275 2317 2737 2596
f 2597 2596 2737 2599
f 373 2294 2738 375
f 2739 2738 2294 2295
f 375 2738 2740 376
f 2741 2740 2738 2739
f 376 2740 378 377
f 581 378 2740 2741
f 526 2597 2599 527
f 589 2598 325 335
f 2742 525 527 2612
f 2601 2598 589 590
f 593 2602 2601 590
f 594 2603 2602 593
f 592 2604 2603 594
f 591 2605 2604 592
f 588 2718 2605 591
f 597 2719 2718 588
f 600 2720 2721 601
f 602 2722 2720 600
f 2626 2627 2743 2744
f 2745 2625 2626 2744
f 2625 2745 2746 2628
f 2621 2668 2747 2627
f 2748 2747 2668 2669
f 528 533 2678 2632
f 2679 2678 533 2671
f 2627 2747 2749 2743
f 2747 2748 2750 2749
f 2751 2748 2669 2680
f 2669 2638 2640 2748
f 2752 2750 2748 2640
f 2753 2750 2748 2751
f 2754 2744 2743 2755
f 2743 2749 2756 2755
f 2749 2750 2757 2756
f 2758 611 610 2759
f 610 614 2760 2759
f 611 2758 2761 2762
f 611 2762 2763 612
f 2764 2745 2744 2754
f 2745 2764 2765 2746
f 614 613 2766 2760
f 2767 2766 613 615
f 2768 2761 2758 2769
f 2758 2759 2767 2769
f 2759 2760 2766 2767
f 2770 2757 2750 2753
f 2750 2752 2771 2757
f 2754 2755 2772 2773
f 2774 2764 2754 2773
f 2775 2765 2764 2774
f 2776 2639 2628 2746
f 2752 2640 2639 2776
f 2751 2680 2726 2777
f 2751 2777 2778 2753
f 2752 2776 2779 2771
f 2779 2776 2746 2765
f 2780 2779 2765 2775
f 2781 2771 2779 2780
f 618 2671 2672 616
f 2672 2673 2782 616
f 2671 618 621 2679
f 617 2762 2761 621
f 2763 2762 617 619
f 2673 2679 625 624
f 626 2782 2673 624
f 2679 621 627 625
f 621 2761 628 627
f 629 628 2761 2768
f 2726 2725 641 640
f 642 2777 2726 640
f 645 2778 2777 642
f 2778 645 644 2783
f 2770 2753 2778 2783
f 616 2684 2683 620
f 2685 2684 616 2782
f 620 2683 2690 654
f 653 651 620 654
f 2784 2785 651 653
f 651 2785 2786 652
f 2785 2784 2787 2788
f 2789 2786 2785 2788
f 630 2685 2782 626
f 2685 630 631 2690
f 658 2727 2728 659
f 660 659 2728 2729
f 632 654 2690 631
f 653 632 633 2784
f 2790 2784 633 634
f 641 2725 2727 658
f 660 2729 2730 661
f 661 2730 2732 639
f 2791 643 639 2732
f 2792 2783 644 646
f 647 643 2791 2793
f 2794 648 647 2793
f 2795 649 648 2794
f 2784 2790 2796 2787
f 2732 2712 2797 2791
f 2798 2793 2791 2797
f 2799 2794 2793 2798
f 2755 2756 2800 2772
f 2756 2757 2801 2800
f 2768 2769 612 2763
f 612 2769 2767 615
f 2802 2801 2757 2770
f 2781 2801 2757 2771
f 2763 619 2803 2768
f 657 2804 619 622
f 619 2804 2805 2803
f 668 2805 2804 664
f 2804 657 665 664
f 652 2786 2790 655
f 2796 2790 2786 2789
f 657 656 667 665
f 646 650 2806 2792
f 650 649 2795 2806
f 635 629 2768 2803
f 636 635 2803 2805
f 637 636 2805 656
f 667 656 2805 668
f 2783 2792 2802 2770
f 2792 2806 2807 2802
f 2806 2795 2808 2807
f 2795 2794 2799 2808
f 655 638 637 656
f 655 2790 634 638
f 2809 2810 2811 2812
f 2811 2810 2813 2814
f 2811 2702 2701 2812
f 2703 2702 2811 2814
f 2710 2708 2714 2815
f 2710 2815 2816 2711
f 674 669 2788 2787
f 2788 669 671 2789
f 2817 2815 2714 2818
f 2714 2715 2819 2818
f 2820 2816 2815 2817
f 673 670 669 674
f 670 673 672 671
f 2797 2712 2711 2816
f 2711 2816 2735 2713
f 672 674 2787 2796
f 2798 2797 2816 2820
f 2816 2820 2821 2735
f 2715 2716 2822 2819
f 2823 2822 2716 2717
f 2817 2818 2824 2825
f 2817 2825 2826 2820
f 2827 2824 2818 2819
f 2789 671 672 2796
f 2828 2825 2824 2829
f 2830 2829 2824 2827
f 2831 2826 2825 2828
f 2799 2798 2820 2826
f 2820 2826 2832 2821
f 2808 2799 2826 2831
f 2826 2831 2833 2832
f 2819 2822 2834 2827
f 2835 2834 2822 2823
f 2772 2800 2836 2837
f 2838 2773 2772 2837
f 2800 2801 2839 2836
f 2840 2774 2773 2838
f 2801 2802 2807 2839
f 2841 2839 2801 2781
f 2836 2828 2829 2837
f 2831 2828 2836 2839
f 2838 2837 2829 2830
f 664 663 2842 668
f 2843 2842 663 675
f 2839 2807 2808 2831
f 2833 2831 2839 2841
f 668 2842 2843 666
f 2774 2840 2844 2775
f 2845 2846 2847 2848
f 2847 2846 577 576
f 2849 2848 2847 576
f 2846 2845 2850 577
f 2851 2840 2838 2830
f 2840 2851 2852 2844
f 2845 2848 2853 2854
f 2855 2854 2853 2856
f 2853 2857 2858 2856
f 2853 2848 2849 2857
f 2850 2845 2854 677
f 678 677 2854 2855
f 2850 677 679 2859
f 676 577 2850 2859
f 314 579 2857 2849
f 551 2858 2857 579
f 2856 2810 2809 2855
f 678 2855 2809 680
f 2809 2812 2860 680
f 666 662 665 667
f 2843 675 662 666
f 2827 2834 2851 2830
f 2852 2851 2834 2835
f 2810 2856 2858 2813
f 2858 551 580 2813
f 564 2814 2813 580
f 2861 684 680 2860
f 2862 2734 2735 2821
f 2717 2734 2862 2823
f 2821 2832 2863 2862
f 2832 2833 2864 2863
f 2823 2862 2863 2835
f 2781 2780 2865 2841
f 2780 2775 2844 2865
f 2864 2833 2841 2865
f 576 315 314 2849
f 2864 2865 2844 2852
f 2835 2863 2864 2852
f 683 684 2866 685
f 684 2861 2867 2866
f 2868 686 685 2866
f 679 682 691 693
f 695 2859 679 693
f 698 690 686 2868
f 691 697 706 692
f 710 358 578 688
f 2869 689 676 2870
f 676 2859 695 2870
f 689 2869 711 709
f 711 2869 2870 695
f 694 688 709 711
f 694 693 696 712
f 705 706 697 698
f 358 710 713 359
f 2871 692 707 2872
f 707 705 723 722
f 2873 2872 707 722
f 2874 2871 2872 2875
f 2876 2877 2872 2873
f 2878 2875 2872 2877
f 692 2871 2874 708
f 359 713 714 360
f 712 696 717 715
f 2879 2874 2875 2880
f 2875 2878 2881 2880
f 716 708 2874 2879
f 2882 2883 2884 2885
f 2884 2886 2887 2885
f 2884 2883 2888 2889
f 2890 2886 2884 2889
f 2883 2882 2891 2888
f 2892 2893 2894 2895
f 2894 2893 2896 2897
f 2898 2895 2894 2897
f 2893 2892 2899 2896
f 2882 2885 2900 2891
f 2885 2887 2901 2900
f 2902 521 520 2608
f 521 2902 2903 2610
f 2904 2902 2608 2609
f 2905 2903 2902 2904
f 2906 461 2505 2907
f 2505 2504 2908 2907
f 2909 2506 461 2906
f 461 462 463 2906
f 2910 2507 2506 2909
f 2911 429 428 731
f 428 436 2912 731
f 428 731 734 2510
f 2912 436 2507 2910
f 2908 2504 429 2911
f 429 467 2913 2911
f 467 466 737 2913
f 735 737 466 472
f 2897 2896 2899 2898
f 2900 2889 2888 2891
f 2901 2890 2889 2900
f 424 2495 2906 2907
f 424 2907 2908 422
f 2495 2503 2909 2906
f 463 2497 2495 2906
f 2914 2651 423 422
f 541 2651 2914 542
f 2915 435 2651 2914
f 2489 332 435 2915
f 568 2915 435 517
f 422 2908 2911 2914
f 2914 2911 2913 542
f 2914 2911 731 2915
f 542 2913 738 543
f 2698 545 544 2701
f 565 563 2700 2703
f 2910 2500 2489 2912
f 731 2912 2489 2915
f 2916 573 572 2722
f 732 731 2915 568
f 2503 2500 2910 2909
f 2611 2610 2917 2918
f 2611 2918 2919 2612
f 2920 574 573 2916
f 2921 747 574 2920
f 2922 748 747 2921
f 2923 749 748 2922
f 571 575 2924 566
f 2925 750 749 2923
f 575 750 2925 2924
f 2913 737 736 738
f 738 736 757 739
f 2926 756 736 758
f 2927 739 757 2928
f 2929 2928 757 756
f 739 2927 2930 766
f 741 543 739 766
f 2931 2932 2933 2934
f 732 2934 2933 743
f 744 743 2933 2935
f 2933 2932 2936 2935
f 2937 732 743 2938
f 2939 2938 743 744
f 2927 2928 2931 2932
f 2927 2932 2936 2930
f 2937 2938 2932 2931
f 2932 2938 2939 2936
f 2610 2903 2905 2742
f 2610 2742 2940 2917
f 525 2742 2905 2904
f 2742 2612 2919 2940
f 2609 526 525 2904
f 759 735 472 2941
f 472 475 2942 2941
f 2919 2918 2917 2940
f 755 2585 2510 734
f 2585 755 768 2589
f 475 510 771 770
f 2943 2942 475 770
f 772 2916 2722 602
f 773 2920 2916 772
f 775 2921 2920 773
f 776 2922 2921 775
f 777 2923 2922 776
f 566 2924 774 599
f 783 2925 2923 777
f 2924 2925 783 774
f 2944 2931 2934 2945
f 2934 732 733 2945
f 2944 2931 2928 2929
f 2946 2937 2931 2944
f 733 732 2937 2946
f 2945 733 734 2947
f 2948 2944 2945 2947
f 2944 2929 2949 2948
f 2950 2946 2944 2948
f 733 2946 2950 734
f 753 734 733 754
f 2949 2929 756 2926
f 786 785 2951 2952
f 2953 2952 2951 2954
f 2951 2955 2956 2954
f 788 2955 2951 785
f 789 2957 2955 788
f 2958 2956 2955 2957
f 791 786 2952 2959
f 2952 2953 2960 2959
f 759 2941 2953 2954
f 759 2954 2956 760
f 2960 2953 2941 2942
f 760 2956 2958 761
f 2957 789 787 2961
f 784 2958 2957 2961
f 761 2958 784 762
f 763 784 2962 794
f 2963 2961 787 790
f 2962 784 2961 2963
f 792 791 2959 2964
f 2959 2960 2965 2964
f 2960 2942 2943 2965
f 2966 2963 790 793
f 801 2962 2963 2966
f 795 794 2962 801
f 2967 2926 758 764
f 2947 734 755 2968
f 2969 2948 2947 2968
f 734 2950 2970 755
f 734 755 767 753
f 2971 2949 2926 2967
f 2948 2949 2971 2969
f 2970 2950 2948 2969
f 2972 2967 764 796
f 2973 2968 755 768
f 755 2970 2974 768
f 778 767 755 768
f 2975 2971 2967 2972
f 2976 2969 2968 2973
f 2969 2971 2975 2976
f 2974 2970 2969 2976
f 2860 2812 2701 544
f 564 565 2703 2814
f 2861 2860 544 546
f 568 567 754 746
f 766 2930 2977 765
f 2930 2936 2978 2977
f 2935 2936 2978 2979
f 746 744 2935 2979
f 2980 2939 744 746
f 2936 2939 2980 2978
f 754 746 2979 2981
f 2979 2978 2982 2981
f 2978 2980 2983 2982
f 2984 2977 2978 2982
f 746 754 2983 2980
f 2861 546 742 2867
f 2985 2986 2866 2867
f 2866 2986 2987 2868
f 2986 2985 2988 2987
f 2989 2990 812 811
f 2991 2990 2989 2992
f 2989 811 814 2993
f 2994 2992 2989 2993
f 810 812 2990 2995
f 2990 2991 2996 2995
f 2988 2985 2867 2997
f 2867 742 809 2997
f 810 2995 2998 815
f 2995 2996 2999 2998
f 816 813 815 2998
f 2998 2999 3000 816
f 819 2993 814 820
f 817 820 814 813
f 3001 2994 2993 819
f 698 2868 2987 700
f 823 700 2987 2988
f 3001 819 821 3002
f 825 699 700 823
f 816 3000 3003 817
f 2988 2997 824 823
f 2997 809 836 824
f 818 836 809 805
f 837 3004 3005 3006
f 837 3006 841 838
f 3007 3004 837 839
f 3008 3006 3005 3009
f 3006 3008 844 841
f 3008 3009 3010 3011
f 3008 3011 840 844
f 3012 3011 3010 3013
f 842 840 3011 3012
f 765 2977 2984 807
f 3014 3015 3016 3017
f 3016 3018 3019 3017
f 3020 3021 3015 3014
f 3022 808 807 3023
f 807 2984 3024 3023
f 3025 3026 3021 3020
f 3027 3028 3026 3025
f 3002 821 822 3029
f 826 702 699 3030
f 699 3030 827 701
f 850 3030 699 825
f 3029 822 833 3031
f 849 826 3030 850
f 848 827 3030 850
f 848 827 826 849
f 703 3032 3033 830
f 829 830 3033 3034
f 3032 703 718 3035
f 718 703 701 704
f 834 817 3003 3036
f 845 835 836 818
f 824 835 724 723
f 3036 3031 833 834
f 850 825 828 848
f 831 829 3034 3037
f 852 831 3037 3038
f 835 845 3039 724
f 845 808 3022 3039
f 3007 839 3040 3041
f 3041 3040 3042 3043
f 846 3040 839 843
f 847 3042 3040 846
f 3012 3013 3043 3042
f 3012 3042 847 842
f 3018 3044 3045 3019
f 3044 3046 3047 3045
f 3046 3028 3027 3047
f 754 2981 3048 753
f 3049 2983 754 753
f 2981 2982 3050 3048
f 3050 2982 2983 3049
f 3024 2984 2982 3050
f 3051 3014 3017 3052
f 3017 3019 3053 3052
f 3054 3020 3014 3051
f 3055 3025 3020 3054
f 3056 3027 3025 3055
f 854 3057 3035 718
f 3057 854 860 3058
f 853 718 704 3059
f 704 3059 3060 719
f 3061 3059 704 832
f 859 853 3059 3061
f 858 861 853 859
f 862 3062 3063 863
f 865 863 3063 3064
f 3060 719 720 861
f 3060 861 858 3065
f 856 719 3060 3065
f 3062 862 866 3066
f 719 856 857 721
f 860 852 3038 3058
f 832 851 859 3061
f 3064 3067 3068 865
f 3065 858 855 856
f 870 3068 3067 3069
f 865 3068 870 868
f 3070 722 724 3039
f 867 3071 3066 866
f 3071 867 869 3072
f 869 867 864 868
f 705 721 857 723
f 3073 3074 2877 2876
f 2877 3074 3075 2878
f 3074 3073 3076 3075
f 3073 2876 3077 3076
f 869 870 3069 3072
f 3078 2873 722 3070
f 3079 3070 3039 3080
f 3039 3022 3081 3080
f 3077 2876 2873 3082
f 2873 3078 3083 3082
f 3083 3078 3070 3079
f 3022 3023 3084 3081
f 3019 3045 3085 3053
f 3045 3047 3086 3085
f 3086 3047 3027 3056
f 753 3048 3087 767
f 3088 3049 753 767
f 3048 3050 3089 3087
f 3089 3050 3049 3088
f 3090 3024 3050 3089
f 3084 3023 3024 3090
f 767 3087 3091 778
f 3092 3088 767 778
f 3087 3089 3093 3091
f 3093 3089 3088 3092
f 3094 3090 3089 3093
f 3095 3084 3090 3094
f 3096 3081 3084 3095
f 2881 2878 3075 3097
f 3075 3076 3098 3097
f 3076 3077 3099 3098
f 3077 3082 3100 3099
f 3082 3083 3101 3100
f 3083 3079 3102 3101
f 3079 3080 3103 3102
f 3080 3081 3096 3103
f 247 237 871 283
f 3104 236 247 283
f 246 260 283 261
f 283 261 258 3104
f 261 244 254 258
f 281 276 233 236
f 233 280 285 278
f 232 281 282 237
f 281 277 875 282
f 880 875 277 872
f 237 282 878 871
f 282 236 3104 878
f 877 282 875 876
f 878 282 875 876
f 871 878 255 262
f 878 3104 258 255
f 878 876 886 255
f 876 881 887 886
f 881 882 3105 887
f 882 895 898 3105
f 901 895 882 890
f 884 3106 3107 3108
f 884 3106 3109 3110
f 884 3108 3111 885
f 884 3110 3112 885
f 906 3113 3114 3115
f 3114 894 893 3115
f 899 894 3114 3116
f 3114 3113 3117 3116
f 895 894 899 898
f 903 893 895 901
f 3113 906 905 3117
f 906 3115 3118 904
f 3115 893 903 3118
f 253 263 262 255
f 255 886 888 253
f 887 3105 3119 892
f 887 3106 897 891
f 3105 898 918 3119
f 900 899 3116 3120
f 3116 3117 905 3120
f 898 900 919 918
f 900 3120 3121 919
f 3122 3107 3106 897
f 3123 3109 3106 897
f 3108 3107 3122 3111
f 3110 3109 3123 3112
f 2194 263 253 259
f 257 2195 2194 259
f 3124 259 253 888
f 3125 257 259 3124
f 3124 3126 3127 3125
f 3124 888 891 916
f 3128 3126 3124 916
f 3126 3129 3130 3127
f 3131 3129 3126 3128
f 3129 921 923 3130
f 3132 921 3129 3131
f 3133 922 921 3132
f 3134 924 922 3135
f 3136 924 922 3137
f 3138 3135 922 3133
f 923 924 3139 3140
f 3141 3130 923 3140
f 3142 3127 3130 3141
f 924 3134 3143 3139
f 3143 3134 3135 3138
f 2195 257 909 2196
f 257 3125 927 909
f 3144 3125 3127 3142
f 3145 927 3125 3144
f 2196 909 928 2197
f 909 927 926 928
f 910 256 909 928
f 3146 925 927 3145
f 2197 928 930 2198
f 933 925 3146 937
f 933 3147 911 937
f 933 3148 938 937
f 3149 3150 933 937
f 933 3150 3151 935
f 936 3147 933 935
f 3152 3148 933 935
f 957 931 933 935
f 933 937 941 935
f 3153 3154 3150 3149
f 3150 3154 3155 3151
f 3156 911 3147 936
f 3157 938 3148 3152
f 3154 3153 3158 3155
f 947 944 943 948
f 943 945 3159 949
f 951 948 943 949
f 952 913 944 947
f 945 912 3160 3159
f 256 913 952 914
f 3160 912 256 915
f 929 2199 2198 930
f 2199 929 934 2200
f 2201 2200 934 955
f 934 932 954 955
f 932 931 957 954
f 3161 946 948 951
f 3162 953 946 3161
f 962 914 953 3162
f 964 279 914 962
f 280 279 964 284
f 3163 3164 3165 3166
f 3167 3168 3163 3166
f 3169 3170 3168 3167
f 3164 3171 3172 3165
f 3173 3174 3170 3169
f 3175 3176 3174 3173
f 3177 3178 3179 3180
f 3179 3181 3182 3180
f 3171 3183 3184 3172
f 3183 3176 3175 3184
f 3185 3186 3178 3177
f 3187 3188 3186 3185
f 3189 3190 3188 3187
f 3181 3191 3192 3182
f 3191 3193 3194 3192
f 3193 3190 3189 3194
f 3121 3120 905 907
f 3195 872 278 874
f 3196 880 872 3195
f 3197 885 880 3196
f 975 3195 874 873
f 3198 3196 3195 975
f 3199 908 904 3118
f 908 3199 3200 974
f 902 3199 3118 903
f 3199 902 920 3200
f 902 901 918 920
f 890 889 892 3119
f 918 901 890 3119
f 889 885 896 892
f 885 3111 3122 897
f 885 3197 3201 896
f 3123 897 885 3112
f 3202 3197 3196 3198
f 966 975 873 965
f 979 3198 975 976
f 3197 3202 982 3201
f 3203 3202 3198 979
f 980 982 3202 3203
f 907 974 3200 3121
f 920 919 3121 3200
f 917 891 896 3201
f 3201 982 981 917
f 3133 3139 3143 3138
f 3133 3132 3140 3139
f 916 917 3204 3144
f 3132 3131 3141 3140
f 3141 3131 3128 3142
f 3205 3204 917 981
f 3206 3145 3144 3204
f 3145 3206 3207 3146
f 3208 3206 3204 3205
f 3209 3207 3206 3208
f 939 937 3146 3207
f 939 937 911 3210
f 3211 915 911 3210
f 3212 3210 911 3156
f 983 3149 937 939
f 3213 940 938 3157
f 3214 3153 3149 983
f 3153 3214 3215 3158
f 3216 3160 915 3211
f 3217 3159 3160 3216
f 986 939 3207 3209
f 989 3210 940 3218
f 3219 3218 940 3213
f 988 3211 3210 989
f 986 939 3210 989
f 992 989 3210 3212
f 983 984 3220 3214
f 3221 985 939 986
f 3222 3220 984 985
f 3215 3214 3220 3223
f 3220 3222 3224 3223
f 3225 3222 985 3221
f 3222 3225 3226 3224
f 3217 950 949 3159
f 950 3217 3227 960
f 3217 3216 3228 3227
f 960 3227 995 994
f 3227 3228 3229 995
f 3216 3211 988 3228
f 3228 988 990 3229
f 3230 3161 951 961
f 3161 3230 3231 3162
f 961 994 996 3230
f 3230 996 3232 3231
f 3232 996 995 3229
f 963 962 3162 3231
f 963 3231 3232 971
f 3232 3229 990 971
f 3233 3205 981 980
f 3234 3208 3205 3233
f 3235 3209 3208 3234
f 3225 3221 3236 3226
f 989 3218 3219 987
f 986 3209 3235 993
f 3236 3221 986 987
f 966 978 3237 967
f 3203 979 978 3237
f 978 976 3238 3237
f 976 977 3239 3238
f 3240 977 965 968
f 3241 3239 977 3240
f 969 967 3237 3242
f 980 3203 3237 3242
f 3237 3238 3243 3242
f 3238 3239 3244 3243
f 3245 3244 3239 3241
f 3246 972 969 3242
f 980 3242 3246 3233
f 3242 3243 998 3246
f 3243 3244 999 998
f 3244 3245 3247 999
f 993 991 973 3248
f 973 972 3246 3248
f 993 3235 3234 3248
f 3234 3233 3246 3248
f 1002 993 3248 997
f 3248 3246 998 997
f 1001 987 993 1002
f 1002 997 999 3249
f 3250 1000 1002 3249
f 3251 3252 3253 3254
f 3251 3254 3255 3256
f 3257 3252 3251 3258
f 3251 3256 3259 3258
f 3260 3253 3252 3261
f 3252 3257 1045 3261
f 3262 3263 3254 3253
f 3254 3263 3264 3255
f 3262 3253 3260 3265
f 3266 3263 3262 3267
f 3262 3265 3268 3267
f 3263 3266 3269 3264
f 3270 3265 3260 3271
f 3260 3261 3272 3271
f 3265 3270 3273 3268
f 3271 3270 3274 3275
f 3276 3270 3271 3277
f 3278 3272 3271 3275
f 3279 3277 3271 3272
f 3280 3273 3270 3276
f 3281 3274 3270 3273
f 3282 3275 3274 3283
f 3274 3281 3284 3283
f 3285 3266 3267 3286
f 3267 3268 3287 3286
f 3288 3269 3266 3285
f 3268 3273 3289 3287
f 3290 3281 3273 3289
f 3273 3280 3291 3289
f 3292 3293 1021 1023
f 1025 1024 1021 3293
f 1021 1024 1027 1022
f 3294 3295 3256 3255
f 3256 3295 3296 3259
f 3295 3294 3297 3298
f 3299 3296 3295 3298
f 3255 3264 3300 3294
f 3301 3300 3264 3269
f 3297 3294 3300 3302
f 3303 3302 3300 3301
f 3293 3292 1028 1025
f 3304 1028 3292 3305
f 3292 1023 3306 3305
f 3307 1026 1028 3304
f 3276 3277 3297 3302
f 3297 3277 3279 3298
f 3276 3302 3303 3280
f 3308 1031 3309 3310
f 3308 3311 3312 3313
f 3308 3310 3314 3311
f 1032 1031 3308 3313
f 1031 1030 3315 3309
f 3316 3315 1030 1029
f 3309 3315 3316 3317
f 3318 3310 3309 3317
f 3319 3301 3269 3288
f 3320 3303 3301 3319
f 3321 3314 3310 3318
f 3291 3280 3303 3320
f 285 363 1039 284
f 363 1033 3322 1039
f 3323 3257 3258 3324
f 3325 3324 3258 3259
f 3257 3323 1043 1045
f 1038 970 284 1039
f 3326 3323 3324 3327
f 3328 3327 3324 3325
f 1050 1043 3323 3326
f 3272 3261 1045 1044
f 1044 3272 3278 1047
f 3279 3272 1044 1049
f 3329 1048 1047 3330
f 1047 3278 3331 3330
f 1043 1050 1053 1046
f 1054 3332 3333 3334
f 1054 3334 1058 1055
f 3335 3332 1054 1056
f 3336 3333 3332 3337
f 3332 3335 3338 3337
f 1061 1060 3339 3340
f 3339 3334 3333 3340
f 1058 3334 3339 3341
f 3339 1060 1064 3341
f 3340 3333 3336 3342
f 3343 1061 3340 3342
f 1061 3343 3344 1062
f 1050 3326 3345 1051
f 3336 3337 3346 3347
f 3348 3342 3336 3347
f 1073 3343 3342 3348
f 1072 3344 3343 1073
f 1058 3341 3349 1057
f 3350 1056 1055 1059
f 3351 3335 1056 3350
f 3335 3351 3352 3338
f 3341 1064 3353 3349
f 1064 1063 3354 3353
f 1067 3354 1063 1065
f 3355 1067 1066 1062
f 3356 3355 1062 3344
f 3357 3356 3344 1072
f 1079 3350 1059 1076
f 3358 3351 3350 1079
f 3351 3358 3359 3352
f 3360 1077 1075 3361
f 1078 1076 1077 3362
f 1077 3360 3363 3362
f 3364 3358 1079 1078
f 3365 3359 3358 3364
f 3361 3366 1080 3360
f 3366 3367 1081 1080
f 3367 1085 1084 1081
f 1085 3368 1086 1083
f 3369 1086 3368 3370
f 3360 1080 1082 3363
f 3371 3363 1082 1087
f 1086 3369 3372 1087
f 1053 1046 1048 1069
f 3373 1069 1048 3329
f 1088 3369 3370 3374
f 3369 1088 1090 3372
f 3375 1068 1069 3373
f 1033 1035 3376 3322
f 1035 1034 3377 3376
f 3378 3377 1034 1036
f 3345 3326 3327 3379
f 3380 3379 3327 3328
f 3381 3346 3337 3338
f 3382 3347 3346 1093
f 1091 1093 3346 3381
f 1095 3382 1093 1092
f 3383 3381 3338 3352
f 3384 1091 3381 3383
f 3385 3345 3379 3386
f 3387 3386 3379 3380
f 3388 1051 3345 3385
f 3389 3348 3347 3382
f 1074 1073 3348 3389
f 3390 3357 1072 1071
f 3391 3389 3382 1095
f 1092 1091 3384 1096
f 1099 1074 3389 3391
f 3392 1052 1051 3388
f 3393 3391 1095 1094
f 1099 3391 3393 3394
f 1099 3394 3395 1097
f 1071 1097 3395 3390
f 3396 3383 3352 3359
f 1103 3384 3383 3396
f 1100 1096 3384 1103
f 3397 3396 3359 3365
f 1102 1103 3396 3397
f 1089 1088 3374 3398
f 3399 3400 1101 1104
f 3401 3400 3399 1108
f 3401 1108 1107 3402
f 3403 1104 1100 1102
f 3404 3399 1104 3403
f 1108 3399 3404 1105
f 3398 3402 1107 1089
f 1052 1068 3405 3392
f 1052 3392 3406 1070
f 3407 3385 3386 3408
f 3409 3408 3386 3387
f 3278 3275 3282 3331
f 3281 3290 3410 3284
f 3411 3410 3290 3412
f 3290 3289 3413 3412
f 3388 3414 3415 3392
f 3388 3385 3407 3414
f 3416 3415 3414 3417
f 3414 3407 3418 3417
f 3419 3420 3421 3422
f 3419 3422 3423 3424
f 3425 3420 3419 3424
f 3426 3405 1068 3375
f 3427 3421 3420 3425
f 3415 3392 3405 3428
f 3429 3428 3405 3426
f 3392 3415 3430 3406
f 3424 3423 3431 3432
f 3424 3432 3433 3425
f 3432 3431 3434 3435
f 3436 3433 3432 3435
f 3437 3427 3425 3433
f 3416 3415 3428 3438
f 3439 3438 3428 3429
f 3440 3437 3433 3436
f 3415 3416 3441 3430
f 3407 3408 3442 3418
f 3443 3442 3408 3409
f 3417 3418 3444 3445
f 3446 3416 3417 3445
f 3447 3448 3438 3439
f 3438 3448 3446 3416
f 3449 3450 3435 3434
f 3435 3450 3451 3436
f 3452 3451 3450 3453
f 3450 3449 3454 3453
f 3436 3451 3455 3440
f 3456 3455 3451 3452
f 3456 3452 3453 3454
f 3448 3447 3457 3458
f 3448 3458 3459 3446
f 3460 3441 3416 3446
f 3418 3442 3461 3444
f 3442 3443 3462 3461
f 968 970 1038 3240
f 3240 1038 1040 3241
f 3259 3296 3463 3325
f 3464 3463 3296 3299
f 3465 1040 1039 3322
f 3241 1040 3465 3245
f 3325 3463 3466 3328
f 3463 3464 3467 3466
f 1026 1023 1022 1027
f 1023 1026 3307 3306
f 3298 3279 1049 3299
f 3464 3299 1049 1046
f 1109 1114 1113 1110
f 1112 1114 1109 1111
f 1078 3362 3468 3364
f 1110 1113 1117 1116
f 3364 3468 3469 3365
f 3468 3362 3363 3371
f 3469 3468 3371 3470
f 3371 1087 3372 3470
f 1111 1115 3471 3472
f 3473 1112 1111 3472
f 3397 3365 3469 3474
f 3469 3470 3475 3474
f 3470 3372 1090 3475
f 3464 1046 1053 3467
f 3476 1118 1112 3473
f 3477 3467 1053 1070
f 3478 3466 3467 3477
f 3479 3465 3322 3376
f 3247 3245 3465 3479
f 3328 3466 3478 3380
f 999 3247 3480 3249
f 3481 3479 3376 3377
f 3480 3247 3479 3481
f 1118 1115 1116 1117
f 1115 1118 3476 3471
f 3403 1102 3397 3474
f 3404 3403 3474 3475
f 1090 1105 3404 3475
f 3380 3478 3482 3387
f 3478 3477 3483 3482
f 3477 1070 3406 3483
f 3484 3481 3377 3378
f 3387 3482 3485 3409
f 3486 3480 3481 3484
f 1257 3249 3480 3486
f 1125 3305 3487 1121
f 3488 1121 3487 3489
f 3487 3305 3306 3489
f 1121 3488 1149 1122
f 3311 1125 1121 1120
f 1129 3331 3282 1130
f 3282 3283 1131 1130
f 1139 1131 3283 3284
f 3305 1125 1124 3304
f 1125 3311 3314 1123
f 3304 1124 1145 3307
f 1123 3314 3321 1146
f 3489 3306 3490 3488
f 3488 3490 3472 3491
f 3488 3491 3492 1149
f 3491 3472 3471 3492
f 1145 3473 3472 3490
f 3306 3307 1145 3490
f 3471 1150 1149 3492
f 1148 1150 3471 3476
f 3329 3330 1132 1133
f 1134 3373 3329 1133
f 1132 3330 3331 1129
f 1135 3375 3373 1134
f 3375 1135 1136 3426
f 3429 3426 1136 1137
f 3493 3494 1149 1151
f 3495 1122 1149 3494
f 3494 3493 3496 3495
f 3429 1137 1138 3439
f 1153 1151 1150 1148
f 3497 3493 1151 1153
f 3493 3497 3498 3499
f 3500 3496 3493 3499
f 3473 1145 1148 3476
f 3501 3497 1153 1152
f 3497 3501 3502 3498
f 3312 3311 1120 1126
f 3284 3410 1140 1139
f 1126 1119 3503 3312
f 1146 3321 3312 3503
f 3318 3313 3312 3321
f 1141 1140 3410 3411
f 1142 1141 3411 3504
f 3411 3412 3505 3504
f 1142 3504 3457 1143
f 3457 3447 1144 1143
f 3505 3458 3457 3504
f 3447 3439 1138 1144
f 1119 1122 3506 3507
f 1119 3507 3508 3503
f 1122 3495 3496 1127
f 3509 3506 1122 1128
f 3508 3507 3506 3509
f 1152 1127 3496 3501
f 3502 3501 3496 3500
f 1127 1152 1147 1128
f 1128 1147 3510 3509
f 3511 3508 3509 3512
f 3509 3510 3513 3512
f 3514 1146 3503 3508
f 3515 3514 3508 3511
f 1147 1146 3514 3510
f 3510 3514 3515 3513
f 3516 3517 3499 3498
f 3499 3517 3518 3500
f 3519 3520 3517 3516
f 3517 3520 3521 3518
f 3520 3519 3522 3521
f 3522 3519 3516 3523
f 3516 3498 3502 3523
f 3483 3406 3430 3524
f 3485 3482 3483 3524
f 3525 3524 3430 3441
f 3526 3485 3524 3525
f 3409 3485 3526 3443
f 3523 3518 3521 3522
f 3500 3518 3523 3502
f 3527 3525 3441 3460
f 3528 3526 3525 3527
f 3443 3526 3528 3462
f 3529 3530 3531 3532
f 3531 3530 3533 3534
f 3531 3484 3378 3532
f 3486 3484 3531 3534
f 3535 339 338 3536
f 1174 353 330 2276
f 3536 338 345 1155
f 2280 3537 3538 357
f 1158 3539 3540 1159
f 1160 1159 3540 3541
f 3539 1158 1161 3542
f 1163 3543 3542 1161
f 3543 1163 1164 3544
f 3545 3546 1165 1167
f 1168 3547 3545 1167
f 3547 1168 1169 3548
f 1160 3541 3549 1157
f 1162 1157 3549 3550
f 3550 3544 1164 1162
f 1166 1165 3546 3551
f 1170 1166 3551 3552
f 1176 1154 353 1174
f 3537 3553 3554 3538
f 2289 3555 3556 3557
f 3554 3553 2289 2288
f 3555 379 583 3556
f 3558 2302 2303 3559
f 3560 2310 2302 3558
f 3561 2311 2310 3560
f 2292 2293 3557 3556
f 2295 2292 3556 583
f 1186 3562 3563 1184
f 3563 3562 3564 3565
f 3563 3565 3566 3567
f 1188 1184 3563 3567
f 3562 3568 3569 3564
f 1185 3568 3562 1186
f 3570 3569 3568 3571
f 3572 3571 3568 1185
f 3570 3571 3573 3574
f 3575 2338 2314 3576
f 2314 2311 3561 3576
f 2352 2338 3575 3577
f 3578 2351 2352 3577
f 3579 2353 2351 3578
f 3580 2356 2353 3579
f 2356 3580 3581 2359
f 3582 3577 3575 3583
f 3575 3576 3584 3583
f 3585 3580 3579 3586
f 3579 3578 3587 3586
f 3588 3581 3580 3585
f 2359 3581 3589 2368
f 3581 3588 3590 3589
f 3587 3578 3577 3582
f 3576 3561 3591 3584
f 3561 3560 3592 3591
f 3593 2395 2394 3594
f 3582 3583 3593 3594
f 2396 2395 3593 3595
f 3593 3583 3584 3595
f 3596 2399 2398 3597
f 2397 2399 3596 3598
f 3585 3586 3596 3597
f 3596 3586 3587 3598
f 3597 2398 2400 3599
f 3588 3585 3597 3599
f 3600 3599 2400 2401
f 3588 3599 3600 3590
f 2394 2397 3598 3594
f 3598 3587 3582 3594
f 2396 3595 3601 2402
f 3601 3595 3584 3591
f 2402 3601 3602 2443
f 3601 3591 3592 3602
f 3603 3558 3559 3604
f 3560 3558 3603 3592
f 3603 3604 3605 3606
f 3605 2442 2441 3606
f 3606 3602 3592 3603
f 2441 2443 3602 3606
f 2368 3589 3607 2407
f 3608 3607 3589 3590
f 2407 3607 3609 2410
f 3610 3609 3607 3608
f 2421 2410 3609 3611
f 2421 3611 3612 2422
f 3613 3611 3609 3610
f 3614 3612 3611 3613
f 390 385 2422 3612
f 390 3612 3614 391
f 3615 3600 2401 2426
f 3590 3600 3615 3608
f 3610 3608 3615 3616
f 3615 2426 2430 3616
f 3610 3616 3617 3613
f 3616 2430 2437 3617
f 2437 2438 3618 3617
f 3614 3613 3617 3618
f 389 392 3618 2438
f 3618 392 391 3614
f 3571 3572 3619 3573
f 3620 3572 1185 1187
f 3572 3620 3621 3619
f 3286 3287 3622 3623
f 3624 3285 3286 3623
f 3625 3288 3285 3624
f 1029 1032 3317 3316
f 3626 3320 3319 3627
f 3319 3288 3625 3627
f 1193 364 286 366
f 1172 3628 3548 1169
f 1171 3629 3628 1172
f 3630 1041 364 1193
f 3413 3622 3287 3289
f 3622 3413 3631 3632
f 3633 3623 3622 3632
f 3634 3635 1197 3636
f 1197 3635 3637 1195
f 3638 3636 1197 1198
f 3636 3638 3639 1201
f 1203 3634 3636 1201
f 3640 3413 3289 3291
f 3412 3413 3631 3505
f 3641 3631 3413 3640
f 3642 1208 3643 3644
f 3643 1208 1207 3645
f 1208 3642 3646 1209
f 1213 3642 3644 1205
f 3642 1213 3647 3646
f 1214 1199 3648 3649
f 1214 3650 3651 1200
f 1214 3649 3652 3650
f 1199 1195 3637 3648
f 3651 3653 3654 3655
f 3651 3650 3656 3653
f 3657 1200 3651 3655
f 3658 3632 3631 3459
f 3633 3632 3658 3659
f 3658 3445 3444 3659
f 3446 3445 3658 3459
f 3654 3653 1217 1216
f 3660 3655 3654 3661
f 3654 1216 3662 3661
f 1218 1217 3653 3656
f 1216 1215 3663 3662
f 3656 3650 3652 3664
f 3656 3664 1221 1218
f 3665 1220 1223 1222
f 3666 1215 1220 3665
f 1215 3666 1226 3663
f 3657 3638 1198 1200
f 3638 3657 3667 3639
f 3657 3655 3660 3667
f 3668 1228 3639 3667
f 1202 1201 3639 1228
f 1228 3668 3669 1227
f 3670 3668 3667 3660
f 3671 3669 3668 3670
f 1202 1227 3672 1204
f 1227 3669 3673 3672
f 3669 3671 3674 3673
f 3660 3661 3675 3670
f 3670 3675 3676 3671
f 3661 3662 1229 3675
f 1229 3662 3663 1230
f 3676 3675 1229 1231
f 1230 3663 1226 1225
f 3677 1231 1230 1225
f 3671 3676 3678 3674
f 3676 1231 3677 3678
f 3459 3458 3505 3631
f 3679 3645 1207 1210
f 1232 3680 3679 1210
f 3680 1232 3681 3682
f 3683 3681 1232 1211
f 3684 3682 3681 3685
f 3684 3685 1236 1235
f 1237 1236 3685 3686
f 3685 3681 3683 3686
f 1239 3687 1234 1238
f 1240 3688 3687 1239
f 3689 1224 3688 1240
f 3459 3631 3641 3690
f 3460 3446 3459 3690
f 1237 3686 3691 1241
f 3692 3689 1240 1241
f 1204 3672 1242 1212
f 3672 3673 3693 1242
f 3694 3693 3673 3674
f 1213 1212 1243 3647
f 1242 3693 3695 1243
f 3693 3694 3696 3695
f 3674 3678 3697 3694
f 1225 1224 3689 1246
f 1245 3677 1225 1246
f 3678 3677 1245 3697
f 3694 3697 3698 3696
f 1244 1246 3689 3692
f 3697 1245 1244 3698
f 3699 3624 3623 3633
f 3624 3699 3700 3625
f 3633 3659 3701 3699
f 3699 3701 3702 3700
f 1042 1041 3630 3529
f 3532 1037 1042 3529
f 1171 1170 3552 3629
f 3444 3461 3701 3659
f 3702 3701 3461 3462
f 344 586 1154 1176
f 1181 334 586 344
f 334 1181 595 587
f 3317 1032 3313 3318
f 3291 3320 3626 3640
f 3640 3626 3703 3641
f 3626 3627 3704 3703
f 3691 3686 3683 3705
f 3683 1211 3706 3705
f 3691 3705 3707 3708
f 3692 1241 3691 3708
f 1209 3646 3706 1211
f 3709 3706 3646 3647
f 3707 3705 3706 3709
f 3647 1243 3695 3709
f 3709 3695 3696 3707
f 3707 3696 3698 3708
f 3511 1250 3710 3515
f 3511 3512 1248 1250
f 1250 1249 3711 3710
f 3712 3711 1249 1251
f 1244 3692 3708 3698
f 3710 3711 3712 3713
f 3513 3515 3710 3713
f 3690 3641 3703 3714
f 3527 3460 3690 3714
f 3715 3714 3703 3704
f 3528 3527 3714 3715
f 3704 3627 3625 3700
f 3716 1194 1191 1190
f 1193 366 1191 1194
f 1194 3716 3717 1192
f 3716 1190 365 3718
f 3719 3717 3716 3718
f 1193 1192 3720 3630
f 3715 3704 3700 3702
f 1192 3717 3721 3720
f 1254 3721 3717 3719
f 3713 1248 3512 3513
f 1248 3713 3712 1251
f 3702 3462 3528 3715
f 3720 3530 3529 3630
f 3533 3530 3720 3721
f 3533 3721 1254 1253
f 1254 3719 3722 1252
f 1253 1255 3534 3533
f 1253 1252 1258 1255
f 3723 3718 365 367
f 3722 3719 3718 3723
f 3724 3723 367 368
f 3723 3725 3726 3722
f 3727 3725 3723 3724
f 1259 3728 3729 1260
f 3730 3728 1259 1261
f 3728 3725 3726 3729
f 3727 3725 3728 3730
f 3725 3731 3732 3726
f 3733 3731 3725 3727
f 3734 3732 3731 3733
f 1260 3729 3735 3736
f 3729 3726 3737 3735
f 1252 3722 3726 3737
f 3726 3732 3738 3737
f 3739 3738 3732 3734
f 3740 1181 3736 3735
f 3735 3737 3741 3740
f 1258 1252 3737 3741
f 3737 3738 1266 3741
f 1456 1266 3738 3739
f 3742 3743 3567 3566
f 3567 3743 1189 1188
f 3743 3742 3744 3745
f 3743 3745 1187 1189
f 3746 3745 3744 3747
f 3748 3746 3747 3749
f 3620 1187 3745 3746
f 3621 3620 3746 3748
f 410 412 2201 955
f 411 415 956 413
f 414 413 3750 2469
f 413 956 3751 3750
f 3752 3151 3155 3158
f 941 935 3151 3752
f 936 935 941 3156
f 3152 935 941 3157
f 3753 3751 956 958
f 957 935 941 959
f 2472 2469 3750 3754
f 3750 3751 3755 3754
f 3756 3755 3751 3753
f 3754 3755 3757 1272
f 1271 2472 3754 1272
f 3755 3756 3758 3757
f 1273 3752 3158 3215
f 942 941 3752 1273
f 3157 941 942 3213
f 3156 941 942 3212
f 1004 959 941 942
f 3753 958 1267 3759
f 1267 1268 3760 3759
f 1268 1269 3761 3760
f 3213 942 987 3219
f 3212 942 987 992
f 1273 3215 3223 1274
f 1275 1274 3223 3224
f 3236 987 942 1275
f 942 987 1001 1004
f 3224 3226 3236 1275
f 3761 1269 1277 3762
f 1277 1003 3763 3762
f 1003 1000 3250 3763
f 3756 3753 3759 3764
f 3759 3760 3765 3764
f 3760 3761 3766 3765
f 3761 3762 3767 3766
f 3762 3763 1278 3767
f 1256 1278 3763 3250
f 1036 1037 3532 3378
f 3758 3756 3764 1282
f 3764 3765 1280 1282
f 3765 3766 1283 1280
f 3766 3767 1284 1283
f 3767 1278 1279 1284
f 3250 3249 1257 1256
f 1257 3486 3534 1255
f 3768 2524 421 1271
f 3769 2522 2524 3768
f 3770 3771 1304 3772
f 1289 3773 3770 3772
f 3770 3773 3774 3775
f 3776 3771 3770 3775
f 3773 1289 1288 3777
f 3778 3774 3773 3777
f 3779 3780 3781 3782
f 3781 3780 3783 3784
f 3785 1290 3780 3779
f 3780 1290 1292 3783
f 1290 3785 1297 1291
f 3786 3779 3782 3787
f 3788 3785 3779 3786
f 1295 1297 3785 3788
f 3784 3783 3786 3787
f 1296 1293 1291 1297
f 1295 1294 1293 1296
f 1299 3789 3790 1300
f 3790 3791 1301 1300
f 3792 3793 1287 3794
f 1303 3795 3792 3794
f 3783 1292 3788 3786
f 1298 3796 3789 1299
f 3793 3797 3798 1287
f 3788 1292 1294 1295
f 3791 3799 1302 1301
f 1307 3800 3795 1303
f 3799 3801 1306 1302
f 1310 3802 3800 1307
f 1306 3801 3796 1298
f 3797 3803 1315 3798
f 1315 3803 3802 1310
f 3771 3804 1305 1304
f 3805 3804 3771 3776
f 1307 1303 1305 1308
f 1305 3804 3806 1308
f 3807 3806 3804 3805
f 3772 3794 1287 1289
f 1303 3794 3772 1304
f 1288 1287 3798 3808
f 3809 3777 1288 3808
f 1311 1310 1307 1309
f 3798 1315 1314 3808
f 1313 1315 1310 1312
f 1309 1308 3806 3810
f 3811 3810 3806 3807
f 1311 1309 3810 3812
f 3813 3812 3810 3811
f 3814 1312 1311 3812
f 3815 1313 1312 3814
f 3816 3817 3775 3774
f 3775 3817 3818 3776
f 3819 3820 3817 3816
f 3817 3820 3821 3818
f 1317 1316 3820 3819
f 3820 1316 1319 3821
f 3822 3816 3774 3778
f 3823 3819 3816 3822
f 1317 3819 3823 1318
f 3776 3818 3824 3805
f 3818 3821 3825 3824
f 3825 3821 1319 1321
f 3805 3824 3826 3807
f 3824 3825 3827 3826
f 3825 1321 1323 3827
f 3828 3827 1323 1325
f 3829 3826 3827 3828
f 3807 3826 3829 3811
f 3830 3828 1325 1327
f 3831 3829 3828 3830
f 3812 3813 3832 3814
f 3833 3834 3835 3836
f 3837 3834 3833 3838
f 3834 3839 3840 3835
f 1333 3839 3834 3837
f 3839 1328 1330 3840
f 1332 1328 3839 1333
f 3841 3842 1335 1334
f 1339 3843 3841 1334
f 3844 3842 3841 3845
f 3841 3843 3846 3845
f 3843 1339 1338 3847
f 3848 3846 3843 3847
f 3836 3835 3849 3850
f 1341 1329 1328 1332
f 1340 1330 1329 1341
f 1343 3851 3852 1344
f 3852 3853 1345 1344
f 3835 3840 1331 3849
f 1342 3854 3851 1343
f 1336 3855 3856 1337
f 3856 3857 1352 1337
f 1331 3840 1330 1340
f 3853 3858 1346 1345
f 1348 3859 3855 1336
f 3860 3861 3859 1348
f 3861 3860 1356 3862
f 3857 3863 3864 1352
f 1353 3865 3854 1342
f 3863 3862 1356 3864
f 3842 3866 1349 1335
f 3867 3866 3842 3844
f 1336 1335 1349 1348
f 1349 3866 3868 1347
f 3866 3867 3869 3868
f 1337 1339 1334 1336
f 1338 1337 1352 1351
f 3870 3847 1338 1351
f 3871 3860 1348 1347
f 3860 3871 1354 1356
f 1352 3864 3872 1350
f 3864 1356 1355 3872
f 3811 3829 3831 3813
f 3813 3831 3873 3832
f 3874 3830 1327 1326
f 3873 3831 3830 3874
f 3845 3875 3876 3844
f 3877 3875 3845 3846
f 3878 3879 3875 3877
f 3880 3876 3875 3879
f 3844 3876 3881 3867
f 3876 3880 3882 3881
f 1357 3879 3878 1358
f 3880 3879 1357 1360
f 3883 3877 3846 3848
f 3884 3878 3877 3883
f 1359 1358 3878 3884
f 3882 3880 1360 1362
f 3867 3881 3885 3869
f 3881 3882 3886 3885
f 3882 1362 1364 3886
f 2521 2276 1174 1173
f 3769 2522 2521 1173
f 2276 2526 3887 1174
f 2276 1174 1178 2528
f 3849 3837 3838 3850
f 1331 1333 3837 3849
f 3858 3865 1353 1346
f 3871 1347 3868 3888
f 3889 3888 3868 3869
f 1354 3871 3888 3890
f 3891 3890 3888 3889
f 1355 1354 3890 3892
f 3893 3872 1355 3892
f 3890 3891 3894 3892
f 3895 457 450 3896
f 450 449 3897 3896
f 3869 3885 3898 3889
f 3885 3886 3899 3898
f 3899 3886 1364 1366
f 3900 3899 1366 1368
f 3901 3898 3899 3900
f 3902 3900 1368 1367
f 3889 3898 3901 3891
f 3891 3901 3903 3894
f 3903 3901 3900 3902
f 3904 457 3895 3905
f 3895 3896 3906 3907
f 3908 3905 3895 3907
f 457 3904 3909 454
f 3896 3897 3910 3906
f 3777 3809 3911 3778
f 3912 3809 3808 1314
f 3809 3912 3913 3911
f 3815 3912 1314 1313
f 3912 3815 3914 3913
f 3815 3814 3832 3914
f 3915 3822 3778 3911
f 3916 3823 3822 3915
f 1320 1318 3823 3916
f 3917 3915 3911 3913
f 1320 3916 3918 1322
f 3916 3915 3917 3918
f 1322 3918 3919 1324
f 3918 3917 3920 3919
f 3920 3917 3913 3914
f 3874 1326 1324 3919
f 3873 3874 3919 3920
f 3914 3832 3873 3920
f 3847 3870 3921 3848
f 3922 3870 1351 1350
f 3870 3922 3923 3921
f 3893 3922 1350 3872
f 3924 3923 3922 3893
f 3925 3883 3848 3921
f 3926 3884 3883 3925
f 3927 3925 3921 3923
f 1359 3884 3926 1361
f 3928 3926 3925 3927
f 1361 3926 3928 1363
f 1363 3928 3929 1365
f 3928 3927 3930 3929
f 3930 3927 3923 3924
f 3887 2526 2522 3769
f 3893 3892 3894 3924
f 3924 3894 3903 3930
f 3902 1367 1365 3929
f 3903 3902 3929 3930
f 1272 3757 3758 1270
f 3931 3932 3933 3934
f 3933 3935 3936 3934
f 3904 3905 3937 3938
f 3904 3938 3939 3909
f 3940 3937 3905 3908
f 3941 3938 3937 3942
f 3943 3942 3937 3940
f 3938 3941 3944 3939
f 3945 3941 3942 3946
f 3947 3946 3942 3943
f 3941 3945 3948 3944
f 3949 3945 3946 3950
f 3951 3950 3946 3947
f 3945 3949 3952 3948
f 3953 3769 1173 1175
f 1173 1174 1177 1175
f 1174 3887 3954 1177
f 3935 3955 3956 3936
f 3955 3957 3958 3956
f 3957 3959 3960 3958
f 3961 3962 3963 3964
f 3960 3959 3961 3964
f 3965 3949 3950 3966
f 3967 3966 3950 3951
f 3949 3965 3968 3952
f 3969 3965 3966 3970
f 3971 3970 3966 3967
f 3965 3969 3972 3968
f 3973 3969 3970 3974
f 3975 3974 3970 3971
f 3969 3973 3976 3972
f 3977 3973 3974 3978
f 3974 3975 3979 3978
f 3980 3976 3973 3977
f 1285 3768 1271 1270
f 3953 3769 3768 1285
f 3954 3887 3769 3953
f 490 494 3981 2547
f 3982 481 2536 3983
f 2536 2531 3984 3983
f 3985 484 481 3982
f 3986 3987 3988 3989
f 3990 3991 3986 3989
f 3992 3993 3991 3990
f 1369 3990 3989 1370
f 3992 3990 1369 1371
f 1370 3989 3988 1372
f 3994 3995 3993 3992
f 3987 3996 3997 3988
f 3998 3997 3996 3999
f 1372 3988 3997 1374
f 1373 1374 3997 3998
f 1373 3998 4000 1377
f 1378 1371 1373 1377
f 4000 3998 3999 4001
f 4002 4003 3995 3994
f 4004 4005 4003 4002
f 4006 4007 4005 4004
f 1380 4002 3994 1378
f 4004 4002 1380 1379
f 4006 4004 1379 1376
f 4008 1375 1377 4000
f 4009 4007 4006 4008
f 4000 4001 4009 4008
f 1376 1375 4008 4006
f 494 493 4010 3981
f 493 495 4011 4010
f 495 496 4012 4011
f 483 507 4013 2568
f 507 484 3985 4013
f 4012 496 489 2570
f 3983 2542 2547 3981
f 3982 3983 3981 4010
f 3982 4010 4011 3985
f 3984 2540 2542 3983
f 3994 3992 1371 1378
f 4013 3985 4011 4012
f 2570 2568 4013 4012
f 4014 477 357 3538
f 2531 476 477 4014
f 4015 4016 4017 4018
f 3897 449 4015 4019
f 4015 449 342 4016
f 4020 4019 4015 4018
f 4021 4014 3538 3554
f 3984 2531 4014 4021
f 4016 4022 4023 4017
f 4016 342 341 4022
f 4022 4024 4025 4023
f 4022 341 4026 4024
f 3910 3897 4019 4027
f 4028 4027 4019 4020
f 4018 4017 4029 4030
f 4031 4020 4018 4030
f 4017 4023 4032 4029
f 4025 4024 4027 4028
f 4027 4024 4026 3910
f 4023 4025 4033 4032
f 4025 4028 4034 4033
f 4035 4026 341 453
f 4035 3906 3910 4026
f 4036 4035 453 458
f 4034 4028 4020 4031
f 3907 3906 4035 4036
f 4037 458 454 3909
f 4038 4036 458 4037
f 3907 4036 4038 3908
f 2288 2539 4021 3554
f 2539 2540 3984 4021
f 4039 4040 4041 4042
f 4043 4040 4039 4044
f 4045 4044 4039 4046
f 4039 4042 4047 4046
f 4048 4041 4040 4049
f 4050 4049 4040 4043
f 4051 4052 4053 4048
f 4053 4054 4041 4048
f 4053 4055 4056 4054
f 4053 4052 4057 4055
f 4058 4059 4052 4051
f 4052 4059 4060 4057
f 4059 4058 4061 4062
f 4059 4062 4063 4060
f 4051 4048 4049 4064
f 4065 4058 4051 4064
f 4066 4042 4041 4054
f 4042 4066 4067 4047
f 4068 4061 4058 4065
f 4069 4070 4061 4068
f 4071 4062 4061 4070
f 4072 4071 4070 4073
f 4070 4069 4074 4073
f 4075 4064 4049 4050
f 4076 4065 4064 4075
f 4077 4068 4065 4076
f 4078 4069 4068 4077
f 4079 4074 4069 4078
f 4080 3932 3931 4081
f 4080 4081 4082 4083
f 4084 4085 4086 4087
f 4086 4085 4088 4089
f 4090 4087 4086 4089
f 4091 4088 4085 4092
f 4085 4084 4093 4092
f 4094 4084 4087 4095
f 4087 4090 4096 4095
f 4097 4093 4084 4094
f 4089 4088 4098 4090
f 4099 4098 4088 4091
f 4090 4098 4100 4096
f 4098 4099 4101 4100
f 3908 4038 4102 3940
f 4103 4104 4105 4106
f 4107 4108 4103 4106
f 4108 4107 4109 4110
f 4111 4112 4113 4114
f 4111 4106 4105 4115
f 4116 4112 4111 4115
f 4107 4106 4111 4114
f 4113 4112 1383 1382
f 1383 4112 4116 1384
f 4117 4113 1382 1385
f 4118 4114 4113 4117
f 4104 4119 4120 4105
f 4121 4120 4119 4122
f 4123 4115 4105 4120
f 4124 4123 4120 4121
f 1386 1384 4116 4125
f 1386 4125 4126 1387
f 4125 4116 4115 4123
f 4126 4125 4123 4124
f 4127 4121 4122 4128
f 1387 4126 4129 1388
f 4130 4124 4121 4127
f 4129 4126 4124 4130
f 4107 4114 4118 4109
f 4091 4131 4132 4099
f 4091 4092 4133 4131
f 4134 4132 4131 4133
f 4099 4132 4135 4101
f 4132 4134 4136 4135
f 4134 4133 4092 4093
f 4137 4081 3931 4138
f 3931 3934 4139 4138
f 4136 4134 4093 4097
f 4140 4082 4081 4137
f 3934 3936 4141 4139
f 3936 3956 4142 4141
f 4143 4144 4083 4082
f 4145 4146 4144 4143
f 4147 4148 4146 4145
f 4149 4150 4148 4147
f 3963 3962 4150 4149
f 4095 4151 4152 4094
f 4153 4151 4095 4096
f 4154 4152 4151 4153
f 4094 4152 4155 4097
f 4152 4154 4156 4155
f 4154 4153 4096 4100
f 4156 4154 4100 4101
f 4157 4158 4110 4109
f 1385 1389 4159 4117
f 4158 4157 4160 4161
f 4162 4159 1389 1390
f 4163 4127 4128 4164
f 1388 4129 4165 1391
f 4129 4130 4166 4165
f 4130 4127 4163 4166
f 4167 4163 4164 4168
f 1391 4165 4169 1392
f 4165 4166 4170 4169
f 4166 4163 4167 4170
f 4109 4118 4171 4157
f 4171 4118 4117 4159
f 4157 4171 4172 4160
f 4172 4171 4159 4162
f 4173 4174 4161 4160
f 4175 4162 1390 1393
f 4162 4175 4176 4172
f 4177 4175 1393 1394
f 4178 4176 4175 4177
f 4179 4180 4174 4173
f 4176 4178 4179 4173
f 4160 4172 4176 4173
f 1395 1392 4169 4181
f 4177 1394 1395 4181
f 4181 4169 4170 4182
f 4178 4177 4181 4182
f 4170 4167 4183 4182
f 4183 4167 4168 4184
f 4184 4180 4179 4183
f 4178 4182 4183 4179
f 4185 4156 4101 4135
f 4186 4155 4156 4185
f 4186 4185 4135 4136
f 3956 3958 4187 4142
f 3958 3960 4188 4187
f 4136 4097 4155 4186
f 3963 4149 4189 4190
f 4191 3964 3963 4190
f 4149 4147 4192 4189
f 4188 3960 3964 4191
f 4193 4037 3909 3939
f 4038 4037 4193 4102
f 4194 4193 3939 3944
f 3940 4102 4195 3943
f 4102 4193 4194 4195
f 4196 4194 3944 3948
f 3943 4195 4197 3947
f 4195 4194 4196 4197
f 4198 4196 3948 3952
f 3947 4197 4199 3951
f 4197 4196 4198 4199
f 4200 4075 4050 4201
f 4050 4043 4202 4201
f 4043 4044 4203 4202
f 4044 4045 4204 4203
f 4075 4200 4205 4076
f 4045 4206 4207 4204
f 4045 4046 4208 4206
f 4209 4207 4206 4210
f 4206 4208 4211 4210
f 4200 4201 4212 4213
f 4214 4205 4200 4213
f 4215 4203 4204 4216
f 4204 4207 4217 4216
f 4218 4202 4203 4215
f 4219 4209 4220 4221
f 4222 4221 4220 4223
f 4220 4079 4078 4223
f 4210 4079 4220 4209
f 4207 4209 4219 4217
f 4212 4201 4202 4218
f 4224 4225 4205 4214
f 4077 4076 4205 4225
f 4222 4223 4225 4224
f 4078 4077 4225 4223
f 4226 4198 3952 3968
f 3951 4199 4227 3967
f 4199 4198 4226 4227
f 4228 4226 3968 3972
f 3967 4227 4229 3971
f 4227 4226 4228 4229
f 4230 4228 3972 3976
f 3971 4229 4231 3975
f 4229 4228 4230 4231
f 4232 4230 3976 3980
f 3975 4231 4233 3979
f 4231 4230 4232 4233
f 4234 4218 4215 4235
f 4215 4216 4236 4235
f 4237 4212 4218 4234
f 4238 4213 4212 4237
f 4216 4217 4239 4236
f 4217 4219 4240 4239
f 4219 4221 4241 4240
f 4221 4222 4242 4241
f 4222 4224 4243 4242
f 4244 4214 4213 4238
f 4243 4224 4214 4244
f 4235 4236 4245 4246
f 4245 4236 4239 4247
f 4248 4246 4245 4249
f 4245 4247 4250 4249
f 4234 4235 4246 4251
f 4246 4248 4252 4251
f 4247 4239 4240 4253
f 4247 4253 4254 4250
f 4253 4240 4241 4255
f 4253 4255 4256 4254
f 4255 4241 4242 4257
f 4255 4257 4258 4256
f 4259 4237 4234 4251
f 4260 4238 4237 4259
f 4242 4243 4261 4257
f 4244 4238 4260 4262
f 4261 4243 4244 4262
f 4066 4054 4056 4263
f 4056 4055 4264 4265
f 4266 4263 4056 4265
f 4055 4057 4267 4264
f 4067 4066 4263 4268
f 4269 4268 4263 4266
f 4270 4067 4268 4271
f 4272 4271 4268 4269
f 4273 4063 4062 4071
f 4274 4047 4067 4270
f 4270 4271 4275 4276
f 4270 4276 4277 4274
f 4278 4072 4276 4275
f 4073 4277 4276 4072
f 4273 4071 4072 4278
f 4279 4275 4271 4272
f 4057 4060 4280 4267
f 4060 4063 4281 4280
f 4063 4273 4282 4281
f 4283 4278 4275 4279
f 4282 4273 4278 4283
f 4284 4265 4264 4285
f 4264 4267 4286 4285
f 4266 4265 4284 4287
f 4288 4269 4266 4287
f 4289 4272 4269 4288
f 4290 4279 4272 4289
f 4267 4280 4291 4286
f 4280 4281 4292 4291
f 4281 4282 4293 4292
f 4282 4283 4294 4293
f 4294 4283 4279 4290
f 4208 4046 4047 4274
f 4295 4296 4297 4298
f 4295 4298 4299 4300
f 4211 4208 4274 4277
f 4301 4297 4296 4302
f 4303 4298 4297 4304
f 4297 4301 4305 4304
f 4306 4299 4298 4303
f 4277 4073 4074 4211
f 4302 4307 4308 4301
f 4309 4308 4307 4310
f 4301 4308 4311 4305
f 4308 4309 4312 4311
f 4300 4299 4313 4314
f 4315 4313 4299 4306
f 4316 4314 4313 4317
f 4318 4317 4313 4315
f 4317 4309 4310 4316
f 4312 4309 4317 4318
f 4210 4211 4074 4079
f 4319 4143 4082 4140
f 1399 4137 4138 1398
f 1396 1398 4138 4139
f 4137 1399 1401 4140
f 1399 1398 1397 1400
f 4320 1400 1397 4321
f 4320 4321 4322 4323
f 1402 1400 4320 4324
f 4325 4324 4320 4323
f 4321 1397 1404 4326
f 1412 4322 4321 4326
f 1407 4323 4322 1408
f 1410 1408 4322 1412
f 1405 1396 4139 4141
f 4327 4328 4329 4330
f 4331 4328 4327 4332
f 4333 4329 4328 4334
f 4328 4331 4335 4334
f 4330 4329 4336 4337
f 4338 4336 4329 4333
f 4339 4288 4287 4340
f 4287 4284 4341 4340
f 4284 4285 4342 4341
f 4343 4289 4288 4339
f 4344 4290 4289 4343
f 4331 4332 4345 4346
f 4331 4346 4347 4335
f 4346 4345 4348 4349
f 4346 4349 4350 4347
f 4143 4319 4351 4145
f 4319 4140 1401 1403
f 1414 4351 4319 1403
f 4145 4351 4192 4147
f 4351 1414 1413 4192
f 4352 4337 4336 4353
f 4354 4353 4336 4338
f 4352 4353 4355 4356
f 4357 4355 4353 4354
f 4285 4286 4358 4342
f 4286 4291 4359 4358
f 4360 4294 4290 4344
f 4361 4293 4294 4360
f 4291 4292 4362 4359
f 4292 4293 4361 4362
f 4349 4348 4356 4355
f 4349 4355 4357 4350
f 4363 4339 4340 4364
f 4340 4341 4365 4364
f 4343 4339 4363 4366
f 4367 4344 4343 4366
f 4341 4342 4368 4365
f 4342 4358 4369 4368
f 4370 4360 4344 4367
f 4371 4362 4361 4372
f 4361 4360 4370 4372
f 4358 4359 4373 4369
f 4359 4362 4371 4373
f 4324 4325 4374 4375
f 1415 1402 4324 4375
f 1403 1402 1415 1414
f 4323 1407 1417 4325
f 1418 4374 4325 1417
f 4375 4374 4376 4377
f 1416 1415 4375 4377
f 4374 1418 1419 4376
f 4378 4326 1404 1406
f 1411 1412 4326 4378
f 1410 1411 4379 1420
f 1406 1405 4141 4142
f 1411 4378 4380 4379
f 4378 1406 1426 4380
f 1406 4142 4187 1424
f 1424 4187 4188 1425
f 1421 1420 4379 4381
f 4382 4381 4379 4380
f 4383 4384 4385 4386
f 4385 4387 4388 4386
f 4387 4389 4390 4388
f 4391 4392 4384 4383
f 4389 4393 4394 4390
f 4393 4395 4396 4394
f 1423 4189 4192 1413
f 1429 4190 4189 1423
f 4376 1419 1422 4397
f 4398 4377 4376 4397
f 1430 1416 4377 4398
f 1429 1423 1416 1430
f 4397 1422 1421 4381
f 4397 4381 4382 4398
f 4398 4382 1427 1430
f 4382 4380 1426 1427
f 4191 4190 1429 1428
f 4399 4400 4392 4391
f 4396 4395 4400 4399
f 1425 4188 4191 1428
f 4257 4261 4401 4258
f 513 2528 1178 511
f 771 510 2588 1433
f 2588 512 514 1433
f 2528 2587 1183 1178
f 2528 2586 1436 1178
f 2586 512 514 1436
f 1182 1183 2587 2589
f 4402 3977 3978 4403
f 4404 4403 3978 3979
f 3977 4402 4405 3980
f 1437 4402 4403 4406
f 4407 4406 4403 4404
f 4402 1437 1442 4405
f 1438 1437 4406 4408
f 4409 4408 4406 4407
f 1437 1439 1440 1442
f 3758 1282 1281 1270
f 4410 3953 1175 1179
f 344 1177 3954 4411
f 3954 3953 4410 4411
f 3953 1285 1286 4410
f 1177 344 1179 1175
f 4412 1438 4408 4413
f 4414 4413 4408 4409
f 4415 1439 1438 4412
f 344 4411 4416 346
f 4417 1179 344 346
f 4411 4410 4418 4416
f 4418 4410 1286 4419
f 1286 1262 4420 4419
f 4418 4410 1179 4417
f 4415 4412 1446 1445
f 1181 3740 1443 1180
f 1181 1247 4421 595
f 1443 3740 3741 1450
f 1258 3741 1450 1263
f 3741 1266 1265 1450
f 1455 1264 1266 1456
f 1262 1263 4422 4420
f 4422 1263 1450 1451
f 1450 1265 4423 1451
f 4424 4423 1265 1264
f 4425 4031 4030 4426
f 4030 4029 1444 4426
f 4029 4032 4427 1444
f 4032 4033 4428 4427
f 4033 4034 4429 4428
f 4430 4407 4404 4431
f 4404 3979 4233 4431
f 4429 4034 4031 4425
f 4407 4430 4432 4409
f 4430 1441 1447 4432
f 4430 4431 4433 1441
f 4433 4405 1442 1441
f 4434 4248 4249 4435
f 4252 4248 4434 4436
f 4437 4438 4434 4435
f 4439 4436 4434 4438
f 4440 4252 4436 4441
f 4436 4439 4442 4441
f 4426 4412 4413 4425
f 1446 4412 4426 1444
f 4425 4413 4414 4429
f 4443 1445 1444 4427
f 4427 4428 4444 1449
f 1448 4443 4427 1449
f 4444 4428 4429 4414
f 4414 4409 4432 4444
f 4444 4432 1447 1449
f 1453 1247 1180 1182
f 1462 1461 1460 1459
f 1460 1461 1463 1458
f 4445 4446 1247 1453
f 1247 4446 4447 4421
f 4448 4449 1466 1465
f 4450 4449 4448 4451
f 4448 1465 1469 4451
f 4452 4453 4446 4445
f 4446 4453 4454 4447
f 1466 4449 4453 4452
f 4453 4449 4450 4454
f 4424 1264 4449 1466
f 4449 1264 1455 4450
f 4433 4232 3980 4405
f 4233 4232 4433 4431
f 4435 4249 4250 4455
f 4456 4455 4250 4254
f 4259 4251 4252 4440
f 4260 4259 4440 4457
f 4440 4441 4458 4457
f 4262 4260 4457 4459
f 4457 4458 4460 4459
f 4401 4261 4262 4459
f 1178 346 4416 511
f 1432 511 4416 4418
f 4418 4417 1436 1432
f 4418 4419 1433 1432
f 1435 1433 4419 4420
f 346 1178 1436 4417
f 4420 4422 1471 1435
f 4461 4445 1453 1454
f 4462 4452 4445 4461
f 1471 4422 1451 1452
f 1451 4423 4463 1452
f 4423 4424 4464 4463
f 1466 4452 4462 1467
f 4464 4424 1466 1467
f 1462 1459 1464 1470
f 1470 1464 4465 4466
f 4467 1463 1470 4466
f 4363 4364 4468 4469
f 4470 4366 4363 4469
f 4364 4365 4471 4468
f 4365 4368 4472 4471
f 4368 4369 4473 4472
f 4366 4470 4474 4367
f 4475 4470 4469 4437
f 4438 4437 4469 4468
f 4439 4438 4468 4471
f 4476 4474 4470 4475
f 4370 4367 4474 4477
f 4478 4477 4474 4476
f 4372 4370 4477 4479
f 4480 4479 4477 4478
f 4373 4371 4481 4482
f 4473 4369 4373 4482
f 4371 4372 4479 4481
f 4483 4481 4479 4480
f 4442 4439 4471 4472
f 4472 4473 4484 4442
f 4485 4482 4481 4483
f 4473 4482 4485 4484
f 4383 4386 4486 4487
f 4488 4391 4383 4487
f 4489 4399 4391 4488
f 4490 4396 4399 4489
f 4491 4394 4396 4490
f 4486 4386 4388 4492
f 4493 4492 4388 4390
f 4475 4437 4435 4455
f 4475 4455 4456 4476
f 4494 4478 4476 4456
f 4493 4390 4394 4491
f 4495 4480 4478 4494
f 4483 4480 4495 4496
f 4460 4485 4483 4496
f 4458 4441 4442 4484
f 4460 4458 4484 4485
f 4456 4254 4256 4494
f 4494 4256 4258 4495
f 4495 4258 4401 4496
f 4496 4401 4459 4460
f 4497 1458 1463 4467
f 1464 1458 4497 4465
f 4497 4467 4466 4465
f 4498 4499 3574 3573
f 4498 3573 3619 4500
f 4501 4499 4498 4502
f 4498 4500 4503 4502
f 2295 583 582 2739
f 2741 2739 582 584
f 581 2741 584 585
f 4504 4500 3619 3621
f 4505 4503 4500 4504
f 4501 4502 4506 4507
f 4502 1472 1477 4506
f 4502 4503 1473 1472
f 4508 4509 4503 4505
f 4503 4509 4510 1473
f 1472 1474 1480 1479
f 1481 1477 1472 1479
f 4509 4508 4511 4510
f 3749 4512 4513 3748
f 4512 4507 4506 4513
f 3621 3748 4513 4504
f 4505 4504 4513 4506
f 1476 4505 4506 1477
f 4508 4505 1476 4511
f 1483 1475 1477 1481
f 4514 4515 4516 4517
f 4516 4515 4518 4519
f 4516 4519 4520 4521
f 4522 4517 4516 4521
f 4515 4514 4523 4524
f 4515 4524 4525 4518
f 4526 4514 4517 4527
f 4528 4527 4517 4522
f 4529 4523 4514 4526
f 4530 4531 1485 1484
f 4530 1484 1487 1490
f 1489 4531 4530 1490
f 1491 1485 4531 1489
f 4532 4533 4524 4523
f 4524 4533 4534 4525
f 4535 4534 4533 4536
f 4533 4532 4537 4536
f 4538 4532 4523 4529
f 4532 4538 4539 4537
f 362 604 1502 606
f 604 1493 4540 1502
f 4519 4518 4541 4542
f 4519 4542 4543 4520
f 4544 4541 4518 4525
f 4545 4543 4542 4546
f 4542 4541 4547 4546
f 4548 4547 4541 4544
f 4549 4521 4520 4550
f 4551 4550 4520 4543
f 4521 4549 4552 4522
f 4550 4549 4553 4554
f 4550 4554 4555 4551
f 4556 4549 4550 4557
f 4550 4551 4558 4557
f 4549 4556 4559 4552
f 4560 4553 4549 4552
f 4553 4560 4561 4562
f 4563 4554 4553 4562
f 4564 4555 4554 4563
f 4543 4545 4565 4551
f 4566 4567 1521 4568
f 1521 4567 1525 1522
f 4569 4568 1521 1523
f 4570 4567 4566 4571
f 1528 1527 4570 4571
f 1525 4567 4570 4572
f 4570 1527 1531 4572
f 4571 4566 4573 4574
f 4575 1528 4571 4574
f 4573 4566 4568 4576
f 4568 4569 4577 4576
f 1528 4575 4578 1529
f 4545 4546 4579 4580
f 4581 4565 4545 4580
f 4582 4574 4573 4583
f 4573 4576 4584 4583
f 1537 4575 4574 4582
f 1536 4578 4575 1537
f 4585 1529 4578 4586
f 4587 4586 4578 1536
f 1525 4572 4588 1524
f 4589 1523 1522 1526
f 4590 4569 1523 4589
f 4572 1531 4591 4588
f 1531 1530 4592 4591
f 1534 4592 1530 1532
f 4569 4590 4593 4577
f 4585 1534 1533 1529
f 4594 4565 4551 4555
f 4551 4565 4595 4558
f 1543 4589 1526 1540
f 4596 4590 4589 1543
f 4590 4596 4597 4593
f 1539 4598 4599 1541
f 4598 4600 1544 4599
f 4600 4601 1545 1544
f 1547 1545 4601 1549
f 1542 1540 1541 4602
f 1541 4599 4603 4602
f 4604 4596 1543 1542
f 4599 1544 1546 4603
f 4605 4603 1546 1551
f 4606 4597 4596 4604
f 1550 1548 1549 4607
f 4608 1550 4607 4609
f 1550 4608 4610 1551
f 1552 4608 4609 4611
f 4565 4594 4612 4581
f 4565 4581 4613 4595
f 4608 1552 1554 4610
f 4614 4594 4555 4564
f 4615 4612 4594 4614
f 1493 1498 4616 4540
f 4617 4616 1498 1497
f 4546 4547 4618 4579
f 4619 4618 4547 4548
f 4620 4584 4576 4577
f 4583 4584 1559 4621
f 4622 4582 4583 4621
f 1538 1537 4582 4622
f 1557 1559 4584 4620
f 1561 4621 1559 1558
f 4621 1561 4623 4622
f 1558 1557 4624 1562
f 4625 4620 4577 4593
f 4624 1557 4620 4625
f 1561 1560 4626 4623
f 4579 4618 4627 4628
f 4629 4580 4579 4628
f 4630 4627 4618 4619
f 4631 4587 1536 1535
f 4632 4581 4580 4629
f 4633 1538 4622 4623
f 1556 1555 1538 4633
f 4634 1556 4633 4635
f 4633 4623 4626 4635
f 1535 1556 4634 4631
f 4636 4625 4593 4597
f 1566 4624 4625 4636
f 1563 1562 4624 1566
f 4637 4636 4597 4606
f 1564 1567 4638 4639
f 1565 1566 4636 4637
f 4640 1567 1563 1565
f 4641 4638 1567 4640
f 1553 1552 4611 4642
f 1571 4643 4639 4638
f 4642 4644 1570 1553
f 4644 4643 1571 1570
f 1568 1571 4638 4641
f 4581 4612 4645 4632
f 4646 4613 4581 4632
f 4647 4645 4612 4615
f 4648 4629 4628 4649
f 4628 4627 4650 4649
f 4627 4630 4651 4650
f 4652 3724 368 605
f 4653 3727 3724 1572
f 3724 4652 1573 1572
f 4654 3730 1261 4655
f 4653 3727 3730 4654
f 3734 3733 3727 4653
f 4656 4654 4655 4657
f 3734 4653 4658 3739
f 4659 4652 605 1494
f 4660 1573 4652 4659
f 4658 4653 4654 4656
f 4653 1572 1575 4658
f 1573 4660 4661 1574
f 4657 595 598 4656
f 4656 598 4662 4658
f 1456 3739 4658 4662
f 4658 1575 1579 4662
f 1575 1576 1580 1579
f 1501 1495 606 1502
f 1494 1495 1501 4659
f 4659 1501 1503 4660
f 4525 4534 4663 4544
f 4664 4663 4534 4535
f 4544 4663 4665 4548
f 4660 1503 4666 4661
f 4666 1503 1502 4540
f 4663 4664 4667 4665
f 4668 1488 1490 4669
f 1490 1487 4670 4669
f 1487 1486 4671 4670
f 4535 4536 4556 4557
f 4535 4557 4558 4664
f 4556 4536 4537 4559
f 1542 4602 4672 4604
f 4672 4602 4603 4605
f 4673 4672 4605 4674
f 4605 1551 4610 4674
f 1585 1584 1588 1587
f 1585 1587 1590 1586
f 1584 1583 4675 4676
f 4677 1588 1584 4676
f 4604 4672 4673 4606
f 4673 4674 4678 4679
f 4637 4606 4673 4679
f 4674 4610 1554 4678
f 4680 1589 1588 4677
f 4667 4664 4558 4595
f 4681 4665 4667 4682
f 4667 4595 4613 4682
f 1574 4661 4683 1576
f 4684 4666 4540 4616
f 4661 4666 4684 4683
f 4548 4665 4681 4619
f 1576 4683 4685 1580
f 4686 4684 4616 4617
f 1592 1591 1586 1590
f 1565 4637 4679 4640
f 4641 4640 4679 4678
f 1554 1568 4641 4678
f 1589 1583 1591 1592
f 1583 1589 4680 4675
f 4619 4681 4687 4630
f 4681 4682 4688 4687
f 4688 4682 4613 4646
f 4630 4687 4689 4651
f 4687 4688 4690 4689
f 4683 4684 4686 4685
f 4686 4617 4691 4692
f 4693 4685 4686 4692
f 360 714 725 607
f 2880 729 716 2879
f 2880 2881 3099 3100
f 1606 729 2880 3100
f 1605 1596 729 1606
f 716 728 1607 730
f 1603 1607 728 1596
f 4527 4528 4694 4695
f 4696 4526 4527 4695
f 4526 4696 4697 4529
f 4698 4528 4522 4552
f 4528 4698 4699 4694
f 4552 4698 4700 4560
f 4701 4698 4552 4559
f 4702 4699 4698 4701
f 4703 4700 4698 4699
f 4561 4560 4700 4704
f 4700 4703 4705 4704
f 4706 4695 4694 4707
f 4694 4699 4708 4707
f 4709 4696 4695 4706
f 4696 4709 4710 4697
f 4711 4703 4699 4708
f 4699 4702 4712 4708
f 4706 4707 4713 4714
f 4715 4709 4706 4714
f 4716 4710 4709 4715
f 4717 4538 4529 4697
f 4718 4539 4538 4717
f 1486 1491 1489 1488
f 4671 1486 1488 4668
f 4701 4559 4537 4539
f 4701 4539 4718 4702
f 1615 1614 1612 1611
f 1612 1614 4719 1618
f 1612 1618 1621 1613
f 1624 4719 1614 1616
f 1611 1610 1622 1615
f 1623 1622 1610 1617
f 4718 4717 4720 4721
f 4712 4702 4718 4721
f 4720 4717 4697 4710
f 4722 4720 4710 4716
f 4723 4721 4720 4722
f 4707 4708 4724 4713
f 4703 4711 4725 4705
f 4711 4708 4724 4726
f 4711 4726 4727 4725
f 4728 4724 4708 4712
f 4726 4724 4729 4730
f 4726 4730 4731 4727
f 4732 4733 4734 4735
f 4734 4730 4729 4735
f 4731 4730 4734 4736
f 4734 4733 4737 4736
f 4629 4648 4738 4632
f 4739 4738 4648 4740
f 4648 4649 4741 4740
f 4742 4743 4744 4745
f 4742 4746 4747 4743
f 4748 4746 4742 4745
f 4749 4747 4746 4748
f 4738 4632 4645 4750
f 4751 4750 4645 4647
f 4745 4744 4752 4753
f 4754 4748 4745 4753
f 4632 4738 4755 4646
f 4756 4749 4748 4754
f 4753 4752 4757 4758
f 4753 4758 4759 4754
f 4758 4757 4760 4761
f 4762 4759 4758 4761
f 4763 4756 4754 4759
f 4739 4738 4750 4764
f 4765 4764 4750 4751
f 4766 4763 4759 4762
f 4738 4739 4767 4755
f 4649 4650 4768 4741
f 4769 4768 4650 4651
f 4740 4770 4732 4739
f 4771 4770 4740 4741
f 4735 4732 4770 4772
f 4773 4772 4770 4771
f 4774 4761 4760 4775
f 4762 4761 4774 4776
f 4777 4776 4774 4775
f 4764 4733 4732 4739
f 4737 4733 4764 4765
f 4766 4762 4776 4777
f 4739 4732 4778 4767
f 4732 4735 4779 4778
f 4741 4768 4780 4771
f 4781 4780 4768 4769
f 4782 603 361 609
f 4783 1496 603 4782
f 4784 1492 1496 4783
f 4713 4724 4729 4785
f 4786 4714 4713 4785
f 4787 4788 1625 4789
f 4790 4789 1625 1627
f 1625 4788 4791 1628
f 4789 4790 4792 1631
f 1633 4787 4789 1631
f 4793 4715 4714 4786
f 4794 4729 4724 4728
f 4795 4796 4797 1638
f 4795 1638 1637 4798
f 1641 4797 4796 1635
f 1638 4797 4799 1639
f 4797 1641 4800 4799
f 4735 4772 4785 4729
f 4785 4772 4773 4786
f 1644 1629 4801 4802
f 4803 1630 1644 4804
f 1644 4802 4805 4804
f 4806 4790 1627 1630
f 4790 4806 4807 4792
f 4807 4806 4808 4809
f 1661 4792 4807 4810
f 4807 4809 4811 4810
f 4806 1630 4803 4808
f 1629 1628 4791 4801
f 4812 4808 4803 4813
f 4803 4804 4814 4813
f 4809 4808 4812 4815
f 4809 4815 4816 4811
f 4812 4813 1647 1646
f 4817 4815 4812 1646
f 1648 1647 4813 4814
f 4818 4817 1646 1645
f 4815 4817 1654 4816
f 1654 4817 4818 1655
f 4819 4816 1654 1656
f 1655 4818 1659 1658
f 4820 1656 1655 1658
f 4804 4805 4821 4814
f 4814 4821 1651 1648
f 4822 1650 1653 1652
f 4823 1645 1650 4822
f 1659 4818 1645 4823
f 1632 1631 4792 1661
f 1661 4810 4824 1660
f 4825 4824 4810 4811
f 1632 1660 4826 1634
f 1660 4824 4827 4826
f 4824 4825 4828 4827
f 4811 4816 4819 4825
f 4825 4819 4829 4828
f 4819 1656 4820 4829
f 4830 4798 1637 1642
f 1662 4831 4830 1642
f 4831 1662 4832 4833
f 4834 4832 1662 1643
f 4779 4735 4729 4794
f 1658 1657 4835 1665
f 1658 1665 1664 4820
f 4836 4837 4833 4832
f 4837 4836 1669 1668
f 4838 4836 4832 4834
f 1670 1669 4836 4838
f 1667 1671 1672 4839
f 1673 4840 4839 1672
f 4835 1657 4840 1673
f 1670 4838 4841 1674
f 4842 4835 1673 1674
f 1663 1665 4835 4842
f 1634 4826 1675 1640
f 4826 4827 4843 1675
f 4844 4843 4827 4828
f 1641 1640 1676 4800
f 1675 4843 4845 1676
f 4843 4844 4846 4845
f 4828 4829 4847 4844
f 4829 4820 1664 4847
f 4844 4847 4848 4846
f 4847 1664 1663 4848
f 4715 4793 4849 4716
f 609 608 4850 4851
f 4852 4782 609 4851
f 4853 4850 608 4854
f 4855 4854 608 1593
f 4856 4793 4786 4773
f 4793 4856 4857 4849
f 4782 4852 4858 4783
f 1504 1492 4784 4859
f 4860 1499 1504 4859
f 4771 4780 4856 4773
f 4857 4856 4780 4781
f 4861 4668 1680 1679
f 1680 4668 4669 1681
f 1693 4562 4561 1694
f 4561 4704 1695 1694
f 1679 1620 1619 4861
f 1621 1618 1620 1683
f 4704 4705 1702 1695
f 1703 1702 4705 4725
f 4668 4861 1709 4671
f 4861 1619 1710 1709
f 1619 1618 4719 1710
f 1711 4670 4671 1709
f 1710 4719 1624 1712
f 1681 4669 4862 1682
f 4676 1684 1682 4862
f 1684 4676 4675 1685
f 4564 4563 1696 1697
f 1698 4614 4564 1697
f 4669 4670 1711 4862
f 4677 4676 4862 1711
f 1685 4675 4863 1686
f 1686 4863 4864 1687
f 1714 4863 4675 4680
f 4865 4864 4863 1714
f 1696 4563 4562 1693
f 1699 4615 4614 1698
f 4615 1699 1700 4647
f 4751 4647 1700 1701
f 1703 4725 4727 1704
f 1706 4765 4751 1701
f 4737 4765 1706 1705
f 4736 4737 1705 1707
f 1687 4864 4866 1688
f 4864 4865 4867 4868
f 4869 4866 4864 4868
f 4680 4677 1711 1714
f 4870 4865 1714 1716
f 4865 4870 4871 4867
f 1713 1621 1683 1689
f 1613 1616 1623 1617
f 4712 4721 4723 4728
f 4727 4731 1708 1704
f 4731 4736 1707 1708
f 1689 1690 4872 1717
f 4873 4872 1690 1691
f 1712 1624 1713 1717
f 4874 1712 1717 4872
f 1724 4874 4872 1722
f 4872 4873 1723 1722
f 1692 1688 4866 1718
f 4873 1691 1692 1719
f 4866 4870 1716 1718
f 4871 4870 4866 4869
f 1718 1716 1715 1719
f 1719 1715 4875 4873
f 4873 4875 1727 1723
f 1712 4874 4875 1715
f 1727 4875 4874 1724
f 4868 4876 4877 4869
f 4868 4867 4878 4876
f 4879 4878 4867 4871
f 4879 4877 4876 4878
f 4871 4869 4877 4879
f 4690 4688 4646 4755
f 4880 4690 4755 4767
f 4881 4689 4690 4880
f 4651 4689 4881 4769
f 4882 4880 4767 4778
f 4880 4882 4883 4881
f 4884 4882 4778 4779
f 4882 4884 4885 4883
f 4769 4881 4883 4781
f 4886 4860 4859 4887
f 4886 4887 4888 4889
f 4886 4692 4691 4860
f 4693 4692 4886 4889
f 4728 4723 4890 4794
f 4723 4722 4891 4890
f 4722 4716 4849 4891
f 1639 4799 4892 1643
f 4893 4892 4799 4800
f 1643 4892 4894 4834
f 4892 4893 4895 4894
f 4893 4800 1676 4845
f 4893 4845 4846 4895
f 4834 4894 4841 4838
f 4894 4895 4896 4841
f 4895 4846 4848 4896
f 1722 1721 1725 1724
f 1729 1725 1721 1728
f 4842 1674 4841 4896
f 1663 4842 4896 4848
f 4884 4779 4794 4890
f 4884 4890 4891 4885
f 4851 4850 4853 4852
f 4852 4853 4897 4858
f 4897 4853 4854 1732
f 1730 1732 4854 4855
f 4783 4858 4898 4784
f 4899 4897 1732 1731
f 4885 4891 4849 4857
f 4858 4897 4899 4898
f 1726 1720 1723 1727
f 1729 1728 1720 1726
f 4781 4883 4885 4857
f 4887 4859 4784 4898
f 4887 4898 4899 4888
f 4888 4899 1731 1734
f 4889 4888 1734 4900
f 1734 1736 4901 4900
f 725 715 727 1595
f 4902 1593 1677 4903
f 1677 1595 727 4903
f 4903 727 726 4902
f 4855 1593 4902 726
f 726 717 1730 4855
f 1609 1730 717 730
f 4904 1736 1735 1737
f 4905 4901 1736 4904
f 1737 1738 4906 4904
f 4906 1738 1608 1603
f 4907 1474 1473 4510
f 1474 4907 4908 1480
f 4909 4907 4510 4511
f 4910 4908 4907 4909
f 1480 4908 4910 1483
f 1480 1483 1743 1742
f 1475 1483 4910 4909
f 2589 768 804 1182
f 1747 2943 770 802
f 1749 802 770 769
f 1745 1744 1742 1743
f 1482 1478 1744 1745
f 1479 1478 1482 1481
f 797 792 2964 4911
f 4912 4911 2964 2965
f 4913 4914 4911 4912
f 798 797 4911 4914
f 799 798 4914 4915
f 4914 4913 4916 4915
f 4912 2965 2943 1747
f 4913 4912 1747 1746
f 4913 1746 1748 4916
f 4915 2966 793 799
f 4916 801 2966 4915
f 801 4916 1748 800
f 1750 2972 796 803
f 4917 2976 2973 4918
f 2973 768 780 4918
f 768 2974 4919 780
f 781 780 768 778
f 4920 2975 2972 1750
f 4919 2974 2976 4917
f 2976 2975 4920 4917
f 4918 780 782 4921
f 4922 4917 4918 4921
f 4923 4919 4917 4922
f 4924 4922 4917 4920
f 780 4919 4923 782
f 4925 804 782 779
f 4926 4921 782 1752
f 782 4923 4927 1752
f 4923 4922 4928 4927
f 4928 4922 4921 4926
f 4922 4924 4929 4928
f 4924 4920 1750 1751
f 4924 1751 1755 4929
f 4511 1476 1475 4909
f 4930 4931 4932 4933
f 4930 4933 4934 4935
f 4936 4932 4931 4937
f 4938 4933 4932 4939
f 4940 4939 4932 4936
f 4941 4938 4939 4940
f 4942 4943 4944 4945
f 4946 4945 4944 4947
f 4943 4942 4948 4949
f 4948 4942 4945 4946
f 4933 4938 4941 4934
f 769 1471 4950 1749
f 4951 1454 1182 804
f 1182 1452 4952 804
f 4953 4461 1454 4951
f 4954 4462 4461 4953
f 1468 1467 4955 1469
f 4955 1467 4462 4954
f 4956 4464 1467 4955
f 4957 4463 4464 4956
f 1452 4463 4957 4952
f 4950 1471 1452 4952
f 598 595 4421 4925
f 4421 4447 4953 4951
f 804 4925 4421 4951
f 4955 4450 4451 1469
f 596 598 4925 779
f 4662 598 4925 4958
f 4925 804 4952 4958
f 4447 4454 4954 4953
f 4454 4450 4955 4954
f 4691 4617 1497 1500
f 4936 4937 4935 4934
f 4947 4949 4948 4946
f 4940 4936 4934 4941
f 4450 1455 4956 4955
f 4957 4956 1455 1457
f 1457 1456 4662 4958
f 4662 1579 1578 4958
f 4958 4952 4957 1457
f 4950 4952 4958 1578
f 1756 4950 1578 1577
f 1580 4685 4693 1581
f 1756 803 1749 4950
f 803 1756 1755 1751
f 4959 4926 1752 1753
f 1752 4927 4960 1753
f 4961 4928 4926 4959
f 4927 4928 4961 4960
f 4928 4929 4962 4961
f 4929 1755 1761 4962
f 1755 1577 1758 1761
f 1754 781 752 779
f 3051 3052 4963 4964
f 4965 3054 3051 4964
f 3052 3053 4966 4963
f 4967 3055 3054 4965
f 4968 3056 3055 4967
f 778 3091 4969 781
f 4970 3092 778 781
f 3091 3093 4971 4969
f 4971 3093 3092 4970
f 4972 3094 3093 4971
f 1762 3095 3094 4972
f 1763 3096 3095 1762
f 3053 3085 4973 4966
f 3085 3086 4974 4973
f 4974 3086 3056 4968
f 4975 4964 4963 4976
f 4963 4966 4977 4976
f 4978 4965 4964 4975
f 4979 4967 4965 4978
f 4980 4968 4967 4979
f 4981 4970 781 1754
f 781 4969 4982 1754
f 4969 4971 4983 4982
f 4983 4971 4970 4981
f 4984 4972 4971 4983
f 1760 1762 4972 4984
f 3099 2881 3097 3098
f 1764 1597 1596 1605
f 1597 1764 1765 1598
f 1774 4985 4986 1772
f 1779 1772 4986 4987
f 4985 1774 1775 4988
f 1773 1772 1779 1776
f 3100 3101 3102 1606
f 1604 1606 3102 3103
f 1780 1779 4987 4989
f 1605 1604 1783 1769
f 4990 1780 4989 4991
f 1777 1776 1780 4990
f 1783 1604 3103 1787
f 3103 3096 1763 1787
f 4988 1775 1778 4992
f 4993 1600 1598 4994
f 1598 4994 4995 1599
f 4996 4994 1598 1765
f 1600 4993 4997 1601
f 4992 1778 1777 4998
f 4999 4993 4994 4996
f 5000 4997 4993 4999
f 1789 5001 5002 1790
f 1791 1790 5002 5003
f 5001 1789 1793 5004
f 4997 4995 1599 1601
f 1599 4995 5005 1771
f 1602 1601 1599 1770
f 4995 4997 5000 5005
f 1777 4990 4991 4998
f 1765 1766 4999 4996
f 5000 4999 1766 1767
f 1788 1791 5003 5006
f 1767 1771 5005 5000
f 1792 1788 5006 5007
f 4966 4973 5008 4977
f 4973 4974 5009 5008
f 5009 4974 4968 4980
f 1500 1499 4860 4691
f 4959 1753 1754 4982
f 1754 1753 4960 4981
f 4981 4960 4961 4983
f 4961 4959 4982 4983
f 4983 4961 4962 4984
f 4962 1761 1760 4984
f 4889 4900 1581 4693
f 1581 4900 4901 1582
f 5010 5011 5012 5013
f 5012 5014 5015 5013
f 5011 5010 5016 5017
f 5010 5013 1802 1801
f 5010 1801 1804 5016
f 1802 5013 5015 1800
f 5018 1803 1800 5015
f 1803 5018 5019 1805
f 5018 5015 5014 5020
f 5019 5018 5020 5021
f 1796 5022 5004 1793
f 5022 1796 1795 5023
f 1808 1602 1770 1794
f 1770 1794 5024 1740
f 1602 1808 5025 1739
f 1809 5024 1794 1781
f 1808 1781 1810 5025
f 5026 1813 1812 5027
f 1814 1813 5026 5028
f 5024 1740 1739 5025
f 1782 1740 5024 1809
f 5024 5025 1810 1809
f 5027 1812 1816 5029
f 1740 1782 1785 1741
f 1784 1783 1787 1786
f 1795 1792 5007 5023
f 1809 1781 1768 1782
f 5028 5030 1817 1814
f 1815 1817 5030 5031
f 1818 1815 5031 5032
f 5033 1741 1785 5034
f 1785 1769 5035 5034
f 1784 1786 1798 1799
f 5035 1769 1784 1799
f 1821 1811 1815 1819
f 5036 5037 5017 5016
f 5038 5039 5037 5036
f 5036 5016 1804 1807
f 5038 5036 1807 1806
f 5038 1806 1805 5019
f 5019 5021 5039 5038
f 1759 1582 4901 4905
f 5040 5041 5042 5043
f 5042 5041 5044 5045
f 4905 4904 5046 5047
f 5046 4904 4906 5033
f 5046 5033 5034 5047
f 1824 5041 5040 1820
f 5040 5043 5048 5049
f 1821 1820 5040 5049
f 5041 1824 1822 5044
f 5045 5044 5050 5051
f 5047 5034 5035 4905
f 1799 1759 4905 5035
f 5044 1822 1823 5050
f 1818 5032 5051 5050
f 1818 5050 1823 1819
f 5029 1816 5049 5048
f 4906 1603 1741 5033
f 1816 1811 1821 5049
