# File produced by Tripo

mtllib dragon.mtl

# 6908 vertex positions
v -0.40502927 0.01318353 0.07739267
v -0.40502927 0.01318353 0.08178721
v -0.40747067 0.00976557 0.07983408
v -0.40844724 0.01025385 0.07983408
v -0.40698239 0.01464838 0.08129892
v -0.40795895 0.01562494 0.07934580
v -0.40698239 0.01464838 0.07788096
v -0.40258786 0.00976557 0.10717783
v -0.40551755 0.00781244 0.10473642
v -0.40258786 0.01025385 0.10327158
v -0.40600583 0.00878900 0.10473642
v -0.40405270 0.01269525 0.10717783
v -0.40502927 0.01416010 0.10522471
v -0.40405270 0.01269525 0.10327158
v -0.38940427 0.02197260 0.10766611
v -0.39721677 0.01806635 0.10864267
v -0.38989255 0.01757807 0.10913096
v -0.39184567 0.01757807 0.09497080
v -0.39233395 0.01953119 0.09838877
v -0.39086911 0.02392572 0.09643564
v -0.39135739 0.01171869 0.10815439
v -0.39379880 0.01171869 0.09985361
v -0.39038083 0.00683588 0.10327158
v -0.38891599 0.01074213 0.10961924
v -0.39184567 0.01074213 0.09643564
v -0.38647458 0.00781244 0.12329111
v -0.38500974 0.01269525 0.12377939
v -0.38500974 0.01123041 0.12182627
v -0.38403317 0.01074213 0.12475596
v -0.38403317 0.00878900 0.12133799
v -0.38305661 0.00830072 0.12426767
v -0.38598630 0.00732416 0.12280283
v -0.37670895 0.01660150 0.11254892
v -0.37573239 0.01855463 0.11499033
v -0.37524411 0.02294916 0.11401377
v -0.37280270 0.00683588 0.11840830
v -0.36987302 0.00976557 0.12329111
v -0.37231442 0.01074213 0.12231455
v -0.37036130 0.01757807 0.12280283
v -0.36840817 0.01562494 0.12475595
v -0.36889645 0.02148432 0.12377939
v -0.39575192 0.01464838 0.08422861
v -0.39428708 0.00732416 0.08032236
v -0.39477536 0.01074213 0.08667002
v -0.39428708 0.01757807 0.08862314
v -0.39477536 0.01416010 0.07592783
v -0.39282224 0.01074213 0.07397471
v -0.39233395 0.01757807 0.07153330
v -0.37182614 0.02001947 0.09057627
v -0.36645505 0.00976557 0.09008798
v -0.37280270 0.01318353 0.09301767
v -0.37475583 0.01953119 0.09155283
v -0.37573239 0.01953119 0.09057627
v -0.37426755 0.01269525 0.08862314
v -0.37231442 0.01953119 0.09057627
v -0.38110349 0.01367182 0.06225595
v -0.38061520 0.01025385 0.06518564
v -0.38110349 0.01708978 0.06665049
v -0.37768552 0.00732416 0.06030282
v -0.37768552 0.01269525 0.05590829
v -0.37475583 0.00976557 0.05493173
v -0.37231442 0.01806635 0.07202158
v -0.36938474 0.01855463 0.07299814
v -0.36840817 0.02490228 0.07055673
v -0.37426755 0.02685541 0.08813486
v -0.37280270 0.02539057 0.09350596
v -0.36450192 0.02685541 0.08959970
v -0.39086911 0.00927728 0.05590830
v -0.38940427 0.01367182 0.05737314
v -0.38940427 0.01464838 0.05542002
v -0.38842770 0.01318353 0.05395517
v -0.38696286 0.01074213 0.05493173
v -0.38793942 0.01123041 0.05834970
v -0.39038083 0.00878900 0.05639658
v -0.37524411 0.02001947 0.05542001
v -0.37329099 0.01611322 0.05249032
v -0.37280270 0.02294916 0.05395517
v -0.36743161 0.02392572 0.10864267
v -0.36743161 0.01855463 0.10571298
v -0.36938474 0.01855463 0.10717783
v -0.36157224 0.01074213 0.10278329
v -0.36450192 0.00830072 0.09643564
v -0.34985349 0.00830072 0.08862314
v -0.34643552 0.00781244 0.10327157
v -0.35424802 0.00830072 0.10668954
v -0.36254880 0.02587885 0.10424814
v -0.36645505 0.01904291 0.10522470
v -0.33862302 0.00732419 0.09838876
v -0.36596677 0.00830072 0.08325204
v -0.36401364 0.01025385 0.07592782
v -0.34838864 0.00781244 0.07397470
v -0.33911130 0.00732419 0.07788095
v -0.33618161 0.00732419 0.08813486
v -0.33715817 0.00927731 0.10473642
v -0.33325192 0.00927731 0.09790048
v -0.34692380 0.04785150 0.08667000
v -0.35278317 0.03808588 0.08813486
v -0.35229489 0.03857416 0.09301767
v -0.34057614 0.04541013 0.10375985
v -0.33374020 0.04248044 0.10815439
v -0.33276364 0.05859371 0.10327157
v -0.35375974 0.03955072 0.08325204
v -0.33374020 0.00927731 0.07885751
v -0.33862302 0.00976560 0.07153329
v -0.33032224 0.05859371 0.07104500
v -0.33227536 0.04248044 0.06713876
v -0.34008786 0.04541013 0.07055672
v -0.32788083 0.02685544 0.09692392
v -0.32104489 0.03662106 0.09545907
v -0.32202145 0.04150388 0.09936532
v -0.31811520 0.04345700 0.09790047
v -0.31860349 0.05566402 0.10083016
v -0.31323239 0.05468746 0.09643563
v -0.31616208 0.04052731 0.09497079
v -0.31958005 0.04150388 0.07788095
v -0.31909177 0.03662106 0.08178720
v -0.32641599 0.02636716 0.07934579
v -0.31518552 0.04345700 0.07983407
v -0.31567380 0.05566402 0.07690438
v -0.31469724 0.04052731 0.08325204
v -0.31127927 0.05419917 0.08227547
v -0.37915039 0.29003903 0.06665047
v -0.38208008 0.26757810 0.06225594
v -0.36987305 0.26855466 0.07348641
v -0.35375977 0.29101560 0.08178718
v -0.35815430 0.30468747 0.07153328
v -0.34985349 0.20898435 0.10229500
v -0.33666989 0.19628903 0.10620125
v -0.34106442 0.21582028 0.10766609
v -0.33862302 0.17480464 0.07397469
v -0.33178711 0.17089839 0.06762704
v -0.33032224 0.15917964 0.07250985
v -0.34741211 0.18457027 0.03881844
v -0.35229492 0.18164058 0.02319344
v -0.33227539 0.17431636 0.03491219
v -0.35229492 0.18164058 -0.02319328
v -0.34741211 0.18457027 -0.03881828
v -0.33227539 0.17431636 -0.03491203
v -0.28686520 0.19335935 0.09936531
v -0.29223630 0.19824216 0.10571297
v -0.28881833 0.17675778 0.10278328
v -0.28393555 0.16845699 0.04711922
v -0.28149414 0.18701167 0.07348640
v -0.29370117 0.17626949 0.06225593
v -0.25610352 0.19140621 0.07543953
v -0.27661130 0.20410152 0.08471687
v -0.28393555 0.16845699 -0.04711907
v -0.29370117 0.17626949 -0.06225579
v -0.28149414 0.18701167 -0.07348625
v -0.34985352 0.19482417 0.06713875
v -0.35083008 0.19873042 0.06420907
v -0.33618164 0.18701167 0.06372079
v -0.32202148 0.17871089 0.06225593
v -0.33422852 0.18310542 0.06616219
v -0.31713864 0.22119138 0.11108406
v -0.32788083 0.22070310 0.11108406
v -0.31811520 0.20214841 0.10961922
v -0.31176758 0.30175778 0.09448249
v -0.33227539 0.30224606 0.08764656
v -0.32055664 0.28320310 0.10278328
v -0.27270508 0.25244138 0.09594733
v -0.29614255 0.26757810 0.10522468
v -0.28491208 0.24414060 0.09887702
v -0.28930664 0.18798824 0.07641609
v -0.28588864 0.20214841 0.08618172
v -0.28540036 0.19775388 0.08715828
v -0.24682616 0.23974606 0.09252936
v -0.22778319 0.23681638 0.09008795
v -0.23266600 0.25244138 0.08911139
v -0.24584959 0.27929685 0.09008795
v -0.24243163 0.29345700 0.09545904
v -0.25756836 0.28076169 0.09692390
v -0.24243163 0.29394528 0.09545904
v -0.25610352 0.30419919 0.09985358
v -0.22875975 0.29394528 0.08276373
v -0.12622067 0.00830075 0.14184576
v -0.12280270 0.01269528 0.14477545
v -0.12475583 0.01513669 0.14233404
v -0.12377927 0.01269528 0.13940436
v -0.12182614 0.01025388 0.13989264
v -0.12133786 0.00976560 0.14379889
v -0.12475583 0.00732419 0.14184576
v -0.12817380 0.01171872 0.11596686
v -0.12768552 0.01171872 0.12133795
v -0.13061520 0.00927731 0.11938483
v -0.13159177 0.01660153 0.11889654
v -0.13208005 0.01025388 0.11987311
v -0.12963864 0.01464841 0.12133795
v -0.13061520 0.01464841 0.11645514
v -0.10620113 0.00781247 0.15893561
v -0.10327145 0.01025388 0.16088873
v -0.10473630 0.01318356 0.15991217
v -0.10473630 0.01123044 0.15698248
v -0.10327145 0.00878903 0.15698248
v -0.10229488 0.00830075 0.15942389
v -0.10522457 0.00732419 0.15844733
v -0.09204099 0.00683591 0.15258795
v -0.09204099 0.01025388 0.15649420
v -0.09594724 0.01074216 0.15161139
v -0.08862302 0.00927731 0.15698248
v -0.08764645 0.02246091 0.15844733
v -0.09008786 0.01806638 0.15747076
v -0.08666989 0.01562497 0.15893561
v -0.10913083 0.02246091 0.14331061
v -0.11596677 0.01806638 0.14526373
v -0.10913083 0.01757810 0.14477545
v -0.11303708 0.01123044 0.13500983
v -0.11157224 0.01025388 0.13256842
v -0.10913083 0.00683591 0.13891608
v -0.11157224 0.01757810 0.13061529
v -0.11254880 0.01904294 0.13403326
v -0.11108395 0.02392575 0.13208014
v -0.11499020 0.01757810 0.12670904
v -0.11743161 0.01269528 0.12280279
v -0.11499020 0.01025388 0.12426764
v -0.11499020 0.00683591 0.11743170
v -0.11694333 0.01220700 0.11206061
v -0.09545895 0.00976560 0.14819342
v -0.09692380 0.01660153 0.14721686
v -0.09643552 0.01904294 0.15014654
v -0.09545895 0.02294919 0.14868170
v -0.08959958 0.01220700 0.13745123
v -0.08178708 0.01074216 0.13500983
v -0.08520505 0.01904294 0.13842779
v -0.08959958 0.01904294 0.14038092
v -0.09838864 0.01806638 0.12573248
v -0.09448239 0.01806638 0.12524420
v -0.09692380 0.02587888 0.12329108
v -0.09692380 0.01171872 0.12280279
v -0.09594724 0.01855466 0.12622076
v -0.09399411 0.01855466 0.12524420
v -0.09350583 0.01318356 0.12768561
v -0.08715817 0.01074216 0.12329108
v -0.09399411 0.02490231 0.12768561
v -0.08764645 0.02734372 0.12329108
v -0.08471677 0.00976560 0.12915045
v -0.07250974 0.00878903 0.12036138
v -0.08813474 0.00927731 0.11645514
v -0.08618161 0.01855466 0.13891608
v -0.08813474 0.01855466 0.13989264
v -0.08618161 0.02441403 0.14184576
v -0.05786130 0.00732419 0.12915045
v -0.06518552 0.00781247 0.13500983
v -0.05737302 0.00732419 0.11743169
v -0.08764645 0.01025388 0.11010748
v -0.07202145 0.00683591 0.10375982
v -0.06274411 0.00634763 0.10668951
v -0.05151364 0.01025388 0.12670903
v -0.05444333 0.01025388 0.13354497
v -0.07055661 0.04785153 0.11645512
v -0.07641599 0.03808591 0.11938482
v -0.07543942 0.03906247 0.12329107
v -0.07739255 0.03906247 0.11450201
v -0.11450192 0.01025388 0.11010748
v -0.11450192 0.01757810 0.10766608
v -0.11596677 0.02197263 0.11157233
v -0.11401364 0.02539060 0.10961920
v -0.12036131 0.00927731 0.09497076
v -0.11791990 0.01416013 0.09643561
v -0.11889646 0.01513669 0.09350592
v -0.11743162 0.01318356 0.09204108
v -0.11596677 0.01025388 0.09252936
v -0.11645506 0.01123044 0.09692389
v -0.11938474 0.00830075 0.09545904
v -0.10717771 0.01025388 0.10229498
v -0.10717771 0.01708981 0.10375983
v -0.10864256 0.01269528 0.10034186
v -0.10473631 0.00732419 0.09643561
v -0.10522459 0.01171872 0.09155279
v -0.10229490 0.00976560 0.09057623
v -0.10180662 0.01611325 0.08813483
v -0.10375974 0.02001950 0.09106451
v -0.08911131 0.02539060 0.10717779
v -0.09301755 0.01708981 0.10766608
v -0.09350583 0.01708981 0.10815436
v -0.10180662 0.02343747 0.08959967
v -0.06079099 0.00927731 0.10083013
v -0.05541990 0.00927731 0.10620122
v -0.15258788 0.18261716 0.03198247
v -0.16772459 0.18896481 0.05053717
v -0.18969725 0.17871091 0.03930670
v -0.18969727 0.17871091 -0.03930658
v -0.16772461 0.18896481 -0.05053705
v -0.15258789 0.18261716 -0.03198237
v -0.13745116 0.17431638 0.08569341
v -0.13305663 0.17089841 0.07446294
v -0.12817381 0.14843747 0.08959966
v -0.14038084 0.17968747 0.06860357
v -0.12719725 0.16796872 0.06860357
v -0.13891600 0.18603513 0.07006841
v -0.14038084 0.18164060 0.07055669
v -0.14331053 0.19775388 0.08276373
v -0.12084959 0.12646481 0.09790044
v -0.12280271 0.13281247 0.09252935
v -0.11743162 0.12744138 0.09106451
v -0.11206053 0.13183591 0.08276372
v -0.13500975 0.18212888 0.06225591
v -0.12915038 0.18017575 0.05688482
v -0.14526366 0.20556638 0.07299811
v -0.12084959 0.17382810 0.04907231
v -0.14770506 0.18798825 0.04907232
v -0.12622070 0.17675778 -0.02661128
v -0.12084961 0.17382810 -0.04907222
v -0.17895506 0.19775388 0.06616217
v -0.16333006 0.19287106 0.06469733
v -0.16284178 0.19482419 0.06616217
v -0.16381834 0.19384763 0.06030279
v -0.16235350 0.20068356 0.06469733
v -0.23461913 0.31494138 0.10620123
v -0.22583006 0.30810544 0.10131842
v -0.20971678 0.32714841 0.11791998
v -0.22485350 0.28857419 0.05444342
v -0.22729492 0.29882810 0.03442389
v -0.23168945 0.29980466 0.03784186
v -0.23217773 0.30126950 0.04125983
v -0.21411133 0.30468747 0.04516608
v -0.22631836 0.30712888 0.05249029
v -0.21850584 0.31347653 0.06323248
v -0.20727539 0.29687497 0.03344732
v -0.19262695 0.30957028 0.05834967
v -0.20727539 0.29882810 0.03149420
v -0.22631836 0.30322263 0.03100592
v -0.21362305 0.30761716 0.04321295
v -0.21020508 0.30664060 0.01684576
v -0.18383789 0.29589841 0.03491216
v -0.16821289 0.29296872 0.03930669
v -0.17358398 0.30175778 0.01928716
v -0.19165039 0.31201169 0.05639654
v -0.23217773 0.30615231 0.03295904
v -0.23315430 0.31640622 0.01879889
v -0.22778320 0.31542966 0.04907233
v -0.22045898 0.32128903 0.05883795
v -0.23364258 0.30859372 0.03686529
v -0.15551756 0.18994138 0.06518561
v -0.14819334 0.19042966 0.05834966
v -0.14819334 0.18554685 0.06616217
v -0.15258788 0.21533200 0.06274419
v -0.14672850 0.21337888 0.06274420
v -0.14770506 0.23632810 0.06958013
v -0.13989256 0.19775388 0.09838872
v -0.14086913 0.21240231 0.09399419
v -0.13403320 0.29101560 0.04858403
v -0.16235350 0.28515622 0.05346685
v -0.15112303 0.30810544 0.08618169
v -0.15698241 0.29296872 0.05590826
v -0.14282225 0.29150388 0.07592779
v -0.14916991 0.31005856 0.08422857
v -0.15356444 0.33056638 0.10766607
v -0.13256834 0.31347653 0.11254887
v -0.13305663 0.34619138 0.14331059
v -0.13110350 0.34814450 0.14135747
v -0.13012694 0.31494138 0.11108403
v -0.15209959 0.33300778 0.10571294
v -0.17163084 0.31689450 0.07836919
v -0.17065428 0.31933591 0.07641607
v -0.14770508 0.18798825 -0.04907221
v -0.20971678 0.32031247 0.07446295
v -0.21118163 0.32861325 0.07055670
v -0.17895506 0.34326169 0.11352544
v -0.19458006 0.33203122 0.09350591
v -0.17895506 0.34814450 0.10864263
v -0.19555663 0.33886716 0.08862310
v -0.09545896 0.29150388 0.14282231
v -0.09741209 0.27587888 0.12915044
v -0.08276365 0.26757810 0.14428715
v -0.07641599 0.27587888 0.15551762
v -0.09301756 0.29248044 0.14086919
v -0.08618162 0.31005856 0.16577153
v -0.07006834 0.28320310 0.16674809
v -0.06274412 0.29052731 0.17895512
v -0.08422849 0.31103513 0.16381840
v -0.04272458 0.30273435 0.20678714
v -0.06420896 0.32714841 0.20239262
v -0.05395505 0.29687497 0.19213870
v -0.06176755 0.32812497 0.19995122
v -0.03002927 0.30664060 0.22192386
v -0.02758786 0.34228513 0.24487308
v -0.02563474 0.34326169 0.24243167
v -0.06420896 0.11523435 0.11938481
v -0.05493162 0.10400388 0.11889653
v -0.04809568 0.10742185 0.12036137
v -0.11206052 0.13134763 0.11791997
v -0.11791990 0.13623044 0.11645513
v -0.11743162 0.12939450 0.11401372
v -0.10522459 0.13769528 0.12133794
v -0.09008788 0.13378903 0.07250982
v -0.09350584 0.12255856 0.07885747
v -0.09985350 0.13330075 0.07592779
v -0.07885741 0.12744138 0.07348637
v -0.08081053 0.13330075 0.07104497
v -0.08129881 0.13623044 0.06762700
v -0.06713866 0.17236325 0.04809574
v -0.07592773 0.17041013 0.02612309
v -0.05981444 0.18164060 0.03247074
v -0.05004882 0.18994138 0.05786137
v -0.05151366 0.18115231 0.06420903
v -0.04760741 0.19384763 0.08276372
v -0.04467772 0.20263669 0.07690434
v -0.04174804 0.21093747 0.06909184
v -0.04467772 0.19384763 0.05102543
v -0.07592773 0.17041013 -0.02612300
v -0.06713867 0.17236325 -0.04809566
v -0.05981445 0.18164060 -0.03247066
v -0.02661132 0.18603513 0.04956058
v -0.00219725 0.17431638 0.04760746
v -0.00512694 0.20166013 0.06079105
v -0.05004883 0.18994138 -0.05786129
v -0.04467774 0.19384763 -0.05102535
v 0.02124024 0.25244138 0.00024417
v 0.01293946 0.26171872 0.00659183
v 0.00219727 0.24951169 0.02905277
v 0.02465820 0.24609372 0.00024417
v -0.01342773 0.26660153 0.00024417
v -0.00024414 0.26757810 0.00024417
v 0.00219726 0.24951169 -0.02905270
v 0.01440430 0.26855466 0.00024417
v 0.01293945 0.26171872 -0.00659177
v 0.02563477 0.25683591 0.00024417
v 0.03344727 0.26123044 0.00024417
v 0.03393555 0.26367185 0.00024417
v 0.02807617 0.26660153 0.00024417
v -0.48461914 0.44287103 0.01147470
v -0.48803711 0.44042963 0.01098642
v -0.48510742 0.44238275 0.01538095
v -0.49584961 0.44775385 0.01293954
v -0.49682617 0.44775385 0.01245126
v -0.49536133 0.44335932 0.01147470
v -0.48510742 0.45800775 0.02417001
v -0.48999023 0.45458978 0.01977548
v -0.48999023 0.45312494 0.02026376
v -0.49584961 0.44873041 0.01342782
v -0.49340820 0.45166010 0.01538095
v -0.49389648 0.45068353 0.01538095
v -0.49731445 0.43994135 0.00024423
v -0.49438477 0.43408197 0.00024423
v -0.49438477 0.43505853 0.00317392
v -0.49438477 0.43505853 -0.00317374
v -0.48706055 0.44482416 0.00610360
v -0.48803711 0.43994135 0.00952157
v -0.48901367 0.43847650 0.00610360
v -0.48950195 0.43701166 0.00268563
v -0.48950195 0.43652338 0.00024423
v -0.48803711 0.44335932 0.00024423
v -0.48461914 0.44677728 0.01098641
v -0.48364258 0.45166010 0.00659188
v -0.48950195 0.43701166 -0.00268546
v -0.49438477 0.45214838 0.01440439
v -0.49438477 0.45068353 0.01342782
v -0.49438477 0.45019525 0.01342782
v -0.49291992 0.45507807 0.01489267
v -0.49291992 0.45556635 0.01538095
v -0.49194336 0.45703119 0.01489267
v -0.48901367 0.45996088 0.01538095
v -0.49047852 0.45898432 0.01733407
v -0.48071289 0.44140619 0.00952157
v -0.47680664 0.44287103 0.01342782
v -0.47094727 0.43994135 0.00805673
v -0.48266602 0.43994135 0.00463876
v -0.47631836 0.44873041 0.01782235
v -0.48071289 0.44824213 0.01489266
v -0.47631836 0.45556635 0.01049813
v -0.48803711 0.43994135 -0.00952140
v -0.48706055 0.44482416 -0.00610343
v -0.48901367 0.43847650 -0.00610343
v -0.48461914 0.44677728 -0.01098624
v -0.48364258 0.45166010 -0.00659171
v -0.47485352 0.43212885 0.01782235
v -0.47827148 0.43066400 0.01440438
v -0.47778320 0.43066400 0.01440438
v -0.47973633 0.42919916 0.01000985
v -0.47485352 0.43115228 0.01196298
v -0.46997070 0.44482416 0.01684579
v -0.46850586 0.45019525 0.02124032
v -0.46704102 0.44677728 0.02465829
v -0.46997070 0.44531244 0.02368173
v -0.46850586 0.45849603 0.01342782
v -0.47241211 0.44921869 0.01977547
v -0.46118164 0.45458978 0.02270516
v -0.45288086 0.46582025 0.01586922
v -0.47094727 0.43994135 -0.00805656
v -0.48071289 0.44140619 -0.00952140
v -0.48266602 0.43994135 -0.00463858
v -0.47680664 0.44287103 -0.01342765
v -0.46997070 0.44482416 -0.01684562
v -0.49291992 0.45800775 0.01635751
v -0.49340820 0.45654291 0.01538095
v -0.49194336 0.45800775 0.01489267
v -0.48510742 0.46630853 0.02026376
v -0.48413086 0.46728510 0.02026376
v -0.48364258 0.46582025 0.01684579
v -0.48657227 0.46484369 0.01440438
v -0.48559570 0.46435541 0.01440438
v -0.48510742 0.46679682 0.01538095
v -0.48413086 0.46728510 0.01586923
v -0.48461914 0.46874994 0.01928720
v -0.48510742 0.46874994 0.01879891
v -0.48364258 0.46679682 0.01635751
v -0.48168945 0.47705072 0.01635751
v -0.48657227 0.47705072 0.01000985
v -0.48803711 0.47509760 0.01635751
v -0.48413086 0.47607416 0.01928720
v -0.48461914 0.47753900 0.01000985
v -0.48657227 0.47705072 -0.01000968
v -0.48461914 0.47753900 -0.01000968
v -0.48168945 0.47705072 -0.01635734
v -0.48803711 0.47509760 -0.01635734
v -0.48071289 0.44824213 -0.01489249
v -0.47631836 0.44873041 -0.01782218
v -0.47631836 0.45556635 -0.01049796
v -0.46899414 0.48730463 0.01098641
v -0.46020508 0.49169916 0.01635750
v -0.46069336 0.49414057 0.00805672
v -0.45141602 0.48486322 0.02465829
v -0.45532227 0.48339838 0.02368172
v -0.45239258 0.47802728 0.03198250
v -0.43286133 0.46044916 0.03979500
v -0.43530273 0.46142572 0.03881844
v -0.43530273 0.46044916 0.03686531
v -0.43383789 0.45898432 0.03833016
v -0.43432617 0.46044916 0.03735359
v -0.43237305 0.46240228 0.03247078
v -0.43383789 0.46240228 0.03247078
v -0.43334961 0.46240228 0.03198250
v -0.43872070 0.48779291 0.03247078
v -0.43579102 0.48632807 0.03540047
v -0.43188477 0.49316400 0.03393563
v -0.43188477 0.48632807 0.03833016
v -0.45288086 0.45898432 0.02417000
v -0.44506836 0.46240228 0.02563485
v -0.43383789 0.47412103 0.01831063
v -0.43530273 0.45947260 0.02612313
v -0.43432617 0.45214838 0.01586922
v -0.44506836 0.45556635 0.02319344
v -0.45092773 0.44726557 0.00024422
v -0.44653320 0.45166010 0.01098641
v -0.45629883 0.44824213 0.00952157
v -0.45629883 0.44824213 -0.00952140
v -0.44653320 0.45166010 -0.01098625
v -0.47241211 0.44921869 -0.01977531
v -0.46850586 0.45019525 -0.02124015
v -0.46850586 0.45849603 -0.01342765
v -0.46118164 0.45458978 -0.02270500
v -0.45288086 0.46582025 -0.01586906
v -0.43774414 0.46484369 0.02758797
v -0.43188477 0.46679682 0.02954109
v -0.42749023 0.46728510 0.03100594
v -0.45288086 0.45898432 -0.02416984
v -0.44506836 0.46240228 -0.02563469
v -0.46899414 0.48730463 -0.01098625
v -0.46069336 0.49414057 -0.00805656
v -0.46020508 0.49169916 -0.01635734
v -0.43676758 0.48925775 0.04028328
v -0.43774414 0.49267572 0.04077156
v -0.43823242 0.48974603 0.03930672
v -0.43920898 0.49072260 0.03833016
v -0.43823242 0.49560541 0.03930672
v -0.43920898 0.49462885 0.03833016
v -0.43725586 0.49609369 0.04028328
v -0.43969727 0.49267572 0.03784188
v -0.43579102 0.48974603 0.04125984
v -0.43481445 0.49072260 0.04223641
v -0.43432617 0.49267572 0.04272469
v -0.43481445 0.49462885 0.04223641
v -0.43579102 0.49560541 0.04174813
v -0.44018555 0.49267572 0.03149422
v -0.44018555 0.48974603 0.03100594
v -0.43920898 0.49609369 0.03393563
v -0.43579102 0.49853510 0.03686531
v -0.42846680 0.48876947 0.04028328
v -0.43188477 0.49902338 0.03881844
v -0.42797852 0.49755853 0.03979500
v -0.42651367 0.49267572 0.04077156
v -0.42651367 0.49560541 0.04028328
v -0.44213867 0.51464838 0.01391609
v -0.44750977 0.50781244 0.02612313
v -0.43774414 0.51416010 0.03247078
v -0.42797852 0.51806635 0.03930672
v -0.42211914 0.52783197 0.02807625
v -0.43774414 0.51416010 -0.03247063
v -0.44750977 0.50781244 -0.02612297
v -0.44213867 0.51464838 -0.01391594
v -0.42456055 0.46630853 0.03149422
v -0.42456055 0.46386713 0.03051766
v -0.41674805 0.45410150 0.01391609
v -0.42358398 0.45556635 0.01342781
v -0.42163086 0.45214838 -0.00024406
v -0.42358398 0.45556635 -0.01342766
v -0.41674805 0.45410150 -0.01391594
v -0.44506836 0.45556635 -0.02319328
v -0.43432617 0.45214838 -0.01586906
v -0.43530273 0.45947260 -0.02612297
v -0.40356445 0.44384760 0.01391609
v -0.39819336 0.45117182 0.02563484
v -0.40991211 0.44775385 0.01489266
v -0.39819336 0.45117182 -0.02563469
v -0.40356445 0.44384760 -0.01391594
v -0.40991211 0.44775385 -0.01489250
v -0.37670898 0.46630853 0.04907234
v -0.37915039 0.46679682 0.05249031
v -0.38647461 0.45898432 0.05004890
v -0.38256836 0.45898432 0.04272468
v -0.38110352 0.46142572 0.03686531
v -0.38891602 0.45556635 0.03247078
v -0.37915039 0.45068353 0.03442390
v -0.37524414 0.46679682 0.04516609
v -0.38696289 0.48535150 0.05395515
v -0.38012695 0.48095697 0.05200202
v -0.37915039 0.48339838 0.05249031
v -0.37817383 0.48925775 0.05444343
v -0.37622070 0.48388666 0.05346687
v -0.36791992 0.48828119 0.05395515
v -0.36889648 0.49121088 0.05346687
v -0.36791992 0.48339838 0.05541999
v -0.36840820 0.48095697 0.05346687
v -0.36645508 0.48095697 0.05444343
v -0.36547852 0.48193353 0.05541999
v -0.36499023 0.48388666 0.05541999
v -0.36596680 0.48535150 0.05493171
v -0.42504883 0.50439447 0.05004891
v -0.42700195 0.49999994 0.04614266
v -0.42114258 0.49902338 0.04711922
v -0.41967773 0.49707025 0.04614266
v -0.42309570 0.49707025 0.04370125
v -0.40991211 0.53027338 0.03881843
v -0.41918945 0.51953119 0.04516609
v -0.40942383 0.51904291 0.04956062
v -0.36499023 0.49804682 0.05590827
v -0.36303711 0.50439447 0.06274421
v -0.37866211 0.49755853 0.05639656
v -0.36791992 0.49462885 0.05444343
v -0.35620117 0.50390619 0.06030281
v -0.36889648 0.49804682 0.04516609
v -0.35766602 0.50439447 0.05444343
v -0.36645508 0.48339838 0.05297859
v -0.37133789 0.48974603 0.04614265
v -0.37768555 0.51269525 0.04760749
v -0.37084961 0.50976557 0.04223640
v -0.37280273 0.51513666 0.04077155
v -0.36743164 0.53613275 0.00415046
v -0.37866211 0.53955072 0.00024421
v -0.37866211 0.53857416 0.01245124
v -0.36791992 0.53417963 0.01538093
v -0.37377930 0.53808588 0.00024421
v -0.34643555 0.54101557 0.00024421
v -0.36743164 0.53613275 -0.00415032
v -0.37866211 0.53857416 -0.01245110
v -0.36791992 0.53417963 -0.01538079
v -0.34936523 0.51269525 0.06665046
v -0.34838867 0.51123041 0.06616218
v -0.34350586 0.51464838 0.06665046
v -0.34301758 0.51416010 0.06616218
v -0.34252930 0.51513666 0.06616218
v -0.34350586 0.51562494 0.06616218
v -0.34350586 0.51562494 0.06567390
v -0.34301758 0.51513666 0.06518561
v -0.34692383 0.51220697 0.06176764
v -0.34790039 0.51416010 0.06176764
v -0.34252930 0.51416010 0.06567390
v -0.33666992 0.57080078 0.07299811
v -0.33520508 0.56884766 0.07397467
v -0.32934570 0.57470703 0.07543951
v -0.33374023 0.56738281 0.07348639
v -0.33227539 0.56689453 0.07250983
v -0.32788086 0.57373047 0.07495123
v -0.32055664 0.47363275 0.02075202
v -0.31420898 0.47412103 0.00317389
v -0.31665039 0.48095697 0.00756842
v -0.31225586 0.46679682 0.00024420
v -0.32495117 0.48925775 0.02124030
v -0.32153320 0.49560541 0.00366217
v -0.30102539 0.47216791 0.00024420
v -0.31225586 0.47119135 0.00024420
v -0.30932617 0.47216791 0.00024420
v -0.30249023 0.47119135 0.00024420
v -0.31762695 0.49023432 0.00024420
v -0.30151367 0.47460932 0.00024420
v -0.31420898 0.47412103 -0.00317376
v -0.32055664 0.47363275 -0.02075189
v -0.31665039 0.48095697 -0.00756830
v -0.32983398 0.50488275 0.01147467
v -0.31616211 0.50537103 0.00708014
v -0.31762695 0.49267572 0.00024420
v -0.31274414 0.49560541 0.00024420
v -0.32153320 0.49560541 -0.00366205
v -0.37036133 0.49853510 0.03930671
v -0.36743164 0.50292963 0.04370124
v -0.33081055 0.56689453 0.07006842
v -0.33081055 0.56835938 0.06811529
v -0.32690430 0.57373047 0.07348639
v -0.32739258 0.57470703 0.07250983
v -0.33129883 0.57031250 0.06665045
v -0.33813477 0.53369135 0.00805670
v -0.31811523 0.53857416 0.00024420
v -0.33813477 0.53369135 -0.00805658
v -0.35424805 0.52783197 0.01293952
v -0.34301758 0.52001947 0.00415046
v -0.33520508 0.51611322 0.00024420
v -0.33666992 0.51806635 0.00024421
v -0.33178711 0.52392572 0.00024420
v -0.31616211 0.53320307 0.00024420
v -0.31420898 0.53662103 0.00024420
v -0.34301758 0.52001947 -0.00415033
v -0.35424805 0.52783197 -0.01293939
v -0.32983398 0.50488275 -0.01147455
v -0.29907227 0.49999994 0.00024420
v -0.32153320 0.51318353 0.00024420
v -0.29907227 0.50488275 0.00024420
v -0.29663086 0.50244135 0.00024420
v -0.31616211 0.50537103 -0.00708002
v -0.32495117 0.48925775 -0.02124017
v -0.26000977 0.58300781 0.16870122
v -0.26147461 0.58447266 0.16918950
v -0.26049805 0.58349609 0.16528325
v -0.26147461 0.58642578 0.16918950
v -0.26098633 0.58740234 0.16723637
v -0.25854492 0.58251953 0.16821294
v -0.25805664 0.58251953 0.16674809
v -0.25903320 0.58837891 0.16625981
v -0.25659180 0.58398438 0.16577153
v -0.25805664 0.58691406 0.16479497
v -0.25708008 0.58496094 0.16479497
v -0.32934570 0.57617188 0.07446295
v -0.33666992 0.57373047 0.06958014
v -0.33715820 0.57226562 0.07153326
v -0.32739258 0.57568359 0.07446295
v -0.32836914 0.57617188 0.07250983
v -0.33325195 0.57226562 0.06665045
v -0.33520508 0.57373047 0.06762701
v -0.11791990 0.52246094 0.26635748
v -0.10278317 0.53710938 0.29370120
v -0.13305661 0.54785156 0.26977545
v -0.14868163 0.52539062 0.23901370
v -0.16137694 0.55664062 0.24633792
v -0.12426756 0.50634766 0.24975589
v -0.17163084 0.54199219 0.22827153
v -0.13110349 0.54882812 0.26782233
v -0.10083005 0.53808594 0.29077151
v -0.11596677 0.52392578 0.26391608
v -0.12084959 0.50927734 0.24682620
v -0.09643552 0.48925781 0.25756839
v -0.06518552 0.49365234 0.29272464
v -0.14477538 0.52832031 0.23608401
v -0.15991209 0.55761719 0.24438480
v -0.16772459 0.54541016 0.22485355
v -0.05200192 0.37451169 0.23999026
v -0.01147458 0.39013672 0.28393558
v -0.03247067 0.41406250 0.27856448
v -0.03051755 0.41748047 0.28540042
v -0.01635739 0.45556641 0.31958011
v -0.05249020 0.44189453 0.27856448
v -0.00024411 0.30810544 0.24975589
v 0.01293949 0.30566403 0.26000980
v 0.00805668 0.36572266 0.28784183
v 0.02612308 0.34082028 0.29028323
v -0.05004880 0.37597653 0.23754886
v -0.03100583 0.41503906 0.27661136
v -0.01000973 0.39062500 0.28198245
v -0.08422849 0.35302731 0.19360356
v -0.07641599 0.41064450 0.23217778
v 0.00903324 0.36621094 0.28637698
v 0.02758793 0.34179685 0.28881839
v -0.06762692 0.49218750 0.29516605
v -0.03735348 0.50878906 0.33764651
v -0.00268551 0.49023438 0.35717776
v 0.03198246 0.46923828 0.37475589
v 0.02905277 0.41699219 0.33666995
v -0.04907224 0.44433594 0.27612308
v -0.01440426 0.45654297 0.31762698
v -0.02661130 0.42041016 0.28295901
v -0.03540036 0.50976562 0.33520511
v -0.00073238 0.49121094 0.35473636
v -0.07250974 0.46728516 0.26733401
v 0.06713872 0.44580078 0.39038089
v 0.01049808 0.36816406 0.29418948
v 0.02905277 0.34326169 0.29663089
v 0.06030278 0.38134766 0.34106448
v 0.06909184 0.44726562 0.38745120
v 0.03100590 0.41845703 0.33422855
v 0.03393559 0.47021484 0.37231448
v 0.06225590 0.38281250 0.33862308
v 0.03198246 0.34521481 0.29467776
v 0.01342777 0.37060547 0.29223636
v -0.07592770 0.46093750 0.26098636
v -0.05297849 0.43847656 0.26928714
v -0.07055661 0.52441406 0.31616214
v -0.09985349 0.48632812 0.26000980
v -0.07592770 0.46484375 0.26977542
v -0.06860349 0.52539062 0.31372073
v -0.11010740 0.45263672 0.22827153
v -0.07788083 0.46044922 0.26342776
v -0.10180662 0.48144531 0.25415042
v -0.14379881 0.49365234 0.22045901
v -0.12622067 0.50146484 0.24340823
v -0.15014647 0.52001953 0.23217776
v -0.09985349 0.48242188 0.25122073
v -0.10815427 0.45361328 0.22583012
v -0.12377927 0.50244141 0.24047855
v -0.14184569 0.49511719 0.21850589
v -0.14770506 0.52148438 0.22924808
v -0.10913084 0.38623044 0.19213872
v -0.14379881 0.52636719 0.22973636
v -0.11157224 0.38525388 0.19458012
v -0.11352537 0.37353513 0.19067387
v -0.08618162 0.35156247 0.19555669
v -0.12231443 0.36962888 0.17993169
v -0.16333006 0.35400388 0.13549809
v -0.19555663 0.32812497 0.09936529
v -0.14624022 0.36279294 0.15600590
v -0.16137694 0.35742185 0.13061528
v -0.14379881 0.36474606 0.15112309
v -0.14428709 0.36767575 0.14624028
v -0.11987302 0.37060544 0.17651372
v -0.10913084 0.37499997 0.18579106
v -0.20288084 0.55712891 0.20922856
v -0.21020506 0.55957031 0.20971684
v -0.20336913 0.54882812 0.21020512
v -0.19653319 0.55273438 0.20776372
v -0.22387694 0.56689453 0.20532231
v -0.21704100 0.55664062 0.20678715
v -0.21655272 0.56298828 0.20825200
v -0.20678709 0.56005859 0.21411137
v -0.19165038 0.55126953 0.21118169
v -0.19116209 0.54394531 0.20678715
v -0.17993163 0.52148438 0.20385747
v -0.17260741 0.52587891 0.21313481
v -0.17260741 0.53759766 0.22045903
v -0.17065428 0.52734375 0.21118169
v -0.17797850 0.52294922 0.20141606
v -0.18920897 0.54541016 0.20434575
v -0.19458006 0.55468750 0.20532231
v -0.18969725 0.55273438 0.20874028
v -0.17114256 0.53857422 0.21850590
v -0.18579100 0.55859375 0.20776372
v -0.16528319 0.49414062 0.20092776
v -0.14965819 0.46484375 0.19848637
v -0.14819334 0.46582031 0.19702153
v -0.16381834 0.49511719 0.19897464
v -0.18530272 0.56250000 0.22778325
v -0.20239256 0.56445312 0.21508794
v -0.19067381 0.55664062 0.21899419
v -0.18676756 0.55957031 0.21508794
v -0.19555663 0.56787109 0.20971684
v -0.18188475 0.56445312 0.22387700
v -0.19653319 0.56103516 0.20288090
v -0.19555663 0.56835938 0.20141606
v -0.23217773 0.30615231 -0.03295892
v -0.23315430 0.31640622 -0.01879877
v -0.22631836 0.30322263 -0.03100580
v -0.23364258 0.30859372 -0.03686517
v -0.21020508 0.30664060 -0.01684565
v -0.20727539 0.29882810 -0.03149408
v -0.17358398 0.30175778 -0.01928706
v -0.16821289 0.29296872 -0.03930659
v -0.18383789 0.29589841 -0.03491206
v -0.01538083 0.30859372 0.23657230
v 0.02563480 0.30224606 0.26831058
v -0.22973631 0.56982422 0.19995122
v -0.22387694 0.56347656 0.19946294
v -0.21118163 0.56494141 0.22192387
v -0.21704100 0.56640625 0.21313481
v -0.19897459 0.56787109 0.19702153
v -0.20092772 0.57617188 0.19555669
v -0.20239256 0.57275391 0.19311528
v -0.20922850 0.57910156 0.18725590
v -0.20678709 0.58544922 0.19262700
v -0.20239256 0.57031250 0.18872075
v -0.21655272 0.58056641 0.18383794
v -0.21166991 0.57373047 0.18481450
v -0.39086914 0.00927728 -0.05590811
v -0.38842773 0.01269525 -0.05395498
v -0.38940430 0.01464838 -0.05541983
v -0.38940430 0.01318353 -0.05737295
v -0.38793945 0.01123041 -0.05834952
v -0.38696289 0.01074213 -0.05493155
v -0.39038086 0.00830072 -0.05639639
v -0.38110352 0.01708978 -0.06665029
v -0.38061523 0.01025385 -0.06518545
v -0.38110352 0.01367182 -0.06225577
v -0.37475586 0.00976557 -0.05493155
v -0.37768555 0.01220697 -0.05590811
v -0.37768555 0.00683588 -0.06030264
v -0.37329102 0.01562494 -0.05249014
v -0.37524414 0.02001947 -0.05541983
v -0.37329102 0.02294916 -0.05395499
v -0.40747070 0.01562494 -0.07934561
v -0.40795898 0.01025385 -0.07983389
v -0.40698242 0.01464838 -0.07788076
v -0.40698242 0.01464838 -0.08129873
v -0.40502930 0.01318353 -0.08178701
v -0.40502930 0.01269525 -0.07739248
v -0.40747070 0.00976557 -0.07983389
v -0.39477539 0.01416010 -0.07592764
v -0.39282227 0.01025385 -0.07397451
v -0.39233398 0.01708978 -0.07153311
v -0.39379883 0.00732416 -0.08032217
v -0.39575195 0.01464838 -0.08422842
v -0.39477539 0.01074213 -0.08666983
v -0.39428711 0.01757807 -0.08862295
v -0.37475586 0.02587885 -0.06860342
v -0.37231445 0.01757807 -0.07202139
v -0.37768555 0.01708978 -0.07006826
v -0.37231445 0.01953119 -0.09057608
v -0.37426758 0.01269525 -0.08862295
v -0.37573242 0.01953119 -0.09057608
v -0.36645508 0.00976557 -0.09008780
v -0.37280273 0.01318353 -0.09301748
v -0.37182617 0.02001947 -0.09057608
v -0.37475586 0.01904291 -0.09155264
v -0.39184570 0.01757807 -0.09497061
v -0.39086914 0.02392572 -0.09643545
v -0.39233398 0.01904291 -0.09838858
v -0.37426758 0.02636713 -0.08813467
v -0.37280273 0.02539057 -0.09350576
v -0.36450195 0.02685541 -0.08959952
v -0.40600586 0.00830072 -0.10473623
v -0.40405273 0.01220697 -0.10327139
v -0.40502930 0.01416010 -0.10522451
v -0.40551758 0.00781244 -0.10473623
v -0.40258789 0.00976557 -0.10717764
v -0.40258789 0.01025385 -0.10327139
v -0.40405273 0.01269525 -0.10717764
v -0.38989258 0.01708978 -0.10913076
v -0.39721680 0.01806635 -0.10864248
v -0.38940430 0.02197260 -0.10766592
v -0.39184570 0.01074213 -0.09643545
v -0.39379883 0.01171869 -0.09985342
v -0.39038086 0.00683588 -0.10327139
v -0.39135742 0.01171869 -0.10815420
v -0.38891602 0.01074213 -0.10961904
v -0.38305664 0.00830072 -0.12426748
v -0.38403320 0.00878900 -0.12133779
v -0.38598633 0.00732416 -0.12280264
v -0.38647461 0.00781244 -0.12329092
v -0.38500977 0.01123041 -0.12182608
v -0.38500977 0.01220697 -0.12377920
v -0.38403320 0.01025385 -0.12475576
v -0.37524414 0.02246088 -0.11401358
v -0.37573242 0.01855463 -0.11499014
v -0.37670898 0.01660150 -0.11254873
v -0.37622070 0.01025385 -0.11401358
v -0.37670898 0.01074213 -0.11645498
v -0.37280273 0.00683588 -0.11840811
v -0.37231445 0.01025385 -0.12231436
v -0.36987305 0.00976557 -0.12329092
v -0.36889648 0.02148432 -0.12377921
v -0.36840820 0.01513666 -0.12475577
v -0.37036133 0.01757807 -0.12280264
v -0.36401367 0.01025385 -0.07592764
v -0.36596680 0.00830072 -0.08325186
v -0.34985352 0.00830072 -0.08862296
v -0.36450195 0.00830072 -0.09643546
v -0.34838867 0.00781244 -0.07397452
v -0.33911133 0.00732419 -0.07788077
v -0.36157227 0.01074213 -0.10278311
v -0.34643555 0.00781244 -0.10327139
v -0.33862305 0.00732419 -0.09838858
v -0.33618164 0.00683591 -0.08813468
v -0.33862305 0.00927731 -0.07153311
v -0.33374023 0.00927731 -0.07885733
v -0.35424805 0.00830072 -0.10668936
v -0.33715820 0.00927731 -0.10473624
v -0.33325195 0.00927731 -0.09790030
v -0.34692383 0.04785150 -0.08666984
v -0.35278320 0.03808588 -0.08813468
v -0.35375977 0.03955072 -0.08325186
v -0.35229492 0.03857416 -0.09301749
v -0.34008789 0.04541013 -0.07055656
v -0.33227539 0.04199216 -0.06713858
v -0.33032227 0.05810542 -0.07104484
v -0.36938477 0.01806635 -0.10717764
v -0.36743164 0.01855463 -0.10571280
v -0.36694336 0.02392572 -0.10864249
v -0.36645508 0.01904291 -0.10522452
v -0.36254883 0.02587885 -0.10424796
v -0.33276367 0.05859371 -0.10327140
v -0.33374023 0.04248044 -0.10815421
v -0.34057617 0.04492185 -0.10375968
v -0.31958008 0.04150388 -0.07788077
v -0.32641602 0.02636716 -0.07934561
v -0.31909180 0.03662106 -0.08178702
v -0.31518555 0.04345700 -0.07983390
v -0.31567383 0.05517574 -0.07690421
v -0.31127930 0.05419917 -0.08227532
v -0.31469727 0.04052731 -0.08325186
v -0.32202148 0.04150388 -0.09936514
v -0.32104492 0.03662106 -0.09545889
v -0.32788086 0.02685544 -0.09692374
v -0.31616211 0.04052731 -0.09497061
v -0.31762695 0.04345700 -0.09790031
v -0.31323242 0.05468746 -0.09643546
v -0.31860352 0.05566402 -0.10083000
v -0.38208008 0.26757807 -0.06225578
v -0.37915039 0.29003900 -0.06665031
v -0.36987305 0.26855463 -0.07348625
v -0.35375977 0.29101557 -0.08178703
v -0.35815430 0.30468744 -0.07153313
v -0.33862305 0.17480464 -0.07397453
v -0.33032227 0.15917964 -0.07250968
v -0.33178711 0.17089839 -0.06762687
v -0.34106445 0.21582025 -0.10766594
v -0.33666992 0.19628900 -0.10620109
v -0.34985352 0.20898432 -0.10229484
v -0.27661133 0.20410152 -0.08471672
v -0.25610352 0.19091792 -0.07543938
v -0.28881836 0.17675775 -0.10278313
v -0.29223633 0.19824213 -0.10571282
v -0.28686523 0.19287103 -0.09936516
v -0.33618164 0.18701167 -0.06372062
v -0.35083008 0.19824214 -0.06420890
v -0.34985352 0.19482417 -0.06713859
v -0.32202148 0.17871089 -0.06225578
v -0.33422852 0.18310542 -0.06616203
v -0.31811523 0.20166010 -0.10961906
v -0.32788086 0.22070307 -0.11108391
v -0.31713867 0.22119135 -0.11108391
v -0.32055664 0.28320307 -0.10278313
v -0.33227539 0.30224603 -0.08764641
v -0.31176758 0.30175775 -0.09448235
v -0.28491211 0.24414058 -0.09887689
v -0.29614258 0.26757807 -0.10522454
v -0.27270508 0.25244135 -0.09594720
v -0.28930664 0.18798824 -0.07641594
v -0.28540039 0.19775385 -0.08715813
v -0.28588867 0.20214838 -0.08618157
v -0.23266603 0.25244135 -0.08911127
v -0.22778322 0.23681636 -0.09008783
v -0.24682619 0.23974605 -0.09252924
v -0.24243166 0.29345697 -0.09545892
v -0.24584962 0.27929682 -0.09008783
v -0.25756836 0.28076166 -0.09692376
v -0.13159180 0.01660153 -0.11889642
v -0.13208008 0.01025388 -0.11987299
v -0.13061523 0.01464841 -0.11645502
v -0.12817383 0.01171872 -0.11596674
v -0.13061523 0.00927731 -0.11938471
v -0.12768555 0.01220700 -0.12133783
v -0.12963867 0.01464841 -0.12133783
v -0.12133790 0.00976560 -0.14379877
v -0.12182618 0.01025388 -0.13989252
v -0.12524414 0.00781247 -0.14184564
v -0.12622070 0.00830075 -0.14184564
v -0.12377930 0.01269528 -0.13940424
v -0.12475587 0.01513669 -0.14233392
v -0.12280274 0.01269528 -0.14477533
v -0.11743164 0.01318356 -0.09204096
v -0.11889648 0.01562497 -0.09350580
v -0.12036133 0.00927731 -0.09497064
v -0.11791992 0.01416013 -0.09643549
v -0.11596680 0.01025388 -0.09252924
v -0.11938477 0.00830075 -0.09545892
v -0.11645508 0.01123044 -0.09692377
v -0.10278320 0.00976560 -0.09057611
v -0.10522461 0.01171872 -0.09155267
v -0.10473633 0.00732419 -0.09643549
v -0.10180664 0.01611325 -0.08813471
v -0.10375977 0.02001950 -0.09106439
v -0.10864258 0.01269528 -0.10034174
v -0.10180664 0.02343747 -0.08959955
v -0.10717773 0.01025388 -0.10229486
v -0.10717773 0.01708981 -0.10375971
v -0.11450195 0.01757810 -0.10766596
v -0.11694336 0.01220700 -0.11206049
v -0.11450195 0.01025388 -0.11010736
v -0.11596680 0.02197263 -0.11157221
v -0.11401367 0.02539060 -0.10961908
v -0.11499023 0.00683591 -0.11743158
v -0.11743164 0.01269528 -0.12280267
v -0.11499023 0.01074216 -0.12426752
v -0.11499024 0.01806638 -0.12670892
v -0.09741211 0.01757810 -0.10766596
v -0.09643555 0.01171872 -0.11059564
v -0.09350586 0.01757810 -0.10815424
v -0.08764648 0.01025388 -0.11010736
v -0.09301758 0.01708981 -0.10766596
v -0.08911133 0.02539060 -0.10717767
v -0.09497071 0.01806638 -0.12524408
v -0.08715820 0.01123044 -0.12329096
v -0.09692383 0.01171872 -0.12280267
v -0.09838868 0.01806638 -0.12573236
v -0.07250977 0.00927731 -0.12036128
v -0.08813477 0.00927731 -0.11645502
v -0.08471680 0.00976560 -0.12915033
v -0.09399415 0.01855466 -0.12524408
v -0.09350587 0.01318356 -0.12768549
v -0.09692384 0.02587888 -0.12329096
v -0.08764649 0.02734372 -0.12329096
v -0.06274414 0.00634763 -0.10668940
v -0.07202148 0.00683591 -0.10375971
v -0.05737305 0.00732419 -0.11743159
v -0.05786133 0.00732419 -0.12915033
v -0.08178712 0.01074216 -0.13500971
v -0.06567384 0.00781247 -0.13500971
v -0.09594727 0.01855466 -0.12622064
v -0.05541992 0.00927731 -0.10620112
v -0.06079102 0.00927731 -0.10083003
v -0.08520509 0.01904294 -0.13842767
v -0.08959962 0.01220700 -0.13745111
v -0.05444336 0.01025388 -0.13354488
v -0.05151368 0.01025388 -0.12670894
v -0.07739258 0.03906247 -0.11450190
v -0.07055665 0.04833981 -0.11645503
v -0.07641602 0.03808591 -0.11938471
v -0.07543946 0.03906247 -0.12329096
v -0.11157227 0.01025388 -0.13256830
v -0.11303712 0.01123044 -0.13500971
v -0.10913087 0.00683591 -0.13891596
v -0.11010743 0.01123044 -0.14379877
v -0.11206055 0.01757810 -0.13061517
v -0.11108399 0.02392575 -0.13208002
v -0.11254884 0.01953122 -0.13403314
v -0.10668946 0.01025388 -0.14526361
v -0.10913087 0.01757810 -0.14477533
v -0.11596680 0.01806638 -0.14526361
v -0.10913087 0.02246091 -0.14331049
v -0.09545899 0.00976560 -0.14819330
v -0.09594727 0.01074216 -0.15161127
v -0.09204102 0.00732419 -0.15258783
v -0.09545899 0.02294919 -0.14868158
v -0.09643555 0.01904294 -0.15014642
v -0.09692384 0.01660153 -0.14721674
v -0.09204102 0.01025388 -0.15649408
v -0.08862305 0.00927731 -0.15698236
v -0.08959962 0.01904294 -0.14038080
v -0.10229493 0.00830075 -0.15942377
v -0.10327149 0.00878903 -0.15698236
v -0.10522462 0.00732419 -0.15844721
v -0.10620118 0.00781247 -0.15893549
v -0.10473634 0.01123044 -0.15698236
v -0.10473634 0.01318356 -0.15991205
v -0.10327149 0.01025388 -0.16088861
v -0.08666993 0.01562497 -0.15893549
v -0.09008790 0.01806638 -0.15747064
v -0.08764649 0.02246091 -0.15844721
v -0.08618165 0.01855466 -0.13891596
v -0.08178712 0.02587888 -0.13696283
v -0.08813477 0.01855466 -0.13989252
v -0.08618165 0.02441403 -0.14184564
v -0.13305664 0.17089841 -0.07446284
v -0.12719727 0.16796872 -0.06860346
v -0.14038086 0.17968747 -0.06860346
v -0.13745117 0.17431636 -0.08569331
v -0.12817383 0.14843747 -0.08959956
v -0.14038086 0.18164060 -0.07055659
v -0.13891602 0.18603513 -0.07006831
v -0.12915039 0.18017575 -0.05688471
v -0.13500977 0.18212888 -0.06225581
v -0.14331055 0.19775388 -0.08276361
v -0.14526367 0.20556638 -0.07299799
v -0.12280274 0.13281247 -0.09252924
v -0.11743165 0.12744138 -0.09106440
v -0.11206055 0.13183591 -0.08276362
v -0.12084962 0.12646481 -0.09790034
v -0.17895508 0.19775388 -0.06616205
v -0.16381836 0.19384763 -0.06030268
v -0.22729492 0.29882810 -0.03442377
v -0.22485352 0.28857419 -0.05444330
v -0.23168945 0.29980466 -0.03784174
v -0.21411133 0.30468747 -0.04516596
v -0.20727539 0.29687497 -0.03344721
v -0.23217773 0.30126950 -0.04125971
v -0.22631836 0.30712888 -0.05249017
v -0.21850587 0.31347653 -0.06323236
v -0.19262697 0.30957028 -0.05834955
v -0.21362305 0.30761716 -0.04321283
v -0.19165041 0.31201169 -0.05639643
v -0.22778320 0.31542966 -0.04907221
v -0.18383789 0.29492185 -0.03588862
v -0.16333008 0.19287106 -0.06469721
v -0.16284180 0.19482419 -0.06616205
v -0.16235352 0.20068356 -0.06469721
v -0.20971681 0.32714838 -0.11791986
v -0.22583009 0.30810541 -0.10131830
v -0.23461916 0.31494135 -0.10620111
v -0.15551758 0.18994138 -0.06518549
v -0.14819336 0.18554685 -0.06616205
v -0.14819336 0.19042966 -0.05834956
v -0.14770508 0.23632810 -0.06958003
v -0.14672852 0.21337888 -0.06274408
v -0.15258789 0.21533200 -0.06274409
v -0.13403320 0.29101560 -0.04858394
v -0.16235352 0.28515622 -0.05346674
v -0.15698242 0.29296872 -0.05590815
v -0.17065431 0.31933591 -0.07641596
v -0.17163087 0.31689450 -0.07836909
v -0.22045900 0.32128903 -0.05883783
v -0.21118166 0.32861325 -0.07055658
v -0.20971681 0.32031247 -0.07446283
v -0.14282228 0.29150388 -0.07592768
v -0.14916994 0.31005856 -0.08422846
v -0.15112306 0.30810544 -0.08618159
v -0.15209962 0.33300778 -0.10571284
v -0.15356447 0.33105466 -0.10766596
v -0.13012697 0.31494138 -0.11108394
v -0.13256837 0.31347653 -0.11254878
v -0.14086916 0.21240230 -0.09399409
v -0.13989259 0.19775386 -0.09838862
v -0.13305666 0.34619135 -0.14331050
v -0.13110353 0.34814447 -0.14135738
v -0.05151368 0.18115231 -0.06420894
v -0.08081055 0.13330075 -0.07104488
v -0.08129883 0.13623044 -0.06762691
v -0.09008789 0.13378903 -0.07250971
v -0.04467774 0.20263669 -0.07690425
v -0.04174805 0.21093747 -0.06909175
v -0.04809571 0.10742185 -0.12036128
v -0.05493165 0.10400388 -0.11889644
v -0.06420899 0.11523435 -0.11938472
v -0.09350586 0.12255856 -0.07885737
v -0.09985352 0.13330075 -0.07592768
v -0.07885742 0.12744138 -0.07348628
v -0.11743165 0.12939450 -0.11401362
v -0.11840821 0.13623044 -0.11645503
v -0.11206055 0.13134763 -0.11791987
v -0.10522462 0.13769528 -0.12133784
v -0.00512696 0.20166013 -0.06079098
v -0.00219727 0.17431638 -0.04760739
v -0.02661133 0.18603513 -0.04956051
v -0.09741212 0.27587888 -0.12915035
v -0.09545900 0.29150388 -0.14282222
v -0.08276369 0.26757810 -0.14428706
v -0.07641604 0.27587888 -0.15551753
v -0.08618166 0.31005856 -0.16577144
v -0.06274416 0.29052731 -0.17895503
v -0.07006838 0.28320310 -0.16674800
v -0.08422854 0.31103513 -0.16381831
v -0.05395510 0.29687497 -0.19213864
v -0.06420901 0.32714841 -0.20239253
v -0.04272464 0.30224606 -0.20678708
v -0.06176760 0.32812497 -0.19995113
v -0.03002933 0.30664060 -0.22192380
v -0.02758792 0.34228513 -0.24487302
v -0.02563480 0.34326169 -0.24243161
v -0.49536133 0.44335932 -0.01147452
v -0.49682617 0.44775385 -0.01245108
v -0.49584961 0.44775385 -0.01293936
v -0.48803711 0.44042963 -0.01098624
v -0.48461914 0.44287103 -0.01147452
v -0.48510742 0.44238275 -0.01538077
v -0.49584961 0.44873041 -0.01342765
v -0.49438477 0.45019525 -0.01342765
v -0.49438477 0.45068353 -0.01342765
v -0.49438477 0.45214838 -0.01440421
v -0.49389648 0.45068353 -0.01538077
v -0.49340820 0.45166010 -0.01538077
v -0.48999023 0.45458978 -0.01977530
v -0.48999023 0.45312494 -0.02026359
v -0.48510742 0.45800775 -0.02416984
v -0.49194336 0.45703119 -0.01489249
v -0.49291992 0.45556635 -0.01538077
v -0.49291992 0.45507807 -0.01489249
v -0.48901367 0.45996088 -0.01538077
v -0.49047852 0.45898432 -0.01733390
v -0.46704102 0.44677728 -0.02465812
v -0.46997070 0.44531244 -0.02368155
v -0.49291992 0.45800775 -0.01635733
v -0.49194336 0.45800775 -0.01489249
v -0.49340820 0.45654291 -0.01538077
v -0.48510742 0.46679682 -0.01538077
v -0.48559570 0.46435541 -0.01440421
v -0.48657227 0.46484369 -0.01440421
v -0.48413086 0.46728510 -0.01586905
v -0.48364258 0.46679682 -0.01635734
v -0.48510742 0.46874994 -0.01879874
v -0.48461914 0.46874994 -0.01928702
v -0.48413086 0.47607416 -0.01928702
v -0.48510742 0.46630853 -0.02026359
v -0.48364258 0.46582025 -0.01684562
v -0.48413086 0.46728510 -0.02026359
v -0.45532227 0.48339838 -0.02368156
v -0.45141602 0.48486322 -0.02465812
v -0.45239258 0.47802728 -0.03198234
v -0.43334961 0.46240228 -0.03198234
v -0.43432617 0.46044916 -0.03735344
v -0.43530273 0.46044916 -0.03686516
v -0.43237305 0.46240228 -0.03247062
v -0.43383789 0.45898432 -0.03833000
v -0.43286133 0.46044916 -0.03979484
v -0.43530273 0.46142572 -0.03881828
v -0.43188477 0.49316400 -0.03393547
v -0.43579102 0.48632807 -0.03540031
v -0.43872070 0.48779291 -0.03247062
v -0.43188477 0.48632807 -0.03833000
v -0.42211914 0.52783197 -0.02807610
v -0.42797852 0.51806635 -0.03930657
v -0.44018555 0.48974603 -0.03100578
v -0.44018555 0.49267572 -0.03149406
v -0.43920898 0.49609369 -0.03393547
v -0.43579102 0.49853510 -0.03686516
v -0.42846680 0.48876947 -0.04028312
v -0.43188477 0.49902338 -0.03881828
v -0.42797852 0.49755853 -0.03979484
v -0.42651367 0.49267572 -0.04077141
v -0.42651367 0.49560541 -0.04028312
v -0.43774414 0.49267572 -0.04077141
v -0.43920898 0.49072260 -0.03833000
v -0.43969727 0.49267572 -0.03784172
v -0.43823242 0.48974603 -0.03930656
v -0.43920898 0.49462885 -0.03833000
v -0.43676758 0.48925775 -0.04028312
v -0.43823242 0.49560541 -0.03930656
v -0.43725586 0.49609369 -0.04028312
v -0.43579102 0.48974603 -0.04125969
v -0.43481445 0.49072260 -0.04223625
v -0.43432617 0.49267572 -0.04272453
v -0.43481445 0.49462885 -0.04223625
v -0.43579102 0.49560541 -0.04174797
v -0.42749023 0.46728510 -0.03100578
v -0.42456055 0.46630853 -0.03149406
v -0.42456055 0.46386713 -0.03051750
v -0.37915039 0.45068353 -0.03442376
v -0.38891602 0.45556635 -0.03247063
v -0.38110352 0.46142572 -0.03686516
v -0.38647461 0.45898432 -0.05004875
v -0.37915039 0.46679682 -0.05249016
v -0.37670898 0.46630853 -0.04907219
v -0.37915042 0.48339838 -0.05249016
v -0.38012695 0.48095697 -0.05200188
v -0.38696292 0.48535150 -0.05395500
v -0.37817386 0.48925775 -0.05444329
v -0.37622073 0.48388666 -0.05346673
v -0.36791995 0.48339838 -0.05541985
v -0.36791995 0.48828119 -0.05395501
v -0.36889651 0.49121088 -0.05346673
v -0.36840823 0.48095697 -0.05346673
v -0.36645511 0.48095697 -0.05444329
v -0.36547855 0.48193353 -0.05541985
v -0.36499026 0.48388666 -0.05541985
v -0.36596683 0.48535150 -0.05493157
v -0.41918948 0.51953119 -0.04516594
v -0.40991214 0.53027338 -0.03881829
v -0.40942386 0.51904291 -0.04956048
v -0.42700195 0.49999994 -0.04614250
v -0.42504886 0.50439447 -0.05004875
v -0.42114261 0.49902338 -0.04711906
v -0.41967773 0.49707025 -0.04614250
v -0.42309570 0.49707025 -0.04370109
v -0.41772464 0.51025385 -0.05102531
v -0.42456058 0.51025385 -0.04956047
v -0.36499026 0.49804682 -0.05590813
v -0.36791995 0.49462885 -0.05444329
v -0.37866214 0.49755853 -0.05639641
v -0.36303714 0.50439447 -0.06274407
v -0.36645511 0.48339838 -0.05297844
v -0.37133789 0.48974603 -0.04614251
v -0.36889648 0.49804682 -0.04516594
v -0.35766605 0.50439447 -0.05444329
v -0.35620120 0.50390619 -0.06030266
v -0.37280273 0.51513666 -0.04077142
v -0.37084961 0.50976557 -0.04223626
v -0.37768558 0.51269525 -0.04760735
v -0.36254883 0.51708978 -0.03735345
v -0.35571289 0.50781244 -0.03833001
v -0.37036133 0.49853510 -0.03930657
v -0.36743164 0.50292963 -0.04370110
v -0.34790042 0.51416010 -0.06176751
v -0.34692386 0.51220697 -0.06176751
v -0.34301761 0.51513666 -0.06518548
v -0.34252933 0.51513666 -0.06616204
v -0.34350589 0.51562494 -0.06567376
v -0.34252933 0.51416010 -0.06567376
v -0.32788089 0.57373047 -0.07495111
v -0.33227542 0.56689453 -0.07250971
v -0.33374026 0.56738281 -0.07348627
v -0.33081058 0.56835938 -0.06811517
v -0.33081058 0.56689453 -0.07006830
v -0.32690433 0.57373047 -0.07348627
v -0.32739261 0.57470703 -0.07250971
v -0.33129886 0.57031250 -0.06665033
v -0.34838870 0.51123041 -0.06616204
v -0.34936526 0.51269525 -0.06665032
v -0.34350589 0.51464838 -0.06665032
v -0.34301761 0.51416010 -0.06616204
v -0.34350589 0.51562494 -0.06616204
v -0.32934573 0.57470703 -0.07543939
v -0.33520511 0.56884766 -0.07397455
v -0.33666995 0.57080078 -0.07299799
v -0.32934573 0.57617188 -0.07446283
v -0.33715823 0.57226562 -0.07153314
v -0.33666995 0.57373047 -0.06958002
v -0.33325198 0.57226562 -0.06665033
v -0.32739261 0.57568359 -0.07446283
v -0.32836917 0.57617188 -0.07250971
v -0.26049808 0.58349609 -0.16528316
v -0.25805667 0.58251953 -0.16674800
v -0.25659183 0.58398438 -0.16577144
v -0.25854495 0.58251953 -0.16821285
v -0.25903323 0.58837891 -0.16625972
v -0.26098636 0.58740234 -0.16723628
v -0.26147464 0.58642578 -0.16918941
v -0.25805667 0.58691406 -0.16479488
v -0.25708011 0.58496094 -0.16479488
v -0.26000980 0.58300781 -0.16870113
v -0.26147464 0.58447266 -0.16918941
v -0.19458009 0.33203122 -0.09350581
v -0.19555666 0.32812497 -0.09936518
v -0.17895509 0.34326169 -0.11352534
v -0.17895509 0.34814450 -0.10864253
v -0.16137697 0.35742182 -0.13061519
v -0.16333009 0.35400385 -0.13549800
v -0.14379886 0.36474603 -0.15112300
v -0.14428712 0.36767572 -0.14624019
v -0.14624026 0.36279291 -0.15600581
v -0.12280276 0.36962885 -0.17993160
v -0.10913088 0.32910153 -0.15258785
v -0.11987308 0.37060541 -0.17651363
v -0.10668948 0.33056638 -0.15063472
v -0.08618167 0.35156247 -0.19555660
v -0.11352542 0.37353510 -0.19067378
v -0.08422855 0.35302731 -0.19360347
v -0.10913089 0.37499994 -0.18579097
v -0.11157230 0.38525385 -0.19458003
v -0.20336919 0.54882807 -0.21020503
v -0.21020512 0.55957031 -0.20971675
v -0.20288090 0.55712891 -0.20922847
v -0.19653325 0.55273438 -0.20776363
v -0.21655278 0.56298828 -0.20825191
v -0.21704106 0.55664062 -0.20678706
v -0.22387700 0.56689453 -0.20532222
v -0.20678715 0.56005859 -0.21411128
v -0.19116215 0.54345697 -0.20678706
v -0.19165044 0.55126953 -0.21118160
v -0.18920903 0.54541010 -0.20434566
v -0.17797855 0.52294916 -0.20141597
v -0.17065434 0.52734369 -0.21118160
v -0.18969731 0.55273438 -0.20874019
v -0.19458012 0.55468750 -0.20532222
v -0.19897465 0.56787109 -0.19750972
v -0.19311526 0.55859375 -0.19750972
v -0.19653325 0.56103516 -0.20288081
v -0.17260747 0.52587885 -0.21313472
v -0.17993167 0.52148432 -0.20385738
v -0.16381839 0.49511713 -0.19897458
v -0.14184573 0.49511713 -0.21850583
v -0.14770512 0.52148432 -0.22924802
v -0.17114262 0.53857416 -0.21850581
v -0.14819339 0.46582025 -0.19702144
v -0.14965823 0.46484369 -0.19848628
v -0.16528323 0.49414057 -0.20092770
v -0.14379887 0.49365228 -0.22045895
v -0.07836918 0.40966794 -0.23413081
v -0.11010746 0.45263666 -0.22827144
v -0.05444340 0.43749994 -0.27172849
v -0.10180669 0.48144525 -0.25415036
v -0.07788090 0.46044916 -0.26342770
v -0.10913089 0.38623041 -0.19213863
v -0.07592778 0.46093744 -0.26098630
v -0.09985355 0.48242182 -0.25122067
v -0.10815433 0.45361322 -0.22583003
v -0.15014653 0.52001947 -0.23217770
v -0.12622075 0.50146478 -0.24340817
v -0.12377933 0.50244135 -0.24047849
v -0.16772465 0.54541010 -0.22485349
v -0.14477544 0.52832025 -0.23608395
v -0.15991215 0.55761719 -0.24438474
v -0.18579106 0.55859375 -0.20776363
v -0.19555669 0.56835938 -0.20141597
v -0.16137700 0.55664062 -0.24633786
v -0.14868169 0.52539057 -0.23901364
v -0.17163090 0.54199213 -0.22827144
v -0.12084965 0.50927728 -0.24682614
v -0.11596684 0.52343744 -0.26391596
v -0.13159184 0.54833978 -0.26782221
v -0.19555669 0.56787109 -0.20971675
v -0.18725590 0.55957031 -0.21557613
v -0.18188481 0.56445312 -0.22387691
v -0.11791997 0.52246088 -0.26635736
v -0.12426762 0.50634760 -0.24975583
v -0.13305669 0.54785150 -0.26977533
v -0.18530278 0.56250000 -0.22778316
v -0.19067387 0.55615234 -0.21899410
v -0.20239262 0.56445312 -0.21508785
v -0.10034184 0.48632807 -0.26000974
v -0.10278326 0.53710932 -0.29370114
v -0.06762700 0.49218744 -0.29516599
v -0.09643559 0.48925775 -0.25756833
v -0.10083013 0.53808588 -0.29077145
v -0.06567387 0.49316400 -0.29272458
v -0.01538089 0.30859372 -0.23657224
v -0.00024417 0.30810544 -0.24975583
v 0.00805660 0.36523432 -0.28784177
v -0.05200199 0.37451169 -0.23999020
v -0.01147465 0.39013666 -0.28393552
v -0.03247074 0.41406244 -0.27856442
v -0.01000981 0.39062494 -0.28247067
v -0.05004886 0.37597653 -0.23754880
v -0.03100590 0.41503900 -0.27661130
v 0.00903316 0.36621088 -0.28637692
v 0.01293942 0.30566403 -0.26000974
v 0.02563473 0.30224606 -0.26879880
v 0.02758785 0.34179685 -0.28881833
v 0.02612301 0.34082028 -0.29028317
v -0.07592778 0.46484369 -0.26977536
v -0.07250981 0.46728510 -0.26733395
v -0.21166995 0.57373047 -0.18481441
v -0.20922855 0.57910156 -0.18725581
v -0.21655276 0.58056641 -0.18383785
v -0.20239261 0.57031250 -0.18872066
v -0.20239262 0.57275391 -0.19311519
v -0.20092778 0.57617188 -0.19555660
v -0.20678715 0.58544922 -0.19262691
v -0.19262700 0.57470703 -0.20385738
v -0.22387700 0.56347656 -0.19946285
v -0.22973637 0.56982422 -0.19995113
v -0.21704106 0.56640625 -0.21313472
v -0.21118169 0.56494141 -0.22192378
v -0.07055669 0.52392572 -0.31665036
v -0.06860357 0.52490228 -0.31372067
v -0.03051762 0.41748041 -0.28540036
v -0.05249028 0.44189447 -0.27856442
v -0.01635747 0.45507807 -0.32006833
v -0.01440435 0.45654291 -0.31762692
v -0.04907231 0.44433588 -0.27612302
v -0.02661137 0.42041010 -0.28295895
v -0.03735357 0.50878900 -0.33764645
v -0.00268560 0.49023432 -0.35766599
v 0.03198237 0.46923822 -0.37475583
v 0.02905269 0.41699213 -0.33666989
v 0.02905269 0.34326169 -0.29663083
v 0.01049800 0.36816400 -0.29418942
v 0.06030269 0.38134760 -0.34106442
v 0.10083002 0.42187497 -0.40307614
v 0.06713861 0.44580072 -0.39038083
v 0.06225581 0.38281244 -0.33862302
v 0.01342769 0.37011713 -0.29223630
v 0.03198238 0.34521481 -0.29467770
v 0.06909174 0.44726557 -0.38745114
v 0.03393549 0.47021478 -0.37231442
v 0.03100581 0.41845697 -0.33422849
v -0.03540044 0.50976557 -0.33520505
v 0.04809574 0.29150388 0.28149417
v 0.05834965 0.28466797 0.28637698
v 0.04321293 0.31640625 0.29125980
v 0.04418949 0.31738281 0.28979495
v 0.03686527 0.29736325 0.27563480
v 0.06665043 0.28173828 0.28930667
v 0.06518558 0.28076172 0.29125980
v 0.06469730 0.27832031 0.29370120
v 0.06567387 0.27929688 0.28881839
v 0.08129887 0.25683594 0.29125980
v 0.08032230 0.25634766 0.29125980
v 0.08129887 0.25585938 0.29028323
v 0.07983402 0.25634766 0.29028323
v 0.08032230 0.25683594 0.28979495
v 0.08081058 0.25683594 0.28930667
v 0.08178715 0.25683594 0.29125980
v 0.08227543 0.25732422 0.29028323
v 0.08178715 0.25732422 0.28930667
v 0.06909183 0.28320312 0.29809573
v 0.07202152 0.28417969 0.29858401
v 0.07202152 0.29248047 0.30151370
v 0.04614262 0.31835938 0.29809573
v 0.07397465 0.28369141 0.29858401
v 0.07348637 0.28515625 0.29663089
v 0.07543949 0.28466797 0.29370120
v 0.04907230 0.32080078 0.29565433
v 0.07055668 0.30468750 0.30639651
v 0.07202152 0.32861328 0.31909183
v 0.07055668 0.31689453 0.31225589
v 0.10083009 0.19531247 0.00024416
v 0.11254884 0.17919919 0.02270510
v 0.11157227 0.19482419 0.00024416
v 0.13159180 0.17822263 0.00024416
v 0.12475587 0.18847653 0.00659182
v 0.13305664 0.17187497 0.00024416
v 0.04272461 0.23583981 0.00024417
v 0.05639649 0.21826169 0.02612307
v 0.05541993 0.23535153 0.00024417
v 0.06811524 0.22802731 0.00659182
v 0.07739259 0.21191403 0.00024416
v 0.07495117 0.21777341 0.00024416
v 0.05639648 0.21826169 -0.02612302
v 0.07006836 0.23437497 0.00024416
v 0.06811523 0.22802731 -0.00659177
v 0.07934570 0.22167966 0.00024416
v 0.08325195 0.23095700 0.00024416
v 0.08813477 0.22509763 0.00024416
v 0.08911133 0.22753903 0.00024416
v 0.11254883 0.17919919 -0.02270506
v 0.12670898 0.19482419 0.00024416
v 0.12475587 0.18847653 -0.00659178
v 0.13647461 0.18261716 0.00024416
v 0.14477539 0.18603513 0.00024416
v 0.13989258 0.19140622 0.00024416
v 0.14526367 0.18847653 0.00024416
v 0.15551758 0.15624997 0.00024416
v 0.16772462 0.14208981 0.01977541
v 0.16674805 0.15722653 0.00024415
v 0.17895508 0.15234374 0.00659181
v 0.18579102 0.14306639 0.00024415
v 0.18774414 0.13671874 0.00024415
v 0.16772461 0.14208981 -0.01977538
v 0.17993164 0.15771483 0.00024415
v 0.17895508 0.15234374 -0.00659178
v 0.19018555 0.14697264 0.00024415
v 0.19213867 0.15576170 0.00024415
v 0.19750977 0.15087889 0.00024415
v 0.19799805 0.15283202 0.00024415
v 0.22729494 0.10742186 0.01635743
v 0.24438478 0.10986327 0.00024415
v 0.23706056 0.11816405 0.00610352
v 0.24682619 0.10449217 0.00024415
v 0.22534181 0.12158202 0.00024415
v 0.21508791 0.12011717 0.00024415
v 0.22729492 0.10742186 -0.01635741
v 0.24731447 0.11425780 0.00024415
v 0.23706055 0.11816405 -0.00610351
v 0.23754884 0.12304686 0.00024415
v 0.24877931 0.12255858 0.00024415
v 0.25366211 0.11816405 0.00024415
v 0.25415039 0.12060545 0.00024414
v 0.27758789 0.08935545 0.00024414
v 0.28930664 0.07958983 0.01342774
v 0.28637695 0.09082030 0.00024414
v 0.30590820 0.07763670 0.00024414
v 0.30346680 0.08203124 0.00024414
v 0.29711914 0.08886717 0.00512695
v 0.28930664 0.07958983 -0.01342773
v 0.39379886 0.01464844 0.01928710
v 0.39184570 0.00781250 0.01098632
v 0.43530273 0.00585938 0.01147460
v 0.39184570 0.00781250 -0.01098634
v 0.39379883 0.01464844 -0.01928712
v 0.43530273 0.00585938 -0.01147462
v 0.45483398 0.02001953 0.00756834
v 0.43920898 0.02441406 0.00903319
v 0.43725586 0.01611328 0.01586913
v 0.39477539 0.04248047 0.00024413
v 0.39965820 0.03906250 0.00756835
v 0.40014648 0.04492188 0.00024413
v 0.40844727 0.04345703 0.00268553
v 0.41381836 0.03710938 0.00024413
v 0.41235352 0.03955078 0.00024413
v 0.43969727 0.02783203 0.00024412
v 0.39965820 0.03906250 -0.00756837
v 0.40698242 0.04687500 0.00024413
v 0.40844727 0.04345703 -0.00268556
v 0.34545898 0.05810545 0.01049804
v 0.36206055 0.05566405 0.00024413
v 0.35961914 0.05908202 0.00024413
v 0.34545898 0.05810545 -0.01049805
v 0.43920898 0.02441406 -0.00903322
v 0.39868164 0.03369141 -0.01635743
v 0.41333008 0.04150391 0.00024413
v 0.41333008 0.04638672 0.00024413
v 0.41625977 0.04296875 0.00024413
v 0.41674805 0.04443359 0.00024413
v 0.34350586 0.06738280 0.00024414
v 0.33618164 0.06445311 0.00024414
v 0.35375977 0.06494139 0.00415038
v 0.43725586 0.01611328 -0.01586916
v 0.45483398 0.02001953 -0.00756838
v 0.45581055 0.02734375 0.00024412
v 0.45776367 0.02587891 0.00268553
v 0.46069336 0.02734375 0.00024412
v 0.45776367 0.02587891 -0.00268557
v 0.46313477 0.02587891 0.00024412
v 0.46118164 0.02343750 0.00024412
v 0.46313477 0.02490234 0.00024412
v 0.49975586 0.00634766 0.00024412
v 0.49877930 0.00488281 0.00170896
v 0.49877930 0.00390625 0.00024412
v 0.49877930 0.00488281 -0.00170901
v 0.49877930 0.00634766 0.00219724
v 0.49877930 0.00781250 0.00122068
v 0.49877930 0.00830078 0.00024412
v 0.49877930 0.00781250 -0.00122073
v 0.49877930 0.00634766 -0.00219729
v 0.29663086 0.09326170 0.00024414
v 0.29711914 0.08886717 -0.00512695
v 0.30590820 0.08593749 0.00024414
v 0.30688477 0.09326170 0.00024414
v 0.31127930 0.08984374 0.00024414
v 0.31127930 0.09179686 0.00024414
v 0.35327148 0.06933592 0.00024413
v 0.35375977 0.06494139 -0.00415040
v 0.36254883 0.06884764 0.00024413
v 0.36157227 0.06201170 0.00024413
v 0.36645508 0.06494139 0.00024413
v 0.36694336 0.06689452 0.00024413
v 0.10424809 0.39208984 0.38305667
v 0.10083012 0.42187500 0.40307620
v 0.12817387 0.40185547 0.41186523
v 0.10229497 0.36572266 0.36157230
v 0.11499028 0.36914062 0.37280273
v 0.12817387 0.36914062 0.38354492
v 0.07543950 0.33984375 0.32739261
v 0.08178715 0.35009766 0.33715823
v 0.09106450 0.35937500 0.34887698
v 0.10620122 0.39355469 0.38110355
v 0.15551762 0.37988281 0.41870117
v 0.13012700 0.40332031 0.40942383
v 0.14135747 0.36669922 0.39282227
v 0.15698247 0.38085938 0.41674805
v 0.10278325 0.42333984 0.40014651
v 0.16772465 0.35693359 0.40795898
v 0.17749029 0.36035156 0.42260742
v 0.17993169 0.35009766 0.41381836
v 0.17846686 0.36132812 0.42114258
v 0.15454106 0.36279297 0.40112305
v 0.18823248 0.34472656 0.41772461
v 0.19262701 0.34423828 0.42309570
v 0.19409186 0.34570312 0.42163086
v 0.19311529 0.34228516 0.41967773
v 0.19360358 0.34277344 0.42114258
v 0.20825201 0.32958984 0.42797852
v 0.20776373 0.32958984 0.42553711
v 0.21313483 0.32373047 0.42456055
v 0.21459967 0.32470703 0.42602539
v 0.20971686 0.33105469 0.42895508
v 0.21508795 0.32421875 0.42456055
v 0.21557623 0.32519531 0.42553711
v 0.21362311 0.32421875 0.42358398
v 0.21459967 0.32519531 0.42309570
v 0.21606451 0.32568359 0.42456055
v 0.21166998 0.33300781 0.42358398
v 0.21215826 0.33349609 0.42602539
v 0.04321285 0.31640622 -0.29125974
v 0.04809567 0.29150388 -0.28149411
v 0.03686520 0.29736325 -0.27563474
v 0.04418942 0.31738278 -0.28979489
v 0.05834957 0.28417966 -0.28637692
v 0.06665035 0.28173825 -0.28930661
v 0.06518551 0.28076169 -0.29125974
v 0.06567379 0.27929685 -0.28930661
v 0.06469723 0.27832028 -0.29370114
v 0.08032223 0.25683591 -0.28979489
v 0.07983395 0.25634763 -0.29028317
v 0.08129879 0.25585935 -0.29028317
v 0.08081051 0.25683591 -0.28930661
v 0.08032223 0.25634763 -0.29125974
v 0.08129879 0.25683591 -0.29125974
v 0.08178707 0.25732419 -0.28930661
v 0.08227535 0.25732419 -0.29028317
v 0.08178707 0.25683591 -0.29125974
v 0.07202145 0.29248044 -0.30151364
v 0.07202145 0.28417966 -0.29858395
v 0.06909176 0.28320310 -0.29809567
v 0.04614254 0.31835935 -0.29809567
v 0.07348629 0.28515622 -0.29663083
v 0.07543942 0.28466794 -0.29370114
v 0.07397457 0.28369138 -0.29858395
v 0.04907222 0.32031247 -0.29565427
v 0.07055660 0.30468747 -0.30639645
v 0.07055660 0.31689450 -0.31225583
v 0.07202144 0.32861325 -0.31909177
v 0.07543941 0.33984372 -0.32739255
v 0.08178706 0.35009763 -0.33715817
v 0.09106440 0.35937497 -0.34936520
v 0.10229487 0.36572263 -0.36157224
v 0.10424799 0.39208981 -0.38305661
v 0.10620112 0.39355466 -0.38110349
v 0.10278314 0.42333981 -0.40014645
v 0.12817377 0.40185544 -0.41186523
v 0.11499018 0.36865231 -0.37280273
v 0.12817377 0.36914060 -0.38354492
v 0.13012689 0.40332028 -0.40942383
v 0.15551752 0.37988278 -0.41870117
v 0.14135736 0.36669919 -0.39282227
v 0.15698236 0.38085935 -0.41674805
v 0.17993158 0.35009763 -0.41381836
v 0.17846674 0.36132810 -0.42114258
v 0.16772455 0.35693356 -0.40795898
v 0.17749017 0.36035153 -0.42260742
v 0.15454096 0.36279294 -0.40112305
v 0.18823236 0.34472653 -0.41772461
v 0.19409174 0.34570310 -0.42163086
v 0.19262689 0.34423825 -0.42309570
v 0.19311517 0.34179685 -0.41967773
v 0.19360346 0.34277341 -0.42114258
v 0.20776361 0.32910153 -0.42553711
v 0.20825189 0.32958981 -0.42797852
v 0.21313471 0.32373044 -0.42456055
v 0.21508783 0.32373044 -0.42456055
v 0.21459955 0.32519528 -0.42309570
v 0.21362299 0.32421872 -0.42358398
v 0.21459955 0.32470700 -0.42602539
v 0.20971674 0.33105466 -0.42895508
v 0.21557611 0.32519528 -0.42553711
v 0.21606439 0.32568356 -0.42456055
v 0.21215814 0.33349606 -0.42602539
v 0.21166986 0.33300778 -0.42358398
v -0.40698239 0.01464838 0.08129892
v -0.40844724 0.01025385 0.07983408
v -0.40502927 0.01318353 0.08178721
v -0.40698239 0.01464838 0.07788096
v -0.40502927 0.01318353 0.07739267
v -0.40014645 0.01611322 0.08325205
v -0.40063474 0.02099603 0.08325205
v -0.40112302 0.02392572 0.07983408
v -0.40795895 0.01562494 0.07934580
v -0.40014645 0.02099603 0.07592783
v -0.39965817 0.01611322 0.07592783
v -0.40600583 0.00878900 0.10473642
v -0.40551755 0.00781244 0.10473642
v -0.40258786 0.00976557 0.10717783
v -0.40405270 0.01269525 0.10717783
v -0.40258786 0.01025385 0.10327158
v -0.39770505 0.01220697 0.10131846
v -0.39672849 0.01220697 0.10815439
v -0.39721677 0.01806635 0.10864267
v -0.40405270 0.01269525 0.10327158
v -0.39868161 0.02197260 0.10473642
v -0.40502927 0.01416010 0.10522471
v -0.39868161 0.01757807 0.10083017
v -0.39379880 0.01171869 0.09985361
v -0.39233395 0.01953119 0.09838877
v -0.38989255 0.02539057 0.10327158
v -0.39135739 0.01171869 0.10815439
v -0.38989255 0.01757807 0.10913096
v -0.38891599 0.01074213 0.10961924
v -0.38793942 0.01757807 0.11157236
v -0.39184567 0.01757807 0.09497080
v -0.39184567 0.01074213 0.09643564
v -0.38452145 0.00585932 0.10180674
v -0.39038083 0.00683588 0.10327158
v -0.38647458 0.01025385 0.09399424
v -0.38745114 0.01806635 0.09252939
v -0.39086911 0.02392572 0.09643564
v -0.38696286 0.02587885 0.09448252
v -0.38647458 0.00781244 0.12329111
v -0.38598630 0.00732416 0.12280283
v -0.38305661 0.00830072 0.12426767
v -0.38403317 0.01074213 0.12475596
v -0.38403317 0.00878900 0.12133799
v -0.38500974 0.01123041 0.12182627
v -0.38061520 0.01025385 0.11889658
v -0.37768552 0.01025385 0.12377939
v -0.37768552 0.01562494 0.12475596
v -0.38110349 0.01660150 0.11889658
v -0.38500974 0.01269525 0.12377939
v -0.37963864 0.02001947 0.12231455
v -0.38305661 0.00976557 0.10961924
v -0.38305661 0.01757807 0.11206064
v -0.37719724 0.00634760 0.09985361
v -0.37622067 0.01025385 0.10766611
v -0.37670895 0.01806635 0.10961924
v -0.38354489 0.02636713 0.11010752
v -0.38793942 0.02441400 0.10961924
v -0.38940427 0.02197260 0.10766611
v -0.37719724 0.02685541 0.10815439
v -0.37573239 0.01855463 0.11499033
v -0.37670895 0.01074213 0.11645517
v -0.37231442 0.01074213 0.12231455
v -0.37182614 0.02343744 0.11889658
v -0.37036130 0.01757807 0.12280283
v -0.37670895 0.01660150 0.11254892
v -0.37622067 0.01025385 0.11401377
v -0.37280270 0.00683588 0.11840830
v -0.36840817 0.00585932 0.11547861
v -0.37280270 0.00976557 0.11010752
v -0.37426755 0.01708978 0.10961924
v -0.37524411 0.02294916 0.11401377
v -0.37231442 0.02441400 0.11108408
v -0.37963864 0.01074213 0.09252939
v -0.38061520 0.01855463 0.09155283
v -0.37084958 0.01025385 0.09838877
v -0.36987302 0.01269525 0.10375986
v -0.37084958 0.01806635 0.10620127
v -0.37280270 0.01318353 0.09301767
v -0.38891599 0.02832025 0.10278330
v -0.38500974 0.03076166 0.10229502
v -0.37915036 0.03222650 0.10083017
v -0.37084958 0.02636713 0.11840830
v -0.36840817 0.02783197 0.11694345
v -0.37084958 0.02539057 0.10473642
v -0.38061520 0.02636713 0.09350596
v -0.37231442 0.02978510 0.09887705
v -0.37280270 0.02539057 0.09350596
v -0.39477536 0.01416010 0.07592783
v -0.39575192 0.01464838 0.08422861
v -0.39331052 0.02343744 0.08471689
v -0.39477536 0.01074213 0.08667002
v -0.39428708 0.00732416 0.08032236
v -0.38793942 0.00585932 0.08081064
v -0.38891599 0.00976557 0.08862314
v -0.38940427 0.01806635 0.09155283
v -0.39428708 0.01757807 0.08862314
v -0.39233395 0.02587885 0.08667002
v -0.38842770 0.02783197 0.08862314
v -0.39282224 0.01074213 0.07397471
v -0.38745114 0.00976557 0.07250986
v -0.39233395 0.02294916 0.07543955
v -0.39135739 0.02539057 0.07348642
v -0.39233395 0.01757807 0.07153330
v -0.38696286 0.01757807 0.06958017
v -0.38696286 0.02734369 0.07202158
v -0.38012692 0.00634760 0.08178721
v -0.38110349 0.01074213 0.08959971
v -0.38208005 0.01904291 0.09155283
v -0.37963864 0.01025385 0.07348642
v -0.37475583 0.01953119 0.09155283
v -0.37573239 0.01953119 0.09057627
v -0.37426755 0.01269525 0.08862314
v -0.37329099 0.00976557 0.08227549
v -0.37280270 0.01269525 0.07592783
v -0.37963864 0.01855463 0.07104502
v -0.37963864 0.02783197 0.07250986
v -0.37329099 0.01855463 0.07348642
v -0.38110349 0.01708978 0.06665049
v -0.38061520 0.01025385 0.06518564
v -0.37622067 0.00976557 0.06860361
v -0.37768552 0.01757807 0.07006846
v -0.37768552 0.00732416 0.06030282
v -0.37280270 0.00585932 0.06274424
v -0.36645505 0.00683588 0.06616220
v -0.36987302 0.01074213 0.07104502
v -0.37231442 0.01806635 0.07202158
v -0.37915036 0.02441400 0.06518564
v -0.37963864 0.02197260 0.06323252
v -0.38110349 0.01367182 0.06225595
v -0.37475583 0.02587885 0.06860361
v -0.36840817 0.02490228 0.07055673
v -0.39184567 0.02636713 0.08032236
v -0.39038083 0.02978510 0.08032236
v -0.38696286 0.03222650 0.08032236
v -0.38159177 0.02832025 0.08959971
v -0.38061520 0.03320307 0.08081064
v -0.37426755 0.02685541 0.08813486
v -0.37329099 0.03076166 0.08129892
v -0.37231442 0.02587885 0.07543955
v -0.37622067 0.02490228 0.05932626
v -0.37524411 0.02734369 0.05981454
v -0.37133786 0.02929682 0.06127939
v -0.38403317 0.01367182 0.06030283
v -0.38452145 0.01953119 0.06030283
v -0.38354489 0.02246088 0.05688486
v -0.39086911 0.00927728 0.05590830
v -0.39038083 0.00878900 0.05639658
v -0.38793942 0.01123041 0.05834970
v -0.38940427 0.01367182 0.05737314
v -0.38696286 0.01074213 0.05493173
v -0.38842770 0.01318353 0.05395517
v -0.38940427 0.01464838 0.05542002
v -0.38159177 0.01318353 0.05493173
v -0.38159177 0.01855463 0.05395517
v -0.37768552 0.01269525 0.05590829
v -0.36938474 0.00878900 0.05639657
v -0.37475583 0.00976557 0.05493173
v -0.37524411 0.02001947 0.05542001
v -0.37280270 0.02294916 0.05395517
v -0.36840817 0.02441400 0.05493173
v -0.36499020 0.00878900 0.12133798
v -0.36987302 0.00976557 0.12329111
v -0.36840817 0.01562494 0.12475595
v -0.36401364 0.01562494 0.12377939
v -0.36889645 0.02148432 0.12377939
v -0.36499020 0.02294916 0.12280282
v -0.36303708 0.00683588 0.11206064
v -0.36694333 0.01025385 0.10717782
v -0.36938474 0.01855463 0.10717783
v -0.36010739 0.01025385 0.11743173
v -0.36743161 0.02392572 0.10864267
v -0.35961911 0.01660150 0.11987314
v -0.36059567 0.02294916 0.11938486
v -0.35522458 0.01757807 0.11596689
v -0.35571286 0.01269525 0.11303720
v -0.35815427 0.00976557 0.10864267
v -0.35668942 0.02343744 0.11596689
v -0.36254880 0.01220697 0.10473642
v -0.36450192 0.00830072 0.09643564
v -0.36157224 0.01074213 0.10278329
v -0.36645505 0.01904291 0.10522470
v -0.36645505 0.00976557 0.09008798
v -0.36743161 0.01855463 0.10571298
v -0.35424802 0.00830072 0.10668954
v -0.35034177 0.01171869 0.11157236
v -0.34887692 0.01806635 0.11450204
v -0.35034177 0.02490228 0.11303720
v -0.34643552 0.00781244 0.10327157
v -0.34301755 0.00976557 0.10913095
v -0.33959958 0.01806638 0.11157236
v -0.33715817 0.00927731 0.10473642
v -0.33862302 0.00732419 0.09838876
v -0.36450192 0.02832025 0.11450204
v -0.36059567 0.02880853 0.11254892
v -0.36254880 0.02587885 0.10424814
v -0.35571286 0.03124994 0.10961923
v -0.35717770 0.02929682 0.10229501
v -0.36547849 0.03027338 0.09741220
v -0.36450192 0.02685541 0.08959970
v -0.35961911 0.03222650 0.09594736
v -0.35961911 0.03076166 0.08911142
v -0.34936520 0.03613275 0.09887704
v -0.35229489 0.03857416 0.09301767
v -0.35278317 0.03808588 0.08813486
v -0.34790036 0.03613275 0.10620126
v -0.33764645 0.02929685 0.10815439
v -0.34399411 0.04589838 0.09643563
v -0.34057614 0.04541013 0.10375985
v -0.33374020 0.04248044 0.10815439
v -0.34692380 0.04785150 0.08667000
v -0.33276364 0.05859371 0.10327157
v -0.33911130 0.06005855 0.09545907
v -0.34204099 0.06103511 0.08667000
v -0.36596677 0.00830072 0.08325204
v -0.36401364 0.01025385 0.07592782
v -0.36889645 0.01806635 0.07348642
v -0.36010739 0.00927728 0.06958017
v -0.36450192 0.01171869 0.07397470
v -0.36938474 0.01855463 0.07299814
v -0.36352536 0.01025385 0.06030282
v -0.35620114 0.00781244 0.07104501
v -0.34838864 0.00781244 0.07397470
v -0.34985349 0.00830072 0.08862314
v -0.35717770 0.01220697 0.06420907
v -0.35180661 0.01123041 0.06518564
v -0.34545895 0.01025385 0.06713876
v -0.35083005 0.01757807 0.06274423
v -0.35717770 0.01708978 0.06176767
v -0.36254880 0.01660150 0.05786142
v -0.34204099 0.01757807 0.06518564
v -0.33862302 0.00976560 0.07153329
v -0.33911130 0.00732419 0.07788095
v -0.35131833 0.02490228 0.06323251
v -0.33715817 0.02929685 0.06665048
v -0.35815427 0.02343744 0.06127939
v -0.33422849 0.01660153 0.07055673
v -0.36596677 0.03173822 0.08178720
v -0.36303708 0.02685541 0.07397470
v -0.36108395 0.03369135 0.08227548
v -0.35375974 0.03955072 0.08325204
v -0.35815427 0.03027338 0.07495126
v -0.35034177 0.03759760 0.07592782
v -0.36157224 0.02929682 0.06567392
v -0.36645505 0.02832025 0.06372079
v -0.35620114 0.03173822 0.06713876
v -0.36352536 0.02343744 0.05883798
v -0.34448239 0.04687494 0.07690438
v -0.33862302 0.06005855 0.07739266
v -0.34790036 0.03710932 0.06909189
v -0.34008786 0.04541013 0.07055672
v -0.33032224 0.05859371 0.07104500
v -0.33227536 0.04248044 0.06713876
v -0.33325192 0.01708981 0.10571298
v -0.33032224 0.01660153 0.09790048
v -0.33325192 0.00927731 0.09790048
v -0.33178708 0.00927731 0.08862314
v -0.33618161 0.00732419 0.08813486
v -0.33129880 0.02783200 0.10424814
v -0.32788083 0.02685544 0.09692392
v -0.32739255 0.01611325 0.08862314
v -0.32299802 0.02539060 0.08862314
v -0.32641599 0.04101560 0.10522470
v -0.32202145 0.04150388 0.09936532
v -0.32299802 0.05664058 0.10375985
v -0.31909177 0.03417966 0.08862314
v -0.32104489 0.03662106 0.09545907
v -0.31860349 0.05566402 0.10083016
v -0.31811520 0.04345700 0.09790047
v -0.31616208 0.04052731 0.09497079
v -0.31469724 0.03906247 0.08911142
v -0.31030270 0.05419917 0.08959968
v -0.31323239 0.05468746 0.09643563
v -0.33374020 0.00927731 0.07885751
v -0.33032224 0.01660153 0.07934579
v -0.33032224 0.02734372 0.07104501
v -0.32641599 0.02636716 0.07934579
v -0.32446286 0.04052731 0.07055673
v -0.31958005 0.04150388 0.07788095
v -0.32055661 0.05615230 0.07250985
v -0.31909177 0.03662106 0.08178720
v -0.31469724 0.04052731 0.08325204
v -0.31127927 0.05419917 0.08227547
v -0.31518552 0.04345700 0.07983407
v -0.31567380 0.05566402 0.07690438
v -0.36791989 0.01611322 0.05346689
v -0.37329099 0.01611322 0.05249032
v -0.39477539 0.26416010 0.04516610
v -0.38208008 0.26757810 0.06225594
v -0.37915039 0.29003903 0.06665047
v -0.39770508 0.28369135 0.04711922
v -0.39965820 0.30175775 0.04467782
v -0.38305664 0.30908200 0.06079109
v -0.36059570 0.31738278 0.06323250
v -0.35815430 0.30468747 0.07153328
v -0.39038086 0.24609371 0.04321298
v -0.38403320 0.22802730 0.04125985
v -0.37573242 0.23095699 0.05590829
v -0.38061523 0.24853511 0.05932625
v -0.36987305 0.25097653 0.06909188
v -0.36743164 0.23291011 0.06420906
v -0.36108398 0.21630855 0.06176766
v -0.36694336 0.21484371 0.05346688
v -0.37475586 0.21191402 0.03979500
v -0.39086914 0.22607417 0.02221688
v -0.38110352 0.20898433 0.02172860
v -0.39672852 0.24365230 0.02270516
v -0.39379883 0.22460933 0.00024423
v -0.38403320 0.20800777 0.00024422
v -0.40014648 0.24267574 0.00024423
v -0.38110352 0.20898433 -0.02172843
v -0.39086914 0.22607417 -0.02221671
v -0.39672852 0.24365230 -0.02270499
v -0.36206055 0.19677730 0.03881844
v -0.36791992 0.19384761 0.02124032
v -0.37084961 0.19238277 0.00024422
v -0.36791992 0.19384761 -0.02124015
v -0.40942383 0.27832025 0.02514657
v -0.41235352 0.27636713 0.00024423
v -0.40747070 0.25927728 0.00024423
v -0.40405273 0.26074213 0.02417001
v -0.40942383 0.27832025 -0.02514640
v -0.40405273 0.26074213 -0.02416984
v -0.41479492 0.29394525 0.00024423
v -0.41186523 0.29638666 0.02417001
v -0.41528320 0.31201166 0.00024422
v -0.41235352 0.31445307 0.02270516
v -0.40063477 0.31982416 0.04174813
v -0.41186523 0.29638666 -0.02416984
v -0.41235352 0.31445307 -0.02270499
v -0.36987305 0.26855466 0.07348641
v -0.32641599 0.08447261 0.10327157
v -0.33374020 0.08544917 0.09594735
v -0.33471677 0.08593746 0.08667000
v -0.31713864 0.08300777 0.10375985
v -0.30981442 0.08056636 0.10522468
v -0.30297849 0.07910152 0.09985359
v -0.30004880 0.07861324 0.09106453
v -0.32250974 0.11035152 0.10815438
v -0.33032224 0.11132808 0.09790047
v -0.33032224 0.11083980 0.08764657
v -0.31713864 0.13476558 0.10913094
v -0.32495114 0.13427730 0.09838875
v -0.32641599 0.13378902 0.08764657
v -0.31079099 0.10839839 0.10961922
v -0.30102536 0.10595699 0.11108406
v -0.30444333 0.13378902 0.11303718
v -0.33129880 0.08496089 0.07788094
v -0.32299802 0.08349605 0.07299813
v -0.31469724 0.08203121 0.07495125
v -0.30688474 0.08056636 0.07592781
v -0.30151364 0.07910152 0.08227547
v -0.32641599 0.11035152 0.07739266
v -0.32153317 0.13330074 0.07788094
v -0.31713864 0.10888667 0.07055672
v -0.30737302 0.10742183 0.07250984
v -0.29809567 0.10546871 0.07397468
v -0.31176755 0.13281246 0.07153328
v -0.30200192 0.13183589 0.07104500
v -0.31567380 0.14306636 0.10766610
v -0.32397458 0.14111324 0.09790047
v -0.32641599 0.14013667 0.08764657
v -0.31762692 0.15087886 0.10766610
v -0.32592770 0.14794917 0.09790047
v -0.32788083 0.14648433 0.08764657
v -0.30346677 0.14404292 0.11206062
v -0.33569333 0.16650386 0.09790047
v -0.32690427 0.17187496 0.10913094
v -0.33618161 0.16259761 0.08569344
v -0.34448239 0.18066402 0.08374032
v -0.34545895 0.18798825 0.09497079
v -0.33666989 0.19628903 0.10620125
v -0.30493161 0.15429683 0.10913093
v -0.31225583 0.17626950 0.11401375
v -0.31811520 0.20214841 0.10961922
v -0.32153317 0.14013667 0.07739266
v -0.32299802 0.14599605 0.07641610
v -0.31127927 0.14062496 0.07153328
v -0.31274411 0.14746089 0.07055672
v -0.33032224 0.15917964 0.07250985
v -0.33862302 0.17480464 0.07397469
v -0.31616211 0.15917964 0.06665047
v -0.33178711 0.17089839 0.06762704
v -0.31909180 0.16894527 0.06420907
v -0.34204102 0.18359371 0.07348641
v -0.33276367 0.17773433 0.06665047
v -0.32055664 0.17431636 0.06323250
v -0.30151364 0.14160152 0.07055672
v -0.30297849 0.14990230 0.07055672
v -0.30590817 0.16113277 0.06860359
v -0.30786133 0.16943355 0.06616218
v -0.30883789 0.17382808 0.06469734
v -0.33569336 0.16894527 0.00024422
v -0.31176758 0.16162105 0.00024422
v -0.30981445 0.16845699 0.03930672
v -0.33227539 0.17431636 0.03491219
v -0.35229492 0.18164058 0.02319344
v -0.35522461 0.17968746 0.00024422
v -0.30981445 0.16845699 -0.03930656
v -0.33227539 0.17431636 -0.03491203
v -0.35229492 0.18164058 -0.02319328
v -0.29125974 0.10302730 0.10424812
v -0.28784177 0.10302730 0.09301765
v -0.29321286 0.13134761 0.11157234
v -0.28442380 0.12499996 0.10522468
v -0.28051755 0.12744136 0.09350593
v -0.28979489 0.10351558 0.08178718
v -0.29125974 0.13085933 0.07397468
v -0.28393552 0.12939449 0.08178718
v -0.29467770 0.14453121 0.11108406
v -0.28149411 0.13134761 0.10620125
v -0.28735349 0.13574214 0.11206062
v -0.28881833 0.14453121 0.11206062
v -0.28295895 0.13916011 0.11108406
v -0.28344724 0.14453121 0.11108406
v -0.27856442 0.13769527 0.10717781
v -0.27807614 0.14404292 0.10668953
v -0.27758786 0.13330074 0.09741218
v -0.27612302 0.13769527 0.10131843
v -0.29467770 0.15673824 0.10815437
v -0.29956052 0.17822263 0.11206062
v -0.28833005 0.15234371 0.10913093
v -0.28344724 0.14941402 0.10961922
v -0.27954099 0.15039058 0.10571297
v -0.28247067 0.15527339 0.10375984
v -0.28588864 0.16064449 0.10229500
v -0.28881833 0.17675778 0.10278328
v -0.28198239 0.15673824 0.09057625
v -0.27856442 0.15234371 0.09594734
v -0.27661130 0.14892574 0.10083015
v -0.28442380 0.17285152 0.09057625
v -0.29028317 0.14257808 0.07250984
v -0.29272458 0.15283199 0.07397468
v -0.28198239 0.14306636 0.07934578
v -0.27905270 0.14257808 0.08715828
v -0.28540036 0.15527339 0.08178718
v -0.29467770 0.16406246 0.07202156
v -0.29614258 0.17187496 0.06958015
v -0.29711914 0.17578121 0.06860359
v -0.32202148 0.17871089 0.06225593
v -0.30981445 0.17626949 0.06372078
v -0.29760742 0.17822261 0.06811531
v -0.28637692 0.16845699 0.08032234
v -0.27612302 0.14306636 0.09350593
v -0.28686520 0.19335935 0.09936531
v -0.28393552 0.18603513 0.08959968
v -0.28686520 0.17822261 0.07836922
v -0.28784177 0.18359371 0.07739265
v -0.27563474 0.14355464 0.10034187
v -0.28588867 0.15820308 0.00024421
v -0.28393555 0.16845699 0.04711922
v -0.32592773 0.17871089 0.05297859
v -0.30932617 0.17431636 0.05542000
v -0.29370117 0.17626949 0.06225593
v -0.25610352 0.15722652 0.00024421
v -0.25610352 0.16894527 0.04614265
v -0.25610352 0.19140621 0.07543953
v -0.28149414 0.18701167 0.07348640
v -0.28393555 0.16845699 -0.04711907
v -0.25610352 0.16894527 -0.04614251
v -0.22290039 0.16064449 0.00024421
v -0.22436522 0.17138667 0.04321295
v -0.22729491 0.19091794 0.07055671
v -0.22436523 0.17138667 -0.04321283
v -0.34985349 0.20898435 0.10229500
v -0.35424802 0.19921872 0.09252938
v -0.35083005 0.18994136 0.08178719
v -0.35961911 0.22412106 0.09741218
v -0.36157224 0.21044919 0.08813485
v -0.36694336 0.22070308 0.08081062
v -0.36596680 0.23632810 0.08959968
v -0.34106442 0.21582028 0.10766609
v -0.35034177 0.23486325 0.10473640
v -0.35815427 0.25097653 0.09790047
v -0.32788083 0.22070310 0.11108406
v -0.33569333 0.24267574 0.11059578
v -0.34252927 0.26220700 0.10424812
v -0.35717773 0.19873042 0.07836922
v -0.34985352 0.19482417 0.06713875
v -0.34692383 0.18945308 0.07055672
v -0.36108398 0.20654292 0.07299813
v -0.33618164 0.18701167 0.06372079
v -0.33422852 0.18310542 0.06616219
v -0.36206055 0.21240230 0.06762704
v -0.35083008 0.19873042 0.06420907
v -0.35083008 0.20166011 0.06079109
v -0.33715820 0.18896480 0.06127938
v -0.36840820 0.22851558 0.07250984
v -0.36840820 0.24609371 0.07885750
v -0.36352539 0.26220700 0.08471687
v -0.30346677 0.20214841 0.10913093
v -0.30444333 0.21728513 0.10717780
v -0.31713864 0.22119138 0.11108406
v -0.31860349 0.24316402 0.11206062
v -0.30297849 0.23535153 0.10961921
v -0.32250977 0.18066402 0.06127937
v -0.34887695 0.27832028 0.09350593
v -0.35375977 0.29101560 0.08178718
v -0.32006833 0.26416013 0.10864265
v -0.32055664 0.28320310 0.10278328
v -0.33227539 0.30224606 0.08764656
v -0.33520508 0.31933591 0.07153328
v -0.30053708 0.25195310 0.10815436
v -0.29614255 0.26757810 0.10522468
v -0.28930664 0.28417966 0.10131843
v -0.31176758 0.30175778 0.09448249
v -0.35522461 0.20019527 0.05249032
v -0.34741211 0.18457027 0.03881844
v -0.34155273 0.18798824 0.05249031
v -0.30981445 0.17724605 0.06274422
v -0.29223630 0.19824216 0.10571297
v -0.29467770 0.21044919 0.10278328
v -0.28686520 0.20214841 0.09692390
v -0.28442380 0.19335935 0.08813484
v -0.29321286 0.22265622 0.10278327
v -0.28784177 0.21044919 0.09545906
v -0.28540036 0.19775388 0.08715828
v -0.28930661 0.23388669 0.10180671
v -0.28686520 0.21777341 0.09399421
v -0.28588864 0.20214841 0.08618172
v -0.28491208 0.20556636 0.08520515
v -0.28344724 0.22412106 0.09301765
v -0.28491208 0.24414060 0.09887702
v -0.29760742 0.17871089 0.06713875
v -0.28930664 0.18798824 0.07641609
v -0.28833008 0.18896480 0.07592781
v -0.27661130 0.20410152 0.08471687
v -0.27416989 0.22460935 0.09252936
v -0.27270508 0.25244138 0.09594733
v -0.25219724 0.21728513 0.08959967
v -0.22778319 0.21435544 0.08569342
v -0.24682616 0.23974606 0.09252936
v -0.22778319 0.23681638 0.09008795
v -0.26538086 0.26806638 0.09448249
v -0.25756836 0.28076169 0.09692390
v -0.27563477 0.29345700 0.09985358
v -0.28930664 0.30957028 0.09399421
v -0.23266600 0.25244138 0.08911139
v -0.24584959 0.26269528 0.08764654
v -0.24877928 0.27001950 0.08715826
v -0.24243163 0.29345700 0.09545904
v -0.25610352 0.30419919 0.09985358
v -0.26635742 0.31738278 0.09838874
v -0.24584959 0.27929685 0.09008795
v -0.12622067 0.00830075 0.14184576
v -0.12475583 0.00732419 0.14184576
v -0.12133786 0.00976560 0.14379889
v -0.12280270 0.01269528 0.14477545
v -0.12182614 0.01025388 0.13989264
v -0.12377927 0.01269528 0.13940436
v -0.12963864 0.01464841 0.12133795
v -0.13208005 0.01025388 0.11987311
v -0.13061520 0.00927731 0.11938483
v -0.12768552 0.01171872 0.12133795
v -0.13061520 0.01464841 0.11645514
v -0.12817380 0.01171872 0.11596686
v -0.12231442 0.01416013 0.12231451
v -0.12329099 0.02099606 0.12231451
v -0.12475583 0.02490231 0.11791998
v -0.13159177 0.01660153 0.11889654
v -0.12426755 0.02099606 0.11352545
v -0.12329099 0.01367185 0.11352545
v -0.10620113 0.00781247 0.15893561
v -0.10522457 0.00732419 0.15844733
v -0.10229488 0.00830075 0.15942389
v -0.10327145 0.01025388 0.16088873
v -0.10327145 0.00878903 0.15698248
v -0.10473630 0.01123044 0.15698248
v -0.09594724 0.01562497 0.15991217
v -0.09692380 0.01025388 0.15844733
v -0.09985349 0.01025388 0.15454108
v -0.10083005 0.01660153 0.15356451
v -0.09887692 0.02099606 0.15795904
v -0.10473630 0.01318356 0.15991217
v -0.09594724 0.01074216 0.15161139
v -0.09204099 0.01025388 0.15649420
v -0.09008786 0.01806638 0.15747076
v -0.09204099 0.02441403 0.15405279
v -0.09643552 0.01904294 0.15014654
v -0.11743161 0.01171872 0.13745123
v -0.11596677 0.01171872 0.14428717
v -0.11596677 0.01806638 0.14526373
v -0.11840817 0.02294919 0.14135748
v -0.12475583 0.01513669 0.14233404
v -0.11840817 0.01757810 0.13696295
v -0.11303708 0.01123044 0.13500983
v -0.11010739 0.01123044 0.14379889
v -0.10913083 0.01757810 0.14477545
v -0.10668942 0.01025388 0.14526373
v -0.10620114 0.01757810 0.14721686
v -0.10913083 0.00683591 0.13891608
v -0.11254880 0.01904294 0.13403326
v -0.11010739 0.02539060 0.13891608
v -0.11157224 0.01757810 0.13061529
v -0.11157224 0.01025388 0.13256842
v -0.10961911 0.00976560 0.12524420
v -0.10961911 0.01806638 0.12817389
v -0.11499020 0.01757810 0.12670904
v -0.11499020 0.01025388 0.12426764
v -0.10375974 0.01757810 0.12719733
v -0.10327145 0.01025388 0.12475592
v -0.11499020 0.00683591 0.11743170
v -0.10961911 0.00585935 0.11743170
v -0.10278317 0.00634763 0.11694342
v -0.10961911 0.02734372 0.12524420
v -0.11401364 0.02539060 0.12475592
v -0.11596677 0.02246091 0.12329108
v -0.11743161 0.01269528 0.12280279
v -0.10424802 0.00585935 0.13696295
v -0.10668942 0.00927731 0.12963873
v -0.10766599 0.01757810 0.12768561
v -0.10668942 0.02587888 0.12963873
v -0.11108395 0.02392575 0.13208014
v -0.10034177 0.01757810 0.14672858
v -0.10131833 0.00927731 0.14428717
v -0.10668942 0.02490231 0.14477545
v -0.10913083 0.02246091 0.14331061
v -0.10180661 0.02734372 0.14428717
v -0.09692380 0.01660153 0.14721686
v -0.09545895 0.00976560 0.14819342
v -0.09741208 0.00683591 0.13452154
v -0.09497067 0.01025388 0.14135748
v -0.09497067 0.01806638 0.14379889
v -0.08764645 0.00585935 0.14868170
v -0.09204099 0.00683591 0.15258795
v -0.09204099 0.00976560 0.14379889
v -0.09350583 0.01708981 0.14282233
v -0.09545895 0.02734372 0.14184576
v -0.09545895 0.02294919 0.14868170
v -0.09204099 0.02539060 0.14477545
v -0.09155270 0.01074216 0.13208014
v -0.08959958 0.01220700 0.13745123
v -0.08959958 0.01904294 0.14038092
v -0.10034177 0.01025388 0.12817389
v -0.10131833 0.01806638 0.12670904
v -0.10083005 0.02587888 0.12817389
v -0.10327145 0.02734372 0.12475592
v -0.09692380 0.01171872 0.12280279
v -0.09838864 0.01806638 0.12573248
v -0.09692380 0.02587888 0.12329108
v -0.09350583 0.01318356 0.12768561
v -0.09594724 0.01855466 0.12622076
v -0.10864255 0.02832028 0.13793951
v -0.10424802 0.03076169 0.13647467
v -0.11352536 0.02978513 0.11694342
v -0.10913083 0.03222653 0.11694342
v -0.10278317 0.03320310 0.11645514
v -0.09838864 0.03124997 0.13452154
v -0.09106442 0.02685544 0.15356451
v -0.08764645 0.02978513 0.15063483
v -0.08959958 0.02539060 0.13793951
v -0.09204099 0.02880856 0.13256842
v -0.09399411 0.02490231 0.12768561
v -0.08569333 0.03027341 0.13012701
v -0.08764645 0.02734372 0.12329108
v -0.08129880 0.01611325 0.15698248
v -0.08666989 0.01562497 0.15893561
v -0.08862302 0.00927731 0.15698248
v -0.08325192 0.00878903 0.15454108
v -0.08276364 0.02441403 0.15600592
v -0.08764645 0.02246091 0.15844733
v -0.07836911 0.01025388 0.15014654
v -0.07739255 0.01708981 0.15258795
v -0.07885739 0.02392575 0.15161139
v -0.08666989 0.01074216 0.14086920
v -0.08227536 0.00732419 0.14477545
v -0.08813474 0.01855466 0.13989264
v -0.08618161 0.02441403 0.14184576
v -0.07739255 0.01074216 0.14135748
v -0.08227536 0.01269528 0.13842779
v -0.08618161 0.01855466 0.13891608
v -0.07397458 0.01269528 0.14526373
v -0.07299802 0.01806638 0.14819342
v -0.08471677 0.00976560 0.12915045
v -0.08178708 0.01074216 0.13500983
v -0.08715817 0.01074216 0.12329108
v -0.07348630 0.00878903 0.13842779
v -0.08520505 0.01904294 0.13842779
v -0.06518552 0.00781247 0.13500983
v -0.07250974 0.00878903 0.12036138
v -0.07446286 0.02441403 0.14819342
v -0.06860349 0.01171872 0.14282233
v -0.06713864 0.01855466 0.14477545
v -0.06176755 0.01074216 0.13940436
v -0.05883786 0.01855466 0.14038092
v -0.05444333 0.01025388 0.13354497
v -0.05786130 0.00732419 0.12915045
v -0.08276364 0.02880856 0.14721686
v -0.07836911 0.02929685 0.14379889
v -0.08178708 0.02587888 0.13696295
v -0.06811520 0.02539060 0.14379889
v -0.07348630 0.03124997 0.14038092
v -0.07641599 0.02929685 0.13305670
v -0.08081052 0.03271481 0.12768561
v -0.08178708 0.03124997 0.12133794
v -0.07055661 0.03662106 0.12915045
v -0.07543942 0.03906247 0.12329107
v -0.07641599 0.03808591 0.11938482
v -0.05786130 0.03027341 0.13989264
v -0.06762692 0.03710935 0.13696295
v -0.06225583 0.04785153 0.13256842
v -0.06518552 0.04687497 0.12524420
v -0.07055661 0.04785153 0.11645512
v -0.05346677 0.04589841 0.13745122
v -0.06420896 0.06591794 0.11206059
v -0.05932615 0.06640622 0.11987309
v -0.05346677 0.06640622 0.12426762
v -0.05053708 0.01757810 0.13500981
v -0.05151365 0.00976560 0.11596685
v -0.05151364 0.01025388 0.12670903
v -0.05737302 0.00732419 0.11743169
v -0.04565427 0.01660153 0.12573247
v -0.04711911 0.02880856 0.13500981
v -0.04077145 0.02685544 0.12524419
v -0.04565427 0.01611325 0.11499029
v -0.04077146 0.02587888 0.11352544
v -0.04565427 0.04345700 0.13012700
v -0.03686521 0.04150388 0.12329107
v -0.04711911 0.06738278 0.12915044
v -0.03881833 0.06591794 0.12524419
v -0.03735349 0.04052731 0.11157232
v -0.03149411 0.06445310 0.11938481
v -0.11694333 0.01220700 0.11206061
v -0.11596677 0.02197263 0.11157233
v -0.10913083 0.00927731 0.10913092
v -0.11450192 0.01025388 0.11010748
v -0.10278317 0.00927731 0.10913092
v -0.11450192 0.01757810 0.10766608
v -0.10961911 0.01708981 0.10571295
v -0.12036131 0.00927731 0.09497076
v -0.11938474 0.00830075 0.09545904
v -0.11645506 0.01123044 0.09692389
v -0.11791990 0.01416013 0.09643561
v -0.11596677 0.01025388 0.09252936
v -0.11743162 0.01318356 0.09204108
v -0.11254881 0.01318356 0.09887701
v -0.11303709 0.01953122 0.09838873
v -0.11254881 0.02294919 0.09399420
v -0.11889646 0.01513669 0.09350592
v -0.10961912 0.02734372 0.10815436
v -0.11401364 0.02539060 0.10961920
v -0.10327145 0.01708981 0.10620123
v -0.10278318 0.02685544 0.10766608
v -0.11059568 0.01220700 0.09106451
v -0.10717771 0.02197263 0.10034186
v -0.10864256 0.01269528 0.10034186
v -0.10522459 0.01171872 0.09155279
v -0.09594724 0.00927731 0.11694342
v -0.09643552 0.01123044 0.11059576
v -0.08813474 0.00927731 0.11645514
v -0.08764645 0.01025388 0.11010748
v -0.09741208 0.01757810 0.10766608
v -0.09350583 0.01708981 0.10815436
v -0.10717771 0.01708981 0.10375983
v -0.10717771 0.01025388 0.10229498
v -0.10180661 0.00927731 0.10473639
v -0.10278317 0.01708981 0.10668951
v -0.10473631 0.00732419 0.09643561
v -0.09936521 0.00585935 0.09838873
v -0.09692380 0.01708981 0.10717779
v -0.09545895 0.01025388 0.10620123
v -0.09252927 0.00683591 0.10034186
v -0.10571287 0.02441403 0.10180670
v -0.10083006 0.02539060 0.10424811
v -0.09399412 0.02441403 0.10522467
v -0.09643552 0.02490231 0.10913092
v -0.09692381 0.00878903 0.09106451
v -0.10229490 0.00976560 0.09057623
v -0.09301755 0.01708981 0.10766608
v -0.09008786 0.01171872 0.10717779
v -0.08569333 0.00878903 0.10229498
v -0.08911131 0.02539060 0.10717779
v -0.09057615 0.01025388 0.09399420
v -0.11450192 0.02783200 0.11743170
v -0.10473631 0.02539060 0.09545904
v -0.11059568 0.01855466 0.09057623
v -0.10375974 0.02001950 0.09106451
v -0.09643552 0.03076169 0.11596686
v -0.08959958 0.03173825 0.11547858
v -0.10327146 0.02783200 0.09545904
v -0.09887693 0.03027341 0.09643561
v -0.10180662 0.02343747 0.08959967
v -0.09643552 0.02441403 0.08959967
v -0.09301756 0.02929685 0.09790045
v -0.08813474 0.03076169 0.09887701
v -0.09106443 0.02392575 0.09204108
v -0.10180662 0.01611325 0.08813483
v -0.09594724 0.01611325 0.08813483
v -0.09057615 0.01660153 0.09155279
v -0.08129880 0.00732419 0.10278326
v -0.07202145 0.00683591 0.10375982
v -0.08422849 0.01171872 0.09643560
v -0.08422849 0.01708981 0.09350591
v -0.07836912 0.01074216 0.09643560
v -0.06958006 0.00976560 0.09741216
v -0.07690427 0.01757810 0.09399419
v -0.06713865 0.01757810 0.09448247
v -0.06079099 0.00927731 0.10083013
v -0.06274411 0.00634763 0.10668951
v -0.08520506 0.02392575 0.09301763
v -0.07788084 0.02539060 0.09399419
v -0.06469724 0.02832028 0.09301763
v -0.05541990 0.00927731 0.10620122
v -0.05688474 0.01611325 0.09741216
v -0.05346677 0.02636716 0.09497076
v -0.08422849 0.03369138 0.11450201
v -0.08227537 0.02929685 0.10766607
v -0.07739255 0.03906247 0.11450201
v -0.07446287 0.03564450 0.10717779
v -0.08276365 0.03271481 0.09887701
v -0.07543943 0.03759763 0.09838872
v -0.06762693 0.04541013 0.10668950
v -0.06127927 0.06445310 0.10327153
v -0.06762693 0.04589841 0.09838872
v -0.05932615 0.04248044 0.09350591
v -0.05883787 0.06445310 0.09594731
v -0.05102537 0.06347653 0.09106450
v -0.04956052 0.04101560 0.09643560
v -0.04956052 0.01513669 0.10424810
v -0.04370115 0.02490231 0.10180669
v -0.03979490 0.03955075 0.10083013
v -0.03198240 0.06201169 0.09692387
v -0.04174802 0.06347653 0.09350590
v -0.02856443 0.06249997 0.10815434
v -0.18872070 0.16894527 0.00024420
v -0.18969725 0.17871091 0.03930670
v -0.20043944 0.19384763 0.06665046
v -0.18969727 0.17871091 -0.03930658
v -0.15258788 0.18261716 0.03198247
v -0.15600586 0.17431638 0.00024420
v -0.15258789 0.18261716 -0.03198237
v -0.12866209 0.17529294 0.11743169
v -0.13745116 0.17480466 0.10180669
v -0.12915038 0.14892575 0.10375982
v -0.12182615 0.14941403 0.11596685
v -0.13745116 0.17431638 0.08569341
v -0.12817381 0.14843747 0.08959966
v -0.12426756 0.13476560 0.10522466
v -0.11791990 0.13623044 0.11645513
v -0.12280271 0.13281247 0.09252935
v -0.13305663 0.17089841 0.07446294
v -0.12719725 0.16796872 0.06860357
v -0.11840819 0.14794919 0.07739263
v -0.11206053 0.13183591 0.08276372
v -0.10571288 0.14697263 0.06909185
v -0.11352538 0.16259763 0.05883794
v -0.12915038 0.18017575 0.05688482
v -0.12084959 0.17382810 0.04907231
v -0.12963867 0.17187497 0.00024419
v -0.12622069 0.17675778 0.02661138
v -0.10766601 0.16650388 0.02465825
v -0.10864257 0.16748044 0.00024419
v -0.12622070 0.17675778 -0.02661128
v -0.10766602 0.16650388 -0.02465815
v -0.20336913 0.21533200 0.08178717
v -0.20581053 0.24023435 0.08618170
v -0.18188475 0.21728513 0.07690435
v -0.17895506 0.19775388 0.06616217
v -0.16772459 0.18896481 0.05053717
v -0.18334959 0.24121091 0.07934576
v -0.23364256 0.28466794 0.07739264
v -0.22875975 0.29394528 0.08276373
v -0.23461913 0.31494138 0.10620123
v -0.24243163 0.29394528 0.09545904
v -0.22583006 0.30810544 0.10131842
v -0.21801756 0.30712888 0.09301764
v -0.23461913 0.27929685 0.07495123
v -0.22973631 0.27490231 0.07495123
v -0.21118163 0.26611325 0.07836920
v -0.22680663 0.29492185 0.06225592
v -0.22827147 0.29101560 0.05737311
v -0.22485350 0.28857419 0.05444342
v -0.22045897 0.30224606 0.07153326
v -0.21118163 0.31201169 0.08227545
v -0.20678709 0.28564450 0.05395513
v -0.18481444 0.26562497 0.07202154
v -0.18432616 0.28417966 0.05444341
v -0.22631836 0.30712888 0.05249029
v -0.23217773 0.30126950 0.04125983
v -0.23168945 0.29980466 0.03784186
v -0.21850584 0.31347653 0.06323248
v -0.20727539 0.29687497 0.03344732
v -0.22729492 0.29882810 0.03442389
v -0.18383789 0.29492185 0.03588872
v -0.19262695 0.30957028 0.05834967
v -0.21411133 0.30468747 0.04516608
v -0.19165039 0.31201169 0.05639654
v -0.18383789 0.29589841 0.03491216
v -0.20727539 0.29882810 0.03149420
v -0.21362305 0.30761716 0.04321295
v -0.17358398 0.30175778 0.01928716
v -0.21020508 0.30664060 0.01684576
v -0.16235350 0.20068356 0.06469733
v -0.16235350 0.21679685 0.06909185
v -0.15502928 0.19189450 0.06713873
v -0.16284178 0.19482419 0.06616217
v -0.16333006 0.19287106 0.06469733
v -0.15551756 0.18994138 0.06518561
v -0.15258788 0.20214841 0.06079107
v -0.15258788 0.21533200 0.06274419
v -0.16333006 0.23974606 0.07202154
v -0.14770506 0.23632810 0.06958013
v -0.13989256 0.19775388 0.09838872
v -0.12866209 0.20068356 0.11108404
v -0.10913084 0.15039060 0.12377935
v -0.11157224 0.17626950 0.12475591
v -0.11059568 0.20214841 0.11743169
v -0.14086913 0.21240231 0.09399419
v -0.12915038 0.22314450 0.10327153
v -0.11108397 0.22851560 0.11303715
v -0.14331053 0.19775388 0.08276373
v -0.14526366 0.20556638 0.07299811
v -0.14526366 0.22705075 0.08129888
v -0.13305663 0.24609372 0.09057622
v -0.11010741 0.25244138 0.09741215
v -0.14770506 0.18749997 0.06811529
v -0.14819334 0.18554685 0.06616217
v -0.14038084 0.17968747 0.06860357
v -0.14038084 0.18164060 0.07055669
v -0.13891600 0.18603513 0.07006841
v -0.14526366 0.19970700 0.06079107
v -0.13500975 0.18212888 0.06225591
v -0.14819334 0.19042966 0.05834966
v -0.14672850 0.21337888 0.06274420
v -0.13793944 0.26953122 0.07055669
v -0.16186522 0.26562497 0.06811529
v -0.16235350 0.28515622 0.05346685
v -0.13403320 0.29101560 0.04858403
v -0.15112303 0.30810544 0.08618169
v -0.14282225 0.29150388 0.07592779
v -0.12768553 0.28808591 0.09497075
v -0.13256834 0.31347653 0.11254887
v -0.14916991 0.31005856 0.08422857
v -0.13012694 0.31494138 0.11108403
v -0.11254881 0.28320310 0.11303715
v -0.11254881 0.30273435 0.12866215
v -0.11010741 0.30371091 0.12670903
v -0.10864257 0.27197263 0.07495122
v -0.10522460 0.28759763 0.05200200
v -0.16381834 0.19384763 0.06030279
v -0.14770506 0.18798825 0.04907232
v -0.10278319 0.16406247 0.04565435
v -0.16821289 0.29296872 0.03930669
v -0.17163084 0.31689450 0.07836919
v -0.13159180 0.29931638 0.02416997
v -0.10327148 0.29394528 0.02563481
v -0.04858396 0.08740231 0.12084965
v -0.03979490 0.08935544 0.12280278
v -0.03149411 0.09082028 0.12475590
v -0.02319334 0.09130856 0.11694340
v -0.09545896 0.29150388 0.14282231
v -0.07641599 0.27587888 0.15551762
v -0.07006834 0.28320310 0.16674809
v -0.08618162 0.31005856 0.16577153
v -0.09741209 0.27587888 0.12915044
v -0.10864256 0.32910153 0.15258794
v -0.09301756 0.29248044 0.14086919
v -0.06420896 0.32714841 0.20239262
v -0.06274412 0.29052731 0.17895512
v -0.05395505 0.29687497 0.19213870
v -0.06176755 0.32812497 0.19995122
v -0.08422849 0.31103513 0.16381840
v -0.10668944 0.33056638 0.15063481
v -0.07934568 0.10205075 0.09497075
v -0.07983396 0.10253903 0.10620122
v -0.09545896 0.11132810 0.10620122
v -0.09741209 0.11181638 0.09350591
v -0.07446287 0.10693356 0.11596684
v -0.09008787 0.11621091 0.11791997
v -0.10278318 0.11962888 0.11401372
v -0.10424802 0.11669919 0.10620122
v -0.10668943 0.11669919 0.09790044
v -0.05590818 0.08544919 0.11547856
v -0.06079099 0.08349606 0.10766606
v -0.05883787 0.08300778 0.09887700
v -0.06323240 0.09863278 0.11401372
v -0.06762693 0.09521481 0.10571294
v -0.06713865 0.09472653 0.09643559
v -0.08618162 0.11425778 0.08227544
v -0.07250974 0.10595700 0.08666997
v -0.06079100 0.09814450 0.08862309
v -0.07885740 0.12402341 0.12426762
v -0.06420896 0.11523435 0.11938481
v -0.05493162 0.10400388 0.11889653
v -0.06274412 0.08984372 0.10668950
v -0.05786131 0.09228513 0.11450200
v -0.05004880 0.09619138 0.12084965
v -0.06127927 0.08984372 0.09741215
v -0.05493162 0.09130856 0.08959965
v -0.07299803 0.11962888 0.07592778
v -0.06225584 0.11132810 0.08178715
v -0.05102537 0.10302731 0.08422856
v -0.10961912 0.12158200 0.11108404
v -0.11303709 0.12499997 0.11254888
v -0.11743162 0.12402341 0.10620122
v -0.11157224 0.12109372 0.10620122
v -0.10620115 0.12548825 0.11743169
v -0.11206052 0.13134763 0.11791997
v -0.11743162 0.12939450 0.11401372
v -0.12133787 0.12792966 0.10620122
v -0.10522459 0.13769528 0.12133794
v -0.09790037 0.12744138 0.12133794
v -0.12084959 0.12646481 0.09790044
v -0.11645506 0.12304685 0.09936529
v -0.11206052 0.12011716 0.10083013
v -0.11157224 0.12158200 0.09350591
v -0.11743162 0.12744138 0.09106451
v -0.09545896 0.15234372 0.12280279
v -0.09350584 0.14160153 0.12182622
v -0.08813474 0.13330075 0.12426763
v -0.10473631 0.12109372 0.08666997
v -0.09399412 0.17626950 0.12475591
v -0.08129881 0.14746091 0.11694340
v -0.08325193 0.15478513 0.11450200
v -0.08081052 0.17529294 0.11352544
v -0.09985350 0.13330075 0.07592779
v -0.09350584 0.12255856 0.07885747
v -0.09545897 0.14501950 0.06274419
v -0.09008788 0.13378903 0.07250982
v -0.09936522 0.15820310 0.05493169
v -0.08129881 0.13623044 0.06762700
v -0.08178709 0.14550778 0.05932622
v -0.08374022 0.15722653 0.05200200
v -0.07543943 0.14160153 0.12182622
v -0.06616209 0.13330075 0.12426762
v -0.05493162 0.12207028 0.12182622
v -0.04809568 0.10742185 0.12036137
v -0.04028318 0.11132810 0.12036137
v -0.06958006 0.15136716 0.10913090
v -0.06372068 0.14794919 0.11206059
v -0.05493162 0.14013669 0.11499028
v -0.04711912 0.12695310 0.11352544
v -0.06958006 0.15722653 0.10913090
v -0.06567381 0.17285153 0.10766606
v -0.05004881 0.14013669 0.09887700
v -0.05639647 0.14794919 0.09741215
v -0.05932615 0.15234372 0.09643559
v -0.05932615 0.15673825 0.09594731
v -0.05590818 0.16796872 0.09399419
v -0.07495115 0.19677731 0.11206059
v -0.06225584 0.19042966 0.10131840
v -0.05102537 0.18115231 0.08911137
v -0.07885741 0.12744138 0.07348637
v -0.08081053 0.13330075 0.07104497
v -0.06811522 0.13818356 0.07153325
v -0.06567381 0.13427731 0.07250981
v -0.05932615 0.12646481 0.07299809
v -0.06762694 0.14160153 0.06860356
v -0.06713866 0.15087888 0.06274419
v -0.05151365 0.11669919 0.07885747
v -0.04956053 0.13574216 0.08227544
v -0.05639647 0.14306638 0.08129887
v -0.05932615 0.14648435 0.08081059
v -0.05932615 0.15039060 0.07983403
v -0.05688475 0.15966794 0.07592778
v -0.06665038 0.16357419 0.05493169
v -0.05346678 0.17138669 0.07006840
v -0.08666991 0.16406247 0.04516606
v -0.09106445 0.16406247 0.02416997
v -0.09399413 0.16601560 0.00024419
v -0.09106445 0.16406247 -0.02416988
v -0.07592773 0.17041013 0.02612309
v -0.07983398 0.16894528 0.00024419
v -0.07592773 0.17041013 -0.02612300
v -0.06713866 0.17236325 0.04809574
v -0.05151366 0.18115231 0.06420903
v -0.05981444 0.18164060 0.03247074
v -0.06811523 0.17431638 0.00024418
v -0.05981445 0.18164060 -0.03247066
v -0.05395506 0.08398435 0.09106450
v -0.04370115 0.08593747 0.08618169
v -0.01977537 0.08691403 0.10424808
v -0.03295896 0.08789060 0.08666997
v -0.02270506 0.08984372 0.09008793
v -0.04077146 0.09960935 0.12377934
v -0.03295896 0.10253903 0.12475590
v -0.02612302 0.10449216 0.12036137
v -0.03295896 0.11376950 0.11450200
v -0.04565428 0.09472653 0.08422856
v -0.04028318 0.10839841 0.08325200
v -0.03442381 0.09912106 0.08227544
v -0.02661131 0.10253903 0.08520512
v -0.03198240 0.11279294 0.08959965
v -0.04321287 0.12402341 0.08666997
v -0.02172849 0.10595700 0.11547855
v -0.01879880 0.09814450 0.11303715
v -0.01635740 0.09521481 0.10327152
v -0.02465818 0.11279294 0.11157230
v -0.01782224 0.10742185 0.10961918
v -0.01635740 0.10253903 0.10913090
v -0.01489256 0.10156247 0.10278324
v -0.02026365 0.11132810 0.10815433
v -0.01586912 0.10791013 0.10229496
v -0.01977537 0.11230466 0.10229496
v -0.01782225 0.09716794 0.09252933
v -0.01586912 0.10205075 0.09643558
v -0.02514646 0.11523435 0.10229496
v -0.01733396 0.10693356 0.09545902
v -0.02026365 0.11083981 0.09643558
v -0.02124021 0.10498044 0.08959965
v -0.02465818 0.11181638 0.09301762
v -0.04223631 0.12792966 0.10034184
v -0.03149412 0.11865231 0.10180669
v -0.04760741 0.19384763 0.08276372
v -0.04614257 0.16748044 0.00024418
v -0.01245117 0.15576169 0.00024418
v -0.00854491 0.16162106 0.02612308
v -0.03930663 0.17431638 0.02954106
v -0.00854492 0.16162106 -0.02612301
v -0.03930664 0.17431638 -0.02954097
v -0.02661132 0.18603513 0.04956058
v -0.00219725 0.17431638 0.04760746
v 0.04125978 0.15136716 0.04370121
v 0.03540040 0.13964841 0.02368167
v 0.03149415 0.13330075 0.00024417
v 0.03540039 0.13964841 -0.02368161
v -0.09106443 0.20166013 0.12182622
v -0.08764647 0.22705075 0.11596684
v -0.08471678 0.24853513 0.09887699
v -0.06958006 0.21826169 0.10668949
v -0.05737303 0.20654294 0.09497075
v -0.06420897 0.23681638 0.09399418
v -0.05053709 0.22070310 0.08666996
v -0.08081053 0.26708981 0.07885746
v -0.07836913 0.27880856 0.05444340
v -0.05834960 0.25195310 0.07788090
v -0.04516600 0.23144528 0.07348637
v -0.05493163 0.26269528 0.05639652
v -0.07739257 0.28417966 0.02661137
v -0.07299805 0.29541013 0.00024418
v -0.10083008 0.30371091 0.00024418
v -0.13012695 0.30664060 0.00024419
v -0.05297851 0.27343747 0.02807621
v -0.04956055 0.28515622 0.00024418
v -0.10327148 0.29394528 -0.02563472
v -0.07739258 0.28417966 -0.02661129
v -0.05297852 0.27343747 -0.02807613
v -0.04467772 0.20263669 0.07690434
v -0.04174804 0.21093747 0.06909184
v -0.05004882 0.18994138 0.05786137
v -0.04467772 0.19384763 0.05102543
v -0.03491210 0.21289060 0.06372075
v -0.03540038 0.23876950 0.06127933
v -0.00512694 0.20166013 0.06079105
v 0.00024415 0.22460935 0.05395511
v 0.04956056 0.17187497 0.05444339
v 0.05493165 0.19580075 0.04565432
v -0.03051757 0.26367185 0.02954105
v 0.00219727 0.24951169 0.02905277
v -0.02905273 0.27490231 0.00024418
v -0.03051758 0.26367185 -0.02954098
v -0.01342773 0.26660153 0.00024417
v 0.00219726 0.24951169 -0.02905270
v 0.01293946 0.26171872 0.00659183
v -0.00024414 0.26757810 0.00024417
v -0.41284180 0.33056635 0.00024422
v -0.41040039 0.33300775 0.02075204
v -0.40063477 0.33789057 0.03881844
v -0.41040039 0.33300775 -0.02075187
v -0.40844727 0.34960932 0.00024422
v -0.40600586 0.35205072 0.01879891
v -0.39624023 0.35498041 0.03442391
v -0.40600586 0.35205072 -0.01879875
v -0.39916992 0.37207025 0.01635750
v -0.40209961 0.37109369 0.00024422
v -0.39916992 0.37207025 -0.01635734
v -0.38354492 0.32617182 0.05444344
v -0.38208008 0.34130856 0.04711922
v -0.36206055 0.33105466 0.05542000
v -0.36352539 0.34667966 0.05249031
v -0.38110352 0.35791013 0.04370125
v -0.37915039 0.37646478 0.04174812
v -0.39135742 0.37402338 0.03100594
v -0.36450195 0.36279291 0.05102547
v -0.36303711 0.37939447 0.04516609
v -0.38745117 0.39501947 0.02758797
v -0.37475586 0.39599603 0.03588875
v -0.36108398 0.39794916 0.04223640
v -0.39624023 0.39306635 0.00024422
v -0.39428711 0.39404291 0.01489266
v -0.39428711 0.39404291 -0.01489250
v -0.39184570 0.41162103 0.00024422
v -0.39086914 0.41162103 0.01342781
v -0.38354492 0.41259760 0.02465828
v -0.39086914 0.41162103 -0.01342766
v -0.39233398 0.42431635 0.00024422
v -0.38940430 0.42480463 0.01245125
v -0.38354492 0.42626947 0.02368172
v -0.38940430 0.42480463 -0.01245110
v -0.37231445 0.41406244 0.03295906
v -0.37231445 0.42919916 0.03149421
v -0.48510742 0.43945307 0.01684579
v -0.48803711 0.43749994 0.01196298
v -0.48608398 0.43310541 0.01147470
v -0.48364258 0.43505853 0.01684579
v -0.48803711 0.44042963 0.01098642
v -0.48510742 0.44238275 0.01538095
v -0.47924805 0.43749994 0.02075204
v -0.48022461 0.44140619 0.02075204
v -0.48022461 0.44433588 0.01977548
v -0.49291992 0.44580072 0.01635751
v -0.49096680 0.44238275 0.01635751
v -0.48657227 0.44531244 0.02124032
v -0.48852539 0.44921869 0.02124032
v -0.48999023 0.45312494 0.02026376
v -0.49389648 0.44970697 0.01586923
v -0.49340820 0.43945307 0.01147470
v -0.49536133 0.44335932 0.01147470
v -0.49584961 0.44775385 0.01293954
v -0.48999023 0.45458978 0.01977548
v -0.49389648 0.45068353 0.01538095
v -0.49487305 0.44970697 0.01342782
v -0.48950195 0.44091791 0.01586923
v -0.48510742 0.44335932 0.02026376
v -0.49194336 0.43847650 0.01147470
v -0.48999023 0.43847650 0.01049813
v -0.48754883 0.44042963 0.01489267
v -0.48364258 0.44287103 0.01879892
v -0.48120117 0.44677728 0.02514657
v -0.47973633 0.44482416 0.02417001
v -0.47875977 0.44384760 0.02270517
v -0.48315430 0.45214838 0.02563485
v -0.48510742 0.45800775 0.02417001
v -0.49340820 0.45166010 0.01538095
v -0.49047852 0.45507807 0.01977548
v -0.49389648 0.45214838 0.01538095
v -0.49340820 0.45361322 0.01538095
v -0.49096680 0.45605463 0.01928720
v -0.48608398 0.45898432 0.02417001
v -0.48754883 0.46044916 0.02368173
v -0.49438477 0.43701166 0.00708017
v -0.49291992 0.43603510 0.00708017
v -0.49682617 0.44140619 0.00708017
v -0.49291992 0.43408197 0.00317392
v -0.49438477 0.43505853 0.00317392
v -0.49731445 0.43994135 0.00024423
v -0.49096680 0.43603510 0.00708017
v -0.49145508 0.43408197 0.00317392
v -0.49438477 0.43408197 0.00024423
v -0.49291992 0.43310541 0.00024423
v -0.49291992 0.43408197 -0.00317374
v -0.49438477 0.43505853 -0.00317374
v -0.49145508 0.43359369 0.00024423
v -0.49145508 0.43408197 -0.00317374
v -0.48901367 0.43847650 0.00610360
v -0.48803711 0.43994135 0.00952157
v -0.48559570 0.44189447 0.01293954
v -0.48754883 0.43164057 0.00561532
v -0.48999023 0.43603510 0.00561532
v -0.48950195 0.43847650 0.00561532
v -0.48071289 0.43212885 0.01586923
v -0.48315430 0.42968744 0.01098642
v -0.48364258 0.42871088 0.00561532
v -0.48999023 0.43505853 0.00024423
v -0.48754883 0.43115228 0.00024423
v -0.48364258 0.42822260 0.00024423
v -0.48999023 0.43603510 -0.00561515
v -0.48754883 0.43164057 -0.00561515
v -0.48364258 0.42871088 -0.00561515
v -0.48950195 0.43701166 0.00268563
v -0.48803711 0.44335932 0.00024423
v -0.48706055 0.44482416 0.00610360
v -0.48999023 0.43798822 0.00024423
v -0.48461914 0.44287103 0.01147470
v -0.48706055 0.44042963 0.00512704
v -0.48754883 0.43994135 0.00024423
v -0.48950195 0.43652338 0.00024423
v -0.48950195 0.43701166 -0.00268546
v -0.48950195 0.43847650 -0.00561515
v -0.48706055 0.44042963 -0.00512687
v -0.49682617 0.44775385 0.01245126
v -0.49877930 0.44726557 0.00756845
v -0.49633789 0.45361322 0.01538095
v -0.49780273 0.45410150 0.01391610
v -0.49584961 0.44873041 0.01342782
v -0.49926758 0.45410150 0.00805673
v -0.49633789 0.45947260 0.01733407
v -0.49780273 0.45996088 0.01489267
v -0.49926758 0.46044916 0.00854501
v -0.49536133 0.45019525 0.01342782
v -0.49536133 0.45263666 0.01489267
v -0.49487305 0.45410150 0.01538095
v -0.49487305 0.45556635 0.01635751
v -0.49438477 0.45849603 0.01782235
v -0.49975586 0.44726557 0.00024423
v -0.49975586 0.45410150 0.00024423
v -0.49975586 0.46093744 0.00024423
v -0.49438477 0.45019525 0.01342782
v -0.49438477 0.45068353 0.01342782
v -0.49438477 0.45214838 0.01440439
v -0.49389648 0.45361322 0.01489267
v -0.49291992 0.45507807 0.01489267
v -0.49340820 0.45556635 0.01489267
v -0.49340820 0.45654291 0.01538095
v -0.49291992 0.45556635 0.01538095
v -0.49145508 0.45703119 0.01879892
v -0.49194336 0.45751947 0.01440438
v -0.49194336 0.45703119 0.01489267
v -0.49438477 0.43701166 -0.00707999
v -0.49682617 0.44140619 -0.00707999
v -0.49877930 0.44726557 -0.00756827
v -0.49926758 0.45410150 -0.00805655
v -0.49926758 0.46044916 -0.00854483
v -0.48217773 0.44384760 0.01684579
v -0.47924805 0.44531244 0.01684579
v -0.48461914 0.44677728 0.01098641
v -0.48071289 0.44824213 0.01489266
v -0.47680664 0.44287103 0.01342782
v -0.48071289 0.44140619 0.00952157
v -0.48266602 0.43994135 0.00463876
v -0.47631836 0.45556635 0.01049813
v -0.48364258 0.45166010 0.00659188
v -0.48315430 0.43945307 0.00024423
v -0.48315430 0.45361322 0.00024423
v -0.48266602 0.43994135 -0.00463858
v -0.48901367 0.43847650 -0.00610343
v -0.48706055 0.44482416 -0.00610343
v -0.48364258 0.45166010 -0.00659171
v -0.47729492 0.43408197 0.01977548
v -0.47485352 0.43212885 0.01782235
v -0.47827148 0.43066400 0.01440438
v -0.47973633 0.42919916 0.01000985
v -0.47143555 0.43994135 0.02465829
v -0.46997070 0.43652338 0.02319345
v -0.46850586 0.43457025 0.02075204
v -0.47241211 0.44287103 0.02465829
v -0.47485352 0.43115228 0.01196298
v -0.46752930 0.43408197 0.01538095
v -0.45727539 0.43749994 0.02368172
v -0.45825195 0.44042963 0.02563485
v -0.46020508 0.44433588 0.02758797
v -0.47827148 0.45458978 0.02905282
v -0.47583008 0.44677728 0.02807626
v -0.47485352 0.44482416 0.02709970
v -0.47387695 0.44384760 0.02514657
v -0.47924805 0.46337885 0.02709970
v -0.47290039 0.44726557 0.02954110
v -0.47583008 0.45556635 0.03051766
v -0.47729492 0.46337885 0.02856454
v -0.47729492 0.44482416 0.02026376
v -0.47631836 0.44873041 0.01782235
v -0.47290039 0.44580072 0.02319345
v -0.47290039 0.44482416 0.02270516
v -0.47192383 0.44677728 0.02026376
v -0.47241211 0.44921869 0.01977547
v -0.46997070 0.44482416 0.01684579
v -0.47143555 0.44482416 0.02807626
v -0.46899414 0.44677728 0.02905282
v -0.46997070 0.44873041 0.03002938
v -0.47338867 0.45703119 0.03100594
v -0.47045898 0.44433588 0.02612313
v -0.46997070 0.44531244 0.02368173
v -0.46801758 0.44580072 0.02709970
v -0.46411133 0.45312494 0.03149422
v -0.46313477 0.45068353 0.03051766
v -0.46215820 0.45019525 0.02856454
v -0.46118164 0.44775385 0.02807626
v -0.46215820 0.45068353 0.02661141
v -0.46704102 0.44677728 0.02465829
v -0.46850586 0.45019525 0.02124032
v -0.46704102 0.46044916 0.03149422
v -0.46166992 0.45166010 0.02368172
v -0.45922852 0.44921869 0.01977547
v -0.45532227 0.44482416 0.01196297
v -0.47094727 0.43994135 0.00805673
v -0.46850586 0.45849603 0.01342782
v -0.48022461 0.42822260 0.00512704
v -0.47680664 0.43017572 0.00512704
v -0.48022461 0.42773432 0.00024423
v -0.48022461 0.42822260 -0.00512687
v -0.47680664 0.43017572 0.00024423
v -0.46704102 0.43603510 0.00756844
v -0.46655273 0.43408197 0.00024423
v -0.47680664 0.43017572 -0.00512687
v -0.46704102 0.43603510 -0.00756827
v -0.46997070 0.43945307 0.00024423
v -0.47094727 0.43994135 -0.00805656
v -0.45385742 0.44384760 0.00024422
v -0.45532227 0.44482416 -0.01196281
v -0.47875977 0.44189447 0.00317391
v -0.47729492 0.44091791 0.00268563
v -0.47338867 0.44238275 0.00512704
v -0.47436523 0.44384760 0.00610360
v -0.47485352 0.44531244 0.00512704
v -0.47875977 0.44335932 0.00268563
v -0.47924805 0.44335932 -0.00024405
v -0.47973633 0.44140619 -0.00024405
v -0.47827148 0.44042963 -0.00024405
v -0.47583008 0.44628900 -0.00024405
v -0.47290039 0.44091791 -0.00024406
v -0.47436523 0.45898432 0.00024423
v -0.47631836 0.45556635 -0.01049796
v -0.46704102 0.44677728 0.00903329
v -0.46606445 0.44482416 0.00756844
v -0.46557617 0.44287103 -0.00024406
v -0.46801758 0.44873041 0.00756844
v -0.46899414 0.45019525 -0.00024406
v -0.49291992 0.46337885 0.01879892
v -0.49487305 0.46484369 0.01831063
v -0.49633789 0.46582025 0.01538095
v -0.49291992 0.45800775 0.01635751
v -0.49096680 0.46240228 0.01684579
v -0.48950195 0.46142572 0.01440438
v -0.49194336 0.45800775 0.01489267
v -0.49047852 0.46777338 0.01977548
v -0.49243164 0.46972650 0.01879892
v -0.49291992 0.47119135 0.01538095
v -0.48852539 0.46582025 0.01733407
v -0.48803711 0.47021478 0.02026376
v -0.48901367 0.47265619 0.01977548
v -0.48803711 0.47509760 0.01635751
v -0.48364258 0.46533197 0.02612313
v -0.48120117 0.46435541 0.02709970
v -0.48510742 0.46630853 0.02417001
v -0.48803711 0.46191400 0.02221688
v -0.48754883 0.46289057 0.01977548
v -0.48510742 0.46630853 0.02026376
v -0.48266602 0.46874994 0.02612313
v -0.48413086 0.46826166 0.02417001
v -0.48413086 0.46728510 0.02026376
v -0.49047852 0.45898432 0.01733407
v -0.48559570 0.46337885 0.01586923
v -0.48901367 0.45996088 0.01538095
v -0.48657227 0.46484369 0.01440438
v -0.48364258 0.46582025 0.01684579
v -0.48657227 0.46777338 0.01831063
v -0.48510742 0.46679682 0.01538095
v -0.48510742 0.46874994 0.01879891
v -0.48657227 0.47070307 0.02124032
v -0.48657227 0.47363275 0.02172860
v -0.48461914 0.46874994 0.01928720
v -0.48510742 0.47070307 0.02221688
v -0.48461914 0.47314447 0.02319345
v -0.48461914 0.46972650 0.02319345
v -0.48413086 0.46826166 0.01977548
v -0.48315430 0.47119135 0.02465829
v -0.48901367 0.46044916 0.01440438
v -0.48559570 0.46435541 0.01440438
v -0.48364258 0.46679682 0.01635751
v -0.48413086 0.46728510 0.01586923
v -0.48413086 0.47607416 0.01928720
v -0.48120117 0.47509760 0.02172860
v -0.47973633 0.47216791 0.02417001
v -0.49291992 0.47265619 0.00952157
v -0.48657227 0.47705072 0.01000985
v -0.49731445 0.46679682 0.00903329
v -0.49780273 0.46728510 0.00024423
v -0.49291992 0.47314447 0.00024423
v -0.49731445 0.46679682 -0.00903312
v -0.49291992 0.47265619 -0.00952140
v -0.48754883 0.47705072 0.00024423
v -0.48657227 0.47705072 -0.01000968
v -0.48461914 0.47753900 0.01000985
v -0.48559570 0.47753900 0.00024423
v -0.48168945 0.47705072 0.01635751
v -0.47973633 0.47851557 0.01684579
v -0.48266602 0.47949213 0.01000985
v -0.48364258 0.47949213 0.00024423
v -0.48461914 0.47753900 -0.01000968
v -0.48266602 0.47949213 -0.01000968
v -0.47973633 0.46826166 0.02612313
v -0.47729492 0.46777338 0.02563485
v -0.47534180 0.46679682 0.02807626
v -0.47680664 0.47265619 0.02221688
v -0.47534180 0.47314447 0.02221688
v -0.47045898 0.46923822 0.02856454
v -0.47143555 0.47509760 0.02172860
v -0.45825195 0.46484369 0.03295907
v -0.46215820 0.47363275 0.03002938
v -0.46362305 0.47900385 0.02221688
v -0.47827148 0.47558588 0.01977548
v -0.47680664 0.47656244 0.02026376
v -0.47338867 0.47802728 0.02026376
v -0.47534180 0.48046869 0.01782235
v -0.47729492 0.48242182 0.01000985
v -0.46704102 0.48437494 0.01928719
v -0.46557617 0.48193353 0.02124032
v -0.46899414 0.48730463 0.01098641
v -0.46655273 0.46240228 0.00024422
v -0.46850586 0.45849603 -0.01342765
v -0.47778320 0.48242182 0.00024423
v -0.46948242 0.48828119 0.00024422
v -0.47729492 0.48242182 -0.01000968
v -0.46899414 0.48730463 -0.01098625
v -0.45434570 0.45605463 0.03198250
v -0.45581055 0.45800775 0.03295907
v -0.44702148 0.45898432 0.03393563
v -0.44799805 0.46142572 0.03491219
v -0.44995117 0.46826166 0.03540047
v -0.44604492 0.45800775 0.03198250
v -0.45336914 0.45507807 0.03051766
v -0.45239258 0.47802728 0.03198250
v -0.44067383 0.46289057 0.03735360
v -0.44018555 0.46093744 0.03637703
v -0.43920898 0.45996088 0.03442391
v -0.45336914 0.45556635 0.02709969
v -0.44555664 0.45898432 0.02905281
v -0.43872070 0.46093744 0.03100594
v -0.44116211 0.46972650 0.03833016
v -0.44116211 0.47509760 0.03881844
v -0.43237305 0.47021478 0.04370125
v -0.43432617 0.46337885 0.04028328
v -0.43530273 0.46142572 0.03881844
v -0.43530273 0.46044916 0.03686531
v -0.43920898 0.45703119 0.03491219
v -0.45043945 0.45361322 0.03100594
v -0.44848633 0.44921869 0.02954110
v -0.43725586 0.45312494 0.03393563
v -0.43969727 0.45947260 0.03393563
v -0.45092773 0.45605463 0.03002938
v -0.43383789 0.45898432 0.03833016
v -0.42944336 0.45556635 0.03833016
v -0.44848633 0.45800775 0.02661141
v -0.43823242 0.46142572 0.03002938
v -0.43334961 0.46240228 0.03198250
v -0.43383789 0.46240228 0.03247078
v -0.43286133 0.47558588 0.04467781
v -0.44018555 0.47998041 0.03833016
v -0.44506836 0.48291010 0.03295907
v -0.45532227 0.48339838 0.02368172
v -0.44653320 0.48730463 0.02758797
v -0.45141602 0.48486322 0.02465829
v -0.43334961 0.48046869 0.04370125
v -0.43872070 0.48339838 0.03784188
v -0.44262695 0.48535150 0.03295907
v -0.44458008 0.48828119 0.02856453
v -0.43872070 0.48486322 0.03833016
v -0.44213867 0.48681635 0.03344735
v -0.44360352 0.48876947 0.02954110
v -0.43334961 0.48339838 0.04223641
v -0.43383789 0.48486322 0.04223641
v -0.44067383 0.48779291 0.03344735
v -0.43774414 0.48632807 0.03735359
v -0.43383789 0.48632807 0.04125984
v -0.43872070 0.48779291 0.03247078
v -0.43579102 0.48632807 0.03540047
v -0.43188477 0.48632807 0.03833016
v -0.45629883 0.43652338 0.01782235
v -0.44702148 0.44433588 0.02758797
v -0.44555664 0.44091791 0.02563485
v -0.44458008 0.43994135 0.01977547
v -0.45629883 0.43896478 0.00903329
v -0.44458008 0.44287103 0.01049813
v -0.46166992 0.45068353 0.02563485
v -0.46118164 0.45458978 0.02270516
v -0.45288086 0.45898432 0.02417000
v -0.44506836 0.45556635 0.02319344
v -0.43432617 0.45214838 0.01586922
v -0.45629883 0.43701166 0.00024422
v -0.45629883 0.43896478 -0.00903312
v -0.44409180 0.43994135 0.00024422
v -0.44458008 0.44287103 -0.01049796
v -0.45825195 0.45361322 0.00952157
v -0.45727539 0.45117182 0.01196297
v -0.45629883 0.44824213 0.00952157
v -0.45092773 0.44726557 0.00024422
v -0.45922852 0.45556635 -0.00024406
v -0.43188477 0.45117182 0.00024422
v -0.44653320 0.45166010 0.01098641
v -0.44702148 0.45507807 0.01391610
v -0.44750977 0.45800775 0.01098641
v -0.44848633 0.46044916 -0.00024406
v -0.43432617 0.45214838 -0.01586906
v -0.43530273 0.44775385 0.03149422
v -0.43383789 0.44384760 0.02905282
v -0.43237305 0.44335932 0.02172860
v -0.43188477 0.44628900 0.01196297
v -0.43530273 0.45458978 0.01245125
v -0.43530273 0.45800775 0.01538094
v -0.43530273 0.46191400 0.01245125
v -0.43579102 0.45117182 0.00024422
v -0.46606445 0.44482416 -0.00756828
v -0.45629883 0.44824213 -0.00952140
v -0.43530273 0.45458978 -0.01245109
v -0.44653320 0.45166010 -0.01098625
v -0.43139648 0.44287103 0.00024422
v -0.43188477 0.44628900 -0.01196281
v -0.44506836 0.46240228 0.02563485
v -0.45727539 0.48583978 0.02319344
v -0.45922852 0.48828119 0.02124032
v -0.46020508 0.49169916 0.01635750
v -0.45434570 0.48730463 0.02465829
v -0.45678711 0.48974603 0.02319344
v -0.45141602 0.46923822 0.00024422
v -0.45288086 0.46582025 0.01586922
v -0.45288086 0.46582025 -0.01586906
v -0.43774414 0.46484369 0.02758797
v -0.43530273 0.45947260 0.02612313
v -0.43237305 0.47802728 0.00024422
v -0.43383789 0.47412103 0.01831063
v -0.43188477 0.46679682 0.02954109
v -0.42700195 0.46191400 0.02905281
v -0.42163086 0.47802728 0.02026375
v -0.45288086 0.48925775 0.02856454
v -0.43530273 0.46484369 -0.00024406
v -0.43383789 0.47412103 -0.01831047
v -0.45971680 0.49462885 0.00024422
v -0.46069336 0.49414057 0.00805672
v -0.46069336 0.49414057 -0.00805656
v -0.45190430 0.49414057 0.03295907
v -0.44702148 0.49267572 0.03344735
v -0.44506836 0.49755853 0.03784188
v -0.44848633 0.50048822 0.03784188
v -0.44995117 0.50341791 0.03491219
v -0.45434570 0.49707025 0.03002938
v -0.45581055 0.49218744 0.02612313
v -0.44409180 0.49267572 0.03247079
v -0.44262695 0.49658197 0.03637704
v -0.43969727 0.50097650 0.04174813
v -0.44165039 0.50439447 0.04272469
v -0.44165039 0.50878900 0.04077157
v -0.44018555 0.48974603 0.03491219
v -0.43823242 0.48730463 0.03637703
v -0.43823242 0.48974603 0.03930672
v -0.43920898 0.49072260 0.03833016
v -0.43530273 0.48632807 0.03833016
v -0.43676758 0.48925775 0.04028328
v -0.44018555 0.49609369 0.03491219
v -0.43920898 0.49462885 0.03833016
v -0.43823242 0.49560541 0.03930672
v -0.43823242 0.49853510 0.03686531
v -0.43579102 0.49951166 0.03881844
v -0.43725586 0.49609369 0.04028328
v -0.43823242 0.49951166 0.04028328
v -0.43334961 0.50585932 0.04711922
v -0.43334961 0.50146478 0.04516609
v -0.43237305 0.49999994 0.04272469
v -0.43823242 0.49853510 0.04028328
v -0.44213867 0.49609369 0.03686532
v -0.44067383 0.49511713 0.03637704
v -0.43725586 0.49755853 0.03930672
v -0.43286133 0.49902338 0.04272469
v -0.43237305 0.49853510 0.04125984
v -0.44213867 0.48925775 0.03051766
v -0.44360352 0.49218744 0.03295907
v -0.44213867 0.49218744 0.03295907
v -0.44018555 0.49267572 0.03149422
v -0.43920898 0.49609369 0.03393563
v -0.44018555 0.48974603 0.03100594
v -0.43920898 0.48876947 0.03149422
v -0.43676758 0.48535150 0.03344734
v -0.43383789 0.48437494 0.03637703
v -0.43969727 0.49267572 0.03784188
v -0.44067383 0.49267572 0.03442391
v -0.44018555 0.49267572 0.03100594
v -0.43823242 0.49316400 0.02807625
v -0.43725586 0.48828119 0.02856453
v -0.43481445 0.48535150 0.03051766
v -0.43920898 0.49707025 0.03198250
v -0.43579102 0.49853510 0.03686531
v -0.43725586 0.49999994 0.03393563
v -0.43383789 0.50146478 0.03686531
v -0.43774414 0.49755853 0.02905281
v -0.43530273 0.50097650 0.03100594
v -0.43774414 0.51416010 0.03247078
v -0.44750977 0.50781244 0.02612313
v -0.45336914 0.50097650 0.02172860
v -0.43237305 0.51025385 0.04614266
v -0.42797852 0.51806635 0.03930672
v -0.42407227 0.52832025 0.01342781
v -0.44213867 0.51464838 0.01391609
v -0.42211914 0.52783197 0.02807625
v -0.45678711 0.49365228 0.01733406
v -0.45581055 0.49658197 0.01928719
v -0.45581055 0.49755853 0.00854500
v -0.45483398 0.50097650 0.00952157
v -0.45190430 0.50488275 0.01098641
v -0.45336914 0.49902338 0.00024422
v -0.45190430 0.50244135 0.00024422
v -0.44897461 0.50585932 0.00024422
v -0.45581055 0.49755853 -0.00854484
v -0.45483398 0.50097650 -0.00952140
v -0.43920898 0.51269525 0.00024422
v -0.45190430 0.50488275 -0.01098625
v -0.44213867 0.51464838 -0.01391594
v -0.42309570 0.52587885 0.00024422
v -0.42407227 0.52832025 -0.01342766
v -0.42504883 0.44482416 0.03247078
v -0.42651367 0.44824213 0.03540047
v -0.41674805 0.44824213 0.04028328
v -0.41479492 0.44433588 0.03686531
v -0.42309570 0.44433588 0.02465828
v -0.41186523 0.44482416 0.02856453
v -0.42016602 0.45654291 0.04321297
v -0.40698242 0.45068353 0.04516609
v -0.41137695 0.45947260 0.04760750
v -0.40454102 0.44726557 0.04223640
v -0.40063477 0.44775385 0.03393562
v -0.39477539 0.45263666 0.04663093
v -0.39770508 0.45605463 0.04956062
v -0.40209961 0.46435541 0.05151375
v -0.42602539 0.48437494 0.04760750
v -0.42358398 0.47998041 0.05151375
v -0.42749023 0.48681635 0.04467781
v -0.42456055 0.49218744 0.04467781
v -0.42114258 0.49072260 0.04858406
v -0.41381836 0.48730463 0.05444344
v -0.42065430 0.47509760 0.05249031
v -0.41088867 0.48095697 0.05639656
v -0.43286133 0.46044916 0.03979500
v -0.42993164 0.46142572 0.04174813
v -0.42456055 0.46386713 0.04516609
v -0.41625977 0.46777338 0.05053719
v -0.42456055 0.46630853 0.03149422
v -0.43237305 0.46240228 0.03247078
v -0.42749023 0.46728510 0.03100594
v -0.42456055 0.46386713 0.03051766
v -0.41088867 0.46484369 0.02026375
v -0.41088867 0.47216791 0.02075203
v -0.41528320 0.47656244 0.02075203
v -0.42895508 0.48828119 0.04418953
v -0.42944336 0.48925775 0.04272469
v -0.42846680 0.48876947 0.04028328
v -0.43041992 0.48535150 0.03881844
v -0.43286133 0.48730463 0.04077156
v -0.43579102 0.48974603 0.04125984
v -0.42797852 0.48535150 0.03637703
v -0.43139648 0.48388666 0.03344734
v -0.43139648 0.48974603 0.04223641
v -0.42797852 0.48876947 0.04125984
v -0.42553711 0.48828119 0.03881844
v -0.40698242 0.47314447 0.05444343
v -0.39721680 0.47851557 0.05493172
v -0.40112305 0.48681635 0.05639656
v -0.40307617 0.49316400 0.05493172
v -0.39282227 0.46972650 0.05395515
v -0.42163086 0.44726557 0.01293953
v -0.41625977 0.45898432 0.01928719
v -0.41235352 0.45849603 0.00024422
v -0.40991211 0.44775385 0.01489266
v -0.42163086 0.44384760 0.00024422
v -0.42260742 0.45947260 0.01684578
v -0.42358398 0.45556635 0.01342781
v -0.42163086 0.45214838 -0.00024406
v -0.42163086 0.44726557 -0.01293937
v -0.42358398 0.45556635 -0.01342766
v -0.41625977 0.45898432 -0.01928703
v -0.39819336 0.45117182 0.02563484
v -0.41674805 0.45410150 0.01391609
v -0.41137695 0.45117182 0.01391609
v -0.40844727 0.45458978 0.01782234
v -0.41479492 0.45800775 0.01782234
v -0.41235352 0.46240228 0.01440437
v -0.40502930 0.45947260 0.01440437
v -0.41235352 0.44384760 0.00024422
v -0.41430664 0.44824213 -0.00024406
v -0.40991211 0.44775385 -0.01489250
v -0.40502930 0.44189447 0.00024422
v -0.40356445 0.44384760 0.01391609
v -0.40356445 0.44384760 -0.01391594
v -0.42114258 0.46386713 0.01342781
v -0.41967773 0.48193353 0.00024422
v -0.42065430 0.46777338 -0.00024406
v -0.42163086 0.47802728 -0.02026359
v -0.40698242 0.46533197 0.00024422
v -0.40698242 0.47363275 0.00024422
v -0.41186523 0.47949213 0.00024422
v -0.41040039 0.46630853 -0.00024406
v -0.40209961 0.46337885 -0.00024407
v -0.41088867 0.46484369 -0.02026360
v -0.41088867 0.47216791 -0.02075188
v -0.41528320 0.47656244 -0.02075188
v -0.39086914 0.45263666 0.03881843
v -0.38891602 0.45556635 0.03247078
v -0.38891602 0.46191400 0.05249031
v -0.38647461 0.45898432 0.05004890
v -0.38256836 0.45898432 0.04272468
v -0.38110352 0.46142572 0.03686531
v -0.37524414 0.46777338 0.03979499
v -0.37915039 0.45068353 0.03442390
v -0.36352539 0.46093744 0.03930671
v -0.39038086 0.44384760 0.02514656
v -0.38549805 0.43652338 0.02368172
v -0.37426758 0.44140619 0.03198249
v -0.36108398 0.44677728 0.03784187
v -0.38305664 0.46777338 0.05395515
v -0.38354492 0.47460932 0.05444343
v -0.38696289 0.48535150 0.05395515
v -0.38989258 0.49267572 0.05444343
v -0.37915039 0.46679682 0.05249031
v -0.37817383 0.47363275 0.05297859
v -0.37670898 0.46630853 0.04907234
v -0.37524414 0.47363275 0.05004890
v -0.37377930 0.47412103 0.04565437
v -0.37524414 0.46679682 0.04516609
v -0.38012695 0.48095697 0.05200202
v -0.37866211 0.49755853 0.05639656
v -0.37817383 0.48925775 0.05444343
v -0.37670898 0.47998041 0.04907234
v -0.37524414 0.48095697 0.04516609
v -0.37622070 0.48193353 0.04956062
v -0.37915039 0.48339838 0.05249031
v -0.37426758 0.48242182 0.05053718
v -0.37622070 0.48388666 0.05346687
v -0.36840820 0.48095697 0.05346687
v -0.36791992 0.48339838 0.05541999
v -0.36791992 0.48828119 0.05395515
v -0.37426758 0.48339838 0.04565437
v -0.37231445 0.48437494 0.04711921
v -0.37329102 0.47460932 0.04125984
v -0.36303711 0.47656244 0.04174812
v -0.37426758 0.48437494 0.04028327
v -0.37377930 0.48876947 0.04223640
v -0.39721680 0.43945307 0.01342781
v -0.39233398 0.43359369 0.01245125
v -0.39916992 0.43847650 0.00024422
v -0.39477539 0.43310541 0.00024422
v -0.39233398 0.43359369 -0.01245110
v -0.39721680 0.43945307 -0.01342766
v -0.42504883 0.50439447 0.05004891
v -0.42456055 0.51025385 0.04956063
v -0.42700195 0.49999994 0.04614266
v -0.42114258 0.49902338 0.04711922
v -0.41528320 0.50048822 0.04956063
v -0.41674805 0.50537103 0.05102547
v -0.41772461 0.51025385 0.05102547
v -0.41918945 0.51953119 0.04516609
v -0.40942383 0.51904291 0.04956062
v -0.43481445 0.49072260 0.04223641
v -0.43090820 0.49267572 0.04321297
v -0.43432617 0.49267572 0.04272469
v -0.43139648 0.49609369 0.04272469
v -0.43481445 0.49462885 0.04223641
v -0.42749023 0.49267572 0.04223641
v -0.42846680 0.49707025 0.04125984
v -0.43579102 0.49560541 0.04174813
v -0.43334961 0.49853510 0.04077156
v -0.43188477 0.49902338 0.03881844
v -0.42749023 0.49902338 0.04321297
v -0.43090820 0.49999994 0.03930672
v -0.42797852 0.49804682 0.04321297
v -0.42846680 0.49755853 0.04174813
v -0.42797852 0.49755853 0.03979500
v -0.43188477 0.50195307 0.03393563
v -0.42797852 0.50097650 0.03686531
v -0.42553711 0.49755853 0.03881844
v -0.42602539 0.49267572 0.04370125
v -0.42651367 0.49267572 0.04272469
v -0.42309570 0.49707025 0.04370125
v -0.42456055 0.49658197 0.04272469
v -0.42553711 0.49609369 0.04174813
v -0.42651367 0.49267572 0.04077156
v -0.42456055 0.49316400 0.03979500
v -0.42651367 0.49560541 0.04028328
v -0.41967773 0.49707025 0.04614266
v -0.41430664 0.49755853 0.04858406
v -0.40356445 0.49999994 0.05102547
v -0.40405273 0.50341791 0.05053718
v -0.40600586 0.51074213 0.05102547
v -0.40991211 0.53027338 0.03881843
v -0.39379883 0.51757807 0.05541999
v -0.40112305 0.52587885 0.05200202
v -0.40209961 0.53417963 0.04272468
v -0.40747070 0.53417963 0.02368171
v -0.40112305 0.53710932 0.02563484
v -0.39770508 0.53906244 0.03344734
v -0.40844727 0.53417963 0.01245125
v -0.40893555 0.53417963 0.00024421
v -0.40844727 0.53417963 -0.01245110
v -0.40161133 0.53955072 0.01196296
v -0.40209961 0.54052728 0.00024421
v -0.40161133 0.53955072 -0.01196282
v -0.39184570 0.50341791 0.05200203
v -0.39135742 0.49755853 0.05444343
v -0.39233398 0.50683588 0.05151375
v -0.38110352 0.50195307 0.05834968
v -0.38110352 0.50732416 0.05541999
v -0.38452148 0.51025385 0.05053718
v -0.38403320 0.51513666 0.05346687
v -0.39184570 0.53369135 0.05541999
v -0.38598633 0.52734369 0.05932624
v -0.37915039 0.52392572 0.05688483
v -0.36303711 0.50439447 0.06274421
v -0.36499023 0.50732416 0.06372077
v -0.36547852 0.51123041 0.06127937
v -0.36889648 0.49121088 0.05346687
v -0.36791992 0.49462885 0.05444343
v -0.37768555 0.51269525 0.04760749
v -0.37719727 0.51611322 0.04858405
v -0.37426758 0.52343744 0.05151374
v -0.37524414 0.51171869 0.04956062
v -0.36206055 0.51269525 0.05688483
v -0.36938477 0.50927728 0.04516609
v -0.37084961 0.50976557 0.04223640
v -0.37329102 0.51953119 0.04272468
v -0.37280273 0.51513666 0.04077155
v -0.35913086 0.51074213 0.05395515
v -0.37133789 0.52490228 0.04565436
v -0.39331055 0.53906244 0.04760749
v -0.36108398 0.54833978 0.06713874
v -0.36401367 0.55224603 0.06420905
v -0.36499023 0.55615228 0.05981452
v -0.39086914 0.54199213 0.03979499
v -0.36352539 0.55859369 0.05493171
v -0.38842773 0.54003900 0.02807624
v -0.38452148 0.54199213 0.03393562
v -0.36010742 0.55859369 0.05102546
v -0.38940430 0.53857416 0.02172858
v -0.35668945 0.54541010 0.06616218
v -0.35278320 0.54394525 0.06225592
v -0.37719727 0.53906244 0.03198249
v -0.37866211 0.53710932 0.02709968
v -0.35522461 0.55615228 0.04907233
v -0.37280273 0.53124994 0.03051765
v -0.37182617 0.53369135 0.03393561
v -0.35131836 0.55224603 0.04956061
v -0.38989258 0.54052728 0.01147468
v -0.38989258 0.54150385 0.00024421
v -0.38989258 0.54052728 -0.01147454
v -0.37866211 0.53662103 0.02172858
v -0.37866211 0.53857416 0.01245124
v -0.37084961 0.53076166 0.02661140
v -0.36791992 0.53417963 0.01538093
v -0.37866211 0.53955072 0.00024421
v -0.37866211 0.53857416 -0.01245110
v -0.37377930 0.53808588 0.00024421
v -0.36743164 0.53613275 -0.00415032
v -0.33911133 0.32812497 0.06274422
v -0.34252930 0.33984372 0.05688484
v -0.31323242 0.32275388 0.07836922
v -0.31372070 0.33789060 0.05688484
v -0.32006836 0.34228513 0.05004890
v -0.32543945 0.34765622 0.04418952
v -0.30249023 0.33691403 0.06372077
v -0.29272461 0.32617185 0.08422858
v -0.28588867 0.33740231 0.07153327
v -0.34497070 0.35302731 0.05297859
v -0.34692383 0.36718744 0.04663093
v -0.32983398 0.35693353 0.03930671
v -0.33178711 0.37011713 0.03588874
v -0.31762695 0.35986322 0.02124030
v -0.32104492 0.37255853 0.01928718
v -0.31225586 0.35253900 0.02368171
v -0.28784180 0.34374997 0.05004889
v -0.29760742 0.34521481 0.03930670
v -0.30493164 0.34863275 0.02709968
v -0.31420898 0.37353510 0.00024421
v -0.31127930 0.36132807 0.00024421
v -0.30639648 0.35449213 0.00024421
v -0.34692383 0.38281244 0.04223640
v -0.34497070 0.40039057 0.04321296
v -0.33227539 0.38574213 0.03344734
v -0.33178711 0.40234369 0.03247077
v -0.36010742 0.41650385 0.04125984
v -0.34399414 0.41845697 0.04223640
v -0.35961914 0.43261713 0.03881843
v -0.34399414 0.43554682 0.04077155
v -0.32983398 0.41992182 0.03198249
v -0.32934570 0.43749994 0.03198249
v -0.32153320 0.38720697 0.01831062
v -0.32006836 0.40380853 0.01782233
v -0.31762695 0.42089838 0.01831061
v -0.31567383 0.43896478 0.01879889
v -0.31518555 0.38818353 0.00024421
v -0.31372070 0.40429682 0.00024421
v -0.31762695 0.35986322 -0.02124017
v -0.32104492 0.37255853 -0.01928704
v -0.32153320 0.38720697 -0.01831048
v -0.32006836 0.40380853 -0.01782220
v -0.31176758 0.42138666 0.00024421
v -0.31030273 0.43945307 0.00024420
v -0.31762695 0.42089838 -0.01831048
v -0.26977539 0.33105466 0.09155280
v -0.26586914 0.34033200 0.08081061
v -0.27416992 0.34326169 0.06030280
v -0.25756836 0.34423825 0.07104499
v -0.24145506 0.32568356 0.10424811
v -0.24584959 0.33691403 0.09985358
v -0.24487303 0.34521481 0.09204108
v -0.23901366 0.34814450 0.08325201
v -0.26000977 0.34374997 0.05151373
v -0.24682617 0.34228513 0.06372076
v -0.23071288 0.34619138 0.07690436
v -0.29321289 0.34667966 0.01635749
v -0.28100586 0.34423825 0.02270514
v -0.27124023 0.34374997 0.03930670
v -0.30053711 0.35058588 0.00024421
v -0.29272461 0.34765622 0.00024421
v -0.31225586 0.35253900 -0.02368157
v -0.30493164 0.34863275 -0.02709954
v -0.29321289 0.34667966 -0.01635735
v -0.28002930 0.34374997 0.00024421
v -0.28100586 0.34423825 -0.02270501
v -0.26098633 0.33837888 0.01879889
v -0.25415039 0.33837888 0.03393561
v -0.24633789 0.33593747 0.04760749
v -0.23559570 0.33789060 0.05932623
v -0.23413086 0.32568356 0.04663092
v -0.24145508 0.32519528 0.03344733
v -0.24536133 0.32812497 0.01782233
v -0.26342773 0.33789060 0.00024420
v -0.26098633 0.33837888 -0.01879877
v -0.24731445 0.32861325 0.00024420
v -0.24536133 0.32812497 -0.01782221
v -0.31567383 0.43896478 -0.01879876
v -0.34838867 0.51123041 0.06616218
v -0.34936523 0.51269525 0.06665046
v -0.34936523 0.51464838 0.06567390
v -0.34692383 0.51025385 0.06469733
v -0.35620117 0.50390619 0.06030281
v -0.34350586 0.51562494 0.06616218
v -0.34350586 0.51464838 0.06665046
v -0.34301758 0.51416010 0.06616218
v -0.34350586 0.51562494 0.06567390
v -0.34887695 0.51513666 0.06323249
v -0.34301758 0.51513666 0.06518561
v -0.34790039 0.51416010 0.06176764
v -0.34643555 0.51074213 0.06274421
v -0.34252930 0.51416010 0.06567390
v -0.35766602 0.50439447 0.05444343
v -0.34692383 0.51220697 0.06176764
v -0.35766602 0.50732416 0.05297859
v -0.33666992 0.57080078 0.07299811
v -0.33520508 0.56884766 0.07397467
v -0.33374023 0.56738281 0.07348639
v -0.33227539 0.56689453 0.07250983
v -0.34497070 0.45117182 0.03979499
v -0.34643555 0.46679682 0.04028327
v -0.32934570 0.45410150 0.03247077
v -0.33081055 0.47070307 0.03247077
v -0.36645508 0.48339838 0.05297859
v -0.37133789 0.48974603 0.04614265
v -0.34741211 0.48193353 0.03930671
v -0.36547852 0.48828119 0.03979499
v -0.37036133 0.49853510 0.03930671
v -0.35083008 0.49511713 0.03588874
v -0.33471680 0.48632807 0.03198249
v -0.33862305 0.50097650 0.03247077
v -0.31616211 0.45654291 0.01928717
v -0.32055664 0.47363275 0.02075202
v -0.32495117 0.48925775 0.02124030
v -0.33227539 0.50390619 0.02075202
v -0.31079102 0.45751947 0.00024420
v -0.31225586 0.46679682 0.00024420
v -0.36889648 0.49804682 0.04516609
v -0.36743164 0.50292963 0.04370124
v -0.36254883 0.51708978 0.03735358
v -0.35571289 0.50781244 0.03833015
v -0.36889648 0.52294916 0.03491218
v -0.37133789 0.52490228 0.03637702
v -0.34741211 0.51367182 0.03051764
v -0.35766602 0.52343744 0.02856452
v -0.35034180 0.54541010 0.05786139
v -0.36987305 0.52832025 0.03930671
v -0.34985352 0.54833978 0.05297858
v -0.33081055 0.56689453 0.07006842
v -0.33081055 0.56835938 0.06811529
v -0.33129883 0.57031250 0.06665045
v -0.35473633 0.52685541 0.01831061
v -0.34350586 0.51611322 0.01879889
v -0.35424805 0.52783197 0.01293952
v -0.36743164 0.53613275 0.00415046
v -0.33813477 0.53369135 0.00805670
v -0.34643555 0.54101557 0.00024421
v -0.34301758 0.52001947 0.00415046
v -0.35424805 0.52783197 -0.01293939
v -0.33813477 0.53369135 -0.00805658
v -0.32983398 0.50488275 0.01147467
v -0.32153320 0.49560541 0.00366217
v -0.32153320 0.51318353 0.00024420
v -0.33520508 0.51611322 0.00024420
v -0.31616211 0.50537103 0.00708014
v -0.31616211 0.50537103 -0.00708002
v -0.32983398 0.50488275 -0.01147455
v -0.31616211 0.45654291 -0.01928705
v -0.32055664 0.47363275 -0.02075189
v -0.25122070 0.58447266 0.18237309
v -0.25268555 0.58789062 0.18481450
v -0.25805664 0.58691406 0.17700200
v -0.25610352 0.58447266 0.17553715
v -0.25219727 0.59228516 0.18481450
v -0.25805664 0.59033203 0.17651372
v -0.26000977 0.58300781 0.16870122
v -0.26147461 0.58447266 0.16918950
v -0.26147461 0.58642578 0.16918950
v -0.25659180 0.59326172 0.17456059
v -0.26098633 0.58740234 0.16723637
v -0.24975584 0.59619141 0.18237309
v -0.24584959 0.58251953 0.18823247
v -0.24731444 0.58642578 0.19165044
v -0.24584959 0.59228516 0.19262700
v -0.25415039 0.58349609 0.17358403
v -0.24877928 0.58300781 0.17895512
v -0.24340819 0.58105469 0.18383794
v -0.24291991 0.59716797 0.18969731
v -0.25854492 0.58251953 0.16821294
v -0.25805664 0.58251953 0.16674809
v -0.25268555 0.58398438 0.17163090
v -0.24682616 0.58349609 0.17651372
v -0.25903320 0.58837891 0.16625981
v -0.25415039 0.59375000 0.17163090
v -0.24682616 0.59667969 0.17846684
v -0.25122070 0.58544922 0.17016606
v -0.25659180 0.58398438 0.16577153
v -0.25805664 0.58691406 0.16479497
v -0.25170898 0.59179688 0.16967778
v -0.25073242 0.58837891 0.16918950
v -0.25708008 0.58496094 0.16479497
v -0.24487303 0.58593750 0.17456059
v -0.24389647 0.58984375 0.17358403
v -0.24438475 0.59423828 0.17504887
v -0.33715820 0.57226562 0.07153326
v -0.32934570 0.57617188 0.07446295
v -0.32934570 0.57470703 0.07543951
v -0.33666992 0.57373047 0.06958014
v -0.32836914 0.57617188 0.07250983
v -0.33520508 0.57373047 0.06762701
v -0.32788086 0.57373047 0.07495123
v -0.32690430 0.57373047 0.07348639
v -0.33325195 0.57226562 0.06665045
v -0.13842770 0.54736328 0.27807623
v -0.10766599 0.53662109 0.30151370
v -0.11059567 0.53906250 0.30737308
v -0.14184567 0.55029297 0.28442389
v -0.13305661 0.54785156 0.26977545
v -0.10278317 0.53710938 0.29370120
v -0.17211911 0.55859375 0.26293951
v -0.16772459 0.55664062 0.25610358
v -0.16137694 0.55664062 0.24633792
v -0.09497067 0.54394531 0.28686526
v -0.10083005 0.53808594 0.29077151
v -0.13110349 0.54882812 0.26782233
v -0.12524411 0.55517578 0.26293951
v -0.11596677 0.52392578 0.26391608
v -0.14477538 0.52832031 0.23608401
v -0.15991209 0.55761719 0.24438480
v -0.15356444 0.56445312 0.23901370
v -0.03295895 0.41455078 0.28295901
v -0.03247067 0.41406250 0.27856448
v -0.01147458 0.39013672 0.28393558
v -0.01196286 0.39062500 0.28833011
v -0.00952145 0.39306641 0.29077151
v -0.03051755 0.41748047 0.28540042
v -0.05444333 0.43750000 0.27172855
v -0.05493161 0.43847656 0.27563480
v -0.05249020 0.44189453 0.27856448
v -0.07836912 0.40966794 0.23413090
v -0.05200192 0.37451169 0.23999026
v 0.01049808 0.36816406 0.29418948
v 0.00756839 0.36572266 0.29174808
v 0.00805668 0.36572266 0.28784183
v -0.02758786 0.34228513 0.24487308
v -0.02612302 0.41894531 0.27709964
v -0.00561520 0.39453125 0.28247073
v -0.01000973 0.39062500 0.28198245
v -0.03100583 0.41503906 0.27661136
v -0.02563474 0.34326169 0.24243167
v -0.05004880 0.37597653 0.23754886
v 0.00903324 0.36621094 0.28637698
v 0.01391605 0.36962891 0.28686526
v 0.02905277 0.41699219 0.33666995
v -0.01635739 0.45556641 0.31958011
v -0.02661130 0.42041016 0.28295901
v -0.00610348 0.39550781 0.28833011
v -0.04858395 0.44287109 0.26977542
v -0.04907224 0.44433594 0.27612308
v 0.03100590 0.41845703 0.33422855
v -0.01440426 0.45654297 0.31762698
v 0.06030278 0.38134766 0.34106448
v 0.06225590 0.38281250 0.33862308
v 0.01342777 0.37060547 0.29223636
v -0.05297849 0.43847656 0.26928714
v -0.07641599 0.41064450 0.23217778
v -0.07788083 0.52539062 0.33081058
v -0.07543942 0.53125000 0.33129886
v -0.10815427 0.54492188 0.30834964
v -0.07543942 0.52343750 0.32446292
v -0.04077145 0.51513672 0.35229495
v -0.04321285 0.50927734 0.35131839
v -0.04125973 0.50781250 0.34545901
v -0.03588863 0.52050781 0.34838870
v -0.07006833 0.53710938 0.32739261
v -0.10327145 0.55078125 0.30444339
v -0.07055661 0.52441406 0.31616214
v -0.03735348 0.50878906 0.33764651
v -0.11791990 0.52246094 0.26635748
v -0.06762692 0.49218750 0.29516605
v -0.06860349 0.52539062 0.31372073
v -0.06323239 0.53027344 0.30981448
v -0.06518552 0.49365234 0.29272464
v -0.03051754 0.51416016 0.33129886
v -0.03540036 0.50976562 0.33520511
v -0.03100582 0.52246094 0.34155276
v -0.06469724 0.53906250 0.32055667
v -0.09790036 0.55322266 0.29760745
v -0.02807614 0.52050781 0.33374026
v -0.06127927 0.53710938 0.31225589
v -0.09399411 0.55078125 0.28979495
v -0.07836911 0.46142578 0.26733401
v -0.10229490 0.48291016 0.25756839
v -0.10180662 0.48144531 0.25415042
v -0.07788083 0.46044922 0.26342776
v -0.12622067 0.50146484 0.24340823
v -0.14379881 0.49365234 0.22045901
v -0.11010740 0.45263672 0.22827153
v -0.12670895 0.50244141 0.24731448
v -0.07592770 0.46484375 0.26977542
v -0.09985349 0.48632812 0.26000980
v -0.12426756 0.50634766 0.24975589
v -0.07202145 0.46582031 0.26147464
v -0.07592770 0.46093750 0.26098636
v -0.09985349 0.48242188 0.25122073
v -0.09594724 0.48730469 0.25170901
v -0.10815427 0.45361328 0.22583012
v -0.14184569 0.49511719 0.21850589
v -0.12377927 0.50244141 0.24047855
v -0.11987302 0.50732422 0.24096683
v -0.09643552 0.48925781 0.25756839
v -0.07250974 0.46728516 0.26733401
v -0.13940427 0.55615234 0.28442389
v -0.13452145 0.56201172 0.28051764
v -0.12524411 0.56201172 0.26635748
v -0.12084959 0.50927734 0.24682620
v -0.00073238 0.49121094 0.35473636
v 0.03393559 0.47021484 0.37231448
v -0.00756832 0.49121094 0.36987308
v -0.00512691 0.49609375 0.37084964
v -0.00073238 0.50097656 0.36791995
v -0.00610348 0.48974609 0.36450198
v -0.00268551 0.49023438 0.35717776
v 0.00366215 0.50292969 0.36108401
v 0.00366215 0.49560547 0.35131839
v 0.02905278 0.46826172 0.38110355
v 0.02807621 0.46972656 0.38647464
v 0.03051762 0.47412109 0.38745120
v 0.03491215 0.47900391 0.38452151
v 0.03881840 0.48095703 0.37866214
v 0.03198246 0.46923828 0.37475589
v 0.03784184 0.47412109 0.36938480
v 0.00610355 0.50146484 0.35375980
v -0.16967770 0.56591797 0.26293951
v -0.19360350 0.56054688 0.23754887
v -0.19750975 0.56494141 0.24389653
v -0.19360350 0.57275391 0.24243169
v -0.18530272 0.56250000 0.22778325
v -0.16381834 0.57275391 0.25805670
v -0.18774413 0.58056641 0.23754887
v -0.12915036 0.56445312 0.27368170
v -0.15747069 0.57519531 0.25024420
v -0.18090819 0.58300781 0.22973637
v -0.15307616 0.57226562 0.24243167
v -0.17553709 0.57958984 0.22192387
v -0.20434569 0.35595700 0.13012701
v -0.18774413 0.36669919 0.14575201
v -0.18774413 0.37207028 0.13842779
v -0.20483397 0.36279294 0.12329108
v -0.19995116 0.34765622 0.13452154
v -0.18286131 0.35839841 0.15063483
v -0.22290038 0.35351560 0.10717779
v -0.22241209 0.34570310 0.11352545
v -0.21850584 0.33691403 0.11889654
v -0.19165038 0.34033200 0.13256842
v -0.17456053 0.35253903 0.14868170
v -0.16674803 0.35156247 0.14135747
v -0.18383788 0.33886716 0.12524420
v -0.20043944 0.32470700 0.10913092
v -0.20971678 0.32714841 0.11791998
v -0.16625975 0.36865231 0.16625981
v -0.17114256 0.37597653 0.15991217
v -0.17163084 0.38037106 0.15161139
v -0.17016600 0.38281247 0.14526372
v -0.18481444 0.37451169 0.13110358
v -0.20092772 0.36572263 0.11547858
v -0.14086913 0.38623044 0.18579106
v -0.12670897 0.37744138 0.19311528
v -0.12573241 0.38916013 0.19653325
v -0.14135741 0.39697263 0.19067387
v -0.15258788 0.42822266 0.19555669
v -0.14282225 0.42919922 0.19897465
v -0.13354491 0.43261719 0.19653325
v -0.11157224 0.38525388 0.19458012
v -0.11352537 0.37353513 0.19067387
v -0.14916991 0.37890622 0.18090825
v -0.13647459 0.37158200 0.18481450
v -0.12231443 0.36962888 0.17993169
v -0.15112303 0.39404294 0.17700200
v -0.15063475 0.40478513 0.18139653
v -0.15893553 0.43115234 0.18774419
v -0.15698241 0.36279294 0.16528325
v -0.14624022 0.36279294 0.15600590
v -0.16333006 0.35400388 0.13549809
v -0.17895506 0.34326169 0.11352544
v -0.19555663 0.32812497 0.09936529
v -0.13305663 0.34619138 0.14331059
v -0.14868163 0.37548825 0.13891606
v -0.14428709 0.36767575 0.14624028
v -0.16137694 0.35742185 0.13061528
v -0.16528319 0.36523435 0.12280279
v -0.17895506 0.34814450 0.10864263
v -0.18188475 0.35546872 0.10473638
v -0.08618162 0.35156247 0.19555669
v -0.08422849 0.35302731 0.19360356
v -0.13110350 0.34814450 0.14135747
v -0.11987302 0.37060544 0.17651372
v -0.15649413 0.38623044 0.17163090
v -0.16186522 0.39208981 0.16381840
v -0.15844725 0.40039060 0.16918950
v -0.15942381 0.40429685 0.16137700
v -0.16186522 0.39550778 0.15649419
v -0.15747069 0.41064450 0.17358403
v -0.15844725 0.41455075 0.16625981
v -0.16137694 0.43505859 0.17993169
v -0.16137694 0.43798828 0.17407231
v -0.16528319 0.38232419 0.14086919
v -0.15600584 0.39648435 0.15112309
v -0.15307616 0.40527341 0.15649419
v -0.15258788 0.41601560 0.16137700
v -0.15649413 0.43994141 0.17065434
v -0.17895506 0.37402341 0.12573248
v -0.19506834 0.36474606 0.10913091
v -0.15747069 0.38085935 0.13793950
v -0.17211913 0.37109372 0.12231451
v -0.18823241 0.36132810 0.10522466
v -0.14575194 0.39306638 0.15014653
v -0.13305663 0.38671872 0.15405278
v -0.14086913 0.41357419 0.16088872
v -0.14135741 0.40185544 0.15600590
v -0.14770506 0.44042966 0.16870122
v -0.12670897 0.39453122 0.16137700
v -0.12573241 0.40722653 0.16577153
v -0.13696288 0.43994141 0.17260747
v -0.13110350 0.43701172 0.18286137
v -0.11254881 0.39550778 0.17895512
v -0.11254881 0.38330075 0.17358403
v -0.12231444 0.37695310 0.16430669
v -0.14379881 0.36474606 0.15112309
v -0.20678709 0.53564453 0.19165044
v -0.19506834 0.51464844 0.19067387
v -0.19458006 0.51367188 0.19702153
v -0.20629881 0.53466797 0.19848637
v -0.19067381 0.51464844 0.20239262
v -0.20288084 0.53564453 0.20483403
v -0.18237303 0.48828122 0.18823247
v -0.18139647 0.48681638 0.19458012
v -0.17749022 0.48779294 0.19995122
v -0.19750975 0.53906250 0.20825200
v -0.18530272 0.51757812 0.20483403
v -0.17114256 0.49023435 0.20190434
v -0.20434569 0.53857422 0.18627934
v -0.19311522 0.51708984 0.18530278
v -0.18090819 0.49072263 0.18286137
v -0.21069334 0.54541016 0.20678715
v -0.21411131 0.54443359 0.19946294
v -0.20336913 0.54882812 0.21020512
v -0.22094725 0.55566406 0.19946294
v -0.21704100 0.55664062 0.20678715
v -0.21020506 0.55957031 0.20971684
v -0.19116209 0.54394531 0.20678715
v -0.19653319 0.55273438 0.20776372
v -0.21411131 0.54589844 0.19165044
v -0.22094725 0.55712891 0.19213872
v -0.21118163 0.54882812 0.18481450
v -0.21752928 0.55957031 0.18530278
v -0.17993163 0.52148438 0.20385747
v -0.17260741 0.52587891 0.21313481
v -0.17260741 0.53759766 0.22045903
v -0.19165038 0.55126953 0.21118169
v -0.17700194 0.52490234 0.19458012
v -0.18774413 0.54785156 0.19702153
v -0.18920897 0.54541016 0.20434575
v -0.17797850 0.52294922 0.20141606
v -0.17114256 0.53857422 0.21850590
v -0.17065428 0.52734375 0.21118169
v -0.18969725 0.55273438 0.20874028
v -0.19311522 0.55859375 0.19750981
v -0.19458006 0.55468750 0.20532231
v -0.17895506 0.52490234 0.18823247
v -0.18969725 0.54785156 0.18969731
v -0.19506834 0.55957031 0.18920903
v -0.18383788 0.52343750 0.18383794
v -0.19458006 0.54589844 0.18481450
v -0.19946288 0.55761719 0.18334965
v -0.19946288 0.54248047 0.18383794
v -0.18872069 0.52050781 0.18286137
v -0.17651366 0.49365231 0.17993169
v -0.20581053 0.55322266 0.18188481
v -0.21215819 0.56396484 0.18188481
v -0.17065428 0.49609372 0.18041997
v -0.16479491 0.45849609 0.19799809
v -0.16967772 0.45898438 0.19165044
v -0.17114256 0.46142575 0.18481451
v -0.15698241 0.46093750 0.20043950
v -0.14965819 0.46484375 0.19848637
v -0.16528319 0.49414062 0.20092776
v -0.13159178 0.43359375 0.19506840
v -0.14819334 0.46582031 0.19702153
v -0.14672850 0.46826172 0.18725590
v -0.10913084 0.38623044 0.19213872
v -0.16235350 0.49707031 0.19116214
v -0.16381834 0.49511719 0.19897464
v -0.17407225 0.53808594 0.22631840
v -0.15112303 0.52099609 0.23657230
v -0.14868163 0.52539062 0.23901370
v -0.17163084 0.54199219 0.22827153
v -0.15014647 0.52001953 0.23217776
v -0.19067381 0.55664062 0.21899419
v -0.19458006 0.55175781 0.21752934
v -0.18188475 0.56445312 0.22387700
v -0.16772459 0.54541016 0.22485355
v -0.18676756 0.55957031 0.21508794
v -0.17016600 0.46386719 0.17895512
v -0.16528319 0.49755859 0.18432620
v -0.15063475 0.46923828 0.17846684
v -0.14379881 0.52636719 0.22973636
v -0.14770506 0.52148438 0.22924808
v -0.16528319 0.46630859 0.17602544
v -0.15844725 0.46826172 0.17504887
v -0.21899413 0.35644528 0.09887701
v -0.21264647 0.35498044 0.09252936
v -0.20971678 0.32031247 0.07446295
v -0.22241209 0.34277341 0.07153326
v -0.20532225 0.35205075 0.08813483
v -0.19897459 0.34619138 0.08666998
v -0.21508789 0.33642575 0.06909186
v -0.22534180 0.33007810 0.05737311
v -0.19458006 0.33203122 0.09350591
v -0.21118163 0.32861325 0.07055670
v -0.19555663 0.33886716 0.08862310
v -0.22045898 0.32128903 0.05883795
v -0.17065428 0.31933591 0.07641607
v -0.22778320 0.31542966 0.04907233
v -0.23364258 0.30859372 0.03686529
v -0.23315430 0.31640622 0.01879889
v -0.23266602 0.31884763 0.00024420
v -0.23315430 0.31640622 -0.01879877
v -0.20922852 0.31005856 0.00024420
v -0.21020508 0.30664060 -0.01684565
v -0.17260742 0.30566403 0.00024419
v -0.17358398 0.30175778 -0.01928706
v -0.13159180 0.29931638 -0.02416988
v -0.10913084 0.37499997 0.18579106
v -0.23901366 0.57763672 0.19360356
v -0.23803709 0.57275391 0.19653325
v -0.23852538 0.57910156 0.20336919
v -0.23950194 0.58251953 0.19799809
v -0.23315428 0.56982422 0.19946294
v -0.23315428 0.57617188 0.20629887
v -0.23510741 0.58789062 0.20532231
v -0.23754881 0.58886719 0.19946294
v -0.22973631 0.58496094 0.20874028
v -0.23657225 0.57617188 0.18774419
v -0.23510741 0.57080078 0.18872075
v -0.23022459 0.56787109 0.19116215
v -0.22680663 0.56933594 0.18481450
v -0.23120116 0.57226562 0.18286137
v -0.23413084 0.57714844 0.18383794
v -0.24145506 0.57861328 0.19213872
v -0.23901366 0.57666016 0.18676762
v -0.24194334 0.58349609 0.19702153
v -0.23608397 0.57763672 0.18237309
v -0.22973631 0.56982422 0.19995122
v -0.23022459 0.57519531 0.20678715
v -0.22680663 0.58349609 0.20922856
v -0.22387694 0.56689453 0.20532231
v -0.22485350 0.57275391 0.21166997
v -0.22241209 0.58203125 0.21362309
v -0.21118163 0.56494141 0.22192387
v -0.21459959 0.57031250 0.22631840
v -0.21704100 0.56640625 0.21313481
v -0.20971678 0.57714844 0.22338872
v -0.21655272 0.56298828 0.20825200
v -0.22387694 0.56347656 0.19946294
v -0.22290038 0.56298828 0.19262700
v -0.22778319 0.56738281 0.19213872
v -0.22436522 0.56884766 0.18627934
v -0.21997069 0.56494141 0.18676762
v -0.22338866 0.59277344 0.20483403
v -0.22924803 0.59570312 0.20141606
v -0.23315428 0.59423828 0.19653325
v -0.23999022 0.59033203 0.19848637
v -0.23608397 0.59570312 0.19555669
v -0.22924803 0.59521484 0.19018559
v -0.23168944 0.59716797 0.18872075
v -0.23901366 0.59814453 0.18432622
v -0.22143553 0.59082031 0.20532231
v -0.21655272 0.58935547 0.20971684
v -0.20532225 0.58593750 0.22094731
v -0.22338866 0.59716797 0.19262700
v -0.21801756 0.59423828 0.19555669
v -0.21655272 0.59179688 0.19653325
v -0.21020506 0.59082031 0.20190434
v -0.22973631 0.59326172 0.18286137
v -0.22778319 0.59179688 0.18432622
v -0.22143553 0.59228516 0.18383794
v -0.23706053 0.59472656 0.17944340
v -0.21606444 0.58984375 0.18627934
v -0.20239256 0.56445312 0.21508794
v -0.20678709 0.56005859 0.21411137
v -0.19897459 0.58789062 0.21313481
v -0.20288084 0.55712891 0.20922856
v -0.19897459 0.56787109 0.19702153
v -0.19653319 0.56103516 0.20288090
v -0.18579100 0.55859375 0.20776372
v -0.20092772 0.57617188 0.19555669
v -0.19262694 0.57519531 0.20385747
v -0.19555663 0.56787109 0.20971684
v -0.19555663 0.56835938 0.20141606
v -0.17602538 0.57080078 0.21948247
v -0.20678709 0.58544922 0.19262700
v -0.19360350 0.58398438 0.20532231
v -0.20239256 0.57031250 0.18872075
v -0.20629881 0.56835938 0.18383794
v -0.20239256 0.57275391 0.19311528
v -0.21166991 0.57373047 0.18481450
v -0.20922850 0.57910156 0.18725590
v -0.21459959 0.58789062 0.18823247
v -0.21655272 0.58056641 0.18383794
v -0.21801756 0.58154297 0.18139653
v -0.24096678 0.58203125 0.18041997
v -0.23901366 0.58496094 0.17846684
v -0.23315428 0.58154297 0.17993169
v -0.23120116 0.58056641 0.18139653
v -0.22241209 0.57373047 0.18139653
v -0.22729491 0.57714844 0.17944340
v -0.22045897 0.57324219 0.18334965
v -0.22875975 0.58593750 0.18139653
v -0.22338866 0.58447266 0.17944340
v -0.21557616 0.56884766 0.18383794
v -0.23706053 0.58935547 0.17749028
v -0.23071288 0.58740234 0.17944340
v -0.38696289 0.01074213 -0.05493155
v -0.38842773 0.01269525 -0.05395498
v -0.39086914 0.00927728 -0.05590811
v -0.39038086 0.00830072 -0.05639639
v -0.38793945 0.01123041 -0.05834952
v -0.38940430 0.01318353 -0.05737295
v -0.38159180 0.01318353 -0.05493155
v -0.38159180 0.01855463 -0.05395499
v -0.38354492 0.02197260 -0.05688467
v -0.38940430 0.01464838 -0.05541983
v -0.38403320 0.01367182 -0.06030264
v -0.38452148 0.01953119 -0.06030264
v -0.37768555 0.01220697 -0.05590811
v -0.38110352 0.01367182 -0.06225577
v -0.37963867 0.02197260 -0.06323233
v -0.37768555 0.00683588 -0.06030264
v -0.38061523 0.01025385 -0.06518545
v -0.37622070 0.00927728 -0.06860342
v -0.37280273 0.00585932 -0.06274404
v -0.36938477 0.00878900 -0.05639639
v -0.37475586 0.00976557 -0.05493155
v -0.37524414 0.02001947 -0.05541983
v -0.37915039 0.02441400 -0.06518545
v -0.38110352 0.01708978 -0.06665029
v -0.37622070 0.02490228 -0.05932608
v -0.37524414 0.02734369 -0.05981436
v -0.37329102 0.02294916 -0.05395499
v -0.36840820 0.02441400 -0.05493155
v -0.37133789 0.02929682 -0.06127921
v -0.37475586 0.02587885 -0.06860342
v -0.40698242 0.01464838 -0.07788076
v -0.40795898 0.01025385 -0.07983389
v -0.40747070 0.00976557 -0.07983389
v -0.40502930 0.01269525 -0.07739248
v -0.39965820 0.01611322 -0.07592764
v -0.40014648 0.02099603 -0.07592764
v -0.40112305 0.02343744 -0.07983389
v -0.40747070 0.01562494 -0.07934561
v -0.40698242 0.01464838 -0.08129873
v -0.40502930 0.01318353 -0.08178701
v -0.40063477 0.02099603 -0.08325186
v -0.40014648 0.01611322 -0.08325186
v -0.39575195 0.01464838 -0.08422842
v -0.39477539 0.01416010 -0.07592764
v -0.39233398 0.02294916 -0.07543936
v -0.39233398 0.01708978 -0.07153311
v -0.39135742 0.02539057 -0.07348623
v -0.38696289 0.01757807 -0.06957998
v -0.39282227 0.01025385 -0.07397451
v -0.38745117 0.00927728 -0.07250967
v -0.39379883 0.00732416 -0.08032217
v -0.38793945 0.00585932 -0.08081045
v -0.38696289 0.02734369 -0.07202139
v -0.39331055 0.02343744 -0.08471670
v -0.39477539 0.01074213 -0.08666983
v -0.38891602 0.00976557 -0.08862295
v -0.39233398 0.02587885 -0.08666983
v -0.39428711 0.01757807 -0.08862295
v -0.38940430 0.01806635 -0.09155264
v -0.38842773 0.02783197 -0.08862295
v -0.37963867 0.01025385 -0.07348623
v -0.37963867 0.01806635 -0.07104483
v -0.37963867 0.02783197 -0.07250967
v -0.38012695 0.00634760 -0.08178701
v -0.37768555 0.01708978 -0.07006826
v -0.37231445 0.01757807 -0.07202139
v -0.36987305 0.01074213 -0.07104483
v -0.36645508 0.00683588 -0.06616202
v -0.37280273 0.00976557 -0.08227529
v -0.37280273 0.01269525 -0.07592764
v -0.37329102 0.01855463 -0.07348623
v -0.38110352 0.01025385 -0.08959951
v -0.38208008 0.01904291 -0.09155264
v -0.37426758 0.01269525 -0.08862295
v -0.37573242 0.01953119 -0.09057608
v -0.37963867 0.01074213 -0.09252920
v -0.38061523 0.01855463 -0.09155264
v -0.38745117 0.01806635 -0.09252920
v -0.38647461 0.01025385 -0.09399404
v -0.38452148 0.00585932 -0.10180654
v -0.37719727 0.00634760 -0.09985342
v -0.37475586 0.01904291 -0.09155264
v -0.37280273 0.01318353 -0.09301748
v -0.37084961 0.01025385 -0.09838858
v -0.39184570 0.02636713 -0.08032217
v -0.39038086 0.02978510 -0.08032217
v -0.38696289 0.03173822 -0.08032217
v -0.38061523 0.03320307 -0.08081045
v -0.37231445 0.02587885 -0.07543936
v -0.37329102 0.03076166 -0.08129873
v -0.38159180 0.02832025 -0.08959951
v -0.38061523 0.02636713 -0.09350576
v -0.38696289 0.02587885 -0.09448233
v -0.39184570 0.01074213 -0.09643545
v -0.39184570 0.01757807 -0.09497061
v -0.39086914 0.02392572 -0.09643545
v -0.37426758 0.02636713 -0.08813467
v -0.37280273 0.02539057 -0.09350576
v -0.38500977 0.03076166 -0.10229483
v -0.37915039 0.03173822 -0.10082998
v -0.37231445 0.02978510 -0.09887686
v -0.39868164 0.01757807 -0.10082998
v -0.40405273 0.01220697 -0.10327139
v -0.40258789 0.01025385 -0.10327139
v -0.39770508 0.01171869 -0.10131826
v -0.40502930 0.01416010 -0.10522451
v -0.39868164 0.02197260 -0.10473623
v -0.39379883 0.01171869 -0.09985342
v -0.39233398 0.01904291 -0.09838858
v -0.38989258 0.02539057 -0.10327139
v -0.40600586 0.00830072 -0.10473623
v -0.40551758 0.00781244 -0.10473623
v -0.40405273 0.01269525 -0.10717764
v -0.40258789 0.00976557 -0.10717764
v -0.39672852 0.01220697 -0.10815420
v -0.39721680 0.01806635 -0.10864248
v -0.39135742 0.01171869 -0.10815420
v -0.39038086 0.00683588 -0.10327139
v -0.38989258 0.01708978 -0.10913076
v -0.38793945 0.01757807 -0.11157217
v -0.38891602 0.01074213 -0.10961904
v -0.38305664 0.00976557 -0.10961904
v -0.37622070 0.01025385 -0.10766592
v -0.38793945 0.02441400 -0.10961904
v -0.38940430 0.02197260 -0.10766592
v -0.36987305 0.01269525 -0.10375967
v -0.38305664 0.01757807 -0.11206045
v -0.37670898 0.01806635 -0.10961904
v -0.37084961 0.01806635 -0.10620108
v -0.38354492 0.02636713 -0.11010733
v -0.37719727 0.02685541 -0.10815420
v -0.38500977 0.01123041 -0.12182608
v -0.38647461 0.00781244 -0.12329092
v -0.38598633 0.00732416 -0.12280264
v -0.38403320 0.00878900 -0.12133779
v -0.38403320 0.01025385 -0.12475576
v -0.38305664 0.00830072 -0.12426748
v -0.38110352 0.01611322 -0.11889639
v -0.38012695 0.01025385 -0.11889639
v -0.37768555 0.01025385 -0.12377920
v -0.37768555 0.01562494 -0.12475576
v -0.37915039 0.02001947 -0.12231436
v -0.38500977 0.01220697 -0.12377920
v -0.37670898 0.01074213 -0.11645498
v -0.37622070 0.01025385 -0.11401358
v -0.37670898 0.01660150 -0.11254873
v -0.37573242 0.01855463 -0.11499014
v -0.37280273 0.00927728 -0.11010733
v -0.37426758 0.01708978 -0.10961904
v -0.37231445 0.02441400 -0.11108389
v -0.37524414 0.02246088 -0.11401358
v -0.36840820 0.00585932 -0.11547843
v -0.37280273 0.00683588 -0.11840811
v -0.37231445 0.01025385 -0.12231436
v -0.37182617 0.02343744 -0.11889639
v -0.37036133 0.01757807 -0.12280264
v -0.38891602 0.02832025 -0.10278311
v -0.37084961 0.02539057 -0.10473623
v -0.37084961 0.02587885 -0.11840811
v -0.36840820 0.02783197 -0.11694327
v -0.37329102 0.01562494 -0.05249014
v -0.36791992 0.01611322 -0.05346671
v -0.36352539 0.00976557 -0.06030264
v -0.36254883 0.01660150 -0.05786124
v -0.36352539 0.02343744 -0.05883780
v -0.35717773 0.01708978 -0.06176749
v -0.35717773 0.01171869 -0.06420889
v -0.36010742 0.00927728 -0.06957999
v -0.35815430 0.02343744 -0.06127921
v -0.35180664 0.01123041 -0.06518546
v -0.35083008 0.01757807 -0.06274405
v -0.35131836 0.02490228 -0.06323233
v -0.36645508 0.02832025 -0.06372061
v -0.36840820 0.02441400 -0.07055655
v -0.36157227 0.02929682 -0.06567374
v -0.35620117 0.03124994 -0.06713858
v -0.36450195 0.01171869 -0.07397452
v -0.36889648 0.01757807 -0.07348624
v -0.36596680 0.00830072 -0.08325186
v -0.36401367 0.01025385 -0.07592764
v -0.36938477 0.01855463 -0.07299795
v -0.36303711 0.02685541 -0.07397452
v -0.35620117 0.00781244 -0.07104483
v -0.34838867 0.00781244 -0.07397452
v -0.34985352 0.00830072 -0.08862296
v -0.36645508 0.00976557 -0.09008780
v -0.36450195 0.00830072 -0.09643546
v -0.34545898 0.01025385 -0.06713858
v -0.34204102 0.01757807 -0.06518546
v -0.33715820 0.02929685 -0.06665030
v -0.33911133 0.00732419 -0.07788077
v -0.33862305 0.00927731 -0.07153311
v -0.33422852 0.01660153 -0.07055655
v -0.36596680 0.03173822 -0.08178702
v -0.35815430 0.03027338 -0.07495108
v -0.36108398 0.03369135 -0.08227530
v -0.36450195 0.02685541 -0.08959952
v -0.36547852 0.03027338 -0.09741202
v -0.35961914 0.03027338 -0.08911124
v -0.35961914 0.03222650 -0.09594718
v -0.35375977 0.03955072 -0.08325186
v -0.35278320 0.03808588 -0.08813468
v -0.35229492 0.03857416 -0.09301749
v -0.35034180 0.03710932 -0.07592764
v -0.34790039 0.03710932 -0.06909171
v -0.34448242 0.04687494 -0.07690421
v -0.34008789 0.04541013 -0.07055656
v -0.33227539 0.04199216 -0.06713858
v -0.34692383 0.04785150 -0.08666984
v -0.33032227 0.05810542 -0.07104484
v -0.33862305 0.06005855 -0.07739250
v -0.34204102 0.06054683 -0.08666984
v -0.35717773 0.02929682 -0.10229483
v -0.34936523 0.03613275 -0.09887686
v -0.34399414 0.04589838 -0.09643546
v -0.33911133 0.06005855 -0.09545890
v -0.36157227 0.01074213 -0.10278311
v -0.36645508 0.01904291 -0.10522452
v -0.36694336 0.01025385 -0.10717764
v -0.36303711 0.00634760 -0.11206046
v -0.36938477 0.01806635 -0.10717764
v -0.35815430 0.00927728 -0.10864249
v -0.36254883 0.01220697 -0.10473624
v -0.36743164 0.01855463 -0.10571280
v -0.35424805 0.00830072 -0.10668936
v -0.36987305 0.00976557 -0.12329092
v -0.36499023 0.00878900 -0.12133780
v -0.35961914 0.01025385 -0.11743155
v -0.36694336 0.02392572 -0.10864249
v -0.36840820 0.01513666 -0.12475577
v -0.36352539 0.01562494 -0.12377921
v -0.36889648 0.02148432 -0.12377921
v -0.36450195 0.02294916 -0.12280264
v -0.35571289 0.01220697 -0.11303702
v -0.35961914 0.01660150 -0.11987296
v -0.36059570 0.02294916 -0.11938468
v -0.35522461 0.01757807 -0.11596671
v -0.35668945 0.02294916 -0.11596671
v -0.35034180 0.01123041 -0.11157218
v -0.34301758 0.00976557 -0.10913077
v -0.34643555 0.00781244 -0.10327139
v -0.33715820 0.00927731 -0.10473624
v -0.33862305 0.00732419 -0.09838858
v -0.34887695 0.01757807 -0.11450186
v -0.35034180 0.02441400 -0.11303702
v -0.33959961 0.01806638 -0.11157218
v -0.33764648 0.02929685 -0.10815421
v -0.36254883 0.02587885 -0.10424796
v -0.36450195 0.02783197 -0.11450186
v -0.36059570 0.02880853 -0.11254874
v -0.35571289 0.03076166 -0.10961905
v -0.34790039 0.03613275 -0.10620108
v -0.34057617 0.04492185 -0.10375968
v -0.33276367 0.05859371 -0.10327140
v -0.33374023 0.04248044 -0.10815421
v -0.33032227 0.02734372 -0.07104483
v -0.33032227 0.01660153 -0.07934561
v -0.33374023 0.00927731 -0.07885733
v -0.33618164 0.00683591 -0.08813468
v -0.33178711 0.00927731 -0.08862296
v -0.32641602 0.02636716 -0.07934561
v -0.33325195 0.00927731 -0.09790030
v -0.32739258 0.01562497 -0.08862296
v -0.32299805 0.02539060 -0.08862296
v -0.33032227 0.01660153 -0.09790030
v -0.32788086 0.02685544 -0.09692374
v -0.32446289 0.04052731 -0.07055655
v -0.31958008 0.04150388 -0.07788077
v -0.32055664 0.05615230 -0.07250968
v -0.31567383 0.05517574 -0.07690421
v -0.31909180 0.03662106 -0.08178702
v -0.31469727 0.04052731 -0.08325186
v -0.31518555 0.04345700 -0.07983390
v -0.31909180 0.03417966 -0.08862296
v -0.32104492 0.03662106 -0.09545889
v -0.31469727 0.03857419 -0.08911124
v -0.31030273 0.05371089 -0.08959953
v -0.31127930 0.05419917 -0.08227532
v -0.31616211 0.04052731 -0.09497061
v -0.31323242 0.05468746 -0.09643546
v -0.33325195 0.01660153 -0.10571280
v -0.33129883 0.02783200 -0.10424796
v -0.32641602 0.04052731 -0.10522452
v -0.32202148 0.04150388 -0.09936514
v -0.32299805 0.05664058 -0.10375968
v -0.31762695 0.04345700 -0.09790031
v -0.31860352 0.05566402 -0.10083000
v -0.39038086 0.24609369 -0.04321280
v -0.38403320 0.22802730 -0.04125968
v -0.37426758 0.21191402 -0.03979484
v -0.36206055 0.19677730 -0.03881828
v -0.38061523 0.24853511 -0.05932609
v -0.37573242 0.23095699 -0.05590812
v -0.36694336 0.21484371 -0.05346671
v -0.36108398 0.21630855 -0.06176750
v -0.36743164 0.23291011 -0.06420891
v -0.36987305 0.25097650 -0.06909171
v -0.39477539 0.26416010 -0.04516593
v -0.39770508 0.28369135 -0.04711906
v -0.39965820 0.30175775 -0.04467765
v -0.40063477 0.31982416 -0.04174796
v -0.38208008 0.26757807 -0.06225578
v -0.37915039 0.29003900 -0.06665031
v -0.36987305 0.26855463 -0.07348625
v -0.38305664 0.30908197 -0.06079094
v -0.36059570 0.31738275 -0.06323235
v -0.35815430 0.30468744 -0.07153313
v -0.33471680 0.08544917 -0.08666984
v -0.33129883 0.08496089 -0.07788078
v -0.32299805 0.08349605 -0.07299796
v -0.31469727 0.08203121 -0.07495109
v -0.33374023 0.08544917 -0.09594718
v -0.30688477 0.08007808 -0.07592766
v -0.30151367 0.07910152 -0.08227532
v -0.33032227 0.11083980 -0.08764640
v -0.32641602 0.11035152 -0.07739250
v -0.31713867 0.10888667 -0.07055656
v -0.33032227 0.11132808 -0.09790031
v -0.32153320 0.13330074 -0.07788078
v -0.32641602 0.13378902 -0.08764640
v -0.32543945 0.13427730 -0.09838859
v -0.30737305 0.10742183 -0.07250969
v -0.29809570 0.10546871 -0.07397453
v -0.31176758 0.13281246 -0.07153313
v -0.30200195 0.13183589 -0.07104485
v -0.32641602 0.08398433 -0.10327140
v -0.31713867 0.08251949 -0.10375968
v -0.30981445 0.08056636 -0.10522453
v -0.30297852 0.07910152 -0.09985344
v -0.30004883 0.07861324 -0.09106438
v -0.32250977 0.11035152 -0.10815421
v -0.31713867 0.13476558 -0.10913078
v -0.31079102 0.10839839 -0.10961907
v -0.30102539 0.10595699 -0.11108391
v -0.30444336 0.13378902 -0.11303703
v -0.32641602 0.14013667 -0.08764640
v -0.32153320 0.13964839 -0.07739250
v -0.31127930 0.14062496 -0.07153313
v -0.31274414 0.14746089 -0.07055656
v -0.32299805 0.14599605 -0.07641593
v -0.32788086 0.14648433 -0.08764640
v -0.32397461 0.14111324 -0.09790031
v -0.32592773 0.14794917 -0.09790031
v -0.33178711 0.17089839 -0.06762687
v -0.33032227 0.15917964 -0.07250968
v -0.31616211 0.15917964 -0.06665031
v -0.31909180 0.16894527 -0.06420890
v -0.34204102 0.18359371 -0.07348625
v -0.33862305 0.17480464 -0.07397453
v -0.33276367 0.17773433 -0.06665031
v -0.32055664 0.17431636 -0.06323234
v -0.33618164 0.16259761 -0.08569328
v -0.34448242 0.18017574 -0.08374015
v -0.33569336 0.16650386 -0.09790031
v -0.34545898 0.18798822 -0.09497062
v -0.30151367 0.14160152 -0.07055657
v -0.30297852 0.14990230 -0.07055657
v -0.30590820 0.16113277 -0.06860344
v -0.30786133 0.16943355 -0.06616203
v -0.30883789 0.17382808 -0.06469719
v -0.31567383 0.14257808 -0.10766593
v -0.31762695 0.15087886 -0.10766593
v -0.30346680 0.14404292 -0.11206047
v -0.30493164 0.15429683 -0.10913078
v -0.32690430 0.17187496 -0.10913078
v -0.33666992 0.19628900 -0.10620109
v -0.31225586 0.17626947 -0.11401360
v -0.31811523 0.20166010 -0.10961906
v -0.32592773 0.17871089 -0.05297844
v -0.30932617 0.17431636 -0.05541985
v -0.29370117 0.17626949 -0.06225579
v -0.25610352 0.19091792 -0.07543938
v -0.28149414 0.18701167 -0.07348625
v -0.22729492 0.19091794 -0.07055657
v -0.28979492 0.10351558 -0.08178703
v -0.28784180 0.10302730 -0.09301750
v -0.29125977 0.10302730 -0.10424797
v -0.29125977 0.13037105 -0.07397453
v -0.28393555 0.12939449 -0.08178703
v -0.28051758 0.12744136 -0.09350578
v -0.28442383 0.12499996 -0.10522453
v -0.29321289 0.13134761 -0.11157219
v -0.29028320 0.14257808 -0.07250969
v -0.29272461 0.15283199 -0.07397453
v -0.28198242 0.14306636 -0.07934563
v -0.28540039 0.15527339 -0.08178703
v -0.27905273 0.14257808 -0.08715813
v -0.29467773 0.16406246 -0.07202141
v -0.29614258 0.17187496 -0.06958000
v -0.29711914 0.17578121 -0.06860344
v -0.32202148 0.17871089 -0.06225578
v -0.30981445 0.17626949 -0.06372063
v -0.29760742 0.17773433 -0.06811516
v -0.28637695 0.16845699 -0.08032219
v -0.28686523 0.17822261 -0.07836907
v -0.28784180 0.18359371 -0.07739250
v -0.28198242 0.15673824 -0.09057610
v -0.28442383 0.17285152 -0.09057610
v -0.28247070 0.15527339 -0.10375969
v -0.28588867 0.16064449 -0.10229485
v -0.27856445 0.15234371 -0.09594719
v -0.27612305 0.14306636 -0.09350578
v -0.28881836 0.17675775 -0.10278313
v -0.28393555 0.18603510 -0.08959953
v -0.28686523 0.19287103 -0.09936516
v -0.29467773 0.14453121 -0.11108391
v -0.28735352 0.13574214 -0.11206047
v -0.28149414 0.13134761 -0.10620110
v -0.27758789 0.13330074 -0.09741203
v -0.28295898 0.13916011 -0.11108391
v -0.27856445 0.13769527 -0.10717766
v -0.27612305 0.13769527 -0.10131828
v -0.28881836 0.14453121 -0.11206047
v -0.28344727 0.14453121 -0.11108391
v -0.27807617 0.14404292 -0.10668938
v -0.29467773 0.15624996 -0.10815422
v -0.29956055 0.17822260 -0.11206047
v -0.28833008 0.15234371 -0.10913078
v -0.28344727 0.14941402 -0.10961907
v -0.27954102 0.14990230 -0.10571282
v -0.27661133 0.14892574 -0.10083000
v -0.27563477 0.14355464 -0.10034172
v -0.34741211 0.18457027 -0.03881828
v -0.35522461 0.20019527 -0.05249015
v -0.34155273 0.18798824 -0.05249016
v -0.35083008 0.20166011 -0.06079094
v -0.33715820 0.18896480 -0.06079094
v -0.36206055 0.21240230 -0.06762687
v -0.35083008 0.19824214 -0.06420890
v -0.33618164 0.18701167 -0.06372062
v -0.36840820 0.22851558 -0.07250969
v -0.32250977 0.18066402 -0.06127922
v -0.30981445 0.17724605 -0.06274407
v -0.33422852 0.18310542 -0.06616203
v -0.34692383 0.18945308 -0.07055656
v -0.35717773 0.19873042 -0.07836906
v -0.35083008 0.18994136 -0.08178703
v -0.34985352 0.19482417 -0.06713859
v -0.36108398 0.20654292 -0.07299796
v -0.35424805 0.19921869 -0.09252921
v -0.36157227 0.21044916 -0.08813468
v -0.36694336 0.22070308 -0.08081047
v -0.35961914 0.22412103 -0.09741203
v -0.34985352 0.20898432 -0.10229484
v -0.36840820 0.24609371 -0.07885735
v -0.36596680 0.23632807 -0.08959953
v -0.35034180 0.23486322 -0.10473625
v -0.35815430 0.25097650 -0.09790032
v -0.36352539 0.26220697 -0.08471672
v -0.34106445 0.21582025 -0.10766594
v -0.32788086 0.22070307 -0.11108391
v -0.33569336 0.24267574 -0.11059563
v -0.34252930 0.26171869 -0.10424797
v -0.30346680 0.20166010 -0.10913078
v -0.31713867 0.22119135 -0.11108391
v -0.30444336 0.21728510 -0.10717767
v -0.31860352 0.24316402 -0.11206047
v -0.30297852 0.23535150 -0.10961907
v -0.35375977 0.29101557 -0.08178703
v -0.34887695 0.27832025 -0.09350578
v -0.32006836 0.26416010 -0.10864250
v -0.32055664 0.28320307 -0.10278313
v -0.33227539 0.30224603 -0.08764641
v -0.33520508 0.31933588 -0.07153313
v -0.30053711 0.25195307 -0.10815423
v -0.29614258 0.26757807 -0.10522454
v -0.28930664 0.28417963 -0.10131829
v -0.31176758 0.30175775 -0.09448235
v -0.29760742 0.17871089 -0.06713860
v -0.28833008 0.18896480 -0.07592766
v -0.28930664 0.18798824 -0.07641594
v -0.28491211 0.19335932 -0.08813469
v -0.28540039 0.19775385 -0.08715813
v -0.28491211 0.20556636 -0.08520500
v -0.28588867 0.20214838 -0.08618157
v -0.27661133 0.20410152 -0.08471672
v -0.28686523 0.20214838 -0.09692375
v -0.28784180 0.21044916 -0.09545891
v -0.28686523 0.21777338 -0.09399407
v -0.28344727 0.22412103 -0.09301751
v -0.27416992 0.22460932 -0.09252923
v -0.28930664 0.23388666 -0.10180657
v -0.28491211 0.24414058 -0.09887689
v -0.27270508 0.25244135 -0.09594720
v -0.29223633 0.19824213 -0.10571282
v -0.29467773 0.21044916 -0.10278313
v -0.29321289 0.22265619 -0.10278314
v -0.25219727 0.21728511 -0.08959955
v -0.22778322 0.21435542 -0.08569330
v -0.24682619 0.23974605 -0.09252924
v -0.22778322 0.23681636 -0.09008783
v -0.26538086 0.26806635 -0.09448235
v -0.27563477 0.29345697 -0.09985345
v -0.25756836 0.28076166 -0.09692376
v -0.28930664 0.30957025 -0.09399407
v -0.23266603 0.25244135 -0.08911127
v -0.24584962 0.26269525 -0.08764642
v -0.24877931 0.27001947 -0.08715814
v -0.24243166 0.29345697 -0.09545892
v -0.25610352 0.30419916 -0.09985345
v -0.26635742 0.31738275 -0.09838860
v -0.24584962 0.27929682 -0.09008783
v -0.13061523 0.00927731 -0.11938471
v -0.12817383 0.01171872 -0.11596674
v -0.13061523 0.01464841 -0.11645502
v -0.13208008 0.01025388 -0.11987299
v -0.12329102 0.01367185 -0.11352533
v -0.12426758 0.02099606 -0.11352533
v -0.12475586 0.02539060 -0.11791986
v -0.13159180 0.01660153 -0.11889642
v -0.12768555 0.01220700 -0.12133783
v -0.12231445 0.01416013 -0.12231439
v -0.12963867 0.01464841 -0.12133783
v -0.12329102 0.02099606 -0.12231439
v -0.12377930 0.01269528 -0.13940424
v -0.12622070 0.00830075 -0.14184564
v -0.12524414 0.00781247 -0.14184564
v -0.12182618 0.01025388 -0.13989252
v -0.12280274 0.01269528 -0.14477533
v -0.12133790 0.00976560 -0.14379877
v -0.11743164 0.01318356 -0.09204096
v -0.11596680 0.01025388 -0.09252924
v -0.11059570 0.01220700 -0.09106439
v -0.11059570 0.01855466 -0.09057611
v -0.11938477 0.00830075 -0.09545892
v -0.12036133 0.00927731 -0.09497064
v -0.11254883 0.02294919 -0.09399408
v -0.11889648 0.01562497 -0.09350580
v -0.11303711 0.01953122 -0.09838861
v -0.11791992 0.01416013 -0.09643549
v -0.11254883 0.01318356 -0.09887689
v -0.11645508 0.01123044 -0.09692377
v -0.10375977 0.02001950 -0.09106439
v -0.10522461 0.01171872 -0.09155267
v -0.10864258 0.01269528 -0.10034174
v -0.09594727 0.01611325 -0.08813471
v -0.10180664 0.01611325 -0.08813471
v -0.10278320 0.00976560 -0.09057611
v -0.09692383 0.00878903 -0.09106439
v -0.09936523 0.00585935 -0.09838861
v -0.10473633 0.00732419 -0.09643549
v -0.09643555 0.02441403 -0.08959955
v -0.10180664 0.02343747 -0.08959955
v -0.09057617 0.01660153 -0.09155267
v -0.09057617 0.01025388 -0.09399408
v -0.09252930 0.00683591 -0.10034174
v -0.09106445 0.02392575 -0.09204096
v -0.10473633 0.02539060 -0.09545892
v -0.10327148 0.02783200 -0.09545892
v -0.09887695 0.03027341 -0.09643549
v -0.09301758 0.02929685 -0.09790033
v -0.10717773 0.02197263 -0.10034174
v -0.10913086 0.00927731 -0.10913080
v -0.10961914 0.01708981 -0.10571283
v -0.11450195 0.01757810 -0.10766596
v -0.11450195 0.01025388 -0.11010736
v -0.10961914 0.02734372 -0.10815424
v -0.11401367 0.02539060 -0.10961908
v -0.10278320 0.00927731 -0.10913080
v -0.10327148 0.01708981 -0.10620111
v -0.10278320 0.02685544 -0.10766596
v -0.11743164 0.01269528 -0.12280267
v -0.11694336 0.01220700 -0.11206049
v -0.11596680 0.02197263 -0.11157221
v -0.11596680 0.02246091 -0.12329096
v -0.11401368 0.02539060 -0.12475580
v -0.11499024 0.01806638 -0.12670892
v -0.11499023 0.00683591 -0.11743158
v -0.10961914 0.00585935 -0.11743158
v -0.10961915 0.00976560 -0.12524408
v -0.11499023 0.01074216 -0.12426752
v -0.10278320 0.00634763 -0.11694330
v -0.10327149 0.01025388 -0.12475580
v -0.10961915 0.01806638 -0.12817377
v -0.10717773 0.01025388 -0.10229486
v -0.10180664 0.00927731 -0.10473627
v -0.10571289 0.02441403 -0.10180658
v -0.10717773 0.01708981 -0.10375971
v -0.10278320 0.01708981 -0.10668939
v -0.09692383 0.01708981 -0.10717767
v -0.09545898 0.01025388 -0.10620111
v -0.09741211 0.01757810 -0.10766596
v -0.09643555 0.01171872 -0.11059564
v -0.09643555 0.00927731 -0.11694330
v -0.10083008 0.02587888 -0.10424799
v -0.09643555 0.02490231 -0.10913080
v -0.09399414 0.02490231 -0.10522455
v -0.09301758 0.01708981 -0.10766596
v -0.09008789 0.01171872 -0.10717767
v -0.08569336 0.00878903 -0.10229486
v -0.08911133 0.02539060 -0.10717767
v -0.09350586 0.01757810 -0.10815424
v -0.09692383 0.01171872 -0.12280267
v -0.10375977 0.01806638 -0.12719721
v -0.09838868 0.01806638 -0.12573236
v -0.08764648 0.01025388 -0.11010736
v -0.08813477 0.00927731 -0.11645502
v -0.08715820 0.01123044 -0.12329096
v -0.11352539 0.02978513 -0.11694330
v -0.10913086 0.03222653 -0.11694330
v -0.10278320 0.03320310 -0.11645502
v -0.11450195 0.02783200 -0.11743158
v -0.10961915 0.02734372 -0.12524408
v -0.09643555 0.03076169 -0.11596674
v -0.08813477 0.03076169 -0.09887689
v -0.08959961 0.03173825 -0.11547846
v -0.10327149 0.02734372 -0.12475580
v -0.09692384 0.02587888 -0.12329096
v -0.08764649 0.02734372 -0.12329096
v -0.08422852 0.01708981 -0.09350581
v -0.08520508 0.02441403 -0.09301753
v -0.08422852 0.01171872 -0.09643549
v -0.07836914 0.01074216 -0.09643549
v -0.07690430 0.01757810 -0.09399409
v -0.07788086 0.02539060 -0.09399409
v -0.08276367 0.03271481 -0.09887690
v -0.06469727 0.02832028 -0.09301753
v -0.06713867 0.01757810 -0.09448237
v -0.07543945 0.03759763 -0.09838862
v -0.06762695 0.04589841 -0.09838863
v -0.05932617 0.04248044 -0.09350581
v -0.05688477 0.01611325 -0.09741206
v -0.05346680 0.02636716 -0.09497065
v -0.04956055 0.04101560 -0.09643549
v -0.08129883 0.00781247 -0.10278315
v -0.07202148 0.00683591 -0.10375971
v -0.06958008 0.00976560 -0.09741206
v -0.07250977 0.00927731 -0.12036128
v -0.09350587 0.01318356 -0.12768549
v -0.09155274 0.01074216 -0.13208002
v -0.08471680 0.00976560 -0.12915033
v -0.06079102 0.00927731 -0.10083003
v -0.06274414 0.00634763 -0.10668940
v -0.05151368 0.00976560 -0.11645503
v -0.05541992 0.00927731 -0.10620112
v -0.05737305 0.00732419 -0.11743159
v -0.08178712 0.01074216 -0.13500971
v -0.07348634 0.00878903 -0.13842767
v -0.06567384 0.00781247 -0.13500971
v -0.08227539 0.02929685 -0.10766596
v -0.08422852 0.03369138 -0.11450190
v -0.07446289 0.03564450 -0.10717768
v -0.07739258 0.03906247 -0.11450190
v -0.08227540 0.03124997 -0.12133784
v -0.09594727 0.01855466 -0.12622064
v -0.09399415 0.01855466 -0.12524408
v -0.09399415 0.02490231 -0.12768549
v -0.09204102 0.02880856 -0.13256830
v -0.08569337 0.03027341 -0.13012689
v -0.08081055 0.03271481 -0.12768549
v -0.07641602 0.03808591 -0.11938471
v -0.07543946 0.03906247 -0.12329096
v -0.06762695 0.04541013 -0.10668941
v -0.07055665 0.04833981 -0.11645503
v -0.05102539 0.06347653 -0.09106441
v -0.05883789 0.06445310 -0.09594722
v -0.06127930 0.06445310 -0.10327144
v -0.06420899 0.06591794 -0.11206050
v -0.07055665 0.03662106 -0.12915033
v -0.06518555 0.04687497 -0.12524408
v -0.05932618 0.06640622 -0.11987300
v -0.07641602 0.02929685 -0.13305658
v -0.04174805 0.06347653 -0.09350581
v -0.04956055 0.01562497 -0.10424799
v -0.04370117 0.02490231 -0.10180659
v -0.04565430 0.01611325 -0.11499018
v -0.04077149 0.02587888 -0.11352534
v -0.05151368 0.01025388 -0.12670894
v -0.05786133 0.00732419 -0.12915033
v -0.04565430 0.01660153 -0.12573238
v -0.04077149 0.02685544 -0.12524410
v -0.03979493 0.03955075 -0.10083003
v -0.03198243 0.06201169 -0.09692378
v -0.03735352 0.04052731 -0.11157221
v -0.02856446 0.06249997 -0.10815425
v -0.03686524 0.04150388 -0.12329096
v -0.03149414 0.06445310 -0.11938472
v -0.04711915 0.02880856 -0.13500972
v -0.04565430 0.04345700 -0.13012691
v -0.03930665 0.06591794 -0.12524410
v -0.11743165 0.01220700 -0.13745111
v -0.11840821 0.01757810 -0.13696283
v -0.11840821 0.02294919 -0.14135736
v -0.12475587 0.01513669 -0.14233392
v -0.11596680 0.01171872 -0.14428705
v -0.11010743 0.01123044 -0.14379877
v -0.11303712 0.01123044 -0.13500971
v -0.11254884 0.01953122 -0.13403314
v -0.11010743 0.02539060 -0.13891596
v -0.10766602 0.01757810 -0.12768549
v -0.11206055 0.01757810 -0.13061517
v -0.11157227 0.01025388 -0.13256830
v -0.10717774 0.00927731 -0.12963861
v -0.10424805 0.00585935 -0.13696283
v -0.10913087 0.00683591 -0.13891596
v -0.10668946 0.02587888 -0.12963861
v -0.11108399 0.02392575 -0.13208002
v -0.11596680 0.01806638 -0.14526361
v -0.10913087 0.01757810 -0.14477533
v -0.10620118 0.01806638 -0.14721674
v -0.10668946 0.01025388 -0.14526361
v -0.09790040 0.00683591 -0.13452142
v -0.10034180 0.01074216 -0.12817377
v -0.10131837 0.01806638 -0.12670892
v -0.10083009 0.02636716 -0.12817377
v -0.10131837 0.00927731 -0.14428705
v -0.09545899 0.01025388 -0.14135736
v -0.08959962 0.01220700 -0.13745111
v -0.10083009 0.01806638 -0.14672846
v -0.10913087 0.02246091 -0.14331049
v -0.10717774 0.02539060 -0.14477533
v -0.09497071 0.01806638 -0.14379877
v -0.09545899 0.00976560 -0.14819330
v -0.09692384 0.01660153 -0.14721674
v -0.09643555 0.01904294 -0.15014642
v -0.09594727 0.01074216 -0.15161127
v -0.09350587 0.01757810 -0.14282221
v -0.09204102 0.00976560 -0.14379877
v -0.08764649 0.00585935 -0.14868158
v -0.09204102 0.00732419 -0.15258783
v -0.08959962 0.01904294 -0.14038080
v -0.09204102 0.02539060 -0.14477533
v -0.09545899 0.02294919 -0.14868158
v -0.09985352 0.01025388 -0.15454096
v -0.10083009 0.01660153 -0.15356439
v -0.10327149 0.00878903 -0.15698236
v -0.10229493 0.00830075 -0.15942377
v -0.09692384 0.01025388 -0.15844721
v -0.10473634 0.01123044 -0.15698236
v -0.09204102 0.01025388 -0.15649408
v -0.10473634 0.01318356 -0.15991205
v -0.09887696 0.02148435 -0.15795892
v -0.09204102 0.02441403 -0.15405267
v -0.10864259 0.02832028 -0.13842767
v -0.10424805 0.03076169 -0.13647455
v -0.09838868 0.03124997 -0.13452142
v -0.10180665 0.02734372 -0.14428705
v -0.09545899 0.02734372 -0.14184564
v -0.08959962 0.02539060 -0.13793939
v -0.09106446 0.02685544 -0.15356439
v -0.08764649 0.02978513 -0.15063471
v -0.10620118 0.00781247 -0.15893549
v -0.10522462 0.00732419 -0.15844721
v -0.10327149 0.01025388 -0.16088861
v -0.09643555 0.01562497 -0.15991205
v -0.09008790 0.01806638 -0.15747064
v -0.08227540 0.01269528 -0.13842767
v -0.08666993 0.01074216 -0.14086908
v -0.08227540 0.00732419 -0.14477533
v -0.07739259 0.01123044 -0.14135736
v -0.08813477 0.01855466 -0.13989252
v -0.08618165 0.01855466 -0.13891596
v -0.08520509 0.01904294 -0.13842767
v -0.08618165 0.02441403 -0.14184564
v -0.08325196 0.00878903 -0.15454096
v -0.08862305 0.00927731 -0.15698236
v -0.07836915 0.01025388 -0.15014642
v -0.07446290 0.01269528 -0.14526361
v -0.07739259 0.01708981 -0.15258783
v -0.08178712 0.01611325 -0.15698236
v -0.08666993 0.01562497 -0.15893549
v -0.07299805 0.01806638 -0.14819330
v -0.06860352 0.01171872 -0.14282221
v -0.06176759 0.01074216 -0.13940424
v -0.05444336 0.01025388 -0.13354488
v -0.06713868 0.01855466 -0.14477533
v -0.08276368 0.02441403 -0.15600580
v -0.07885743 0.02392575 -0.15161127
v -0.07446290 0.02441403 -0.14819330
v -0.05883790 0.01855466 -0.14038080
v -0.08178712 0.02587888 -0.13696283
v -0.08276368 0.02880856 -0.14721674
v -0.07836915 0.02929685 -0.14379877
v -0.07348634 0.03124997 -0.14038080
v -0.08764649 0.02246091 -0.15844721
v -0.06811524 0.02539060 -0.14379877
v -0.06762696 0.03710935 -0.13696283
v -0.05786134 0.03027341 -0.13989252
v -0.06225587 0.04785153 -0.13256830
v -0.05346680 0.06640622 -0.12426753
v -0.05346680 0.04589841 -0.13745113
v -0.05053711 0.01806638 -0.13500972
v -0.04711915 0.06738278 -0.12915035
v -0.20043945 0.19384763 -0.06665032
v -0.11840820 0.14794919 -0.07739253
v -0.12719727 0.16796872 -0.06860346
v -0.13305664 0.17089841 -0.07446284
v -0.12817383 0.14843747 -0.08959956
v -0.12084961 0.17382810 -0.04907222
v -0.12915039 0.18017575 -0.05688471
v -0.11352539 0.16259763 -0.05883784
v -0.10571289 0.14697263 -0.06909174
v -0.13745119 0.17480464 -0.10180659
v -0.12915039 0.14892575 -0.10375971
v -0.13745117 0.17431636 -0.08569331
v -0.12280274 0.13281247 -0.09252924
v -0.11206055 0.13183591 -0.08276362
v -0.12426759 0.13476560 -0.10522456
v -0.12866212 0.17529292 -0.11743159
v -0.12182618 0.14941403 -0.11596674
v -0.11840821 0.13623044 -0.11645503
v -0.17895508 0.19775388 -0.06616205
v -0.16772461 0.18896481 -0.05053705
v -0.20678711 0.28564450 -0.05395502
v -0.22485352 0.28857419 -0.05444330
v -0.22729492 0.29882810 -0.03442377
v -0.20727539 0.29687497 -0.03344721
v -0.22827148 0.29101560 -0.05737299
v -0.22973634 0.27490231 -0.07495111
v -0.23461916 0.27929682 -0.07495111
v -0.23364259 0.28466794 -0.07739252
v -0.22680666 0.29492185 -0.06225580
v -0.23168945 0.29980466 -0.03784174
v -0.23217773 0.30126950 -0.04125971
v -0.22631836 0.30712888 -0.05249017
v -0.22875978 0.29394528 -0.08276361
v -0.22045900 0.30273435 -0.07153314
v -0.21850587 0.31347653 -0.06323236
v -0.21118166 0.26611325 -0.07836908
v -0.20727539 0.29882810 -0.03149408
v -0.18383789 0.29589841 -0.03491206
v -0.19165041 0.31201169 -0.05639643
v -0.21362305 0.30761716 -0.04321283
v -0.18432617 0.28417966 -0.05444331
v -0.18383789 0.29492185 -0.03588862
v -0.19262697 0.30957028 -0.05834955
v -0.21411133 0.30468747 -0.04516596
v -0.18481447 0.26562497 -0.07202143
v -0.20336914 0.21533200 -0.08178705
v -0.20581056 0.24023433 -0.08618158
v -0.18188477 0.21728513 -0.07690424
v -0.18334962 0.24121089 -0.07934565
v -0.22583009 0.30810541 -0.10131830
v -0.21801759 0.30712888 -0.09301752
v -0.21118166 0.31201169 -0.08227533
v -0.23461916 0.31494135 -0.10620111
v -0.16381836 0.19384763 -0.06030268
v -0.14819336 0.19042966 -0.05834956
v -0.14770508 0.18798825 -0.04907221
v -0.15551758 0.18994138 -0.06518549
v -0.16333008 0.19287106 -0.06469721
v -0.10278320 0.16406247 -0.04565424
v -0.13500977 0.18212888 -0.06225581
v -0.16284180 0.19482419 -0.06616205
v -0.16235352 0.20068356 -0.06469721
v -0.15258789 0.20214841 -0.06079096
v -0.15502930 0.19189450 -0.06713861
v -0.16235352 0.21679685 -0.06909174
v -0.15258789 0.21533200 -0.06274409
v -0.14526367 0.19970700 -0.06079096
v -0.14770508 0.18749997 -0.06811517
v -0.14672852 0.21337888 -0.06274408
v -0.14038086 0.17968747 -0.06860346
v -0.14819336 0.18554685 -0.06616205
v -0.13891602 0.18603513 -0.07006831
v -0.14038086 0.18164060 -0.07055659
v -0.14526367 0.20556638 -0.07299799
v -0.16235352 0.28515622 -0.05346674
v -0.16821289 0.29296872 -0.03930659
v -0.16186525 0.26562497 -0.06811518
v -0.13403320 0.29101560 -0.04858394
v -0.13793947 0.26953122 -0.07055660
v -0.10522462 0.28759763 -0.05200191
v -0.10864259 0.27197263 -0.07495113
v -0.16333008 0.23974605 -0.07202143
v -0.14770508 0.23632810 -0.06958003
v -0.14331055 0.19775388 -0.08276361
v -0.14526369 0.22705075 -0.08129878
v -0.14086916 0.21240230 -0.09399409
v -0.13989259 0.19775386 -0.09838862
v -0.13305666 0.24609371 -0.09057613
v -0.12915041 0.22314449 -0.10327144
v -0.12866212 0.20068355 -0.11108393
v -0.10913087 0.15039060 -0.12377924
v -0.11157227 0.17626949 -0.12475581
v -0.11059571 0.20214839 -0.11743159
v -0.11108400 0.22851558 -0.11303706
v -0.11010743 0.25244138 -0.09741206
v -0.13256837 0.31347653 -0.11254878
v -0.12768556 0.28808591 -0.09497066
v -0.14282228 0.29150388 -0.07592768
v -0.15112306 0.30810544 -0.08618159
v -0.13012697 0.31494138 -0.11108394
v -0.14916994 0.31005856 -0.08422846
v -0.11254884 0.30273435 -0.12866206
v -0.11254884 0.28271481 -0.11303706
v -0.11010744 0.30371091 -0.12670894
v -0.08666992 0.16406247 -0.04516597
v -0.09936523 0.15820310 -0.05493159
v -0.09545898 0.14501950 -0.06274409
v -0.08374023 0.15722653 -0.05200190
v -0.08178711 0.14550778 -0.05932612
v -0.06713867 0.17236325 -0.04809566
v -0.06665039 0.16357419 -0.05493160
v -0.06713867 0.15087888 -0.06274410
v -0.09008789 0.13378903 -0.07250971
v -0.08129883 0.13623044 -0.06762691
v -0.06762695 0.14160153 -0.06860347
v -0.05346680 0.17138669 -0.07006831
v -0.05151368 0.18115231 -0.06420894
v -0.05688477 0.15966794 -0.07592769
v -0.09545899 0.11132810 -0.10620112
v -0.07983399 0.10253903 -0.10620113
v -0.07934571 0.10205075 -0.09497066
v -0.09741212 0.11181638 -0.09350581
v -0.07446290 0.10693356 -0.11596675
v -0.09008790 0.11621091 -0.11791987
v -0.10668946 0.11669919 -0.09790034
v -0.10424805 0.11669919 -0.10620112
v -0.10278321 0.11962888 -0.11401362
v -0.07250977 0.10595700 -0.08666988
v -0.06713867 0.09472653 -0.09643550
v -0.06079102 0.09814450 -0.08862300
v -0.08618164 0.11425778 -0.08227534
v -0.07299805 0.11962888 -0.07592769
v -0.06225586 0.11132810 -0.08178706
v -0.05102539 0.10302731 -0.08422847
v -0.05883789 0.08349606 -0.09887691
v -0.06079102 0.08349606 -0.10766597
v -0.05590821 0.08544919 -0.11547847
v -0.06762696 0.09521481 -0.10571285
v -0.06323243 0.09863278 -0.11401363
v -0.06274415 0.08984372 -0.10668941
v -0.06127930 0.08984372 -0.09741206
v -0.05493164 0.09130856 -0.08959956
v -0.05834962 0.09228513 -0.11450191
v -0.07885743 0.12402341 -0.12426753
v -0.06420899 0.11523435 -0.11938472
v -0.05493165 0.10400388 -0.11889644
v -0.05004884 0.09619138 -0.12084956
v -0.11743165 0.12744138 -0.09106440
v -0.11157227 0.12158200 -0.09350581
v -0.10473633 0.12109372 -0.08666987
v -0.12084962 0.12646481 -0.09790034
v -0.11645509 0.12304685 -0.09936518
v -0.11254884 0.12011716 -0.10083003
v -0.12133790 0.12792966 -0.10620112
v -0.09985352 0.13330075 -0.07592768
v -0.09350586 0.12255856 -0.07885737
v -0.11743165 0.12402341 -0.10620112
v -0.11206055 0.12109372 -0.10620112
v -0.10961915 0.12207028 -0.11108393
v -0.11303712 0.12499997 -0.11254878
v -0.11743165 0.12939450 -0.11401362
v -0.10620118 0.12548825 -0.11743159
v -0.11206055 0.13134763 -0.11791987
v -0.10522462 0.13769528 -0.12133784
v -0.09790040 0.12744138 -0.12133784
v -0.09545899 0.15234372 -0.12280268
v -0.09350587 0.14160153 -0.12182612
v -0.08813477 0.13330075 -0.12426753
v -0.09399415 0.17626949 -0.12475581
v -0.08129884 0.14746091 -0.11694331
v -0.08325196 0.15478513 -0.11450191
v -0.08081055 0.17529294 -0.11352535
v -0.08081055 0.13330075 -0.07104488
v -0.06811523 0.13818356 -0.07153316
v -0.07885742 0.12744138 -0.07348628
v -0.06567383 0.13427731 -0.07250972
v -0.05932618 0.12646481 -0.07299800
v -0.05151368 0.11718747 -0.07885738
v -0.05932618 0.15039060 -0.07983394
v -0.05932618 0.14648435 -0.08081050
v -0.04956055 0.13574216 -0.08227535
v -0.05639649 0.14306638 -0.08129878
v -0.07543946 0.14160153 -0.12182613
v -0.06616212 0.13330075 -0.12426753
v -0.05493165 0.12207028 -0.12182613
v -0.04028321 0.11132810 -0.12036128
v -0.04809571 0.10742185 -0.12036128
v -0.06958009 0.15136716 -0.10913081
v -0.06372071 0.14794919 -0.11206050
v -0.05493165 0.14013669 -0.11499019
v -0.04711915 0.12695310 -0.11352535
v -0.06958009 0.15722653 -0.10913081
v -0.06567384 0.17285153 -0.10766597
v -0.05639649 0.14794919 -0.09741206
v -0.05932618 0.15234372 -0.09643550
v -0.05932618 0.15673825 -0.09594722
v -0.05590821 0.16796872 -0.09399410
v -0.07495118 0.19677731 -0.11206050
v -0.06225587 0.19042966 -0.10131831
v -0.05102540 0.18115231 -0.08911128
v -0.05004884 0.14013669 -0.09887691
v -0.02661133 0.18603513 -0.04956051
v -0.00219727 0.17431638 -0.04760739
v 0.04125977 0.15136716 -0.04370114
v -0.05395508 0.08398435 -0.09106441
v -0.04370118 0.08593747 -0.08618160
v -0.03295899 0.08789060 -0.08666988
v -0.02270508 0.08984372 -0.09008785
v -0.04565430 0.09472653 -0.08422847
v -0.04028321 0.10839841 -0.08325191
v -0.03442383 0.09912106 -0.08227535
v -0.02661133 0.10253903 -0.08520504
v -0.03198243 0.11279294 -0.08959956
v -0.04370118 0.12402341 -0.08666988
v -0.04858399 0.08740231 -0.12084956
v -0.03979493 0.08935544 -0.12280269
v -0.01977539 0.08691403 -0.10424801
v -0.03149415 0.09082028 -0.12475581
v -0.02319336 0.09130856 -0.11694332
v -0.04077149 0.09960935 -0.12377925
v -0.03295899 0.10253903 -0.12475581
v -0.02612305 0.10449216 -0.12036129
v -0.03295899 0.11376950 -0.11450191
v -0.02124024 0.10498044 -0.08959957
v -0.01782227 0.09716794 -0.09252926
v -0.01635743 0.09521481 -0.10327145
v -0.02465821 0.11181638 -0.09301754
v -0.01733399 0.10693356 -0.09545895
v -0.01586914 0.10205075 -0.09643551
v -0.01489258 0.10156247 -0.10278317
v -0.02026368 0.11083981 -0.09643551
v -0.01879883 0.09814450 -0.11303707
v -0.01635743 0.10253903 -0.10913082
v -0.01635743 0.10791013 -0.10229488
v -0.01977540 0.11230466 -0.10229488
v -0.02514649 0.11523435 -0.10229488
v -0.01782227 0.10742185 -0.10961910
v -0.02172852 0.10595700 -0.11547848
v -0.02026368 0.11132810 -0.10815426
v -0.02514649 0.11279294 -0.11157223
v -0.04223634 0.12792966 -0.10034175
v -0.03149414 0.11865231 -0.10180660
v -0.04760743 0.19384763 -0.08276363
v -0.07836915 0.27880856 -0.05444332
v -0.08081055 0.26708981 -0.07885738
v -0.05493165 0.26269528 -0.05639645
v -0.05834962 0.25195310 -0.07788082
v -0.09106447 0.20166011 -0.12182612
v -0.08764650 0.22705074 -0.11596675
v -0.08471680 0.24853513 -0.09887692
v -0.06958009 0.21826169 -0.10668942
v -0.05737305 0.20654294 -0.09497066
v -0.06420899 0.23681638 -0.09399410
v -0.05053712 0.22070310 -0.08666988
v -0.09545900 0.29150388 -0.14282222
v -0.09741212 0.27587888 -0.12915035
v -0.09301759 0.29248044 -0.14086910
v -0.04516602 0.23144528 -0.07348629
v -0.04467774 0.19384763 -0.05102535
v -0.05004883 0.18994138 -0.05786129
v -0.04467774 0.20263669 -0.07690425
v -0.03491211 0.21289060 -0.06372066
v -0.04174805 0.21093747 -0.06909175
v -0.00512696 0.20166013 -0.06079098
v 0.04956055 0.17187497 -0.05444333
v -0.03540039 0.23876950 -0.06127926
v 0.00024414 0.22460935 -0.05395504
v 0.05493164 0.19580075 -0.04565427
v -0.08276369 0.26757810 -0.14428706
v -0.07641604 0.27587888 -0.15551753
v -0.07006838 0.28320310 -0.16674800
v -0.08618166 0.31005856 -0.16577144
v -0.10913088 0.32910153 -0.15258785
v -0.08422854 0.31103513 -0.16381831
v -0.10668948 0.33056638 -0.15063472
v -0.06274416 0.29052731 -0.17895503
v -0.06420901 0.32714841 -0.20239253
v -0.05395510 0.29687497 -0.19213864
v -0.06176760 0.32812497 -0.19995113
v -0.40063477 0.33789057 -0.03881828
v -0.39624023 0.35498041 -0.03442375
v -0.39135742 0.37402338 -0.03100578
v -0.38354492 0.32617182 -0.05444328
v -0.38208008 0.34130853 -0.04711906
v -0.36206055 0.33105463 -0.05541984
v -0.36352539 0.34667963 -0.05249016
v -0.38110352 0.35791010 -0.04370110
v -0.37915039 0.37646478 -0.04174797
v -0.36450195 0.36279291 -0.05102532
v -0.36303711 0.37939447 -0.04516594
v -0.38745117 0.39501947 -0.02758781
v -0.37475586 0.39599603 -0.03588860
v -0.38354492 0.41259760 -0.02465813
v -0.38354492 0.42626947 -0.02368157
v -0.37231445 0.41406244 -0.03295891
v -0.37231445 0.42919916 -0.03149407
v -0.36108398 0.39794916 -0.04223625
v -0.49291992 0.43603510 -0.00707999
v -0.49096680 0.43603510 -0.00707999
v -0.49194336 0.43847650 -0.01147452
v -0.49340820 0.43945307 -0.01147452
v -0.49536133 0.44335932 -0.01147452
v -0.48999023 0.43847650 -0.01049796
v -0.49291992 0.44580072 -0.01635733
v -0.49096680 0.44238275 -0.01635733
v -0.48950195 0.44091791 -0.01586905
v -0.48803711 0.43749994 -0.01196280
v -0.48608398 0.43310541 -0.01147452
v -0.48315430 0.42968744 -0.01098624
v -0.48803711 0.43994135 -0.00952140
v -0.48803711 0.44042963 -0.01098624
v -0.48461914 0.44287103 -0.01147452
v -0.48754883 0.44042963 -0.01489249
v -0.48559570 0.44189447 -0.01293937
v -0.48510742 0.43945307 -0.01684562
v -0.48364258 0.43505853 -0.01684562
v -0.48071289 0.43212885 -0.01586905
v -0.48510742 0.44238275 -0.01538077
v -0.49682617 0.44775385 -0.01245108
v -0.49780273 0.45410150 -0.01391593
v -0.49584961 0.44775385 -0.01293936
v -0.49389648 0.44970697 -0.01586905
v -0.49780273 0.45996088 -0.01489249
v -0.49633789 0.45361322 -0.01538077
v -0.49584961 0.44873041 -0.01342765
v -0.49633789 0.45947260 -0.01733390
v -0.49536133 0.45019525 -0.01342765
v -0.49536133 0.45263666 -0.01489249
v -0.49487305 0.45410150 -0.01538077
v -0.49487305 0.45556635 -0.01635733
v -0.49438477 0.45849603 -0.01782218
v -0.49487305 0.44970697 -0.01342765
v -0.49389648 0.45068353 -0.01538077
v -0.49438477 0.45019525 -0.01342765
v -0.49438477 0.45068353 -0.01342765
v -0.49438477 0.45214838 -0.01440421
v -0.49340820 0.45166010 -0.01538077
v -0.49389648 0.45214838 -0.01538077
v -0.48999023 0.45312494 -0.02026359
v -0.48999023 0.45458978 -0.01977530
v -0.49389648 0.45361322 -0.01489249
v -0.49340820 0.45361322 -0.01538077
v -0.49291992 0.45507807 -0.01489249
v -0.49340820 0.45556635 -0.01489249
v -0.49340820 0.45654291 -0.01538077
v -0.49047852 0.45507807 -0.01977530
v -0.49096680 0.45605463 -0.01928702
v -0.49291992 0.45556635 -0.01538077
v -0.49145508 0.45703119 -0.01879874
v -0.49194336 0.45751947 -0.01440421
v -0.49194336 0.45703119 -0.01489249
v -0.48071289 0.44140619 -0.00952140
v -0.48461914 0.44677728 -0.01098624
v -0.47680664 0.44287103 -0.01342765
v -0.47924805 0.44531244 -0.01684562
v -0.48022461 0.44433588 -0.01977530
v -0.48217773 0.44384760 -0.01684562
v -0.48071289 0.44824213 -0.01489249
v -0.48510742 0.44335932 -0.02026358
v -0.48364258 0.44287103 -0.01879874
v -0.48022461 0.44140619 -0.02075187
v -0.47924805 0.43749994 -0.02075187
v -0.48657227 0.44531244 -0.02124015
v -0.48852539 0.44921869 -0.02124015
v -0.47875977 0.44384760 -0.02270499
v -0.47973633 0.44482416 -0.02416983
v -0.48120117 0.44677728 -0.02514640
v -0.48315430 0.45214838 -0.02563468
v -0.48510742 0.45800775 -0.02416984
v -0.48608398 0.45898432 -0.02416984
v -0.48754883 0.46044916 -0.02368155
v -0.47973633 0.42919916 -0.01000968
v -0.47485352 0.43115228 -0.01196280
v -0.46752930 0.43408197 -0.01538077
v -0.47827148 0.43066400 -0.01440421
v -0.47485352 0.43212885 -0.01782218
v -0.47729492 0.43408197 -0.01977530
v -0.46850586 0.43457025 -0.02075187
v -0.47875977 0.44335932 -0.00268546
v -0.47875977 0.44189447 -0.00317374
v -0.47729492 0.44091791 -0.00268546
v -0.47485352 0.44531244 -0.00512687
v -0.47436523 0.44384760 -0.00610343
v -0.47338867 0.44238275 -0.00512687
v -0.47192383 0.44677728 -0.02026359
v -0.46997070 0.44482416 -0.01684562
v -0.47729492 0.44482416 -0.02026358
v -0.47631836 0.44873041 -0.01782218
v -0.46801758 0.44873041 -0.00756827
v -0.46704102 0.44677728 -0.00903312
v -0.45825195 0.45361322 -0.00952140
v -0.45922852 0.44921869 -0.01977531
v -0.47143555 0.43994135 -0.02465812
v -0.46997070 0.43652338 -0.02319327
v -0.47241211 0.44287103 -0.02465812
v -0.45727539 0.43749994 -0.02368156
v -0.45825195 0.44042963 -0.02563468
v -0.46020508 0.44433588 -0.02758781
v -0.47290039 0.44580072 -0.02319327
v -0.47290039 0.44482416 -0.02270499
v -0.47387695 0.44384760 -0.02514640
v -0.47485352 0.44482416 -0.02709952
v -0.47241211 0.44921869 -0.01977531
v -0.47827148 0.45458978 -0.02905265
v -0.47583008 0.44677728 -0.02807609
v -0.47924805 0.46337885 -0.02709952
v -0.47290039 0.44726557 -0.02954093
v -0.47583008 0.45556635 -0.03051749
v -0.47729492 0.46337885 -0.02856437
v -0.47045898 0.44433588 -0.02612296
v -0.46997070 0.44531244 -0.02368155
v -0.46850586 0.45019525 -0.02124015
v -0.46166992 0.45166010 -0.02368156
v -0.46215820 0.45068353 -0.02661124
v -0.46118164 0.44775385 -0.02807609
v -0.47143555 0.44482416 -0.02807609
v -0.46899414 0.44677728 -0.02905265
v -0.46997070 0.44873041 -0.03002921
v -0.47338867 0.45703119 -0.03100578
v -0.46801758 0.44580072 -0.02709952
v -0.46704102 0.44677728 -0.02465812
v -0.46215820 0.45019525 -0.02856437
v -0.46313477 0.45068353 -0.03051749
v -0.46411133 0.45312494 -0.03149406
v -0.46704102 0.46044916 -0.03149406
v -0.49633789 0.46582025 -0.01538077
v -0.49487305 0.46484369 -0.01831046
v -0.49194336 0.45800775 -0.01489249
v -0.49291992 0.45800775 -0.01635733
v -0.49047852 0.45898432 -0.01733390
v -0.49291992 0.47119135 -0.01538077
v -0.49243164 0.46972650 -0.01879874
v -0.48901367 0.46044916 -0.01440421
v -0.48901367 0.45996088 -0.01538077
v -0.48950195 0.46142572 -0.01440421
v -0.49096680 0.46240228 -0.01684562
v -0.48657227 0.46484369 -0.01440421
v -0.48559570 0.46435541 -0.01440421
v -0.48559570 0.46337885 -0.01586905
v -0.48754883 0.46289057 -0.01977530
v -0.48852539 0.46582025 -0.01733390
v -0.48657227 0.46777338 -0.01831046
v -0.48510742 0.46679682 -0.01538077
v -0.48364258 0.46582025 -0.01684562
v -0.48364258 0.46679682 -0.01635734
v -0.48510742 0.46874994 -0.01879874
v -0.48413086 0.46728510 -0.01586905
v -0.48803711 0.47509760 -0.01635734
v -0.48901367 0.47265619 -0.01977530
v -0.47973633 0.47851557 -0.01684562
v -0.48168945 0.47705072 -0.01635734
v -0.49291992 0.46337885 -0.01879874
v -0.49047852 0.46777338 -0.01977530
v -0.48803711 0.47021478 -0.02026359
v -0.48803711 0.46191400 -0.02221671
v -0.48510742 0.46630853 -0.02416984
v -0.48510742 0.46630853 -0.02026359
v -0.48364258 0.46533197 -0.02612296
v -0.48657227 0.47070307 -0.02124015
v -0.48510742 0.47070307 -0.02221671
v -0.48461914 0.46874994 -0.01928702
v -0.48461914 0.46972650 -0.02319327
v -0.48413086 0.46826166 -0.01977530
v -0.48413086 0.46826166 -0.02416984
v -0.48413086 0.46728510 -0.02026359
v -0.48657227 0.47363275 -0.02172843
v -0.48461914 0.47314447 -0.02319327
v -0.48315430 0.47119135 -0.02465812
v -0.48266602 0.46874994 -0.02612296
v -0.48120117 0.46435541 -0.02709952
v -0.48413086 0.47607416 -0.01928702
v -0.48120117 0.47509760 -0.02172843
v -0.47973633 0.47216791 -0.02416984
v -0.47534180 0.48046869 -0.01782218
v -0.46704102 0.48437494 -0.01928703
v -0.47973633 0.46826166 -0.02612296
v -0.47729492 0.46777338 -0.02563468
v -0.47534180 0.46679682 -0.02807609
v -0.47680664 0.47265619 -0.02221671
v -0.47534180 0.47314447 -0.02221671
v -0.47045898 0.46923822 -0.02856437
v -0.47143555 0.47509760 -0.02172843
v -0.46362305 0.47900385 -0.02221671
v -0.46215820 0.47363275 -0.03002921
v -0.45825195 0.46484369 -0.03295890
v -0.47827148 0.47558588 -0.01977530
v -0.47680664 0.47656244 -0.02026359
v -0.47338867 0.47802728 -0.02026359
v -0.46557617 0.48193353 -0.02124015
v -0.45629883 0.43652338 -0.01782218
v -0.44458008 0.43994135 -0.01977531
v -0.45727539 0.45117182 -0.01196281
v -0.44506836 0.45556635 -0.02319328
v -0.44702148 0.45507807 -0.01391593
v -0.44750977 0.45800775 -0.01098625
v -0.44555664 0.44091791 -0.02563468
v -0.44702148 0.44433588 -0.02758781
v -0.46166992 0.45068353 -0.02563468
v -0.46118164 0.45458978 -0.02270500
v -0.45336914 0.45556635 -0.02709953
v -0.45288086 0.45898432 -0.02416984
v -0.45043945 0.45361322 -0.03100578
v -0.45092773 0.45605463 -0.03002921
v -0.44848633 0.45800775 -0.02661125
v -0.45336914 0.45507807 -0.03051750
v -0.45434570 0.45605463 -0.03198234
v -0.45581055 0.45800775 -0.03295890
v -0.44848633 0.44921869 -0.02954093
v -0.44555664 0.45898432 -0.02905265
v -0.44604492 0.45800775 -0.03198234
v -0.44702148 0.45898432 -0.03393546
v -0.43530273 0.45800775 -0.01538078
v -0.43530273 0.46191400 -0.01245109
v -0.43237305 0.44335932 -0.02172844
v -0.43383789 0.44384760 -0.02905265
v -0.43530273 0.44775385 -0.03149406
v -0.43725586 0.45312494 -0.03393547
v -0.43969727 0.45947260 -0.03393547
v -0.43920898 0.45703119 -0.03491203
v -0.44506836 0.46240228 -0.02563469
v -0.45727539 0.48583978 -0.02319328
v -0.45922852 0.48828119 -0.02124015
v -0.46020508 0.49169916 -0.01635734
v -0.45532227 0.48339838 -0.02368156
v -0.45239258 0.47802728 -0.03198234
v -0.44995117 0.46826166 -0.03540031
v -0.45141602 0.48486322 -0.02465812
v -0.45434570 0.48730463 -0.02465812
v -0.45678711 0.48974603 -0.02319328
v -0.43774414 0.46484369 -0.02758781
v -0.43823242 0.46142572 -0.03002922
v -0.43530273 0.45947260 -0.02612297
v -0.43872070 0.46093744 -0.03100578
v -0.43920898 0.45996088 -0.03442375
v -0.43188477 0.46679682 -0.02954094
v -0.43383789 0.46240228 -0.03247062
v -0.43530273 0.46044916 -0.03686516
v -0.42700195 0.46191400 -0.02905266
v -0.43334961 0.46240228 -0.03198234
v -0.44506836 0.48291010 -0.03295890
v -0.44653320 0.48730463 -0.02758781
v -0.45288086 0.48925775 -0.02856437
v -0.44799805 0.46142572 -0.03491203
v -0.44018555 0.46093744 -0.03637687
v -0.44067383 0.46289057 -0.03735343
v -0.44116211 0.46972650 -0.03833000
v -0.44116211 0.47509760 -0.03881828
v -0.43383789 0.45898432 -0.03833000
v -0.42944336 0.45556635 -0.03833000
v -0.43530273 0.46142572 -0.03881828
v -0.43432617 0.46337885 -0.04028312
v -0.43237305 0.47021478 -0.04370109
v -0.43286133 0.47558588 -0.04467766
v -0.44018555 0.47998041 -0.03833000
v -0.43334961 0.48046869 -0.04370109
v -0.44262695 0.48535150 -0.03295890
v -0.43872070 0.48339838 -0.03784172
v -0.44458008 0.48828119 -0.02856437
v -0.43872070 0.48486322 -0.03833000
v -0.44213867 0.48681635 -0.03344718
v -0.44360352 0.48876947 -0.02954094
v -0.43334961 0.48339838 -0.04223625
v -0.43383789 0.48486322 -0.04223625
v -0.44067383 0.48779291 -0.03344718
v -0.43774414 0.48632807 -0.03735344
v -0.43383789 0.48632807 -0.04125969
v -0.43872070 0.48779291 -0.03247062
v -0.43579102 0.48632807 -0.03540031
v -0.43188477 0.48632807 -0.03833000
v -0.45678711 0.49365228 -0.01733390
v -0.45581055 0.49658197 -0.01928703
v -0.45336914 0.50097650 -0.02172844
v -0.45581055 0.49218744 -0.02612297
v -0.45434570 0.49707025 -0.03002922
v -0.44750977 0.50781244 -0.02612297
v -0.44995117 0.50341791 -0.03491203
v -0.45190430 0.49414057 -0.03295890
v -0.44848633 0.50048822 -0.03784171
v -0.42211914 0.52783197 -0.02807610
v -0.43774414 0.51416010 -0.03247063
v -0.44702148 0.49267572 -0.03344718
v -0.44409180 0.49267572 -0.03247062
v -0.44360352 0.49218744 -0.03295890
v -0.44213867 0.49218744 -0.03295890
v -0.44213867 0.48925775 -0.03051750
v -0.44018555 0.48974603 -0.03100578
v -0.44018555 0.49267572 -0.03149406
v -0.44018555 0.49267572 -0.03100578
v -0.43823242 0.49316400 -0.02807609
v -0.43774414 0.49755853 -0.02905266
v -0.43920898 0.49707025 -0.03198234
v -0.44018555 0.48974603 -0.03491203
v -0.43920898 0.48876947 -0.03149406
v -0.44067383 0.49267572 -0.03442375
v -0.44018555 0.49609369 -0.03491203
v -0.43725586 0.48828119 -0.02856437
v -0.43725586 0.49999994 -0.03393547
v -0.43530273 0.50097650 -0.03100578
v -0.44165039 0.50878900 -0.04077140
v -0.44506836 0.49755853 -0.03784171
v -0.44262695 0.49658197 -0.03637687
v -0.43969727 0.50097650 -0.04174797
v -0.44165039 0.50439447 -0.04272453
v -0.44213867 0.49609369 -0.03686515
v -0.44067383 0.49511713 -0.03637687
v -0.43920898 0.49609369 -0.03393547
v -0.43969727 0.49267572 -0.03784172
v -0.43920898 0.49072260 -0.03833000
v -0.43823242 0.48974603 -0.03930656
v -0.43823242 0.48730463 -0.03637687
v -0.43676758 0.48535150 -0.03344719
v -0.43481445 0.48535150 -0.03051750
v -0.43920898 0.49462885 -0.03833000
v -0.43383789 0.48437494 -0.03637687
v -0.43530273 0.48632807 -0.03881828
v -0.43676758 0.48925775 -0.04028312
v -0.43823242 0.49951166 -0.04028312
v -0.43823242 0.49853510 -0.04028312
v -0.43725586 0.49755853 -0.03930656
v -0.43823242 0.49560541 -0.03930656
v -0.43823242 0.49853510 -0.03686516
v -0.43579102 0.49853510 -0.03686516
v -0.43383789 0.50146478 -0.03686516
v -0.43579102 0.49951166 -0.03881828
v -0.43725586 0.49609369 -0.04028312
v -0.43237305 0.49999994 -0.04272453
v -0.43334961 0.50146478 -0.04516594
v -0.43334964 0.50585932 -0.04711906
v -0.43237305 0.49853510 -0.04125969
v -0.43286133 0.49902338 -0.04272453
v -0.43237308 0.51025385 -0.04614250
v -0.42797852 0.51806635 -0.03930657
v -0.42309570 0.44433588 -0.02465812
v -0.42260742 0.45947260 -0.01684562
v -0.42504883 0.44482416 -0.03247062
v -0.42651367 0.44824213 -0.03540031
v -0.41186523 0.44482416 -0.02856437
v -0.41479492 0.44433588 -0.03686516
v -0.41137695 0.45117182 -0.01391594
v -0.41674805 0.45410150 -0.01391594
v -0.40844727 0.45458978 -0.01782219
v -0.41479492 0.45800775 -0.01782219
v -0.40063477 0.44775385 -0.03393547
v -0.39819336 0.45117182 -0.02563469
v -0.41235352 0.46240228 -0.01440422
v -0.40502930 0.45947260 -0.01440422
v -0.40454102 0.44726557 -0.04223625
v -0.42114258 0.46386713 -0.01391594
v -0.42749023 0.46728510 -0.03100578
v -0.43237305 0.46240228 -0.03247062
v -0.42456055 0.46386713 -0.03051750
v -0.42456055 0.46630853 -0.03149406
v -0.43139648 0.48388666 -0.03344719
v -0.41674805 0.44824213 -0.04028312
v -0.42016602 0.45654291 -0.04321281
v -0.40698242 0.45068353 -0.04516594
v -0.41137695 0.45947260 -0.04760735
v -0.39477539 0.45263666 -0.04663078
v -0.39770508 0.45605463 -0.04956047
v -0.40209961 0.46435541 -0.05151360
v -0.43432617 0.46044916 -0.03735344
v -0.43286133 0.46044916 -0.03979484
v -0.42993164 0.46142572 -0.04174797
v -0.42456055 0.46386713 -0.04516594
v -0.42358398 0.47998041 -0.05151359
v -0.42065430 0.47509760 -0.05249016
v -0.41625977 0.46777338 -0.05053703
v -0.42797852 0.48535150 -0.03637687
v -0.43041992 0.48535150 -0.03881828
v -0.43286133 0.48730463 -0.04077141
v -0.43579102 0.48974603 -0.04125969
v -0.42944336 0.48925775 -0.04272453
v -0.42846680 0.48876947 -0.04028312
v -0.43139648 0.48974603 -0.04223625
v -0.42797852 0.48876947 -0.04125969
v -0.42553711 0.48828119 -0.03881828
v -0.42602539 0.48437494 -0.04760734
v -0.42895508 0.48828119 -0.04418937
v -0.42749023 0.48681635 -0.04467766
v -0.42456055 0.49218744 -0.04467766
v -0.42114258 0.49072260 -0.04858391
v -0.41381839 0.48730463 -0.05444328
v -0.41088870 0.48095697 -0.05639641
v -0.40698242 0.47314447 -0.05444328
v -0.39282227 0.46972650 -0.05395500
v -0.39721683 0.47851557 -0.05493157
v -0.40112308 0.48681635 -0.05639641
v -0.40307620 0.49316400 -0.05493157
v -0.39038086 0.44384760 -0.02514641
v -0.38549805 0.43652338 -0.02368157
v -0.39086914 0.45263666 -0.03881828
v -0.38891602 0.45556635 -0.03247063
v -0.37915039 0.45068353 -0.03442376
v -0.37426758 0.44140619 -0.03198235
v -0.38110352 0.46142572 -0.03686516
v -0.38256836 0.45898432 -0.04272454
v -0.38647461 0.45898432 -0.05004875
v -0.38891602 0.46191400 -0.05249016
v -0.37524414 0.46777338 -0.03979485
v -0.36352539 0.46093744 -0.03930657
v -0.36108398 0.44677728 -0.03784173
v -0.38305664 0.46777338 -0.05395501
v -0.38354492 0.47460932 -0.05444328
v -0.38696292 0.48535150 -0.05395500
v -0.38989261 0.49267572 -0.05444328
v -0.37524414 0.46679682 -0.04516594
v -0.37670898 0.46630853 -0.04907219
v -0.37377930 0.47412103 -0.04565423
v -0.37329102 0.47460932 -0.04125969
v -0.36303711 0.47656244 -0.04174798
v -0.37524414 0.47363275 -0.05004876
v -0.37524414 0.48095697 -0.04516594
v -0.37670898 0.47998041 -0.04907219
v -0.37622070 0.48193353 -0.04956048
v -0.37426758 0.48339838 -0.04565423
v -0.37426758 0.48437494 -0.04028313
v -0.37377930 0.48876947 -0.04223626
v -0.37915039 0.46679682 -0.05249016
v -0.37817383 0.47363275 -0.05297844
v -0.38012695 0.48095697 -0.05200188
v -0.37866214 0.49755853 -0.05639641
v -0.37817386 0.48925775 -0.05444329
v -0.37915042 0.48339838 -0.05249016
v -0.37426758 0.48242182 -0.05053704
v -0.37622073 0.48388666 -0.05346673
v -0.37231445 0.48437494 -0.04711907
v -0.36840823 0.48095697 -0.05346673
v -0.36791995 0.48339838 -0.05541985
v -0.43188477 0.50195307 -0.03393547
v -0.40747070 0.53417963 -0.02368157
v -0.41918948 0.51953119 -0.04516594
v -0.40991214 0.53027338 -0.03881829
v -0.40112305 0.53710932 -0.02563469
v -0.43188477 0.49902338 -0.03881828
v -0.43579102 0.49560541 -0.04174797
v -0.43334961 0.49853510 -0.04125969
v -0.43090820 0.49999994 -0.03930656
v -0.42797852 0.50097650 -0.03686516
v -0.42846680 0.49755853 -0.04174797
v -0.42797852 0.49755853 -0.03979484
v -0.43481445 0.49072260 -0.04223625
v -0.43432617 0.49267572 -0.04272453
v -0.43090820 0.49267572 -0.04321281
v -0.43139648 0.49609369 -0.04272453
v -0.43481445 0.49462885 -0.04223625
v -0.42749023 0.49267572 -0.04223625
v -0.42846680 0.49707025 -0.04125969
v -0.42797852 0.49804682 -0.04321281
v -0.42749023 0.49902338 -0.04321281
v -0.42700195 0.49999994 -0.04614250
v -0.42553711 0.49755853 -0.03881828
v -0.42504886 0.50439447 -0.05004875
v -0.42456055 0.49316400 -0.03979484
v -0.42651367 0.49267572 -0.04272453
v -0.42651367 0.49267572 -0.04077141
v -0.42602539 0.49267572 -0.04370109
v -0.42553711 0.49609369 -0.04174797
v -0.42651367 0.49560541 -0.04028312
v -0.42456055 0.49658197 -0.04272453
v -0.42309570 0.49707025 -0.04370109
v -0.41967773 0.49707025 -0.04614250
v -0.42114261 0.49902338 -0.04711906
v -0.42456058 0.51025385 -0.04956047
v -0.41528323 0.50048822 -0.04956047
v -0.41674808 0.50537103 -0.05102531
v -0.41772464 0.51025385 -0.05102531
v -0.41430667 0.49755853 -0.04858391
v -0.40356448 0.49999994 -0.05102532
v -0.40405276 0.50341791 -0.05053703
v -0.40600589 0.51074213 -0.05102532
v -0.40942386 0.51904291 -0.04956048
v -0.39770508 0.53906244 -0.03344719
v -0.40209964 0.53417963 -0.04272454
v -0.40112308 0.52587885 -0.05200188
v -0.39379886 0.51757807 -0.05541985
v -0.38940430 0.53857416 -0.02172845
v -0.38842773 0.54003900 -0.02807610
v -0.37866211 0.53662103 -0.02172845
v -0.37084961 0.53076166 -0.02661126
v -0.36791992 0.53417963 -0.01538079
v -0.37866211 0.53710932 -0.02709954
v -0.39086917 0.54199213 -0.03979485
v -0.38452151 0.54199213 -0.03393548
v -0.37719727 0.53906244 -0.03198235
v -0.37280273 0.53124994 -0.03051751
v -0.37182617 0.53369135 -0.03393548
v -0.39135745 0.49755853 -0.05444328
v -0.39184573 0.50341791 -0.05200188
v -0.39233401 0.50683588 -0.05151360
v -0.38110355 0.50195307 -0.05834954
v -0.38110355 0.50732416 -0.05541985
v -0.38452151 0.51025385 -0.05053703
v -0.38403323 0.51513666 -0.05346673
v -0.39184573 0.53369135 -0.05541985
v -0.38598636 0.52734369 -0.05932610
v -0.37915042 0.52392572 -0.05688470
v -0.36791995 0.49462885 -0.05444329
v -0.36889651 0.49121088 -0.05346673
v -0.36547855 0.51123041 -0.06127923
v -0.36499026 0.50732416 -0.06372064
v -0.36303714 0.50439447 -0.06274407
v -0.37524417 0.51171869 -0.04956048
v -0.37768558 0.51269525 -0.04760735
v -0.37719730 0.51611322 -0.04858392
v -0.37426761 0.52343744 -0.05151360
v -0.36938480 0.50927728 -0.04516594
v -0.37084961 0.50976557 -0.04223626
v -0.37329105 0.51953119 -0.04272454
v -0.37280273 0.51513666 -0.04077142
v -0.36206058 0.51269525 -0.05688470
v -0.35913089 0.51074213 -0.05395501
v -0.37133792 0.52490228 -0.04565423
v -0.39331058 0.53906244 -0.04760735
v -0.36010745 0.55859369 -0.05102532
v -0.36352542 0.55859369 -0.05493157
v -0.36499026 0.55615228 -0.05981439
v -0.36401370 0.55224603 -0.06420892
v -0.36108401 0.54833978 -0.06713860
v -0.35522464 0.55615228 -0.04907220
v -0.35131839 0.55224603 -0.04956048
v -0.35668948 0.54541010 -0.06616204
v -0.35278323 0.54394525 -0.06225580
v -0.34497070 0.35302728 -0.05297844
v -0.34252930 0.33984369 -0.05688469
v -0.33911133 0.32812494 -0.06274407
v -0.34692383 0.36718744 -0.04663079
v -0.32543945 0.34765619 -0.04418939
v -0.32983398 0.35693353 -0.03930657
v -0.33178711 0.37011713 -0.03588860
v -0.32006836 0.34228510 -0.05004876
v -0.31372070 0.33789057 -0.05688469
v -0.29760742 0.34521481 -0.03930658
v -0.31323242 0.32275385 -0.07836907
v -0.30249023 0.33691400 -0.06372064
v -0.28784180 0.34374994 -0.05004876
v -0.34692383 0.38281244 -0.04223626
v -0.34497070 0.40039057 -0.04321282
v -0.33227539 0.38574213 -0.03344719
v -0.33178711 0.40234369 -0.03247063
v -0.36010742 0.41650385 -0.04125969
v -0.34399414 0.41845697 -0.04223626
v -0.35961914 0.43261713 -0.03881829
v -0.34399414 0.43554682 -0.04077142
v -0.32983398 0.41992182 -0.03198235
v -0.32934570 0.43749994 -0.03198235
v -0.28588867 0.33740228 -0.07153314
v -0.29272461 0.32617182 -0.08422845
v -0.27124023 0.34374997 -0.03930658
v -0.26000977 0.34374994 -0.05151361
v -0.27416992 0.34326166 -0.06030267
v -0.25415039 0.33837888 -0.03393548
v -0.24145508 0.32519528 -0.03344721
v -0.24633791 0.33593744 -0.04760736
v -0.26586914 0.34033197 -0.08081048
v -0.25756836 0.34423822 -0.07104485
v -0.24682619 0.34228510 -0.06372064
v -0.23413086 0.32568356 -0.04663080
v -0.23559572 0.33789057 -0.05932611
v -0.26977539 0.33105463 -0.09155267
v -0.23901369 0.34814447 -0.08325189
v -0.24487306 0.34521478 -0.09204096
v -0.24584962 0.33691400 -0.09985346
v -0.24145509 0.32568353 -0.10424799
v -0.23071291 0.34619135 -0.07690424
v -0.34497070 0.45117182 -0.03979485
v -0.34643555 0.46679682 -0.04028314
v -0.32934570 0.45410150 -0.03247064
v -0.33081055 0.47070307 -0.03247064
v -0.34741211 0.48193353 -0.03930657
v -0.36547852 0.48828119 -0.03979485
v -0.37036133 0.49853510 -0.03930657
v -0.37133789 0.48974603 -0.04614251
v -0.35083008 0.49511713 -0.03588860
v -0.36645511 0.48339838 -0.05297844
v -0.36791995 0.48828119 -0.05395501
v -0.33471680 0.48632807 -0.03198235
v -0.33862305 0.50097650 -0.03247064
v -0.32495117 0.48925775 -0.02124017
v -0.33227539 0.50390619 -0.02075189
v -0.34741211 0.51367182 -0.03051751
v -0.35766602 0.52343744 -0.02856439
v -0.35473633 0.52685541 -0.01831048
v -0.34350586 0.51611322 -0.01879876
v -0.36254883 0.51708978 -0.03735345
v -0.35571289 0.50781244 -0.03833001
v -0.36889648 0.52294916 -0.03491204
v -0.37133789 0.52490228 -0.03637689
v -0.36987308 0.52832025 -0.03930657
v -0.34301758 0.52001947 -0.00415033
v -0.36889648 0.49804682 -0.04516594
v -0.36743164 0.50292963 -0.04370110
v -0.35766605 0.50732416 -0.05297844
v -0.35766605 0.50439447 -0.05444329
v -0.34887698 0.51513666 -0.06323235
v -0.34936526 0.51464838 -0.06567376
v -0.34936526 0.51269525 -0.06665032
v -0.34790042 0.51416010 -0.06176751
v -0.34692386 0.51220697 -0.06176751
v -0.34643558 0.51074213 -0.06274407
v -0.35620120 0.50390619 -0.06030266
v -0.34692386 0.51025385 -0.06469720
v -0.34838870 0.51123041 -0.06616204
v -0.34350589 0.51562494 -0.06567376
v -0.34301761 0.51513666 -0.06518548
v -0.34252933 0.51416010 -0.06567376
v -0.35034183 0.54541010 -0.05786126
v -0.34985355 0.54833978 -0.05297845
v -0.33081058 0.56689453 -0.07006830
v -0.33227542 0.56689453 -0.07250971
v -0.33374026 0.56738281 -0.07348627
v -0.33081058 0.56835938 -0.06811517
v -0.33129886 0.57031250 -0.06665033
v -0.32153320 0.49560541 -0.00366205
v -0.34301761 0.51416010 -0.06616204
v -0.34350589 0.51464838 -0.06665032
v -0.34350589 0.51562494 -0.06616204
v -0.33666995 0.57080078 -0.07299799
v -0.33520511 0.56884766 -0.07397455
v -0.33666995 0.57373047 -0.06958002
v -0.33520511 0.57373047 -0.06762689
v -0.33325198 0.57226562 -0.06665033
v -0.33715823 0.57226562 -0.07153314
v -0.32836917 0.57617188 -0.07250971
v -0.32934573 0.57617188 -0.07446283
v -0.32934573 0.57470703 -0.07543939
v -0.32739261 0.57470703 -0.07250971
v -0.32788089 0.57373047 -0.07495111
v -0.32690433 0.57373047 -0.07348627
v -0.25122073 0.58544922 -0.17016597
v -0.25659183 0.58398438 -0.16577144
v -0.25805667 0.58251953 -0.16674800
v -0.25268558 0.58398438 -0.17163081
v -0.25854495 0.58251953 -0.16821285
v -0.25415042 0.58349609 -0.17358394
v -0.26098636 0.58740234 -0.16723628
v -0.25903323 0.58837891 -0.16625972
v -0.25415042 0.59375000 -0.17163081
v -0.25659183 0.59326172 -0.17456050
v -0.25805667 0.59033203 -0.17651363
v -0.26147464 0.58642578 -0.16918941
v -0.25805667 0.58691406 -0.16479488
v -0.25170901 0.59179688 -0.16967769
v -0.25708011 0.58496094 -0.16479488
v -0.25073245 0.58837891 -0.16918941
v -0.26000980 0.58300781 -0.16870113
v -0.26147464 0.58447266 -0.16918941
v -0.25805667 0.58691406 -0.17700191
v -0.25610355 0.58447266 -0.17553706
v -0.24877933 0.58300781 -0.17895503
v -0.24682620 0.58349609 -0.17651363
v -0.24487308 0.58593750 -0.17456050
v -0.24389651 0.58984375 -0.17358394
v -0.24438480 0.59423828 -0.17504878
v -0.24682620 0.59667969 -0.17846675
v -0.24975589 0.59619141 -0.18237300
v -0.25122073 0.58447266 -0.18237300
v -0.25268558 0.58789062 -0.18481441
v -0.25219730 0.59228516 -0.18481441
v -0.24340823 0.58105469 -0.18383785
v -0.24584964 0.58251953 -0.18823238
v -0.24731450 0.58642578 -0.19165035
v -0.24584965 0.59228516 -0.19262691
v -0.24291997 0.59716797 -0.18969722
v -0.23364258 0.30859372 -0.03686517
v -0.22778320 0.31542966 -0.04907221
v -0.22045900 0.32128903 -0.05883783
v -0.22534181 0.33007810 -0.05737299
v -0.21508791 0.33642572 -0.06909174
v -0.21118166 0.32861325 -0.07055658
v -0.22241212 0.34277338 -0.07153314
v -0.20971681 0.32031247 -0.07446283
v -0.19458009 0.33203122 -0.09350581
v -0.17163087 0.31689450 -0.07836909
v -0.19555666 0.33886716 -0.08862299
v -0.17065431 0.31933591 -0.07641596
v -0.21899416 0.35644525 -0.09887689
v -0.22290041 0.35351557 -0.10717767
v -0.22241212 0.34570307 -0.11352533
v -0.21264650 0.35498044 -0.09252924
v -0.20532228 0.35205075 -0.08813471
v -0.19897462 0.34619138 -0.08666986
v -0.21850587 0.33642572 -0.11889642
v -0.20971681 0.32714838 -0.11791986
v -0.20043947 0.32470697 -0.10913080
v -0.20483400 0.36279291 -0.12329096
v -0.20092775 0.36572260 -0.11547846
v -0.19506837 0.36474603 -0.10913081
v -0.20434572 0.35595697 -0.13012689
v -0.19995119 0.34765619 -0.13452142
v -0.19555666 0.32812497 -0.09936518
v -0.18823244 0.36132810 -0.10522456
v -0.18188478 0.35546872 -0.10473628
v -0.17895509 0.34814450 -0.10864253
v -0.15209962 0.33300778 -0.10571284
v -0.15356447 0.33105466 -0.10766596
v -0.17895509 0.34326169 -0.11352534
v -0.19165041 0.34033197 -0.13256830
v -0.18383791 0.33886716 -0.12524408
v -0.16528322 0.36523432 -0.12280268
v -0.17211916 0.37109369 -0.12231440
v -0.17895509 0.37402338 -0.12573236
v -0.18774416 0.36669916 -0.14575189
v -0.18774416 0.37207025 -0.13842767
v -0.18481447 0.37451166 -0.13110346
v -0.16137697 0.35742182 -0.13061519
v -0.16674806 0.35156244 -0.14135738
v -0.16333009 0.35400385 -0.13549800
v -0.13305666 0.34619135 -0.14331050
v -0.13110353 0.34814447 -0.14135738
v -0.16528322 0.38232416 -0.14086910
v -0.15747072 0.38085932 -0.13793941
v -0.14868166 0.37548822 -0.13891597
v -0.14428712 0.36767572 -0.14624019
v -0.18286134 0.35839838 -0.15063471
v -0.17456056 0.35253900 -0.14868158
v -0.17016605 0.38281244 -0.14526363
v -0.17163089 0.38037103 -0.15161127
v -0.17114261 0.37597650 -0.15991205
v -0.16625980 0.36865228 -0.16625972
v -0.15698245 0.36279291 -0.16528316
v -0.14624026 0.36279291 -0.15600581
v -0.13305667 0.38671869 -0.15405269
v -0.14575198 0.39306635 -0.15014644
v -0.15600589 0.39648432 -0.15112300
v -0.16186526 0.39208978 -0.16381831
v -0.16186526 0.39550775 -0.15649410
v -0.15649417 0.38623041 -0.17163081
v -0.14916995 0.37890619 -0.18090816
v -0.13647464 0.37158197 -0.18481441
v -0.12280276 0.36962885 -0.17993160
v -0.15942386 0.40429682 -0.16137691
v -0.15844730 0.40039057 -0.16918941
v -0.15161136 0.39404291 -0.17700191
v -0.14086917 0.38623041 -0.18579097
v -0.15307620 0.40527338 -0.15649410
v -0.15747073 0.41064447 -0.17358394
v -0.15844730 0.41455072 -0.16625972
v -0.15258792 0.41601557 -0.16137691
v -0.15063480 0.40478510 -0.18139644
v -0.15649417 0.43994135 -0.17065425
v -0.16137698 0.43798822 -0.17407222
v -0.16137698 0.43505853 -0.17993160
v -0.15893558 0.43115228 -0.18774410
v -0.12231448 0.37695307 -0.16430660
v -0.14379886 0.36474603 -0.15112300
v -0.11987308 0.37060541 -0.17651363
v -0.14135745 0.40185541 -0.15600581
v -0.12670901 0.39453119 -0.16137691
v -0.11254886 0.38330072 -0.17358394
v -0.14086917 0.41357416 -0.16088863
v -0.12622073 0.40722650 -0.16577144
v -0.12670901 0.37744135 -0.19311519
v -0.14135745 0.39697260 -0.19067378
v -0.12573245 0.38916010 -0.19653316
v -0.11352542 0.37353510 -0.19067378
v -0.14770511 0.44042966 -0.16870113
v -0.13696292 0.43994135 -0.17260738
v -0.15258792 0.42822260 -0.19555660
v -0.11254886 0.39550775 -0.17895503
v -0.13110355 0.43701166 -0.18286128
v -0.11157230 0.38525385 -0.19458003
v -0.14282230 0.42919916 -0.19897456
v -0.13354495 0.43261713 -0.19653316
v -0.19946292 0.54248041 -0.18383785
v -0.20434573 0.53857416 -0.18627925
v -0.19311526 0.51708978 -0.18530269
v -0.18872073 0.52050775 -0.18286128
v -0.20678714 0.53564447 -0.19165035
v -0.19506839 0.51464838 -0.19067378
v -0.17651370 0.49365228 -0.18041988
v -0.18090823 0.49072260 -0.18286128
v -0.18237308 0.48828119 -0.18823238
v -0.21118167 0.54882807 -0.18481441
v -0.20581058 0.55322266 -0.18188472
v -0.21411136 0.54589838 -0.19165035
v -0.21215823 0.56396484 -0.18188472
v -0.21752933 0.55957031 -0.18530269
v -0.22094730 0.55712891 -0.19213863
v -0.19458011 0.54589838 -0.18481441
v -0.18383792 0.52343744 -0.18383785
v -0.17065433 0.49609369 -0.18041988
v -0.19946292 0.55712891 -0.18334956
v -0.17895511 0.52490228 -0.18823238
v -0.18969730 0.54785150 -0.18969722
v -0.19506839 0.55957031 -0.18920894
v -0.20629886 0.53466791 -0.19848628
v -0.19458011 0.51367182 -0.19702144
v -0.18139651 0.48681635 -0.19458003
v -0.20288089 0.53564447 -0.20483394
v -0.19067386 0.51464838 -0.20239253
v -0.17749026 0.48779291 -0.19995113
v -0.19750981 0.53906244 -0.20825191
v -0.18530276 0.51757807 -0.20483394
v -0.17114261 0.49023432 -0.20190425
v -0.21411136 0.54443353 -0.19946285
v -0.22094731 0.55566406 -0.19995113
v -0.21069340 0.54541010 -0.20678706
v -0.21704106 0.55664062 -0.20678706
v -0.20336919 0.54882807 -0.21020503
v -0.21020512 0.55957031 -0.20971675
v -0.19116215 0.54345697 -0.20678706
v -0.19653325 0.55273438 -0.20776363
v -0.17700198 0.52490228 -0.19458003
v -0.18774417 0.54785150 -0.19702144
v -0.19311526 0.55859375 -0.19750972
v -0.17797855 0.52294916 -0.20141597
v -0.18920903 0.54541010 -0.20434566
v -0.19458012 0.55468750 -0.20532222
v -0.17993167 0.52148432 -0.20385738
v -0.17260747 0.53759760 -0.22045894
v -0.17260747 0.52587885 -0.21313472
v -0.19165044 0.55126953 -0.21118160
v -0.17065434 0.52734369 -0.21118160
v -0.17114262 0.53857416 -0.21850581
v -0.18969731 0.55273438 -0.20874019
v -0.17016605 0.46386713 -0.17895503
v -0.16528323 0.46630853 -0.17602535
v -0.15844730 0.46826166 -0.17504878
v -0.17114261 0.46142572 -0.18481439
v -0.16967776 0.45898432 -0.19165035
v -0.15063480 0.46923822 -0.17846675
v -0.16528323 0.49755853 -0.18432614
v -0.14672855 0.46826166 -0.18725581
v -0.14819339 0.46582025 -0.19702144
v -0.13159183 0.43359369 -0.19506831
v -0.10913089 0.38623041 -0.19213863
v -0.16235355 0.49707025 -0.19116208
v -0.16381839 0.49511713 -0.19897458
v -0.16479495 0.45849603 -0.19799800
v -0.15698245 0.46093744 -0.20043941
v -0.14965823 0.46484369 -0.19848628
v -0.16528323 0.49414057 -0.20092770
v -0.14379887 0.49365228 -0.22045895
v -0.11010746 0.45263666 -0.22827144
v -0.07836918 0.40966794 -0.23413081
v -0.14184573 0.49511713 -0.21850583
v -0.10815433 0.45361322 -0.22583003
v -0.07641605 0.41064450 -0.23217769
v -0.15014653 0.52001947 -0.23217770
v -0.14379887 0.52636713 -0.22973630
v -0.16625981 0.54394525 -0.21850583
v -0.14770512 0.52148432 -0.22924802
v -0.18579106 0.55859375 -0.20776363
v -0.14477544 0.52832025 -0.23608395
v -0.16772465 0.54541010 -0.22485349
v -0.18725590 0.55957031 -0.21557613
v -0.17407231 0.53759760 -0.22631831
v -0.15112309 0.52099603 -0.23657224
v -0.19458012 0.55175781 -0.21752925
v -0.17163090 0.54199213 -0.22827144
v -0.14868169 0.52539057 -0.23901364
v -0.19067387 0.55615234 -0.21899410
v -0.18188481 0.56445312 -0.22387691
v -0.15991215 0.55761719 -0.24438474
v -0.18530278 0.56250000 -0.22778316
v -0.16137700 0.55664062 -0.24633786
v -0.09985355 0.48242182 -0.25122067
v -0.12377933 0.50244135 -0.24047849
v -0.10180669 0.48144525 -0.25415036
v -0.12622075 0.50146478 -0.24340817
v -0.12670903 0.50244135 -0.24731442
v -0.10229497 0.48291010 -0.25756833
v -0.12426762 0.50634760 -0.24975583
v -0.10034184 0.48632807 -0.26000974
v -0.11987308 0.50732416 -0.24096677
v -0.12084965 0.50927728 -0.24682614
v -0.08618167 0.35156247 -0.19555660
v -0.08422855 0.35302731 -0.19360347
v -0.10913089 0.37499994 -0.18579097
v -0.05200199 0.37451169 -0.23999020
v -0.02758792 0.34228513 -0.24487302
v -0.05004886 0.37597653 -0.23754880
v -0.02563480 0.34326169 -0.24243161
v -0.03247074 0.41406244 -0.27856442
v -0.05444340 0.43749994 -0.27172849
v -0.03100590 0.41503900 -0.27661130
v -0.05297856 0.43847650 -0.26928708
v -0.07592778 0.46093744 -0.26098630
v -0.09594731 0.48730463 -0.25170895
v -0.09643559 0.48925775 -0.25756833
v -0.23413089 0.57714844 -0.18383785
v -0.23608401 0.57763672 -0.18237300
v -0.23901370 0.57666016 -0.18676753
v -0.23657230 0.57617188 -0.18774410
v -0.24096683 0.58203125 -0.18041988
v -0.24145512 0.57861328 -0.19213863
v -0.23901372 0.57763672 -0.19360347
v -0.23901370 0.58496094 -0.17846675
v -0.23315433 0.58154297 -0.17993160
v -0.23120120 0.58056641 -0.18139644
v -0.22729495 0.57714844 -0.17944331
v -0.23120120 0.57226562 -0.18286128
v -0.22680667 0.56933594 -0.18481441
v -0.22241214 0.57373047 -0.18139644
v -0.22875980 0.58593750 -0.18139644
v -0.22338870 0.58447266 -0.17944331
v -0.21801761 0.58154297 -0.18139644
v -0.23510745 0.57080078 -0.18872066
v -0.23022464 0.56787109 -0.19116206
v -0.22045901 0.57324219 -0.18334956
v -0.22436526 0.56884766 -0.18627925
v -0.22778323 0.56738281 -0.19213863
v -0.21997073 0.56494141 -0.18676753
v -0.21557620 0.56884766 -0.18383785
v -0.22290042 0.56298828 -0.19262691
v -0.21655276 0.58056641 -0.18383785
v -0.21166995 0.57373047 -0.18481441
v -0.23706058 0.58935547 -0.17749019
v -0.23706058 0.59472656 -0.17944331
v -0.23901370 0.59814453 -0.18432613
v -0.23071292 0.58740234 -0.17993160
v -0.22973636 0.59326172 -0.18286128
v -0.23168950 0.59716797 -0.18872066
v -0.23608403 0.59570312 -0.19555660
v -0.22778323 0.59179688 -0.18432613
v -0.22143558 0.59228516 -0.18383785
v -0.22924809 0.59521484 -0.19018550
v -0.22338872 0.59716797 -0.19262691
v -0.21606448 0.58984375 -0.18627925
v -0.21801762 0.59423828 -0.19555660
v -0.20629886 0.56835938 -0.18383785
v -0.20239261 0.57031250 -0.18872066
v -0.20922855 0.57910156 -0.18725581
v -0.21459965 0.58789062 -0.18823238
v -0.20678715 0.58544922 -0.19262691
v -0.21655278 0.59179688 -0.19653316
v -0.23803715 0.57275391 -0.19653316
v -0.23315434 0.56982422 -0.19946285
v -0.24194340 0.58349609 -0.19702144
v -0.23950200 0.58203125 -0.19799800
v -0.23852544 0.57910156 -0.20336910
v -0.23315434 0.57617188 -0.20629878
v -0.23754887 0.58886719 -0.19946285
v -0.23510747 0.58789062 -0.20581050
v -0.22973637 0.58496094 -0.20922847
v -0.22387700 0.56347656 -0.19946285
v -0.22973637 0.56982422 -0.19995113
v -0.22387700 0.56689453 -0.20532222
v -0.23022465 0.57519531 -0.20678706
v -0.22485356 0.57275391 -0.21166988
v -0.22680669 0.58349609 -0.20922847
v -0.22241215 0.58203125 -0.21362300
v -0.21704106 0.56640625 -0.21313472
v -0.21655278 0.56298828 -0.20825191
v -0.21118169 0.56494141 -0.22241206
v -0.21459965 0.57031250 -0.22631831
v -0.20971684 0.57714844 -0.22338863
v -0.23999028 0.59033203 -0.19848628
v -0.23315434 0.59423828 -0.19653316
v -0.22924809 0.59570312 -0.20141597
v -0.22338872 0.59277344 -0.20483394
v -0.22143559 0.59082031 -0.20532222
v -0.21655278 0.58935547 -0.20971675
v -0.21020512 0.59082031 -0.20190425
v -0.20532231 0.58593750 -0.22094722
v -0.20678715 0.56005859 -0.21411128
v -0.20288090 0.55712891 -0.20922847
v -0.20239262 0.56445312 -0.21508785
v -0.19653325 0.56103516 -0.20288081
v -0.19897465 0.56787109 -0.19750972
v -0.20239262 0.57275391 -0.19311519
v -0.19555669 0.56835938 -0.20141597
v -0.20092778 0.57617188 -0.19555660
v -0.19555669 0.56787109 -0.20971675
v -0.19262700 0.57470703 -0.20385738
v -0.19360356 0.58398438 -0.20581050
v -0.19360356 0.56054688 -0.23754878
v -0.17602544 0.57080078 -0.21948238
v -0.17553715 0.57958984 -0.22192378
v -0.19897465 0.58789062 -0.21313472
v -0.18774419 0.58056641 -0.23754878
v -0.18090825 0.58300781 -0.22973628
v -0.19750981 0.56494141 -0.24389644
v -0.19360356 0.57275391 -0.24243160
v -0.16772465 0.55664062 -0.25610346
v -0.17211919 0.55859375 -0.26342767
v -0.16967778 0.56591797 -0.26293939
v -0.16381840 0.57275391 -0.25805658
v -0.15747075 0.57519531 -0.25024408
v -0.15356450 0.56445312 -0.23901364
v -0.15307622 0.57226562 -0.24243161
v -0.13842778 0.54736322 -0.27807611
v -0.13305669 0.54785150 -0.26977533
v -0.12524419 0.55517578 -0.26293939
v -0.13159184 0.54833978 -0.26782221
v -0.12524419 0.56201172 -0.26635736
v -0.12915044 0.56445312 -0.27368158
v -0.10766607 0.53662103 -0.30151364
v -0.10278326 0.53710932 -0.29370114
v -0.11059576 0.53906244 -0.30786130
v -0.14184575 0.54980469 -0.28442377
v -0.10083013 0.53808588 -0.29077145
v -0.09497075 0.54345697 -0.28686520
v -0.01196293 0.39062494 -0.28833005
v -0.01147465 0.39013666 -0.28393552
v -0.03295903 0.41455072 -0.28295895
v -0.05493168 0.43847650 -0.27563474
v -0.00952153 0.39306635 -0.29077145
v -0.03051762 0.41748041 -0.28540036
v -0.05249028 0.44189447 -0.27856442
v -0.01000981 0.39062494 -0.28247067
v -0.00561528 0.39453119 -0.28247067
v -0.02612309 0.41894525 -0.27709958
v -0.04858403 0.44287103 -0.26977536
v -0.00610356 0.39550775 -0.28833005
v -0.02661137 0.42041010 -0.28295895
v -0.04907231 0.44433588 -0.27612302
v 0.00805660 0.36523432 -0.28784177
v 0.00756832 0.36572260 -0.29174802
v 0.01049800 0.36816400 -0.29418942
v 0.00903316 0.36621088 -0.28637692
v 0.01342769 0.36962885 -0.28686520
v 0.02905269 0.41699213 -0.33666989
v -0.01635747 0.45507807 -0.32006833
v 0.03100581 0.41845697 -0.33422849
v -0.01440435 0.45654291 -0.31762692
v 0.06030269 0.38134760 -0.34106442
v 0.01342769 0.37011713 -0.29223630
v 0.06225581 0.38281244 -0.33862302
v -0.07836919 0.46142572 -0.26733395
v -0.07788090 0.46044916 -0.26342770
v -0.07592778 0.46484369 -0.26977536
v -0.07202153 0.46582025 -0.26147458
v -0.07250981 0.46728510 -0.26733395
v -0.07543951 0.52343744 -0.32446286
v -0.07788091 0.52539057 -0.33081052
v -0.10815435 0.54492182 -0.30834958
v -0.07543951 0.53124994 -0.33129880
v -0.13940434 0.55615234 -0.28442377
v -0.07055669 0.52392572 -0.31665036
v -0.06860357 0.52490228 -0.31372067
v -0.06323247 0.53027338 -0.30981442
v -0.06127935 0.53710932 -0.31225583
v -0.09399419 0.55078125 -0.28979489
v -0.07006841 0.53662103 -0.32739255
v -0.10327154 0.55078125 -0.30444333
v -0.13452153 0.56201172 -0.28051752
v -0.06567387 0.49316400 -0.29272458
v -0.00073248 0.49121088 -0.35473630
v -0.03540044 0.50976557 -0.33520505
v -0.03051763 0.51416010 -0.33129880
v -0.02807623 0.52050775 -0.33374020
v -0.04125982 0.50781244 -0.34545895
v -0.03735357 0.50878900 -0.33764645
v -0.04370123 0.50927728 -0.35180661
v -0.04077154 0.51464838 -0.35229489
v -0.03588873 0.52050775 -0.34887692
v -0.06518560 0.53906244 -0.32055661
v -0.03100591 0.52246088 -0.34155270
v -0.09790044 0.55322266 -0.29760739
v 0.03393549 0.47021478 -0.37231442
v 0.00366205 0.49560541 -0.35131833
v -0.00610357 0.48974603 -0.36450192
v -0.00268560 0.49023432 -0.35766599
v -0.00805670 0.49072260 -0.37036130
v -0.00561529 0.49560541 -0.37133786
v -0.00073248 0.50097650 -0.36791989
v 0.00366205 0.50292963 -0.36108395
v 0.00610346 0.50146478 -0.35375974
v 0.03784174 0.47412103 -0.36987302
v 0.02905268 0.46826166 -0.38110349
v 0.03198237 0.46923822 -0.37475583
v 0.02807611 0.46972650 -0.38647458
v 0.03051752 0.47412103 -0.38745114
v 0.03491205 0.47900385 -0.38452145
v 0.03881830 0.48095697 -0.37866208
v 0.07690433 0.26269531 0.29370120
v 0.07641605 0.26269531 0.29174808
v 0.07983402 0.25634766 0.29028323
v 0.08032230 0.25634766 0.29125980
v 0.08129887 0.25683594 0.29125980
v 0.07885746 0.26367188 0.29467776
v 0.07446293 0.27294922 0.29760745
v 0.07202152 0.27148438 0.29663089
v 0.07006840 0.27099609 0.29321292
v 0.07690433 0.26318359 0.28979495
v 0.08032230 0.25683594 0.28979495
v 0.07104496 0.27148438 0.28979495
v 0.08081058 0.25683594 0.28930667
v 0.07836918 0.26416016 0.28881839
v 0.07446293 0.27343750 0.28784183
v 0.08081058 0.26464844 0.29370120
v 0.08178715 0.25683594 0.29125980
v 0.08227543 0.25732422 0.29028323
v 0.08129887 0.26513672 0.29174808
v 0.08032230 0.26464844 0.28930667
v 0.08178715 0.25732422 0.28930667
v 0.07739262 0.27490234 0.29663089
v 0.07885746 0.27539062 0.29321292
v 0.07739262 0.27490234 0.28930667
v 0.06616215 0.27929688 0.29809573
v 0.07006840 0.28125000 0.30004886
v 0.06909183 0.28320312 0.29809573
v 0.06567387 0.28173828 0.29565433
v 0.06811527 0.27587891 0.29858401
v 0.07202152 0.27783203 0.30004886
v 0.06567387 0.27490234 0.29370120
v 0.06469730 0.27832031 0.29370120
v 0.06518558 0.28076172 0.29125980
v 0.07055668 0.27246094 0.29760745
v 0.07397465 0.27441406 0.29907230
v 0.06860355 0.27197266 0.29370120
v 0.07592777 0.28027344 0.29858401
v 0.07397465 0.28369141 0.29858401
v 0.07202152 0.28417969 0.29858401
v 0.04321293 0.31640625 0.29565433
v 0.04614262 0.31835938 0.29809573
v 0.07739262 0.27636719 0.29760745
v 0.07788090 0.28173828 0.29370120
v 0.07934574 0.27783203 0.29321292
v 0.07543949 0.28466797 0.29370120
v 0.06958012 0.27246094 0.28881839
v 0.06713871 0.27587891 0.28881839
v 0.06567387 0.27929688 0.28881839
v 0.04321293 0.31640625 0.29125980
v 0.06665043 0.28173828 0.28930667
v 0.06958012 0.28173828 0.28735355
v 0.07397465 0.28417969 0.28930667
v 0.07153324 0.28515625 0.29077151
v 0.04418949 0.31738281 0.28979495
v 0.04907230 0.32031250 0.29028323
v 0.07348637 0.27490234 0.28686526
v 0.07153324 0.27832031 0.28637698
v 0.07592777 0.28076172 0.28833011
v 0.07739262 0.27734375 0.28881839
v 0.07348637 0.28515625 0.29663089
v 0.04907230 0.32080078 0.29565433
v 0.08959962 0.10986325 0.02172854
v 0.09594728 0.12207028 0.03979495
v 0.10375978 0.14062497 0.04809573
v 0.10961915 0.16162106 0.03930666
v 0.08618165 0.10351560 0.00024417
v 0.08959962 0.10986325 -0.02172849
v 0.14965822 0.09423825 0.03588869
v 0.14379884 0.08251950 0.02026369
v 0.14038087 0.07714841 0.00024416
v 0.14379883 0.08251950 -0.02026365
v 0.15747072 0.11132810 0.04223634
v 0.16430666 0.12841794 0.03393556
v 0.05639649 0.21826169 0.02612307
v 0.11254884 0.17919919 0.02270510
v 0.16772462 0.14208981 0.01977541
v 0.04272461 0.23583981 0.00024417
v 0.02465820 0.24609372 0.00024417
v 0.05639648 0.21826169 -0.02612302
v 0.10083009 0.19531247 0.00024416
v 0.07739259 0.21191403 0.00024416
v 0.11254883 0.17919919 -0.02270506
v 0.15551758 0.15624997 0.00024416
v 0.13305664 0.17187497 0.00024416
v 0.20776369 0.05517577 0.01831056
v 0.21264650 0.06640624 0.03198244
v 0.21899416 0.08203124 0.03637696
v 0.20532228 0.05126952 0.00024415
v 0.20776369 0.05517577 -0.01831053
v 0.22436525 0.09667967 0.02905274
v 0.16772461 0.14208981 -0.01977538
v 0.22729494 0.10742186 0.01635743
v 0.21508791 0.12011717 0.00024415
v 0.18774414 0.13671874 0.00024415
v 0.27270508 0.03320310 0.01635743
v 0.27661133 0.04296872 0.02807618
v 0.28198242 0.05712889 0.03149414
v 0.27172852 0.03027341 0.00024415
v 0.27270508 0.03320310 -0.01635742
v 0.28637695 0.07031249 0.02514649
v 0.28930664 0.07958983 0.01342774
v 0.27758789 0.08935545 0.00024414
v 0.24682619 0.10449217 0.00024415
v 0.28930664 0.07958983 -0.01342773
v 0.22729492 0.10742186 -0.01635741
v 0.33227539 0.01562497 0.00024414
v 0.33325195 0.01806638 0.01342773
v 0.33618167 0.02636716 0.02416992
v 0.34008789 0.03906247 0.02661132
v 0.33325195 0.01806638 -0.01342774
v 0.39184570 0.00781250 0.01098632
v 0.39086914 0.00585938 0.00024413
v 0.39184570 0.00781250 -0.01098634
v 0.39379886 0.01464844 0.01928710
v 0.39624023 0.02441406 0.02075194
v 0.39868164 0.03369141 0.01635741
v 0.34350586 0.05029295 0.02124023
v 0.43725586 0.01611328 0.01586913
v 0.43530273 0.00585938 0.01147460
v 0.43383789 0.00000000 0.00024413
v 0.43530273 0.00585938 -0.01147462
v 0.43920898 0.02441406 0.00903319
v 0.43969727 0.02783203 0.00024412
v 0.39965820 0.03906250 0.00756835
v 0.34545898 0.05810545 0.01049804
v 0.39477539 0.04248047 0.00024413
v 0.36206055 0.05566405 0.00024413
v 0.34545898 0.05810545 -0.01049805
v 0.39965820 0.03906250 -0.00756837
v 0.47680664 0.00341797 0.00610350
v 0.47778320 0.00927734 0.00854490
v 0.47827148 0.01367188 0.00512693
v 0.45483398 0.02001953 0.00756834
v 0.47631836 0.00048828 0.00024412
v 0.47680664 0.00341797 -0.00610354
v 0.43920898 0.02441406 -0.00903322
v 0.41381836 0.03710938 0.00024413
v 0.45092773 0.02441406 0.00024412
v 0.45483398 0.02001953 -0.00756838
v 0.45776367 0.02587891 0.00268553
v 0.45581055 0.02734375 0.00024412
v 0.45776367 0.02587891 -0.00268557
v 0.46118164 0.02343750 0.00024412
v 0.46166992 0.02148438 0.00024412
v 0.47875977 0.01611328 0.00024412
v 0.47827148 0.01367188 -0.00512697
v 0.49291992 0.00390625 0.00366209
v 0.49243164 0.00195312 0.00024412
v 0.49291992 0.00390625 -0.00366213
v 0.49291992 0.00732422 0.00512693
v 0.49340820 0.00976562 0.00317381
v 0.49340820 0.01123047 0.00024412
v 0.49340820 0.00976562 -0.00317385
v 0.49877930 0.00488281 0.00170896
v 0.49877930 0.00390625 0.00024412
v 0.49877930 0.00488281 -0.00170901
v 0.49877930 0.00634766 0.00219724
v 0.49877930 0.00781250 0.00122068
v 0.49877930 0.00830078 0.00024412
v 0.49877930 0.00781250 -0.00122073
v 0.33618164 0.06445311 0.00024414
v 0.30590820 0.07763670 0.00024414
v 0.06665044 0.45068359 0.40209964
v 0.06420903 0.44628906 0.40063480
v 0.09838872 0.42285156 0.41235355
v 0.10083013 0.42675781 0.41381839
v 0.06469731 0.44531250 0.39526370
v 0.09887700 0.42138672 0.40747073
v 0.12866215 0.40576172 0.42211914
v 0.12622075 0.40234375 0.42016602
v 0.12670903 0.40136719 0.41528320
v 0.06713872 0.44580078 0.39038089
v 0.10083012 0.42187500 0.40307620
v 0.12817387 0.40185547 0.41186523
v 0.10278325 0.42333984 0.40014651
v 0.06909184 0.44726562 0.38745120
v 0.07250981 0.45019531 0.38549808
v 0.10571294 0.42626953 0.39868167
v 0.13256840 0.40576172 0.40795898
v 0.13012700 0.40332031 0.40942383
v 0.07055669 0.45507812 0.39916995
v 0.07397465 0.45703125 0.39379886
v 0.07543950 0.45507812 0.38696292
v 0.04028324 0.47900391 0.37182620
v 0.10473637 0.43066406 0.41186526
v 0.10815434 0.43261719 0.40649417
v 0.10864262 0.43066406 0.40014651
v 0.13256840 0.40966797 0.42016602
v 0.13500981 0.41162109 0.41479492
v 0.13549809 0.40966797 0.40942383
v 0.02905277 0.34326169 0.29663089
v 0.02612308 0.34082028 0.29418948
v 0.02612308 0.34082028 0.29028323
v 0.02758793 0.34179685 0.28881839
v 0.03198246 0.34472653 0.28930667
v 0.03198246 0.34521481 0.29467776
v 0.15454106 0.37939453 0.42211914
v 0.17651373 0.35986328 0.42504883
v 0.17700201 0.36035156 0.42895508
v 0.15454108 0.37988281 0.42602539
v 0.15698248 0.38330078 0.42797852
v 0.17944342 0.36279297 0.43090820
v 0.19213873 0.34423828 0.42553711
v 0.19262701 0.34472656 0.42944336
v 0.19458014 0.34716797 0.43139648
v 0.15551762 0.37988281 0.41870117
v 0.17749029 0.36035156 0.42260742
v 0.19262701 0.34423828 0.42309570
v 0.17846686 0.36132812 0.42114258
v 0.15698247 0.38085938 0.41674805
v 0.15893559 0.38281250 0.41577148
v 0.18041998 0.36328125 0.42065430
v 0.19506842 0.34765625 0.42163086
v 0.19409186 0.34570312 0.42163086
v 0.15991215 0.38623047 0.42651367
v 0.16186528 0.38623047 0.41723633
v 0.16235356 0.38769531 0.42211914
v 0.18237311 0.36572266 0.42944336
v 0.18383795 0.36718750 0.42553711
v 0.18334967 0.36572266 0.42163086
v 0.19750983 0.34960938 0.42993164
v 0.19897467 0.35058594 0.42651367
v 0.19799811 0.35009766 0.42309570
v 0.20288092 0.33886719 0.43139648
v 0.20043951 0.33642578 0.42944336
v 0.20825201 0.32958984 0.42797852
v 0.20971686 0.33105469 0.42895508
v 0.19995123 0.33593750 0.42602539
v 0.20776373 0.32958984 0.42553711
v 0.20825201 0.33007812 0.42358398
v 0.21362311 0.32421875 0.42358398
v 0.21313483 0.32373047 0.42456055
v 0.20092779 0.33691406 0.42260742
v 0.21459967 0.32519531 0.42309570
v 0.21020514 0.33154297 0.42260742
v 0.20336920 0.33935547 0.42163086
v 0.21459967 0.32470703 0.42602539
v 0.21557623 0.32519531 0.42553711
v 0.21166998 0.33251953 0.42797852
v 0.21166998 0.33300781 0.42358398
v 0.21606451 0.32568359 0.42456055
v 0.21215826 0.33349609 0.42602539
v 0.19311529 0.34179688 0.43041992
v 0.19213873 0.34130859 0.42553711
v 0.19458014 0.33837891 0.42553711
v 0.19555670 0.33886719 0.43041992
v 0.19897467 0.34228516 0.43334961
v 0.19604498 0.34521484 0.43286133
v 0.19360358 0.34277344 0.42114258
v 0.19604498 0.33984375 0.42114258
v 0.19848639 0.33691406 0.42993164
v 0.19799811 0.33593750 0.42553711
v 0.19946295 0.33740234 0.42163086
v 0.20141608 0.33984375 0.43237305
v 0.19995123 0.34863281 0.43139648
v 0.20239264 0.34619141 0.43139648
v 0.20483404 0.34277344 0.43090820
v 0.20532233 0.34130859 0.42993164
v 0.20239264 0.34033203 0.42016602
v 0.20141608 0.35009766 0.42651367
v 0.20434576 0.34765625 0.42651367
v 0.20629889 0.34423828 0.42651367
v 0.20043951 0.34912109 0.42163086
v 0.19702154 0.34619141 0.41967773
v 0.20336920 0.34667969 0.42163086
v 0.19995123 0.34326172 0.41918945
v 0.20581061 0.34179688 0.42309570
v 0.20532233 0.34326172 0.42211914
v 0.20678717 0.34228516 0.42651367
v 0.09594727 0.12207028 -0.03979490
v 0.10375977 0.14062497 -0.04809568
v 0.10961914 0.16162106 -0.03930662
v 0.14965820 0.09423825 -0.03588865
v 0.15747070 0.11132810 -0.04223631
v 0.16430664 0.12841794 -0.03393553
v 0.21264648 0.06640624 -0.03198241
v 0.21899414 0.08203124 -0.03637694
v 0.22436523 0.09667967 -0.02905273
v 0.27661133 0.04296872 -0.02807617
v 0.28198242 0.05712889 -0.03149414
v 0.28637695 0.07031249 -0.02514648
v 0.07690426 0.26318356 -0.28979489
v 0.07641598 0.26269528 -0.29174802
v 0.07983395 0.25634763 -0.29028317
v 0.08032223 0.25683591 -0.28979489
v 0.08081051 0.25683591 -0.28930661
v 0.07836910 0.26416013 -0.28881833
v 0.07006832 0.27099606 -0.29321286
v 0.07104488 0.27148435 -0.28979489
v 0.07446285 0.27343747 -0.28784177
v 0.07690426 0.26269528 -0.29370114
v 0.08032223 0.25634763 -0.29125974
v 0.07202145 0.27148435 -0.29663083
v 0.08129879 0.25683591 -0.29125974
v 0.07885738 0.26367185 -0.29467770
v 0.07446285 0.27294919 -0.29760739
v 0.08178707 0.25732419 -0.28930661
v 0.08032223 0.26464841 -0.28930661
v 0.07739254 0.27490231 -0.28930661
v 0.08129879 0.26513669 -0.29174802
v 0.08227535 0.25732419 -0.29028317
v 0.08032223 0.26416013 -0.29370114
v 0.08178707 0.25683591 -0.29125974
v 0.07885738 0.27539060 -0.29321286
v 0.07739254 0.27490231 -0.29663083
v 0.06958004 0.27246091 -0.28881833
v 0.06713863 0.27587888 -0.28881833
v 0.06567379 0.27490231 -0.29370114
v 0.06860348 0.27197263 -0.29370114
v 0.07348629 0.27490231 -0.28686520
v 0.07153317 0.27832028 -0.28637692
v 0.06958004 0.28173825 -0.28735349
v 0.06567379 0.27929685 -0.28930661
v 0.06469723 0.27832028 -0.29370114
v 0.06518551 0.28076169 -0.29125974
v 0.06665035 0.28173825 -0.28930661
v 0.07592770 0.28076169 -0.28833005
v 0.07397457 0.28417966 -0.28930661
v 0.07153317 0.28515622 -0.29077145
v 0.06616207 0.27929685 -0.29809567
v 0.06811520 0.27587888 -0.29858395
v 0.07055660 0.27246091 -0.29760739
v 0.06567379 0.28173825 -0.29565427
v 0.04321285 0.31640622 -0.29125974
v 0.04321285 0.31640622 -0.29565427
v 0.07006832 0.28124997 -0.30004880
v 0.06909176 0.28320310 -0.29809567
v 0.04614254 0.31835935 -0.29809567
v 0.04907223 0.32031247 -0.29028317
v 0.04418942 0.31738278 -0.28979489
v 0.07739254 0.27685544 -0.28881833
v 0.07788082 0.28173825 -0.29370114
v 0.07934567 0.27783200 -0.29321286
v 0.07543942 0.28466794 -0.29370114
v 0.07397457 0.27441403 -0.29907224
v 0.07739254 0.27636716 -0.29760739
v 0.07592770 0.28027341 -0.29858395
v 0.07397457 0.28369138 -0.29858395
v 0.07348629 0.28515622 -0.29663083
v 0.04907222 0.32031247 -0.29565427
v 0.07202145 0.27783200 -0.30004880
v 0.07202145 0.28417966 -0.29858395
v 0.33618164 0.02636716 -0.02416993
v 0.34008789 0.03906247 -0.02661133
v 0.39379883 0.01464844 -0.01928712
v 0.39624023 0.02441406 -0.02075196
v 0.39868164 0.03369141 -0.01635743
v 0.34350586 0.05029295 -0.02124024
v 0.43725586 0.01611328 -0.01586916
v 0.47778320 0.00927734 -0.00854494
v 0.49291992 0.00732422 -0.00512698
v 0.49877930 0.00634766 -0.00219729
v 0.02758785 0.34179685 -0.28881833
v 0.03198238 0.34472653 -0.28930661
v 0.02612301 0.34082028 -0.29028317
v 0.02612301 0.34082028 -0.29418942
v 0.02905269 0.34326169 -0.29663083
v 0.03198238 0.34521481 -0.29467770
v 0.10278314 0.42333981 -0.40014645
v 0.06909174 0.44726557 -0.38745114
v 0.06469721 0.44531244 -0.39575192
v 0.06713861 0.44580072 -0.39038083
v 0.07250971 0.45019525 -0.38549802
v 0.04028315 0.47900385 -0.37182614
v 0.07495111 0.45507807 -0.38745114
v 0.07397455 0.45703119 -0.39379880
v 0.09887689 0.42138669 -0.40747067
v 0.10083002 0.42187497 -0.40307614
v 0.12670892 0.40136716 -0.41577148
v 0.12817377 0.40185544 -0.41186523
v 0.10571283 0.42626947 -0.39868161
v 0.13208002 0.40576169 -0.40795898
v 0.13012689 0.40332028 -0.40942383
v 0.06372064 0.44628900 -0.40063474
v 0.09838861 0.42236325 -0.41235349
v 0.12622064 0.40234372 -0.42016602
v 0.06665033 0.45068353 -0.40209958
v 0.10083002 0.42675775 -0.41381833
v 0.12866205 0.40576169 -0.42211914
v 0.07055658 0.45507807 -0.39916989
v 0.10864252 0.43066400 -0.40014645
v 0.10766596 0.43261713 -0.40649411
v 0.10473627 0.43066400 -0.41186520
v 0.13549799 0.40966794 -0.40942383
v 0.13500971 0.41113278 -0.41479492
v 0.13256830 0.40966794 -0.42016602
v 0.15893549 0.38281247 -0.41625977
v 0.15698236 0.38085935 -0.41674805
v 0.17846674 0.36132810 -0.42114258
v 0.18041986 0.36328122 -0.42065430
v 0.19506830 0.34765622 -0.42163086
v 0.19409174 0.34570310 -0.42163086
v 0.15454096 0.37939450 -0.42211914
v 0.17651361 0.35986325 -0.42504883
v 0.17749017 0.36035153 -0.42260742
v 0.15551752 0.37988278 -0.41870117
v 0.19213861 0.34423825 -0.42553711
v 0.19262689 0.34423825 -0.42309570
v 0.15454096 0.37988278 -0.42602539
v 0.17700189 0.36035153 -0.42895508
v 0.19262689 0.34472653 -0.42944336
v 0.15698236 0.38330072 -0.42797852
v 0.17944330 0.36279291 -0.43090820
v 0.19458002 0.34667966 -0.43139648
v 0.16186517 0.38623044 -0.41723633
v 0.15991205 0.38623041 -0.42651367
v 0.16186517 0.38769528 -0.42211914
v 0.18334955 0.36572263 -0.42163086
v 0.18383783 0.36669919 -0.42602539
v 0.18237299 0.36572260 -0.42993164
v 0.19799799 0.35009763 -0.42309570
v 0.19897455 0.35058591 -0.42651367
v 0.19750971 0.34960935 -0.42993164
v 0.20825189 0.33007810 -0.42358398
v 0.21362299 0.32421872 -0.42358398
v 0.21459955 0.32519528 -0.42309570
v 0.21020502 0.33154294 -0.42260742
v 0.20776361 0.32910153 -0.42553711
v 0.21313471 0.32373044 -0.42456055
v 0.19995111 0.33593747 -0.42602539
v 0.20092767 0.33691403 -0.42260742
v 0.20336908 0.33935544 -0.42163086
v 0.20043939 0.33642575 -0.42944336
v 0.20825189 0.32958981 -0.42797852
v 0.20288080 0.33886716 -0.43139648
v 0.20971674 0.33105466 -0.42895508
v 0.21166986 0.33300778 -0.42358398
v 0.21606439 0.32568356 -0.42456055
v 0.21166986 0.33251950 -0.42797852
v 0.21557611 0.32519528 -0.42553711
v 0.21459955 0.32470700 -0.42602539
v 0.21215814 0.33349606 -0.42602539
v 0.19360346 0.34277341 -0.42114258
v 0.19604486 0.33984372 -0.42114258
v 0.19995111 0.34326169 -0.41918945
v 0.19702142 0.34619138 -0.41967773
v 0.19458002 0.33837888 -0.42553711
v 0.19213861 0.34130856 -0.42553711
v 0.19946283 0.33740231 -0.42163086
v 0.20239252 0.34033200 -0.42016602
v 0.19799799 0.33593747 -0.42553711
v 0.20336908 0.34667966 -0.42163086
v 0.20532221 0.34326169 -0.42211914
v 0.20581049 0.34179685 -0.42309570
v 0.20043939 0.34912106 -0.42163086
v 0.20141596 0.35009763 -0.42651367
v 0.20434564 0.34765622 -0.42651367
v 0.19311517 0.34179685 -0.43041992
v 0.19555658 0.33886716 -0.43041992
v 0.19848627 0.33691403 -0.42993164
v 0.19604486 0.34521481 -0.43286133
v 0.19897455 0.34228513 -0.43334961
v 0.20141596 0.33984372 -0.43237305
v 0.19995111 0.34863278 -0.43139648
v 0.20239252 0.34619138 -0.43139648
v 0.20483392 0.34277341 -0.43090820
v 0.20532221 0.34130856 -0.42993164
v 0.20629877 0.34423825 -0.42651367
v 0.20678705 0.34228513 -0.42651367

# 0 UV coordinates

# 5316 vertex normals
vn 0.28656718 -0.73916155 -0.60952395
vn 0.29777938 -0.73299509 0.61159277
vn 0.17378537 -0.98478353 0.00000002
vn -0.96687394 -0.25525475 0.00000014
vn -0.55536246 0.22652949 0.80016071
vn -0.82859999 0.55869150 -0.03586188
vn -0.51683456 0.21343669 -0.82905173
vn 0.12717201 -0.73452729 0.66655612
vn -0.28716269 -0.95720911 -0.03589526
vn 0.10954811 -0.75342309 -0.64834619
vn -0.99408472 -0.10674740 0.02001526
vn -0.45182654 0.18255626 0.87322736
vn -0.82153982 0.56401509 0.08342355
vn -0.55886370 0.18044806 -0.80938858
vn -0.46403745 0.54137713 0.70112777
vn -0.24069349 0.33067256 0.91253626
vn -0.36114261 0.04299321 0.93151897
vn -0.68439764 0.02941206 -0.72851557
vn -0.73107326 0.32571673 -0.59953356
vn -0.75015700 0.50248599 -0.42985177
vn -0.45867398 -0.59774017 0.65751427
vn -0.71567094 -0.57951897 -0.38983691
vn -0.42843103 -0.89961034 0.08454636
vn -0.24200352 -0.57503611 0.78151643
vn -0.59029627 -0.52767348 -0.61082816
vn -0.94994903 -0.05757270 0.30705437
vn -0.72492039 0.51910704 0.45278955
vn -0.78510332 0.26024309 -0.56203759
vn -0.14015429 0.08063682 0.98684067
vn -0.20352742 -0.64450336 -0.73701572
vn 0.25858763 -0.75198436 0.60634315
vn -0.40444344 -0.91439396 -0.01758441
vn -0.90026551 0.06113851 -0.43102679
vn -0.85647202 0.37449425 -0.35526040
vn -0.83993936 0.53644556 -0.08202523
vn -0.38112089 -0.90106946 0.20693174
vn -0.05150840 -0.57231694 0.81841332
vn -0.19764043 -0.62836057 0.75239712
vn -0.13459040 0.23727816 0.96207303
vn -0.01792222 -0.06571524 0.99767745
vn -0.24779384 0.42364770 0.87127548
vn -0.87941706 -0.30019489 0.36947078
vn -0.64474398 -0.76088941 -0.07316232
vn -0.55678952 -0.56005847 0.61344934
vn -0.69699609 0.07106246 0.71354508
vn -0.77097964 -0.33068752 -0.54427582
vn -0.45076805 -0.56996149 -0.68698770
vn -0.58015907 0.02261630 -0.81418914
vn -0.47759131 0.06896617 -0.87587112
vn -0.30696052 -0.94864446 0.07647832
vn -0.10009921 -0.64198923 -0.76015133
vn -0.02017302 0.05945688 -0.99802703
vn 0.15601544 0.02216132 0.98750597
vn 0.02568355 -0.66381758 0.74745339
vn -0.14155626 0.05561148 0.98836702
vn -0.92680120 -0.34987679 0.13647689
vn -0.72258794 -0.55016726 0.41854838
vn -0.85512763 0.08830728 0.51084107
vn -0.52696097 -0.81586981 -0.23805209
vn -0.44389176 -0.46840900 -0.76390654
vn -0.10908795 -0.63491601 -0.76484084
vn -0.33955649 0.00509338 0.94057190
vn -0.55994874 0.01822320 0.82832682
vn -0.31525129 0.69906634 0.64181215
vn 0.06652273 0.63841128 0.76681542
vn -0.13936539 0.63911545 -0.75637883
vn -0.38891125 0.91218317 0.12911223
vn -0.95921195 -0.11697713 -0.25734943
vn -0.74687159 0.27411780 0.60584015
vn -0.74529243 0.54947823 -0.37764141
vn -0.20257916 0.09224575 -0.97491151
vn 0.36091653 -0.76632965 -0.53148669
vn -0.06984945 -0.60018891 0.79680264
vn -0.17817411 -0.97995788 0.08908715
vn -0.22951910 0.31996974 -0.91920644
vn -0.11439794 -0.06280669 -0.99144769
vn -0.22048678 0.47730345 -0.85062742
vn -0.46425289 0.68181777 -0.56532633
vn -0.63407618 0.00880655 -0.77322048
vn -0.46493718 0.02190276 -0.88507283
vn -0.13014862 -0.95933503 0.25047490
vn -0.12428850 -0.98723990 0.09954872
vn -0.07384158 -0.99701774 0.02243295
vn -0.07682074 -0.99175644 0.10255581
vn -0.10893366 -0.95183086 0.28662077
vn -0.33345431 0.88474309 0.32563460
vn 0.00301910 -0.12830597 0.99173003
vn 0.08650637 -0.99318612 0.07808952
vn -0.12229111 -0.99133891 -0.04787562
vn -0.15651233 -0.96121860 -0.22707422
vn -0.04406192 -0.99500555 -0.08956850
vn 0.09048253 -0.99042845 -0.10423225
vn 0.12081191 -0.99267083 -0.00302027
vn 0.56171846 -0.65647352 0.50350273
vn 0.73437113 -0.62937564 0.25413647
vn -0.87177926 0.48856905 0.03607536
vn -0.73799336 0.65453798 0.16415185
vn -0.66689992 0.68156785 0.30118069
vn -0.58805496 0.38674989 0.71036321
vn 0.02672247 0.12678906 0.99156970
vn -0.39706162 0.17813389 0.90033907
vn -0.70293599 0.69029146 -0.17140204
vn 0.71779269 -0.63301396 -0.28994307
vn 0.50306892 -0.67133093 -0.54427606
vn -0.18857171 0.18827173 -0.96384358
vn 0.10637292 0.09594429 -0.98968655
vn -0.45939520 0.36255747 -0.81086874
vn 0.82961541 -0.31500110 0.46099088
vn 0.70106184 -0.48355436 0.52410650
vn 0.70040894 -0.30296749 0.64624918
vn 0.56583613 -0.25578883 0.78383785
vn 0.45020941 -0.22337921 0.86453062
vn 0.75825649 -0.33600113 0.55870432
vn 0.79036468 -0.38466877 0.47681615
vn 0.74645424 -0.31881627 -0.58409101
vn 0.77465010 -0.50975007 -0.37426236
vn 0.83462399 -0.38732249 -0.39164311
vn 0.69791996 -0.26699612 -0.66454560
vn 0.61773205 -0.18417256 -0.76451802
vn 0.88157582 -0.40392199 -0.24427675
vn 0.87314939 -0.30841959 -0.37747520
vn -0.60673380 0.10376991 0.78810269
vn -0.73228037 -0.13881166 0.66670591
vn -0.71482038 0.06580227 0.69620544
vn -0.50389081 0.39269954 0.76933813
vn -0.37286201 0.46623376 0.80224687
vn -0.60509902 -0.23590477 0.76039749
vn -0.43589780 -0.14246416 0.88864899
vn -0.32618594 -0.09846086 0.94016403
vn -0.82202584 -0.40846956 -0.39676970
vn -0.48055917 -0.31577769 -0.81813651
vn -0.68260992 -0.45695010 -0.57029843
vn -0.54508734 -0.75288016 0.36885130
vn -0.53963757 -0.81599051 0.20724556
vn -0.37003529 -0.89936316 0.23285136
vn -0.53952366 -0.81672406 -0.20463634
vn -0.54508740 -0.75288016 -0.36885113
vn -0.36986610 -0.89998400 -0.23071198
vn 0.90365726 0.06685963 0.42300516
vn 0.58373249 0.13820584 0.80009723
vn 0.76828128 0.06429993 0.63687468
vn -0.01332057 -0.94053572 0.33943349
vn 0.07885637 -0.74650586 0.66068959
vn 0.01832581 -0.88402611 0.46707842
vn 0.08266976 -0.67713112 0.73120397
vn 0.04472153 -0.46367943 0.88487363
vn -0.01517743 -0.94178659 -0.33586857
vn 0.01832569 -0.88402611 -0.46707836
vn 0.07318954 -0.74837470 -0.65922582
vn -0.68194205 -0.58446980 -0.43971604
vn -0.68827099 -0.55450809 -0.46776471
vn -0.50574040 -0.64683092 -0.57082081
vn -0.26121169 -0.44874820 -0.85463077
vn -0.50010145 -0.51415217 -0.69681138
vn 0.08156507 -0.03815749 0.99593735
vn -0.16149369 -0.07041127 0.98435867
vn -0.07762434 0.02185703 0.99674308
vn -0.15549161 0.44748732 0.88066876
vn -0.35066864 0.52996713 0.77211815
vn -0.16539976 0.37653634 0.91151714
vn 0.21663903 -0.02316550 0.97597694
vn 0.22677854 0.13781440 0.96414667
vn 0.41820899 -0.10546010 0.90220809
vn 0.91713464 -0.05645924 -0.39455843
vn 0.95724267 -0.15097657 0.24676421
vn 0.99066669 0.09906670 -0.09362358
vn 0.11883887 -0.03733757 0.99221128
vn 0.17400330 -0.02160227 0.98450810
vn 0.18547232 0.30002642 0.93572658
vn 0.58580166 -0.44290170 0.67873019
vn 0.37332860 -0.30639836 0.87564021
vn 0.20771392 -0.21970151 0.95319790
vn 0.24035601 -0.62266171 0.74466199
vn -0.06533576 -0.11401749 0.99132800
vn 0.67309153 -0.66447574 0.32468426
vn -0.95804220 -0.23481433 0.16437013
vn -0.32189465 0.11727951 0.93948358
vn -0.81546444 0.54648918 0.19070205
vn -0.59802639 0.14880459 -0.78754157
vn 0.04617445 -0.73678446 -0.67454922
vn 0.20529611 -0.74419796 0.63562804
vn -0.04503516 -0.99828023 -0.03752928
vn -0.01172263 -0.74689579 -0.66483772
vn 0.21930939 -0.71884704 0.65966845
vn -0.24904099 -0.96849293 0.00000007
vn -0.83786058 0.53241974 0.12049509
vn -0.95193207 -0.27567267 0.13352907
vn -0.41087264 0.20042576 0.88938922
vn -0.63754272 0.12507974 -0.76019365
vn -0.92490155 -0.24871308 0.28757456
vn 0.01559818 -0.00935878 0.99983466
vn -0.67496246 0.50792634 0.53519762
vn -0.80678165 0.23382381 -0.54261404
vn -0.18562122 -0.64686161 -0.73967212
vn 0.34905392 -0.77719021 0.52358079
vn -0.19135080 -0.96951079 -0.15308058
vn -0.30994472 -0.93342447 0.18070149
vn -0.05535088 -0.60622525 0.79336447
vn -0.73895544 -0.61279237 -0.28005427
vn 0.07122825 -0.59097075 0.80354220
vn -0.03266875 0.41489440 0.90928292
vn -0.01933507 0.13622527 0.99048918
vn 0.14473054 -0.10803813 0.98355520
vn -0.33413470 0.54253250 0.77072209
vn -0.11806393 0.28642759 0.95079976
vn -0.24451873 0.00120456 0.96964383
vn -0.68428725 -0.67487049 -0.27622592
vn -0.64544421 -0.53457707 -0.54555392
vn -0.41240934 -0.89824772 0.15188746
vn -0.71677786 -0.00433104 -0.69728822
vn -0.73899627 0.30596441 -0.60022521
vn -0.75616586 0.49867827 -0.42371354
vn -0.46300608 -0.00099143 0.88635457
vn -0.65824008 -0.51105607 0.55275834
vn -0.34041271 -0.61749297 0.70909923
vn -0.52666909 -0.85006249 -0.00369582
vn -0.65477157 -0.51845926 -0.54997653
vn -0.78504300 -0.52723312 -0.32516563
vn -0.90413845 0.00774654 -0.42716932
vn -0.89343470 0.30021045 -0.33413824
vn -0.83373040 0.53045231 -0.15334269
vn 0.39165318 -0.69426244 0.60382742
vn -0.15381685 -0.97136980 0.18105538
vn -0.09901309 -0.07956415 0.99190027
vn 0.48400572 0.01134394 0.87499130
vn 0.25506708 -0.01719547 0.96677053
vn -0.00700556 -0.03152556 0.99947840
vn 0.11897387 0.60329199 0.78859627
vn 0.15343133 -0.71384513 0.68328905
vn -0.09674833 -0.00483746 -0.99529713
vn -0.64891976 -0.02273292 -0.76051724
vn -0.13363469 -0.70575792 -0.69573522
vn -0.20900565 -0.96472359 0.16007824
vn -0.25589582 0.62424129 -0.73813289
vn -0.39727736 0.88386512 0.24688683
vn -0.13047738 -0.99073297 0.03773618
vn -0.10620132 -0.99261761 0.05857939
vn -0.05254123 -0.99771941 0.04237206
vn -0.67994988 -0.02552096 -0.73281443
vn -0.45079353 0.03138430 -0.89207637
vn -0.43734580 0.65745717 -0.61357868
vn 0.13308726 -0.98703086 0.08976559
vn -0.03704715 -0.98937857 0.14056154
vn 0.13691960 -0.99043441 0.01711497
vn -0.16681622 -0.98228127 -0.08541570
vn -0.07508198 -0.99524301 -0.06208074
vn 0.08971550 -0.99348837 -0.07022806
vn 0.64762044 -0.74678433 0.15133068
vn 0.55406636 -0.63500339 0.53831333
vn -0.87716264 0.47227147 0.08686395
vn -0.74944288 0.63180679 0.19787794
vn -0.60202235 0.66192752 0.44656596
vn -0.70700836 0.66249114 -0.24747680
vn -0.39586359 -0.63759536 -0.66088134
vn -0.55812490 -0.03001685 -0.82921386
vn -0.51735210 0.36912593 -0.77207047
vn -0.61365432 0.50053358 -0.61065096
vn -0.98930168 -0.11975762 -0.08330948
vn -0.66593331 0.30298391 0.68171382
vn -0.80052155 0.52929753 -0.28108650
vn -0.38245016 0.07118590 -0.92122996
vn 0.14656529 -0.80610937 -0.57332909
vn 0.03198409 -0.63754690 0.76974732
vn -0.25560379 -0.94938576 0.18257426
vn -0.56838280 -0.59121972 0.57218909
vn -0.66600978 0.08085743 0.74154782
vn -0.76667535 -0.48707744 0.41828758
vn -0.49101618 -0.85851908 -0.14781097
vn -0.44034168 -0.58242238 -0.68328869
vn -0.17160837 -0.65722334 -0.73389930
vn -0.23515080 -0.06375201 -0.96986586
vn -0.30842671 0.30081108 -0.90243328
vn -0.42255241 0.88694668 -0.18648091
vn -0.37970266 -0.02090105 0.92487246
vn -0.22420751 -0.20907688 -0.95184976
vn -0.32335624 0.45031136 -0.83226222
vn 0.30083662 -0.71361262 -0.63265657
vn 0.52928740 -0.79370117 -0.29982224
vn -0.01448170 -0.96771878 0.25161609
vn 0.08733357 -0.88201749 0.46305290
vn 0.19002104 -0.91053289 0.36718103
vn 0.19002077 -0.91153038 -0.36469781
vn 0.08733346 -0.88201761 -0.46305290
vn -0.01427285 -0.96832067 -0.24930173
vn -0.95926499 -0.27963528 -0.04018463
vn -0.81655109 -0.47832003 -0.32319418
vn -0.86900508 -0.40399358 -0.28569141
vn -0.55907792 -0.73453069 -0.38457346
vn -0.62899232 -0.58248532 -0.51485878
vn -0.96852452 -0.21225719 0.13002791
vn -0.35174003 0.16069350 0.92220205
vn -0.98414546 -0.14305465 0.10484830
vn -0.78312337 -0.60282719 -0.15269972
vn -0.84161139 -0.40693969 -0.35509232
vn -0.57359475 -0.63043272 -0.52301401
vn -0.53536123 -0.49012554 -0.68787014
vn -0.50715148 -0.79082853 -0.34261870
vn -0.60045260 -0.77973968 -0.17737740
vn -0.98238385 -0.12752594 0.13659851
vn -0.46926650 -0.88125557 -0.05636939
vn -0.28349844 -0.93713105 0.20350441
vn -0.27869460 -0.95465708 -0.10468610
vn -0.46926653 -0.88125569 0.05636960
vn 0.15813905 -0.64475411 0.74785310
vn -0.31119913 -0.90813595 0.28007936
vn 0.05328602 0.12433380 0.99080873
vn -0.13309795 -0.96230197 0.23719169
vn 0.29374713 -0.18687789 0.93743771
vn -0.19257805 -0.30587667 0.93239117
vn 0.23186651 -0.68909425 0.68657631
vn -0.03858413 -0.64916319 0.75966990
vn 0.28200725 0.80312037 0.52485210
vn 0.20354088 0.58399898 0.78582209
vn 0.69678748 0.66944528 0.25754663
vn 0.83158702 -0.53949887 0.13192427
vn -0.05025562 -0.87816328 0.47571385
vn 0.76430076 -0.64085871 -0.07172635
vn 0.46194050 -0.87445581 0.14811523
vn 0.00513740 0.33078468 0.94369239
vn -0.13104099 -0.85311979 0.50499004
vn 0.16104707 0.98512757 -0.05989615
vn 0.32907569 0.91997731 0.21295762
vn 0.19012928 0.81030017 -0.55431443
vn 0.19765228 0.92764723 0.31686622
vn 0.16523811 0.98144627 -0.09726050
vn 0.02805910 0.91403246 0.40466940
vn 0.03714696 0.95027733 0.30918166
vn 0.23087458 0.78626180 -0.57313997
vn 0.52503252 0.84306794 -0.11652169
vn 0.56882703 0.79505128 0.21054523
vn 0.58009481 0.52702373 -0.62107658
vn 0.37807456 0.63529378 -0.67339545
vn 0.74543822 0.61027241 -0.26812220
vn -0.38834974 -0.92094374 -0.03236239
vn -0.31047937 -0.95018876 -0.02727340
vn -0.48084554 -0.83843410 -0.25654641
vn 0.24244174 -0.21912986 0.94509482
vn -0.90577781 -0.17958291 0.38381872
vn -0.50419849 0.05099658 0.86208087
vn -0.89807999 0.02747300 0.43897331
vn -0.85768038 0.13075899 0.49727911
vn -0.01948271 0.85958827 0.51061589
vn -0.02783836 0.73365837 0.67894810
vn -0.59544837 -0.61408114 0.51802093
vn 0.42358109 -0.63309443 -0.64789701
vn 0.49586186 -0.79795891 -0.34261152
vn 0.62362319 0.55165827 -0.55386585
vn -0.42868245 -0.70227039 0.56837285
vn -0.64941925 -0.52188474 0.55307406
vn -0.52279520 -0.62788230 0.57658398
vn 0.56224418 0.58767092 -0.58182842
vn 0.66572839 0.47916541 -0.57201958
vn 0.47192705 0.66649681 -0.57711941
vn -0.29045573 -0.80045509 0.52431595
vn 0.36878148 0.73418945 -0.57005799
vn -0.29702428 -0.90736812 -0.29742166
vn 0.23374479 -0.91539699 0.32773727
vn 0.37506399 0.64750999 -0.66336852
vn 0.07580855 -0.90664786 0.41502142
vn 0.08002437 -0.90105373 0.42626089
vn 0.47899693 0.59171772 -0.64840734
vn 0.40671590 0.63128662 -0.66034794
vn -0.71632296 -0.38878378 0.57942092
vn -0.03506749 -0.87565523 -0.48166192
vn 0.23323144 -0.95452118 -0.18572131
vn 0.58003068 -0.73686290 0.34727147
vn 0.74068743 0.32447389 -0.58830166
vn -0.68787688 -0.40935889 0.59937525
vn 0.58760899 -0.74405026 0.31797016
vn 0.45160702 -0.88995922 0.06343324
vn 0.71238488 0.37371016 -0.59401065
vn 0.37429368 -0.92730409 0.00337201
vn -0.64947474 -0.40402031 0.64416623
vn 0.42199793 -0.90551907 0.04419278
vn 0.66878849 0.36638033 -0.64690602
vn 0.36100957 -0.93254912 -0.00494534
vn -0.61736947 -0.37760699 0.69012171
vn 0.63971990 0.34884295 -0.68488467
vn -0.05756203 -0.29426900 0.95398760
vn -0.27679706 -0.18166664 0.94359982
vn -0.15496799 0.01480206 0.98780859
vn -0.35863081 -0.32560676 0.87485093
vn -0.65941781 -0.22885542 0.71609598
vn -0.64964694 -0.46039936 0.60497224
vn -0.22624943 -0.14417472 0.96334058
vn -0.25560009 -0.59141028 -0.76478916
vn -0.31676570 -0.53727162 -0.78166407
vn -0.40568733 -0.52398282 -0.74890578
vn -0.09514458 -0.36291498 -0.92695212
vn 0.10586525 -0.50608802 -0.85596001
vn 0.10853290 -0.66016990 -0.74323374
vn 0.61769724 -0.71893418 -0.31872219
vn 0.44039717 -0.89624232 -0.05291595
vn 0.14186589 -0.95569235 0.25792679
vn 0.81829470 -0.57478476 0.00405842
vn 0.91200984 -0.33835191 -0.23185351
vn 0.92208785 -0.09529778 0.37506312
vn 0.94957083 -0.10568006 0.29520658
vn 0.86488950 -0.16825534 0.47292307
vn 0.02875018 -0.69008762 0.72315460
vn 0.44010502 -0.89641947 0.05234318
vn 0.61769730 -0.71893418 0.31872207
vn 0.14098281 -0.95640171 -0.25577271
vn -0.20476745 -0.64919782 0.73253840
vn -0.24513987 -0.62803179 0.73856789
vn 0.05984202 -0.12449366 0.99041420
vn 0.83767205 -0.54615128 -0.00494874
vn 0.02874999 -0.69008774 -0.72315449
vn 0.93777561 0.34724188 -0.00000014
vn 0.25812030 0.63194960 0.73076236
vn 0.41329890 0.72785181 0.54718906
vn 0.54445255 0.83879161 -0.00000011
vn 0.31664649 0.94703877 0.05340949
vn 0.01928943 0.99981403 -0.00000005
vn 0.41395977 0.72963369 -0.54430878
vn 0.03446224 0.99940610 -0.00000005
vn 0.37098905 0.52656519 -0.76491594
vn 0.58430481 -0.81153435 -0.00000004
vn 0.63570732 -0.77193022 -0.00000005
vn 0.70710671 0.70710683 -0.00000012
vn 0.24253561 0.97014260 -0.00000007
vn -0.21137205 0.94657886 -0.24353729
vn -0.84592253 0.50113887 0.18241465
vn -0.71727061 0.57749474 0.38990104
vn -0.77283734 -0.15829200 0.61454552
vn -0.87116545 -0.24935538 0.42295730
vn -0.79107344 -0.34852365 0.50272667
vn -0.54714328 -0.02204606 0.83674872
vn -0.71089488 -0.04527994 0.70183915
vn -0.68522376 -0.00430958 0.72831988
vn -0.38920790 -0.35300261 0.85082686
vn -0.80285966 -0.09366698 0.58876389
vn -0.84916520 0.30428421 0.43165913
vn -0.92451799 -0.38113838 0.00000014
vn -0.80000001 -0.60000008 0.00000013
vn -0.81274682 -0.54031783 0.21794343
vn -0.81766850 -0.53877389 -0.20283236
vn 0.91506898 -0.37533063 -0.14756601
vn 0.84308881 -0.51636839 -0.15021634
vn 0.91460937 -0.40433502 0.00176555
vn 0.92883122 -0.37002215 0.01887858
vn 0.91866928 -0.39502779 -0.00000010
vn 0.93144822 -0.36387414 -0.00000011
vn 0.75142688 -0.49762774 -0.43327156
vn 0.70989978 -0.66009229 -0.24560250
vn 0.92929322 -0.36893284 -0.01740260
vn -0.29138568 -0.38851437 0.87415743
vn 0.08908722 -0.44543537 0.89087081
vn -0.87845856 0.06757373 0.47301629
vn -0.38404760 0.26883337 0.88330972
vn -0.90465015 0.35094184 0.24176006
vn -0.77419853 0.61649138 0.14337017
vn -0.71468025 0.69905871 -0.02343207
vn -0.77868170 0.62510073 -0.05388793
vn 0.10167651 0.91076273 -0.40021643
vn 0.05629072 0.87393880 -0.48276535
vn -0.13809411 0.94956344 -0.28153020
vn 0.05687343 0.98185766 -0.18088937
vn 0.46532351 -0.60295451 -0.64801228
vn 0.61284173 -0.56570005 -0.55173224
vn 0.49737468 -0.78251231 -0.37455729
vn 0.84308887 -0.51636839 0.15021619
vn 0.91561836 -0.37638670 0.14133695
vn 0.91591966 -0.40135801 -0.00171531
vn 0.75142699 -0.49762768 0.43327144
vn 0.71171075 -0.66165984 0.23595348
vn 0.11997107 -0.91382152 0.38799125
vn -0.14480872 -0.86255693 0.48479483
vn 0.26835054 -0.94506037 0.18667860
vn 0.13616914 -0.96697265 0.21545739
vn 0.40451416 -0.91421741 0.02397692
vn -0.11984717 0.84396124 -0.52284431
vn 0.45788944 -0.57127166 -0.68116516
vn 0.55146849 -0.67649090 -0.48810109
vn 0.42209733 -0.69441831 -0.58276671
vn 0.43858448 -0.81768233 -0.37287974
vn 0.42688388 -0.60561991 -0.67156142
vn 0.45128280 -0.63409209 -0.62791020
vn 0.42557952 -0.84956008 -0.31165642
vn -0.13897744 0.95183986 0.27328771
vn 0.10167661 0.91076273 0.40021637
vn 0.05547684 0.98358977 0.17167835
vn 0.05629084 0.87393880 0.48276529
vn -0.11984705 0.84396136 0.52284425
vn 0.65228480 -0.39952433 0.64413106
vn 0.64447218 -0.45877665 0.61170220
vn 0.66428679 -0.39419204 0.63508719
vn -0.78720951 0.59719330 -0.15382247
vn -0.96471316 0.23946777 -0.10947088
vn -0.83369404 0.51983267 -0.18635505
vn 0.47879225 -0.52540016 0.70335823
vn -0.58901507 0.30490196 0.74839574
vn 0.35165083 -0.71795356 0.60073662
vn -0.27601525 -0.77786148 0.56457698
vn -0.66416490 -0.69481868 0.27588400
vn -0.01530412 -0.81877631 0.57390869
vn -0.96687424 -0.02035528 0.25444072
vn -0.34075984 0.87977993 0.33146638
vn -0.49830925 0.86071593 0.10419196
vn -0.51912397 0.82398939 0.22705017
vn -0.25142154 0.89637244 0.36510780
vn -0.54018587 0.82863462 0.14684668
vn -0.49871650 0.86081833 -0.10135913
vn -0.54004467 0.82953560 -0.14220606
vn -0.34075993 0.87977993 -0.33146638
vn -0.51912403 0.82398939 -0.22705008
vn 0.61284190 -0.56570005 0.55173212
vn 0.46532369 -0.60295451 0.64801216
vn 0.49692476 -0.78694350 0.36576739
vn -0.55220973 0.80546981 0.21513492
vn -0.56454217 0.73669827 0.37224704
vn -0.57493120 0.81021821 0.11402001
vn -0.53197050 0.33819848 0.77629197
vn -0.41432294 0.54423141 0.72948527
vn -0.44791290 0.42188486 0.78828120
vn -0.44330660 -0.48360732 0.75472063
vn -0.33893964 -0.62652493 0.70184499
vn -0.59704942 -0.31935209 0.73589832
vn -0.43708125 -0.31866887 0.84107691
vn 0.12397515 -0.96080738 -0.24795026
vn -0.17405537 0.23081233 -0.95730382
vn 0.30763701 -0.70539004 -0.63857996
vn -0.20287892 0.96208960 -0.18227398
vn -0.28901011 0.64536262 0.70709294
vn -0.30524558 0.79233968 0.52822644
vn -0.54211867 -0.05821408 0.83828306
vn -0.50294030 0.78974092 0.35122693
vn 0.43904537 -0.66091418 -0.60863096
vn 0.39816192 -0.70560867 -0.58616006
vn 0.38035259 -0.87562704 -0.29767308
vn -0.14352521 0.83202451 -0.53585052
vn -0.27376941 0.91450834 -0.29786718
vn -0.16952744 0.78376955 -0.59746617
vn 0.26332128 -0.96470821 0.00000001
vn 0.19955294 -0.87499326 0.44109577
vn 0.22193158 -0.86868894 0.44286105
vn 0.22732031 -0.86840355 -0.44068241
vn 0.20235375 -0.88023883 -0.42922345
vn 0.42688406 -0.60561991 0.67156130
vn 0.45788962 -0.57127166 0.68116504
vn 0.43854040 -0.82099301 0.36558571
vn 0.45128292 -0.63409203 0.62791002
vn 0.42486230 -0.84675074 0.32016444
vn 0.37853819 -0.72136527 -0.57994908
vn 0.26755354 -0.73183775 -0.62676048
vn -0.08901119 -0.62562108 -0.77503252
vn 0.43904555 -0.66091418 0.60863084
vn 0.39816204 -0.70560861 0.58616000
vn -0.55293268 0.80638468 -0.20978390
vn -0.57531756 0.81048375 -0.11011750
vn -0.56454223 0.73669827 -0.37224698
vn -0.52007347 -0.56381810 0.64158618
vn -0.66794384 -0.02961328 0.74362236
vn -0.70455456 -0.48438129 0.51863056
vn -0.88247746 -0.24928746 0.39886001
vn -0.77043134 0.37766245 0.51362109
vn -0.88556987 0.21327859 0.41264787
vn -0.59114003 0.45288959 0.66741627
vn -0.93007165 -0.00000002 0.36737844
vn -0.37329748 -0.49773014 0.78288805
vn -0.25906569 -0.31885019 0.91171241
vn -0.25111106 -0.03720163 0.96724313
vn -0.27939177 0.22730191 0.93288487
vn -0.40668851 0.40668860 0.81805187
vn 0.08184467 -0.50235605 0.86077875
vn -0.20526709 0.11163659 0.97231829
vn 0.17798723 -0.75986809 0.62523687
vn 0.06289480 -0.88984352 0.45191011
vn -0.75568908 0.58800650 0.28841391
vn -0.22306377 -0.88447410 0.40981504
vn -0.51497549 -0.70194125 0.49201497
vn -0.85602707 0.30927432 0.41420680
vn -0.81651467 -0.14635642 0.55846542
vn -0.64032429 0.76803124 -0.01062356
vn -0.70413423 0.69626814 0.13930446
vn -0.59070849 0.77567935 0.22222801
vn -0.48850816 0.73976636 0.46271533
vn -0.50493240 0.83630139 0.21364284
vn -0.59070849 0.77567923 -0.22222789
vn -0.70413423 0.69626808 -0.13930432
vn -0.64014947 0.76817924 0.01045821
vn -0.47029388 -0.18296738 -0.86333460
vn -0.53198272 0.43000299 -0.72944623
vn -0.35475931 -0.82494795 0.44000763
vn -0.02557269 -0.90589666 0.42272598
vn -0.15438278 -0.98801112 0.00000006
vn -0.02994697 -0.90502024 -0.42431331
vn -0.35303524 -0.82068527 -0.44926831
vn -0.16952729 0.78376967 0.59746611
vn -0.27519840 0.91581535 0.29248610
vn -0.14352509 0.83202463 0.53585047
vn -0.46046177 -0.79458314 0.39574337
vn -0.05631126 -0.92133826 0.38466206
vn 0.02712826 -0.99773806 0.06150444
vn -0.05631136 -0.92133826 -0.38466200
vn -0.46126324 -0.79739165 -0.38910511
vn 0.02449242 -0.99786049 -0.06061861
vn 0.74175209 -0.53634375 0.40266535
vn 0.45384997 -0.36088052 0.81473041
vn 0.42759490 -0.73154187 0.53104520
vn 0.63395089 -0.76823801 0.08897551
vn 0.22309969 -0.62458044 0.74841553
vn 0.12334488 -0.85305619 0.50703180
vn -0.28691503 -0.33130446 0.89884210
vn 0.87072313 -0.48839423 0.05755479
vn 0.09732735 -0.05863809 0.99352354
vn 0.45654118 0.10990809 0.88288754
vn 0.11576533 -0.43026063 0.89525092
vn 0.00445684 -0.14855687 0.98889393
vn -0.16418301 -0.36866575 0.91494793
vn 0.78034312 0.19953081 0.59266543
vn 0.74183065 -0.25415751 0.62055725
vn -0.16775692 -0.23547547 0.95729262
vn 0.00282124 -0.99870580 -0.05078161
vn 0.22941579 -0.96354610 0.13764946
vn 0.73521471 -0.51465017 0.44112870
vn 0.84148240 0.19233885 0.50488925
vn 0.68824726 0.59648103 0.41294825
vn -0.25204647 -0.22426189 0.94137090
vn -0.29251200 -0.66172731 0.69032866
vn -0.22741196 -0.56678087 0.79186064
vn -0.47949135 0.24684526 0.84211373
vn -0.55656230 -0.13802747 0.81925994
vn -0.49035686 0.77820855 0.39235395
vn -0.40859920 0.67471647 0.61465794
vn -0.36404374 0.38720804 0.84707856
vn 0.42505646 -0.84449524 0.32581410
vn 0.01585786 -0.60743910 0.79420805
vn -0.03658353 -0.37911040 0.92462802
vn 0.67890257 -0.47140086 0.56291437
vn 0.42573163 -0.85390985 0.29931697
vn 0.81440872 -0.45938560 -0.35454667
vn 0.67900670 -0.61207753 -0.40535301
vn 0.72349930 -0.25137171 -0.64293164
vn 0.89945436 -0.19873263 -0.38921356
vn 0.60485315 0.40323544 0.68669784
vn 0.43903130 0.31801936 0.84030664
vn 0.59267569 0.27128983 0.75837815
vn 0.14372966 0.86666518 0.47773764
vn 0.20620237 0.97850937 -0.00000007
vn 0.25080457 0.95378447 0.16550672
vn 0.39461550 0.87615502 0.27682340
vn 0.06553297 0.99749374 -0.02667721
vn -0.01650049 0.99986386 -0.00000004
vn 0.14138684 0.87377524 -0.46532416
vn 0.25066167 0.95484626 -0.15949088
vn 0.39461535 0.87615490 -0.27682355
vn -0.20337673 0.12515500 0.97106856
vn 0.09851562 -0.56294560 0.82060152
vn 0.10439889 -0.10439871 0.98904085
vn 0.51208252 -0.69496900 0.50476694
vn 0.81649667 0.40824836 0.40824816
vn -0.15394023 0.78369600 0.60176653
vn 0.02147952 0.98090136 -0.19331637
vn 0.54286331 0.37114134 -0.75336164
vn 0.61117047 0.04994512 -0.78992158
vn 0.29496321 0.66154319 -0.68946165
vn 0.79768050 -0.47860831 -0.36693314
vn -0.50777292 0.39493454 0.76563269
vn -0.23695715 -0.02598599 0.97117251
vn -0.25140220 0.15194649 0.95588142
vn 0.19510902 -0.48290604 0.85365933
vn 0.55230635 -0.68847287 0.47006693
vn 0.44622064 -0.47085840 0.76103860
vn 0.83664989 0.16300742 0.52292025
vn 0.77638072 -0.14693643 0.61289710
vn 0.80590355 0.28227583 0.52042276
vn 0.98385584 0.17896275 -0.00000014
vn 0.80907345 0.30974907 0.49945542
vn 0.81871170 0.20141669 0.53771967
vn 0.56135994 -0.82757181 -0.00000004
vn 0.87789559 -0.47885209 -0.00000009
vn 0.00000004 -1.00000000 0.00000004
vn 0.79291987 0.60932595 -0.00000013
vn 0.73632753 0.67662537 -0.00000013
vn 0.78063363 -0.16472088 -0.60289156
vn 0.83852750 0.16204743 -0.52020407
vn 0.81000954 0.28870192 -0.51042706
vn 0.62973708 0.59577370 0.49848276
vn 0.28986937 0.23448028 0.92789805
vn 0.73994011 -0.67267281 -0.00000007
vn 0.42690209 -0.90429789 -0.00000002
vn 0.82431906 0.19609466 -0.53107911
vn 0.43057740 -0.04297115 0.90153015
vn 0.73418194 0.05466577 -0.67674851
vn 0.76441753 -0.64462066 -0.01140929
vn 0.79935890 -0.39246818 -0.45496601
vn 0.88621747 -0.45517778 0.08620782
vn 0.75100529 0.22166239 -0.62197816
vn 0.63022900 0.06946320 -0.77329582
vn 0.20184025 0.27314049 0.94056094
vn 0.13511316 0.99083018 -0.00000006
vn 0.21252730 0.28548461 -0.93452162
vn 0.34961772 0.68633431 0.63774031
vn 0.71320856 0.42779553 0.55526978
vn 0.38327006 0.92363632 -0.00000009
vn 0.91615742 -0.40081885 -0.00000010
vn 0.63105613 -0.77573723 -0.00000005
vn 0.58549058 -0.81067926 -0.00000004
vn 0.93979341 0.34174308 -0.00000014
vn 0.72038180 0.42463273 -0.54839516
vn 0.34747115 0.69281214 -0.63188225
vn 0.62806362 0.60273856 -0.49218133
vn 0.39054993 -0.92058188 -0.00000001
vn 0.27187231 0.96233344 -0.00000008
vn 0.39609107 0.91821122 -0.00000009
vn 1.00000000 0.00000004 -0.00000013
vn 0.30329269 0.24890925 -0.91981399
vn 0.80907333 0.30974901 -0.49945566
vn -0.42894235 -0.83360511 0.34801000
vn -0.83914310 -0.37573576 0.39327022
vn -0.65907460 -0.30989602 -0.68526286
vn -0.94520873 0.27577356 0.17472687
vn -0.75376892 0.63163912 -0.18128610
vn -0.03861046 -0.98983324 0.13689187
vn 0.34371063 -0.90614623 -0.24649955
vn -0.35296670 0.73748326 -0.57578903
vn 0.54519898 -0.61137927 -0.57356209
vn 0.14963450 0.47530997 -0.86700064
vn 0.50152761 -0.03734783 -0.86433512
vn -0.40299752 0.85219860 0.33369225
vn -0.47533163 0.87974340 0.01055357
vn -0.57908159 0.66129202 0.47682008
vn 0.70980763 0.54714340 0.44362962
vn 0.10181938 0.89728415 -0.42955095
vn 0.26887801 0.53569740 -0.80045807
vn -0.12991130 0.84100407 -0.52520025
vn -0.62857735 -0.45269552 0.63242185
vn -0.58973211 -0.66564995 0.45730320
vn -0.56899858 -0.69998193 0.43158543
vn -0.61531550 -0.39303213 0.68331009
vn -0.53841555 -0.72113979 0.43596593
vn -0.61294347 -0.39384040 0.68497443
vn -0.58841944 -0.32587406 0.73997891
vn 0.64210677 0.12124727 -0.75696629
vn 0.63017565 0.21921222 -0.74486554
vn 0.63498670 0.47899437 -0.60609937
vn 0.67452711 0.58637220 -0.44853187
vn 0.66174048 0.51179814 -0.54787070
vn 0.63429755 0.45409650 -0.62567002
vn 0.65482104 0.53574270 -0.53309411
vn 0.67021388 0.19158365 -0.71701396
vn 0.66591936 0.51060015 -0.54391086
vn -0.61689681 -0.37470821 0.69212151
vn -0.63933647 -0.40209532 0.65541464
vn -0.64694858 -0.40642777 0.64519310
vn -0.60423374 -0.37553260 0.70276380
vn -0.61629230 -0.42410836 0.66356301
vn -0.61726964 -0.38517147 0.68601841
vn 0.52257323 -0.84395564 0.12106275
vn -0.34558401 -0.60241145 -0.71949440
vn -0.62762463 -0.39018202 0.67368054
vn -0.65228933 -0.42891520 0.62494040
vn 0.62780249 0.37429503 -0.68247151
vn 0.59025609 0.33069450 -0.73636878
vn 0.58849573 0.33087045 -0.73769748
vn 0.62149853 0.42882833 -0.65562642
vn 0.62062532 0.37021178 -0.69120735
vn 0.59925306 0.32998198 -0.72938865
vn 0.50099903 0.30200759 -0.81104356
vn -0.62743491 -0.44119936 0.64161408
vn -0.61613971 -0.59301591 0.51836658
vn -0.61384493 -0.62639791 0.48043734
vn -0.62237543 -0.53123987 0.57483304
vn -0.59620500 -0.42404374 0.68170863
vn 0.66139597 0.46277443 -0.59025025
vn 0.62027627 0.43471086 -0.65290421
vn 0.64749748 0.44276318 -0.62024826
vn 0.61045229 0.31327477 -0.72746617
vn 0.59036261 0.33984244 -0.73210597
vn 0.68584597 0.50938272 -0.51975435
vn -0.60778832 -0.51258987 0.60650235
vn -0.57452059 -0.38116673 0.72431898
vn -0.53835231 -0.37880588 0.75278342
vn -0.56159055 -0.44001716 0.70071471
vn 0.56736219 0.38807440 -0.72629082
vn 0.59916484 0.43222979 -0.67392808
vn 0.58108139 0.36528519 -0.72726285
vn 0.58249593 0.41616395 -0.69821632
vn 0.62657022 0.39799625 -0.67008126
vn 0.62380296 0.41720584 -0.66091549
vn 0.60029459 0.32694346 -0.72990030
vn 0.59299451 0.32600877 -0.73625803
vn -0.60197067 -0.64589936 0.46951607
vn -0.61871523 -0.39539114 0.67886472
vn -0.61736858 -0.39104122 0.68260002
vn 0.61895710 0.26376799 -0.73980987
vn -0.62898302 -0.37512103 0.68092930
vn -0.64619821 -0.42585781 0.63330334
vn -0.65028888 -0.45551348 0.60797364
vn -0.63268685 -0.39994183 0.66313946
vn -0.65474671 -0.47132483 0.59089744
vn -0.66666156 -0.53366208 0.52035296
vn 0.59673876 0.32217312 -0.73492002
vn 0.62595993 0.37035394 -0.68630326
vn 0.59672987 0.31148860 -0.73951906
vn 0.62402213 0.38764843 -0.67847270
vn 0.58339381 0.29952461 -0.75494164
vn 0.69511139 0.37795594 -0.61153042
vn 0.59403282 0.40478185 -0.69518113
vn -0.53923959 -0.33582631 0.77229631
vn -0.26841593 -0.53165150 0.80330557
vn -0.61607069 -0.43423846 0.65718627
vn -0.43477502 -0.70776469 0.55681223
vn -0.13236675 -0.86735117 0.47977182
vn 0.72166091 -0.68926215 -0.06421269
vn -0.06765450 -0.89732182 0.43616125
vn 0.57443750 0.48263824 -0.66112179
vn 0.63588226 0.35012147 -0.68779999
vn 0.71380574 -0.33265623 -0.61629641
vn 0.64050615 0.42089447 -0.64233923
vn 0.78321862 0.10317654 -0.61312586
vn -0.36265209 -0.77711183 0.51437414
vn -0.33802193 -0.35648057 0.87101251
vn -0.07917240 -0.14258215 0.98661149
vn 0.06095387 -0.15796456 0.98556179
vn -0.69081521 -0.53781909 0.48324430
vn -0.62994903 -0.34033909 0.69809276
vn -0.52721250 -0.56794149 0.63205177
vn -0.47158855 -0.57855237 0.66549337
vn -0.63489336 -0.69307834 0.34139845
vn -0.33981103 -0.29865035 0.89181638
vn -0.40194988 -0.31187421 0.86091274
vn -0.63101053 -0.41272640 0.65687346
vn -0.66598105 -0.63783646 0.38682550
vn 0.62877417 0.40804303 -0.66192448
vn 0.79382890 0.44721317 -0.41211167
vn 0.82545441 0.46796554 -0.31564748
vn 0.93301344 0.34395865 -0.10572793
vn 0.58223128 0.19817454 -0.78850085
vn 0.59380490 0.28744271 -0.75151342
vn 0.71175003 0.30171379 -0.63433492
vn -0.43051007 -0.30930728 0.84793282
vn -0.48822603 -0.31217915 0.81497210
vn 0.74567807 0.42307001 -0.51475823
vn 0.78146684 0.44700620 -0.43531027
vn -0.38107288 -0.88656288 0.26227799
vn -0.24993031 -0.90795261 0.33638808
vn -0.55862325 -0.30191541 0.77252012
vn 0.69951284 0.56681204 -0.43520793
vn 0.79638368 -0.17145631 -0.57997918
vn 0.64039403 -0.19357266 -0.74325305
vn 0.75818682 -0.04806687 -0.65026331
vn 0.85813421 0.21795560 -0.46486673
vn 0.52503258 0.84306794 0.11652148
vn 0.56768614 0.79670906 -0.20733379
vn 0.32907563 0.91997731 -0.21295780
vn 0.74543828 0.61027241 0.26812196
vn 0.19824266 0.92906356 -0.31231511
vn 0.16104709 0.98512757 0.05989601
vn 0.03753980 0.95140702 -0.30563936
vn 0.02805900 0.91403246 -0.40466946
vn 0.16523816 0.98144639 0.09726039
vn 0.23064049 -0.95295638 -0.19667016
vn -0.27140942 -0.77749610 -0.56730670
vn -0.58302522 -0.74303538 0.32860321
vn -0.83528215 -0.52302170 0.16956422
vn -0.34025863 -0.93520921 0.09802030
vn -0.50668526 -0.75329125 0.41931179
vn 0.89751220 0.40113533 -0.18320020
vn 0.76800948 0.10799528 -0.63126743
vn 0.81577158 0.28290686 -0.50446057
vn 0.59894061 0.34994835 -0.72028208
vn 0.57449818 0.62530595 -0.52815187
vn 0.73295134 0.48849109 -0.47345409
vn 0.51227170 0.14672478 -0.84619725
vn 0.26926574 0.23245481 -0.93459123
vn -0.95921201 -0.11697711 0.25734970
vn -0.20371833 0.09360040 0.97454500
vn -0.74529231 0.54947817 0.37764147
vn -0.74606079 0.27751037 -0.60529441
vn -0.04188992 -0.60740274 -0.79328889
vn 0.38638002 -0.77275985 0.50354028
vn -0.08992852 -0.98921400 -0.11562236
vn -0.85375327 0.08702768 -0.51335341
vn -0.80609238 -0.53041106 -0.26244852
vn -0.93149334 -0.33807096 -0.13426918
vn -0.06764457 -0.64888799 0.75787121
vn -0.52662849 -0.45827898 0.71599090
vn -0.51867008 -0.81986856 0.24248113
vn -0.11422636 -0.06321269 0.99144161
vn -0.25420162 0.30549809 0.91763419
vn -0.22169954 0.46926424 0.85477519
vn -0.82580185 0.56286961 0.03505771
vn -0.98025900 -0.19757164 0.00759904
vn -0.54871273 0.22769718 0.80440569
vn -0.59176230 0.24590111 -0.76769137
vn 0.31326276 -0.71959645 -0.61971557
vn 0.29256409 -0.74534154 0.59905952
vn 0.08926804 -0.99470055 -0.05101025
vn -0.77378684 -0.34370106 0.53209352
vn -0.47294194 -0.57285941 0.66944617
vn -0.57811630 0.02194172 0.81565940
vn -0.64937097 -0.75881559 0.05016221
vn -0.87582254 -0.32004899 -0.36125273
vn -0.56596583 -0.56153548 -0.60362291
vn -0.69699633 0.07106240 -0.71354485
vn -0.36959511 0.64595878 -0.66793466
vn -0.34005424 0.00419814 -0.94039655
vn -0.52876526 0.00241807 -0.84876472
vn -0.14828825 0.05723396 -0.98728663
vn 0.03863511 -0.66203684 -0.74847484
vn 0.16335054 0.02219435 -0.98631853
vn -0.30875626 -0.94839817 -0.07218356
vn -0.09963092 -0.64874256 0.75445807
vn -0.47892031 0.06890943 0.87514961
vn -0.02017276 0.05945697 0.99802703
vn -0.68356282 0.02972013 0.72928637
vn -0.76031303 0.49590746 0.41952369
vn -0.72799075 0.32355148 0.60443693
vn 0.06652253 0.63841116 -0.76681542
vn -0.14710996 0.63808984 0.75577778
vn -0.38491720 0.91391534 -0.12883157
vn -0.99247581 -0.10951462 -0.05475715
vn -0.56051552 0.17764035 0.80886728
vn -0.83215308 0.55181146 -0.05500363
vn -0.16020106 -0.98585284 -0.04929258
vn 0.11483727 -0.72585851 -0.67819017
vn 0.10394589 -0.77843839 0.61905491
vn -0.45121491 0.18292485 -0.87346643
vn -0.36114284 0.04299312 -0.93151885
vn -0.23933174 0.32982883 -0.91319954
vn -0.46215764 0.53048718 -0.71062917
vn -0.58502841 -0.53222066 0.61195022
vn -0.70310932 -0.59549063 0.38862351
vn -0.42843112 -0.89961046 -0.08454618
vn -0.44077340 -0.61183834 -0.65678966
vn -0.23610395 -0.57962948 -0.77992600
vn 0.27088654 -0.77654153 -0.56886178
vn -0.18080400 -0.65993500 0.72924328
vn -0.37071005 -0.91794884 0.14122298
vn -0.96041989 -0.06263614 -0.27142289
vn -0.77993757 0.27632076 0.56155521
vn -0.71096700 0.53266799 -0.45911968
vn -0.14981747 0.08789279 -0.98479927
vn -0.83873397 0.53989369 0.07099529
vn -0.85686493 0.37646624 0.35221547
vn -0.90232521 0.06117457 0.42669293
vn -0.78430772 -0.51618069 0.34412053
vn -0.73749143 -0.60180587 0.30649009
vn -0.36850277 -0.90546393 -0.21057293
vn -0.14489596 -0.58248150 -0.79982531
vn -0.03579617 -0.58276039 -0.81185532
vn -0.23829673 0.41886917 -0.87622100
vn -0.01826695 -0.06604164 -0.99764967
vn -0.12561578 0.22711304 -0.96573305
vn -0.15408537 -0.96190101 0.22584097
vn -0.12395349 -0.99110085 0.04852656
vn -0.08034370 -0.99651152 -0.02257716
vn -0.12428853 -0.98723990 -0.09954860
vn -0.05200894 -0.99503326 0.08487584
vn 0.07986063 -0.99071473 0.11003015
vn -0.12876038 -0.96119225 -0.24398859
vn -0.07497621 -0.99276233 -0.09381637
vn 0.08637682 -0.99169898 -0.09524789
vn 0.12081191 -0.99267083 0.00302032
vn 0.50306910 -0.67133093 0.54427594
vn 0.72173184 -0.62759280 0.29194269
vn -0.09695157 -0.96589130 -0.24011363
vn 0.55298579 -0.66685438 -0.49951169
vn 0.73043042 -0.63267982 -0.25726989
vn -0.87052107 0.49109390 -0.03193902
vn -0.74635434 0.64507300 -0.16381721
vn -0.70419627 0.68786299 0.17593247
vn -0.67256773 0.67939079 -0.29339540
vn -0.45681468 0.36375448 0.81179005
vn 0.10644066 0.09695579 0.98958081
vn -0.18770352 0.18740524 0.96418196
vn -0.45781472 0.03200826 0.88847125
vn -0.65022230 0.01970372 0.75948858
vn -0.46402979 0.68274993 0.56438375
vn 0.00301884 -0.12830606 -0.99173003
vn -0.32741171 0.87795651 -0.34927642
vn -0.39669931 0.17810670 -0.90050411
vn 0.02540200 0.12729605 -0.99153954
vn -0.58805513 0.38674983 -0.71036309
vn 0.74580699 -0.32078084 0.58384210
vn 0.83483875 -0.38519344 0.39328146
vn 0.77035350 -0.51133424 0.38091046
vn 0.70116341 -0.27167577 0.65921324
vn 0.61847430 -0.18534979 0.76363277
vn 0.87433755 -0.30779380 0.37522936
vn 0.87625927 -0.40502074 0.26101330
vn 0.69659114 -0.30635425 -0.64877415
vn 0.69327533 -0.48922625 -0.52917576
vn 0.83173901 -0.31347370 -0.45819700
vn 0.78663146 -0.39175621 -0.47721902
vn 0.56583589 -0.25578889 -0.78383797
vn 0.75853294 -0.33303443 -0.56010348
vn 0.45236534 -0.22170274 -0.86383653
vn -0.73228061 -0.13881174 -0.66670573
vn -0.60673404 0.10376983 -0.78810257
vn -0.71482056 0.06580221 -0.69620520
vn -0.50389099 0.39269948 -0.76933801
vn -0.37286222 0.46623370 -0.80224675
vn -0.81885684 -0.40790451 0.40384087
vn -0.68041480 -0.45786595 0.57218403
vn -0.48055902 -0.31577766 0.81813675
vn -0.32656109 -0.09824277 -0.94005650
vn -0.43649280 -0.14281346 -0.88830084
vn -0.60509914 -0.23590480 -0.76039726
vn 0.04115087 -0.46125489 -0.88631302
vn 0.08266956 -0.67713118 -0.73120391
vn 0.76716739 0.06448506 -0.63819742
vn 0.58270657 0.13786994 -0.80090266
vn 0.90671331 0.07104747 -0.41572013
vn -0.50700212 -0.65794182 0.55683172
vn -0.68998092 -0.55821383 0.46078601
vn -0.68611538 -0.59056652 0.42482576
vn -0.26702264 -0.46248606 0.84546173
vn -0.50010133 -0.51415211 0.69681156
vn -0.07688738 0.02187582 -0.99679977
vn -0.16185628 -0.07010199 -0.98432124
vn 0.08189490 -0.03777824 -0.99592471
vn -0.16651638 0.37537068 -0.91179460
vn -0.35066888 0.52996707 -0.77211815
vn -0.15549183 0.44748726 -0.88066876
vn 0.41820875 -0.10546017 -0.90220821
vn 0.22677831 0.13781433 -0.96414679
vn 0.21663876 -0.02316558 -0.97597694
vn 0.92322004 -0.06990089 0.37786064
vn 0.99429506 0.07757691 0.07320621
vn 0.95724261 -0.15097660 -0.24676445
vn 0.18547210 0.30002639 -0.93572670
vn 0.17400305 -0.02160235 -0.98450822
vn 0.11883862 -0.03733766 -0.99221140
vn 0.31502911 -0.46438861 -0.82770765
vn 0.58580142 -0.44290170 -0.67873025
vn 0.20771366 -0.21970160 -0.95319790
vn -0.84486681 0.52118397 -0.12069517
vn -0.95137024 -0.28058848 -0.12714151
vn -0.63665944 0.12234317 0.76137841
vn -0.02218131 -0.76099354 0.64838022
vn -0.17575149 -0.98420864 -0.02109012
vn 0.21930924 -0.71884710 -0.65966839
vn -0.41191325 0.20032243 -0.88893104
vn 0.22010052 -0.76934236 -0.59972346
vn 0.06849771 -0.74742961 0.66080040
vn -0.04503515 -0.99828023 0.03752938
vn -0.96322930 -0.20640634 -0.17200510
vn -0.60180169 0.15913029 0.78263175
vn -0.81546462 0.54648924 -0.19070193
vn -0.32213393 0.12428778 -0.93849999
vn -0.37707403 0.06967677 0.92355853
vn -0.80052149 0.52929753 0.28108668
vn -0.98982930 -0.11440242 0.08455841
vn -0.65277869 0.29841301 -0.69629711
vn 0.14656542 -0.80610925 0.57332915
vn -0.25560385 -0.94938588 -0.18257412
vn 0.03198389 -0.63754702 -0.76974732
vn -0.17160819 -0.65722328 0.73389935
vn -0.45117232 -0.57785630 0.68009245
vn -0.49102098 -0.85953993 0.14173813
vn -0.23374406 -0.06233175 0.97029817
vn -0.30842644 0.30081111 0.90243328
vn -0.76667547 -0.48707750 -0.41828734
vn -0.32335603 0.45031142 0.83226234
vn -0.56838298 -0.59121972 -0.57218897
vn -0.66874027 0.07991228 -0.73918915
vn -0.55812466 -0.03001678 0.82921398
vn -0.65477145 -0.51845932 0.54997671
vn -0.39586341 -0.63759536 0.66088146
vn -0.50742507 0.36611685 0.78005022
vn -0.61365414 0.50053358 0.61065108
vn -0.52996647 -0.84794647 -0.01106006
vn -0.64942032 -0.51705432 -0.55759132
vn -0.34690043 -0.60707569 -0.71492600
vn -0.46566322 -0.00100799 -0.88496143
vn 0.15704133 -0.07339106 0.98486131
vn 0.15903221 -0.74575901 0.64695615
vn -0.23689890 -0.21433719 0.94759619
vn -0.16998754 -0.98400223 0.05332951
vn -0.37711310 -0.02020254 -0.92594695
vn -0.41510972 0.89204425 0.17872058
vn -0.00117601 -0.03174872 -0.99949521
vn -0.19372535 -0.96704322 -0.16522074
vn 0.16364819 -0.71044123 -0.68446523
vn 0.26208383 -0.01668702 -0.96490085
vn -0.11193456 -0.99220514 -0.05477045
vn -0.04176500 -0.99734914 -0.05958474
vn -0.12490117 -0.99216402 -0.00320254
vn -0.67562807 -0.02405149 0.73685020
vn -0.13865033 -0.70398104 0.69655347
vn 0.12166564 0.60886240 -0.78389043
vn -0.41091484 0.88295311 -0.22703040
vn 0.08089139 -0.99496341 0.05919778
vn -0.08191218 -0.99529868 0.05168278
vn 0.11967953 -0.99259174 -0.02094388
vn 0.11577654 -0.98971492 -0.08402506
vn -0.15153171 -0.97273588 -0.17556491
vn -0.04149593 -0.99153489 -0.12303181
vn -0.21820492 0.05995727 0.97405940
vn 0.54050827 -0.78497046 0.30277428
vn 0.30869305 -0.71098953 0.63182473
vn 0.12036887 -0.14532359 -0.98203480
vn 0.38110504 -0.70128751 -0.60245740
vn 0.55577922 -0.62988317 -0.54254645
vn 0.65168637 -0.74119854 -0.16102722
vn -0.70866430 0.65727073 0.25649598
vn -0.87716269 0.47227147 -0.08686377
vn -0.74502778 0.63707465 -0.19766036
vn -0.59796560 0.65932035 -0.45577824
vn -0.66310656 -0.53426182 0.52426529
vn -0.69768506 -0.62846601 0.34389845
vn -0.41518995 -0.89519012 -0.16202524
vn -0.37134740 -0.64075619 -0.67196178
vn -0.72585148 0.00651962 0.68782055
vn -0.74062431 0.51951033 0.42612740
vn -0.75108433 0.31259498 0.58151245
vn -0.14290716 -0.55091715 -0.82223338
vn -0.25555226 -0.00843810 -0.96675849
vn -0.11806417 0.28642753 -0.95079976
vn -0.36600214 0.52747345 -0.76669055
vn -0.78754258 -0.52813059 0.31757641
vn -0.72589630 -0.62179500 0.29401627
vn -0.30994475 -0.93342447 -0.18070132
vn -0.83339882 0.53387821 0.14290111
vn -0.88759381 0.29859149 0.35074285
vn -0.90454113 0.00773110 0.42631623
vn -0.04090536 -0.60434264 -0.79567379
vn 0.05493734 -0.59744453 -0.80002624
vn 0.48021775 0.00150066 -0.87714803
vn 0.35277906 -0.77170426 -0.52916867
vn -0.18562104 -0.64686155 0.73967218
vn -0.19135076 -0.96951079 0.15308073
vn -0.92490160 -0.24871311 -0.28757432
vn -0.80856723 0.22778992 0.54252267
vn -0.69820654 0.49847499 -0.51383889
vn 0.01572024 -0.01100431 -0.99981588
vn 0.14957619 -0.10849553 -0.98277956
vn -0.00855809 0.13350406 -0.99101132
vn -0.03335378 0.41692048 -0.90833080
vn -0.67994964 -0.02552090 0.73281455
vn -0.29377136 0.90361863 -0.31172395
vn -0.44927579 0.03141126 0.89284074
vn -0.43074352 0.66996402 0.60465544
vn -0.81655091 -0.47831997 0.32319444
vn -0.62899220 -0.58248538 0.51485896
vn -0.55907780 -0.73453063 0.38457358
vn -0.95926499 -0.27963528 0.04018490
vn -0.86900491 -0.40399352 0.28569168
vn -0.35174027 0.16069341 -0.92220193
vn -0.96852452 -0.21225719 -0.13002761
vn -0.60045254 -0.77973968 0.17737761
vn -0.50715142 -0.79082853 0.34261888
vn -0.98414546 -0.14305465 -0.10484803
vn -0.98238397 -0.12752596 -0.13659826
vn -0.84161121 -0.40693957 0.35509259
vn -0.57359463 -0.63043278 0.52301419
vn -0.53536105 -0.49012548 0.68787026
vn -0.78312331 -0.60282719 0.15269999
vn 0.15813884 -0.64475417 -0.74785304
vn -0.13309801 -0.96230197 -0.23719157
vn 0.20354070 0.58399892 -0.78582221
vn 0.28200710 0.80312026 -0.52485228
vn 0.69678742 0.66944528 -0.25754687
vn -0.05025575 -0.87816328 -0.47571379
vn 0.00513716 0.33078462 -0.94369239
vn 0.83158708 -0.53949893 -0.13192444
vn 0.76431942 -0.64131039 0.06735574
vn 0.45640442 -0.87641823 -0.15357761
vn -0.13104112 -0.85311979 -0.50498992
vn 0.19012946 0.81030029 0.55431437
vn 0.22876811 0.78596979 0.57438380
vn 0.46811810 0.62292761 0.62675881
vn -0.11832143 0.14469673 -0.98237616
vn -0.29790494 -0.95292586 -0.05643534
vn 0.05328576 0.12433371 -0.99080873
vn 0.29374686 -0.18687797 -0.93743771
vn -0.03352740 -0.65284693 -0.75674754
vn 0.23439053 -0.68573612 -0.68907702
vn -0.19027543 -0.30610362 -0.93278933
vn -0.38834974 -0.92094374 0.03236257
vn -0.48084542 -0.83843398 0.25654656
vn -0.31155038 -0.94967711 0.03239945
vn -0.50419867 0.05099650 -0.86208063
vn -0.90577781 -0.17958292 -0.38381842
vn 0.24244146 -0.21912992 -0.94509482
vn -0.01948284 0.85958815 -0.51061594
vn -0.02783854 0.73365831 -0.67894816
vn 0.42358127 -0.63309443 0.64789689
vn 0.36878166 0.73418951 0.57005781
vn -0.29352358 -0.79611969 -0.52918571
vn 0.37807474 0.63529378 0.67339534
vn 0.37506416 0.64750999 0.66336840
vn 0.22982265 -0.91578501 -0.32942277
vn 0.49586195 -0.79795891 0.34261146
vn 0.62362331 0.55165821 0.55386567
vn -0.59660363 -0.61119074 -0.52010572
vn 0.44914302 0.67914623 0.58054370
vn -0.39437181 -0.71946949 -0.57169437
vn 0.66646570 0.47816092 0.57200146
vn -0.65358847 -0.51924783 -0.55063951
vn -0.85768050 0.13075896 -0.49727887
vn -0.89808011 0.02747296 -0.43897307
vn -0.51985711 -0.63932890 -0.56657493
vn 0.56106669 0.59216630 0.57839715
vn 0.91200989 -0.33835191 0.23185331
vn 0.10586547 -0.50608790 0.85596001
vn 0.10853309 -0.66016978 0.74323374
vn -0.25559995 -0.59141022 0.76478940
vn 0.94957083 -0.10568011 -0.29520684
vn 0.86488938 -0.16825537 -0.47292331
vn -0.15496826 0.01480198 -0.98780859
vn -0.27661642 -0.17740174 -0.94446397
vn -0.05756228 -0.29426906 -0.95398760
vn -0.31676549 -0.53727150 0.78166419
vn -0.40568712 -0.52398270 0.74890590
vn -0.09514436 -0.36291495 0.92695224
vn -0.64646178 -0.47419548 -0.59768373
vn -0.65941793 -0.22885545 -0.71609581
vn -0.35456526 -0.33050749 -0.87467039
vn -0.22469069 -0.14239575 -0.96396971
vn 0.05984177 -0.12449375 -0.99041420
vn -0.24514006 -0.62803191 -0.73856777
vn -0.20476761 -0.64919788 -0.73253834
vn 0.63117236 -0.22856233 0.74120224
vn -0.71446937 -0.39128810 -0.58002353
vn 0.23323148 -0.95452118 0.18572134
vn 0.90493304 -0.07087385 0.41961092
vn -0.68568456 -0.41181111 -0.60020691
vn 0.45160699 -0.88995922 -0.06343328
vn 0.58760887 -0.74405020 -0.31797025
vn 0.71238506 0.37371022 0.59401041
vn 0.41850358 -0.90733653 -0.03994019
vn -0.64876628 -0.40402326 -0.64487797
vn 0.37429368 -0.92730409 -0.00337202
vn 0.66902930 0.36586940 0.64694619
vn 0.36407974 -0.93136674 0.00141115
vn -0.61823827 -0.37743783 -0.68943614
vn 0.63947064 0.35050759 0.68426734
vn -0.79107356 -0.34852371 -0.50272644
vn -0.87116545 -0.24935538 -0.42295700
vn -0.77283746 -0.15829206 -0.61454529
vn -0.84592259 0.50113887 -0.18241447
vn -0.21137199 0.94657886 0.24353726
vn -0.71727061 0.57749468 -0.38990086
vn -0.38920811 -0.35300267 -0.85082674
vn -0.87845868 0.06757368 -0.47301605
vn 0.08908699 -0.44543543 -0.89087081
vn -0.29138589 -0.38851443 -0.87415731
vn -0.84916532 0.30428416 -0.43165889
vn -0.80285978 -0.09366702 -0.58876365
vn -0.71089512 -0.04528000 -0.70183891
vn -0.68522400 -0.00430965 -0.72831964
vn -0.54714346 -0.02204613 -0.83674848
vn -0.77419859 0.61649138 -0.14337002
vn -0.90465021 0.35094184 -0.24175985
vn -0.38404787 0.26883334 -0.88330972
vn -0.71468025 0.69905877 0.02343220
vn -0.77868164 0.62510073 0.05388808
vn 0.55146861 -0.67649084 0.48810098
vn 0.42209750 -0.69441831 0.58276671
vn 0.65228462 -0.39952439 -0.64413118
vn 0.66428661 -0.39419210 -0.63508731
vn 0.64447206 -0.45877677 -0.61170238
vn 0.35165066 -0.71795356 -0.60073662
vn -0.58901525 0.30490190 -0.74839562
vn 0.47879201 -0.52540022 -0.70335829
vn -0.27601543 -0.77786160 -0.56457680
vn -0.96687424 -0.02035530 -0.25444046
vn -0.01530427 -0.81877643 -0.57390863
vn -0.66416502 -0.69481874 -0.27588379
vn -0.25142163 0.89637244 -0.36510780
vn -0.78720957 0.59719336 0.15382263
vn -0.83369410 0.51983273 0.18635522
vn -0.96471316 0.23946777 0.10947112
vn -0.41432318 0.54423136 -0.72948521
vn -0.53197068 0.33819842 -0.77629185
vn -0.44791311 0.42188480 -0.78828108
vn -0.20199601 0.96560204 0.16373916
vn -0.57735020 0.57735026 0.57735032
vn -0.60847032 -0.25942537 -0.74997491
vn -0.03935877 -0.01513800 0.99911058
vn -0.43708140 -0.31866890 -0.84107667
vn -0.45410180 -0.44284305 -0.77309871
vn -0.33893982 -0.62652504 -0.70184487
vn -0.54211891 -0.05821415 -0.83828294
vn -0.30524567 0.79233956 -0.52822638
vn -0.28901029 0.64536250 -0.70709282
vn -0.50294036 0.78974092 -0.35122687
vn -0.50493246 0.83630139 -0.21364278
vn -0.48850828 0.73976636 -0.46271527
vn -0.20526731 0.11163648 -0.97231817
vn 0.08184443 -0.50235611 -0.86077863
vn 0.17798708 -0.75986820 -0.62523681
vn 0.06289469 -0.88984364 -0.45191011
vn -0.75568902 0.58800644 -0.28841376
vn -0.22306387 -0.88447410 -0.40981492
vn -0.51497567 -0.70194125 -0.49201480
vn -0.85602719 0.30927426 -0.41420656
vn -0.81651479 -0.14635648 -0.55846518
vn -0.66794401 -0.02961334 -0.74362218
vn -0.88247758 -0.24928749 -0.39885977
vn -0.93007165 -0.00000006 -0.36737818
vn -0.71912485 -0.46645936 -0.51504868
vn -0.88556999 0.21327856 -0.41264763
vn -0.53568351 -0.52567065 -0.66084307
vn -0.77043158 0.37766245 -0.51362091
vn -0.61512578 0.44270399 -0.65240592
vn -0.36260101 -0.46924832 -0.80518728
vn -0.25906596 -0.31885028 -0.91171241
vn -0.25111133 -0.03720171 -0.96724313
vn -0.27747083 0.18657507 -0.94244355
vn -0.44046122 0.36548892 -0.82000732
vn -0.08901100 -0.62562102 0.77503264
vn -0.47921440 -0.18022329 0.85899556
vn -0.53198254 0.43000305 0.72944635
vn -0.28691527 -0.33130455 -0.89884210
vn 0.12334476 -0.85305631 -0.50703174
vn 0.22309950 -0.62458056 -0.74841553
vn 0.45402911 -0.73479241 -0.50392246
vn 0.45384970 -0.36088055 -0.81473041
vn 0.74175197 -0.53634369 -0.40266541
vn 0.11576510 -0.43026069 -0.89525092
vn 0.45654094 0.10990801 -0.88288766
vn 0.09732709 -0.05863818 -0.99352354
vn 0.00445658 -0.14855696 -0.98889393
vn -0.24054177 -0.59180897 -0.76935154
vn -0.16775715 -0.23547553 -0.95729250
vn 0.91761369 0.31419429 -0.24344867
vn 0.74183047 -0.25415757 -0.62055749
vn 0.00282125 -0.99870580 0.05078170
vn 0.22941576 -0.96354610 -0.13764943
vn 0.73521465 -0.51465023 -0.44112888
vn 0.84148228 0.19233882 -0.50488949
vn 0.68824714 0.59648097 -0.41294843
vn -0.40859938 0.67471647 -0.61465782
vn -0.49035698 0.77820855 -0.39235389
vn -0.37847978 0.37663466 -0.84551722
vn -0.29251218 -0.66172743 -0.69032854
vn -0.25204673 -0.22426201 -0.94137090
vn -0.22741216 -0.56678098 -0.79186052
vn -0.47949156 0.24684520 -0.84211361
vn -0.55656254 -0.13802753 -0.81925982
vn -0.15928631 0.26470461 -0.95108324
vn -0.33323920 0.44758579 -0.82983059
vn 0.42505643 -0.84449536 -0.32581419
vn 0.67890239 -0.47140092 -0.56291449
vn -0.03658377 -0.37911046 -0.92462802
vn 0.01585765 -0.60743916 -0.79420793
vn 0.72349948 -0.25137165 0.64293140
vn 0.89945447 -0.19873260 0.38921332
vn 0.81440890 -0.45938560 0.35454652
vn 0.67900676 -0.61207753 0.40535289
vn 0.42573154 -0.85390985 -0.29931703
vn 0.59267551 0.27128977 -0.75837827
vn 0.43903109 0.31801930 -0.84030676
vn 0.60485297 0.40323538 -0.68669796
vn 0.34758916 0.53150642 -0.77245235
vn 0.31618351 0.16565308 -0.93412369
vn 0.45442060 -0.11011096 -0.88395572
vn 0.73418212 0.05466583 0.67674828
vn 0.29496339 0.66154331 0.68946153
vn 0.61117071 0.04994518 0.78992146
vn 0.54286343 0.37114137 0.75336140
vn 0.81649655 0.40824831 -0.40824845
vn 0.02147957 0.98090136 0.19331628
vn 0.79768068 -0.47860831 0.36693299
vn 0.44622037 -0.47085840 -0.76103860
vn 0.55230618 -0.68847287 -0.47006699
vn 0.19510880 -0.48290610 -0.85365933
vn 0.79935902 -0.39246812 0.45496583
vn 0.76441753 -0.64462066 0.01140914
vn 0.88621753 -0.45517784 -0.08620802
vn 0.65608478 0.35858887 0.66405332
vn 0.63022918 0.06946327 0.77329558
vn 0.09851541 -0.56294572 -0.82060152
vn -0.20337698 0.12515491 -0.97106856
vn 0.10439863 -0.10439879 -0.98904085
vn 0.51208240 -0.69496906 -0.50476700
vn -0.15394038 0.78369588 -0.60176659
vn -0.25140247 0.15194641 -0.95588142
vn -0.23695743 -0.02598608 -0.97117251
vn -0.50777316 0.39493454 -0.76563269
vn -0.40299761 0.85219860 -0.33369219
vn -0.57908177 0.66129202 -0.47681996
vn -0.47533163 0.87974340 -0.01055352
vn 0.26887819 0.53569746 0.80045784
vn 0.70980752 0.54714340 -0.44362986
vn 0.10181949 0.89728415 0.42955089
vn -0.65907449 -0.30989599 0.68526304
vn 0.34371069 -0.90614623 0.24649955
vn 0.54519916 -0.61137927 0.57356197
vn -0.03861050 -0.98983335 -0.13689180
vn -0.35296658 0.73748332 0.57578909
vn -0.75376886 0.63163912 0.18128625
vn -0.94520879 0.27577356 -0.17472667
vn 0.14963470 0.47530997 0.86700052
vn 0.50152785 -0.03734775 0.86433500
vn -0.42894250 -0.83360523 -0.34800985
vn -0.83914322 -0.37573582 -0.39326993
vn -0.01650260 -0.88427925 -0.46666697
vn 0.72166097 -0.68926215 0.06421255
vn 0.08356252 -0.90651077 -0.41383031
vn 0.47899711 0.59171772 0.64840722
vn 0.57443762 0.48263824 0.66112161
vn -0.12816882 -0.87091047 -0.47443435
vn 0.63588238 0.35012150 0.68779981
vn 0.71380591 -0.33265617 0.61629617
vn -0.06818166 -0.89761996 -0.43546492
vn -0.43626124 -0.70571047 -0.55825531
vn -0.64621395 -0.49075714 -0.58443570
vn 0.64050633 0.42089453 0.64233911
vn 0.65096992 0.48254588 0.58599293
vn -0.61388624 -0.42128778 -0.66757798
vn -0.26749039 -0.52626866 -0.80714947
vn 0.62128085 0.41660285 0.66366571
vn 0.78321874 0.10317660 0.61312562
vn -0.53923970 -0.33582634 -0.77229607
vn -0.07876095 -0.14248553 -0.98665833
vn -0.33802214 -0.35648063 -0.87101239
vn -0.36265221 -0.77711183 -0.51437390
vn 0.05525791 -0.15642278 -0.98614335
vn -0.52721268 -0.56794149 -0.63205165
vn -0.62253678 -0.33674455 -0.70643550
vn -0.68981236 -0.53558028 -0.48714748
vn -0.47218269 -0.58253539 -0.66158611
vn -0.33981124 -0.29865041 -0.89181626
vn -0.63538742 -0.69234347 -0.34196994
vn 0.82545447 0.46796554 0.31564718
vn 0.87104768 0.45705748 0.17992900
vn 0.62877429 0.40804303 0.66192430
vn 0.54060018 0.10915969 0.83416766
vn 0.93689007 0.29620457 0.18574138
vn 0.88583875 0.39350021 0.24586026
vn 0.87593019 0.48066762 -0.04129096
vn 0.75013804 -0.05331856 0.65912843
vn -0.62973213 -0.41255063 -0.65820932
vn -0.40293589 -0.31346557 -0.85987324
vn 0.78146696 0.44700626 0.43531004
vn 0.62310201 0.38769275 0.67929244
vn 0.56728697 0.25954768 0.78155011
vn 0.52112794 0.13392118 0.84290618
vn 0.74567819 0.42307007 0.51475799
vn -0.48822623 -0.31217921 -0.81497198
vn -0.43051028 -0.30930734 -0.84793270
vn -0.63339311 -0.40004131 -0.66240489
vn -0.61952883 -0.36522219 -0.69483578
vn -0.62898314 -0.37512103 -0.68092912
vn -0.64453012 -0.40117013 -0.65087903
vn -0.65028900 -0.45551348 -0.60797346
vn -0.65642774 -0.47059461 -0.58961290
vn 0.68096554 0.37697998 0.62783122
vn 0.60029471 0.32694349 0.72990012
vn 0.59673887 0.32217315 0.73491985
vn 0.62563652 0.37177572 0.68582928
vn -0.66637385 -0.53588337 -0.51843506
vn -0.65474683 -0.47132483 -0.59089726
vn 0.59672999 0.31148863 0.73951888
vn 0.67148834 0.60848975 0.42289922
vn 0.66048265 0.55449235 0.50626171
vn 0.66370648 0.08386756 0.74327654
vn 0.68001467 0.36417851 0.63636005
vn 0.82955313 0.43084401 0.35526758
vn -0.53804380 -0.72055703 -0.43738604
vn -0.61494279 -0.39222416 -0.68410933
vn -0.58642000 -0.32370389 -0.74251425
vn 0.67513454 0.59094077 0.44156805
vn 0.63779140 0.48015255 0.60222566
vn 0.64289463 0.12076072 0.75637519
vn 0.79988140 -0.19034208 0.56917471
vn 0.69708222 0.60007995 0.39240363
vn 0.63238430 -0.20738587 0.74637872
vn -0.63037294 -0.44727191 -0.63449025
vn -0.60133368 -0.36317644 -0.71168864
vn -0.56899869 -0.69998199 -0.43158525
vn -0.38319495 -0.88379121 -0.26846728
vn -0.55780500 -0.29958841 -0.77401572
vn -0.25621396 -0.90523088 -0.33898622
vn -0.61871541 -0.39539120 -0.67886460
vn -0.59317183 -0.66412008 -0.45507345
vn -0.62912852 -0.44205377 -0.63936365
vn 0.66461200 0.51844621 0.53805631
vn 0.62930399 0.21246906 0.74755162
vn 0.63057810 0.45531607 0.62853688
vn 0.23064055 -0.95295638 0.19667019
vn 0.54504859 -0.83700794 -0.04837201
vn -0.63072342 -0.39928132 -0.66540402
vn -0.61814564 -0.37506357 -0.69081348
vn -0.64029890 -0.40051293 -0.65544391
vn -0.64694870 -0.40642777 -0.64519292
vn 0.58932823 0.33162057 0.73669541
vn 0.62207937 0.37830892 0.68549228
vn 0.59176767 0.32754052 0.73656517
vn 0.58842623 0.32102594 0.74208957
vn -0.17817786 -0.58544195 0.79089224
vn -0.27140924 -0.77749598 0.56730688
vn 0.50396699 0.29897022 0.81032968
vn -0.65144610 -0.42597550 -0.62782395
vn -0.61895990 -0.37974551 -0.68751878
vn 0.68831229 0.51612306 0.50974822
vn 0.26926598 0.23245490 0.93459111
vn 0.59894079 0.34994841 0.72028196
vn 0.51227188 0.14672482 0.84619701
vn 0.73451680 0.48631239 0.47327095
vn 0.81785446 0.26918182 0.50858158
vn 0.76740015 0.11350245 0.63104212
vn 0.57994550 0.62187809 0.52624220
vn 0.65395331 -0.19550493 0.73083711
vn -0.83718818 -0.51979929 -0.17007244
vn -0.58302534 -0.74303544 -0.32860300
vn -0.50988817 -0.75115633 -0.41925943
vn -0.12062203 -0.98910111 0.08443552
vn -0.57612854 -0.71478689 -0.39642864
vn 0.59604907 0.13822444 0.79096115
vn -0.60390228 -0.38185006 -0.69963747
vn -0.62158275 -0.38672215 -0.68123484
vn -0.61486119 -0.42612711 -0.66359735
vn 0.61858875 0.43584153 0.65375090
vn 0.66013110 0.46825495 0.58733660
vn 0.64749759 0.44276318 0.62024808
vn -0.61789083 -0.58746421 -0.52258670
vn -0.61424893 -0.62070996 -0.48725495
vn -0.61819941 -0.53313130 -0.57758164
vn -0.59454131 -0.42618686 -0.68182504
vn -0.53835249 -0.37880594 -0.75278330
vn -0.57452077 -0.38116679 -0.72431886
vn -0.55874342 -0.43524864 -0.70594931
vn -0.59015012 -0.51419902 -0.62235212
vn -0.61355621 -0.56059688 -0.55612946
vn 0.58258545 0.41541713 0.69858634
vn 0.62259018 0.41595331 0.66284567
vn 0.62550068 0.39859259 0.67072564
vn 0.56761026 0.38946152 0.72535396
vn 0.58189428 0.36792317 0.72528034
vn 0.59925222 0.43160856 0.67424840
vn 0.60638589 0.31137773 0.73166943
vn -0.14948562 -0.77380770 -0.61552876
vn -0.51287001 -0.52248627 -0.68115532
vn -0.68329459 -0.44308141 0.58033383
vn 0.45415384 0.26557484 -0.85042006
vn -0.05093538 -0.81496537 -0.57726705
vn 0.19563465 0.15802434 -0.96786135
vn -0.82862782 -0.48677245 0.27645716
vn -0.97826856 -0.19105014 0.08056343
vn -0.75439221 -0.09429908 -0.64961535
vn 0.17053312 -0.37517253 0.91113341
vn -0.45768553 -0.56816143 0.68389815
vn 0.33834147 -0.92274940 -0.18454988
vn -0.84940624 -0.51876497 -0.09691199
vn -0.65877801 -0.34115294 -0.67054176
vn -0.14146675 -0.14712535 -0.97894907
vn 0.77597499 -0.12762740 0.61771679
vn 0.99452537 0.08027563 -0.06689646
vn 0.64374429 0.07371119 -0.76168245
vn -0.40894324 -0.23251796 0.88244027
vn 0.30315828 -0.01732327 0.95278275
vn 0.41333151 0.06371517 0.90834874
vn -0.47923729 -0.32545859 0.81511259
vn 0.47380337 0.46628264 0.74705482
vn 0.79890788 0.54570216 -0.25289410
vn 0.67438519 0.73829758 0.01101925
vn 0.69857150 0.44130433 -0.56324804
vn 0.73102826 -0.23758408 0.63964951
vn 0.56553072 0.01182675 0.82464248
vn 0.75346351 -0.34357926 0.56057668
vn 0.53828794 0.84276110 -0.00000011
vn 0.49465832 0.68238330 0.53820652
vn 0.08174791 0.99665314 -0.00000005
vn 0.99704933 0.07676481 -0.00000013
vn 0.36045438 0.43466553 0.82531118
vn 0.60657132 0.79502904 -0.00000011
vn 0.45407161 0.89096516 -0.00000010
vn 0.47133079 0.69231910 0.54638952
vn 0.12882262 0.99166775 -0.00000006
vn 0.41238943 0.45821044 0.78738695
vn 0.60900360 0.79316741 -0.00000011
vn 0.97955483 0.20117743 -0.00000014
vn 0.47229582 0.69429302 -0.54304135
vn 0.15596253 0.98776299 -0.00000006
vn 0.41716164 0.46351308 -0.78174919
vn 0.48564297 -0.87415725 -0.00000003
vn 0.33786476 0.94119477 -0.00000009
vn 0.51449579 -0.85749292 -0.00000003
vn 0.76822126 0.64018446 -0.00000013
vn 0.49592361 0.68457472 -0.53424454
vn 0.11982013 0.99279571 -0.00000006
vn 0.36573628 0.44103506 -0.81958836
vn 0.50980246 -0.86029154 -0.00000003
vn 0.55470026 -0.83205032 -0.00000004
vn 0.32368764 0.94616401 -0.00000008
vn 0.73994005 0.67267287 -0.00000013
vn 0.51294053 0.85842413 -0.00000010
vn 0.46349949 0.70512098 0.53663093
vn -0.04728438 0.99888146 -0.00000004
vn 0.31723604 0.42662770 0.84696525
vn 0.99716413 0.07525771 -0.00000013
vn 0.55492967 0.83189738 -0.00000011
vn 0.46486568 0.70776016 -0.53195447
vn 0.05759649 0.99833995 -0.00000005
vn 0.32286501 0.43419790 -0.84097004
vn 0.26090899 0.96536338 -0.00000008
vn 0.60000008 -0.80000001 -0.00000004
vn 0.67267281 0.73994011 -0.00000012
vn 0.40361986 0.73902720 0.53937918
vn 0.99013543 0.14011355 -0.00000014
vn 0.25669235 0.41712499 0.87184620
vn 0.46358708 0.88605136 -0.00000010
vn -0.14861369 0.98889536 -0.00000002
vn 0.46860304 0.88340896 -0.00000010
vn 0.40500271 0.74227196 -0.53385872
vn 0.66679490 -0.74524128 -0.00000005
vn 0.26254043 0.42662835 -0.86548299
vn -0.04163059 0.99913305 -0.00000004
vn 0.14549394 0.98935914 -0.00000006
vn 0.68045115 -0.73279351 -0.00000006
vn 0.66896474 0.74329418 -0.00000012
vn 0.38997200 0.92082673 -0.00000009
vn 0.34776103 0.77496225 0.52772713
vn -0.20732377 0.97827238 -0.00000002
vn 0.41394228 0.91030312 -0.00000009
vn 0.98427689 0.17663231 -0.00000014
vn 0.21653005 0.42103046 0.88082242
vn 0.34910354 0.77870971 -0.52128488
vn -0.00679357 -0.50243586 0.86458790
vn -0.11536932 -0.89401573 0.43292698
vn 0.01294363 -0.71293885 0.70110673
vn -0.11608350 -0.89820546 -0.42397118
vn -0.00679379 -0.50243592 -0.86458778
vn 0.01144855 -0.72389930 -0.68981063
vn 0.24913718 0.71816725 0.64974344
vn 0.27218625 0.70352322 0.65648288
vn 0.17870222 0.08802370 0.97995788
vn 0.32099894 0.94707966 -0.00000008
vn 0.30165753 0.82560378 0.47684518
vn -0.22451507 0.97447062 -0.00000001
vn 0.17419986 0.39590856 0.90161568
vn 0.36177853 0.91717726 -0.16703939
vn 0.99741429 0.07186614 -0.00000013
vn 0.32364020 0.93956655 0.11167692
vn 0.30324471 0.83072281 -0.46684289
vn -0.11043157 0.99388373 -0.00000003
vn 0.18346345 0.41696268 -0.89021540
vn 0.31590280 0.80206919 0.50684375
vn 0.38239673 0.92399824 -0.00000009
vn 0.98445946 0.17561191 -0.00000014
vn 0.31718028 0.80640048 -0.49911413
vn 0.27967790 0.73109174 -0.62232244
vn 0.25185847 0.59805024 -0.76085705
vn 0.65850466 -0.75257671 -0.00000005
vn 0.65079141 -0.75925660 -0.00000005
vn 0.75925660 0.65079141 -0.00000013
vn -0.23195775 0.97272587 -0.00000001
vn 0.33445954 0.94241011 -0.00000009
vn 0.19768353 0.38373843 0.90203440
vn 0.17870197 0.08802361 -0.97995788
vn 0.25074223 0.73003262 -0.63575214
vn -0.41477174 0.90992552 0.00000001
vn 0.14795738 0.54251009 0.82691687
vn 0.19611609 0.98058069 -0.00000007
vn 0.15449153 0.56646937 -0.80947202
vn 0.98792714 0.15491921 -0.00000014
vn 0.78086883 -0.62469500 -0.00000008
vn 0.40011823 -0.61530769 0.67919207
vn 0.39240330 -0.91979325 -0.00000001
vn 0.41523382 -0.65563244 -0.63065600
vn 0.50150990 0.06838775 0.86244476
vn 0.50165778 0.63702565 0.58526725
vn 0.51811939 0.85530829 -0.00000011
vn 0.51900911 0.66781610 -0.53352708
vn 0.51828074 0.06760184 -0.85253447
vn -0.11821293 0.99298829 -0.00000003
vn 0.22267450 0.43297842 -0.87346774
vn 0.70710683 -0.70710671 -0.00000006
vn 0.09950367 0.99503720 -0.00000006
vn 0.73715419 -0.67572463 -0.00000007
vn 0.61394054 0.78935224 -0.00000012
vn -0.07669654 0.99705446 -0.00000003
vn 0.20524073 0.39840871 -0.89395016
vn 0.17579061 0.98442769 -0.00000007
vn 0.67267287 -0.73994005 -0.00000006
vn -0.53225368 -0.52250493 0.66610402
vn -0.58967042 -0.51270688 0.62403560
vn -0.59334260 -0.59632546 0.54068536
vn 0.48667750 -0.85301018 -0.18846457
vn 0.36687711 -0.88230574 -0.29485220
vn 0.17133580 -0.91304934 -0.37011504
vn 0.63014990 -0.70456624 0.32633972
vn 0.69649613 -0.70488751 0.13426425
vn 0.60310376 -0.79765332 0.00389095
vn 0.56521404 0.46189395 -0.68351084
vn -0.60375053 -0.61617553 0.50577956
vn 0.54232723 0.39176351 -0.74323785
vn 0.05612466 -0.90921974 -0.41251633
vn 0.52974784 0.41162798 -0.74157250
vn 0.56045222 0.41819912 -0.71484458
vn -0.23239435 -0.78454924 -0.57486999
vn -0.66234976 -0.65952098 0.35542211
vn -0.16189662 -0.76785237 -0.61983258
vn 0.47235578 0.36149243 -0.80386782
vn -0.05111062 -0.87739855 -0.47703218
vn -0.33839649 -0.53761369 -0.77230781
vn -0.73135597 -0.66732866 0.14068019
vn 0.23986788 0.23071271 -0.94299263
vn 0.12700009 -0.76200086 -0.63500065
vn -0.60716528 -0.28810591 -0.74050343
vn -0.44155255 -0.66519624 0.60211736
vn -0.66506994 -0.73745847 -0.11763130
vn -0.61522061 -0.78226733 0.09778354
vn 0.14658397 -0.40042412 0.90452951
vn 0.16670179 -0.19471870 0.96658945
vn 0.54944229 -0.82416350 -0.13736062
vn 0.70368361 0.09827989 0.70368344
vn -0.43700212 -0.47518674 -0.76369286
vn 0.20471580 -0.03791039 -0.97808713
vn 0.88370800 0.35283583 -0.30751759
vn 0.65733165 0.38085747 -0.65027893
vn 0.86539567 0.48981968 0.10567524
vn -0.67942965 -0.44256589 -0.58524424
vn -0.16146728 -0.76806116 0.61968577
vn -0.05980929 -0.81169903 0.58100569
vn 0.44834200 0.26418138 0.85393071
vn -0.51286983 -0.52248627 0.68115544
vn 0.19471741 0.15337737 0.96879339
vn -0.82164770 -0.48876747 -0.29326031
vn -0.75439209 -0.09429902 0.64961559
vn -0.97900516 -0.18636487 -0.08256657
vn -0.65877783 -0.34115288 0.67054188
vn -0.84940630 -0.51876503 0.09691227
vn 0.33834150 -0.92274940 0.18454988
vn -0.14146651 -0.14712527 0.97894919
vn -0.45768565 -0.56816149 -0.68389797
vn 0.15281385 -0.38203493 -0.91142607
vn 0.64374447 0.07371125 0.76168221
vn 0.99704361 0.07566854 -0.01335340
vn 0.77122474 -0.10036486 -0.62860113
vn 0.40145868 0.06443164 -0.91360795
vn 0.30315804 -0.01732335 -0.95278287
vn -0.40894347 -0.23251805 -0.88244015
vn -0.47923744 -0.32545862 -0.81511235
vn 0.79920584 0.55085087 0.24048559
vn 0.67438519 0.73829758 -0.01101949
vn 0.47380316 0.46628258 -0.74705493
vn 0.69857168 0.44130439 0.56324780
vn 0.71212828 -0.24650596 -0.65734935
vn 0.72682148 -0.35612172 -0.58728862
vn 0.63257605 0.01238138 -0.77439940
vn 0.63014984 -0.70456624 -0.32633984
vn 0.69562441 -0.70600677 -0.13289547
vn 0.60310376 -0.79765332 -0.00389104
vn 0.48359308 -0.85389143 0.19237268
vn -0.53271300 -0.52144760 -0.66656530
vn 0.56556249 0.46091524 0.68388319
vn 0.56077206 0.41895258 0.71415228
vn -0.59421343 -0.59877104 -0.53701383
vn 0.36687720 -0.88230574 0.29485214
vn 0.17440410 -0.91358012 0.36736163
vn 0.54550093 0.39698231 0.73812860
vn -0.60439879 -0.61733842 -0.50358260
vn 0.05612476 -0.90921962 0.41251633
vn 0.53378403 0.41806394 0.73504913
vn -0.16189644 -0.76785225 0.61983263
vn 0.47656259 0.36908981 0.79791027
vn -0.23239417 -0.78454912 0.57487017
vn -0.66234988 -0.65952104 -0.35542190
vn -0.05111049 -0.87739843 0.47703218
vn -0.34345144 -0.53275555 0.77344221
vn 0.24358660 0.22819260 0.94265246
vn -0.73322314 -0.66330707 -0.14969215
vn 0.12700024 -0.76200074 0.63500071
vn -0.60585147 -0.29090491 0.74048531
vn -0.66506988 -0.73745847 0.11763154
vn -0.42787063 -0.65092444 -0.62707585
vn -0.60442668 -0.78945529 -0.10690528
vn 0.54944229 -0.82416338 0.13736051
vn 0.20811531 -0.03716338 0.97739804
vn -0.42243963 -0.45493513 0.78395075
vn 0.13734683 -0.39443225 -0.90860277
vn 0.16670154 -0.19471879 -0.96658945
vn 0.70379460 0.09667510 -0.70379484
vn 0.88544923 0.34717256 0.30895156
vn 0.86539561 0.48981968 -0.10567551
vn 0.65733182 0.38085753 0.65027881
vn -0.11856081 -0.72283924 0.68076926
vn -0.39284787 0.38904315 0.83325624
vn -0.52711838 0.84801483 -0.05492820
vn -0.29094312 0.39771104 -0.87015975
vn -0.04692330 -0.71002275 -0.70261371
vn -0.12476595 -0.77354866 -0.62133414
vn 0.01800830 -0.73233247 0.68070912
vn -0.58106184 0.81330431 0.03005496
vn -0.46892968 0.31665716 -0.82451999
vn -0.66168499 0.74759156 0.05727109
vn -0.34003016 -0.00112219 0.94041389
vn -0.04890402 -0.99870348 -0.01414088
vn -0.22938649 -0.62244320 -0.74829561
vn -0.29858404 0.02214212 -0.95412654
vn -0.35820660 0.58425909 -0.72823721
vn -0.30122367 -0.66496533 -0.68343651
vn 0.27201977 -0.71763980 0.64109159
vn 0.08718832 0.21361114 0.97302032
vn -0.67321271 0.36559859 -0.64274597
vn -0.45593524 0.79518569 0.39975372
vn 0.11886472 -0.65717798 0.74430394
vn 0.15133266 -0.02564953 0.98815006
vn 0.26302901 -0.96048009 -0.09107025
vn 0.41837797 -0.61741197 0.66615492
vn 0.42230773 -0.01365801 0.90634960
vn -0.01358866 0.57208633 0.82008088
vn -0.52625412 0.47862411 0.70283401
vn 0.34167239 0.54854643 0.76312310
vn -0.72387570 -0.61032665 -0.32172242
vn -0.53124774 0.71139008 0.46010876
vn -0.80993277 -0.53909951 -0.23104249
vn -0.02422529 -0.99889088 -0.04037549
vn -0.45874161 -0.58728558 -0.66682214
vn -0.59341061 0.05882197 -0.80274767
vn -0.51819575 0.64824092 -0.55790406
vn 0.04655361 -0.57926947 -0.81380570
vn -0.06849920 0.04765148 -0.99651253
vn 0.10693745 -0.99424708 -0.00609134
vn 0.30776119 -0.64888561 0.69586682
vn 0.34786072 -0.03879244 0.93674344
vn -0.72578883 0.67613512 0.12677540
vn -0.30344987 0.95205587 0.03883008
vn 0.09705960 0.99394000 -0.05160139
vn -0.60810453 0.63837224 0.47190019
vn -0.11513656 0.97552055 0.18735853
vn 0.29701933 0.56516171 0.76965696
vn -0.07994412 0.58530408 -0.80686325
vn 0.08225206 0.99616432 -0.02985452
vn -0.64092952 0.45431581 0.61871374
vn -0.06673843 -0.99774015 0.00778621
vn -0.15121619 -0.64854991 0.74600047
vn -0.24240527 0.00000003 0.97017509
vn -0.76226264 0.48091668 0.43321449
vn -0.31071487 0.59664530 0.73991269
vn -0.02338493 -0.67930192 -0.73348629
vn -0.53038728 0.44302922 -0.72278243
vn -0.69096208 0.44670162 -0.56835645
vn -0.05316481 -0.03917402 -0.99781710
vn -0.16268405 0.55760497 -0.81400907
vn 0.23972456 -0.97014314 0.03680207
vn 0.13074391 -0.61958891 0.77396113
vn 0.05378706 0.00398426 0.99854451
vn 0.28794304 -0.66014969 -0.69375163
vn 0.08270878 -0.99655348 -0.00636218
vn 0.16013332 -0.71320951 -0.68241447
vn 0.26237097 -0.04699187 -0.96382225
vn 0.21435258 0.55119258 -0.80637449
vn 0.16990095 -0.05114673 -0.98413295
vn -0.37921643 -0.60224229 0.70249504
vn -0.49069864 0.05194810 0.86977941
vn -0.02621968 -0.99853462 0.04734122
vn 0.18867131 -0.97318053 0.13161604
vn -0.22212842 -0.59932792 0.76906770
vn -0.79030132 0.56867093 0.22811714
vn -0.82553005 0.45670450 0.33154362
vn -0.38015488 0.67884815 0.62820977
vn -0.58140451 0.81017202 -0.07476790
vn -0.73025894 0.67817497 -0.08246601
vn -0.29499027 0.95345050 -0.06255373
vn 0.05261067 0.61128503 0.78965992
vn 0.12585412 0.99156225 -0.03106866
vn 0.10788760 0.99381119 -0.02645328
vn 0.14214468 0.56190819 -0.81489527
vn -0.49013484 0.75783366 -0.43064606
vn -0.52412790 0.77454448 -0.35407746
vn -0.02024859 0.99379802 -0.10934213
vn -0.27239561 -0.61096662 0.74331725
vn -0.64367759 0.40328145 0.65041775
vn -0.47045907 0.79866010 -0.37524700
vn 0.24890441 -0.72861123 -0.63810050
vn 0.01074660 0.24619786 -0.96916002
vn 0.32181141 -0.70826328 -0.62833166
vn 0.34920311 0.52649093 -0.77515447
vn 0.39826861 -0.68003106 0.61558092
vn 0.49353692 -0.09853291 0.86412531
vn 0.33008754 0.51817149 0.78901237
vn 0.24630409 -0.95298964 -0.17647955
vn -0.27114588 -0.56971973 -0.77582175
vn 0.62601089 -0.63194460 0.45689887
vn 0.68060696 -0.10350236 0.72530097
vn 0.50499660 0.49839535 0.70468467
vn 0.48880380 -0.13166423 0.86240107
vn 0.43855438 -0.66860139 0.60053498
vn 0.14723635 -0.98814219 0.04354879
vn 0.35918644 0.44879937 0.81826907
vn -0.35423791 -0.71929210 -0.59760725
vn 0.13509382 -0.66290158 0.73641777
vn 0.27455187 -0.05558701 0.95996433
vn 0.21397595 0.39483199 0.89348871
vn 0.27652937 -0.69669014 0.66193235
vn 0.44750029 -0.08170122 0.89054388
vn -0.02767082 0.99347049 0.11068310
vn -0.17303765 0.94069558 0.29180440
vn -0.20038918 0.80299854 0.56128198
vn -0.48845819 0.83756793 0.24472152
vn -0.27164528 0.95773989 0.09456808
vn -0.51153433 0.83166307 0.21603097
vn -0.61740702 0.77526683 0.13330384
vn -0.65107244 0.68917686 0.31802532
vn -0.37253886 0.58064222 0.72392642
vn 0.22409782 0.19625810 0.95460099
vn -0.79544008 0.45091498 0.40490866
vn -0.84741157 0.25777960 0.46415871
vn -0.95238411 0.30116057 -0.04761102
vn -0.38976038 -0.00999391 -0.92086208
vn 0.05710723 -0.99504960 -0.08133445
vn -0.35693800 -0.75616157 0.54846603
vn 0.51540864 -0.68555570 -0.51416677
vn -0.12216986 -0.98349112 -0.13349058
vn 0.32871723 -0.69833136 -0.63582879
vn 0.11266987 -0.68276638 -0.72189718
vn 0.25273052 -0.71538222 -0.65142590
vn 0.22360913 -0.12449864 -0.96669501
vn 0.37727112 -0.15861702 -0.91241831
vn 0.59761983 -0.12477780 -0.79201072
vn 0.38885075 -0.18260956 -0.90302205
vn 0.12774831 0.28404400 -0.95026290
vn 0.19624439 0.09465908 -0.97597539
vn 0.24377118 0.38787919 -0.88888997
vn 0.69399703 -0.32283035 -0.64354390
vn -0.27683833 0.95974553 -0.04742412
vn -0.38894892 0.84521574 -0.36650944
vn -0.57223439 0.81343776 -0.10424420
vn -0.53242761 0.79491150 -0.29092360
vn -0.64642566 0.67321503 -0.35904795
vn -0.19889891 0.91319239 -0.35569498
vn 0.06954824 0.99257529 -0.09978675
vn -0.24707828 0.72568101 -0.64213663
vn 0.48830649 0.47709727 -0.73070854
vn -0.74605173 0.47492808 -0.46674421
vn -0.75170261 0.29330516 -0.59069049
vn -0.33121973 0.51453412 -0.79091609
vn 0.76448876 -0.20632167 0.61072785
vn 0.87792015 -0.30998248 0.36492065
vn 0.72042990 -0.69343251 -0.01149894
vn 0.71332741 -0.17591450 0.67839378
vn 0.91319221 -0.40708140 0.01909842
vn 0.90803981 -0.41322967 0.06859403
vn 0.52995420 -0.11969405 0.83953673
vn 0.14583421 -0.00920855 0.98926622
vn 0.82836306 -0.55176753 0.09678459
vn 0.90667248 -0.40271989 0.12554595
vn 0.92897469 -0.35252899 0.11282459
vn 0.84767038 -0.39508635 -0.35406470
vn 0.68717945 -0.27294514 -0.67326474
vn 0.59814614 -0.15595393 -0.78606600
vn 0.36831892 -0.01234789 -0.92961752
vn 0.44861400 -0.11742721 -0.88597775
vn -0.82258242 -0.21124929 0.52795088
vn -0.80210036 -0.08461456 0.59116447
vn -0.78819185 0.04143453 0.61403328
vn -0.51486415 0.23116210 0.82551754
vn -0.26337081 0.42134532 0.86781567
vn -0.84322524 -0.29731265 0.44785783
vn -0.81229633 -0.40170735 0.42285445
vn -0.71417224 -0.37608895 0.59035182
vn -0.73278916 -0.25001842 0.63285923
vn -0.83320826 -0.14725271 0.53299236
vn -0.87411565 -0.30003336 0.38197100
vn -0.83689356 -0.48900846 0.24592651
vn -0.68370068 -0.50057530 0.53101575
vn -0.73134333 -0.54021579 0.41629788
vn -0.87940103 -0.41036254 0.24136372
vn -0.78762037 -0.56754684 0.23988491
vn -0.90387136 -0.34609607 0.25146392
vn -0.90892708 -0.41695517 0.00000014
vn -0.81414545 -0.58066100 0.00000013
vn -0.93070054 -0.36578211 0.00000014
vn -0.78716290 -0.56750154 -0.24148829
vn -0.87837690 -0.41271374 -0.24108426
vn -0.90449440 -0.34637937 -0.24881962
vn -0.64637566 -0.65270108 0.39519593
vn -0.67932361 -0.69672871 0.23040958
vn -0.69570285 -0.71832967 0.00000012
vn -0.68067896 -0.69558978 -0.22985019
vn -0.93091869 -0.17878395 0.31847587
vn -0.97758752 -0.21052945 0.00000014
vn -0.93840247 -0.34554428 0.00000014
vn -0.90540922 -0.31176278 0.28816330
vn -0.93185377 -0.17918727 -0.31550044
vn -0.90614599 -0.31220731 -0.28535283
vn -0.99692345 -0.07838122 0.00000013
vn -0.94404244 -0.04768526 0.32635897
vn -0.99878043 0.04937287 0.00000013
vn -0.94774944 0.05944938 0.31342736
vn -0.76043057 0.14053643 0.63403070
vn -0.94510096 -0.04805370 -0.32322603
vn -0.94882154 0.05934205 -0.31018734
vn -0.45697230 0.00057700 0.88948071
vn -0.88635105 0.14105572 0.44100466
vn -0.96899110 0.21288529 -0.12544358
vn -0.08831853 -0.11178615 0.98979980
vn 0.25702137 -0.27385667 0.92679161
vn 0.71410638 -0.40889439 0.56820548
vn 0.90048528 -0.42777345 0.07833499
vn -0.51330251 -0.00482071 0.85819423
vn -0.91156858 0.13455257 0.38850814
vn -0.96859556 0.17809226 -0.17351027
vn -0.54068071 0.09944746 0.83532900
vn -0.90477371 0.17757238 0.38710800
vn -0.97219676 0.15725018 -0.17351077
vn -0.14236754 -0.10812330 0.98389065
vn 0.22428696 -0.20908472 0.95182925
vn -0.11780929 -0.00442674 0.99302638
vn -0.75113827 0.18148139 -0.63470924
vn -0.20532735 0.04575358 -0.97762328
vn 0.21033251 -0.07765114 -0.97454119
vn 0.48744202 -0.21372138 -0.84659523
vn 0.82402527 -0.36362407 -0.43446505
vn -0.75373578 0.14565945 -0.64083201
vn -0.74336904 0.12589741 -0.65692639
vn -0.24837954 0.01865294 -0.96848327
vn 0.14645238 -0.09213903 -0.98491728
vn 0.44900870 -0.17816314 -0.87558502
vn -0.28499064 0.04783052 -0.95733619
vn 0.12763545 -0.05845781 -0.99009699
vn -0.52046973 0.08291174 0.84984523
vn -0.88072002 -0.03252453 0.47251922
vn -0.98620069 -0.11463385 -0.11944654
vn -0.43940455 -0.22093374 0.87069637
vn -0.79360735 -0.35658121 0.49298808
vn -0.90037835 -0.43174821 -0.05396838
vn -0.10010343 0.15015537 0.98358154
vn -0.80028009 -0.34331608 0.49161556
vn -0.45849040 -0.16051711 0.87408286
vn -0.89229178 -0.45009413 -0.03508054
vn -0.88655299 -0.46241713 -0.01393484
vn -0.77920878 -0.35932550 0.51353562
vn -0.04567372 -0.08492706 0.99533981
vn -0.07922816 -0.01920941 0.99667150
vn -0.71966910 -0.13150910 -0.68174911
vn -0.67616200 -0.43042877 -0.59794319
vn -0.28518912 -0.08551908 -0.95464844
vn -0.20364085 -0.28796077 -0.93573982
vn -0.15254478 -0.33325148 -0.93041581
vn -0.12302653 -0.28002286 -0.95207757
vn -0.74335241 -0.51089060 -0.43176150
vn -0.51063013 -0.31671995 -0.79934061
vn -0.14038183 -0.22792606 -0.96350545
vn 0.10471609 -0.01791609 -0.99434078
vn 0.18787341 -0.07123428 -0.97960681
vn 0.24837132 -0.17591920 -0.95255667
vn 0.25186899 -0.20624337 -0.94552934
vn 0.22320707 -0.20648277 -0.95265085
vn -0.35859847 -0.93349200 0.00000009
vn -0.18270949 -0.98316693 0.00000007
vn -0.18240617 -0.95476985 0.23482490
vn -0.52970105 -0.84818453 0.00000011
vn -0.18231429 -0.95527560 -0.23283094
vn 0.73484266 -0.34344468 0.58485222
vn 0.93097347 -0.36390951 0.02929589
vn 0.22554636 -0.12282505 0.96645898
vn 0.74587190 -0.30433902 0.59249717
vn 0.95551175 -0.28651777 -0.07003478
vn 0.82834142 -0.29612419 -0.47556379
vn 0.47164810 -0.13792917 -0.87093276
vn 0.83577693 -0.21137786 -0.50675076
vn 0.02725756 0.15257521 0.98791593
vn 0.68364161 -0.47784626 0.55163127
vn 0.23788567 -0.22732514 0.94431663
vn -0.00118772 0.15263729 0.98828155
vn 0.47729772 -0.13578288 0.86818784
vn 0.42573076 0.15847123 0.89086485
vn 0.77767694 -0.25438023 0.57489932
vn 0.80865210 0.11097551 0.57772505
vn 0.93032831 -0.36625257 -0.01866266
vn 0.95183092 -0.24465440 0.18483008
vn 0.30096018 0.07022969 0.95104718
vn 0.32584596 0.04184483 0.94449639
vn 0.20241867 0.44962007 0.86998194
vn 0.41123381 0.41574046 0.81120074
vn 0.72022837 0.45958206 0.51966858
vn 0.62584400 0.63600194 0.45146534
vn 0.78749532 0.22966751 0.57193005
vn 0.96223062 0.25566420 -0.09353095
vn 0.88317996 0.45990711 -0.09208056
vn 0.91479516 0.37954271 0.13819233
vn 0.99590337 0.05662332 0.07050139
vn 0.47151920 0.02414787 -0.88152510
vn 0.50863796 0.07217976 -0.85794961
vn 0.82549548 0.03132091 -0.56353903
vn 0.93164557 0.01758878 -0.36294267
vn 0.82851827 0.16278538 -0.53577834
vn 0.54858065 -0.09640840 -0.83052075
vn 0.54938281 -0.13058814 -0.82530314
vn 0.55131829 -0.07343143 -0.83105725
vn 0.18268166 -0.37212956 -0.91002584
vn 0.61603552 -0.24708505 -0.74796337
vn 0.87659025 -0.00337148 -0.48122573
vn 0.95620489 0.02579361 -0.29155973
vn 0.99846160 0.00571406 0.05515251
vn 0.88008010 -0.02749305 -0.47402889
vn 0.83736724 0.05748415 -0.54360992
vn 0.99206221 0.06363086 0.10846148
vn -0.04608982 -0.99893731 0.00000005
vn -0.38137323 -0.85512507 0.35116315
vn -0.18522619 -0.91557509 0.35695037
vn 0.05052540 -0.99872279 0.00000004
vn 0.06475193 -0.91794372 0.39139059
vn 0.06457341 -0.91990328 -0.38679251
vn 0.16833827 -0.98572928 0.00000002
vn 0.16159168 -0.90716326 0.38851410
vn 0.14826241 -0.69946235 0.69912142
vn 0.16290133 -0.90847731 -0.38487941
vn -0.76277399 -0.41903275 0.49253166
vn -0.82881552 -0.55916893 0.01987580
vn -0.72356194 -0.12378563 0.67906940
vn -0.87024641 -0.33337134 0.36267719
vn -0.95996159 -0.22509661 0.16674970
vn -0.88348019 0.00351516 0.46845558
vn -0.48393470 0.01655033 0.87494761
vn -0.67087907 0.18428305 0.71830428
vn -0.24863312 0.08095039 0.96520913
vn -0.38567305 0.27405131 0.88099504
vn -0.84407985 -0.53561777 -0.02535579
vn -0.68295133 -0.61612022 -0.39239460
vn -0.87756085 -0.45177647 -0.16057764
vn -0.86824203 -0.38836661 -0.30875126
vn -0.72889608 -0.65592897 0.19613191
vn -0.58921534 -0.78411669 0.19490138
vn -0.98583335 -0.16208987 -0.04312155
vn -0.96339226 0.03449584 0.26586753
vn -0.78591138 0.24263462 0.56874585
vn 0.27590615 0.11509024 0.95426947
vn 0.27327311 -0.01028820 0.96188146
vn 0.01810966 0.07154606 0.99727291
vn 0.28402218 -0.01007248 0.95876479
vn -0.40961283 -0.89261794 0.18828371
vn -0.50183815 0.38396311 0.77506828
vn -0.07073302 0.24796018 0.96618456
vn -0.29613647 0.63671279 0.71196920
vn 0.28347078 0.11153267 0.95247298
vn 0.10514342 0.13404055 0.98538220
vn -0.63368422 -0.61804873 0.46525276
vn -0.53442162 -0.74386072 0.40132874
vn -0.14783086 -0.96139383 0.23209463
vn 0.56795472 0.07764564 0.81938916
vn 0.88806480 0.13320976 0.43999559
vn 0.98895979 0.10908530 -0.10029464
vn 0.56967288 -0.06375464 0.81939501
vn 0.87942511 0.00284840 0.47602874
vn 0.59140408 -0.05422282 0.80455029
vn 0.81265360 -0.14651744 0.56402743
vn 0.24479061 -0.44722459 0.86027199
vn 0.34839362 -0.26022696 0.90050197
vn 0.12520538 -0.88038039 0.45744288
vn 0.22734624 -0.65274107 0.72266370
vn 0.08826101 -0.27626368 0.95702058
vn 0.09056652 -0.33425033 0.93812293
vn 0.14490809 -0.38442442 0.91171253
vn 0.28613409 -0.09636398 0.95333165
vn -0.00352550 0.04180391 0.99911964
vn -0.20259787 0.34404299 0.91683614
vn 0.23900762 0.29271814 0.92584634
vn 0.49152613 -0.11366533 0.86341316
vn -0.26985395 0.20259885 0.94134617
vn -0.07072422 -0.72836882 0.68152547
vn -0.27160135 0.36481777 0.89058453
vn -0.52371931 0.85160017 0.02225439
vn -0.39085203 0.32968566 -0.85938483
vn -0.19991045 -0.69668347 -0.68896151
vn 0.21699934 0.12584347 0.96802622
vn 0.34922674 -0.73543018 0.58067483
vn -0.31514785 -0.66899794 -0.67314452
vn -0.72835475 0.32593864 -0.60271335
vn -0.45004892 0.75426662 0.47805634
vn -0.50034100 0.70182061 0.50705701
vn -0.20627820 -0.77698106 -0.59476864
vn 0.08316061 -0.76376349 0.64011699
vn -0.57703829 0.81418908 0.06421053
vn -0.52017981 0.29670066 -0.80086309
vn -0.35295516 -0.64516455 0.67763227
vn -0.27621636 -0.57987165 0.76645505
vn -0.17066795 0.01715714 0.98517931
vn -0.62544674 0.77734095 0.06750859
vn -0.02886108 -0.66774327 0.74383199
vn -0.03971386 -0.01071643 0.99915361
vn 0.20535648 -0.00586727 0.97866970
vn 0.22932157 -0.65867591 0.71662945
vn -0.05132064 -0.99818742 0.03143397
vn 0.22001122 -0.97399545 0.05411087
vn -0.12387765 0.60274839 0.78825676
vn -0.59663296 0.49891672 0.62857878
vn -0.45426553 0.41958240 0.78587115
vn -0.00326576 -0.99998933 0.00326585
vn -0.27187186 -0.64006007 -0.71861589
vn -0.36239767 -0.00944804 -0.93197578
vn -0.38436288 0.56702310 -0.72852600
vn 0.27830079 0.00235853 0.96049106
vn 0.24140058 -0.65948272 0.71190476
vn -0.35316500 0.52829629 0.77212536
vn 0.09452023 0.62005228 0.77884609
vn 0.28902104 -0.94858181 -0.12907135
vn 0.50122124 -0.64163625 0.58058614
vn 0.51205349 -0.00660708 0.85892814
vn 0.00988112 -0.99722946 -0.07372805
vn -0.47806776 -0.58455670 -0.65554929
vn -0.63329625 0.05129051 -0.77220803
vn 0.41299111 0.61488503 0.67182940
vn -0.54925936 0.62536573 -0.55428505
vn 0.12379496 -0.98826122 -0.08952399
vn 0.02596849 -0.59792632 -0.80113035
vn -0.11991528 -0.00504911 -0.99277133
vn -0.10503048 0.54856211 -0.82948673
vn 0.18089969 0.57972515 0.79447728
vn -0.66409272 0.73338932 0.14533049
vn -0.24701653 0.96901035 -0.00141153
vn -0.66721481 0.74486476 -0.00095859
vn -0.24653716 0.96899253 -0.01652054
vn 0.16185345 0.98629475 -0.03203357
vn 0.13249147 0.98237622 -0.13184530
vn -0.53375936 0.69594014 0.48038349
vn -0.08647361 0.98724008 0.13371375
vn 0.34281525 0.62902457 0.69771469
vn 0.03463225 0.99900872 -0.02797229
vn -0.28613400 0.93661195 0.20220135
vn 0.58056223 -0.09829243 0.80826116
vn 0.44859189 -0.70492995 0.54939890
vn 0.44072419 0.53002125 0.72445822
vn 0.64197779 -0.67159688 0.36989483
vn 0.73565638 -0.09020874 0.67132115
vn 0.57858312 0.53572506 0.61501235
vn -0.25817534 -0.55978191 -0.78739423
vn 0.23805964 -0.93814778 -0.25140876
vn 0.10477468 -0.99440658 0.01333498
vn -0.39639184 -0.77654910 -0.48973992
vn 0.50472087 -0.68347603 0.52736849
vn 0.60720152 -0.10824953 0.78713942
vn -0.12431985 -0.97323442 0.19328578
vn 0.45342940 0.49702835 0.73984098
vn 0.27878913 -0.62290901 0.73093164
vn 0.43926477 -0.09175744 0.89365947
vn 0.37432909 -0.61415660 0.69475847
vn 0.45886308 -0.14027239 0.87736440
vn 0.04843981 0.99878359 0.00922659
vn -0.12617655 0.96121007 0.24526449
vn -0.29377127 0.90361863 0.31172395
vn 0.28810847 0.37195164 0.88240892
vn -0.25050247 0.79648191 0.55033177
vn -0.46867466 0.80851245 0.35588163
vn -0.46723643 0.80800283 0.35891724
vn -0.58977902 0.78164232 0.20296794
vn -0.64284658 0.64318925 0.41599992
vn 0.26880756 0.19214401 0.94383430
vn -0.43410149 0.55052257 0.71307844
vn -0.55496854 0.46812856 0.68765223
vn -0.74107349 0.47849855 0.47100869
vn 0.15783232 0.27308893 0.94895279
vn -0.95577163 0.27562195 0.10263094
vn -0.74857163 0.34973407 0.56331748
vn -0.55464923 0.39255229 0.73366678
vn 0.66127920 -0.29722461 0.68874335
vn 0.57815605 -0.81316715 -0.06704307
vn 0.83786958 -0.48441628 0.25162563
vn 0.66168040 -0.04656862 0.74833846
vn 0.91475058 -0.23469180 0.32886344
vn 0.81489009 -0.57191944 -0.09414098
vn 0.93236840 -0.34749582 -0.09967862
vn 0.62368703 0.03921477 0.78068990
vn 0.88986236 -0.14892715 0.43123743
vn -0.02101670 0.27057078 0.96247065
vn 0.52883011 -0.00864812 0.84868366
vn 0.95198059 -0.29942292 -0.06386632
vn 0.84044093 -0.19804247 0.50441867
vn -0.10587185 -0.70927614 -0.69693512
vn 0.18745366 -0.70774609 -0.68114364
vn -0.14066081 -0.06011145 -0.98823136
vn -0.17746122 -0.67411482 0.71699148
vn -0.52485192 0.43524313 0.73150110
vn -0.51819098 0.80171126 -0.29788792
vn -0.20649029 0.56914932 -0.79588366
vn 0.13908528 -0.07480693 -0.98745096
vn 0.12487771 0.54672122 -0.82795024
vn 0.05421395 -0.76253176 -0.64467520
vn -0.65354741 0.47470507 0.58951753
vn 0.14997381 -0.98722887 0.05373079
vn 0.15660854 -0.75104028 -0.64141423
vn 0.10983305 -0.11571714 -0.98719108
vn -0.25256076 -0.62921232 0.73505443
vn -0.30524069 0.06104819 0.95031643
vn -0.01734265 -0.99963301 0.02081128
vn -0.15626159 0.06294907 0.98570782
vn -0.03580799 -0.61395997 0.78852463
vn 0.20957482 -0.97452265 0.07990039
vn -0.67929047 0.55641884 0.47850028
vn -0.24243706 0.63761622 0.73121125
vn -0.16584843 0.62567168 0.76225275
vn 0.07067132 0.53676647 -0.84076601
vn 0.21136643 -0.71248698 -0.66909385
vn -0.22587308 -0.77723545 0.58727032
vn 0.00908718 -0.99793357 -0.06360996
vn 0.39344504 -0.69092798 -0.60648125
vn -0.52876860 0.84832484 -0.02736528
vn -0.52867389 0.79186141 -0.30571136
vn -0.14223434 0.24851908 -0.95812720
vn 0.09126166 0.99497527 -0.04117912
vn -0.28497615 0.95567185 -0.07402700
vn -0.56867653 0.78831828 -0.23486444
vn -0.06597929 0.99568665 -0.06522951
vn 0.17229827 0.50782681 -0.84405297
vn 0.01021290 0.99868017 -0.05033528
vn -0.27405223 0.93842113 -0.21038350
vn 0.28407902 0.45827860 -0.84218752
vn 0.27280888 -0.10273726 -0.95656699
vn 0.40640616 -0.14784440 -0.90165186
vn -0.16304547 -0.98399389 -0.07191975
vn 0.16743344 -0.68522352 -0.70882636
vn 0.17757528 -0.19199114 -0.96519762
vn -0.01595571 -0.65019220 -0.75960225
vn 0.10479129 -0.68265325 -0.72318971
vn 0.03384656 -0.19483539 -0.98025179
vn 0.11863054 -0.26972866 -0.95560110
vn 0.06040744 0.35398835 -0.93329704
vn -0.08147740 0.21857157 -0.97241342
vn -0.03730109 0.07019190 -0.99683589
vn 0.36960247 -0.42690766 -0.82531440
vn 0.36604440 -0.17902064 -0.91321582
vn -0.53919882 0.82839030 -0.15177032
vn -0.54030550 0.83413965 -0.11082006
vn -0.70348948 0.69457144 -0.15057619
vn -0.41367206 0.78825682 -0.45555097
vn -0.55457985 0.56926638 -0.60694069
vn -0.88162541 0.41562960 -0.22358149
vn -0.93455273 0.19072497 -0.30039179
vn -0.70962572 0.32861254 -0.62325364
vn -0.09222660 0.01409718 -0.99563825
vn -0.72924930 0.11015897 -0.67532259
vn -0.12902106 -0.13426338 -0.98251051
vn 0.32096887 -0.16351812 -0.93286699
vn 0.68626189 -0.57301253 -0.44799706
vn 0.76762074 -0.33220562 -0.54808563
vn 0.73876375 -0.29449999 -0.60621607
vn 0.70234203 -0.37385622 -0.60576177
vn 0.26799336 -0.27863756 -0.92224765
vn 0.94397670 -0.32996678 -0.00547187
vn 0.19873981 -0.98005229 0.00000002
vn 0.17931043 -0.70575178 0.68539202
vn 0.04650499 -0.99891806 0.00000004
vn -0.64330238 -0.00091538 0.76561177
vn -0.93543798 -0.16937073 0.31027329
vn -0.92540169 -0.29335988 0.23994105
vn -0.66253203 -0.19838311 0.72228497
vn -0.92605603 -0.30429128 0.22322029
vn -0.60181504 -0.50852638 -0.61580819
vn -0.47068593 -0.57212472 -0.67166078
vn -0.53584003 -0.64554757 -0.54419094
vn -0.21902429 -0.97571939 0.00000007
vn -0.29887843 -0.94410294 0.13907316
vn -0.28229445 -0.95922941 0.01373823
vn -0.25389129 -0.96723276 0.00000008
vn -0.28199825 -0.95931870 -0.01359602
vn 0.19882776 -0.35071480 0.91513205
vn 0.23280914 0.07907321 0.96930248
vn 0.26522449 -0.26516208 0.92700863
vn 0.27990142 0.09761181 0.95505357
vn 0.79479110 -0.49666107 0.34876198
vn 0.55892748 -0.76958847 0.30876154
vn 0.78309011 0.03969361 0.62064040
vn 0.27352723 0.61956829 0.73574317
vn 0.19422257 0.53605580 0.82153630
vn 0.90227121 -0.40828070 -0.13861287
vn 0.98806351 0.09911527 0.11792731
vn 0.82326674 -0.55190909 -0.13277195
vn 0.76697779 -0.63472474 -0.09417853
vn 0.11877254 0.80897999 0.57571208
vn 0.17594545 0.49584153 0.85040253
vn 0.06155000 0.77367324 0.63058805
vn -0.17090014 -0.29101813 0.94132978
vn 0.32432362 -0.20944567 0.92246783
vn 0.07645722 0.27723002 0.95775670
vn 0.25347883 0.09706457 0.96245891
vn 0.21141307 0.01838650 0.97722387
vn -0.58219361 0.18879890 0.79082602
vn -0.22242890 -0.11736988 0.96785837
vn -0.23812467 0.08338767 0.96764827
vn -0.26620245 0.21685632 0.93920690
vn -0.58221287 0.29525524 0.75753057
vn -0.25509104 0.39020297 0.88468653
vn -0.90172607 0.14074519 0.40875557
vn -0.56939095 0.45960531 0.68158412
vn -0.16087095 0.63590187 0.75481749
vn -0.09230243 0.29343092 0.95151383
vn -0.55493027 0.08641774 0.82739627
vn -0.25958985 0.57973248 0.77234930
vn 0.05173881 0.42870697 0.90196091
vn 0.31639814 -0.85205477 -0.41700727
vn 0.01259599 -0.87134814 -0.49050379
vn -0.69355512 -0.45008442 0.56249928
vn 0.69856769 0.41019976 -0.58629304
vn -0.03618999 0.76964915 0.63744074
vn 0.12666796 0.89534098 0.42698917
vn -0.31854454 -0.92979169 -0.18443690
vn 0.05366090 0.94991511 0.30786651
vn 0.21404059 0.92650384 0.30947906
vn -0.49236208 0.17657773 0.85229111
vn -0.17491578 0.12182434 0.97701764
vn 0.40832663 -0.04026008 0.91194761
vn 0.80500829 -0.18923448 0.56227410
vn -0.64706033 -0.48901823 0.58495659
vn 0.65096980 0.48254588 -0.58599311
vn -0.44030616 -0.84698236 -0.29791197
vn -0.46972504 -0.83318937 0.29181135
vn -0.45478967 -0.84347934 0.28584781
vn -0.44995770 -0.83156556 -0.32563287
vn -0.27035445 -0.58677989 0.76328093
vn -0.27238899 -0.58547515 0.76355964
vn -0.39863119 -0.70626265 0.58505237
vn -0.45509315 -0.84729308 0.27383333
vn -0.51998675 -0.84799033 -0.10259818
vn -0.73552305 0.16219996 0.65779716
vn -0.98632222 0.07138036 0.14857097
vn -0.92762852 -0.03938924 -0.37142137
vn -0.40924981 -0.47252297 0.78053612
vn -0.56389409 -0.77122891 0.29534635
vn -0.51694018 -0.78460157 -0.34230566
vn -0.25989065 -0.65884548 -0.70596004
vn -0.24030240 -0.66243351 -0.70953268
vn -0.32417926 -0.54369831 -0.77414465
vn -0.04302455 -0.24152163 0.96944118
vn -0.83810306 -0.48189744 0.25565243
vn -0.63904011 -0.24066232 0.73055422
vn -0.40406117 -0.07007829 0.91204363
vn -0.74768579 -0.53462154 -0.39388567
vn -0.48888162 -0.37651491 -0.78691250
vn -0.06650124 -0.47659159 -0.87660599
vn -0.04703817 -0.50362337 -0.86264187
vn -0.13713086 -0.31218195 -0.94007319
vn -0.45397899 -0.76507229 0.45669219
vn -0.48403835 -0.66372937 0.57023710
vn -0.57803154 -0.77219099 0.26381969
vn -0.48050618 -0.84037763 0.25075793
vn -0.35335571 -0.47619286 0.80522066
vn -0.83686519 -0.48366940 0.25636020
vn -0.24137796 -0.27508613 0.93062580
vn -0.58428663 -0.80330831 -0.11534672
vn -0.52229112 -0.85211170 0.03343397
vn -0.53721642 -0.72891378 -0.42436224
vn 0.29764473 -0.04746448 0.95349616
vn 0.07874586 0.12815487 0.98862302
vn -0.09282443 0.06060451 0.99383646
vn -0.45343599 -0.64161909 -0.61864442
vn 0.27406767 0.02402769 0.96141028
vn 0.24314521 0.43121049 0.86887163
vn 0.48588783 0.02136236 0.87376010
vn 0.53363723 -0.01678205 0.84554696
vn -0.30306748 -0.61170268 -0.73073250
vn -0.31286439 -0.68905503 -0.65369648
vn 0.09091188 -0.58006126 -0.80948383
vn 0.12353371 -0.60764480 -0.78454274
vn 0.12434113 0.47877806 0.86908627
vn 0.25257373 0.19776705 0.94715095
vn 0.29047790 0.12126430 0.94916677
vn 0.18078877 0.34678134 0.92035764
vn 0.47962376 0.53295076 0.69708288
vn 0.43039045 0.71826607 0.54667908
vn 0.62098062 0.54693407 0.56146795
vn 0.64226490 0.53677970 0.54714108
vn 0.58489203 -0.01173333 0.81102633
vn 0.62164497 -0.00988903 0.78323674
vn 0.80598694 0.58810318 0.06722911
vn 0.71110129 0.69889265 0.07670759
vn 0.86783415 0.42965704 0.24951740
vn 0.91522235 -0.14316791 0.37665799
vn 0.91270989 -0.16684847 0.37299097
vn 0.57528287 0.04290809 0.81682837
vn 0.69427896 0.03925509 0.71863467
vn 0.92750210 -0.11983144 0.35409078
vn 0.49288350 -0.26902217 -0.82746178
vn 0.27596590 0.03739071 -0.96043992
vn 0.33296987 -0.09914695 -0.93771052
vn 0.62875307 -0.49105853 -0.60293543
vn 0.62592876 -0.46176931 -0.62847614
vn 0.35319561 -0.14053024 -0.92493469
vn 0.76503932 0.40454695 -0.50105548
vn 0.69194156 0.50231034 -0.51855689
vn 0.90121776 0.17622364 -0.39591894
vn 0.94871670 -0.26601967 -0.17079280
vn 0.92612702 -0.33159211 -0.17982064
vn 0.61109227 -0.46996537 -0.63694489
vn 0.91317886 -0.33944869 -0.22556357
vn 0.18345864 -0.93776852 -0.29484424
vn 0.13512503 -0.98914444 -0.05774710
vn 0.09177515 -0.99577975 0.00000003
vn 0.13465741 -0.98924184 0.05716665
vn 0.41749379 -0.90867978 -0.00000002
vn 0.01898254 -0.99981982 0.00000004
vn -0.65597069 -0.09744240 -0.74847013
vn -0.14802662 -0.22832482 -0.96226603
vn 0.93687958 -0.34863743 0.02662263
vn 0.23682714 -0.30764553 -0.92155695
vn 0.68923527 -0.35814250 -0.62983233
vn -0.22176583 0.06060077 0.97321510
vn 0.21325612 0.24916622 0.94468939
vn 0.54247451 0.33119160 0.77203208
vn 0.47232354 0.68754172 0.55154049
vn -0.19290899 -0.21832043 -0.95662028
vn 0.21026000 0.06606896 -0.97541058
vn 0.15750271 -0.05344772 -0.98607111
vn 0.43944314 0.12612790 -0.88937151
vn 0.52966022 0.56275225 -0.63464159
vn 0.74476779 0.41151151 -0.52533734
vn 0.64060611 0.34340185 0.68680352
vn 0.85590124 -0.15321146 0.49392256
vn 0.93343741 -0.35568634 0.04671005
vn 0.42456198 0.78252596 0.45541239
vn 0.81621349 0.38948593 0.42672741
vn 0.92372328 0.02270712 0.38238680
vn 0.99787307 -0.04876044 0.04326622
vn 0.61782736 0.71391082 0.32957667
vn 0.90700442 0.42101884 0.00928084
vn 0.61106586 0.79102647 -0.02959362
vn 0.85187262 -0.22592960 -0.47251335
vn 0.94545949 0.00631512 -0.32567847
vn 0.40190029 0.91519952 -0.02977048
vn 0.81374842 0.38816738 -0.43259633
vn 0.58956462 0.71362960 -0.37834686
vn 0.60974962 0.26906577 -0.74552608
vn 0.44049263 0.73233777 -0.51927614
vn 0.78269297 0.62019962 0.05238539
vn 0.60250485 0.79801840 0.01243977
vn -0.32313526 -0.94635290 0.00000008
vn -0.39982671 -0.91659087 0.00000009
vn -0.36014068 -0.83505476 0.41591135
vn -0.29233661 -0.85782152 0.42270744
vn -0.36094967 -0.83651060 -0.41226888
vn -0.29302007 -0.85931969 -0.41917643
vn -0.25202617 -0.59271723 0.76496345
vn -0.40455988 -0.80529851 0.43338856
vn -0.46125874 -0.88726568 0.00000010
vn -0.40559351 -0.80689102 -0.42944273
vn 0.19692047 0.13607030 0.97093111
vn 0.20990334 0.37903279 0.90126288
vn 0.24029057 0.62048596 0.74649692
vn 0.60091871 0.21697184 0.76929837
vn 0.74214041 0.07854283 0.66562659
vn 0.59260523 0.41993168 0.68736923
vn 0.78729594 0.17959455 0.58983970
vn 0.28681043 0.75863242 0.58499295
vn 0.35959917 0.86079949 0.36015671
vn 0.58843374 0.58054876 0.56276894
vn 0.76295364 0.29980525 0.57272905
vn 0.53039724 0.73155260 0.42838031
vn 0.35524973 0.87716842 0.32306874
vn 0.35075465 0.93646741 -0.00000009
vn 0.22471628 0.97442424 -0.00000007
vn 0.06045558 0.99817091 -0.00000005
vn 0.43094936 0.81459200 0.38823035
vn 0.40056318 0.91626912 -0.00000009
vn 0.21428168 0.92732739 -0.30683434
vn 0.35544097 0.87803715 -0.32048783
vn 0.43106318 0.81582385 -0.38550746
vn 0.26603571 -0.16865645 0.94909441
vn 0.45633519 0.53878814 0.70814234
vn 0.33783019 0.48112348 0.80894434
vn 0.08288489 -0.06076307 0.99470496
vn 0.36137924 0.45679772 0.81285971
vn 0.40980449 0.76839513 0.49155790
vn 0.41812125 0.90839136 -0.00000009
vn 0.41022420 0.76992822 -0.48880124
vn -0.98452276 0.17525727 0.00000012
vn -0.94125456 0.18730311 0.28099367
vn -0.72453117 0.23792835 0.64687306
vn -0.94223243 0.18721774 -0.27775493
vn -0.96309662 0.26915595 0.00000011
vn -0.91898704 0.28825417 0.26902121
vn -0.72685492 0.28303105 0.62575990
vn -0.92005134 0.28809926 -0.26552659
vn -0.91783077 0.27829367 0.28308907
vn -0.96089822 0.27690172 0.00000011
vn -0.91907120 0.27833301 -0.27899623
vn -0.43316007 0.28991678 0.85341704
vn -0.41455904 0.25120991 0.87466246
vn -0.19555721 0.34376639 0.91846722
vn -0.18261814 0.23127741 0.95559478
vn -0.45910561 0.21803056 0.86121124
vn -0.48538873 0.25655180 0.83581036
vn -0.74998987 0.27144286 0.60318655
vn -0.15319198 0.23444434 0.95998335
vn -0.13880929 0.21873632 0.96586055
vn -0.73968726 0.25396067 0.62319082
vn -0.50999391 0.23796995 0.82660556
vn -0.21986824 0.13266277 0.96646714
vn -0.97310197 0.23037484 0.00000012
vn -0.92781311 0.23373769 0.29073969
vn -0.92924482 0.23377034 -0.28610399
vn -0.98890275 0.14856489 0.00000012
vn -0.93656480 0.16391312 0.30980456
vn -0.72754902 0.17095490 0.66441476
vn -0.93835491 0.16363215 -0.30449075
vn -0.99556738 -0.09405085 0.00000013
vn -0.93156850 -0.06739276 0.35726535
vn -0.72077799 -0.02703608 0.69263864
vn -0.93385184 -0.06808484 -0.35111994
vn -0.55209553 0.14317681 0.82139570
vn -0.53615505 0.01688204 0.84395081
vn -0.75281280 -0.05088337 0.65626508
vn -0.88626748 -0.19028689 0.42228055
vn -0.72794050 -0.53654712 0.42687222
vn -0.61015338 -0.42825869 0.66656393
vn -0.42461705 -0.32205263 0.84615749
vn -0.54300135 0.05487175 0.83793712
vn -0.52106142 0.68525010 0.50884908
vn -0.70334893 -0.25203344 0.66466498
vn -0.57866472 -0.45171285 0.67904550
vn -0.49545291 -0.40581116 0.76801282
vn -0.61309594 -0.16704646 0.77214575
vn -0.77858418 -0.05789474 0.62486392
vn -0.68353140 -0.49695075 0.53462583
vn -0.80305737 0.32122296 0.50191104
vn -0.17568970 -0.79646045 0.57860518
vn -0.20827246 -0.77040631 0.60257506
vn -0.17709963 -0.82846653 0.53129929
vn 0.43958795 -0.85760093 0.26698893
vn 0.37047148 -0.90709364 0.19983004
vn 0.25821373 -0.95727998 0.13015650
vn -0.46354875 -0.36320418 0.80821115
vn -0.27858585 -0.76345319 0.58269137
vn 0.08188070 -0.99584579 0.03983387
vn -0.54698652 -0.09603581 0.83161461
vn -0.63138151 -0.24033238 0.73729086
vn -0.76700366 -0.14105816 0.62594569
vn -0.87082958 0.11559684 0.47780043
vn -0.79310352 0.00669285 0.60905015
vn -0.41463229 -0.24106532 0.87747794
vn -0.65747249 0.01369735 0.75335413
vn -0.78360629 -0.52298343 0.33533499
vn -0.21715070 -0.84613931 0.48671737
vn -0.89067286 -0.37657470 0.25474182
vn -0.25382009 -0.89344704 0.37057754
vn 0.54310393 -0.77896613 0.31344849
vn 0.62298256 -0.74682844 0.23268017
vn -0.24253561 -0.97014260 0.00000007
vn -0.25416818 -0.90157765 -0.35008061
vn 0.67457116 -0.73820990 -0.00000006
vn 0.62795806 -0.74723506 -0.21750510
vn 0.76778406 -0.56521362 -0.30173069
vn -0.75714505 -0.62178349 0.20029144
vn -0.93982095 -0.27534369 0.20229346
vn -0.85008436 0.52543837 0.03565484
vn -0.36091247 -0.72324049 0.58878303
vn -0.42319542 -0.82125068 0.38269174
vn -0.43639195 -0.88390225 0.16816390
vn -0.95202857 -0.30600920 0.00000014
vn -0.74456942 -0.66754508 0.00000013
vn -0.42566806 -0.90487939 0.00000010
vn -0.94105887 -0.27678207 -0.19442236
vn -0.75726080 -0.62418574 -0.19221948
vn -0.43606347 -0.88542157 -0.16086477
vn -0.86935818 0.49418271 0.00000009
vn -0.22269168 0.95652777 -0.18831642
vn -0.23312108 0.97244775 -0.00000001
vn -0.85072541 0.52449375 -0.03424521
vn -0.22230940 0.95808166 0.18071598
vn -0.95784342 -0.19945943 0.20676574
vn -0.54685420 -0.28692976 0.78652513
vn -0.92347801 -0.11950895 0.36456269
vn -0.98607177 -0.04900562 0.15893716
vn -0.67294413 -0.06397710 0.73692143
vn -0.94281465 0.08943267 0.32109585
vn -0.98166049 0.13669491 0.13288034
vn 0.29266888 -0.37874779 0.87800628
vn 0.27061698 -0.43052679 0.86105359
vn 0.37139079 -0.35710636 0.85705537
vn 0.16841811 -0.44667375 0.87870252
vn 0.12829694 -0.31361437 0.94084322
vn -0.98403591 -0.17797013 0.00000014
vn -0.99979228 -0.02038148 0.00000013
vn -0.98850679 0.15117708 0.00000012
vn -0.21661204 -0.05415301 0.97475475
vn 0.47047758 -0.23523869 0.85047847
vn -0.88151872 0.36957139 0.29383966
vn -0.07395991 0.18490010 0.97997034
vn -0.78861743 -0.52007967 -0.32802394
vn -0.89380664 -0.37530988 -0.24546318
vn -0.95965838 -0.19881655 -0.19881636
vn -0.98699754 -0.04794359 -0.15341917
vn -0.98217553 0.13714781 -0.12853755
vn 0.60461026 -0.66252851 -0.44215661
vn -0.12146303 0.96185535 -0.24511448
vn 0.03066400 0.99952984 -0.00000005
vn 0.71308088 -0.70108181 -0.00000006
vn -0.23332585 -0.63148916 0.73944604
vn -0.21641919 -0.30895719 0.92612547
vn -0.07705401 -0.56657451 0.82040000
vn 0.15167859 -0.90659213 0.39380747
vn -0.37706023 0.08907621 0.92189533
vn 0.31635186 -0.94730288 -0.05038845
vn 0.15324393 -0.87646645 0.45642403
vn -0.00401919 -0.49724761 0.86759949
vn -0.07548095 -0.33234206 0.94013381
vn -0.51199389 -0.07079015 0.85606718
vn -0.42541620 -0.33878136 0.83919513
vn -0.25891659 -0.76830721 0.58537704
vn 0.04031240 -0.99917054 0.00575895
vn -0.46803102 0.09818836 0.87824029
vn -0.22118871 -0.28703892 0.93203241
vn -0.33274293 -0.02903937 0.94257039
vn -0.44562808 0.23091644 0.86492383
vn 0.41436982 -0.72590339 -0.54896444
vn -0.45771369 0.66621673 0.58877283
vn 0.34071615 -0.71291161 -0.61291885
vn -0.23187716 0.93244189 -0.27710134
vn 0.01519706 -0.72945291 0.68386221
vn 0.22558184 -0.61544567 0.75520837
vn -0.06157983 -0.18891479 0.98006088
vn -0.15851898 0.05927240 0.98557532
vn 0.29680261 -0.95289236 0.06248475
vn 0.52213991 -0.83305043 0.18274890
vn -0.07583651 -0.15368661 0.98520529
vn 0.21622783 -0.59012133 0.77781910
vn 0.49789488 -0.84780425 0.18256141
vn -0.27294084 0.02558825 0.96169049
vn -0.48478213 0.66893643 0.56348062
vn -0.18916258 0.08534893 0.97822964
vn -0.32351518 0.88400358 -0.33745471
vn -0.18045633 0.79923505 -0.57328784
vn -0.25475082 0.91881496 -0.30146503
vn 0.21991289 -0.97038460 0.09996039
vn 0.45845377 -0.88809037 0.03340161
vn 0.23721626 -0.97145689 0.00000001
vn 0.22092152 -0.97058177 -0.09573263
vn 0.45061123 -0.89272028 -0.00000002
vn 0.34873843 -0.93721104 0.00412043
vn 0.32915601 -0.94427556 -0.00000000
vn 0.45877531 -0.88797247 -0.03209541
vn 0.34897524 -0.93712348 -0.00398622
vn -0.18049288 0.98357630 -0.00000002
vn -0.29829597 0.95447344 -0.00000000
vn -0.25621355 0.92060685 0.29468229
vn -0.65392786 -0.32450560 0.68342853
vn -0.06510757 -0.91512424 0.39788014
vn 0.12494837 -0.89837807 0.42107567
vn -0.36229298 -0.18617837 0.91328061
vn -0.54857296 0.73490536 0.39872527
vn -0.71720445 0.58644336 0.37643337
vn -0.72820008 0.68536466 0.00000007
vn -0.90653640 -0.42212766 0.00000014
vn -0.00533321 -0.99998587 0.00000004
vn -0.53122282 0.84723216 0.00000003
vn 0.21778448 -0.97599691 0.00000001
vn 0.46587619 -0.88484991 -0.00000002
vn -0.25973731 -0.11131602 0.95924205
vn 0.20828635 -0.89137554 0.40257478
vn 0.27319896 -0.96195757 0.00000001
vn -0.49061650 0.78351277 0.38131776
vn -0.49065673 0.87135297 0.00000003
vn 0.13837335 -0.24907173 0.95854896
vn -0.67482495 0.18458450 0.71452069
vn -0.87987018 0.38147521 0.28338170
vn 0.60368937 -0.43904665 0.66543013
vn 0.56850916 -0.40607783 0.71547055
vn 0.05569835 -0.25462037 0.96543574
vn -0.63526040 0.41232747 0.65301627
vn -0.72280204 0.64920074 0.23684511
vn 0.49451470 -0.54999667 0.67302221
vn -0.13916726 -0.32472390 0.93551421
vn -0.59212929 0.55910224 0.58033401
vn -0.52556890 0.11851067 0.84245628
vn -0.18640101 -0.04247111 0.98155540
vn -0.84081638 0.44360310 0.31023234
vn -0.85314590 0.41546422 0.31548631
vn -0.77921903 0.61608195 -0.11515544
vn -0.33838341 0.31979102 0.88500309
vn -0.91832203 0.24663503 0.30960584
vn -0.74736106 0.65537804 -0.10922962
vn 0.30910400 -0.68775612 0.65684575
vn -0.42300206 -0.44586718 0.78884202
vn -0.50453103 0.58967072 0.63066387
vn -0.72276264 -0.35456285 0.59321105
vn -0.32964104 0.53029233 0.78110623
vn -0.92153281 -0.10585178 0.37359452
vn -0.94827312 -0.31609106 0.02940395
vn -0.27426028 0.45215902 0.84872472
vn -0.41655087 0.39988893 0.81643999
vn 0.03673965 0.80178791 0.59647828
vn 0.18580788 0.58008301 0.79308212
vn -0.69864953 0.70893967 0.09640287
vn -0.88463789 0.45134583 0.11705883
vn -0.87852931 0.47768843 0.00000009
vn -0.68873817 0.72501016 0.00000006
vn -0.88468236 0.45220852 -0.11333397
vn -0.69848335 0.70950365 -0.09341093
vn -0.51026064 0.86001986 0.00000003
vn -0.52999902 0.84799832 0.00000003
vn -0.49245277 0.73368329 0.46818703
vn -0.53441691 0.82949370 0.16229229
vn -0.54212695 0.84029663 0.00000003
vn -0.53484529 0.83012438 -0.15758829
vn 0.13322574 0.35612240 0.92489338
vn -0.11947025 0.49313289 0.86171156
vn -0.30405354 0.41303915 0.85845804
vn 0.03884845 0.60862458 0.79250681
vn -0.31207764 0.58879685 0.74560440
vn -0.32386309 0.44008830 0.83751720
vn -0.34724715 0.59256965 0.72682923
vn -0.24812998 0.09149133 0.96439666
vn -0.37808540 0.45752883 0.80480981
vn -0.39907527 0.57833380 0.71152586
vn -0.04736603 0.76621604 0.64083511
vn -0.31817013 0.49061367 0.81121272
vn -0.27470845 0.41819471 0.86582249
vn -0.44799161 0.74999243 0.48663631
vn -0.49990550 0.84713256 0.18016902
vn -0.48650634 0.68110889 0.54717666
vn -0.30536792 0.30820429 0.90097755
vn 0.42391685 -0.90570110 -0.00000002
vn -0.51486331 0.85727233 0.00000003
vn -0.56550074 0.82474786 0.00000004
vn -0.50046110 0.84782046 -0.17532596
vn 0.13488591 -0.59855551 0.78964376
vn -0.12937312 -0.16541749 0.97770131
vn -0.00161194 -0.65449995 0.75606042
vn -0.22093488 -0.20934495 0.95255584
vn -0.32551259 0.04688935 0.94437438
vn 0.30054328 -0.94854373 0.09969239
vn 0.41679022 -0.89680856 0.14839277
vn -0.35138711 -0.25008643 0.90221053
vn -0.14385355 -0.69666272 0.70282799
vn 0.21757899 -0.97565162 0.02762909
vn 0.46853694 -0.75971812 -0.45088965
vn 0.40488061 -0.78138179 -0.47488338
vn 0.37876409 -0.78106725 -0.49645922
vn -0.43209043 -0.08501672 0.89781415
vn -0.50561774 0.12786300 0.85323018
vn -0.46746042 -0.27044007 0.84163111
vn -0.43031856 -0.29136160 0.85436195
vn -0.34487623 -0.18779525 0.91967034
vn -0.25892800 -0.09266898 0.96144098
vn -0.12155090 -0.37900949 0.91737527
vn -0.25867334 -0.42878753 0.86558050
vn -0.43235019 0.72335517 0.53835917
vn -0.45356125 0.70123458 0.55004752
vn -0.35977352 -0.45973420 0.81191593
vn -0.30087548 0.90926313 -0.28760147
vn -0.23947085 0.95488042 -0.17566198
vn -0.57417417 -0.00722231 0.81870145
vn -0.54769570 0.31518340 0.77504122
vn -0.53278387 0.49294960 0.68785322
vn -0.47032028 -0.08423647 0.87846631
vn -0.59722686 0.25745121 0.75963080
vn -0.64002413 0.25635380 0.72432852
vn -0.65925366 0.37963215 0.64904857
vn -0.48913410 -0.08152235 0.86839056
vn -0.66136944 0.27745259 0.69685769
vn -0.69531500 0.39515173 0.60032678
vn -0.66238964 -0.03679943 0.74825513
vn -0.56991518 0.24973816 0.78283316
vn -0.55527496 0.21240030 0.80408692
vn -0.18356952 0.84292144 0.50575280
vn -0.18490006 0.91906208 0.34804717
vn -0.40733802 0.89614356 0.17607515
vn 0.27406263 -0.95802152 -0.08416903
vn -0.07767258 -0.47296250 0.87765223
vn 0.13123472 -0.86664373 0.48135868
vn 0.28366110 -0.95366728 -0.10027508
vn 0.28349760 -0.95893127 -0.00894041
vn 0.27792922 -0.96055394 0.00956728
vn 0.52552980 -0.71259916 -0.46478051
vn 0.25762761 -0.96624428 0.00000001
vn 0.28318879 -0.95902473 0.00870055
vn 0.24227393 -0.97020787 0.00000001
vn 0.27745101 -0.96069443 -0.00933392
vn -0.43497729 0.82266557 0.36608213
vn -0.19757393 -0.04890444 0.97906744
vn -0.44230479 0.89686483 0.00000002
vn -0.32993838 0.94400251 0.00000000
vn -0.15271717 -0.00319823 0.98826486
vn -0.35186380 0.86242986 0.36387715
vn -0.36088526 0.93261021 0.00000001
vn -0.21976481 -0.51245850 0.83011436
vn 0.02905851 -0.90782511 0.41834107
vn 0.20027751 -0.97312367 -0.11366278
vn 0.19406767 -0.98064047 0.02611529
vn 0.11930768 -0.90801698 0.40158546
vn -0.12396520 0.03345100 0.99172258
vn -0.23595321 0.89236450 0.38472289
vn 0.14860129 -0.98889720 0.00000002
vn 0.21109430 -0.88671058 -0.41131929
vn 0.11761212 -0.91074008 -0.39587858
vn 0.16151196 -0.98687077 0.00000002
vn 0.19375388 -0.98071778 -0.02553707
vn -0.35289675 0.16244462 0.92145300
vn -0.54552150 0.58314371 0.60195488
vn -0.48197445 -0.41092655 0.77384770
vn -0.85340947 0.21047476 0.47685707
vn 0.42269886 -0.90627021 -0.00000002
vn 0.37425268 -0.92732680 -0.00000001
vn -0.23812011 0.80514568 -0.54317522
vn 0.15627822 -0.92489952 -0.34660929
vn -0.48700351 -0.56302911 0.66770190
vn -0.24362625 0.96986920 -0.00000001
vn 0.38043362 -0.87733704 0.29248947
vn -0.57954007 0.81494379 0.00000004
vn -0.56626654 -0.39149299 0.72531068
vn -0.12022576 -0.65372819 0.74711800
vn -0.19450073 -0.58237165 0.78931165
vn -0.60729486 -0.11732773 0.78576547
vn -0.75934547 0.57033443 0.31323007
vn -0.90820503 0.30987215 0.28132361
vn -0.95224684 0.06560361 0.29819852
vn -0.02289143 -0.69246942 0.72108400
vn -0.09197006 -0.68002200 0.72740060
vn -0.28209978 -0.57105237 0.77092081
vn -0.53339636 0.00315621 0.84585953
vn -0.58947009 0.67630523 0.44174233
vn -0.91538459 -0.39465687 0.07947963
vn -0.70029068 -0.65879208 0.27492908
vn -0.42903790 -0.73962992 0.51853073
vn -0.93203592 0.34883213 0.09810916
vn -0.73889744 0.61389595 0.27778104
vn -0.45500556 0.70902711 0.53874898
vn -0.21035023 -0.67749196 0.70481026
vn -0.41849312 -0.06723084 0.90572816
vn -0.31683603 -0.60055345 0.73413253
vn -0.25037020 -0.72233284 0.64463180
vn -0.30526516 -0.54008466 0.78429699
vn -0.38043687 -0.53935361 0.75124276
vn 0.37772289 -0.81890303 0.43211487
vn 0.23938628 -0.94899529 0.20518818
vn -0.23467408 -0.60268593 0.76269126
vn -0.04635934 -0.99672699 0.06622776
vn -0.12012541 0.10010464 0.98769879
vn -0.37443686 -0.60648239 0.70141017
vn 0.28820246 -0.67115605 0.68299997
vn -0.82729077 -0.47638339 -0.29773945
vn -0.57792556 -0.81368583 -0.06259111
vn -0.20968908 -0.94574082 0.24820355
vn -0.99975181 -0.00000004 0.02227872
vn -0.92832673 -0.00000006 -0.37176538
vn -0.85749298 -0.00000006 -0.51449561
vn -0.74161631 -0.48400223 -0.46448585
vn -0.45227998 -0.85856545 -0.24147141
vn -0.86184990 0.44074345 -0.25091824
vn -0.61090672 0.79159743 -0.01290643
vn -0.23771679 0.92730969 0.28911501
vn -0.80953002 0.45686337 -0.36869669
vn -0.53797597 0.83425254 -0.12084963
vn -0.81833792 0.56589341 0.10043859
vn -0.46295023 0.61278480 0.64044660
vn -0.53639913 0.84377009 -0.01811330
vn -0.81321889 0.53426582 0.23072729
vn -0.92744452 0.36112881 0.09712187
vn -0.76446396 0.64395356 0.03031247
vn -0.87792295 0.47689641 -0.04267672
vn -0.72622108 0.68631876 -0.03961717
vn -0.73448998 0.67861962 0.00000007
vn -0.84389812 0.53650367 0.00000009
vn -0.66588163 0.74605745 0.00000005
vn -0.76351839 0.64511555 -0.02942122
vn -0.87761146 0.47755307 0.04172803
vn -0.62404633 0.78138739 0.00000005
vn -0.72544932 0.68717951 0.03882851
vn -0.54441452 0.83881634 0.00000003
vn -0.53645819 0.84373909 0.01780551
vn -0.09276278 -0.94939947 0.30005950
vn -0.33540428 -0.54859662 0.76586270
vn -0.31061670 -0.54081625 0.78168732
vn -0.00358985 -0.96010542 0.27961528
vn 0.08507682 -0.98843265 -0.12555020
vn 0.19944121 -0.97346848 -0.11217111
vn -0.33654836 -0.44169927 0.83164728
vn -0.19910721 -0.49471894 0.84593713
vn -0.24453370 -0.40004510 0.88327074
vn 0.19066401 -0.91457915 0.35664028
vn 0.38929665 -0.91929978 -0.05775840
vn 0.33013186 -0.82976890 0.44999626
vn -0.09117739 -0.42574319 0.90023851
vn -0.13047583 -0.31336066 0.94062805
vn -0.57499492 0.31857014 0.75358737
vn -0.51034278 0.10408311 0.85364932
vn -0.54773486 0.31672734 0.77438384
vn -0.57076108 0.35390201 0.74093533
vn -0.52029973 0.37586874 0.76681870
vn -0.34765133 0.31102595 0.88453460
vn -0.36996976 -0.24566521 0.89597487
vn -0.14487052 -0.08806518 0.98552382
vn -0.38512084 -0.40530199 0.82910329
vn -0.36837929 -0.40979487 0.83448482
vn -0.26557797 -0.39628580 0.87887764
vn -0.83744693 0.38444114 -0.38844293
vn -0.83475524 -0.30536300 -0.45818901
vn -0.39032429 -0.81449169 -0.42924377
vn -0.48156124 0.28383416 0.82917851
vn -0.67795211 0.73206097 0.06684041
vn 0.14685425 -0.82238322 0.54965419
vn -0.15321131 -0.65585238 0.73917794
vn 0.30784467 -0.87097496 0.38292864
vn -0.05285913 -0.99677312 0.06041055
vn 0.03809795 -0.43268228 0.90074116
vn 0.39133891 -0.50705719 0.76794976
vn 0.56763655 -0.51844126 0.63953698
vn -0.07400494 -0.28962135 0.95427603
vn 0.06113658 -0.11435785 0.99155664
vn 0.04678933 0.01194623 0.99883336
vn -0.15887448 0.33456317 0.92888451
vn -0.03165519 -0.15918103 0.98674178
vn 0.07827665 -0.99666148 0.02320996
vn -0.42111602 0.86320770 -0.27844891
vn -0.48874247 0.87242812 0.00000003
vn 0.03821261 -0.99926972 0.00000004
vn -0.10939749 0.05820518 0.99229246
vn 0.07792298 -0.99669921 -0.02277401
vn -0.42256778 0.86402130 0.27368546
vn -0.43223667 -0.80175680 0.41274381
vn -0.02206530 0.00678941 0.99973357
vn -0.06439582 0.03558727 0.99728978
vn 0.20977637 0.86843997 0.44922832
vn 0.32088989 0.82250261 0.46959487
vn -0.16529627 -0.98624396 0.00000006
vn -0.47409979 -0.88047111 0.00000010
vn -0.45564651 -0.89016080 0.00000010
vn -0.05645267 0.90894258 0.41308168
vn 0.10247131 -0.99473596 0.00000003
vn -0.04598573 0.99894208 -0.00000004
vn 0.15552540 -0.92696273 0.34139702
vn -0.93434578 0.35636777 0.00000011
vn -0.94173717 -0.33634976 0.00000014
vn -0.51539516 -0.85695273 0.00000011
vn 0.24132143 0.97044533 -0.00000007
vn 0.35112342 0.93632919 -0.00000009
vn -0.84012067 0.38445315 0.38261375
vn -0.83793521 -0.30641556 0.45163494
vn -0.39290714 -0.81640172 0.42321652
vn 0.52178496 -0.85253024 0.03054030
vn 0.00743644 -0.33788705 0.94115728
vn 0.17648205 -0.37332711 0.91075850
vn -0.07618412 -0.14281556 0.98681289
vn -0.47513834 -0.52553189 0.70573360
vn -0.61469096 -0.32704860 0.71777040
vn -0.40550840 -0.19693716 0.89262462
vn -0.20682631 -0.06911968 0.97593313
vn 0.12401536 -0.22563878 0.96628535
vn 0.10806295 -0.01696849 0.99399924
vn 0.02314355 -0.07861411 0.99663645
vn 0.50133812 0.06256019 0.86298686
vn 0.85472506 0.01928720 0.51872253
vn 0.97473037 -0.01788491 0.22266762
vn 0.82292342 0.10384890 0.55858076
vn 0.97271484 0.06009055 0.22408733
vn 0.55383825 -0.74067515 0.38034666
vn 0.08371519 -0.99641442 0.01225103
vn 0.88527644 -0.42366797 -0.19181000
vn 0.71474153 -0.38949403 -0.58089501
vn 0.25228372 -0.03943411 0.96684957
vn 0.04241144 0.04412841 0.99812526
vn 0.36992043 0.08206429 0.92543197
vn 0.91664267 -0.27588269 0.28923178
vn -0.60831416 -0.68473697 0.40135920
vn -0.81807041 -0.42367786 0.38891891
vn -0.65408939 -0.75641733 0.00000012
vn -0.88715488 -0.46147186 0.00000014
vn -0.82050508 -0.42478910 -0.38252532
vn -0.61001629 -0.68668050 -0.39541137
vn -0.33555153 0.45044869 0.82734591
vn -0.08600280 -0.25662160 0.96267796
vn -0.05142637 -0.09216031 0.99441540
vn -0.15928607 0.26470470 0.95108336
vn 0.10792992 -0.03597654 0.99350744
vn 0.04615573 0.38825026 0.92039740
vn 0.49321845 0.00416224 0.86989552
vn 0.37849548 0.48062915 0.79103529
vn -0.15876764 0.63233358 0.75825274
vn -0.26222417 -0.75598705 0.59976846
vn 0.13180672 0.79502445 0.59208387
vn -0.23819034 -0.62295955 0.74510860
vn -0.35143784 -0.92133725 0.16622072
vn -0.13668688 0.97527921 0.17362922
vn 0.23166981 0.83256328 0.50315768
vn 0.48686597 0.49737385 0.71803957
vn -0.54532653 0.37162998 0.75133890
vn -0.85852647 0.47799036 0.18562745
vn -0.55219883 -0.06204481 0.83140069
vn -0.84962469 -0.28080818 0.44641313
vn 0.64033467 0.02546791 0.76767373
vn -0.31977180 0.30526125 0.89697361
vn -0.20891778 0.33321083 0.91941500
vn -0.07932346 -0.15036610 0.98544306
vn -0.14470944 -0.06859411 0.98709381
vn -0.17468868 -0.16806343 0.97017449
vn -0.53620130 0.32449955 0.77922285
vn -0.60218173 0.70221525 0.37983015
vn -0.40710080 0.90664583 0.11073538
vn -0.34870926 0.93100446 0.10785429
vn -0.40668571 0.91356474 -0.00248926
vn -0.46659908 0.88432354 0.01603698
vn -0.50973630 0.86033076 0.00000003
vn -0.46748579 0.88386071 -0.01572637
vn -0.30618644 0.94454175 0.11870454
vn -0.34627265 0.93813396 0.00000000
vn -0.30696064 0.94459015 -0.11629565
vn -0.26574457 0.38040859 0.88581556
vn -0.18468957 0.20985529 0.96013045
vn -0.06973350 -0.12158681 0.99012822
vn -0.32662395 0.05768947 0.94339216
vn -0.34672508 0.67119312 0.65519583
vn 0.10114359 0.07985015 0.99166220
vn 0.29806471 -0.45046479 0.84156930
vn -0.54175401 0.38583997 0.74674636
vn -0.22976995 -0.11005637 0.96700227
vn 0.26043612 -0.55640495 0.78904164
vn -0.29031125 0.06317410 0.95484471
vn -0.34422332 0.77064925 0.53629285
vn 0.70417333 -0.44127351 0.55625319
vn 0.59320003 -0.69855684 0.40016505
vn -0.04747121 0.99493718 0.08858021
vn -0.10464418 0.99307698 -0.05336437
vn 0.46113324 0.70487523 -0.53898710
vn 0.90721834 -0.26731202 0.32480642
vn 0.33909598 0.70515400 -0.62271333
vn 0.76183689 -0.64766163 -0.01179399
vn -0.59645665 0.70641977 0.38106510
vn -0.24030602 -0.05729150 0.96900505
vn -0.52251840 0.41124988 0.74689227
vn -0.58948916 0.69613969 0.40974638
vn -0.45951423 0.88616633 -0.05963159
vn -0.48382503 0.87356830 -0.05283810
vn -0.02334801 0.97042489 -0.24027148
vn -0.12701924 0.85227102 -0.50744468
vn -0.14840864 0.81737518 -0.55666220
vn 0.01422526 0.99849498 0.05296649
vn 0.22666320 -0.55400229 0.80106509
vn 0.55011696 -0.73239619 0.40120724
vn 0.30661595 0.54094630 -0.78317559
vn 0.43927512 0.85640204 -0.27131709
vn 0.26087219 0.50072640 -0.82535976
vn 0.84673101 0.52087301 -0.10834171
vn 0.67964756 0.00978651 -0.73347360
vn 0.62713677 -0.00056213 -0.77890891
vn 0.03787418 0.99020517 0.13438495
vn 0.04250546 0.99909621 -0.00000005
vn 0.03797036 0.99058121 -0.13155638
vn 0.31840315 0.93792903 0.13750891
vn 0.43290797 0.80832416 0.39900246
vn -0.14007452 0.58480668 0.79898709
vn 0.04912112 0.44022942 0.89654070
vn -0.27600041 0.67168760 0.68750244
vn -0.14433788 0.85832006 0.49239543
vn 0.08764480 0.81063181 0.57895994
vn 0.40070546 0.64389384 0.65179431
vn -0.23299655 0.86361474 0.44708186
vn -0.30325013 0.62688756 0.71767086
vn -0.26624894 0.86819577 0.41874558
vn 0.22477575 0.32644138 0.91810238
vn 0.31008264 0.28075776 0.90830821
vn 0.61347049 0.41676864 0.67078900
vn 0.67896670 0.23141669 0.69674283
vn 0.79474348 0.42463815 0.43366492
vn 0.87547725 0.17112824 0.45194554
vn 0.55166990 0.75037169 0.36414674
vn -0.06309035 0.98478615 0.16191322
vn 0.03606780 0.98038900 0.19374396
vn 0.24783790 0.93834990 0.24098930
vn 0.98637277 0.16452591 -0.00000014
vn 0.90367872 0.42821121 -0.00000014
vn 0.64594901 0.76338053 -0.00000012
vn 0.33211511 0.12698200 0.93465239
vn 0.31301445 0.01191930 0.94967365
vn 0.69533914 0.05365663 0.71667600
vn 0.69751549 -0.04520107 0.71514273
vn -0.30371574 0.10793685 0.94662899
vn 0.27579370 0.04671321 0.96008110
vn -0.30143839 0.06797908 0.95105928
vn 0.22535308 0.05877768 0.97250259
vn 0.66975576 -0.03835641 0.74159026
vn 0.62275022 -0.00577158 0.78239948
vn 0.88548899 0.01019550 0.46454847
vn 0.87408644 -0.08248442 0.47871643
vn 0.86516774 -0.09571044 0.49226472
vn 0.86472112 -0.03642458 0.50092977
vn 0.99990338 -0.01390057 -0.00000013
vn 0.99406898 -0.10875230 -0.00000013
vn 0.79693872 0.42474008 -0.42951670
vn 0.87796009 0.17100918 -0.44714874
vn 0.88821304 0.00978144 -0.45932776
vn 0.87702829 -0.08295829 -0.47322229
vn 0.99342030 -0.11452639 -0.00000013
vn 0.99930960 -0.03715524 -0.00000013
vn 0.86832321 -0.09606592 -0.48660684
vn -0.36832163 0.55571920 0.74532908
vn -0.32986271 0.86070013 0.38779625
vn -0.09935276 0.98510420 0.14035220
vn -0.13236107 0.99087083 0.02560387
vn -0.38825276 0.04251131 0.92057186
vn -0.49047542 0.43578252 0.75467044
vn -0.45002666 0.81110191 0.37361702
vn -0.22035529 0.96965593 -0.10588198
vn 0.16940705 0.97838157 -0.11862008
vn 0.11574850 0.95533872 -0.27190122
vn 0.00592705 0.91352034 -0.40674996
vn 0.23981202 0.96809977 0.07261560
vn 0.21276458 0.97707832 -0.00701348
vn 0.16081253 0.98549002 -0.05430414
vn 0.38549984 0.92270792 -0.00000009
vn 0.26488903 0.96427888 -0.00000008
vn 0.55325079 0.75069201 -0.36107489
vn 0.24870700 0.93854141 -0.23934244
vn 0.23990074 0.96815950 -0.07151827
vn 0.27859014 0.96041018 -0.00000008
vn 0.21343221 0.97693330 0.00694617
vn 0.42011380 0.90318298 -0.08811980
vn 0.46469438 0.86639392 -0.18281326
vn 0.45394364 0.82020706 -0.34813154
vn 0.32134992 0.79405749 -0.51595253
vn 0.67262673 0.52648056 -0.51999176
vn 0.74854976 0.63093597 -0.20394383
vn 0.64692390 0.76232928 -0.01854032
vn 0.40649876 0.91365135 -0.00000009
vn 0.42007720 0.90331411 0.08694247
vn 0.57221574 0.82010323 -0.00000011
vn 0.64591318 0.76319218 0.01827584
vn 0.86802584 -0.03645653 -0.49517906
vn -0.29110661 0.79791856 0.52780974
vn 0.43561006 -0.83378470 0.33918586
vn -0.09526287 0.98371387 -0.15242054
vn 0.69035822 -0.59119070 -0.41701204
vn 0.65312046 0.04831303 -0.75571126
vn 0.19851238 0.00876310 0.98005921
vn 0.22961490 0.00513111 0.97326803
vn 0.59257203 0.03388764 0.80480433
vn 0.58435565 0.10370668 0.80484378
vn 0.24018867 0.11499784 0.96389049
vn 0.12277255 0.10332338 0.98704165
vn 0.24554224 0.14976752 0.95774668
vn 0.57319146 0.19425771 0.79606253
vn 0.56851423 0.33739358 0.75030470
vn 0.85759699 0.07094627 0.50940555
vn 0.75219136 0.52101004 0.40343118
vn 0.99478912 0.10195385 -0.00000013
vn 0.34024030 0.41598627 0.84332198
vn 0.31618375 0.16565317 0.93412358
vn 0.44748020 0.56680822 0.69172966
vn 0.98753625 0.05003522 0.14922756
vn 0.56441075 0.52618915 0.63605464
vn 0.46900460 0.70803314 0.52794302
vn 0.73340040 -0.67813510 -0.04750549
vn 0.80875576 -0.44109380 -0.38903779
vn 0.77538222 -0.45238301 -0.44060418
vn 0.53970808 0.78667063 0.29977441
vn 0.66593307 0.67615157 0.31520191
vn 0.86078882 0.07155272 -0.50390762
vn -0.52728432 -0.79309827 0.30490422
vn -0.78267300 -0.26377815 0.56377667
vn -0.78965497 -0.31695876 0.52534008
vn -0.44147187 -0.81594545 0.37327716
vn -0.74526966 0.40921846 0.52641565
vn -0.84242862 0.37359881 0.38824981
vn -0.61042255 0.79075545 0.04571824
vn -0.46753427 0.85836369 0.21124271
vn -0.65890884 -0.71757889 0.22565386
vn -0.77351326 -0.23754601 0.58757907
vn -0.64753914 0.39804950 0.64980739
vn -0.08128495 -0.99229044 0.09355448
vn -0.21562041 -0.97619212 -0.02360018
vn -0.44489032 -0.87701738 -0.18142033
vn -0.30702627 0.88070858 0.36067617
vn 0.30698106 -0.90624726 -0.29065228
vn 0.17555396 -0.88399523 -0.43328220
vn -0.17226590 0.89703184 -0.40701148
vn -0.03743342 0.96164966 -0.27171445
vn 0.54082048 -0.57118750 -0.61746097
vn 0.29049641 0.57999814 -0.76106125
vn 0.55411196 0.01189080 -0.83235723
vn 0.44157442 -0.53573382 -0.71972317
vn 0.52091473 0.01532101 -0.85347134
vn 0.34264463 0.63292015 -0.69426715
vn -0.28718770 -0.95735073 -0.03166668
vn -0.31878263 -0.94624072 -0.05482982
vn -0.62605208 -0.50983572 0.59002244
vn -0.60722029 -0.52031702 0.60046136
vn -0.59735525 -0.48058242 0.64203376
vn -0.23187558 -0.97261173 -0.01613583
vn 0.47646093 -0.32976332 -0.81500989
vn 0.52347922 -0.33015060 -0.78547442
vn 0.55364245 -0.34397906 -0.75839204
vn -0.71320200 -0.51644886 0.47394472
vn -0.72286010 -0.52130753 0.45355466
vn -0.58761042 -0.38713348 0.71052217
vn -0.64453000 -0.40117013 0.65087920
vn -0.69496721 -0.50195730 0.51483923
vn -0.62026942 -0.36792386 0.69274670
vn -0.72463608 -0.50020957 0.47401795
vn 0.61824989 0.36454967 -0.69632655
vn 0.61996120 0.36354730 -0.69532841
vn 0.61553049 0.36949700 -0.69612795
vn 0.62500679 0.42520618 -0.65464979
vn 0.61829209 0.37281546 -0.69189847
vn -0.61499625 -0.51752323 0.59493637
vn -0.33989894 0.44824433 0.82676828
vn -0.39277527 0.47183266 0.78936797
vn -0.34208006 -0.93471026 -0.09642698
vn -0.28408131 0.41084248 0.86631769
vn -0.59548563 -0.52387232 0.60906047
vn -0.37982103 -0.91782403 -0.11547732
vn 0.05809913 0.79247493 0.60713112
vn -0.01235808 0.81439996 0.58017236
vn -0.08049751 0.82923388 0.55307436
vn 0.41624168 -0.35007054 -0.83916241
vn 0.35975200 -0.34434018 -0.86718416
vn 0.36092156 0.91077977 0.20053934
vn 0.30858704 0.93401831 0.17995507
vn 0.25597054 0.95329547 0.16033405
vn 0.62023991 0.63230687 -0.46420950
vn 0.60507977 0.65734684 -0.44919220
vn 0.58475077 0.68816656 -0.42952690
vn -0.67228508 -0.48879457 0.55597907
vn -0.65202248 -0.48189074 0.58536148
vn -0.64349252 -0.49898133 0.58046114
vn 0.61644685 0.36983186 -0.69513857
vn 0.61482918 0.36292765 -0.70019192
vn 0.62004775 0.37570310 -0.68875837
vn -0.40151095 0.49196687 0.77250087
vn -0.10669074 0.83755660 0.53583229
vn 0.58846009 0.69388622 -0.41501403
vn -0.59331179 -0.52035177 0.61417854
vn -0.23882577 0.36394569 0.90028101
vn 0.11448365 0.75662601 0.64374727
vn -0.43838713 -0.89128453 -0.11588279
vn 0.41311610 0.88491493 0.21508339
vn 0.32141104 -0.30538511 -0.89634532
vn -0.48816827 -0.86476463 -0.11778849
vn -0.59278703 -0.52372599 0.61181271
vn -0.19598961 0.32452625 0.92534900
vn 0.15693881 0.71409523 0.68223035
vn 0.46613479 0.85927182 0.21064253
vn 0.28086329 -0.26427081 -0.92264664
vn 0.63129723 0.61430037 -0.47339085
vn -0.41516346 0.51897949 0.74719453
vn -0.22935081 -0.97302043 0.02508879
vn -0.67054653 -0.29044521 0.68264854
vn -0.47882053 0.54895717 0.68511099
vn -0.12870984 0.84580767 0.51772881
vn -0.20231028 0.84364128 0.49733305
vn 0.23644748 0.96019077 0.14874972
vn 0.23088153 0.96368355 0.13419297
vn 0.21260619 0.97252834 0.09480210
vn 0.60508674 0.67296022 -0.42543477
vn 0.60481626 0.65459281 -0.45354775
vn -0.72620863 0.25606829 0.63800484
vn -0.72825128 0.29558203 0.61828911
vn -0.64293021 0.71160752 0.28329405
vn -0.65413594 0.69129664 0.30694491
vn -0.52988327 -0.27727106 0.80146408
vn -0.53016263 -0.31726468 0.78630203
vn -0.58992362 0.72766632 0.34998858
vn -0.64954132 0.30918589 0.69462234
vn -0.50425577 -0.13595131 0.85278577
vn -0.03922654 -0.75391716 0.65579742
vn -0.00933042 -0.81757367 0.57574844
vn 0.21310131 -0.91505271 0.34244183
vn 0.46083620 -0.85702413 0.23052052
vn 0.50575906 -0.81511027 0.28249437
vn -0.56049031 -0.26600978 0.78427649
vn -0.73189330 0.29104853 0.61613554
vn -0.74052989 0.59052646 0.32077107
vn -0.55671537 0.81663018 -0.15226030
vn -0.38609880 0.91499197 -0.11712164
vn -0.36533517 0.92132211 -0.13302585
vn -0.61155814 -0.17634396 0.77129740
vn -0.28254205 -0.45199910 0.84608912
vn -0.14052907 -0.16331263 0.97651458
vn -0.60404706 -0.29943690 0.73855585
vn -0.56856960 -0.29783511 0.76682645
vn -0.06077116 -0.08576276 0.99446046
vn -0.52355510 -0.30789259 0.79441315
vn -0.58135486 -0.16004914 0.79775375
vn -0.19032612 -0.78050244 0.59547621
vn -0.75734472 -0.09149813 0.64657336
vn -0.81968188 -0.30158234 0.48700070
vn -0.85054350 -0.35440224 0.38855508
vn -0.07269144 -0.85091299 0.52025288
vn 0.62694365 0.12173778 -0.76949447
vn 0.66900599 0.14853692 -0.72826362
vn 0.64733189 0.25344488 -0.71883732
vn -0.73678309 0.17220916 0.65383083
vn -0.86745578 0.29810116 0.39831698
vn -0.90031540 -0.00615316 0.43519455
vn -0.90786570 0.32000089 -0.27088612
vn -0.78542149 0.57939482 -0.21774922
vn -0.94170874 -0.19213341 0.27616909
vn -0.92264301 0.08646702 -0.37583685
vn -0.95372653 -0.28830585 0.08535478
vn -0.86546570 -0.07656691 -0.49508265
vn -0.14626127 0.81483108 -0.56094384
vn -0.20305523 0.64926344 -0.73295671
vn -0.20523210 0.47954059 -0.85318267
vn -0.28492269 0.31539059 -0.90517843
vn -0.33736950 0.17246549 -0.92543906
vn -0.06797919 0.89473891 -0.44138542
vn -0.05667450 0.89348787 -0.44549686
vn 0.25751922 0.61425161 -0.74590814
vn 0.27577537 0.69223773 -0.66689950
vn 0.26759133 0.71075070 -0.65056008
vn 0.27921900 0.49306166 -0.82397026
vn 0.60326189 0.15410921 -0.78251225
vn 0.23244339 0.33266500 -0.91394973
vn 0.30105901 0.38095763 -0.87420523
vn 0.16193581 0.29759547 -0.94085807
vn 0.61551356 0.22474262 -0.75540322
vn 0.65688139 0.34016335 -0.67290103
vn 0.66198850 0.40172219 -0.63276416
vn 0.89441556 0.43226674 -0.11474527
vn 0.90457797 0.35069954 -0.24238141
vn 0.83037257 -0.00526428 -0.55718374
vn 0.71422607 -0.29413593 -0.63511044
vn -0.81961846 -0.49947456 -0.28062600
vn -0.87320977 -0.43063888 -0.22815530
vn -0.83297801 -0.46307293 0.30283841
vn -0.80451989 -0.54122257 0.24459338
vn -0.51653361 -0.35751021 0.77806133
vn -0.52614653 -0.44081283 0.72722340
vn -0.90762228 -0.38635716 -0.16416506
vn -0.84757185 -0.41431803 0.33160603
vn -0.50160497 -0.29772598 0.81225103
vn -0.02791413 -0.17609245 0.98397785
vn -0.03530912 -0.13931975 0.98961782
vn -0.02646841 -0.08972834 0.99561453
vn -0.55672610 -0.33512932 -0.76009500
vn -0.64171571 -0.26485327 -0.71975952
vn -0.71087587 -0.23086156 -0.66434824
vn -0.55219692 -0.42520112 0.71713495
vn -0.80555958 -0.56176364 0.18840219
vn -0.86591250 -0.46199378 0.19172196
vn -0.79158229 -0.52389753 -0.31452957
vn -0.85193026 -0.42330414 -0.30826679
vn -0.54217917 -0.37617865 -0.75135309
vn -0.63267237 -0.27158198 -0.72523713
vn 0.89538985 0.44523469 0.00656059
vn 0.90209013 0.43005857 0.03581976
vn 0.87615424 0.48023072 0.04161986
vn 0.73772085 0.41482836 -0.53262120
vn 0.78562987 0.37692988 -0.49062169
vn 0.79644316 0.42580828 -0.42937848
vn 0.35518423 0.25305131 -0.89989400
vn 0.43308732 0.19098729 -0.88088548
vn 0.45849076 0.20331885 -0.86512870
vn -0.08554549 -0.08001787 -0.99311590
vn -0.16987467 -0.00265731 -0.98546213
vn -0.24591728 0.02505944 -0.96896690
vn -0.05334795 -0.10122412 -0.99343228
vn -0.15241531 0.02465535 -0.98800898
vn 0.24900924 0.26800287 -0.93068194
vn -0.52411813 -0.27792889 0.80501908
vn -0.86089772 -0.38182855 0.33624706
vn -0.93270147 -0.35053012 -0.08483275
vn -0.01858239 -0.06251459 0.99787104
vn 0.71783996 0.39125389 -0.57586992
vn 0.88299650 0.46775001 -0.03907891
vn 0.88129270 0.47243208 -0.01145014
vn -0.64849818 -0.59144354 0.47921261
vn -0.65170425 -0.54294139 0.52961904
vn -0.60310239 -0.59536213 0.53085929
vn -0.77281249 -0.19112571 -0.60517091
vn 0.68740588 0.44580558 -0.57335043
vn 0.65626866 0.44136617 -0.61197019
vn -0.32237300 0.05349617 -0.94509989
vn 0.14441685 0.26211360 -0.95416999
vn -0.31471804 0.93864334 -0.14107203
vn -0.04901653 0.89442486 -0.44452405
vn 0.21800697 0.77546501 -0.59255970
vn 0.21982202 0.74554056 -0.62916422
vn 0.57221407 0.37522468 -0.72923088
vn 0.52935988 0.45088589 -0.71866554
vn 0.54658729 0.49857864 -0.67280132
vn 0.48416203 0.87497836 -0.00000010
vn 0.22430718 0.97451848 -0.00000007
vn 0.05142428 0.99867690 -0.00000005
vn 0.05384022 0.95087391 -0.30486065
vn -0.89729494 -0.43865415 0.04944077
vn -0.81872767 -0.55883455 0.13186716
vn -0.81971174 -0.15852083 0.55040330
vn -0.90336174 -0.07238478 0.42272714
vn -0.47747725 -0.80463773 0.35295016
vn -0.49629161 -0.36810589 0.78625232
vn -0.58614242 0.40998232 0.69882154
vn -0.68131548 0.45184779 0.57588446
vn -0.28148997 0.25527596 0.92498523
vn -0.75012273 -0.56862098 -0.33761856
vn -0.67224503 -0.67824054 -0.29677695
vn -0.35046127 -0.92937148 -0.11595502
vn -0.09998652 -0.79989183 -0.59175664
vn -0.43035311 -0.54803443 -0.71725494
vn -0.49755278 -0.45657781 -0.73754865
vn -0.65932643 -0.70910615 0.24991432
vn -0.48705673 -0.84932029 -0.20354600
vn -0.69603342 -0.26992738 0.66533953
vn -0.17273939 -0.72578377 -0.66588217
vn -0.59481931 -0.36973432 0.71378332
vn -0.43304396 0.30074397 0.84972113
vn -0.73637497 -0.26956326 0.62055415
vn -0.54737937 0.42913023 0.71848667
vn -0.74436593 -0.11994419 0.65691149
vn -0.53098881 0.51927257 0.66963190
vn -0.81113100 -0.52259922 -0.26259622
vn -0.50872809 -0.84698296 -0.15432307
vn -0.25919983 -0.69619775 -0.66942078
vn -0.58863205 -0.34873676 -0.72931129
vn 0.14674746 0.73619300 0.66067022
vn -0.20111272 0.87369484 0.44295716
vn -0.31161541 0.88926423 0.33482084
vn -0.49443310 0.35039210 0.79546297
vn -0.09297364 0.85299659 0.51356882
vn 0.02021464 0.98462468 -0.17350961
vn 0.30072942 0.95306951 -0.03493331
vn 0.10502157 0.98186892 -0.15781035
vn -0.00201233 0.83513170 0.55004650
vn -0.20304208 0.84733677 0.49070799
vn -0.24446185 0.82962453 0.50195771
vn 0.15909238 0.98124444 -0.10885279
vn 0.54538929 0.83356720 0.08784358
vn 0.42357767 0.90574151 -0.01464663
vn 0.25280911 0.96641940 -0.04605542
vn 0.51618856 0.61384600 -0.59727919
vn 0.14799748 0.71247554 -0.68591201
vn 0.26917639 0.69928008 -0.66223222
vn 0.38624561 0.64481223 -0.65956920
vn 0.68027246 0.54212487 -0.49328491
vn 0.22132222 0.97475356 0.02952905
vn 0.68781036 -0.16358158 -0.70721853
vn 0.59141731 -0.31959677 -0.74032664
vn 0.59454906 0.64828891 -0.47563946
vn 0.36936605 0.30966628 -0.87617093
vn 0.61523104 0.60868615 -0.50099105
vn 0.54772633 0.04037481 -0.83568281
vn -0.10053872 -0.77008343 -0.62997097
vn 0.21830735 -0.43567392 -0.87322974
vn 0.17343277 -0.38839197 -0.90502650
vn -0.19426976 -0.13690148 -0.97134817
vn 0.27146468 -0.41624600 -0.86778241
vn -0.11285844 -0.19750212 -0.97378433
vn 0.17157273 -0.30459002 -0.93690336
vn 0.04596480 0.26922315 -0.96198040
vn 0.14035508 0.22662856 -0.96381539
vn -0.14024854 -0.01312675 -0.99002934
vn 0.40918064 0.06584515 -0.91007453
vn 0.43764004 0.07552654 -0.89597261
vn 0.23158608 -0.73108512 0.64178073
vn 0.00295639 0.24832690 0.96867180
vn -0.48047709 0.79117829 0.37838963
vn -0.28992406 -0.61223316 -0.73560494
vn -0.65371585 0.41100508 -0.63539785
vn -0.83240455 0.45902687 -0.31047875
vn -0.37136632 -0.61083865 -0.69925904
vn -0.01675710 -0.99887139 -0.04444281
vn 0.32333887 -0.70856380 0.62720764
vn -0.78932989 0.56488085 -0.24055758
vn -0.50966328 0.75019318 0.42125234
vn -0.52557725 0.77785426 0.34454510
vn 0.33957729 0.52432525 0.78087795
vn -0.01206479 0.99494088 0.09973533
vn -0.03693141 -0.70785433 0.70539230
vn -0.30468470 0.40533146 0.86190122
vn -0.53014755 0.84610385 0.05524393
vn -0.40807617 0.40311158 -0.81913072
vn -0.10245171 -0.71716160 -0.68933511
vn -0.54474765 0.44286740 0.71212250
vn -0.68559974 0.44568726 0.57560050
vn -0.05217394 -0.03844402 0.99789786
vn -0.01283418 -0.68663543 0.72688860
vn -0.06601838 -0.99761164 -0.02031331
vn -0.16408968 0.55637616 0.81456751
vn -0.65275663 0.45793718 -0.60349178
vn -0.16379902 -0.64728826 -0.74443793
vn -0.75650018 0.48787341 -0.43553069
vn -0.24369790 -0.00000005 -0.96985120
vn -0.31295899 0.60212547 -0.73450768
vn 0.29560325 -0.66614056 0.68474489
vn 0.26414603 -0.04661393 0.96335560
vn 0.20847812 0.54852468 0.80972677
vn 0.24385080 -0.96935713 -0.02972560
vn -0.20895302 -0.61833024 -0.75763214
vn 0.17696074 -0.97295982 -0.14843956
vn 0.09073623 -0.99578625 0.01329259
vn 0.15262587 -0.71943355 0.67758459
vn 0.15716843 -0.04877632 0.98636657
vn 0.12946975 -0.62083131 -0.77317923
vn 0.05429394 0.00394862 -0.99851727
vn 0.04513528 -0.58378750 0.81065106
vn -0.06790607 0.04765351 0.99655312
vn -0.29858378 0.02214220 0.95412654
vn -0.22938633 -0.62244314 0.74829578
vn -0.04890402 -0.99870348 0.01414098
vn 0.26302904 -0.96048009 0.09107026
vn 0.10693745 -0.99424708 0.00609140
vn -0.59227568 0.80222416 0.07513949
vn -0.71252251 0.69691163 0.08139935
vn -0.29499024 0.95345050 0.06255372
vn 0.11705305 0.99284220 0.02372692
vn 0.13470241 0.57545263 0.80666578
vn 0.10792165 0.99412483 0.00830161
vn 0.05434547 0.61390388 -0.78750795
vn -0.07403918 0.58829653 0.80524868
vn -0.34882098 0.58955675 0.72852367
vn -0.28372681 0.95830154 -0.03401826
vn 0.09705961 0.99394000 0.05160128
vn 0.06406709 0.99761659 0.02562680
vn -0.46140009 0.30929023 0.83153445
vn -0.11778285 -0.78521979 0.60791212
vn -0.58372879 0.81194669 -0.00181843
vn -0.66734219 0.74363881 -0.04069154
vn 0.02508416 -0.72863686 -0.68444073
vn -0.34246650 -0.00112659 -0.93952948
vn 0.11886451 -0.65717804 -0.74430388
vn 0.41837779 -0.61741197 -0.66615504
vn -0.53163385 0.47512594 -0.70115674
vn 0.30776098 -0.64888567 -0.69586688
vn 0.15133241 -0.02564962 -0.98815018
vn 0.42230755 -0.01365810 -0.90634984
vn 0.34786046 -0.03879252 -0.93674344
vn -0.00548485 0.57726651 -0.81653738
vn 0.34199214 0.55531967 -0.75806439
vn -0.68656451 0.37230617 0.62451369
vn -0.30753854 -0.67571878 0.66994345
vn 0.25788343 -0.71021384 -0.65505159
vn 0.08481791 0.20762746 -0.97452396
vn -0.47485799 0.78715181 -0.39357588
vn -0.46928093 -0.58841240 0.65844238
vn -0.58866167 0.06446442 0.80580515
vn -0.51370126 0.65362382 0.55577600
vn -0.02944444 -0.99952090 0.00954961
vn -0.53553057 0.72195685 -0.43816128
vn -0.73248309 0.66874337 -0.12747917
vn 0.28807241 0.56961137 -0.76977736
vn -0.60524952 0.64290941 -0.46940449
vn -0.12651797 0.97511357 -0.18206237
vn 0.44385633 -0.11182686 0.88909298
vn 0.50707245 -0.68772459 0.51953107
vn 0.59391934 -0.12146889 0.79530191
vn 0.48830670 0.47709733 0.73070842
vn 0.38278586 -0.15397766 0.91091484
vn 0.34166715 -0.69798797 0.62934607
vn 0.05205207 -0.99766380 0.04424426
vn 0.25006732 0.39247611 0.88511527
vn 0.12366772 -0.68388849 0.71902913
vn 0.22568226 -0.12376112 0.96630782
vn 0.12649140 0.28685772 0.94958550
vn 0.06136723 0.99475580 0.08182297
vn -0.30146179 0.75162274 -0.58667207
vn -0.19785945 0.91847676 0.34242097
vn -0.24351801 0.73100185 0.63744432
vn -0.33902416 -0.77363783 -0.53530115
vn -0.47481641 0.10251710 -0.87409359
vn -0.36149031 -0.00837427 0.93233830
vn -0.38585278 0.84271836 0.37542436
vn -0.11810751 -0.98501712 0.12566651
vn 0.24464007 -0.71434861 0.65563506
vn 0.38809240 -0.18108600 0.90365487
vn 0.19538331 0.09546898 0.97606921
vn 0.69459283 -0.31921256 0.64470470
vn -0.27809736 0.95999908 0.03261269
vn -0.51907951 0.80020851 0.30037153
vn -0.56518131 0.81928951 0.09661700
vn -0.26413167 0.96042067 -0.08846818
vn -0.61740708 0.77526683 -0.13330375
vn -0.51421767 0.83329052 -0.20299536
vn -0.64714277 0.66963702 0.36440718
vn -0.33844984 0.51600260 0.78688824
vn -0.74576682 0.47541976 0.46669894
vn -0.75096518 0.29443130 0.59106821
vn -0.95186096 0.30289432 0.04707373
vn -0.48200467 0.83747685 -0.25749579
vn -0.64645469 0.68894118 -0.32780555
vn -0.79184371 0.45244455 -0.41021639
vn -0.84781927 0.25885221 -0.46281528
vn -0.27432513 -0.56178719 0.78047478
vn 0.23056228 -0.95801270 0.17044866
vn 0.14360256 -0.98960865 0.00728421
vn -0.34945896 -0.69630051 0.62693232
vn 0.38598087 -0.68412906 -0.61885875
vn 0.61823696 -0.62852871 -0.47194797
vn 0.48987654 -0.10281363 -0.86570799
vn 0.32188174 0.52799910 -0.78588122
vn 0.44493276 -0.65915972 -0.60625350
vn 0.69445068 -0.09725525 -0.71293741
vn 0.52503598 0.51298612 -0.67910415
vn 0.48740023 -0.12185010 -0.86463493
vn 0.36658207 0.45524740 -0.81139845
vn 0.14917621 -0.67256832 -0.72484368
vn 0.28105426 -0.70548254 -0.65061742
vn 0.27396911 -0.05596178 -0.96010900
vn 0.20888101 0.39294836 -0.89552236
vn 0.44794571 -0.08164714 -0.89032489
vn 0.22122960 0.19575615 -0.95537281
vn -0.01545814 0.99477321 -0.10093225
vn -0.15450135 0.93576795 -0.31696650
vn -0.19031361 0.79107922 -0.58135569
vn -0.36832708 0.57671797 -0.72919923
vn 0.68927634 -0.27463344 0.67042869
vn 0.84735441 -0.39229363 0.35790530
vn 0.72138554 -0.69243014 0.01198142
vn 0.91319221 -0.40708140 -0.01909862
vn 0.91022229 -0.40853012 -0.06781413
vn 0.87713557 -0.30983397 -0.36692792
vn 0.59787518 -0.15786445 0.78589064
vn 0.36385408 -0.01232204 0.93137455
vn 0.82485372 -0.55708754 -0.09628092
vn 0.90455496 -0.40754178 -0.12525994
vn 0.92954355 -0.35099897 -0.11291023
vn 0.76448852 -0.20632170 -0.61072803
vn 0.71560735 -0.17570856 -0.67604196
vn 0.52995396 -0.11969413 -0.83953685
vn 0.15123971 -0.00927507 -0.98845369
vn -0.84322524 -0.29731268 -0.44785753
vn -0.81014955 -0.40612936 -0.42274889
vn -0.73134345 -0.54021579 -0.41629764
vn -0.64917690 -0.64954519 -0.39580357
vn -0.73278940 -0.25001851 -0.63285905
vn -0.71468139 -0.37911299 -0.58779579
vn -0.68671352 -0.50217444 -0.52559048
vn -0.83883083 -0.48835295 -0.24057105
vn -0.87411577 -0.30003342 -0.38197076
vn -0.83320838 -0.14725277 -0.53299212
vn -0.82258254 -0.21124935 -0.52795064
vn -0.80210048 -0.08461460 -0.59116423
vn -0.78819209 0.04143449 -0.61403310
vn -0.76043081 0.14053638 -0.63403052
vn -0.51486439 0.23116204 -0.82551742
vn -0.26337102 0.42134526 -0.86781555
vn -0.96925223 0.21194737 0.12501357
vn -0.75268668 0.18099590 0.63301134
vn -0.20559551 0.04553547 0.97757721
vn 0.20847787 -0.07696626 0.97499394
vn -0.88755012 0.14076194 -0.43868080
vn 0.48847884 -0.21294811 0.84619236
vn 0.82655776 -0.36264035 0.43045849
vn -0.96825713 0.17469420 0.17877375
vn -0.75484830 0.14542630 0.63957435
vn -0.24837926 0.01865303 0.96848327
vn -0.91223848 0.12904285 -0.38880450
vn -0.74343610 0.12691931 0.65665388
vn -0.97028583 0.15756120 0.18362989
vn -0.90489769 0.17836347 -0.38645422
vn 0.14505287 -0.09186668 0.98514986
vn 0.44881299 -0.17841369 0.87563431
vn -0.28385937 0.04803779 0.95766187
vn 0.12680481 -0.05830671 0.99021256
vn -0.45689574 0.00057509 -0.88952005
vn -0.08729570 -0.11209263 -0.98985595
vn 0.25943476 -0.27462959 -0.92588997
vn 0.71341550 -0.40771908 -0.56991535
vn 0.90112078 -0.42638934 -0.07857127
vn -0.51030326 -0.00714658 -0.85996485
vn -0.53637350 0.09944328 -0.83810186
vn -0.14118914 -0.10762774 -0.98411483
vn 0.22520743 -0.20899172 -0.95163232
vn -0.11743086 -0.00444492 -0.99307114
vn -0.98660082 -0.10534819 0.12458198
vn -0.71966887 -0.13150902 0.68174928
vn -0.28384361 -0.08545426 0.95505518
vn -0.20496047 -0.28610179 0.93602186
vn -0.67736030 -0.42648619 0.59941030
vn -0.90120840 -0.42985821 0.05518463
vn -0.88127881 -0.01647598 -0.47230965
vn -0.79401034 -0.35519683 -0.49333844
vn -0.15254456 -0.33325145 0.93041593
vn -0.12302630 -0.28002283 0.95207769
vn -0.74305594 -0.50710320 0.43670848
vn -0.51062995 -0.31671992 0.79934084
vn -0.14038157 -0.22792597 0.96350545
vn -0.89120454 -0.45236766 0.03343657
vn -0.88655299 -0.46241713 0.01393512
vn -0.79880100 -0.34352264 -0.49387160
vn -0.77819061 -0.35843310 -0.51569867
vn 0.10485989 -0.01778319 0.99432802
vn 0.18787363 -0.07123418 0.97960669
vn 0.24837157 -0.17591912 0.95255655
vn 0.25186926 -0.20624331 0.94552934
vn 0.22060417 -0.21013018 0.95245951
vn -0.51855141 0.08911268 -0.85039014
vn -0.44045863 -0.21936624 -0.87055999
vn -0.10035627 0.15092114 -0.98343855
vn -0.04714553 -0.08468714 -0.99529171
vn -0.45910475 -0.16119717 -0.87363511
vn -0.07944644 -0.01936670 -0.99665099
vn -0.38136014 -0.85442239 -0.35288352
vn -0.18522628 -0.91557509 -0.35695025
vn 0.15125781 -0.69927794 -0.69866407
vn 0.82991862 -0.29664889 0.47247720
vn 0.93097347 -0.36390951 -0.02929610
vn 0.73484242 -0.34344471 -0.58485240
vn 0.47164828 -0.13792907 0.87093252
vn 0.83684415 -0.21154211 0.50491762
vn 0.95551175 -0.28651777 0.07003456
vn 0.74587172 -0.30433908 -0.59249741
vn 0.22554611 -0.12282514 -0.96645898
vn 0.47195423 0.02388692 0.88129944
vn 0.50863820 0.07217983 0.85794950
vn 0.82549679 0.03115088 0.56354654
vn 0.82851839 0.16278544 0.53577811
vn 0.93164557 0.01758881 0.36294240
vn 0.54858088 -0.09640833 0.83052063
vn 0.54938304 -0.13058808 0.82530302
vn 0.55200469 -0.07560056 0.83040679
vn 0.17959329 -0.37274048 0.91039050
vn 0.61603570 -0.24708499 0.74796325
vn 0.87659037 -0.00337144 0.48122549
vn 0.87960696 -0.01992924 0.47528353
vn 0.84337217 0.06070078 0.53389025
vn 0.96223074 0.25566423 0.09353068
vn 0.99599165 0.05691385 -0.06900348
vn 0.62577689 0.63364834 -0.45485505
vn 0.78568894 0.22875054 -0.57477486
vn 0.88429660 0.45894501 0.08595941
vn 0.95620489 0.02579363 0.29155946
vn 0.99886936 0.01570475 -0.04487073
vn 0.02756504 0.15429768 -0.98763990
vn 0.23788539 -0.22732520 -0.94431663
vn 0.68364143 -0.47784632 -0.55163151
vn 0.93032831 -0.36625257 0.01866245
vn 0.47729743 -0.13578296 -0.86818784
vn 0.77767682 -0.25438029 -0.57489955
vn 0.95183086 -0.24465443 -0.18483029
vn -0.00359103 0.15380986 -0.98809403
vn 0.42508867 0.16016580 -0.89086843
vn 0.80890852 0.11306432 -0.57696062
vn 0.30095994 0.07022960 -0.95104730
vn 0.32652977 0.04198862 -0.94425380
vn 0.20064676 0.45371503 -0.86826479
vn 0.42025709 0.41799167 -0.80539864
vn 0.72022825 0.45958200 -0.51966882
vn 0.91268367 0.38109922 -0.14755392
vn 0.99215823 0.06419851 -0.10724076
vn -0.63539308 -0.61693496 -0.46439949
vn -0.53342819 -0.74271697 -0.40475422
vn -0.73063320 -0.65800929 -0.18220589
vn -0.58905035 -0.78630537 -0.18639678
vn -0.86914498 -0.38736275 0.30746928
vn -0.98583335 -0.16208987 0.04312183
vn -0.41052204 -0.89203668 -0.18905611
vn -0.14485852 -0.96457005 -0.22050135
vn -0.68295121 -0.61612016 0.39239478
vn -0.84407985 -0.53561777 0.02535606
vn -0.83180004 -0.55482560 -0.01665340
vn -0.87827408 -0.45225719 0.15523614
vn -0.76383781 -0.41740996 -0.49226081
vn -0.87024653 -0.33337140 -0.36267695
vn -0.95996153 -0.22509658 -0.16674942
vn -0.72356212 -0.12378569 -0.67906916
vn -0.96339226 0.03449582 -0.26586726
vn -0.88348031 0.00351511 -0.46845534
vn -0.48389465 0.01663149 -0.87496823
vn -0.67032295 0.18498729 -0.71864235
vn -0.78482884 0.24255207 -0.57027376
vn -0.24847358 0.08149391 -0.96520454
vn -0.38567331 0.27405128 -0.88099504
vn 0.27493054 0.11498182 -0.95456409
vn 0.27185306 -0.01017188 -0.96228504
vn 0.01780335 0.07175069 -0.99726367
vn 0.28402194 -0.01007257 -0.95876491
vn -0.50096357 0.38223469 -0.77648705
vn -0.07309171 0.24745286 -0.96613908
vn -0.29613668 0.63671273 -0.71196914
vn 0.28347054 0.11153258 -0.95247310
vn 0.10514316 0.13404046 -0.98538220
vn 0.13907830 -0.88712102 -0.44008353
vn 0.23549017 -0.65474910 -0.71822566
vn 0.98932254 0.10846794 0.09734285
vn 0.24479036 -0.44722459 -0.86027199
vn 0.89147496 0.13040285 -0.43389800
vn 0.87807769 -0.00426595 -0.47849914
vn 0.81265336 -0.14651749 -0.56402761
vn 0.34839338 -0.26022702 -0.90050209
vn 0.08724906 -0.27533549 -0.95738077
vn 0.59140384 -0.05422289 -0.80455041
vn 0.56738240 0.07691787 -0.81985426
vn 0.56967270 -0.06375472 -0.81939524
vn 0.09153634 -0.33268499 -0.93858510
vn 0.14639878 -0.38347310 -0.91187489
vn 0.28613386 -0.09636407 -0.95333177
vn -0.00352576 0.04180382 -0.99911964
vn -0.20259811 0.34404293 -0.91683614
vn 0.23900738 0.29271808 -0.92584646
vn 0.49152589 -0.11366540 -0.86341327
vn -0.06611424 -0.11370355 -0.99131250
vn -0.26985422 0.20259880 -0.94134617
vn -0.21207349 -0.70001531 0.68191159
vn -0.38530347 0.32348692 0.86423230
vn -0.52371931 0.85160017 -0.02225433
vn -0.08091763 -0.72917765 -0.67952365
vn -0.26531184 0.36082393 -0.89410049
vn 0.05421412 -0.76253176 0.64467531
vn -0.13813372 0.24677849 0.95917654
vn -0.51199001 0.80551815 0.29834008
vn -0.51768845 0.43307489 -0.73786503
vn -0.17746139 -0.67411488 -0.71699142
vn 0.27000192 -0.10580218 0.95702928
vn 0.20785105 -0.71233684 0.67035377
vn -0.01721206 -0.99967915 -0.01858903
vn 0.17229848 0.50782686 0.84405285
vn 0.40468034 -0.14649944 0.90264708
vn 0.39344522 -0.69092798 0.60648125
vn 0.20957479 -0.97452265 -0.07990036
vn 0.27603054 0.45715460 0.84546852
vn -0.52867383 0.79186141 0.30571142
vn -0.57459861 0.78011984 0.24748634
vn -0.07028742 0.99299634 0.09496272
vn 0.01748450 0.99734676 0.07066660
vn -0.65354759 0.47470501 -0.58951741
vn -0.10587167 -0.70927602 0.69693524
vn -0.14066054 -0.06011136 0.98823136
vn -0.20649008 0.56914943 0.79588366
vn 0.20056596 -0.70447201 0.68080282
vn 0.14156678 -0.07524206 0.98706508
vn 0.12487791 0.54672128 0.82795012
vn -0.44152015 0.41872638 -0.79355413
vn -0.59557128 0.50680816 -0.62324989
vn -0.06153397 -0.99736375 -0.03845870
vn -0.04147305 -0.65967965 -0.75040174
vn 0.23248401 -0.97149390 -0.04637633
vn 0.23215671 -0.65041244 -0.72323376
vn -0.04247199 -0.01077649 -0.99903965
vn -0.25256091 -0.62921238 -0.73505425
vn -0.69290876 0.55057073 -0.46556342
vn -0.30690154 0.05965681 -0.94986981
vn -0.15371649 0.06105551 -0.98622692
vn -0.03580819 -0.61396003 -0.78852451
vn 0.15867437 -0.98625839 -0.04600964
vn -0.25496987 0.63807476 -0.72653359
vn 0.07180421 0.54107523 0.83790326
vn -0.15191616 0.62454361 -0.76607227
vn -0.21153888 -0.77142698 -0.60012645
vn 0.03223091 -0.99833041 0.04793312
vn 0.20535624 -0.00586736 -0.97866982
vn -0.66721481 0.74486476 0.00095870
vn -0.24653716 0.96899253 0.01652052
vn 0.16185345 0.98629475 0.03203344
vn -0.51715064 0.85539025 0.02937347
vn -0.12521169 0.60923827 -0.78303945
vn 0.09126168 0.99497527 0.04117901
vn -0.26512590 0.94359761 0.19832249
vn -0.28756511 0.95424432 0.08200097
vn 0.18007670 0.58565044 -0.79030758
vn 0.17708907 -0.18868014 0.96593958
vn 0.06040768 0.35398838 0.93329692
vn 0.17739874 -0.68955362 0.70217204
vn -0.01788026 -0.65811342 0.75270659
vn 0.03409171 -0.19376093 0.98045635
vn -0.07781903 0.21924396 0.97256172
vn -0.41162759 0.79328460 0.44862261
vn -0.03730083 0.07019199 0.99683589
vn 0.11863078 -0.26972860 0.95560110
vn -0.55457968 0.56926638 0.60694081
vn -0.70962554 0.32861260 0.62325388
vn -0.09222635 0.01409727 0.99563837
vn 0.37419477 -0.42904398 0.82213122
vn 0.36630529 -0.18008058 0.91290283
vn 0.32096913 -0.16351804 0.93286699
vn -0.15800312 -0.98567784 0.05894426
vn 0.09878784 -0.68588126 0.72097701
vn 0.11349633 -0.98864824 0.09845462
vn 0.58215702 -0.80970782 0.07393605
vn -0.13289434 -0.97317427 -0.18780550
vn -0.54030544 0.83413965 0.11082013
vn -0.54013467 0.82540536 0.16419657
vn -0.70550621 0.69117075 0.15666544
vn -0.58977908 0.78164232 -0.20296785
vn -0.24428487 0.62404358 0.74222273
vn 0.04394682 0.99879229 0.02197338
vn -0.28725794 0.93454564 -0.21001743
vn -0.46331403 0.80586433 -0.36867711
vn -0.88069242 0.41467482 0.22896703
vn -0.12902083 -0.13426331 0.98251063
vn -0.73001063 0.10960750 0.67458934
vn -0.93402559 0.18979259 0.30261388
vn -0.95539576 0.27699563 -0.10243335
vn -0.64171851 0.64069444 -0.42155433
vn -0.73711425 0.47912416 -0.47655284
vn -0.74637777 0.35088184 -0.56551057
vn -0.46867475 0.80851245 -0.35588157
vn 0.26799363 -0.27863753 0.92224765
vn 0.68612361 -0.57532638 0.44523481
vn 0.76650876 -0.33510345 0.54787791
vn 0.81271476 -0.57390493 0.10063728
vn 0.93159401 -0.34919924 0.10095888
vn 0.83703935 -0.48295277 -0.25714141
vn 0.91428483 -0.23560335 -0.32950643
vn 0.73876393 -0.29449993 0.60621583
vn 0.70234221 -0.37385616 0.60576153
vn 0.95198059 -0.29942292 0.06386609
vn 0.94397670 -0.32996678 0.00547165
vn 0.88783526 -0.14533851 -0.43660653
vn 0.83609605 -0.19581270 -0.51244611
vn 0.66096622 -0.04694944 -0.74894559
vn 0.62403500 0.04212164 -0.78026038
vn 0.52882987 -0.00864820 -0.84868377
vn -0.20908539 -0.77043468 0.60225725
vn -0.52676827 0.30134252 0.79480064
vn -0.57871640 0.81173933 -0.07852785
vn 0.07319565 -0.77410001 -0.62881756
vn -0.63341355 0.77058583 -0.07060337
vn -0.35635111 -0.00398155 0.93434364
vn -0.26093531 -0.63457847 0.72747707
vn 0.00334872 -0.99991345 0.01272500
vn -0.39715147 0.57120758 0.71832633
vn -0.17412864 0.01549830 -0.98460096
vn 0.28532946 -0.94699842 0.14758417
vn 0.02569186 -0.59733266 0.80158192
vn -0.11894573 -0.00563424 0.99288487
vn -0.10503027 0.54856223 0.82948673
vn 0.24702321 -0.64475048 -0.72337854
vn 0.49622008 -0.63989460 -0.58677131
vn 0.28051317 0.00527057 -0.95983571
vn -0.36127272 0.53581995 -0.76313758
vn 0.50483298 -0.01411363 -0.86310178
vn -0.63329601 0.05129058 0.77220815
vn -0.48683220 -0.58059818 0.65261042
vn -0.00380329 -0.99799770 0.06313557
vn -0.54559422 0.63361681 0.54850417
vn -0.31514767 -0.66899794 0.67314464
vn -0.72314262 0.31882399 0.61271214
vn 0.34716371 -0.72155607 -0.59902769
vn -0.45570946 0.75690788 -0.46842226
vn -0.49054998 0.70756733 -0.50863469
vn -0.65671057 0.74440181 -0.12081908
vn -0.24351726 0.96989435 -0.00208730
vn 0.13531077 0.98407853 0.11524072
vn 0.11216715 0.62737626 -0.77059555
vn 0.41186199 0.61348498 -0.67379957
vn 0.34281510 0.62902451 -0.69771487
vn -0.53375953 0.69594014 -0.48038343
vn -0.08647364 0.98724008 -0.13371381
vn 0.22170879 0.12308392 -0.96731365
vn -0.38599133 -0.79128242 0.47421813
vn -0.25312892 -0.55752462 0.79062778
vn 0.25021270 -0.93138838 0.26440376
vn 0.10627999 -0.99420059 -0.01642505
vn 0.44149116 -0.70376319 -0.55659944
vn 0.65007287 -0.66679502 -0.36440319
vn 0.50066799 -0.69241321 -0.51951480
vn 0.72982097 -0.09434949 -0.67709643
vn 0.58056206 -0.09829251 -0.80826139
vn 0.60748607 -0.11905869 -0.78535706
vn 0.26795611 -0.62651628 -0.73189956
vn 0.37654796 -0.61585879 -0.69204748
vn 0.43656725 -0.09652991 -0.89447808
vn 0.44360843 0.52406693 -0.72702515
vn 0.57629347 0.52862489 -0.62325090
vn 0.45342919 0.49702829 -0.73984110
vn 0.46165264 -0.14082073 -0.87581182
vn 0.04843981 0.99878359 -0.00922669
vn -0.12617661 0.96121007 -0.24526455
vn -0.25050262 0.79648191 -0.55033177
vn 0.28810826 0.37195158 -0.88240904
vn -0.43410173 0.55052251 -0.71307838
vn 0.26800424 0.19310355 -0.94386691
vn -0.55496871 0.46812850 -0.68765211
vn -0.55464941 0.39255223 -0.73366666
vn 0.15916550 0.27503675 -0.94816732
vn 0.66127902 -0.29722467 -0.68874347
vn -0.02135736 0.27310333 -0.96174759
vn 0.17931025 -0.70575190 -0.68539190
vn -0.60181487 -0.50852638 0.61580831
vn -0.53583992 -0.64554763 0.54419112
vn -0.47068575 -0.57212472 0.67166090
vn -0.93543798 -0.16937074 -0.31027302
vn -0.92664558 -0.29157895 -0.23729707
vn -0.92813480 -0.30409354 -0.21469298
vn -0.64330256 -0.00091544 -0.76561153
vn -0.66324395 -0.19532271 -0.72246557
vn 0.11877239 0.80897999 -0.57571220
vn 0.98806340 0.09911524 -0.11792757
vn 0.27352706 0.61956817 -0.73574328
vn 0.78308988 0.03969355 -0.62064058
vn 0.79716277 -0.49379712 -0.34741336
vn 0.90397745 -0.40596148 0.13423875
vn 0.67817378 -0.66332841 -0.31634763
vn 0.82326669 -0.55190903 0.13277179
vn 0.19422238 0.53605574 -0.82153642
vn 0.06154984 0.77367324 -0.63058817
vn 0.17594522 0.49584147 -0.85040253
vn 0.19882755 -0.35071489 -0.91513216
vn 0.23280889 0.07907312 -0.96930259
vn 0.26522425 -0.26516214 -0.92700875
vn 0.27990115 0.09761171 -0.95505357
vn 0.56200695 -0.76901740 -0.30456606
vn 0.76495135 -0.63676649 0.09684058
vn -0.31854448 -0.92979157 0.18443707
vn 0.25347856 0.09706447 -0.96245891
vn 0.07645698 0.27722996 -0.95775670
vn 0.32432336 -0.20944573 -0.92246783
vn -0.55493045 0.08641766 -0.82739604
vn -0.09230267 0.29343086 -0.95151383
vn 0.05173857 0.42870691 -0.90196091
vn -0.25959009 0.57973242 -0.77234930
vn 0.12666786 0.89534098 -0.42698929
vn -0.03619015 0.76964903 -0.63744080
vn 0.21141283 0.01838641 -0.97722399
vn -0.90172619 0.14074516 -0.40875533
vn -0.56939113 0.45960525 -0.68158400
vn -0.58221304 0.29525518 -0.75753045
vn -0.58219379 0.18879882 -0.79082578
vn -0.22192095 -0.11595681 -0.96814525
vn -0.23812495 0.08338759 -0.96764827
vn -0.26620272 0.21685626 -0.93920690
vn -0.25509128 0.39020297 -0.88468653
vn -0.16087116 0.63590175 -0.75481749
vn 0.31344157 -0.85156226 0.42023349
vn -0.69449627 -0.45071536 -0.56083030
vn 0.01259612 -0.87134802 0.49050379
vn 0.69893581 0.40896535 0.58671635
vn 0.18345872 -0.93776852 0.29484424
vn -0.31286418 -0.68905497 0.65369666
vn -0.30306730 -0.61170256 0.73073262
vn 0.12353391 -0.60764468 0.78454274
vn 0.09091210 -0.58006114 0.80948383
vn 0.61109245 -0.46996531 0.63694477
vn 0.62592894 -0.46176925 0.62847602
vn 0.62875324 -0.49105847 0.60293531
vn 0.91317892 -0.33944869 0.22556336
vn 0.92612708 -0.33159211 0.17982043
vn -0.45478979 -0.84347945 -0.28584766
vn -0.46972519 -0.83318949 -0.29181120
vn -0.44030607 -0.84698236 0.29791215
vn -0.44995761 -0.83156556 0.32563305
vn -0.27035463 -0.58678001 -0.76328081
vn -0.27238917 -0.58547521 -0.76355940
vn -0.51550382 -0.85031170 0.10595194
vn -0.45305791 -0.84635669 -0.28003415
vn -0.40091959 -0.70554519 -0.58435386
vn -0.24030225 -0.66243345 0.70953286
vn -0.51694012 -0.78460157 0.34230584
vn -0.32417908 -0.54369825 0.77414489
vn -0.25989047 -0.65884537 0.70596015
vn -0.06354686 -0.47710675 0.87654501
vn -0.04331188 -0.50089842 0.86442178
vn -0.13521945 -0.30932298 0.94129443
vn -0.92762852 -0.03938921 0.37142164
vn -0.98693711 0.06666612 -0.14666544
vn -0.73479384 0.15479849 -0.66039044
vn -0.56658685 -0.77066016 -0.29165468
vn -0.41172948 -0.46800169 -0.78195477
vn -0.83733565 -0.48868561 -0.24506202
vn -0.74285620 -0.54190534 0.39306915
vn -0.48744527 -0.37889221 0.78666246
vn -0.63904023 -0.24066235 -0.73055404
vn -0.04302481 -0.24152172 -0.96944118
vn -0.40071371 -0.06848072 -0.91364050
vn -0.53651917 -0.72680986 0.42882952
vn -0.45343581 -0.64161909 0.61864454
vn -0.59254736 -0.79516941 0.12881476
vn -0.52247989 -0.85241979 -0.01988667
vn -0.83431804 -0.49134323 -0.24999042
vn -0.58293396 -0.76533836 -0.27284643
vn -0.47837964 -0.83514875 -0.27144003
vn -0.45115146 -0.76030701 -0.46732810
vn -0.48055020 -0.66698205 -0.56939131
vn -0.35469782 -0.47962531 -0.80258894
vn -0.24137820 -0.27508619 -0.93062568
vn 0.29764447 -0.04746455 -0.95349616
vn 0.07874560 0.12815478 -0.98862302
vn -0.09282468 0.06060441 -0.99383634
vn 0.27406740 0.02402760 -0.96141028
vn 0.24314499 0.43121043 -0.86887175
vn 0.48588759 0.02136229 -0.87376022
vn 0.53363705 -0.01678212 -0.84554720
vn 0.49288371 -0.26902211 0.82746166
vn 0.27596617 0.03739080 0.96043992
vn 0.33578169 -0.10186628 0.93641555
vn 0.35608461 -0.13898602 0.92405987
vn 0.94871676 -0.26601967 0.17079259
vn 0.90121788 0.17622367 0.39591870
vn 0.76902825 0.40159404 0.49731055
vn 0.69194174 0.50231034 0.51855665
vn 0.12434091 0.47877800 -0.86908627
vn 0.25257346 0.19776693 -0.94715095
vn 0.29047766 0.12126421 -0.94916689
vn 0.18078855 0.34678131 -0.92035776
vn 0.47962365 0.53295070 -0.69708306
vn 0.43039027 0.71826601 -0.54667926
vn 0.62098044 0.54693407 -0.56146806
vn 0.64226478 0.53677976 -0.54714125
vn 0.58489180 -0.01173340 -0.81102645
vn 0.62164474 -0.00988910 -0.78323686
vn 0.71110123 0.69889265 -0.07670785
vn 0.86783397 0.42965698 -0.24951763
vn 0.91522211 -0.14316793 -0.37665817
vn 0.91270989 -0.16684851 -0.37299123
vn 0.57528263 0.04290802 -0.81682849
vn 0.69427872 0.03925503 -0.71863490
vn 0.92750210 -0.11983148 -0.35409105
vn 0.80879855 0.58448160 -0.06501067
vn -0.25202635 -0.59271735 -0.76496333
vn -0.65757513 -0.09726194 0.74708444
vn -0.14802638 -0.22832476 0.96226615
vn 0.23682740 -0.30764550 0.92155695
vn 0.68923545 -0.35814244 0.62983209
vn -0.19290876 -0.21832037 0.95662040
vn 0.21094494 0.07046271 0.97495502
vn 0.15750298 -0.05344763 0.98607111
vn 0.43944332 0.12612797 0.88937128
vn 0.52711272 0.56694818 0.63302600
vn 0.74570096 0.41387200 0.52214950
vn -0.49043259 0.17332640 -0.85406899
vn -0.17678477 0.12112191 -0.97676849
vn 0.93687958 -0.34863743 -0.02662285
vn 0.40785086 -0.04390257 -0.91199249
vn 0.80155039 -0.18987212 -0.56697935
vn -0.22176605 0.06060068 -0.97321498
vn 0.21325590 0.24916616 -0.94468951
vn 0.54474491 0.33193386 -0.77011240
vn 0.47473797 0.68630034 -0.55101335
vn 0.60974973 0.26906580 0.74552590
vn 0.85187286 -0.22592960 0.47251317
vn 0.93343741 -0.35568634 -0.04671026
vn 0.44049281 0.73233783 0.51927596
vn 0.81947893 0.39168584 0.41837364
vn 0.94831425 0.01990741 0.31670785
vn 0.99867451 -0.02886736 -0.04261391
vn 0.59820819 0.70952690 0.37244949
vn 0.85590112 -0.15321149 -0.49392280
vn 0.92719626 0.03555623 -0.37288439
vn 0.90700442 0.42101884 -0.00928111
vn 0.61780602 0.78600460 0.02264199
vn 0.40423617 0.91424030 0.02752854
vn 0.81565553 0.40007442 -0.41790733
vn 0.64025110 0.34988087 -0.68385816
vn 0.61052293 0.71772182 -0.33486891
vn 0.42456180 0.78252584 -0.45541251
vn 0.78397053 0.61910188 -0.04585952
vn 0.60284185 0.79784244 -0.00539374
vn 0.93994600 -0.11418336 -0.32165763
vn 0.35959905 0.86079937 -0.36015686
vn 0.28681025 0.75863230 -0.58499312
vn 0.53039712 0.73155254 -0.42838043
vn 0.58843356 0.58054876 -0.56276906
vn 0.19692025 0.13607022 -0.97093123
vn 0.20990314 0.37903279 -0.90126300
vn 0.24029037 0.62048584 -0.74649704
vn 0.60091853 0.21697181 -0.76929861
vn 0.74214017 0.07854276 -0.66562676
vn 0.59260505 0.41993162 -0.68736935
vn 0.78729582 0.17959449 -0.58983994
vn 0.74026412 0.32418627 0.58899260
vn 0.76295352 0.29980519 -0.57272929
vn 0.26603544 -0.16865653 -0.94909441
vn 0.08288464 -0.06076317 -0.99470508
vn 0.45633507 0.53878808 -0.70814252
vn 0.33782998 0.48112342 -0.80894446
vn 0.36137903 0.45679766 -0.81285983
vn -0.72453135 0.23792829 -0.64687282
vn -0.72685510 0.28303099 -0.62575966
vn -0.74999005 0.27144280 -0.60318631
vn -0.43316033 0.28991675 -0.85341704
vn -0.41455930 0.25120988 -0.87466246
vn -0.19555745 0.34376633 -0.91846722
vn -0.18261839 0.23127732 -0.95559478
vn -0.45910582 0.21803047 -0.86121112
vn -0.48538893 0.25655174 -0.83581024
vn -0.15319224 0.23444425 -0.95998335
vn -0.13880953 0.21873620 -0.96586043
vn -0.73968744 0.25396061 -0.62319058
vn -0.50999409 0.23796986 -0.82660532
vn -0.72754920 0.17095484 -0.66441453
vn -0.72077817 -0.02703614 -0.69263834
vn -0.55209577 0.14317675 -0.82139558
vn -0.53615522 0.01688197 -0.84395057
vn -0.21986847 0.13266267 -0.96646702
vn -0.21715087 -0.84613943 -0.48671731
vn 0.54310387 -0.77896613 -0.31344855
vn -0.17709978 -0.82846665 -0.53129923
vn -0.68353158 -0.49695081 -0.53462559
vn 0.43958789 -0.85760093 -0.26698899
vn -0.70334911 -0.25203350 -0.66466475
vn -0.57866484 -0.45171285 -0.67904532
vn -0.17568985 -0.79646045 -0.57860506
vn -0.88626760 -0.19028692 -0.42228031
vn -0.72794062 -0.53654712 -0.42687199
vn -0.42319557 -0.82125080 -0.38269162
vn 0.37047142 -0.90709364 -0.19983004
vn 0.76778400 -0.56521356 0.30173054
vn -0.75281304 -0.05088343 -0.65626490
vn -0.61015350 -0.42825869 -0.66656375
vn -0.36091268 -0.72324055 -0.58878285
vn -0.92347813 -0.11950898 -0.36456245
vn -0.77858430 -0.05789479 -0.62486368
vn -0.94281465 0.08943263 -0.32109559
vn -0.54685444 -0.28692982 -0.78652501
vn -0.67294431 -0.06397715 -0.73692125
vn 0.29266867 -0.37874785 -0.87800640
vn 0.27061674 -0.43052679 -0.86105359
vn 0.37139058 -0.35710642 -0.85705549
vn 0.16841789 -0.44667381 -0.87870252
vn 0.12829670 -0.31361443 -0.94084322
vn -0.80305749 0.32122290 -0.50191081
vn -0.76700389 -0.14105824 -0.62594551
vn -0.21661226 -0.05415309 -0.97475463
vn -0.87082970 0.11559679 -0.47780019
vn 0.47047737 -0.23523875 -0.85047859
vn -0.63138163 -0.24033241 -0.73729068
vn -0.79310364 0.00669280 -0.60904992
vn -0.88151878 0.36957139 -0.29383948
vn -0.07396016 0.18490002 -0.97997034
vn -0.12146296 0.96185535 0.24511442
vn -0.52106154 0.68525004 -0.50884902
vn 0.60461032 -0.66252851 0.44215649
vn -0.20827265 -0.77040642 -0.60257500
vn 0.25821373 -0.95728010 -0.13015649
vn -0.54300159 0.05487167 -0.83793700
vn -0.42461726 -0.32205269 -0.84615737
vn -0.49545312 -0.40581122 -0.76801270
vn -0.61309612 -0.16704650 -0.77214551
vn 0.08188069 -0.99584579 -0.03983380
vn -0.27858603 -0.76345330 -0.58269119
vn -0.46354896 -0.36320424 -0.80821103
vn -0.54698676 -0.09603588 -0.83161449
vn -0.41463253 -0.24106541 -0.87747782
vn -0.65747267 0.01369728 -0.75335389
vn 0.15236700 -0.96549374 -0.21120173
vn 0.39993620 -0.91610616 -0.02829378
vn 0.31635186 -0.94730276 0.05038844
vn -0.00000001 -0.91914505 -0.39391926
vn 0.13576981 -0.91932285 -0.36933997
vn -0.23332605 -0.63148928 -0.73944592
vn 0.15167849 -0.90659213 -0.39380747
vn -0.71006322 0.57151419 -0.41131702
vn -0.62645710 -0.31322858 -0.71375018
vn -0.07092555 -0.89839005 -0.43343377
vn -0.54815638 0.72118551 -0.42357534
vn -0.36229321 -0.18617846 -0.91328049
vn 0.11523045 -0.88740712 -0.44635251
vn -0.23187709 0.93244189 0.27710134
vn 0.41436994 -0.72590339 0.54896444
vn -0.48975977 0.77539933 -0.39861172
vn -0.25973755 -0.11131611 -0.95924193
vn -0.43392912 0.81715554 -0.37942380
vn -0.18045619 0.79923517 0.57328779
vn -0.21641940 -0.30895722 -0.92612535
vn -0.07705422 -0.56657457 -0.82039988
vn -0.37706053 0.08907614 -0.92189533
vn 0.15324381 -0.87646645 -0.45642403
vn -0.00401941 -0.49724761 -0.86759937
vn -0.07548118 -0.33234209 -0.94013369
vn -0.45771387 0.66621673 -0.58877271
vn 0.34071633 -0.71291161 0.61291885
vn 0.04031240 -0.99917054 -0.00575887
vn -0.25891677 -0.76830733 -0.58537686
vn -0.51199412 -0.07079022 -0.85606706
vn -0.42541635 -0.33878139 -0.83919489
vn -0.46803126 0.09818829 -0.87824017
vn -0.22118892 -0.28703895 -0.93203229
vn -0.33274317 -0.02903945 -0.94257027
vn -0.44562835 0.23091638 -0.86492383
vn 0.29680258 -0.95289236 -0.06248474
vn -0.32351509 0.88400358 0.33745471
vn -0.48478225 0.66893643 -0.56348050
vn -0.27294108 0.02558816 -0.96169037
vn 0.01519688 -0.72945303 -0.68386209
vn 0.22558162 -0.61544573 -0.75520825
vn -0.06158008 -0.18891485 -0.98006076
vn -0.15851922 0.05927230 -0.98557520
vn 0.52213979 -0.83305031 -0.18274897
vn 0.49789482 -0.84780425 -0.18256147
vn 0.21622759 -0.59012139 -0.77781898
vn -0.07583676 -0.15368669 -0.98520517
vn -0.18916281 0.08534884 -0.97822952
vn -0.87987024 0.38147521 -0.28338152
vn -0.67482513 0.18458444 -0.71452057
vn -0.72280210 0.64920074 -0.23684499
vn -0.63526058 0.41232741 -0.65301615
vn -0.41655108 0.39988887 -0.81643987
vn 0.56850898 -0.40607789 -0.71547067
vn 0.60368919 -0.43904671 -0.66543025
vn -0.74736106 0.65537810 0.10922977
vn -0.77921909 0.61608201 0.11515560
vn 0.49451452 -0.54999667 -0.67302233
vn 0.30910382 -0.68775612 -0.65684575
vn -0.59212947 0.55910224 -0.58033389
vn -0.49245289 0.73368329 -0.46818697
vn 0.13837309 -0.24907182 -0.95854896
vn 0.05569810 -0.25462043 -0.96543574
vn -0.13916750 -0.32472396 -0.93551421
vn -0.85314596 0.41546422 -0.31548613
vn -0.84081644 0.44360310 -0.31023216
vn -0.52556914 0.11851060 -0.84245616
vn -0.42300227 -0.44586724 -0.78884190
vn -0.72276282 -0.35456291 -0.59321082
vn -0.92153281 -0.10585179 -0.37359425
vn -0.94827312 -0.31609106 -0.02940368
vn -0.91832215 0.24663500 -0.30960560
vn -0.50453120 0.58967072 -0.63066375
vn -0.32964128 0.53029227 -0.78110623
vn -0.27426049 0.45215896 -0.84872460
vn -0.33838362 0.31979096 -0.88500297
vn -0.18640126 -0.04247120 -0.98155528
vn 0.03673949 0.80178791 -0.59647840
vn 0.18580769 0.58008295 -0.79308224
vn -0.44799173 0.74999243 -0.48663625
vn -0.48650646 0.68110889 -0.54717654
vn 0.13322552 0.35612237 -0.92489350
vn -0.11947047 0.49313283 -0.86171156
vn -0.30405378 0.41303915 -0.85845804
vn 0.03884824 0.60862446 -0.79250681
vn -0.31207785 0.58879679 -0.74560434
vn -0.32386333 0.44008830 -0.83751720
vn -0.34724736 0.59256959 -0.72682917
vn -0.39907551 0.57833374 -0.71152580
vn -0.37808567 0.45752883 -0.80480981
vn -0.24813026 0.09149125 -0.96439666
vn -0.04736619 0.76621592 -0.64083517
vn -0.31817037 0.49061367 -0.81121272
vn -0.27470866 0.41819465 -0.86582237
vn -0.30536819 0.30820426 -0.90097755
vn 0.27406266 -0.95802152 0.08416905
vn 0.28366113 -0.95366728 0.10027510
vn -0.19757415 -0.04890451 -0.97906733
vn -0.15271743 -0.00319832 -0.98826474
vn -0.35105187 0.85790932 -0.37517232
vn 0.13123459 -0.86664373 -0.48135868
vn -0.07767281 -0.47296256 -0.87765223
vn 0.52552992 -0.71259916 0.46478045
vn 0.46853706 -0.75971812 0.45088959
vn -0.25892827 -0.09266908 -0.96144098
vn -0.45356137 0.70123458 -0.55004752
vn -0.30087540 0.90926313 0.28760147
vn 0.41679019 -0.89680856 -0.14839280
vn 0.13488568 -0.59855556 -0.78964365
vn -0.12937336 -0.16541757 -0.97770119
vn -0.12155112 -0.37900949 -0.91737515
vn 0.40488073 -0.78138179 0.47488332
vn 0.30054325 -0.94854373 -0.09969237
vn -0.00161214 -0.65450001 -0.75606030
vn -0.12724663 0.01639770 -0.99173558
vn -0.23933831 0.88718855 -0.39447927
vn 0.20027754 -0.97312367 0.11366281
vn 0.02905840 -0.90782511 -0.41834101
vn -0.21976501 -0.51245856 -0.83011425
vn -0.25867355 -0.42878759 -0.86558038
vn -0.43235031 0.72335517 -0.53835917
vn -0.34487644 -0.18779531 -0.91967010
vn -0.35289702 0.16244455 -0.92145300
vn -0.54552168 0.58314371 -0.60195476
vn -0.32551286 0.04688928 -0.94437438
vn -0.48197460 -0.41092655 -0.77384746
vn -0.85340971 0.21047476 -0.47685689
vn 0.38195160 -0.72309619 0.57553887
vn -0.23947081 0.95488042 0.17566195
vn 0.37876421 -0.78106725 0.49645916
vn 0.21757899 -0.97565162 -0.02762906
vn 0.26443645 -0.72742867 0.63318318
vn 0.33155796 -0.75354052 0.56766719
vn -0.23811997 0.80514568 0.54317522
vn -0.53278404 0.49294955 -0.68785310
vn -0.47032052 -0.08423655 -0.87846619
vn -0.48700368 -0.56302911 -0.66770178
vn -0.22093511 -0.20934501 -0.95255572
vn -0.14385372 -0.69666284 -0.70282787
vn -0.35138738 -0.25008652 -0.90221053
vn -0.43209061 -0.08501679 -0.89781392
vn -0.50561798 0.12786292 -0.85323006
vn -0.35977373 -0.45973426 -0.81191581
vn -0.43031877 -0.29136166 -0.85436183
vn -0.46746063 -0.27044013 -0.84163100
vn -0.57417434 -0.00722238 -0.81870121
vn -0.54769588 0.31518334 -0.77504110
vn -0.59722704 0.25745115 -0.75963068
vn -0.65925384 0.37963209 -0.64904845
vn -0.64002430 0.25635374 -0.72432840
vn -0.48913428 -0.08152242 -0.86839032
vn -0.66136956 0.27745250 -0.69685751
vn -0.69531518 0.39515167 -0.60032654
vn -0.66238987 -0.03679949 -0.74825501
vn -0.56991535 0.24973807 -0.78283292
vn -0.55527520 0.21240024 -0.80408680
vn -0.18356964 0.84292132 -0.50575286
vn -0.18490015 0.91906208 -0.34804717
vn -0.40733805 0.89614356 -0.17607512
vn -0.81321895 0.53426582 -0.23072714
vn -0.92744464 0.36112884 -0.09712168
vn -0.81833786 0.56589335 -0.10043842
vn -0.95224684 0.06560358 -0.29819825
vn -0.90820509 0.30987215 -0.28132337
vn -0.75934553 0.57033443 -0.31322995
vn -0.56626666 -0.39149299 -0.72531050
vn -0.60729504 -0.11732779 -0.78576523
vn -0.12022594 -0.65372825 -0.74711794
vn -0.02289162 -0.69246954 -0.72108388
vn -0.37443700 -0.60648245 -0.70141000
vn 0.28820226 -0.67115611 -0.68300003
vn -0.12012567 0.10010456 -0.98769879
vn -0.92832661 -0.00000002 0.37176561
vn -0.85749286 -0.00000001 0.51449585
vn -0.80952984 0.45686337 0.36869684
vn -0.86184984 0.44074345 0.25091842
vn -0.91538471 -0.39465693 -0.07947937
vn -0.82729071 -0.47638339 0.29773974
vn -0.99975181 -0.00000004 -0.02227846
vn -0.93203592 0.34883213 -0.09810895
vn -0.74161619 -0.48400217 0.46448609
vn -0.61090672 0.79159743 0.01290653
vn -0.53797597 0.83425266 0.12084971
vn -0.58947015 0.67630523 -0.44174221
vn -0.19450091 -0.58237171 -0.78931153
vn -0.09197025 -0.68002206 -0.72740054
vn -0.28209999 -0.57105249 -0.77092069
vn -0.53339660 0.00315613 -0.84585941
vn -0.38043702 -0.53935367 -0.75124252
vn 0.37772283 -0.81890315 -0.43211499
vn -0.70612574 -0.65568823 -0.26731890
vn -0.57744277 -0.81413317 0.06121313
vn -0.45227987 -0.85856533 0.24147159
vn -0.20511743 -0.94814497 -0.24279201
vn -0.42903808 -0.73962998 -0.51853055
vn -0.21035038 -0.67749202 -0.70481020
vn -0.30526537 -0.54008478 -0.78429687
vn 0.23938622 -0.94899529 -0.20518816
vn -0.73889750 0.61389595 -0.27778092
vn -0.23506503 0.92976582 -0.28333721
vn -0.46549612 0.71448231 -0.52232987
vn -0.25037041 -0.72233289 -0.64463162
vn -0.31683618 -0.60055351 -0.73413235
vn -0.41849336 -0.06723091 -0.90572804
vn -0.04635936 -0.99672699 -0.06622765
vn -0.23467425 -0.60268599 -0.76269102
vn -0.46295047 0.61278486 -0.64044654
vn 0.08507685 -0.98843265 0.12555026
vn -0.10885462 0.02528228 -0.99373615
vn -0.09276286 -0.94939947 -0.30005944
vn -0.33540449 -0.54859674 -0.76586258
vn 0.19944124 -0.97346848 0.11217114
vn -0.00358992 -0.96010554 -0.27961525
vn -0.43015370 -0.79786569 -0.42234835
vn -0.02206556 0.00678932 -0.99973357
vn -0.05935905 0.01780763 -0.99807787
vn 0.38929668 -0.91929978 0.05775838
vn 0.21419182 0.86200047 -0.45943129
vn 0.31918216 0.81722289 -0.47986403
vn 0.19066392 -0.91457915 -0.35664028
vn -0.05673882 0.90420395 -0.42331544
vn -0.05285915 -0.99677312 -0.06041044
vn -0.31061691 -0.54081637 -0.78168720
vn -0.33654857 -0.44169933 -0.83164716
vn -0.19910741 -0.49471894 -0.84593701
vn -0.24453394 -0.40004516 -0.88327062
vn 0.33013174 -0.82976890 -0.44999626
vn -0.09117762 -0.42574325 -0.90023851
vn -0.13047607 -0.31336072 -0.94062805
vn -0.38512105 -0.40530205 -0.82910317
vn -0.36837950 -0.40979493 -0.83448470
vn -0.51034302 0.10408304 -0.85364920
vn -0.36996999 -0.24566530 -0.89597476
vn -0.26557818 -0.39628586 -0.87887752
vn 0.30784458 -0.87097496 -0.38292864
vn 0.15858959 -0.82216197 -0.54671675
vn -0.12816590 -0.64901000 -0.74990642
vn -0.67795217 0.73206097 -0.06684029
vn 0.03809771 -0.43268234 -0.90074116
vn 0.39133871 -0.50705731 -0.76794988
vn 0.56763637 -0.51844126 -0.63953710
vn -0.57499510 0.31857008 -0.75358725
vn -0.48156145 0.28383410 -0.82917839
vn -0.54773504 0.31672728 -0.77438372
vn -0.57076126 0.35390195 -0.74093521
vn -0.52029991 0.37586868 -0.76681858
vn -0.34765154 0.31102589 -0.88453448
vn -0.14487076 -0.08806527 -0.98552370
vn -0.07400519 -0.28962141 -0.95427603
vn -0.03165545 -0.15918112 -0.98674178
vn 0.06113632 -0.11435796 -0.99155676
vn 0.04678907 0.01194614 -0.99883336
vn -0.15887472 0.33456311 -0.92888451
vn -0.47513846 -0.52553195 -0.70573342
vn -0.61469108 -0.32704863 -0.71777022
vn 0.52178496 -0.85253024 -0.03054037
vn -0.40550864 -0.19693725 -0.89262450
vn 0.63395089 -0.76823813 -0.08897561
vn 0.00743620 -0.33788711 -0.94115728
vn 0.17648181 -0.37332717 -0.91075850
vn -0.07618438 -0.14281565 -0.98681289
vn -0.20682654 -0.06911977 -0.97593302
vn 0.12401511 -0.22563887 -0.96628535
vn 0.10806270 -0.01696858 -0.99399936
vn 0.02314329 -0.07861420 -0.99663645
vn 0.81937492 -0.56028903 -0.12124715
vn 0.97473031 -0.01788493 -0.22266789
vn 0.25228345 -0.03943419 -0.96684957
vn 0.04241117 0.04412832 -0.99812526
vn 0.85472494 0.01928716 -0.51872277
vn 0.97271478 0.06009052 -0.22408760
vn 0.82292330 0.10384885 -0.55858099
vn 0.55383819 -0.74067515 -0.38034672
vn 0.88527650 -0.42366797 0.19180979
vn 0.36992019 0.08206421 -0.92543209
vn 0.91664261 -0.27588269 -0.28923202
vn 0.50133795 0.06256012 -0.86298710
vn 0.08371519 -0.99641442 -0.01225096
vn 0.71474171 -0.38949397 0.58089477
vn -0.13668692 0.97527921 -0.17362928
vn -0.40710083 0.90664583 -0.11073535
vn -0.34870929 0.93100446 -0.10785428
vn -0.15876785 0.63233346 -0.75825274
vn 0.14399807 0.80021846 -0.58216411
vn 0.23166965 0.83256316 -0.50315785
vn -0.35143787 -0.92133725 -0.16622055
vn 0.10792965 -0.03597663 -0.99350744
vn 0.07121644 0.36430013 -0.92855459
vn 0.49321827 0.00416216 -0.86989576
vn 0.39246836 0.47614196 -0.78692925
vn -0.23819050 -0.62295961 -0.74510843
vn -0.26222438 -0.75598717 -0.59976828
vn 0.48686579 0.49737379 -0.71803969
vn 0.64033443 0.02546784 -0.76767385
vn -0.85852653 0.47799036 -0.18562724
vn -0.54532671 0.37162992 -0.75133878
vn -0.84962481 -0.28080824 -0.44641289
vn -0.55219901 -0.06204488 -0.83140045
vn -0.08600304 -0.25662166 -0.96267796
vn -0.05142662 -0.09216040 -0.99441528
vn -0.31977201 0.30526119 -0.89697349
vn -0.20891802 0.33321077 -0.91941500
vn -0.07932370 -0.15036617 -0.98544294
vn -0.14470968 -0.06859419 -0.98709369
vn -0.40668571 0.91356474 0.00248929
vn -0.60218179 0.70221525 -0.37983003
vn -0.53620148 0.32449949 -0.77922273
vn -0.17468894 -0.16806352 -0.97017449
vn 0.01422525 0.99849498 -0.05296659
vn -0.02334794 0.97042501 0.24027142
vn 0.31840312 0.93792903 -0.13750909
vn 0.43290785 0.80832416 -0.39900264
vn 0.43927523 0.85640216 0.27131695
vn -0.45951420 0.88616633 0.05963163
vn -0.12701912 0.85227114 0.50744462
vn 0.30661613 0.54094636 0.78317535
vn 0.84673107 0.52087301 0.10834144
vn 0.67964774 0.00978658 0.73347342
vn -0.18468982 0.20985520 -0.96013045
vn -0.26574481 0.38040859 -0.88581556
vn -0.06973376 -0.12158690 -0.99012822
vn -0.32662421 0.05768939 -0.94339216
vn -0.34672526 0.67119312 -0.65519571
vn 0.10114335 0.07985007 -0.99166232
vn 0.29806450 -0.45046484 -0.84156942
vn -0.54175419 0.38583991 -0.74674624
vn -0.22977023 -0.11005647 -0.96700227
vn 0.26043588 -0.55640501 -0.78904164
vn -0.34422344 0.77064925 -0.53629285
vn -0.29031152 0.06317402 -0.95484471
vn -0.04747124 0.99493718 -0.08858028
vn 0.70417315 -0.44127357 -0.55625343
vn 0.59319997 -0.69855684 -0.40016517
vn 0.46113342 0.70487529 0.53898692
vn 0.90721822 -0.26731202 -0.32480666
vn -0.10464416 0.99307698 0.05336431
vn 0.33909619 0.70515406 0.62271315
vn 0.76183683 -0.64766157 0.01179384
vn -0.59645671 0.70641977 -0.38106498
vn -0.14840850 0.81737530 0.55666214
vn -0.48382500 0.87356830 0.05283815
vn -0.58948922 0.69613969 -0.40974626
vn -0.52251858 0.41124982 -0.74689215
vn -0.24030627 -0.05729159 -0.96900493
vn 0.26087239 0.50072652 0.82535964
vn 0.62713701 -0.00056206 0.77890879
vn 0.22666299 -0.55400240 -0.80106509
vn 0.55011690 -0.73239619 -0.40120730
vn 0.22477554 0.32644135 -0.91810250
vn 0.04912089 0.44022942 -0.89654082
vn -0.14007473 0.58480656 -0.79898709
vn 0.31008241 0.28075770 -0.90830833
vn 0.40070534 0.64389390 -0.65179449
vn 0.61347032 0.41676858 -0.67078912
vn 0.67896658 0.23141666 -0.69674301
vn 0.08764464 0.81063169 -0.57896000
vn -0.14433801 0.85832006 -0.49239543
vn 0.03606775 0.98038900 -0.19374405
vn -0.27600062 0.67168754 -0.68750238
vn -0.23299666 0.86361474 -0.44708186
vn -0.06309040 0.98478615 -0.16191328
vn 0.33211488 0.12698191 -0.93465251
vn 0.31301418 0.01191921 -0.94967365
vn 0.69533890 0.05365657 -0.71667624
vn 0.69751525 -0.04520113 -0.71514297
vn -0.30371597 0.10793676 -0.94662887
vn 0.27579346 0.04671312 -0.96008122
vn -0.30143866 0.06797899 -0.95105928
vn 0.22535285 0.05877760 -0.97250271
vn 0.66975552 -0.03835648 -0.74159038
vn 0.62274998 -0.00577165 -0.78239959
vn -0.26624903 0.86819565 -0.41874552
vn -0.30325034 0.62688750 -0.71767080
vn 0.16081254 0.98549002 0.05430400
vn 0.16940710 0.97838169 0.11861996
vn -0.09935280 0.98510420 -0.14035226
vn 0.46469450 0.86639404 0.18281306
vn 0.74854982 0.63093597 0.20394357
vn 0.45394373 0.82020706 0.34813136
vn -0.32986280 0.86070013 -0.38779625
vn -0.13236107 0.99087083 -0.02560392
vn 0.11574857 0.95533872 0.27190110
vn 0.67262691 0.52648056 0.51999164
vn 0.32135007 0.79405761 0.51595235
vn -0.36832184 0.55571914 -0.74532902
vn -0.22035526 0.96965593 0.10588195
vn -0.45002675 0.81110191 -0.37361696
vn -0.49047422 0.43422192 -0.75557023
vn -0.38839245 0.04260981 -0.92050838
vn 0.00592715 0.91352034 0.40674990
vn 0.19851214 0.00876301 -0.98005933
vn 0.22961463 0.00513102 -0.97326815
vn 0.59257185 0.03388758 -0.80480456
vn 0.58435541 0.10370661 -0.80484390
vn 0.24018842 0.11499775 -0.96389061
vn 0.12277231 0.10332330 -0.98704177
vn 0.24554199 0.14976743 -0.95774680
vn 0.57319123 0.19425765 -0.79606265
vn 0.56851411 0.33739355 -0.75030494
vn 0.75219125 0.52101004 -0.40343142
vn 0.56441057 0.52618915 -0.63605475
vn 0.46900442 0.70803308 -0.52794319
vn 0.53970802 0.78667063 -0.29977459
vn 0.66593301 0.67615157 -0.31520215
vn 0.44748008 0.56680816 -0.69172984
vn 0.98753613 0.05003520 -0.14922781
vn 0.80875587 -0.44109374 0.38903761
vn 0.65312070 0.04831309 0.75571114
vn -0.09526285 0.98371398 0.15242049
vn -0.29110670 0.79791844 -0.52780968
vn 0.69035834 -0.59119076 0.41701198
vn 0.43560997 -0.83378470 -0.33918592
vn 0.73340040 -0.67813504 0.04750535
vn 0.77538234 -0.45238295 0.44060406
vn -0.11259396 0.83689266 0.53566164
vn 0.54082066 -0.57118750 0.61746085
vn 0.30698112 -0.90624714 0.29065225
vn -0.08128498 -0.99229056 -0.09355439
vn -0.17226581 0.89703196 0.40701154
vn -0.61042261 0.79075545 -0.04571815
vn -0.84242886 0.37359878 -0.38824970
vn 0.29049656 0.57999820 0.76106101
vn 0.55411220 0.01189088 0.83235711
vn -0.78965509 -0.31695881 -0.52533984
vn -0.44147196 -0.81594545 -0.37327698
vn -0.21562041 -0.97619212 0.02360032
vn 0.17555405 -0.88399512 0.43328214
vn 0.44157460 -0.53573370 0.71972305
vn 0.52091491 0.01532108 0.85347110
vn 0.34264478 0.63292021 0.69426697
vn -0.03743335 0.96164966 0.27171439
vn -0.46753433 0.85836369 -0.21124268
vn -0.52728438 -0.79309827 -0.30490404
vn -0.78267312 -0.26377821 -0.56377643
vn -0.74526983 0.40921846 -0.52641547
vn -0.44489026 -0.87701738 0.18142053
vn -0.65890896 -0.71757895 -0.22565365
vn -0.77351350 -0.23754610 -0.58757889
vn -0.64753932 0.39804944 -0.64980727
vn -0.30702636 0.88070858 -0.36067617
vn 0.54658747 0.49857870 0.67280120
vn 0.52936000 0.45088589 0.71866536
vn 0.21800715 0.77546513 0.59255964
vn 0.39456657 0.66022575 0.63907683
vn -0.31471801 0.93864334 0.14107203
vn -0.58992368 0.72766632 -0.34998846
vn -0.64927757 0.30600506 -0.69627547
vn -0.04901641 0.89442486 0.44452399
vn 0.21982218 0.74554056 0.62916410
vn 0.57221419 0.37522468 0.72923070
vn -0.50425595 -0.13595138 -0.85278553
vn 0.50575900 -0.81511027 -0.28249443
vn -0.65413600 0.69129664 -0.30694479
vn -0.36533514 0.92132211 0.13302585
vn -0.05667438 0.89348787 0.44549680
vn -0.72608894 0.25421467 -0.63888162
vn -0.52937484 -0.27648097 -0.80207270
vn 0.26759154 0.71075076 0.65055990
vn 0.64733207 0.25344494 0.71883720
vn -0.03566685 -0.75507134 -0.65467191
vn 0.46083614 -0.85702413 -0.23052055
vn 0.66900611 0.14853697 0.72826344
vn 0.27577558 0.69223779 0.66689932
vn -0.06797908 0.89473903 0.44138542
vn -0.72825146 0.29558197 -0.61828887
vn -0.64293027 0.71160752 -0.28329393
vn -0.38609877 0.91499197 0.11712167
vn 0.21310122 -0.91505271 -0.34244183
vn -0.14626114 0.81483120 0.56094378
vn 0.25751936 0.61425167 0.74590796
vn 0.62694383 0.12173784 0.76949424
vn -0.53016275 -0.31726471 -0.78630179
vn -0.00933057 -0.81757379 -0.57574838
vn -0.55671531 0.81663018 0.15226039
vn -0.74052989 0.59052640 -0.32077092
vn -0.73189348 0.29104847 -0.61613530
vn -0.56049049 -0.26600981 -0.78427625
vn -0.07310914 -0.85011041 -0.52150512
vn 0.60326213 0.15410927 0.78251213
vn 0.27921921 0.49306172 0.82397014
vn -0.20305504 0.64926356 0.73295671
vn -0.87006587 0.29783729 -0.39278308
vn -0.78542143 0.57939482 0.21774937
vn -0.73981506 0.16725375 -0.65169001
vn -0.58097714 -0.16395761 -0.79723489
vn -0.19187351 -0.77841735 -0.59770477
vn -0.90786564 0.32000089 0.27088636
vn -0.90447456 -0.00056202 -0.42652747
vn -0.75734496 -0.09149820 -0.64657319
vn -0.60823554 -0.17868882 -0.77338213
vn -0.20523188 0.47954065 0.85318267
vn -0.94295156 -0.18782376 -0.27489051
vn -0.92264289 0.08646705 0.37583709
vn -0.28492242 0.31539062 0.90517843
vn -0.81925398 -0.29698449 -0.49053356
vn -0.33736926 0.17246558 0.92543918
vn -0.86546558 -0.07656687 0.49508289
vn -0.95372653 -0.28830585 -0.08535450
vn -0.85054350 -0.35440227 -0.38855472
vn 0.71422625 -0.29413587 0.63511020
vn 0.30289489 0.38346159 0.87247455
vn 0.61709261 0.23019165 0.75246829
vn 0.83025599 -0.00027697 0.55738223
vn 0.23499472 0.33359048 0.91295940
vn 0.65688151 0.34016338 0.67290086
vn -0.28296769 -0.45062679 -0.84667867
vn -0.60246289 -0.29772279 -0.74054009
vn -0.14052930 -0.16331270 -0.97651446
vn 0.16289732 0.29690325 0.94091070
vn 0.66155082 0.39862779 0.63517433
vn -0.56856978 -0.29783517 -0.76682633
vn 0.90253776 0.35158694 0.24862100
vn 0.89413309 0.43132284 0.12036034
vn -0.06077142 -0.08576285 -0.99446046
vn -0.52355534 -0.30789265 -0.79441303
vn -0.08763940 -0.08049066 0.99289507
vn -0.55672592 -0.33512926 0.76009512
vn -0.63531047 -0.26397520 0.72573948
vn -0.16784264 -0.00664532 0.98579150
vn -0.81961828 -0.49947450 0.28062627
vn -0.87320971 -0.43063888 0.22815557
vn -0.24591699 0.02505952 0.96896690
vn -0.70231360 -0.22592415 0.67506582
vn -0.90762222 -0.38635716 0.16416533
vn -0.54217899 -0.37617859 0.75135320
vn -0.05447375 -0.10205229 0.99328643
vn -0.79281121 -0.52369767 0.31175497
vn -0.15072966 0.02467307 0.98826706
vn -0.63267225 -0.27158195 0.72523731
vn -0.85331905 -0.42424452 0.30308944
vn 0.43213505 0.19222733 0.88108343
vn 0.34804985 0.24772543 0.90415341
vn 0.23379095 0.26237532 0.93621641
vn 0.45849100 0.20331894 0.86512858
vn 0.73772103 0.41482848 0.53262103
vn 0.78475863 0.37749323 0.49158192
vn 0.79479146 0.42655948 0.43168697
vn -0.80451995 -0.54122257 -0.24459311
vn -0.83297819 -0.46307299 -0.30283815
vn -0.84757203 -0.41431808 -0.33160576
vn -0.52614671 -0.44081289 -0.72722328
vn -0.51653379 -0.35751027 -0.77806121
vn -0.50160521 -0.29772604 -0.81225091
vn -0.03000721 -0.17746381 -0.98366976
vn -0.03695573 -0.14010997 -0.98944604
vn -0.02646868 -0.08972843 -0.99561453
vn -0.80453676 -0.56333202 -0.18808962
vn -0.86591256 -0.46199378 -0.19172169
vn -0.54715341 -0.42549375 -0.72081774
vn 0.89538985 0.44523469 -0.00656086
vn 0.90209013 0.43005857 -0.03582004
vn -0.66583610 -0.57055384 -0.48076063
vn -0.76998621 -0.18685097 0.61008853
vn -0.32384187 0.05671111 0.94441003
vn 0.13685496 0.26109460 0.95556283
vn -0.93270147 -0.35053012 0.08483302
vn -0.86089790 -0.38182861 -0.33624679
vn 0.65626878 0.44136617 0.61197001
vn 0.68740600 0.44580558 0.57335013
vn 0.88299650 0.46775001 0.03907865
vn 0.71784019 0.39125401 0.57586974
vn 0.88129282 0.47243214 0.01144987
vn -0.52411836 -0.27792895 -0.80501896
vn -0.01858266 -0.06251468 -0.99787104
vn 0.62062544 0.37021181 0.69120717
vn 0.62195903 0.38074878 0.68424946
vn 0.62753028 0.37833282 0.68049252
vn -0.64891404 -0.59657460 -0.47223878
vn -0.64983821 -0.54430515 -0.53051132
vn -0.60712034 -0.60287470 -0.51763612
vn -0.64628023 -0.50467205 -0.57238799
vn -0.65630835 -0.49432105 -0.57000536
vn 0.62004787 0.37570310 0.68875819
vn 0.60698730 0.33985656 0.71837592
vn 0.61482930 0.36292768 0.70019174
vn -0.49755257 -0.45657775 0.73754877
vn -0.17273921 -0.72578377 0.66588229
vn -0.48705667 -0.84932029 0.20354618
vn -0.75012255 -0.56862092 0.33761877
vn -0.10053855 -0.77008343 0.62997109
vn -0.66430938 -0.70684141 -0.24303991
vn -0.89488947 -0.44424874 -0.04261365
vn 0.23332854 -0.42808232 0.87309980
vn 0.18314539 -0.36997795 0.91080958
vn -0.20583710 -0.12506562 0.97056162
vn -0.11285821 -0.19750206 0.97378445
vn -0.43035293 -0.54803431 0.71725506
vn -0.09998635 -0.79989171 0.59175670
vn 0.27146491 -0.41624600 0.86778241
vn 0.01967519 0.27654421 0.96079975
vn 0.14035532 0.22662862 0.96381527
vn 0.54772657 0.04037489 0.83568269
vn -0.67224491 -0.67824048 0.29677716
vn -0.35046124 -0.92937148 0.11595518
vn 0.17157297 -0.30458996 0.93690336
vn -0.25919962 -0.69619769 0.66942096
vn -0.50872803 -0.84698296 0.15432325
vn -0.58863193 -0.34873673 0.72931147
vn -0.14024827 -0.01312666 0.99002934
vn -0.81235117 -0.52185863 0.26028675
vn 0.42480761 0.05990880 0.90329933
vn 0.39301845 0.63784951 0.66233259
vn 0.10502162 0.98186892 0.15781023
vn 0.43764028 0.07552662 0.89597249
vn 0.51638269 0.60641861 0.60465312
vn 0.30072945 0.95306951 0.03493314
vn -0.09297377 0.85299647 -0.51356888
vn 0.13421819 0.71297431 0.68822473
vn 0.26917660 0.69928014 0.66223204
vn 0.02021469 0.98462480 0.17350954
vn 0.15909241 0.98124444 0.10885265
vn 0.68027264 0.54212493 0.49328473
vn 0.54538924 0.83356720 -0.08784381
vn 0.37184227 0.30639800 0.87627256
vn 0.61523116 0.60868609 0.50099087
vn 0.42357767 0.90574151 0.01464644
vn -0.81450975 -0.56478721 -0.13262457
vn -0.47747734 -0.80463773 -0.35294998
vn -0.70031136 -0.26742417 -0.66185218
vn -0.90694225 -0.06925400 -0.41552362
vn -0.82274365 -0.16851380 -0.54285908
vn -0.49027961 -0.38895968 -0.77995920
vn -0.69529438 0.45074829 -0.55981398
vn -0.59831882 0.41362026 -0.68624550
vn -0.26256499 0.24556421 -0.93314415
vn -0.58626074 -0.37954456 -0.71571243
vn -0.73773944 -0.26773515 -0.61972445
vn -0.41562527 0.29114500 -0.86167872
vn -0.54737955 0.42913017 -0.71848655
vn -0.36422643 -0.92374986 -0.11842939
vn -0.74408686 -0.10961501 -0.65902901
vn -0.53098899 0.51927257 -0.66963178
vn -0.49462226 0.34768078 -0.79653430
vn -0.31807178 0.88896960 -0.32948965
vn -0.19854861 0.87821466 -0.43510634
vn 0.16410705 0.73848230 -0.65399754
vn 0.01077412 0.83365583 -0.55217922
vn -0.20304221 0.84733677 -0.49070799
vn 0.25494286 0.96585095 0.04621765
vn -0.24446198 0.82962453 -0.50195771
vn 0.59744835 0.64241749 0.47995338
vn -0.22898626 -0.97310889 -0.02498829
vn 0.59246427 -0.31546256 0.74126208
vn 0.60436267 0.65214336 0.45766249
vn 0.22167565 0.97466463 -0.02981265
vn -0.20231038 0.84364116 -0.49733299
vn 0.21192451 0.97262675 -0.09531750
vn -0.67173642 -0.28437358 -0.68403351
vn -0.47732320 0.55330873 -0.68265074
vn -0.22957876 -0.97303993 0.02206647
vn -0.59867746 -0.48013034 -0.64113981
vn -0.41173786 0.52435309 -0.74533612
vn -0.12870997 0.84580767 -0.51772892
vn 0.23088150 0.96368355 -0.13419312
vn 0.55225843 -0.34467489 0.75908488
vn 0.60508680 0.67296022 0.42543453
vn -0.28015876 -0.95902187 0.04228820
vn 0.52139169 -0.33246702 0.78588575
vn 0.59049731 0.68975323 0.41899100
vn 0.23644745 0.96019077 -0.14874987
vn -0.31876647 -0.94626325 0.05453412
vn -0.62487960 -0.51031607 -0.59084940
vn -0.60717702 -0.52010226 -0.60069114
vn 0.47669560 -0.32897991 0.81518924
vn -0.72159529 -0.51760310 -0.45976880
vn -0.71320212 -0.51644886 -0.47394449
vn -0.69496739 -0.50195730 -0.51483899
vn -0.58662987 -0.39062998 -0.70941782
vn 0.61618948 0.35341850 0.70385081
vn 0.61545497 0.35760564 0.70237696
vn 0.61829227 0.37281552 0.69189835
vn 0.62520313 0.42330292 0.65569484
vn -0.71939820 -0.49431667 -0.48797259
vn 0.61464661 0.37185436 0.69565356
vn -0.67349267 -0.49518928 -0.54881257
vn 0.61644703 0.36983192 0.69513845
vn -0.34855893 -0.93321288 0.08729492
vn -0.61594033 -0.52118027 -0.59075260
vn -0.38534069 0.48297611 -0.78628677
vn -0.33097214 0.46314427 -0.82216471
vn -0.39916101 0.49573523 -0.77130866
vn 0.41977674 -0.34512034 0.83945185
vn 0.60408449 0.66084003 0.44539019
vn 0.58746403 0.68312538 0.43385002
vn -0.01662257 0.81168878 -0.58385366
vn -0.07904215 0.82821208 -0.55481273
vn -0.10669087 0.83755648 -0.53583235
vn 0.60297734 0.37244207 0.70548230
vn 0.36263052 -0.34187865 0.86695910
vn 0.61866796 0.63698411 0.45989278
vn -0.37678865 -0.91806012 0.12327158
vn -0.60115606 -0.54677510 -0.58279359
vn -0.27909195 0.42496723 -0.86111003
vn 0.04832062 0.78732914 -0.61463648
vn 0.30165532 0.93431944 -0.18987168
vn 0.35708135 0.91184741 -0.20255172
vn 0.25376332 0.95271403 -0.16715309
vn 0.32306299 -0.30649835 0.89537102
vn -0.42659140 -0.89365739 0.13927138
vn -0.59346884 -0.56042457 -0.57768422
vn -0.22842175 0.37688524 -0.89765316
vn 0.10950739 0.75174958 -0.65029287
vn 0.41430447 0.88468677 -0.21373203
vn 0.63224280 0.61058986 0.47691616
vn 0.29018772 -0.25479883 0.92242551
vn -0.48052481 -0.86659312 0.13458176
vn -0.58976352 -0.53739065 -0.60281867
vn -0.18767115 0.33134791 -0.92465568
vn 0.15602055 0.71327758 -0.68329543
vn 0.46754465 0.85892224 -0.20893741
vn -0.49909219 -0.53038329 0.68527412
vn -0.82120669 -0.57045662 0.01410483
vn 0.15465373 -0.28132224 0.94706917
vn 0.18930252 -0.32113793 0.92791975
vn -0.44733766 -0.59527624 0.66748434
vn -0.74411815 -0.66596884 0.05266603
vn -0.62964296 -0.40039644 -0.66575706
vn -0.55063856 -0.51527637 -0.65672475
vn -0.06724955 -0.11103979 -0.99153805
vn 0.03313500 -0.19218372 -0.98079944
vn 0.73581350 0.00146583 0.67718273
vn 0.97723842 0.20737518 -0.04472811
vn 0.68634146 0.17266455 -0.70648593
vn 0.74276620 -0.04045561 0.66832757
vn 0.98799020 0.14879376 -0.04166238
vn 0.73130882 0.10817277 -0.67341375
vn -0.76651877 0.00207167 0.64221859
vn -0.20478439 0.20478454 0.95714504
vn -0.74904436 -0.41328943 0.51780736
vn -0.55648232 -0.40378913 0.72614181
vn 0.04445393 -0.10600517 0.99337143
vn -0.84774619 -0.52432865 0.08003783
vn -0.38790625 -0.62735468 0.67524439
vn 0.19083227 -0.33705413 0.92194229
vn -0.67780864 -0.73131990 0.07580767
vn 0.64389652 0.24390024 0.72519648
vn -0.72682375 -0.46976852 0.50104374
vn 0.74234837 -0.02043154 0.66970247
vn 0.88883340 0.45693550 0.03442651
vn 0.98616606 0.16542144 0.01060380
vn -0.49772081 -0.58476609 -0.64056432
vn -0.64479363 -0.36003709 -0.67425108
vn -0.21602558 0.37753975 -0.90044248
vn 0.28959760 0.73987550 -0.60722119
vn 0.55684322 0.43183187 -0.70954001
vn 0.59091246 0.38621619 -0.70827937
vn 0.10088969 -0.22371224 -0.96941948
vn -0.03444716 0.02974966 -0.99896365
vn 0.59922087 0.37312967 -0.70831400
vn 0.72580540 0.09550073 -0.68123865
vn -0.39851639 -0.79369253 0.45960513
vn -0.24215090 -0.56632936 0.78780323
vn 0.09587980 -0.02347218 0.99511617
vn 0.36681631 0.45536020 0.81122929
vn -0.45898408 -0.88844460 0.00000010
vn -0.39968789 -0.79565668 -0.45517054
vn -0.20027903 -0.53563136 0.82035816
vn -0.35459036 -0.80680758 0.47257507
vn -0.40857998 -0.91272253 0.00000009
vn -0.35576466 -0.80920249 -0.46757114
vn 0.10435667 0.01437696 0.99443603
vn 0.34650934 0.47967798 0.80612689
vn -0.30156016 -0.83379620 0.46243417
vn -0.15549046 -0.51496100 0.84299350
vn 0.10209064 0.04580512 0.99372000
vn -0.34526640 -0.93850482 0.00000009
vn -0.30262581 -0.83646435 -0.45688644
vn 0.30829248 0.51720738 0.79840612
vn -0.24047078 -0.86356604 0.44320142
vn -0.10912494 -0.50866950 0.85401833
vn 0.10133834 0.06911303 0.99244845
vn -0.27609470 -0.96113044 0.00000008
vn -0.24141496 -0.86643636 -0.43704325
vn 0.27004188 0.55140966 0.78931916
vn -0.20392543 -0.97898644 0.00000007
vn -0.17335024 -0.88587224 0.43032551
vn -0.05939593 -0.51372516 0.85589647
vn 0.11404562 0.08588468 0.98975629
vn -0.17422287 -0.88911462 -0.42322758
vn -0.13551454 -0.99077535 0.00000006
vn 0.14371920 0.09752172 0.98480171
vn 0.26005784 0.63025582 0.73153782
vn 0.25374344 0.57949501 0.77446741
vn -0.04850608 -0.99882299 0.00000005
vn 0.06579810 -0.69638419 0.71464658
vn 0.18496811 0.00178718 0.98274291
vn 0.26089177 0.70489806 0.65958643
vn 0.02431218 -0.99970442 0.00000004
vn 0.06434922 -0.71230716 -0.69891191
vn 0.14088979 0.99002528 -0.00000006
vn 0.42252257 0.90635240 -0.00000010
vn 0.30612782 0.95199043 -0.00000008
vn 0.26370540 0.71944505 -0.64254057
vn 0.16266112 -0.68039125 0.71456915
vn 0.13547046 -0.99078137 0.00000003
vn 0.16232614 -0.70888525 -0.68639052
vn 0.26694399 0.05898482 0.96190536
vn 0.30429763 0.72019571 0.62347507
vn 0.33928767 0.94068277 -0.00000009
vn 0.30917457 0.74357569 -0.59287971
vn -0.17076446 0.27521643 0.94609481
vn -0.58466327 -0.53498006 0.60988963
vn -0.58133435 -0.54781294 0.60162389
vn -0.16257606 0.20860507 0.96439254
vn -0.52500880 -0.84460104 -0.10495179
vn -0.55754942 -0.82604563 -0.08238476
vn -0.14950635 0.12659967 0.98062253
vn -0.57859468 -0.56823736 0.58509368
vn -0.58720690 -0.80544692 -0.08026982
vn 0.23934683 -0.22996083 -0.94330865
vn 0.21619719 -0.19282907 -0.95711845
vn 0.19593388 -0.14543559 -0.96977234
vn 0.19369711 0.68018234 0.70698905
vn 0.50703388 0.83874881 0.19853790
vn 0.62115961 0.55328220 -0.55501318
vn 0.63268268 0.58797675 -0.50398016
vn 0.23082815 0.64691955 0.72678298
vn 0.54471296 0.81768292 0.18623284
vn 0.61068404 0.51965874 -0.59751141
vn 0.28894150 0.60544443 0.74158603
vn 0.59934998 0.78314066 0.16574235
vn 0.60363168 0.48648539 -0.63163352
vn -0.72586071 -0.48267898 0.49004823
vn 0.60399896 0.38278621 -0.69904226
vn -0.62546688 -0.77613211 -0.08006352
vn -0.67786604 -0.73400831 -0.04158675
vn -0.58335990 -0.56775701 0.58081263
vn -0.57558405 -0.56993657 0.58640879
vn -0.12563534 0.05634818 0.99047506
vn -0.08973179 -0.00148559 0.99596494
vn -0.77100831 -0.63682109 -0.00227423
vn -0.65422517 -0.50982118 0.55863392
vn -0.11601323 0.01856217 0.99307430
vn 0.17408219 -0.09405866 -0.98022872
vn 0.15437214 -0.00771865 -0.98798263
vn 0.08051770 0.13680211 -0.98732066
vn 0.35239196 0.56184125 0.74843460
vn 0.58868414 0.46012834 -0.66462988
vn 0.64895463 0.74784648 0.13994122
vn 0.42087114 0.50400275 0.75422060
vn 0.69740623 0.70809668 0.11056086
vn 0.55786455 0.44678405 -0.69940782
vn 0.41950482 0.51403236 0.74818879
vn 0.68048090 0.72632658 0.09693076
vn 0.48347497 0.51710808 -0.70629406
vn 0.16198947 -0.24377032 0.95620888
vn -0.37279180 -0.71883643 0.58677125
vn -0.53715640 -0.83898717 -0.08696808
vn -0.43847945 -0.50425130 -0.74395323
vn -0.30616421 -0.62307096 -0.71975422
vn 0.12664220 -0.02694521 -0.99158251
vn 0.19788930 -0.13416234 -0.97099972
vn 0.64799553 0.23811887 0.72346473
vn -0.76240516 -0.30859259 0.56877857
vn -0.89324659 -0.44333127 -0.07461996
vn -0.66479927 -0.73735350 -0.11979873
vn -0.52113748 -0.60940844 0.59752589
vn -0.01478832 -0.12159394 0.99246985
vn -0.26644990 0.12829079 0.95527273
vn -0.42312151 -0.50184172 -0.75440246
vn -0.29032063 -0.77337551 0.56356394
vn -0.42197105 -0.89971995 -0.11155549
vn -0.19504380 -0.68626505 -0.70071262
vn 0.17496100 -0.30198723 0.93711919
vn 0.26494893 0.63911337 0.72203618
vn 0.53062278 0.40520290 0.74447972
vn 0.67796743 0.21457559 0.70307720
vn 0.66313708 0.22829314 0.71283340
vn 0.29711947 -0.23721647 -0.92490453
vn 0.49757662 0.86399293 0.07703059
vn 0.77019525 0.63120037 0.09157297
vn 0.90601063 0.41245499 0.09500354
vn 0.29596150 0.72231191 -0.62503791
vn -0.14094375 0.25908750 -0.95551479
vn 0.60011619 0.46525872 -0.65068799
vn 0.08515728 -0.01928096 -0.99618095
vn 0.70348412 0.31378433 -0.63769084
vn 0.76862764 0.21822238 -0.60132402
vn 0.88462418 0.45857361 0.08455952
vn -0.24215111 -0.56632948 -0.78780311
vn 0.09587954 -0.02347227 -0.99511617
vn 0.36681610 0.45536014 -0.81122941
vn -0.20027922 -0.53563142 -0.82035804
vn 0.10435642 0.01437687 -0.99443614
vn 0.34650910 0.47967786 -0.80612689
vn -0.15549067 -0.51496106 -0.84299338
vn 0.10209038 0.04580503 -0.99372000
vn 0.30829227 0.51720726 -0.79840624
vn -0.10912514 -0.50866956 -0.85401821
vn 0.10133810 0.06911295 -0.99244857
vn 0.27004170 0.55140960 -0.78931940
vn -0.62964284 -0.40039644 0.66575724
vn -0.82120669 -0.57045662 -0.01410456
vn -0.06724930 -0.11103972 0.99153817
vn -0.74411821 -0.66596884 -0.05266577
vn -0.55063844 -0.51527643 0.65672493
vn 0.02518491 -0.19476219 0.98052710
vn -0.49909231 -0.53038335 -0.68527395
vn -0.44733784 -0.59527624 -0.66748422
vn 0.14906642 -0.28544658 -0.94673103
vn 0.19098170 -0.32891315 -0.92484707
vn 0.68634170 0.17266463 0.70648575
vn 0.73109007 0.11115079 0.67316628
vn 0.98154998 0.19041002 -0.01743203
vn 0.73581332 0.00146577 -0.67718291
vn 0.99097490 0.13391557 -0.00595194
vn 0.74515873 -0.04967725 -0.66503435
vn -0.49772063 -0.58476609 0.64056444
vn -0.65514040 -0.34309104 0.67311198
vn -0.84909052 -0.52200902 -0.08094429
vn -0.67780864 -0.73131984 -0.07580742
vn 0.09716542 -0.22524676 0.96944457
vn -0.04812201 0.03725589 0.99814641
vn -0.23584960 0.36889318 0.89905107
vn 0.60417908 0.36374050 0.70898557
vn 0.28959781 0.73987556 0.60722101
vn 0.55994010 0.43714622 0.70382547
vn -0.76651901 0.00207161 -0.64221841
vn -0.55648243 -0.40378913 -0.72614163
vn -0.38790637 -0.62735462 -0.67524421
vn -0.74904448 -0.41328949 -0.51780713
vn -0.72682387 -0.46976858 -0.50104350
vn -0.20478465 0.20478445 -0.95714504
vn 0.59706283 0.39072633 0.70060611
vn 0.72580564 0.09550080 0.68123847
vn 0.89232707 0.45079502 -0.02315741
vn 0.98632801 0.16474006 -0.00422424
vn 0.19083203 -0.33705419 -0.92194229
vn 0.74234825 -0.02043160 -0.66970271
vn 0.64389640 0.24390021 -0.72519666
vn 0.04445367 -0.10600526 -0.99337143
vn -0.05939614 -0.51372522 -0.85589635
vn 0.11404536 0.08588459 -0.98975629
vn 0.14371894 0.09752163 -0.98480171
vn 0.25374326 0.57949495 -0.77446765
vn 0.18496786 0.00178710 -0.98274302
vn 0.26694372 0.05898473 -0.96190536
vn 0.60871345 0.38972071 0.69107574
vn -0.72191745 -0.48057956 -0.49787396
vn -0.51958567 -0.84522414 0.12500763
vn 0.25427911 -0.20494936 0.94516563
vn 0.63463324 0.57951903 0.51127130
vn 0.62123430 0.55329263 0.55491912
vn 0.51026255 0.83797348 -0.19347554
vn -0.54946065 -0.82833588 0.10932919
vn -0.58329576 -0.80709583 0.09144737
vn 0.22498392 -0.17761002 0.95803809
vn 0.19801086 -0.14734738 0.96906167
vn -0.58279943 -0.52276379 -0.62214375
vn -0.57636672 -0.53788227 -0.61521065
vn -0.57287341 -0.55912441 -0.59932959
vn -0.17027535 0.27556905 -0.94608033
vn -0.16389956 0.20595063 -0.96473897
vn -0.15038757 0.12543832 -0.98063695
vn 0.19498499 0.68082023 -0.70602030
vn 0.61235750 0.52973539 0.58685493
vn 0.54716229 0.81689548 -0.18247029
vn 0.23807409 0.65177900 -0.72007281
vn 0.60639429 0.48817104 0.62767434
vn 0.59899706 0.78343105 -0.16564497
vn 0.30095908 0.61557013 -0.72835237
vn 0.17353791 -0.09376435 0.98035347
vn 0.15060489 -0.00421267 0.98858505
vn 0.08051796 0.13680220 0.98732066
vn -0.62579054 -0.77586377 0.08013628
vn -0.67786598 -0.73400831 0.04158700
vn -0.77100831 -0.63682109 0.00227449
vn -0.57259190 -0.56423807 -0.59478897
vn -0.58690268 -0.57027107 -0.57474875
vn -0.66109037 -0.51731521 -0.54345608
vn -0.13553475 0.04795835 -0.98961121
vn -0.11169642 -0.02423046 -0.99344695
vn -0.13363470 -0.00595406 -0.99101281
vn 0.59327805 0.46511421 0.65703118
vn 0.35856465 0.57152927 -0.73809606
vn 0.64808363 0.74902385 -0.13766254
vn 0.57147747 0.46983990 0.67280310
vn 0.69497854 0.71103340 -0.10694084
vn 0.41716161 0.50065082 -0.75850177
vn 0.49646330 0.53766060 0.68150222
vn 0.67886031 0.72826701 -0.09368028
vn 0.40804768 0.49837413 -0.76493174
vn -0.42931014 -0.48881862 0.75944000
vn 0.12664245 -0.02694513 0.99158239
vn -0.54794103 -0.83205873 0.08625010
vn -0.30747756 -0.60796714 0.73200655
vn 0.19788952 -0.13416223 0.97099960
vn -0.37225482 -0.70515215 -0.60347897
vn 0.16198923 -0.24377044 -0.95620900
vn 0.64799541 0.23811884 -0.72346491
vn -0.42312136 -0.50184166 0.75440270
vn 0.08515754 -0.01928088 0.99618095
vn -0.14094351 0.25908759 0.95551491
vn -0.66479927 -0.73735356 0.11979899
vn -0.89324647 -0.44333121 0.07462024
vn -0.19504365 -0.68626499 0.70071280
vn 0.29711974 -0.23721641 0.92490453
vn -0.42197102 -0.89971995 0.11155567
vn 0.60011637 0.46525878 0.65068787
vn 0.76862776 0.21822244 0.60132378
vn 0.70348430 0.31378439 0.63769060
vn 0.29596171 0.72231197 0.62503773
vn 0.49757659 0.86399293 -0.07703080
vn 0.77019519 0.63120037 -0.09157324
vn -0.76260167 -0.31449613 -0.56527060
vn -0.52113765 -0.60940844 -0.59752578
vn -0.29032081 -0.77337563 -0.56356376
vn -0.26970086 0.13082492 -0.95401597
vn -0.01478858 -0.12159403 -0.99246985
vn 0.17496078 -0.30198732 -0.93711931
vn 0.25473246 0.64396387 -0.72140270
vn 0.53062266 0.40520290 -0.74447989
vn 0.67796731 0.21457556 -0.70307738
vn 0.66313696 0.22829311 -0.71283358
vn 0.90601057 0.41245499 -0.09500381
vn 0.88462424 0.45857367 -0.08455981

# Mesh 'f4140cb5_80ce_4f99_955b_cb3de9e38655' with 1371 faces
g f4140cb5_80ce_4f99_955b_cb3de9e38655
usemtl f4140cb5_80ce_4f99_955b_cb3de9e38655
f  1//1 2//2 3//3
f  4//4 5//5 6//6
f  4//4 6//6 7//7
f  8//8 9//9 10//10
f  11//11 12//12 13//13
f  13//13 14//14 11//11
f  15//15 16//16 17//17
f  18//18 19//19 20//20
f  21//21 22//22 23//23
f  23//23 24//24 21//21
f  22//22 25//25 23//23
f  26//26 27//27 28//28
f  29//29 27//27 26//26
f  30//30 31//31 32//32
f  33//33 34//34 35//35
f  36//36 37//37 38//38
f  39//39 40//40 41//41
f  42//42 43//43 44//44
f  44//44 45//45 42//42
f  43//43 42//42 46//46
f  43//43 46//46 47//47
f  48//48 47//47 46//46
f  49//49 50//50 51//51
f  51//51 52//52 49//49
f  53//53 54//54 55//55
f  54//54 50//50 55//55
f  56//56 57//57 58//58
f  56//56 59//59 57//57
f  59//59 56//56 60//60
f  59//59 60//60 61//61
f  62//62 63//63 64//64
f  53//53 55//55 65//65
f  66//66 49//49 52//52
f  49//49 55//55 50//50
f  67//67 65//65 55//55
f  55//55 49//49 67//67
f  49//49 66//66 67//67
f  68//68 69//69 70//70
f  68//68 70//70 71//71
f  72//72 73//73 74//74
f  60//60 75//75 76//76
f  76//76 61//61 60//60
f  77//77 76//76 75//75
f  78//78 79//79 80//80
f  81//81 82//82 83//83
f  84//84 85//85 81//81
f  83//83 84//84 81//81
f  82//82 50//50 83//83
f  79//79 78//78 86//86
f  86//86 87//87 79//79
f  84//84 83//83 88//88
f  50//50 89//89 83//83
f  89//89 90//90 83//83
f  83//83 91//91 92//92
f  93//93 88//88 83//83
f  92//92 93//93 83//83
f  94//94 88//88 95//95
f  96//96 97//97 98//98
f  99//99 100//100 101//101
f  96//96 102//102 97//97
f  103//103 92//92 104//104
f  105//105 106//106 107//107
f  108//108 109//109 110//110
f  110//110 111//111 112//112
f  113//113 111//111 114//114
f  113//113 112//112 111//111
f  115//115 116//116 117//117
f  118//118 115//115 119//119
f  120//120 118//118 121//121
f  118//118 119//119 121//121
f  122//122 123//123 124//124
f  122//122 124//124 125//125
f  122//122 125//125 126//126
f  127//127 128//128 129//129
f  130//130 131//131 132//132
f  133//133 134//134 135//135
f  136//136 137//137 138//138
f  139//139 140//140 141//141
f  142//142 143//143 144//144
f  145//145 146//146 143//143
f  147//147 148//148 149//149
f  150//150 151//151 152//152
f  153//153 154//154 152//152
f  155//155 156//156 157//157
f  158//158 159//159 160//160
f  161//161 162//162 163//163
f  164//164 165//165 166//166
f  167//167 168//168 169//169
f  170//170 171//171 172//172
f  171//171 173//173 174//174
f  175//175 173//173 171//171
f  176//176 177//177 178//178
f  176//176 178//178 179//179
f  180//180 181//181 182//182
f  183//183 184//184 185//185
f  186//186 187//187 188//188
f  187//187 186//186 189//189
f  190//190 191//191 192//192
f  190//190 192//192 193//193
f  194//194 195//195 196//196
f  197//197 198//198 199//199
f  200//200 198//198 197//197
f  201//201 202//202 203//203
f  204//204 205//205 206//206
f  207//207 208//208 209//209
f  210//210 211//211 212//212
f  213//213 214//214 215//215
f  214//214 216//216 215//215
f  217//217 216//216 214//214
f  199//199 218//218 197//197
f  219//219 220//220 221//221
f  222//222 223//223 224//224
f  224//224 225//225 222//222
f  226//226 227//227 228//228
f  229//229 227//227 226//226
f  230//230 231//231 232//232
f  233//233 232//232 231//231
f  234//234 231//231 230//230
f  233//233 231//231 227//227
f  227//227 231//231 235//235
f  227//227 229//229 233//233
f  235//235 228//228 227//227
f  231//231 234//234 235//235
f  236//236 233//233 237//237
f  233//233 238//238 237//237
f  239//239 240//240 241//241
f  223//223 236//236 237//237
f  237//237 242//242 243//243
f  242//242 237//237 244//244
f  238//238 245//245 237//237
f  237//237 246//246 247//247
f  237//237 247//247 244//244
f  248//248 249//249 242//242
f  250//250 251//251 252//252
f  250//250 253//253 251//251
f  216//216 217//217 254//254
f  255//255 254//254 217//217
f  256//256 255//255 217//217
f  255//255 256//256 257//257
f  258//258 259//259 260//260
f  260//260 261//261 258//258
f  262//262 263//263 264//264
f  265//265 266//266 267//267
f  267//267 268//268 265//265
f  268//268 267//267 269//269
f  269//269 270//270 268//268
f  270//270 269//269 271//271
f  272//272 271//271 269//269
f  273//273 274//274 275//275
f  271//271 272//272 276//276
f  277//277 278//278 247//247
f  279//279 280//280 281//281
f  282//282 283//283 284//284
f  285//285 286//286 287//287
f  288//288 289//289 286//286
f  286//286 285//285 290//290
f  290//290 291//291 286//286
f  286//286 291//291 288//288
f  290//290 285//285 292//292
f  293//293 294//294 295//295
f  296//296 295//295 294//294
f  289//289 288//288 297//297
f  289//289 297//297 298//298
f  299//299 290//290 292//292
f  300//300 298//298 301//301
f  302//302 284//284 303//303
f  304//304 305//305 306//306
f  307//307 305//305 304//304
f  304//304 306//306 308//308
f  304//304 280//280 307//307
f  309//309 310//310 311//311
f  312//312 313//313 314//314
f  279//279 301//301 280//280
f  313//313 315//315 314//314
f  316//316 315//315 313//313
f  317//317 315//315 316//316
f  318//318 317//317 316//316
f  313//313 319//319 316//316
f  318//318 316//316 320//320
f  321//321 322//322 323//323
f  324//324 322//322 321//321
f  325//325 326//326 327//327
f  328//328 326//326 325//325
f  329//329 322//322 330//330
f  323//323 322//322 329//329
f  324//324 330//330 322//322
f  331//331 332//332 323//323
f  329//329 333//333 323//323
f  323//323 333//333 331//331
f  328//328 323//323 332//332
f  307//307 334//334 305//305
f  334//334 307//307 335//335
f  336//336 334//334 335//335
f  337//337 338//338 339//339
f  340//340 341//341 292//292
f  342//342 326//326 343//343
f  344//344 345//345 346//346
f  346//346 345//345 347//347
f  348//348 349//349 350//350
f  349//349 348//348 344//344
f  351//351 352//352 353//353
f  347//347 353//353 352//352
f  354//354 326//326 345//345
f  345//345 326//326 355//355
f  344//344 354//354 345//345
f  345//345 355//355 347//347
f  344//344 348//348 354//354
f  355//355 353//353 347//347
f  356//356 284//284 283//283
f  284//284 356//356 303//303
f  326//326 328//328 355//355
f  320//320 357//357 318//318
f  328//328 332//332 358//358
f  359//359 354//354 348//348
f  354//354 359//359 360//360
f  353//353 355//355 361//361
f  362//362 361//361 355//355
f  363//363 364//364 365//365
f  363//363 365//365 366//366
f  367//367 365//365 364//364
f  365//365 367//367 366//366
f  368//368 369//369 370//370
f  370//370 369//369 371//371
f  372//372 373//373 374//374
f  374//374 375//375 372//372
f  373//373 372//372 376//376
f  373//373 376//376 377//377
f  376//376 372//372 375//375
f  378//378 376//376 375//375
f  379//379 380//380 381//381
f  382//382 383//383 384//384
f  383//383 382//382 385//385
f  386//386 387//387 388//388
f  387//387 386//386 389//389
f  390//390 389//389 386//386
f  391//391 390//390 386//386
f  392//392 393//393 394//394
f  395//395 396//396 392//392
f  394//394 395//395 392//392
f  397//397 396//396 398//398
f  395//395 398//398 396//396
f  395//395 399//399 398//398
f  395//395 394//394 400//400
f  401//401 402//402 403//403
f  404//404 405//405 406//406
f  407//407 403//403 402//402
f  403//403 407//407 408//408
f  409//409 410//410 411//411
f  411//411 412//412 409//409
f  413//413 414//414 415//415
f  414//414 410//410 416//416
f  414//414 416//416 417//417
f  414//414 417//417 415//415
f  415//415 409//409 412//412
f  415//415 417//417 409//409
f  410//410 409//409 418//418
f  410//410 418//418 419//419
f  420//420 421//421 410//410
f  410//410 421//421 416//416
f  410//410 419//419 420//420
f  417//417 416//416 421//421
f  417//417 418//418 409//409
f  417//417 419//419 418//418
f  421//421 420//420 417//417
f  417//417 420//420 419//419
f  422//422 423//423 424//424
f  425//425 426//426 427//427
f  428//428 429//429 430//430
f  426//426 425//425 431//431
f  432//432 433//433 429//429
f  434//434 435//435 436//436
f  435//435 434//434 437//437
f  438//438 439//439 440//440
f  441//441 442//442 443//443
f  444//444 438//438 445//445
f  446//446 443//443 442//442
f  447//447 448//448 449//449
f  450//450 451//451 452//452
f  453//453 452//452 454//454
f  455//455 456//456 457//457
f  457//457 458//458 455//455
f  459//459 460//460 461//461
f  462//462 463//463 464//464
f  463//463 465//465 466//466
f  467//467 468//468 469//469
f  470//470 469//469 468//468
f  467//467 469//469 471//471
f  469//469 470//470 471//471
f  457//457 456//456 472//472
f  473//473 474//474 475//475
f  476//476 473//473 477//477
f  476//476 478//478 473//473
f  478//478 476//476 479//479
f  480//480 481//481 482//482
f  480//480 483//483 481//481
f  483//483 480//480 484//484
f  485//485 486//486 487//487
f  488//488 489//489 490//490
f  491//491 492//492 493//493
f  494//494 495//495 496//496
f  494//494 493//493 492//492
f  492//492 497//497 494//494
f  498//498 499//499 500//500
f  500//500 501//501 498//498
f  498//498 502//502 499//499
f  503//503 504//504 505//505
f  505//505 506//506 503//503
f  507//507 508//508 509//509
f  510//510 511//511 512//512
f  513//513 514//514 515//515
f  516//516 517//517 518//518
f  518//518 519//519 516//516
f  518//518 520//520 516//516
f  520//520 518//518 521//521
f  518//518 522//522 521//521
f  521//521 523//523 518//518
f  524//524 525//525 526//526
f  525//525 527//527 526//526
f  479//479 528//528 478//478
f  528//528 479//479 529//529
f  530//530 529//529 479//479
f  531//531 532//532 533//533
f  534//534 535//535 536//536
f  534//534 537//537 538//538
f  539//539 540//540 541//541
f  540//540 542//542 541//541
f  543//543 541//541 542//542
f  530//530 544//544 529//529
f  522//522 545//545 546//546
f  547//547 543//543 542//542
f  543//543 547//547 548//548
f  549//549 550//550 551//551
f  552//552 553//553 554//554
f  554//554 553//553 555//555
f  553//553 556//556 557//557
f  558//558 556//556 553//553
f  557//557 559//559 553//553
f  553//553 559//559 555//555
f  553//553 560//560 561//561
f  552//552 560//560 553//553
f  553//553 561//561 562//562
f  553//553 562//562 563//563
f  563//563 564//564 553//553
f  553//553 564//564 558//558
f  565//565 566//566 526//526
f  526//526 567//567 565//565
f  526//526 566//566 524//524
f  567//567 526//526 568//568
f  569//569 526//526 527//527
f  570//570 568//568 526//526
f  571//571 570//570 526//526
f  526//526 569//569 572//572
f  526//526 572//572 573//573
f  573//573 571//571 526//526
f  574//574 575//575 576//576
f  576//576 577//577 578//578
f  579//579 580//580 581//581
f  521//521 582//582 583//583
f  584//584 585//585 586//586
f  587//587 588//588 586//586
f  589//589 590//590 591//591
f  592//592 593//593 594//594
f  595//595 596//596 597//597
f  598//598 599//599 600//600
f  601//601 598//598 600//600
f  602//602 603//603 604//604
f  598//598 601//601 605//605
f  606//606 607//607 608//608
f  606//606 608//608 609//609
f  608//608 610//610 609//609
f  609//609 611//611 612//612
f  613//613 614//614 615//615
f  613//613 616//616 617//617
f  615//615 616//616 613//613
f  617//617 618//618 613//613
f  613//613 618//618 611//611
f  619//619 620//620 621//621
f  622//622 621//621 623//623
f  624//624 625//625 626//626
f  627//627 628//628 629//629
f  629//629 630//630 627//627
f  628//628 627//627 631//631
f  632//632 627//627 630//630
f  633//633 631//631 627//627
f  627//627 632//632 633//633
f  618//618 634//634 611//611
f  635//635 612//612 611//611
f  636//636 637//637 638//638
f  639//639 640//640 641//641
f  641//641 642//642 639//639
f  639//639 643//643 640//640
f  643//643 639//639 644//644
f  643//643 644//644 645//645
f  646//646 645//645 647//647
f  648//648 649//649 650//650
f  650//650 651//651 652//652
f  652//652 653//653 650//650
f  652//652 654//654 653//653
f  652//652 655//655 654//654
f  656//656 657//657 655//655
f  651//651 658//658 652//652
f  652//652 658//658 655//655
f  659//659 660//660 661//661
f  662//662 663//663 664//664
f  634//634 615//615 614//614
f  634//634 617//617 616//616
f  616//616 615//615 634//634
f  618//618 617//617 634//634
f  665//665 666//666 667//667
f  668//668 666//666 665//665
f  665//665 667//667 669//669
f  670//670 669//669 667//667
f  671//671 667//667 666//666
f  666//666 668//668 672//672
f  666//666 672//672 673//673
f  666//666 673//673 674//673
f  666//666 674//673 671//671
f  675//674 670//670 667//667
f  676//675 675//674 667//667
f  667//667 671//671 676//675
f  677//676 672//672 668//668
f  678//677 677//676 668//668
f  677//676 673//673 672//672
f  677//676 674//673 673//673
f  677//676 671//671 674//673
f  679//678 676//675 671//671
f  671//671 677//676 679//678
f  680//679 670//670 681//680
f  670//670 675//674 682//681
f  670//670 682//681 683//682
f  670//670 683//682 681//680
f  684//683 682//681 675//674
f  675//674 676//675 679//678
f  675//674 679//678 684//683
f  632//632 685//684 686//685
f  687//686 688//687 689//688
f  690//689 689//688 688//687
f  688//687 691//690 690//689
f  644//644 692//691 693//692
f  644//644 693//692 694//693
f  695//694 696//695 692//691
f  680//679 697//696 696//695
f  698//697 696//695 697//696
f  696//695 698//697 699//698
f  696//695 699//698 692//691
f  700//699 692//691 699//698
f  692//691 700//699 701//700
f  701//700 693//692 692//691
f  693//692 701//700 694//693
f  694//693 700//699 699//698
f  694//693 701//700 700//699
f  699//698 702//701 694//693
f  694//693 702//701 703//702
f  702//701 698//697 697//696
f  697//696 704//703 702//701
f  705//704 681//680 683//682
f  706//705 681//680 707//706
f  681//680 705//704 708//707
f  708//707 707//706 681//680
f  706//705 707//706 709//708
f  702//701 699//698 698//697
f  709//708 684//683 704//703
f  684//683 683//682 682//681
f  709//708 705//704 683//682
f  683//682 684//683 709//708
f  678//677 679//678 677//676
f  679//678 678//677 710//709
f  710//709 684//683 679//678
f  709//708 708//707 705//704
f  707//706 708//707 709//708
f  711//710 712//711 713//712
f  712//711 714//713 713//712
f  715//714 713//712 714//713
f  713//712 716//715 711//710
f  716//715 713//712 717//716
f  713//712 715//714 718//717
f  719//718 717//716 713//712
f  718//717 720//719 713//712
f  713//712 720//719 721//720
f  721//720 719//718 713//712
f  722//721 723//722 724//723
f  725//724 722//721 661//661
f  661//661 664//664 725//724
f  725//724 726//725 722//721
f  726//725 727//726 728//727
f  689//688 725//724 664//664
f  726//725 725//724 690//689
f  725//724 689//688 690//689
f  690//689 727//726 726//725
f  690//689 691//690 727//726
f  729//728 730//729 731//730
f  732//731 729//728 731//730
f  733//732 732//731 731//730
f  729//728 732//731 734//733
f  735//734 732//731 733//732
f  736//735 737//736 738//737
f  739//738 738//737 740//739
f  740//739 738//737 741//740
f  739//738 742//741 738//737
f  743//742 742//741 744//743
f  745//744 746//745 747//746
f  748//747 749//748 750//749
f  751//750 752//751 753//752
f  753//752 377//377 751//750
f  753//752 752//751 754//753
f  755//754 756//755 757//756
f  758//757 759//758 755//754
f  760//759 752//751 751//750
f  751//750 378//378 760//759
f  761//760 752//751 760//759
f  762//761 749//748 763//762
f  764//763 763//762 749//748
f  765//764 764//763 749//748
f  749//748 766//765 765//764
f  767//766 768//767 769//768
f  770//769 768//767 741//740
f  768//767 770//769 771//770
f  741//740 768//767 767//766
f  772//771 741//740 767//766
f  765//764 766//765 773//772
f  774//773 775//774 776//775
f  777//776 778//777 779//778
f  780//779 781//780 782//781
f  783//782 784//783 759//758
f  785//784 762//761 763//762
f  786//785 787//786 762//761
f  770//769 741//740 788//787
f  772//771 740//739 741//740
f  789//788 790//789 791//790
f  792//791 793//792 794//793
f  795//794 783//782 796//795
f  783//782 759//758 796//795
f  797//796 798//797 799//798
f  758//757 800//799 759//758
f  744//743 742//741 801//800
f  802//801 803//802 804//803
f  804//803 803//802 805//804
f  806//805 359//359 348//348
f  807//806 360//360 359//359
f  348//348 350//350 806//805
f  805//804 808//807 350//350
f  809//808 351//351 353//353
f  810//809 351//351 809//808
f  811//810 810//809 809//808
f  353//353 361//361 809//808
f  351//351 810//809 812//811
f  758//757 812//811 813//812
f  814//813 815//814 816//815
f  816//815 817//816 814//813
f  818//817 819//818 820//819
f  815//814 820//819 819//818
f  821//820 815//814 814//813
f  822//821 817//816 823//822
f  822//821 814//813 817//816
f  823//822 824//823 825//824
f  826//825 825//824 794//793
f  825//824 792//791 794//793
f  827//826 828//827 829//828
f  829//828 830//829 831//830
f  827//826 832//831 799//798
f  827//826 799//798 798//797
f  832//831 831//830 833//832
f  792//791 834//833 835//834
f  836//835 837//836 798//797
f  813//812 800//799 758//757
f  838//837 839//838 840//839
f  744//743 832//831 833//832
f  801//800 832//831 744//743
f  833//832 841//840 744//743
f  801//800 799//798 832//831
f  842//841 843//842 841//840
f  844//843 845//844 833//832
f  330//330 333//333 329//329
f  846//845 847//846 848//847
f  847//846 846//845 849//848
f  848//847 847//846 850//849
f  851//850 848//847 850//849
f  852//851 853//852 854//853
f  376//376 855//854 377//377
f  378//378 855//854 376//376
f  855//854 751//750 377//377
f  378//378 751//750 855//854
f  856//855 752//751 761//760
f  754//753 752//751 856//855
f  857//856 858//857 818//817
f  859//858 860//859 839//838
f  839//838 860//859 821//820
f  861//860 845//844 844//843
f  862//861 863//862 864//863
f  864//863 865//864 862//861
f  861//860 866//865 863//862
f  864//863 863//862 866//865
f  867//866 864//863 868//867
f  869//868 870//869 871//870
f  871//870 872//871 869//868
f  873//872 874//873 875//874
f  876//875 877//876 878//877
f  879//878 880//879 881//880
f  882//881 883//882 880//879
f  879//878 882//881 880//879
f  883//882 882//881 884//883
f  885//884 886//885 887//886
f  886//885 885//884 888//887
f  889//888 890//889 891//890
f  892//891 893//892 894//893
f  895//894 893//892 892//891
f  896//895 895//894 892//891
f  895//894 896//895 897//896
f  898//897 897//896 896//895
f  899//898 900//899 901//900
f  902//901 903//902 904//903
f  902//901 905//904 903//902
f  906//905 905//904 907//906
f  907//906 908//907 906//905
f  909//908 910//909 911//910
f  912//911 902//901 904//903
f  908//907 907//906 913//912
f  905//904 902//901 907//906
f  914//913 907//906 902//901
f  902//901 912//911 914//913
f  914//913 913//912 907//906
f  915//914 916//915 917//916
f  918//917 919//918 920//919
f  915//914 917//916 921//920
f  922//921 923//922 924//923
f  925//924 926//925 927//926
f  926//925 928//927 927//926
f  929//928 927//926 928//927
f  930//929 931//930 932//931
f  933//932 934//933 935//934
f  933//932 935//934 936//935
f  937//936 938//937 939//938
f  940//939 941//940 942//941
f  943//942 942//941 941//940
f  943//942 944//943 942//941
f  945//944 946//945 947//946
f  948//947 949//948 950//949
f  949//948 905//904 950//949
f  951//950 950//949 905//904
f  952//951 950//949 953//952
f  950//949 951//950 954//953
f  950//949 954//953 955//954
f  950//949 955//954 956//955
f  957//956 953//952 950//949
f  956//955 957//956 950//949
f  958//957 953//952 959//958
f  954//953 960//959 955//954
f  956//955 961//960 962//961
f  963//962 964//963 965//964
f  963//962 966//965 964//963
f  967//966 968//967 969//968
f  970//969 971//970 972//971
f  971//970 973//972 974//973
f  974//973 972//971 971//970
f  975//974 976//975 977//976
f  978//977 979//978 980//979
f  978//977 981//980 982//981
f  983//982 981//980 984//983
f  983//982 982//981 981//980
f  985//984 986//985 987//986
f  988//987 989//988 990//989
f  991//990 989//988 985//984
f  989//988 991//990 990//989
f  992//991 993//992 994//993
f  995//994 994//993 993//992
f  996//995 995//994 993//992
f  997//996 998//997 999//998
f  1000//999 1001//1000 1002//1001
f  149//149 1003//1002 1004//1003
f  1005//1004 1006//1005 1007//1006
f  1008//1007 1009//1008 1010//1009
f  1011//1010 1008//1007 1012//1011
f  1013//1012 1014//1013 1015//1014
f  1016//1015 1017//1016 1018//1017
f  1019//1018 1020//1019 1021//1020
f  1022//1021 1023//1022 1024//1023
f  1025//1024 1026//1025 1027//1026
f  1028//1027 1029//1028 1030//1029
f  1031//1030 1032//1031 1033//1032
f  1034//1033 1035//1034 1036//1035
f  1032//1031 1031//1030 1037//1036
f  1038//1037 1039//1038 1040//1039
f  1041//1040 1042//1041 1043//1042
f  1041//1040 1043//1042 1044//1043
f  1045//1044 1046//1045 1047//1046
f  1048//1047 1047//1046 1046//1045
f  1049//1048 1050//1049 1051//1050
f  1052//1051 1053//1052 1054//1053
f  1052//1051 1055//1054 1053//1052
f  1056//1055 1053//1052 1055//1054
f  1057//1056 1054//1053 1053//1052
f  1055//1054 1058//1057 1056//1055
f  1054//1053 1057//1056 1059//1058
f  1060//1059 1059//1058 1057//1056
f  1061//1060 1062//1061 1063//1062
f  1064//1063 1062//1061 1061//1060
f  1065//1064 1064//1063 1061//1060
f  1066//1065 1062//1061 1067//1066
f  1066//1065 1063//1062 1062//1061
f  1068//1067 1066//1065 1067//1066
f  1069//1068 1068//1067 1067//1066
f  1070//1069 1071//1070 1072//1071
f  1073//1072 1072//1071 1071//1070
f  1072//1071 1074//1073 1075//1074
f  1076//1075 1077//1076 1078//1077
f  1078//1077 1079//1078 1076//1075
f  1080//1079 1073//1072 1081//1080
f  1081//1080 1077//1076 1080//1079
f  1082//1081 1080//1079 1077//1076
f  1077//1076 1076//1075 1083//1082
f  1077//1076 1083//1082 1084//1083
f  1076//1075 1079//1078 1085//1084
f  1085//1084 1086//1085 1076//1075
f  1083//1082 1076//1075 1086//1085
f  1080//1079 1087//1086 1088//1087
f  1087//1086 1080//1079 1089//1088
f  1090//1089 1089//1088 1080//1079
f  1080//1079 1082//1081 1091//1090
f  1080//1079 1092//1091 1090//1089
f  1084//1083 1083//1082 1093//1092
f  1094//1093 1095//1094 1087//1086
f  1096//1095 1091//1090 1097//1096
f  1098//1097 1099//1098 1090//1089
f  1100//1099 1101//1100 1102//1101
f  1103//1102 1102//1101 1101//1100
f  1104//1103 1105//1104 1106//1105
f  1105//1104 1107//1106 1106//1105
f  1108//1107 1109//1108 1110//1109
f  1111//1110 1106//1105 1107//1106
f  1112//1111 1113//1112 1114//1113
f  1115//1114 1116//1115 1117//1116
f  1118//1117 1119//1118 1120//1119
f  1121//1120 1117//1116 1116//1115
f  1121//1120 1122//1121 1117//1116
f  1097//1096 1123//1122 1096//1095
f  1124//1123 1125//1124 1126//1125
f  1127//1126 1128//1127 1129//1128
f  1127//1126 1129//1128 1130//1129
f  1131//1130 1132//1131 1133//1132
f  1134//1133 1096//1095 1135//1134
f  1136//1135 1134//1133 1137//1136
f  1134//1133 1135//1134 1137//1136
f  1138//1137 1139//1138 1140//1139
f  1141//1140 1142//1141 1138//1137
f  1138//1137 1140//1139 1143//1142
f  1143//1142 1144//1143 1138//1137
f  1138//1137 1144//1143 1141//1140
f  1145//1144 1146//1145 1139//1138
f  1139//1138 1146//1145 1140//1139
f  1147//1146 1144//1143 1148//1147
f  1141//1140 1144//1143 1147//1146
f  356//356 1145//1144 303//303
f  1149//1148 1150//1149 1151//1150
f  1152//1151 1150//1149 1149//1148
f  1153//1152 1154//1153 283//283
f  1155//1154 1156//1155 1157//1156
f  1158//1157 1159//1158 1155//1154
f  1155//1154 1157//1156 1160//1159
f  1155//1154 1160//1159 1158//1157
f  1160//1159 1161//1160 1158//1157
f  1162//1161 1158//1157 1161//1160
f  1162//1161 1163//1162 1158//1157
f  1164//1163 848//847 851//850
f  854//853 853//852 1165//1164
f  1164//1163 846//845 848//847
f  1164//1163 849//848 846//845
f  1164//1163 1166//1165 849//848
f  1163//1162 853//852 1167//1166
f  1154//1153 1153//1152 1168//1167
f  1169//1168 1168//1167 1153//1152
f  1170//1169 1169//1168 1153//1152
f  1171//1170 1172//1171 1173//1172
f  1174//1173 1175//1174 1176//1175
f  1177//1176 1178//1177 1179//1178
f  1180//1179 1181//1180 853//852
f  853//852 1182//1181 1183//1182
f  1184//1183 1182//1181 853//852
f  853//852 1163//1162 1184//1183
f  1183//1182 1165//1164 853//852
f  1185//1184 1165//1164 1186//1185
f  1163//1162 1162//1161 1187//1186
f  1182//1181 1188//1187 1189//1188
f  1190//1189 1188//1187 1182//1181
f  1189//1188 1183//1182 1182//1181
f  1182//1181 1184//1183 1190//1189
f  1183//1182 1189//1188 1191//1190
f  1192//1191 1190//1189 1184//1183
f  1189//1188 1193//1192 1191//1190
f  1192//1191 1194//1193 1190//1189
f  1195//1194 1196//1195 1147//1146
f  1194//1193 1192//1191 1197//1196
f  1198//1197 1191//1190 1193//1192
f  1199//1198 407//407 402//402
f  1200//1199 1201//1200 1202//1201
f  407//407 1203//1202 1204//1203
f  1205//1204 1206//1205 1207//1206
f  1208//1207 1202//1201 1209//1208
f  1202//1201 1210//1209 1200//1199
f  1208//1207 1210//1209 1202//1201
f  1211//1210 1212//1211 1213//1212
f  1214//1213 1213//1212 1212//1211
f  1215//1214 1216//1215 1217//1216
f  1218//1217 1219//1218 1220//1219
f  1221//1220 1220//1219 1219//1218
f  1222//1221 1223//1222 1224//1223
f  1224//1223 1223//1222 1225//1224
f  1226//1225 1227//1226 1228//1227
f  1228//1227 1229//1228 1226//1225
f  1230//1229 1228//1227 1227//1226
f  1231//1230 1230//1229 1227//1226
f  1229//1228 1228//1227 1230//1229
f  1229//1228 1230//1229 1232//1231
f  1233//1232 1234//1233 1235//1234
f  1236//1235 1237//1236 1238//1237
f  1239//1238 1235//1234 1234//1233
f  1240//1239 1241//1240 1242//1241
f  1243//1242 1244//1243 1245//1244
f  1246//1245 1245//1244 1247//1246
f  1248//1247 1249//1248 1250//1249
f  1248//1247 1251//1250 1252//1251
f  1253//1252 540//540 1254//1253
f  1255//1254 1256//1255 1257//1256
f  1258//1257 1259//1258 1260//1259
f  1259//1258 1258//1257 1261//1260
f  1261//1260 1262//1261 1259//1258
f  1263//1262 1264//1263 1261//1260
f  505//505 1265//1264 506//506
f  1266//1265 1267//1266 1268//1267
f  1269//1268 1270//1269 1271//1270
f  1272//1271 1273//1272 1274//1273
f  1273//1272 1272//1271 1275//1274
f  1276//1275 1274//1273 1277//1276
f  1274//1273 1278//1277 1277//1276
f  1274//1273 1273//1272 1277//1276
f  1279//1278 1280//1279 1281//1280
f  1279//1278 1282//1281 1280//1279
f  579//579 1283//1282 1284//1283
f  1279//1278 1281//1280 1285//1284
f  1285//1284 1286//1285 1279//1278
f  1286//1285 1287//1286 1279//1278
f  1288//1287 1279//1278 1287//1286
f  1282//1281 1279//1278 1289//1288
f  1279//1278 1288//1287 1290//1289
f  1279//1278 1290//1289 1291//1290
f  1292//1291 1289//1288 1279//1278
f  1293//1292 1292//1291 1279//1278
f  1279//1278 1291//1290 1293//1292
f  1294//1293 1295//1294 1296//1295
f  1294//1293 1297//1296 1295//1294
f  1296//1295 1298//1297 1294//1293
f  1297//1296 1294//1293 1299//1298
f  1300//1299 1294//1293 1298//1297
f  1294//1293 1300//1299 1301//1300
f  1302//1301 1299//1298 1294//1293
f  1303//1302 1302//1301 1294//1293
f  1304//1303 1303//1302 1294//1293
f  1305//1304 1304//1303 1294//1293
f  1294//1293 1301//1300 1306//1305
f  1294//1293 1306//1305 1305//1304
f  1307//1306 1275//1274 1308//1307
f  1308//1307 1275//1274 1309//1308
f  1310//1309 1311//1310 1312//1311
f  1313//1312 1314//1313 1315//1314
f  1316//1315 1317//1316 1318//1317
f  1319//1318 1316//1315 1318//1317
f  1319//1318 1320//1319 1316//1315
f  1320//1319 1319//1318 1321//1320
f  1322//1321 1321//1320 1319//1318
f  1323//1322 1322//1321 1319//1318
f  1324//1323 1321//1320 1325//1324
f  1326//1325 1325//1324 1321//1320
f  1327//1326 1326//1325 1321//1320
f  1321//1320 1328//1327 1327//1326
f  1322//1321 1328//1327 1321//1320
f  1329//1328 1330//1329 1331//1330
f  1332//1331 1333//1332 1334//1333
f  1334//1333 1335//1334 1336//1335
f  1329//1328 1337//1336 1338//1337
f  1337//1336 1329//1328 1331//1330
f  1339//1338 1340//1339 1341//1340
f  1342//1341 1339//1338 1341//1340
f  1343//1342 1328//1327 1322//1321
f  1344//1343 1322//1321 1323//1322
f  1345//1344 1340//1339 1339//1338
f  1345//1344 1339//1338 1346//1345
f  1347//1346 1346//1345 1339//1338
f  1342//1341 1347//1346 1339//1338
f  1348//1347 1349//1348 1350//1349
f  1349//1348 1351//1350 1352//1351
f  1353//1352 1349//1348 1352//1351
f  1324//1323 1325//1324 1343//1342
f  1326//1325 1343//1342 1325//1324
f  1343//1342 1326//1325 1327//1326
f  1327//1326 1328//1327 1343//1342
f  1353//1352 1345//1344 1354//1353
f  1355//1354 1356//1355 1357//1356
f  1358//1357 1359//1358 1357//1356
f  1357//1356 1360//1359 1358//1357
f  1361//1360 1362//1361 1363//1362
f  1364//1363 1365//1364 1366//1365
f  1367//1366 1368//1367 1364//1363
f  1364//1363 1366//1365 1367//1366
f  1369//1368 1370//1369 1371//1370
f  1371//1370 1358//1357 1372//1371
f  1373//1372 1358//1357 1371//1370
f  1358//1357 1373//1372 1359//1358
f  1358//1357 1360//1359 1372//1371
f  1374//1373 1375//1374 1376//1375
f  1377//1376 1378//1377 1379//1378
f  1380//1379 1368//1367 1367//1366
f  1381//1380 1377//1376 1382//1381
f  1381//1380 1374//1373 1377//1376
f  1381//1380 1361//1360 1374//1373
f  1382//1381 1367//1366 1381//1380
f  1381//1380 1367//1366 1366//1365
f  1366//1365 1361//1360 1381//1380
f  1383//1382 1384//1383 1385//1384
f  1386//1385 1384//1383 1383//1382
f  1387//1386 1388//1387 1383//1382
f  1383//1382 1388//1387 1389//1388
f  1383//1382 1390//1389 1387//1386
f  1391//1390 1390//1389 1383//1382
f  1383//1382 1392//1391 1386//1385
f  1393//1392 1392//1391 1383//1382
f  1389//1388 1393//1392 1383//1382
f  1383//1382 1385//1384 1391//1390
f  1394//1393 1395//1394 1396//1395
f  1397//1396 1191//1190 1398//1397
f  1399//1398 1192//1191 1396//1395
f  1198//1197 1398//1397 1191//1190
f  1192//1191 1399//1398 1197//1196
f  1398//1397 1198//1197 1400//1399
f  1400//1399 1401//1400 1398//1397
f  1197//1196 1402//1401 1403//1402
f  1403//1402 1404//1403 1197//1196
f  1405//1404 1400//1399 1198//1197
f  1198//1197 1406//1405 1405//1404
f  1404//1403 1403//1402 1407//1406
f  1408//1407 1407//1406 1403//1402
f  1409//1408 1405//1404 1406//1405
f  1409//1408 1410//1409 1405//1404
f  1407//1406 1408//1407 1411//1410
f  1412//1411 1413//1412 1414//1413
f  1414//1413 1415//1414 1412//1411
f  1416//1415 1417//1416 1418//1417
f  1417//1416 1416//1415 1413//1412
f  1413//1412 1419//1418 1414//1413
f  1420//1419 1415//1414 1421//1420
f  1415//1414 1414//1413 1421//1420
f  1422//1421 1423//1422 1424//1423
f  1425//1424 1426//1425 1422//1421
f  1427//1426 1428//1427 1429//1428
f  1429//1428 1428//1427 1426//1425
f  1430//1429 1431//1430 1420//1419
f  1424//1423 1423//1422 1432//1431
f  1433//1432 1424//1423 1432//1431
f  1434//1433 1435//1434 1424//1423
f  1424//1423 1433//1432 1434//1433
f  1433//1432 1432//1431 1436//1435
f  1437//1436 1438//1437 1439//1438
f  1440//1439 1441//1440 1442//1441
f  1441//1440 1443//1442 1444//1443
f  1441//1440 1444//1443 1442//1441
f  1410//1409 1409//1408 1445//1444
f  1446//1445 1447//1446 1448//1447
f  1449//1448 1450//1449 1439//1438
f  1451//1450 1434//1433 1433//1432
f  1452//1451 1453//1452 1454//1453
f  1455//1454 1456//1455 1429//1428
f  1457//1456 1458//1457 1459//1458
f  1453//1452 1460//1459 1461//1460
f  1462//1461 1454//1453 1453//1452
f  1461//1460 1462//1461 1453//1452
f  1463//1462 1464//1463 1465//1464
f  1466//1465 1467//1466 1458//1457
f  1458//1457 1457//1456 1468//1467
f  1458//1457 1468//1467 1466//1465
f  1469//1468 1470//1469 1471//1470
f  1466//1465 1472//1471 1467//1466
f  1473//1472 1466//1465 1468//1467
f  1472//1471 1466//1465 1474//1473
f  1466//1465 1473//1472 1474//1473
f  1460//1459 1475//1474 1461//1460
f  1462//1461 1461//1460 1476//1475
f  1477//1476 1461//1460 1475//1474
f  1477//1476 1476//1475 1461//1460
f  1231//1230 1478//1477 1230//1229
f  1230//1229 1478//1477 1232//1231
f  1231//1230 1479//1478 1478//1477
f  1479//1478 1231//1230 1480//1479
f  1231//1230 1481//1480 1482//1481
f  1231//1230 1482//1481 1480//1479
f  1481//1480 1483//1482 1482//1481
f  1484//1483 1485//1484 1232//1231
f  1484//1483 1486//1485 1485//1484
f  1478//1477 1479//1478 1232//1231
f  1487//1486 1232//1231 1479//1478
f  1487//1486 1484//1483 1232//1231
f  1480//1479 1488//1487 1479//1478
f  1479//1478 1488//1487 1487//1486
f  1488//1487 1489//1488 1490//1489
f  1491//1490 1489//1488 1488//1487
f  1480//1479 1491//1490 1488//1487
f  1488//1487 1490//1489 1487//1486
f  1474//1473 1492//1491 1472//1471
f  1477//1476 1475//1474 1493//1492
f  1494//1493 1495//1494 1496//1495
f  1495//1494 1497//1496 1498//1497
f  1495//1494 1498//1497 1499//1498
f  1495//1494 1499//1498 1500//1499
f  1427//1426 1498//1497 1497//1496
f  1463//1462 1499//1498 1456//1455
f  1499//1498 1463//1462 1501//1500
f  1502//1501 1503//1502 1418//1417
f  1419//1418 1504//1503 1471//1470
f  1505//1504 1471//1470 1504//1503
f  1456//1455 1427//1426 1429//1428
f  1506//1505 1474//1473 1473//1472
f  1476//1475 1477//1476 1507//1506
f  1508//1507 1509//1508 1510//1509
f  1511//1510 1512//1511 1513//1512
f  1492//1491 1474//1473 1509//1508
f  1510//1509 1509//1508 1474//1473
f  1514//1513 1510//1509 1474//1473
f  1510//1509 1514//1513 1515//1514
f  1510//1509 1515//1514 1516//1515
f  1516//1515 1517//1516 1510//1509
f  1512//1511 1477//1476 1493//1492
f  1477//1476 1512//1511 1511//1510
f  1518//1517 1519//1518 1520//1519
f  1521//1520 1520//1519 1517//1516
f  1517//1516 1516//1515 1522//1521
f  1522//1521 1521//1520 1517//1516
f  1523//1522 1524//1523 1525//1524
f  1526//1525 1527//1526 1528//1527
f  1474//1473 1506//1505 1514//1513
f  1529//1528 1507//1506 1477//1476
f  1530//1529 1531//1530 1532//1531
f  1533//1532 1531//1530 1530//1529
f  1532//1531 1534//1533 1530//1529
f  1530//1529 1534//1533 1533//1532
f  1535//1534 1536//1535 1531//1530
f  1531//1530 1536//1535 1532//1531
f  1533//1532 1535//1534 1531//1530
f  1532//1531 856//855 1534//1533
f  1534//1533 856//855 1533//1532
f  754//753 856//855 1532//1531
f  1533//1532 856//855 761//760
f  1537//1536 1536//1535 1538//1537
f  1539//1538 1540//1539 1541//1540
f  1540//1539 1542//1541 1541//1540
f  1541//1540 1542//1541 1543//1542
f  1541//1540 1543//1542 1544//1543
f  1545//1544 1539//1538 1541//1540
f  1546//1545 1545//1544 1541//1540
f  1541//1540 1544//1543 1547//1546
f  1541//1540 1547//1546 1546//1545
f  1548//1547 1549//1548 1550//1549
f  1548//1547 1550//1549 1551//1550
f  1549//1548 1552//1551 1553//1552
f  1554//1553 1553//1552 1552//1551
f  1553//1552 1550//1549 1549//1548
f  1550//1549 1553//1552 1555//1554
f  1556//1555 1551//1550 1550//1549
f  1550//1549 1555//1554 1556//1555
f  775//774 1551//1550 1557//1556
f  1558//1557 1557//1556 1551//1550
f  1551//1550 1556//1555 1558//1557
f  1555//1554 781//780 1557//1556
f  1555//1554 1557//1556 1558//1557
f  1558//1557 1556//1555 1555//1554
f  1559//1558 1560//1559 1561//1560
f  1562//1561 1563//1562 1560//1559
f  1560//1559 1563//1562 1561//1560
f  1560//1559 1564//1563 1562//1561
f  1565//1564 1566//1565 1567//1566
f  1568//1567 1567//1566 1566//1565
f  1566//1565 1569//1568 1570//1569
f  1566//1565 1570//1569 1568//1567
f  1565//1564 1567//1566 1571//1570
f  1567//1566 1568//1567 1572//1571
f  1567//1566 1572//1571 1573//1572
f  1573//1572 1571//1570 1567//1566
f  1571//1570 1570//1569 1569//1568
f  1570//1569 1571//1570 1573//1572
f  1574//1573 1568//1567 1570//1569
f  1573//1572 1574//1573 1570//1569
f  1575//1574 1572//1571 1568//1567
f  1568//1567 1574//1573 1576//1575
f  1577//1576 1575//1574 1568//1567
f  1568//1567 1576//1575 1577//1576
f  1572//1571 1575//1574 1573//1572
f  1573//1572 1576//1575 1574//1573
f  1575//1574 1577//1576 1573//1572
f  1573//1572 1577//1576 1576//1575
f  1559//1558 1561//1560 1578//1577
f  1579//1578 1561//1560 1563//1562
f  1561//1560 1579//1578 1580//1579
f  1561//1560 1580//1579 1578//1577
f  1578//1577 1562//1561 1564//1563
f  1578//1577 1580//1579 1562//1561
f  1563//1562 1562//1561 1581//1580
f  1563//1562 1581//1580 1582//1581
f  1583//1582 1579//1578 1563//1562
f  1584//1583 1583//1582 1563//1562
f  1563//1562 1582//1581 1584//1583
f  1585//1584 1586//1585 1587//1586
f  1588//1587 1587//1586 1586//1585
f  1589//1588 1588//1587 1586//1585
f  1590//1589 1589//1588 1586//1585
f  1580//1579 1581//1580 1562//1561
f  1580//1579 1582//1581 1581//1580
f  1579//1578 1583//1582 1580//1579
f  1583//1582 1584//1583 1580//1579
f  1580//1579 1584//1583 1582//1581
f  1585//1584 1587//1586 1591//1590
f  1587//1586 1588//1587 1592//1591
f  1587//1586 1592//1591 1593//1592
f  1593//1592 1591//1590 1587//1586
f  1589//1588 1591//1590 1593//1592
f  1589//1588 1590//1589 1591//1590
f  1588//1587 1589//1588 1594//1581
f  1595//1593 1592//1591 1588//1587
f  1588//1587 1594//1581 1596//1594
f  1597//1595 1595//1593 1588//1587
f  1588//1587 1596//1594 1597//1595
f  1593//1592 1594//1581 1589//1588
f  1598//1596 1599//1597 1600//1598
f  1601//1599 1599//1597 1598//1596
f  1602//1600 1603//1601 1598//1596
f  1600//1598 1602//1600 1598//1596
f  1592//1591 1595//1593 1593//1592
f  1593//1592 1596//1594 1594//1581
f  1595//1593 1597//1595 1593//1592
f  1593//1592 1597//1595 1596//1594
f  1599//1597 1601//1599 1604//1602
f  1605//1603 1600//1598 1599//1597
f  1606//1604 1605//1603 1599//1597
f  1599//1597 1604//1602 1606//1604
f  1603//1601 1602//1600 1604//1602
f  1602//1600 1600//1598 1607//1605
f  1606//1604 1604//1602 1602//1600
f  1602//1600 1607//1605 1606//1604
f  1608//1606 1607//1605 1600//1598
f  1600//1598 1605//1603 1609//1607
f  1610//1608 1608//1606 1600//1598
f  1600//1598 1609//1607 1610//1608
f  1611//1609 1612//1610 1613//1611
f  1612//1610 1614//1612 1615//1613
f  1616//1614 1613//1611 1612//1610
f  1612//1610 1615//1613 1616//1614
f  1606//1604 1609//1607 1605//1603
f  1607//1605 1608//1606 1606//1604
f  1608//1606 1610//1608 1606//1604
f  1606//1604 1610//1608 1609//1607
f  1611//1609 1613//1611 1617//1615
f  1618//1616 1619//1617 1620//1618
f  1621//1619 1622//1620 1623//1621
f  1624//1622 1625//1623 1626//1624
f  1627//1625 1628//1626 1629//1627
f  1630//1628 1629//1627 1628//1626
f  1628//1626 1631//1629 1632//1630
f  1633//1631 1631//1629 1628//1626
f  1628//1626 1632//1630 1630//1628
f  1627//1625 1629//1627 1634//1632
f  1629//1627 1630//1628 1635//1633
f  1629//1627 1635//1633 1636//1634
f  1636//1634 1634//1632 1629//1627
f  1637//1635 1638//1636 1639//1637
f  1640//1638 1639//1637 1638//1636
f  1634//1632 1632//1630 1631//1629
f  1632//1630 1634//1632 1636//1634
f  1641//1639 1642//1640 1634//1632
f  1643//1641 1630//1628 1632//1630
f  1636//1634 1643//1641 1632//1630
f  1644//421 1635//1633 1630//1628
f  1630//1628 1643//1641 1645//1642
f  1646//1643 1644//421 1630//1628
f  1630//1628 1645//1642 1646//1643
f  1637//1635 1647//1644 1648//1645
f  1647//1644 1637//1635 1649//1646
f  1639//1637 1649//1646 1637//1635
f  1635//1633 1644//421 1636//1634
f  1636//1634 1645//1642 1643//1641
f  1644//421 1646//1643 1636//1634
f  1636//1634 1646//1643 1645//1642
f  1650//1647 1641//1639 1651//1648
f  1652//1649 1653//1650 1654//1651
f  1652//1649 1654//1651 1655//1652
f  1656//420 1654//1651 1653//1650
f  1653//1650 1657//1653 1658//1654
f  1653//1650 1658//1654 1656//420
f  1654//1651 1656//420 1655//1652
f  1655//1652 1658//1654 1657//1653
f  1655//1652 1656//420 1658//1654
f  1659//707 1660//1655 1661//1656
f  1662//1657 1659//707 1661//1656
f  1659//707 1663//1658 1660//1655
f  1659//707 1664//1659 1663//1658
f  1664//1659 1659//707 1665//1660
f  1666//1661 1665//1660 1659//707
f  1659//707 1662//1657 1667//1662
f  1667//1662 1666//1661 1659//707
f  1613//1611 1668//1663 1669//1664
f  1616//1614 1668//1663 1613//1611
f  1669//1664 1617//1615 1613//1611
f  1617//1615 1615//1613 1614//1612
f  1615//1613 1617//1615 1669//1664
f  1670//1665 1616//1614 1615//1613
f  1669//1664 1670//1665 1615//1613
f  1668//1663 1616//1614 1671//1666
f  1616//1614 1670//1665 1672//1667
f  1673//1668 1671//1666 1616//1614
f  1616//1614 1672//1667 1673//1668
f  1648//1645 1647//1644 1640//1638
f  1668//1663 1671//1666 1669//1664
f  1669//1664 1672//1667 1670//1665
f  1671//1666 1673//1668 1669//1664
f  1669//1664 1673//1668 1672//1667
f  1647//1644 1649//1646 1674//1669
f  1647//1644 1674//1669 1675//1670
f  1675//1670 1640//1638 1647//1644
f  1639//1637 1640//1638 1675//1670
f  1676//1671 1674//1669 1649//1646
f  1649//1646 1639//1637 1677//1642
f  1649//1646 1677//1642 1678//1672
f  1679//420 1676//1671 1649//1646
f  1649//1646 1678//1672 1679//420
f  1674//1669 1676//1671 1675//1670
f  1675//1670 1677//1642 1639//1637
f  1675//1670 1678//1672 1677//1642
f  1676//1671 1679//420 1675//1670
f  1675//1670 1679//420 1678//1672
f  1680//1673 1681//1674 776//775
f  1682//1675 1681//1674 1680//1673
f  1680//1673 776//775 1683//1676
f  1680//1673 1683//1676 1684//1677
f  1680//1673 1684//1677 1685//1678
f  1685//1678 1682//1675 1680//1673
f  776//775 775//774 1686//1679
f  1687//1680 1688//1681 776//775
f  776//775 1686//1679 1687//1680
f  776//775 1688//1681 1683//1676
f  1683//1676 780//779 1689//1682
f  1683//1676 1688//1681 780//779
f  1684//1677 1683//1676 1689//1682
f  1685//1678 1684//1677 1689//1682
f  1690//1683 1682//1675 1685//1678
f  1689//1682 1691//1684 1685//1678
f  1690//1683 1685//1678 1692//1685
f  1693//1686 1685//1678 1691//1684
f  1693//1686 1692//1685 1685//1678
f  1694//1687 1689//1682 780//779
f  1691//1684 1689//1682 1694//1687
f  780//779 1688//1681 1687//1680
f  1686//1679 781//780 780//779
f  1687//1680 1686//1679 780//779
f  775//774 1557//1556 1686//1679
f  1686//1679 1557//1556 781//780
f  1695//1688 1696//1689 1690//1683
f  1697//1690 1696//1689 1695//1688
f  1693//1686 1698//1691 1695//1688
f  1695//1688 1698//1691 1697//1690
f  1695//1688 1690//1683 1699//1692
f  1695//1688 1699//1692 1693//1686
f  1696//1689 1697//1690 1700//1693
f  1700//1693 1701//1694 1696//1689
f  1700//1693 1697//1690 1698//1691
f  1702//1695 1700//1693 1698//1691
f  1690//1683 1692//1685 1699//1692
f  1693//1686 1699//1692 1692//1685
f  1701//1694 1700//1693 1703//1696
f  1701//1694 1703//1696 1704//1697
f  1702//1695 1703//1696 1700//1693
f  1702//1695 1704//1697 1703//1696
f  1705//1698 1706//1699 1707//1700
f  1707//1700 1708//1701 1705//1698
f  1705//1698 1708//1701 1709//1702
f  1708//1701 1707//1700 1710//1703
f  1708//1701 1710//1703 1711//1704
f  1707//1700 1712//1705 1710//1703
f  1712//1705 1713//1706 1710//1703
f  1714//1707 1710//1703 1713//1706
f  1714//1707 1711//1704 1710//1703
f  1715//1708 1716//1709 1714//1707
f  1717//1710 1718//1711 1719//1712
f  1719//1712 1718//1711 1720//1713
f  1719//1712 1489//1488 1717//1710
f  1720//1713 1489//1488 1719//1712
f  1718//1711 1721//1714 1720//1713
f  1717//1710 1721//1714 1718//1711
f  1720//1713 1490//1489 1489//1488
f  1489//1488 1491//1490 1717//1710
f  1721//1714 1722//1715 1720//1713
f  1717//1710 1723//1716 1721//1714
f  1721//1714 1723//1716 1722//1715
f  1724//1717 1723//1716 1725//1718
f  1726//1719 1727//1720 1728//1721
f  1729//1722 1726//1719 1728//1721
f  1728//1721 1727//1720 1730//1723
f  1728//1721 1730//1723 1731//1724
f  1732//1725 1729//1722 1728//1721
f  1733//1726 1732//1725 1728//1721
f  1728//1721 1731//1724 1734//1727
f  1728//1721 1734//1727 1733//1726
f  1735//1728 1736//1729 1737//1730
f  1738//1731 1735//1728 1737//1730
f  1739//1732 1740//1733 1741//1734
f  1741//1734 1736//1729 1739//1732
f  1739//1732 1736//1729 1735//1728
f  1739//1732 1735//1728 1742//1735
f  1735//1728 1738//1731 1743//1736
f  1743//1736 1742//1735 1735//1728
f  1742//1735 1743//1736 1744//1737
f  1742//1735 1744//1737 1745//1738
f  1745//1738 1525//1524 1742//1735
f  1745//1738 1738//1731 1518//1517
f  1744//1737 1743//1736 1738//1731
f  1745//1738 1744//1737 1738//1731
f  1518//1517 1520//1519 1746//1739
f  1746//1739 1745//1738 1518//1517
f  1747//1740 1746//1739 1520//1519
f  1748//1741 1747//1740 1520//1519
f  1749//1742 1748//1741 1520//1519
f  1750//1743 1749//1742 1520//1519
f  1521//1520 1750//1743 1520//1519
f  1525//1524 1745//1738 1746//1739
f  1746//1739 1523//1522 1525//1524
f  1523//1522 1746//1739 1747//1740
f  1523//1522 1747//1740 1748//1741
f  1523//1522 1748//1741 1749//1742
f  1523//1522 1749//1742 1751//1744
f  1523//1522 1751//1744 1752//1745
f  1750//1743 1521//1520 1753//1746
f  1750//1743 1754//1747 1749//1742
f  1749//1742 1754//1747 1751//1744
f  1755//1748 1751//1744 1754//1747
f  1756//1749 1752//1745 1751//1744
f  1751//1744 1755//1748 1756//1749
f  1754//1747 1750//1743 1755//1748
f  1753//1746 1755//1748 1750//1743
f  1757//1750 1758//1751 1755//1748
f  1753//1746 1757//1750 1755//1748
f  1759//1752 1756//1749 1755//1748
f  1755//1748 1758//1751 1759//1752
f  1760//1753 1761//1754 1762//1755
f  1762//1755 1761//1754 1759//1752
f  1763//1756 1760//1753 1762//1755
f  1757//1750 1763//1756 1762//1755
f  1762//1755 1764//1757 1757//1750
f  1759//1752 1764//1757 1762//1755
f  1761//1754 1760//1753 1765//1758
f  1761//1754 1765//1758 1766//1759
f  1760//1753 1763//1756 1765//1758
f  1767//1760 1765//1758 1763//1756
f  1757//1750 1764//1757 1758//1751
f  1758//1751 1764//1757 1759//1752
f  1765//1758 1768//1761 1766//1759
f  1767//1760 1768//1761 1765//1758
f  1768//1761 1769//1762 1766//1759
f  1767//1760 1769//1762 1768//1761
f  1770//1763 1771//1764 1772//1765
f  1773//1766 1774//1767 1775//1768
f  1775//1768 1772//1765 1773//1766
f  1776//1769 1772//1765 1771//1764
f  1777//1770 1776//1769 1771//1764
f  1772//1765 1776//1769 1773//1766
f  1778//1771 1773//1766 1776//1769
f  1774//1767 1773//1766 1779//1772
f  1773//1766 1778//1771 1779//1772
f  1780//1773 1781//1774 1779//1772

# Mesh 'f4140cb5_80ce_4f99_955b_cb3de9e38655' with 4616 faces
g f4140cb5_80ce_4f99_955b_cb3de9e38655
usemtl f4140cb5_80ce_4f99_955b_cb3de9e38655
f  1782//5 1783//4 3//3 1784//2
f  3//3 1783//4 1785//7 1786//1
f  1782//5 1784//2 1787//1775 1788//1776
f  1789//1777 1790//6 1782//5 1788//1776
f  1791//1778 1785//7 1790//6 1789//1777
f  1792//1779 1786//1 1785//7 1791//1778
f  1793//11 1794//9 1795//8 1796//12
f  1795//8 1797//10 1798//1780 1799//1781
f  1800//16 1796//12 1795//8 1799//1781
f  1794//9 1793//11 1801//14 1797//10
f  1802//1782 1803//13 1796//12 1800//16
f  1797//10 1801//14 1804//1783 1798//1780
f  1801//14 1803//13 1802//1782 1804//1783
f  1805//22 1798//1780 1804//1783 1806//19
f  1804//1783 1802//1782 1807//1784 1806//19
f  1805//22 1808//21 1799//1781 1798//1780
f  1799//1781 1808//21 1809//17 1800//16
f  1808//21 1810//24 1811//1785 1809//17
f  1805//22 1806//19 1812//18 1813//25
f  1814//1786 1815//23 1813//25 1816//1787
f  1813//25 1812//18 1817//1788 1816//1787
f  1812//18 1818//20 1819//1789 1817//1788
f  1820//26 1821//32 1822//31 1823//29
f  1824//30 1821//32 1820//26 1825//28
f  1822//31 1824//30 1826//1790 1827//1791
f  1828//1792 1823//29 1822//31 1827//1791
f  1824//30 1825//28 1829//1793 1826//1790
f  1829//1793 1825//28 1830//27 1831//1794
f  1830//27 1823//29 1828//1792 1831//1794
f  1811//1785 1810//24 1832//1795 1833//1796
f  1832//1795 1810//24 1815//23 1814//1786
f  1832//1795 1814//1786 1834//1797 1835//1798
f  1836//1799 1833//1796 1832//1795 1835//1798
f  1811//1785 1833//1796 1837//1800 1838//1801
f  1839//15 1809//17 1811//1785 1838//1801
f  1840//1802 1837//1800 1833//1796 1836//1799
f  1826//1790 1829//1793 1841//34 1842//1803
f  1843//38 1827//1791 1826//1790 1842//1803
f  1829//1793 1831//1794 1844//1804 1841//34
f  1845//39 1828//1792 1827//1791 1843//38
f  1844//1804 1831//1794 1828//1792 1845//39
f  1846//33 1847//1805 1842//1803 1841//34
f  1842//1803 1847//1805 1848//36 1843//38
f  1849//1806 1848//36 1847//1805 1850//1807
f  1847//1805 1846//33 1851//1808 1850//1807
f  1846//33 1852//35 1853//1809 1851//1808
f  1814//1786 1816//1787 1854//1810 1834//1797
f  1855//1811 1854//1810 1816//1787 1817//1788
f  1835//1798 1834//1797 1856//1812 1857//1813
f  1858//1814 1836//1799 1835//1798 1857//1813
f  1834//1797 1854//1810 1859//51 1856//1812
f  1802//1782 1800//16 1839//15 1807//1784
f  1860//1815 1818//20 1806//19 1807//1784
f  1818//20 1860//1815 1861//1816 1819//1789
f  1807//1784 1839//15 1838//1801 1860//1815
f  1838//1801 1837//1800 1861//1816 1860//1815
f  1862//1817 1861//1816 1837//1800 1840//1802
f  1863//1818 1852//35 1841//34 1844//1804
f  1852//35 1863//1818 1864//1819 1853//1809
f  1865//1820 1840//1802 1836//1799 1858//1814
f  1866//1821 1819//1789 1861//1816 1862//1817
f  1855//1811 1817//1788 1819//1789 1866//1821
f  1867//1822 1862//1817 1840//1802 1865//1820
f  1868//66 1866//1821 1862//1817 1867//1822
f  1792//1779 1787//1775 1784//2 1786//1
f  1869//46 1870//42 1787//1775 1792//1779
f  1871//1823 1788//1776 1787//1775 1870//42
f  1872//44 1873//43 1874//1824 1875//1825
f  1876//1826 1877//45 1872//44 1875//1825
f  1871//1823 1870//42 1877//45 1878//1827
f  1879//1828 1878//1827 1877//45 1876//1826
f  1873//43 1880//47 1881//1829 1874//1824
f  1792//1779 1791//1778 1882//1830 1869//46
f  1883//1831 1884//48 1869//46 1882//1830
f  1880//47 1884//48 1885//1832 1881//1829
f  1886//1833 1885//1832 1884//48 1883//1831
f  1875//1825 1874//1824 1887//1834 1888//1835
f  1875//1825 1888//1835 1889//1836 1876//1826
f  1890//1837 1887//1834 1874//1824 1881//1829
f  1854//1810 1855//1811 1891//52 1859//51
f  1892//53 1889//1836 1888//1835 1893//54
f  1888//1835 1887//1834 1894//1838 1893//54
f  1887//1834 1890//1837 1895//1839 1894//1838
f  1881//1829 1885//1832 1896//1840 1890//1837
f  1885//1832 1886//1833 1897//1841 1896//1840
f  1890//1837 1896//1840 1898//1842 1895//1839
f  1899//58 1900//57 1901//1843 1902//1844
f  1901//1843 1900//57 1903//59 1904//1845
f  1905//1846 1906//1847 1901//1843 1904//1845
f  1907//62 1902//1844 1901//1843 1906//1847
f  1899//58 1908//1848 1909//1849 1910//56
f  1899//58 1902//1844 1911//1850 1908//1848
f  1902//1844 1907//62 1912//64 1911//1850
f  1913//1851 1789//1777 1788//1776 1871//1823
f  1882//1830 1791//1778 1789//1777 1913//1851
f  1913//1851 1871//1823 1878//1827 1914//1852
f  1878//1827 1879//1828 1915//1853 1914//1852
f  1883//1831 1882//1830 1913//1851 1914//1852
f  1883//1831 1914//1852 1915//1853 1886//1833
f  1916//1854 1879//1828 1876//1826 1889//1836
f  1917//1855 1915//1853 1879//1828 1916//1854
f  1897//1841 1886//1833 1915//1853 1917//1855
f  1889//1836 1892//53 1918//65 1916//1854
f  1855//1811 1866//1821 1868//66 1891//52
f  1919//1856 1917//1855 1916//1854 1918//65
f  1920//1857 1897//1841 1917//1855 1919//1856
f  1896//1840 1897//1841 1920//1857 1898//1842
f  1921//1858 1909//1849 1908//1848 1922//1859
f  1923//1860 1922//1859 1908//1848 1911//1850
f  1924//1861 1910//56 1909//1849 1925//1862
f  1926//1863 1925//1862 1909//1849 1921//1858
f  1927//68 1928//74 1929//73 1930//69
f  1931//72 1928//74 1927//68 1932//71
f  1924//1861 1925//1862 1930//69 1929//73
f  1930//69 1925//1862 1926//1863 1933//70
f  1929//73 1931//72 1934//1864 1924//1861
f  1931//72 1932//71 1935//1865 1934//1864
f  1935//1865 1932//71 1933//70 1926//1863
f  1936//60 1910//56 1924//1861 1934//1864
f  1937//1866 1904//1845 1903//59 1938//61
f  1939//75 1936//60 1934//1864 1935//1865
f  1926//1863 1921//1858 1939//75 1935//1865
f  1921//1858 1922//1859 1940//77 1939//75
f  1922//1859 1923//1860 1941//1867 1940//77
f  1942//1868 1943//37 1848//36 1849//1806
f  1845//39 1843//38 1943//37 1944//40
f  1945//1869 1944//40 1943//37 1942//1868
f  1863//1818 1844//1804 1845//39 1946//41
f  1944//40 1945//1869 1947//1870 1946//41
f  1948//1871 1849//1806 1850//1807 1949//1872
f  1850//1807 1851//1808 1950//80 1949//1872
f  1951//1873 1942//1868 1849//1806 1948//1871
f  1851//1808 1853//1809 1952//78 1950//80
f  1953//1874 1945//1869 1942//1868 1951//1873
f  1945//1869 1953//1874 1954//1875 1947//1870
f  1955//1876 1953//1874 1951//1873 1956//1877
f  1951//1873 1948//1871 1957//1878 1956//1877
f  1953//1874 1955//1876 1958//1879 1954//1875
f  1948//1871 1949//1872 1959//1880 1957//1878
f  1857//1813 1856//1812 1960//82 1961//81
f  1857//1813 1961//81 1962//87 1858//1814
f  1963//50 1960//82 1856//1812 1859//51
f  1964//79 1959//1880 1949//1872 1950//80
f  1965//85 1957//1878 1959//1880 1961//81
f  1962//87 1961//81 1959//1880 1964//79
f  1956//1877 1957//1878 1965//85 1966//1881
f  1967//1882 1955//1876 1956//1877 1966//1881
f  1968//1883 1958//1879 1955//1876 1967//1882
f  1966//1881 1965//85 1969//84 1970//1884
f  1971//1885 1967//1882 1966//1881 1970//1884
f  1972//94 1970//1884 1969//84 1973//88
f  1864//1819 1863//1818 1946//41 1947//1870
f  1853//1809 1864//1819 1974//1886 1952//78
f  1864//1819 1947//1870 1954//1875 1974//1886
f  1975//1887 1974//1886 1954//1875 1958//1879
f  1976//86 1952//78 1974//1886 1975//1887
f  1975//1887 1958//1879 1968//1883 1977//1888
f  1978//1889 1976//86 1975//1887 1977//1888
f  1976//86 1865//1820 1858//1814 1962//87
f  1979//1890 1867//1822 1865//1820 1976//86
f  1867//1822 1979//1890 1980//67 1868//66
f  1981//1891 1979//1890 1976//86 1978//1889
f  1979//1890 1981//1891 1982//1892 1980//67
f  1981//1891 1978//1889 1983//1893 1984//98
f  1985//97 1982//1892 1981//1891 1984//98
f  1983//1893 1978//1889 1977//1888 1986//1894
f  1977//1888 1968//1883 1987//1895 1986//1894
f  1987//1895 1968//1883 1967//1882 1971//1885
f  1988//1896 1983//1893 1986//1894 1989//99
f  1986//1894 1987//1895 1990//100 1989//99
f  1991//96 1984//98 1983//1893 1988//1896
f  1988//1896 1989//99 1992//101 1993//1897
f  1994//1898 1991//96 1988//1896 1993//1897
f  1893//54 1894//1838 1995//89 1963//50
f  1996//90 1995//89 1894//1838 1895//1839
f  1997//1899 1996//90 1895//1839 1898//1842
f  1998//1900 1999//1901 1906//1847 1905//1846
f  1906//1847 1999//1901 2000//63 1907//62
f  2001//1902 1905//1846 1904//1845 1937//1866
f  1996//90 1999//1901 1998//1900 2002//1903
f  2003//91 2004//83 1996//90 2002//1903
f  2000//63 1999//1901 1996//90 1997//1899
f  2005//1904 1998//1900 1905//1846 2001//1902
f  2006//1905 2002//1903 1998//1900 2005//1904
f  2002//1903 2006//1905 2007//1906 2003//91
f  2008//1907 2006//1905 2005//1904 2009//1908
f  2005//1904 2001//1902 2010//1909 2009//1908
f  2006//1905 2008//1907 2011//1910 2007//1906
f  2003//91 2007//1906 2012//104 2013//92
f  2008//1907 2014//1911 2015//1912 2011//1910
f  2008//1907 2009//1908 2016//1913 2014//1911
f  2017//1914 2012//104 2007//1906 2011//1910
f  2018//1915 1919//1856 1918//65 1980//67
f  1919//1856 2018//1915 2019//1916 1920//1857
f  1980//67 1982//1892 2020//1917 2018//1915
f  2021//102 2020//1917 1982//1892 1985//97
f  2018//1915 2020//1917 2022//1918 2019//1916
f  2020//1917 2021//102 2023//1919 2022//1918
f  2019//1916 1997//1899 1898//1842 1920//1857
f  2000//63 1997//1899 2019//1916 1912//64
f  1912//64 2019//1916 2024//1920 2025//1921
f  1923//1860 1911//1850 1912//64 2025//1921
f  2026//1922 2024//1920 2019//1916 2022//1918
f  1941//1867 1923//1860 2025//1921 2027//1923
f  2025//1921 2024//1920 2016//1913 2027//1923
f  2014//1911 2016//1913 2024//1920 2026//1922
f  2021//102 1991//96 2028//1924 2023//1919
f  2029//1925 2028//1924 1991//96 1994//1898
f  2030//1926 2026//1922 2022//1918 2023//1919
f  2015//1912 2014//1911 2026//1922 2030//1926
f  2023//1919 2028//1924 2031//107 2030//1926
f  2032//105 2031//107 2028//1924 2029//1925
f  2033//106 2015//1912 2030//1926 2031//107
f  1970//1884 1972//94 2034//1927 1971//1885
f  2035//1928 2034//1927 1972//94 2036//95
f  2037//1929 2036//95 1973//88 2038//93
f  1987//1895 1971//1885 2034//1927 2039//1930
f  2034//1927 2035//1928 2040//108 2039//1930
f  2041//1931 2035//1928 2036//95 2037//1929
f  2042//1932 2040//108 2035//1928 2041//1931
f  1987//1895 2039//1930 2043//1933 1990//100
f  2039//1930 2040//108 2044//110 2043//1933
f  1990//100 2043//1933 2045//1934 1992//101
f  2046//1935 2047//109 2040//108 2042//1932
f  2043//1933 2044//110 2048//112 2045//1934
f  2049//111 2044//110 2047//109 2050//114
f  2051//1936 2050//114 2047//109 2046//1935
f  2050//114 2051//1936 2052//1937 2053//113
f  2054//103 2037//1929 2038//93 2013//92
f  2037//1929 2054//103 2055//1938 2041//1931
f  2054//103 2012//104 2017//1914 2055//1938
f  2055//1938 2017//1914 2056//1939 2057//117
f  2042//1932 2041//1931 2055//1938 2057//117
f  2056//1939 2017//1914 2011//1910 2015//1912
f  2058//1940 2056//1939 2015//1912 2033//106
f  2059//115 2057//117 2056//1939 2058//1940
f  2060//1941 2058//1940 2033//106 2032//105
f  2042//1932 2057//117 2061//116 2046//1935
f  2062//120 2051//1936 2046//1935 2061//116
f  2051//1936 2062//120 2063//121 2052//1937
f  2064//118 2062//120 2061//116 2059//115
f  2065//119 2059//115 2058//1940 2060//1941
f  2066//1942 1937//1866 1938//61 2067//76
f  1937//1866 2066//1942 2010//1909 2001//1902
f  1941//1867 2066//1942 2067//76 1940//77
f  2066//1942 1941//1867 2027//1923 2010//1909
f  2016//1913 2009//1908 2010//1909 2027//1923
f  2068//1943 2069//123 2070//122 2071//1944
f  2072//1945 2071//1944 2070//122 2073//1946
f  2074//1947 2073//1946 2070//122 2075//126
f  2076//1948 2077//1949 2078//1950 2079//1951
f  2080//1952 2079//1951 2078//1950 2081//1953
f  2082//1954 2081//1953 2078//1950 2083//1955
f  2078//1950 2077//1949 2084//1956 2083//1955
f  2077//1949 2085//1957 2086//1958 2084//1956
f  2087//1959 2085//1957 2077//1949 2076//1948
f  2085//1957 2088//1960 2089//1961 2086//1958
f  2090//1962 2088//1960 2085//1957 2087//1959
f  2091//1963 2089//1961 2088//1960 2092//1964
f  2088//1960 2090//1962 2093//1965 2092//1964
f  2094//1966 2084//1956 2086//1958 2095//1967
f  2086//1958 2089//1961 2096//1968 2095//1967
f  2097//1969 2096//1968 2089//1961 2091//1963
f  2098//1970 2099//1971 2100//1972 2101//1973
f  2100//1972 2090//1962 2087//1959 2101//1973
f  2100//1972 2099//1971 2102//1974 2103//1975
f  2093//1965 2090//1962 2100//1972 2103//1975
f  2104//1976 2099//1971 2098//1970 2105//1977
f  2068//1943 2071//1944 2098//1970 2101//1973
f  2098//1970 2071//1944 2072//1945 2105//1977
f  2106//1978 2104//1976 2105//1977 2107//1979
f  2108//1980 2107//1979 2105//1977 2072//1945
f  2099//1971 2104//1976 2109//1981 2102//1974
f  2104//1976 2106//1978 2110//1982 2109//1981
f  2079//1951 2069//123 2068//1943 2076//1948
f  2087//1959 2076//1948 2068//1943 2101//1973
f  2111//124 2069//123 2079//1951 2080//1952
f  1993//1897 1992//101 2112//1983 2113//1984
f  1993//1897 2113//1984 2114//1985 1994//1898
f  1992//101 2045//1934 2115//1986 2112//1983
f  2045//1934 2048//112 2116//1987 2115//1986
f  2048//112 2053//113 2117//1988 2116//1987
f  2118//1989 2117//1988 2053//113 2052//1937
f  2119//1990 2120//1991 2113//1984 2112//1983
f  2113//1984 2120//1991 2121//1992 2114//1985
f  2120//1991 2119//1990 2122//1993 2123//1994
f  2124//1995 2121//1992 2120//1991 2123//1994
f  2112//1983 2115//1986 2125//1996 2119//1990
f  2126//1997 2125//1996 2115//1986 2116//1987
f  2127//1998 2122//1993 2119//1990 2125//1996
f  2128//1999 2029//1925 1994//1898 2114//1985
f  2129//2000 2032//105 2029//1925 2128//1999
f  2130//2001 2060//1941 2032//105 2129//2000
f  2131//2002 2065//119 2060//1941 2130//2001
f  2132//2003 2063//121 2065//119 2131//2002
f  2114//1985 2121//1992 2133//2004 2128//1999
f  2134//2005 2133//2004 2121//1992 2124//1995
f  2135//2006 2129//2000 2128//1999 2133//2004
f  2136//2007 2130//2001 2129//2000 2135//2006
f  2137//2008 2131//2002 2130//2001 2136//2007
f  2138//2009 2135//2006 2133//2004 2134//2005
f  2139//2010 2136//2007 2135//2006 2138//2009
f  2140//2011 2141//2012 2123//1994 2122//1993
f  2123//1994 2141//2012 2142//2013 2124//1995
f  2143//2014 2144//2015 2141//2012 2140//2011
f  2141//2012 2144//2015 2145//2016 2142//2013
f  2146//2017 2140//2011 2122//1993 2127//1998
f  2147//2018 2144//2015 2143//2014 2148//2019
f  2145//2016 2144//2015 2147//2018 2149//2020
f  2150//2021 2149//2020 2147//2018 2151//2022
f  2147//2018 2148//2019 2152//128 2151//2022
f  2153//2023 2143//2014 2140//2011 2146//2017
f  2154//2024 2148//2019 2143//2014 2153//2023
f  2155//157 2152//128 2148//2019 2154//2024
f  2124//1995 2142//2013 2156//2025 2134//2005
f  2157//2026 2156//2025 2142//2013 2145//2016
f  2134//2005 2156//2025 2158//2027 2138//2009
f  2156//2025 2157//2026 2159//2028 2158//2027
f  2157//2026 2145//2016 2149//2020 2160//132
f  2161//130 2160//132 2149//2020 2150//2021
f  2159//2028 2157//2026 2160//132 2162//2029
f  2160//132 2163//131 2164//2030 2162//2029
f  2163//131 2161//130 2165//2031 2166//2032
f  2167//2033 2164//2030 2163//131 2166//2032
f  2168//2034 2158//2027 2159//2028 2169//2035
f  2159//2028 2162//2029 2170//2036 2169//2035
f  2162//2029 2164//2030 2171//2037 2170//2036
f  2172//2038 2171//2037 2164//2030 2167//2033
f  2173//2039 2174//2040 2175//2041 2176//135
f  2177//134 2178//2042 2173//2039 2176//135
f  2179//2043 2174//2040 2173//2039 2180//138
f  2173//2039 2178//2042 2181//136 2180//138
f  2126//1997 2116//1987 2117//1988 2182//2044
f  2183//2045 2182//2044 2117//1988 2118//1989
f  2125//1996 2126//1997 2184//2046 2127//1998
f  2126//1997 2182//2044 2185//2047 2184//2046
f  2182//2044 2183//2045 2186//2048 2185//2047
f  2052//1937 2063//121 2132//2003 2118//1989
f  2118//1989 2132//2003 2187//2049 2183//2045
f  2132//2003 2131//2002 2137//2008 2187//2049
f  2188//2050 2137//2008 2136//2007 2139//2010
f  2189//2051 2187//2049 2137//2008 2188//2050
f  2186//2048 2183//2045 2187//2049 2189//2051
f  2127//1998 2184//2046 2190//2052 2146//2017
f  2191//2053 2192//2054 2184//2046 2185//2047
f  2184//2046 2192//2054 2193//2055 2190//2052
f  2192//2054 2194//2056 2195//2057 2193//2055
f  2196//2058 2194//2056 2192//2054 2191//2053
f  2197//2059 2195//2057 2194//2056 2196//2058
f  2198//2060 2191//2053 2185//2047 2186//2048
f  2199//2061 2196//2058 2191//2053 2198//2060
f  2200//2062 2153//2023 2146//2017 2190//2052
f  2153//2023 2200//2062 2201//2063 2154//2024
f  2190//2052 2193//2055 2202//2064 2200//2062
f  2193//2055 2195//2057 2203//2065 2202//2064
f  2204//2066 2203//2065 2195//2057 2197//2059
f  2205//2067 2202//2064 2203//2065 2204//2066
f  2200//2062 2202//2064 2205//2067 2206//2068
f  2200//2062 2206//2068 2207//141 2201//2063
f  2208//2069 2206//2068 2205//2067 2209//2070
f  2205//2067 2204//2066 2210//2071 2209//2070
f  2206//2068 2208//2069 2211//2072 2207//141
f  2138//2009 2158//2027 2168//2034 2139//2010
f  2139//2010 2168//2034 2212//2073 2188//2050
f  2168//2034 2169//2035 2213//2074 2212//2073
f  2189//2051 2188//2050 2212//2073 2214//2075
f  2189//2051 2214//2075 2215//2076 2186//2048
f  2216//2077 2214//2075 2212//2073 2213//2074
f  2169//2035 2170//2036 2217//2078 2213//2074
f  2170//2036 2171//2037 2218//2079 2217//2078
f  2218//2079 2171//2037 2172//2038 2219//2080
f  2172//2038 2167//2033 2220//153 2221//2081
f  2172//2038 2221//2081 2222//2082 2219//2080
f  2208//2069 2215//2076 2214//2075 2216//2077
f  2208//2069 2216//2077 2223//2083 2211//2072
f  2208//2069 2209//2070 2224//2084 2215//2076
f  2216//2077 2213//2074 2217//2078 2223//2083
f  2225//139 2207//141 2211//2072 2226//2085
f  2211//2072 2223//2083 2227//2086 2226//2085
f  2223//2083 2217//2078 2218//2079 2227//2086
f  2218//2079 2219//2080 2228//2087 2227//2086
f  2196//2058 2199//2061 2229//2088 2197//2059
f  2229//2088 2199//2061 2198//2060 2224//2084
f  2198//2060 2186//2048 2215//2076 2224//2084
f  2210//2071 2204//2066 2197//2059 2229//2088
f  2229//2088 2224//2084 2209//2070 2210//2071
f  2175//2041 2174//2040 2230//2089 2231//142
f  2232//2090 2176//135 2175//2041 2233//2091
f  2175//2041 2231//142 2234//144 2233//2091
f  2231//142 2230//2089 2235//2092 2236//2093
f  2231//142 2236//2093 2237//145 2238//143
f  2239//147 2230//2089 2174//2040 2179//2043
f  2240//2094 2235//2092 2230//2089 2239//147
f  2236//2093 2235//2092 2241//2095 2242//2096
f  2243//2097 2237//145 2236//2093 2242//2096
f  2244//2098 2241//2095 2235//2092 2240//2094
f  2245//127 2246//2099 2151//2022 2152//128
f  2247//2100 2150//2021 2151//2022 2246//2099
f  2246//2099 2245//127 2248//2101 2249//2102
f  2250//2103 2249//2102 2248//2101 2251//2104
f  2248//2101 2245//127 2252//129 2253//2105
f  2248//2101 2253//2105 2254//2106 2251//2104
f  2253//2105 2252//129 2255//156 2256//2107
f  2257//2108 2254//2106 2253//2105 2256//2107
f  2150//2021 2247//2100 2165//2031 2161//130
f  2258//2109 2247//2100 2246//2099 2249//2102
f  2259//150 2260//2110 2258//2109 2261//2111
f  2258//2109 2249//2102 2250//2103 2261//2111
f  2165//2031 2247//2100 2258//2109 2260//2110
f  2260//2110 2259//150 2262//152 2263//154
f  2260//2110 2263//154 2166//2032 2165//2031
f  2259//150 2261//2111 2264//2112 2265//151
f  2265//151 2264//2112 2082//1954 2266//2113
f  2267//2114 2262//152 2265//151 2266//2113
f  2264//2112 2261//2111 2250//2103 2268//2115
f  2250//2103 2251//2104 2269//2116 2268//2115
f  2251//2104 2254//2106 2270//2117 2269//2116
f  2081//1953 2082//1954 2264//2112 2268//2115
f  2080//1952 2081//1953 2268//2115 2269//2116
f  2152//128 2155//157 2255//156 2252//129
f  2155//157 2154//2024 2201//2063 2271//2118
f  2272//2119 2273//155 2155//157 2271//2118
f  2274//2120 2256//2107 2255//156 2273//155
f  2275//2121 2274//2120 2273//155 2272//2119
f  2262//152 2267//2114 2276//2122 2220//153
f  2166//2032 2263//154 2220//153 2167//2033
f  2277//2123 2270//2117 2254//2106 2257//2108
f  2111//124 2080//1952 2269//2116 2270//2117
f  2278//125 2111//124 2270//2117 2277//2123
f  2277//2123 2257//2108 2279//2124 2280//160
f  2281//159 2278//125 2277//2123 2280//160
f  2282//2125 2075//126 2278//125 2281//159
f  2279//2124 2257//2108 2256//2107 2274//2120
f  2283//2126 2279//2124 2274//2120 2275//2121
f  2284//162 2280//160 2279//2124 2283//2126
f  2280//160 2284//162 2285//2127 2286//158
f  2083//1955 2084//1956 2094//1966 2287//2128
f  2094//1966 2095//1967 2177//134 2288//133
f  2289//2129 2287//2128 2094//1966 2288//133
f  2082//1954 2083//1955 2287//2128 2266//2113
f  2267//2114 2266//2113 2287//2128 2289//2129
f  2288//133 2176//135 2232//2090 2289//2129
f  2095//1967 2096//1968 2178//2042 2177//134
f  2181//136 2178//2042 2096//1968 2097//1969
f  2267//2114 2289//2129 2232//2090 2276//2122
f  2221//2081 2220//153 2276//2122 2290//2130
f  2233//2091 2290//2130 2276//2122 2232//2090
f  2291//140 2271//2118 2201//2063 2207//141
f  2271//2118 2291//140 2292//2131 2272//2119
f  2291//140 2225//139 2293//2132 2292//2131
f  2225//139 2226//2085 2294//2133 2293//2132
f  2295//2134 2292//2131 2293//2132 2296//2135
f  2297//166 2296//2135 2293//2132 2294//2133
f  2275//2121 2272//2119 2292//2131 2295//2134
f  2275//2121 2295//2134 2298//2136 2283//2126
f  2296//2135 2299//2137 2298//2136 2295//2134
f  2300//165 2299//2137 2296//2135 2297//166
f  2299//2137 2300//165 2301//2138 2302//2139
f  2303//163 2298//2136 2299//2137 2302//2139
f  2284//162 2283//2126 2298//2136 2303//163
f  2221//2081 2290//2130 2304//2140 2222//2082
f  2290//2130 2233//2091 2234//144 2304//2140
f  2219//2080 2222//2082 2305//164 2228//2087
f  2222//2082 2304//2140 2306//2141 2305//164
f  2304//2140 2234//144 2238//143 2306//2141
f  2226//2085 2227//2086 2228//2087 2294//2133
f  2305//164 2297//166 2294//2133 2228//2087
f  2300//165 2305//164 2306//2141 2301//2138
f  2306//2141 2238//143 2307//146 2301//2138
f  2308//2142 2302//2139 2301//2138 2307//146
f  2302//2139 2308//2142 2309//161 2303//163
f  2307//146 2237//145 2310//2143 2308//2142
f  2311//2144 2310//2143 2237//145 2243//2097
f  2308//2142 2310//2143 2312//167 2309//161
f  2310//2143 2311//2144 2313//168 2312//167
f  2314//2145 2285//2127 2284//162 2309//161
f  2315//172 2316//2146 2285//2127 2314//2145
f  2317//2147 2286//158 2285//2127 2316//2146
f  2309//161 2312//167 2318//169 2319//2148
f  2320//2149 2314//2145 2309//161 2319//2148
f  2316//2146 2315//172 2321//171 2322//174
f  2323//2150 2317//2147 2316//2146 2322//174
f  2324//170 2315//172 2314//2145 2320//2149
f  2325//176 2326//182 2327//181 2328//177
f  2329//180 2326//182 2325//176 2330//179
f  2331//188 2332//187 2333//185 2334//184
f  2333//185 2332//187 2335//189 2336//183
f  2331//188 2334//184 2337//2151 2338//2152
f  2339//2153 2340//186 2331//188 2338//2152
f  2341//2154 2335//189 2340//186 2339//2153
f  2334//184 2336//183 2342//2155 2337//2151
f  2342//2155 2336//183 2335//189 2341//2154
f  2343//190 2344//196 2345//195 2346//191
f  2347//194 2344//196 2343//190 2348//193
f  2349//2156 2346//191 2345//195 2350//2157
f  2345//195 2347//194 2351//2158 2350//2157
f  2347//194 2348//193 2352//2159 2351//2158
f  2353//2160 2354//192 2346//191 2349//2156
f  2352//2159 2348//193 2354//192 2353//2160
f  2350//2157 2351//2158 2355//199 2356//198
f  2357//202 2349//2156 2350//2157 2356//198
f  2358//2161 2353//2160 2349//2156 2357//202
f  2359//220 2352//2159 2353//2160 2358//2161
f  2360//2162 2361//2163 2327//181 2329//180
f  2362//205 2328//177 2327//181 2361//2163
f  2363//2164 2364//178 2328//177 2362//205
f  2365//2165 2330//179 2364//178 2363//2164
f  2366//207 2367//2166 2361//2163 2360//2162
f  2361//2163 2367//2166 2368//206 2362//205
f  2367//2166 2369//2167 2370//2168 2368//206
f  2367//2166 2366//207 2371//209 2369//2167
f  2360//2162 2329//180 2330//179 2365//2165
f  2360//2162 2365//2165 2372//211 2366//207
f  2365//2165 2363//2164 2373//2169 2372//211
f  2374//210 2375//208 2366//207 2372//211
f  2376//2170 2377//2171 2378//213 2379//215
f  2380//2172 2377//2171 2376//2170 2381//2173
f  2382//216 2383//2174 2376//2170 2379//215
f  2376//2170 2383//2174 2384//2175 2381//2173
f  2378//213 2377//2171 2385//2176 2386//2177
f  2387//2178 2388//214 2378//213 2386//2177
f  2389//2179 2371//209 2375//208 2390//2180
f  2375//208 2374//210 2391//2181 2390//2180
f  2392//2182 2391//2181 2374//210 2393//212
f  2394//2183 2370//2168 2369//2167 2395//2184
f  2389//2179 2395//2184 2369//2167 2371//209
f  2368//206 2370//2168 2396//2185 2397//204
f  2370//2168 2394//2183 2398//2186 2396//2185
f  2351//2158 2352//2159 2359//220 2355//199
f  2399//219 2400//218 2355//199 2359//220
f  2401//2187 2402//2188 2395//2184 2389//2179
f  2403//2189 2394//2183 2395//2184 2402//2188
f  2404//2190 2405//197 2400//218 2406//2191
f  2400//218 2399//219 2407//2192 2406//2191
f  2408//2193 2398//2186 2394//2183 2403//2189
f  2399//219 2409//221 2410//2194 2407//2192
f  2402//2188 2401//2187 2411//2195 2412//222
f  2413//225 2403//2189 2402//2188 2412//222
f  2389//2179 2390//2180 2414//2196 2401//2187
f  2390//2180 2391//2181 2415//2197 2414//2196
f  2391//2181 2392//2182 2416//2198 2415//2197
f  2385//2176 2377//2171 2380//2172 2417//2199
f  2380//2172 2381//2173 2418//229 2419//226
f  2380//2172 2419//226 2420//228 2417//2199
f  2401//2187 2414//2196 2421//232 2411//2195
f  2414//2196 2415//2197 2422//230 2421//232
f  2363//2164 2362//205 2397//204 2373//2169
f  2393//212 2372//211 2373//2169 2423//2200
f  2373//2169 2397//204 2396//2185 2423//2200
f  2393//212 2423//2200 2424//2201 2392//2182
f  2425//2202 2386//2177 2385//2176 2426//2203
f  2385//2176 2417//2199 2427//2204 2426//2203
f  2396//2185 2398//2186 2424//2201 2423//2200
f  2398//2186 2408//2193 2428//2205 2424//2201
f  2359//220 2358//2161 2429//2206 2409//221
f  2409//221 2429//2206 2430//2207 2410//2194
f  2431//2208 2408//2193 2403//2189 2413//225
f  2432//2209 2428//2205 2408//2193 2431//2208
f  2416//2198 2392//2182 2424//2201 2428//2205
f  2433//234 2416//2198 2428//2205 2432//2209
f  2433//234 2422//230 2415//2197 2416//2198
f  2433//234 2432//2209 2434//2210 2435//235
f  2436//2211 2437//203 2438//200 2439//2212
f  2357//202 2356//198 2438//200 2437//203
f  2438//200 2405//197 2404//2190 2439//2212
f  2437//203 2436//2211 2440//2213 2441//201
f  2436//2211 2439//2212 2442//2214 2443//2215
f  2436//2211 2443//2215 2444//2216 2440//2213
f  2429//2206 2358//2161 2357//202 2441//201
f  2430//2207 2429//2206 2441//201 2440//2213
f  2404//2190 2406//2191 2445//2217 2446//2218
f  2442//2214 2439//2212 2404//2190 2446//2218
f  2406//2191 2407//2192 2447//240 2445//2217
f  2407//2192 2410//2194 2448//241 2447//240
f  2449//2219 2446//2218 2445//2217 2450//2220
f  2451//239 2450//2220 2445//2217 2447//240
f  2442//2214 2446//2218 2449//2219 2452//2221
f  2453//2222 2443//2215 2442//2214 2452//2221
f  2412//222 2411//2195 2454//236 2455//223
f  2411//2195 2421//232 2456//233 2454//236
f  2450//2220 2455//223 2457//2223 2449//2219
f  2458//224 2455//223 2450//2220 2451//239
f  2459//243 2457//2223 2455//223 2460//237
f  2461//2224 2444//2216 2443//2215 2453//2222
f  2462//2225 2452//2221 2449//2219 2457//2223
f  2452//2221 2462//2225 2463//2226 2453//2222
f  2462//2225 2457//2223 2459//243 2464//2227
f  2465//2228 2463//2226 2462//2225 2464//2227
f  2466//249 2464//2227 2459//243 2467//242
f  2448//241 2410//2194 2430//2207 2468//2229
f  2430//2207 2440//2213 2444//2216 2468//2229
f  2448//241 2468//2229 2469//2230 2470//2231
f  2458//224 2451//239 2448//241 2470//2231
f  2469//2230 2468//2229 2444//2216 2461//2224
f  2469//2230 2461//2224 2471//2232 2472//2233
f  2473//2234 2470//2231 2469//2230 2472//2233
f  2470//2231 2431//2208 2413//225 2458//224
f  2434//2210 2432//2209 2431//2208 2470//2231
f  2474//2235 2434//2210 2470//2231 2473//2234
f  2475//2236 2435//235 2434//2210 2474//2235
f  2474//2235 2473//2234 2476//2237 2477//252
f  2478//251 2475//2236 2474//2235 2477//252
f  2461//2224 2453//2222 2463//2226 2471//2232
f  2479//2238 2471//2232 2463//2226 2465//2228
f  2480//2239 2472//2233 2471//2232 2479//2238
f  2473//2234 2472//2233 2480//2239 2476//2237
f  2476//2237 2480//2239 2481//2240 2482//2241
f  2483//250 2477//252 2476//2237 2482//2241
f  2480//2239 2479//2238 2484//2242 2481//2240
f  2485//2243 2483//250 2482//2241 2486//2244
f  2482//2241 2481//2240 2487//2245 2486//2244
f  2464//2227 2466//249 2488//2246 2465//2228
f  2489//2247 2490//248 2467//242 2491//244
f  2492//2248 2488//2246 2466//249 2490//248
f  2479//2238 2465//2228 2488//2246 2493//2249
f  2488//2246 2492//2248 2494//2250 2493//2249
f  2495//2251 2492//2248 2490//248 2489//2247
f  2496//2252 2494//2250 2492//2248 2495//2251
f  2479//2238 2493//2249 2497//2253 2484//2242
f  2493//2249 2494//2250 2498//2254 2497//2253
f  2481//2240 2484//2242 2499//2255 2487//2245
f  2484//2242 2497//2253 2500//2256 2499//2255
f  2494//2250 2496//2252 2501//2257 2498//2254
f  2497//2253 2498//2254 2502//2258 2500//2256
f  2503//217 2388//214 2337//2151 2342//2155
f  2387//2178 2338//2152 2337//2151 2388//214
f  2342//2155 2341//2154 2504//256 2503//217
f  2505//2259 2383//2174 2382//216 2506//254
f  2507//2260 2384//2175 2383//2174 2505//2259
f  2506//254 2508//255 2509//2261 2505//2259
f  2510//258 2511//264 2512//263 2513//259
f  2514//262 2511//264 2510//258 2515//261
f  2513//259 2512//263 2516//2262 2517//2263
f  2513//259 2517//2263 2518//2264 2519//260
f  2520//2265 2509//2261 2508//255 2521//257
f  2507//2260 2505//2259 2509//2261 2522//2266
f  2523//2267 2522//2266 2509//2261 2520//2265
f  2524//2268 2516//2262 2512//263 2514//262
f  2525//2269 2517//2263 2516//2262 2526//267
f  2527//269 2526//267 2516//2262 2524//2268
f  2381//2173 2384//2175 2528//2270 2418//229
f  2529//2271 2528//2270 2384//2175 2507//2260
f  2418//229 2528//2270 2530//238 2456//233
f  2528//2270 2529//2271 2531//245 2530//238
f  2529//2271 2507//2260 2522//2266 2532//2272
f  2529//2271 2532//2272 2533//275 2531//245
f  2534//266 2535//265 2536//2273 2537//2274
f  2536//2273 2535//265 2538//268 2539//2275
f  2540//2276 2537//2274 2536//2273 2541//2277
f  2542//2278 2541//2277 2536//2273 2539//2275
f  2525//2269 2526//267 2534//266 2543//2279
f  2534//266 2537//2274 2544//2280 2543//2279
f  2537//2274 2540//2276 2545//2281 2544//2280
f  2546//2282 2532//2272 2522//2266 2523//2267
f  2547//2283 2539//2275 2538//268 2548//270
f  2549//274 2540//2276 2541//2277 2550//2284
f  2551//2285 2550//2284 2541//2277 2542//2278
f  2532//2272 2546//2282 2552//273 2533//275
f  2552//273 2545//2281 2540//2276 2549//274
f  2539//2275 2547//2283 2553//2286 2542//2278
f  2554//2287 2339//2153 2338//2152 2387//2178
f  2504//256 2341//2154 2339//2153 2554//2287
f  2387//2178 2386//2177 2425//2202 2554//2287
f  2521//257 2504//256 2554//2287 2425//2202
f  2521//257 2425//2202 2426//2203 2520//2265
f  2520//2265 2426//2203 2427//2204 2523//2267
f  2555//2288 2518//2264 2517//2263 2525//2269
f  2515//261 2519//260 2518//2264 2556//2289
f  2518//2264 2555//2288 2557//272 2556//2289
f  2558//2290 2427//2204 2417//2199 2420//228
f  2546//2282 2523//2267 2427//2204 2558//2290
f  2559//2291 2558//2290 2420//228 2435//235
f  2552//273 2546//2282 2558//2290 2559//2291
f  2555//2288 2525//2269 2543//2279 2560//2292
f  2561//2293 2560//2292 2543//2279 2544//2280
f  2555//2288 2560//2292 2562//276 2557//272
f  2560//2292 2561//2293 2563//2294 2562//276
f  2544//2280 2545//2281 2564//2295 2561//2293
f  2545//2281 2552//273 2565//2296 2564//2295
f  2566//2297 2563//2294 2561//2293 2564//2295
f  2524//2268 2514//262 2515//261 2556//2289
f  2557//272 2527//269 2524//2268 2556//2289
f  2548//270 2567//271 2568//2298 2547//2283
f  2567//271 2562//276 2563//2294 2568//2298
f  2547//2283 2568//2298 2569//2299 2553//2286
f  2568//2298 2563//2294 2566//2297 2569//2299
f  2549//274 2550//2284 2531//245 2533//275
f  2531//245 2550//2284 2551//2285 2570//2300
f  2571//246 2460//237 2531//245 2570//2300
f  2542//2278 2553//2286 2572//2301 2551//2285
f  2573//2302 2572//2301 2553//2286 2569//2299
f  2574//2303 2570//2300 2551//2285 2572//2301
f  2570//2300 2574//2303 2575//2304 2571//246
f  2576//2305 2574//2303 2572//2301 2573//2302
f  2574//2303 2576//2305 2577//2306 2575//2304
f  2578//277 2579//247 2571//246 2575//2304
f  2576//2305 2573//2302 2580//2307 2581//2308
f  2582//2309 2577//2306 2576//2305 2581//2308
f  2489//2247 2491//244 2579//247 2583//278
f  2575//2304 2577//2306 2584//2310 2578//277
f  2577//2306 2582//2309 2585//2311 2584//2310
f  2586//2312 2559//2291 2435//235 2475//2236
f  2559//2291 2586//2312 2587//2313 2552//273
f  2588//253 2586//2312 2475//2236 2478//251
f  2589//2314 2587//2313 2586//2312 2588//253
f  2590//2315 2565//2296 2552//273 2587//2313
f  2564//2295 2565//2296 2580//2307 2566//2297
f  2581//2308 2580//2307 2565//2296 2590//2315
f  2591//2316 2590//2315 2587//2313 2589//2314
f  2582//2309 2581//2308 2590//2315 2591//2316
f  2588//253 2483//250 2592//2317 2589//2314
f  2593//2318 2592//2317 2483//250 2485//2243
f  2594//2319 2591//2316 2589//2314 2592//2317
f  2595//2320 2582//2309 2591//2316 2594//2319
f  2596//2321 2594//2319 2592//2317 2593//2318
f  2597//2322 2595//2320 2594//2319 2596//2321
f  2580//2307 2573//2302 2569//2299 2566//2297
f  2598//2323 2585//2311 2582//2309 2595//2320
f  2489//2247 2583//278 2599//2324 2495//2251
f  2583//278 2578//277 2584//2310 2599//2324
f  2600//2325 2599//2324 2584//2310 2585//2311
f  2496//2252 2495//2251 2599//2324 2600//2325
f  2585//2311 2598//2323 2601//2326 2600//2325
f  2602//2327 2601//2326 2598//2323 2603//2328
f  2598//2323 2595//2320 2597//2322 2603//2328
f  2496//2252 2600//2325 2601//2326 2501//2257
f  2498//2254 2501//2257 2604//2329 2502//2258
f  2501//2257 2601//2326 2602//2327 2604//2329
f  2242//2096 2241//2095 2605//2330 2606//281
f  2607//2331 2243//2097 2242//2096 2606//281
f  2608//282 2605//2330 2241//2095 2244//2098
f  2609//279 2606//281 2605//2330 2610//2332
f  2611//284 2610//2332 2605//2330 2608//282
f  2612//2333 2613//2334 2614//2335 2615//2336
f  2616//285 2617//287 2614//2335 2613//2334
f  2614//2335 2618//2337 2619//383 2615//2336
f  2614//2335 2617//287 2620//294 2618//2337
f  2617//287 2621//286 2622//289 2623//2338
f  2624//296 2620//294 2617//287 2623//2338
f  2625//2339 2623//2338 2622//289 2626//2340
f  2622//289 2627//298 2628//300 2626//2340
f  2609//279 2610//2332 2629//2341 2630//2342
f  2631//2343 2630//2342 2629//2341 2632//2344
f  2629//2341 2610//2332 2611//284 2633//302
f  2634//2345 2632//2344 2629//2341 2633//302
f  2635//2346 2311//2144 2243//2097 2607//2331
f  2311//2144 2635//2346 2636//2347 2313//168
f  2637//2348 2635//2346 2607//2331 2638//304
f  2607//2331 2606//281 2639//280 2638//304
f  2640//2349 2636//2347 2635//2346 2637//2348
f  2321//171 2324//170 2641//2350 2642//175
f  2643//309 2322//174 2644//173 2645//310
f  2644//173 2642//175 2646//2351 2645//310
f  2647//2352 2320//2149 2319//2148 2648//2353
f  2319//2148 2318//169 2649//2354 2648//2353
f  2649//2354 2318//169 2313//168 2636//2347
f  2641//2350 2324//170 2320//2149 2647//2352
f  2650//2355 2641//2350 2647//2352 2651//2356
f  2647//2352 2648//2353 2652//312 2651//2356
f  2642//175 2641//2350 2650//2355 2653//2357
f  2642//175 2653//2357 2654//2358 2646//2351
f  2648//2353 2649//2354 2655//2359 2652//312
f  2656//2360 2649//2354 2636//2347 2640//2349
f  2657//2361 2655//2359 2649//2354 2656//2360
f  2658//317 2650//2355 2651//2356 2659//315
f  2651//2356 2652//312 2660//314 2659//315
f  2661//318 2653//2357 2650//2355 2658//317
f  2662//319 2663//313 2652//312 2655//2359
f  2664//2362 2662//319 2655//2359 2657//2361
f  2662//319 2664//2362 2665//320 2666//316
f  2667//328 2668//325 2669//321 2670//323
f  2669//321 2668//325 2671//327 2672//324
f  2638//304 2673//308 2674//2363 2637//2348
f  2675//2364 2676//306 2677//305 2678//334
f  2679//2365 2673//308 2676//306 2675//2364
f  2680//337 2674//2363 2673//308 2679//2365
f  2637//2348 2674//2363 2681//2366 2640//2349
f  2674//2363 2680//337 2682//339 2681//2366
f  2683//340 2613//2334 2612//2333 2684//2367
f  2612//2333 2615//2336 2685//2368 2686//2369
f  2687//2370 2684//2367 2612//2333 2686//2369
f  2688//341 2683//340 2684//2367 2689//2371
f  2690//2372 2689//2371 2684//2367 2687//2370
f  2613//2334 2683//340 2691//292 2616//285
f  2692//299 2691//292 2688//341 2693//2373
f  2688//341 2689//2371 2694//2374 2693//2373
f  2695//2375 2694//2374 2689//2371 2690//2372
f  2696//2376 2675//2364 2678//334 2697//336
f  2698//288 2699//291 2696//2376 2697//336
f  2696//2376 2699//291 2700//290 2701//2377
f  2679//2365 2675//2364 2696//2376 2701//2377
f  2702//297 2698//288 2697//336 2703//335
f  2700//290 2692//299 2704//338 2701//2377
f  2704//338 2692//299 2693//2373 2682//339
f  2705//2378 2682//339 2693//2373 2694//2374
f  2680//337 2679//2365 2701//2377 2704//338
f  2706//2379 2681//2366 2682//339 2705//2378
f  2706//2379 2656//2360 2640//2349 2681//2366
f  2656//2360 2706//2379 2707//343 2657//2361
f  2706//2379 2705//2378 2708//342 2707//343
f  2709//344 2710//346 2711//2380 2712//349
f  2711//2380 2710//346 2713//347 2714//352
f  2711//2380 2715//2381 2716//2382 2712//349
f  2717//2383 2715//2381 2711//2380 2714//352
f  2718//2384 2705//2378 2694//2374 2695//2375
f  2719//2385 2708//342 2705//2378 2718//2384
f  2703//335 2720//307 2639//280 2721//301
f  2702//297 2703//335 2721//301 2627//298
f  2721//301 2609//279 2630//2342 2628//300
f  2722//2386 2628//300 2630//2342 2631//2343
f  2723//326 2664//2362 2657//2361 2707//343
f  2664//2362 2723//326 2724//354 2665//320
f  2723//326 2708//342 2725//2387 2671//327
f  2708//342 2719//2385 2726//2388 2725//2387
f  2727//2389 2487//2245 2499//2255 2728//2390
f  2499//2255 2500//2256 2729//2391 2728//2390
f  2500//2256 2502//2258 2730//2392 2729//2391
f  2731//363 2732//366 2733//369 2734//368
f  2731//363 2716//2382 2715//2381 2735//364
f  2736//2393 2716//2382 2731//363 2734//368
f  2735//364 2715//2381 2717//2383 2737//367
f  2738//373 2734//368 2739//370 2740//374
f  2741//375 2740//374 2739//370 2742//371
f  2733//369 2732//366 2737//367 2742//371
f  2737//367 2717//2383 2743//2394 2742//371
f  2744//2395 2745//2396 2746//2397 2747//2398
f  2746//2397 2745//2396 2748//2399 2749//2400
f  2750//2401 2751//2402 2746//2397 2749//2400
f  2746//2397 2751//2402 2752//2403 2747//2398
f  2485//2243 2486//2244 2753//2404 2754//2405
f  2755//2406 2593//2318 2485//2243 2754//2405
f  2756//2407 2748//2399 2745//2396 2757//2408
f  2745//2396 2744//2395 2758//2409 2757//2408
f  2744//2395 2747//2398 2759//2410 2760//2411
f  2761//2412 2758//2409 2744//2395 2760//2411
f  2762//2413 2749//2400 2748//2399 2763//379
f  2748//2399 2756//2407 2764//380 2763//379
f  2756//2407 2757//2408 2765//2414 2766//2415
f  2756//2407 2766//2415 2767//2416 2764//380
f  2768//2417 2765//2414 2757//2408 2758//2409
f  2765//2414 2754//2405 2753//2404 2766//2415
f  2755//2406 2754//2405 2765//2414 2768//2417
f  2769//2418 2768//2417 2758//2409 2761//2412
f  2760//2411 2759//2410 2770//2419 2771//2420
f  2772//2421 2761//2412 2760//2411 2771//2420
f  2773//2422 2774//2423 2775//2424 2776//2425
f  2777//2426 2774//2423 2773//2422 2750//2401
f  2751//2402 2750//2401 2773//2422 2776//2425
f  2778//382 2779//384 2774//2423 2777//2426
f  2774//2423 2779//384 2780//2427 2775//2424
f  2618//2337 2780//2427 2779//384 2619//383
f  2685//2368 2615//2336 2619//383 2781//385
f  2778//382 2777//2426 2782//2428 2781//385
f  2783//293 2784//2429 2775//2424 2780//2427
f  2785//2430 2776//2425 2775//2424 2784//2429
f  2783//293 2780//2427 2618//2337 2620//294
f  2786//2431 2784//2429 2783//293 2787//295
f  2752//2403 2751//2402 2776//2425 2785//2430
f  2752//2403 2785//2430 2784//2429 2786//2431
f  2777//2426 2750//2401 2749//2400 2782//2428
f  2788//2432 2685//2368 2781//385 2789//2433
f  2781//385 2782//2428 2790//2434 2789//2433
f  2782//2428 2749//2400 2762//2413 2790//2434
f  2791//2435 2747//2398 2752//2403 2786//2431
f  2792//2436 2686//2369 2685//2368 2788//2432
f  2788//2432 2789//2433 2793//2437 2794//2438
f  2788//2432 2794//2438 2795//2439 2792//2436
f  2786//2431 2787//295 2624//296 2791//2435
f  2624//296 2623//2338 2625//2339 2796//388
f  2797//387 2791//2435 2624//296 2796//388
f  2759//2410 2747//2398 2791//2435 2797//387
f  2796//388 2625//2339 2798//2440 2799//386
f  2625//2339 2626//2340 2800//2441 2798//2440
f  2801//391 2799//386 2798//2440 2802//2442
f  2798//2440 2800//2441 2803//2443 2802//2442
f  2804//2444 2790//2434 2762//2413 2805//2445
f  2762//2413 2763//379 2806//2446 2805//2445
f  2793//2437 2789//2433 2790//2434 2804//2444
f  2763//379 2807//381 2808//2447 2806//2446
f  2809//2448 2793//2437 2804//2444 2810//2449
f  2804//2444 2805//2445 2811//2450 2810//2449
f  2805//2445 2806//2446 2812//2451 2811//2450
f  2813//2452 2794//2438 2793//2437 2809//2448
f  2794//2438 2813//2452 2814//2453 2795//2439
f  2810//2449 2811//2450 2815//2454 2816//2455
f  2817//2456 2809//2448 2810//2449 2816//2455
f  2818//2457 2813//2452 2809//2448 2817//2456
f  2819//2458 2814//2453 2813//2452 2818//2457
f  2820//2459 2795//2439 2814//2453 2821//2460
f  2814//2453 2819//2458 2822//2461 2821//2460
f  2759//2410 2797//387 2823//389 2770//2419
f  2823//389 2824//390 2825//2462 2826//2463
f  2827//2464 2770//2419 2823//389 2826//2463
f  2824//390 2801//391 2828//2465 2825//2462
f  2801//391 2802//2442 2829//2466 2828//2465
f  2830//2467 2771//2420 2770//2419 2827//2464
f  2831//2468 2827//2464 2826//2463 2832//2469
f  2826//2463 2825//2462 2833//2470 2832//2469
f  2825//2462 2828//2465 2834//2471 2833//2470
f  2828//2465 2829//2466 2835//2472 2834//2471
f  2829//2466 2802//2442 2803//2443 2836//2473
f  2829//2466 2836//2473 2837//2474 2835//2472
f  2800//2441 2626//2340 2628//300 2722//2386
f  2800//2441 2722//2386 2838//2475 2803//2443
f  2722//2386 2631//2343 2839//2476 2838//2475
f  2631//2343 2632//2344 2840//2477 2839//2476
f  2841//2478 2840//2477 2632//2344 2634//2345
f  2842//393 2839//2476 2840//2477 2843//2479
f  2844//401 2843//2479 2840//2477 2841//2478
f  2845//392 2836//2473 2803//2443 2838//2475
f  2842//393 2845//392 2838//2475 2839//2476
f  2836//2473 2845//392 2846//396 2837//2474
f  2847//394 2842//393 2843//2479 2848//2480
f  2849//403 2848//2480 2843//2479 2844//401
f  2486//2244 2487//2245 2727//2389 2753//2404
f  2850//2481 2596//2321 2593//2318 2755//2406
f  2851//2482 2597//2322 2596//2321 2850//2481
f  2502//2258 2604//2329 2852//2483 2730//2392
f  2602//2327 2603//2328 2853//2484 2854//2485
f  2852//2483 2604//2329 2602//2327 2854//2485
f  2767//2416 2766//2415 2753//2404 2727//2389
f  2727//2389 2728//2390 2855//2486 2767//2416
f  2764//380 2767//2416 2855//2486 2807//381
f  2807//381 2855//2486 2856//2487 2808//2447
f  2755//2406 2768//2417 2769//2418 2850//2481
f  2728//2390 2729//2391 2856//2487 2855//2486
f  2857//2488 2856//2487 2729//2391 2730//2392
f  2808//2447 2856//2487 2857//2488 2858//2489
f  2812//2451 2806//2446 2808//2447 2858//2489
f  2853//2484 2603//2328 2597//2322 2851//2482
f  2769//2418 2761//2412 2772//2421 2859//2490
f  2851//2482 2850//2481 2769//2418 2859//2490
f  2860//2491 2772//2421 2771//2420 2830//2467
f  2861//2492 2859//2490 2772//2421 2860//2491
f  2851//2482 2859//2490 2861//2492 2853//2484
f  2862//2493 2854//2485 2853//2484 2861//2492
f  2862//2493 2861//2492 2860//2491 2863//2494
f  2860//2491 2830//2467 2864//2495 2863//2494
f  2865//2496 2857//2488 2730//2392 2866//2497
f  2867//2498 2866//2497 2730//2392 2852//2483
f  2868//2499 2858//2489 2857//2488 2865//2496
f  2869//2500 2865//2496 2866//2497 2870//2501
f  2866//2497 2867//2498 2871//2502 2870//2501
f  2865//2496 2869//2500 2872//2503 2868//2499
f  2869//2500 2870//2501 2871//2502 2873//2504
f  2874//2505 2872//2503 2869//2500 2873//2504
f  2852//2483 2854//2485 2875//2506 2867//2498
f  2876//2507 2871//2502 2867//2498 2875//2506
f  2877//2508 2868//2499 2872//2503 2874//2505
f  2876//2507 2878//2509 2873//2504 2871//2502
f  2873//2504 2878//2509 2879//2510 2874//2505
f  2876//2507 2875//2506 2880//2511 2878//2509
f  2879//2510 2878//2509 2880//2511 2881//2512
f  2877//2508 2874//2505 2879//2510 2881//2512
f  2854//2485 2862//2493 2880//2511 2875//2506
f  2862//2493 2863//2494 2881//2512 2880//2511
f  2815//2454 2811//2450 2812//2451 2882//2513
f  2812//2451 2858//2489 2883//2514 2882//2513
f  2815//2454 2882//2513 2864//2495 2831//2468
f  2832//2469 2816//2455 2815//2454 2831//2468
f  2877//2508 2883//2514 2858//2489 2868//2499
f  2883//2514 2863//2494 2864//2495 2882//2513
f  2881//2512 2863//2494 2883//2514 2877//2508
f  2833//2470 2817//2456 2816//2455 2832//2469
f  2834//2471 2818//2457 2817//2456 2833//2470
f  2835//2472 2819//2458 2818//2457 2834//2471
f  2819//2458 2835//2472 2837//2474 2822//2461
f  2830//2467 2827//2464 2831//2468 2864//2495
f  2884//397 2822//2461 2837//2474 2846//396
f  2885//2515 2886//2516 2887//2517 2888//2518
f  2847//394 2848//2480 2885//2515 2888//2518
f  2889//2519 2886//2516 2885//2515 2890//2520
f  2885//2515 2848//2480 2849//403 2890//2520
f  2891//404 2888//2518 2887//2517 2892//405
f  2893//2521 2892//405 2887//2517 2894//2522
f  2887//2517 2886//2516 2895//2523 2894//2522
f  2886//2516 2889//2519 2896//2524 2895//2523
f  2897//2525 2687//2370 2686//2369 2792//2436
f  2898//2526 2690//2372 2687//2370 2897//2525
f  2792//2436 2795//2439 2820//2459 2897//2525
f  2690//2372 2898//2526 2899//2527 2695//2375
f  2897//2525 2820//2459 2900//2528 2898//2526
f  2820//2459 2821//2460 2901//2529 2900//2528
f  2898//2526 2900//2528 2902//2530 2899//2527
f  2903//2531 2902//2530 2900//2528 2901//2529
f  2904//2532 2718//2384 2695//2375 2899//2527
f  2718//2384 2904//2532 2905//2533 2719//2385
f  2899//2527 2902//2530 2906//2534 2904//2532
f  2902//2530 2903//2531 2907//2535 2906//2534
f  2908//2536 2905//2533 2904//2532 2906//2534
f  2909//2537 2726//2388 2719//2385 2905//2533
f  2726//2388 2909//2537 2910//2538 2911//2539
f  2912//2540 2725//2387 2726//2388 2911//2539
f  2913//2541 2909//2537 2905//2533 2908//2536
f  2914//2542 2910//2538 2909//2537 2913//2541
f  2915//2543 2911//2539 2910//2538 2916//2544
f  2910//2538 2914//2542 2917//2545 2916//2544
f  2884//397 2901//2529 2821//2460 2822//2461
f  2901//2529 2884//397 2918//398 2903//2531
f  2907//2535 2903//2531 2918//398 2919//399
f  2919//399 2920//395 2921//400 2922//2546
f  2919//399 2922//2546 2923//2547 2907//2535
f  2922//2546 2921//400 2891//404 2924//406
f  2922//2546 2924//406 2925//2548 2923//2547
f  2908//2536 2906//2534 2907//2535 2923//2547
f  2891//404 2921//400 2847//394 2888//2518
f  2926//2549 2924//406 2892//405 2893//2521
f  2924//406 2926//2549 2927//2550 2925//2548
f  2908//2536 2923//2547 2928//2551 2913//2541
f  2929//411 2928//2551 2923//2547 2925//2548
f  2930//2552 2914//2542 2913//2541 2928//2551
f  2914//2542 2930//2552 2931//2553 2917//2545
f  2932//413 2930//2552 2928//2551 2929//411
f  2931//2553 2930//2552 2932//413 2933//415
f  2932//413 2929//411 2934//410 2935//414
f  2936//2554 2106//1978 2107//1979 2937//2555
f  2938//2556 2937//2555 2107//1979 2108//1980
f  2106//1978 2936//2554 2939//2557 2110//1982
f  2940//2558 2936//2554 2937//2555 2941//2559
f  2937//2555 2938//2556 2942//2560 2941//2559
f  2936//2554 2940//2558 2943//2561 2939//2557
f  2940//2558 2941//2559 2944//2562 2945//2563
f  2940//2558 2945//2563 2946//2564 2943//2561
f  2072//1945 2073//1946 2947//2565 2108//1980
f  2108//1980 2947//2565 2948//2566 2938//2556
f  2949//2567 2947//2565 2073//1946 2074//1947
f  2950//2568 2948//2566 2947//2565 2949//2567
f  2951//2569 2942//2560 2938//2556 2948//2566
f  2942//2560 2951//2569 2952//2570 2953//2571
f  2944//2562 2941//2559 2942//2560 2953//2571
f  2954//2572 2951//2569 2948//2566 2950//2568
f  2955//2573 2952//2570 2951//2569 2954//2572
f  2956//2574 2953//2571 2952//2570 2957//2575
f  2952//2570 2955//2573 2958//2576 2957//2575
f  2959//2577 2945//2563 2944//2562 2960//2578
f  2944//2562 2953//2571 2956//2574 2960//2578
f  2945//2563 2959//2577 2961//2579 2946//2564
f  2962//2580 2959//2577 2960//2578 2963//2581
f  2964//2582 2963//2581 2960//2578 2956//2574
f  2959//2577 2962//2580 2965//2583 2961//2579
f  2966//2584 2962//2580 2963//2581 2967//2585
f  2963//2581 2964//2582 2968//2586 2967//2585
f  2962//2580 2966//2584 2969//2587 2965//2583
f  2956//2574 2957//2575 2970//2588 2964//2582
f  2971//2589 2968//2586 2964//2582 2970//2588
f  2972//2590 2973//2591 2974//2592 2975//2593
f  2976//423 2973//2591 2972//2590 2977//424
f  2972//2590 2975//2593 2978//2594 2979//2595
f  2980//2596 2977//424 2972//2590 2979//2595
f  2981//2597 2982//2598 2983//2599 2984//2600
f  2985//430 2986//2601 2981//2597 2984//2600
f  2987//2602 2982//2598 2981//2597 2988//427
f  2981//2597 2986//2601 2989//425 2988//427
f  2986//2601 2985//430 2990//429 2991//433
f  2992//2603 2989//425 2986//2601 2991//433
f  2982//2598 2993//2604 2994//2605 2983//2599
f  2995//2606 2993//2604 2982//2598 2987//2602
f  2993//2604 2995//2606 2996//2607 2997//2608
f  2998//2609 2994//2605 2993//2604 2997//2608
f  2999//2610 2983//2599 2994//2605 3000//2611
f  3001//2612 3000//2611 2994//2605 2998//2609
f  3002//2613 2984//2600 2983//2599 2999//2610
f  3003//428 2985//430 2984//2600 3002//2613
f  3004//432 2990//429 3005//2614 3006//2615
f  3007//2616 3006//2615 3005//2614 3008//2617
f  3005//2614 2990//429 3003//428 3009//2618
f  3005//2614 3009//2618 3010//2619 3008//2617
f  2987//2602 3011//2620 3012//2621 2995//2606
f  2987//2602 2988//427 3013//2622 3011//2620
f  3014//2623 3012//2621 3011//2620 3015//436
f  3016//434 3015//436 3011//2620 3013//2622
f  2996//2607 2995//2606 3012//2621 3017//2624
f  3012//2621 3014//2623 3018//2625 3017//2624
f  3015//436 3019//435 3020//2626 3014//2623
f  3021//2627 3020//2626 3019//435 3022//437
f  3014//2623 3020//2626 3023//2628 3018//2625
f  3024//2629 3023//2628 3020//2626 3021//2627
f  2996//2607 3017//2624 3025//440 3026//439
f  3027//2630 2997//2608 2996//2607 3026//439
f  3028//2631 2974//2592 2973//2591 3029//2632
f  3030//2633 3029//2632 2973//2591 2976//423
f  3031//2634 2975//2593 2974//2592 3032//2635
f  2974//2592 3028//2631 3033//2636 3032//2635
f  3028//2631 3029//2632 3034//2637 3035//2638
f  3028//2631 3035//2638 3036//2639 3033//2636
f  3035//2638 3034//2637 3037//2640 3038//2641
f  3039//2642 3036//2639 3035//2638 3038//2641
f  3040//441 3025//440 3017//2624 3018//2625
f  3025//440 3040//441 3041//443 3042//438
f  3029//2632 3030//2633 3043//2643 3034//2637
f  3030//2633 2976//423 3044//422 3045//2644
f  3046//2645 3043//2643 3030//2633 3045//2644
f  3018//2625 3023//2628 3047//442 3040//441
f  3048//446 3047//442 3023//2628 3024//2629
f  3034//2637 3043//2643 3049//2646 3037//2640
f  3043//2643 3046//2645 3050//2647 3049//2646
f  2988//427 3051//426 3052//2648 3013//2622
f  3053//2649 3054//2650 3051//426 3055//431
f  3051//426 3054//2650 3056//2651 3052//2648
f  3054//2650 3053//2649 3057//2652 3058//2653
f  3059//2654 3056//2651 3054//2650 3058//2653
f  3053//2649 3055//431 3060//2655 3061//2656
f  3053//2649 3061//2656 3062//2657 3063//2658
f  3064//2659 3057//2652 3053//2649 3063//2658
f  3065//2660 3052//2648 3056//2651 3066//2661
f  3067//2662 3066//2661 3056//2651 3059//2654
f  3060//2655 3055//431 2989//425 2992//2603
f  3060//2655 2992//2603 3068//449 3069//448
f  3070//447 3061//2656 3060//2655 3069//448
f  2992//2603 2991//433 3004//432 3068//449
f  3068//449 3004//432 3006//2615 3070//447
f  3061//2656 3070//447 3071//2663 3062//2657
f  3070//447 3006//2615 3007//2616 3071//2663
f  3062//2657 3071//2663 3072//450 3073//2664
f  3074//486 3063//2658 3062//2657 3073//2664
f  3071//2663 3007//2616 3075//451 3072//450
f  3007//2616 3008//2617 3076//2665 3075//451
f  3077//2666 3073//2664 3072//450 3078//452
f  3013//2622 3052//2648 3065//2660 3016//434
f  3079//2667 3022//437 3016//434 3080//2668
f  3016//434 3065//2660 3081//2669 3080//2668
f  3065//2660 3066//2661 3082//2670 3081//2669
f  3066//2661 3067//2662 3083//2671 3082//2670
f  2997//2608 3027//2630 3084//2672 2998//2609
f  3085//2673 3044//422 2977//424 2980//2596
f  3027//2630 3026//439 3042//438 3086//444
f  3027//2630 3086//444 3087//460 3084//2672
f  3044//422 3085//2673 3088//456 3089//455
f  3090//458 3045//2644 3044//422 3089//455
f  3091//461 3087//460 3086//444 3092//445
f  3093//2674 3046//2645 3045//2644 3090//458
f  3042//438 3041//443 3094//2675 3092//445
f  3046//2645 3093//2674 3095//482 3050//2647
f  3041//443 3048//446 3096//464 3097//463
f  3098//466 3094//2675 3041//443 3097//463
f  2975//2593 3031//2634 3099//2676 2978//2594
f  3100//467 3099//2676 3031//2634 3101//468
f  3031//2634 3032//2635 3102//470 3101//468
f  3103//2677 2978//2594 3099//2676 3104//2678
f  3099//2676 3100//467 3105//2679 3104//2678
f  3106//2680 2979//2595 2978//2594 3103//2677
f  3100//467 3107//471 3108//2681 3105//2679
f  3104//2678 3105//2679 3109//2682 3110//2683
f  3111//2684 3103//2677 3104//2678 3110//2683
f  3112//2685 3002//2613 2999//2610 3113//2686
f  2999//2610 3000//2611 3114//2687 3113//2686
f  3000//2611 3001//2612 3115//2688 3114//2687
f  3002//2613 3112//2685 3116//2689 3003//428
f  3112//2685 3113//2686 3117//2690 3118//2691
f  3119//2692 3116//2689 3112//2685 3118//2691
f  2998//2609 3084//2672 3120//2693 3001//2612
f  3121//459 3120//2693 3084//2672 3087//460
f  3122//2694 2980//2596 2979//2595 3106//2680
f  3001//2612 3120//2693 3123//2695 3115//2688
f  3124//2696 3085//2673 2980//2596 3122//2694
f  3125//477 3123//2695 3120//2693 3121//459
f  3085//2673 3124//2696 3126//472 3088//456
f  3127//2697 3117//2690 3113//2686 3114//2687
f  3117//2690 3127//2697 3128//2698 3129//2699
f  3130//2700 3118//2691 3117//2690 3129//2699
f  3114//2687 3115//2688 3131//2701 3127//2697
f  3132//475 3131//2701 3115//2688 3123//2695
f  3133//2702 3128//2698 3127//2697 3131//2701
f  3134//2703 3129//2699 3128//2698 3135//2704
f  3128//2698 3133//2702 3136//2705 3135//2704
f  3137//2706 3106//2680 3103//2677 3111//2684
f  3138//2707 3122//2694 3106//2680 3137//2706
f  3131//2701 3132//475 3139//474 3133//2702
f  3132//475 3123//2695 3125//477 3140//473
f  3141//2708 3130//2700 3129//2699 3134//2703
f  3142//2709 3124//2696 3122//2694 3138//2707
f  3143//2710 3126//472 3124//2696 3142//2709
f  3144//2711 3145//457 3126//472 3143//2710
f  3146//476 3125//477 3121//459 3091//461
f  3147//2712 3102//470 3032//2635 3033//2636
f  3148//2713 3107//471 3102//470 3147//2712
f  3033//2636 3036//2639 3149//2714 3147//2712
f  3150//2715 3149//2714 3036//2639 3039//2642
f  3151//2716 3148//2713 3147//2712 3149//2714
f  3108//2681 3107//471 3148//2713 3152//2717
f  3148//2713 3151//2716 3153//2718 3152//2717
f  3154//2719 3151//2716 3149//2714 3150//2715
f  3155//2720 3153//2718 3151//2716 3154//2719
f  3093//2674 3090//458 3145//457 3156//2721
f  3093//2674 3156//2721 3157//480 3095//482
f  3156//2721 3145//457 3144//2711 3158//2722
f  3156//2721 3158//2722 3159//2723 3157//480
f  3160//2724 3161//2725 3162//2726 3163//2727
f  3164//2728 3165//2729 3160//2724 3163//2727
f  3160//2724 3165//2729 3166//2730 3167//2731
f  3168//2732 3161//2725 3160//2724 3167//2731
f  3165//2729 3164//2728 3169//2733 3166//2730
f  3170//2734 3162//2726 3161//2725 3168//2732
f  3092//445 3094//2675 3171//2735 3091//461
f  3172//509 3171//2735 3094//2675 3098//466
f  3173//2736 3163//2727 3162//2726 3174//2737
f  3175//2738 3174//2737 3162//2726 3170//2734
f  3164//2728 3163//2727 3173//2736 3176//2739
f  3164//2728 3176//2739 3177//2740 3169//2733
f  3057//2652 3064//2659 3178//2741 3179//2742
f  3180//2743 3058//2653 3057//2652 3179//2742
f  3064//2659 3181//485 3182//2744 3178//2741
f  3064//2659 3063//2658 3074//486 3181//485
f  3183//2745 3182//2744 3181//485 3184//487
f  3179//2742 3178//2741 3185//2746 3186//2747
f  3179//2742 3186//2747 3187//2748 3180//2743
f  3178//2741 3182//2744 3188//2749 3185//2746
f  3186//2747 3185//2746 3189//2750 3190//2751
f  3186//2747 3190//2751 3191//500 3187//2748
f  3192//2752 3010//2619 3009//2618 3193//2753
f  3009//2618 3003//428 3116//2689 3193//2753
f  3194//2754 3195//2755 3010//2619 3192//2752
f  3076//2665 3008//2617 3010//2619 3195//2755
f  3196//2756 3195//2755 3194//2754 3197//488
f  3194//2754 3192//2752 3198//2757 3199//2758
f  3200//489 3197//488 3194//2754 3199//2758
f  3076//2665 3195//2755 3196//2756 3201//454
f  3078//452 3075//451 3076//2665 3201//454
f  3201//454 3196//2756 3202//2759 3203//453
f  3204//491 3188//2749 3182//2744 3183//2745
f  3196//2756 3197//488 3205//490 3202//2759
f  3185//2746 3188//2749 3206//2760 3189//2750
f  3207//493 3206//2760 3188//2749 3204//491
f  3208//496 3209//2761 3189//2750 3206//2760
f  3210//2762 3190//2751 3189//2750 3209//2761
f  3211//495 3212//2763 3209//2761 3208//496
f  3209//2761 3212//2763 3213//2764 3210//2762
f  3214//2765 3212//2763 3211//495 3215//2766
f  3213//2764 3212//2763 3214//2765 3216//2767
f  3214//2765 3199//2758 3198//2757 3216//2767
f  3200//489 3199//2758 3214//2765 3215//2766
f  3217//2768 3203//453 3202//2759 3218//492
f  3219//497 3218//492 3202//2759 3205//490
f  3220//494 3208//496 3206//2760 3207//493
f  3219//497 3215//2766 3211//495 3220//494
f  3190//2751 3210//2762 3221//501 3191//500
f  3210//2762 3213//2764 3222//2769 3221//501
f  3213//2764 3216//2767 3223//2770 3222//2769
f  3224//2771 3187//2748 3191//500 3225//499
f  3226//2772 3059//2654 3058//2653 3180//2743
f  3059//2654 3226//2772 3227//2773 3067//2662
f  3184//487 3074//486 3073//2664 3077//2666
f  3224//2771 3226//2772 3180//2743 3187//2748
f  3228//2774 3227//2773 3226//2772 3224//2771
f  3067//2662 3227//2773 3229//2775 3083//2671
f  3227//2773 3228//2774 3230//2776 3229//2775
f  3217//2768 3077//2666 3078//452 3203//453
f  3184//487 3077//2666 3217//2768 3183//2745
f  3204//491 3183//2745 3217//2768 3218//492
f  3224//2771 3225//499 3231//2777 3228//2774
f  3228//2774 3231//2777 3232//503 3230//2776
f  3225//499 3233//502 3234//2778 3231//2777
f  3233//502 3235//498 3236//2779 3237//2780
f  3238//2781 3234//2778 3233//502 3237//2780
f  3231//2777 3234//2778 3239//504 3232//503
f  3234//2778 3238//2781 3240//2782 3239//504
f  3192//2752 3193//2753 3241//2783 3198//2757
f  3193//2753 3116//2689 3242//2784 3241//2783
f  3223//2770 3216//2767 3198//2757 3241//2783
f  3242//2784 3116//2689 3119//2692 3243//2785
f  3119//2692 3118//2691 3130//2700 3243//2785
f  3241//2783 3242//2784 3244//2786 3223//2770
f  3242//2784 3243//2785 3245//2787 3244//2786
f  3200//489 3215//2766 3219//497 3205//490
f  3246//2788 3243//2785 3130//2700 3141//2708
f  3243//2785 3246//2788 3247//2789 3245//2787
f  3246//2788 3141//2708 3248//2790 3249//2791
f  3250//2792 3247//2789 3246//2788 3249//2791
f  3251//2793 3222//2769 3223//2770 3244//2786
f  3235//498 3221//501 3222//2769 3251//2793
f  3235//498 3251//2793 3252//2794 3236//2779
f  3252//2794 3251//2793 3244//2786 3245//2787
f  3252//2794 3245//2787 3247//2789 3253//2795
f  3254//2796 3236//2779 3252//2794 3253//2795
f  3255//2797 3237//2780 3236//2779 3254//2796
f  3256//2798 3254//2796 3253//2795 3257//2799
f  3253//2795 3247//2789 3250//2792 3257//2799
f  3258//510 3255//2797 3254//2796 3256//2798
f  3091//461 3171//2735 3259//2800 3146//476
f  3260//541 3259//2800 3171//2735 3172//509
f  3237//2780 3255//2797 3261//2801 3238//2781
f  3262//2802 3261//2801 3255//2797 3258//510
f  3238//2781 3261//2801 3263//2803 3240//2782
f  3261//2801 3262//2802 3264//549 3263//2803
f  3134//2703 3135//2704 3265//2804 3266//2805
f  3248//2790 3141//2708 3134//2703 3266//2805
f  3266//2805 3265//2804 3267//2806 3268//2807
f  3269//2808 3248//2790 3266//2805 3268//2807
f  3270//2809 3267//2806 3265//2804 3271//2810
f  3265//2804 3135//2704 3136//2705 3271//2810
f  3272//515 3249//2791 3248//2790 3269//2808
f  3273//2811 3268//2807 3267//2806 3274//2812
f  3267//2806 3270//2809 3275//2813 3274//2812
f  3270//2809 3271//2810 3276//2814 3277//2815
f  3278//2816 3275//2813 3270//2809 3277//2815
f  3279//2817 3269//2808 3268//2807 3273//2811
f  3269//2808 3279//2817 3280//2818 3272//515
f  3281//2819 3279//2817 3273//2811 3282//2820
f  3273//2811 3274//2812 3283//517 3282//2820
f  3274//2812 3275//2813 3284//518 3283//517
f  3285//2821 3286//2822 3287//2823 3288//2824
f  3285//2821 3289//2825 3290//2826 3286//2822
f  3284//518 3289//2825 3285//2821 3291//519
f  3285//2821 3288//2824 3292//2827 3291//519
f  3293//2828 3290//2826 3289//2825 3294//2829
f  3295//523 3294//2829 3289//2825 3284//518
f  3275//2813 3278//2816 3296//522 3284//518
f  3297//2830 3280//2818 3279//2817 3281//2819
f  3272//515 3280//2818 3298//2831 3299//2832
f  3250//2792 3249//2791 3272//515 3300//514
f  3272//515 3299//2832 3301//2833 3302//513
f  3303//2834 3298//2831 3280//2818 3297//2830
f  3304//2835 3305//2836 3299//2832 3298//2831
f  3299//2832 3305//2836 3306//2837 3301//2833
f  3305//2836 3304//2835 3307//2838 3308//2839
f  3305//2836 3308//2839 3309//2840 3306//2837
f  3310//2841 3304//2835 3298//2831 3303//2834
f  3311//2842 3307//2838 3304//2835 3310//2841
f  3312//2843 3308//2839 3307//2838 3313//2844
f  3314//2845 3313//2844 3307//2838 3311//2842
f  3315//524 3312//2843 3313//2844 3316//525
f  3313//2844 3314//2845 3317//527 3316//525
f  3318//2846 3109//2682 3105//2679 3108//2681
f  3319//2847 3110//2683 3109//2682 3320//2848
f  3109//2682 3318//2846 3321//2849 3320//2848
f  3318//2846 3108//2681 3152//2717 3322//2850
f  3318//2846 3322//2850 3323//2851 3321//2849
f  3133//2702 3139//474 3324//2852 3136//2705
f  3325//478 3324//2852 3139//474 3140//473
f  3137//2706 3111//2684 3287//2823 3286//2822
f  3290//2826 3138//2707 3137//2706 3286//2822
f  3276//2814 3271//2810 3136//2705 3324//2852
f  3293//2828 3142//2709 3138//2707 3290//2826
f  3324//2852 3325//478 3326//528 3276//2814
f  3327//533 3143//2710 3142//2709 3293//2828
f  3111//2684 3110//2683 3319//2847 3287//2823
f  3328//532 3144//2711 3143//2710 3327//533
f  3152//2717 3153//2718 3329//2853 3322//2850
f  3330//2854 3329//2853 3153//2718 3155//2720
f  3322//2850 3329//2853 3331//2855 3323//2851
f  3332//2856 3331//2855 3329//2853 3330//2854
f  3333//2857 3176//2739 3173//2736 3334//2858
f  3173//2736 3174//2737 3335//536 3334//2858
f  3336//534 3335//536 3174//2737 3175//2738
f  3176//2739 3333//2857 3337//2859 3177//2740
f  3338//2860 3158//2722 3144//2711 3328//532
f  3334//2858 3335//536 3339//535 3340//2861
f  3341//2862 3333//2857 3334//2858 3340//2861
f  3333//2857 3341//2862 3342//2863 3337//2859
f  3158//2722 3338//2860 3343//590 3159//2723
f  3288//2824 3287//2823 3319//2847 3344//2864
f  3319//2847 3320//2848 3345//2865 3344//2864
f  3320//2848 3321//2849 3346//2866 3345//2865
f  3321//2849 3323//2851 3347//2867 3346//2866
f  3340//2861 3339//535 3348//2868 3349//2869
f  3350//2870 3341//2862 3340//2861 3349//2869
f  3339//535 3336//534 3351//2871 3348//2868
f  3336//534 3175//2738 3352//2872 3353//537
f  3354//2873 3351//2871 3336//534 3355//538
f  3323//2851 3331//2855 3356//2874 3347//2867
f  3357//2875 3356//2874 3331//2855 3332//2856
f  3358//529 3277//2815 3276//2814 3326//528
f  3257//2799 3250//2792 3300//514 3359//2876
f  3360//2877 3256//2798 3257//2799 3359//2876
f  3361//511 3258//510 3256//2798 3360//2877
f  3362//2878 3359//2876 3300//514 3302//513
f  3359//2876 3362//2878 3363//2879 3360//2877
f  3146//476 3259//2800 3364//2880 3365//479
f  3366//543 3364//2880 3259//2800 3260//541
f  3277//2815 3358//529 3367//544 3278//2816
f  3293//2828 3294//2829 3368//531 3327//533
f  3365//479 3364//2880 3369//2881 3370//530
f  3278//2816 3367//544 3371//545 3296//522
f  3294//2829 3295//523 3372//2882 3368//531
f  3367//544 3370//530 3373//2883 3371//545
f  3374//2884 3362//2878 3302//513 3301//2833
f  3341//2862 3350//2870 3375//2885 3342//2863
f  3376//2886 3369//2881 3364//2880 3366//543
f  3377//2887 3262//2802 3258//510 3378//512
f  3262//2802 3377//2887 3379//550 3264//549
f  3380//2888 3381//2889 3382//2890 3383//2891
f  3380//2888 3383//2891 3384//2892 3385//2893
f  3380//2888 3385//2893 3386//2894 3374//2884
f  3380//2888 3374//2884 3301//2833 3381//2889
f  3381//2889 3387//2895 3388//2896 3382//2890
f  3381//2889 3301//2833 3306//2837 3387//2895
f  3383//2891 3382//2890 3389//2897 3390//2898
f  3391//2899 3384//2892 3383//2891 3390//2898
f  3392//2900 3393//2901 3394//554 3395//555
f  3394//554 3393//2901 3396//2902 3397//552
f  3398//2903 3399//557 3400//556 3401//2904
f  3402//2905 3401//2904 3400//556 3403//558
f  3389//2897 3382//2890 3388//2896 3404//2906
f  3405//2907 3390//2898 3389//2897 3406//2908
f  3389//2897 3404//2906 3407//2909 3406//2908
f  3408//2910 3404//2906 3388//2896 3409//2911
f  3408//2910 3409//2911 3410//2912 3411//2913
f  3407//2909 3404//2906 3408//2910 3412//2914
f  3408//2910 3411//2913 3413//2915 3412//2914
f  3308//2839 3312//2843 3414//2916 3309//2840
f  3388//2896 3387//2895 3415//2917 3409//2911
f  3410//2912 3409//2911 3415//2917 3416//2918
f  3415//2917 3387//2895 3306//2837 3309//2840
f  3415//2917 3309//2840 3414//2916 3416//2918
f  3416//2918 3417//565 3418//567 3410//2912
f  3419//566 3417//565 3416//2918 3414//2916
f  3393//2901 3392//2900 3420//2919 3421//2920
f  3422//2921 3396//2902 3393//2901 3421//2920
f  3392//2900 3395//555 3423//559 3424//2922
f  3398//2903 3424//2922 3423//559 3399//557
f  3312//2843 3315//524 3419//566 3414//2916
f  3425//2923 3420//2919 3392//2900 3424//2922
f  3420//2919 3425//2923 3426//2924 3427//2925
f  3428//2926 3421//2920 3420//2919 3427//2925
f  3424//2922 3398//2903 3429//2927 3425//2923
f  3430//568 3411//2913 3410//2912 3418//567
f  3429//2927 3398//2903 3401//2904 3431//2928
f  3401//2904 3402//2905 3432//2929 3431//2928
f  3426//2924 3425//2923 3429//2927 3433//2930
f  3429//2927 3431//2928 3434//2931 3433//2930
f  3384//2892 3391//2899 3435//576 3436//575
f  3437//2932 3385//2893 3384//2892 3436//575
f  3438//2933 3391//2899 3390//2898 3405//2907
f  3439//577 3435//576 3391//2899 3438//2933
f  3440//2934 3441//574 3435//576 3442//578
f  3386//2894 3363//2879 3362//2878 3374//2884
f  3443//2935 3363//2879 3386//2894 3444//2936
f  3386//2894 3385//2893 3437//2932 3444//2936
f  3443//2935 3361//511 3360//2877 3363//2879
f  3361//511 3443//2935 3445//2937 3378//512
f  3443//2935 3444//2936 3446//2938 3445//2937
f  3446//2938 3444//2936 3437//2932 3447//2939
f  3437//2932 3436//575 3441//574 3447//2939
f  3378//512 3445//2937 3448//2940 3377//2887
f  3445//2937 3446//2938 3449//2941 3448//2940
f  3446//2938 3447//2939 3450//2942 3449//2941
f  3377//2887 3448//2940 3451//2943 3379//550
f  3448//2940 3449//2941 3452//2944 3451//2943
f  3447//2939 3441//574 3453//2945 3450//2942
f  3449//2941 3450//2942 3454//2946 3452//2944
f  3450//2942 3453//2945 3455//581 3454//2946
f  3456//2947 3453//2945 3441//574 3440//2934
f  3453//2945 3456//2947 3457//2948 3455//581
f  3458//2949 3459//2950 3344//2864 3345//2865
f  3292//2827 3288//2824 3344//2864 3459//2950
f  3460//2951 3459//2950 3458//2949 3461//2952
f  3458//2949 3345//2865 3346//2866 3462//2953
f  3463//2954 3461//2952 3458//2949 3462//2953
f  3459//2950 3460//2951 3464//2955 3292//2827
f  3460//2951 3465//2956 3466//2957 3464//2955
f  3460//2951 3461//2952 3467//2958 3465//2956
f  3461//2952 3463//2954 3468//2959 3467//2958
f  3465//2956 3467//2958 3469//2960 3470//2961
f  3471//2962 3466//2957 3465//2956 3470//2961
f  3472//2963 3303//2834 3297//2830 3473//2964
f  3310//2841 3303//2834 3472//2963 3474//2965
f  3475//2966 3474//2965 3472//2963 3476//2967
f  3472//2963 3473//2964 3477//2968 3476//2967
f  3473//2964 3297//2830 3281//2819 3478//2969
f  3473//2964 3478//2969 3479//2970 3477//2968
f  3282//2820 3283//517 3480//516 3481//2971
f  3480//516 3291//519 3292//2827 3481//2971
f  3281//2819 3282//2820 3481//2971 3482//2972
f  3481//2971 3292//2827 3464//2955 3482//2972
f  3281//2819 3482//2972 3483//2973 3478//2969
f  3484//582 3485//521 3296//522 3486//546
f  3295//523 3485//521 3487//583 3372//2882
f  3482//2972 3464//2955 3466//2957 3483//2973
f  3488//2974 3487//583 3484//582 3489//2975
f  3484//582 3486//546 3490//2976 3489//2975
f  3311//2842 3310//2841 3474//2965 3491//2977
f  3492//2978 3314//2845 3311//2842 3491//2977
f  3493//569 3317//527 3314//2845 3492//2978
f  3396//2902 3422//2921 3494//2979 3495//2980
f  3496//560 3397//552 3396//2902 3495//2980
f  3497//2981 3494//2979 3422//2921 3498//2982
f  3422//2921 3421//2920 3428//2926 3498//2982
f  3499//2983 3495//2980 3494//2979 3500//2984
f  3494//2979 3497//2981 3501//2985 3500//2984
f  3479//2970 3478//2969 3483//2973 3502//2986
f  3483//2973 3466//2957 3471//2962 3502//2986
f  3479//2970 3502//2986 3503//2987 3504//2988
f  3505//2989 3477//2968 3479//2970 3504//2988
f  3502//2986 3471//2962 3506//2990 3503//2987
f  3507//2991 3462//2953 3346//2866 3347//2867
f  3328//532 3368//531 3372//2882 3508//2992
f  3509//2993 3338//2860 3328//532 3508//2992
f  3510//594 3463//2954 3462//2953 3507//2991
f  3347//2867 3356//2874 3511//2994 3507//2991
f  3512//2995 3349//2869 3348//2868 3513//585
f  3348//2868 3351//2871 3514//586 3513//585
f  3515//2996 3511//2994 3356//2874 3357//2875
f  3351//2871 3354//2873 3516//587 3514//586
f  3338//2860 3509//2993 3517//2997 3343//590
f  3463//2954 3510//594 3518//593 3468//2959
f  3519//584 3520//2998 3521//2999 3522//3000
f  3523//3001 3522//3000 3521//2999 3524//3002
f  3507//2991 3511//2994 3525//3003 3510//594
f  3512//2995 3513//585 3519//584 3522//3000
f  3519//584 3514//586 3526//3004 3520//2998
f  3527//597 3525//3003 3511//2994 3515//2996
f  3510//594 3525//3003 3528//3005 3529//592
f  3530//596 3528//3005 3525//3003 3527//597
f  3490//2976 3486//546 3371//545 3373//2883
f  3372//2882 3487//583 3488//2974 3508//2992
f  3350//2870 3349//2869 3512//2995 3531//3006
f  3512//2995 3522//3000 3523//3001 3531//3006
f  3370//530 3369//2881 3532//3007 3373//2883
f  3350//2870 3531//3006 3533//3008 3375//2885
f  3534//3009 3532//3007 3369//2881 3376//2886
f  3508//2992 3488//2974 3535//3010 3509//2993
f  3488//2974 3489//2975 3536//3011 3535//3010
f  3537//3012 3490//2976 3373//2883 3532//3007
f  3536//3011 3489//2975 3490//2976 3537//3012
f  3531//3006 3523//3001 3538//3013 3533//3008
f  3523//3001 3524//3002 3539//3014 3538//3013
f  3509//2993 3535//3010 3540//3015 3517//2997
f  3535//3010 3536//3011 3541//3016 3540//3015
f  3542//3017 3537//3012 3532//3007 3534//3009
f  3536//3011 3537//3012 3542//3017 3541//3016
f  3467//2958 3468//2959 3543//3018 3469//2960
f  3544//603 3543//3018 3468//2959 3518//593
f  3545//3019 3470//2961 3469//2960 3546//600
f  3469//2960 3543//3018 3547//601 3546//600
f  3543//3018 3544//603 3548//602 3547//601
f  3549//3020 3548//602 3550//604 3551//3021
f  3550//604 3544//603 3518//593 3552//3022
f  3550//604 3552//3022 3553//3023 3554//3024
f  3550//604 3554//3024 3555//3025 3551//3021
f  3471//2962 3470//2961 3545//3019 3506//2990
f  3506//2990 3545//3019 3556//3026 3557//3027
f  3558//606 3503//2987 3506//2990 3557//3027
f  3559//3028 3504//2988 3503//2987 3558//606
f  3545//3019 3546//600 3560//599 3556//3026
f  3561//3029 3557//3027 3556//3026 3560//599
f  3560//599 3562//598 3563//3030 3561//3029
f  3564//3031 3563//3030 3562//598 3565//605
f  3566//607 3558//606 3557//3027 3561//3029
f  3567//629 3559//3028 3558//606 3568//609
f  3561//3029 3563//3030 3569//3032 3566//607
f  3570//3033 3569//3032 3563//3030 3564//3031
f  3571//3034 3572//608 3566//607 3569//3032
f  3573//3035 3574//610 3572//608 3571//3034
f  3575//614 3576//613 3574//610 3573//3035
f  3577//611 3568//609 3574//610 3576//613
f  3578//3036 3571//3034 3569//3032 3570//3033
f  3579//3037 3573//3035 3571//3034 3578//3036
f  3549//3020 3565//605 3547//601 3548//602
f  3565//605 3549//3020 3580//3038 3564//3031
f  3549//3020 3551//3021 3581//3039 3580//3038
f  3570//3033 3564//3031 3580//3038 3582//3040
f  3583//3041 3578//3036 3570//3033 3582//3040
f  3518//593 3529//592 3584//3042 3552//3022
f  3585//3043 3584//3042 3586//3044 3587//3045
f  3529//592 3528//3005 3586//3044 3584//3042
f  3588//3046 3587//3045 3586//3044 3589//3047
f  3586//3044 3528//3005 3530//596 3589//3047
f  3553//3023 3552//3022 3584//3042 3585//3043
f  2966//2584 2967//2585 3585//3043 3587//3045
f  3585//3043 2967//2585 2968//2586 3553//3023
f  2966//2584 3587//3045 3588//3046 2969//2587
f  3554//3024 3553//3023 2968//2586 2971//2589
f  3405//2907 3590//619 3591//3048 3438//2933
f  3405//2907 3406//2908 3592//620 3590//619
f  3590//619 3593//621 3594//3049 3595//3050
f  3596//3051 3591//3048 3590//619 3595//3050
f  3439//577 3438//2933 3591//3048 3597//625
f  3591//3048 3596//3051 3598//626 3597//625
f  3499//2983 3599//561 3496//560 3495//2980
f  3600//3052 3601//562 3599//561 3499//2983
f  3601//562 3600//3052 3602//3053 3603//563
f  3600//3052 3499//2983 3500//2984 3604//3054
f  3605//3055 3602//3053 3600//3052 3604//3054
f  3606//564 3603//563 3602//3053 3607//3056
f  3402//2905 3403//558 3606//564 3607//3056
f  3608//570 3413//2915 3411//2913 3430//568
f  3406//2908 3407//2909 3609//3057 3592//620
f  3610//3058 3607//3056 3602//3053 3605//3055
f  3609//3057 3407//2909 3412//2914 3611//3059
f  3412//2914 3413//2915 3612//3060 3611//3059
f  3413//2915 3608//570 3613//571 3612//3060
f  3432//2929 3402//2905 3607//3056 3610//3058
f  3614//3061 3432//2929 3610//3058 3615//3062
f  3610//3058 3605//3055 3616//3063 3615//3062
f  3434//2931 3431//2928 3432//2929 3614//3061
f  3491//2977 3617//3064 3618//3065 3492//2978
f  3491//2977 3474//2965 3475//2966 3617//3064
f  3617//3064 3475//2966 3619//623 3620//3066
f  3621//3067 3618//3065 3617//3064 3620//3066
f  3622//572 3493//569 3492//2978 3618//3065
f  3623//3068 3604//3054 3500//2984 3501//2985
f  3604//3054 3623//3068 3616//3063 3605//3055
f  3624//573 3622//572 3618//3065 3621//3067
f  3475//2966 3476//2967 3625//622 3619//623
f  3619//623 3609//3057 3611//3059 3620//3066
f  3611//3059 3612//3060 3621//3067 3620//3066
f  3592//620 3609//3057 3619//623 3593//621
f  3612//3060 3613//571 3624//573 3621//3067
f  3476//2967 3477//2968 3626//3069 3625//622
f  3626//3069 3594//3049 3593//621 3625//622
f  3626//3069 3477//2968 3505//2989 3627//3070
f  3628//3071 3594//3049 3626//3069 3627//3070
f  3629//3072 3595//3050 3594//3049 3628//3071
f  3598//626 3596//3051 3595//3050 3629//3072
f  3439//577 3597//625 3630//624 3442//578
f  3598//626 3629//3072 3631//3073 3632//3074
f  3633//3075 3630//624 3598//626 3632//3074
f  3634//3076 3442//578 3630//624 3635//3077
f  3630//624 3633//3075 3636//3078 3635//3077
f  3637//3079 3440//2934 3442//578 3634//3076
f  3638//3080 3456//2947 3440//2934 3637//3079
f  3456//2947 3638//3080 3639//3081 3457//2948
f  3634//3076 3635//3077 3640//3082 3637//3079
f  3641//3083 3638//3080 3637//3079 3640//3082
f  3638//3080 3641//3083 3642//3084 3639//3081
f  3643//3085 3627//3070 3505//2989 3644//3086
f  3505//2989 3504//2988 3559//3028 3644//3086
f  3645//3087 3628//3071 3627//3070 3643//3085
f  3644//3086 3559//3028 3567//629 3646//3088
f  3647//3089 3643//3085 3644//3086 3646//3088
f  3631//3073 3629//3072 3628//3071 3645//3087
f  3631//3073 3645//3087 3648//3090 3649//3091
f  3650//3092 3632//3074 3631//3073 3651//3093
f  3631//3073 3649//3091 3652//3094 3651//3093
f  3648//3090 3645//3087 3643//3085 3647//3089
f  3646//3088 3567//629 3653//628 3654//3095
f  3655//3096 3647//3089 3646//3088 3654//3095
f  3567//629 3568//609 3656//612 3657//630
f  3649//3091 3648//3090 3658//636 3659//3097
f  3649//3091 3659//3097 3660//3098 3652//3094
f  3648//3090 3647//3089 3661//3099 3658//636
f  3662//3100 3661//3099 3647//3089 3655//3096
f  3658//636 3661//3099 3663//3101 3664//637
f  3665//3102 3659//3097 3658//636 3666//638
f  3661//3099 3662//3100 3667//3103 3663//3101
f  3668//3104 3660//3098 3659//3097 3665//3102
f  3632//3074 3650//3092 3669//3105 3633//3075
f  3650//3092 3651//3093 3670//3106 3671//3107
f  3672//3108 3669//3105 3650//3092 3671//3107
f  3636//3078 3633//3075 3669//3105 3673//3109
f  3674//3110 3673//3109 3669//3105 3672//3108
f  3675//3111 3636//3078 3673//3109 3676//3112
f  3677//3113 3676//3112 3673//3109 3674//3110
f  3678//3114 3635//3077 3636//3078 3675//3111
f  3651//3093 3652//3094 3679//3115 3670//3106
f  3680//3116 3679//3115 3652//3094 3660//3098
f  3676//3112 3681//3117 3682//3118 3675//3111
f  3683//3119 3681//3117 3676//3112 3677//3113
f  3684//3120 3682//3118 3681//3117 3685//3121
f  3686//3122 3685//3121 3681//3117 3683//3119
f  3687//3123 3640//3082 3635//3077 3678//3114
f  3688//3124 3641//3083 3640//3082 3687//3123
f  3641//3083 3688//3124 3689//3125 3642//3084
f  3690//3126 3678//3114 3675//3111 3682//3118
f  3678//3114 3690//3126 3691//641 3687//3123
f  3692//3127 3690//3126 3682//3118 3684//3120
f  3693//642 3691//641 3690//3126 3692//3127
f  3694//640 3688//3124 3687//3123 3691//641
f  3688//3124 3694//640 3695//646 3689//3125
f  3694//640 3696//643 3697//645 3695//646
f  2074//1947 2075//126 2282//2125 3698//3128
f  2074//1947 3698//3128 3699//3129 2949//2567
f  3700//3130 2282//2125 2281//159 2286//158
f  3698//3128 2282//2125 3701//3131 3702//3132
f  3703//3133 3699//3129 3698//3128 3702//3132
f  2282//2125 3700//3130 3704//3134 3701//3131
f  3700//3130 2286//158 2317//2147 3705//3135
f  3700//3130 3705//3135 3706//3136 3704//3134
f  3707//3137 2950//2568 2949//2567 3699//3129
f  2950//2568 3707//3137 3708//3138 2954//2572
f  3707//3137 3699//3129 3703//3133 3709//3139
f  3707//3137 3709//3139 3710//3140 3708//3138
f  3709//3139 3711//3141 3712//3142 3710//3140
f  3709//3139 3703//3133 3713//3143 3711//3141
f  3701//3131 3704//3134 3714//3144 3715//3145
f  3716//3146 3702//3132 3701//3131 3715//3145
f  3713//3143 3703//3133 3702//3132 3716//3146
f  3717//3147 3712//3142 3711//3141 3718//3148
f  3711//3141 3713//3143 3719//3149 3718//3148
f  3720//3150 2955//2573 2954//2572 3708//3138
f  2955//2573 3720//3150 3721//3151 2958//2576
f  3722//3152 3720//3150 3708//3138 3710//3140
f  3723//3153 3721//3151 3720//3150 3722//3152
f  2957//2575 2958//2576 3724//3154 2970//2588
f  3725//3155 3724//3154 2958//2576 3721//3151
f  2970//2588 3724//3154 3726//3156 2971//2589
f  3724//3154 3725//3155 3727//3157 3726//3156
f  3728//3158 3725//3155 3721//3151 3723//3153
f  3725//3155 3728//3158 3729//3159 3727//3157
f  3730//3160 3722//3152 3710//3140 3712//3142
f  3731//3161 3723//3153 3722//3152 3730//3160
f  3732//3162 3728//3158 3723//3153 3731//3161
f  3728//3158 3732//3162 3733//3163 3729//3159
f  3734//3164 3730//3160 3712//3142 3717//3147
f  3730//3160 3734//3164 3735//3165 3731//3161
f  3717//3147 3718//3148 3736//3166 3737//3167
f  3738//3168 3734//3164 3717//3147 3737//3167
f  3739//3169 3735//3165 3734//3164 3738//3168
f  3740//3170 3732//3162 3731//3161 3735//3165
f  3732//3162 3740//3170 3741//3171 3733//3163
f  3742//3172 3740//3170 3735//3165 3739//3169
f  3743//3173 3705//3135 2317//2147 2323//2150
f  3744//3174 3706//3136 3705//3135 3743//3173
f  3704//3134 3706//3136 3745//3175 3714//3144
f  3706//3136 3744//3174 3746//3176 3745//3175
f  2323//2150 2322//174 2643//309 3747//3177
f  3748//3178 3743//3173 2323//2150 3747//3177
f  3749//3179 3744//3174 3743//3173 3748//3178
f  3750//3180 3746//3176 3744//3174 3749//3179
f  3751//3181 3745//3175 3746//3176 3752//3182
f  3746//3176 3750//3180 3753//3183 3752//3182
f  3754//3184 3716//3146 3715//3145 3755//3185
f  3715//3145 3714//3144 3756//3186 3755//3185
f  3714//3144 3745//3175 3751//3181 3756//3186
f  3713//3143 3716//3146 3757//3187 3719//3149
f  3758//3188 3757//3187 3716//3146 3754//3184
f  3718//3148 3719//3149 3759//3189 3736//3166
f  3719//3149 3757//3187 3760//3190 3759//3189
f  3757//3187 3758//3188 3761//3191 3760//3190
f  3754//3184 3755//3185 3762//3192 3758//3188
f  3758//3188 3762//3192 3763//3193 3761//3191
f  3764//3194 3755//3185 3756//3186 3765//3195
f  3756//3186 3751//3181 3766//3196 3765//3195
f  3751//3181 3752//3182 3767//3197 3766//3196
f  3768//3198 3769//3199 3765//3195 3766//3196
f  3770//3200 3764//3194 3765//3195 3769//3199
f  3771//3201 3762//3192 3755//3185 3764//3194
f  3762//3192 3771//3201 3772//3202 3763//3193
f  3773//3203 3771//3201 3764//3194 3770//3200
f  3771//3201 3773//3203 3774//3204 3772//3202
f  3775//3205 3741//3171 3740//3170 3742//3172
f  3654//3095 3653//628 3776//649 3777//648
f  3654//3095 3777//648 3778//3206 3655//3096
f  3779//3207 3776//649 3653//628 3780//631
f  3781//653 3778//3206 3777//648 3782//650
f  3776//649 3779//3207 3783//651 3782//650
f  3784//654 3785//3208 3778//3206 3781//653
f  3662//3100 3655//3096 3778//3206 3785//3208
f  3785//3208 3784//654 3786//655 3787//657
f  3667//3103 3662//3100 3785//3208 3787//657
f  3779//3207 3788//3209 3789//658 3783//651
f  3779//3207 3780//631 3790//633 3788//3209
f  3786//655 3789//658 3788//3209 3791//656
f  3788//3209 3790//633 3792//3210 3791//656
f  3793//659 3671//3107 3670//3106 3794//660
f  3670//3106 3679//3115 3795//662 3794//660
f  3679//3115 3680//3116 3796//663 3795//662
f  3555//3025 3554//3024 2971//2589 3726//3156
f  3797//3211 3555//3025 3726//3156 3727//3157
f  3798//3212 3551//3021 3555//3025 3797//3211
f  3799//3213 3797//3211 3727//3157 3729//3159
f  3800//3214 3798//3212 3797//3211 3799//3213
f  3573//3035 3579//3037 3801//634 3575//614
f  3577//611 3801//634 3579//3037 3802//635
f  3579//3037 3578//3036 3583//3041 3802//635
f  3803//3215 3581//3039 3551//3021 3798//3212
f  3804//3216 3582//3040 3580//3038 3581//3039
f  3805//684 3583//3041 3582//3040 3804//3216
f  3581//3039 3803//3215 3806//3217 3804//3216
f  3807//3218 3803//3215 3798//3212 3800//3214
f  3803//3215 3807//3218 3808//3219 3806//3217
f  3809//3220 3799//3213 3729//3159 3733//3163
f  3810//665 3800//3214 3799//3213 3809//3220
f  3811//669 3807//3218 3800//3214 3810//665
f  3812//3221 3808//3219 3807//3218 3811//669
f  3813//3222 3809//3220 3733//3163 3741//3171
f  3814//668 3810//665 3809//3220 3813//3222
f  3815//632 3657//630 3656//612 3802//635
f  3802//635 3583//3041 3805//684 3815//632
f  3792//3210 3790//633 3815//632 3816//685
f  3805//684 3664//637 3663//3101 3816//685
f  3817//3223 3664//637 3805//684 3818//3224
f  3805//684 3804//3216 3806//3217 3818//3224
f  3816//685 3663//3101 3667//3103 3792//3210
f  3819//3225 3666//638 3664//637 3817//3223
f  3820//3226 3665//3102 3666//638 3819//3225
f  3817//3223 3818//3224 3821//3227 3822//3228
f  3692//3127 3819//3225 3817//3223 3822//3228
f  3792//3210 3667//3103 3787//657 3791//656
f  3821//3227 3818//3224 3806//3217 3808//3219
f  3660//3098 3668//3104 3823//3229 3680//3116
f  3668//3104 3665//3102 3820//3226 3824//3230
f  3668//3104 3824//3230 3825//3231 3823//3229
f  3684//3120 3685//3121 3824//3230 3820//3226
f  3824//3230 3685//3121 3686//3122 3825//3231
f  3692//3127 3684//3120 3820//3226 3819//3225
f  3680//3116 3823//3229 3826//686 3796//663
f  3823//3229 3825//3231 3827//687 3826//686
f  3828//690 3827//687 3825//3231 3686//3122
f  3829//3232 3822//3228 3821//3227 3830//3233
f  3821//3227 3808//3219 3812//3221 3830//3233
f  3829//3232 3693//642 3692//3127 3822//3228
f  3831//694 3832//639 3693//642 3829//3232
f  3832//639 3831//694 3833//691 3834//644
f  3829//3232 3830//3233 3835//695 3831//694
f  3836//702 3697//645 3834//644 3837//693
f  3830//3233 3812//3221 3838//679 3835//695
f  3812//3221 3811//669 3839//670 3838//679
f  3840//705 3841//696 3838//679 3842//680
f  3841//696 3840//705 3843//708 3844//703
f  3845//3234 3813//3222 3741//3171 3775//3205
f  3846//677 3814//668 3813//3222 3845//3234
f  3847//3235 3848//3236 3849//3237 3850//3238
f  3851//3239 3852//3240 3849//3237 3848//3236
f  3853//710 3850//3238 3849//3237 3854//711
f  3849//3237 3852//3240 3855//713 3854//711
f  3852//3240 3856//3241 3857//714 3855//713
f  3852//3240 3851//3239 3858//3242 3856//3241
f  3848//3236 3847//3235 3859//3243 3860//3244
f  3861//3245 3851//3239 3848//3236 3860//3244
f  3847//3235 3850//3238 3862//3246 3863//3247
f  3864//3248 3859//3243 3847//3235 3863//3247
f  3851//3239 3861//3245 3865//3249 3858//3242
f  3862//3246 3850//3238 3853//710 3866//715
f  3862//3246 3866//715 3867//716 3868//3250
f  3869//3251 3863//3247 3862//3246 3868//3250
f  3870//717 3857//714 3856//3241 3871//3252
f  3872//3253 3871//3252 3856//3241 3858//3242
f  3873//3254 3868//3250 3867//716 3874//718
f  3875//719 3870//717 3871//3252 3876//3255
f  3877//3256 3878//720 3875//719 3876//3255
f  3874//718 3878//720 3877//3256 3873//3254
f  3868//3250 3873//3254 3879//3257 3869//3251
f  3873//3254 3877//3256 3880//3258 3879//3257
f  3881//3259 3876//3255 3871//3252 3872//3253
f  3877//3256 3876//3255 3881//3259 3880//3258
f  3671//3107 3793//659 3882//723 3672//3108
f  3883//721 3882//723 3793//659 3884//661
f  3674//3110 3672//3108 3882//723 3885//722
f  3885//722 3883//721 3886//725 3887//727
f  3677//3113 3674//3110 3885//722 3887//727
f  3884//661 3794//660 3795//662 3888//664
f  3796//663 3826//686 3889//688 3888//664
f  3677//3113 3887//727 3890//726 3683//3119
f  3686//3122 3683//3119 3890//726 3828//690
f  3891//3260 3892//3261 3893//3262 3894//3263
f  3891//3260 3895//730 3896//729 3892//3261
f  3897//3264 3898//3265 3891//3260 3894//3263
f  3899//732 3895//730 3891//3260 3898//3265
f  3900//3266 3901//736 3902//735 3903//3267
f  3902//735 3904//737 3905//741 3906//742
f  3907//3268 3903//3267 3902//735 3906//742
f  3908//3269 3909//746 3910//745 3911//3270
f  3908//3269 3911//3270 3912//3271 3913//747
f  3914//3272 3909//746 3908//3269 3915//3273
f  3908//3269 3913//747 3916//749 3915//3273
f  3909//746 3914//3272 3917//3274 3918//744
f  3919//773 3912//3271 3911//3270 3920//3275
f  3911//3270 3910//745 3921//752 3920//3275
f  3910//745 3918//744 3922//377 3921//752
f  3923//3276 3924//3277 3925//756 3926//755
f  3927//378 3928//754 3925//756 3929//759
f  3925//756 3924//3277 3930//3278 3929//759
f  3913//747 3912//3271 3931//765 3932//748
f  3933//768 3934//3279 3924//3277 3923//3276
f  3933//768 3923//3276 3935//3280 3936//766
f  3937//777 3934//3279 3933//768 3938//767
f  3939//775 3931//765 3912//3271 3919//773
f  3934//3279 3937//777 3940//779 3941//781
f  3930//3278 3924//3277 3934//3279 3941//781
f  3935//3280 3923//3276 3926//755 3942//783
f  3943//758 3942//783 3926//755 3928//754
f  3944//3281 3945//3282 3946//3283 3893//3262
f  3944//3281 3893//3262 3892//3261 3947//3284
f  3948//3285 3945//3282 3944//3281 3949//3286
f  3944//3281 3947//3284 3950//3287 3949//3286
f  3951//3288 3952//3289 3945//3282 3948//3285
f  3945//3282 3952//3289 3953//3290 3946//3283
f  3947//3284 3892//3261 3896//729 3954//784
f  3947//3284 3954//784 3955//762 3950//3287
f  3954//784 3896//729 3956//728 3957//761
f  3958//787 3901//736 3900//3266 3959//3291
f  3904//737 3901//736 3958//787 3960//740
f  3958//787 3959//3291 3961//3292 3962//769
f  3963//3293 3964//3294 3952//3289 3951//3288
f  3952//3289 3964//3294 3965//3295 3953//3290
f  3964//3294 3963//3293 3966//3296 3967//3297
f  3964//3294 3967//3297 3968//3298 3965//3295
f  3969//3299 3970//3300 3971//790 3972//789
f  3971//790 3973//792 3974//791 3975//788
f  3971//790 3970//3300 3976//3301 3973//792
f  3977//786 3978//785 3970//3300 3969//3299
f  3970//3300 3978//785 3979//733 3976//3301
f  3978//785 3957//761 3956//728 3979//733
f  3980//3302 3981//782 3982//794 3983//3303
f  3982//794 3984//795 3985//797 3986//796
f  3987//3304 3983//3303 3982//794 3986//796
f  3914//3272 3915//3273 3969//3299 3972//789
f  3969//3299 3915//3273 3916//749 3977//786
f  3932//748 3957//761 3977//786 3916//749
f  3983//3303 3988//739 3989//771 3980//3302
f  3989//771 3936//766 3935//3280 3980//3302
f  3917//3274 3914//3272 3972//789 3975//788
f  3935//3280 3942//783 3981//782 3980//3302
f  3990//3305 3894//3263 3893//3262 3946//3283
f  3991//3306 3990//3305 3946//3283 3953//3290
f  3967//3297 3959//3291 3900//3266 3968//3298
f  3900//3266 3903//3267 3992//3307 3968//3298
f  3988//739 3983//3303 3987//3304 3993//738
f  3966//3296 3961//3292 3959//3291 3967//3297
f  3938//767 3994//770 3995//778 3937//777
f  3948//3285 3949//3286 3996//3308 3997//3309
f  3998//3310 3951//3288 3948//3285 3997//3309
f  3949//3286 3950//3287 3999//3311 3996//3308
f  3950//3287 3955//762 4000//763 3999//3311
f  3951//3288 3998//3310 4001//3312 3963//3293
f  4002//3313 3994//770 3962//769 3961//3292
f  3996//3308 3999//3311 4003//3314 4004//3315
f  4005//3316 3997//3309 3996//3308 4004//3315
f  4006//3317 3998//3310 3997//3309 4005//3316
f  3998//3310 4006//3317 4007//3318 4001//3312
f  3999//3311 4000//763 4008//764 4003//3314
f  4009//3319 3995//778 3994//770 4002//3313
f  3961//3292 3966//3296 4010//3320 4002//3313
f  4010//3320 3966//3296 3963//3293 4001//3312
f  3897//3264 3894//3263 3990//3305 4011//3321
f  4012//3322 3898//3265 3897//3264 4013//3323
f  3897//3264 4011//3321 4014//3324 4013//3323
f  3898//3265 4012//3322 4015//837 3899//732
f  4011//3321 3990//3305 3991//3306 4016//3325
f  4011//3321 4016//3325 4017//3326 4014//3324
f  4018//3327 4019//3328 4016//3325 3991//3306
f  4016//3325 4019//3328 4020//3329 4017//3326
f  4019//3328 4018//3327 3992//3307 4021//3330
f  4022//3331 4020//3329 4019//3328 4021//3330
f  3991//3306 3953//3290 3965//3295 4018//3327
f  4018//3327 3965//3295 3968//3298 3992//3307
f  3992//3307 3903//3267 3907//3268 4021//3330
f  4023//3332 4024//3333 4025//3334 4026//3335
f  4023//3332 4027//3336 4028//3337 4024//3333
f  4029//3338 4030//3339 4023//3332 4026//3335
f  4031//3340 4027//3336 4023//3332 4030//3339
f  4028//3337 4027//3336 4032//3341 4033//3342
f  4034//3343 4033//3342 4032//3341 4035//3344
f  4036//3345 4035//3344 4032//3341 4037//311
f  4032//3341 4027//3336 4031//3340 4037//311
f  4024//3333 4028//3337 4038//3346 4039//3347
f  4040//3348 4025//3334 4024//3333 4039//3347
f  4041//3349 4042//3350 4025//3334 4040//3348
f  4043//3351 4026//3335 4025//3334 4042//3350
f  4044//3352 4045//3353 4046//3354 4047//3355
f  4048//3356 4047//3355 4046//3354 4049//3357
f  4050//3358 4049//3357 4046//3354 4051//801
f  4046//3354 4045//3353 4052//802 4051//801
f  4045//3353 4044//3352 4053//3359 4054//3360
f  4045//3353 4054//3360 4055//804 4052//802
f  4056//3361 4044//3352 4047//3355 4057//3362
f  4058//3363 4057//3362 4047//3355 4048//3356
f  4028//3337 4033//3342 4059//3364 4038//3346
f  4033//3342 4034//3343 4060//807 4059//3364
f  4061//805 4034//3343 4035//3344 4062//359
f  4035//3344 4036//3345 4063//806 4062//359
f  4034//3343 4061//805 4064//350 4060//807
f  4065//3365 4066//810 4067//808 4068//3366
f  4067//808 4069//361 4070//3367 4068//3366
f  4064//350 2736//2393 4071//803 4055//804
f  4064//350 2712//349 2716//2382 2736//2393
f  4072//757 2743//2394 4073//351 4074//811
f  2717//2383 2714//352 4073//351 2743//2394
f  4075//3368 4039//3347 4038//3346 4053//3359
f  4054//3360 4053//3359 4038//3346 4059//3364
f  4039//3347 4075//3368 4076//3369 4040//3348
f  4055//804 4054//3360 4059//3364 4060//807
f  4077//3370 4076//3369 4075//3368 4056//3361
f  4075//3368 4053//3359 4044//3352 4056//3361
f  4076//3369 4077//3370 4078//3371 4079//3372
f  4041//3349 4040//3348 4076//3369 4079//3372
f  4078//3371 4077//3370 4080//3373 4081//3374
f  4056//3361 4057//3362 4080//3373 4077//3370
f  4080//3373 4057//3362 4058//3363 4082//3375
f  4083//3376 4081//3374 4080//3373 4082//3375
f  4084//3377 4041//3349 4079//3372 4085//3378
f  4079//3372 4078//3371 4086//3379 4085//3378
f  4078//3371 4081//3374 4087//3380 4086//3379
f  4088//3381 4087//3380 4081//3374 4083//3376
f  4084//3377 4089//3382 4042//3350 4041//3349
f  4042//3350 4089//3382 4090//3383 4043//3351
f  4089//3382 4084//3377 4091//3384 4092//3385
f  4093//3386 4090//3383 4089//3382 4092//3385
f  4084//3377 4085//3378 4094//3387 4091//3384
f  4095//3388 4065//3365 4091//3384 4094//3387
f  4068//3366 4092//3385 4091//3384 4065//3365
f  4086//3379 4087//3380 4096//3389 4097//3390
f  4094//3387 4085//3378 4086//3379 4097//3390
f  4098//3391 4096//3389 4087//3380 4088//3381
f  4099//3392 4097//3390 4096//3389 4100//3393
f  4101//3394 4100//3393 4096//3389 4098//3391
f  4100//3393 4101//3394 4102//3395 4103//3396
f  4104//3397 4099//3392 4100//3393 4103//3396
f  4094//3387 4097//3390 4099//3392 4095//3388
f  4105//3398 4095//3388 4099//3392 4104//3397
f  4106//809 4066//810 4105//3398 4074//811
f  4066//810 4065//3365 4095//3388 4105//3398
f  4107//3399 4108//3400 4109//3401 4110//3402
f  4109//3401 4111//3403 4112//3404 4110//3402
f  4109//3401 4108//3400 4113//3405 4114//3406
f  4115//3407 4111//3403 4109//3401 4114//3406
f  4116//3408 4112//3404 4111//3403 4117//3409
f  4118//3410 4117//3409 4111//3403 4115//3407
f  4108//3400 4107//3399 4119//3411 4120//3412
f  4108//3400 4120//3412 4121//3413 4113//3405
f  4110//3402 4112//3404 4122//3414 4123//3415
f  4122//3414 4112//3404 4116//3408 4124//815
f  4125//3416 4123//3415 4122//3414 4126//818
f  4122//3414 4124//815 4127//814 4126//818
f  4124//815 4116//3408 4128//822 4129//816
f  4107//3399 4110//3402 4123//3415 4130//3417
f  4131//3418 4130//3417 4123//3415 4125//3416
f  4119//3411 4107//3399 4130//3417 4132//3419
f  4133//3420 4132//3419 4130//3417 4131//3418
f  4116//3408 4117//3409 4134//823 4128//822
f  4128//822 4135//824 4136//825 4137//821
f  4138//3421 4139//3422 4140//828 4141//827
f  4142//831 4143//826 4140//828 4144//830
f  4140//828 4139//3422 4145//3423 4146//829
f  4147//3424 4148//3425 4139//3422 4138//3421
f  4139//3422 4148//3425 4149//3426 4145//3423
f  4150//3427 4151//3428 4148//3425 4147//3424
f  4148//3425 4151//3428 4152//3429 4149//3426
f  4120//3412 4119//3411 4153//3430 4154//3431
f  4120//3412 4154//3431 4155//3432 4121//3413
f  4153//3430 4119//3411 4132//3419 4156//3433
f  4132//3419 4133//3420 4157//3434 4156//3433
f  4154//3431 4153//3430 4151//3428 4150//3427
f  4158//3435 4155//3432 4154//3431 4150//3427
f  4152//3429 4151//3428 4153//3430 4156//3433
f  4058//3363 4048//3356 4159//3436 4160//3437
f  4161//3438 4082//3375 4058//3363 4160//3437
f  4159//3436 4048//3356 4049//3357 4162//3439
f  4114//3406 4160//3437 4159//3436 4115//3407
f  4118//3410 4115//3407 4159//3436 4162//3439
f  4160//3437 4114//3406 4113//3405 4161//3438
f  4162//3439 4049//3357 4050//3358 4163//834
f  4162//3439 4163//834 4164//833 4118//3410
f  4050//3358 3975//788 3974//791 4163//834
f  3917//3274 3975//788 4050//3358 4051//801
f  3985//797 3984//795 4165//3440 4166//835
f  4167//3441 4166//835 4165//3440 4102//3395
f  4165//3440 3984//795 3943//758 4168//799
f  4103//3396 4102//3395 4165//3440 4168//799
f  4169//3442 4170//836 4166//835 4167//3441
f  4171//3443 4172//3444 4173//731 4174//734
f  4171//3443 4136//825 4175//793 4172//3444
f  4171//3443 4174//734 4176//839 4177//3445
f  4171//3443 4177//3445 4137//821 4136//825
f  4174//734 3899//732 4015//837 4176//839
f  4178//842 3906//742 4179//743 4180//840
f  4117//3409 4118//3410 4164//833 4134//823
f  4181//3446 4161//3438 4113//3405 4121//3413
f  4135//824 4134//823 4164//833 3974//791
f  4138//3421 4141//827 4170//836 4169//3442
f  4170//836 4141//827 4143//826 3985//797
f  4147//3424 4138//3421 4169//3442 4182//3447
f  4169//3442 4167//3441 4183//3448 4182//3447
f  4147//3424 4182//3447 4158//3435 4150//3427
f  3973//792 3976//3301 4172//3444 4175//793
f  3976//3301 3979//733 4173//731 4172//3444
f  3905//741 3993//738 3987//3304 4184//800
f  3987//3304 3986//796 4185//798 4184//800
f  4181//3446 4083//3376 4082//3375 4161//3438
f  4186//3449 4088//3381 4083//3376 4181//3446
f  4088//3381 4186//3449 4187//3450 4098//3391
f  4181//3446 4121//3413 4155//3432 4186//3449
f  4186//3449 4155//3432 4158//3435 4187//3450
f  4101//3394 4098//3391 4187//3450 4183//3448
f  4182//3447 4183//3448 4187//3450 4158//3435
f  4102//3395 4101//3394 4183//3448 4167//3441
f  4031//3340 3747//3177 2643//309 4037//311
f  4030//3339 3748//3178 3747//3177 4031//3340
f  4036//3345 4037//311 2645//310 2646//2351
f  3748//3178 4030//3339 4029//3338 3749//3179
f  3750//3180 3749//3179 4029//3338 4188//3451
f  4029//3338 4026//3335 4043//3351 4188//3451
f  3753//3183 3750//3180 4188//3451 4189//3452
f  4188//3451 4043//3351 4090//3383 4189//3452
f  4190//357 2654//2358 2653//2357 2661//318
f  3752//3182 3753//3183 4191//3453 3767//3197
f  4191//3453 3753//3183 4189//3452 4192//3454
f  4191//3453 4192//3454 4193//3455 4194//3456
f  4195//3457 3767//3197 4191//3453 4194//3456
f  4036//3345 2646//2351 2654//2358 4063//806
f  4063//806 2654//2358 4190//357 4196//360
f  4189//3452 4090//3383 4093//3386 4192//3454
f  4193//3455 4192//3454 4093//3386 4070//3367
f  4093//3386 4092//3385 4068//3366 4070//3367
f  4197//358 4194//3456 4193//3455 4198//362
f  4195//3457 4194//3456 4197//358 4199//332
f  4200//355 2667//328 4197//358 4198//362
f  4190//357 2665//320 2724//354 4196//360
f  4070//3367 4069//361 4198//362 4193//3455
f  4201//331 4202//333 3769//3199 3768//3198
f  3769//3199 4202//333 4203//330 3770//3200
f  4195//3457 4199//332 4201//331 3768//3198
f  3766//3196 3767//3197 4195//3457 3768//3198
f  4204//3458 3773//3203 3770//3200 4203//330
f  3773//3203 4204//3458 4205//846 3774//3204
f  4203//330 2672//324 4206//3459 4204//3458
f  4204//3458 4206//3459 4207//849 4205//846
f  4208//3460 4206//3459 2672//324 2671//327
f  4206//3459 4208//3460 4209//851 4207//849
f  2912//2540 4208//3460 2671//327 2725//2387
f  4208//3460 2912//2540 4210//3461 4209//851
f  2912//2540 2911//2539 2915//2543 4210//3461
f  2736//2393 2734//368 2738//373 4071//803
f  3918//744 4071//803 2738//373 3922//377
f  4071//803 3918//744 3917//3274 4051//801
f  2742//371 2743//2394 4072//757 2741//375
f  3927//378 2741//375 4072//757 3928//754
f  4104//3397 4103//3396 4168//799 4211//812
f  4074//811 4105//3398 4104//3397 4211//812
f  4212//3462 4213//3463 4214//3464 4215//3465
f  4214//3464 4213//3463 4216//3466 4217//3467
f  4214//3464 4218//3468 4219//3469 4215//3465
f  4214//3464 4217//3467 4220//3470 4218//3468
f  4221//3471 4222//3472 4213//3463 4212//3462
f  4213//3463 4222//3472 4223//3473 4216//3466
f  4224//3474 4223//3473 4222//3472 4225//3475
f  4222//3472 4221//3471 4226//3476 4225//3475
f  4221//3471 4212//3462 4227//3477 4228//3478
f  3860//3244 3859//3243 4227//3477 4229//3479
f  4227//3477 4212//3462 4215//3465 4229//3479
f  4227//3477 3859//3243 3864//3248 4228//3478
f  4221//3471 4228//3478 4230//3480 4226//3476
f  4231//856 4232//3481 4217//3467 4216//3466
f  4217//3467 4232//3481 4233//3482 4220//3470
f  4234//817 4235//3483 4232//3481 4231//856
f  4232//3481 4235//3483 4236//3484 4233//3482
f  4237//858 4238//3485 4235//3483 4239//859
f  4240//3486 4236//3484 4235//3483 4238//3485
f  4235//3483 4234//817 4241//819 4239//859
f  4125//3416 4126//818 4234//817 4242//857
f  4125//3416 4242//857 4243//3487 4131//3418
f  4242//857 4231//856 4244//3488 4243//3487
f  4243//3487 4244//3488 4245//3489 4246//3490
f  4133//3420 4131//3418 4243//3487 4246//3490
f  4244//3488 4231//856 4216//3466 4223//3473
f  4244//3488 4223//3473 4224//3474 4245//3489
f  4218//3468 4220//3470 4247//3491 4248//3492
f  4249//3493 4219//3469 4218//3468 4248//3492
f  4250//3494 3861//3245 3860//3244 4229//3479
f  3861//3245 4250//3494 4251//3495 3865//3249
f  4229//3479 4215//3465 4219//3469 4250//3494
f  4250//3494 4219//3469 4249//3493 4251//3495
f  4251//3495 4249//3493 4252//3496 4253//3497
f  4254//3498 3865//3249 4251//3495 4253//3497
f  3872//3253 3858//3242 3865//3249 4254//3498
f  4247//3491 4220//3470 4233//3482 4255//3499
f  4233//3482 4236//3484 4256//3500 4255//3499
f  4236//3484 4240//3486 4257//3501 4256//3500
f  4258//3502 4248//3492 4247//3491 4259//3503
f  4247//3491 4255//3499 4260//3504 4259//3503
f  4255//3499 4256//3500 4261//3505 4260//3504
f  4249//3493 4248//3492 4258//3502 4252//3496
f  4262//3506 4253//3497 4252//3496 4263//3507
f  4252//3496 4258//3502 4264//3508 4263//3507
f  4265//3509 4254//3498 4253//3497 4262//3506
f  4258//3502 4259//3503 4266//3510 4264//3508
f  4012//3322 4013//3323 4238//3485 4237//858
f  4238//3485 4013//3323 4014//3324 4240//3486
f  4015//837 4012//3322 4237//858 4267//838
f  4240//3486 4014//3324 4017//3326 4257//3501
f  4268//820 4177//3445 4176//839 4267//838
f  4261//3505 4256//3500 4257//3501 4269//3511
f  4257//3501 4017//3326 4020//3329 4269//3511
f  4241//819 4127//814 4268//820 4239//859
f  4268//820 4270//813 4137//821 4177//3445
f  4271//860 4272//843 4146//829 4145//3423
f  4273//832 4144//830 4146//829 4272//843
f  4274//861 4275//3512 4276//841 4277//844
f  4276//841 4275//3512 4278//3513 4178//842
f  4276//841 4180//840 4273//832 4277//844
f  4275//3512 4274//861 4279//864 4280//3514
f  4275//3512 4280//3514 4022//3331 4278//3513
f  4145//3423 4149//3426 4281//865 4271//860
f  4282//3515 4281//865 4149//3426 4152//3429
f  4277//844 4271//860 4283//862 4274//861
f  4281//865 4282//3515 4284//867 4285//863
f  4279//864 4286//3516 4260//3504 4261//3505
f  4266//3510 4259//3503 4260//3504 4286//3516
f  4286//3516 4279//864 4285//863 4287//866
f  4286//3516 4287//866 4288//3517 4266//3510
f  4261//3505 4269//3511 4280//3514 4279//864
f  4269//3511 4020//3329 4022//3331 4280//3514
f  4289//3518 4230//3480 4228//3478 3864//3248
f  4230//3480 4289//3518 4290//3519 4291//3520
f  4292//3521 4226//3476 4230//3480 4291//3520
f  4293//3522 4224//3474 4225//3475 4294//3523
f  4225//3475 4226//3476 4292//3521 4294//3523
f  4295//3524 4245//3489 4224//3474 4293//3522
f  4294//3523 4292//3521 4296//3525 4297//3526
f  4288//3517 4293//3522 4294//3523 4297//3526
f  4298//3527 4246//3490 4245//3489 4295//3524
f  4157//3434 4133//3420 4246//3490 4298//3527
f  4293//3522 4288//3517 4287//866 4295//3524
f  4295//3524 4287//866 4284//867 4298//3527
f  3864//3248 3863//3247 3869//3251 4289//3518
f  3869//3251 3879//3257 4290//3519 4289//3518
f  3879//3257 3880//3258 4299//3528 4290//3519
f  3880//3258 3881//3259 4265//3509 4299//3528
f  3881//3259 3872//3253 4254//3498 4265//3509
f  4300//3529 4291//3520 4290//3519 4299//3528
f  4299//3528 4265//3509 4262//3506 4300//3529
f  4296//3525 4292//3521 4291//3520 4300//3529
f  4262//3506 4263//3507 4296//3525 4300//3529
f  4296//3525 4263//3507 4264//3508 4297//3526
f  4288//3517 4297//3526 4264//3508 4266//3510
f  4284//867 4282//3515 4157//3434 4298//3527
f  4152//3429 4156//3433 4157//3434 4282//3515
f  3907//3268 3906//742 4178//842 4278//3513
f  4021//3330 3907//3268 4278//3513 4022//3331
f  4301//873 4302//869 4303//868 4304//874
f  4305//872 4304//874 4303//868 4306//871
f  4302//869 4301//873 4307//3530 4308//3531
f  4309//3532 4310//870 4302//869 4308//3531
f  4311//3533 4305//872 4306//871 4312//3534
f  4306//871 4310//870 4309//3532 4312//3534
f  4301//873 4305//872 4311//3533 4307//3530
f  4313//879 4307//3530 4311//3533 4314//877
f  4311//3533 4312//3534 4315//3535 4314//877
f  4316//880 4313//879 4314//877 4317//876
f  4316//880 4317//876 4318//3536 4319//3537
f  4320//3538 4321//878 4316//880 4319//3537
f  4322//882 4308//3531 4307//3530 4313//879
f  4323//3539 4324//875 4314//877 4315//3535
f  4309//3532 4308//3531 4322//882 4325//3540
f  4315//3535 4312//3534 4309//3532 4325//3540
f  4326//3541 4325//3540 4322//882 4327//883
f  4323//3539 4315//3535 4325//3540 4326//3541
f  4326//3541 4327//883 4328//3542 4329//3543
f  4330//898 4323//3539 4326//3541 4329//3543
f  4331//886 4332//885 4333//890 4334//889
f  4331//886 4334//889 4335//3544 4336//3545
f  4337//3546 4338//884 4331//886 4336//3545
f  4333//890 4332//885 4339//887 4340//888
f  4341//3547 4339//887 4338//884 4337//3546
f  4342//3548 4340//888 4339//887 4341//3547
f  4342//3548 4335//3544 4334//889 4340//888
f  4343//895 4344//891 4335//3544 4342//3548
f  4345//3549 4336//3545 4335//3544 4344//891
f  4344//891 4346//893 4347//3550 4345//3549
f  4348//3551 4346//893 4349//892 4350//3552
f  4349//892 4351//894 4352//3553 4350//3552
f  4346//893 4348//3551 4353//3554 4347//3550
f  4342//3548 4341//3547 4354//3555 4343//895
f  4351//894 4355//896 4356//3556 4352//3553
f  4357//3557 4358//897 4343//895 4354//3555
f  4355//896 4358//897 4359//3558 4356//3556
f  4358//897 4357//3557 4360//3559 4359//3558
f  4348//3551 4350//3552 4361//3560 4362//3561
f  4363//3562 4353//3554 4348//3551 4362//3561
f  4364//3563 4361//3560 4350//3552 4352//3553
f  4318//3536 4317//876 4324//875 4365//900
f  4318//3536 4365//900 4366//899 4367//3564
f  4368//3565 4319//3537 4318//3536 4367//3564
f  4330//898 4365//900 4324//875 4323//3539
f  4361//3560 4364//3563 4369//3566 4370//3567
f  4371//3568 4362//3561 4361//3560 4370//3567
f  4352//3553 4356//3556 4372//3569 4364//3563
f  4373//3570 4372//3569 4356//3556 4359//3558
f  4364//3563 4372//3569 4374//902 4369//3566
f  4372//3569 4373//3570 4375//903 4374//902
f  4376//3571 4377//3572 4378//3573 4379//3574
f  4376//3571 4379//3574 4380//3575 4381//3576
f  4382//907 4377//3572 4376//3571 4383//905
f  4376//3571 4381//3576 4384//3577 4383//905
f  4336//3545 4345//3549 4385//3578 4337//3546
f  4385//3578 4345//3549 4347//3550 4386//3579
f  4347//3550 4353//3554 4387//3580 4386//3579
f  4354//3555 4341//3547 4337//3546 4385//3578
f  4386//3579 4357//3557 4354//3555 4385//3578
f  4357//3557 4386//3579 4387//3580 4360//3559
f  4353//3554 4363//3562 4388//3581 4387//3580
f  4389//3582 4363//3562 4362//3561 4371//3568
f  4390//3583 4388//3581 4363//3562 4389//3582
f  4391//3584 4360//3559 4387//3580 4388//3581
f  4359//3558 4360//3559 4391//3584 4373//3570
f  4378//3573 4377//3572 4392//3585 4393//3586
f  4394//924 4379//3574 4378//3573 4395//908
f  4396//909 4395//908 4378//3573 4393//3586
f  4397//911 4391//3584 4388//3581 4390//3583
f  4397//911 4375//903 4373//3570 4391//3584
f  4398//912 4392//3585 4377//3572 4382//907
f  4399//3587 4393//3586 4392//3585 4400//3588
f  4401//3589 4400//3588 4392//3585 4398//912
f  4402//3590 4403//915 4404//919 4405//3591
f  4406//916 4403//915 4402//3590 4407//3592
f  4402//3590 4405//3591 4408//925 4409//910
f  4410//3593 4407//3592 4402//3590 4409//910
f  4403//915 4411//914 4412//917 4404//919
f  4412//917 4411//914 4413//920 4414//918
f  4414//918 4415//3594 4405//3591 4404//919
f  4414//918 4413//920 4416//922 4415//3594
f  4406//916 4407//3592 4416//922 4413//920
f  4417//927 4408//925 4405//3591 4415//3594
f  4380//3575 4379//3574 4394//924 4418//926
f  4394//924 4395//908 4409//910 4408//925
f  4419//921 4417//927 4415//3594 4416//922
f  4417//927 4419//921 4420//3595 4421//928
f  4422//3596 4380//3575 4418//926 4421//928
f  4423//3597 4381//3576 4380//3575 4422//3596
f  4424//3598 4420//3595 4419//921 4425//923
f  4381//3576 4423//3597 4426//3599 4384//3577
f  4423//3597 4422//3596 4427//3600 4428//3601
f  4423//3597 4428//3601 4429//3602 4426//3599
f  4422//3596 4421//928 4420//3595 4427//3600
f  4430//3603 4427//3600 4420//3595 4424//3598
f  4431//3604 4428//3601 4427//3600 4430//3603
f  4432//933 4433//932 4434//931 4435//930
f  4434//931 4433//932 4436//935 4437//929
f  4438//3605 4432//933 4435//930 4439//3606
f  4435//930 4437//929 4440//3607 4439//3606
f  4437//929 4436//935 4441//3608 4440//3607
f  4442//3609 4443//934 4432//933 4438//3605
f  4441//3608 4436//935 4443//934 4442//3609
f  4444//940 4445//939 4446//938 4447//937
f  4446//938 4445//939 4448//3610 4449//3611
f  4450//3612 4451//936 4446//938 4449//3611
f  4452//3613 4448//3610 4445//939 4453//941
f  4438//3605 4439//3606 4444//940 4447//937
f  4444//940 4439//3606 4440//3607 4454//942
f  4438//3605 4447//937 4455//3614 4442//3609
f  4440//3607 4441//3608 4456//946 4454//942
f  4441//3608 4442//3609 4455//3614 4456//946
f  4425//923 4416//922 4407//3592 4410//3593
f  4410//3593 4409//910 4396//909 4457//3615
f  4396//909 4393//3586 4399//3587 4457//3615
f  4424//3598 4425//923 4410//3593 4457//3615
f  4430//3603 4424//3598 4457//3615 4399//3587
f  4399//3587 4400//3588 4431//3604 4430//3603
f  4458//3616 4431//3604 4400//3588 4401//3589
f  4429//3602 4428//3601 4431//3604 4458//3616
f  4447//937 4451//936 4459//3617 4455//3614
f  4451//936 4450//3612 4460//3618 4459//3617
f  4461//881 4321//878 4320//3538 4462//3619
f  4461//881 4462//3619 4328//3542 4327//883
f  4462//3619 4320//3538 4463//3620 4464//3621
f  4462//3619 4464//3621 4465//3622 4328//3542
f  4320//3538 4319//3537 4368//3565 4463//3620
f  4466//3623 4464//3621 4463//3620 4467//3624
f  4463//3620 4368//3565 4468//3625 4467//3624
f  4464//3621 4466//3623 4469//3626 4465//3622
f  4466//3623 4467//3624 4470//3627 4471//3628
f  4472//3629 4469//3626 4466//3623 4471//3628
f  4473//3630 4329//3543 4328//3542 4465//3622
f  4474//3631 4330//898 4329//3543 4473//3630
f  4465//3622 4469//3626 4475//3632 4473//3630
f  4476//3633 4475//3632 4469//3626 4472//3629
f  4477//3634 4367//3564 4366//899 4478//3635
f  4474//3631 4478//3635 4366//899 4330//898
f  4479//948 4480//947 4370//3567 4369//3566
f  4370//3567 4480//947 4481//3636 4371//3568
f  4468//3625 4368//3565 4367//3564 4477//3634
f  4480//947 4477//3634 4478//3635 4481//3636
f  4482//3637 4481//3636 4478//3635 4474//3631
f  4468//3625 4477//3634 4480//947 4483//3638
f  4470//3627 4467//3624 4468//3625 4483//3638
f  4484//951 4483//3638 4480//947 4485//949
f  4369//3566 4374//902 4486//904 4479//948
f  4487//950 4486//904 4383//905 4384//3577
f  4470//3627 4483//3638 4484//951 4488//3639
f  4489//3640 4471//3628 4470//3627 4488//3639
f  4490//3641 4472//3629 4471//3628 4489//3640
f  4488//3639 4484//951 4491//952 4492//957
f  4493//3642 4489//3640 4488//3639 4492//957
f  4371//3568 4481//3636 4482//3637 4389//3582
f  4474//3631 4473//3630 4475//3632 4482//3637
f  4389//3582 4482//3637 4494//3643 4390//3583
f  4495//3644 4482//3637 4475//3632 4476//3633
f  4496//3645 4494//3643 4482//3637 4495//3644
f  4497//913 4397//911 4390//3583 4494//3643
f  4398//912 4497//913 4498//3646 4401//3589
f  4499//3647 4497//913 4494//3643 4496//3645
f  4497//913 4499//3647 4500//3648 4498//3646
f  4499//3647 4496//3645 4501//964 4502//963
f  4499//3647 4502//963 4503//965 4500//3648
f  4496//3645 4495//3644 4504//3649 4501//964
f  4504//3649 4495//3644 4476//3633 4505//3650
f  4476//3633 4472//3629 4490//3641 4505//3650
f  4506//3651 4504//3649 4505//3650 4507//966
f  4505//3650 4490//3641 4508//967 4507//966
f  4509//962 4501//964 4504//3649 4506//3651
f  4506//3651 4507//966 4510//968 4511//3652
f  4512//3653 4509//962 4506//3651 4511//3652
f  4513//3654 4500//3648 4503//965 4514//3655
f  4503//965 4509//962 4515//3656 4514//3655
f  4516//3657 4515//3656 4509//962 4512//3653
f  4384//3577 4426//3599 4517//953 4487//950
f  4518//972 4517//953 4426//3599 4429//3602
f  4519//3658 4448//3610 4452//3613 4520//3659
f  4449//3611 4448//3610 4519//3658 4521//969
f  4522//3660 4523//3661 4519//3658 4520//3659
f  4519//3658 4523//3661 4524//970 4521//969
f  4517//953 4523//3661 4522//3660 4525//959
f  4524//970 4523//3661 4517//953 4518//972
f  4452//3613 4453//941 4526//943 4527//3662
f  4528//3663 4520//3659 4452//3613 4527//3662
f  4449//3611 4521//969 4529//971 4450//3612
f  4526//943 4454//942 4456//946 4530//945
f  4531//3664 4527//3662 4526//943 4530//945
f  4456//946 4455//3614 4459//3617 4532//944
f  4533//3665 4531//3664 4530//945 4532//944
f  4520//3659 4528//3663 4534//3666 4522//3660
f  4527//3662 4531//3664 4535//3667 4528//3663
f  4536//3668 4535//3667 4531//3664 4533//3665
f  4528//3663 4535//3667 4537//3669 4534//3666
f  4538//3670 4537//3669 4535//3667 4536//3668
f  4539//3671 4525//959 4522//3660 4534//3666
f  4540//3672 4541//954 4525//959 4539//3671
f  4542//960 4543//955 4541//954 4540//3672
f  4534//3666 4537//3669 4544//3673 4539//3671
f  4545//3674 4544//3673 4537//3669 4538//3670
f  4539//3671 4544//3673 4546//3675 4540//3672
f  4544//3673 4545//3674 4547//3676 4546//3675
f  4548//973 4458//3616 4401//3589 4498//3646
f  4518//972 4429//3602 4458//3616 4548//973
f  4498//3646 4500//3648 4513//3654 4548//973
f  4460//3618 4450//3612 4529//971 4549//3677
f  4529//971 4548//973 4550//3678 4549//3677
f  4551//3679 4550//3678 4548//973 4513//3654
f  4532//944 4459//3617 4460//3618 4533//3665
f  4536//3668 4533//3665 4460//3618 4549//3677
f  4538//3670 4536//3668 4549//3677 4550//3678
f  4545//3674 4538//3670 4550//3678 4551//3679
f  4513//3654 4514//3655 4552//3680 4551//3679
f  4514//3655 4515//3656 4553//976 4552//3680
f  4554//974 4553//976 4515//3656 4516//3657
f  4545//3674 4551//3679 4552//3680 4547//3676
f  4555//975 4547//3676 4552//3680 4553//976
f  4489//3640 4493//3642 4556//3681 4490//3641
f  4557//3682 4493//3642 4492//957 4558//958
f  4491//952 4559//956 4560//3683 4558//958
f  4493//3642 4557//3682 4561//978 4556//3681
f  4562//961 4560//3683 4559//956 4543//955
f  4563//3684 4557//3682 4558//958 4560//3683
f  4557//3682 4563//3684 4564//3685 4561//978
f  4565//3686 4563//3684 4560//3683 4562//961
f  4566//986 4564//3685 4563//3684 4565//3686
f  4490//3641 4556//3681 4567//3687 4508//967
f  4568//977 4567//3687 4556//3681 4561//978
f  4508//967 4567//3687 4569//3688 4510//968
f  4567//3687 4568//977 4570//981 4569//3688
f  4568//977 4571//979 4572//983 4573//980
f  4561//978 4564//3685 4574//3689 4571//979
f  4575//985 4574//3689 4564//3685 4566//986
f  4576//3690 4572//983 4571//979 4574//3689
f  4572//983 4576//3690 4577//3691 4578//982
f  4579//987 4576//3690 4574//3689 4575//985
f  4576//3690 4579//987 4580//989 4577//3691
f  4581//3692 4542//960 4540//3672 4546//3675
f  4565//3686 4562//961 4542//960 4581//3692
f  4565//3686 4581//3692 4582//3693 4566//986
f  4581//3692 4546//3675 4547//3676 4582//3693
f  4583//3694 4582//3693 4547//3676 4555//975
f  4584//984 4566//986 4582//3693 4583//3694
f  4585//3695 4583//3694 4555//975 4554//974
f  4575//985 4584//984 4586//988 4579//987
f  4584//984 4583//3694 4585//3695 4587//990
f  4588//3696 4589//3697 2092//1964 2093//1965
f  4590//3698 2091//1963 2092//1964 4589//3697
f  4591//3699 2097//1969 2091//1963 4590//3698
f  4592//3700 4593//3701 4589//3697 4588//3696
f  4589//3697 4593//3701 4594//3702 4590//3698
f  4595//3703 4594//3702 4593//3701 4596//3704
f  4593//3701 4592//3700 4597//3705 4596//3704
f  4598//3706 2103//1975 2102//1974 4599//3707
f  2102//1974 2109//1981 4600//3708 4599//3707
f  2109//1981 2110//1982 4601//3709 4600//3708
f  2093//1965 2103//1975 4598//3706 4588//3696
f  4592//3700 4588//3696 4598//3706 4602//991
f  4598//3706 4599//3707 4603//992 4602//991
f  4592//3700 4602//991 4604//993 4597//3705
f  4605//3710 4603//992 4599//3707 4600//3708
f  4603//992 4605//3710 4606//3711 4607//995
f  4608//3712 4512//3653 4511//3652 4609//3713
f  4511//3652 4510//968 4610//3714 4609//3713
f  4510//968 4569//3688 4611//3715 4610//3714
f  4512//3653 4608//3712 4612//3716 4516//3657
f  4569//3688 4570//981 4613//3717 4611//3715
f  4614//3718 4613//3717 4570//981 4578//982
f  4615//3719 4608//3712 4609//3713 4616//3720
f  4609//3713 4610//3714 4617//3721 4616//3720
f  4608//3712 4615//3719 4618//3722 4612//3716
f  4615//3719 4616//3720 4619//3723 4620//3724
f  4621//3725 4618//3722 4615//3719 4620//3724
f  4610//3714 4611//3715 4622//3726 4617//3721
f  4611//3715 4613//3717 4623//3727 4622//3726
f  4616//3720 4617//3721 4624//3728 4619//3723
f  4617//3721 4622//3726 4625//3729 4624//3728
f  4626//3730 4554//974 4516//3657 4612//3716
f  4627//3731 4585//3695 4554//974 4626//3730
f  4628//3732 4587//990 4585//3695 4627//3731
f  4629//3733 4580//989 4587//990 4628//3732
f  4630//3734 4577//3691 4580//989 4629//3733
f  4612//3716 4618//3722 4631//3735 4626//3730
f  4632//3736 4631//3735 4618//3722 4621//3725
f  4633//3737 4627//3731 4626//3730 4631//3735
f  4634//3738 4628//3732 4627//3731 4633//3737
f  4631//3735 4632//3736 4635//3739 4633//3737
f  4636//3740 4620//3724 4619//3723 4637//3741
f  4638//3742 4637//3741 4619//3723 4624//3728
f  4639//3743 4640//3744 4637//3741 4638//3742
f  4641//3745 4636//3740 4637//3741 4640//3744
f  4620//3724 4636//3740 4642//3746 4621//3725
f  4636//3740 4641//3745 4643//3747 4642//3746
f  4644//998 4645//997 4646//3748 4647//3749
f  4648//3750 4649//996 4644//998 4650//3751
f  4644//998 4647//3749 4651//3752 4650//3751
f  4645//997 4640//3744 4639//3743 4646//3748
f  4641//3745 4640//3744 4645//997 4652//3753
f  4653//3754 4652//3753 4645//997 4649//996
f  4643//3747 4641//3745 4652//3753 4654//3755
f  4655//3756 4654//3755 4652//3753 4653//3754
f  4639//3743 4638//3742 4656//3757 4657//3758
f  4658//3759 4646//3748 4639//3743 4657//3758
f  4659//3760 4647//3749 4646//3748 4658//3759
f  4647//3749 4659//3760 4660//3761 4651//3752
f  4621//3725 4642//3746 4661//3762 4632//3736
f  4662//3763 4661//3762 4642//3746 4643//3747
f  4632//3736 4661//3762 4663//3764 4635//3739
f  4661//3762 4662//3763 4664//3765 4663//3764
f  4662//3763 4643//3747 4654//3755 4665//3766
f  4666//1000 4665//3766 4654//3755 4655//3756
f  4662//3763 4665//3766 4667//3767 4664//3765
f  4665//3766 4666//1000 4668//1012 4667//3767
f  2179//2043 2180//138 4669//3768 4670//3769
f  4671//148 2239//147 2179//2043 4670//3769
f  4672//1003 2240//2094 2239//147 4673//149
f  2240//2094 4672//1003 4674//3770 2244//2098
f  4613//3717 4614//3718 4675//3771 4623//3727
f  4578//982 4577//3691 4630//3734 4614//3718
f  4614//3718 4630//3734 4676//3772 4675//3771
f  4630//3734 4629//3733 4677//3773 4676//3772
f  4622//3726 4623//3727 4678//3774 4625//3729
f  4623//3727 4675//3771 4679//3775 4678//3774
f  4675//3771 4676//3772 4680//3776 4679//3775
f  4676//3772 4677//3773 4681//3777 4680//3776
f  4629//3733 4628//3732 4634//3738 4677//3773
f  4682//3778 4634//3738 4633//3737 4635//3739
f  4681//3777 4677//3773 4634//3738 4682//3778
f  4656//3757 4638//3742 4624//3728 4625//3729
f  4683//3779 4656//3757 4625//3729 4678//3774
f  4684//3780 4657//3758 4656//3757 4683//3779
f  4685//3781 4683//3779 4678//3774 4679//3775
f  4686//3782 4684//3780 4683//3779 4685//3781
f  4687//3783 4685//3781 4679//3775 4680//3776
f  4688//3784 4658//3759 4657//3758 4684//3780
f  4689//3785 4659//3760 4658//3759 4688//3784
f  4660//3761 4659//3760 4689//3785 4690//3786
f  4691//1010 4651//3752 4660//3761 4692//3787
f  4693//3788 4692//3787 4660//3761 4690//3786
f  4694//3789 4688//3784 4684//3780 4686//3782
f  4689//3785 4688//3784 4694//3789 4695//3790
f  4696//3791 4690//3786 4689//3785 4695//3790
f  4697//3792 4686//3782 4685//3781 4687//3783
f  4686//3782 4697//3792 4698//3793 4694//3789
f  4699//3794 4700//3795 4697//3792 4701//3796
f  4697//3792 4687//3783 4702//3797 4701//3796
f  4703//1004 4698//3793 4697//3792 4700//3795
f  4704//3798 4695//3790 4694//3789 4698//3793
f  4705//1006 4704//3798 4698//3793 4703//1004
f  4706//3799 4682//3778 4635//3739 4663//3764
f  4681//3777 4682//3778 4707//3800 4708//3801
f  4709//3802 4680//3776 4681//3777 4708//3801
f  4708//3801 4707//3800 4710//3803 4711//3804
f  4712//3805 4709//3802 4708//3801 4711//3804
f  4713//3806 4707//3800 4682//3778 4706//3799
f  4714//3807 4710//3803 4707//3800 4713//3806
f  4715//3808 4711//3804 4710//3803 4714//3807
f  4706//3799 4663//3764 4664//3765 4716//3809
f  4717//3810 4716//3809 4664//3765 4667//3767
f  4716//3809 4700//3795 4699//3794 4718//3811
f  4713//3806 4706//3799 4716//3809 4718//3811
f  4703//1004 4700//3795 4716//3809 4717//3810
f  4714//3807 4713//3806 4718//3811 4719//3812
f  4718//3811 4699//3794 4720//3813 4719//3812
f  4699//3794 4701//3796 4721//3814 4720//3813
f  4714//3807 4719//3812 4720//3813 4715//3808
f  4702//3797 4687//3783 4680//3776 4709//3802
f  4702//3797 4709//3802 4712//3805 4722//3815
f  4721//3814 4701//3796 4702//3797 4722//3815
f  4712//3805 4711//3804 4715//3808 4722//3815
f  4722//3815 4715//3808 4720//3813 4721//3814
f  4723//137 2181//136 2097//1969 4591//3699
f  4591//3699 4590//3698 4594//3702 4724//3816
f  4725//3817 4723//137 4591//3699 4724//3816
f  4669//3768 2180//138 4723//137 4725//3817
f  4724//3816 4594//3702 4595//3703 4726//3818
f  4724//3816 4726//3818 4727//3819 4725//3817
f  4726//3818 4595//3703 4728//3820 4729//1008
f  4730//1007 4727//3819 4726//3818 4729//1008
f  4595//3703 4596//3704 4731//3821 4728//3820
f  4725//3817 4727//3819 4732//3822 4669//3768
f  4691//1010 4732//3822 4727//3819 4730//1007
f  4733//3823 4670//3769 4669//3768 4732//3822
f  4732//3822 4691//1010 4692//3787 4733//3823
f  4650//3751 4651//3752 4691//1010 4734//1011
f  4735//3824 4736//3825 4737//3826 4648//3750
f  4735//3824 4738//1009 4739//3827 4736//3825
f  4735//3824 4734//1011 4730//1007 4738//1009
f  4650//3751 4734//1011 4735//3824 4648//3750
f  4738//1009 4729//1008 4728//3820 4739//3827
f  4653//3754 4737//3826 4740//3828 4655//3756
f  4653//3754 4649//996 4648//3750 4737//3826
f  4740//3828 4737//3826 4736//3825 4741//3829
f  4736//3825 4739//3827 4742//3830 4741//3829
f  4740//3828 4741//3829 4743//3831 4744//1001
f  4666//1000 4655//3756 4740//3828 4744//1001
f  4742//3830 4739//3827 4728//3820 4731//3821
f  4745//3832 4731//3821 4596//3704 4597//3705
f  4746//3833 4742//3830 4731//3821 4745//3832
f  4743//3831 4741//3829 4742//3830 4746//3833
f  4747//3834 4743//3831 4746//3833 4748//3835
f  4746//3833 4745//3832 4749//3836 4748//3835
f  4750//999 4744//1001 4743//3831 4747//3834
f  4751//1013 4750//999 4747//3834 4752//3837
f  4747//3834 4748//3835 4753//3838 4752//3837
f  4751//1013 4668//1012 4666//1000 4750//999
f  4717//3810 4667//3767 4668//1012 4754//3839
f  4668//1012 4755//1014 4756//3840 4754//3839
f  4751//1013 4752//3837 4757//3841 4755//1014
f  4755//1014 4757//3841 4758//3842 4756//3840
f  4749//3836 4745//3832 4597//3705 4604//993
f  4749//3836 4604//993 4759//994 4760//3843
f  4753//3838 4748//3835 4749//3836 4760//3843
f  4761//3844 4753//3838 4760//3843 4762//1015
f  4760//3843 4759//994 4763//1016 4762//1015
f  4759//994 4607//995 4764//3845 4763//1016
f  4757//3841 4752//3837 4753//3838 4761//3844
f  4758//3842 4757//3841 4761//3844 4765//3846
f  4761//3844 4762//1015 4766//1019 4765//3846
f  4767//3847 4766//1019 4762//1015 4768//1017
f  4769//3848 4671//148 4670//3769 4733//3823
f  4671//148 4769//3848 4770//3849 4673//149
f  4733//3823 4692//3787 4693//3788 4769//3848
f  4693//3788 4690//3786 4696//3791 4771//1021
f  4770//3849 4769//3848 4693//3788 4771//1021
f  4771//1021 4696//3791 4772//3850 4773//1022
f  4774//3851 4770//3849 4771//1021 4775//1023
f  4696//3791 4695//3790 4704//3798 4772//3850
f  4776//1002 4673//149 4770//3849 4774//3851
f  4777//3852 4772//3850 4704//3798 4705//1006
f  4778//3853 4773//1022 4772//3850 4777//3852
f  4779//3854 4775//1023 4773//1022 4778//3853
f  4780//3855 4774//3851 4775//1023 4779//3854
f  4774//3851 4780//3855 4781//3856 4776//1002
f  4780//3855 4779//3854 4782//3857 4783//1018
f  4784//1020 4781//3856 4780//3855 4783//1018
f  4703//1004 4717//3810 4754//3839 4785//1005
f  4786//3858 4785//1005 4754//3839 4756//3840
f  4777//3852 4705//1006 4785//1005 4786//3858
f  4777//3852 4786//3858 4787//3859 4778//3853
f  4756//3840 4758//3842 4787//3859 4786//3858
f  4758//3842 4765//3846 4782//3857 4787//3859
f  4782//3857 4779//3854 4778//3853 4787//3859
f  4782//3857 4765//3846 4766//1019 4783//1018
f  4788//3860 4672//1003 4776//1002 4781//3856
f  4672//1003 4788//3860 4789//3861 4674//3770
f  4790//1026 4788//3860 4781//3856 4784//1020
f  4791//1025 4789//3861 4788//3860 4790//1026
f  4766//1019 4767//3847 4792//3862 4784//1020
f  4767//3847 4793//3863 4794//1029 4792//3862
f  4767//3847 4768//1017 4795//3864 4793//3863
f  4796//1024 4790//1026 4784//1020 4797//3865
f  4784//1020 4792//3862 4798//3866 4797//3865
f  4799//1027 4794//1029 4793//3863 4800//3867
f  4793//3863 4795//3864 4801//3868 4800//3867
f  4792//3862 4794//1029 4802//1028 4798//3866
f  4803//1034 4804//1033 4805//1032 4806//1031
f  4805//1032 4804//1033 4807//3869 4808//3870
f  4809//3871 4810//1030 4805//1032 4808//3870
f  4804//1033 4811//1035 4812//3872 4807//3869
f  4803//1034 4806//1031 4813//1036 4811//1035
f  4814//3873 4813//1036 4810//1030 4809//3871
f  4812//3872 4811//1035 4813//1036 4814//3873
f  4815//1041 4816//1040 4817//1039 4818//1038
f  4817//1039 4816//1040 4819//1043 4820//1037
f  4821//1044 4822//1048 4823//3874 4824//3875
f  4825//1049 4822//1048 4821//1044 4826//1046
f  4827//3876 4828//1045 4821//1044 4824//3875
f  4829//3877 4830//1047 4828//1045 4827//3876
f  4831//3878 4823//3874 4822//1048 4832//1050
f  4833//1055 4824//3875 4823//3874 4834//1052
f  4835//1056 4834//1052 4823//3874 4831//3878
f  4836//3879 4837//1054 4838//1051 4839//3880
f  4840//3881 4839//3880 4838//1051 4841//1053
f  4837//1054 4836//3879 4842//3882 4843//1057
f  4844//3883 4836//3879 4839//3880 4845//3884
f  4839//3880 4840//3881 4846//3885 4845//3884
f  4847//3886 4842//3882 4836//3879 4844//3883
f  4824//3875 4833//1055 4848//3887 4827//3876
f  4848//3887 4833//1055 4843//1057 4849//3888
f  4843//1057 4842//3882 4850//3889 4849//3888
f  4851//3890 4850//3889 4842//3882 4847//3886
f  4832//1050 4825//1049 4826//1046 4830//1047
f  4831//3878 4832//1050 4830//1047 4829//3877
f  4852//3891 4835//1056 4831//3878 4829//3877
f  4853//3892 4854//3893 4855//1060 4856//1062
f  4855//1060 4854//3893 4857//3894 4858//1064
f  4854//3893 4853//3892 4859//3895 4860//3896
f  4854//3893 4860//3896 4861//3897 4857//3894
f  4807//3869 4812//3872 4862//1066 4863//1061
f  4864//1063 4808//3870 4807//3869 4863//1061
f  4812//3872 4814//3873 4865//3898 4862//1066
f  4862//1066 4865//3898 4866//3899 4867//1068
f  4856//1062 4868//1065 4869//3900 4853//3892
f  4870//3901 4869//3900 4868//1065 4871//1067
f  4859//3895 4853//3892 4869//3900 4872//3902
f  4873//3903 4872//3902 4869//3900 4870//3901
f  4874//3904 4870//3901 4871//1067 4867//1068
f  4841//1053 4875//1058 4876//3905 4840//3881
f  4877//3906 4878//1059 4835//1056 4852//3891
f  4876//3905 4875//1058 4878//1059 4879//3907
f  4876//3905 4879//3907 4880//3908 4881//3909
f  4846//3885 4840//3881 4876//3905 4881//3909
f  4882//1069 4860//3896 4859//3895 4883//1070
f  4859//3895 4872//3902 4884//3910 4883//1070
f  4885//3911 4879//3907 4878//1059 4877//3906
f  4860//3896 4882//1069 4886//3912 4861//3897
f  4887//3913 4880//3908 4879//3907 4885//3911
f  4881//3909 4880//3908 4888//1073 4889//3914
f  4890//3915 4846//3885 4881//3909 4889//3914
f  4880//3908 4887//3913 4891//1074 4888//1073
f  4891//1074 4886//3912 4882//1069 4892//1071
f  4872//3902 4873//3903 4893//1077 4884//3910
f  4873//3903 4870//3901 4874//3904 4894//3916
f  4895//1078 4893//1077 4873//3903 4894//3916
f  4896//1072 4883//1070 4884//3910 4897//1080
f  4884//3910 4893//1077 4898//1076 4897//1080
f  4852//3891 4829//3877 4827//3876 4848//3887
f  4899//3917 4858//1064 4857//3894 4900//3918
f  4857//3894 4861//3897 4901//3919 4900//3918
f  4902//3920 4809//3871 4808//3870 4864//1063
f  4865//3898 4814//3873 4809//3871 4902//3920
f  4864//1063 4858//1064 4899//3917 4902//3920
f  4865//3898 4902//3920 4899//3917 4866//3899
f  4899//3917 4900//3918 4903//3921 4866//3899
f  4874//3904 4867//1068 4866//3899 4903//3921
f  4852//3891 4848//3887 4849//3888 4877//3906
f  4885//3911 4877//3906 4849//3888 4850//3889
f  4861//3897 4886//3912 4904//3922 4901//3919
f  4887//3913 4885//3911 4850//3889 4851//3890
f  4887//3913 4851//3890 4905//3923 4891//1074
f  4906//3924 4904//3922 4886//3912 4891//1074
f  4900//3918 4901//3919 4907//3925 4903//3921
f  4908//1084 4907//3925 4901//3919 4904//3922
f  4907//3925 4894//3916 4874//3904 4903//3921
f  4895//1078 4894//3916 4907//3925 4908//1084
f  4909//1085 4908//1084 4904//3922 4906//3924
f  4844//3883 4910//3926 4911//3927 4847//3886
f  4844//3883 4845//3884 4912//3928 4910//3926
f  4910//3926 4912//3928 4913//3929 4914//3930
f  4915//3931 4911//3927 4910//3926 4914//3930
f  4847//3886 4911//3927 4905//3923 4851//3890
f  4916//3932 4905//3923 4911//3927 4915//3931
f  4917//3933 4915//3931 4914//3930 4918//3934
f  4916//3932 4915//3931 4917//3933 4919//3935
f  4920//3936 4919//3935 4917//3933 4921//3937
f  4917//3933 4918//3934 4922//3938 4923//3939
f  4924//3940 4921//3937 4917//3933 4923//3939
f  4912//3928 4845//3884 4846//3885 4890//3915
f  4889//3914 4888//1073 4892//1071 4896//1072
f  4925//3941 4890//3915 4889//3914 4896//1072
f  4925//3941 4913//3929 4912//3928 4890//3915
f  4913//3929 4925//3941 4926//1087 4927//3942
f  4918//3934 4914//3930 4913//3929 4927//3942
f  4925//3941 4896//1072 4928//1079 4926//1087
f  4898//1076 4929//1083 4930//3943 4931//1081
f  4932//1094 4927//3942 4926//1087 4933//1086
f  4922//3938 4918//3934 4927//3942 4932//1094
f  4934//3944 4935//1093 4933//1086 4936//1088
f  4928//1079 4937//1090 4938//3945 4939//1091
f  4940//3946 4891//1074 4905//3923 4916//3932
f  4891//1074 4940//3946 4941//3947 4906//3924
f  4916//3932 4919//3935 4942//3948 4940//3946
f  4943//1099 4941//3947 4940//3946 4942//3948
f  4944//3949 4909//1085 4906//3924 4941//3947
f  4945//1092 4946//1082 4909//1085 4947//3950
f  4948//3951 4947//3950 4909//1085 4949//3952
f  4909//1085 4944//3949 4950//3953 4949//3952
f  4944//3949 4941//3947 4943//1099 4951//1101
f  4944//3949 4951//1101 4952//1102 4950//3953
f  4953//3954 4942//3948 4919//3935 4920//3936
f  4942//3948 4953//3954 4954//1100 4943//1099
f  4920//3936 4921//3937 4955//3955 4956//3956
f  4957//3957 4953//3954 4920//3936 4956//3956
f  4958//3958 4954//1100 4953//3954 4957//3957
f  4959//3959 4952//1102 4954//1100 4960//3960
f  4961//3961 4960//3960 4954//1100 4958//3958
f  4962//3962 4950//3953 4952//1102 4959//3959
f  4921//3937 4924//3940 4963//3963 4955//3955
f  4964//3964 4922//3938 4932//1094 4935//1093
f  4965//3965 4923//3939 4922//3938 4964//3964
f  4966//3966 4964//3964 4935//1093 4934//3944
f  4964//3964 4966//3966 4967//3967 4965//3965
f  4968//1098 4934//3944 4936//1088 4969//1089
f  4970//3968 4966//3966 4934//3944 4968//1098
f  4971//3969 4967//3967 4966//3966 4970//3968
f  4972//3970 4924//3940 4923//3939 4965//3965
f  4924//3940 4972//3970 4973//3971 4963//3963
f  4974//3972 4972//3970 4965//3965 4967//3967
f  4972//3970 4974//3972 4975//3973 4973//3971
f  4976//3974 4974//3972 4967//3967 4971//3969
f  4974//3972 4976//3974 4977//3975 4975//3973
f  4976//3974 4971//3969 4978//3976 4979//3977
f  4976//3974 4979//3977 4980//3978 4977//3975
f  4815//1041 4818//1038 4981//3979 4982//3980
f  4815//1041 4982//3980 4983//3981 4984//1042
f  4985//3982 4981//3979 4818//1038 4820//1037
f  4986//1106 4987//1104 4981//3979 4985//3982
f  4988//1109 4982//3980 4981//3979 4987//1104
f  4982//3980 4988//1109 4989//3983 4983//3981
f  4990//3984 4991//1107 4992//1103 4993//3985
f  4994//3986 4993//3985 4992//1103 4995//1105
f  4988//1109 4987//1104 4992//1103 4991//1107
f  4991//1107 4990//3984 4996//3987 4997//1108
f  4820//1037 4819//1043 4998//1112 4985//3982
f  4998//1112 4819//1043 4984//1042 4983//3981
f  4999//1111 4986//1106 4985//3982 4998//1112
f  5000//3988 5001//1110 4986//1106 4999//1111
f  4993//3985 4994//3986 5002//3989 5003//3990
f  5004//3991 4990//3984 4993//3985 5003//3990
f  5005//3992 4996//3987 4990//3984 5004//3991
f  5006//3993 4994//3986 4995//1105 5001//1110
f  5007//3994 5002//3989 4994//3986 5006//3993
f  5003//3990 4929//1083 4945//1092 5004//3991
f  4930//3943 4929//1083 5003//3990 5002//3989
f  5002//3989 5007//3994 5008//1096 4930//3943
f  5009//3995 5006//3993 5001//1110 5000//3988
f  4999//1111 5010//1113 5011//3996 5000//3988
f  5012//3997 5007//3994 5006//3993 5009//3995
f  5013//1114 5014//1119 5015//1118 5016//1115
f  5017//3998 5014//1119 5013//1114 5018//3999
f  5019//4000 5018//3999 5013//1114 5020//1116
f  5007//3994 5012//3997 5021//1122 5008//1096
f  5022//4001 5023//1117 5014//1119 5017//3998
f  5024//4002 5016//1115 5015//1118 5025//4003
f  5024//4002 5026//1124 5027//1123 5028//4004
f  5024//4002 5025//4003 5029//1127 5026//1124
f  5030//1120 5016//1115 5024//4002 5028//4004
f  5031//1128 5029//1127 5025//4003 5032//4005
f  5025//4003 5015//1118 5033//4006 5032//4005
f  4989//3983 4988//1109 4997//1108 5034//4007
f  4997//1108 4996//3987 5035//4008 5034//4007
f  4998//1112 4983//3981 4989//3983 5010//1113
f  5011//3996 5010//1113 4989//3983 5034//4007
f  5036//4009 5035//4008 4996//3987 5005//3992
f  5034//4007 5035//4008 5037//4010 5011//3996
f  5035//4008 5036//4009 5038//4011 5037//4010
f  5004//3991 4945//1092 4947//3950 5005//3992
f  5036//4009 5005//3992 4947//3950 4948//3951
f  5039//4012 5038//4011 5036//4009 4948//3951
f  5000//3988 5011//3996 5037//4010 5009//3995
f  5012//3997 5009//3995 5037//4010 5038//4011
f  5012//3997 5038//4011 5039//4012 5021//1122
f  5015//1118 5023//1117 5040//4013 5033//4006
f  5023//1117 5022//4001 5041//4014 5040//4013
f  5026//1124 5029//1127 5042//1126 5043//1125
f  5027//1123 5043//1125 5042//1126 5044//1129
f  5045//4015 5028//4004 5027//1123 5044//1129
f  5031//1128 5032//4005 5045//4015 5044//1129
f  5028//4004 5045//4015 5046//1131 5030//1120
f  5045//4015 5032//4005 5033//4006 5046//1131
f  4937//1090 4931//1081 4930//3943 5008//1096
f  5047//4016 5048//4017 5049//4018 5050//4019
f  4938//3945 4937//1090 5047//4016 5050//4019
f  5051//1135 5048//4017 5047//4016 5052//1133
f  5047//4016 4937//1090 5053//1095 5052//1133
f  5049//4018 5048//4017 5018//3999 5019//4000
f  5051//1135 5017//3998 5018//3999 5048//4017
f  5017//3998 5051//1135 5054//1136 5022//4001
f  5055//4020 5019//4000 5020//1116 5056//1121
f  5057//4021 5049//4018 5019//4000 5055//4020
f  5058//4022 5050//4019 5049//4018 5057//4021
f  5059//4023 5057//4021 5055//4020 5060//4024
f  5055//4020 5056//1121 5061//1130 5060//4024
f  5062//4025 5058//4022 5057//4021 5059//4023
f  4938//3945 5050//4019 5058//4022 5063//4026
f  5064//4027 4939//1091 4938//3945 5063//4026
f  5065//1097 4969//1089 4939//1091 5064//4027
f  5066//4028 5063//4026 5058//4022 5062//4025
f  5059//4023 5060//4024 5067//4029 5068//4030
f  5059//4023 5068//4030 5069//4031 5062//4025
f  5063//4026 5066//4028 5070//4032 5064//4027
f  4948//3951 4949//3952 5071//1134 5039//4012
f  5021//1122 5039//4012 5071//1134 5053//1095
f  4949//3952 4950//3953 4962//3962 5071//1134
f  5072//4033 5054//1136 5071//1134 5073//4034
f  5074//4035 5073//4034 5071//1134 4962//3962
f  5022//4001 5054//1136 5072//4033 5041//4014
f  5033//4006 5040//4013 5075//1132 5046//1131
f  5040//4013 5041//4014 5067//4029 5075//1132
f  5068//4030 5067//4029 5041//4014 5072//4033
f  5069//4031 5068//4030 5072//4033 5073//4034
f  5073//4034 5074//4035 5076//4036 5069//4031
f  5067//4029 5060//4024 5061//1130 5075//1132
f  4962//3962 4959//3959 5077//4037 5074//4035
f  5074//4035 5077//4037 5078//4038 5076//4036
f  4959//3959 4960//3960 5079//4039 5077//4037
f  5080//4040 5079//4039 4960//3960 4961//3961
f  5081//4041 5078//4038 5077//4037 5079//4039
f  5066//4028 5062//4025 5069//4031 5076//4036
f  5070//4032 5066//4028 5076//4036 5078//4038
f  5056//1121 5030//1120 5046//1131 5061//1130
f  5082//4042 5065//1097 5064//4027 5070//4032
f  4968//1098 5065//1097 5082//4042 4970//3968
f  4970//3968 5082//4042 4978//3976 4971//3969
f  5070//4032 5078//4038 4978//3976 5082//4042
f  4979//3977 4978//3976 5078//4038 5081//4041
f  5083//4043 5081//4041 5079//4039 5080//4040
f  4980//3978 4979//3977 5081//4041 5083//4043
f  5084//4044 2608//282 2244//2098 4674//3770
f  5085//4045 5086//1138 5087//1137 5088//1141
f  5089//303 5090//1144 5086//1138 5091//4046
f  5092//4047 5091//4046 5086//1138 5085//4045
f  5093//4048 5094//4049 5088//1141 5095//1140
f  5088//1141 5096//1148 5097//1150 5085//4045
f  5088//1141 5094//4049 5098//4050 5096//1148
f  5094//4049 5093//4048 5099//4051 5100//4052
f  5101//1211 5098//4050 5094//4049 5100//4052
f  2608//282 5084//4044 5102//1152 5103//283
f  5104//4053 5105//1155 5106//1154 5107//1158
f  5108//4054 5105//1155 5109//4055 5110//4056
f  5111//4057 5112//4058 5108//4054 5110//4056
f  5113//1156 5105//1155 5108//4054 5114//1159
f  5115//1160 5114//1159 5108//4054 5112//4058
f  5112//4058 5111//4057 5116//4059 5117//4060
f  5118//1161 5115//1160 5112//4058 5117//4060
f  5105//1155 5104//4053 5119//4061 5109//4055
f  5120//850 5121//853 5122//1164 5123//1163
f  5120//850 4207//849 4209//851 5121//853
f  5124//4062 5104//4053 5107//1158 5125//1166
f  5126//1162 5125//1166 5107//1158 5127//1157
f  5128//4063 5119//4061 5104//4053 5124//4062
f  4674//3770 4789//3861 5129//4064 5084//4044
f  5130//4065 5129//4064 4789//3861 4791//1025
f  5084//4044 5129//4064 5131//4066 5102//1152
f  5129//4064 5130//4065 5132//4067 5131//4066
f  4797//3865 4798//3866 5110//4056 5109//4055
f  4797//3865 5109//4055 5119//4061 4796//1024
f  4791//1025 4796//1024 5119//4061 5130//4065
f  5110//4056 4798//3866 4802//1028 5111//4057
f  5116//4059 5111//4057 4802//1028 4799//1027
f  5116//4059 4799//1027 5133//1171 5134//4068
f  5135//4069 5117//4060 5116//4059 5134//4068
f  4799//1027 4800//3867 5136//1172 5133//1171
f  5130//4065 5119//4061 5128//4063 5132//4067
f  5103//283 5137//1153 5138//1175 5139//356
f  5140//1173 5138//1175 5137//1153 5141//1167
f  5142//4070 2634//2345 2633//302 5089//303
f  5143//1145 5090//1144 5139//356 5138//1175
f  5144//1168 5145//1169 5146//4071 5147//4072
f  5146//4071 5145//1169 5148//4073 5149//1178
f  5146//4071 5150//4074 5151//4075 5147//4072
f  5152//1177 5150//4074 5146//4071 5149//1178
f  5153//1139 5143//1145 5138//1175 5154//1174
f  5150//4074 5155//1143 5156//1142 5151//4075
f  5157//1147 5155//1143 5150//4074 5152//1177
f  5158//1180 5124//4062 5125//1166 5159//852
f  5124//4062 5158//1180 5160//4076 5128//4063
f  5159//852 4209//851 4210//3461 5161//1179
f  5158//1180 5161//1179 5162//4077 5160//4076
f  5161//1179 4210//3461 2915//2543 5163//4078
f  5164//4079 5162//4077 5161//1179 5163//4078
f  5148//4073 5145//1169 5102//1152 5131//4066
f  5147//4072 5140//1173 5141//1167 5144//1168
f  5165//4080 5148//4073 5131//4066 5132//4067
f  5166//1176 5149//1178 5148//4073 5165//4080
f  5147//4072 5151//4075 5154//1174 5140//1173
f  5156//1142 5153//1139 5154//1174 5151//4075
f  5167//1146 5157//1147 5168//4081 5169//1194
f  5093//4048 5095//1140 5167//1146 5170//1195
f  5168//4081 5157//1147 5152//1177 5166//1176
f  5166//1176 5165//4080 5160//4076 5162//4077
f  5166//1176 5162//4077 5171//4082 5168//4081
f  5172//4083 5169//1194 5168//4081 5171//4082
f  5093//4048 5170//1195 5173//4084 5099//4051
f  5172//4083 5173//4084 5170//1195 5169//1194
f  5174//4085 5100//4052 5099//4051 5175//4086
f  5099//4051 5173//4084 5176//4087 5175//4086
f  5173//4084 5172//4083 5177//4088 5176//4087
f  5172//4083 5171//4082 5178//4089 5177//4088
f  5165//4080 5132//4067 5128//4063 5160//4076
f  5171//4082 5162//4077 5164//4079 5178//4089
f  5179//1193 5180//4090 5181//1187 5182//1189
f  5181//1187 5180//4090 5183//1192 5184//1188
f  5185//4091 5186//4092 5180//4090 5179//1193
f  5180//4090 5186//4092 5187//4093 5183//1192
f  2634//2345 5142//4070 5188//4094 2841//2478
f  5089//303 5091//4046 5189//4095 5142//4070
f  5190//4096 5189//4095 5091//4046 5092//4047
f  5142//4070 5189//4095 5191//4097 5188//4094
f  5192//4098 5191//4097 5189//4095 5190//4096
f  5193//402 2844//401 2841//2478 5188//4094
f  5188//4094 5191//4097 5194//4099 5193//402
f  5191//4097 5192//4098 5195//4100 5194//4099
f  5192//4098 5190//4096 5196//1201 5197//1200
f  5192//4098 5197//1200 5198//4101 5195//4100
f  5193//402 5194//4099 5199//4102 5200//1198
f  5194//4099 5195//4100 5201//4103 5199//4102
f  5202//4104 5203//4105 5204//4106 5205//4107
f  5206//4108 5203//4105 5202//4104 5207//4109
f  5202//4104 5205//4107 5208//4110 5209//4111
f  5202//4104 5209//4111 5210//4112 5207//4109
f  5211//4113 5204//4106 5212//4114 5213//4115
f  5211//4113 5214//4116 5205//4107 5204//4106
f  5215//4117 5214//4116 5211//4113 5216//4118
f  5217//4119 5216//4118 5211//4113 5213//4115
f  4958//3958 4957//3957 5218//4120 5219//4121
f  5220//4122 4961//3961 4958//3958 5219//4121
f  5204//4106 5203//4105 5221//4123 5212//4114
f  5222//4124 5221//4123 5203//4105 5206//4108
f  5212//4114 5221//4123 5223//4125 5224//4126
f  5225//4127 5213//4115 5212//4114 5224//4126
f  5226//4128 5223//4125 5221//4123 5222//4124
f  5223//4125 5219//4121 5218//4120 5224//4126
f  5220//4122 5219//4121 5223//4125 5226//4128
f  5206//4108 5207//4109 5227//4129 5228//1206
f  5229//1205 5222//4124 5206//4108 5228//1206
f  5230//4130 5226//4128 5222//4124 5229//1205
f  5097//1150 5231//1149 5232//4131 5233//4132
f  5205//4107 5233//4132 5232//4131 5208//4110
f  5232//4131 5231//1149 5234//1151 5235//4133
f  5232//4131 5235//4133 5236//4134 5208//4110
f  5237//4135 5234//1151 5096//1148 5098//4050
f  5092//4047 5085//4045 5097//1150 5238//1208
f  5097//1150 5233//4132 5239//1207 5238//1208
f  5190//4096 5092//4047 5238//1208 5196//1201
f  5233//4132 5205//4107 5214//4116 5239//1207
f  5240//4136 5235//4133 5234//1151 5237//4135
f  5236//4134 5235//4133 5240//4136 5241//4137
f  5242//4138 5241//4137 5240//4136 5243//4139
f  5240//4136 5237//4135 5244//1210 5243//4139
f  5236//4134 5241//4137 5209//4111 5208//4110
f  5210//4112 5209//4111 5241//4137 5242//4138
f  5244//1210 5237//4135 5098//4050 5101//1211
f  5242//4138 5243//4139 5245//4140 5210//4112
f  5243//4139 5244//1210 5246//1212 5245//4140
f  5101//1211 5100//4052 5174//4085 5247//1213
f  5248//4141 5245//4140 5246//1212 5247//1213
f  5248//4141 5207//4109 5210//4112 5245//4140
f  5247//1213 5174//4085 5249//4142 5250//4143
f  5251//4144 5248//4141 5247//1213 5250//4143
f  5227//4129 5207//4109 5248//4141 5251//4144
f  5174//4085 5175//4086 5252//4145 5249//4142
f  5253//4146 5250//4143 5249//4142 5254//4147
f  5255//4148 5254//4147 5249//4142 5252//4145
f  5197//1200 5256//1199 5257//4149 5198//4101
f  5258//1209 5239//1207 5214//4116 5215//4117
f  5257//4149 5256//1199 5258//1209 5259//4150
f  5258//1209 5215//4117 5260//4151 5259//4150
f  5215//4117 5216//4118 5261//4152 5260//4151
f  5201//4103 5195//4100 5198//4101 5262//4153
f  5198//4101 5257//4149 5263//4154 5262//4153
f  5259//4150 5260//4151 5264//4155 5265//4156
f  5263//4154 5257//4149 5259//4150 5265//4156
f  5227//4129 5251//4144 5266//4157 5267//4158
f  5268//4159 5228//1206 5227//4129 5267//4158
f  5251//4144 5250//4143 5253//4146 5266//4157
f  5269//4160 5270//1204 5228//1206 5268//4159
f  5266//4157 5253//4146 5271//4161 5272//4162
f  5273//4163 5267//4158 5266//4157 5272//4162
f  5274//4164 5268//4159 5267//4158 5273//4163
f  5253//4146 5254//4147 5275//4165 5271//4161
f  5276//4166 5275//4165 5254//4147 5255//4148
f  5277//4167 5272//4162 5271//4161 5278//4168
f  5271//4161 5275//4165 5279//4169 5278//4168
f  5275//4165 5276//4166 5280//4170 5279//4169
f  5276//4166 5255//4148 5281//4171 5282//4172
f  5283//4173 5280//4170 5276//4166 5282//4172
f  5284//4174 5273//4163 5272//4162 5277//4167
f  2889//2519 2890//2520 5285//1216 5286//1215
f  2889//2519 5286//1215 5287//4175 2896//2524
f  5288//4176 4956//3956 4955//3955 5289//4177
f  4955//3955 4963//3963 5290//4178 5289//4177
f  5291//4179 5290//4178 4963//3963 4973//3971
f  5217//4119 5213//4115 5225//4127 5292//4180
f  5225//4127 5288//4176 5289//4177 5292//4180
f  5225//4127 5224//4126 5218//4120 5288//4176
f  4957//3957 4956//3956 5288//4176 5218//4120
f  5216//4118 5217//4119 5293//4181 5261//4152
f  5217//4119 5292//4180 5294//4182 5293//4181
f  5292//4180 5289//4177 5290//4178 5294//4182
f  5295//4183 5294//4182 5290//4178 5291//4179
f  5293//4181 5294//4182 5295//4183 5296//4184
f  5297//4185 5261//4152 5293//4181 5296//4184
f  5298//4186 5080//4040 4961//3961 5220//4122
f  5080//4040 5298//4186 5299//4187 5083//4043
f  5300//4188 5291//4179 4973//3971 4975//3973
f  5301//4189 5302//4190 4977//3975 4980//3978
f  5300//4188 4975//3973 4977//3975 5302//4190
f  5220//4122 5226//4128 5230//4130 5298//4186
f  5298//4186 5230//4130 5303//4191 5299//4187
f  5303//4191 5230//4130 5229//1205 5270//1204
f  5304//4192 5303//4191 5270//1204 5269//4160
f  5304//4192 5301//4189 5299//4187 5303//4191
f  4980//3978 5083//4043 5299//4187 5301//4189
f  5305//4193 5302//4190 5301//4189 5304//4192
f  5305//4193 5304//4192 5269//4160 5306//4194
f  5269//4160 5268//4159 5274//4164 5306//4194
f  5307//4195 5295//4183 5291//4179 5308//4196
f  5309//4197 5308//4196 5291//4179 5300//4188
f  5310//4198 5296//4184 5295//4183 5307//4195
f  5311//4199 5307//4195 5308//4196 5312//4200
f  5308//4196 5309//4197 5313//4201 5312//4200
f  5307//4195 5311//4199 5314//4202 5310//4198
f  5300//4188 5302//4190 5315//4203 5309//4197
f  5309//4197 5315//4203 5316//4204 5313//4201
f  5317//4205 5311//4199 5312//4200 5313//4201
f  5314//4202 5311//4199 5317//4205 5318//4206
f  5319//4207 5310//4198 5314//4202 5318//4206
f  5317//4205 5313//4201 5316//4204 5320//4208
f  5316//4204 5315//4203 5321//4209 5320//4208
f  5322//4210 5318//4206 5317//4205 5320//4208
f  5322//4210 5320//4208 5321//4209 5323//4211
f  5319//4207 5318//4206 5322//4210 5323//4211
f  5302//4190 5305//4193 5321//4209 5315//4203
f  5305//4193 5306//4194 5323//4211 5321//4209
f  5260//4151 5261//4152 5297//4185 5264//4155
f  5264//4155 5297//4185 5324//4212 5284//4174
f  5277//4167 5265//4156 5264//4155 5284//4174
f  5297//4185 5296//4184 5325//4213 5324//4212
f  5319//4207 5325//4213 5296//4184 5310//4198
f  5201//4103 5262//4153 5279//4169 5280//4170
f  5283//4173 5199//4102 5201//4103 5280//4170
f  5326//4214 5200//1198 5199//4102 5283//4173
f  5263//4154 5265//4156 5277//4167 5278//4168
f  5279//4169 5262//4153 5263//4154 5278//4168
f  5274//4164 5273//4163 5284//4174 5324//4212
f  5325//4213 5306//4194 5274//4164 5324//4212
f  5323//4211 5306//4194 5325//4213 5319//4207
f  2915//2543 2916//2544 5327//4215 5163//4078
f  5163//4078 5327//4215 5328//4216 5164//4079
f  5329//4217 5327//4215 2916//2544 2917//2545
f  5330//4218 5328//4216 5327//4215 5329//4217
f  5175//4086 5176//4087 5331//4219 5252//4145
f  5176//4087 5177//4088 5332//4220 5331//4219
f  5281//4171 5255//4148 5252//4145 5331//4219
f  5333//4221 5332//4220 5177//4088 5178//4089
f  5334//4222 5281//4171 5331//4219 5332//4220
f  5335//4223 5282//4172 5281//4171 5334//4222
f  5336//4224 5334//4222 5332//4220 5333//4221
f  5334//4222 5336//4224 5337//4225 5335//4223
f  5333//4221 5178//4089 5164//4079 5328//4216
f  5338//1218 5339//1217 5186//4092 5185//4091
f  5186//4092 5339//1217 5340//4226 5187//4093
f  5336//4224 5333//4221 5328//4216 5330//4218
f  5341//4227 5337//4225 5336//4224 5330//4218
f  2890//2520 2849//403 5342//408 5285//1216
f  5343//407 5200//1198 5326//4214 5344//1202
f  5345//4228 5342//408 5343//407 5346//1203
f  5347//1214 5285//1216 5342//408 5345//4228
f  5286//1215 5347//1214 5348//4229 5287//4175
f  5347//1214 5345//4228 5349//4230 5350//4231
f  5351//4232 5348//4229 5347//1214 5350//4231
f  5349//4230 5329//4217 2917//2545 2931//2553
f  5329//4217 5349//4230 5341//4227 5330//4218
f  5349//4230 5345//4228 5346//1203 5341//4227
f  5349//4230 2931//2553 2933//415 5350//4231
f  5283//4173 5282//4172 5335//4223 5326//4214
f  5326//4214 5335//4223 5337//4225 5344//1202
f  5344//1202 5337//4225 5341//4227 5346//1203
f  5339//1217 5352//1219 5353//1220 5340//4226
f  5354//1223 5353//1220 5338//1218 5355//1221
f  5338//1218 5185//4091 5356//1403 5355//1221
f  5340//4226 5353//1220 5354//1223 5357//1224
f  5358//1405 5187//4093 5340//4226 5357//1224
f  5359//1222 5355//1221 5360//1226 5361//1225
f  5362//1228 5357//1224 5359//1222 5361//1225
f  2110//1982 2939//2557 5363//4233 4601//3709
f  2939//2557 2943//2561 5364//4234 5363//4233
f  5365//4235 5364//4234 2943//2561 2946//2564
f  4600//3708 4601//3709 5366//4236 4605//3710
f  5367//4237 5366//4236 4601//3709 5363//4233
f  4605//3710 5366//4236 5368//4238 4606//3711
f  5366//4236 5367//4237 5369//4239 5368//4238
f  5363//4233 5364//4234 5370//4240 5367//4237
f  5371//4241 5370//4240 5364//4234 5365//4235
f  5369//4239 5367//4237 5370//4240 5372//4242
f  5370//4240 5371//4241 5373//4243 5372//4242
f  5374//4244 5365//4235 2946//2564 2961//2579
f  5365//4235 5374//4244 5375//4245 5371//4241
f  2961//2579 2965//2583 5376//4246 5374//4244
f  5377//4247 5376//4246 2965//2583 2969//2587
f  5374//4244 5376//4246 5378//4248 5375//4245
f  5376//4246 5377//4247 5379//4249 5378//4248
f  5380//4250 5373//4243 5371//4241 5375//4245
f  5381//4251 3021//2627 3022//437 3079//2667
f  3021//2627 5381//4251 5382//4252 3024//2629
f  5383//4253 5381//4251 3079//2667 5384//4254
f  3079//2667 3080//2668 5385//1232 5384//4254
f  5386//4255 5382//4252 5381//4251 5383//4253
f  5384//4254 5385//1232 5387//4256 5388//4257
f  5389//4258 5383//4253 5384//4254 5388//4257
f  3038//2641 3037//2640 5390//4259 5391//4260
f  3038//2641 5391//4260 5392//4261 3039//2642
f  3096//464 3048//446 3024//2629 5382//4252
f  5393//462 3096//464 5382//4252 5386//4255
f  3037//2640 3049//2646 5394//1235 5390//4259
f  3049//2646 3050//2647 5395//1236 5394//1235
f  5396//4262 5386//4255 5383//4253 5389//4258
f  5397//4263 5393//462 5386//4255 5396//4262
f  5391//4260 5390//4259 5398//4264 5399//4265
f  5400//4266 5392//4261 5391//4260 5399//4265
f  5390//4259 5394//1235 5401//1237 5398//4264
f  3080//2668 3081//2669 5402//1233 5385//1232
f  3081//2669 3082//2670 5403//4267 5402//1233
f  5385//1232 5404//1234 5405//4268 5387//4256
f  5406//4269 5403//4267 3082//2670 3083//2671
f  5402//1233 5403//4267 5407//4270 5408//1238
f  5409//4271 5407//4270 5403//4267 5406//4269
f  5410//4272 5408//1238 5407//4270 5411//4273
f  5412//4274 5411//4273 5407//4270 5413//4275
f  5407//4270 5409//4271 5414//4276 5413//4275
f  5404//1234 5408//1238 5410//4272 5415//4277
f  5404//1234 5415//4277 5416//1242 5405//4268
f  5417//1239 5415//4277 5410//4272 5418//1240
f  5410//4272 5411//4273 5419//1241 5418//1240
f  5415//4277 5417//1239 5420//1243 5416//1242
f  5417//1239 5419//1241 5421//4278 5420//1243
f  5422//1245 5405//4268 5416//1242 5423//1244
f  5424//4279 5419//1241 5411//4273 5412//4274
f  5425//4280 5421//4278 5419//1241 5424//4279
f  5426//1249 5424//4279 5412//4274 5427//4281
f  5412//4274 5413//4275 5428//1256 5427//4281
f  5423//1244 5420//1243 5421//4278 5429//4282
f  5421//4278 5425//4280 5430//4283 5429//4282
f  5431//1248 5425//4280 5424//4279 5426//1249
f  5425//4280 5431//1248 5432//4284 5430//4283
f  5426//1249 5427//4281 5433//4285 5434//1247
f  5435//481 5395//1236 3050//2647 3095//482
f  3097//463 5393//462 5397//4263 5436//465
f  5395//1236 5435//481 5437//483 5438//4286
f  5439//4287 5401//1237 5395//1236 5438//4286
f  5436//465 5397//4263 5440//4288 5441//507
f  3172//509 3098//466 5436//465 5441//507
f  5396//4262 5389//4258 5442//4289 5443//4290
f  5440//4288 5397//4263 5396//4262 5443//4290
f  5444//4291 5398//4264 5401//1237 5439//4287
f  5445//4292 5399//4265 5398//4264 5444//4291
f  5446//4293 5388//4257 5387//4256 5447//4294
f  5387//4256 5405//4268 5422//1245 5447//4294
f  5442//4289 5389//4258 5388//4257 5446//4293
f  5448//4295 5443//4290 5442//4289 5449//4296
f  5442//4289 5446//4293 5450//4297 5449//4296
f  5446//4293 5447//4294 5451//4298 5450//4297
f  5447//4294 5422//1245 5452//1246 5451//4298
f  5452//1246 5423//1244 5429//4282 5453//4299
f  5429//4282 5430//4283 5454//4300 5453//4299
f  5455//4301 3150//2715 3039//2642 5392//4261
f  5456//4302 3154//2719 3150//2715 5455//4301
f  3154//2719 5456//4302 5457//4303 3155//2720
f  5458//4304 5455//4301 5392//4261 5400//4266
f  5455//4301 5458//4304 5459//4305 5456//4302
f  5458//4304 5400//4266 5460//4306 5459//4305
f  5456//4302 5459//4305 5461//4307 5457//4303
f  3167//2731 3166//2730 5462//4308 5463//4309
f  3167//2731 5463//4309 5464//4310 3168//2732
f  5465//4311 5462//4308 3166//2730 3169//2733
f  5466//4312 5463//4309 5462//4308 5465//4311
f  5467//4313 5464//4310 5463//4309 5466//4312
f  3168//2732 5464//4310 5467//4313 3170//2734
f  5468//4314 5438//4286 5437//483 5469//484
f  5441//507 5440//4288 5470//4315 5471//508
f  3170//2734 5467//4313 3352//2872 3175//2738
f  5472//4316 5465//4311 3169//2733 3177//2740
f  5467//4313 5466//4312 5473//4317 3352//2872
f  5473//4317 5466//4312 5465//4311 5472//4316
f  5474//4318 5472//4316 3177//2740 3337//2859
f  5475//4319 5469//484 3157//480 3159//2723
f  5460//4306 5400//4266 5399//4265 5445//4292
f  5460//4306 5445//4292 5476//4320 5477//4321
f  5461//4307 5459//4305 5460//4306 5477//4321
f  5445//4292 5444//4291 5478//4322 5476//4320
f  5479//4323 5461//4307 5477//4321 5480//4324
f  5477//4321 5476//4320 5481//4325 5480//4324
f  5470//4315 5440//4288 5443//4290 5448//4295
f  5482//4326 5439//4287 5438//4286 5468//4314
f  5444//4291 5439//4287 5482//4326 5478//4322
f  5483//4327 5470//4315 5448//4295 5484//4328
f  5448//4295 5449//4296 5485//4329 5484//4328
f  5486//539 5471//508 5470//4315 5483//4327
f  5450//4297 5451//4298 5487//4330 5488//4331
f  5485//4329 5449//4296 5450//4297 5488//4331
f  5489//4332 5487//4330 5451//4298 5452//1246
f  5490//4333 5488//4331 5487//4330 5491//4334
f  5487//4330 5489//4332 5492//4335 5491//4334
f  5483//4327 5484//4328 5493//4336 5494//1253
f  5495//540 5486//539 5483//4327 5494//1253
f  5482//4326 5468//4314 5496//4337 5497//4338
f  5498//4339 5478//4322 5482//4326 5497//4338
f  5496//4337 5468//4314 5469//484 5475//4319
f  3260//541 3172//509 5471//508 5486//539
f  5485//4329 5488//4331 5490//4333 5499//4340
f  5493//4336 5484//4328 5485//4329 5499//4340
f  5500//4341 5499//4340 5490//4333 5501//4342
f  5490//4333 5491//4334 5502//4343 5501//4342
f  5476//4320 5478//4322 5498//4339 5481//4325
f  5494//1253 5493//4336 5503//4344 5504//1252
f  5493//4336 5499//4340 5500//4341 5503//4344
f  5505//4345 5503//4344 5500//4341 5506//4346
f  5500//4341 5501//4342 5507//4347 5506//4346
f  5501//4342 5502//4343 5508//4348 5507//4347
f  5509//4349 5406//4269 3083//2671 3229//2775
f  5406//4269 5509//4349 5510//4350 5409//4271
f  5427//4281 5428//1256 5511//1255 5433//4285
f  5428//1256 5413//4275 5414//4276 5512//1254
f  5431//1248 5434//1247 5513//1251 5432//4284
f  5514//4351 5509//4349 3229//2775 3230//2776
f  5509//4349 5514//4351 5515//4352 5510//4350
f  5434//1247 5433//4285 5516//4353 5517//1250
f  5433//4285 5511//1255 5518//4354 5516//4353
f  5519//4355 5518//4354 5511//1255 5512//1254
f  5516//4353 5518//4354 5520//1259 5521//1258
f  5522//4356 5517//1250 5516//4353 5521//1258
f  5523//4357 5513//1251 5517//1250 5522//4356
f  5524//4358 5520//1259 5518//4354 5519//4355
f  5525//4359 5526//1257 5520//1259 5524//4358
f  5527//1266 5522//4356 5521//1258 5528//1261
f  5526//1257 5525//4359 5529//1262 5530//1260
f  5531//506 5514//4351 3230//2776 3232//503
f  5532//4360 5515//4352 5514//4351 5531//506
f  3239//504 3240//2782 5533//4361 5534//505
f  5535//4362 5414//4276 5409//4271 5510//4350
f  5519//4355 5512//1254 5414//4276 5535//4362
f  5536//4363 5535//4362 5510//4350 5515//4352
f  5524//4358 5519//4355 5535//4362 5536//4363
f  5537//4364 5536//4363 5515//4352 5532//4360
f  5538//4365 5432//4284 5513//1251 5523//4357
f  5454//4300 5430//4283 5432//4284 5538//4365
f  5539//4366 5538//4365 5523//4357 5540//1265
f  5523//4357 5522//4356 5527//1266 5540//1265
f  5541//4367 5454//4300 5538//4365 5539//4366
f  5524//4358 5536//4363 5537//4364 5525//4359
f  5542//4368 5529//1262 5525//4359 5537//4364
f  5543//4369 5544//1263 5529//1262 5542//4368
f  5544//1263 5543//4369 5545//4370 5546//4371
f  5528//1261 5530//1260 5544//1263 5546//4371
f  5547//4372 5539//4366 5540//1265 5548//1267
f  5537//4364 5532//4360 5549//4373 5542//4368
f  5550//4374 5543//4369 5542//4368 5549//4373
f  5551//4375 5545//4370 5543//4369 5550//4374
f  5548//1267 5546//4371 5545//4370 5547//4372
f  5552//4376 5547//4372 5545//4370 5551//4375
f  5453//4299 5454//4300 5541//4367 5553//4377
f  5489//4332 5452//1246 5453//4299 5553//4377
f  5552//4376 5541//4367 5539//4366 5547//4372
f  5532//4360 5531//506 5554//1264 5549//4373
f  5555//4378 5550//4374 5549//4373 5554//1264
f  5550//4374 5555//4378 5556//4379 5551//4375
f  3240//2782 3263//2803 5557//4380 5533//4361
f  5558//4381 5557//4380 3263//2803 3264//549
f  5548//1267 5527//1266 5528//1261 5546//4371
f  5559//4382 5553//4377 5541//4367 5552//4376
f  5560//4383 5489//4332 5553//4377 5559//4382
f  5552//4376 5551//4375 5556//4379 5559//4382
f  5489//4332 5560//4383 5561//4384 5492//4335
f  5562//4385 5560//4383 5559//4382 5556//4379
f  5563//4386 5561//4384 5560//4383 5562//4385
f  5502//4343 5491//4334 5492//4335 5561//4384
f  5502//4343 5561//4384 5564//4387 5508//4348
f  5565//4388 5564//4387 5561//4384 5563//4386
f  5564//4387 5565//4388 5566//4389 5567//4390
f  5568//4391 5508//4348 5564//4387 5567//4390
f  5554//1264 5534//505 5569//4392 5555//4378
f  5534//505 5533//4361 5570//4393 5569//4392
f  5562//4385 5556//4379 5555//4378 5569//4392
f  5571//4394 5570//4393 5533//4361 5557//4380
f  5562//4385 5569//4392 5570//4393 5563//4386
f  5565//4388 5563//4386 5570//4393 5571//4394
f  5571//4394 5557//4380 5558//4381 5572//4395
f  5566//4389 5565//4388 5571//4394 5572//4395
f  3155//2720 5457//4303 5573//4396 3330//2854
f  5457//4303 5461//4307 5479//4323 5573//4396
f  3330//2854 5573//4396 5574//4397 3332//2856
f  5575//4398 3353//537 3352//2872 5473//4317
f  5575//4398 5473//4317 5472//4316 5474//4318
f  5576//589 5475//4319 3159//2723 3343//590
f  5577//4399 5575//4398 5474//4318 5578//4400
f  5474//4318 3337//2859 3342//2863 5578//4400
f  3355//538 3353//537 5575//4398 5577//4399
f  5573//4396 5479//4323 5579//4401 5574//4397
f  5479//4323 5480//4324 5580//4402 5579//4401
f  5581//4403 5582//542 5495//540 5504//1252
f  5582//542 5581//4403 5583//4404 5584//547
f  5504//1252 5503//4344 5505//4345 5581//4403
f  5585//4405 5498//4339 5497//4338 5586//4406
f  5497//4338 5496//4337 5587//4407 5586//4406
f  5581//4403 5505//4345 5588//4408 5583//4404
f  5496//4337 5475//4319 5576//589 5587//4407
f  5588//4408 5505//4345 5506//4346 5589//4409
f  5506//4346 5507//4347 5590//4410 5589//4409
f  5591//4411 5481//4325 5498//4339 5585//4405
f  5480//4324 5481//4325 5591//4411 5580//4402
f  5592//4412 5583//4404 5588//4408 5593//4413
f  5588//4408 5589//4409 5594//4414 5593//4413
f  3355//538 5577//4399 5595//4415 3354//2873
f  5577//4399 5578//4400 5596//4416 5595//4415
f  3332//2856 5574//4397 5597//4417 3357//2875
f  5597//4417 5574//4397 5579//4401 5598//4418
f  5579//4401 5580//4402 5599//4419 5598//4418
f  5580//4402 5591//4411 5600//4420 5599//4419
f  5585//4405 5586//4406 5601//4421 5602//4422
f  5600//4420 5591//4411 5585//4405 5602//4422
f  5603//548 5584//547 5583//4404 5592//4412
f  5604//4423 5572//4395 5558//4381 5605//4424
f  5558//4381 3264//549 5606//551 5605//4424
f  5607//1268 5566//4389 5572//4395 5604//4423
f  5608//1270 5567//4390 5566//4389 5607//1268
f  5609//4425 5568//4391 5567//4390 5608//1270
f  5610//1269 5607//1268 5604//4423 5611//4426
f  5604//4423 5605//4424 5612//4427 5611//4426
f  5596//4416 5578//4400 3342//2863 3375//2885
f  3366//543 5603//548 5613//4428 3376//2886
f  5586//4406 5587//4407 5614//4429 5601//4421
f  5587//4407 5576//589 5615//591 5614//4429
f  5613//4428 5603//548 5592//4412 5616//4430
f  5592//4412 5593//4413 5617//4431 5616//4430
f  5618//4432 5613//4428 5616//4430 5619//4433
f  5616//4430 5617//4431 5620//1273 5619//4433
f  5614//4429 5615//591 5621//4434 5622//1271
f  5620//1273 5601//4421 5614//4429 5622//1271
f  3534//3009 3376//2886 5613//4428 5618//4432
f  5623//4435 5608//1270 5610//1269 5624//4436
f  5610//1269 5611//4426 5625//4437 5624//4436
f  5507//4347 5508//4348 5568//4391 5590//4410
f  5594//4414 5589//4409 5590//4410 5626//4438
f  5590//4410 5568//4391 5609//4425 5626//4438
f  5593//4413 5594//4414 5627//4439 5617//4431
f  5594//4414 5626//4438 5628//4440 5627//4439
f  5626//4438 5609//4425 5629//4441 5628//4440
f  5609//4425 5608//1270 5630//4442 5629//4441
f  5602//4422 5601//4421 5620//1273 5631//1275
f  5632//4443 5600//4420 5602//4422 5631//1275
f  5617//4431 5627//4439 5633//1277 5620//1273
f  5627//4439 5628//4440 5634//4444 5633//1277
f  5628//4440 5629//4441 5635//4445 5634//4444
f  5629//4441 5630//4442 5636//4446 5635//4445
f  5637//4447 5630//4442 5608//1270 5623//4435
f  5630//4442 5637//4447 5638//4448 5636//4446
f  5623//4435 5639//4449 5640//4450 5637//4447
f  5623//4435 5624//4436 5641//4451 5639//4449
f  5642//4452 5640//4450 5639//4449 5643//4453
f  5639//4449 5641//4451 5644//4454 5643//4453
f  5637//4447 5640//4450 5645//4455 5638//4448
f  5640//4450 5642//4452 5646//4456 5645//4455
f  5642//4452 5643//4453 5647//4457 5648//4458
f  5642//4452 5648//4458 5649//4459 5646//4456
f  5648//4458 5647//4457 5650//1280 5651//1279
f  5648//4458 5651//1279 5652//1281 5649//4459
f  3379//550 3451//2943 5653//4460 5606//551
f  3451//2943 3452//2944 5654//4461 5653//4460
f  5655//4462 5654//4461 3452//2944 3454//2946
f  5612//4427 5605//4424 5606//551 5653//4460
f  5656//4463 5612//4427 5653//4460 5654//4461
f  5625//4437 5611//4426 5612//4427 5656//4463
f  5654//4461 5655//4462 5657//4464 5656//4463
f  5655//4462 3454//2946 3455//581 5658//580
f  5659//4465 5657//4464 5655//4462 5658//580
f  5656//4463 5657//4464 5660//4466 5625//4437
f  5661//4467 5660//4466 5657//4464 5659//4465
f  5662//1282 5663//579 3455//581 3457//2948
f  5664//4468 5624//4436 5625//4437 5660//4466
f  5665//4469 5641//4451 5624//4436 5664//4468
f  5666//4470 5644//4454 5641//4451 5665//4469
f  5667//4471 5668//4472 5644//4454 5666//4470
f  5647//4457 5643//4453 5644//4454 5668//4472
f  5650//1280 5647//4457 5668//4472 5669//1284
f  5670//1285 5669//1284 5668//4472 5667//4471
f  5671//4473 5672//4474 5673//4475 5674//4476
f  5675//4477 5676//4478 5671//4473 5677//4479
f  5678//4480 5677//4479 5671//4473 5674//4476
f  5679//4481 5672//4474 5671//4473 5676//4478
f  5680//4482 5674//4476 5673//4475 5681//4483
f  5682//4484 5659//4465 5658//580 5663//579
f  5683//4485 5664//4468 5660//4466 5661//4467
f  5684//4486 5665//4469 5664//4468 5683//4485
f  5685//4487 5683//4485 5661//4467 5686//4488
f  5661//4467 5659//4465 5682//4484 5686//4488
f  5666//4470 5665//4469 5684//4486 5687//4489
f  5688//4490 5667//4471 5666//4470 5687//4489
f  5689//1286 5670//1285 5667//4471 5688//4490
f  5675//4477 5677//4479 5690//1295 5691//1294
f  5692//1296 5693//4491 5675//4477 5691//1294
f  5694//4492 5676//4478 5675//4477 5693//4491
f  5676//4478 5694//4492 5695//4493 5679//4481
f  5696//1297 5690//1295 5677//4479 5678//4480
f  5697//4494 5694//4492 5693//4491 5698//4495
f  5693//4491 5692//1296 5699//1298 5698//4495
f  5700//4496 5684//4486 5683//4485 5685//4487
f  5687//4489 5684//4486 5700//4496 5701//4497
f  5702//4498 5688//4490 5687//4489 5701//4497
f  5703//1299 5696//1297 5678//4480 5704//4499
f  5678//4480 5674//4476 5680//4482 5704//4499
f  5689//1286 5688//4490 5702//4498 5705//1287
f  5704//4499 5680//4482 5706//4500 5707//4501
f  5708//1300 5703//1299 5704//4499 5707//4501
f  5709//4502 5700//4496 5685//4487 5710//4503
f  5685//4487 5686//4488 5711//4504 5710//4503
f  5712//4505 5702//4498 5701//4497 5713//4506
f  5701//4497 5700//4496 5709//4502 5713//4506
f  5714//4507 5682//4484 5663//579 5715//1283
f  5686//4488 5682//4484 5714//4507 5711//4504
f  3357//2875 5597//4417 5716//4508 3515//2996
f  3354//2873 5595//4415 5717//4509 3516//587
f  5597//4417 5598//4418 5718//4510 5716//4508
f  5621//4434 5615//591 3343//590 3517//2997
f  5598//4418 5599//4419 5719//4511 5718//4510
f  3527//597 3515//2996 5716//4508 5720//4512
f  5721//4513 5720//4512 5716//4508 5718//4510
f  5722//4514 3526//3004 3514//586 5723//588
f  5724//4515 5722//4514 5723//588 5725//4516
f  5723//588 3516//587 5717//4509 5725//4516
f  3527//597 5720//4512 5726//4517 5727//595
f  5724//4515 5725//4516 5728//4518 5729//4519
f  5720//4512 5721//4513 5730//4520 5726//4517
f  5731//4521 5596//4416 3375//2885 3533//3008
f  5595//4415 5596//4416 5731//4521 5717//4509
f  3542//3017 3534//3009 5618//4432 5732//1306
f  5618//4432 5619//4433 5733//1274 5732//1306
f  5728//4518 5725//4516 5717//4509 5731//4521
f  5621//4434 3517//2997 3540//3015 5734//1308
f  5733//1274 5622//1271 5621//4434 5734//1308
f  3541//3016 3542//3017 5732//1306 5735//1307
f  5734//1308 3540//3015 3541//3016 5735//1307
f  5695//4493 5694//4492 5697//4494 5736//4522
f  5728//4518 5731//4521 3533//3008 3538//3013
f  3538//3013 3539//3014 5729//4519 5728//4518
f  5599//4419 5600//4420 5632//4443 5719//4511
f  5718//4510 5719//4511 5737//4523 5721//4513
f  5738//4524 5737//4523 5719//4511 5632//4443
f  5721//4513 5737//4523 5739//4525 5730//4520
f  5740//4526 5739//4525 5737//4523 5738//4524
f  5741//4527 5730//4520 5739//4525 5742//4528
f  5739//4525 5740//4526 5743//4529 5742//4528
f  5619//4433 5620//1273 5744//1272 5733//1274
f  5631//1275 5745//1276 5746//4530 5632//4443
f  5746//4530 5745//1276 5633//1277 5634//4444
f  5746//4530 5634//4444 5635//4445 5747//4531
f  5738//4524 5632//4443 5746//4530 5747//4531
f  5635//4445 5636//4446 5748//4532 5749//4533
f  5750//4534 5747//4531 5635//4445 5749//4533
f  5740//4526 5738//4524 5747//4531 5750//4534
f  5751//4535 5736//4522 5697//4494 5752//4536
f  5697//4494 5698//4495 5753//4537 5752//4536
f  5698//4495 5699//1298 5754//1301 5753//4537
f  5755//4538 5649//4459 5652//1281 5756//1288
f  5752//4536 5753//4537 5757//4539 5758//4540
f  5759//4541 5751//4535 5752//4536 5758//4540
f  5636//4446 5638//4448 5760//4542 5748//4532
f  5761//4543 5646//4456 5649//4459 5755//4538
f  5762//4544 5645//4455 5646//4456 5761//4543
f  5760//4542 5638//4448 5645//4455 5762//4544
f  5760//4542 5762//4544 5763//4545 5764//4546
f  5765//4547 5748//4532 5760//4542 5764//4546
f  5766//4548 5749//4533 5748//4532 5765//4547
f  5750//4534 5749//4533 5766//4548 5767//4549
f  5743//4529 5740//4526 5750//4534 5767//4549
f  5768//4550 5743//4529 5767//4549 5769//4551
f  5767//4549 5766//4548 5770//4552 5769//4551
f  5766//4548 5765//4547 5771//4553 5770//4552
f  3589//3047 3530//596 5727//595 5772//4554
f  5773//4555 3588//3046 3589//3047 5772//4554
f  5377//4247 2969//2587 3588//3046 5773//4555
f  5727//595 5726//4517 5774//4556 5775//1310
f  5776//1309 5772//4554 5727//595 5775//1310
f  5377//4247 5773//4555 5777//4557 5379//4249
f  5773//4555 5772//4554 5776//1309 5777//4557
f  5726//4517 5730//4520 5741//4527 5774//4556
f  5778//1311 5775//1310 5774//4556 5779//4558
f  5774//4556 5741//4527 5780//1312 5779//4558
f  5741//4527 5742//4528 5781//4559 5780//1312
f  5776//1309 5778//1311 5782//4560 5783//4561
f  5784//4562 5777//4557 5776//1309 5783//4561
f  5781//4559 5742//4528 5743//4529 5768//4550
f  5785//4563 5781//4559 5768//4550 5786//4564
f  5768//4550 5769//4551 5787//1317 5786//4564
f  5788//4565 5787//1317 5769//4551 5770//4552
f  5778//1311 5779//4558 5789//4566 5782//4560
f  5790//1314 5789//4566 5779//4558 5780//1312
f  5782//4560 5789//4566 5791//4567 5792//4568
f  5793//4569 5783//4561 5782//4560 5792//4568
f  5789//4566 5790//1314 5794//4570 5791//4567
f  5795//4571 5791//4567 5794//4570 5796//4572
f  5795//4571 5796//4572 5797//4573 5798//4574
f  5792//4568 5791//4567 5795//4571 5799//4575
f  5800//4576 5799//4575 5795//4571 5798//4574
f  5801//1313 5780//1312 5781//4559 5785//4563
f  5785//4563 5786//4564 5802//4577 5801//1313
f  5794//4570 5790//1314 5801//1313 5802//4577
f  5786//4564 5787//1317 5803//1316 5802//4577
f  5787//1317 5788//4565 5804//1340 5805//1318
f  5803//1316 5796//4572 5794//4570 5802//4577
f  5797//4573 5796//4572 5803//1316 5806//1315
f  5807//4578 5797//4573 5806//1315 5808//1319
f  5809//4579 5798//4574 5797//4573 5807//4578
f  5810//1323 5807//4578 5808//1319 5811//1320
f  5706//4500 5680//4482 5681//4483 5812//4580
f  5813//4581 5662//1282 3457//2948 3639//3081
f  5814//1328 5715//1283 5662//1282 5815//1329
f  5662//1282 5813//4581 5816//4582 5815//1329
f  5816//4582 5813//4581 3639//3081 3642//3084
f  5712//4505 5817//1289 5705//1287 5702//4498
f  5818//1305 5708//1300 5707//4501 5819//4583
f  5707//4501 5706//4500 5820//4584 5819//4583
f  5706//4500 5812//4580 5821//4585 5820//4584
f  5817//1289 5712//4505 5822//4586 5823//1290
f  5754//1301 5824//1302 5757//4539 5753//4537
f  5824//1302 5825//1303 5826//4587 5757//4539
f  5827//4588 5826//4587 5825//1303 5828//1304
f  5829//4589 5758//4540 5757//4539 5826//4587
f  5826//4587 5827//4588 5830//4590 5829//4589
f  5827//4588 5828//1304 5818//1305 5819//4583
f  5827//4588 5819//4583 5820//4584 5830//4590
f  5822//4586 5712//4505 5713//4506 5831//4591
f  5713//4506 5709//4502 5832//4592 5831//4591
f  5709//4502 5710//4503 5833//1331 5832//4592
f  5820//4584 5821//4585 5834//4593 5830//4590
f  5835//1332 5833//1331 5710//4503 5711//4504
f  5759//4541 5758//4540 5829//4589 5836//4594
f  5834//4593 5836//4594 5829//4589 5830//4590
f  5837//4595 5755//4538 5756//1288 5838//1291
f  5755//4538 5837//4595 5839//4596 5761//4543
f  5840//4597 5837//4595 5838//1291 5841//1292
f  5842//4598 5839//4596 5837//4595 5840//4597
f  5763//4545 5762//4544 5761//4543 5839//4596
f  5843//1335 5763//4545 5839//4596 5842//4598
f  5844//1334 5764//4546 5763//4545 5843//1335
f  5823//1290 5822//4586 5840//4597 5841//1292
f  5822//4586 5831//4591 5842//4598 5840//4597
f  5831//4591 5832//4592 5843//1335 5842//4598
f  5832//4592 5833//1331 5845//1333 5843//1335
f  5835//1332 5711//4504 5714//4507 5846//1337
f  5714//4507 5715//1283 5814//1328 5846//1337
f  5847//4599 5845//1333 5835//1332 5848//4600
f  5835//1332 5846//1337 5849//1336 5848//4600
f  5844//1334 5845//1333 5847//4599 5850//4601
f  5765//4547 5764//4546 5844//1334 5850//4601
f  5771//4553 5765//4547 5850//4601 5851//4602
f  5850//4601 5847//4599 5852//4603 5851//4602
f  5847//4599 5848//4600 5853//4604 5852//4603
f  5848//4600 5849//1336 5854//1330 5853//4604
f  5815//1329 5816//4582 5855//4605 5856//4606
f  5857//4607 5854//1330 5815//1329 5856//4606
f  5858//4608 5853//4604 5854//1330 5857//4607
f  5859//4609 5816//4582 3642//3084 3689//3125
f  5816//4582 5859//4609 5860//4610 5855//4605
f  3689//3125 3695//646 5861//4611 5859//4609
f  5862//4612 5861//4611 3695//646 5863//647
f  5864//4613 5860//4610 5859//4609 5861//4611
f  5865//4614 5855//4605 5860//4610 5866//4615
f  5860//4610 5864//4613 5867//4616 5866//4615
f  5868//4617 5864//4613 5861//4611 5862//4612
f  5869//4618 5867//4616 5864//4613 5868//4617
f  5870//4619 5771//4553 5851//4602 5871//4620
f  5851//4602 5852//4603 5872//4621 5871//4620
f  5788//4565 5770//4552 5771//4553 5870//4619
f  5804//1340 5788//4565 5870//4619 5873//4622
f  5870//4619 5871//4620 5874//4623 5873//4622
f  5852//4603 5853//4604 5858//4608 5872//4621
f  5871//4620 5872//4621 5875//4624 5874//4623
f  5872//4621 5858//4608 5876//4625 5875//4624
f  5858//4608 5857//4607 5877//4626 5878//4627
f  5879//4628 5876//4625 5858//4608 5878//4627
f  5805//1318 5804//1340 5880//1339 5881//1322
f  5873//4622 5874//4623 5882//4629 5883//4630
f  5884//1341 5804//1340 5873//4622 5883//4630
f  5885//4631 5874//4623 5875//4624 5886//1349
f  5875//4624 5876//4625 5887//4632 5886//1349
f  5888//4633 5887//4632 5876//4625 5879//4628
f  5889//4634 5885//4631 5886//1349 5890//1348
f  5886//1349 5887//4632 5891//4635 5892//1347
f  5882//4629 5874//4623 5885//4631 5893//4636
f  5885//4631 5889//4634 5894//4637 5893//4636
f  5895//4638 5891//4635 5887//4632 5888//4633
f  5856//4606 5855//4605 5865//4614 5896//4639
f  5877//4626 5857//4607 5856//4606 5896//4639
f  5865//4614 5866//4615 5897//4640 5898//4641
f  5899//4642 5896//4639 5865//4614 5898//4641
f  5900//4643 5877//4626 5896//4639 5899//4642
f  5901//4644 5878//4627 5877//4626 5900//4643
f  5866//4615 5867//4616 5902//4645 5897//4640
f  5867//4616 5869//4618 5903//4646 5902//4645
f  5904//4647 5879//4628 5878//4627 5901//4644
f  5905//4648 5888//4633 5879//4628 5904//4647
f  5368//4238 5369//4239 5906//4649 5907//4650
f  5908//4651 4606//3711 5368//4238 5907//4650
f  5369//4239 5372//4242 5909//4652 5906//4649
f  5910//4653 5907//4650 5906//4649 5911//4654
f  5912//4655 5911//4654 5906//4649 5909//4652
f  5910//4653 5911//4654 3736//3166 3759//3189
f  5912//4655 3737//3167 3736//3166 5911//4654
f  5907//4650 5910//4653 5913//4656 5908//4651
f  5910//4653 3759//3189 3760//3190 5913//4656
f  4764//3845 5908//4651 5913//4656 5914//4657
f  5913//4656 3760//3190 5915//4658 5914//4657
f  5916//4659 4764//3845 5914//4657 5917//4660
f  5914//4657 5915//4658 5918//4661 5917//4660
f  5909//4652 5372//4242 5373//4243 5919//4662
f  5920//4663 5919//4662 5373//4243 5380//4250
f  5909//4652 5919//4662 5921//4664 5912//4655
f  5919//4662 5920//4663 5922//4665 5921//4664
f  5923//4666 5380//4250 5375//4245 5378//4248
f  5380//4250 5923//4666 5924//4667 5920//4663
f  5925//4668 5923//4666 5378//4248 5379//4249
f  5926//4669 5924//4667 5923//4666 5925//4668
f  5920//4663 5924//4667 5927//4670 5922//4665
f  5928//4671 5927//4670 5924//4667 5926//4669
f  5921//4664 3738//3168 3737//3167 5912//4655
f  5922//4665 3739//3169 3738//3168 5921//4664
f  5927//4670 3742//3172 3739//3169 5922//4665
f  3742//3172 5927//4670 5928//4671 3775//3205
f  4764//3845 4607//995 4606//3711 5908//4651
f  4768//1017 4763//1016 4764//3845 5916//4659
f  5916//4659 5917//4660 5929//4672 5930//4673
f  4795//3864 4768//1017 5916//4659 5930//4673
f  3760//3190 3761//3191 3763//3193 5915//4658
f  5915//4658 3763//3193 5931//4674 5918//4661
f  5918//4661 5931//4674 5932//4675 5933//4676
f  5929//4672 5917//4660 5918//4661 5933//4676
f  3763//3193 3772//3202 5934//4677 5931//4674
f  5935//4678 5934//4677 3772//3202 3774//3204
f  5931//4674 5934//4677 5936//4679 5932//4675
f  5937//4680 5929//4672 5933//4676 5938//4681
f  5933//4676 5932//4675 5939//4682 5938//4681
f  5934//4677 5935//4678 5940//4683 5936//4679
f  5932//4675 5936//4679 5941//4684 5939//4682
f  5930//4673 5929//4672 5937//4680 5942//4685
f  4801//3868 4795//3864 5930//4673 5942//4685
f  5937//4680 5938//4681 5943//4686 5944//4687
f  5945//4688 5942//4685 5937//4680 5944//4687
f  5946//4689 4801//3868 5942//4685 5945//4688
f  5938//4681 5939//4682 5947//4690 5943//4686
f  5136//1172 4800//3867 4801//3868 5946//4689
f  5784//4562 5925//4668 5379//4249 5777//4557
f  5925//4668 5784//4562 5948//4691 5926//4669
f  5784//4562 5783//4561 5949//4692 5948//4691
f  5926//4669 5948//4691 5950//4693 5928//4671
f  5948//4691 5949//4692 5951//4694 5950//4693
f  5783//4561 5793//4569 5952//4695 5949//4692
f  5792//4568 5799//4575 5953//4696 5793//4569
f  5799//4575 5800//4576 5954//1352 5953//4696
f  5798//4574 5809//4579 5955//1343 5800//4576
f  5956//4697 5952//4695 5793//4569 5953//4696
f  5957//1342 5809//4579 5807//4578 5810//1323
f  5958//1321 5955//1343 5809//4579 5957//1342
f  5949//4692 5952//4695 5959//4698 5951//4694
f  5960//4699 5959//4698 5952//4695 5956//4697
f  5950//4693 3845//3234 3775//3205 5928//4671
f  5951//4694 3846//677 3845//3234 5950//4693
f  3846//677 5951//4694 5959//4698 5961//709
f  5962//4700 5961//709 5959//4698 5960//4699
f  5963//4701 5964//4702 5965//4703 5966//4704
f  5967//1350 5964//4702 5963//4701 5968//1351
f  5963//4701 5960//4699 5956//4697 5968//1351
f  5962//4700 5960//4699 5963//4701 5966//4704
f  5965//4703 5863//647 3697//645 3836//702
f  5964//4702 5862//4612 5863//647 5965//4703
f  5868//4617 5862//4612 5969//4705 5970//4706
f  5868//4617 5970//4706 5971//4707 5869//4618
f  5862//4612 5964//4702 5967//1350 5969//4705
f  3836//702 5972//701 5966//4704 5965//4703
f  5800//4576 5955//1343 5973//1344 5954//1352
f  5955//1343 5881//1322 5880//1339 5973//1344
f  5889//4634 5890//1348 5954//1352 5974//1353
f  5956//4697 5953//4696 5954//1352 5968//1351
f  5975//4708 5974//1353 5973//1344 5976//1345
f  5890//1348 5892//1347 5969//4705 5967//1350
f  5894//4637 5889//4634 5974//1353 5975//4708
f  5892//1347 5891//4635 5970//4706 5969//4705
f  5882//4629 5893//4636 5977//4709 5978//4710
f  5979//1369 5883//4630 5882//4629 5978//4710
f  5893//4636 5894//4637 5980//1354 5977//4709
f  5981//1355 5975//4708 5976//1345 5982//4711
f  5976//1345 5983//1346 5984//4712 5982//4711
f  5980//1354 5894//4637 5975//4708 5981//1355
f  5983//1346 5884//1341 5985//1368 5984//4712
f  5986//1358 5977//4709 5980//1354 5987//1356
f  5981//1355 5982//4711 5988//1359 5987//1356
f  5970//4706 5891//4635 5895//4638 5971//4707
f  5895//4638 5888//4633 5905//4648 5989//4713
f  5990//4714 5971//4707 5895//4638 5989//4713
f  5903//4646 5869//4618 5971//4707 5990//4714
f  5991//1364 5989//4713 5905//4648 5992//1361
f  5905//4648 5904//4647 5993//1362 5992//1361
f  5990//4714 5989//4713 5991//1364 5994//1363
f  5995//1367 5903//4646 5990//4714 5994//1363
f  5966//4704 5972//701 3844//703 5962//4700
f  3844//703 5996//683 5961//709 5962//4700
f  5985//1368 5884//1341 5883//4630 5979//1369
f  5997//1371 5984//4712 5985//1368 5998//1370
f  5999//1372 5978//4710 5977//4709 5986//1358
f  5998//1370 5979//1369 5978//4710 5999//1372
f  5982//4711 5984//4712 5997//1371 5988//1359
f  5901//4644 5900//4643 6000//1375 6001//1374
f  5993//1362 5904//4647 5901//4644 6001//1374
f  6002//1378 5898//4641 5897//4640 6003//4715
f  5897//4640 5902//4645 6004//1379 6003//4715
f  5899//4642 5898//4641 6002//1378 6005//1377
f  6000//1375 5900//4643 5899//4642 6005//1377
f  5902//4645 5903//4646 5995//1367 6004//1379
f  6002//1378 6003//4715 6006//1381 6007//1376
f  6008//1373 6000//1375 6005//1377 6007//1376
f  6006//1381 6003//4715 6004//1379 6009//1366
f  5991//1364 5992//1361 6010//1360 6011//1365
f  5993//1362 6001//1374 6008//1373 6010//1360
f  6012//4716 6013//1384 6014//1383 6015//4717
f  6014//1383 6016//1385 6017//4718 6015//4717
f  6018//1387 6019//1386 6020//4719 6021//4720
f  6022//4721 6023//1388 6018//1387 6021//4720
f  6020//4719 6019//1386 6024//1389 6025//4722
f  6024//1389 6026//1390 6027//4723 6025//4722
f  6028//1391 6029//1392 6030//4724 6031//4725
f  6017//4718 6016//1385 6028//1391 6031//4725
f  6029//1392 6023//1388 6022//4721 6030//4724
f  6027//4723 6026//1390 6013//1384 6012//4716
f  6015//4717 6017//4718 6032//4726 6033//4727
f  6034//4728 6012//4716 6015//4717 6033//4727
f  6035//4729 6027//4723 6012//4716 6034//4728
f  6020//4719 6025//4722 6036//4730 6037//4731
f  6038//4732 6021//4720 6020//4719 6037//4731
f  6036//4730 6025//4722 6027//4723 6035//4729
f  6039//4733 6031//4725 6030//4724 6040//4734
f  6030//4724 6022//4721 6041//4735 6040//4734
f  6022//4721 6021//4720 6038//4732 6041//4735
f  6017//4718 6031//4725 6039//4733 6032//4726
f  6042//4736 6032//4726 6039//4733 6043//4737
f  6039//4733 6040//4734 6044//4738 6043//4737
f  6040//4734 6041//4735 6045//4739 6044//4738
f  6041//4735 6038//4732 6046//4740 6045//4739
f  3774//3204 4205//846 6047//848 5935//4678
f  5935//4678 6047//848 6048//1165 5940//4683
f  5940//4683 6048//1165 6049//1184 6050//4741
f  5941//4684 5936//4679 5940//4683 6050//4741
f  6048//1165 5123//1163 5122//1164 6049//1184
f  6051//4742 6050//4741 6049//1184 6052//1185
f  6053//4743 5941//4684 6050//4741 6051//4742
f  5947//4690 5939//4682 5941//4684 6053//4743
f  5126//1162 6054//1186 6055//1393 6056//1183
f  6057//4744 6052//1185 5122//1164 6058//1182
f  6054//1186 5118//1161 5117//4060 5135//4069
f  5944//4687 5943//4686 6059//4745 6060//4746
f  6061//4747 5945//4688 5944//4687 6060//4746
f  5943//4686 5947//4690 6062//4748 6059//4745
f  6062//4748 5947//4690 6053//4743 6063//4749
f  6053//4743 6051//4742 6064//4750 6063//4749
f  5136//1172 5946//4689 6065//4751 6066//1170
f  5946//4689 5945//4688 6061//4747 6065//4751
f  6067//4752 5134//4068 5133//1171 6066//1170
f  6068//4753 6060//4746 6059//4745 6069//4754
f  6059//4745 6062//4748 6070//4755 6069//4754
f  6071//4756 6061//4747 6060//4746 6068//4753
f  6072//4757 6065//4751 6061//4747 6071//4756
f  6064//4750 6051//4742 6052//1185 6057//4744
f  6054//1186 5135//4069 6073//1394 6055//1393
f  5135//4069 5134//4068 6067//4752 6073//1394
f  6062//4748 6063//4749 6074//4758 6070//4755
f  6063//4749 6064//4750 6075//4759 6074//4758
f  6075//4759 6064//4750 6057//4744 6076//1396
f  6057//4744 6058//1182 6077//1190 6076//1396
f  6078//1191 6056//1183 6055//1393 6079//1395
f  6066//1170 6065//4751 6072//4757 6080//4760
f  6081//4761 6067//4752 6066//1170 6080//4760
f  6073//1394 6067//4752 6081//4761 6079//1395
f  6074//4758 6075//4759 6082//4762 6083//4763
f  6084//4764 6070//4755 6074//4758 6083//4763
f  6085//4765 6071//4756 6068//4753 6086//4766
f  6068//4753 6069//4754 6087//4767 6086//4766
f  6087//4767 6069//4754 6070//4755 6084//4764
f  6075//4759 6076//1396 6088//1397 6082//4762
f  6079//1395 6081//4761 6089//4768 6090//1398
f  5179//1193 6091//1196 5356//1403 5185//4091
f  5358//1405 6092//1197 5183//1192 5187//4093
f  6093//4769 6084//4764 6083//4763 6094//4770
f  6083//4763 6082//4762 6095//4771 6094//4770
f  6082//4762 6088//1397 6096//1400 6095//4771
f  6097//4772 6072//4757 6071//4756 6085//4765
f  6080//4760 6072//4757 6097//4772 6098//4773
f  6089//4768 6081//4761 6080//4760 6098//4773
f  6086//4766 6087//4767 6099//4774 6100//4775
f  6101//4776 6085//4765 6086//4766 6100//4775
f  6102//4777 6097//4772 6085//4765 6101//4776
f  6103//4778 6098//4773 6097//4772 6102//4777
f  6104//1401 6089//4768 6098//4773 6103//4778
f  6090//1398 6089//4768 6104//1401 6091//1196
f  6087//4767 6084//4764 6093//4769 6099//4774
f  6094//4770 6095//4771 6105//4779 6106//4780
f  6107//4781 6093//4769 6094//4770 6106//4780
f  6108//4782 6100//4775 6099//4774 6109//4783
f  6099//4774 6093//4769 6107//4781 6109//4783
f  6110//4784 6101//4776 6100//4775 6108//4782
f  6111//4785 6102//4777 6101//4776 6110//4784
f  6112//4786 6103//4778 6102//4777 6111//4785
f  6113//1402 6104//1401 6103//4778 6112//4786
f  6108//4782 6109//4783 6114//4787 6115//4788
f  6116//4789 6110//4784 6108//4782 6115//4788
f  6117//4790 6111//4785 6110//4784 6116//4789
f  6118//4791 6114//4787 6109//4783 6107//4781
f  6119//4792 6115//4788 6114//4787 6120//4793
f  6121//4794 6120//4793 6114//4787 6118//4791
f  6115//4788 6119//4792 6122//4795 6116//4789
f  6120//4793 6121//4794 6123//4796 6124//4797
f  6125//4798 6119//4792 6120//4793 6124//4797
f  6126//4799 6122//4795 6119//4792 6125//4798
f  6095//4771 6096//1400 6127//4800 6105//4779
f  6096//1400 6128//1399 6129//1404 6127//4800
f  6130//4801 6106//4780 6105//4779 6131//4802
f  6132//4803 6131//4802 6105//4779 6127//4800
f  6107//4781 6106//4780 6130//4801 6118//4791
f  6121//4794 6118//4791 6130//4801 6133//4804
f  6130//4801 6131//4802 6134//4805 6133//4804
f  6111//4785 6117//4790 6135//4806 6112//4786
f  6117//4790 6116//4789 6122//4795 6136//4807
f  6137//4808 6135//4806 6117//4790 6136//4807
f  6138//1407 6113//1402 6112//4786 6135//4806
f  6121//4794 6133//4804 6139//4809 6123//4796
f  6133//4804 6134//4805 6140//4810 6139//4809
f  6141//4811 6136//4807 6122//4795 6126//4799
f  6142//4812 6134//4805 6131//4802 6132//4803
f  6143//4813 6140//4810 6134//4805 6142//4812
f  6135//4806 6137//4808 6144//1410 6138//1407
f  6137//4808 6136//4807 6141//4811 6145//4814
f  6137//4808 6145//4814 6146//4815 6144//1410
f  6147//4816 6148//4817 6149//4818 6150//4819
f  6149//4818 6148//4817 6151//4820 6152//4821
f  6153//4822 6150//4819 6149//4818 6154//4823
f  6149//4818 6152//4821 6155//4824 6154//4823
f  6156//4825 6148//4817 6147//4816 6157//4826
f  6151//4820 6148//4817 6156//4825 6158//4827
f  6159//4828 6160//4829 6156//4825 6157//4826
f  6161//4830 6158//4827 6156//4825 6160//4829
f  6162//4831 6147//4816 6150//4819 6163//4832
f  6150//4819 6153//4822 6164//4833 6163//4832
f  6165//4834 6157//4826 6147//4816 6162//4831
f  6162//4831 6163//4832 6166//4835 6167//4836
f  6162//4831 6167//4836 6168//4837 6165//4834
f  6169//4838 6170//4839 6152//4821 6151//4820
f  6152//4821 6170//4839 6171//4840 6155//4824
f  6172//4841 6173//4842 6170//4839 6169//4838
f  6170//4839 6173//4842 6174//4843 6171//4840
f  6173//4842 6172//4841 6175//4844 6176//4845
f  6177//4846 6174//4843 6173//4842 6176//4845
f  6169//4838 6151//4820 6158//4827 6178//4847
f  6179//4848 6178//4847 6158//4827 6161//4830
f  6172//4841 6169//4838 6178//4847 6180//4849
f  6181//1416 6180//4849 6178//4847 6179//4848
f  6175//4844 6172//4841 6180//4849 6182//1411
f  6183//1412 6182//1411 6180//4849 6181//1416
f  6184//1419 6175//4844 6182//1411 6185//1414
f  6186//4850 6187//4851 6167//4836 6166//4835
f  6167//4836 6187//4851 6188//1427 6168//4837
f  6189//1422 6190//1421 6187//4851 6186//4850
f  6187//4851 6190//1421 6191//1425 6188//1427
f  6192//1430 6176//4845 6175//4844 6184//1419
f  6193//4852 6194//1429 6184//1419 6195//1420
f  6190//1421 6196//1423 6197//1434 6198//1424
f  6199//4853 6124//4797 6123//4796 6200//4854
f  6201//4855 6200//4854 6123//4796 6139//4809
f  6202//4856 6125//4798 6124//4797 6199//4853
f  6125//4798 6202//4856 6203//4857 6126//4799
f  6153//4822 6154//4823 6199//4853 6200//4854
f  6199//4853 6154//4823 6155//4824 6202//4856
f  6164//4833 6153//4822 6200//4854 6201//4855
f  6202//4856 6155//4824 6171//4840 6203//4857
f  6201//4855 6139//4809 6140//4810 6204//4858
f  6201//4855 6204//4858 6205//4859 6164//4833
f  6204//4858 6140//4810 6143//4813 6206//4860
f  6207//1435 6206//4860 6143//4813 6208//4861
f  6143//4813 6142//4812 6209//1444 6208//4861
f  6204//4858 6206//4860 6210//4862 6205//4859
f  6206//4860 6207//1435 6211//1431 6210//4862
f  6166//4835 6163//4832 6164//4833 6205//4859
f  6186//4850 6166//4835 6205//4859 6210//4862
f  6126//4799 6203//4857 6212//4863 6141//4811
f  6203//4857 6171//4840 6174//4843 6212//4863
f  6145//4814 6141//4811 6212//4863 6213//4864
f  6212//4863 6174//4843 6177//4846 6213//4864
f  6146//4815 6145//4814 6213//4864 6214//1436
f  6215//1437 6214//1436 6213//4864 6177//4846
f  6146//4815 6214//1436 6216//1438 6217//1440
f  6218//1439 6144//1410 6146//4815 6217//1440
f  6219//1432 6207//1435 6208//4861 6220//1447
f  6208//4861 6209//1444 6221//4865 6220//1447
f  6215//1437 6177//4846 6176//4845 6192//1430
f  6215//1437 6192//1430 6194//1429 6216//1438
f  6189//1422 6186//4850 6210//4862 6211//1431
f  6194//1429 6193//4852 6222//1448 6216//1438
f  6223//4866 6224//4867 6197//1434 6225//1433
f  6226//1454 6198//1424 6197//1434 6224//4867
f  6227//1452 6228//1451 6224//4867 6223//4866
f  6224//4867 6228//1451 6229//1463 6226//1454
f  6193//4852 6230//4868 6231//4869 6222//1448
f  6193//4852 6195//1420 6232//4870 6230//4868
f  6230//4868 6233//1458 6234//1457 6231//4869
f  6235//1469 6233//1458 6230//4868 6232//4870
f  6236//1464 6229//1463 6228//1451 6237//1453
f  6233//1458 6235//1469 6238//1468 6239//1456
f  6219//1432 6220//1447 6240//1446 6241//1450
f  6242//1442 6217//1440 6216//1438 6243//1449
f  6243//1449 6222//1448 6231//4869 6244//4871
f  6243//1449 6244//4871 6245//4872 6242//1442
f  6244//4871 6231//4869 6234//1457 6246//1466
f  6244//4871 6246//1466 6247//1471 6245//4872
f  6248//4873 6223//4866 6225//1433 6241//1450
f  6249//1459 6227//1452 6223//4866 6248//4873
f  5360//1226 5355//1221 5356//1403 6250//1406
f  5358//1405 5357//1224 5362//1228 6251//1408
f  6127//4800 6129//1404 6252//1409 6132//4803
f  6209//1444 6142//4812 6132//4803 6252//1409
f  5360//1226 6250//1406 6253//1480 6254//1230
f  6250//1406 6144//1410 6218//1439 6253//1480
f  6221//4865 6209//1444 6251//1408 6255//1484
f  6251//1408 5362//1228 6256//1231 6255//1484
f  6257//1482 6253//1480 6218//1439 6258//1441
f  6221//4865 6255//1484 6259//1485 6260//4874
f  6261//1445 6220//1447 6221//4865 6260//4874
f  6262//4875 6248//4873 6241//1450 6240//1446
f  6263//1474 6249//1459 6248//4873 6262//4875
f  6264//4876 6265//4877 6266//4878 6267//4879
f  6266//4878 6265//4877 6268//4880 6042//4736
f  6266//4878 6269//4881 6270//4882 6267//4879
f  6043//4737 6269//4881 6266//4878 6042//4736
f  6271//4883 6268//4880 6265//4877 6272//4884
f  6265//4877 6264//4876 6273//4885 6272//4884
f  6274//4886 6275//4887 6276//4888 6277//4889
f  6264//4876 6275//4887 6274//4886 6273//4885
f  6278//4890 6273//4885 6274//4886 6279//4891
f  6274//4886 6277//4889 6280//4892 6279//4891
f  6275//4887 6264//4876 6267//4879 6281//4893
f  6282//4894 6276//4888 6275//4887 6281//4893
f  6283//4895 6277//4889 6276//4888 6284//4896
f  6285//4897 6284//4896 6276//4888 6282//4894
f  6284//4896 6286//4898 6287//4899 6283//4895
f  6288//4900 6286//4898 6284//4896 6285//4897
f  6286//4898 6160//4829 6159//4828 6287//4899
f  6161//4830 6160//4829 6286//4898 6288//4900
f  6277//4889 6283//4895 6289//1495 6280//4892
f  6283//4895 6287//4899 6290//1493 6289//1495
f  6268//4880 6033//4727 6032//4726 6042//4736
f  6271//4883 6034//4728 6033//4727 6268//4880
f  6291//4901 6035//4729 6034//4728 6271//4883
f  6292//4902 6036//4730 6035//4729 6291//4901
f  6293//4903 6037//4731 6036//4730 6292//4902
f  6271//4883 6272//4884 6294//4904 6291//4901
f  6295//4905 6292//4902 6291//4901 6294//4904
f  6296//4906 6293//4903 6292//4902 6295//4905
f  6046//4740 6038//4732 6037//4731 6293//4903
f  6297//4907 6046//4740 6293//4903 6296//4906
f  6272//4884 6273//4885 6278//4890 6294//4904
f  6294//4904 6278//4890 6298//4908 6295//4905
f  6278//4890 6279//4891 6299//4909 6298//4908
f  6295//4905 6298//4908 6300//4910 6296//4906
f  6298//4908 6299//4909 6301//4911 6300//4910
f  6302//4912 6299//4909 6279//4891 6280//4892
f  6299//4909 6302//4912 6303//4913 6301//4911
f  6290//1493 6287//4899 6159//4828 6304//4914
f  6159//4828 6157//4826 6165//4834 6304//4914
f  6290//1493 6304//4914 6305//1496 6306//1494
f  6304//4914 6165//4834 6168//4837 6305//1496
f  6307//4915 6289//1495 6306//1494 6308//1499
f  6280//4892 6289//1495 6307//4915 6302//4912
f  6302//4912 6307//4915 6309//4916 6303//4913
f  6281//4893 6267//4879 6270//4882 6310//4917
f  6281//4893 6310//4917 6311//4918 6282//4894
f  6269//4881 6043//4737 6044//4738 6312//4919
f  6313//4920 6270//4882 6269//4881 6312//4919
f  6314//4921 6310//4917 6270//4882 6313//4920
f  6310//4917 6314//4921 6315//4922 6311//4918
f  6314//4921 6313//4920 6316//4923 6317//4924
f  6318//4925 6315//4922 6314//4921 6317//4924
f  6179//4848 6161//4830 6288//4900 6319//1501
f  6288//4900 6285//4897 6320//1502 6319//1501
f  6179//4848 6319//1501 6321//1417 6181//1416
f  6320//1502 6285//4897 6282//4894 6311//4918
f  6322//4926 6320//1502 6311//4918 6315//4922
f  6320//1502 6322//4926 6323//4927 6321//1417
f  6324//4928 6322//4926 6315//4922 6318//4925
f  6325//4929 6323//4927 6322//4926 6324//4928
f  6321//1417 6323//4927 6326//1503 6327//1415
f  6328//4930 6326//1503 6323//4927 6329//4931
f  6323//4927 6325//4929 6330//4932 6329//4931
f  6044//4738 6045//4739 6331//4933 6312//4919
f  6297//4907 6331//4933 6045//4739 6046//4740
f  6316//4923 6313//4920 6312//4919 6331//4933
f  6331//4933 6297//4907 6332//4934 6316//4923
f  6297//4907 6296//4906 6300//4910 6332//4934
f  6333//4935 6317//4924 6316//4923 6332//4934
f  6317//4924 6333//4935 6334//4936 6318//4925
f  6333//4935 6332//4934 6300//4910 6301//4911
f  6333//4935 6301//4911 6303//4913 6334//4936
f  6324//4928 6318//4925 6334//4936 6335//4937
f  6324//4928 6335//4937 6336//4938 6325//4929
f  6334//4936 6303//4913 6309//4916 6335//4937
f  6335//4937 6309//4916 6337//4939 6336//4938
f  6325//4929 6336//4938 6338//4940 6330//4932
f  6339//1418 6183//1412 6327//1415 6326//1503
f  6195//1420 6340//1413 6339//1418 6232//4870
f  6235//1469 6232//4870 6339//1418 6341//1470
f  6342//1428 6191//1425 6198//1424 6226//1454
f  6168//4837 6188//1427 6343//1426 6305//1496
f  6344//1497 6343//1426 6345//1455 6346//1498
f  6345//1455 6226//1454 6229//1463 6347//1462
f  6346//1498 6348//1500 6349//4941 6308//1499
f  6341//1470 6328//4930 6350//4942 6238//1468
f  6351//4943 6348//1500 6347//1462 6236//1464
f  6352//4944 6349//4941 6348//1500 6351//4943
f  6307//4915 6308//1499 6337//4939 6309//4916
f  6353//4945 6337//4939 6308//1499 6349//4941
f  6338//4940 6336//4938 6337//4939 6353//4945
f  6354//4946 6338//4940 6353//4945 6355//4947
f  6353//4945 6349//4941 6352//4944 6355//4947
f  6328//4930 6329//4931 6356//4948 6350//4942
f  6329//4931 6330//4932 6357//4949 6356//4948
f  6354//4946 6357//4949 6330//4932 6338//4940
f  6239//1456 6238//1468 6350//4942 6358//4950
f  6350//4942 6356//4948 6359//4951 6358//4950
f  6356//4948 6357//4949 6360//4952 6359//4951
f  6357//4949 6354//4946 6361//4953 6360//4952
f  6354//4946 6355//4947 6362//4954 6361//4953
f  6236//1464 6237//1453 6363//4955 6351//4943
f  6364//4956 6352//4944 6351//4943 6363//4955
f  6362//4954 6355//4947 6352//4944 6364//4956
f  6365//4957 6366//1467 6239//1456 6358//4950
f  6367//4958 6363//4955 6237//1453 6368//1461
f  6369//4959 6364//4956 6363//4955 6367//4958
f  6370//4960 6362//4954 6364//4956 6369//4959
f  6366//1467 6365//4957 6371//4961 6372//1472
f  6373//4962 6371//4961 6365//4957 6374//4963
f  6365//4957 6358//4950 6359//4951 6374//4963
f  6368//1461 6375//1475 6376//4964 6367//4958
f  6377//4965 6378//1481 6257//1482 6379//4966
f  6257//1482 6258//1441 6380//4967 6379//4966
f  6381//4968 6377//4965 6379//4966 6382//1507
f  6383//1508 6382//1507 6379//4966 6380//4967
f  6259//1485 6384//1483 6385//4969 6386//4970
f  6387//4971 6260//4874 6259//1485 6386//4970
f  6388//4972 6389//1512 6386//4970 6385//4969
f  6386//4970 6389//1512 6390//1511 6387//4971
f  6391//1479 6378//1481 6377//4965 6392//4973
f  6377//4965 6381//4968 6393//1518 6392//4973
f  6384//1483 6394//1486 6395//4974 6385//4969
f  6396//1516 6381//4968 6382//1507 6397//1509
f  6389//1512 6388//4972 6398//1527 6399//1510
f  6400//1519 6393//1518 6381//4968 6396//1516
f  6401//1523 6388//4972 6385//4969 6395//4974
f  6388//4972 6401//1523 6402//1522 6398//1527
f  6242//1442 6245//4872 6403//4975 6404//1443
f  6245//4872 6247//1471 6405//1491 6403//4975
f  6240//1446 6261//1445 6406//4976 6262//4875
f  6258//1441 6404//1443 6403//4975 6380//4967
f  6383//1508 6380//4967 6403//4975 6405//1491
f  6261//1445 6260//4874 6387//4971 6406//4976
f  6263//1474 6262//4875 6406//4976 6407//1492
f  6406//4976 6387//4971 6390//1511 6407//1492
f  6408//4977 6371//4961 6373//4962 6409//4978
f  6373//4962 6410//4979 6411//4980 6409//4978
f  6373//4962 6374//4963 6412//4981 6410//4979
f  6372//1472 6371//4961 6408//4977 6413//1505
f  6376//4964 6375//1475 6414//1506 6415//4982
f  6376//4964 6415//4982 6416//4983 6417//4984
f  6369//4959 6367//4958 6376//4964 6417//4984
f  6418//4985 6411//4980 6410//4979 6419//4986
f  6410//4979 6412//4981 6420//4987 6419//4986
f  6421//1476 6399//1510 6422//4988 6423//1528
f  6415//4982 6414//1506 6423//1528 6424//4989
f  6425//4990 6416//4983 6415//4982 6424//4989
f  6413//1505 6408//4977 6426//4991 6427//1513
f  6408//4977 6409//4978 6428//4992 6426//4991
f  6429//4993 6411//4980 6418//4985 6430//4994
f  6418//4985 6431//4995 6432//4996 6430//4994
f  6418//4985 6419//4986 6433//4997 6431//4995
f  6431//4995 6416//4983 6425//4990 6432//4996
f  6417//4984 6416//4983 6431//4995 6433//4997
f  6409//4978 6411//4980 6429//4993 6428//4992
f  6434//1526 6422//4988 6399//1510 6398//1527
f  6435//4998 6424//4989 6423//1528 6422//4988
f  6427//1513 6426//4991 6436//4999 6437//1514
f  6426//4991 6428//4992 6438//5000 6436//4999
f  6428//4992 6429//4993 6439//5001 6438//5000
f  6429//4993 6430//4994 6440//5002 6439//5001
f  6430//4994 6432//4996 6441//5003 6440//5002
f  6442//5004 6425//4990 6424//4989 6435//4998
f  6441//5003 6432//4996 6425//4990 6442//5004
f  6422//4988 6434//1526 6443//5005 6435//4998
f  6437//1514 6436//4999 6444//5006 6445//1515
f  6444//5006 6436//4999 6438//5000 6446//5007
f  6438//5000 6439//5001 6447//5008 6446//5007
f  6439//5001 6440//5002 6448//5009 6447//5008
f  6440//5002 6441//5003 6449//5010 6448//5009
f  6359//4951 6360//4952 6412//4981 6374//4963
f  6360//4952 6361//4953 6420//4987 6412//4981
f  6420//4987 6361//4953 6362//4954 6370//4960
f  6433//4997 6419//4986 6420//4987 6370//4960
f  6369//4959 6417//4984 6433//4997 6370//4960
f  6450//5011 6451//5012 6452//1541 6453//1539
f  6450//5011 6453//1539 6454//1538 6455//5013
f  6450//5011 6455//5013 6456//5014 6457//5015
f  6458//5016 6451//5012 6450//5011 6457//5015
f  6451//5012 6459//5017 6460//1542 6452//1541
f  6461//5018 6459//5017 6451//5012 6458//5016
f  6462//1543 6460//1542 6459//5017 6463//5019
f  6464//5020 6463//5019 6459//5017 6461//5018
f  6465//5021 6455//5013 6454//1538 6466//1544
f  6466//1544 6467//1545 6468//5022 6465//5021
f  6462//1543 6463//5019 6469//5023 6470//1546
f  6468//5022 6467//1545 6470//1546 6469//5023
f  6455//5013 6465//5021 6471//5024 6456//5014
f  6465//5021 6468//5022 6472//5025 6471//5024
f  6468//5022 6469//5023 6473//5026 6472//5025
f  6469//5023 6463//5019 6464//5020 6473//5026
f  6474//5027 6475//5028 6476//1547 6477//5029
f  6474//5027 6478//5030 6479//5031 6475//5028
f  6480//5032 6478//5030 6474//5027 6481//1536
f  6482//1535 6481//1536 6474//5027 6477//5029
f  6478//5030 6483//5033 6484//5034 6479//5031
f  6485//5035 6483//5033 6478//5030 6480//5032
f  6475//5028 6479//5031 6486//5036 6487//1551
f  6488//1548 6476//1547 6475//5028 6487//1551
f  6489//5037 6477//5029 6476//1547 6490//1550
f  6483//5033 6457//5015 6456//5014 6484//5034
f  6458//5016 6457//5015 6483//5033 6485//5035
f  6486//5036 6479//5031 6484//5034 6491//5038
f  6484//5034 6456//5014 6471//5024 6491//5038
f  6492//5039 6486//5036 6491//5038 6493//5040
f  6491//5038 6471//5024 6472//5025 6493//5040
f  6494//1553 6487//1551 6486//5036 6492//5039
f  6495//5041 6485//5035 6480//5032 6496//5042
f  6480//5032 6481//1536 6497//1537 6496//5042
f  6458//5016 6485//5035 6495//5041 6461//5018
f  6498//1531 6482//1535 6477//5029 6489//5037
f  6482//1535 6499//1534 6500//5043 6497//1537
f  6501//5044 6500//5043 6499//1534 6502//5045
f  6499//1534 6503//1532 6504//5046 6502//5045
f  6464//5020 6461//5018 6495//5041 6505//5047
f  6495//5041 6496//5042 6506//5048 6505//5047
f  6506//5048 6496//5042 6497//1537 6500//5043
f  6507//5049 6506//5048 6500//5043 6501//5044
f  6473//5026 6464//5020 6505//5047 6508//5050
f  6493//5040 6472//5025 6473//5026 6508//5050
f  6492//5039 6493//5040 6508//5050 6507//5049
f  6501//5044 6494//1553 6492//5039 6507//5049
f  6505//5047 6506//5048 6507//5049 6508//5050
f  6501//5044 6502//5045 6509//1552 6494//1553
f  6509//1552 6502//5045 6504//5046 6510//1554
f  2893//2521 2894//2522 6511//5051 6512//5052
f  6513//5053 2926//2549 2893//2521 6512//5052
f  2926//2549 6513//5053 6514//5054 2927//2550
f  2894//2522 2895//2523 6515//5055 6511//5051
f  6516//5056 6515//5055 2895//2523 2896//2524
f  6517//5057 6512//5052 6511//5051 6518//5058
f  6511//5051 6515//5055 6519//5059 6518//5058
f  6520//5060 6519//5059 6515//5055 6516//5056
f  6513//5053 6512//5052 6517//5057 6521//5061
f  6522//5062 6514//5054 6513//5053 6521//5061
f  6523//1565 2927//2550 6514//5054 6524//1559
f  6525//1585 6524//1559 6514//5054 6522//5062
f  2925//2548 2927//2550 6523//1565 2929//411
f  2929//411 6523//1565 6526//1564 6527//412
f  2933//415 6527//412 6526//1564 6528//1570
f  6523//1565 6524//1559 6529//1558 6530//1568
f  6531//1577 6528//1570 6530//1568 6529//1558
f  6532//1584 6533//1563 6524//1559 6525//1585
f  6517//5057 6518//5058 6534//5063 6535//5064
f  6536//5065 6521//5061 6517//5057 6535//5064
f  6534//5063 6518//5058 6519//5059 6537//5066
f  6538//5067 6537//5066 6519//5059 6520//5060
f  6539//5068 6522//5062 6521//5061 6536//5065
f  6540//1590 6531//1577 6533//1563 6532//1584
f  6541//1596 6525//1585 6522//5062 6539//5068
f  6525//1585 6541//1596 6542//1601 6543//1589
f  6535//5064 6534//5063 6544//5069 6545//5070
f  6546//5071 6536//5065 6535//5064 6545//5070
f  6534//5063 6537//5066 6547//5072 6544//5069
f  6548//5073 6547//5072 6537//5066 6538//5067
f  6549//5074 6539//5068 6536//5065 6546//5071
f  6550//1610 6541//1596 6539//5068 6549//5074
f  6551//1609 6552//1599 6541//1596 6550//1610
f  6552//1599 6551//1609 6553//1615 6554//1602
f  6554//1602 6540//1590 6543//1589 6542//1601
f  6544//5069 6547//5072 6555//5075 6556//5076
f  6557//5077 6545//5070 6544//5069 6556//5076
f  6545//5070 6557//5077 6558//5078 6546//5071
f  6559//5079 6555//5075 6547//5072 6548//5073
f  6560//1617 6556//5076 6555//5075 6561//5080
f  6562//1619 6561//5080 6555//5075 6559//5079
f  6557//5077 6556//5076 6560//1617 6563//1616
f  6564//5081 6558//5078 6557//5077 6563//1616
f  6558//5078 6564//5081 6565//5082 6566//5083
f  6549//5074 6546//5071 6558//5078 6566//5083
f  6567//1624 6564//5081 6563//1616 6568//1618
f  6560//1617 6561//5080 6569//5084 6568//1618
f  6570//1621 6569//5084 6561//5080 6562//1619
f  6571//1623 6565//5082 6564//5081 6567//1624
f  6572//1631 6573//1626 6565//5082 6571//1623
f  6574//1635 6566//5083 6565//5082 6573//1626
f  6574//1635 6573//1626 6575//1625 6576//1636
f  6577//1638 6576//1636 6575//1625 6578//1632
f  6567//1624 6568//1618 6579//5085 6580//5086
f  6581//5087 6582//1622 6567//1624 6580//5086
f  6579//5085 6568//1618 6569//5084 6583//5088
f  6584//5089 6583//5088 6569//5084 6570//1621
f  6585//1639 6578//1632 6586//1629 6572//1631
f  6587//5090 6572//1631 6571//1623 6582//1622
f  6572//1631 6587//5090 6588//1648 6585//1639
f  6587//5090 6582//1622 6589//1650 6590//1649
f  6587//5090 6590//1649 6591//1652 6588//1648
f  6592//1653 6589//1650 6582//1622 6593//5091
f  6594//5092 6593//5091 6582//1622 6581//5087
f  6593//5091 6588//1648 6591//1652 6592//1653
f  6595//5093 6588//1648 6593//5091 6594//5092
f  6596//5094 6579//5085 6583//5088 6597//5095
f  6598//5096 6597//5095 6583//5088 6584//5089
f  6580//5086 6579//5085 6596//5094 6599//5097
f  6600//5098 6581//5087 6580//5086 6599//5097
f  6601//5099 6594//5092 6581//5087 6600//5098
f  6594//5092 6601//5099 6602//5100 6595//5093
f  6603//1655 6596//5094 6597//5095 6604//1656
f  6605//1657 6604//1656 6597//5095 6598//5096
f  6599//5097 6596//5094 6603//1655 6606//1658
f  6607//1659 6600//5098 6599//5097 6606//1658
f  6600//5098 6607//1659 6608//1660 6601//5099
f  6602//5100 6601//5099 6608//1660 6609//1661
f  6574//1635 6550//1610 6549//5074 6566//5083
f  6610//1645 6611//1612 6550//1610 6574//1635
f  6577//1638 6553//1615 6611//1612 6610//1645
f  6612//5101 6613//5102 6614//5103 6615//5104
f  6616//5105 6617//5106 6614//5103 6613//5102
f  6618//5107 6615//5104 6614//5103 6619//5108
f  6614//5103 6617//5106 6620//5109 6619//5108
f  6621//772 6622//1674 6617//5106 6616//5105
f  6617//5106 6622//1674 6623//1675 6620//5109
f  3931//765 3939//775 6622//1674 6621//772
f  6624//1687 6625//776 6626//5110 6627//5111
f  3937//777 6625//776 6624//1687 3940//779
f  6624//1687 6627//5111 6628//5112 6629//1684
f  6612//5101 4005//3316 4004//3315 6613//5102
f  4004//3315 4003//3314 6616//5105 6613//5102
f  4003//3314 4008//764 6621//772 6616//5105
f  6630//5113 4006//3317 4005//3316 6612//5101
f  6631//5114 4007//3318 4006//3317 6630//5113
f  4007//3318 6631//5114 6632//5115 6633//5116
f  4010//3320 4001//3312 4007//3318 6633//5116
f  6612//5101 6615//5104 6634//5117 6630//5113
f  6635//5118 6631//5114 6630//5113 6634//5117
f  6625//776 3995//778 4009//3319 6626//5110
f  6636//5119 6627//5111 6626//5110 6632//5115
f  6633//5116 6632//5115 6626//5110 4009//3319
f  6632//5115 6631//5114 6635//5118 6636//5119
f  6637//5120 6634//5117 6615//5104 6618//5107
f  6638//5121 6635//5118 6634//5117 6637//5120
f  6639//5122 6636//5119 6635//5118 6638//5121
f  6627//5111 6636//5119 6639//5122 6628//5112
f  6490//1550 6640//774 6641//5123 6489//5037
f  6498//1531 6489//5037 6641//5123 6642//753
f  3919//773 3920//3275 6641//5123 6640//774
f  6641//5123 3920//3275 3921//752 6642//753
f  6504//5046 6503//1532 6643//760 6644//5124
f  6643//760 3929//759 3930//3278 6644//5124
f  6510//1554 6504//5046 6644//5124 6645//780
f  3930//3278 3941//781 6645//780 6644//5124
f  4009//3319 4002//3313 4010//3320 6633//5116
f  6646//5125 6647//5126 6648//5127 6649//5128
f  6650//5129 6649//5128 6648//5127 6651//5130
f  6648//5127 6647//5126 6652//5131 6653//5132
f  6654//5133 6651//5130 6648//5127 6653//5132
f  6655//1683 6656//1689 6647//5126 6646//5125
f  6647//5126 6656//1689 6657//1694 6652//5131
f  6658//1691 6659//1686 6660//5134 6661//5135
f  6658//1691 6661//5135 6662//5136 6663//1695
f  6618//5107 6619//5108 6649//5128 6650//5129
f  6649//5128 6619//5108 6620//5109 6646//5125
f  6646//5125 6620//5109 6623//1675 6655//1683
f  6664//5137 6637//5120 6618//5107 6650//5129
f  6629//1684 6628//5112 6660//5134 6659//1686
f  6628//5112 6639//5122 6665//5138 6660//5134
f  6666//5139 6638//5121 6637//5120 6664//5137
f  6665//5138 6639//5122 6638//5121 6666//5139
f  6650//5129 6651//5130 6667//5140 6664//5137
f  6668//5141 6666//5139 6664//5137 6667//5140
f  6669//5142 6665//5138 6666//5139 6668//5141
f  6669//5142 6661//5135 6660//5134 6665//5138
f  6670//5143 6667//5140 6651//5130 6654//5133
f  6671//5144 6668//5141 6667//5140 6670//5143
f  6672//5145 6669//5142 6668//5141 6671//5144
f  6661//5135 6669//5142 6672//5145 6662//5136
f  6673//5146 6674//5147 6675//1698 6676//1702
f  6677//5148 6678//1699 6675//1698 6674//5147
f  6678//1699 6679//5149 6680//1705 6681//1700
f  6682//5150 6679//5149 6678//1699 6677//5148
f  6683//1706 6680//1705 6679//5149 6684//5151
f  6679//5149 6682//5150 6685//5152 6684//5151
f  6686//1701 6687//1704 6688//5153 6676//1702
f  6683//1706 6684//5151 6689//1708 6690//1707
f  6687//1704 6690//1707 6691//1709 6688//5153
f  6692//5154 6693//5155 6694//5156 6695//5157
f  6692//5154 6653//5132 6652//5131 6693//5155
f  6692//5154 6695//5157 6696//5158 6697//5159
f  6654//5133 6653//5132 6692//5154 6697//5159
f  6693//5155 6652//5131 6657//1694 6698//1697
f  6699//5160 6694//5156 6693//5155 6698//1697
f  6700//5161 6695//5157 6694//5156 6701//5162
f  6702//5163 6701//5162 6694//5156 6699//5160
f  6696//5158 6695//5157 6700//5161 6703//5164
f  6700//5161 6674//5147 6673//5146 6703//5164
f  6677//5148 6674//5147 6700//5161 6701//5162
f  6670//5143 6654//5133 6697//5159 6704//5165
f  6697//5159 6696//5158 6705//5166 6704//5165
f  6696//5158 6703//5164 6706//5167 6705//5166
f  6703//5164 6673//5146 6707//5168 6706//5167
f  6673//5146 6676//1702 6688//5153 6707//5168
f  6682//5150 6677//5148 6701//5162 6702//5163
f  6682//5150 6702//5163 6708//5169 6685//5152
f  6670//5143 6704//5165 6709//5170 6671//5144
f  6704//5165 6705//5166 6710//5171 6709//5170
f  6705//5166 6706//5167 6711//5172 6710//5171
f  6712//5173 6672//5145 6671//5144 6709//5170
f  6713//5174 6662//5136 6672//5145 6712//5173
f  6714//5175 6712//5173 6709//5170 6710//5171
f  6715//5176 6699//5160 6698//1697 6713//5174
f  6698//1697 6663//1695 6662//5136 6713//5174
f  6702//5163 6699//5160 6715//5176 6708//5169
f  6716//5177 6685//5152 6708//5169 6717//5178
f  6708//5169 6715//5176 6714//5175 6717//5178
f  6715//5176 6713//5174 6712//5173 6714//5175
f  6711//5172 6706//5167 6707//5168 6718//5179
f  6707//5168 6688//5153 6691//1709 6718//5179
f  6716//5177 6689//1708 6684//5151 6685//5152
f  6717//5178 6711//5172 6718//5179 6716//5177
f  6718//5179 6691//1709 6689//1708 6716//5177
f  6714//5175 6710//5171 6711//5172 6717//5178
f  2896//2524 5287//4175 6719//5180 6516//5056
f  5287//4175 5348//4229 6720//5181 6719//5180
f  6721//5182 6720//5181 5348//4229 5351//4232
f  6516//5056 6719//5180 6722//5183 6520//5060
f  6719//5180 6720//5181 6723//5184 6722//5183
f  6720//5181 6721//5182 6724//5185 6723//5184
f  6721//5182 5351//4232 6528//1570 6531//1577
f  6721//5182 6531//1577 6540//1590 6724//5185
f  5350//4231 2933//415 6528//1570 5351//4232
f  6520//5060 6722//5183 6725//5186 6538//5067
f  6722//5183 6723//5184 6726//5187 6725//5186
f  6723//5184 6724//5185 6727//5188 6726//5187
f  6727//5188 6724//5185 6540//1590 6554//1602
f  6538//5067 6725//5186 6728//5189 6548//5073
f  6725//5186 6726//5187 6729//5190 6728//5189
f  6727//5188 6554//1602 6553//1615 6730//5191
f  6729//5190 6726//5187 6727//5188 6730//5191
f  6731//5192 6732//5193 6733//1720 6734//1719
f  6735//1722 6736//5194 6731//5192 6734//1719
f  6737//5195 6732//5193 6731//5192 6738//5196
f  6731//5192 6736//5194 6739//5197 6738//5196
f  6732//5193 6740//5198 6741//1723 6733//1720
f  6742//5199 6740//5198 6732//5193 6737//5195
f  6743//1724 6741//1723 6740//5198 6744//5200
f  6745//5201 6744//5200 6740//5198 6742//5199
f  6736//5194 6735//1722 6746//1725 6747//5202
f  6736//5194 6747//5202 6748//5203 6739//5197
f  6749//5204 6747//5202 6746//1725 6750//1726
f  6743//1724 6744//5200 6751//5205 6752//1727
f  6749//5204 6750//1726 6752//1727 6751//5205
f  6747//5202 6749//5204 6753//5206 6748//5203
f  6749//5204 6751//5205 6754//5207 6753//5206
f  6754//5207 6751//5205 6744//5200 6745//5201
f  6755//5208 6756//5209 6757//5210 6758//5211
f  6737//5195 6738//5196 6755//5208 6758//5211
f  6755//5208 6738//5196 6739//5197 6759//5212
f  6760//5213 6756//5209 6755//5208 6759//5212
f  6761//5214 6762//1717 6756//5209 6760//5213
f  6763//1718 6757//5210 6756//5209 6762//1717
f  6764//1716 6762//1717 6761//5214 6765//1715
f  6761//5214 6760//5213 6766//5215 6767//5216
f  6768//5217 6765//1715 6761//5214 6767//5216
f  6757//5210 6763//1718 6769//5218 6770//5219
f  6771//5220 6758//5211 6757//5210 6770//5219
f  6737//5195 6758//5211 6771//5220 6742//5199
f  6769//5218 6763//1718 6764//1716 6772//5221
f  6764//1716 6773//1710 6774//5222 6772//5221
f  6775//5223 6769//5218 6772//5221 6776//1730
f  6777//1731 6776//1730 6772//5221 6774//5222
f  6778//5224 6779//1713 6765//1715 6768//5217
f  6766//5215 6760//5213 6759//5212 6780//5225
f  6759//5212 6739//5197 6748//5203 6780//5225
f  6781//5226 6766//5215 6780//5225 6782//5227
f  6780//5225 6748//5203 6753//5206 6782//5227
f  6783//1733 6767//5216 6766//5215 6781//5226
f  6742//5199 6771//5220 6784//5228 6745//5201
f  6754//5207 6745//5201 6784//5228 6785//5229
f  6782//5227 6753//5206 6754//5207 6785//5229
f  6781//5226 6782//5227 6785//5229 6786//5230
f  6787//1734 6783//1733 6781//5226 6786//5230
f  6768//5217 6767//5216 6783//1733 6788//1732
f  6768//5217 6788//1732 6789//1735 6778//5224
f  6790//5231 6770//5219 6769//5218 6775//5223
f  6784//5228 6771//5220 6770//5219 6790//5231
f  6776//1730 6791//1729 6787//1734 6775//5223
f  6775//5223 6787//1734 6786//5230 6790//5231
f  6786//5230 6785//5229 6784//5228 6790//5231
f  6548//5073 6728//5189 6792//5232 6559//5079
f  6793//5233 6792//5232 6728//5189 6729//5190
f  6559//5079 6792//5232 6794//1620 6562//1619
f  6792//5232 6793//5233 6795//5234 6794//1620
f  6796//1640 6795//5234 6793//5233 6797//5235
f  6793//5233 6729//5190 6730//5191 6797//5235
f  6798//1647 6570//1621 6794//1620 6795//5234
f  6797//5235 6577//1638 6578//1632 6796//1640
f  6795//5234 6796//1640 6585//1639 6798//1647
f  6570//1621 6798//1647 6799//5236 6584//5089
f  6798//1647 6588//1648 6595//5093 6799//5236
f  6584//5089 6799//5236 6800//5237 6598//5096
f  6800//5237 6799//5236 6595//5093 6602//5100
f  6801//1662 6605//1657 6598//5096 6800//5237
f  6602//5100 6609//1661 6801//1662 6800//5237
f  6797//5235 6730//5191 6553//1615 6577//1638
f  6802//1489 6779//1713 6778//5224 6803//5238
f  6395//4974 6394//1486 6802//1489 6803//5238
f  6774//5222 6773//1710 6804//1490 6805//5239
f  6804//1490 6391//1479 6392//4973 6805//5239
f  6777//1731 6774//5222 6805//5239 6806//1517
f  6805//5239 6392//4973 6393//1518 6806//1517
f  6778//5224 6789//1735 6807//1524 6803//5238
f  6401//1523 6395//4974 6803//5238 6807//1524
f  6398//1527 6402//1522 6808//1745 6809//1525
f  6445//1515 6444//5006 6810//5240 6811//1521
f  6812//5241 6443//5005 6434//1526 6809//1525
f  6442//5004 6435//4998 6443//5005 6813//5242
f  6814//5243 6813//5242 6443//5005 6812//5241
f  6441//5003 6442//5004 6813//5242 6449//5010
f  6815//5244 6449//5010 6813//5242 6814//5243
f  6810//5240 6816//5245 6817//1520 6811//1521
f  6817//1520 6816//5245 6818//5246 6819//1746
f  6812//5241 6809//1525 6808//1745 6820//5247
f  6821//5248 6820//5247 6808//1745 6822//1749
f  6823//5249 6824//5250 6816//5245 6810//5240
f  6816//5245 6824//5250 6825//5251 6818//5246
f  6824//5250 6823//5249 6826//5252 6827//5253
f  6824//5250 6827//5253 6828//5254 6825//5251
f  6444//5006 6446//5007 6823//5249 6810//5240
f  6446//5007 6447//5008 6826//5252 6823//5249
f  6447//5008 6448//5009 6829//5255 6826//5252
f  6829//5255 6448//5009 6449//5010 6815//5244
f  6830//5256 6814//5243 6812//5241 6820//5247
f  6831//5257 6815//5244 6814//5243 6830//5256
f  6832//5258 6827//5253 6826//5252 6829//5255
f  6829//5255 6815//5244 6831//5257 6832//5258
f  6833//5259 6830//5256 6820//5247 6821//5248
f  6834//5260 6831//5257 6830//5256 6833//5259
f  6827//5253 6832//5258 6835//5261 6828//5254
f  6832//5258 6831//5257 6834//5260 6835//5261
f  6836//5262 6837//1752 6838//1754 6839//5263
f  6840//5264 6839//5263 6838//1754 6841//1759
f  6842//5265 6843//5266 6844//1756 6845//1750
f  6844//1756 6843//5266 6846//5267 6847//1760
f  6848//5268 6849//5269 6843//5266 6842//5265
f  6843//5266 6849//5269 6850//5270 6846//5267
f  6849//5269 6848//5268 6851//5271 6852//5272
f  6849//5269 6852//5272 6853//5273 6850//5270
f  6845//1750 6819//1746 6818//5246 6842//5265
f  6842//5265 6818//5246 6825//5251 6848//5268
f  6848//5268 6825//5251 6828//5254 6851//5271
f  6836//5262 6821//5248 6822//1749 6837//1752
f  6854//5274 6833//5259 6821//5248 6836//5262
f  6851//5271 6828//5254 6835//5261 6855//5275
f  6835//5261 6834//5260 6856//5276 6855//5275
f  6856//5276 6834//5260 6833//5259 6854//5274
f  6836//5262 6839//5263 6857//5277 6854//5274
f  6858//5278 6856//5276 6854//5274 6857//5277
f  6859//5279 6852//5272 6851//5271 6855//5275
f  6855//5275 6856//5276 6858//5278 6859//5279
f  6860//5280 6857//5277 6839//5263 6840//5264
f  6861//5281 6858//5278 6857//5277 6860//5280
f  6852//5272 6859//5279 6862//5282 6853//5273
f  6862//5282 6859//5279 6858//5278 6861//5281
f  6863//5283 6864//1768 6865//1767 6866//5284
f  6863//5283 6867//1763 6868//1765 6864//1768
f  6869//5285 6867//1763 6863//5283 6870//5286
f  6871//5287 6870//5286 6863//5283 6866//5284
f  6872//5288 6873//1764 6867//1763 6869//5285
f  6873//1764 6872//5288 6874//5289 6875//1770
f  6876//1774 6866//5284 6865//1767 6877//1772
f  6878//5290 6879//1771 6880//1769 6875//1770
f  6881//1773 6877//1772 6879//1771 6878//5290
f  6882//1762 6883//5291 6884//5292 6885//5293
f  6840//5264 6841//1759 6882//1762 6885//5293
f  6886//5294 6883//5291 6882//1762 6887//5295
f  6882//1762 6847//1760 6846//5267 6887//5295
f  6884//5292 6883//5291 6888//5296 6889//5297
f  6888//5296 6883//5291 6886//5294 6890//5298
f  6869//5285 6870//5286 6888//5296 6890//5298
f  6888//5296 6870//5286 6871//5287 6889//5297
f  6891//5299 6884//5292 6889//5297 6892//5300
f  6889//5297 6871//5287 6893//5301 6892//5300
f  6894//5302 6885//5293 6884//5292 6891//5299
f  6840//5264 6885//5293 6894//5302 6860//5280
f  6861//5281 6860//5280 6894//5302 6895//5303
f  6894//5302 6891//5299 6896//5304 6895//5303
f  6887//5295 6846//5267 6850//5270 6897//5305
f  6898//5306 6886//5294 6887//5295 6897//5305
f  6899//5307 6890//5298 6886//5294 6898//5306
f  6900//5308 6897//5305 6850//5270 6853//5273
f  6901//5309 6898//5306 6897//5305 6900//5308
f  6872//5288 6869//5285 6890//5298 6899//5307
f  6872//5288 6899//5307 6902//5310 6874//5289
f  6899//5307 6898//5306 6901//5309 6902//5310
f  6900//5308 6853//5273 6862//5282 6903//5311
f  6904//5312 6901//5309 6900//5308 6903//5311
f  6905//5313 6902//5310 6901//5309 6904//5312
f  6874//5289 6902//5310 6905//5313 6906//5314
f  6878//5290 6875//1770 6874//5289 6906//5314
f  6861//5281 6895//5303 6903//5311 6862//5282
f  6904//5312 6903//5311 6895//5303 6896//5304
f  6907//5315 6905//5313 6904//5312 6896//5304
f  6871//5287 6866//5284 6876//1774 6893//5301
f  6891//5299 6892//5300 6907//5315 6896//5304
f  6907//5315 6892//5300 6893//5301 6908//5316
f  6893//5301 6876//1774 6881//1773 6908//5316
f  6908//5316 6906//5314 6905//5313 6907//5315
f  6878//5290 6906//5314 6908//5316 6881//1773

