# verschweisst fuer SculptIt
v -0.11743162 0.00732422 0.29711920
v -0.12182615 0.00683594 0.29614264
v -0.11547849 0.00488281 0.28979498
v -0.09301756 0.00439453 0.26879886
v -0.11938474 0.00390625 0.28588873
v -0.12133787 0.00390625 0.27954108
v -0.12084959 0.00439453 0.27026373
v -0.12084959 0.05468750 0.26782230
v -0.12817381 0.04785156 0.26928714
v -0.12573241 0.04980469 0.27709964
v -0.13061522 0.01660156 0.25415045
v -0.13110350 0.02392578 0.25317389
v -0.12426756 0.01660156 0.23706058
v -0.11791990 0.00439453 0.26000983
v -0.13110350 0.03076172 0.25219733
v -0.12475584 0.02832031 0.23413089
v -0.11254881 0.00390625 0.24877933
v -0.13012694 0.03710938 0.25170904
v -0.12817381 0.04345703 0.25073245
v -0.12377928 0.03906250 0.23168948
v -0.12133787 0.05175781 0.28393558
v -0.11450193 0.05273438 0.28833011
v -0.11401365 0.05712891 0.27612308
v -0.11596678 0.06103516 0.26147464
v -0.12524413 0.05078125 0.25415042
v -0.12866209 0.04589844 0.26049808
v -0.12036131 0.05322266 0.22778323
v -0.12231444 0.05517578 0.24780276
v -0.11938475 0.06250000 0.24291995
v -0.10229490 0.00488281 0.30151370
v -0.10375974 0.00732422 0.30981448
v -0.10815427 0.00732422 0.30639651
v -0.09790036 0.00537109 0.30249026
v -0.09594724 0.00781250 0.31030276
v -0.09936520 0.00732422 0.31079105
v -0.10522459 0.04833984 0.30541992
v -0.10034177 0.04882812 0.30639648
v -0.10083006 0.05517578 0.29663086
v -0.08862302 0.00537109 0.30200198
v -0.08666989 0.00732422 0.30981448
v -0.09008786 0.00781250 0.30932620
v -0.08227536 0.00732422 0.30834964
v -0.08178709 0.00488281 0.29858401
v -0.07739255 0.00781250 0.30444339
v -0.11010740 0.00634766 0.29077151
v -0.10717771 0.00488281 0.29711917
v -0.11206052 0.00781250 0.30151370
v -0.09350584 0.00732422 0.30053714
v -0.07739256 0.00634766 0.29174808
v -0.07348631 0.00537109 0.29125980
v -0.06909177 0.00439453 0.28784183
v -0.06665037 0.00390625 0.28247073
v -0.06567381 0.00439453 0.27416995
v -0.06713865 0.00439453 0.26293948
v -0.07104490 0.00390625 0.25122073
v -0.07592772 0.00390625 0.24047855
v -0.10620116 0.00341797 0.23901370
v -0.09887694 0.00390625 0.23315433
v -0.09106444 0.00390625 0.23120120
v -0.08374022 0.00390625 0.23364261
v -0.11987302 0.04492188 0.29467776
v -0.11547849 0.04443359 0.29516605
v -0.11352537 0.04589844 0.29858398
v -0.10375974 0.06494141 0.27221680
v -0.10571287 0.05908203 0.28198242
v -0.09301756 0.05468750 0.29711914
v -0.09155271 0.06054688 0.28637695
v -0.09643552 0.04833984 0.30541992
v -0.09399412 0.04687500 0.30297852
v -0.09057615 0.04785156 0.30493164
v -0.08569334 0.05468750 0.29663086
v -0.06713865 0.00683594 0.29760745
v -0.07055662 0.00732422 0.29907230
v -0.06323240 0.00634766 0.29418948
v -0.08618162 0.04785156 0.30541992
v -0.08129881 0.04736328 0.30444336
v -0.07641599 0.05908203 0.28295898
v -0.07641599 0.05273438 0.29272461
v -0.07006834 0.05029297 0.28784180
v -0.07055662 0.04296875 0.29516602
v -0.06762693 0.04296875 0.29516602
v -0.05981443 0.04248047 0.29028320
v -0.06323240 0.04931641 0.28295898
v -0.06420896 0.04296875 0.29370117
v -0.05883787 0.04833984 0.27758789
v -0.06420896 0.05517578 0.27416992
v -0.05590818 0.04687500 0.27075195
v -0.05541990 0.05029297 0.25952148
v -0.05249022 0.04003906 0.25805664
v -0.05590819 0.03808594 0.23608400
v -0.05590818 0.05566406 0.25317383
v -0.05639647 0.05224609 0.23266603
v -0.05737303 0.06298828 0.24877933
v -0.05737303 0.01611328 0.24145511
v -0.05249022 0.02343750 0.25854495
v -0.05297850 0.01611328 0.25952151
v -0.05249022 0.03125000 0.25805667
v -0.05639647 0.02734375 0.23852541
v -0.06811522 0.34326172 0.31616211
v -0.06762694 0.32080078 0.30688477
v -0.06127929 0.32031250 0.30541992
v -0.05834960 0.38769531 0.32495117
v -0.06713866 0.38818359 0.32153320
v -0.05981444 0.36376953 0.32006836
v -0.10083007 0.08935547 0.19213870
v -0.10083007 0.08251953 0.19311526
v -0.11010741 0.08349609 0.20483401
v -0.11010741 0.09814453 0.20336917
v -0.08715820 0.08203125 0.19018558
v -0.08715820 0.08886719 0.18920901
v -0.07299804 0.08251953 0.19702151
v -0.07250976 0.09765625 0.19555667
v -0.10083007 0.09765625 0.19213870
v -0.08666991 0.09765625 0.18920901
v -0.08081055 0.24951172 0.16186525
v -0.08178711 0.23779297 0.16625978
v -0.09790039 0.23876955 0.17065431
v -0.08959962 0.26464844 0.15649416
v -0.09887695 0.26269531 0.16381837
v -0.06567383 0.23681642 0.17602541
v -0.06372070 0.25488281 0.17163087
v -0.08032227 0.26367188 0.15600587
v -0.07104492 0.25976562 0.16381837
v -0.10083009 0.27587891 0.16284181
v -0.10327149 0.28955078 0.16430666
v -0.09106446 0.27685547 0.15698244
v -0.08276368 0.28662109 0.16040041
v -0.08129884 0.27539062 0.15698244
v -0.07006836 0.26953125 0.16430666
v -0.08862305 0.29443359 0.12475587
v -0.07788087 0.28710938 0.14916994
v -0.09301759 0.30371094 0.14477541
v -0.06616212 0.27392578 0.12866212
v -0.06176758 0.27343750 0.15600587
v -0.04174805 0.26220703 0.16528320
v -0.05688477 0.26953125 0.17114259
v -0.12377930 0.39062500 0.16186525
v -0.11791993 0.42480469 0.15795900
v -0.12231446 0.39013672 0.15600587
v -0.04907227 0.26123047 0.19653320
v -0.04174804 0.26269531 0.22338867
v -0.04272461 0.26074219 0.22338867
v -0.16088867 0.56054688 0.31323245
v -0.16235352 0.56982422 0.30932620
v -0.16137695 0.56884766 0.30151370
v -0.14379883 0.55371094 0.31616214
v -0.14379883 0.55664062 0.30834964
v -0.14135742 0.56005859 0.31176761
v -0.05883788 0.62011719 0.42211914
v -0.06420897 0.61425781 0.41284180
v -0.06518553 0.61035156 0.42016602
v -0.07055663 0.61035156 0.40405273
v -0.05395506 0.62109375 0.43481445
v -0.05102538 0.62792969 0.42358398
v -0.09350585 0.61083984 0.37915039
v -0.08666991 0.61865234 0.38745117
v -0.09204101 0.62792969 0.38159180
v -0.06225585 0.63134766 0.40161133
v -0.06176757 0.63623047 0.40258789
v -0.06372069 0.63281250 0.40112305
v -0.06079100 0.62158203 0.39868164
v -0.06323241 0.62304688 0.39575195
v -0.06420897 0.62158203 0.39672852
v -0.03051755 0.54052734 0.46264648
v -0.03979490 0.54003906 0.45922852
v -0.03344724 0.53417969 0.45532227
v -0.02856443 0.53173828 0.45190430
v -0.02270506 0.53613281 0.45678711
v -0.01831052 0.57128906 0.47924805
v -0.02612302 0.57861328 0.47875977
v -0.02807615 0.57226562 0.47729492
v -0.01586912 0.57861328 0.48071289
v -0.00805662 0.55029297 0.46899414
v -0.00708005 0.54785156 0.46508789
v -0.00366209 0.55078125 0.46606445
v 0.00024416 0.55322266 0.46704102
v 0.00805666 0.55029297 0.46899414
v 0.00366213 0.55078125 0.46606445
v -0.01977537 0.53710938 0.44213867
v -0.01831052 0.53710938 0.45141602
v -0.02270506 0.53271484 0.44702148
v -0.02270506 0.53320312 0.44702148
v -0.01586912 0.54003906 0.44604492
v -0.00805662 0.53662109 0.45629883
v -0.01196287 0.54003906 0.45581055
v -0.01538084 0.53613281 0.45336914
v -0.00756834 0.54394531 0.45874023
v -0.01342771 0.54150391 0.45532227
v -0.00903318 0.54541016 0.45825195
v -0.00659177 0.54589844 0.45141602
v -0.00854490 0.54541016 0.45874023
v -0.01098631 0.54345703 0.44946289
v -0.00512693 0.54833984 0.46020508
v -0.00317381 0.54736328 0.45239258
v -0.00219724 0.55078125 0.46166992
v -0.00219724 0.55078125 0.46118164
v 0.00024416 0.54492188 0.45092773
v -0.00463865 0.54687500 0.45141602
v -0.00415037 0.54638672 0.44995117
v 0.00024416 0.54638672 0.44946289
v 0.00024416 0.54687500 0.45239258
v 0.00415041 0.54638672 0.44995117
v 0.00463869 0.54687500 0.45141602
v -0.03491209 0.58203125 0.47680664
v -0.03930662 0.59130859 0.47387695
v -0.04711912 0.58642578 0.47094727
v -0.04174802 0.59814453 0.46997070
v -0.03393552 0.60107422 0.47241211
v -0.03442381 0.60693359 0.46899414
v -0.02270505 0.58349609 0.47973633
v -0.03149412 0.61132812 0.46801758
v -0.04125974 0.60986328 0.46264648
v -0.03198240 0.61621094 0.46166992
v -0.02709959 0.61425781 0.46752930
v -0.02270506 0.61669922 0.46801758
v -0.01635740 0.61865234 0.46801758
v -0.02124021 0.62060547 0.46069336
v -0.01928709 0.61425781 0.48657227
v -0.02270505 0.61279297 0.48754883
v -0.02026365 0.61230469 0.49047852
v -0.02465818 0.61279297 0.48364258
v -0.01733396 0.61279297 0.49194336
v -0.02075193 0.61572266 0.47924805
v -0.02563474 0.61328125 0.47875977
v -0.04077147 0.52148438 0.39868164
v -0.04272459 0.52197266 0.39868164
v -0.04711913 0.52343750 0.38305664
v -0.03881834 0.52734375 0.39770508
v -0.04077147 0.52148438 0.39819336
v -0.04467772 0.52343750 0.36694336
v -0.04028319 0.52343750 0.36010742
v -0.02124022 0.51904297 0.36547852
v -0.05932616 0.63623047 0.40307617
v -0.05883788 0.63134766 0.40209961
v -0.05737304 0.63232422 0.40209961
v -0.08911132 0.43701172 0.30737305
v -0.09594726 0.42236328 0.30590820
v -0.08081054 0.41552734 0.31518555
v -0.06225585 0.41113281 0.32446289
v -0.06713866 0.43164062 0.32055664
v -0.07543945 0.41796875 0.31713867
v -0.08520507 0.44287109 0.30883789
v -0.10131836 0.47216797 0.27563477
v -0.09887695 0.47607422 0.27661133
v -0.09790039 0.48535156 0.24877931
v -0.08666993 0.50390625 0.22290041
v -0.08129884 0.52001953 0.23022462
v -0.08129884 0.51025391 0.20288087
v -0.07983398 0.54785156 0.31713867
v -0.08422851 0.55468750 0.31860352
v -0.08374023 0.55761719 0.30004883
v -0.10034180 0.64306641 0.28149414
v -0.09350587 0.62060547 0.27172852
v -0.09936523 0.61718750 0.29272461
v -0.10229492 0.63818359 0.29760742
v -0.08276367 0.55664062 0.27172852
v -0.08569336 0.56787109 0.28686523
v -0.08569336 0.58300781 0.27465820
v -0.08813477 0.57373047 0.29174805
v -0.06958009 0.52929688 0.20092775
v -0.09057617 0.58105469 0.29125977
v -0.09643555 0.63281250 0.27075195
v -0.10229493 0.65820312 0.29077148
v -0.10131837 0.65087891 0.28002930
v -0.08227540 0.62646484 0.24047852
v -0.08129884 0.60400391 0.24877930
v -0.08959962 0.62255859 0.25854492
v -0.01733398 0.55664062 0.33129883
v -0.01831054 0.56494141 0.32495117
v 0.00024415 0.55908203 0.32348633
v 0.00024415 0.55419922 0.33374023
v 0.00024414 0.57031250 0.32055664
v 0.01733399 0.55664062 0.33129883
v 0.01831055 0.56494141 0.32495117
v -0.13696289 0.66406250 0.36108401
v -0.14038086 0.66503906 0.36108401
v -0.14135742 0.65039062 0.36303714
v -0.11938477 0.71875000 0.29956058
v -0.12915039 0.70751953 0.29174808
v -0.12915039 0.71142578 0.31225589
v -0.11938477 0.72119141 0.31518555
v -0.12329102 0.71679688 0.33129886
v -0.11743164 0.72216797 0.33032227
v -0.11889649 0.71337891 0.28344730
v -0.09008788 0.65136719 0.38159180
v -0.08374023 0.64648438 0.38891602
v -0.08227538 0.65380859 0.38940430
v -0.08569335 0.66552734 0.38500977
v -0.07983398 0.66064453 0.39086914
v -0.09008788 0.67773438 0.37817383
v -0.09448241 0.66894531 0.37377930
v -0.06469725 0.63427734 0.40063477
v -0.06274413 0.63720703 0.40209961
v -0.06079100 0.64160156 0.40307617
v -0.06323241 0.63916016 0.40209961
v -0.06079100 0.63574219 0.40258789
v -0.06372069 0.64013672 0.40209961
v -0.06372069 0.64160156 0.40209961
v -0.06372069 0.64306641 0.40209961
v -0.06323241 0.64453125 0.40209961
v -0.06274413 0.64648438 0.40209961
v -0.06176757 0.64697266 0.40258789
v -0.05834960 0.63769531 0.40307617
v -0.05786132 0.63867188 0.40307617
v -0.05786132 0.64013672 0.40307617
v -0.05786132 0.64160156 0.40307617
v -0.05786132 0.64306641 0.40307617
v -0.05786132 0.64453125 0.40307617
v -0.06079100 0.64746094 0.40258789
v -0.05932616 0.64697266 0.40307617
v -0.05834960 0.64599609 0.40307617
v -0.07202148 0.65527344 0.39526367
v -0.06958007 0.65429688 0.39477539
v -0.07006835 0.65869141 0.39672852
v -0.06665038 0.65625000 0.39428711
v -0.06762695 0.65332031 0.39331055
v -0.06372070 0.65087891 0.40112305
v -0.06225585 0.65185547 0.40161133
v -0.06225585 0.67724609 0.40112305
v -0.07250976 0.68115234 0.39428711
v -0.07006835 0.66943359 0.39770508
v -0.06274413 0.68457031 0.39965820
v -0.06225585 0.67089844 0.40209961
v -0.08862305 0.70703125 0.35864258
v -0.07641601 0.71191406 0.37036133
v -0.07592773 0.71875000 0.36010742
v -0.05737304 0.65087891 0.40258789
v -0.05883788 0.65185547 0.40209961
v -0.04223632 0.74023438 0.36401364
v -0.05151367 0.74218750 0.34838864
v -0.05249023 0.73681641 0.36059567
v -0.03540039 0.74755859 0.35229489
v -0.03149414 0.74267578 0.36645505
v -0.11401367 0.69287109 0.34594730
v -0.11401367 0.69775391 0.35131839
v -0.11743164 0.69433594 0.35229495
v -0.10278320 0.68994141 0.34252930
v -0.09741211 0.69970703 0.35083008
v -0.10083008 0.70214844 0.33666992
v -0.09936523 0.70556641 0.34057617
v -0.10229492 0.69628906 0.33178711
v -0.10424805 0.69726562 0.33129883
v -0.10717773 0.69628906 0.33374023
v -0.10913086 0.68554688 0.31274414
v -0.10571289 0.68652344 0.31127930
v -0.10180664 0.69775391 0.32836914
v -0.10327148 0.68603516 0.31372070
v -0.10327148 0.68750000 0.30981445
v -0.10278320 0.69775391 0.32983398
v -0.10327148 0.67187500 0.30102539
v -0.10375977 0.67333984 0.29223633
v -0.11010742 0.69677734 0.34350586
v -0.10717773 0.70214844 0.34790039
v -0.11059570 0.70019531 0.34985352
v -0.09057617 0.71630859 0.34399414
v -0.09692383 0.70947266 0.34204102
v -0.09399414 0.71386719 0.34057617
v -0.09057617 0.71972656 0.33569333
v -0.09594727 0.72802734 0.32202145
v -0.09106445 0.72705078 0.31958005
v -0.09497071 0.72802734 0.30932614
v -0.08764648 0.72509766 0.31713864
v -0.08715821 0.72509766 0.30493161
v -0.06176758 0.74316406 0.30688474
v -0.07153321 0.73437500 0.29272458
v -0.07250977 0.73730469 0.30639645
v -0.05590821 0.74267578 0.29223630
v -0.05004884 0.74853516 0.30737302
v -0.10327149 0.65820312 0.27807617
v -0.09448243 0.71289062 0.26635742
v -0.08715821 0.71435547 0.27075195
v -0.08715821 0.70800781 0.26293945
v -0.08129884 0.67871094 0.23657227
v -0.07739259 0.69726562 0.24340820
v -0.06518556 0.69433594 0.23022461
v -0.06225587 0.70703125 0.23803711
v -0.10766602 0.45849609 0.17456056
v -0.12084962 0.42578125 0.17309572
v -0.10375978 0.45117188 0.14086916
v -0.11645509 0.42285156 0.14184572
v -0.07104494 0.51904297 0.18627931
v -0.04907228 0.53173828 0.17163086
v -0.04956056 0.53125000 0.16870117
v -0.06811525 0.68017578 0.22436523
v -0.13354497 0.00244141 -0.22875974
v -0.13647465 0.00244141 -0.23364255
v -0.13159184 0.00048828 -0.23706052
v -0.12524419 0.00097656 -0.23168942
v -0.10571294 0.00097656 -0.25170895
v -0.13256840 0.00048828 -0.24389645
v -0.11987309 0.00195312 -0.23120114
v -0.11645512 0.00097656 -0.22338864
v -0.13159184 0.00097656 -0.25268549
v -0.11108403 0.00097656 -0.21801755
v -0.10327153 0.00097656 -0.21801755
v -0.09887700 0.00146484 -0.22094724
v -0.09545903 0.00195312 -0.22631833
v -0.09106450 0.00146484 -0.22631833
v -0.08325200 0.00048828 -0.23022458
v -0.07885747 0.00000000 -0.23608395
v -0.07592778 0.00000000 -0.24536130
v -0.07690434 0.00048828 -0.25659177
v -0.12817387 0.00097656 -0.26196283
v -0.12329107 0.00097656 -0.27026361
v -0.11645513 0.00097656 -0.27807611
v -0.10864263 0.00097656 -0.28295895
v -0.10083013 0.00097656 -0.28491208
v -0.09252935 0.00097656 -0.28247067
v -0.08569341 0.00048828 -0.27661130
v -0.08032231 0.00048828 -0.26782224
v -0.13696294 0.04248047 -0.25512692
v -0.14038090 0.03515625 -0.25561517
v -0.14086919 0.03613281 -0.24633786
v -0.13256840 0.04882812 -0.25756833
v -0.13403325 0.04101562 -0.26977536
v -0.12768559 0.05078125 -0.24438474
v -0.13208012 0.04443359 -0.23608395
v -0.12719731 0.04394531 -0.23315427
v -0.11987309 0.05029297 -0.23852536
v -0.12182622 0.04345703 -0.23217770
v -0.12475591 0.05712891 -0.24975583
v -0.13110356 0.04980469 -0.25024411
v -0.11840825 0.04443359 -0.22924802
v -0.11157231 0.05126953 -0.23413083
v -0.12915044 0.05566406 -0.26000974
v -0.11254887 0.00341797 -0.21069333
v -0.11743169 0.00341797 -0.21459958
v -0.12084965 0.00341797 -0.21997067
v -0.10766605 0.00341797 -0.20922849
v -0.10229496 0.00341797 -0.21020505
v -0.08471684 0.00292969 -0.22143552
v -0.08862309 0.00341797 -0.22045895
v -0.07934575 0.00244141 -0.22534177
v -0.11499028 0.04541016 -0.22583005
v -0.11010747 0.04638672 -0.22338864
v -0.10473637 0.04638672 -0.22241208
v -0.09838872 0.04589844 -0.22338864
v -0.10229497 0.05175781 -0.23168942
v -0.09252934 0.05078125 -0.23364255
v -0.09204106 0.04492188 -0.22631833
v -0.11499029 0.09228516 -0.25366208
v -0.12036138 0.06933594 -0.25561520
v -0.11401372 0.06982422 -0.24926755
v -0.08569340 0.04394531 -0.23022458
v -0.08227544 0.04980469 -0.23754880
v -0.08666997 0.03662109 -0.22485349
v -0.08422856 0.03710938 -0.22485349
v -0.06225591 0.01171875 -0.26000974
v -0.06079106 0.01904297 -0.24487302
v -0.06225590 0.01123047 -0.24389645
v -0.06079106 0.02539062 -0.26245114
v -0.06127935 0.02685547 -0.24633786
v -0.06225591 0.03417969 -0.24780270
v -0.08032231 0.04394531 -0.23120114
v -0.07690434 0.04931641 -0.24047849
v -0.08276372 0.05615234 -0.24291989
v -0.09008794 0.06933594 -0.24389645
v -0.08227544 0.06884766 -0.24633786
v -0.08422857 0.09130859 -0.24584958
v -0.06372076 0.03906250 -0.26586914
v -0.06860356 0.04736328 -0.25122070
v -0.06469731 0.04150391 -0.24926755
v -0.09399418 0.29882812 -0.09643553
v -0.06909183 0.29248047 -0.10424803
v -0.07788090 0.30517578 -0.09399413
v -0.08569340 0.32226562 -0.08618163
v -0.06860355 0.31152344 -0.09252929
v -0.10131840 0.34521484 -0.08471678
v -0.09741215 0.31982422 -0.08959959
v -0.10961919 0.37939453 -0.08813475
v -0.11254887 0.35058594 -0.09301756
v -0.09448246 0.34765625 -0.07885741
v -0.10327152 0.37597656 -0.07836913
v -0.10522465 0.40917969 -0.08374022
v -0.03930668 0.30957031 -0.08227538
v -0.04760746 0.31298828 -0.09887695
v -0.03198246 0.31201172 -0.11547851
v -0.05883795 0.32177734 -0.24633788
v -0.05102545 0.34716797 -0.24877930
v -0.04077154 0.33154297 -0.23803711
v -0.13891606 0.01953125 -0.26831049
v -0.13159184 0.01318359 -0.28002924
v -0.13842778 0.01269531 -0.26733392
v -0.13159184 0.02587891 -0.28198236
v -0.13842778 0.02685547 -0.26879877
v -0.13696294 0.03369141 -0.26928705
v -0.10131842 0.17431639 -0.30932617
v -0.11108404 0.16162108 -0.29907227
v -0.11059576 0.17919920 -0.29272461
v -0.10131842 0.18408202 -0.30444336
v -0.10131842 0.19335936 -0.29760742
v -0.10180670 0.16455077 -0.31079102
v -0.07836920 0.17431639 -0.30932617
v -0.07885748 0.18359374 -0.30444336
v -0.06958014 0.17919920 -0.29370117
v -0.07885748 0.19287108 -0.29711914
v -0.06860358 0.16162108 -0.30004883
v -0.07788092 0.16406249 -0.31079102
v -0.05834965 0.49023438 -0.03930664
v -0.04028324 0.49951172 -0.03930664
v -0.04907231 0.49658203 -0.06323242
v -0.06225592 0.42871094 -0.24291991
v -0.05590827 0.41015625 -0.24975586
v -0.06860358 0.41308594 -0.24584959
v -0.04663092 0.42529297 -0.24829102
v -0.05297858 0.43994141 -0.24145508
v -0.04223639 0.41015625 -0.25170898
v -0.01831065 0.53662109 -0.47631836
v -0.02124033 0.52392578 -0.46997070
v -0.01147471 0.53564453 -0.46606445
v -0.00854502 0.55322266 -0.49243164
v -0.00659190 0.54833984 -0.49633789
v -0.01147471 0.54882812 -0.49291992
v -0.00463877 0.55517578 -0.49243164
v 0.06909182 0.00439453 0.28784183
v 0.06665041 0.00390625 0.28247073
v 0.09301760 0.00439453 0.26879886
v 0.06567385 0.00439453 0.27416995
v 0.05981448 0.04248047 0.29028320
v 0.06420901 0.04296875 0.29370117
v 0.06323244 0.04931641 0.28295898
v 0.05883791 0.04833984 0.27758789
v 0.06420901 0.05517578 0.27416992
v 0.05297853 0.01611328 0.25952151
v 0.05249025 0.02343750 0.25854495
v 0.05737307 0.01611328 0.24145508
v 0.06713869 0.00439453 0.26293948
v 0.05249025 0.03125000 0.25805667
v 0.05639650 0.02734375 0.23852541
v 0.07104494 0.00390625 0.25122073
v 0.05249025 0.04003906 0.25805664
v 0.05541994 0.05029297 0.25952148
v 0.05590822 0.03808594 0.23608400
v 0.05590822 0.05566406 0.25317383
v 0.05639650 0.05224609 0.23266603
v 0.05737306 0.06298828 0.24877930
v 0.08178713 0.00488281 0.29858401
v 0.08227542 0.00732422 0.30834964
v 0.07739261 0.00781250 0.30444339
v 0.08862308 0.00537109 0.30200198
v 0.09008792 0.00781250 0.30932620
v 0.08666995 0.00732422 0.30981448
v 0.09790042 0.00537109 0.30249026
v 0.09936526 0.00732422 0.31079105
v 0.09594730 0.00781250 0.31030276
v 0.10229494 0.00488281 0.30151370
v 0.10815433 0.00732422 0.30639651
v 0.10375980 0.00732422 0.30981448
v 0.10034182 0.04882812 0.30639648
v 0.10522463 0.04833984 0.30541992
v 0.10083010 0.05517578 0.29663086
v 0.07348635 0.00537109 0.29125980
v 0.07055666 0.00732422 0.29907230
v 0.06713869 0.00683594 0.29760745
v 0.07739260 0.00634766 0.29174808
v 0.09350588 0.00732422 0.30053714
v 0.07592775 0.00390625 0.24047852
v 0.10717776 0.00488281 0.29711917
v 0.11010744 0.00634766 0.29077151
v 0.11547854 0.00488281 0.28979492
v 0.11938479 0.00390625 0.28588867
v 0.12133791 0.00390625 0.27954102
v 0.12084963 0.00439453 0.27026367
v 0.11791994 0.00439453 0.26000977
v 0.11254885 0.00390625 0.24877930
v 0.09887697 0.00390625 0.23315430
v 0.10620119 0.00341797 0.23901367
v 0.08374025 0.00390625 0.23364258
v 0.09106447 0.00390625 0.23120117
v 0.07055666 0.04296875 0.29516602
v 0.07006838 0.05029297 0.28784180
v 0.06762698 0.04296875 0.29516602
v 0.07641604 0.05273438 0.29223633
v 0.07641604 0.05908203 0.28295898
v 0.08129885 0.04736328 0.30444336
v 0.08618166 0.04785156 0.30541992
v 0.08569338 0.05468750 0.29663086
v 0.09155276 0.06054688 0.28637695
v 0.09301760 0.05468750 0.29711914
v 0.09399416 0.04687500 0.30297852
v 0.09057619 0.04785156 0.30493164
v 0.09643557 0.04833984 0.30541992
v 0.11401369 0.05712891 0.27612302
v 0.10375979 0.06494141 0.27221680
v 0.10571291 0.05908203 0.28149414
v 0.11206057 0.00781250 0.30151370
v 0.11743166 0.00732422 0.29711914
v 0.12182619 0.00683594 0.29614258
v 0.11352541 0.04589844 0.29858398
v 0.11547854 0.04443359 0.29516599
v 0.11450198 0.05273438 0.28833005
v 0.11987307 0.04492188 0.29467770
v 0.12133791 0.05175781 0.28393552
v 0.11596681 0.06103516 0.26147458
v 0.12084963 0.05468750 0.26782224
v 0.12573244 0.04980469 0.27709958
v 0.12817384 0.04785156 0.26928708
v 0.12866212 0.04589844 0.26049802
v 0.12817384 0.04345703 0.25073239
v 0.12524416 0.05078125 0.25415036
v 0.12036134 0.05322266 0.22778320
v 0.11938478 0.06250000 0.24291992
v 0.12231447 0.05517578 0.24780273
v 0.12377931 0.03906250 0.23168945
v 0.12426759 0.01660156 0.23706055
v 0.13110353 0.02392578 0.25317383
v 0.13061525 0.01660156 0.25415039
v 0.12475587 0.02832031 0.23413086
v 0.13110353 0.03076172 0.25219727
v 0.13012697 0.03710938 0.25170898
v 0.06713869 0.38818362 0.32153320
v 0.05834962 0.38769534 0.32495117
v 0.05981446 0.36376956 0.32006836
v 0.06762697 0.32080081 0.30688477
v 0.06811525 0.34326175 0.31616211
v 0.06127931 0.32031253 0.30541992
v 0.08715821 0.08886719 0.18920898
v 0.08715821 0.08203125 0.19018555
v 0.07299805 0.08251953 0.19702148
v 0.07250977 0.09765625 0.19555664
v 0.08666993 0.09765625 0.18920898
v 0.10083009 0.08251953 0.19311523
v 0.10083009 0.08935547 0.19213867
v 0.11010743 0.08349609 0.20483398
v 0.08081055 0.24902344 0.16186522
v 0.08178711 0.23779297 0.16625975
v 0.06567383 0.23681642 0.17602538
v 0.06372070 0.25488281 0.17163084
v 0.07104492 0.25976562 0.16381834
v 0.09790039 0.23876955 0.17065428
v 0.08959960 0.26464844 0.15649413
v 0.08032226 0.26367188 0.15600584
v 0.09887695 0.26269531 0.16381834
v 0.04272461 0.26074219 0.22338867
v 0.04174805 0.26269531 0.22338867
v 0.04907227 0.26123047 0.19653320
v 0.06176757 0.27343750 0.15600584
v 0.05688476 0.26953125 0.17114256
v 0.04174804 0.26220703 0.16528320
v 0.06616210 0.27392578 0.12866209
v 0.07788085 0.28710938 0.14916991
v 0.08276366 0.28662109 0.16040038
v 0.08129882 0.27539062 0.15698241
v 0.07006836 0.26953125 0.16430663
v 0.09106445 0.27685547 0.15698241
v 0.10327148 0.28955078 0.16430663
v 0.08862304 0.29443359 0.12475584
v 0.09301757 0.30371094 0.14477538
v 0.10083007 0.27587891 0.16284178
v 0.12231445 0.39013672 0.15600584
v 0.11791991 0.42480469 0.15795897
v 0.12377929 0.39062500 0.16186522
v 0.00708010 0.54785156 0.46508789
v 0.02612307 0.57861328 0.47875977
v 0.01586916 0.57861328 0.48071289
v 0.01831057 0.57128906 0.47924805
v 0.02807620 0.57226562 0.47729492
v 0.00756838 0.54394531 0.45874023
v 0.00805666 0.53662109 0.45629883
v 0.01196291 0.54003906 0.45581055
v 0.01538088 0.53613281 0.45336914
v 0.01977541 0.53710938 0.44213867
v 0.01831057 0.53710938 0.45141602
v 0.02270510 0.53320312 0.44702148
v 0.02270510 0.53271484 0.44702148
v 0.01586916 0.54003906 0.44604492
v 0.03344729 0.53417969 0.45532227
v 0.02270510 0.53613281 0.45678711
v 0.02856448 0.53173828 0.45190430
v 0.03051760 0.54052734 0.46264648
v 0.03979494 0.54003906 0.45922852
v 0.00317385 0.54736328 0.45239258
v 0.00219729 0.55078125 0.46118164
v 0.00561526 0.54833984 0.46020508
v 0.00659182 0.54589844 0.45141602
v 0.00854495 0.54541016 0.45874023
v 0.00512698 0.54833984 0.46020508
v 0.00903323 0.54541016 0.45825195
v 0.01342776 0.54150391 0.45532227
v 0.01098635 0.54345703 0.44946289
v 0.02270510 0.58349609 0.47973633
v 0.04711916 0.58642578 0.47094727
v 0.03930666 0.59130859 0.47387695
v 0.03491213 0.58203125 0.47680664
v 0.01733401 0.61279297 0.49194336
v 0.02026370 0.61230469 0.49047852
v 0.01928713 0.61425781 0.48657227
v 0.02270510 0.61279297 0.48754883
v 0.02465823 0.61279297 0.48364258
v 0.02075198 0.61572266 0.47924805
v 0.02563479 0.61328125 0.47875977
v 0.01635744 0.61865234 0.46801758
v 0.02270510 0.61669922 0.46801758
v 0.02124025 0.62060547 0.46069336
v 0.04174807 0.59814453 0.46997070
v 0.03442385 0.60693359 0.46899414
v 0.03393557 0.60107422 0.47241211
v 0.04125979 0.60986328 0.46264648
v 0.03149416 0.61132812 0.46801758
v 0.02709963 0.61425781 0.46752930
v 0.03198244 0.61621094 0.46166992
v 0.05883791 0.62011719 0.42211914
v 0.05102541 0.62792969 0.42358398
v 0.05395509 0.62109375 0.43481445
v 0.02124025 0.51904297 0.36547852
v 0.04028321 0.52343750 0.36010742
v 0.04467775 0.52343750 0.36694336
v 0.04711916 0.52343750 0.38305664
v 0.04077150 0.52148438 0.39868164
v 0.03881837 0.52734375 0.39770508
v 0.04272462 0.52197266 0.39868164
v 0.04077150 0.52148438 0.39819336
v 0.06518556 0.60986328 0.42016602
v 0.06420900 0.61425781 0.41284180
v 0.07055666 0.61035156 0.40405273
v 0.06323244 0.62304688 0.39575195
v 0.05981446 0.62304688 0.39526367
v 0.06079103 0.62158203 0.39868164
v 0.06420900 0.62158203 0.39672852
v 0.05883790 0.63134766 0.40209961
v 0.05932618 0.63623047 0.40307617
v 0.05737306 0.63232422 0.40209961
v 0.06225587 0.62353516 0.39428711
v 0.06176759 0.63623047 0.40258789
v 0.06225587 0.63134766 0.40161133
v 0.06372072 0.63281250 0.40112305
v 0.09204102 0.62792969 0.38159180
v 0.08666993 0.61865234 0.38745117
v 0.09350587 0.61083984 0.37915039
v 0.06225587 0.41113284 0.32446289
v 0.07543946 0.41796878 0.31713867
v 0.06713868 0.43164065 0.32055664
v 0.08520509 0.44287109 0.30883789
v 0.09594727 0.42236331 0.30590820
v 0.08911134 0.43701175 0.30737305
v 0.08081055 0.41552737 0.31518555
v 0.09741211 0.48535156 0.24877928
v 0.09887695 0.47607425 0.27661133
v 0.10131836 0.47216800 0.27563477
v 0.08129882 0.51025391 0.20288084
v 0.08129882 0.52001953 0.23022459
v 0.08666991 0.50390625 0.22290038
v 0.08374023 0.55761719 0.30004883
v 0.08422852 0.55468750 0.31860352
v 0.07983399 0.54785156 0.31713867
v 0.10034179 0.64306641 0.28149414
v 0.09936523 0.61718750 0.29272461
v 0.09350585 0.62060547 0.27172852
v 0.10229492 0.63818359 0.29760742
v 0.08569336 0.58300781 0.27465820
v 0.08569336 0.56787109 0.28686523
v 0.08276367 0.55664062 0.27172852
v 0.08813477 0.57373047 0.29174805
v 0.06958007 0.52929688 0.20092772
v 0.09057617 0.58105469 0.29125977
v 0.09643554 0.63281250 0.27075195
v 0.08959960 0.62255859 0.25854492
v 0.08129882 0.60400391 0.24877927
v 0.08227538 0.62646484 0.24047849
v 0.10131835 0.65087891 0.28002930
v 0.10229491 0.65820312 0.29077148
v 0.14135742 0.56005859 0.31176755
v 0.14379883 0.55664062 0.30834958
v 0.14379883 0.55371094 0.31616208
v 0.16137695 0.56884766 0.30151364
v 0.16235352 0.56982422 0.30932614
v 0.16088867 0.56054688 0.31323239
v 0.06079103 0.64160156 0.40307617
v 0.05786134 0.64160156 0.40307617
v 0.05786134 0.64013672 0.40307617
v 0.05786134 0.64306641 0.40307617
v 0.05834962 0.63769531 0.40307617
v 0.05786134 0.63867188 0.40307617
v 0.06079103 0.63574219 0.40258789
v 0.06274416 0.63720703 0.40209961
v 0.05786134 0.64453125 0.40307617
v 0.05834962 0.64599609 0.40307617
v 0.05932618 0.64697266 0.40307617
v 0.06079103 0.64746094 0.40258789
v 0.06176759 0.64697266 0.40258789
v 0.06274416 0.64648438 0.40209961
v 0.06323244 0.63916016 0.40209961
v 0.06372072 0.64013672 0.40209961
v 0.06372072 0.64160156 0.40209961
v 0.06372072 0.64306641 0.40209961
v 0.06323244 0.64404297 0.40209961
v 0.05737306 0.65087891 0.40258789
v 0.05883790 0.65185547 0.40209961
v 0.06372071 0.65087891 0.40112305
v 0.06225587 0.65185547 0.40161133
v 0.07006837 0.66943359 0.39770508
v 0.06225587 0.67724609 0.40112305
v 0.06225587 0.67089844 0.40209961
v 0.07250977 0.68115234 0.39428711
v 0.06274415 0.68457031 0.39965820
v 0.03149414 0.74267578 0.36645505
v 0.04223633 0.74023438 0.36401364
v 0.03540039 0.74755859 0.35229489
v 0.05151367 0.74218750 0.34838864
v 0.05249023 0.73681641 0.36059567
v 0.06665040 0.65625000 0.39428711
v 0.06762696 0.65332031 0.39331055
v 0.06958009 0.65429688 0.39477539
v 0.07006837 0.65869141 0.39672852
v 0.07202149 0.65527344 0.39526367
v 0.09008790 0.65136719 0.38159180
v 0.08227540 0.65380859 0.38940430
v 0.08374024 0.64648438 0.38891602
v 0.08569337 0.66552734 0.38500977
v 0.07983399 0.66064453 0.39086914
v 0.09448243 0.66894531 0.37377930
v 0.09008790 0.67773438 0.37817383
v 0.08862305 0.70703125 0.35864258
v 0.07592773 0.71875000 0.36010742
v 0.07641602 0.71191406 0.37036133
v 0.05004882 0.74853516 0.30737302
v 0.06176757 0.74316406 0.30688474
v 0.05590820 0.74267578 0.29223630
v 0.07153320 0.73437500 0.29272458
v 0.07250976 0.73730469 0.30639645
v 0.10083008 0.70214844 0.33666992
v 0.09741211 0.69970703 0.35083008
v 0.10278320 0.68994141 0.34252930
v 0.09057617 0.71630859 0.34399414
v 0.09936523 0.70556641 0.34057617
v 0.10229492 0.69628906 0.33178711
v 0.11401367 0.69775391 0.35131833
v 0.11401367 0.69287109 0.34594724
v 0.11743164 0.69433594 0.35229489
v 0.10180664 0.69775391 0.32836914
v 0.10327148 0.68750000 0.30981445
v 0.10327148 0.68603516 0.31372070
v 0.10278320 0.69775391 0.32983398
v 0.10375976 0.67333984 0.29223633
v 0.10327148 0.67187500 0.30102539
v 0.10571289 0.68652344 0.31127930
v 0.10424805 0.69726562 0.33129883
v 0.07592773 0.72509766 0.35034177
v 0.09399414 0.71386719 0.34057617
v 0.09057617 0.71972656 0.33569333
v 0.09692383 0.70947266 0.34204102
v 0.08764648 0.72509766 0.31713864
v 0.09106445 0.72705078 0.31958005
v 0.08715820 0.72509766 0.30493161
v 0.09594727 0.72802734 0.32202145
v 0.09497070 0.72802734 0.30932614
v 0.10620117 0.69921875 0.34106445
v 0.10717773 0.70214844 0.34790039
v 0.10473633 0.70361328 0.34594727
v 0.11010742 0.69677734 0.34350586
v 0.11059570 0.70019531 0.34985352
v 0.11743164 0.72216797 0.33032221
v 0.12329102 0.71679688 0.33129880
v 0.11938477 0.72119141 0.31518549
v 0.12915039 0.71142578 0.31225583
v 0.11938476 0.71875000 0.29956052
v 0.12915039 0.70751953 0.29174802
v 0.11889648 0.71337891 0.28344724
v 0.10327148 0.65820312 0.27807617
v 0.09448241 0.71289062 0.26635742
v 0.08715820 0.70800781 0.26293945
v 0.08715820 0.71435547 0.27075195
v 0.08813476 0.70019531 0.25610352
v 0.09497070 0.70019531 0.25415039
v 0.06225585 0.70703125 0.23803708
v 0.07739256 0.69726562 0.24340817
v 0.06518553 0.69433594 0.23022458
v 0.08129881 0.67871094 0.23657224
v 0.14038086 0.66503906 0.36108395
v 0.13696289 0.66406250 0.36108395
v 0.14135742 0.65039062 0.36303708
v 0.12084960 0.42578125 0.17309569
v 0.10766601 0.45849609 0.17456053
v 0.10375975 0.45117188 0.14086913
v 0.11645506 0.42285156 0.14184569
v 0.07104491 0.51904297 0.18627928
v 0.04956053 0.53125000 0.16870117
v 0.04907225 0.53173828 0.17163086
v 0.06811522 0.68017578 0.22436520
v 0.08325191 0.00048828 -0.23022461
v 0.08471675 0.00292969 -0.22143555
v 0.07934566 0.00244141 -0.22534180
v 0.10571285 0.00097656 -0.25170895
v 0.07885738 0.00000000 -0.23608398
v 0.07592769 0.00000000 -0.24536133
v 0.07690425 0.00048828 -0.25659177
v 0.08032222 0.00048828 -0.26782224
v 0.09106441 0.00146484 -0.22631836
v 0.09545894 0.00195312 -0.22631836
v 0.11108394 0.00097656 -0.21801758
v 0.10327144 0.00097656 -0.21801758
v 0.11645503 0.00097656 -0.22338867
v 0.09887691 0.00146484 -0.22094727
v 0.11987300 0.00195312 -0.23120117
v 0.12524410 0.00097656 -0.23168945
v 0.13159175 0.00048828 -0.23706055
v 0.13256831 0.00048828 -0.24389648
v 0.13159175 0.00097656 -0.25268555
v 0.08569331 0.00048828 -0.27661130
v 0.09252924 0.00097656 -0.28247067
v 0.10083003 0.00097656 -0.28491208
v 0.11645503 0.00097656 -0.27807617
v 0.12329096 0.00097656 -0.27026367
v 0.10864253 0.00097656 -0.28295895
v 0.12817378 0.00097656 -0.26196289
v 0.08862300 0.00341797 -0.22045898
v 0.10766598 0.00341797 -0.20922852
v 0.10229488 0.00341797 -0.21020508
v 0.11254878 0.00341797 -0.21069336
v 0.11743160 0.00341797 -0.21459961
v 0.12084956 0.00341797 -0.21997070
v 0.06225581 0.01123047 -0.24389648
v 0.06079097 0.01904297 -0.24487305
v 0.06225581 0.01171875 -0.26000974
v 0.06127925 0.02685547 -0.24633789
v 0.06079097 0.02539062 -0.26245114
v 0.06225581 0.03417969 -0.24780273
v 0.06372065 0.03906250 -0.26586914
v 0.06469722 0.04150391 -0.24926758
v 0.06860347 0.04736328 -0.25122070
v 0.08666988 0.03662109 -0.22485352
v 0.08569331 0.04394531 -0.23022461
v 0.08422847 0.03710938 -0.22485352
v 0.07690425 0.04931641 -0.24047852
v 0.08227535 0.04980469 -0.23754883
v 0.08276363 0.05615234 -0.24291992
v 0.08032222 0.04394531 -0.23120117
v 0.09252925 0.05078125 -0.23364258
v 0.09204097 0.04492188 -0.22631836
v 0.09838863 0.04589844 -0.22338867
v 0.10229488 0.05175781 -0.23168945
v 0.10473628 0.04638672 -0.22241211
v 0.08227534 0.06884766 -0.24633789
v 0.09008785 0.06933594 -0.24389648
v 0.08422846 0.09130859 -0.24584961
v 0.11010738 0.04638672 -0.22338867
v 0.11499019 0.04541016 -0.22583008
v 0.11157222 0.05126953 -0.23413086
v 0.11840816 0.04443359 -0.22924805
v 0.11987300 0.05029297 -0.23852539
v 0.12182613 0.04345703 -0.23217773
v 0.12719722 0.04394531 -0.23315430
v 0.12768550 0.05078125 -0.24438477
v 0.13208003 0.04443359 -0.23608398
v 0.12475581 0.05712891 -0.24975586
v 0.13110347 0.04980469 -0.25024417
v 0.11401362 0.06982422 -0.24926758
v 0.12036128 0.06933594 -0.25561526
v 0.11499018 0.09228516 -0.25366214
v 0.13647456 0.00244141 -0.23364258
v 0.13354488 0.00244141 -0.22875977
v 0.14086910 0.03613281 -0.24633789
v 0.14038081 0.03515625 -0.25561523
v 0.13696285 0.04248047 -0.25512698
v 0.13256831 0.04882812 -0.25756839
v 0.13403316 0.04101562 -0.26977542
v 0.03930660 0.30957031 -0.08227540
v 0.03198238 0.31201172 -0.11547852
v 0.04760738 0.31298828 -0.09887696
v 0.06860348 0.31152344 -0.09252930
v 0.07788082 0.30517578 -0.09399415
v 0.08569332 0.32226562 -0.08618166
v 0.09399410 0.29882812 -0.09643556
v 0.06909176 0.29248047 -0.10424805
v 0.09741207 0.31982422 -0.08959962
v 0.10131832 0.34521484 -0.08471681
v 0.10327145 0.37597656 -0.07836916
v 0.09448238 0.34765625 -0.07885744
v 0.10961910 0.37939453 -0.08813478
v 0.10522456 0.40917969 -0.08374025
v 0.05102533 0.34716797 -0.24877930
v 0.05883783 0.32177734 -0.24633791
v 0.04077142 0.33154297 -0.23803711
v 0.13891597 0.01953125 -0.26831055
v 0.13842769 0.01269531 -0.26733398
v 0.13159175 0.01318359 -0.28002930
v 0.13159175 0.02587891 -0.28198242
v 0.13842769 0.02685547 -0.26879883
v 0.13696285 0.03369141 -0.26928711
v 0.07836908 0.17431639 -0.30932617
v 0.06860346 0.16162108 -0.30004883
v 0.06958002 0.17919920 -0.29370117
v 0.07885736 0.18359374 -0.30444336
v 0.07885736 0.19287108 -0.29711914
v 0.07788080 0.16406249 -0.31079102
v 0.10131830 0.19335936 -0.29760742
v 0.11059564 0.17919920 -0.29272461
v 0.10131830 0.18408202 -0.30444336
v 0.10131830 0.17431639 -0.30932617
v 0.11108392 0.16162108 -0.29907227
v 0.10180658 0.16455077 -0.31079102
v 0.04028316 0.49951172 -0.03930665
v 0.05834957 0.49023438 -0.03930665
v 0.04907222 0.49658203 -0.06323244
v 0.04663080 0.42529297 -0.24829102
v 0.05590814 0.41015625 -0.24975586
v 0.04223626 0.41015625 -0.25170898
v 0.06225580 0.42871094 -0.24291994
v 0.05297845 0.43994141 -0.24145508
v 0.06860345 0.41308594 -0.24584962
v 0.01147451 0.53564453 -0.46606445
v 0.02124014 0.52392578 -0.46997070
v 0.01831045 0.53662109 -0.47631836
v 0.00854482 0.55322266 -0.49243164
v 0.01147451 0.54882812 -0.49291992
v 0.00659169 0.54833984 -0.49633789
v 0.00463857 0.55517578 -0.49243164
v -0.12622067 0.01904297 0.30151373
v -0.13061520 0.01855469 0.29516608
v -0.12915036 0.01074219 0.29370123
v -0.12426756 0.01123047 0.29956061
v -0.12670895 0.02783203 0.30151373
v -0.13110349 0.02734375 0.29467779
v -0.11987302 0.01220703 0.30102545
v -0.12084959 0.01953125 0.30346686
v -0.12133787 0.02832031 0.30395514
v -0.13061520 0.03613281 0.29174811
v -0.12622067 0.03710938 0.29809576
v -0.12084959 0.03710938 0.30053717
v -0.13305661 0.01757812 0.28442389
v -0.13256833 0.01025391 0.28393561
v -0.13354489 0.02636719 0.28393561
v -0.13256834 0.00976562 0.27075201
v -0.13354491 0.01708984 0.27075201
v -0.13354491 0.02490234 0.27026373
v -0.12963864 0.00634766 0.28295904
v -0.12622067 0.00634766 0.29174811
v -0.12963866 0.00634766 0.27075201
v -0.13305663 0.03466797 0.28198248
v -0.13305663 0.03271484 0.26879889
v -0.12817380 0.04394531 0.28637698
v -0.13110350 0.04199219 0.27709964
v -0.13159178 0.03955078 0.26538089
v -0.12426756 0.04492188 0.29223636
v -0.12866209 0.00976562 0.25561529
v -0.12524413 0.00634766 0.25708014
v -0.12231444 0.00976562 0.23950198
v -0.11889647 0.00585938 0.24243167
v -0.10473630 0.01171875 0.31469730
v -0.10522458 0.02050781 0.31665042
v -0.11059567 0.02001953 0.31323245
v -0.11010739 0.01220703 0.31127933
v -0.10571286 0.02978516 0.31567386
v -0.11059567 0.02929688 0.31225589
v -0.11401364 0.01220703 0.30590826
v -0.11499020 0.02001953 0.30786139
v -0.11499021 0.02880859 0.30786139
v -0.10034177 0.02050781 0.31762698
v -0.09985349 0.01171875 0.31616214
v -0.09545895 0.01220703 0.31469730
v -0.09594724 0.02050781 0.31665042
v -0.09350583 0.02050781 0.31469730
v -0.09301755 0.01220703 0.31225589
v -0.09301755 0.00878906 0.30834964
v -0.10034177 0.03027344 0.31665042
v -0.10083006 0.04003906 0.31274414
v -0.10571287 0.04003906 0.31176758
v -0.11059568 0.03906250 0.30834961
v -0.09643552 0.02978516 0.31567386
v -0.09350583 0.02929688 0.31372073
v -0.09643552 0.03955078 0.31176758
v -0.09399412 0.03857422 0.30981445
v -0.09057614 0.01220703 0.31420901
v -0.09057614 0.02050781 0.31665042
v -0.08618161 0.01220703 0.31469730
v -0.08618161 0.02050781 0.31713870
v -0.08129880 0.01220703 0.31274417
v -0.08081052 0.02050781 0.31518558
v -0.07592770 0.01220703 0.30834964
v -0.07543942 0.02001953 0.31079105
v -0.09106442 0.02978516 0.31518558
v -0.08618161 0.02978516 0.31616214
v -0.08081052 0.02929688 0.31469730
v -0.09106443 0.03906250 0.31127930
v -0.08618162 0.03955078 0.31225586
v -0.08081052 0.03906250 0.31079102
v -0.07543942 0.02880859 0.31030276
v -0.07543943 0.03759766 0.30688480
v -0.11596677 0.01269531 0.30102545
v -0.11450193 0.00830078 0.29760748
v -0.11694334 0.02001953 0.30297858
v -0.11694334 0.02832031 0.30346686
v -0.11645506 0.03662109 0.30053717
v -0.11450193 0.03808594 0.30444339
v -0.11010740 0.04736328 0.30249023
v -0.10815427 0.05419922 0.29321289
v -0.09008787 0.06640625 0.27709961
v -0.10278318 0.07177734 0.26879883
v -0.11401366 0.06835938 0.25756839
v -0.08911131 0.07324219 0.27319336
v -0.07299802 0.00830078 0.29956058
v -0.07202146 0.01171875 0.30200198
v -0.07153318 0.01953125 0.30395511
v -0.06909177 0.01123047 0.30249026
v -0.06518552 0.01074219 0.30102542
v -0.06811521 0.01904297 0.30444339
v -0.06420896 0.01855469 0.30297855
v -0.06079099 0.01025391 0.29663089
v -0.05883786 0.01806641 0.29858401
v -0.07153318 0.02734375 0.30395511
v -0.06811521 0.02685547 0.30395511
v -0.06372068 0.02685547 0.30249026
v -0.05834958 0.02636719 0.29809573
v -0.07104490 0.03515625 0.30102542
v -0.06811521 0.03515625 0.30102542
v -0.06372068 0.03515625 0.29956058
v -0.05883787 0.03466797 0.29565433
v -0.05932615 0.00634766 0.28686526
v -0.05590818 0.00976562 0.28881839
v -0.05737302 0.00634766 0.27563480
v -0.07592771 0.04541016 0.30053711
v -0.07641599 0.06494141 0.27514648
v -0.05639646 0.04199219 0.28344727
v -0.06469724 0.06152344 0.26684570
v -0.05883787 0.00634766 0.26147464
v -0.06323240 0.00585938 0.24584964
v -0.07055663 0.00537109 0.23168948
v -0.07641599 0.07177734 0.27075195
v -0.06518553 0.06835938 0.26196289
v -0.10131834 0.08056641 0.26538086
v -0.11157225 0.07763672 0.25415039
v -0.11645506 0.07324219 0.23901370
v -0.09985350 0.08886719 0.26245117
v -0.10961913 0.08789062 0.25170898
v -0.11450194 0.08593750 0.23559573
v -0.09936522 0.09912109 0.26098633
v -0.10913084 0.09912109 0.25024414
v -0.11352538 0.09863281 0.23413089
v -0.08813475 0.08154297 0.26977539
v -0.08764647 0.08935547 0.26684570
v -0.08666991 0.09912109 0.26538086
v -0.09936522 0.11279297 0.26000977
v -0.10864256 0.11279297 0.24926761
v -0.11352538 0.11279297 0.23315433
v -0.08666991 0.11279297 0.26440430
v -0.08666991 0.14794923 0.26440430
v -0.09936522 0.14794923 0.25952148
v -0.10961913 0.14794923 0.24829105
v -0.07592772 0.08007812 0.26684570
v -0.07495116 0.08886719 0.26440430
v -0.07446288 0.09912109 0.26293945
v -0.06518553 0.07763672 0.25805664
v -0.06518553 0.08789062 0.25610352
v -0.05834959 0.07324219 0.24487308
v -0.05883788 0.08642578 0.24291995
v -0.06518553 0.09863281 0.25463867
v -0.05883788 0.09814453 0.24194339
v -0.07446288 0.11279297 0.26196289
v -0.07446288 0.14746095 0.26245117
v -0.06469725 0.11230469 0.25415039
v -0.06420897 0.14746095 0.25463867
v -0.05834959 0.11230469 0.24096683
v -0.05688475 0.14697267 0.24096683
v -0.05444334 0.01708984 0.28979495
v -0.05395506 0.02539062 0.28930667
v -0.05493162 0.03369141 0.28735355
v -0.05346677 0.00927734 0.27612308
v -0.05200193 0.01660156 0.27661136
v -0.05200193 0.02441406 0.27612308
v -0.05200193 0.03271484 0.27514651
v -0.05346677 0.04101562 0.27319336
v -0.05493162 0.00927734 0.26049808
v -0.05932615 0.00878906 0.24340823
v -0.08666991 0.17773439 0.26635742
v -0.10034178 0.17822267 0.26049805
v -0.11206053 0.17871095 0.24780276
v -0.08618163 0.20800783 0.26928711
v -0.10131834 0.20849611 0.26342773
v -0.11401366 0.20898439 0.24926759
v -0.07348631 0.17773439 0.26391602
v -0.06274413 0.17724611 0.25561523
v -0.05493163 0.17724611 0.24145509
v -0.07250975 0.20703126 0.26684570
v -0.06079100 0.20654298 0.25805664
v -0.05200194 0.20605470 0.24291994
v -0.10131834 0.23828126 0.26684570
v -0.11450195 0.23925783 0.25170901
v -0.08569334 0.23779298 0.27368164
v -0.10083007 0.25683594 0.27075195
v -0.11547851 0.25830078 0.25415042
v -0.12036132 0.20947267 0.23022462
v -0.12133788 0.23974611 0.23071291
v -0.12329101 0.25927734 0.23168947
v -0.08520506 0.25537109 0.27807617
v -0.07104491 0.23681642 0.27075195
v -0.05786132 0.23583986 0.26196289
v -0.07006834 0.25439453 0.27514648
v -0.05688475 0.25341797 0.26489258
v -0.04858398 0.23535158 0.24682617
v -0.04760741 0.25097656 0.24829102
v -0.06909178 0.26757812 0.27807617
v -0.05493163 0.26660156 0.26782227
v -0.04467773 0.25976562 0.24926758
v -0.08862303 0.34667969 0.31420898
v -0.07543944 0.36718750 0.32055664
v -0.08862303 0.37109375 0.31713867
v -0.10961913 0.35107422 0.29956055
v -0.10766601 0.32666016 0.29321289
v -0.08764647 0.32324219 0.30639648
v -0.10717773 0.37792969 0.30493164
v -0.06469725 0.36425781 0.31958008
v -0.05737304 0.34082031 0.31225586
v -0.05053710 0.31884766 0.30053711
v -0.07934569 0.38671875 0.31909180
v -0.08666991 0.39453125 0.31567383
v -0.10229491 0.40234375 0.30590820
v -0.07250975 0.38867188 0.32006836
v -0.05297850 0.34033203 0.31225586
v -0.11547851 0.28564453 0.26049808
v -0.10229491 0.28417969 0.27856445
v -0.10522460 0.30371094 0.28637695
v -0.11840820 0.30517578 0.26684573
v -0.08520506 0.28320312 0.28686523
v -0.08666991 0.30175781 0.29711914
v -0.12231445 0.32910156 0.27270511
v -0.10131835 0.26953125 0.27319336
v -0.11596679 0.27099609 0.25659183
v -0.12426757 0.27246094 0.23266603
v -0.12475585 0.28710938 0.23413087
v -0.08520506 0.26855469 0.28100586
v -0.13110352 0.33154297 0.24389650
v -0.12817383 0.30761719 0.23852541
v -0.06713866 0.30029297 0.29711914
v -0.06811522 0.28222656 0.28540039
v -0.05541991 0.29980469 0.29272461
v -0.05004882 0.28222656 0.27514648
v -0.12377929 0.35498047 0.27807620
v -0.12280273 0.38427734 0.28393558
v -0.11743163 0.41113281 0.28735355
v -0.13256836 0.35839844 0.24975587
v -0.13208008 0.38964844 0.25659183
v -0.03979491 0.33935547 0.31713867
v -0.04321288 0.36328125 0.32543945
v -0.02270506 0.36279297 0.32934570
v -0.02172850 0.33837891 0.32202148
v -0.02075194 0.31542969 0.30981445
v -0.03588866 0.31689453 0.30444336
v -0.04663085 0.31835938 0.30004883
v -0.04516600 0.38720703 0.32934570
v -0.02319335 0.38671875 0.33422852
v 0.00024415 0.36279297 0.33081055
v 0.00024416 0.33837891 0.32397461
v 0.00024415 0.31494141 0.31225586
v 0.00024415 0.38623047 0.33618164
v -0.04125975 0.28515625 0.26879883
v -0.04467772 0.30078125 0.28540039
v -0.03247069 0.29882812 0.28833008
v -0.04174804 0.30078125 0.28491211
v -0.03833007 0.28564453 0.26782227
v -0.03051757 0.28369141 0.27026367
v -0.01977538 0.29638672 0.29321289
v -0.01831054 0.28027344 0.27319336
v -0.04223632 0.26660156 0.24975586
v -0.03930663 0.27148438 0.24926758
v -0.03686523 0.27294922 0.24877930
v -0.03002929 0.27099609 0.24926758
v 0.00024415 0.29492188 0.29516602
v 0.00024415 0.27832031 0.27465820
v -0.01782226 0.26757812 0.25073242
v 0.00024415 0.26562500 0.25170898
v -0.03149414 0.26318359 0.22338867
v -0.01831054 0.26025391 0.22387695
v 0.00024415 0.25830078 0.22436523
v -0.11059569 0.00537109 0.23022464
v -0.10083006 0.00585938 0.22290042
v -0.11303709 0.00927734 0.22583011
v -0.11499022 0.01611328 0.22192386
v -0.11547850 0.02636719 0.21899417
v -0.10180663 0.00927734 0.21704105
v -0.10278319 0.01562500 0.21166995
v -0.10278319 0.02490234 0.20825198
v -0.11499022 0.03613281 0.21655276
v -0.10229491 0.03417969 0.20581058
v -0.09057616 0.00634766 0.22094730
v -0.09008788 0.00927734 0.21508792
v -0.11645506 0.06933594 0.22290042
v -0.11352538 0.04882812 0.21362308
v -0.11157225 0.06542969 0.20922855
v -0.08959959 0.01562500 0.20922855
v -0.08911131 0.02441406 0.20532230
v -0.08911131 0.03320312 0.20336917
v -0.10131834 0.04589844 0.20336917
v -0.08862304 0.04492188 0.20092776
v -0.10083007 0.06298828 0.19897464
v -0.11401366 0.08447266 0.21899417
v -0.08813476 0.06201172 0.19653323
v -0.08032225 0.00585938 0.22387698
v -0.07836913 0.00927734 0.21850589
v -0.06713866 0.00878906 0.22778323
v -0.07690428 0.01562500 0.21313480
v -0.06518553 0.01562500 0.22387698
v -0.07641600 0.02441406 0.20922855
v -0.06469725 0.02539062 0.22094730
v -0.07592772 0.03369141 0.20727542
v -0.06420897 0.03515625 0.21850589
v -0.07543944 0.04589844 0.20532230
v -0.06420897 0.04833984 0.21655276
v -0.07446288 0.06298828 0.20141605
v -0.06323241 0.06494141 0.21313480
v -0.05737303 0.06884766 0.22875980
v -0.06225585 0.08349609 0.21020511
v -0.05737304 0.08447266 0.22631839
v -0.11352538 0.09814453 0.21752933
v -0.11303710 0.11279297 0.21606448
v -0.11499023 0.14843751 0.23120120
v -0.11450195 0.14843751 0.21362308
v -0.10913085 0.11279297 0.20190433
v -0.10961913 0.14843751 0.19799808
v -0.09985351 0.11279297 0.19165042
v -0.09936523 0.14794923 0.18627933
v -0.08666991 0.11230469 0.18823245
v -0.08618163 0.14794923 0.18188480
v -0.06176757 0.09765625 0.20922855
v -0.07250976 0.11230469 0.19409183
v -0.07202148 0.14746095 0.18774417
v -0.06176757 0.11230469 0.20727542
v -0.06079101 0.14746095 0.20336917
v -0.05737304 0.09814453 0.22534183
v -0.05688475 0.11230469 0.22485355
v -0.05541991 0.14697267 0.22290041
v -0.13256836 0.33300781 0.21411134
v -0.12866211 0.30859375 0.21020509
v -0.12475586 0.28857422 0.20776369
v -0.12768555 0.33300781 0.18676759
v -0.12133789 0.30957031 0.18481447
v -0.11645508 0.28955078 0.18286134
v -0.13500977 0.36035156 0.21850587
v -0.13500977 0.39306641 0.22436525
v -0.13208008 0.36035156 0.19018556
v -0.13208008 0.39355469 0.19409181
v -0.11889649 0.33251953 0.16870119
v -0.12524414 0.35937500 0.17016603
v -0.12719728 0.39160156 0.17163087
v -0.11010743 0.30859375 0.16772462
v -0.10961915 0.33154297 0.16137697
v -0.11938477 0.35839844 0.16137697
v -0.11791991 0.17871095 0.23022464
v -0.11743163 0.17919923 0.21166995
v -0.11938476 0.20947267 0.21020509
v -0.11108398 0.17871095 0.19458011
v -0.09936523 0.17871095 0.18090823
v -0.11206055 0.20947267 0.19116212
v -0.09887695 0.20898439 0.17651369
v -0.08520508 0.17822267 0.17700198
v -0.07055664 0.17773439 0.18334964
v -0.05834961 0.17724611 0.20043948
v -0.12036133 0.23974611 0.20825197
v -0.12231445 0.26025391 0.20727541
v -0.11206055 0.23974611 0.18579103
v -0.11352539 0.26171875 0.18286134
v -0.08374023 0.20800783 0.17260745
v -0.06811523 0.20703126 0.17993167
v -0.05590820 0.20654298 0.19799806
v -0.05395507 0.23583986 0.19799805
v -0.05151367 0.24951173 0.19702148
v -0.05297851 0.17724611 0.22192384
v -0.05004882 0.20605470 0.22192384
v -0.04809570 0.23535158 0.22338867
v -0.04565429 0.24902345 0.22387695
v -0.04370117 0.25488281 0.22387695
v -0.05102539 0.25585938 0.19702148
v -0.06274414 0.26464844 0.17163087
v -0.12377930 0.27392578 0.20727541
v -0.11499023 0.27490234 0.18237306
v -0.09692384 0.30810547 0.16186525
v -0.07739259 0.28759766 0.15893556
v -0.09252930 0.30712891 0.15747072
v -0.10717774 0.33056641 0.15600587
v -0.06176758 0.26953125 0.17211916
v -0.10766602 0.32666016 0.14331056
v -0.04467774 0.26171875 0.13159180
v -0.08862306 0.29394531 0.09790041
v -0.06762697 0.27441406 0.09936525
v -0.04467775 0.26318359 0.10034181
v -0.10766603 0.32275391 0.12280275
v -0.11743165 0.35791016 0.15600587
v -0.11743165 0.35644531 0.14233400
v -0.11840822 0.35449219 0.12084962
v -0.12036134 0.38916016 0.14233400
v -0.11987306 0.38769531 0.11938478
v -0.03881836 0.26416016 0.22290039
v -0.04614258 0.26220703 0.19555664
v -0.03588867 0.26074219 0.19506836
v -0.01977539 0.25634766 0.19458008
v -0.02124024 0.25439453 0.16430664
v 0.00024414 0.25439453 0.19458008
v 0.00024414 0.25195312 0.16430664
v -0.02172852 0.25390625 0.13208008
v -0.02221681 0.25585938 0.10034180
v 0.00024413 0.25146484 0.13256836
v 0.00024413 0.25341797 0.10083009
v -0.08666994 0.29638672 0.06811525
v -0.06665041 0.27734375 0.06860353
v -0.04418947 0.26611328 0.06860353
v -0.10668947 0.32128906 0.09643556
v -0.10375978 0.32226562 0.06762697
v -0.08374026 0.29980469 0.03784181
v -0.06420901 0.28173828 0.03784181
v -0.04321291 0.27099609 0.03735353
v -0.09985354 0.32519531 0.03784182
v -0.11743166 0.35351562 0.09545900
v -0.11450198 0.35351562 0.06665041
v -0.11840822 0.38720703 0.09399416
v -0.11547854 0.38720703 0.06616212
v -0.11108401 0.35498047 0.03735353
v -0.11254885 0.38867188 0.03735353
v -0.08129885 0.30419922 0.00756837
v -0.06274416 0.28710938 0.00708009
v -0.04174807 0.27734375 0.00659181
v -0.09692386 0.32910156 0.00805666
v -0.09399417 0.33447266 -0.02026366
v -0.07885745 0.31005859 -0.02172850
v -0.05981448 0.29443359 -0.02319335
v -0.04028323 0.28662109 -0.02416991
v -0.10766605 0.35839844 0.00854494
v -0.10961917 0.39160156 0.00952150
v -0.10327151 0.36328125 -0.01879882
v -0.10717776 0.39501953 -0.01733397
v -0.02172853 0.25927734 0.06909180
v -0.02124025 0.26464844 0.03735352
v 0.00024413 0.25683594 0.06909180
v 0.00024412 0.26220703 0.03735352
v -0.02075198 0.27148438 0.00610352
v -0.02026370 0.28173828 -0.02514648
v 0.00024412 0.26953125 0.00610352
v 0.00024411 0.27978516 -0.02563476
v -0.12622070 0.41845703 0.26196292
v -0.12915039 0.42382812 0.23022462
v -0.10913085 0.43554688 0.29125977
v -0.11645508 0.44580078 0.26879886
v -0.11743164 0.45361328 0.23754884
v -0.15747069 0.55859375 0.34497073
v -0.15454100 0.55468750 0.34448245
v -0.15258788 0.55810547 0.35083011
v -0.15551756 0.56152344 0.35034183
v -0.15893555 0.55664062 0.33813480
v -0.15600586 0.55224609 0.33764651
v -0.15991211 0.56884766 0.33569339
v -0.15844727 0.56933594 0.34399417
v -0.15600584 0.57031250 0.35083011
v -0.15991211 0.55615234 0.33032230
v -0.15698242 0.55175781 0.32983401
v -0.16088867 0.56884766 0.32690433
v -0.16088867 0.55712891 0.32202151
v -0.15795898 0.55273438 0.32153323
v -0.15112305 0.55029297 0.33618167
v -0.15258789 0.54931641 0.32836917
v -0.15356445 0.55029297 0.32006839
v -0.16186523 0.56884766 0.31811526
v -0.15844727 0.55664062 0.31176761
v -0.15405273 0.55419922 0.31030276
v -0.15844727 0.56640625 0.29858401
v -0.15356444 0.56542969 0.35473636
v -0.15063475 0.56298828 0.35571292
v -0.15209959 0.57226562 0.35717776
v -0.14819334 0.57031250 0.35913089
v -0.14819334 0.55615234 0.34887698
v -0.14575194 0.56152344 0.35424808
v -0.14379881 0.56933594 0.35864261
v -0.14965819 0.55273438 0.34301761
v -0.14331053 0.55615234 0.34594730
v -0.14135741 0.56152344 0.35131839
v -0.13940428 0.56933594 0.35571292
v -0.14477539 0.55273438 0.34008792
v -0.13745116 0.56298828 0.34643558
v -0.13891602 0.55859375 0.34155276
v -0.13989258 0.55566406 0.33569339
v -0.13549803 0.56982422 0.35034183
v -0.13549805 0.56835938 0.34301761
v -0.14624023 0.55029297 0.33325198
v -0.14721680 0.54980469 0.32592776
v -0.14819336 0.55078125 0.31811526
v -0.14282227 0.55322266 0.32299808
v -0.14135742 0.55371094 0.32934573
v -0.13696289 0.56542969 0.33520511
v -0.13842773 0.56347656 0.32690433
v -0.13989258 0.56201172 0.31909183
v -0.14868164 0.55371094 0.30883792
v -0.13305664 0.58154297 0.34741214
v -0.13500977 0.57958984 0.33520511
v -0.13696289 0.57714844 0.32348636
v -0.13842773 0.57421875 0.31274417
v -0.14038086 0.56982422 0.30346683
v -0.15942383 0.58447266 0.33227542
v -0.15698242 0.58447266 0.34204105
v -0.15405273 0.58398438 0.35131839
v -0.16088867 0.58496094 0.32153323
v -0.15893555 0.60058594 0.32885745
v -0.15649414 0.60009766 0.34008792
v -0.15307617 0.60009766 0.35083011
v -0.16137695 0.60058594 0.31567386
v -0.16235352 0.58447266 0.31079105
v -0.16333008 0.58398438 0.30004886
v -0.16284180 0.60009766 0.30249026
v -0.15893555 0.61572266 0.32543948
v -0.15600586 0.61621094 0.33911136
v -0.15356445 0.61718750 0.35083011
v -0.16137695 0.61474609 0.31030276
v -0.16333008 0.61328125 0.29467776
v -0.15649414 0.63330078 0.33764651
v -0.15844727 0.63134766 0.32202151
v -0.16088867 0.62988281 0.30346683
v -0.14624022 0.58300781 0.36157230
v -0.15063475 0.58349609 0.35864261
v -0.14135741 0.58203125 0.36157230
v -0.14135741 0.59960938 0.36303714
v -0.14624022 0.60009766 0.36254886
v -0.14965819 0.60009766 0.35864261
v -0.13745116 0.58203125 0.35864261
v -0.13647459 0.59912109 0.36059573
v -0.13403319 0.58203125 0.35375980
v -0.13305664 0.59863281 0.35620120
v -0.13159180 0.59765625 0.34936526
v -0.13354492 0.59472656 0.33422855
v -0.14233397 0.61816406 0.36401370
v -0.14721680 0.61816406 0.36352542
v -0.15063477 0.61816406 0.35913089
v -0.13696289 0.61718750 0.36206058
v -0.14233398 0.63574219 0.36401370
v -0.14770508 0.63623047 0.36352542
v -0.15112305 0.63574219 0.35913089
v -0.13696289 0.63476562 0.36206058
v -0.15356445 0.63476562 0.35083011
v -0.13256836 0.61621094 0.35717776
v -0.13256836 0.63378906 0.35766605
v -0.13110352 0.61474609 0.35083011
v -0.13256836 0.61035156 0.33227542
v -0.13110352 0.63183594 0.35131839
v -0.13256836 0.62597656 0.33032230
v -0.13598633 0.59228516 0.31860355
v -0.13500977 0.60693359 0.31323245
v -0.13793945 0.58886719 0.30444339
v -0.13989258 0.58398438 0.29321292
v -0.13745117 0.60253906 0.29663089
v -0.13452148 0.62060547 0.30834964
v -0.13012695 0.64697266 0.35034183
v -0.13208008 0.64062500 0.32836917
v -0.13452148 0.63330078 0.30444339
v -0.13696289 0.61474609 0.28979495
v -0.15405273 0.56396484 0.29663089
v -0.14819336 0.56298828 0.29565433
v -0.14282227 0.56542969 0.29711917
v -0.14770508 0.57666016 0.28149417
v -0.14233398 0.57861328 0.28442386
v -0.15942383 0.57958984 0.28491214
v -0.15405273 0.57763672 0.28247073
v -0.16235352 0.58203125 0.29028323
v -0.16430664 0.59814453 0.28979495
v -0.16381836 0.59570312 0.27807620
v -0.16040039 0.59277344 0.27221683
v -0.15454102 0.59082031 0.26928714
v -0.16479492 0.61083984 0.28002933
v -0.16284180 0.62744141 0.28588870
v -0.16430664 0.60693359 0.26831058
v -0.16381836 0.62353516 0.27124026
v -0.15942383 0.64306641 0.29711917
v -0.16088867 0.63867188 0.27856448
v -0.16137695 0.63378906 0.26440433
v -0.16088867 0.60400391 0.26245120
v -0.15502930 0.60156250 0.25952151
v -0.16284180 0.61816406 0.25952151
v -0.15991211 0.61474609 0.25366214
v -0.16040041 0.62744141 0.25317386
v -0.15405273 0.61132812 0.25073245
v -0.15747072 0.62304688 0.24731445
v -0.15209962 0.61914062 0.24487305
v -0.15795898 0.64257812 0.25854495
v -0.15649416 0.63574219 0.24780273
v -0.15405275 0.63037109 0.24243164
v -0.14721680 0.58984375 0.26928714
v -0.14184570 0.59179688 0.27319339
v -0.13940430 0.59765625 0.28344730
v -0.13647461 0.62597656 0.28442386
v -0.13891602 0.60888672 0.27563480
v -0.14135742 0.60253906 0.26489261
v -0.13745117 0.61816406 0.26977542
v -0.13598633 0.62548828 0.26586917
v -0.13452148 0.63427734 0.28100589
v -0.13305664 0.64453125 0.30151370
v -0.14721680 0.60009766 0.25952151
v -0.14624023 0.60986328 0.25170901
v -0.14477541 0.61669922 0.24584961
v -0.13989258 0.61132812 0.25756839
v -0.13842773 0.61767578 0.25268558
v -0.13256836 0.64062500 0.27954105
v -0.13354492 0.62988281 0.26342776
v -0.13647462 0.62207031 0.24975586
v -0.14282228 0.62207031 0.24194336
v -0.06323240 0.56445312 0.45190430
v -0.06811521 0.56591797 0.44116211
v -0.06518552 0.55078125 0.43774414
v -0.06030271 0.55029297 0.44848633
v -0.06860349 0.58154297 0.44409180
v -0.06420896 0.57958984 0.45483398
v -0.05249021 0.54980469 0.45678711
v -0.05639646 0.56347656 0.46069336
v -0.05737302 0.57763672 0.46362305
v -0.06860350 0.55273438 0.42456055
v -0.06372069 0.54101562 0.42114258
v -0.05981443 0.53955078 0.43432617
v -0.07153319 0.56738281 0.42846680
v -0.05493162 0.53955078 0.44506836
v -0.07153319 0.58300781 0.43090820
v -0.06567381 0.59521484 0.44555664
v -0.06127927 0.59277344 0.45581055
v -0.05493162 0.58984375 0.46459961
v -0.06860350 0.59667969 0.43286133
v -0.06274413 0.60986328 0.43383789
v -0.05981443 0.60742188 0.44653320
v -0.05590818 0.60449219 0.45629883
v -0.06665038 0.54296875 0.40649414
v -0.07153319 0.55468750 0.40991211
v -0.07397459 0.56933594 0.41381836
v -0.05151365 0.53027344 0.43090820
v -0.05541990 0.53076172 0.41772461
v -0.05932616 0.53222656 0.40258789
v -0.07055663 0.54541016 0.39038086
v -0.06323241 0.53466797 0.38647461
v -0.07543944 0.55761719 0.39379883
v -0.07739256 0.57177734 0.39819336
v -0.04907225 0.52392578 0.39965820
v -0.05346678 0.52636719 0.38403320
v -0.07543944 0.54882812 0.37426758
v -0.06762694 0.53759766 0.37084961
v -0.05834960 0.52929688 0.36889648
v -0.08032225 0.56054688 0.37866211
v -0.08325194 0.57470703 0.38403320
v -0.08666991 0.56494141 0.36206055
v -0.08129882 0.55273438 0.35766602
v -0.09106445 0.57910156 0.36791992
v -0.07397459 0.58496094 0.41674805
v -0.07055663 0.59814453 0.41870117
v -0.07788084 0.58691406 0.40258789
v -0.07543944 0.60009766 0.40405273
v -0.05151365 0.61767578 0.44653320
v -0.06323241 0.61718750 0.40795898
v -0.06811522 0.61621094 0.40063477
v -0.05834959 0.62207031 0.41430664
v -0.06616209 0.61962891 0.39819336
v -0.06176757 0.62011719 0.40258789
v -0.05786132 0.62353516 0.40698242
v -0.08422850 0.59033203 0.38940430
v -0.09350585 0.59570312 0.37475586
v -0.08227538 0.60351562 0.39331055
v -0.07836913 0.61328125 0.39477539
v -0.07983398 0.62304688 0.39184570
v -0.07397459 0.61865234 0.39526367
v -0.08325195 0.63037109 0.38989258
v -0.07055663 0.62158203 0.39575195
v -0.07495116 0.62597656 0.39379883
v -0.07690429 0.63183594 0.39233398
v -0.10180663 0.60205078 0.35620117
v -0.10229491 0.61865234 0.36108398
v -0.10083007 0.63378906 0.36499023
v -0.08422851 0.63867188 0.38891602
v -0.09204101 0.64013672 0.38110352
v -0.09985351 0.64599609 0.36743164
v -0.06811522 0.62402344 0.39526367
v -0.07104491 0.62744141 0.39428711
v -0.07250976 0.63232422 0.39379883
v -0.06665038 0.62500000 0.39477539
v -0.06909179 0.62841797 0.39428711
v -0.07006835 0.63281250 0.39379883
v -0.06567381 0.62695312 0.39721680
v -0.06323241 0.62500000 0.39770508
v -0.06274413 0.62792969 0.40014648
v -0.06469725 0.62939453 0.39965820
v -0.05981444 0.62402344 0.39868164
v -0.06030272 0.62744141 0.40063477
v -0.06030272 0.63134766 0.40161133
v -0.06225585 0.62353516 0.39428711
v -0.06518554 0.62548828 0.39379883
v -0.06713866 0.62890625 0.39331055
v -0.05981444 0.62255859 0.39672852
v -0.06616209 0.62597656 0.39526367
v -0.06811523 0.62402344 0.39282227
v -0.05932616 0.61962891 0.39477539
v -0.07104491 0.62158203 0.38745117
v -0.05786132 0.61621094 0.38989258
v -0.07836913 0.63378906 0.38549805
v -0.07299804 0.63476562 0.39135742
v -0.06909179 0.63574219 0.39428711
v -0.06860351 0.63330078 0.39282227
v -0.06811523 0.62841797 0.39135742
v -0.06567382 0.62451172 0.39233398
v -0.06616209 0.62548828 0.39477539
v -0.06811523 0.62890625 0.39428711
v -0.06958007 0.63281250 0.39379883
v -0.06958007 0.63232422 0.39086914
v -0.06274413 0.62255859 0.39282227
v -0.05932616 0.62207031 0.39624023
v -0.05981444 0.62304688 0.39526367
v -0.05883788 0.62158203 0.39331055
v -0.06616209 0.63183594 0.39916992
v -0.06762694 0.62988281 0.39672852
v -0.07202148 0.62011719 0.38110352
v -0.05688475 0.61474609 0.38354492
v -0.08081054 0.63330078 0.37915039
v -0.05590820 0.61425781 0.37670898
v -0.07153320 0.61962891 0.37426758
v -0.08129882 0.63330078 0.37231445
v -0.03784177 0.56201172 0.47192383
v -0.04760740 0.56250000 0.46704102
v -0.04467771 0.54980469 0.46362305
v -0.03588865 0.55029297 0.46801758
v -0.02661130 0.55175781 0.47143555
v -0.02807615 0.56201172 0.47485352
v -0.04858396 0.57519531 0.46997070
v -0.03833006 0.57324219 0.47436523
v -0.04077146 0.53271484 0.44995117
v -0.03247068 0.52880859 0.44653320
v -0.04809568 0.54003906 0.45336914
v -0.04663084 0.53125000 0.44165039
v -0.03686521 0.52587891 0.43823242
v -0.04077147 0.52392578 0.42797852
v -0.02416990 0.53173828 0.44897461
v -0.02758787 0.52832031 0.44409180
v -0.03100584 0.52539062 0.43676758
v -0.03442381 0.52294922 0.42651367
v -0.02270505 0.54345703 0.46606445
v -0.01831052 0.56250000 0.47680664
v -0.01782224 0.55371094 0.47290039
v -0.01538084 0.54687500 0.46850586
v -0.00854490 0.55517578 0.47338867
v -0.00903318 0.56298828 0.47729492
v -0.00854490 0.57080078 0.47973633
v -0.01147459 0.54443359 0.46313477
v 0.00024416 0.55712891 0.47192383
v 0.00024417 0.56396484 0.47631836
v 0.00024417 0.57080078 0.47924805
v -0.01977537 0.53613281 0.45336914
v -0.02563474 0.52929688 0.44262695
v -0.02856443 0.52587891 0.43579102
v -0.02270506 0.53466797 0.43774414
v -0.02563475 0.53222656 0.43188477
v -0.01831052 0.53125000 0.44946289
v -0.02563474 0.52978516 0.44213867
v -0.02172849 0.52685547 0.44458008
v -0.02465818 0.52343750 0.43725586
v -0.02856443 0.52636719 0.43579102
v -0.01147459 0.52441406 0.44653320
v -0.00952146 0.52978516 0.45239258
v -0.01293943 0.52099609 0.43872070
v 0.00024416 0.52929688 0.45336914
v 0.00024416 0.52392578 0.44702148
v 0.00024416 0.52001953 0.43872070
v 0.00024416 0.53613281 0.45727539
v -0.02807615 0.52050781 0.42651367
v -0.01440428 0.51757812 0.42749023
v 0.00024416 0.51660156 0.42749023
v -0.01684568 0.54003906 0.46069336
v -0.01440427 0.54052734 0.45727539
v -0.00952146 0.54443359 0.46020508
v -0.01635740 0.56591797 0.44262695
v -0.01586912 0.56250000 0.43969727
v -0.01000974 0.55419922 0.44702148
v -0.01049803 0.55517578 0.44995117
v -0.01928709 0.56835938 0.42309570
v -0.02026366 0.57470703 0.42407227
v 0.00024416 0.55566406 0.45190430
v 0.00024416 0.56884766 0.44506836
v 0.00024416 0.57958984 0.42504883
v 0.00024416 0.55371094 0.44604492
v 0.00024416 0.56103516 0.43872070
v 0.00024416 0.56640625 0.42260742
v -0.00561521 0.54785156 0.46215820
v 0.00024416 0.54345703 0.46020508
v -0.00415037 0.54736328 0.46069336
v -0.00268552 0.55029297 0.46313477
v 0.00024416 0.55224609 0.46362305
v 0.00024416 0.55175781 0.46215820
v -0.00170896 0.54931641 0.46166992
v 0.00024416 0.54736328 0.46118164
v 0.00024416 0.55029297 0.46166992
v 0.00024416 0.55175781 0.46166992
v 0.00024416 0.54785156 0.45288086
v -0.04956052 0.60107422 0.46411133
v -0.03198240 0.59521484 0.47583008
v -0.02807615 0.58886719 0.47827148
v -0.02465818 0.59130859 0.47875977
v -0.02758787 0.59667969 0.47631836
v -0.02905271 0.60205078 0.47387695
v -0.02905271 0.60644531 0.47241211
v -0.02807615 0.61035156 0.47192383
v -0.04711912 0.61328125 0.45532227
v -0.03588865 0.61962891 0.45434570
v -0.03930662 0.62402344 0.44555664
v -0.04077147 0.62890625 0.43481445
v -0.02514646 0.61328125 0.47241211
v -0.02416990 0.62451172 0.45385742
v -0.02563475 0.62939453 0.44555664
v -0.02709959 0.63476562 0.43530273
v -0.02416990 0.59326172 0.48461914
v -0.01928709 0.58789062 0.48559570
v -0.01879880 0.59033203 0.48852539
v -0.02319334 0.59472656 0.48754883
v -0.02758787 0.59716797 0.47924805
v -0.02465818 0.59179688 0.48120117
v -0.02709959 0.59814453 0.48266602
v -0.01977537 0.58642578 0.48266602
v -0.02612302 0.59912109 0.48657227
v -0.02172849 0.59619141 0.49047852
v -0.01782224 0.59326172 0.49145508
v -0.01684568 0.59667969 0.49389648
v -0.01977536 0.59765625 0.49243164
v -0.01245115 0.59082031 0.49243164
v -0.01196286 0.59521484 0.49487305
v -0.02075193 0.60058594 0.49291992
v -0.01684568 0.60009766 0.49536133
v -0.01196286 0.59960938 0.49682617
v -0.01293943 0.58691406 0.48950195
v -0.01342771 0.58398438 0.48657227
v -0.01391599 0.58203125 0.48364258
v -0.02368162 0.60009766 0.48950195
v -0.00805662 0.57617188 0.48120117
v -0.01977537 0.58593750 0.48022461
v -0.01391599 0.58154297 0.48120117
v -0.00756833 0.57861328 0.48168945
v -0.02905271 0.60302734 0.48120117
v -0.02954099 0.60253906 0.47729492
v -0.00708005 0.58105469 0.48706055
v -0.00659177 0.58447266 0.49047852
v -0.00708005 0.57958984 0.48413086
v 0.00024417 0.58349609 0.49047852
v 0.00024417 0.58007812 0.48754883
v 0.00024417 0.57861328 0.48413086
v -0.00610349 0.59423828 0.49584961
v -0.00659177 0.58886719 0.49340820
v -0.00610349 0.59912109 0.49829102
v 0.00024417 0.59375000 0.49633789
v 0.00024417 0.58837891 0.49340820
v 0.00024417 0.59912109 0.49877930
v 0.00024417 0.57519531 0.48071289
v 0.00024417 0.57763672 0.48120117
v -0.02758787 0.60351562 0.48559570
v -0.02514646 0.60400391 0.48950195
v -0.02514646 0.60742188 0.48901367
v -0.02758787 0.60742188 0.48461914
v -0.02905271 0.60742188 0.48022461
v -0.02172849 0.60400391 0.49291992
v -0.02172849 0.60742188 0.49243164
v -0.02416990 0.61035156 0.48803711
v -0.02661130 0.61035156 0.48364258
v -0.02807615 0.61083984 0.47924805
v -0.02124021 0.60986328 0.49194336
v -0.01733396 0.60400391 0.49584961
v -0.01733396 0.60742188 0.49584961
v -0.01196286 0.60400391 0.49829102
v -0.01196287 0.60791016 0.49829102
v -0.01684568 0.61035156 0.49487305
v -0.01196287 0.61035156 0.49682617
v -0.01245115 0.61328125 0.49340820
v -0.01342771 0.61523438 0.48706055
v -0.01391599 0.61718750 0.47973633
v -0.02954099 0.60693359 0.47583008
v -0.02856443 0.61035156 0.47485352
v -0.02563474 0.61328125 0.47436523
v -0.02124021 0.61572266 0.47436523
v -0.02075193 0.61523438 0.47290039
v -0.01440427 0.61718750 0.47485352
v -0.01440428 0.61669922 0.47338867
v -0.00610349 0.60400391 0.49926758
v -0.00610349 0.60791016 0.49975586
v -0.00610349 0.61083984 0.49829102
v -0.00610349 0.61328125 0.49438477
v 0.00024417 0.60400391 0.49975586
v 0.00024417 0.60791016 0.49975586
v 0.00024417 0.61083984 0.49877930
v 0.00024417 0.61328125 0.49487305
v -0.00659177 0.61572266 0.48754883
v -0.00708006 0.61767578 0.48022461
v 0.00024416 0.61621094 0.48803711
v 0.00024416 0.61767578 0.48022461
v -0.00708006 0.61816406 0.47534180
v -0.00708006 0.61767578 0.47387695
v -0.00854490 0.61962891 0.46850586
v 0.00024416 0.61816406 0.47534180
v 0.00024416 0.61767578 0.47387695
v 0.00024416 0.62011719 0.46850586
v -0.01049803 0.62304688 0.46069336
v -0.01147459 0.62695312 0.45385742
v -0.01245115 0.63183594 0.44506836
v 0.00024416 0.62353516 0.46069336
v 0.00024416 0.62744141 0.45336914
v 0.00024416 0.63232422 0.44506836
v -0.04418943 0.52343750 0.41479492
v -0.03833006 0.52148438 0.41381836
v -0.03588865 0.52148438 0.41333008
v -0.03198240 0.52294922 0.42602539
v -0.03344725 0.52832031 0.41137695
v -0.02905272 0.53027344 0.42358398
v -0.03198240 0.52343750 0.42602539
v -0.03588865 0.52197266 0.41333008
v -0.03198240 0.51904297 0.41333008
v -0.03588866 0.51953125 0.39819336
v -0.01684568 0.51562500 0.41333008
v -0.01879881 0.51562500 0.39770508
v -0.05151366 0.52587891 0.36791992
v -0.04028319 0.52099609 0.38256836
v -0.02026366 0.51708984 0.38159180
v 0.00024416 0.51416016 0.41284180
v 0.00024416 0.51416016 0.39721680
v 0.00024415 0.51562500 0.38110352
v 0.00024415 0.51757812 0.36694336
v -0.05249022 0.62890625 0.41674805
v -0.04125975 0.63427734 0.42456055
v -0.04663084 0.63476562 0.41674805
v -0.05297850 0.62841797 0.40893555
v -0.05688475 0.62402344 0.40112305
v -0.05346679 0.62841797 0.40258789
v -0.04956054 0.63427734 0.40942383
v -0.05053710 0.63378906 0.40307617
v -0.05639647 0.62451172 0.39575195
v -0.05786132 0.62792969 0.40063477
v -0.05688475 0.62500000 0.39916992
v -0.05590819 0.62304688 0.39672852
v -0.05346679 0.62890625 0.39672852
v -0.05395507 0.62695312 0.39965820
v -0.05590819 0.62939453 0.40112305
v -0.05297850 0.62548828 0.39721680
v -0.05395507 0.62597656 0.39770508
v -0.05004882 0.62402344 0.39624023
v -0.04467772 0.62158203 0.39184570
v -0.05541991 0.62207031 0.39428711
v -0.05200194 0.62451172 0.39477539
v -0.05102538 0.63378906 0.39672852
v -0.05395507 0.63183594 0.40161133
v -0.05200194 0.62988281 0.39965820
v -0.05053710 0.62890625 0.39770508
v -0.04956054 0.62841797 0.39477539
v -0.04516600 0.63476562 0.39672852
v -0.05053710 0.63574219 0.39770508
v -0.03784179 0.63378906 0.39282227
v -0.04907225 0.63281250 0.39770508
v -0.04809569 0.63232422 0.39477539
v -0.04174804 0.62011719 0.38598633
v -0.03979491 0.61962891 0.37915039
v -0.07055663 0.62011719 0.36743164
v -0.05444335 0.61474609 0.36987305
v -0.03833007 0.62011719 0.37231445
v -0.03295897 0.63330078 0.38696289
v -0.03002929 0.63330078 0.38061523
v -0.02856445 0.63330078 0.37426758
v -0.02172850 0.57763672 0.40209961
v -0.02075194 0.56884766 0.40161133
v 0.00024416 0.56591797 0.40161133
v 0.00024415 0.58349609 0.40258789
v -0.02270507 0.57861328 0.38159180
v -0.02124022 0.56884766 0.38110352
v 0.00024415 0.56542969 0.38110352
v 0.00024415 0.58544922 0.38159180
v -0.02270507 0.57812500 0.36108398
v -0.02124023 0.56738281 0.36157227
v 0.00024415 0.56347656 0.36206055
v 0.00024415 0.58544922 0.36108398
v -0.06323241 0.44921875 0.32104492
v -0.08032226 0.45410156 0.31030273
v -0.04614257 0.40869141 0.33081055
v -0.04516600 0.42822266 0.33081055
v -0.04321288 0.44482422 0.33178711
v -0.07495116 0.47314453 0.31274414
v -0.05932616 0.46826172 0.32397461
v -0.04125975 0.46435547 0.33374023
v -0.09350585 0.46533203 0.29663086
v -0.08764648 0.47900391 0.29907227
v -0.07250976 0.49609375 0.32104492
v -0.08227538 0.50097656 0.30493164
v -0.05688476 0.49169922 0.33178711
v -0.07788085 0.52441406 0.31127930
v -0.06909179 0.52001953 0.32788086
v -0.05444335 0.51562500 0.34057617
v -0.10131835 0.45117188 0.29418945
v -0.10668945 0.46337891 0.27319336
v -0.09594726 0.46044922 0.29565430
v -0.10717773 0.47216797 0.24389650
v -0.09350586 0.48632812 0.27905273
v -0.09252930 0.49462891 0.25268555
v -0.08618164 0.50683594 0.28491211
v -0.08276367 0.52929688 0.29174805
v -0.08618164 0.51318359 0.26000977
v -0.09350587 0.49169922 0.21752931
v -0.02319335 0.40722656 0.33666992
v -0.02270507 0.42578125 0.33813477
v -0.02172850 0.44287109 0.33862305
v 0.00024415 0.40673828 0.33911133
v 0.00024415 0.42480469 0.34057617
v 0.00024415 0.44189453 0.34057617
v -0.03930663 0.48876953 0.33911133
v -0.02075194 0.46191406 0.33911133
v -0.01977538 0.48632812 0.34399414
v -0.03833007 0.51220703 0.34936523
v -0.01977538 0.50927734 0.35473633
v 0.00024415 0.46093750 0.34106445
v 0.00024415 0.48535156 0.34545898
v 0.00024415 0.50830078 0.35668945
v -0.06469726 0.53320312 0.35229492
v -0.07299804 0.54150391 0.35424805
v -0.07299804 0.53955078 0.33569336
v -0.06958007 0.53417969 0.33422852
v -0.05590819 0.52783203 0.35034180
v -0.07934570 0.54736328 0.33666992
v -0.08666991 0.55761719 0.33911133
v -0.09252929 0.56982422 0.34350586
v -0.09790038 0.58447266 0.34936523
v -0.07739257 0.54101562 0.31567383
v -0.08959960 0.56347656 0.32055664
v -0.09545898 0.57470703 0.32348633
v -0.08227539 0.54785156 0.29711914
v -0.08959961 0.56884766 0.30346680
v -0.09399414 0.57861328 0.30541992
v -0.10083007 0.58984375 0.32836914
v -0.10522460 0.60791016 0.33422852
v -0.10668945 0.62597656 0.33911133
v -0.10620116 0.64111328 0.34350586
v -0.10375977 0.61328125 0.31274414
v -0.09936523 0.59375000 0.30834961
v -0.10522461 0.63232422 0.31762695
v -0.10571289 0.64794922 0.32250977
v -0.09448242 0.59716797 0.29077148
v -0.08032226 0.63330078 0.36596680
v -0.08325195 0.53515625 0.26635742
v -0.07739259 0.54101562 0.23901369
v -0.07690430 0.56298828 0.24487305
v -0.07836915 0.58593750 0.24780273
v -0.08862305 0.60009766 0.27270508
v -0.09301759 0.63085938 0.25952148
v -0.08911134 0.63574219 0.24829102
v -0.02026366 0.56298828 0.34497070
v -0.02172851 0.57470703 0.34155273
v 0.00024415 0.55957031 0.34594727
v 0.00024415 0.58251953 0.33911133
v -0.15698242 0.64550781 0.31713870
v -0.15502930 0.64746094 0.33520511
v -0.15258789 0.64941406 0.34887698
v -0.15209961 0.66259766 0.32983401
v -0.15454102 0.66015625 0.31079105
v -0.15649414 0.65576172 0.28979495
v -0.14672852 0.65087891 0.36206058
v -0.14965820 0.65039062 0.35766605
v -0.13549805 0.64941406 0.36108401
v -0.14672852 0.66503906 0.35424808
v -0.14379883 0.66552734 0.35961917
v -0.13256836 0.66357422 0.35864261
v -0.14916992 0.66455078 0.34497073
v -0.13110352 0.64843750 0.35668948
v -0.12866211 0.66210938 0.35424808
v -0.12866211 0.66113281 0.34741214
v -0.13110352 0.65429688 0.32543948
v -0.14135742 0.67919922 0.34985355
v -0.13891602 0.67919922 0.35571292
v -0.13598633 0.67822266 0.35815433
v -0.14428711 0.67871094 0.33911136
v -0.14770508 0.67773438 0.32299808
v -0.13452148 0.68994141 0.35327151
v -0.13647461 0.69091797 0.34692386
v -0.13940430 0.69140625 0.33471683
v -0.13256836 0.67724609 0.35864261
v -0.12817383 0.67578125 0.35620120
v -0.12524414 0.67382812 0.35180667
v -0.12524414 0.67236328 0.34497073
v -0.12426758 0.68408203 0.35473636
v -0.12182617 0.68164062 0.34985355
v -0.12231445 0.67968750 0.34301761
v -0.12817383 0.66455078 0.32299808
v -0.12524414 0.67187500 0.32104495
v -0.13159180 0.68847656 0.35620120
v -0.12817383 0.68652344 0.35717776
v -0.12719727 0.69628906 0.35522464
v -0.13012695 0.69824219 0.35229495
v -0.13208008 0.70019531 0.34545901
v -0.13403320 0.70166016 0.33227542
v -0.12426758 0.69335938 0.35620120
v -0.12084961 0.68994141 0.35375980
v -0.13061523 0.65283203 0.30004886
v -0.14965820 0.67431641 0.30395511
v -0.14184570 0.69042969 0.31762698
v -0.14428711 0.68603516 0.29907230
v -0.13598633 0.70166016 0.31420901
v -0.13745117 0.69726562 0.29516605
v -0.12768555 0.65917969 0.29907230
v -0.11889648 0.68554688 0.34106448
v -0.12133789 0.67724609 0.31909183
v -0.12377930 0.66406250 0.29760745
v -0.12768555 0.70751953 0.34448245
v -0.12573242 0.70507812 0.35131839
v -0.12329102 0.70214844 0.35473636
v -0.12036133 0.69824219 0.35522464
v -0.12915039 0.70947266 0.33178714
v -0.11889648 0.70654297 0.35327151
v -0.12084961 0.71093750 0.35034183
v -0.12231445 0.71435547 0.34350589
v -0.15747070 0.64941406 0.27221683
v -0.15161133 0.66748047 0.28393558
v -0.15209961 0.65917969 0.26733401
v -0.15161134 0.65087891 0.25366214
v -0.15112306 0.64306641 0.24340820
v -0.12963867 0.64550781 0.27856448
v -0.12622070 0.64941406 0.27856448
v -0.14526367 0.67773438 0.27954105
v -0.13793945 0.68701172 0.27563480
v -0.14526369 0.66748047 0.26342776
v -0.14526369 0.65771484 0.25024417
v -0.14428712 0.64892578 0.23999023
v -0.13745119 0.67529297 0.26000980
v -0.13745119 0.66455078 0.24780273
v -0.13647462 0.65478516 0.23754883
v -0.13110352 0.63378906 0.26196292
v -0.12817383 0.63720703 0.26147464
v -0.11938477 0.66748047 0.29614261
v -0.12182618 0.65283203 0.27807620
v -0.12426759 0.64013672 0.26196292
v -0.13403322 0.62597656 0.24731445
v -0.13061525 0.62890625 0.24633789
v -0.12670900 0.63183594 0.24633789
v -0.12866212 0.68310547 0.25708011
v -0.12915041 0.69628906 0.27172855
v -0.12817384 0.67138672 0.24536133
v -0.11889649 0.70410156 0.26879886
v -0.11889649 0.69042969 0.25463870
v -0.11889649 0.67724609 0.24438477
v -0.07836913 0.64550781 0.39233398
v -0.07788085 0.63867188 0.39233398
v -0.07739257 0.65234375 0.39282227
v -0.07348632 0.63867188 0.39331055
v -0.07397460 0.64501953 0.39379883
v -0.07299804 0.65087891 0.39428711
v -0.09790038 0.65820312 0.37036133
v -0.08081054 0.64990234 0.37915039
v -0.07836913 0.64941406 0.38549805
v -0.07299804 0.64843750 0.39135742
v -0.08129882 0.64990234 0.37231445
v -0.06860351 0.65966797 0.39282227
v -0.07104491 0.66210938 0.38745117
v -0.07202148 0.66308594 0.38110352
v -0.07592773 0.65771484 0.39428711
v -0.07153320 0.66357422 0.37426758
v -0.07104491 0.63867188 0.39379883
v -0.06909179 0.64599609 0.39428711
v -0.07104491 0.64453125 0.39379883
v -0.07055663 0.63720703 0.39379883
v -0.06909179 0.63378906 0.39624023
v -0.06958007 0.63769531 0.39624023
v -0.07006835 0.63720703 0.39038086
v -0.06958007 0.64160156 0.39624023
v -0.07055663 0.64160156 0.39379883
v -0.07006835 0.64160156 0.39038086
v -0.06909179 0.63867188 0.39282227
v -0.06909179 0.64453125 0.39282227
v -0.06958007 0.64599609 0.39624023
v -0.07006835 0.64648438 0.39379883
v -0.07006835 0.64648438 0.39086914
v -0.06762694 0.63476562 0.39868164
v -0.06567381 0.63671875 0.40063477
v -0.06616209 0.63916016 0.40063477
v -0.06811523 0.63818359 0.39868164
v -0.06616209 0.64160156 0.40063477
v -0.06811523 0.64160156 0.39868164
v -0.06616210 0.64453125 0.40063477
v -0.06811523 0.64501953 0.39868164
v -0.06567382 0.64697266 0.40063477
v -0.07055663 0.65039062 0.39428711
v -0.06811523 0.64990234 0.39282227
v -0.06665038 0.65771484 0.39526367
v -0.07250976 0.66162109 0.39624023
v -0.07592773 0.66601562 0.39379883
v -0.06762695 0.64843750 0.39868164
v -0.06909179 0.64990234 0.39624023
v -0.06469726 0.64892578 0.40112305
v -0.06665038 0.65136719 0.39916992
v -0.06762695 0.65332031 0.39672852
v -0.06469726 0.65380859 0.39965820
v -0.06567382 0.65673828 0.39770508
v -0.06274413 0.65527344 0.40014648
v -0.06323241 0.65869141 0.39819336
v -0.06030272 0.65234375 0.40161133
v -0.06030272 0.65576172 0.40063477
v -0.05981444 0.65917969 0.39868164
v -0.06958007 0.65039062 0.39428711
v -0.06860351 0.65478516 0.39477539
v -0.06958007 0.65087891 0.39086914
v -0.06811523 0.65527344 0.39184570
v -0.06616210 0.65820312 0.39526367
v -0.06616210 0.65917969 0.39233398
v -0.06420898 0.65869141 0.39477539
v -0.06665038 0.66113281 0.39819336
v -0.06811523 0.66406250 0.39868164
v -0.05932616 0.66308594 0.39477539
v -0.05981444 0.66064453 0.39672852
v -0.05786132 0.66699219 0.38989258
v -0.06323241 0.66015625 0.39575195
v -0.06274413 0.66113281 0.39331055
v -0.05932616 0.66113281 0.39672852
v -0.06176757 0.66210938 0.40063477
v -0.06079100 0.65966797 0.39575195
v -0.07983398 0.67529297 0.38940430
v -0.08374023 0.68603516 0.38305664
v -0.07495116 0.69287109 0.38891602
v -0.10034179 0.68017578 0.35815430
v -0.09448241 0.68945312 0.36499023
v -0.08666991 0.69726562 0.37280273
v -0.07641601 0.70361328 0.38012695
v -0.06225585 0.66503906 0.40161133
v -0.05883788 0.66210938 0.39379883
v -0.06323241 0.69531250 0.39575195
v -0.05102538 0.67675781 0.40600586
v -0.05102538 0.68554688 0.40502930
v -0.05102538 0.69677734 0.40014648
v -0.05688476 0.66845703 0.38403320
v -0.05541991 0.66894531 0.37670898
v -0.06323241 0.70654297 0.38696289
v -0.05151366 0.70849609 0.39184570
v -0.06323241 0.71630859 0.37670898
v -0.05200195 0.71972656 0.38208005
v -0.06323242 0.72509766 0.36645505
v -0.05249023 0.72949219 0.37182614
v -0.01293944 0.63720703 0.43530273
v 0.00024416 0.63818359 0.43530273
v -0.04223632 0.64160156 0.41381836
v -0.04711913 0.64062500 0.40844727
v -0.04907225 0.64013672 0.40307617
v -0.03979491 0.65039062 0.41186523
v -0.04565429 0.64843750 0.40795898
v -0.04907225 0.64746094 0.40307617
v -0.02709959 0.64062500 0.42553711
v -0.03540038 0.64306641 0.41821289
v -0.02661132 0.64697266 0.42016602
v -0.03393554 0.65234375 0.41430664
v -0.02563475 0.65478516 0.41674805
v -0.04077147 0.65966797 0.41040039
v -0.04663085 0.65625000 0.40698242
v -0.05004882 0.65380859 0.40307617
v -0.03442382 0.66308594 0.41284180
v -0.04565429 0.66650391 0.40893555
v -0.05053710 0.66113281 0.40600586
v -0.05297850 0.65869141 0.40258789
v -0.03930663 0.67333984 0.41088867
v -0.02612303 0.66455078 0.41528320
v -0.05590819 0.66406250 0.40405273
v -0.05346679 0.66943359 0.40600586
v -0.03881835 0.68554688 0.40893555
v -0.02612304 0.67529297 0.41381836
v -0.02612304 0.68652344 0.41186523
v -0.03833007 0.69775391 0.40454102
v -0.02661132 0.69873047 0.40747070
v -0.05639647 0.63427734 0.40258789
v -0.05541991 0.63623047 0.40258789
v -0.05297850 0.63476562 0.40161133
v -0.05493163 0.63916016 0.40258789
v -0.05249022 0.63818359 0.40161133
v -0.05493163 0.64160156 0.40258789
v -0.05200194 0.64160156 0.40161133
v -0.05493163 0.64453125 0.40258789
v -0.05541991 0.64697266 0.40258789
v -0.05249022 0.64501953 0.40161133
v -0.05053710 0.63378906 0.39965820
v -0.05004882 0.63769531 0.39965820
v -0.05004882 0.63964844 0.39721680
v -0.04858397 0.63720703 0.39770508
v -0.04956054 0.64160156 0.39965820
v -0.05004882 0.64550781 0.39965820
v -0.05004882 0.64697266 0.39721680
v -0.04809569 0.64160156 0.39770508
v -0.04858397 0.64599609 0.39770508
v -0.04760741 0.63671875 0.39477539
v -0.04516600 0.64843750 0.39672852
v -0.04956054 0.64746094 0.39770508
v -0.04711913 0.64160156 0.39477539
v -0.04760741 0.64648438 0.39477539
v -0.05639647 0.64892578 0.40258789
v -0.05786132 0.65527344 0.40112305
v -0.05590819 0.65380859 0.40112305
v -0.05297850 0.64843750 0.40161133
v -0.05395507 0.65136719 0.40161133
v -0.05688475 0.65820312 0.39916992
v -0.05590819 0.66015625 0.39721680
v -0.05395507 0.65625000 0.39965820
v -0.05200194 0.65332031 0.39965820
v -0.05297850 0.65771484 0.39770508
v -0.05688475 0.65869141 0.39672852
v -0.05688475 0.66113281 0.40209961
v -0.05395507 0.65673828 0.39721680
v -0.05053710 0.64990234 0.39965820
v -0.05151366 0.65283203 0.39721680
v -0.04907225 0.65039062 0.39770508
v -0.05053710 0.65429688 0.39770508
v -0.05004882 0.65917969 0.39624023
v -0.05297850 0.65722656 0.39770508
v -0.04809569 0.65087891 0.39477539
v -0.04956054 0.65527344 0.39477539
v -0.05200194 0.65869141 0.39477539
v -0.05541991 0.66113281 0.39428711
v -0.03784179 0.64941406 0.39282227
v -0.04467773 0.66162109 0.39184570
v -0.03295898 0.64990234 0.38696289
v -0.04174804 0.66308594 0.38598633
v -0.03002929 0.64990234 0.38061523
v -0.03979491 0.66357422 0.37915039
v -0.07055663 0.66357422 0.36743164
v -0.05444335 0.66845703 0.36987305
v -0.03833007 0.66308594 0.37231445
v -0.02856445 0.64990234 0.37426758
v -0.01293944 0.64355469 0.42602539
v -0.01293944 0.64941406 0.42163086
v -0.01293944 0.65673828 0.41870117
v -0.01293944 0.66601562 0.41723633
v 0.00024416 0.64453125 0.42651367
v 0.00024415 0.65039062 0.42211914
v 0.00024415 0.65771484 0.41918945
v 0.00024415 0.66650391 0.41772461
v -0.01342772 0.67626953 0.41528320
v -0.01391600 0.68750000 0.41333008
v -0.01391601 0.69970703 0.40942383
v 0.00024415 0.67675781 0.41577148
v 0.00024415 0.68798828 0.41430664
v 0.00024415 0.70019531 0.41040039
v -0.03881835 0.71044922 0.39624023
v -0.04028320 0.72265625 0.38696286
v -0.04125976 0.73291016 0.37622067
v -0.02758788 0.71142578 0.39965820
v -0.02856445 0.72460938 0.39038083
v -0.02954101 0.73535156 0.37915036
v -0.01489257 0.71240234 0.40209961
v 0.00024415 0.71289062 0.40307617
v -0.01586914 0.72558594 0.39233395
v 0.00024415 0.72607422 0.39331052
v -0.01684570 0.73681641 0.38159177
v 0.00024415 0.73730469 0.38256833
v -0.01831055 0.74511719 0.36889645
v 0.00024414 0.74609375 0.36987302
v -0.10571289 0.65478516 0.34741211
v -0.10375976 0.66845703 0.35229492
v -0.10620117 0.66308594 0.32788086
v -0.10522461 0.67773438 0.33471680
v -0.11889648 0.68701172 0.34838870
v -0.11450195 0.69042969 0.33862308
v -0.10375977 0.65429688 0.30395508
v -0.10424805 0.66894531 0.31127930
v -0.11694336 0.68115234 0.31713870
v -0.11254883 0.68359375 0.31469727
v -0.11059570 0.69384766 0.33618164
v -0.11499024 0.66992188 0.29467776
v -0.11059571 0.67187500 0.29370117
v -0.10424805 0.68359375 0.32104492
v -0.10668946 0.67333984 0.29272461
v -0.08032226 0.64990234 0.36596680
v -0.11645508 0.70214844 0.35375980
v -0.11206055 0.70507812 0.35229492
v -0.11401367 0.71044922 0.35180667
v -0.11547852 0.71533203 0.34838870
v -0.10815430 0.70703125 0.35034180
v -0.10913086 0.71289062 0.34985352
v -0.11645508 0.71972656 0.34155273
v -0.10961914 0.71875000 0.34643555
v -0.11010742 0.72363281 0.33959958
v -0.10473633 0.71435547 0.34790039
v -0.10424805 0.72021484 0.34399411
v -0.10375977 0.72558594 0.33666989
v -0.10473633 0.70849609 0.34838867
v -0.10473633 0.70361328 0.34594727
v -0.10620117 0.69921875 0.34106445
v -0.10180664 0.70898438 0.34643555
v -0.10278320 0.70458984 0.34350586
v -0.10327148 0.70117188 0.33862305
v -0.10083008 0.71484375 0.34545898
v -0.09936523 0.72070312 0.34106442
v -0.10083008 0.70507812 0.34155273
v -0.09936523 0.70947266 0.34350586
v -0.09692383 0.71435547 0.34252930
v -0.09741211 0.72607422 0.33325192
v -0.09448242 0.72021484 0.33764645
v -0.11059570 0.72607422 0.32885739
v -0.11010743 0.72607422 0.31372067
v -0.10961915 0.72363281 0.29760739
v -0.10180664 0.70214844 0.33715820
v -0.09204102 0.72509766 0.32983395
v -0.08862305 0.72363281 0.32739255
v -0.10327148 0.72802734 0.32592770
v -0.10278321 0.72802734 0.31176755
v -0.10180665 0.72558594 0.29614255
v -0.07592773 0.72509766 0.35034177
v -0.07543945 0.73046875 0.34106442
v -0.06323242 0.73144531 0.35620114
v -0.06323242 0.73730469 0.34497067
v -0.07495117 0.73437500 0.33081052
v -0.06323242 0.74121094 0.33374020
v -0.05053711 0.74658203 0.33618161
v -0.07397461 0.73730469 0.31958005
v -0.06274414 0.74365234 0.32104489
v -0.05004883 0.74902344 0.32250974
v -0.09936524 0.64111328 0.26879883
v -0.11743165 0.65527344 0.27758792
v -0.11206055 0.65722656 0.27758789
v -0.10717774 0.65869141 0.27758789
v -0.11889649 0.64257812 0.26245120
v -0.11303712 0.64453125 0.26391602
v -0.10766602 0.64599609 0.26489258
v -0.12084962 0.63378906 0.24829102
v -0.11450196 0.63525391 0.25073245
v -0.10815430 0.63623047 0.25317383
v -0.12329102 0.63574219 0.23754883
v -0.11596680 0.63720703 0.23950195
v -0.10864259 0.63720703 0.24145508
v -0.09741212 0.63525391 0.25756836
v -0.10278321 0.64599609 0.26684570
v -0.10229493 0.63623047 0.25561523
v -0.10229493 0.63769531 0.24389648
v -0.09643555 0.63818359 0.24682617
v -0.10961915 0.70947266 0.26733398
v -0.10961915 0.69580078 0.25366211
v -0.11010743 0.68212891 0.24438477
v -0.10961915 0.71875000 0.28247070
v -0.10180665 0.72119141 0.28149411
v -0.10180665 0.71191406 0.26635742
v -0.09399415 0.72607422 0.29467770
v -0.09399415 0.72167969 0.28100583
v -0.08666993 0.72314453 0.29321286
v -0.08666993 0.71972656 0.28100583
v -0.10229493 0.69873047 0.25366211
v -0.10278321 0.68505859 0.24536133
v -0.09497071 0.70019531 0.25415039
v -0.08813477 0.70019531 0.25610352
v -0.09594727 0.68652344 0.24682617
v -0.08862305 0.68798828 0.24829102
v -0.07104493 0.72998047 0.27954099
v -0.05590821 0.73730469 0.27856442
v -0.07153321 0.72412109 0.26831052
v -0.07250977 0.71777344 0.25952148
v -0.07397462 0.71044922 0.25219727
v -0.05639650 0.73144531 0.26586911
v -0.05786134 0.72558594 0.25708005
v -0.05932618 0.71875000 0.24877930
v -0.03637695 0.75146484 0.33813474
v -0.01879883 0.75097656 0.35424802
v -0.01928711 0.75439453 0.33959958
v -0.03686524 0.75292969 0.32348630
v -0.03784180 0.75244141 0.30786130
v -0.01928711 0.75585938 0.32397458
v -0.01928711 0.75585938 0.30834958
v 0.00024414 0.75195312 0.35522458
v 0.00024414 0.75537109 0.34008786
v -0.03833009 0.74951172 0.29174802
v -0.03881837 0.74414062 0.27709958
v -0.01977540 0.75341797 0.29125974
v -0.02026368 0.74902344 0.27563474
v -0.03979493 0.73779297 0.26342770
v -0.04077150 0.73291016 0.25415036
v -0.04223634 0.72656250 0.24584959
v -0.02075196 0.74316406 0.26147458
v -0.02124025 0.73828125 0.25170895
v -0.02221681 0.73242188 0.24291991
v 0.00024413 0.75048828 0.27514645
v 0.00024413 0.75488281 0.29125974
v 0.00024413 0.75683594 0.30834958
v 0.00024413 0.74511719 0.26049802
v 0.00024413 0.74023438 0.25073239
v 0.00024413 0.73437500 0.24145506
v 0.00024414 0.75732422 0.32446286
v -0.12524414 0.42578125 0.19848634
v -0.11401368 0.45703125 0.20483400
v -0.14916994 0.62597656 0.24047852
v -0.13940431 0.62695312 0.23901367
v -0.14477541 0.63183594 0.23657227
v -0.14868166 0.63720703 0.23803711
v -0.13549806 0.63085938 0.23754883
v -0.13989259 0.63671875 0.23413086
v -0.10327149 0.47656250 0.21166994
v -0.09985352 0.47705078 0.19018556
v -0.08666993 0.49511719 0.18530275
v -0.08764650 0.48291016 0.16088869
v -0.11547853 0.42041016 0.11840822
v -0.10278322 0.44873047 0.11645509
v -0.08666994 0.47460938 0.13696291
v -0.08618166 0.47119141 0.11303712
v -0.06860353 0.49951172 0.15112306
v -0.07006837 0.50976562 0.17114259
v -0.06762697 0.49267578 0.13012697
v -0.06762698 0.48974609 0.10864258
v -0.04858400 0.52343750 0.15942383
v -0.04760744 0.51367188 0.14233398
v -0.04711916 0.50732422 0.12377930
v -0.04663088 0.50390625 0.10473633
v -0.06616212 0.54736328 0.21313478
v -0.06518555 0.56884766 0.21948242
v -0.06616212 0.59033203 0.22290039
v -0.04809571 0.55371094 0.19458006
v -0.05004884 0.53906250 0.18090820
v -0.04711915 0.57324219 0.20239256
v -0.06811524 0.60888672 0.22387695
v -0.04711915 0.59423828 0.20629881
v -0.04809571 0.61279297 0.20727538
v -0.06958009 0.63037109 0.22241211
v -0.08862305 0.64648438 0.24340820
v -0.08325196 0.64599609 0.23657227
v -0.07006837 0.64843750 0.22094727
v -0.04907228 0.63427734 0.20629881
v -0.02368165 0.57617188 0.19213866
v -0.02416993 0.55859375 0.18432616
v -0.02465822 0.54541016 0.17163086
v -0.02368165 0.59619141 0.19702147
v -0.02368166 0.61523438 0.19799803
v -0.02465822 0.63720703 0.19555663
v 0.00024413 0.59716797 0.19458006
v 0.00024413 0.57714844 0.18969725
v 0.00024413 0.55957031 0.18188475
v 0.00024413 0.61572266 0.19555663
v 0.00024412 0.63818359 0.19213866
v -0.02465822 0.53808594 0.16381836
v -0.02514650 0.53759766 0.16088867
v -0.02465822 0.53076172 0.15258789
v -0.02416994 0.52099609 0.13745117
v -0.02416994 0.51367188 0.12084960
v 0.00024413 0.54687500 0.16967773
v 0.00024413 0.53955078 0.16186523
v 0.00024412 0.53906250 0.15893555
v 0.00024412 0.53222656 0.15063477
v 0.00024412 0.52246094 0.13598633
v 0.00024412 0.51513672 0.11987304
v -0.11401369 0.41894531 0.09252931
v -0.11157229 0.41894531 0.06469728
v -0.10180666 0.44726562 0.09057619
v -0.10864261 0.42041016 0.03735353
v -0.09985354 0.44677734 0.06372072
v -0.09790042 0.44726562 0.03686524
v -0.08569338 0.47021484 0.08813477
v -0.08471682 0.46972656 0.06225587
v -0.08276370 0.47021484 0.03686524
v -0.06762698 0.48828125 0.08520508
v -0.04663089 0.50146484 0.08325195
v -0.06616214 0.48779297 0.06127930
v -0.04565432 0.50000000 0.06030274
v -0.10668948 0.42236328 0.01000978
v -0.09545901 0.44921875 0.01049806
v -0.10375980 0.42578125 -0.01635741
v -0.09252933 0.45214844 -0.01538085
v -0.07983401 0.47119141 0.01098633
v -0.07690433 0.47314453 -0.01440429
v -0.06469730 0.48730469 0.03637696
v -0.06274417 0.48730469 0.01147461
v -0.04467776 0.49853516 0.03637696
v -0.04272464 0.49804688 0.01147461
v -0.06030277 0.48828125 -0.01391601
v -0.04125980 0.49853516 -0.01391602
v -0.02416994 0.50927734 0.10229491
v -0.02368166 0.50683594 0.08178710
v -0.02319339 0.50537109 0.05981445
v -0.02221683 0.50390625 0.03637695
v -0.02172855 0.50341797 0.01147461
v -0.02124027 0.50341797 -0.01391602
v 0.00024411 0.50585938 0.03588867
v 0.00024411 0.50488281 0.01147460
v 0.00024410 0.50537109 -0.01440430
v 0.00024412 0.51074219 0.10180663
v 0.00024412 0.50830078 0.08178710
v 0.00024411 0.50683594 0.05932616
v -0.14282228 0.64257812 0.23510742
v -0.13549806 0.64794922 0.23315430
v -0.13305666 0.64062500 0.23217773
v -0.13012697 0.63378906 0.23706055
v -0.12573244 0.64306641 0.23217773
v -0.12719728 0.65185547 0.23217773
v -0.12768556 0.66015625 0.23657227
v -0.11694337 0.64501953 0.23315430
v -0.11791994 0.65478516 0.23315430
v -0.11840822 0.66455078 0.23657227
v -0.10913087 0.64599609 0.23510742
v -0.10961916 0.65673828 0.23461914
v -0.10229493 0.64648438 0.23754883
v -0.10278321 0.65771484 0.23657227
v -0.11010744 0.66796875 0.23803711
v -0.10278321 0.67041016 0.23950195
v -0.09594727 0.64697266 0.24096680
v -0.09594727 0.65869141 0.23950195
v -0.09594727 0.67187500 0.24194336
v -0.08911134 0.65917969 0.24194336
v -0.08911134 0.67382812 0.24340820
v -0.08325197 0.66064453 0.23461914
v -0.07006837 0.66406250 0.22143555
v -0.04907228 0.65283203 0.20678709
v -0.04907228 0.66943359 0.20874022
v -0.04858400 0.68652344 0.21362303
v -0.04711916 0.70166016 0.22192381
v -0.04467775 0.71533203 0.23315428
v -0.02514650 0.65576172 0.19604491
v -0.02514650 0.67333984 0.19897459
v -0.02465822 0.69091797 0.20532225
v -0.02416994 0.70751953 0.21557616
v 0.00024412 0.65673828 0.19311522
v 0.00024412 0.67480469 0.19604491
v 0.00024412 0.69238281 0.20288084
v 0.00024412 0.70947266 0.21362303
v -0.02319337 0.72167969 0.22875975
v 0.00024413 0.72363281 0.22729491
v -0.12866215 0.00292969 -0.22583005
v -0.14038090 0.00585938 -0.23120114
v -0.13598637 0.00585938 -0.22436520
v -0.13061528 0.00683594 -0.22143552
v -0.13793950 0.00244141 -0.24243161
v -0.14184575 0.00585938 -0.24145505
v -0.12329106 0.00390625 -0.22485349
v -0.12426762 0.00732422 -0.22143552
v -0.13647465 0.00244141 -0.25317377
v -0.14038090 0.00585938 -0.25366205
v -0.14086919 0.01269531 -0.22973630
v -0.14282231 0.01269531 -0.24096677
v -0.14086919 0.02099609 -0.23022458
v -0.14282231 0.02050781 -0.24096677
v -0.13647465 0.01318359 -0.22241208
v -0.13647465 0.02148438 -0.22241208
v -0.14233403 0.02880859 -0.24243161
v -0.14038090 0.02929688 -0.23217770
v -0.13549809 0.02978516 -0.22485349
v -0.14184575 0.01269531 -0.25415033
v -0.14233403 0.02001953 -0.25463861
v -0.14184575 0.02783203 -0.25512689
v -0.13891606 0.03710938 -0.23657224
v -0.13061528 0.01367188 -0.21899411
v -0.13061528 0.02197266 -0.21899411
v -0.12475590 0.01416016 -0.21899411
v -0.12475590 0.02197266 -0.21899411
v -0.13012700 0.03027344 -0.22192380
v -0.12866215 0.03759766 -0.22680661
v -0.13403325 0.03759766 -0.22973630
v -0.12426762 0.02978516 -0.22143552
v -0.12329106 0.03710938 -0.22631833
v -0.13598637 0.04394531 -0.24291989
v -0.11791997 0.05761719 -0.24389645
v -0.12231450 0.00683594 -0.21606442
v -0.11889653 0.00683594 -0.21069333
v -0.11352543 0.00634766 -0.20678708
v -0.10815433 0.00634766 -0.20581052
v -0.10180668 0.00634766 -0.20678708
v -0.09643559 0.00341797 -0.21411130
v -0.09545903 0.00634766 -0.21118161
v -0.09204106 0.00390625 -0.22045895
v -0.09057622 0.00634766 -0.21752927
v -0.08764653 0.00634766 -0.21704099
v -0.08325200 0.00537109 -0.21850583
v -0.07690434 0.00488281 -0.22241208
v -0.07348637 0.00195312 -0.23315427
v -0.07006840 0.00439453 -0.23120114
v -0.07055669 0.00195312 -0.24389645
v -0.06616215 0.00439453 -0.24340817
v -0.07153325 0.00195312 -0.25756833
v -0.06665044 0.00488281 -0.25854489
v -0.11938481 0.01416016 -0.20971677
v -0.12280278 0.01416016 -0.21459958
v -0.11450199 0.01416016 -0.20581052
v -0.12280278 0.02197266 -0.21459958
v -0.11938481 0.02246094 -0.21020505
v -0.11450200 0.02246094 -0.20629880
v -0.10815433 0.01367188 -0.20385739
v -0.10815434 0.02246094 -0.20483395
v -0.12231450 0.03076172 -0.21752927
v -0.11889653 0.03125000 -0.21313474
v -0.11352544 0.03173828 -0.21020505
v -0.12084965 0.03808594 -0.22241208
v -0.11743169 0.03906250 -0.21899411
v -0.11254887 0.04003906 -0.21557614
v -0.10766606 0.03173828 -0.20874020
v -0.10620122 0.04003906 -0.21459958
v -0.10131840 0.01367188 -0.20483395
v -0.09448247 0.01367188 -0.20922849
v -0.10083012 0.02246094 -0.20629880
v -0.09350590 0.02197266 -0.21020505
v -0.08959965 0.01367188 -0.21459958
v -0.08862309 0.02148438 -0.21557614
v -0.10034184 0.03125000 -0.21020505
v -0.09936528 0.03955078 -0.21606442
v -0.09301762 0.03027344 -0.21411130
v -0.09252934 0.03857422 -0.21997067
v -0.10961919 0.05810547 -0.23999020
v -0.10083012 0.05761719 -0.23852536
v -0.12475591 0.06884766 -0.26391599
v -0.10668951 0.06982422 -0.24536130
v -0.09838872 0.06933594 -0.24340817
v -0.09155278 0.05712891 -0.23950192
v -0.08666997 0.01318359 -0.21459958
v -0.08129887 0.01269531 -0.21606442
v -0.08569340 0.02148438 -0.21508786
v -0.07983403 0.02099609 -0.21655270
v -0.07446294 0.01220703 -0.22094724
v -0.07299809 0.02050781 -0.22192380
v -0.08764653 0.02929688 -0.21948239
v -0.08471684 0.02929688 -0.21899411
v -0.07934575 0.02929688 -0.22045895
v -0.07299809 0.02880859 -0.22534177
v -0.07934575 0.03710938 -0.22583005
v -0.07348637 0.03710938 -0.22973630
v -0.06713872 0.01171875 -0.23071286
v -0.06518559 0.01953125 -0.23168942
v -0.06567387 0.02783203 -0.23461911
v -0.06665044 0.03613281 -0.23754880
v -0.07446294 0.04394531 -0.23413083
v -0.07250981 0.04833984 -0.24536130
v -0.07495122 0.05468750 -0.24877927
v -0.07543951 0.06787109 -0.25219727
v -0.06860356 0.04296875 -0.24096677
v -0.06909185 0.05322266 -0.25756836
v -0.07006841 0.06689453 -0.26098633
v -0.10571294 0.09179688 -0.24682614
v -0.09497076 0.09130859 -0.24389645
v -0.09252935 0.11376953 -0.24145505
v -0.10375982 0.11425781 -0.24389645
v -0.11303716 0.11523438 -0.25170898
v -0.08227544 0.11376953 -0.24487302
v -0.10229497 0.13330077 -0.23950192
v -0.11157232 0.13525389 -0.24731442
v -0.09106451 0.13281249 -0.23657224
v -0.07495122 0.09082031 -0.25268555
v -0.07397466 0.11425781 -0.25170898
v -0.08032232 0.13281249 -0.23950192
v -0.07153326 0.13427733 -0.24731442
v -0.13647465 0.28613281 -0.15649413
v -0.12866215 0.28173828 -0.13305663
v -0.12817387 0.30712891 -0.12426756
v -0.13549809 0.31152344 -0.14916991
v -0.12524419 0.33300781 -0.11743163
v -0.13159184 0.33789062 -0.14282225
v -0.11450199 0.27734375 -0.11401365
v -0.11499027 0.30273438 -0.10375975
v -0.11352543 0.32714844 -0.09741209
v -0.12719731 0.36425781 -0.13745116
v -0.12182622 0.35791016 -0.11206053
v -0.12915044 0.22998045 -0.21411131
v -0.12768559 0.22265624 -0.19604491
v -0.13159184 0.24121092 -0.18139647
v -0.13256840 0.24755858 -0.20239256
v -0.12768559 0.25683594 -0.14526366
v -0.13500981 0.26171875 -0.16821288
v -0.12475590 0.23486328 -0.16088866
v -0.13598637 0.26708984 -0.19165038
v -0.12133794 0.21484374 -0.17846678
v -0.12573248 0.21386717 -0.22680663
v -0.12377935 0.20507811 -0.21166989
v -0.11743169 0.19677733 -0.19848630
v -0.13012701 0.27148438 -0.21411131
v -0.12768561 0.25292969 -0.22192381
v -0.12475591 0.23681639 -0.23120116
v -0.12231451 0.22167967 -0.24194334
v -0.12036138 0.18994139 -0.22631833
v -0.12231451 0.19775389 -0.24047849
v -0.11938482 0.20605467 -0.25415036
v -0.11499029 0.24267577 -0.24633788
v -0.11694341 0.25781250 -0.23901366
v -0.11791998 0.27539062 -0.23364256
v -0.11401372 0.25244141 -0.12866209
v -0.11157231 0.22998047 -0.14575194
v -0.13745122 0.29052734 -0.18286131
v -0.13647465 0.31591797 -0.17651366
v -0.13256840 0.34228516 -0.17114256
v -0.13110358 0.29443359 -0.20727538
v -0.13012701 0.31982422 -0.20239256
v -0.12719733 0.34570312 -0.19848631
v -0.12866215 0.36962891 -0.16625975
v -0.11694340 0.38525391 -0.10668944
v -0.12036137 0.39160156 -0.13256834
v -0.12231451 0.39794922 -0.16235350
v -0.12377935 0.37353516 -0.19555663
v -0.11743170 0.40087891 -0.19213866
v -0.11840826 0.29736328 -0.22875975
v -0.11743170 0.32226562 -0.22631834
v -0.11547858 0.34814453 -0.22436522
v -0.11157233 0.37500000 -0.22192381
v -0.09448246 0.25097656 -0.12231443
v -0.09399418 0.27539062 -0.10766599
v -0.07250980 0.27392578 -0.11303709
v -0.07495121 0.25195312 -0.12573241
v -0.09399419 0.22851562 -0.14038084
v -0.07690434 0.22949219 -0.14379881
v -0.09057621 0.34179688 -0.04711913
v -0.07543949 0.31835938 -0.05004881
v -0.05688480 0.30566406 -0.05249022
v -0.09936527 0.36865234 -0.04565429
v -0.10473637 0.39990234 -0.04370116
v -0.09008793 0.34765625 -0.07006834
v -0.09936527 0.37353516 -0.06811522
v -0.10375980 0.40478516 -0.06665038
v -0.07495121 0.32470703 -0.07202148
v -0.05639652 0.31347656 -0.07690429
v -0.05737309 0.30761719 -0.10131835
v -0.07885746 0.32470703 -0.08178710
v -0.06127933 0.31445312 -0.08862304
v -0.05102543 0.29150391 -0.12231444
v -0.05590824 0.27441406 -0.12866211
v -0.05932621 0.25439453 -0.13891600
v -0.04370121 0.30615234 -0.11840820
v -0.03881839 0.29931641 -0.05493163
v -0.01928714 0.29541016 -0.05737304
v -0.01928715 0.30615234 -0.08764648
v 0.00024411 0.29345703 -0.05883789
v 0.00024410 0.30419922 -0.08959961
v -0.01538090 0.31005859 -0.11547852
v -0.04565434 0.27734375 -0.15258789
v -0.04028325 0.29248047 -0.14721680
v -0.03393559 0.30517578 -0.14379883
v -0.02612309 0.31152344 -0.14233398
v -0.01293950 0.31152344 -0.14135742
v 0.00024410 0.30908203 -0.11547852
v 0.00024410 0.31103516 -0.14135742
v -0.09204106 0.18749999 -0.18530270
v -0.09301762 0.20605469 -0.16186520
v -0.10913090 0.20849609 -0.16577147
v -0.10620122 0.18994139 -0.18872067
v -0.07788090 0.20703125 -0.16577145
v -0.07885747 0.18896483 -0.18774411
v -0.10375981 0.17822264 -0.20532224
v -0.09155278 0.17626952 -0.20190427
v -0.07983403 0.17724608 -0.20385739
v -0.06323247 0.23242188 -0.15502928
v -0.06665044 0.21142577 -0.17504881
v -0.05932622 0.21923827 -0.19116209
v -0.05444340 0.23828124 -0.17407227
v -0.04956059 0.25878906 -0.16088867
v -0.06860356 0.19433592 -0.19506833
v -0.06176763 0.20214842 -0.20825192
v -0.11401372 0.18310545 -0.21411130
v -0.10229497 0.16699217 -0.21850583
v -0.11157232 0.17041014 -0.22680661
v -0.11791997 0.17578124 -0.23901364
v -0.11108404 0.15869139 -0.23657224
v -0.10180669 0.15576170 -0.22827145
v -0.09106451 0.16552733 -0.21508786
v -0.09057622 0.15429686 -0.22534177
v -0.10180669 0.14404295 -0.23510739
v -0.11108404 0.14648436 -0.24291989
v -0.11889654 0.11669922 -0.26245114
v -0.11791997 0.13769530 -0.25903317
v -0.11743169 0.15039061 -0.25512692
v -0.11743169 0.16308592 -0.24877927
v -0.09057622 0.14306639 -0.23217770
v -0.12036138 0.18261717 -0.25317380
v -0.12036138 0.15429686 -0.26928708
v -0.11987310 0.16796874 -0.26342770
v -0.07983404 0.16601561 -0.21704099
v -0.07006841 0.18115233 -0.21166989
v -0.07983404 0.15478514 -0.22729489
v -0.07055669 0.16943358 -0.22485349
v -0.07055669 0.15771483 -0.23510739
v -0.06469732 0.17480467 -0.23803708
v -0.06420904 0.18798827 -0.22436520
v -0.07983404 0.14355467 -0.23461911
v -0.07055669 0.14550780 -0.24243161
v -0.06762701 0.11523438 -0.26245117
v -0.06518560 0.13671874 -0.25854492
v -0.06420904 0.14941405 -0.25463867
v -0.06420904 0.16210936 -0.24780270
v -0.05981451 0.21142577 -0.22534178
v -0.06225591 0.19628905 -0.23950192
v -0.06274419 0.18164061 -0.25268555
v -0.06176763 0.16796874 -0.26342773
v -0.06127935 0.15332030 -0.26977539
v -0.11791998 0.19042967 -0.26684567
v -0.11352545 0.22802733 -0.25561523
v -0.11206061 0.21289061 -0.26635742
v -0.10131842 0.23242186 -0.26538086
v -0.10180670 0.24658202 -0.25708008
v -0.10229498 0.26074219 -0.25122070
v -0.06567389 0.24218749 -0.24731444
v -0.05834966 0.23583983 -0.23120116
v -0.06225592 0.22021483 -0.24243163
v -0.06811529 0.22705077 -0.25659180
v -0.05346685 0.25195312 -0.22192383
v -0.06225592 0.25683594 -0.24047850
v -0.07788092 0.23193358 -0.26586914
v -0.07641608 0.24609374 -0.25756836
v -0.07397467 0.26025391 -0.25170898
v -0.05639654 0.22753905 -0.21069336
v -0.05102544 0.24511717 -0.19750977
v -0.04516606 0.26367188 -0.18725586
v -0.04760747 0.26904297 -0.21459961
v -0.06372076 0.20507811 -0.25463867
v -0.06469733 0.18994139 -0.26733398
v -0.07006842 0.21240233 -0.26733398
v -0.05688482 0.27294922 -0.23559569
v -0.10131842 0.29882812 -0.24438475
v -0.10229498 0.27734375 -0.24780272
v -0.08764654 0.26171875 -0.25561523
v -0.08618170 0.27783203 -0.25317383
v -0.08374029 0.29980469 -0.25024414
v -0.10083014 0.32373047 -0.24389647
v -0.08081061 0.32421875 -0.25170898
v -0.07055670 0.27636719 -0.24877928
v -0.06567389 0.29833984 -0.24536131
v -0.05053717 0.29296875 -0.23120117
v -0.04321295 0.30859375 -0.22680664
v -0.10571295 0.40087891 -0.21899413
v -0.09887701 0.34960938 -0.24389647
v -0.07641608 0.34960938 -0.25317383
v -0.09545904 0.37548828 -0.24194334
v -0.09008795 0.39843750 -0.23901366
v -0.07446295 0.37451172 -0.25219727
v -0.07202154 0.39550781 -0.24926756
v -0.04028325 0.28125000 -0.17944336
v -0.03588872 0.29541016 -0.17456055
v -0.03051763 0.30761719 -0.17114258
v -0.02319341 0.31396484 -0.16918945
v -0.04174810 0.28662109 -0.20776367
v -0.03686529 0.30078125 -0.20239258
v -0.03051763 0.31250000 -0.19799805
v -0.01245122 0.31494141 -0.16870117
v 0.00024409 0.31445312 -0.16870117
v -0.02319341 0.31884766 -0.19555664
v -0.01245122 0.32031250 -0.19458008
v 0.00024409 0.32031250 -0.19409180
v -0.03393560 0.32031250 -0.22192383
v -0.02465826 0.32714844 -0.21850586
v -0.02856451 0.33984375 -0.23559570
v -0.03344733 0.35791016 -0.24682617
v -0.05395514 0.37158203 -0.25268555
v -0.03637702 0.37646484 -0.25122070
v -0.01391607 0.34326172 -0.23510742
v -0.01586920 0.36230469 -0.24633789
v -0.01782233 0.37890625 -0.25073242
v -0.01293951 0.32910156 -0.21704102
v 0.00024408 0.32910156 -0.21704102
v 0.00024408 0.34375000 -0.23510742
v 0.00024408 0.36328125 -0.24633789
v 0.00024408 0.37939453 -0.25024414
v -0.13256840 0.00292969 -0.26391596
v -0.13647465 0.00585938 -0.26586908
v -0.13012700 0.00634766 -0.27709955
v -0.12670903 0.00292969 -0.27368158
v -0.11840826 0.00292969 -0.28295892
v -0.12036138 0.00634766 -0.28735346
v -0.12133794 0.01318359 -0.29077142
v -0.12084966 0.02490234 -0.29370111
v -0.12866217 0.03906250 -0.28442380
v -0.12915044 0.05371094 -0.27172849
v -0.12573247 0.06787109 -0.27368161
v -0.12524420 0.05126953 -0.28588864
v -0.12231451 0.06640625 -0.28735349
v -0.11987310 0.03759766 -0.29663080
v -0.11791997 0.04980469 -0.29809567
v -0.11547857 0.06542969 -0.29858395
v -0.12133794 0.09228516 -0.26391599
v -0.12329107 0.09228516 -0.27612302
v -0.12036138 0.09228516 -0.28833005
v -0.10913091 0.00292969 -0.28881833
v -0.10961919 0.00585938 -0.29467770
v -0.09985357 0.00244141 -0.29077145
v -0.09887701 0.00585938 -0.29663083
v -0.09008794 0.00244141 -0.28784177
v -0.08813482 0.00537109 -0.29321286
v -0.08227544 0.00195312 -0.28100583
v -0.07543951 0.00195312 -0.27075192
v -0.07104497 0.00488281 -0.27319333
v -0.07836919 0.00537109 -0.28540036
v -0.11010747 0.01318359 -0.29858395
v -0.10913091 0.02392578 -0.30200192
v -0.09838872 0.01318359 -0.30151364
v -0.10864263 0.03662109 -0.30444333
v -0.09790044 0.02392578 -0.30541989
v -0.08618169 0.01269531 -0.29858395
v -0.08569341 0.02343750 -0.30249020
v -0.09692388 0.03613281 -0.30786130
v -0.08520513 0.03564453 -0.30493161
v -0.10766607 0.04882812 -0.30639648
v -0.10571295 0.06494141 -0.30688477
v -0.11352545 0.09179688 -0.29956055
v -0.10375983 0.09130859 -0.30786133
v -0.09643561 0.04785156 -0.30932617
v -0.09497076 0.06445312 -0.31030273
v -0.08520513 0.04785156 -0.30639648
v -0.08520514 0.06396484 -0.30737305
v -0.09301764 0.09082031 -0.31176758
v -0.08325201 0.09082031 -0.30834961
v -0.06616216 0.01220703 -0.27612302
v -0.07446294 0.01269531 -0.28979489
v -0.07348638 0.02343750 -0.29321286
v -0.06518560 0.02441406 -0.27856442
v -0.06665044 0.03710938 -0.28100583
v -0.07446294 0.03613281 -0.29565427
v -0.06665044 0.05126953 -0.26928711
v -0.06762701 0.06591797 -0.27270508
v -0.06860357 0.04931641 -0.28393555
v -0.07543951 0.04833984 -0.29760742
v -0.06958013 0.06494141 -0.28637695
v -0.06860357 0.09082031 -0.26293945
v -0.06713872 0.09033203 -0.27514648
v -0.06958013 0.09033203 -0.28784180
v -0.07592779 0.06445312 -0.29907227
v -0.07495123 0.09033203 -0.29956055
v -0.12084966 0.11816406 -0.27514645
v -0.11840826 0.11914062 -0.28784177
v -0.12036138 0.14062499 -0.27270505
v -0.11840826 0.14257811 -0.28637692
v -0.11157233 0.12011719 -0.29956055
v -0.10229498 0.12060547 -0.30883789
v -0.09106451 0.12060547 -0.31323242
v -0.11108404 0.14453124 -0.30004883
v -0.10131842 0.14599608 -0.30981445
v -0.08959967 0.14648436 -0.31469727
v -0.06518560 0.11669922 -0.27514648
v -0.06713873 0.11816406 -0.28784180
v -0.06225592 0.13916014 -0.27221680
v -0.06372076 0.14208983 -0.28735352
v -0.08032233 0.12011719 -0.30932617
v -0.07202154 0.11914062 -0.30004883
v -0.06909186 0.14404295 -0.30053711
v -0.07836920 0.14550780 -0.31030273
v -0.11840826 0.15820311 -0.28491208
v -0.11791998 0.17382811 -0.27905270
v -0.11157233 0.19775389 -0.27807617
v -0.08959967 0.16552733 -0.31567383
v -0.10131842 0.20458983 -0.28833008
v -0.08959967 0.17578124 -0.31420898
v -0.08959967 0.18603514 -0.30883789
v -0.08959967 0.19580077 -0.30200195
v -0.06372076 0.17333983 -0.27954102
v -0.06274420 0.15771483 -0.28588867
v -0.07006842 0.19775389 -0.27905273
v -0.07934576 0.20410155 -0.28784180
v -0.10131842 0.21874999 -0.27612305
v -0.08911139 0.23388670 -0.26879883
v -0.08959967 0.22021483 -0.27954102
v -0.08959967 0.20703124 -0.29125977
v -0.08862311 0.24755858 -0.26098633
v -0.07885748 0.21777342 -0.27612305
v -0.05541999 0.39306641 -0.25219727
v -0.03881842 0.39404297 -0.25268555
v -0.02026374 0.39550781 -0.25268555
v -0.10131840 0.43017578 -0.04174804
v -0.08959965 0.45605469 -0.04077148
v -0.09936527 0.43505859 -0.06469725
v -0.08764653 0.46044922 -0.06372069
v -0.07397465 0.47656250 -0.03979491
v -0.07153325 0.48095703 -0.06323242
v -0.10766606 0.41455078 -0.10375975
v -0.09790044 0.43798828 -0.08276366
v -0.09790044 0.44189453 -0.10327147
v -0.08618169 0.46386719 -0.08276366
v -0.08569340 0.46679688 -0.10424804
v -0.11010747 0.41992188 -0.12963866
v -0.09887701 0.44580078 -0.12866209
v -0.08569341 0.46972656 -0.12866209
v -0.07006840 0.48388672 -0.08374023
v -0.06958012 0.48632812 -0.10522461
v -0.04858403 0.49853516 -0.08422852
v -0.04809575 0.49951172 -0.10620117
v -0.06860357 0.48730469 -0.12915038
v -0.04711919 0.49902344 -0.12963867
v -0.02124028 0.50390625 -0.03930664
v -0.02319340 0.50488281 -0.06274415
v 0.00024410 0.50585938 -0.03930664
v -0.02270512 0.50585938 -0.08471680
v -0.02319341 0.50634766 -0.10668946
v -0.02270513 0.50585938 -0.13012695
v 0.00024410 0.50683594 -0.06274415
v 0.00024409 0.50781250 -0.08520509
v 0.00024409 0.50830078 -0.10717774
v 0.00024409 0.50830078 -0.13012695
v -0.11157232 0.42480469 -0.15893553
v -0.09936529 0.44873047 -0.15698241
v -0.10766608 0.42626953 -0.18872069
v -0.09497076 0.44824219 -0.18530272
v -0.08422857 0.47021484 -0.15551756
v -0.07983404 0.46679688 -0.18237303
v -0.09741217 0.42431641 -0.21508788
v -0.08666998 0.44384766 -0.21069334
v -0.07299811 0.46093750 -0.20678709
v -0.06665044 0.48583984 -0.15502928
v -0.06274420 0.48095703 -0.17993163
v -0.04614263 0.49658203 -0.15454102
v -0.04370123 0.49169922 -0.17846680
v -0.05786139 0.47460938 -0.20288084
v -0.04077154 0.48486328 -0.20043945
v -0.08374029 0.41894531 -0.23608397
v -0.07495123 0.43652344 -0.23217772
v -0.06420904 0.45214844 -0.22729491
v -0.05151374 0.46533203 -0.22290039
v -0.04321295 0.45117188 -0.23901367
v -0.02270513 0.50390625 -0.15405273
v -0.02221685 0.49902344 -0.17749023
v -0.02075201 0.49218750 -0.19848633
v 0.00024408 0.49511719 -0.19750977
v 0.00024408 0.50195312 -0.17700195
v 0.00024409 0.50634766 -0.15405273
v -0.03686530 0.42871094 -0.24975586
v -0.02416999 0.41113281 -0.25317383
v -0.03247077 0.44775391 -0.24731445
v -0.02856452 0.43212891 -0.25170898
v -0.01635749 0.42138672 -0.25415039
v -0.03637702 0.47656250 -0.21850586
v -0.01879889 0.48437500 -0.21508789
v -0.03149420 0.46777344 -0.23168945
v -0.01635749 0.47802734 -0.22729492
v -0.02661139 0.46191406 -0.24291992
v -0.01440436 0.47314453 -0.23950195
v -0.02416999 0.43359375 -0.26000977
v -0.02807624 0.44677734 -0.25805664
v -0.02416999 0.46044922 -0.25610352
v 0.00024408 0.48779297 -0.21411133
v 0.00024408 0.48193359 -0.22583008
v -0.01342780 0.47119141 -0.25463867
v 0.00024408 0.47802734 -0.23852539
v 0.00024407 0.47558594 -0.25366211
v 0.00024408 0.39599609 -0.25268555
v 0.00024408 0.41162109 -0.25366211
v 0.00024408 0.41650391 -0.25463867
v -0.01342780 0.42382812 -0.26098633
v 0.00024407 0.41992188 -0.26147461
v -0.01342780 0.42382812 -0.27563477
v -0.02416999 0.43359375 -0.27465820
v -0.02856452 0.44677734 -0.27368164
v -0.01391609 0.42285156 -0.29516602
v -0.02514656 0.43310547 -0.29467773
v -0.02954109 0.44628906 -0.29321289
v 0.00024407 0.41992188 -0.27612305
v 0.00024407 0.41894531 -0.29565430
v -0.01440437 0.42285156 -0.31665039
v -0.02514656 0.43310547 -0.31567383
v -0.02954109 0.44628906 -0.31469727
v 0.00024407 0.41845703 -0.31713867
v -0.02416999 0.45996094 -0.27221680
v -0.01342780 0.47021484 -0.27124023
v -0.02514656 0.45947266 -0.29223633
v -0.01391609 0.47021484 -0.29125977
v 0.00024407 0.47460938 -0.27075195
v 0.00024407 0.47460938 -0.29077148
v -0.02514656 0.45996094 -0.31323242
v -0.01440437 0.47070312 -0.31225586
v 0.00024407 0.47509766 -0.31176758
v -0.02514656 0.46142578 -0.33471680
v -0.01440437 0.47216797 -0.33325195
v 0.00024406 0.47656250 -0.33276367
v -0.02514656 0.43359375 -0.33764648
v -0.01440437 0.42333984 -0.33911133
v -0.02954109 0.44775391 -0.33618164
v -0.01489266 0.42480469 -0.36206055
v -0.02612313 0.43603516 -0.36059570
v -0.03051766 0.45019531 -0.35815430
v 0.00024406 0.41894531 -0.33959961
v 0.00024406 0.42041016 -0.36303711
v -0.01538094 0.42773435 -0.38549805
v -0.02709969 0.43896481 -0.38354492
v -0.03149422 0.45410156 -0.38012695
v 0.00024406 0.42333981 -0.38647461
v -0.02612313 0.46484375 -0.35571289
v -0.01489266 0.47558594 -0.35424805
v 0.00024406 0.48046875 -0.35327148
v -0.02709969 0.46875000 -0.37670898
v -0.01538094 0.48046875 -0.37426758
v 0.00024406 0.48486328 -0.37329102
v -0.02758798 0.47412109 -0.39672852
v -0.01538095 0.48535156 -0.39282227
v 0.00024405 0.49023438 -0.39135742
v -0.01538095 0.43310544 -0.40942383
v -0.02758798 0.44433594 -0.40600586
v -0.03198251 0.45898438 -0.40161133
v 0.00024405 0.42871091 -0.41088867
v -0.02758798 0.45214841 -0.42797852
v -0.01538095 0.44189450 -0.43237305
v 0.00024405 0.43749997 -0.43432617
v -0.03198251 0.46582031 -0.42163086
v -0.02758798 0.47998047 -0.41528320
v -0.02661142 0.48828122 -0.43237305
v -0.03149423 0.47607419 -0.43969727
v -0.02661142 0.46337888 -0.44750977
v -0.01538095 0.49121094 -0.40991211
v 0.00024405 0.49609375 -0.40795898
v -0.01538095 0.45410153 -0.45288086
v 0.00024405 0.45068356 -0.45483398
v -0.01538095 0.49853516 -0.42602539
v -0.03002939 0.48828122 -0.45581055
v -0.02563486 0.49902341 -0.44750977
v -0.01440439 0.50830078 -0.44067383
v 0.00024405 0.50292969 -0.42358398
v 0.00024405 0.51171875 -0.43823242
v -0.02563486 0.47753903 -0.46362305
v -0.01440439 0.46923825 -0.46948242
v 0.00024405 0.46630856 -0.47192383
v -0.02758799 0.50195312 -0.46850586
v -0.02368174 0.51171875 -0.46020508
v -0.01342783 0.51953125 -0.45385742
v -0.02368174 0.49267575 -0.47680664
v -0.01342783 0.48583981 -0.48266602
v -0.02514658 0.51562500 -0.47827148
v -0.02124033 0.50830078 -0.48608398
v 0.00024404 0.48291013 -0.48510742
v -0.01196299 0.50292969 -0.49194336
v 0.00024404 0.50048828 -0.49389648
v -0.01782237 0.52539062 -0.49194336
v -0.01000987 0.52148438 -0.49731445
v 0.00024404 0.52001953 -0.49975586
v 0.00024405 0.52294922 -0.45092773
v 0.00024404 0.53808594 -0.46362305
v -0.01538096 0.54638672 -0.48022461
v -0.00903330 0.54980469 -0.47436523
v 0.00024404 0.55126953 -0.47241211
v -0.02124033 0.53076172 -0.48461914
v -0.01782237 0.54296875 -0.48706055
v -0.01489268 0.53955078 -0.49389648
v -0.00805674 0.53759766 -0.49829102
v 0.00024404 0.53662109 -0.49975586
v -0.01245127 0.55273438 -0.48217773
v -0.01391612 0.55078125 -0.48803711
v -0.00708018 0.55566406 -0.47827148
v 0.00024404 0.55664062 -0.47729492
v -0.00463877 0.55859375 -0.48266602
v -0.00903330 0.55664062 -0.48315430
v -0.00952159 0.55566406 -0.48803711
v -0.00463877 0.55859375 -0.48803711
v 0.00024404 0.55957031 -0.48266602
v 0.00024404 0.55908203 -0.48803711
v 0.00024404 0.54833984 -0.49731445
v 0.00024404 0.55566406 -0.49291992
v 0.05883792 0.01806641 0.29858401
v 0.05444338 0.01708984 0.28979495
v 0.05590823 0.00976562 0.28881839
v 0.06079104 0.01025391 0.29663089
v 0.05834964 0.02636719 0.29809573
v 0.05395510 0.02539062 0.28930667
v 0.06518557 0.01074219 0.30102542
v 0.06420901 0.01855469 0.30297855
v 0.06372073 0.02685547 0.30249026
v 0.05493166 0.03369141 0.28735355
v 0.05883791 0.03466797 0.29565433
v 0.06372073 0.03515625 0.29956058
v 0.05346682 0.00927734 0.27612308
v 0.05200198 0.01660156 0.27661136
v 0.05200198 0.02441406 0.27612308
v 0.05932619 0.00634766 0.28686526
v 0.06323244 0.00634766 0.29370120
v 0.05737307 0.00634766 0.27563480
v 0.05200198 0.03271484 0.27514651
v 0.05639651 0.04199219 0.28344727
v 0.05346682 0.04101562 0.27319336
v 0.05590822 0.04687500 0.27075195
v 0.05493166 0.00927734 0.26049808
v 0.05883791 0.00634766 0.26147464
v 0.05932619 0.00878906 0.24340820
v 0.06323244 0.00585938 0.24584961
v 0.06469729 0.06152344 0.26684570
v 0.06518556 0.06835938 0.26196289
v 0.08129886 0.01220703 0.31274417
v 0.08618167 0.01220703 0.31469730
v 0.08618167 0.02050781 0.31713870
v 0.08081058 0.02050781 0.31518558
v 0.07592776 0.01220703 0.30834964
v 0.07543948 0.02001953 0.31079105
v 0.09057620 0.01220703 0.31420901
v 0.09057620 0.02050781 0.31665042
v 0.09350589 0.02050781 0.31469730
v 0.09301761 0.01220703 0.31225589
v 0.09301761 0.00878906 0.30834964
v 0.08618167 0.02978516 0.31616214
v 0.08081058 0.02929688 0.31469730
v 0.07543948 0.02880859 0.31030276
v 0.07543948 0.03759766 0.30688480
v 0.08081057 0.03906250 0.31079102
v 0.08618166 0.03955078 0.31225586
v 0.09106448 0.02978516 0.31518558
v 0.09350589 0.02929688 0.31372073
v 0.09545901 0.01220703 0.31469730
v 0.09594730 0.02050781 0.31665042
v 0.09643558 0.02978516 0.31567386
v 0.09106448 0.03906250 0.31127930
v 0.09399416 0.03857422 0.30981445
v 0.09643557 0.03955078 0.31176758
v 0.10034183 0.02050781 0.31762698
v 0.09985355 0.01171875 0.31616214
v 0.10473636 0.01171875 0.31469730
v 0.10522464 0.02050781 0.31665042
v 0.11059573 0.02001953 0.31323245
v 0.11010745 0.01220703 0.31127933
v 0.10034183 0.03027344 0.31665042
v 0.10571292 0.02978516 0.31567386
v 0.10083010 0.04003906 0.31274414
v 0.10571291 0.04003906 0.31176758
v 0.11059573 0.02929688 0.31225589
v 0.11059573 0.03906250 0.30834961
v 0.11401370 0.01220703 0.30590820
v 0.11499026 0.02001953 0.30786133
v 0.11499026 0.02880859 0.30786133
v 0.06811526 0.01904297 0.30444339
v 0.06909182 0.01123047 0.30249026
v 0.07299807 0.00830078 0.29956058
v 0.07202151 0.01171875 0.30200198
v 0.07153323 0.01953125 0.30395511
v 0.06811526 0.02685547 0.30395511
v 0.07153323 0.02734375 0.30395511
v 0.06811526 0.03515625 0.30102542
v 0.07104494 0.03515625 0.30102542
v 0.07592776 0.04541016 0.30053711
v 0.07641604 0.06494141 0.27514648
v 0.09057619 0.06640625 0.27709961
v 0.10815432 0.05419922 0.29321289
v 0.07055666 0.00537109 0.23168945
v 0.07641604 0.07177734 0.27075195
v 0.08911135 0.07324219 0.27319336
v 0.11450198 0.00830078 0.29760742
v 0.11596682 0.01269531 0.30102539
v 0.11694338 0.02001953 0.30297852
v 0.11987307 0.01220703 0.30102539
v 0.12084963 0.01953125 0.30346680
v 0.12426760 0.01123047 0.29956055
v 0.12622073 0.01904297 0.30151367
v 0.12622073 0.00634766 0.29125977
v 0.12915042 0.01074219 0.29370117
v 0.13061526 0.01855469 0.29516602
v 0.11694338 0.02832031 0.30346680
v 0.11450198 0.03808594 0.30444333
v 0.11645510 0.03662109 0.30053711
v 0.12133791 0.02832031 0.30395508
v 0.12084963 0.03710938 0.30053711
v 0.12670901 0.02783203 0.30151367
v 0.12622073 0.03710938 0.29809570
v 0.12963870 0.00634766 0.28295898
v 0.11010744 0.04736328 0.30249023
v 0.12426760 0.04492188 0.29223630
v 0.13061526 0.03613281 0.29174805
v 0.12817386 0.04394531 0.28637692
v 0.12963869 0.00634766 0.27075195
v 0.12524416 0.00634766 0.25708008
v 0.11889650 0.00585938 0.24243164
v 0.10278323 0.07177734 0.26879883
v 0.11401369 0.06835938 0.25756833
v 0.06518556 0.07763672 0.25805664
v 0.07592775 0.08007812 0.26684570
v 0.08813478 0.08154297 0.26977539
v 0.06518556 0.08789062 0.25610352
v 0.07495119 0.08886719 0.26440430
v 0.08764650 0.08935547 0.26684570
v 0.05834962 0.07324219 0.24487305
v 0.05883791 0.08642578 0.24291992
v 0.07446291 0.09912109 0.26293945
v 0.06518556 0.09863281 0.25463867
v 0.05883791 0.09814453 0.24194336
v 0.08666994 0.09912109 0.26538086
v 0.10131837 0.08056641 0.26538086
v 0.09985353 0.08886719 0.26245117
v 0.09936525 0.09912109 0.26098633
v 0.07446291 0.11279297 0.26196289
v 0.06469728 0.11230469 0.25415039
v 0.05834962 0.11230469 0.24096680
v 0.07446291 0.14746095 0.26245117
v 0.06420900 0.14746095 0.25463867
v 0.05688478 0.14697267 0.24096680
v 0.08666994 0.11279297 0.26440430
v 0.08666994 0.14794923 0.26440430
v 0.09936525 0.11279297 0.26000977
v 0.09936525 0.14794923 0.25952148
v 0.11157228 0.07763672 0.25415039
v 0.10961916 0.08789062 0.25170898
v 0.10913087 0.09912109 0.25024414
v 0.11645509 0.07324219 0.23901367
v 0.11450197 0.08593750 0.23559570
v 0.11352541 0.09863281 0.23413086
v 0.10864259 0.11279297 0.24926758
v 0.10961916 0.14794923 0.24829102
v 0.11352541 0.11279297 0.23315430
v 0.13110355 0.02734375 0.29467773
v 0.13256839 0.01025391 0.28393555
v 0.13305667 0.01757812 0.28442383
v 0.13354495 0.02636719 0.28393555
v 0.13256837 0.00976562 0.27075195
v 0.13354494 0.01708984 0.27075195
v 0.13354494 0.02490234 0.27026367
v 0.13305666 0.03466797 0.28198242
v 0.13305666 0.03271484 0.26879883
v 0.13110353 0.04199219 0.27709958
v 0.13159181 0.03955078 0.26538083
v 0.12866212 0.00976562 0.25561523
v 0.12231447 0.00976562 0.23950195
v 0.06079103 0.20654298 0.25805664
v 0.06274416 0.17724611 0.25561523
v 0.07348634 0.17773439 0.26391602
v 0.07250978 0.20703126 0.26684570
v 0.07104494 0.23681642 0.27075195
v 0.05786134 0.23583986 0.26196289
v 0.05493165 0.17724611 0.24145509
v 0.05200196 0.20605470 0.24291994
v 0.04858399 0.23535158 0.24682617
v 0.07006837 0.25439453 0.27514648
v 0.05688478 0.25341797 0.26489258
v 0.04760743 0.25097656 0.24829102
v 0.06909181 0.26757812 0.27807617
v 0.05493165 0.26660156 0.26782227
v 0.04467774 0.25976562 0.24926758
v 0.08666994 0.17773439 0.26635742
v 0.10034181 0.17822267 0.26049805
v 0.08618166 0.20800783 0.26928711
v 0.10131837 0.20849611 0.26342773
v 0.11206056 0.17871095 0.24780273
v 0.11401368 0.20898439 0.24926756
v 0.08569337 0.23779298 0.27368164
v 0.10131837 0.23828126 0.26684570
v 0.08520509 0.25537109 0.27807617
v 0.10083009 0.25683597 0.27075195
v 0.11450196 0.23925783 0.25170895
v 0.11547852 0.25830078 0.25415036
v 0.12036134 0.20947267 0.23022459
v 0.12133790 0.23974611 0.23071288
v 0.12329102 0.25927734 0.23168944
v 0.02172853 0.33837891 0.32202148
v 0.02270509 0.36279300 0.32934570
v 0.02075197 0.31542969 0.30981445
v 0.04321291 0.36328128 0.32543945
v 0.03979494 0.33935547 0.31713867
v 0.03588868 0.31689453 0.30444336
v 0.02319337 0.38671878 0.33422852
v 0.04516603 0.38720706 0.32934570
v 0.05297853 0.34033206 0.31225586
v 0.04663087 0.31835940 0.30004883
v 0.05737306 0.34082034 0.31225586
v 0.06469728 0.36425784 0.31958008
v 0.07250978 0.38867190 0.32006836
v 0.01977540 0.29638672 0.29321289
v 0.01831056 0.28027344 0.27319336
v 0.03247071 0.29882812 0.28833008
v 0.03051759 0.28369141 0.27026367
v 0.01782227 0.26757812 0.25073242
v 0.01831055 0.26025391 0.22387695
v 0.03002930 0.27099609 0.24926758
v 0.04174806 0.30078125 0.28491211
v 0.03833009 0.28564453 0.26782227
v 0.03686524 0.27294922 0.24877930
v 0.03149414 0.26318359 0.22338867
v 0.04125978 0.28515625 0.26879883
v 0.04467775 0.30078125 0.28540039
v 0.05053712 0.31884769 0.30053711
v 0.05053712 0.28222656 0.27514648
v 0.05541993 0.29980469 0.29272461
v 0.06811525 0.28222656 0.28540039
v 0.06713869 0.30029297 0.29711914
v 0.04223634 0.26660156 0.24975586
v 0.03930665 0.27148438 0.24926758
v 0.07543947 0.36718753 0.32055664
v 0.08862306 0.34667972 0.31420898
v 0.08862306 0.37109378 0.31713867
v 0.08764650 0.32324222 0.30639648
v 0.10766602 0.32666016 0.29321289
v 0.10961915 0.35107425 0.29956055
v 0.10717774 0.37792972 0.30493164
v 0.07934572 0.38671878 0.31909180
v 0.08666993 0.39453128 0.31567383
v 0.10229493 0.40234378 0.30590820
v 0.08666994 0.30175784 0.29711914
v 0.08520509 0.28320312 0.28686523
v 0.08520509 0.26855469 0.28100586
v 0.10522462 0.30371097 0.28637695
v 0.10229493 0.28417972 0.27856445
v 0.10131837 0.26953128 0.27319336
v 0.11547852 0.28564456 0.26049802
v 0.11840821 0.30517581 0.26684567
v 0.12231446 0.32910156 0.27270505
v 0.11596680 0.27099612 0.25659177
v 0.12426759 0.27246094 0.23266600
v 0.12475587 0.28710938 0.23413084
v 0.12817383 0.30761719 0.23852538
v 0.13110352 0.33154300 0.24389647
v 0.12377930 0.35498050 0.27807614
v 0.12280274 0.38427737 0.28393552
v 0.11743165 0.41113281 0.28735349
v 0.13256836 0.35839847 0.24975584
v 0.13208008 0.38964847 0.25659177
v 0.10083009 0.00585938 0.22290039
v 0.11059572 0.00537109 0.23022461
v 0.06518556 0.01562500 0.22387695
v 0.06713869 0.00878906 0.22778320
v 0.06469728 0.02539062 0.22094727
v 0.06420900 0.03515625 0.21850586
v 0.06420900 0.04833984 0.21655273
v 0.05737306 0.06884766 0.22875977
v 0.06323244 0.06494141 0.21313477
v 0.05737306 0.08447266 0.22631836
v 0.05737306 0.09814453 0.22534180
v 0.06225587 0.08349609 0.21020508
v 0.06176759 0.09765625 0.20922852
v 0.05688478 0.11230469 0.22436523
v 0.05541993 0.14697267 0.22290041
v 0.06176759 0.11230469 0.20727539
v 0.06079102 0.14746095 0.20336914
v 0.07446290 0.06298828 0.20141602
v 0.07250977 0.11230469 0.19409180
v 0.07202149 0.14746095 0.18774414
v 0.08032228 0.00585938 0.22387695
v 0.07836916 0.00927734 0.21850586
v 0.07690431 0.01562500 0.21313477
v 0.07641603 0.02441406 0.20922852
v 0.07592775 0.03369141 0.20727539
v 0.09057619 0.00634766 0.22094727
v 0.09008791 0.00927734 0.21508789
v 0.10180666 0.00927734 0.21704102
v 0.08959962 0.01562500 0.20922852
v 0.08911134 0.02441406 0.20532227
v 0.08911134 0.03320312 0.20336914
v 0.07543947 0.04589844 0.20532227
v 0.08862305 0.04492188 0.20092773
v 0.10278322 0.01562500 0.21166992
v 0.10278322 0.02490234 0.20825195
v 0.10229494 0.03417969 0.20581055
v 0.10131837 0.04589844 0.20336914
v 0.08813477 0.06201172 0.19653320
v 0.10083009 0.06298828 0.19897461
v 0.11303712 0.00927734 0.22583008
v 0.11499025 0.01611328 0.22192383
v 0.11547853 0.02636719 0.21899414
v 0.11499025 0.03613281 0.21655273
v 0.11645509 0.06933594 0.22290039
v 0.11352541 0.04882812 0.21362305
v 0.11157228 0.06542969 0.20922852
v 0.11401369 0.08447266 0.21899414
v 0.10083009 0.09765625 0.19213867
v 0.08666993 0.11230469 0.18823242
v 0.08618165 0.14794923 0.18188477
v 0.09985352 0.11279297 0.19165039
v 0.09936524 0.14794923 0.18627930
v 0.11352540 0.09814453 0.21752930
v 0.11010743 0.09814453 0.20336914
v 0.11499024 0.14843751 0.23120117
v 0.11303712 0.11279297 0.21606445
v 0.11450196 0.14843751 0.21362305
v 0.10913087 0.11279297 0.20190430
v 0.10961915 0.14843751 0.19799805
v 0.05297852 0.17724611 0.22192384
v 0.05834961 0.17724611 0.20043945
v 0.05004884 0.20605470 0.22192384
v 0.05590821 0.20654298 0.19799806
v 0.07055664 0.17773439 0.18334961
v 0.06811523 0.20703126 0.17993164
v 0.04809571 0.23535158 0.22338867
v 0.05395508 0.23583986 0.19799805
v 0.04565430 0.24902345 0.22387695
v 0.05151367 0.24951173 0.19702148
v 0.04370118 0.25488281 0.22387695
v 0.05102539 0.25585938 0.19702148
v 0.06274414 0.26464844 0.17163084
v 0.01977539 0.25634766 0.19458008
v 0.02124023 0.25439453 0.16430664
v 0.02172851 0.25390625 0.13208008
v 0.02221679 0.25585938 0.10034180
v 0.08520508 0.17822267 0.17700195
v 0.11791993 0.17871095 0.23022461
v 0.11743165 0.17919923 0.21166992
v 0.11938477 0.20947267 0.21020506
v 0.11108399 0.17871095 0.19409180
v 0.09936523 0.17871095 0.18090820
v 0.11206055 0.20947267 0.19116209
v 0.09887695 0.20898439 0.17651366
v 0.12036133 0.23974611 0.20825194
v 0.12231445 0.26025391 0.20727538
v 0.11206055 0.23974611 0.18579100
v 0.11352539 0.26171875 0.18286131
v 0.08374023 0.20800783 0.17260742
v 0.03881836 0.26416016 0.22290039
v 0.03588867 0.26074219 0.19506836
v 0.04614258 0.26220703 0.19555664
v 0.06176757 0.26953125 0.17211913
v 0.04467773 0.26171875 0.13159180
v 0.04467772 0.26318359 0.10034180
v 0.07739257 0.28759766 0.15893553
v 0.06762694 0.27441406 0.09936523
v 0.12377930 0.27392578 0.20678709
v 0.12475586 0.28857422 0.20776366
v 0.12866211 0.30859375 0.21020506
v 0.11499023 0.27490234 0.18237303
v 0.11645508 0.28955078 0.18286131
v 0.12133789 0.30957031 0.18481444
v 0.09252929 0.30712891 0.15698241
v 0.09692382 0.30810547 0.16186522
v 0.11010741 0.30859375 0.16772459
v 0.10961913 0.33154297 0.16137694
v 0.10717773 0.33056641 0.15600584
v 0.10766601 0.32666016 0.14331053
v 0.08862303 0.29394531 0.09790038
v 0.10766600 0.32275391 0.12280272
v 0.11889648 0.33251953 0.16870116
v 0.12768555 0.33300781 0.18676756
v 0.13256836 0.33300784 0.21411131
v 0.11743163 0.35791016 0.15600584
v 0.11938476 0.35839844 0.16137694
v 0.12524414 0.35937500 0.17016600
v 0.13208008 0.36035156 0.19018553
v 0.12719725 0.39160156 0.17163084
v 0.11743163 0.35644531 0.14233397
v 0.11840819 0.35449219 0.12084959
v 0.12036131 0.38916016 0.14233397
v 0.11987303 0.38769531 0.11938475
v 0.02172850 0.25927734 0.06909180
v 0.04418944 0.26611328 0.06860352
v 0.02124021 0.26464844 0.03735352
v 0.04321287 0.27099609 0.03735351
v 0.06665038 0.27734375 0.06860352
v 0.06420896 0.28173828 0.03784179
v 0.02075193 0.27148438 0.00610352
v 0.04174802 0.27734375 0.00659180
v 0.02026364 0.28173828 -0.02514648
v 0.04028317 0.28662109 -0.02416992
v 0.06274412 0.28710938 0.00708007
v 0.05981442 0.29443359 -0.02319336
v 0.08666991 0.29589844 0.06811522
v 0.10668944 0.32128906 0.09643553
v 0.10375975 0.32226562 0.06762694
v 0.08374021 0.29980469 0.03784179
v 0.09985349 0.32519531 0.03784179
v 0.11743163 0.35351562 0.09545897
v 0.11450193 0.35351562 0.06665038
v 0.11840819 0.38720703 0.09399413
v 0.11547849 0.38720703 0.06616209
v 0.11108396 0.35498047 0.03735350
v 0.11254881 0.38867188 0.03735350
v 0.08129881 0.30419922 0.00756835
v 0.09692380 0.32910156 0.00805663
v 0.07885739 0.31005859 -0.02172852
v 0.09399411 0.33447266 -0.02026368
v 0.10766599 0.35839844 0.00854491
v 0.10961911 0.39160156 0.00952147
v 0.10327145 0.36328125 -0.01879884
v 0.10717770 0.39501953 -0.01733400
v 0.13500977 0.36035156 0.21850584
v 0.13500977 0.39306644 0.22436522
v 0.13208008 0.39355469 0.19409178
v 0.00854495 0.55517578 0.47338867
v 0.01782229 0.55371094 0.47290039
v 0.01538088 0.54687500 0.46850586
v 0.01147463 0.54443359 0.46313477
v 0.00903323 0.56298828 0.47729492
v 0.00854495 0.57080078 0.47973633
v 0.01831057 0.56250000 0.47680664
v 0.02661135 0.55175781 0.47143555
v 0.02807620 0.56201172 0.47485352
v 0.02270510 0.54345703 0.46606445
v 0.03588869 0.55029297 0.46801758
v 0.03784182 0.56201172 0.47192383
v 0.03833010 0.57324219 0.47436523
v 0.01147463 0.52441406 0.44653320
v 0.00952151 0.52978516 0.45239258
v 0.01293947 0.52099609 0.43872070
v 0.01440432 0.51757812 0.42749023
v 0.01879885 0.53125000 0.44946289
v 0.02172854 0.52685547 0.44458008
v 0.02465822 0.52343750 0.43725586
v 0.02807619 0.52050781 0.42651367
v 0.02563479 0.52978516 0.44213867
v 0.02270510 0.53466797 0.43774414
v 0.02563479 0.52929688 0.44262695
v 0.02758791 0.52832031 0.44409180
v 0.02416994 0.53173828 0.44897461
v 0.01977541 0.53613281 0.45336914
v 0.02856447 0.52636719 0.43579102
v 0.02856447 0.52587891 0.43579102
v 0.02563479 0.53222656 0.43188477
v 0.03295901 0.52880859 0.44653320
v 0.04077151 0.53271484 0.44995117
v 0.03100588 0.52539062 0.43676758
v 0.03686526 0.52587891 0.43823242
v 0.00170901 0.54931641 0.46166992
v 0.00415041 0.54736328 0.46069336
v 0.00268557 0.55029297 0.46313477
v 0.00561526 0.54785156 0.46215820
v 0.00219729 0.55078125 0.46166992
v 0.00952151 0.54443359 0.46020508
v 0.01440432 0.54052734 0.45727539
v 0.01684573 0.54003906 0.46069336
v 0.01000979 0.55419922 0.44702148
v 0.01049807 0.55517578 0.44995117
v 0.01635744 0.56591797 0.44262695
v 0.01586916 0.56250000 0.43969727
v 0.01928713 0.56835938 0.42309570
v 0.04467776 0.54980469 0.46362305
v 0.02026369 0.57470703 0.42407227
v 0.04760744 0.56250000 0.46704102
v 0.04858401 0.57519531 0.46997070
v 0.04809573 0.54003906 0.45336914
v 0.04663088 0.53125000 0.44165039
v 0.03442385 0.52294922 0.42651367
v 0.04077150 0.52392578 0.42797852
v 0.05151369 0.53027344 0.43090820
v 0.05493166 0.53955078 0.44506836
v 0.05981447 0.53955078 0.43432617
v 0.05249026 0.54980469 0.45678711
v 0.05639651 0.56347656 0.46069336
v 0.06030276 0.55029297 0.44848633
v 0.06372073 0.56445312 0.45190430
v 0.05737307 0.57763672 0.46362305
v 0.06420901 0.57958984 0.45483398
v 0.06518557 0.55078125 0.43774414
v 0.06811526 0.56591797 0.44116211
v 0.00708010 0.58105469 0.48706055
v 0.00659182 0.58447266 0.49047852
v 0.00708010 0.57958984 0.48413086
v 0.01293948 0.58691406 0.48950195
v 0.01342776 0.58398438 0.48657227
v 0.01391604 0.58203125 0.48364258
v 0.00659182 0.58886719 0.49340820
v 0.00610354 0.59423828 0.49584961
v 0.01196292 0.59521484 0.49487305
v 0.01245120 0.59082031 0.49243164
v 0.00610354 0.59912109 0.49829102
v 0.01196292 0.59960938 0.49682617
v 0.01684573 0.59667969 0.49389648
v 0.01782229 0.59326172 0.49145508
v 0.01879885 0.59033203 0.48852539
v 0.01684573 0.60009766 0.49536133
v 0.01928713 0.58789062 0.48559570
v 0.01977541 0.58642578 0.48266602
v 0.00805666 0.57617188 0.48120117
v 0.00756838 0.57861328 0.48168945
v 0.01391604 0.58154297 0.48120117
v 0.01977541 0.58593750 0.48022461
v 0.02172854 0.59619141 0.49047852
v 0.01977542 0.59765625 0.49243164
v 0.02075198 0.60058594 0.49291992
v 0.02319338 0.59472656 0.48754883
v 0.02416995 0.59326172 0.48461914
v 0.02465823 0.59179688 0.48120117
v 0.02368166 0.60009766 0.48950195
v 0.02612307 0.59912109 0.48657227
v 0.02709963 0.59814453 0.48266602
v 0.02758791 0.59716797 0.47924805
v 0.02807620 0.58886719 0.47827148
v 0.02465823 0.59130859 0.47875977
v 0.02758791 0.59667969 0.47631836
v 0.03198244 0.59521484 0.47583008
v 0.02905276 0.60302734 0.48120117
v 0.02954104 0.60253906 0.47729492
v 0.02905276 0.60205078 0.47387695
v 0.00610354 0.60400391 0.49926758
v 0.00610354 0.60791016 0.49975586
v 0.01196292 0.60400391 0.49829102
v 0.01196292 0.60791016 0.49829102
v 0.00610354 0.61083984 0.49829102
v 0.00610354 0.61328125 0.49438477
v 0.01196292 0.61035156 0.49682617
v 0.01245120 0.61328125 0.49340820
v 0.01733401 0.60400391 0.49584961
v 0.01733401 0.60742188 0.49584961
v 0.01684573 0.61035156 0.49487305
v 0.00659182 0.61572266 0.48754883
v 0.01342776 0.61523438 0.48706055
v 0.00708010 0.61767578 0.48022461
v 0.01391604 0.61718750 0.47973633
v 0.00708010 0.61816406 0.47534180
v 0.01440432 0.61718750 0.47485352
v 0.00708010 0.61767578 0.47387695
v 0.00854494 0.61962891 0.46850586
v 0.01440432 0.61669922 0.47338867
v 0.02124026 0.61572266 0.47436523
v 0.02075198 0.61523438 0.47290039
v 0.02172854 0.60400391 0.49291992
v 0.02172854 0.60742188 0.49243164
v 0.02514651 0.60400391 0.48950195
v 0.02514651 0.60742188 0.48901367
v 0.02124026 0.60986328 0.49194336
v 0.02416995 0.61035156 0.48803711
v 0.02661135 0.61035156 0.48364258
v 0.02758791 0.60351562 0.48559570
v 0.02758791 0.60742188 0.48461914
v 0.02905276 0.60742188 0.48022461
v 0.02807619 0.61083984 0.47924805
v 0.02954104 0.60693359 0.47583008
v 0.02905276 0.60644531 0.47241211
v 0.02856448 0.61035156 0.47485352
v 0.02563479 0.61328125 0.47436523
v 0.02807619 0.61035156 0.47192383
v 0.02514651 0.61328125 0.47241211
v 0.01049807 0.62304688 0.46069336
v 0.01147463 0.62695312 0.45385742
v 0.01245119 0.63183594 0.44506836
v 0.02416994 0.62451172 0.45385742
v 0.02563478 0.62939453 0.44555664
v 0.03588869 0.61962891 0.45434570
v 0.03930666 0.62402344 0.44555664
v 0.05493166 0.58984375 0.46459961
v 0.04956057 0.60107422 0.46411133
v 0.06127932 0.59277344 0.45581055
v 0.05590822 0.60449219 0.45629883
v 0.05981447 0.60742188 0.44653320
v 0.06567385 0.59521484 0.44555664
v 0.06860354 0.58154297 0.44409180
v 0.04711916 0.61328125 0.45532227
v 0.05151369 0.61767578 0.44653320
v 0.04077150 0.62890625 0.43481445
v 0.02709963 0.63476562 0.43530273
v 0.06274416 0.60986328 0.43383789
v 0.06860353 0.59667969 0.43286133
v 0.01684572 0.51562500 0.41333008
v 0.03198244 0.51904297 0.41333008
v 0.01879884 0.51562500 0.39770508
v 0.03198244 0.52343750 0.42602539
v 0.02905275 0.53027344 0.42358398
v 0.03198244 0.52294922 0.42602539
v 0.03588869 0.52197266 0.41333008
v 0.03588869 0.52148438 0.41333008
v 0.03344728 0.52832031 0.41137695
v 0.03588869 0.51953125 0.39819336
v 0.02026369 0.51708984 0.38159180
v 0.04028322 0.52099609 0.38256836
v 0.02075197 0.56884766 0.40161133
v 0.02124025 0.56884766 0.38110352
v 0.02124024 0.56738281 0.36157227
v 0.03833010 0.52148438 0.41381836
v 0.04418947 0.52343750 0.41479492
v 0.05541994 0.53076172 0.41772461
v 0.04907228 0.52392578 0.39965820
v 0.05932619 0.53222656 0.40258789
v 0.06372072 0.54101562 0.42114258
v 0.06665041 0.54296875 0.40649414
v 0.06860353 0.55273438 0.42456055
v 0.05346681 0.52636719 0.38403320
v 0.05151368 0.52587891 0.36791992
v 0.06323244 0.53466797 0.38647461
v 0.07055666 0.54541016 0.39038086
v 0.05834962 0.52929688 0.36889648
v 0.06762697 0.53759766 0.37084961
v 0.02172853 0.57763672 0.40209961
v 0.02270509 0.57861328 0.38159180
v 0.02270509 0.57812500 0.36108398
v 0.04125978 0.63427734 0.42456055
v 0.05834962 0.62207031 0.41430664
v 0.05249025 0.62890625 0.41674805
v 0.04663087 0.63476562 0.41674805
v 0.06323244 0.61718750 0.40795898
v 0.05297853 0.62841797 0.40893555
v 0.05786134 0.62353516 0.40698242
v 0.05688478 0.62402344 0.40112305
v 0.05346681 0.62841797 0.40258789
v 0.04956056 0.63427734 0.40942383
v 0.05053712 0.63378906 0.40307617
v 0.06176759 0.62011719 0.40258789
v 0.05932618 0.61962891 0.39477539
v 0.05004884 0.62402344 0.39624023
v 0.04467775 0.62158203 0.39184570
v 0.05786134 0.61621094 0.38989258
v 0.04174806 0.62011719 0.38598633
v 0.05688478 0.61474609 0.38354492
v 0.04516603 0.63476562 0.39672852
v 0.03784181 0.63378906 0.39282227
v 0.03295900 0.63330078 0.38696289
v 0.03979493 0.61962891 0.37915039
v 0.05590821 0.61425781 0.37670898
v 0.03002931 0.63330078 0.38061523
v 0.05444337 0.61474609 0.36987305
v 0.03833009 0.62011719 0.37231445
v 0.02856446 0.63330078 0.37426758
v 0.05639650 0.62451172 0.39575195
v 0.05346681 0.62841797 0.39672852
v 0.05102540 0.63378906 0.39672852
v 0.05395509 0.62695312 0.39965820
v 0.05688478 0.62500000 0.39916992
v 0.05786134 0.62792969 0.40063477
v 0.05590821 0.62939453 0.40112305
v 0.05297853 0.62548828 0.39721680
v 0.05590821 0.62304688 0.39672852
v 0.05395509 0.63183594 0.40161133
v 0.05200196 0.62988281 0.39965820
v 0.05053712 0.62890625 0.39770508
v 0.05981446 0.62255859 0.39672852
v 0.05395509 0.62597656 0.39770508
v 0.05053712 0.63574219 0.39770508
v 0.04956056 0.62841797 0.39477539
v 0.05200196 0.62451172 0.39477539
v 0.04907228 0.63281250 0.39770508
v 0.04809571 0.63232422 0.39477539
v 0.05541993 0.62207031 0.39428711
v 0.06811525 0.61621094 0.40063477
v 0.06616212 0.61962891 0.39819336
v 0.05981446 0.62402344 0.39868164
v 0.06030275 0.62744141 0.40063477
v 0.06030275 0.63134766 0.40161133
v 0.05932618 0.62207031 0.39624023
v 0.06274416 0.62792969 0.40014648
v 0.06323244 0.62500000 0.39770508
v 0.06616212 0.62597656 0.39526367
v 0.06811524 0.62402344 0.39282227
v 0.07104493 0.62158203 0.38745117
v 0.05883790 0.62158203 0.39331055
v 0.06274415 0.62255859 0.39282227
v 0.06665041 0.62500000 0.39477539
v 0.06518555 0.62548828 0.39379883
v 0.07202149 0.62011719 0.38110352
v 0.07153321 0.61962891 0.37426758
v 0.07055665 0.62011719 0.36743164
v 0.07153322 0.56738281 0.42846680
v 0.07153322 0.58300781 0.43090820
v 0.07153322 0.55468750 0.40991211
v 0.07397462 0.56933594 0.41381836
v 0.07543947 0.55761719 0.39379883
v 0.07739259 0.57177734 0.39819336
v 0.07543947 0.54882812 0.37426758
v 0.08032228 0.56054688 0.37866211
v 0.08325197 0.57470703 0.38403320
v 0.08129884 0.55273438 0.35766602
v 0.08666993 0.56494141 0.36206055
v 0.09106446 0.57910156 0.36791992
v 0.07397462 0.58496094 0.41674805
v 0.07055666 0.59814453 0.41870117
v 0.07788087 0.58691406 0.40258789
v 0.07543947 0.60009766 0.40405273
v 0.08422853 0.59033203 0.38940430
v 0.08227541 0.60351562 0.39331055
v 0.09350587 0.59570312 0.37475586
v 0.07836916 0.61328125 0.39477539
v 0.07397462 0.61865234 0.39526367
v 0.07055666 0.62158203 0.39575195
v 0.06567384 0.62695312 0.39721680
v 0.06469728 0.62939453 0.39965820
v 0.06811525 0.62402344 0.39526367
v 0.06616212 0.62548828 0.39477539
v 0.06567384 0.62451172 0.39233398
v 0.06616212 0.63183594 0.39916992
v 0.06762697 0.62988281 0.39672852
v 0.06811524 0.62890625 0.39428711
v 0.06811524 0.62841797 0.39135742
v 0.07299805 0.63476562 0.39135742
v 0.06909180 0.63574219 0.39428711
v 0.06909180 0.62841797 0.39428711
v 0.06713868 0.62890625 0.39331055
v 0.07104493 0.62744141 0.39428711
v 0.07495118 0.62597656 0.39379883
v 0.07836915 0.63378906 0.38549805
v 0.06958009 0.63281250 0.39379883
v 0.06958009 0.63232422 0.39086914
v 0.06860352 0.63330078 0.39282227
v 0.07006837 0.63281250 0.39379883
v 0.07250977 0.63232422 0.39379883
v 0.07983399 0.62304688 0.39184570
v 0.07690430 0.63183594 0.39233398
v 0.08325196 0.63037109 0.38989258
v 0.08081055 0.63330078 0.37915039
v 0.08129884 0.63330078 0.37231445
v 0.10180665 0.60205078 0.35620117
v 0.10229493 0.61865234 0.36108398
v 0.10083009 0.63378906 0.36499023
v 0.08422852 0.63867188 0.38891602
v 0.09204102 0.64013672 0.38110352
v 0.09985352 0.64599609 0.36743164
v 0.02319337 0.40722659 0.33666992
v 0.02270509 0.42578125 0.33813477
v 0.04614259 0.40869144 0.33081055
v 0.04516603 0.42822269 0.33081055
v 0.02172853 0.44287109 0.33862305
v 0.04321290 0.44482422 0.33178711
v 0.06323243 0.44921875 0.32104492
v 0.02075196 0.46191406 0.33911133
v 0.01977540 0.48632812 0.34399414
v 0.01977540 0.50927734 0.35473633
v 0.04125978 0.46435547 0.33374023
v 0.03930665 0.48876953 0.33911133
v 0.03833009 0.51220703 0.34936523
v 0.05932618 0.46826172 0.32397461
v 0.05688477 0.49169922 0.33178711
v 0.07250977 0.49609375 0.32104492
v 0.07495118 0.47314453 0.31274414
v 0.08032227 0.45410156 0.31030273
v 0.05444337 0.51562500 0.34057617
v 0.06909180 0.52001953 0.32788086
v 0.09350587 0.46533206 0.29663086
v 0.08764649 0.47900394 0.29907227
v 0.08227540 0.50097656 0.30493164
v 0.07788087 0.52441406 0.31127930
v 0.10913087 0.43554688 0.29125977
v 0.10131837 0.45117190 0.29418945
v 0.09594727 0.46044925 0.29565430
v 0.12622070 0.41845703 0.26196286
v 0.10668945 0.46337894 0.27319336
v 0.11645508 0.44580081 0.26879880
v 0.09350586 0.48632815 0.27905273
v 0.08618164 0.50683594 0.28491211
v 0.08276367 0.52929688 0.29174805
v 0.09252930 0.49462891 0.25268555
v 0.08618164 0.51318359 0.26000977
v 0.09350585 0.49169922 0.21752928
v 0.10717773 0.47216797 0.24389647
v 0.11743164 0.45361328 0.23754881
v 0.12915039 0.42382815 0.23022459
v 0.02026368 0.56298828 0.34497070
v 0.02172852 0.57470703 0.34155273
v 0.05590821 0.52783203 0.35034180
v 0.06469727 0.53320312 0.35229492
v 0.07299805 0.54150391 0.35424805
v 0.06958009 0.53417969 0.33422852
v 0.07299805 0.53955078 0.33569336
v 0.07934571 0.54736328 0.33666992
v 0.08666993 0.55761719 0.33911133
v 0.09252930 0.56982422 0.34350586
v 0.09790040 0.58447266 0.34936523
v 0.07739259 0.54101562 0.31567383
v 0.08227539 0.54785156 0.29711914
v 0.08959962 0.56347656 0.32055664
v 0.09545899 0.57470703 0.32348633
v 0.08959961 0.56884766 0.30346680
v 0.09399414 0.57861328 0.30541992
v 0.08032227 0.63330078 0.36596680
v 0.10083009 0.58984375 0.32836914
v 0.10522462 0.60791016 0.33422852
v 0.10668946 0.62597656 0.33911133
v 0.10620118 0.64111328 0.34350586
v 0.10375977 0.61328125 0.31274414
v 0.09936523 0.59375000 0.30834961
v 0.10522461 0.63232422 0.31762695
v 0.10571289 0.64794922 0.32250977
v 0.09448242 0.59716797 0.29077148
v 0.08325195 0.53515625 0.26635742
v 0.07934570 0.54150391 0.23852538
v 0.07690429 0.56298828 0.24487302
v 0.07836913 0.58593750 0.24780270
v 0.08862305 0.60009766 0.27270508
v 0.09301757 0.63085938 0.25952148
v 0.08911132 0.63574219 0.24829099
v 0.14331056 0.55615234 0.34594724
v 0.14135744 0.56152344 0.35131833
v 0.13745119 0.56298828 0.34643552
v 0.13891602 0.55859375 0.34155270
v 0.13940431 0.56933594 0.35571286
v 0.13549806 0.56982422 0.35034177
v 0.13549805 0.56835938 0.34301755
v 0.14575197 0.56152344 0.35424802
v 0.14819337 0.55615234 0.34887692
v 0.15258791 0.55810547 0.35083005
v 0.15063478 0.56298828 0.35571286
v 0.14379884 0.56933594 0.35864255
v 0.14819337 0.57031250 0.35913083
v 0.13989258 0.55566406 0.33569333
v 0.14477539 0.55273438 0.34008786
v 0.14965822 0.55273438 0.34301755
v 0.15454103 0.55468750 0.34448239
v 0.15551759 0.56152344 0.35034177
v 0.15356447 0.56542969 0.35473630
v 0.15209962 0.57226562 0.35717770
v 0.15600587 0.57031250 0.35083005
v 0.15747072 0.55859375 0.34497067
v 0.15161133 0.55029297 0.33618161
v 0.15600586 0.55224609 0.33764645
v 0.15893555 0.55664062 0.33813474
v 0.15844727 0.56933594 0.34399411
v 0.13696289 0.56542969 0.33520505
v 0.13842773 0.56347656 0.32690427
v 0.14135742 0.55371094 0.32934567
v 0.14624023 0.55029297 0.33325192
v 0.13305664 0.58154297 0.34741208
v 0.13500977 0.57958984 0.33520505
v 0.13696289 0.57714844 0.32348630
v 0.14282227 0.55322266 0.32299802
v 0.13989258 0.56201172 0.31909177
v 0.13891602 0.57421875 0.31274411
v 0.14038086 0.56982422 0.30346677
v 0.15258789 0.54931641 0.32836911
v 0.14721680 0.54980469 0.32592770
v 0.15698242 0.55175781 0.32983395
v 0.14819336 0.55078125 0.31811520
v 0.15356445 0.55029297 0.32006833
v 0.15795898 0.55273438 0.32153317
v 0.15991211 0.55615234 0.33032224
v 0.14868164 0.55371094 0.30883786
v 0.15405273 0.55419922 0.31030270
v 0.15844727 0.55664062 0.31176755
v 0.15991211 0.56884766 0.33569333
v 0.16088867 0.56884766 0.32690427
v 0.16088867 0.55712891 0.32202145
v 0.16186523 0.56884766 0.31811520
v 0.15844727 0.56640625 0.29858395
v 0.13403322 0.58203125 0.35375974
v 0.13745119 0.58203125 0.35864255
v 0.14135744 0.58203125 0.36157224
v 0.13305664 0.59863281 0.35620114
v 0.13159180 0.59765625 0.34936520
v 0.13354492 0.59472656 0.33422849
v 0.13647462 0.59912109 0.36059567
v 0.14135744 0.59960938 0.36303708
v 0.14624025 0.58300781 0.36157224
v 0.14624025 0.60009766 0.36254880
v 0.15063478 0.58349609 0.35864255
v 0.14965822 0.60009766 0.35864255
v 0.15405273 0.58398438 0.35131833
v 0.15698242 0.58447266 0.34204099
v 0.15307617 0.60009766 0.35083005
v 0.15649414 0.60009766 0.34008786
v 0.13256836 0.61621094 0.35717770
v 0.13696289 0.61718750 0.36206052
v 0.14233400 0.61816406 0.36401364
v 0.13256836 0.63378906 0.35766599
v 0.13696289 0.63476562 0.36206052
v 0.14233398 0.63574219 0.36401364
v 0.13110352 0.61474609 0.35083005
v 0.13256836 0.61035156 0.33227536
v 0.13110352 0.63183594 0.35131833
v 0.13256836 0.62597656 0.33032224
v 0.14721680 0.61816406 0.36352536
v 0.15063477 0.61816406 0.35913083
v 0.14770508 0.63623047 0.36352536
v 0.15112305 0.63574219 0.35913083
v 0.15356445 0.61718750 0.35083005
v 0.15600586 0.61621094 0.33911130
v 0.15356445 0.63476562 0.35083005
v 0.15649414 0.63330078 0.33764645
v 0.13598633 0.59228516 0.31860349
v 0.13500977 0.60693359 0.31323239
v 0.13793945 0.58886719 0.30444333
v 0.13989258 0.58398438 0.29321286
v 0.13745117 0.60253906 0.29663083
v 0.13452148 0.62060547 0.30834958
v 0.13012695 0.64697266 0.35034177
v 0.13208008 0.64062500 0.32836911
v 0.13452148 0.63330078 0.30444333
v 0.13696289 0.61474609 0.28979489
v 0.15893555 0.60058594 0.32885739
v 0.15893555 0.61572266 0.32543942
v 0.15844727 0.63134766 0.32202145
v 0.15942383 0.58447266 0.33227536
v 0.16088867 0.58496094 0.32153317
v 0.16137695 0.60058594 0.31567380
v 0.16235352 0.58447266 0.31079099
v 0.16333008 0.58398438 0.30004880
v 0.16284180 0.60009766 0.30249020
v 0.16137695 0.61474609 0.31030270
v 0.16333008 0.61328125 0.29467770
v 0.16088867 0.62988281 0.30346677
v 0.14282227 0.56542969 0.29711911
v 0.14819336 0.56298828 0.29565427
v 0.14233398 0.57861328 0.28442380
v 0.14770508 0.57666016 0.28149411
v 0.15405273 0.56396484 0.29663083
v 0.15405273 0.57763672 0.28247067
v 0.15942383 0.57958984 0.28491208
v 0.13940430 0.59765625 0.28344724
v 0.14184570 0.59179688 0.27319333
v 0.14721680 0.58984375 0.26928708
v 0.15454102 0.59082031 0.26928708
v 0.16040039 0.59277344 0.27221677
v 0.13647461 0.62597656 0.28442380
v 0.13891602 0.60888672 0.27563474
v 0.14135742 0.60253906 0.26489255
v 0.13745117 0.61816406 0.26977536
v 0.13598633 0.62548828 0.26586911
v 0.13452148 0.63427734 0.28100583
v 0.13305664 0.64453125 0.30151364
v 0.14721680 0.60009766 0.25952145
v 0.15502930 0.60156250 0.25952145
v 0.16088867 0.60400391 0.26245114
v 0.13989258 0.61132812 0.25756833
v 0.13842773 0.61767578 0.25268552
v 0.13256836 0.64062500 0.27954099
v 0.13354492 0.62988281 0.26342770
v 0.13647459 0.62207031 0.24975583
v 0.14624023 0.60986328 0.25170895
v 0.14477538 0.61669922 0.24584958
v 0.14282225 0.62207031 0.24194333
v 0.15405273 0.61132812 0.25073239
v 0.15209959 0.61914062 0.24487302
v 0.15991211 0.61474609 0.25366208
v 0.15747069 0.62304688 0.24731442
v 0.16235352 0.58203125 0.29028317
v 0.16430664 0.59814453 0.28979489
v 0.16381836 0.59570312 0.27807614
v 0.16479492 0.61083984 0.28002927
v 0.16284180 0.62744141 0.28588864
v 0.16430664 0.60693359 0.26831052
v 0.16381836 0.62353516 0.27124020
v 0.15942383 0.64306641 0.29711911
v 0.16088867 0.63867188 0.27856442
v 0.16137695 0.63378906 0.26440427
v 0.16284180 0.61816406 0.25952145
v 0.16040038 0.62744141 0.25317380
v 0.15795898 0.64257812 0.25854489
v 0.15649413 0.63574219 0.24731442
v 0.15405272 0.63037109 0.24243161
v 0.01293947 0.63720703 0.43530273
v 0.01293947 0.64355469 0.42602539
v 0.02709962 0.64062500 0.42553711
v 0.01293947 0.64941406 0.42163086
v 0.02661134 0.64697266 0.42016602
v 0.01293947 0.65673828 0.41870117
v 0.01293947 0.66601562 0.41723633
v 0.02563478 0.65478516 0.41674805
v 0.02612306 0.66455078 0.41528320
v 0.03540041 0.64306641 0.41821289
v 0.03393556 0.65234375 0.41430664
v 0.03442384 0.66308594 0.41284180
v 0.01342775 0.67626953 0.41528320
v 0.02612306 0.67529297 0.41381836
v 0.01391603 0.68750000 0.41333008
v 0.01391603 0.69970703 0.40942383
v 0.02612306 0.68652344 0.41186523
v 0.02661134 0.69873047 0.40747070
v 0.03930665 0.67333984 0.41088867
v 0.03881837 0.68554688 0.40893555
v 0.03833009 0.69775391 0.40454102
v 0.03295899 0.64990234 0.38696289
v 0.03002930 0.64990234 0.38061523
v 0.02856446 0.64990234 0.37426758
v 0.04174805 0.66308594 0.38598633
v 0.03979493 0.66357422 0.37915039
v 0.03833009 0.66308594 0.37231445
v 0.04223634 0.64160156 0.41381836
v 0.03979493 0.65039062 0.41186523
v 0.04711915 0.64062500 0.40844727
v 0.04565431 0.64843750 0.40795898
v 0.04077150 0.65966797 0.41040039
v 0.04663087 0.65625000 0.40698242
v 0.04907228 0.64013672 0.40307617
v 0.04907228 0.64746094 0.40307617
v 0.05004884 0.65380859 0.40307617
v 0.04565431 0.66650391 0.40893555
v 0.05053712 0.66113281 0.40600586
v 0.05297853 0.65869141 0.40258789
v 0.05590821 0.66406250 0.40405273
v 0.05346681 0.66943359 0.40600586
v 0.05102540 0.67675781 0.40600586
v 0.05102540 0.68554688 0.40502930
v 0.05102540 0.69677734 0.40014648
v 0.04516603 0.64843750 0.39672852
v 0.03784181 0.64941406 0.39282227
v 0.04956056 0.64746094 0.39770508
v 0.05004884 0.65917969 0.39624023
v 0.04467774 0.66162109 0.39184570
v 0.05297853 0.65722656 0.39770508
v 0.05004884 0.63964844 0.39721680
v 0.05053712 0.63378906 0.39965820
v 0.05297853 0.63476562 0.40161133
v 0.05200196 0.63818359 0.40161133
v 0.05004884 0.63769531 0.39965820
v 0.04858400 0.63720703 0.39770508
v 0.05541993 0.63623047 0.40258789
v 0.05639650 0.63427734 0.40258789
v 0.05493165 0.63916016 0.40258789
v 0.05004884 0.64697266 0.39721680
v 0.05200196 0.64160156 0.40161133
v 0.04956056 0.64160156 0.39965820
v 0.04809571 0.64160156 0.39770508
v 0.05200196 0.64501953 0.40161133
v 0.05004884 0.64550781 0.39965820
v 0.04858400 0.64599609 0.39770508
v 0.05444337 0.64160156 0.40258789
v 0.05493165 0.64453125 0.40258789
v 0.04760743 0.63671875 0.39477539
v 0.04711915 0.64160156 0.39477539
v 0.04760743 0.64648438 0.39477539
v 0.06469728 0.63427734 0.40063477
v 0.05541993 0.64697266 0.40258789
v 0.05151368 0.65283203 0.39721680
v 0.05297853 0.64843750 0.40161133
v 0.05053712 0.64990234 0.39965820
v 0.04907228 0.65039062 0.39770508
v 0.05395509 0.65136719 0.40161133
v 0.05200196 0.65332031 0.39965820
v 0.05053712 0.65429688 0.39770508
v 0.05639650 0.64892578 0.40258789
v 0.05395509 0.65625000 0.39965820
v 0.05590821 0.65380859 0.40112305
v 0.05395509 0.65673828 0.39721680
v 0.05688478 0.65869141 0.39672852
v 0.05688478 0.66113281 0.40209961
v 0.05297853 0.65771484 0.39770508
v 0.05786134 0.65527344 0.40112305
v 0.05688478 0.65820312 0.39916992
v 0.05590821 0.66015625 0.39721680
v 0.04809571 0.65087891 0.39477539
v 0.04956056 0.65527344 0.39477539
v 0.05200196 0.65869141 0.39477539
v 0.05981446 0.66064453 0.39672852
v 0.05932618 0.66308594 0.39477539
v 0.05786134 0.66699219 0.38989258
v 0.05541993 0.66113281 0.39428711
v 0.06030275 0.65234375 0.40161133
v 0.06469727 0.64892578 0.40112305
v 0.06030275 0.65576172 0.40063477
v 0.06274415 0.65527344 0.40014648
v 0.06469727 0.65380859 0.39965820
v 0.05981446 0.65917969 0.39868164
v 0.05932618 0.66113281 0.39672852
v 0.06323243 0.65820312 0.39819336
v 0.06323243 0.66015625 0.39575195
v 0.06176759 0.66210938 0.40063477
v 0.06079103 0.65966797 0.39575195
v 0.06665040 0.66113281 0.39819336
v 0.06420899 0.65869141 0.39477539
v 0.05688477 0.66845703 0.38403320
v 0.05541993 0.66894531 0.37670898
v 0.05444337 0.66845703 0.36987305
v 0.06225587 0.66503906 0.40161133
v 0.06811524 0.66406250 0.39868164
v 0.05883790 0.66210938 0.39379883
v 0.06274415 0.66113281 0.39282227
v 0.06860352 0.65966797 0.39282227
v 0.06665040 0.65771484 0.39526367
v 0.07104493 0.66210938 0.38745117
v 0.06323243 0.69531250 0.39575195
v 0.07202149 0.66308594 0.38110352
v 0.07153321 0.66357422 0.37426758
v 0.07055665 0.66357422 0.36743164
v 0.01489259 0.71240234 0.40209961
v 0.02758790 0.71142578 0.39965820
v 0.03881837 0.71044922 0.39624023
v 0.01586915 0.72558594 0.39233395
v 0.02856446 0.72460938 0.39038083
v 0.04028321 0.72265625 0.38696286
v 0.01684571 0.73681641 0.38159177
v 0.01831055 0.74511719 0.36889645
v 0.02954102 0.73535156 0.37915036
v 0.04125977 0.73291016 0.37622067
v 0.05151368 0.70849609 0.39184570
v 0.05200196 0.71972656 0.38208005
v 0.06323243 0.70654297 0.38696289
v 0.06323243 0.71630859 0.37670898
v 0.05249024 0.72949219 0.37182614
v 0.06323242 0.72509766 0.36645505
v 0.06567384 0.63623047 0.40063477
v 0.06762697 0.63476562 0.39868164
v 0.06909180 0.63378906 0.39624023
v 0.06616212 0.63916016 0.40063477
v 0.06811524 0.63818359 0.39868164
v 0.06958009 0.63769531 0.39624023
v 0.06616212 0.64160156 0.40063477
v 0.06811524 0.64160156 0.39868164
v 0.06616212 0.64453125 0.40063477
v 0.06567384 0.64697266 0.40063477
v 0.06811524 0.64501953 0.39868164
v 0.06958009 0.64160156 0.39624023
v 0.06958009 0.64599609 0.39624023
v 0.07055665 0.63720703 0.39379883
v 0.07006837 0.63720703 0.39038086
v 0.07104493 0.63867188 0.39379883
v 0.06909180 0.63867188 0.39282227
v 0.07348634 0.63867188 0.39331055
v 0.07299805 0.64843750 0.39135742
v 0.06909180 0.64599609 0.39428711
v 0.07055665 0.64160156 0.39379883
v 0.07055665 0.64599609 0.39379883
v 0.07104493 0.64453125 0.39379883
v 0.06909180 0.64453125 0.39282227
v 0.07788087 0.63867188 0.39233398
v 0.07836915 0.64941406 0.38549805
v 0.07006837 0.64160156 0.39038086
v 0.07397462 0.64501953 0.39379883
v 0.07836915 0.64550781 0.39233398
v 0.07006837 0.64648438 0.39086914
v 0.06762696 0.64843750 0.39868164
v 0.06665040 0.65136719 0.39916992
v 0.06909180 0.64990234 0.39624023
v 0.06762696 0.65332031 0.39672852
v 0.06567384 0.65625000 0.39770508
v 0.06958009 0.65039062 0.39428711
v 0.06860352 0.65478516 0.39477539
v 0.07055665 0.65039062 0.39428711
v 0.06811524 0.64990234 0.39282227
v 0.06958009 0.65087891 0.39086914
v 0.06811524 0.65527344 0.39184570
v 0.06616212 0.65820312 0.39526367
v 0.06616212 0.65869141 0.39233398
v 0.07299805 0.65087891 0.39428711
v 0.07592774 0.65771484 0.39428711
v 0.07250977 0.66162109 0.39624023
v 0.07739259 0.65234375 0.39282227
v 0.07592774 0.66601562 0.39379883
v 0.08081055 0.64990234 0.37915039
v 0.08129884 0.64990234 0.37231445
v 0.09790040 0.65820312 0.37036133
v 0.07983399 0.67529297 0.38940430
v 0.07495118 0.69287109 0.38891602
v 0.08374024 0.68603516 0.38305664
v 0.07641602 0.70361328 0.38012695
v 0.08666993 0.69726562 0.37280273
v 0.09448243 0.68945312 0.36499023
v 0.10034180 0.68017578 0.35815430
v 0.01879883 0.75097656 0.35424802
v 0.01928711 0.75439453 0.33959958
v 0.03637695 0.75146484 0.33813474
v 0.05053711 0.74658203 0.33618161
v 0.06323242 0.73144531 0.35620114
v 0.06323242 0.73730469 0.34497067
v 0.06323242 0.74121094 0.33374020
v 0.05004882 0.74902344 0.32250974
v 0.03686523 0.75292969 0.32348630
v 0.01928711 0.75585938 0.32397458
v 0.03784179 0.75244141 0.30786130
v 0.01928710 0.75585938 0.30834958
v 0.06274414 0.74365234 0.32104489
v 0.01977538 0.75341797 0.29125974
v 0.02026366 0.74902344 0.27563474
v 0.03833007 0.74951172 0.29174802
v 0.03881835 0.74414062 0.27709958
v 0.02075194 0.74316406 0.26147458
v 0.02124022 0.73828125 0.25170895
v 0.02221678 0.73242188 0.24291991
v 0.03979491 0.73779297 0.26342770
v 0.04077147 0.73291016 0.25415036
v 0.04223632 0.72656250 0.24584959
v 0.05590820 0.73730469 0.27856442
v 0.07397461 0.73730469 0.31958005
v 0.07104491 0.72998047 0.27954099
v 0.05639647 0.73144531 0.26586911
v 0.05786132 0.72558594 0.25708005
v 0.05932616 0.71875000 0.24877927
v 0.07153320 0.72412109 0.26831052
v 0.07250976 0.71777344 0.25952148
v 0.07397459 0.71044922 0.25219727
v 0.08032227 0.64990234 0.36596680
v 0.10571289 0.65478516 0.34741211
v 0.10375977 0.66845703 0.35229492
v 0.10620117 0.66308594 0.32788086
v 0.10522461 0.67773438 0.33471680
v 0.12182617 0.68164062 0.34985349
v 0.12426758 0.68408203 0.35473630
v 0.12084961 0.68994141 0.35375974
v 0.11889648 0.68701172 0.34838864
v 0.12036133 0.69824219 0.35522458
v 0.12426758 0.69335938 0.35620114
v 0.12817383 0.68652344 0.35717770
v 0.12524414 0.67382812 0.35180661
v 0.12817383 0.67578125 0.35620114
v 0.13256836 0.67724609 0.35864255
v 0.11889648 0.68554688 0.34106442
v 0.12231445 0.67968750 0.34301755
v 0.12524414 0.67236328 0.34497067
v 0.11450195 0.69042969 0.33862302
v 0.10375977 0.65429688 0.30395508
v 0.10424805 0.66894531 0.31127930
v 0.10424805 0.68359375 0.32104492
v 0.10913086 0.68554688 0.31274414
v 0.10717773 0.69628906 0.33374023
v 0.11254883 0.68359375 0.31469727
v 0.11059570 0.69384766 0.33618164
v 0.10668945 0.67333984 0.29272461
v 0.11059570 0.67187500 0.29370117
v 0.11499023 0.66992188 0.29467770
v 0.11694336 0.68115234 0.31713864
v 0.12133789 0.67724609 0.31909177
v 0.12524414 0.67187500 0.32104489
v 0.12817383 0.66455078 0.32299802
v 0.12377930 0.66406250 0.29760739
v 0.11938477 0.66748047 0.29614255
v 0.12768555 0.65917969 0.29907224
v 0.07543945 0.73046875 0.34106442
v 0.07495117 0.73437500 0.33081052
v 0.08862305 0.72363281 0.32739255
v 0.09204102 0.72509766 0.32983395
v 0.09448242 0.72021484 0.33764645
v 0.09692383 0.71435547 0.34252930
v 0.09936523 0.72070312 0.34106442
v 0.09741211 0.72607422 0.33325192
v 0.10473633 0.70849609 0.34838867
v 0.10180664 0.70898438 0.34643555
v 0.10278320 0.70458984 0.34350586
v 0.10815430 0.70703125 0.35034180
v 0.10327148 0.70117188 0.33862305
v 0.11206055 0.70507812 0.35229492
v 0.10473633 0.71435547 0.34790039
v 0.10083008 0.71484375 0.34545898
v 0.10473633 0.72021484 0.34399411
v 0.09936523 0.70947266 0.34350586
v 0.10913086 0.71289062 0.34985352
v 0.10961914 0.71875000 0.34643555
v 0.10083008 0.70507812 0.34155273
v 0.11401367 0.71044922 0.35180661
v 0.11547852 0.71533203 0.34838864
v 0.10375977 0.72558594 0.33666989
v 0.11010742 0.72363281 0.33959958
v 0.11645508 0.70214844 0.35375974
v 0.11889648 0.70654297 0.35327145
v 0.12329102 0.70214844 0.35473630
v 0.12719727 0.69628906 0.35522458
v 0.13159180 0.68847656 0.35620114
v 0.12084961 0.71093750 0.35034177
v 0.12573242 0.70507812 0.35131833
v 0.13012695 0.69824219 0.35229489
v 0.11645508 0.71972656 0.34155267
v 0.12231445 0.71435547 0.34350583
v 0.12768555 0.70751953 0.34448239
v 0.10180664 0.70214844 0.33715820
v 0.11059570 0.72607422 0.32885739
v 0.12915039 0.70947266 0.33178708
v 0.11010741 0.72607422 0.31372067
v 0.10961913 0.72363281 0.29760739
v 0.10327148 0.72802734 0.32592770
v 0.10278320 0.72802734 0.31176755
v 0.10180663 0.72558594 0.29614255
v 0.09936523 0.64111328 0.26879883
v 0.09741210 0.63525391 0.25756836
v 0.09643554 0.63818359 0.24682614
v 0.10717773 0.65869141 0.27758789
v 0.11206054 0.65722656 0.27758789
v 0.12182616 0.65283203 0.27807614
v 0.12622070 0.64941406 0.27856442
v 0.12963867 0.64550781 0.27856442
v 0.11743163 0.65527344 0.27758786
v 0.10278320 0.64599609 0.26684570
v 0.10229491 0.63623047 0.25561523
v 0.10766601 0.64599609 0.26489258
v 0.11303710 0.64453125 0.26391602
v 0.10815429 0.63623047 0.25317383
v 0.10229491 0.63769531 0.24389645
v 0.10864257 0.63720703 0.24145505
v 0.11450195 0.63525391 0.25073239
v 0.11596679 0.63720703 0.23950192
v 0.11889648 0.64257812 0.26245114
v 0.12426757 0.64013672 0.26196286
v 0.12817383 0.63720703 0.26147458
v 0.12084960 0.63378906 0.24829099
v 0.12329101 0.63574219 0.23754880
v 0.12670897 0.63183594 0.24633786
v 0.13061522 0.62890625 0.24633786
v 0.10961913 0.70947266 0.26733398
v 0.11889648 0.70410156 0.26879880
v 0.11889648 0.69042969 0.25463864
v 0.10961913 0.69580078 0.25366211
v 0.12915038 0.69628906 0.27172849
v 0.12866209 0.68310547 0.25708005
v 0.11010741 0.68212891 0.24438474
v 0.11889648 0.67724609 0.24438474
v 0.12817381 0.67138672 0.24536130
v 0.08666991 0.72314453 0.29321286
v 0.08666991 0.71972656 0.28100583
v 0.09399413 0.72607422 0.29467770
v 0.09399413 0.72167969 0.28100583
v 0.08862304 0.68798828 0.24829099
v 0.09594726 0.68652344 0.24682614
v 0.10180663 0.72119141 0.28149411
v 0.10961913 0.71875000 0.28247070
v 0.10180663 0.71191406 0.26635742
v 0.10229491 0.69873047 0.25366211
v 0.10278320 0.68505859 0.24536130
v 0.13549805 0.64941406 0.36108395
v 0.13110352 0.64843750 0.35668942
v 0.13256836 0.66357422 0.35864255
v 0.12866211 0.66259766 0.35424802
v 0.12866211 0.66113281 0.34741208
v 0.13110352 0.65429688 0.32543942
v 0.14672852 0.65087891 0.36206052
v 0.14965820 0.65039062 0.35766599
v 0.14379883 0.66552734 0.35961911
v 0.14672852 0.66503906 0.35424802
v 0.15258789 0.64941406 0.34887692
v 0.15502930 0.64746094 0.33520505
v 0.14916992 0.66455078 0.34497067
v 0.15209961 0.66259766 0.32983395
v 0.13598633 0.67822266 0.35815427
v 0.13891602 0.67919922 0.35571286
v 0.13452148 0.68994141 0.35327145
v 0.13647461 0.69091797 0.34692380
v 0.14135742 0.67919922 0.34985349
v 0.13208008 0.70019531 0.34545895
v 0.14428711 0.67871094 0.33911130
v 0.13940430 0.69140625 0.33471677
v 0.13403320 0.70166016 0.33227536
v 0.14770508 0.67773438 0.32299802
v 0.13061523 0.65283203 0.30004880
v 0.15698242 0.64550781 0.31713864
v 0.15454102 0.66015625 0.31079099
v 0.14965820 0.67431641 0.30395505
v 0.14184570 0.69042969 0.31762692
v 0.14428711 0.68603516 0.29907224
v 0.13598633 0.70166016 0.31420895
v 0.13745117 0.69726562 0.29516599
v 0.15649414 0.65576172 0.28979489
v 0.15161133 0.66748047 0.28393552
v 0.14526367 0.67773438 0.27954099
v 0.13793945 0.68701172 0.27563474
v 0.15209961 0.65917969 0.26733395
v 0.14526366 0.66748047 0.26342770
v 0.15747070 0.64941406 0.27221677
v 0.13110352 0.63378906 0.26196286
v 0.13403319 0.62597656 0.24731442
v 0.15161131 0.65087891 0.25366208
v 0.14526366 0.65771484 0.25024411
v 0.13745116 0.67529297 0.26000974
v 0.13745116 0.66455078 0.24780270
v 0.14428709 0.64892578 0.23999020
v 0.13647459 0.65478516 0.23754880
v 0.15112303 0.64306641 0.24340817
v 0.10327148 0.47656250 0.21166991
v 0.09985351 0.47705078 0.19018553
v 0.08666991 0.49511719 0.18530272
v 0.11401366 0.45703125 0.20483397
v 0.12524414 0.42578125 0.19848631
v 0.08764647 0.48291016 0.16088866
v 0.11547850 0.42041016 0.11840819
v 0.10278319 0.44873047 0.11645506
v 0.06860350 0.49951172 0.15112303
v 0.07006834 0.50976562 0.17114256
v 0.06762694 0.49267578 0.13012694
v 0.08666991 0.47460938 0.13696288
v 0.04858397 0.52343750 0.15942383
v 0.04760740 0.51367188 0.14233398
v 0.04711912 0.50732422 0.12377928
v 0.08618162 0.47119141 0.11303709
v 0.06762693 0.48974609 0.10864256
v 0.04663084 0.50390625 0.10473631
v 0.02368163 0.57617188 0.19213866
v 0.04711913 0.57324219 0.20239256
v 0.04907225 0.55517578 0.19311522
v 0.02416991 0.55859375 0.18383788
v 0.02465819 0.54541016 0.17163086
v 0.05004881 0.53906250 0.18090820
v 0.06860351 0.54833984 0.21118163
v 0.06518554 0.56884766 0.21948239
v 0.02368163 0.59619141 0.19702147
v 0.02368163 0.61523438 0.19799803
v 0.04711913 0.59423828 0.20629881
v 0.04809569 0.61279297 0.20727538
v 0.02465819 0.63720703 0.19555663
v 0.04907225 0.63427734 0.20629881
v 0.06616210 0.59033203 0.22290036
v 0.06811523 0.60888672 0.22387692
v 0.06958006 0.63037109 0.22241208
v 0.02465819 0.53808594 0.16381836
v 0.02514647 0.53759766 0.16088867
v 0.02465819 0.53076172 0.15258789
v 0.02416990 0.52099609 0.13745117
v 0.02416990 0.51367188 0.12084960
v 0.07006834 0.64843750 0.22094724
v 0.08325195 0.64599609 0.23657224
v 0.08862304 0.64648438 0.24340817
v 0.06762693 0.48828125 0.08520506
v 0.04663083 0.50146484 0.08325194
v 0.06616208 0.48779297 0.06127929
v 0.04565427 0.50000000 0.06030272
v 0.02368162 0.50683594 0.08178710
v 0.02416990 0.50927734 0.10229491
v 0.02319333 0.50537109 0.05981445
v 0.04467770 0.49853516 0.03637694
v 0.04321286 0.49804688 0.01147460
v 0.02172848 0.50341797 0.01147460
v 0.02221677 0.50390625 0.03637695
v 0.04125973 0.49853516 -0.01391603
v 0.02124020 0.50341797 -0.01391602
v 0.06469724 0.48730469 0.03637694
v 0.06274411 0.48730469 0.01147460
v 0.06030270 0.48828125 -0.01391603
v 0.11401365 0.41894531 0.09252928
v 0.11157224 0.41894531 0.06469725
v 0.10180662 0.44726562 0.09057616
v 0.10864255 0.42041016 0.03735350
v 0.09985349 0.44677734 0.06372069
v 0.09790036 0.44726562 0.03686522
v 0.08569334 0.47021484 0.08813474
v 0.08471677 0.46972656 0.06225584
v 0.08276364 0.47021484 0.03686522
v 0.10668942 0.42236328 0.01000975
v 0.09545895 0.44921875 0.01049803
v 0.10375973 0.42578125 -0.01635744
v 0.09252926 0.45214844 -0.01538087
v 0.07983395 0.47119141 0.01098631
v 0.07690426 0.47314453 -0.01440431
v 0.13940428 0.62695312 0.23901364
v 0.13549803 0.63085938 0.23754880
v 0.14916991 0.62597656 0.24047849
v 0.14477538 0.63183594 0.23657224
v 0.13989256 0.63671875 0.23413083
v 0.14868163 0.63720703 0.23803708
v 0.02514647 0.65576172 0.19604491
v 0.02514647 0.67333984 0.19897459
v 0.04907225 0.65283203 0.20678709
v 0.04907225 0.66943359 0.20874022
v 0.02465819 0.69091797 0.20532225
v 0.04858397 0.68652344 0.21362303
v 0.02416991 0.70751953 0.21557616
v 0.04711913 0.70166016 0.22192381
v 0.07006834 0.66406250 0.22143552
v 0.02319334 0.72167969 0.22875975
v 0.04467772 0.71533203 0.23315428
v 0.08325194 0.66064453 0.23461911
v 0.09594726 0.64697266 0.24096677
v 0.08911132 0.65917969 0.24194333
v 0.09594726 0.65869141 0.23950192
v 0.08911132 0.67382812 0.24340817
v 0.09594726 0.67187500 0.24194333
v 0.10229491 0.64648438 0.23754880
v 0.10913085 0.64599609 0.23510739
v 0.11694335 0.64501953 0.23315427
v 0.10278320 0.65771484 0.23657224
v 0.10278320 0.67041016 0.23950192
v 0.10961913 0.65673828 0.23461911
v 0.11791991 0.65478516 0.23315427
v 0.11010741 0.66796875 0.23803708
v 0.12573241 0.64306641 0.23217770
v 0.13012694 0.63378906 0.23706052
v 0.13305663 0.64062500 0.23217770
v 0.11840819 0.66455078 0.23657224
v 0.12719725 0.65185547 0.23217770
v 0.12768553 0.66015625 0.23657224
v 0.13549803 0.64794922 0.23315427
v 0.14282225 0.64257812 0.23510739
v 0.07348628 0.00195312 -0.23315430
v 0.07055660 0.00195312 -0.24389648
v 0.07690425 0.00488281 -0.22241211
v 0.07006831 0.00439453 -0.23120117
v 0.06616206 0.00439453 -0.24340820
v 0.07153316 0.00195312 -0.25756833
v 0.06665035 0.00488281 -0.25854489
v 0.08325191 0.00537109 -0.21850586
v 0.08764644 0.00634766 -0.21704102
v 0.09204097 0.00390625 -0.22045898
v 0.09057613 0.00634766 -0.21752930
v 0.09643550 0.00341797 -0.21411133
v 0.09545894 0.00634766 -0.21118164
v 0.10180660 0.00634766 -0.20678711
v 0.10815426 0.00634766 -0.20581055
v 0.11352535 0.00634766 -0.20678711
v 0.11889644 0.00683594 -0.21069336
v 0.12231441 0.00683594 -0.21606445
v 0.12329097 0.00390625 -0.22485352
v 0.12426753 0.00732422 -0.22143555
v 0.12866206 0.00292969 -0.22583008
v 0.06713863 0.01171875 -0.23071289
v 0.06518550 0.01953125 -0.23168945
v 0.06567378 0.02783203 -0.23461914
v 0.06665035 0.03613281 -0.23754883
v 0.06860347 0.04296875 -0.24096680
v 0.08666988 0.01318359 -0.21459961
v 0.08129878 0.01269531 -0.21606445
v 0.07446285 0.01220703 -0.22094727
v 0.08569331 0.02148438 -0.21508789
v 0.07983394 0.02099609 -0.21655273
v 0.07299800 0.02050781 -0.22192383
v 0.08959956 0.01367188 -0.21459961
v 0.09448238 0.01367188 -0.20922852
v 0.08862300 0.02148438 -0.21557617
v 0.09350581 0.02197266 -0.21020508
v 0.07299800 0.02880859 -0.22534180
v 0.07934566 0.02929688 -0.22045898
v 0.08471675 0.02929688 -0.21899414
v 0.08764644 0.02929688 -0.21948242
v 0.09301753 0.03027344 -0.21411133
v 0.10131832 0.01367188 -0.20483398
v 0.10083003 0.02246094 -0.20629883
v 0.10034175 0.03125000 -0.21020508
v 0.09252925 0.03857422 -0.21997070
v 0.09936519 0.03955078 -0.21606445
v 0.07348628 0.03710938 -0.22973633
v 0.07934566 0.03710938 -0.22583008
v 0.07446285 0.04394531 -0.23413086
v 0.07250972 0.04833984 -0.24536133
v 0.07495113 0.05468750 -0.24877930
v 0.06909174 0.05322266 -0.25756836
v 0.07543940 0.06787109 -0.25219727
v 0.07006831 0.06689453 -0.26098633
v 0.09155269 0.05712891 -0.23950195
v 0.10083003 0.05761719 -0.23852539
v 0.09790035 0.06933594 -0.24340820
v 0.10815426 0.01367188 -0.20385742
v 0.10815425 0.02246094 -0.20483398
v 0.11450192 0.01416016 -0.20581055
v 0.11450191 0.02246094 -0.20629883
v 0.10766597 0.03173828 -0.20874023
v 0.10620113 0.04003906 -0.21459961
v 0.11352535 0.03173828 -0.21020508
v 0.11254878 0.04003906 -0.21557617
v 0.11938472 0.01416016 -0.20971680
v 0.11938472 0.02246094 -0.21020508
v 0.12280269 0.01416016 -0.21459961
v 0.12280269 0.02197266 -0.21459961
v 0.12475581 0.01416016 -0.21899414
v 0.12475581 0.02197266 -0.21899414
v 0.11889644 0.03125000 -0.21313477
v 0.11743160 0.03906250 -0.21899414
v 0.12231441 0.03076172 -0.21752930
v 0.12426753 0.02978516 -0.22143555
v 0.12084956 0.03808594 -0.22241211
v 0.12329097 0.03710938 -0.22631836
v 0.13061519 0.00683594 -0.22143555
v 0.13061519 0.01367188 -0.21899414
v 0.13061519 0.02197266 -0.21899414
v 0.13012691 0.03027344 -0.22192383
v 0.12866206 0.03759766 -0.22680664
v 0.10913081 0.05810547 -0.23999023
v 0.10668940 0.06982422 -0.24536133
v 0.11791988 0.05761719 -0.24389648
v 0.12475581 0.06884766 -0.26391605
v 0.12915035 0.05566406 -0.26000980
v 0.07495112 0.09082031 -0.25268555
v 0.09497065 0.09130859 -0.24389648
v 0.09252924 0.11376953 -0.24145508
v 0.08227534 0.11376953 -0.24487305
v 0.07397456 0.11425781 -0.25170898
v 0.08032221 0.13281249 -0.23950195
v 0.07153315 0.13427733 -0.24731445
v 0.09106440 0.13281249 -0.23657227
v 0.10571284 0.09179688 -0.24682617
v 0.10375971 0.11425781 -0.24389648
v 0.10229487 0.13330077 -0.23950195
v 0.11303706 0.11523438 -0.25170898
v 0.11157221 0.13525389 -0.24731445
v 0.13598628 0.00585938 -0.22436523
v 0.14038081 0.00585938 -0.23120117
v 0.13793941 0.00244141 -0.24243164
v 0.14184566 0.00585938 -0.24145508
v 0.13647456 0.00244141 -0.25317383
v 0.14038081 0.00585938 -0.25366211
v 0.13647456 0.01318359 -0.22241211
v 0.13647456 0.02148438 -0.22241211
v 0.14086910 0.01269531 -0.22973633
v 0.14086910 0.02099609 -0.23022461
v 0.14282222 0.01269531 -0.24096680
v 0.13549800 0.02978516 -0.22485352
v 0.13403316 0.03759766 -0.22973633
v 0.14038081 0.02929688 -0.23217773
v 0.13891597 0.03710938 -0.23657227
v 0.14282222 0.02050781 -0.24096680
v 0.14233394 0.02880859 -0.24243164
v 0.14184566 0.01269531 -0.25415039
v 0.14233394 0.02001953 -0.25463867
v 0.14184566 0.02783203 -0.25512695
v 0.13598628 0.04394531 -0.24291992
v 0.09448238 0.25097656 -0.12231446
v 0.09399410 0.27539062 -0.10766602
v 0.07250973 0.27392578 -0.11303711
v 0.07495113 0.25195312 -0.12573244
v 0.11450192 0.27734375 -0.11401368
v 0.11401363 0.25244141 -0.12866212
v 0.07690425 0.22949219 -0.14379884
v 0.09399410 0.22851562 -0.14038087
v 0.11157222 0.22998047 -0.14575197
v 0.01928708 0.29541016 -0.05737305
v 0.03881833 0.29931641 -0.05493164
v 0.01928707 0.30615234 -0.08764648
v 0.05688473 0.30566406 -0.05249024
v 0.07543942 0.31835938 -0.05004884
v 0.05639645 0.31347656 -0.07690430
v 0.07495113 0.32470703 -0.07202149
v 0.01538082 0.31005859 -0.11547852
v 0.01293941 0.31152344 -0.14135742
v 0.02612300 0.31152344 -0.14233398
v 0.06127926 0.31445312 -0.08862305
v 0.07885738 0.32470703 -0.08178712
v 0.05737301 0.30761719 -0.10131837
v 0.04370113 0.30615234 -0.11840821
v 0.03393550 0.30517578 -0.14379883
v 0.05102535 0.29150391 -0.12231445
v 0.04028316 0.29248047 -0.14721680
v 0.05590816 0.27441406 -0.12866211
v 0.04565425 0.27734375 -0.15258789
v 0.09057613 0.34179688 -0.04711915
v 0.09008785 0.34765625 -0.07006837
v 0.09936520 0.36865234 -0.04565431
v 0.09936520 0.37353516 -0.06811525
v 0.10473629 0.39990234 -0.04370119
v 0.10375973 0.40478516 -0.06665041
v 0.05932613 0.25439453 -0.13891603
v 0.11499020 0.30273438 -0.10375978
v 0.12817378 0.30712891 -0.12426759
v 0.12866206 0.28173828 -0.13305666
v 0.12768550 0.25683594 -0.14526369
v 0.11352535 0.32714844 -0.09741212
v 0.12524410 0.33300781 -0.11743166
v 0.11254879 0.35058594 -0.09301759
v 0.12182613 0.35791016 -0.11206056
v 0.11694331 0.38525391 -0.10668947
v 0.13159175 0.33789062 -0.14282228
v 0.12719722 0.36425781 -0.13745119
v 0.12036128 0.39160156 -0.13256837
v 0.05639643 0.22753905 -0.21069336
v 0.05932612 0.21923827 -0.19116212
v 0.05444331 0.23828124 -0.17407227
v 0.05102534 0.24511717 -0.19750977
v 0.06665035 0.21142577 -0.17504884
v 0.06323238 0.23242188 -0.15502931
v 0.04956050 0.25878906 -0.16088867
v 0.04516597 0.26367188 -0.18725586
v 0.05981440 0.21142577 -0.22534181
v 0.06176753 0.20214842 -0.20825195
v 0.06860347 0.19433592 -0.19506836
v 0.06225581 0.19628905 -0.23950195
v 0.06420893 0.18798827 -0.22436523
v 0.07006831 0.18115233 -0.21166992
v 0.05834956 0.23583983 -0.23120119
v 0.05346674 0.25195312 -0.22192383
v 0.04760737 0.26904297 -0.21459961
v 0.06225580 0.22021483 -0.24243166
v 0.06372065 0.20507811 -0.25463867
v 0.06469721 0.17480467 -0.23803711
v 0.06274409 0.18164061 -0.25268555
v 0.06469721 0.18994139 -0.26733398
v 0.06567377 0.24218749 -0.24731447
v 0.06811517 0.22705077 -0.25659180
v 0.07006830 0.21240233 -0.26733398
v 0.06225580 0.25683594 -0.24047853
v 0.05688471 0.27294922 -0.23559572
v 0.09204097 0.18749999 -0.18530273
v 0.09301753 0.20605469 -0.16186523
v 0.07788081 0.20703125 -0.16577148
v 0.07885738 0.18896483 -0.18774414
v 0.10913081 0.20849609 -0.16577150
v 0.10620113 0.18994139 -0.18872070
v 0.07983394 0.17724608 -0.20385742
v 0.09155269 0.17626952 -0.20190430
v 0.10375972 0.17822264 -0.20532227
v 0.12475581 0.23486328 -0.16088869
v 0.12133785 0.21484374 -0.17846681
v 0.11743160 0.19677733 -0.19848633
v 0.12377924 0.20507811 -0.21166992
v 0.12768550 0.22265624 -0.19604494
v 0.13159175 0.24121092 -0.18139650
v 0.13500972 0.26171875 -0.16821291
v 0.07983393 0.16601561 -0.21704102
v 0.07055659 0.16943358 -0.22485352
v 0.09106440 0.16552733 -0.21508789
v 0.10229487 0.16699217 -0.21850586
v 0.07055659 0.15771483 -0.23510742
v 0.07983393 0.15478514 -0.22729492
v 0.09057612 0.15429686 -0.22534180
v 0.10180659 0.15576170 -0.22827148
v 0.07983393 0.14355467 -0.23461914
v 0.07055659 0.14550780 -0.24243164
v 0.06762690 0.11523438 -0.26245117
v 0.06518549 0.13671874 -0.25854492
v 0.06420893 0.14941405 -0.25463867
v 0.06420893 0.16210936 -0.24780273
v 0.09057612 0.14306639 -0.23217773
v 0.10180659 0.14404295 -0.23510742
v 0.06176752 0.16796874 -0.26342773
v 0.06127924 0.15332030 -0.26977539
v 0.11401362 0.18310545 -0.21411133
v 0.11157221 0.17041014 -0.22680664
v 0.11108393 0.15869139 -0.23657227
v 0.11791987 0.17578124 -0.23901367
v 0.12036128 0.18994139 -0.22631836
v 0.11108393 0.14648436 -0.24340820
v 0.11889643 0.11669922 -0.26245120
v 0.11791987 0.13769530 -0.25903323
v 0.11743159 0.15039061 -0.25512698
v 0.11743159 0.16308592 -0.24877930
v 0.12573236 0.21386717 -0.22680666
v 0.12231440 0.19775389 -0.24047852
v 0.12036128 0.18261717 -0.25317386
v 0.12036128 0.15429686 -0.26928714
v 0.11987299 0.16796874 -0.26342776
v 0.07788080 0.23193358 -0.26586914
v 0.07641596 0.24609374 -0.25756836
v 0.07397455 0.26025391 -0.25170898
v 0.12915035 0.22998045 -0.21411134
v 0.12231440 0.22167967 -0.24194337
v 0.11938471 0.20605467 -0.25415042
v 0.11791986 0.19042967 -0.26684573
v 0.11499017 0.24267577 -0.24633791
v 0.12475581 0.23681639 -0.23120119
v 0.11352533 0.22802733 -0.25561523
v 0.11206049 0.21289061 -0.26635742
v 0.11694331 0.25781250 -0.23901369
v 0.12768549 0.25292969 -0.22192384
v 0.13256831 0.24755858 -0.20239259
v 0.10131830 0.23242186 -0.26538086
v 0.10180658 0.24658202 -0.25708008
v 0.10229486 0.26074219 -0.25122070
v 0.01245112 0.31494141 -0.16870117
v 0.02319331 0.31396484 -0.16918945
v 0.03051753 0.30761719 -0.17114258
v 0.01245112 0.32031250 -0.19458008
v 0.02319331 0.31884766 -0.19555664
v 0.03051753 0.31250000 -0.19799805
v 0.03588862 0.29541016 -0.17456055
v 0.03686518 0.30078125 -0.20239258
v 0.04028315 0.28125000 -0.17944336
v 0.04174799 0.28662109 -0.20776367
v 0.04321283 0.30859375 -0.22680664
v 0.03393549 0.32031250 -0.22192383
v 0.02465815 0.32714844 -0.21850586
v 0.05053705 0.29296875 -0.23120117
v 0.07055658 0.27636719 -0.24877931
v 0.06567377 0.29833984 -0.24536134
v 0.01293940 0.32910156 -0.21704102
v 0.01391596 0.34326172 -0.23510742
v 0.02856439 0.33984375 -0.23559570
v 0.01586908 0.36230469 -0.24633789
v 0.03344721 0.35791016 -0.24682617
v 0.01782220 0.37890625 -0.25073242
v 0.03637689 0.37646484 -0.25122070
v 0.08374017 0.29980469 -0.25024414
v 0.08081049 0.32421875 -0.25170898
v 0.07641596 0.34960938 -0.25317383
v 0.05395501 0.37158203 -0.25268555
v 0.07446283 0.37451172 -0.25219727
v 0.08764642 0.26171875 -0.25561523
v 0.08618158 0.27783203 -0.25317383
v 0.10229486 0.27734375 -0.24780275
v 0.11791986 0.27539062 -0.23364259
v 0.11840814 0.29736328 -0.22875978
v 0.10131830 0.29882812 -0.24438478
v 0.13012689 0.27148438 -0.21411134
v 0.13110346 0.29443359 -0.20727541
v 0.11743158 0.32226562 -0.22631837
v 0.10083002 0.32373047 -0.24389650
v 0.13012689 0.31982422 -0.20239259
v 0.11547846 0.34814453 -0.22436525
v 0.11157221 0.37500000 -0.22192384
v 0.12377924 0.37353516 -0.19555666
v 0.12719721 0.34570312 -0.19848634
v 0.12866206 0.36962891 -0.16625978
v 0.13256831 0.34228516 -0.17114259
v 0.12231440 0.39794922 -0.16235353
v 0.11743158 0.40087891 -0.19213869
v 0.10571283 0.40087891 -0.21899416
v 0.09887689 0.34960938 -0.24389650
v 0.09545892 0.37548828 -0.24194337
v 0.07202142 0.39550781 -0.24926759
v 0.09008783 0.39843750 -0.23901369
v 0.13647456 0.28613281 -0.15649416
v 0.13549800 0.31152344 -0.14916994
v 0.13598628 0.26708984 -0.19165041
v 0.13745113 0.29052734 -0.18286134
v 0.13647456 0.31591797 -0.17651369
v 0.07543940 0.00195312 -0.27075192
v 0.07104487 0.00488281 -0.27319333
v 0.08227534 0.00195312 -0.28100583
v 0.07836909 0.00537109 -0.28540036
v 0.09008784 0.00244141 -0.28784177
v 0.08813471 0.00537109 -0.29321286
v 0.09985346 0.00244141 -0.29077145
v 0.09887690 0.00585938 -0.29663083
v 0.10913081 0.00292969 -0.28881833
v 0.11840815 0.00292969 -0.28295898
v 0.12670894 0.00292969 -0.27368164
v 0.13256831 0.00292969 -0.26391602
v 0.10961909 0.00585938 -0.29467770
v 0.12036128 0.00634766 -0.28735352
v 0.13012691 0.00634766 -0.27709961
v 0.06616206 0.01220703 -0.27612302
v 0.06518549 0.02441406 -0.27856442
v 0.06665034 0.03710938 -0.28100583
v 0.07348628 0.02343750 -0.29321286
v 0.07446284 0.01269531 -0.28979489
v 0.07446284 0.03613281 -0.29565427
v 0.06665034 0.05126953 -0.26928711
v 0.06762690 0.06591797 -0.27270508
v 0.06860346 0.04931641 -0.28393555
v 0.07543940 0.04833984 -0.29760742
v 0.06958003 0.06494141 -0.28637695
v 0.06860346 0.09082031 -0.26293945
v 0.06713862 0.09033203 -0.27514648
v 0.06958003 0.09033203 -0.28784180
v 0.08618159 0.01269531 -0.29858395
v 0.08569331 0.02343750 -0.30249020
v 0.08520503 0.03564453 -0.30493161
v 0.09838862 0.01318359 -0.30151364
v 0.09790034 0.02392578 -0.30541989
v 0.09692378 0.03613281 -0.30786130
v 0.07592768 0.06445312 -0.29907227
v 0.08520503 0.04785156 -0.30639648
v 0.07495111 0.09033203 -0.29956055
v 0.08520502 0.06396484 -0.30737305
v 0.08325189 0.09082031 -0.30834961
v 0.09643549 0.04785156 -0.30932617
v 0.09497064 0.06445312 -0.31030273
v 0.09301752 0.09082031 -0.31176758
v 0.11010737 0.01318359 -0.29858395
v 0.10913081 0.02392578 -0.30200192
v 0.10864253 0.03662109 -0.30444333
v 0.12133784 0.01318359 -0.29077148
v 0.12084956 0.02490234 -0.29370117
v 0.11987299 0.03759766 -0.29663086
v 0.12866205 0.03906250 -0.28442386
v 0.10766596 0.04882812 -0.30639648
v 0.10571283 0.06494141 -0.30688477
v 0.11791987 0.04980469 -0.29809573
v 0.11547846 0.06542969 -0.29858401
v 0.10375971 0.09130859 -0.30786133
v 0.11352533 0.09179688 -0.29956055
v 0.12524408 0.05126953 -0.28588870
v 0.12231440 0.06640625 -0.28735355
v 0.12036128 0.09228516 -0.28833011
v 0.06518549 0.11669922 -0.27514648
v 0.06665033 0.11816406 -0.28784180
v 0.06225580 0.13916014 -0.27221680
v 0.06372064 0.14208983 -0.28735352
v 0.07202142 0.11914062 -0.30004883
v 0.08032221 0.12011719 -0.30932617
v 0.09106439 0.12060547 -0.31323242
v 0.10229486 0.12060547 -0.30883789
v 0.06909174 0.14404295 -0.30053711
v 0.07836908 0.14550780 -0.31030273
v 0.08959955 0.14648436 -0.31469727
v 0.12133784 0.09228516 -0.26391605
v 0.12329096 0.09228516 -0.27612308
v 0.12573238 0.06787109 -0.27368167
v 0.12915035 0.05371094 -0.27172855
v 0.12084956 0.11816406 -0.27514651
v 0.11840814 0.11914062 -0.28784183
v 0.12036128 0.14062499 -0.27270511
v 0.11840814 0.14257811 -0.28637698
v 0.11157221 0.12011719 -0.29956055
v 0.11108392 0.14453124 -0.30004883
v 0.10131830 0.14599608 -0.30981445
v 0.13647456 0.00585938 -0.26586914
v 0.06274408 0.15771483 -0.28588867
v 0.06372064 0.17333983 -0.27954102
v 0.07006830 0.19775389 -0.27905273
v 0.08959955 0.16552733 -0.31567383
v 0.07934564 0.20410155 -0.28784180
v 0.08959955 0.17578124 -0.31420898
v 0.08959955 0.18603514 -0.30883789
v 0.08959955 0.19580077 -0.30200195
v 0.11840814 0.15820311 -0.28491214
v 0.11791986 0.17382811 -0.27905276
v 0.11157221 0.19775389 -0.27807617
v 0.10131830 0.20458983 -0.28833008
v 0.07885736 0.21777342 -0.27612305
v 0.08911127 0.23388670 -0.26879883
v 0.08959955 0.22021483 -0.27954102
v 0.08959955 0.20703124 -0.29125977
v 0.10131830 0.21874999 -0.27612305
v 0.08862299 0.24755858 -0.26098633
v 0.02026361 0.39550781 -0.25268555
v 0.03881830 0.39404297 -0.25268555
v 0.05541986 0.39306641 -0.25219727
v 0.02124019 0.50390625 -0.03930665
v 0.07397457 0.47656250 -0.03979494
v 0.02319332 0.50488281 -0.06274415
v 0.07153316 0.48095703 -0.06323244
v 0.07006831 0.48388672 -0.08374025
v 0.04858394 0.49853516 -0.08422853
v 0.02270503 0.50585938 -0.08471680
v 0.06958003 0.48632812 -0.10522462
v 0.04809565 0.49951172 -0.10620119
v 0.02319331 0.50634766 -0.10668946
v 0.06860346 0.48730469 -0.12915041
v 0.04711909 0.49902344 -0.12963867
v 0.02270503 0.50585938 -0.13012695
v 0.10131832 0.43017578 -0.04174807
v 0.08959957 0.45605469 -0.04077150
v 0.09936520 0.43505859 -0.06469728
v 0.08764644 0.46044922 -0.06372072
v 0.09790035 0.43798828 -0.08276369
v 0.10766597 0.41406250 -0.10375978
v 0.09790035 0.44189453 -0.10327150
v 0.08618160 0.46386719 -0.08276369
v 0.08569331 0.46679688 -0.10424807
v 0.11010737 0.41992188 -0.12963869
v 0.09887690 0.44580078 -0.12866212
v 0.08569331 0.46972656 -0.12866212
v 0.02221674 0.49902344 -0.17749023
v 0.02075189 0.49218750 -0.19848633
v 0.02270502 0.50390625 -0.15405273
v 0.04614252 0.49658203 -0.15454102
v 0.04370111 0.49169922 -0.17846680
v 0.04077142 0.48486328 -0.20043945
v 0.06665034 0.48583984 -0.15502931
v 0.06274408 0.48095703 -0.17993166
v 0.05786127 0.47460938 -0.20288087
v 0.03686517 0.42871094 -0.24975586
v 0.04321283 0.45117188 -0.23901367
v 0.02416986 0.41113281 -0.25317383
v 0.03247064 0.44775391 -0.24731445
v 0.02856439 0.43212891 -0.25170898
v 0.01635736 0.42138672 -0.25415039
v 0.05151361 0.46533203 -0.22290039
v 0.06420892 0.45214844 -0.22729494
v 0.07495111 0.43652344 -0.23217775
v 0.08374017 0.41894531 -0.23608400
v 0.01879876 0.48437500 -0.21508789
v 0.01635736 0.47802734 -0.22729492
v 0.03637689 0.47656250 -0.21850586
v 0.03149408 0.46777344 -0.23168945
v 0.02661126 0.46191406 -0.24291992
v 0.01440423 0.47314453 -0.23950195
v 0.01342767 0.47119141 -0.25463867
v 0.02416985 0.46044922 -0.25610352
v 0.02807610 0.44677734 -0.25805664
v 0.07983392 0.46679688 -0.18237306
v 0.07299799 0.46093750 -0.20678712
v 0.02416985 0.43359375 -0.26000977
v 0.11157221 0.42480469 -0.15893556
v 0.09936518 0.44873047 -0.15698244
v 0.10766596 0.42626953 -0.18872072
v 0.09497064 0.44824219 -0.18530275
v 0.08422846 0.47021484 -0.15551759
v 0.08666986 0.44384766 -0.21069337
v 0.09790033 0.42431641 -0.21508791
v 0.01342767 0.42382812 -0.26098633
v 0.01342767 0.42382812 -0.27563477
v 0.02416985 0.43359375 -0.27465820
v 0.01391594 0.42285156 -0.29516602
v 0.02514641 0.43310547 -0.29467773
v 0.02856438 0.44677734 -0.27368164
v 0.02954094 0.44628906 -0.29321289
v 0.01440422 0.42285156 -0.31665039
v 0.02514641 0.43310547 -0.31567383
v 0.02954094 0.44628906 -0.31469727
v 0.02416985 0.45996094 -0.27221680
v 0.01342767 0.47021484 -0.27124023
v 0.02514641 0.45947266 -0.29223633
v 0.01391594 0.47021484 -0.29125977
v 0.01440422 0.47070312 -0.31225586
v 0.02514641 0.45996094 -0.31323242
v 0.02514641 0.46142578 -0.33471680
v 0.01440422 0.47216797 -0.33325195
v 0.01440422 0.42333984 -0.33911133
v 0.02514641 0.43359375 -0.33764648
v 0.01489250 0.42480469 -0.36206055
v 0.02612297 0.43603516 -0.36059570
v 0.02954094 0.44775391 -0.33618164
v 0.03051750 0.45019531 -0.35815430
v 0.01538078 0.42773435 -0.38549805
v 0.02709953 0.43896481 -0.38354492
v 0.03149406 0.45410156 -0.38012695
v 0.02612297 0.46484375 -0.35571289
v 0.01489250 0.47558594 -0.35424805
v 0.02709953 0.46875000 -0.37670898
v 0.01538078 0.48046875 -0.37426758
v 0.01538077 0.48535156 -0.39282227
v 0.02758780 0.47412109 -0.39672852
v 0.01538077 0.43310544 -0.40942383
v 0.02758780 0.44433594 -0.40600586
v 0.03198234 0.45898438 -0.40161133
v 0.01538077 0.44189450 -0.43237305
v 0.02758780 0.45214841 -0.42797852
v 0.01538077 0.45410153 -0.45288086
v 0.03198233 0.46582031 -0.42163086
v 0.01538077 0.49121094 -0.40991211
v 0.02758780 0.47998047 -0.41528320
v 0.02661124 0.46337888 -0.44750977
v 0.03149405 0.47607419 -0.43969727
v 0.01538077 0.49853516 -0.42602539
v 0.02661124 0.48828122 -0.43237305
v 0.01440420 0.50830078 -0.44067383
v 0.02563467 0.49902341 -0.44750977
v 0.03002920 0.48828122 -0.45581055
v 0.02563467 0.47753903 -0.46362305
v 0.01440420 0.46923825 -0.46948242
v 0.02758779 0.50195312 -0.46850586
v 0.02368154 0.51171875 -0.46020508
v 0.01342764 0.51953125 -0.45385742
v 0.02368154 0.49267575 -0.47680664
v 0.01342764 0.48583981 -0.48266602
v 0.02514639 0.51562500 -0.47827148
v 0.02124014 0.50830078 -0.48608398
v 0.01196279 0.50292969 -0.49194336
v 0.01000966 0.52148438 -0.49731445
v 0.01782217 0.52539062 -0.49194336
v 0.00903310 0.54980469 -0.47436523
v 0.01538076 0.54638672 -0.48022461
v 0.00805654 0.53759766 -0.49829102
v 0.01489248 0.53955078 -0.49389648
v 0.02124013 0.53076172 -0.48461914
v 0.01782217 0.54296875 -0.48706055
v 0.00707998 0.55566406 -0.47827148
v 0.01245107 0.55273438 -0.48217773
v 0.01391591 0.55078125 -0.48803711
v 0.00463857 0.55859375 -0.48266602
v 0.00903310 0.55664062 -0.48315430
v 0.00463857 0.55859375 -0.48803711
v 0.00952138 0.55566406 -0.48803711
f 1 2 3
f 4 3 5
f 5 6 4
f 6 7 4
f 8 9 10
f 11 12 13
f 7 14 4
f 12 15 16
f 16 13 12
f 17 4 14
f 18 19 20
f 21 22 23
f 8 23 24
f 25 19 26
f 27 20 28
f 28 29 27
f 30 31 32
f 33 34 35
f 36 37 38
f 39 40 41
f 42 43 44
f 4 45 3
f 46 32 47
f 32 46 30
f 4 46 45
f 4 30 46
f 4 33 30
f 4 48 33
f 4 39 48
f 4 43 39
f 4 49 43
f 4 50 49
f 4 51 50
f 4 52 51
f 52 4 53
f 54 53 4
f 4 55 54
f 56 55 4
f 4 57 58
f 17 57 4
f 4 58 59
f 4 59 60
f 4 60 56
f 61 62 22
f 22 62 63
f 64 23 65
f 64 24 23
f 38 66 67
f 68 69 66
f 69 70 66
f 71 67 66
f 50 72 73
f 72 50 51
f 51 74 72
f 75 76 71
f 77 78 79
f 80 81 79
f 82 83 84
f 85 86 83
f 86 85 87
f 86 87 88
f 88 89 90
f 90 91 88
f 91 90 92
f 92 93 91
f 94 95 96
f 94 97 95
f 97 94 98
f 99 100 101
f 102 103 104
f 105 106 107
f 108 105 107
f 109 110 111
f 112 111 110
f 105 108 113
f 110 114 112
f 115 116 117
f 118 115 117
f 117 119 118
f 116 115 120
f 121 120 115
f 115 118 122
f 115 123 121
f 122 123 115
f 124 125 126
f 127 126 125
f 127 128 126
f 127 129 128
f 130 131 132
f 133 131 130
f 134 131 133
f 134 135 136
f 137 138 139
f 140 141 142
f 143 144 145
f 146 147 148
f 149 150 151
f 151 150 152
f 149 153 154
f 155 156 157
f 158 159 160
f 161 162 163
f 164 165 166
f 166 167 168
f 168 164 166
f 169 170 171
f 170 169 172
f 173 174 175
f 173 175 176
f 177 176 178
f 179 180 181
f 182 180 179
f 180 183 179
f 184 185 186
f 185 184 187
f 188 189 190
f 190 191 188
f 190 192 188
f 189 193 190
f 190 193 191
f 194 190 193
f 194 195 193
f 193 196 194
f 197 198 199
f 200 197 199
f 198 197 201
f 197 200 202
f 203 201 197
f 197 202 203
f 204 205 206
f 206 205 207
f 207 208 209
f 170 172 210
f 211 212 209
f 212 211 213
f 214 213 211
f 215 216 217
f 218 219 220
f 219 218 221
f 220 222 218
f 223 221 218
f 223 224 221
f 225 226 227
f 228 225 227
f 227 229 228
f 230 231 232
f 233 234 235
f 236 237 238
f 239 240 241
f 241 240 242
f 243 244 245
f 246 247 248
f 249 250 251
f 252 253 254
f 254 255 252
f 256 257 258
f 258 257 259
f 260 248 247
f 259 261 258
f 253 252 262
f 252 263 264
f 265 266 267
f 268 269 270
f 270 271 268
f 272 270 269
f 271 270 273
f 274 273 270
f 272 274 270
f 275 276 277
f 278 279 280
f 280 281 278
f 282 283 281
f 279 278 284
f 285 286 287
f 285 287 288
f 287 289 288
f 288 290 291
f 292 160 293
f 159 293 160
f 294 295 293
f 293 159 294
f 159 296 294
f 297 295 294
f 294 298 297
f 294 299 298
f 294 300 299
f 294 301 300
f 301 294 302
f 296 233 294
f 303 294 233
f 294 303 304
f 294 304 305
f 294 305 306
f 294 306 307
f 294 307 308
f 309 302 294
f 310 309 294
f 311 310 294
f 294 308 311
f 312 313 314
f 315 314 313
f 313 316 315
f 317 302 318
f 319 320 321
f 319 322 320
f 321 323 319
f 324 325 326
f 327 328 310
f 329 330 331
f 330 329 332
f 329 333 332
f 334 335 336
f 337 338 339
f 338 340 339
f 339 341 337
f 342 343 344
f 345 342 344
f 339 346 341
f 347 346 348
f 345 349 342
f 349 345 348
f 348 346 349
f 263 350 351
f 352 353 354
f 355 356 340
f 355 357 356
f 357 355 358
f 359 360 361
f 360 362 363
f 363 361 360
f 364 365 366
f 365 364 367
f 364 368 367
f 263 351 369
f 263 369 264
f 370 371 372
f 373 374 375
f 376 375 374
f 377 138 378
f 138 377 379
f 379 380 138
f 248 260 381
f 381 382 383
f 375 384 373
f 385 386 387
f 388 387 389
f 387 390 389
f 389 391 388
f 389 392 391
f 390 393 389
f 394 392 389
f 389 395 394
f 389 396 395
f 389 397 396
f 389 398 397
f 389 399 398
f 389 400 399
f 389 401 400
f 401 389 402
f 393 403 389
f 403 404 389
f 404 405 389
f 406 389 405
f 389 406 407
f 389 407 408
f 409 410 389
f 408 409 389
f 389 410 402
f 411 412 413
f 411 414 415
f 416 417 418
f 419 416 418
f 418 420 419
f 416 421 422
f 420 423 419
f 423 424 419
f 425 422 421
f 425 414 422
f 394 426 427
f 392 394 427
f 427 428 392
f 426 394 429
f 395 429 394
f 395 430 429
f 431 432 398
f 399 431 398
f 399 433 431
f 434 435 424
f 436 437 438
f 439 438 437
f 437 440 439
f 423 434 424
f 441 442 443
f 440 444 439
f 445 439 444
f 446 447 444
f 448 449 450
f 451 452 449
f 449 448 451
f 451 453 452
f 444 454 445
f 455 456 445
f 457 458 459
f 460 461 462
f 462 453 460
f 451 460 453
f 463 464 465
f 466 465 467
f 466 468 469
f 470 471 468
f 468 472 473
f 468 473 470
f 474 470 473
f 475 476 477
f 478 479 480
f 481 482 483
f 482 481 484
f 481 485 484
f 485 486 484
f 487 488 489
f 490 487 489
f 491 490 489
f 487 492 488
f 493 494 495
f 496 495 494
f 493 495 497
f 497 498 493
f 499 500 501
f 502 503 504
f 503 502 505
f 502 506 505
f 503 505 507
f 508 509 510
f 511 512 513
f 512 511 514
f 515 516 517
f 516 518 517
f 519 520 521
f 522 521 523
f 524 525 526
f 518 527 517
f 525 528 526
f 529 526 528
f 527 530 517
f 531 532 533
f 532 534 533
f 535 533 534
f 534 536 535
f 537 538 539
f 540 541 542
f 543 544 545
f 546 547 548
f 549 550 551
f 552 553 554
f 517 552 515
f 517 555 552
f 517 537 555
f 517 540 537
f 517 556 540
f 556 517 543
f 557 517 530
f 546 543 517
f 558 546 517
f 559 558 517
f 560 559 517
f 561 560 517
f 562 561 517
f 563 562 517
f 564 563 517
f 565 564 517
f 566 567 517
f 517 567 565
f 517 557 568
f 517 568 569
f 517 569 566
f 570 571 572
f 571 573 574
f 575 576 577
f 578 577 579
f 551 578 579
f 580 579 581
f 580 582 579
f 583 584 585
f 547 546 558
f 547 558 586
f 587 560 588
f 589 590 591
f 590 592 591
f 591 593 583
f 584 583 594
f 583 595 594
f 595 596 597
f 598 599 600
f 601 602 603
f 603 604 601
f 605 606 607
f 608 609 606
f 606 605 608
f 604 599 610
f 611 612 613
f 614 615 616
f 617 618 619
f 620 617 619
f 617 620 621
f 622 623 624
f 625 626 627
f 628 625 627
f 625 628 629
f 626 625 630
f 631 630 625
f 625 629 632
f 632 631 625
f 630 631 633
f 634 635 636
f 637 638 639
f 637 640 641
f 642 643 644
f 642 645 643
f 645 642 646
f 647 641 640
f 647 648 641
f 646 649 645
f 650 651 652
f 178 653 177
f 654 655 656
f 656 657 654
f 658 659 660
f 659 661 660
f 662 663 664
f 665 663 662
f 662 666 663
f 667 668 669
f 667 670 668
f 670 667 671
f 672 673 674
f 675 676 677
f 675 678 679
f 679 676 675
f 680 675 679
f 655 654 681
f 682 683 684
f 685 686 687
f 686 688 687
f 689 687 688
f 687 689 690
f 691 690 689
f 692 693 694
f 695 696 697
f 698 699 696
f 700 699 701
f 699 698 701
f 683 682 695
f 702 703 704
f 705 706 707
f 708 709 710
f 708 711 709
f 710 712 708
f 702 713 714
f 715 714 713
f 716 717 718
f 718 719 716
f 720 721 722
f 716 723 717
f 724 725 726
f 727 728 729
f 730 731 732
f 733 732 731
f 734 735 736
f 737 738 739
f 740 741 742
f 743 744 745
f 746 747 748
f 746 749 747
f 750 751 752
f 750 753 751
f 740 754 741
f 750 755 753
f 756 746 748
f 757 758 759
f 760 761 746
f 762 763 764
f 765 766 767
f 768 769 770
f 768 771 769
f 768 772 721
f 768 773 772
f 768 770 773
f 721 774 768
f 774 724 768
f 775 768 724
f 771 768 776
f 777 776 768
f 778 777 768
f 779 778 768
f 780 779 768
f 781 780 768
f 768 775 782
f 768 782 783
f 768 783 784
f 768 784 785
f 785 786 768
f 768 786 781
f 787 778 788
f 789 790 780
f 791 792 793
f 792 791 794
f 794 795 792
f 796 797 798
f 799 798 797
f 797 800 799
f 801 802 803
f 803 804 801
f 805 804 803
f 806 807 808
f 807 806 809
f 809 810 807
f 811 812 809
f 813 814 815
f 816 817 818
f 819 818 817
f 817 820 819
f 821 822 823
f 822 824 813
f 824 822 825
f 821 825 822
f 826 821 823
f 827 828 829
f 821 826 830
f 831 830 832
f 831 833 830
f 834 835 761
f 833 831 836
f 836 837 833
f 814 813 824
f 814 824 838
f 839 840 824
f 824 825 841
f 824 841 839
f 842 843 844
f 843 845 846
f 846 844 843
f 847 848 849
f 850 851 848
f 848 847 850
f 852 853 854
f 855 856 854
f 857 858 856
f 856 855 857
f 859 834 761
f 761 760 859
f 860 861 862
f 863 861 864
f 861 860 864
f 865 866 867
f 867 866 868
f 869 870 871
f 872 651 873
f 874 873 651
f 651 875 874
f 754 740 876
f 876 877 878
f 867 868 879
f 880 881 882
f 883 884 885
f 880 884 883
f 885 886 883
f 886 887 883
f 883 888 880
f 883 889 888
f 883 890 891
f 883 892 890
f 883 893 889
f 891 893 883
f 883 894 892
f 883 895 894
f 883 896 895
f 883 897 896
f 897 883 898
f 887 899 883
f 899 900 883
f 901 883 900
f 883 902 903
f 904 902 883
f 883 903 905
f 883 901 904
f 905 898 883
f 881 880 888
f 888 906 881
f 891 907 908
f 907 891 890
f 890 909 907
f 909 890 910
f 892 910 890
f 910 892 911
f 912 913 914
f 913 915 916
f 916 914 913
f 915 917 916
f 918 916 917
f 917 919 918
f 919 920 918
f 921 922 923
f 924 925 926
f 927 922 925
f 922 928 925
f 922 929 928
f 930 928 929
f 928 930 931
f 930 932 931
f 933 934 935
f 936 937 938
f 937 939 938
f 940 938 939
f 939 941 940
f 942 940 941
f 940 942 943
f 942 944 943
f 945 943 946
f 947 948 949
f 896 950 951
f 952 953 954
f 955 954 956
f 957 958 959
f 960 961 962
f 963 961 964
f 961 963 965
f 965 962 961
f 962 965 966
f 967 968 966
f 969 970 967
f 971 972 973
f 974 975 976
f 977 974 976
f 977 978 974
f 977 979 978
f 980 981 982
f 983 980 982
f 984 983 982
f 980 985 981
f 986 987 988
f 989 988 987
f 989 987 990
f 990 991 989
f 992 993 994
f 995 996 997
f 998 996 995
f 995 999 998
f 996 998 1000
f 1001 1002 1003
f 1004 1005 1006
f 1006 1007 1004
f 1008 1009 1010 1011
f 1008 1012 1013 1009
f 1008 1011 1014 1015
f 1016 1012 1008 1015
f 1017 1013 1012 1018
f 1019 1018 1012 1016
f 1010 1009 1020 1021
f 1020 1009 1013 1022
f 1023 1021 1020 1024
f 1020 1022 1025 1024
f 1010 1021 1026 1027
f 2 1011 1010 1027
f 3 2 1027 5
f 1027 1026 6 5
f 1026 1021 1023 1028
f 1026 1028 7 6
f 1022 1013 1017 1029
f 1022 1029 1030 1025
f 1029 1017 1031 1032
f 1033 1030 1029 1032
f 1031 1017 1018 1034
f 1018 1019 61 1034
f 9 1032 1031 10
f 1031 1034 21 10
f 1035 1023 1024 11
f 1024 1025 12 11
f 1028 1023 1035 1036
f 1028 1036 14 7
f 1025 1030 15 12
f 18 15 1030 1033
f 1036 1035 1037 1038
f 17 14 1036 1038
f 1035 11 13 1037
f 15 18 20 16
f 1032 9 26 1033
f 10 21 23 8
f 25 26 9 8
f 1033 26 19 18
f 19 25 28 20
f 25 8 24 28
f 1039 1040 1041 1042
f 1041 1040 1043 1044
f 1045 1042 1041 1046
f 1047 1046 1041 1044
f 1048 1040 1039 1049
f 1039 1042 32 31
f 35 1049 1039 31
f 1049 1050 1051 1048
f 34 1050 1049 35
f 1052 1051 1050 1053
f 1050 34 1054 1053
f 1055 1043 1040 1048
f 1043 1055 1056 1057
f 1058 1044 1043 1057
f 1048 1051 1059 1055
f 1060 1059 1051 1052
f 1055 1059 1061 1056
f 1059 1060 1062 1061
f 36 1057 1056 37
f 1056 1061 68 37
f 1052 1053 1063 1064
f 1063 1065 1066 1064
f 1063 1053 1054 41
f 40 1065 1063 41
f 1065 1067 1068 1066
f 42 1067 1065 40
f 1067 42 44 1069
f 1070 1068 1067 1069
f 1060 1052 1064 1071
f 1064 1066 1072 1071
f 1073 1072 1066 1068
f 1060 1071 1074 1062
f 1071 1072 1075 1074
f 1072 1073 1076 1075
f 1077 1073 1068 1070
f 1073 1077 1078 1076
f 1 1014 1011 2
f 1079 1014 1 1080
f 45 1080 1 3
f 1081 1015 1014 1079
f 1045 1079 1080 47
f 1045 1046 1081 1079
f 32 1042 1045 47
f 46 47 1080 45
f 1082 1016 1015 1081
f 1016 1082 1083 1019
f 1082 1081 1046 1047
f 1047 1044 1058 1084
f 1083 1082 1047 1084
f 31 30 33 35
f 34 33 48 1054
f 1019 1083 62 61
f 63 1084 1058 1085
f 1058 1057 36 1085
f 62 1083 1084 63
f 63 1085 1086 22
f 1085 36 38 1086
f 1034 61 22 21
f 22 1086 65 23
f 68 1061 1062 69
f 70 69 1062 1074
f 37 68 66 38
f 67 65 1086 38
f 1087 64 65 67
f 24 64 1088 1089
f 29 28 24 1089
f 1090 1088 64 1087
f 41 1054 48 39
f 40 39 43 42
f 1091 44 43 49
f 1069 44 1091 1092
f 1069 1092 1093 1070
f 1092 1091 73 1094
f 1095 1094 73 72
f 73 1091 49 50
f 1092 1094 1096 1093
f 1094 1095 1097 1096
f 1098 1095 72 74
f 1099 1097 1095 1098
f 1100 1093 1096 1101
f 1096 1097 1102 1101
f 1103 1102 1097 1099
f 1100 1077 1070 1093
f 1077 1100 1104 1078
f 1100 1101 1105 1104
f 1101 1102 1106 1105
f 1107 1106 1102 1103
f 74 51 52 1108
f 1109 1098 74 1108
f 1110 1108 52 53
f 1074 1075 75 70
f 76 75 1075 1076
f 71 66 70 75
f 1111 76 1076 1078
f 78 71 76 1111
f 67 71 78 77
f 67 77 1112 1087
f 1078 1104 80 1111
f 1104 1105 81 80
f 1111 80 79 78
f 1105 1106 84 81
f 82 84 1106 1107
f 81 84 83 79
f 86 77 79 83
f 83 82 1113 85
f 1114 1112 77 86
f 53 54 1115 1110
f 1115 54 55 1116
f 55 56 1117 1116
f 1090 1087 1112 1118
f 1112 1114 1119 1118
f 91 1114 86 88
f 93 1119 1114 91
f 1120 1121 1089 1088
f 1089 1121 1122 29
f 1123 1124 1121 1120
f 1121 1124 1125 1122
f 1124 1123 1126 1127
f 1124 1127 1128 1125
f 1129 1120 1088 1090
f 1130 1123 1120 1129
f 1131 1126 1123 1130
f 1127 1126 1132 1133
f 1134 1128 1127 1133
f 1135 1132 1126 1131
f 1132 1135 1136 1137
f 1138 1133 1132 1137
f 1090 1118 1139 1129
f 1140 1130 1129 1139
f 1130 1140 1141 1131
f 1142 1139 1118 1119
f 1139 1142 1143 1140
f 1144 1142 1119 93
f 1145 1143 1142 1144
f 1140 1143 1146 1141
f 1147 1146 1143 1145
f 1148 1135 1131 1141
f 1135 1148 1149 1136
f 1150 1148 1141 1146
f 1148 1150 1151 1149
f 1152 1150 1146 1147
f 1153 1151 1150 1152
f 1099 1098 1109 1154
f 1155 1103 1099 1154
f 1156 1107 1103 1155
f 1157 1109 1108 1110
f 1158 1154 1109 1157
f 1159 1155 1154 1158
f 1107 1156 1113 82
f 1156 1155 1159 1160
f 1161 1113 1156 1160
f 87 85 1113 1161
f 1162 1157 1110 1115
f 96 1158 1157 1162
f 95 1159 1158 96
f 97 1160 1159 95
f 1160 97 89 1161
f 1115 1116 1163 1162
f 94 96 1162 1163
f 90 89 97 98
f 87 1161 89 88
f 1164 1165 1137 1136
f 1137 1165 1166 1138
f 1165 1164 1167 1168
f 1165 1168 1169 1166
f 1136 1149 1170 1164
f 1149 1151 1171 1170
f 1172 1171 1151 1153
f 1164 1170 1173 1167
f 1170 1171 1174 1173
f 1175 1174 1171 1172
f 1168 1176 1177 1169
f 1178 1176 1168 1167
f 1177 1176 1179 1180
f 1181 1169 1177 1182
f 1177 1180 1183 1182
f 1176 1178 1184 1179
f 1167 1173 1185 1178
f 1186 1185 1173 1174
f 1178 1185 1187 1184
f 1185 1186 1188 1187
f 1189 1186 1174 1175
f 1190 1188 1186 1189
f 1191 1187 1188 1192
f 1193 1192 1188 1190
f 1194 99 1195 1196
f 1194 1197 1198 1199
f 1194 1196 1200 1197
f 100 99 1194 1199
f 1201 1195 99 1202
f 99 101 1203 1202
f 1196 1195 1204 1205
f 1206 1200 1196 1205
f 1195 1201 1207 1204
f 1201 1202 1208 104
f 1201 104 103 1207
f 1209 1210 1211 1212
f 1211 1210 1213 1214
f 1215 1212 1211 1198
f 1199 1198 1211 1214
f 1216 1217 1180 1179
f 1180 1217 1218 1183
f 1217 1216 1210 1209
f 1217 1209 1219 1218
f 1220 1216 1179 1184
f 1210 1216 1220 1213
f 1212 1215 1221 1222
f 1219 1209 1212 1222
f 1223 1214 1213 1224
f 1191 1224 1213 1220
f 1225 1223 1224 1226
f 1192 1226 1224 1191
f 100 1199 1214 1223
f 101 100 1223 1225
f 1191 1220 1184 1187
f 1198 1197 1227 1215
f 1197 1200 1228 1227
f 1229 1228 1200 1206
f 1215 1227 1230 1221
f 1231 1230 1227 1228
f 1232 1233 104 1208
f 1234 1233 1232 1235
f 1236 1235 1232 1237
f 1232 1208 1238 1237
f 104 1233 1239 102
f 1233 1234 1240 1239
f 1241 1234 1235 1242
f 1235 1236 1243 1242
f 1244 1240 1234 1241
f 1225 1226 1245 1246
f 1203 101 1225 1246
f 1247 1248 1249 1250
f 1236 1237 1247 1251
f 1252 1251 1247 1250
f 1247 1237 1238 1248
f 1249 1248 1246 1245
f 1246 1248 1238 1203
f 1253 1226 1192 1193
f 1254 1245 1226 1253
f 1255 1249 1245 1254
f 1256 1250 1249 1255
f 1236 1251 1257 1243
f 1251 1252 1258 1257
f 1259 1252 1250 1256
f 1252 1259 1260 1258
f 1259 1256 1261 1262
f 1259 1262 1263 1260
f 1208 1202 1203 1238
f 57 17 1038 1264
f 57 1264 1265 58
f 1038 1037 1266 1264
f 1037 13 1267 1266
f 1268 1267 13 16
f 1264 1266 1269 1265
f 1266 1267 1270 1269
f 1267 1268 1271 1270
f 1272 1268 16 20
f 1273 1271 1268 1272
f 58 1265 1274 59
f 1265 1269 1275 1274
f 1276 27 29 1122
f 20 27 1277 1272
f 1278 1277 27 1276
f 1269 1270 1279 1275
f 1270 1271 1280 1279
f 1271 1273 1281 1280
f 1273 1272 1277 1282
f 1273 1282 1283 1281
f 1277 1278 1284 1282
f 1278 1276 1285 107
f 106 1284 1278 107
f 1282 1284 1286 1283
f 109 1286 1284 106
f 59 1274 1287 60
f 1288 1287 1274 1275
f 60 1287 1117 56
f 1289 1117 1287 1288
f 1116 1117 1289 1163
f 1289 1288 1290 1291
f 94 1163 1289 1291
f 1292 1293 1291 1290
f 98 94 1291 1293
f 1293 1292 1294 1295
f 90 98 1293 1295
f 1275 1279 1290 1288
f 1279 1280 1292 1290
f 1280 1281 1294 1292
f 1296 1294 1281 1283
f 1297 1295 1294 1296
f 1283 1286 1298 1296
f 111 1298 1286 109
f 1299 1297 1296 1298
f 92 90 1295 1297
f 1300 92 1297 1299
f 1299 1298 111 1301
f 1302 1300 1299 1301
f 1122 1125 1285 1276
f 1303 1285 1125 1128
f 108 107 1285 1303
f 1128 1134 1304 1303
f 1134 1133 1138 1305
f 1306 1304 1134 1305
f 106 105 110 109
f 105 113 114 110
f 1303 1304 1307 108
f 1308 1307 1304 1306
f 108 1307 1309 113
f 1310 1309 1307 1308
f 113 1309 1311 114
f 1312 1311 1309 1310
f 1313 1301 111 112
f 114 1311 1314 112
f 1315 1314 1311 1312
f 112 1314 1316 1313
f 1317 1316 1314 1315
f 93 92 1300 1144
f 1302 1145 1144 1300
f 1145 1302 1318 1147
f 1302 1301 1313 1318
f 1319 1152 1147 1318
f 1152 1319 1320 1153
f 1318 1313 1316 1319
f 1319 1316 1317 1320
f 1321 1322 1222 1221
f 1222 1322 1323 1219
f 1322 1321 1324 1325
f 1326 1323 1322 1325
f 1221 1230 1327 1321
f 1328 1327 1230 1231
f 1321 1327 1329 1324
f 1330 1329 1327 1328
f 1331 1324 1329 1332
f 1333 1332 1329 1330
f 1334 1325 1324 1331
f 1335 1331 1332 1336
f 137 1336 1332 1333
f 1337 1305 1138 1166
f 1305 1337 1338 1306
f 1181 1337 1166 1169
f 1339 1338 1337 1181
f 1340 1308 1306 1338
f 1308 1340 1341 1310
f 1342 1340 1338 1339
f 1340 1342 1343 1341
f 1315 1312 1344 1345
f 1315 1345 1346 1317
f 1181 1182 1347 1339
f 1348 1347 1182 1183
f 1349 1342 1339 1347
f 117 1343 1342 1349
f 1350 1349 1347 1348
f 1310 1341 1344 1312
f 1351 1344 1341 1343
f 1352 1345 1344 1351
f 1345 1352 1353 1346
f 1343 117 116 1351
f 119 117 1349 1350
f 120 1352 1351 116
f 1352 120 1354 1353
f 1355 1354 120 121
f 1153 1320 1356 1172
f 1320 1317 1346 1356
f 1172 1356 1357 1175
f 1356 1346 1353 1357
f 1175 1357 1358 1189
f 1357 1353 1354 1358
f 1359 1190 1189 1358
f 1190 1359 1360 1193
f 1358 1354 1355 1359
f 1359 1355 1361 1360
f 1355 121 1362 1361
f 1183 1218 1363 1348
f 1218 1219 1323 1363
f 1348 1363 1364 1350
f 1363 1323 1326 1364
f 1350 1364 124 119
f 125 124 1364 1326
f 119 124 126 118
f 1326 1325 1334 125
f 127 125 1334 1365
f 1334 1331 1335 1365
f 1366 127 1365 1367
f 1368 1367 1365 1335
f 118 126 128 122
f 123 122 128 129
f 1362 121 123 129
f 1362 129 127 1369
f 140 1361 1362 1369
f 127 1366 136 1369
f 131 1366 1367 132
f 1370 132 1367 1368
f 1366 131 134 136
f 135 134 133 1371
f 1372 1373 133 130
f 1374 1371 133 1373
f 132 1370 1375 130
f 1335 1336 1376 1368
f 139 1376 1336 137
f 1377 1370 1368 1376
f 1370 1377 1378 1375
f 1379 1377 1376 139
f 1380 1378 1377 1379
f 142 1253 1193 1360
f 141 1254 1253 142
f 1381 1255 1254 141
f 1255 1381 1261 1256
f 140 142 1360 1361
f 1382 1381 141 140
f 1383 1261 1381 1382
f 1384 1262 1261 1383
f 140 1369 136 1382
f 1382 136 135 1383
f 1385 1384 1383 135
f 1262 1384 1386 1263
f 1384 1385 1387 1386
f 135 1371 1388 1385
f 1389 1388 1371 1374
f 1385 1388 1390 1387
f 1388 1389 1391 1390
f 1373 1372 1392 1393
f 1373 1393 1394 1374
f 1395 1372 130 1375
f 1396 1392 1372 1395
f 1393 1392 1397 1398
f 1393 1398 1399 1394
f 1392 1396 1400 1397
f 1401 1395 1375 1378
f 1395 1401 1402 1396
f 1403 1401 1378 1380
f 1404 1402 1401 1403
f 1396 1402 1405 1400
f 1406 1405 1402 1404
f 1398 1397 1407 1408
f 1398 1408 1409 1399
f 1410 1407 1397 1400
f 1407 1410 1411 1412
f 1413 1408 1407 1412
f 1414 1409 1408 1413
f 1400 1405 1415 1410
f 1416 1415 1405 1406
f 1410 1415 1417 1411
f 1415 1416 1418 1417
f 1374 1394 1419 1389
f 1420 1419 1394 1399
f 1389 1419 1421 1391
f 1419 1420 1422 1421
f 1399 1409 1423 1420
f 1424 1423 1409 1414
f 1420 1423 1425 1422
f 1423 1424 1426 1425
f 1231 1228 1229 1427
f 1231 1427 1428 1328
f 1427 1229 1429 1430
f 1427 1430 1431 1428
f 1432 1433 1434 1435
f 1432 1436 1437 1433
f 1438 1436 1432 1439
f 1432 1435 1440 1439
f 1436 1441 1442 1437
f 1443 1441 1436 1438
f 1442 1441 1444 1445
f 1446 1437 1442 1447
f 1442 1445 1448 1447
f 1449 1444 1441 1443
f 1450 1445 1444 143
f 144 143 1444 1449
f 1451 1448 1445 1450
f 1452 1450 143 145
f 1453 1435 1434 1454
f 1440 1435 1453 1455
f 1453 1454 1456 1455
f 1454 1434 1457 1458
f 1454 1458 1459 1456
f 1434 1433 1460 1457
f 1433 1437 1446 1460
f 1458 1457 1461 1462
f 1458 1462 1463 1459
f 1464 1461 1457 1460
f 1465 1462 1461 1466
f 1461 1464 1467 1466
f 1462 1465 1468 1463
f 1465 1466 1469 1468
f 1464 1460 1446 1470
f 1446 1447 1471 1470
f 1447 1448 1472 1471
f 1473 1474 1470 1471
f 1467 1464 1470 1474
f 1475 1467 1474 1476
f 1474 1473 1477 1476
f 1478 1472 1448 1451
f 146 1473 1471 1472
f 1473 146 148 1477
f 147 146 1472 1478
f 1466 1467 1475 1469
f 1479 1469 1475 1480
f 1475 1476 1481 1480
f 1476 1477 1482 1481
f 1483 1482 1477 148
f 1484 1438 1439 1485
f 1486 1485 1439 1440
f 1438 1484 1487 1443
f 1488 1484 1485 1489
f 1490 1489 1485 1486
f 1491 1487 1484 1488
f 1492 1449 1443 1487
f 1493 144 1449 1492
f 1487 1491 1494 1492
f 1495 1488 1489 1496
f 1489 1490 1497 1496
f 1498 1491 1488 1495
f 1499 1494 1491 1498
f 1495 1496 1500 1501
f 1502 1498 1495 1501
f 1455 1456 1503 1504
f 1503 1456 1459 1505
f 1503 1505 1506 1507
f 1508 1504 1503 1507
f 1505 1459 1463 1509
f 1505 1509 1510 1506
f 1486 1440 1455 1504
f 1490 1486 1504 1508
f 1463 1468 1511 1509
f 1479 1511 1468 1469
f 1512 1511 1479 1513
f 1479 1480 1514 1513
f 1509 1511 1512 1510
f 1507 1506 1515 1516
f 1507 1516 1517 1508
f 1518 1515 1506 1510
f 1516 1515 1519 1520
f 1521 1517 1516 1520
f 1515 1518 1522 1519
f 1497 1490 1508 1517
f 1523 1497 1517 1521
f 1500 1496 1497 1523
f 1524 1518 1510 1512
f 1518 1524 1525 1522
f 1512 1513 1526 1524
f 1527 1526 1513 1514
f 1524 1526 1528 1525
f 1526 1527 1529 1528
f 1530 1514 1480 1481
f 1514 1530 1531 1527
f 1481 1482 1532 1530
f 1482 1483 1533 1532
f 1534 1531 1530 1532
f 1535 1529 1527 1531
f 1536 1528 1529 1537
f 1529 1535 1538 1537
f 1539 1535 1531 1534
f 1540 1451 1450 1452
f 1541 1478 1451 1540
f 1542 147 1478 1541
f 1483 148 147 1542
f 1542 1541 1543 1544
f 1533 1483 1542 1544
f 1540 1452 1545 1546
f 1543 1541 1540 1546
f 1547 145 144 1493
f 1545 1452 145 1547
f 1548 1493 1492 1494
f 1549 1547 1493 1548
f 1545 1547 1549 1550
f 1551 1546 1545 1550
f 1552 1548 1494 1499
f 1553 1499 1498 1502
f 1554 1549 1548 1552
f 1499 1553 1555 1552
f 1553 1502 1556 1557
f 1558 1555 1553 1557
f 1559 1550 1549 1554
f 1550 1559 1560 1551
f 1561 1554 1552 1555
f 1562 1559 1554 1561
f 1563 1561 1555 1558
f 1559 1562 1564 1560
f 1565 1562 1561 1563
f 1566 1564 1562 1565
f 1563 1558 1567 1568
f 1569 1565 1563 1568
f 1570 1543 1546 1551
f 1571 1544 1543 1570
f 1572 1533 1544 1571
f 1532 1533 1572 1534
f 1535 1539 1573 1538
f 1534 1572 1574 1539
f 1572 1571 1575 1574
f 1576 1573 1539 1574
f 1573 1576 1577 1578
f 1579 1538 1573 1578
f 1580 1570 1551 1560
f 1575 1571 1570 1580
f 1560 1564 1581 1580
f 1582 1581 1564 1566
f 1583 1575 1580 1581
f 1576 1574 1575 1583
f 1584 1583 1581 1582
f 1584 1577 1576 1583
f 1585 1578 1577 1586
f 1577 1584 1587 1586
f 1584 1582 1588 1587
f 1589 1590 1591 1592
f 1593 1590 1589 1594
f 1595 1596 1589 1592
f 1597 1594 1589 1596
f 1591 1598 1599 1600
f 1591 1590 1601 1598
f 1602 1592 1591 1600
f 1590 1593 1603 1601
f 1604 1593 1594 1605
f 1594 1597 1606 1605
f 1593 1604 1607 1603
f 1608 1607 1604 1609
f 1604 1605 1610 1609
f 1611 1599 1598 1612
f 1613 1612 1598 1601
f 1614 1600 1599 1615
f 1599 1611 1616 1615
f 1611 1617 1618 1616
f 1611 1612 1619 1617
f 1620 1619 1612 1613
f 1621 1616 1618 1622
f 1618 1617 1623 1624
f 1625 1622 1618 1624
f 1617 1619 1626 1623
f 1626 1619 1620 1627
f 1626 1628 1629 1623
f 1626 1627 1630 1628
f 1601 1603 1631 1613
f 1603 1607 1632 1631
f 1607 1608 151 1632
f 1613 1631 1633 1620
f 1631 1632 1634 1633
f 1608 1609 1635 153
f 149 151 1608 153
f 1632 151 152 1634
f 150 1636 1637 152
f 1638 1636 150 149
f 1639 1637 1636 1640
f 1636 1638 1641 1640
f 1627 1620 1633 1642
f 1627 1642 1643 1630
f 1642 1644 155 1643
f 1642 1633 1634 1644
f 1644 1645 156 155
f 1644 1634 152 1645
f 1646 156 1645 1647
f 1645 152 1637 1647
f 157 156 1646 1648
f 1646 1647 1649 1650
f 1646 1650 1651 1648
f 1652 1643 155 1653
f 155 157 1654 1653
f 157 1648 1655 1656
f 157 1656 1657 1654
f 1647 1637 1639 1649
f 1650 1649 1658 1659
f 1650 1659 1660 1651
f 1649 1639 163 1658
f 1659 1658 1661 1662
f 1659 1662 1663 1660
f 1664 1665 1666 1667
f 1666 1665 1668 1669
f 160 1667 1666 158
f 1666 1669 1670 158
f 1639 1640 161 163
f 162 1661 1658 163
f 1661 162 1671 1672
f 1673 1662 1661 1672
f 1674 1675 1676 1677
f 1676 1678 1679 1677
f 1680 1678 1676 1681
f 1676 1675 1682 1681
f 1662 1673 1683 1663
f 1684 1685 1686 1687
f 1688 1689 1684 1687
f 162 1665 1664 1686
f 1685 1690 162 1686
f 1668 1665 162 1691
f 162 161 1692 1671
f 162 1690 1693 1691
f 1664 1667 1694 1695
f 1687 1686 1664 1695
f 1678 1696 1697 1679
f 1698 1696 1678 1680
f 1699 1697 1696 1700
f 1701 1700 1696 1698
f 1702 1703 1704 1705
f 1702 1705 1706 1707
f 1708 1703 1702 1709
f 1702 1707 171 1709
f 166 1710 1711 167
f 1712 1710 166 165
f 1710 1713 1714 1711
f 1602 1713 1710 1712
f 1715 1714 1713 1614
f 1713 1602 1600 1614
f 1716 167 1711 1717
f 1711 1714 1718 1717
f 1714 1715 1719 1718
f 1592 1602 1712 1595
f 1712 165 1704 1595
f 1703 1596 1595 1704
f 1596 1703 1708 1597
f 164 1705 1704 165
f 1720 1706 1705 164
f 1721 1707 1706 1722
f 1723 1722 1706 1720
f 1707 1721 169 171
f 1721 1722 1724 1725
f 1721 1725 1726 169
f 173 1724 1722 1723
f 173 1723 1727 174
f 1728 1724 173 176
f 1725 1724 1728 1729
f 1730 1726 1725 1729
f 167 1716 1731 168
f 1716 1717 1732 181
f 1716 181 180 1731
f 1733 1732 1717 1718
f 179 181 1732 1734
f 1735 1734 1732 1733
f 1736 182 1737 1738
f 179 1734 1737 182
f 1739 1738 1737 1740
f 1737 1734 1735 1740
f 182 1736 186 180
f 1736 1738 1741 1742
f 1736 1742 184 186
f 1743 1741 1738 1739
f 1744 1742 1741 1745
f 1741 1743 1746 1745
f 1747 184 1742 1744
f 1743 1739 1748 1749
f 1743 1749 1750 1746
f 1751 1720 164 168
f 1720 1751 1727 1723
f 168 1731 1752 1751
f 1731 180 188 1752
f 1753 1727 1751 1752
f 180 186 185 188
f 192 183 180 188
f 1754 1755 1756 1757
f 1758 1755 1754 1759
f 1754 1757 1760 1761
f 1762 1759 1754 1761
f 1763 1756 1755 1764
f 1755 1758 1765 1764
f 1766 174 1727 1753
f 1752 188 191 1753
f 189 188 185 187
f 1767 187 184 1747
f 1753 191 193 1766
f 189 187 1768 193
f 174 1766 1769 175
f 195 1769 1766 193
f 176 175 1769 1770
f 1769 195 1771 1770
f 193 1768 1772 196
f 1772 1768 1773 1774
f 1775 196 1772 1774
f 1773 1768 187 1767
f 195 194 1776 1771
f 1776 194 196 1775
f 1757 1756 199 198
f 199 1756 1763 200
f 1760 1757 198 201
f 1708 1709 204 206
f 1606 1597 1708 206
f 206 207 1777 1606
f 170 204 1709 171
f 205 1778 208 207
f 205 204 1779 1778
f 204 170 210 1779
f 1778 1779 1780 1781
f 1782 208 1778 1781
f 207 209 212 1777
f 1783 209 208 1782
f 1784 211 209 1783
f 1610 1605 1606 1777
f 1635 1609 1610 1785
f 1610 1777 212 1785
f 1785 212 213 1786
f 1787 1635 1785 1786
f 1788 153 1635 1787
f 211 1784 1789 214
f 1790 1786 213 217
f 213 214 215 217
f 1791 1787 1786 1790
f 1787 1791 1792 1788
f 1793 1794 1795 1796
f 1797 1798 1793 1799
f 1800 1794 1793 1798
f 1793 1796 1801 1799
f 1802 1803 1804 1805
f 1804 1803 1806 1807
f 1808 1805 1804 1809
f 1804 1807 1810 1809
f 1811 1795 1794 1812
f 1794 1800 1813 1812
f 1802 1796 1795 1803
f 1801 1796 1802 1814
f 1802 1805 1808 1814
f 1803 1795 1811 1806
f 1815 172 169 1726
f 1816 210 172 1817
f 1818 1817 172 1815
f 1816 1780 1779 210
f 1797 1781 1780 1798
f 1797 1799 1819 1820
f 1782 1781 1797 1820
f 1798 1780 1816 1800
f 1817 1813 1800 1816
f 1811 1812 1821 1822
f 1821 1812 1813 1823
f 1824 1822 1821 1825
f 1821 1823 1826 1825
f 1827 1807 1806 1828
f 1806 1811 1822 1828
f 1807 1827 1829 1810
f 1830 1827 1828 1831
f 1828 1822 1824 1831
f 1832 1829 1827 1830
f 1833 1815 1726 1730
f 1823 1813 1817 1818
f 1834 1818 1815 1833
f 1823 1818 1834 1826
f 1835 1801 1814 1836
f 1835 1836 1837 1838
f 1799 1801 1835 1819
f 1835 1838 1839 1819
f 1840 1836 1814 1808
f 1841 1837 1836 1840
f 1838 1837 1842 1843
f 1844 1839 1838 1843
f 1845 1842 1837 1841
f 1842 1845 220 219
f 221 1843 1842 219
f 1808 1809 1846 1840
f 1840 1846 1847 1841
f 1848 1846 1809 1810
f 1849 1847 1846 1848
f 1841 1847 1850 1845
f 1851 1850 1847 1849
f 220 1845 1850 222
f 1852 222 1850 1851
f 1853 218 222 1852
f 1854 223 218 1853
f 1855 1820 1819 1839
f 1783 1782 1820 1855
f 1839 1844 1856 1855
f 1844 1843 221 224
f 1857 1856 1844 224
f 1784 1783 1855 1856
f 1789 1784 1856 1857
f 224 223 1858 1857
f 1859 1789 1857 1858
f 215 214 1789 1859
f 1860 1858 223 1854
f 1861 1859 1858 1860
f 1859 1861 216 215
f 1862 1848 1810 1829
f 1863 1849 1848 1862
f 1864 1851 1849 1863
f 1851 1864 1865 1852
f 1866 1862 1829 1832
f 1867 1863 1862 1866
f 1868 1864 1863 1867
f 1869 1865 1864 1868
f 1870 1853 1852 1865
f 1853 1870 1871 1854
f 1872 1870 1865 1869
f 1873 1871 1870 1872
f 1874 1860 1854 1871
f 1861 1860 1874 1875
f 1861 1875 1876 216
f 1877 1874 1871 1873
f 1878 1875 1874 1877
f 1879 1876 1875 1878
f 1790 217 1880 1881
f 1790 1881 1882 1791
f 1880 217 216 1876
f 1883 1880 1876 1879
f 1884 1881 1880 1883
f 1885 1882 1881 1884
f 1614 1615 1886 1715
f 1621 1886 1615 1616
f 1887 1719 1715 1886
f 1888 1889 1719 1887
f 1733 1718 1719 1889
f 1889 1888 1890 1891
f 1735 1733 1889 1891
f 1892 1893 1894 1748
f 1892 1891 1890 1893
f 1739 1740 1892 1748
f 1892 1740 1735 1891
f 1894 1893 229 1895
f 1749 1748 1894 1896
f 1894 1895 1897 1896
f 226 1887 1886 1621
f 225 1888 1887 226
f 228 1890 1888 225
f 1893 1890 228 229
f 1621 1622 227 226
f 1898 227 1622 1625
f 1895 229 227 1899
f 230 1899 227 1898
f 1895 1899 1900 1897
f 232 1900 1899 230
f 1750 1749 1896 1901
f 1896 1897 1902 1901
f 1897 1900 1903 1902
f 1900 232 1904 1903
f 149 154 1905 1638
f 1906 154 153 1788
f 1907 1905 154 1906
f 1908 1641 1638 1905
f 161 1640 1641 1909
f 1641 1908 1910 1909
f 1908 1905 1907 1911
f 1912 1910 1908 1911
f 161 1909 1913 1692
f 1914 1669 1668 1915
f 1668 1691 1916 1915
f 1669 1914 234 1670
f 1917 1913 1909 1910
f 1914 1915 1918 1919
f 235 234 1914 1919
f 1915 1916 1920 1918
f 1921 1674 1677 1922
f 1923 1922 1677 1679
f 1691 1693 1924 1916
f 1916 1924 1925 1920
f 1910 1912 1926 1917
f 1927 1919 1918 1928
f 1918 1920 1929 1928
f 1929 1920 1925 1930
f 1921 1922 1931 1932
f 1922 1923 1933 1931
f 1934 1929 1930 1935
f 1679 1697 1936 1923
f 1697 1699 1937 1936
f 1699 1700 1938 1939
f 1940 1937 1699 1939
f 1923 1936 1941 1933
f 1936 1937 1942 1941
f 1937 1940 1943 1942
f 1758 1759 1944 1945
f 1758 1945 1946 1765
f 1947 1944 1759 1762
f 1945 1944 1948 1949
f 1945 1949 1950 1946
f 1951 1948 1944 1947
f 1949 1948 1952 1953
f 1949 1953 1954 1950
f 1955 1952 1948 1951
f 238 1205 1204 1207
f 1205 238 237 1206
f 1207 103 241 238
f 239 241 103 102
f 238 241 242 236
f 240 1956 1957 242
f 240 239 1958 1959
f 1960 1956 240 1959
f 1961 1957 1956 1962
f 1963 1962 1956 1960
f 1964 1957 1961 1965
f 1961 1966 1967 1965
f 1961 1962 1968 1966
f 1969 1967 1966 1970
f 1966 1968 1971 1970
f 1429 1229 1206 237
f 1972 1429 237 236
f 1973 1430 1429 1972
f 1974 1972 236 242
f 1972 1974 243 1973
f 244 243 1974 1964
f 1974 242 1957 1964
f 1430 1973 1975 1431
f 1973 243 245 1975
f 244 1964 1965 1976
f 244 1976 1977 245
f 1965 1967 1978 1976
f 1979 1978 1967 1969
f 1980 1977 1976 1978
f 1981 245 1977 246
f 1977 1980 247 246
f 102 1239 1958 239
f 1982 1958 1239 1240
f 1983 1959 1958 1982
f 1959 1983 1984 1960
f 1985 1982 1240 1244
f 1986 1983 1982 1985
f 1987 1984 1983 1986
f 1962 1963 1988 1968
f 1989 1963 1960 1984
f 1990 1988 1963 1989
f 1968 1988 1991 1971
f 1988 1990 1992 1991
f 1990 1989 1993 1994
f 1995 1992 1990 1994
f 1993 1989 1984 1987
f 1996 1625 1624 1997
f 1996 1998 1999 2000
f 1996 1997 2001 1998
f 1898 1625 1996 2000
f 2002 1629 1628 2003
f 1628 1630 2004 2003
f 1624 1623 1629 1997
f 2001 1997 1629 2002
f 1999 1998 249 2005
f 1969 1970 1999 2005
f 1999 1970 1971 2000
f 249 1998 2001 250
f 2001 2002 2006 250
f 2002 2003 2007 2006
f 2008 2005 249 251
f 251 250 2006 2009
f 2006 2007 2010 2009
f 1979 1969 2005 2008
f 2007 2003 2004 2011
f 2004 1652 2012 2011
f 2004 1630 1643 1652
f 2012 1652 1653 2013
f 2014 2013 1653 1654
f 2011 2012 2015 2016
f 2010 2007 2011 2016
f 2012 2013 2017 2015
f 2013 2014 2018 2017
f 2019 2016 2015 254
f 255 254 2015 2017
f 2020 1938 1700 1701
f 1978 1979 2021 1980
f 1979 2008 256 2021
f 2008 251 257 256
f 251 2009 259 257
f 1980 2021 2022 247
f 2021 256 2023 2022
f 256 258 2024 2023
f 2010 2016 2019 261
f 259 2009 2010 261
f 258 261 2019 2025
f 2019 254 253 2025
f 258 2025 266 2024
f 2025 253 267 266
f 2026 267 253 262
f 267 2026 2027 265
f 1898 2000 231 230
f 2000 1971 1991 231
f 1992 232 231 1991
f 232 1992 1995 1904
f 269 268 2028 2029
f 2028 1953 1952 2029
f 1954 1953 2028 2030
f 2028 268 271 2030
f 269 2029 2031 272
f 2031 2029 1952 1955
f 2032 1501 1500 2033
f 1500 1523 2034 2033
f 1501 2032 1556 1502
f 2032 2033 2035 2036
f 2037 1556 2032 2036
f 1520 1519 277 2038
f 1520 2038 2039 1521
f 2040 277 1519 1522
f 2041 2039 2038 2042
f 2038 277 276 2042
f 277 2040 2043 275
f 2034 1523 1521 2039
f 2044 2034 2039 2041
f 2035 2033 2034 2044
f 2045 2040 1522 1525
f 2040 2045 2046 2043
f 1525 1528 1536 2045
f 2045 1536 2047 2046
f 1536 1537 2048 2047
f 2049 2041 2042 2050
f 2042 276 2051 2050
f 2044 2041 2049 2052
f 2053 2035 2044 2052
f 2049 2050 2054 2055
f 2056 2052 2049 2055
f 276 275 2057 2051
f 275 2043 2058 2057
f 2043 2046 2059 2058
f 2060 2059 2046 2047
f 2061 2058 2059 2062
f 2059 2060 2063 2062
f 2064 2060 2047 2048
f 2060 2064 2065 2063
f 2050 2051 2066 2054
f 2051 2057 2067 2066
f 2054 2066 2068 2069
f 2070 2055 2054 2069
f 2055 2070 2071 2056
f 2057 2058 2061 2067
f 2066 2067 2072 2068
f 2067 2061 2073 2072
f 1579 2048 1537 1538
f 2074 2064 2048 1579
f 2075 2036 2035 2053
f 2076 2053 2052 2056
f 2053 2076 2077 2075
f 2076 2056 2071 2078
f 2076 2078 2079 2077
f 2080 2065 2064 2074
f 2081 2063 2065 2082
f 2065 2080 2083 2082
f 2084 2070 2069 2085
f 2069 2068 2086 2085
f 2068 2072 2087 2086
f 2070 2084 2088 2071
f 2085 2086 2089 2090
f 2091 2084 2085 2090
f 282 2088 2084 2091
f 280 2078 2071 2088
f 281 280 2088 282
f 2078 280 279 2079
f 2092 1557 1556 2037
f 2037 2036 2075 2093
f 2094 2092 2037 2093
f 1557 2092 1567 1558
f 2095 1567 2092 2094
f 2096 1568 1567 2095
f 1579 1578 1585 2074
f 2097 2080 2074 1585
f 2080 2097 2098 2083
f 2075 2077 2099 2093
f 2100 2099 2077 2079
f 2101 2094 2093 2099
f 2102 2095 2094 2101
f 2095 2102 2103 2096
f 2102 2101 2104 2105
f 2106 2103 2102 2105
f 1585 1586 2107 2097
f 2108 2098 2097 2107
f 2109 2083 2098 2110
f 2098 2108 2111 2110
f 2112 2107 1586 1587
f 2113 2108 2107 2112
f 2114 2111 2108 2113
f 2104 2101 2099 2100
f 2115 2104 2100 2116
f 2100 2079 279 2116
f 2117 2105 2104 2115
f 2115 2116 2118 2119
f 2115 2119 2120 2117
f 2118 2116 279 284
f 2121 286 1655 2122
f 287 286 2121 2123
f 2121 2122 2124 2125
f 2121 2125 2126 2123
f 1656 1655 286 285
f 1656 285 2127 1657
f 1648 1651 2122 1655
f 2128 1698 1680 2129
f 1680 1681 2130 2129
f 1698 2128 2131 1701
f 285 288 291 2127
f 2129 2130 2132 2133
f 2134 2128 2129 2133
f 287 2123 2135 289
f 2128 2134 2136 2131
f 1651 1660 2124 2122
f 2137 2124 1660 1663
f 1681 1682 2138 2130
f 2139 2125 2124 2137
f 2140 1688 2141 2142
f 2140 2143 1689 1688
f 2144 2145 2140 2142
f 2140 2145 2146 2143
f 2137 1663 1683 2147
f 2137 2147 2148 2139
f 2145 2144 2149 2150
f 2145 2150 2151 2146
f 2152 1694 292 2153
f 2154 2155 2152 2153
f 2152 2141 1695 1694
f 2142 2141 2152 2155
f 292 1694 1667 160
f 295 2153 292 293
f 2156 2157 2155 2154
f 2144 2142 2155 2157
f 2157 2156 2158 2159
f 2149 2144 2157 2159
f 297 2154 2153 295
f 2154 297 298 2156
f 2156 298 299 2158
f 2160 2158 299 300
f 1688 1687 1695 2141
f 2125 2139 2161 2126
f 2162 2161 2139 2148
f 2135 2123 2126 312
f 2126 2161 313 312
f 2130 2138 2163 2132
f 2161 2162 316 313
f 2135 312 314 2164
f 2165 289 2135 2164
f 2160 2166 2159 2158
f 2159 2166 2167 2149
f 2168 2169 2166 2160
f 2166 2169 2170 2167
f 2169 2168 317 2171
f 2169 2171 2172 2170
f 2160 300 301 2168
f 317 2168 301 302
f 2173 2171 317 318
f 2171 2173 2174 2172
f 2173 318 2175 2176
f 2177 2174 2173 2176
f 2178 2150 2149 2167
f 2179 2178 2167 2170
f 2180 2151 2150 2178
f 2181 2180 2178 2179
f 2179 2170 2172 2182
f 2183 2181 2179 2182
f 314 315 2184 2185
f 2186 2164 314 2185
f 2187 2132 2163 2188
f 2189 2133 2132 2187
f 2190 2182 2172 2174
f 2191 2183 2182 2190
f 2192 2190 2174 2177
f 2193 2185 2184 2194
f 2195 288 289 2165
f 288 2195 2196 290
f 2195 2165 321 320
f 2197 2196 2195 320
f 2198 291 290 2199
f 290 2196 2200 2199
f 2196 2197 2201 2200
f 2165 2164 2186 321
f 2186 2185 2193 2202
f 323 321 2186 2202
f 2203 2191 2190 2192
f 320 322 2204 2197
f 322 319 2205 2206
f 2207 2204 322 2206
f 2208 2134 2133 2189
f 2134 2208 2209 2136
f 2201 2197 2204 2210
f 2211 2210 2204 2207
f 2201 2210 2212 325
f 324 2200 2201 325
f 2213 2212 2210 2211
f 326 325 2212 2214
f 2212 2213 2215 2214
f 1791 1882 2216 1792
f 2217 2216 1882 1885
f 2218 2219 1911 1907
f 1911 2219 2220 1912
f 2219 2218 2221 2222
f 2219 2222 2223 2220
f 2224 1906 1788 1792
f 2218 1907 1906 2225
f 2226 2225 1906 2224
f 2218 2225 2227 2221
f 2228 2227 2225 2226
f 2222 2221 2229 2230
f 2222 2230 2231 2223
f 2232 2229 2221 2227
f 2230 2229 2233 2234
f 2235 2231 2230 2234
f 2236 2233 2229 2232
f 2237 2232 2227 2228
f 2238 2234 2233 2239
f 2233 2236 2205 2239
f 2236 2240 2206 2205
f 2236 2232 2237 2241
f 2242 2240 2236 2241
f 2207 2206 2240 2243
f 2240 2242 2244 2243
f 159 158 1670 296
f 296 1670 234 233
f 233 235 2245 303
f 2245 235 1919 1927
f 304 303 2245 2246
f 2247 2246 2245 1927
f 305 304 2246 2248
f 2249 2248 2246 2247
f 305 2248 2250 306
f 2251 2250 2248 2249
f 2252 307 306 2250
f 2253 308 307 2252
f 2250 2251 2254 2252
f 1927 1928 2255 2247
f 1934 2255 1928 1929
f 2247 2255 2256 2249
f 1912 2220 2257 1926
f 2258 2256 2255 1934
f 2259 2251 2249 2256
f 2251 2259 2260 2254
f 2261 2257 2220 2223
f 2262 2259 2256 2258
f 2259 2262 2263 2260
f 2258 1934 1935 2264
f 2265 2266 1932 1931
f 2258 2264 2267 2262
f 2262 2267 2268 2263
f 302 309 2175 318
f 309 310 328 2175
f 310 311 2269 327
f 2176 2175 328 2270
f 328 327 2271 2270
f 2269 311 308 2253
f 2272 2253 2252 2254
f 2273 2269 2253 2272
f 327 2269 2273 2271
f 2274 2177 2176 2270
f 2177 2274 2275 2192
f 2270 2271 2276 2274
f 2271 2273 2277 2276
f 2274 2276 2278 2275
f 2194 2279 2280 2193
f 2279 2281 2235 2280
f 2282 2272 2254 2260
f 2277 2273 2272 2282
f 2223 2231 2283 2261
f 2284 2282 2260 2263
f 2285 2277 2282 2284
f 2283 2231 2235 2281
f 2235 2234 2238 2280
f 2278 2276 2277 2285
f 2286 2287 2266 2265
f 2263 2268 2288 2284
f 2284 2288 2289 2285
f 2187 2188 2287 2286
f 2278 2285 2289 2290
f 2291 2275 2278 2290
f 2286 2265 2292 2293
f 2189 2187 2286 2293
f 1931 1933 2292 2265
f 2294 2292 1933 1941
f 2295 2293 2292 2294
f 2296 2294 1941 1942
f 2297 2295 2294 2296
f 2238 2202 2193 2280
f 2239 323 2202 2238
f 323 2239 2205 319
f 2291 2203 2192 2275
f 2295 2208 2189 2293
f 2297 2209 2208 2295
f 2298 2136 2209 2299
f 2209 2297 2300 2299
f 2297 2296 2301 2300
f 2302 2224 1792 2216
f 2303 2226 2224 2302
f 2304 2228 2226 2303
f 2228 2304 2305 2237
f 2306 2302 2216 2217
f 2307 2303 2302 2306
f 2308 2304 2303 2307
f 2309 2305 2304 2308
f 2310 2241 2237 2305
f 2311 2242 2241 2310
f 2242 2311 2312 2244
f 2313 2310 2305 2309
f 2314 2311 2310 2313
f 2315 2312 2311 2314
f 2301 2296 1942 1943
f 2316 2211 2207 2243
f 2317 2213 2211 2316
f 2213 2317 2318 2215
f 2319 2316 2243 2244
f 2320 2317 2316 2319
f 2321 2318 2317 2320
f 331 2215 2318 329
f 2318 2321 333 329
f 2244 2312 2322 2319
f 2323 2322 2312 2315
f 2319 2322 2324 2320
f 2325 2324 2322 2323
f 2321 2320 2324 2326
f 2327 2326 2324 2325
f 2321 2326 2328 333
f 2329 2328 2326 2327
f 1654 1657 2330 2014
f 1657 2127 2331 2330
f 2127 291 2198 2331
f 2018 2014 2330 2332
f 2330 2331 2333 2332
f 2061 2062 2334 2073
f 2087 2072 2073 336
f 2073 2334 334 336
f 2081 2334 2062 2063
f 2334 2081 2335 334
f 337 2198 2199 338
f 324 338 2199 2200
f 2331 2198 337 2333
f 2017 2018 2336 255
f 2018 2332 2337 2336
f 2081 2082 2338 2335
f 2335 2338 2339 2340
f 352 334 2335 2340
f 2109 2338 2082 2083
f 2341 2339 2338 2109
f 343 2340 2339 344
f 2342 344 2339 2341
f 2343 2333 337 341
f 2337 2332 2333 2343
f 2343 341 346 347
f 2343 347 350 2337
f 344 2342 2344 345
f 351 350 347 348
f 2345 2020 1701 2131
f 2298 2345 2131 2136
f 2346 2087 336 335
f 2089 2086 2087 2346
f 2089 2346 2347 2348
f 2349 2090 2089 2348
f 2346 335 354 2347
f 2347 354 353 2350
f 2351 2348 2347 2350
f 335 334 352 354
f 2090 2349 2352 2091
f 2353 2349 2348 2351
f 2349 2353 2354 2352
f 2353 2351 2355 2356
f 2353 2356 2357 2354
f 2358 2350 353 2359
f 353 352 2360 2359
f 2361 2358 2359 2362
f 2359 2360 2363 2362
f 355 340 338 324
f 2355 2351 2350 2358
f 2364 2355 2358 2361
f 2365 2356 2355 2364
f 2361 2362 2366 2367
f 2368 2364 2361 2367
f 2356 2365 2369 2357
f 2364 2368 2370 2365
f 352 2340 343 2360
f 283 282 2091 2352
f 283 2352 2354 2371
f 2372 281 283 2371
f 281 2372 2373 278
f 2360 343 342 2363
f 2362 2363 2374 2366
f 2363 342 349 2374
f 346 339 2374 349
f 2374 339 340 2366
f 2366 340 356 2367
f 2367 356 357 2368
f 2368 357 358 2370
f 2365 2370 2375 2369
f 2370 358 2376 2375
f 2377 2371 2354 2357
f 2378 2372 2371 2377
f 2379 2373 2372 2378
f 2357 2369 359 2377
f 360 359 2369 2375
f 2377 359 361 2378
f 2380 355 324 326
f 355 2380 2381 358
f 326 2214 2382 2380
f 331 2382 2214 2215
f 2380 2382 2383 2381
f 330 2383 2382 331
f 2384 2381 2383 2385
f 2386 2385 2383 330
f 2384 2376 358 2381
f 2375 2376 362 360
f 2387 362 2376 2384
f 362 2387 366 363
f 2384 2385 2388 2387
f 2389 2388 2385 2386
f 2387 2388 364 366
f 2388 2389 368 364
f 255 2336 263 252
f 2336 2337 350 263
f 2390 262 252 264
f 2109 2110 2391 2341
f 2392 2342 2341 2391
f 2393 2344 2342 2392
f 351 348 345 2344
f 369 351 2344 2393
f 2394 2391 2110 2111
f 2395 2392 2391 2394
f 2392 2395 2396 2393
f 2397 2394 2111 2114
f 2398 2395 2394 2397
f 2396 2395 2398 2399
f 2398 2397 2400 2401
f 2402 2399 2398 2401
f 262 2390 2403 2026
f 2390 264 369 2404
f 2390 2404 2405 2403
f 2404 369 2393 2396
f 2404 2396 2399 2405
f 2406 2405 2399 2402
f 2407 2403 2405 2406
f 2027 2026 2403 2407
f 2119 2118 2408 2409
f 2119 2409 2410 2120
f 2411 284 278 2373
f 284 2411 2408 2118
f 2411 2373 2379 2412
f 2411 2412 2413 2408
f 2412 2379 2414 2415
f 370 2413 2412 2415
f 2378 361 2414 2379
f 2416 2414 361 363
f 2417 2415 2414 2416
f 2418 2409 2408 2413
f 2409 2418 2419 2410
f 2413 370 2420 2418
f 371 370 2415 2417
f 2421 2420 370 372
f 2418 2420 2422 2419
f 2420 2421 2423 2422
f 365 2416 363 366
f 2416 365 2424 2417
f 2425 2424 365 367
f 2426 371 2417 2424
f 2427 372 371 2426
f 2421 372 2427 2428
f 2421 2428 374 2423
f 2427 2426 2429 2430
f 2431 2428 2427 2430
f 376 374 2428 2431
f 2429 2426 2424 2425
f 330 332 2432 2386
f 2433 332 333 2328
f 2434 2432 332 2433
f 2435 2389 2386 2432
f 2389 2435 2436 368
f 2437 2435 2432 2434
f 2438 2436 2435 2437
f 2439 2433 2328 2329
f 2440 2434 2433 2439
f 2441 367 368 2436
f 367 2441 2442 2425
f 2443 2441 2436 2438
f 2444 2442 2441 2443
f 2445 2429 2425 2442
f 2446 2430 2429 2445
f 2430 2446 2447 2431
f 2448 2445 2442 2444
f 2449 2446 2445 2448
f 2446 2449 2450 2447
f 2451 2444 2443 2452
f 2443 2438 2453 2452
f 2454 2448 2444 2451
f 2455 2449 2448 2454
f 2456 2450 2449 2455
f 2457 2437 2434 2440
f 2453 2438 2437 2457
f 1328 1428 2458 1330
f 2459 2458 1428 1431
f 1330 2458 378 1333
f 2458 2459 377 378
f 138 137 1333 378
f 2460 1566 1565 1569
f 1566 2460 1588 1582
f 2461 1588 2460 2462
f 2460 1569 2463 2462
f 2112 1587 1588 2461
f 2112 2461 2464 2113
f 2461 2462 2465 2464
f 1431 1975 2466 2459
f 1975 245 1981 2466
f 2459 2466 2467 377
f 2468 2467 2466 1981
f 2469 377 2467 2468
f 1981 246 248 2468
f 1379 139 138 380
f 1379 380 2470 1380
f 380 379 2471 2470
f 2472 379 377 2469
f 379 2472 2473 2471
f 2474 2469 2468 2475
f 2468 248 381 2475
f 2476 2472 2469 2474
f 2472 2476 2477 2473
f 2474 2475 2478 2479
f 2480 2476 2474 2479
f 2481 2477 2476 2480
f 247 2022 2482 260
f 2022 2023 2483 2482
f 2023 2024 2484 2483
f 260 2482 2485 2486
f 382 381 260 2486
f 2482 2483 2487 2485
f 2488 2484 2024 266
f 2483 2484 2489 2487
f 2484 2488 2490 2489
f 266 265 2491 2488
f 265 2027 2492 2493
f 265 2493 2494 2491
f 2495 2490 2488 2491
f 2478 2475 381 383
f 2485 2487 2496 2497
f 2498 2486 2485 2497
f 2496 2487 2489 2499
f 2489 2490 2500 2499
f 2501 2500 2490 2495
f 2496 2499 2502 2503
f 2504 2497 2496 2503
f 2499 2500 2505 2502
f 2500 2501 2506 2505
f 382 2486 2498 2507
f 2508 383 382 2507
f 2509 2478 383 2508
f 2510 2479 2478 2509
f 2479 2510 2511 2480
f 2512 2498 2497 2504
f 2513 2507 2498 2512
f 2514 2508 2507 2513
f 2515 2509 2508 2514
f 2516 2510 2509 2515
f 2517 2511 2510 2516
f 2518 1403 1380 2470
f 2519 1404 1403 2518
f 2520 2518 2470 2471
f 1404 2519 2521 1406
f 2522 2519 2518 2520
f 2519 2522 2523 2521
f 2524 2520 2471 2473
f 2525 2522 2520 2524
f 2526 2523 2522 2525
f 2473 2477 2527 2524
f 2528 2527 2477 2481
f 2524 2527 2529 2525
f 2530 2529 2527 2528
f 1406 2521 2531 1416
f 2532 2531 2521 2523
f 1416 2531 2533 1418
f 2531 2532 2534 2533
f 2535 2532 2523 2526
f 2532 2535 2536 2534
f 2537 2526 2525 2529
f 2526 2537 2538 2535
f 2539 2537 2529 2530
f 2540 2538 2537 2539
f 2535 2538 2541 2536
f 2538 2540 2542 2541
f 2528 2481 2543 2544
f 2545 2530 2528 2544
f 2546 2539 2530 2545
f 2547 2540 2539 2546
f 2540 2547 2548 2542
f 2547 2546 2549 2550
f 2551 2548 2547 2550
f 2543 2481 2480 2511
f 2552 2543 2511 2517
f 2553 2544 2543 2552
f 2554 2545 2544 2553
f 2549 2546 2545 2554
f 2463 1569 1568 2096
f 2555 2463 2096 2103
f 2465 2462 2463 2555
f 2555 2103 2106 2556
f 2557 2465 2555 2556
f 2114 2113 2464 2558
f 2557 2558 2464 2465
f 2114 2558 2400 2397
f 2558 2557 2559 2400
f 2560 2556 2106 2561
f 2106 2105 2117 2561
f 2557 2556 2560 2559
f 2401 2400 2559 2562
f 2559 2560 2563 2562
f 2560 2561 2564 2563
f 2564 2561 2117 2120
f 2401 2562 2565 2402
f 2562 2563 2566 2565
f 2567 2565 2566 2568
f 2566 2563 2564 2569
f 2570 2568 2566 2569
f 2406 2402 2565 2567
f 2571 2407 2406 2567
f 2407 2571 2492 2027
f 2567 2568 2572 2571
f 2573 2572 2568 2570
f 2571 2572 2574 2492
f 2572 2573 2575 2574
f 2564 2120 2410 2569
f 2569 2410 2419 2570
f 2570 2419 2422 2573
f 2573 2422 2423 2575
f 2576 2493 2492 2574
f 2574 2575 373 2576
f 2577 2494 2493 2576
f 2491 2494 2578 2495
f 2494 2577 2579 2578
f 2575 2423 374 373
f 2576 373 384 2577
f 2577 384 2580 2579
f 384 375 2581 2580
f 375 376 2582 2581
f 2495 2578 2583 2501
f 2578 2579 2584 2583
f 2579 2580 2585 2584
f 2586 2585 2580 2581
f 2501 2583 2587 2506
f 2583 2584 2588 2587
f 2588 2584 2585 2589
f 2585 2586 2590 2589
f 2582 376 2431 2447
f 2581 2582 2591 2586
f 2582 2447 2450 2591
f 2591 2450 2456 2592
f 2590 2586 2591 2592
f 388 2593 385 387
f 2594 386 385 2595
f 385 2593 2596 2595
f 386 2597 390 387
f 2598 2597 386 2594
f 2593 388 391 2599
f 2600 2596 2593 2599
f 393 390 2597 2601
f 2597 2598 2602 2601
f 2598 2594 2603 2604
f 2603 2605 2606 2604
f 2603 2594 2595 2607
f 2608 2605 2603 2607
f 2609 2606 2605 2610
f 2605 2608 2611 2610
f 2598 2604 2612 2602
f 2604 2606 2613 2612
f 2606 2609 2614 2613
f 2609 2610 2615 413
f 2609 413 412 2614
f 2616 2607 2595 2596
f 2607 2616 2617 2608
f 2618 2616 2596 2600
f 2619 2617 2616 2618
f 2620 2611 2608 2617
f 2611 2620 2621 2622
f 2615 2610 2611 2622
f 2623 2620 2617 2619
f 2624 2621 2620 2623
f 413 2615 2625 411
f 2622 2621 418 417
f 2625 2615 2622 417
f 420 418 2621 2624
f 2625 417 416 422
f 414 411 2625 422
f 416 419 2626 421
f 2627 428 427 2628
f 427 426 2629 2628
f 426 429 2630 2629
f 429 430 2631 2630
f 430 395 396 2632
f 430 2632 2633 2631
f 2632 396 397 2634
f 2635 2633 2632 2634
f 428 2599 391 392
f 2600 2599 428 2627
f 432 2634 397 398
f 2635 2634 432 2636
f 432 431 2637 2636
f 431 433 2638 2637
f 433 399 400 2639
f 433 2639 2640 2638
f 2641 2639 400 401
f 2639 2641 2642 2640
f 2643 2641 401 402
f 2644 2642 2641 2643
f 2628 2645 2646 2627
f 2647 2645 2628 2629
f 2648 2646 2645 2649
f 2645 2647 2650 2649
f 2618 2600 2627 2646
f 2619 2618 2646 2648
f 2651 2647 2629 2630
f 2652 2650 2647 2651
f 2653 2648 2649 2654
f 2655 2654 2649 2650
f 2623 2619 2648 2653
f 2624 2623 2653 2656
f 2653 2654 2657 2656
f 2654 2655 2658 2657
f 2659 2655 2650 2652
f 2655 2659 2660 2658
f 2630 2631 2661 2651
f 2662 2661 2631 2633
f 2651 2661 2663 2652
f 2661 2662 2664 2663
f 2662 2633 2635 2665
f 2662 2665 2666 2664
f 2667 2659 2652 2663
f 2659 2667 2668 2660
f 2669 2667 2663 2664
f 2670 2668 2667 2669
f 434 2657 2658 435
f 2658 2660 436 435
f 2660 2668 437 436
f 440 437 2668 2670
f 2624 2656 423 420
f 2656 2657 434 423
f 438 424 435 436
f 2626 419 424 2671
f 2672 2671 424 438
f 421 2626 443 442
f 2673 425 421 442
f 2626 2671 2674 443
f 2671 2672 2675 2674
f 2676 2672 438 439
f 2672 2676 457 2675
f 2635 2636 2677 2665
f 2678 2677 2636 2637
f 2665 2677 2679 2666
f 2677 2678 2680 2679
f 2681 2678 2637 2638
f 2682 2680 2678 2681
f 2664 2666 2683 2669
f 2666 2679 2684 2683
f 2669 2683 446 2670
f 2679 2680 2685 2684
f 2686 2685 2680 2682
f 2683 2684 447 446
f 2684 2685 2687 447
f 2685 2686 2688 2687
f 2689 2681 2638 2640
f 2681 2689 2690 2682
f 450 2689 2640 2642
f 449 2690 2689 450
f 2691 2686 2682 2690
f 2686 2691 2692 2688
f 452 2691 2690 449
f 448 450 2642 2644
f 453 2692 2691 452
f 2670 446 444 440
f 447 2687 454 444
f 2693 454 2687 2688
f 455 445 454 2693
f 439 445 456 2676
f 2676 456 458 457
f 456 455 2694 2695
f 456 2695 2696 458
f 2697 2693 2688 2692
f 2694 455 2693 2697
f 2694 2697 462 461
f 2698 2695 2694 461
f 462 2697 2692 453
f 2695 2698 2699 2696
f 443 2674 2700 441
f 2674 2675 2701 2700
f 459 2701 2675 457
f 2700 2701 2702 2703
f 2704 441 2700 2703
f 2701 459 2705 2702
f 2703 2706 2707 2704
f 2703 2702 2708 2706
f 2709 459 458 2696
f 2710 2705 459 2709
f 2702 2705 2711 2708
f 2712 2711 2705 2710
f 2713 2714 2715 2716
f 2715 2717 2718 2716
f 2715 2714 2719 2720
f 2721 2717 2715 2720
f 2722 2718 2717 2723
f 2717 2721 471 2723
f 2724 2725 2726 2727
f 2728 2729 2726 2730
f 2731 2727 2726 2729
f 2726 2725 2732 2730
f 2725 2724 2733 2734
f 2735 2732 2725 2734
f 2736 2737 2727 2731
f 2738 2724 2727 2737
f 2739 2733 2724 2738
f 2740 2734 2733 2741
f 2742 2741 2733 2739
f 2743 2738 2737 2744
f 2737 2736 2745 2744
f 2714 2713 2729 2728
f 2714 2728 2746 2719
f 2728 2730 2747 2746
f 2748 2713 2716 2749
f 2750 2749 2716 2718
f 2729 2713 2748 2731
f 2736 2731 2748 2751
f 2748 2749 2752 2751
f 2749 2750 2753 2752
f 2718 2722 2754 2750
f 2722 2723 2755 2756
f 2757 2754 2722 2756
f 2750 2754 2758 2753
f 2759 2758 2754 2757
f 2736 2751 2760 2745
f 2751 2752 2761 2760
f 2752 2753 2762 2761
f 2753 2758 2763 2762
f 2719 2746 2764 2765
f 2766 2765 2764 2767
f 2764 2746 2747 2768
f 2764 2768 2769 2767
f 1412 1411 2770 2771
f 1412 2771 2772 1413
f 1411 1417 2773 2770
f 2774 2773 1417 1418
f 2775 2770 2773 2776
f 2777 2776 2773 2774
f 2778 2771 2770 2775
f 2771 2778 2779 2772
f 463 2720 2719 2765
f 464 463 2765 2766
f 2720 463 469 2721
f 463 465 466 469
f 467 465 464 2780
f 2781 466 467 2782
f 476 2782 467 2780
f 2783 464 2766 2784
f 2766 2767 2785 2784
f 2786 2780 464 2783
f 471 2721 469 468
f 468 466 2781 472
f 2755 2723 471 470
f 472 2775 2776 473
f 474 473 2776 2777
f 2778 2775 472 2781
f 2779 2778 2781 2782
f 2787 1414 1413 2772
f 1414 2787 2788 1424
f 475 2787 2772 2779
f 2789 2788 2787 475
f 1424 2788 2790 1426
f 2788 2789 2791 2790
f 2779 2782 476 475
f 475 477 2792 2789
f 477 476 2780 2786
f 2783 2784 2793 2794
f 2795 2786 2783 2794
f 2796 477 2786 2795
f 2797 2792 477 2796
f 2789 2792 2798 2791
f 2792 2797 2799 2798
f 2800 2801 2802 2803
f 2804 2801 2800 2805
f 2800 2803 2806 2807
f 2800 2807 2808 2805
f 2747 2730 2732 2802
f 2801 2768 2747 2802
f 2804 2769 2768 2801
f 2803 2802 2732 2735
f 2767 2769 2809 2785
f 2810 2809 2769 2804
f 2809 2810 2811 2812
f 2813 2785 2809 2812
f 2804 2805 2814 2810
f 2810 2814 2815 2811
f 2803 2735 2816 2806
f 2817 2806 2816 2818
f 2819 2818 2816 2740
f 2816 2735 2734 2740
f 2817 2818 2820 2821
f 2807 2806 2817 2822
f 2817 2821 2823 2822
f 2707 2706 2824 2825
f 2826 2704 2707 2827
f 2707 2825 2828 2827
f 2824 2821 2820 2825
f 2820 2818 2819 2829
f 2828 2825 2820 2829
f 2821 2824 2830 2823
f 2830 2824 2706 2708
f 2740 2741 2831 2819
f 2832 2828 2829 2833
f 2829 2819 2831 2833
f 2807 2822 2834 2808
f 2805 2808 2835 2814
f 2836 2834 2822 2823
f 2835 2808 2834 2837
f 2834 2836 2838 2837
f 2835 2837 2839 2840
f 2815 2814 2835 2840
f 2836 2823 2830 2841
f 2830 2708 2711 2841
f 2836 2841 2842 2838
f 2842 2841 2711 2712
f 2712 2710 2843 2844
f 2845 2842 2712 2844
f 2839 2837 2838 2846
f 2838 2842 2845 2846
f 2847 2815 2840 2848
f 2840 2839 2849 2848
f 2839 2846 2850 2849
f 2846 2845 2851 2850
f 2852 2831 2741 2742
f 2739 2738 2743 2853
f 2854 2742 2739 2853
f 2855 2853 2743 2856
f 2743 2744 2857 2856
f 2858 2859 2860 2861
f 2862 2859 2858 2863
f 2858 2861 2864 2865
f 2866 2863 2858 2865
f 2812 2811 2867 2868
f 2812 2868 2869 2813
f 2811 2815 2847 2867
f 2868 2867 2859 2862
f 2868 2862 2870 2869
f 2860 2859 2867 2847
f 2847 2848 2871 2860
f 2848 2849 2872 2871
f 2873 2861 2860 2871
f 2862 2863 2874 2870
f 2875 2876 2745 2760
f 2857 2744 2745 2876
f 2877 2857 2876 2878
f 2876 2875 2879 2878
f 2880 2875 2760 2761
f 2875 2880 2881 2879
f 2882 2874 2863 2866
f 2882 2883 2884 2874
f 2877 2878 2882 2866
f 2882 2878 2879 2883
f 2885 2884 2883 478
f 2883 2879 2881 478
f 2886 2763 2758 2759
f 2887 2880 2761 2762
f 2880 2887 2888 2881
f 2762 2763 2889 2887
f 2890 2889 2763 2886
f 2887 2889 2891 2888
f 2892 2891 2889 2890
f 2793 2784 2785 2813
f 2793 2813 2869 2893
f 2894 2794 2793 2893
f 2895 2795 2794 2894
f 2896 2796 2795 2895
f 2897 2893 2869 2870
f 2898 2894 2893 2897
f 2899 2895 2894 2898
f 2900 2797 2796 2896
f 2797 2900 2901 2799
f 2902 2896 2895 2899
f 2903 2900 2896 2902
f 2900 2903 2904 2901
f 2870 2874 2884 2897
f 2898 2897 2884 2885
f 2898 2885 2905 2899
f 2885 478 480 2905
f 2899 2905 2906 2902
f 478 2881 2888 479
f 2907 480 479 2908
f 479 2888 2891 2909
f 2910 2908 479 2909
f 2905 480 2907 2906
f 2911 2907 2908 2912
f 2913 2912 2908 2910
f 2902 2906 2914 2903
f 2911 2914 2906 2907
f 2903 2914 2915 2904
f 2914 2911 2916 2915
f 2911 2912 2917 2916
f 2912 2913 2918 2917
f 403 393 2601 2919
f 2920 2919 2601 2602
f 2921 2922 2919 2920
f 404 403 2919 2922
f 405 404 2922 2923
f 2922 2921 2924 2923
f 2920 2602 2612 483
f 2612 2613 481 483
f 2613 2614 485 481
f 486 485 2614 412
f 2920 483 482 2921
f 2921 482 2925 2924
f 482 484 2926 2925
f 486 412 411 415
f 2927 484 486 415
f 414 425 2928 415
f 2929 2928 425 2673
f 415 2928 2930 2927
f 2931 2930 2928 2929
f 484 2927 2932 2926
f 2927 2930 2933 2932
f 2934 2933 2930 2931
f 2929 2673 2935 2936
f 2929 2936 2937 2931
f 405 2923 2938 406
f 2939 2938 2923 2924
f 406 2938 2940 407
f 2941 2940 2938 2939
f 407 2940 2942 408
f 2943 2942 2940 2941
f 410 409 2944 2945
f 2643 402 410 2945
f 409 408 2942 2944
f 2946 2945 2944 2947
f 2944 2942 2943 2947
f 2643 2945 2946 2644
f 2924 2925 2948 2939
f 2925 2926 2949 2948
f 2939 2948 2950 2941
f 2951 2949 2926 2932
f 2952 2950 2948 2949
f 2941 2950 2953 2943
f 2950 2952 2954 2953
f 2955 2952 2949 2951
f 2952 2955 2956 2954
f 2932 2933 2957 2951
f 2933 2934 2958 2957
f 2934 2931 2937 2959
f 2960 2958 2934 2959
f 2951 2957 2961 2955
f 2962 2961 2957 2958
f 2955 2961 2963 2956
f 2961 2962 2964 2963
f 2965 2962 2958 2960
f 2966 2964 2962 2965
f 2644 2946 2967 448
f 2946 2947 2968 2967
f 2969 2970 2967 2968
f 451 448 2967 2970
f 460 451 2970 2971
f 2972 2971 2970 2969
f 2973 2698 461 460
f 2698 2973 2974 2699
f 460 2971 2975 2973
f 2971 2972 2976 2975
f 2977 2974 2973 2975
f 2978 2699 2974 2979
f 2974 2977 2980 2979
f 2968 2947 2943 2953
f 2953 2954 2969 2968
f 2972 2969 2954 2956
f 2956 2963 2976 2972
f 2963 2964 2981 2976
f 2982 2981 2964 2966
f 2981 2977 2975 2976
f 2977 2981 2982 2980
f 2935 2673 442 441
f 2935 441 2704 2826
f 2983 2936 2935 2826
f 2936 2983 2984 2937
f 2826 2827 2985 2983
f 2986 2984 2983 2985
f 2987 2959 2937 2984
f 2988 2960 2959 2987
f 2960 2988 2989 2965
f 2990 2987 2984 2986
f 2991 2988 2987 2990
f 2992 2989 2988 2991
f 2696 2699 2978 2709
f 2709 2978 2843 2710
f 2978 2979 2993 2843
f 2994 2993 2979 2980
f 2995 2844 2843 2993
f 2993 2994 2996 2995
f 2997 2966 2965 2989
f 2998 2982 2966 2997
f 2980 2982 2998 2994
f 2999 2998 2997 3000
f 2997 2989 2992 3000
f 2994 2998 2999 2996
f 2827 2828 2832 2985
f 2985 2832 3001 2986
f 2832 2833 3002 3001
f 2833 2831 2852 3002
f 488 3001 3002 489
f 3002 2852 3003 489
f 2852 2742 2854 3003
f 2986 3001 488 2990
f 492 2991 2990 488
f 2991 492 3004 2992
f 489 3003 3005 491
f 492 487 3006 3004
f 487 490 3007 3006
f 3008 3007 490 491
f 2851 2845 2844 2995
f 3009 2872 2849 2850
f 3009 3010 497 495
f 3011 2872 3009 495
f 3009 2850 2851 3010
f 2873 2871 2872 3011
f 497 2999 3000 498
f 3000 2992 3004 498
f 497 3010 2996 2999
f 2851 2995 2996 3010
f 493 3006 3007 494
f 493 498 3004 3006
f 496 494 3007 3008
f 3012 3011 495 496
f 3003 2854 3013 3005
f 2854 2853 2855 3013
f 3013 2855 3014 3015
f 3016 3005 3013 3015
f 2855 2856 3017 3014
f 2877 3017 2856 2857
f 3008 491 3005 3016
f 2864 3018 3015 3014
f 3015 3018 3012 3016
f 3011 3012 3018 2873
f 3018 2864 2861 2873
f 3017 2865 2864 3014
f 2866 2865 3017 2877
f 3008 3016 3012 496
f 3019 2909 2891 2892
f 3020 2910 2909 3019
f 2910 3020 3021 2913
f 1418 2533 3022 2774
f 3023 3022 2533 2534
f 2774 3022 3024 2777
f 3022 3023 3025 3024
f 2534 2536 3026 3023
f 499 3026 2536 2541
f 3023 3026 3027 3025
f 501 3027 3026 499
f 470 474 3028 2755
f 3029 474 2777 3024
f 474 3029 3030 3028
f 3031 3029 3024 3025
f 3032 3030 3029 3031
f 3033 2756 2755 3028
f 3028 3030 3034 3033
f 3030 3032 3035 3034
f 3036 3031 3025 3027
f 3031 3036 3037 3032
f 3038 3036 3027 501
f 3039 3037 3036 3038
f 3032 3037 3040 3035
f 3037 3039 3041 3040
f 2541 2542 500 499
f 3042 500 2542 2548
f 3043 501 500 3042
f 3044 3042 2548 2551
f 3045 3038 501 3043
f 3046 3039 3038 3045
f 3039 3046 3047 3041
f 3048 3043 3042 3044
f 3049 3045 3043 3048
f 3050 3046 3045 3049
f 3051 3047 3046 3050
f 2756 3033 3052 2757
f 3053 3052 3033 3034
f 2757 3052 3054 2759
f 3052 3053 3055 3054
f 3056 3053 3034 3035
f 3057 3055 3053 3056
f 3058 3054 3055 3059
f 3055 3057 3060 3059
f 3061 3056 3035 3040
f 3056 3061 3062 3057
f 3063 3061 3040 3041
f 3064 3062 3061 3063
f 3057 3062 3065 3060
f 3062 3064 3066 3065
f 2759 3054 3058 2886
f 2890 2886 3058 3067
f 3058 3059 3068 3067
f 504 2892 2890 3067
f 2892 504 503 3019
f 3067 3068 502 504
f 3068 3059 3060 3069
f 3068 3069 506 502
f 3070 3069 3060 3065
f 3071 506 3069 3070
f 3072 3063 3041 3047
f 3073 3064 3063 3072
f 3064 3073 3074 3066
f 3075 3074 3073 3076
f 3073 3072 3077 3076
f 3020 3019 503 507
f 3078 505 506 3071
f 505 3078 3079 507
f 3078 3071 3080 3081
f 3082 3079 3078 3081
f 3065 3066 3083 3070
f 3084 3083 3066 3074
f 3071 3070 3083 3085
f 3086 3085 3083 3084
f 3080 3071 3085 3087
f 3088 3087 3085 3086
f 3089 3081 3080 3090
f 3080 3087 3091 3090
f 3092 3084 3074 3075
f 3093 3086 3084 3092
f 3087 3088 3094 3091
f 3095 3088 3086 3093
f 3096 3094 3088 3095
f 3077 3072 3047 3051
f 3020 507 3079 3021
f 2913 3021 3097 2918
f 3021 3079 3098 3097
f 3079 3082 3099 3098
f 3082 3081 3089 3100
f 3082 3100 3101 3099
f 3102 3100 3089 3103
f 3089 3090 3104 3103
f 3105 3102 3103 3106
f 3107 3106 3103 3104
f 3100 3102 3108 3101
f 3102 3105 3109 3108
f 3110 3105 3106 3111
f 3106 3107 3112 3111
f 3105 3110 3113 3109
f 3090 3091 3114 3104
f 3115 3114 3091 3094
f 3104 3114 3116 3107
f 3114 3115 3117 3116
f 3118 3115 3094 3096
f 3119 3117 3115 3118
f 3107 3116 3120 3112
f 3116 3117 3121 3120
f 3122 3121 3117 3119
f 3123 3120 3121 3124
f 3125 3124 3121 3122
f 3111 3126 3127 3110
f 3128 3126 3111 3112
f 3129 3127 3126 3130
f 3131 3130 3126 3128
f 3110 3127 3132 3113
f 3127 3129 3133 3132
f 3134 3129 3130 3135
f 3130 3131 3136 3135
f 3129 3134 3137 3133
f 3112 3120 3123 3128
f 3128 3123 3138 3131
f 3123 3124 3139 3138
f 3140 3139 3124 3125
f 3131 3138 3141 3136
f 3138 3139 3142 3141
f 3143 3142 3139 3140
f 3144 3141 3142 3145
f 3146 3145 3142 3143
f 3147 3134 3135 3148
f 3135 3136 3149 3148
f 3134 3147 3150 3137
f 3147 3148 3151 3152
f 3147 3152 3153 3150
f 3144 3149 3136 3141
f 3151 3148 3149 3154
f 3155 3154 3149 3144
f 3154 3155 3156 3157
f 3158 3151 3154 3157
f 3144 3145 3159 3155
f 3160 3159 3145 3146
f 3161 3152 3151 3158
f 3152 3161 3162 3153
f 3163 3156 3155 3159
f 3164 3157 3156 3165
f 3156 3163 3166 3165
f 3167 3163 3159 3160
f 3168 3166 3163 3167
f 3169 3158 3157 3164
f 3170 3161 3158 3169
f 3161 3170 3171 3162
f 3172 3164 3165 3173
f 3174 3173 3165 3166
f 3169 3164 3172 3175
f 3176 3170 3169 3175
f 3172 3173 509 3177
f 3178 3175 3172 3177
f 3170 3176 3179 3171
f 3180 3176 3175 3178
f 3176 3180 3181 3179
f 3180 3178 3182 3183
f 3180 3183 3184 3181
f 3173 3174 510 509
f 3185 3174 3166 3168
f 3186 510 3174 3185
f 3187 508 510 3188
f 3189 3188 510 3186
f 3182 3178 3177 3190
f 3177 509 508 3190
f 3182 3190 3191 3192
f 3193 3183 3182 3192
f 3190 508 3187 3191
f 3183 3193 3194 3184
f 3191 3187 3195 3196
f 513 3192 3191 3196
f 3195 3187 3188 3197
f 3198 3197 3188 3189
f 3195 3197 3199 3200
f 3201 3196 3195 3200
f 3200 3199 3202 3201
f 3203 3199 3197 3198
f 3204 3202 3199 3203
f 512 3193 3192 513
f 3193 512 3205 3194
f 513 3196 3201 511
f 512 514 3206 3205
f 514 511 3201 3202
f 3206 514 3202 3204
f 3207 3208 3209 3210
f 3207 3211 3212 3208
f 3207 3210 3213 3214
f 3215 3211 3207 3214
f 3216 3212 3211 3217
f 3218 3217 3211 3215
f 3219 3209 3208 3220
f 3208 3212 3221 3220
f 3210 3209 3222 3223
f 554 3213 3210 3223
f 3224 3222 3209 3219
f 515 3223 3222 516
f 3222 3224 518 516
f 3212 3216 3225 3221
f 3226 3216 3217 519
f 520 519 3217 3218
f 3216 3226 3227 3225
f 522 3226 519 521
f 3228 3227 3226 522
f 3219 3220 524 3229
f 3230 3224 3219 3229
f 3220 3221 525 524
f 3224 3230 527 518
f 3221 3225 528 525
f 531 528 3225 3227
f 3231 3229 524 526
f 3232 3230 3229 3231
f 530 527 3230 3232
f 528 531 533 529
f 3227 3228 532 531
f 532 3228 522 523
f 532 523 3233 534
f 534 3233 3234 536
f 3235 3236 3237 3238
f 3235 3239 539 538
f 3235 3238 3240 3239
f 542 3236 3235 538
f 3236 3241 3242 3237
f 541 3241 3236 542
f 3243 3242 3241 3244
f 3241 541 3245 3244
f 3246 3247 3238 3237
f 3238 3247 3248 3240
f 3249 3248 3247 3250
f 3247 3246 3251 3250
f 3237 3242 3252 3246
f 3242 3243 3253 3252
f 3243 3244 3254 3255
f 3256 3253 3243 3255
f 3246 3252 3257 3251
f 3252 3253 3258 3257
f 3253 3256 3259 3258
f 3260 3255 3254 3261
f 3254 3244 3245 545
f 544 3261 3254 545
f 3261 3262 3263 3260
f 548 3262 3261 544
f 3264 3263 3262 3265
f 3262 548 547 3265
f 3255 3260 3266 3256
f 3267 3266 3260 3263
f 3256 3266 3268 3259
f 3266 3267 3269 3268
f 3270 3267 3263 3264
f 3267 3270 3271 3269
f 3264 3265 3272 3273
f 3264 3273 3274 3270
f 582 3259 3268 549
f 550 549 3268 3269
f 3275 3214 3213 3276
f 553 3276 3213 554
f 3276 553 3277 3278
f 3279 3275 3276 3278
f 554 3223 515 552
f 3214 3275 3280 3215
f 3281 3280 3275 3279
f 3277 539 3239 3278
f 3279 3278 3239 3240
f 555 3277 553 552
f 537 539 3277 555
f 3215 3280 3282 3218
f 3280 3281 3283 3282
f 3240 3248 3281 3279
f 3283 3281 3248 3249
f 538 537 540 542
f 556 3245 541 540
f 543 545 3245 556
f 3218 3282 572 520
f 3282 3283 570 572
f 570 3283 3249 3284
f 3249 3250 575 3284
f 571 570 3284 573
f 577 573 3284 575
f 520 572 571 521
f 521 571 574 523
f 578 574 573 577
f 3233 523 574 3285
f 574 578 3286 3285
f 576 575 3250 3251
f 3251 3257 581 576
f 580 581 3257 3258
f 579 577 576 581
f 579 582 549 551
f 578 551 3287 585
f 578 585 584 3286
f 530 3232 3288 557
f 3233 3285 3289 3234
f 3290 3289 3285 3286
f 544 543 546 548
f 3272 3265 547 586
f 3291 586 558 559
f 3272 586 3291 3292
f 3293 3273 3272 3292
f 3294 3292 3291 587
f 3291 559 560 587
f 3292 3294 3295 3293
f 3296 3294 587 588
f 3295 3294 3296 3297
f 3296 588 3298 3299
f 3300 3297 3296 3299
f 3301 3274 3273 3293
f 3270 3274 3302 3271
f 3274 3301 3303 3302
f 3304 3301 3293 3295
f 3301 3304 3305 3303
f 3295 3297 3306 3304
f 3307 3305 3304 3306
f 3298 588 560 561
f 561 562 3308 3298
f 3258 3259 582 580
f 3309 550 3269 3271
f 3287 551 550 3309
f 3287 3309 589 591
f 583 585 3287 591
f 3271 3302 589 3309
f 3302 3303 590 589
f 3303 3305 592 590
f 3310 592 3305 3307
f 593 591 592 3310
f 3310 3307 3311 3312
f 596 593 3310 3312
f 595 583 593 596
f 562 563 3313 3308
f 563 564 3314 3313
f 3315 3314 564 565
f 3290 3286 584 3316
f 584 594 3317 3316
f 595 597 598 600
f 603 594 595 600
f 602 3317 594 603
f 3318 3234 3289 3319
f 3320 3319 3289 3290
f 3321 3318 3319 3322
f 3323 3322 3319 3320
f 3324 536 3234 3318
f 3318 3321 3325 3324
f 3321 3322 3326 3327
f 3321 3327 3328 3325
f 3322 3323 3329 3326
f 3290 3316 3330 3320
f 3331 3323 3320 3330
f 3332 3329 3323 3331
f 3333 3334 3327 3326
f 3327 3334 3335 3328
f 3334 3333 3336 3337
f 3334 3337 3338 3335
f 3339 3333 3326 3329
f 3333 3339 3340 3336
f 3341 3339 3329 3332
f 3339 3341 3342 3340
f 3343 3330 3316 3317
f 3344 3331 3330 3343
f 3331 3344 3345 3332
f 3346 3343 3317 602
f 3347 3344 3343 3346
f 3348 3345 3344 3347
f 3349 3341 3332 3345
f 3350 3342 3341 3349
f 3351 3349 3345 3348
f 3352 3306 3297 3300
f 3306 3352 3311 3307
f 3353 3299 3298 3308
f 3354 3300 3299 3353
f 3300 3354 3355 3352
f 3356 3353 3308 3313
f 3357 3354 3353 3356
f 3358 3355 3354 3357
f 3352 3355 3359 3311
f 3360 3359 3355 3358
f 3312 3311 3359 3361
f 3359 3360 3362 3361
f 597 596 3312 3361
f 3363 3356 3313 3314
f 607 3357 3356 3363
f 606 3358 3357 607
f 609 3360 3358 606
f 3360 609 610 3362
f 3364 3363 3314 3315
f 605 607 3363 3364
f 604 610 609 608
f 598 597 3361 3362
f 599 598 3362 610
f 603 600 599 604
f 3365 3366 3367 3368
f 3369 3370 3365 3368
f 3371 3366 3365 3372
f 3365 3370 3373 3372
f 3374 3375 3370 3369
f 3370 3375 3376 3373
f 3377 3378 3375 3374
f 3375 3378 3379 3376
f 3337 3336 3367 3366
f 3337 3366 3371 3338
f 3336 3340 3380 3367
f 3381 3380 3340 3342
f 3382 3368 3367 3380
f 3380 3381 3383 3382
f 3384 3381 3342 3350
f 3385 3383 3381 3384
f 3368 3382 3386 3369
f 3387 3386 3382 3383
f 3369 3386 3388 3374
f 3386 3387 3389 3388
f 3390 3387 3383 3385
f 3387 3390 3391 3389
f 3390 3385 3392 3393
f 3394 3391 3390 3393
f 1242 3395 3396 1241
f 3397 3395 1242 1243
f 3398 3396 3395 3399
f 3400 3399 3395 3397
f 1241 3396 3401 1244
f 3396 3398 3402 3401
f 613 3398 3399 3403
f 3399 3400 3404 3403
f 3398 613 612 3402
f 613 3403 3405 3406
f 613 3406 3407 611
f 1243 1257 3408 3397
f 3409 3408 1257 1258
f 3397 3408 3410 3400
f 3408 3409 3411 3410
f 1258 1260 3412 3409
f 3413 3412 1260 1263
f 3414 3411 3409 3412
f 3415 3410 3411 3416
f 3417 3416 3411 3414
f 3418 3414 3412 3413
f 3404 3400 3410 3415
f 3415 3416 3419 3420
f 3415 3420 3421 3404
f 3422 3423 3420 3419
f 3420 3423 616 3421
f 3423 3422 3424 3425
f 614 616 3423 3425
f 3424 3422 3378 3377
f 3378 3422 3426 3379
f 3422 3419 3427 3426
f 3427 3419 3416 3417
f 3405 3403 3404 3421
f 3421 616 615 3405
f 3428 3406 3405 615
f 615 3429 3430 3428
f 3431 3429 615 614
f 3429 3431 3432 3433
f 3434 3430 3429 3433
f 3406 3428 3435 3407
f 3428 3430 3436 3435
f 3430 3434 3437 3436
f 3438 3425 3424 3439
f 3424 3377 3440 3439
f 3441 3438 3439 3442
f 3439 3440 3443 3442
f 3431 614 3425 3438
f 3432 3431 3438 3441
f 3440 3377 3374 3388
f 3443 3440 3388 3389
f 3441 3442 3444 3445
f 3441 3445 3446 3432
f 3447 3443 3389 3391
f 3444 3442 3443 3447
f 3448 3447 3391 3394
f 3449 3444 3447 3448
f 3445 3444 3449 3450
f 3451 3446 3445 3450
f 3452 3433 3432 3446
f 3434 3433 3452 3453
f 3454 3437 3434 3453
f 3455 3452 3446 3451
f 3456 3453 3452 3455
f 567 566 3457 3458
f 3315 565 567 3458
f 3231 526 3459 3460
f 3288 3232 3231 3460
f 526 529 3461 3459
f 529 533 3462 3461
f 533 535 3463 3462
f 3464 535 536 3324
f 535 3464 3465 3463
f 3324 3325 3466 3464
f 3467 3466 3325 3328
f 3464 3466 3468 3465
f 3466 3467 3469 3468
f 3328 3335 3470 3467
f 3471 3470 3335 3338
f 3467 3470 3472 3469
f 3473 3472 3470 3471
f 3474 3465 3468 619
f 3468 3469 620 619
f 3469 3472 3475 620
f 3476 3475 3472 3473
f 557 3288 3477 568
f 3477 3288 3460 3478
f 3460 3459 3479 3478
f 3459 3461 3480 3479
f 3481 3480 3461 3462
f 568 3477 3482 569
f 3477 3478 3483 3482
f 569 3482 3457 566
f 3482 3483 3484 3457
f 3483 3478 3479 3485
f 3479 3480 3486 3485
f 3480 3481 3487 3486
f 3481 3462 3463 3488
f 3489 3487 3481 3488
f 3483 3485 3490 3484
f 3485 3486 3491 3490
f 3486 3487 3492 3491
f 3487 3489 3493 3492
f 3474 3488 3463 3465
f 3488 3474 3494 3489
f 3474 619 618 3494
f 3489 3494 3495 3493
f 622 3495 3494 618
f 3496 3458 3457 3484
f 3496 3364 3315 3458
f 3497 605 3364 3496
f 605 3497 3498 608
f 3496 3484 3490 3497
f 3497 3490 3491 3498
f 604 608 3498 3499
f 3498 3491 3492 3499
f 602 601 3500 3346
f 3501 601 604 3499
f 601 3501 3502 3500
f 3492 3493 3501 3499
f 3493 3495 3502 3501
f 624 3502 3495 622
f 3503 3500 3502 624
f 618 617 623 622
f 617 621 3504 623
f 620 3475 3505 621
f 3506 3505 3475 3476
f 621 3505 3507 3504
f 3508 3507 3505 3506
f 3503 3347 3346 3500
f 3347 3503 3509 3348
f 3503 624 3510 3509
f 3349 3351 3511 3350
f 3512 3351 3348 3509
f 3351 3512 3513 3511
f 3510 624 623 3504
f 3504 3507 3514 3510
f 3515 3514 3507 3508
f 3514 3512 3509 3510
f 3513 3512 3514 3515
f 3516 3471 3338 3371
f 3471 3516 3517 3473
f 3371 3372 3518 3516
f 3519 3517 3516 3518
f 3473 3517 3520 3476
f 3517 3519 3521 3520
f 3522 3518 3372 3373
f 3518 3522 3523 3519
f 3373 3376 3524 3522
f 3523 3522 3524 3525
f 3524 3376 3379 3526
f 3527 3525 3524 3526
f 3519 3523 627 3521
f 3523 3525 628 627
f 3525 3527 3528 628
f 3529 1386 1387 3530
f 1387 1390 3531 3530
f 3532 3531 1390 1391
f 3533 3506 3476 3520
f 3350 3511 3534 3384
f 3535 3534 3511 3513
f 3384 3534 3392 3385
f 3534 3535 3536 3392
f 3513 3515 3537 3535
f 3515 3508 3538 3537
f 3535 3537 3539 3536
f 3540 3539 3537 3538
f 3541 3393 3392 3536
f 3393 3541 3542 3394
f 3536 3539 3543 3541
f 3539 3540 630 3543
f 3541 3543 3544 3542
f 3538 3508 3506 3533
f 3545 3533 3520 3521
f 3540 3538 3533 3545
f 626 3545 3521 627
f 630 3540 3545 626
f 3544 3543 630 633
f 3529 3413 1263 1386
f 3546 3417 3414 3418
f 3413 3529 3547 3418
f 3529 3530 639 3547
f 3379 3426 634 3526
f 3426 3427 635 634
f 635 3427 3417 3546
f 3548 3546 3418 3547
f 636 635 3546 3548
f 3527 3526 634 636
f 638 3548 3547 639
f 3549 636 3548 638
f 3528 3527 636 3549
f 3530 3531 3550 639
f 3551 3550 3531 3532
f 639 3550 640 637
f 644 3528 3549 642
f 3549 638 3552 642
f 638 637 641 3552
f 3553 640 3550 3551
f 3554 3448 3394 3542
f 3555 3449 3448 3554
f 3556 3450 3449 3555
f 3557 3554 3542 3544
f 3558 3555 3554 3557
f 3555 3558 3559 3556
f 628 3528 644 629
f 629 644 643 632
f 631 632 643 645
f 631 645 649 633
f 648 3560 3552 641
f 3561 642 3552 3560
f 3562 646 642 3561
f 3563 3561 3560 3564
f 3560 648 3565 3564
f 640 3553 3566 647
f 3567 3565 648 647
f 3557 3544 633 649
f 3558 3557 649 646
f 3559 3558 646 3562
f 3568 3562 3561 3563
f 3559 3562 3568 3569
f 3570 3556 3559 3569
f 3563 3564 3571 3572
f 3573 3568 3563 3572
f 3574 3569 3568 3573
f 3572 3571 650 652
f 3575 3573 3572 652
f 3564 3565 3576 3571
f 3577 3576 3565 3567
f 3571 3576 3578 650
f 3576 3577 3579 3578
f 3580 3532 1391 1421
f 3532 3580 3581 3551
f 3582 3580 1421 1422
f 3583 3581 3580 3582
f 3551 3581 3584 3553
f 3581 3583 3585 3584
f 3586 3582 1422 1425
f 3582 3586 3587 3583
f 3588 3586 1425 1426
f 3589 3587 3586 3588
f 3583 3587 3590 3585
f 3591 3590 3587 3589
f 3592 3566 3553 3584
f 647 3566 3593 3567
f 3566 3592 3594 3593
f 3595 3592 3584 3585
f 3596 3594 3592 3595
f 3567 3593 3597 3577
f 3598 3597 3593 3594
f 3577 3597 3599 3579
f 3597 3598 3600 3599
f 3601 3598 3594 3596
f 3598 3601 3602 3600
f 3603 3595 3585 3590
f 3595 3603 3604 3596
f 3605 3603 3590 3591
f 3606 3604 3603 3605
f 3607 3601 3596 3604
f 3601 3607 3608 3602
f 3609 3607 3604 3606
f 3610 3608 3607 3609
f 3450 3556 3570 3451
f 3611 3455 3451 3570
f 3455 3611 3612 3456
f 3570 3569 3574 3611
f 3611 3574 3613 3612
f 3574 3573 3575 3613
f 1728 176 177 3614
f 3615 3614 177 3616
f 177 653 3617 3616
f 3618 1729 1728 3614
f 1729 3618 3619 1730
f 3618 3614 3615 3620
f 3618 3620 656 3619
f 3620 3615 3621 3622
f 3620 3622 657 656
f 3615 3616 3623 3621
f 3621 3623 670 3624
f 3625 3622 3621 3624
f 3622 3625 3626 657
f 1744 1745 3627 3628
f 1744 3628 659 1747
f 1745 1746 3629 3627
f 3630 3629 1746 1750
f 3631 3628 3627 3632
f 3627 3629 3633 3632
f 3628 3631 661 659
f 3629 3630 3634 3633
f 3631 3632 3635 664
f 3631 664 663 661
f 3636 3637 665 662
f 3638 3639 665 3637
f 665 3639 3640 663
f 664 3635 3636 662
f 3641 3635 3632 3633
f 3642 3637 3636 3643
f 3636 3635 3641 3643
f 3639 669 668 3640
f 3644 669 3639 3638
f 3645 667 669 3644
f 3646 3638 3637 3642
f 3647 3644 3638 3646
f 3648 1774 1773 3649
f 1773 1767 658 3649
f 1774 3648 673 1775
f 3648 3649 674 673
f 653 178 3650 3651
f 677 3651 3650 3652
f 3650 178 176 1770
f 3650 1770 1771 3652
f 653 3651 3653 3617
f 3651 677 676 3653
f 658 1767 1747 659
f 674 3649 658 678
f 658 660 679 678
f 677 3652 672 675
f 674 678 675 672
f 3617 3653 3654 3655
f 3623 3616 3617 3655
f 3654 3653 676 679
f 3654 3640 668 3655
f 663 3640 3654 679
f 679 660 661 663
f 679 663 666 680
f 672 3652 1771 1776
f 1775 673 672 1776
f 3656 202 200 1763
f 201 203 3657 1760
f 3657 203 202 3656
f 3658 1761 1760 3657
f 1763 1764 3659 3656
f 3660 3659 1764 1765
f 3657 3656 3659 3658
f 3623 3655 668 670
f 3661 3624 670 671
f 1762 1761 3658 3662
f 3658 3659 3660 3662
f 3625 3624 3661 3663
f 3625 3663 3664 3626
f 667 3645 3665 671
f 3644 3647 3666 3645
f 3647 3646 3667 3668
f 3669 3666 3647 3668
f 3645 3666 3670 3665
f 3671 3670 3666 3669
f 3661 671 3665 3672
f 3673 3663 3661 3672
f 3674 3672 3665 3670
f 3675 3673 3672 3674
f 3663 3673 3676 3664
f 3677 3676 3673 3675
f 3674 3670 3671 3678
f 3679 3675 3674 3678
f 1825 3680 3681 1824
f 3682 3680 1825 1826
f 3683 3681 3680 3684
f 3685 3684 3680 3682
f 1831 3686 3687 1830
f 1831 1824 3681 3686
f 3688 3687 3686 3689
f 3686 3681 3683 3689
f 1830 3687 3690 1832
f 3687 3688 3691 3690
f 3692 3688 3689 3693
f 3689 3683 3694 3693
f 3688 3692 3695 3691
f 3683 3684 3696 3694
f 3684 3685 3697 3696
f 3698 1833 1730 3619
f 3699 1834 1833 3698
f 3682 1826 1834 3699
f 3682 3699 3700 3685
f 3699 3698 655 3700
f 655 3698 3619 656
f 3697 3685 3700 3701
f 3700 655 681 3701
f 3692 3693 3702 3703
f 3704 3695 3692 3703
f 3705 3694 3696 3706
f 3707 3706 3696 3697
f 3693 3694 3705 3702
f 3704 3703 3702 3708
f 3702 3705 3709 3708
f 3705 3706 3710 3709
f 3706 3707 3711 3710
f 684 654 657 3626
f 3712 681 654 684
f 3697 3701 3713 3707
f 3713 3701 681 3712
f 3714 3713 3712 3715
f 3712 684 683 3715
f 3707 3713 3714 3711
f 3716 3710 3711 3717
f 3711 3714 3718 3717
f 3714 3715 697 3718
f 3719 1866 1832 3690
f 1866 3719 3720 1867
f 3721 3719 3690 3691
f 3722 3720 3719 3721
f 3723 1868 1867 3720
f 1868 3723 3724 1869
f 3725 3723 3720 3722
f 3723 3725 3726 3724
f 3727 3721 3691 3695
f 3728 3722 3721 3727
f 3729 3725 3722 3728
f 685 3726 3725 3729
f 1869 3724 3730 1872
f 3731 3730 3724 3726
f 1872 3730 3732 1873
f 3730 3731 3733 3732
f 687 3731 3726 685
f 690 3733 3731 687
f 1873 3732 3734 1877
f 3735 3734 3732 3733
f 3736 1878 1877 3734
f 1878 3736 3737 1879
f 3738 3736 3734 3735
f 3736 3738 692 3737
f 3739 3735 3733 690
f 3738 3735 3739 3740
f 3738 3740 693 692
f 3741 3727 3695 3704
f 3727 3741 3742 3728
f 3704 3708 3743 3741
f 3744 3742 3741 3743
f 3745 3729 3728 3742
f 686 685 3729 3745
f 3746 3745 3742 3744
f 688 686 3745 3746
f 688 3746 3747 689
f 3748 3743 3708 3709
f 3743 3748 3749 3744
f 3716 3748 3709 3710
f 3750 3749 3748 3716
f 3747 3746 3744 3749
f 3751 3747 3749 3750
f 3716 3717 3752 3750
f 3717 3718 3753 3752
f 689 3747 3751 691
f 3754 3751 3750 3752
f 3755 691 3751 3754
f 696 3753 3718 697
f 3756 3754 3752 3753
f 3754 3756 3757 3755
f 699 3756 3753 696
f 700 3757 3756 699
f 3755 3739 690 691
f 3757 3740 3739 3755
f 3740 3757 700 693
f 3758 1883 1879 3737
f 3759 1884 1883 3758
f 1884 3759 3760 1885
f 694 3758 3737 692
f 3761 3759 3758 694
f 3759 3761 3762 3760
f 701 694 693 700
f 3763 3761 694 701
f 3761 3763 3764 3762
f 682 684 3626 3664
f 3715 683 695 697
f 3765 682 3664 3676
f 3766 695 682 3765
f 696 695 3766 698
f 3767 3765 3676 3677
f 3765 3767 3768 3766
f 3769 3768 3767 3770
f 3767 3677 3771 3770
f 3763 701 698 3772
f 698 3766 3768 3772
f 3773 3764 3763 3772
f 3764 3773 704 3774
f 3775 3762 3764 3774
f 3773 3772 3768 3769
f 704 3773 3769 3776
f 3769 3770 3777 3776
f 1750 1901 3778 3630
f 3779 3634 3630 3778
f 3780 3778 1901 1902
f 3781 3641 3633 3634
f 3642 3643 3782 3783
f 3667 3646 3642 3783
f 3782 3643 3641 3781
f 3784 3781 3634 3779
f 3785 3783 3782 3786
f 3782 3781 3784 3786
f 3778 3780 3787 3779
f 1902 1903 3788 3780
f 705 3788 1903 1904
f 3780 3788 3789 3787
f 707 3789 3788 705
f 3660 1765 1946 3790
f 1946 1950 3791 3790
f 3792 3791 1950 1954
f 3793 3667 3783 3785
f 3794 3668 3667 3793
f 3668 3794 3795 3669
f 712 3784 3779 3787
f 3785 3786 710 709
f 711 3793 3785 709
f 710 3786 3784 712
f 3796 3794 3793 711
f 3797 3795 3794 3796
f 3669 3795 3798 3671
f 3795 3797 3799 3798
f 3800 3678 3671 3798
f 708 712 3787 3789
f 3801 3796 711 708
f 3802 708 3789 707
f 3803 3797 3796 3801
f 3804 3799 3797 3803
f 3805 3801 708 3802
f 3806 3803 3801 3805
f 1762 3662 3807 1947
f 3807 3662 3660 3790
f 3808 1951 1947 3807
f 1951 3808 3809 1955
f 3808 3807 3790 3791
f 3809 3808 3791 3792
f 704 3776 713 702
f 3810 3774 704 703
f 703 702 3811 3812
f 3813 3810 703 3812
f 3814 3811 702 714
f 3815 3812 3811 3816
f 3815 3816 3817 3818
f 3813 3812 3815 3819
f 3815 3818 3820 3819
f 3821 3816 3811 3814
f 3816 3821 718 3817
f 3822 3823 3824 3825
f 3824 3826 3827 3825
f 3824 3823 3828 3829
f 3830 3826 3824 3829
f 3826 3831 3832 3827
f 3833 3831 3826 3830
f 3834 3832 3831 3835
f 3836 3835 3831 3833
f 3837 3838 3818 3817
f 3818 3838 3839 3820
f 3840 3841 3842 3843
f 3840 3844 3845 3841
f 3846 3847 3840 3843
f 3848 3844 3840 3847
f 3849 3850 3823 3822
f 3823 3850 3851 3828
f 3844 3848 3852 3853
f 3854 3855 3852 3848
f 3845 3844 3853 3856
f 3821 3814 3857 3858
f 719 718 3821 3858
f 3817 718 717 3837
f 3842 3841 3859 3860
f 722 3843 3842 720
f 3842 3860 3861 720
f 3862 3859 3841 3845
f 3863 3860 3859 3864
f 3859 3862 716 3864
f 3860 3863 725 3861
f 3865 3849 3822 3866
f 3822 3825 3867 3866
f 3845 3856 3868 3862
f 3862 3868 3869 716
f 723 716 3870 3871
f 3825 3827 3872 3867
f 3827 3832 3873 3872
f 3832 3834 3874 3873
f 3675 3679 3771 3677
f 3875 3679 3678 3800
f 3876 3771 3679 3875
f 3777 3770 3771 3876
f 3800 3798 3799 3877
f 3800 3877 3878 3875
f 3879 3877 3799 3804
f 3877 3879 3880 3878
f 3881 3804 3803 3806
f 3879 3882 3883 3880
f 3879 3804 3881 3882
f 3882 3881 3884 3885
f 3886 3883 3882 3885
f 3887 3876 3875 3878
f 3777 3876 3887 3888
f 713 3776 3777 3888
f 3889 3887 3878 3880
f 3890 3888 3887 3889
f 713 3888 3890 715
f 3857 3814 714 715
f 3891 3889 3880 3883
f 3889 3891 3892 3890
f 3893 3891 3883 3886
f 729 3892 3891 3893
f 3894 715 3890 3892
f 3895 3857 715 3894
f 3896 3858 3857 3895
f 3863 3864 3897 3898
f 726 725 3863 3898
f 3899 719 3858 3896
f 3870 716 719 3899
f 3897 3864 716 3900
f 3901 3900 716 3869
f 3902 3898 3897 3903
f 3897 3900 3904 3903
f 3900 3901 3905 3904
f 3865 3866 3906 3907
f 3871 3870 3908 3909
f 3908 3870 3899 3910
f 3899 3896 3911 3910
f 3866 3867 3912 3906
f 3913 3904 3905 3914
f 3915 3909 3908 3916
f 3908 3910 3917 3916
f 3911 3896 3895 3918
f 3895 3894 728 3918
f 3910 3911 3919 3917
f 3911 3918 3920 3919
f 3867 3872 3921 3912
f 3872 3873 3922 3921
f 728 3894 3892 729
f 3918 728 727 3920
f 729 3893 3923 3924
f 3925 727 729 3924
f 3926 3920 727 3927
f 3928 3927 727 3925
f 3929 1985 1244 3401
f 1985 3929 3930 1986
f 3931 3929 3401 3402
f 3932 3930 3929 3931
f 1986 3930 3933 1987
f 3930 3932 3934 3933
f 730 3931 3402 612
f 732 3932 3931 730
f 731 730 612 611
f 3935 3934 3932 732
f 3936 3937 1994 1993
f 1994 3937 3938 1995
f 3937 3936 3939 3940
f 3937 3940 3941 3938
f 3936 1993 1987 3933
f 3939 3936 3933 3934
f 3942 3939 3934 3935
f 3943 3940 3939 3942
f 3944 3943 3942 3945
f 3942 3935 3946 3945
f 3940 3943 3947 3941
f 3943 3944 3948 3947
f 611 3407 736 731
f 3407 3435 3436 736
f 734 736 3436 3437
f 731 736 735 733
f 3946 3935 732 733
f 3945 3946 3949 3950
f 3951 3944 3945 3950
f 3944 3951 3952 3948
f 735 734 3953 3954
f 3955 733 735 3954
f 3953 734 3437 3454
f 3956 3454 3453 3456
f 3957 3954 3953 3958
f 3953 3454 3956 3958
f 3949 3946 733 3955
f 3959 3950 3949 738
f 3949 3955 739 738
f 3960 3951 3950 3959
f 3961 3952 3951 3960
f 3959 3962 3963 3960
f 3959 738 737 3962
f 3962 737 3964 742
f 741 3963 3962 742
f 739 3955 3954 3957
f 3965 737 739 3957
f 3957 3958 3966 3965
f 3958 3956 3967 3966
f 1904 1995 3938 705
f 705 3938 3941 706
f 1954 2030 3968 3792
f 273 3968 2030 271
f 3968 273 274 3969
f 3809 3792 3968 3969
f 274 272 2031 3969
f 3802 707 706 3970
f 706 3941 3947 3970
f 3971 3805 3802 3970
f 3805 3971 3972 3806
f 3970 3947 3948 3973
f 3974 3971 3970 3973
f 1955 3809 3969 2031
f 3975 3972 3971 3974
f 3884 3881 3806 3972
f 3976 3884 3972 3975
f 3885 3884 3976 3977
f 3978 3886 3885 3977
f 745 3974 3973 3979
f 3973 3948 3952 3979
f 744 3975 3974 745
f 3979 3952 3961 3980
f 743 745 3979 3980
f 3981 3976 3975 744
f 3982 3977 3976 3981
f 3983 3981 744 743
f 3984 3982 3981 3983
f 3923 3893 3886 3978
f 3873 3874 3985 3922
f 3986 3978 3977 3982
f 3987 3923 3978 3986
f 3924 3923 3987 3988
f 3924 3988 3989 3925
f 3990 3987 3986 3991
f 3986 3982 3984 3991
f 3992 3988 3987 3990
f 3993 3989 3988 3992
f 3990 3991 3994 747
f 3990 747 749 3992
f 3995 3961 3960 3963
f 752 3980 3961 3995
f 751 743 3980 752
f 753 3983 743 751
f 3996 3995 3963 741
f 3997 752 3995 3996
f 3998 750 752 3997
f 3983 753 755 3984
f 755 750 3999 3994
f 3991 3984 755 3994
f 758 3999 750 3998
f 757 748 3999 758
f 747 3994 3999 748
f 748 757 4000 756
f 4001 4000 757 759
f 3967 3956 3456 3612
f 4002 4003 4004 4005
f 4004 4003 4006 4007
f 4008 4005 4004 4007
f 4009 4003 4002 4010
f 4009 4010 4011 4012
f 4006 4003 4009 4013
f 4009 4012 4014 4013
f 4002 4005 4015 4016
f 4017 4010 4002 4016
f 4018 4011 4010 4017
f 4019 4020 4012 4011
f 4012 4020 4021 4014
f 4020 4019 4022 4021
f 4011 4018 4023 4019
f 4018 4017 4024 4025
f 4018 4025 4026 4023
f 4019 4023 4027 4022
f 4028 4015 4005 4008
f 4015 4028 4029 4030
f 4031 4016 4015 4030
f 4028 4008 4032 4033
f 4034 4029 4028 4033
f 4035 4030 4029 4036
f 4037 4036 4029 4034
f 764 4035 4036 762
f 4036 4037 4038 762
f 4039 4024 4031 4040
f 4017 4016 4031 4024
f 4031 4030 4035 4040
f 4041 4025 4024 4039
f 4039 4040 4042 4043
f 4039 4043 4044 4041
f 4045 4026 4025 4041
f 4040 4035 764 4042
f 4043 4042 4046 4047
f 4048 4044 4043 4047
f 4046 4042 764 763
f 4023 4026 4049 4027
f 4026 4045 4050 4049
f 4051 4045 4041 4044
f 4045 4051 4052 4050
f 767 4051 4044 4048
f 4051 767 766 4052
f 767 4048 4053 765
f 4054 4007 4006 4055
f 4006 4013 4056 4055
f 4007 4054 4032 4008
f 4032 4054 4057 4058
f 4059 4033 4032 4058
f 4054 4055 4060 4057
f 4055 4056 4061 4060
f 4056 4013 4014 4062
f 4056 4062 4063 4061
f 4062 4014 4021 4064
f 4062 4064 4065 4063
f 4021 4022 4066 4064
f 4067 4066 4022 4027
f 4064 4066 4068 4065
f 4069 4068 4066 4067
f 4070 4057 4060 4071
f 4072 4071 4060 4061
f 4073 4070 4071 4074
f 4071 4072 4075 4074
f 4058 4057 4070 4076
f 4058 4076 4077 4059
f 4078 4076 4070 4073
f 4079 4077 4076 4078
f 4061 4063 4080 4072
f 4081 4080 4063 4065
f 4072 4080 4082 4075
f 4080 4081 4083 4082
f 4065 4068 4084 4081
f 4085 4084 4068 4069
f 4081 4084 4086 4083
f 4084 4085 4087 4086
f 4033 4059 4088 4034
f 4089 4088 4059 4077
f 4090 4037 4034 4088
f 4091 4038 4037 4090
f 4088 4089 4092 4090
f 4077 4079 4093 4089
f 4079 4078 4094 4095
f 4096 4093 4079 4095
f 4089 4093 4097 4092
f 4085 4069 4098 4099
f 4085 4099 4100 4087
f 4027 4049 4101 4067
f 4102 4101 4049 4050
f 4067 4101 4098 4069
f 4101 4102 4103 4098
f 4050 4052 4104 4102
f 4052 766 4105 4104
f 4106 4103 4102 4104
f 4107 4099 4098 4103
f 4103 4106 4108 4107
f 4099 4107 4109 4100
f 763 4110 4111 4046
f 763 762 4038 4110
f 4110 4038 4091 4112
f 4113 4111 4110 4112
f 4114 4047 4046 4111
f 4047 4114 4053 4048
f 4115 4114 4111 4113
f 4114 4115 4116 4053
f 4117 4091 4090 4092
f 4118 4112 4091 4117
f 4119 4113 4112 4118
f 4120 4115 4113 4119
f 4115 4120 4121 4116
f 4122 4097 4093 4096
f 4123 4117 4092 4097
f 4124 4118 4117 4123
f 4097 4122 4125 4123
f 4126 4125 4122 4127
f 4122 4096 4128 4127
f 4129 4119 4118 4124
f 4130 4120 4119 4129
f 4120 4130 4131 4121
f 4123 4125 4132 4124
f 4125 4126 4133 4132
f 4126 4127 4134 4135
f 4136 4133 4126 4135
f 4129 4124 4132 4137
f 4132 4133 4138 4137
f 4133 4136 4139 4138
f 4129 4137 4140 4130
f 4141 4140 4137 4138
f 4130 4140 4142 4131
f 4143 4142 4140 4141
f 766 765 4144 4105
f 4144 765 4053 4116
f 4104 4105 4145 4106
f 4105 4144 4146 4145
f 4146 4144 4116 4121
f 4106 4145 4147 4108
f 4107 4108 4148 4109
f 4145 4146 4149 4147
f 4150 4148 4108 4147
f 4151 4109 4148 4152
f 4148 4150 4153 4152
f 4146 4121 4131 4149
f 4147 4149 4154 4150
f 4149 4131 4142 4154
f 4150 4154 4155 4153
f 4154 4142 4143 4155
f 4156 4153 4155 4157
f 4155 4143 4158 4157
f 1885 3760 4159 2217
f 3760 3762 3775 4159
f 2217 4159 4160 2306
f 4161 4160 4159 3775
f 2307 2306 4160 4162
f 4163 4162 4160 4161
f 4164 2308 2307 4162
f 2308 4164 4165 2309
f 4166 4164 4162 4163
f 4164 4166 4167 4165
f 3775 3774 3810 4161
f 4161 3810 4168 4163
f 4169 4166 4163 4168
f 4170 4167 4166 4169
f 2309 4165 4171 2313
f 4172 4171 4165 4167
f 4173 2314 2313 4171
f 2314 4173 4174 2315
f 4175 4173 4171 4172
f 4173 4175 4176 4174
f 4177 4172 4167 4170
f 4178 4175 4172 4177
f 4175 4178 4179 4176
f 3833 3830 4180 4181
f 3833 4181 4182 3836
f 4181 4180 4183 4184
f 4181 4184 4185 4182
f 4186 4168 3810 3813
f 4168 4186 4187 4169
f 3813 3819 4188 4186
f 4189 4187 4186 4188
f 4169 4187 4190 4170
f 4187 4189 4191 4190
f 4189 4188 4192 4193
f 4194 4191 4189 4193
f 4177 4170 4190 4195
f 4190 4191 4196 4195
f 4191 4194 4197 4196
f 4192 4188 3819 3820
f 4195 4196 4198 4199
f 4200 4177 4195 4199
f 4201 4178 4177 4200
f 4178 4201 4202 4179
f 3829 3828 4203 4204
f 4180 3830 3829 4204
f 4205 4203 3828 3851
f 4204 4203 4206 4207
f 4183 4180 4204 4207
f 4203 4205 4208 4206
f 4209 4192 3820 3839
f 4210 3847 3846 4211
f 4210 4211 4212 4213
f 3848 3847 4210 3854
f 4210 4213 4214 3854
f 4215 4211 3846 4216
f 3846 3843 722 4216
f 4217 4212 4211 4215
f 4218 4193 4192 4209
f 4219 4220 4213 4212
f 4213 4220 4221 4214
f 4220 4219 4222 4223
f 4224 4221 4220 4223
f 4225 4219 4212 4217
f 4225 4217 770 769
f 4225 769 771 4226
f 4222 4219 4225 4226
f 3855 3854 4214 4227
f 4228 4227 4214 4221
f 4229 4228 4221 4224
f 4216 722 721 772
f 773 4215 4216 772
f 770 4217 4215 773
f 721 720 3861 774
f 774 3861 725 724
f 724 726 4230 775
f 4231 4226 771 776
f 4232 4194 4193 4218
f 4233 4234 4223 4222
f 4223 4234 4235 4224
f 4234 4233 4236 4237
f 4234 4237 4238 4235
f 4222 4226 4231 4233
f 4239 4236 4233 4231
f 4240 4237 4236 4241
f 4236 4239 787 4241
f 4242 4197 4194 4232
f 4197 4242 4243 4244
f 4198 4196 4197 4244
f 4237 4240 4245 4238
f 4240 4241 4246 4247
f 4248 4245 4240 4247
f 4249 4229 4224 4235
f 4249 4235 4238 4250
f 4251 4250 4238 4245
f 4206 4208 4252 4253
f 4254 4207 4206 4253
f 4251 4245 4248 4255
f 4231 776 777 4239
f 787 4239 777 778
f 4246 4241 787 788
f 778 779 4256 788
f 779 780 790 4256
f 780 781 4257 789
f 4258 4246 788 4256
f 4258 4256 790 4259
f 790 789 4260 4259
f 4261 4247 4246 4258
f 4247 4261 4262 4248
f 4258 4259 4263 4261
f 4264 4262 4261 4263
f 4265 4244 4243 4266
f 4267 4265 4266 4268
f 4269 4183 4207 4254
f 4270 4184 4183 4269
f 4184 4270 4271 4185
f 4199 4198 4272 793
f 4199 793 792 4200
f 4198 4244 4265 4272
f 4273 4272 4265 4267
f 791 793 4272 4273
f 4274 4255 4248 4262
f 4275 4274 4262 4264
f 4276 4253 4252 4277
f 4278 4254 4253 4276
f 795 4201 4200 792
f 4279 4202 4201 795
f 4280 4269 4254 4278
f 4281 4270 4269 4280
f 4282 4271 4270 4281
f 2315 4174 4283 2323
f 4174 4176 4284 4283
f 4285 4284 4176 4179
f 2323 4283 4286 2325
f 4283 4284 4287 4286
f 4288 4287 4284 4285
f 4289 2327 2325 4286
f 2327 4289 4290 2329
f 4291 4289 4286 4287
f 4289 4291 796 4290
f 4292 4291 4287 4288
f 4291 4292 797 796
f 4293 4285 4179 4202
f 4285 4293 4294 4288
f 4295 4293 4202 4279
f 4296 4294 4293 4295
f 4292 4288 4294 4297
f 4294 4296 4298 4297
f 800 797 4292 4297
f 3898 3902 4230 726
f 4299 4230 3902 4300
f 3902 3903 4301 4300
f 782 775 4230 4299
f 783 782 4299 4302
f 4299 4300 4303 4302
f 4304 4303 4300 4301
f 783 4302 4305 784
f 4306 4305 4302 4303
f 4307 785 784 4305
f 786 785 4307 4308
f 4257 781 786 4308
f 4305 4306 4309 4307
f 4310 4306 4303 4304
f 4306 4310 4311 4309
f 3913 4301 3903 3904
f 4301 3913 4312 4304
f 4312 3913 3914 4313
f 3915 3916 4314 4315
f 3916 3917 4316 4314
f 3907 3906 4317 4318
f 4319 4310 4304 4312
f 4310 4319 4320 4311
f 4315 4314 4321 4322
f 3917 3919 4323 4316
f 4324 4317 3906 3912
f 3926 4323 3919 3920
f 4312 4313 4325 4319
f 4314 4316 4326 4321
f 4316 4323 4327 4326
f 4328 4320 4319 4325
f 808 4327 4323 3926
f 4329 4308 4307 4309
f 4330 4257 4308 4329
f 789 4257 4330 4260
f 4331 4329 4309 4311
f 4332 4330 4329 4331
f 4333 4260 4330 4332
f 4259 4260 4333 4263
f 4334 4331 4311 4320
f 4331 4334 4335 4332
f 4276 4277 4318 4317
f 4336 4337 4322 4321
f 4334 4320 4328 4338
f 803 802 4337 4336
f 4334 4338 4339 4335
f 4263 4333 4340 4264
f 4268 801 804 4267
f 4333 4332 4335 4340
f 4340 4335 4339 4341
f 4275 4264 4340 4341
f 803 4336 4342 805
f 804 805 4343 4344
f 4273 4267 804 4344
f 4276 4317 4324 4278
f 4321 4326 4342 4336
f 4345 4342 4326 4327
f 4343 805 4342 4345
f 4345 4327 808 807
f 810 4343 4345 807
f 4346 4344 4343 810
f 3912 3921 4347 4324
f 3926 3927 806 808
f 4348 4347 3921 3922
f 4349 806 3927 3928
f 4280 4278 4324 4347
f 4281 4280 4347 4348
f 811 809 806 4349
f 4346 791 4273 4344
f 791 4346 4350 794
f 4346 810 809 4350
f 795 794 4351 4279
f 794 4350 4352 4351
f 4352 4350 809 812
f 4353 4351 4352 4354
f 4352 812 4355 4354
f 812 811 4356 4355
f 4353 4295 4279 4351
f 4295 4353 815 4296
f 4353 4354 813 815
f 4296 815 814 4298
f 4357 2439 2329 4290
f 2439 4357 4358 2440
f 798 4357 4290 796
f 4357 798 4359 4358
f 798 799 4360 4359
f 4361 800 4297 4298
f 4362 799 800 4361
f 4363 4360 799 4362
f 4364 4365 4359 4360
f 4366 4358 4359 4365
f 4365 4364 816 4367
f 4365 4367 4368 4366
f 4369 4364 4360 4363
f 817 816 4364 4369
f 2451 2452 4370 4371
f 4367 4372 4370 4368
f 4373 4371 4370 4372
f 4370 2452 2453 4368
f 4374 2454 2451 4371
f 4375 2455 2454 4374
f 2455 4375 4376 2456
f 4377 4374 4371 4373
f 4378 4375 4374 4377
f 4375 4378 4379 4376
f 818 4372 4367 816
f 4372 818 4380 4373
f 817 4369 4381 820
f 4382 4380 818 819
f 4383 4377 4373 4380
f 4384 4378 4377 4383
f 4378 4384 4385 4379
f 4386 4383 4380 4382
f 4387 4384 4383 4386
f 4384 4387 4388 4385
f 3922 3985 4389 4348
f 4282 4281 4348 4389
f 4390 3928 3925 3989
f 4391 4349 3928 4390
f 4356 811 4349 4391
f 4390 3989 3993 4392
f 4393 4391 4390 4392
f 4355 4356 823 822
f 813 4354 4355 822
f 823 4356 4391 4393
f 4394 4395 4396 4397
f 828 4397 4396 829
f 4398 829 4396 4399
f 4396 4395 4400 4399
f 4395 4394 4401 4402
f 4395 4402 4403 4400
f 4394 4397 4404 4405
f 4394 4405 4406 4401
f 4407 4404 4397 828
f 4408 3993 3992 749
f 4409 4392 3993 4408
f 823 4393 4410 826
f 4393 4392 4409 4410
f 830 826 4410 832
f 835 832 4410 4409
f 832 835 834 831
f 4411 4412 837 836
f 4411 4413 4414 4412
f 4411 836 4415 4416
f 4417 4413 4411 4416
f 4413 4418 4407 4414
f 4419 4404 4407 4418
f 4407 828 850 4414
f 4405 4404 4419 4420
f 4421 4406 4405 4420
f 4422 4419 4418 4423
f 4418 4413 4417 4423
f 4424 4420 4419 4422
f 4361 4298 814 838
f 4425 838 824 840
f 4425 4362 4361 838
f 4362 4425 4426 4363
f 4426 4425 840 4427
f 4428 4427 840 4429
f 840 839 4430 4429
f 4369 4363 4426 4381
f 4426 4427 842 4381
f 844 820 4381 842
f 842 4427 4428 843
f 4428 4429 4431 4432
f 845 843 4428 4432
f 849 4433 4434 4435
f 849 848 4436 4433
f 849 4435 4437 847
f 4438 4436 848 851
f 4433 4439 4440 4434
f 4440 4439 4441 4431
f 4442 4434 4440 4430
f 4440 4431 4429 4430
f 4443 4439 4433 4436
f 4439 4443 4444 4441
f 4445 4435 4434 4442
f 4446 4443 4436 4438
f 4443 4446 4447 4444
f 4432 4431 4441 4448
f 4441 4444 4449 4448
f 4438 851 827 4450
f 4438 4450 4451 4446
f 4450 827 829 4398
f 4450 4398 4452 4451
f 850 828 827 851
f 4398 4399 4453 4452
f 4399 4400 4454 4453
f 4447 4446 4451 4455
f 4451 4452 4456 4455
f 4452 4453 4457 4456
f 4444 4447 4458 4449
f 4447 4455 4459 4458
f 4460 4459 4455 4456
f 825 821 4461 4445
f 4442 841 825 4445
f 4437 4435 4445 4461
f 833 4461 821 830
f 4437 4461 833 837
f 4412 847 4437 837
f 847 4412 4414 850
f 4430 839 841 4442
f 4458 4459 853 852
f 4462 4449 4458 852
f 4463 853 4459 4460
f 852 854 4464 4462
f 855 854 853 4463
f 4465 4464 854 856
f 4432 4448 4466 845
f 4448 4449 4462 4466
f 845 4466 4467 846
f 4466 4462 4464 4467
f 4468 4467 4464 4465
f 4469 756 4000 4470
f 4471 4470 4000 4001
f 749 746 761 4408
f 835 4409 4408 761
f 746 756 4469 760
f 4415 836 831 834
f 4472 4415 834 859
f 4473 4416 4415 4472
f 4422 4423 4474 4475
f 4476 4424 4422 4475
f 4477 4417 4416 4473
f 4474 4423 4417 4477
f 859 760 4469 4478
f 4469 4470 4479 4478
f 4480 4472 859 4478
f 4472 4480 4481 4473
f 4478 4479 4482 4480
f 4483 4479 4470 4471
f 4484 4482 4479 4483
f 4481 4480 4482 4485
f 4486 4485 4482 4484
f 4487 4477 4473 4481
f 4488 4474 4477 4487
f 4489 4475 4474 4488
f 4487 4481 4485 4490
f 4485 4486 4491 4490
f 4492 4488 4487 4490
f 4493 4489 4488 4492
f 4494 4495 4496 4497
f 4496 4495 4498 4499
f 4500 4497 4496 4501
f 4496 4499 4502 4501
f 4503 819 820 844
f 819 4503 4504 4382
f 4505 4503 844 846
f 4506 4504 4503 4505
f 4387 4386 862 861
f 863 4388 4387 861
f 865 4385 4388 866
f 4388 863 4507 866
f 4386 4382 4504 862
f 860 862 4504 4506
f 863 864 4508 4507
f 4509 4506 4505 4468
f 4509 4468 4465 4510
f 860 4506 4509 4511
f 4509 4510 4494 4511
f 4510 4465 856 858
f 4495 4494 4510 858
f 4498 4495 858 857
f 846 4467 4468 4505
f 860 4511 4512 864
f 4497 4512 4511 4494
f 864 4512 4513 4508
f 4512 4497 4500 4513
f 4366 2457 2440 4358
f 2457 4366 4368 2453
f 4074 4514 4515 4073
f 871 4514 4074 4075
f 4514 871 870 4516
f 4517 4515 4514 4516
f 4094 4078 4073 4515
f 4518 4094 4515 4517
f 4519 4095 4094 4518
f 4075 4082 4520 871
f 4521 4520 4082 4083
f 871 4520 4522 869
f 4520 4521 4523 4522
f 4083 4086 4524 4521
f 4525 4524 4086 4087
f 4521 4524 4526 4523
f 4527 4526 4524 4525
f 4402 4516 870 4403
f 870 869 4528 4403
f 4529 4528 869 4522
f 4517 4401 4406 4518
f 4517 4516 4402 4401
f 4518 4406 4421 4519
f 4454 4400 4403 4528
f 4454 4528 4529 4530
f 4457 4453 4454 4530
f 4531 4530 4529 4532
f 4529 4522 4523 4532
f 4530 4531 4533 4457
f 4531 4532 4534 4535
f 4536 4533 4531 4535
f 4523 4526 4534 4532
f 4526 4527 4537 4534
f 4095 4519 4128 4096
f 4519 4421 4538 4128
f 4525 4087 4100 4539
f 4540 4527 4525 4539
f 4421 4420 4424 4538
f 4541 4537 4527 4540
f 4542 4535 4534 4537
f 4543 4542 4537 4541
f 4536 4535 4542 4544
f 4545 4544 4542 4543
f 4151 4539 4100 4109
f 4546 4540 4539 4151
f 4460 4456 4457 4533
f 4463 4460 4533 4536
f 855 4463 4536 4544
f 857 855 4544 4545
f 4134 4538 4424 4476
f 4127 4128 4538 4134
f 4547 4541 4540 4546
f 4548 4543 4541 4547
f 4543 4548 4549 4545
f 4547 4550 4551 4548
f 4547 4546 4552 4550
f 4553 4135 4134 4476
f 4553 4476 4475 4489
f 4136 4135 4553 4554
f 4553 4489 4493 4554
f 4550 4555 4556 4551
f 4156 4555 4550 4552
f 4557 4551 4556 4558
f 4556 4559 4560 4558
f 4556 4555 4561 4559
f 4157 4561 4555 4156
f 4499 4498 4549 4557
f 4549 4548 4551 4557
f 857 4545 4549 4498
f 4502 4499 4557 4558
f 4151 4152 4552 4546
f 4156 4552 4152 4153
f 3964 737 3965 4562
f 3964 4562 4563 4564
f 740 742 3964 4564
f 3965 3966 4565 4562
f 4566 4565 3966 3967
f 4563 4562 4565 873
f 872 873 4565 4566
f 4567 4564 4563 873
f 652 651 872 3575
f 872 4566 3613 3575
f 651 650 3578 875
f 4568 875 3578 3579
f 4569 874 875 4568
f 4564 4567 4570 4571
f 876 740 4564 4571
f 4572 4570 4567 4573
f 4567 873 874 4573
f 4574 4571 4570 4575
f 4570 4572 4576 4575
f 4572 4573 4577 4578
f 4572 4578 4579 4576
f 4573 874 4569 4577
f 4580 4581 4582 4583
f 4584 4583 4582 4585
f 754 4585 4582 4586
f 4582 4581 4587 4586
f 2503 2502 4588 4580
f 4583 2504 2503 4580
f 4589 4588 2502 2505
f 4590 4581 4580 4588
f 4588 4589 4591 4590
f 4592 4589 2505 2506
f 4593 4591 4589 4592
f 4587 4581 4590 4594
f 4590 4591 4595 4594
f 4596 4595 4591 4593
f 4584 2512 2504 4583
f 4597 2513 2512 4584
f 4598 2514 2513 4597
f 2514 4598 4599 2515
f 4584 4585 878 4597
f 877 4598 4597 878
f 4574 4599 4598 877
f 4600 2516 2515 4599
f 2516 4600 4601 2517
f 4599 4574 4575 4600
f 4600 4575 4576 4601
f 878 4585 754 876
f 4571 4574 877 876
f 4586 3996 741 754
f 3997 3996 4586 4587
f 4594 3998 3997 4587
f 758 3998 4594 4595
f 759 758 4595 4596
f 759 4596 4602 4603
f 4604 4001 759 4603
f 4578 4605 4606 4579
f 4607 4608 4606 4605
f 4606 4609 4610 4579
f 4606 4608 4611 4609
f 4612 4613 4614 4615
f 4614 2550 2549 4615
f 4614 4613 4616 4617
f 2551 2550 4614 4617
f 4618 4612 4608 4607
f 4615 4611 4608 4612
f 4619 4613 4612 4618
f 4613 4619 4620 4616
f 3579 3599 4621 4568
f 3599 3600 4622 4621
f 4568 4621 4623 4569
f 4624 4622 3600 3602
f 4621 4622 4625 4623
f 4626 4625 4622 4624
f 4605 4578 4577 4627
f 4577 4569 4623 4627
f 4627 4623 4625 4628
f 4607 4605 4627 4628
f 4629 4628 4625 4626
f 4630 4624 3602 3608
f 4624 4630 4631 4626
f 4632 4630 3608 3610
f 4633 4631 4630 4632
f 4618 4607 4628 4629
f 4619 4618 4629 4634
f 4629 4626 4631 4634
f 4620 4619 4634 4635
f 4634 4631 4633 4635
f 4610 2552 2517 4601
f 4609 2553 2552 4610
f 4601 4576 4579 4610
f 2553 4609 4611 2554
f 4615 2549 2554 4611
f 4566 3967 3612 3613
f 4136 4554 4636 4139
f 4637 4636 4554 4493
f 4638 4139 4636 4639
f 4636 4637 4640 4639
f 4138 4139 4638 4141
f 4141 4638 4158 4143
f 4638 4639 4641 4158
f 2506 2587 4642 4592
f 4643 4642 2587 2588
f 4592 4642 4644 4593
f 4642 4643 4645 4644
f 2588 2589 4646 4643
f 4645 4643 4646 4647
f 4646 2589 2590 4648
f 4649 4647 4646 4648
f 4593 4644 4602 4596
f 4644 4645 4650 4602
f 4645 4647 879 4650
f 4647 4649 867 879
f 4651 2592 2456 4376
f 2590 2592 4651 4648
f 4649 4648 4651 4652
f 4651 4376 4379 4652
f 4652 4379 4385 865
f 867 4649 4652 865
f 4653 4603 4602 4650
f 4001 4604 4654 4471
f 4655 4604 4603 4653
f 4604 4655 4656 4654
f 4655 4653 868 4657
f 4655 4657 4658 4656
f 4650 879 868 4653
f 4657 4507 4508 4658
f 866 4507 4657 868
f 4659 4483 4471 4654
f 4660 4484 4483 4659
f 4484 4660 4661 4486
f 4654 4656 4662 4659
f 4663 4662 4656 4658
f 4664 4660 4659 4662
f 4660 4664 4665 4661
f 4666 4664 4662 4663
f 4667 4491 4486 4661
f 4490 4491 4668 4492
f 4669 4668 4491 4667
f 4670 4665 4664 4666
f 4661 4665 4671 4667
f 4665 4670 4672 4671
f 4658 4508 4513 4663
f 4663 4513 4500 4666
f 4666 4500 4501 4670
f 4670 4501 4502 4672
f 4637 4493 4492 4668
f 4640 4637 4668 4669
f 4671 4672 4560 4673
f 4560 4559 4674 4673
f 4502 4558 4560 4672
f 4673 4669 4667 4671
f 4674 4640 4669 4673
f 4641 4639 4640 4674
f 4674 4559 4561 4641
f 4561 4157 4158 4641
f 4675 4676 885 884
f 880 882 4675 884
f 4675 882 4677 4678
f 4679 4676 4675 4678
f 886 885 4676 4680
f 4676 4679 4681 4680
f 882 881 4682 4677
f 881 906 4683 4682
f 906 888 889 4684
f 4685 4683 906 4684
f 891 908 4686 893
f 4686 4684 889 893
f 4685 4684 4686 4687
f 4686 908 4688 4687
f 908 907 4689 4688
f 907 909 4690 4689
f 909 910 4691 4690
f 910 911 4692 4691
f 4693 911 892 894
f 4694 4692 911 4693
f 4695 4693 894 895
f 912 4679 4678 4696
f 4697 913 912 4696
f 4681 4679 912 914
f 4698 915 913 4697
f 4699 917 915 4698
f 917 4699 4700 919
f 4701 4702 4682 4683
f 4703 4677 4682 4702
f 4702 4701 4704 4705
f 4702 4705 4706 4703
f 4683 4685 4707 4701
f 4685 4687 4708 4707
f 4701 4707 4709 4704
f 4710 4709 4707 4708
f 4711 4706 4705 4712
f 4705 4704 4713 4712
f 4704 4709 4714 4713
f 4714 4709 4710 4715
f 4710 4708 4716 4717
f 4718 4715 4710 4717
f 921 4714 4715 4719
f 4720 4719 4715 4718
f 4703 4696 4678 4677
f 4696 4703 4706 4697
f 4697 4706 4711 4698
f 4699 4698 4711 4721
f 4711 4712 4722 4721
f 4712 4713 923 4722
f 4713 4714 921 923
f 4700 4699 4721 4723
f 927 4723 4721 4722
f 4724 4700 4723 924
f 925 924 4723 927
f 920 919 4700 4724
f 4725 4724 924 926
f 4724 4725 4726 920
f 4725 926 933 4727
f 4728 4726 4725 4727
f 4722 923 922 927
f 922 921 4719 929
f 930 929 4719 4720
f 926 925 928 4729
f 4730 4729 928 931
f 926 4729 934 933
f 4729 4730 4731 934
f 4708 4687 4688 4716
f 4716 4688 4689 4732
f 4733 4717 4716 4732
f 4734 4732 4689 4690
f 4735 4733 4732 4734
f 4736 4718 4717 4733
f 4718 4736 4737 4720
f 4738 4736 4733 4735
f 4736 4738 4739 4737
f 4740 4734 4690 4691
f 4734 4740 4741 4735
f 4742 4740 4691 4692
f 4740 4742 4743 4741
f 4744 4742 4692 4694
f 4745 4743 4742 4744
f 4746 4738 4735 4741
f 4738 4746 4747 4739
f 4741 4743 4748 4746
f 4749 4748 4743 4745
f 4746 4748 4750 4747
f 4748 4749 4751 4750
f 4720 4737 932 930
f 4737 4739 936 932
f 937 936 4739 4747
f 4694 4693 4695 4752
f 4753 4744 4694 4752
f 4754 4745 4744 4753
f 4755 4749 4745 4754
f 4756 4751 4749 4755
f 938 931 932 936
f 4757 4730 931 938
f 4730 4757 4758 4731
f 4757 938 940 4759
f 4757 4759 947 4758
f 937 4747 4750 939
f 4750 4751 941 939
f 942 941 4751 4756
f 945 4759 940 943
f 4759 945 948 947
f 4760 948 945 4761
f 945 946 955 4761
f 4762 4727 933 935
f 4763 935 934 4731
f 4764 4765 935 4763
f 935 4765 4766 4762
f 4765 4767 4768 4766
f 4765 4764 4769 4767
f 4764 4763 4770 4771
f 4764 4771 4772 4769
f 4731 4758 4770 4763
f 949 4770 4758 947
f 4773 4771 4770 949
f 4774 4772 4771 4773
f 4695 895 896 951
f 4775 4752 4695 951
f 951 950 4776 4775
f 950 896 897 4777
f 950 4777 4778 4776
f 4779 4777 897 898
f 4780 4778 4777 4779
f 4781 4753 4752 4775
f 4753 4781 4782 4754
f 4783 4781 4775 4776
f 4784 4782 4781 4783
f 4785 4783 4776 4778
f 4786 4755 4754 4782
f 4755 4786 4787 4756
f 4788 4786 4782 4784
f 4786 4788 4789 4787
f 4788 4784 4790 4791
f 4788 4791 952 4789
f 4790 4784 4783 4785
f 4792 4785 4778 4780
f 4793 4790 4785 4792
f 4794 4791 4790 4793
f 953 952 4791 4794
f 944 942 4756 4787
f 4795 944 4787 4789
f 946 943 944 4795
f 954 4795 4789 952
f 955 946 4795 954
f 4796 4797 4798 4799
f 4800 4797 4796 4801
f 4796 4799 4802 4803
f 4796 4803 4804 4801
f 4805 3588 1426 2790
f 3588 4805 4806 3589
f 4807 4805 2790 2791
f 957 4806 4805 4807
f 4808 3591 3589 4806
f 3591 4808 4809 3605
f 4810 4808 4806 957
f 4808 4810 4811 4809
f 4812 4807 2791 2798
f 4807 4812 958 957
f 4813 4812 2798 2799
f 4814 958 4812 4813
f 4815 4810 957 959
f 4810 4815 4816 4811
f 4815 959 4817 960
f 4815 960 962 4816
f 958 4818 4817 959
f 4819 4818 958 4814
f 964 4817 4818 4820
f 4821 4820 4818 4819
f 961 960 4817 964
f 4798 964 4820 4822
f 4823 4822 4820 4821
f 3605 4809 4824 3606
f 4825 4824 4809 4811
f 3609 3606 4824 4826
f 4827 4826 4824 4825
f 3609 4826 4828 3610
f 4826 4827 4829 4828
f 4798 4797 963 964
f 4830 4799 4798 4822
f 4797 4800 4831 963
f 4832 4831 4800 4833
f 4800 4801 4834 4833
f 963 4831 4835 965
f 4836 4835 4831 4832
f 4811 4816 968 4825
f 4816 962 966 968
f 967 4827 4825 968
f 4837 966 965 4835
f 969 967 966 4837
f 4827 967 970 4829
f 4837 4835 4836 4838
f 4837 4838 4839 969
f 4838 4836 4840 4841
f 4838 4841 4842 4839
f 4843 4844 4845 4846
f 4845 4844 4847 4848
f 4845 4848 4830 4849
f 4850 4846 4845 4849
f 4851 4852 4844 4843
f 4844 4852 4853 4847
f 4852 4851 4854 4855
f 4852 4855 4856 4853
f 4857 4843 4846 4858
f 4859 4858 4846 4850
f 4860 4851 4843 4857
f 4861 4854 4851 4860
f 4862 4855 4854 4863
f 4864 4863 4854 4861
f 4860 4857 4865 4866
f 4867 4861 4860 4866
f 4857 4858 4868 4865
f 4858 4859 4869 4868
f 4870 4871 4872 4873
f 4874 4871 4870 4875
f 4870 4873 4876 4877
f 4870 4877 4878 4875
f 4848 4802 4799 4830
f 4872 4802 4848 4847
f 4871 4803 4802 4872
f 4872 4847 4853 4873
f 4804 4803 4871 4874
f 4801 4804 4879 4834
f 4804 4874 4880 4879
f 4874 4875 4881 4880
f 4880 4881 4882 4883
f 4884 4879 4880 4883
f 4885 4834 4879 4884
f 4873 4853 4856 4876
f 4886 4876 4856 4887
f 4856 4855 4862 4887
f 4886 4888 4877 4876
f 4877 4888 4889 4878
f 4886 4887 4890 4891
f 4892 4888 4886 4891
f 4888 4892 4893 4889
f 4768 4767 4894 4895
f 4896 4766 4768 4897
f 4768 4895 4898 4897
f 4894 4891 4890 4895
f 4890 4887 4862 4899
f 4898 4895 4890 4899
f 4900 4892 4891 4894
f 4900 4894 4767 4769
f 4893 4892 4900 4901
f 4900 4769 4772 4901
f 4862 4863 4902 4899
f 4899 4902 4903 4898
f 4875 4878 4904 4881
f 4904 4878 4889 4905
f 4889 4893 4906 4905
f 4904 4905 4907 4908
f 4882 4881 4904 4908
f 4893 4901 4909 4906
f 4909 4901 4772 4774
f 4774 4773 4910 4911
f 4912 4909 4774 4911
f 4907 4905 4906 4913
f 4906 4909 4912 4913
f 4914 4882 4908 4915
f 4908 4907 4916 4915
f 4913 4912 4917 4918
f 4916 4907 4913 4918
f 4919 4866 4865 4920
f 4865 4868 4921 4920
f 4922 4883 4882 4914
f 4923 4914 4915 4924
f 4915 4916 4925 4924
f 4926 4927 4923 4928
f 4922 4914 4923 4927
f 4923 4924 4929 4928
f 4927 4926 4930 4931
f 4932 4922 4927 4931
f 4926 4928 4933 4934
f 4935 4930 4926 4934
f 4936 4813 2799 2901
f 4937 4814 4813 4936
f 4814 4937 4938 4819
f 4939 4936 2901 2904
f 4940 4937 4936 4939
f 4941 4938 4937 4940
f 4821 4819 4938 4942
f 4943 4942 4938 4941
f 4830 4822 4823 4849
f 4850 4849 4823 4944
f 4823 4821 4942 4944
f 4850 4944 4945 4859
f 4944 4942 4943 4945
f 4946 4943 4941 4947
f 4941 4940 4948 4947
f 4859 4945 4949 4869
f 4949 4945 4943 4946
f 4868 4869 4950 4921
f 4869 4949 4951 4950
f 4946 4947 973 972
f 4951 4949 4946 972
f 4952 4939 2904 2915
f 4939 4952 4948 4940
f 4953 4952 2915 2916
f 4954 4948 4952 4953
f 973 4947 4948 4954
f 4955 4953 2916 2917
f 4956 4954 4953 4955
f 971 973 4954 4956
f 4957 4955 2917 2918
f 4958 4956 4955 4957
f 4959 4951 972 4960
f 972 971 4961 4960
f 971 4956 4958 4962
f 971 4962 4963 4961
f 4964 4921 4950 4965
f 4950 4951 4959 4965
f 4930 4935 4966 4967
f 4968 4967 4966 4969
f 4964 4965 4966 4935
f 4966 4965 4959 4969
f 4931 4930 4967 4970
f 4967 4968 4971 4970
f 4972 4968 4969 4973
f 4969 4959 4960 4973
f 4968 4972 4974 4971
f 4975 4976 4977 4978
f 4977 4979 4980 4978
f 4981 4979 4977 4982
f 4977 4976 4983 4982
f 4975 4972 4973 4984
f 4973 4960 4961 4984
f 4972 4975 4978 4974
f 4976 4975 4984 4985
f 4984 4961 4963 4985
f 4985 4963 4986 4987
f 4983 4976 4985 4987
f 4832 4833 4988 4989
f 4840 4836 4832 4989
f 4884 4883 4922 4932
f 4884 4932 4990 4885
f 4932 4931 4970 4990
f 4833 4834 4885 4988
f 4989 4988 4991 4992
f 4989 4992 4980 4840
f 4991 4988 4885 4990
f 4991 4990 4970 4971
f 4991 4971 4974 4992
f 4992 4974 4978 4980
f 4979 4841 4840 4980
f 4841 4979 4981 4842
f 887 886 4680 4993
f 4994 4993 4680 4681
f 899 887 4993 4995
f 4996 4995 4993 4994
f 899 4995 4997 900
f 4998 4997 4995 4996
f 900 4997 4999 901
f 5000 4999 4997 4998
f 902 904 5001 5002
f 5003 903 902 5002
f 5004 905 903 5003
f 901 4999 5001 904
f 5005 5001 4999 5000
f 5006 5002 5001 5005
f 5002 5006 5007 5003
f 4994 4681 914 5008
f 914 916 5009 5008
f 5010 5009 916 918
f 5008 5009 5011 5012
f 4996 4994 5008 5012
f 5009 5010 5013 5011
f 5014 918 920 4726
f 5015 5014 4726 4728
f 5016 5010 918 5014
f 5010 5016 5017 5013
f 5014 5015 5018 5016
f 5015 4728 5019 5020
f 5021 5018 5015 5020
f 4998 4996 5012 5022
f 5012 5011 5023 5022
f 5024 5023 5011 5013
f 4998 5022 5025 5000
f 5022 5023 5026 5025
f 5023 5024 5027 5026
f 5016 5018 5028 5017
f 5013 5017 5029 5024
f 5030 5028 5018 5021
f 5017 5028 5031 5029
f 5032 5031 5028 5030
f 5024 5029 5033 5027
f 5029 5031 5034 5033
f 5035 5034 5031 5032
f 5000 5025 5036 5005
f 5025 5026 5037 5036
f 5038 5037 5026 5027
f 5039 5036 5037 5040
f 5041 5040 5037 5038
f 5039 5006 5005 5036
f 5006 5039 976 5007
f 5039 5040 977 976
f 5040 5041 5042 977
f 5027 5033 5043 5038
f 5044 5043 5033 5034
f 5038 5043 5045 5041
f 5043 5044 5046 5045
f 5047 5044 5034 5035
f 5048 5046 5044 5047
f 5041 5045 5049 5042
f 5045 5046 5050 5049
f 5051 5050 5046 5048
f 4728 4727 4762 5019
f 5019 4762 4766 4896
f 5052 5020 5019 4896
f 5020 5052 5053 5021
f 4896 4897 5054 5052
f 5055 5053 5052 5054
f 5056 5030 5021 5053
f 5057 5032 5030 5056
f 5058 5035 5032 5057
f 5059 5047 5035 5058
f 5060 5056 5053 5055
f 5061 5057 5056 5060
f 5062 5058 5057 5061
f 948 4760 5063 949
f 5064 5063 4760 5065
f 4760 4761 5066 5065
f 949 5063 4910 4773
f 5063 5064 5067 4910
f 5064 5065 5050 5051
f 5068 5067 5064 5051
f 5069 4911 4910 5067
f 5067 5068 5070 5069
f 5071 5048 5047 5059
f 5066 5049 5050 5065
f 5051 5048 5071 5068
f 5072 5071 5059 5073
f 5059 5058 5062 5073
f 5068 5071 5072 5070
f 898 905 5004 4779
f 4780 4779 5004 5074
f 5004 5003 5007 5074
f 4780 5074 975 4792
f 5007 976 975 5074
f 4793 4792 975 974
f 4794 4793 974 978
f 953 4794 978 979
f 954 953 979 956
f 979 977 5042 956
f 5066 4761 955 956
f 956 5042 5049 5066
f 5054 4897 4898 4903
f 5054 4903 5075 5055
f 4903 4902 5076 5075
f 4902 4863 4864 5076
f 981 5075 5076 982
f 5076 4864 5077 982
f 4864 4861 4867 5077
f 5055 5075 981 5060
f 985 5061 5060 981
f 5061 985 5078 5062
f 982 5077 5079 984
f 985 980 5080 5078
f 980 983 5081 5080
f 5082 5081 983 984
f 989 5080 5081 988
f 986 988 5081 5082
f 4917 4912 4911 5069
f 5083 4917 5069 5070
f 5084 4918 4917 5083
f 4925 4916 4918 5084
f 5084 5083 990 987
f 5085 4925 5084 987
f 4929 4924 4925 5085
f 990 5072 5073 991
f 5073 5062 5078 991
f 990 5083 5070 5072
f 989 991 5078 5080
f 5086 5085 987 986
f 5077 4867 5087 5079
f 4867 4866 4919 5087
f 5088 5089 5087 4919
f 5090 5079 5087 5089
f 5089 5088 4933 5091
f 5086 5090 5089 5091
f 5088 4919 4920 5092
f 4964 5092 4920 4921
f 5092 4934 4933 5088
f 4935 4934 5092 4964
f 5082 984 5079 5090
f 986 5082 5090 5086
f 5085 5086 5091 4929
f 4928 4929 5091 4933
f 4958 4957 5093 5094
f 5095 4962 4958 5094
f 4986 4963 4962 5095
f 4617 4616 992 5096
f 3044 2551 4617 5096
f 4616 4620 993 992
f 4620 4635 5097 993
f 5098 5096 992 994
f 5099 994 993 5097
f 5100 5101 994 5099
f 994 5101 5102 5098
f 5103 5104 5101 5100
f 5101 5104 5105 5102
f 5104 5103 5106 5107
f 5108 5105 5104 5107
f 5109 4632 3610 4828
f 4632 5109 5110 4633
f 5111 5109 4828 4829
f 5112 5110 5109 5111
f 5097 4635 4633 5110
f 5099 5097 5110 5112
f 4829 970 5113 5111
f 970 969 4839 5114
f 5115 5113 970 5114
f 5111 5113 5116 5112
f 5117 5116 5113 5115
f 5118 5114 4839 4842
f 5119 5115 5114 5118
f 5100 5099 5112 5116
f 5103 5100 5116 5117
f 5106 5103 5117 5120
f 5117 5115 5119 5120
f 3044 5096 5098 3048
f 5102 3049 3048 5098
f 3049 5102 5105 3050
f 3050 5105 5108 3051
f 3076 5121 5122 3075
f 5123 5121 3076 3077
f 5124 5125 5121 5123
f 5121 5125 5126 5122
f 5124 5107 5106 5127
f 5128 5125 5124 5127
f 5108 5107 5124 5123
f 5129 5126 5125 5128
f 995 5130 5131 999
f 5132 5130 995 997
f 5133 5131 5130 5134
f 5130 5132 5135 5134
f 4986 5095 996 1000
f 996 5095 5094 997
f 999 5131 5136 5137
f 5138 998 999 5137
f 998 5138 5139 1000
f 5140 3092 3075 5122
f 3092 5140 5141 3093
f 5142 5140 5122 5126
f 5143 5141 5140 5142
f 5141 5143 5144 5145
f 5144 5143 5131 5133
f 5146 5145 5144 5147
f 5144 5133 5148 5147
f 5145 3095 3093 5141
f 3095 5145 5146 3096
f 5136 5142 5126 5129
f 5131 5143 5142 5136
f 5129 5128 5149 5150
f 5129 5150 5137 5136
f 5133 5134 5151 5148
f 5152 5118 4842 4981
f 5118 5152 5153 5119
f 4981 4982 5154 5152
f 5155 5153 5152 5154
f 5127 5106 5120 5156
f 5120 5119 5153 5156
f 5128 5127 5156 5149
f 5156 5153 5155 5149
f 5157 5150 5149 5155
f 5155 5154 5158 5157
f 5139 4987 4986 1000
f 4987 5139 5158 4983
f 5158 5139 5138 5157
f 5138 5137 5150 5157
f 5158 5154 4982 4983
f 5123 3077 3051 5108
f 2918 3097 5093 4957
f 3097 3098 5132 5093
f 997 5094 5093 5132
f 3098 3099 5135 5132
f 3099 3101 5159 5135
f 5160 5159 3101 3108
f 5134 5135 5159 5151
f 5159 5160 5161 5151
f 5162 5160 3108 3109
f 5163 5161 5160 5162
f 5164 5148 5151 5161
f 5161 5163 5165 5164
f 5166 5162 3109 3113
f 5167 5163 5162 5166
f 5168 5165 5163 5167
f 5146 5147 5169 5170
f 3118 3096 5146 5170
f 5170 5169 5171 5172
f 3119 3118 5170 5172
f 5169 5147 5148 5164
f 5171 5169 5164 5165
f 3122 3119 5172 5173
f 5174 5173 5172 5171
f 5175 5176 5173 5174
f 3125 3122 5173 5176
f 5174 5171 5165 5168
f 5177 5166 3113 3132
f 5166 5177 5178 5167
f 5179 5177 3132 3133
f 5180 5178 5177 5179
f 5167 5178 5181 5168
f 5178 5180 5182 5181
f 5183 5179 3133 3137
f 5184 5180 5179 5183
f 5185 5182 5180 5184
f 5176 5175 5186 5187
f 3140 3125 5176 5187
f 5175 5174 5168 5181
f 5186 5175 5181 5182
f 5188 5186 5182 5185
f 5189 5187 5186 5188
f 3140 5187 5189 3143
f 3143 5189 5190 3146
f 5189 5188 5191 5190
f 5192 5183 3137 3150
f 5193 5184 5183 5192
f 5184 5193 5194 5185
f 5195 5192 3150 3153
f 5196 5193 5192 5195
f 5197 5195 3153 3162
f 5188 5185 5194 5191
f 5193 5196 5198 5194
f 3160 3146 5190 5199
f 5190 5191 5200 5199
f 5198 5200 5191 5194
f 5201 5196 5195 5197
f 5202 5198 5196 5201
f 3160 5199 5203 3167
f 5204 5203 5199 5200
f 3167 5203 5205 3168
f 5203 5204 5206 5205
f 5202 5204 5200 5198
f 5207 5206 5204 5202
f 5208 5201 5197 5209
f 5197 3162 3171 5209
f 5201 5208 5207 5202
f 5206 5207 5210 5211
f 5212 5205 5206 5211
f 5210 5207 5208 5213
f 5208 5209 5214 5213
f 1002 5211 5210 5215
f 5210 5213 5216 5215
f 5214 5209 3171 3179
f 5214 3179 3181 5217
f 5216 5213 5214 5217
f 5218 5217 3181 3184
f 5217 5218 5219 5216
f 3168 5205 5212 3185
f 3185 5212 1001 3186
f 5212 5211 1002 1001
f 3186 1001 5220 3189
f 5221 5220 1001 1003
f 5222 5218 3184 3194
f 5223 5219 5218 5222
f 5215 5216 5219 5224
f 1003 1002 5215 5224
f 5225 5224 5219 5223
f 5221 1003 5224 5225
f 3198 3189 5220 5226
f 5220 5221 5227 5226
f 5221 5225 5228 5227
f 3198 5226 5229 3203
f 5230 5229 5226 5227
f 3203 5229 5231 3204
f 5229 5230 5232 5231
f 5230 5227 5228 5232
f 3194 3205 1006 5222
f 1007 1006 3205 3206
f 5223 5222 1006 1005
f 5228 5225 5223 1005
f 5232 5228 1005 1004
f 3204 5231 1007 3206
f 1004 1007 5231 5232
