# File produced by Tripo

mtllib cat.mtl

# 5761 vertex positions
v -0.04907219 0.00634769 0.37524414
v -0.05249016 0.00634769 0.36791992
v -0.04711906 0.00341800 0.37133789
v -0.05004875 0.00341800 0.36450195
v -0.04516594 0.00341800 0.36840820
v -0.03881828 0.00341800 0.36987305
v -0.03930656 0.00341800 0.37329102
v -0.03979484 0.00341800 0.37426758
v -0.03833000 0.00341800 0.37426758
v -0.03784172 0.00341800 0.36206055
v -0.03540031 0.00341800 0.36938477
v -0.03149406 0.00341800 0.36840820
v -0.02612297 0.00341800 0.36791992
v -0.03051750 0.00341800 0.37377930
v -0.04125969 0.03320315 0.37329102
v -0.04028312 0.03271487 0.37231445
v -0.04028313 0.04052737 0.36401367
v -0.03930656 0.03369144 0.37280273
v -0.06469719 0.03564456 0.35180664
v -0.06713860 0.03173831 0.35131836
v -0.06567375 0.03125003 0.35815430
v -0.06665032 0.03173828 0.33911133
v -0.06958000 0.02392581 0.34350586
v -0.06713860 0.03173831 0.34399414
v -0.06860344 0.02392578 0.33374023
v -0.06665032 0.03173828 0.33374023
v -0.06274407 0.03808594 0.33374023
v -0.06567375 0.03222656 0.32739258
v -0.06225578 0.03759766 0.33959961
v -0.05639641 0.04199219 0.34057617
v -0.06665032 0.02490234 0.32250977
v -0.06469720 0.03417969 0.32055664
v -0.06127922 0.03710940 0.35571289
v -0.05688469 0.03759769 0.35815430
v -0.05737297 0.04101565 0.34936523
v -0.05004875 0.00341800 0.36157227
v -0.04956047 0.00048831 0.35766602
v -0.05883781 0.00341800 0.35620117
v -0.05053703 0.00341800 0.36303711
v -0.05297844 0.00341800 0.36401367
v -0.05639641 0.00341800 0.36254883
v -0.05932609 0.00341800 0.35815430
v -0.04223625 0.00341800 0.36889648
v -0.02563469 0.00341800 0.36450195
v -0.02563469 0.00048831 0.35913086
v -0.05541985 0.00341800 0.34301758
v -0.04711907 0.00146487 0.34985352
v -0.05737297 0.00341800 0.34741211
v -0.04467766 0.00341800 0.34497070
v -0.05786125 0.03222659 0.36401367
v -0.05639641 0.03173831 0.36352539
v -0.05639641 0.03222659 0.36450195
v -0.05004875 0.00341797 0.33959961
v -0.05493157 0.00341797 0.33081055
v -0.04370110 0.00146484 0.34057617
v -0.02563469 0.00341800 0.36645508
v -0.01733391 0.00341800 0.35961914
v -0.02416984 0.00341800 0.36743164
v -0.01928703 0.00341800 0.36547852
v -0.04663078 0.00146484 0.33374023
v -0.02026360 0.00341800 0.34350586
v -0.01733391 0.00341800 0.34936523
v -0.02807610 0.00146487 0.35083008
v -0.02758782 0.00341797 0.34057617
v -0.03100578 0.00341800 0.34448242
v -0.03442375 0.00097659 0.34155273
v -0.03198235 0.00097656 0.33422852
v -0.02368157 0.00341797 0.33276367
v -0.04614251 0.00341797 0.31176758
v -0.04370110 0.00146484 0.31909180
v -0.04956048 0.00341797 0.31811523
v -0.03002923 0.00341797 0.31176758
v -0.02416985 0.00341797 0.31616211
v -0.02709954 0.00341797 0.31909180
v -0.05151360 0.00341797 0.31567383
v -0.01586906 0.00341800 0.36108398
v -0.02075188 0.03857425 0.36010742
v -0.02221672 0.03271487 0.36743164
v -0.02124016 0.03222659 0.36645508
v -0.02026360 0.03222659 0.36743164
v -0.01049797 0.03125003 0.36254883
v -0.00805657 0.03076175 0.35620117
v -0.01147453 0.03613284 0.35375977
v -0.00708000 0.03076175 0.34838867
v -0.01098625 0.03662112 0.34399414
v -0.00708001 0.03076172 0.33959961
v -0.00805657 0.03222656 0.33032227
v -0.00854485 0.02441406 0.32446289
v -0.00952141 0.03417969 0.32055664
v -0.04565422 0.04296878 0.35375977
v -0.04809563 0.04345706 0.34545898
v -0.05200188 0.04199222 0.35180664
v -0.03881828 0.04296878 0.35473633
v -0.03247063 0.04345706 0.35473633
v -0.03588860 0.04443362 0.34838867
v -0.02075188 0.04199222 0.35131836
v -0.02416985 0.04345706 0.34741211
v -0.02612297 0.04296878 0.35327148
v -0.04467767 0.30029297 0.38110352
v -0.03588860 0.29980472 0.38452148
v -0.04125970 0.32275391 0.38403320
v -0.03002923 0.32470703 0.38940430
v -0.03491205 0.34765628 0.38403320
v -0.07543940 0.25537109 0.26586914
v -0.06372065 0.23730470 0.25756836
v -0.06860346 0.22705080 0.26342773
v -0.01293939 0.23193361 0.34594727
v -0.01879876 0.24414064 0.35913086
v -0.02172845 0.22363283 0.35229492
v -0.00903314 0.22021486 0.33666992
v -0.08666987 0.34863281 0.28198242
v -0.08715815 0.34521484 0.29565430
v -0.08129878 0.37060547 0.29711914
v -0.07299799 0.38720703 0.27563477
v -0.08276363 0.35986328 0.25122070
v -0.08520503 0.35253906 0.26928711
v -0.09204099 0.22851562 0.06176758
v -0.11303709 0.26367188 0.05688477
v -0.11059567 0.23535156 0.05102539
v -0.11254881 0.31640625 0.05786133
v -0.11206052 0.34033203 0.04907227
v -0.11645506 0.32177734 0.04418945
v -0.07006830 0.44287109 0.39965820
v -0.06323235 0.44091797 0.41528320
v -0.07299798 0.44873047 0.40844727
v -0.05249017 0.43554688 0.42456055
v -0.05346673 0.43847659 0.42944336
v -0.04809564 0.42480469 0.39965820
v -0.05053704 0.42968750 0.41284180
v -0.05688470 0.43261719 0.40698242
v -0.03295891 0.46679690 0.47143555
v -0.02905266 0.46582034 0.47534180
v -0.02954094 0.47070312 0.47534180
v -0.02563469 0.46582034 0.47973633
v -0.04028313 0.43750003 0.44409180
v -0.03198235 0.43896487 0.45385742
v -0.03979485 0.44287112 0.45092773
v -0.02270501 0.43066409 0.45239258
v -0.03930657 0.44873050 0.45581055
v -0.02514641 0.44238284 0.46264648
v -0.03100579 0.44921878 0.46362305
v -0.02661126 0.44970706 0.46850586
v -0.02270501 0.44677737 0.46850586
v -0.02124016 0.44482425 0.46801758
v -0.00756829 0.44433597 0.47778320
v -0.01147454 0.44433597 0.47485352
v -0.00805657 0.43847659 0.47436523
v 0.00073250 0.44531253 0.48217773
v -0.00366204 0.44482425 0.48022461
v -0.00122063 0.43750003 0.47778320
v 0.00659187 0.43750003 0.47973633
v 0.01391609 0.43750003 0.47875977
v 0.01147468 0.44531253 0.48266602
v 0.00610359 0.44580081 0.48315430
v -0.02319329 0.44873050 0.47045898
v -0.02319329 0.44970706 0.47338867
v -0.02075188 0.44775394 0.46948242
v -0.02026360 0.44726565 0.46899414
v -0.01977532 0.44775394 0.46899414
v -0.01928704 0.44775394 0.46899414
v -0.01928704 0.44775394 0.46948242
v -0.00122063 0.45312503 0.48754883
v -0.00756829 0.45312503 0.48754883
v -0.00805657 0.44970706 0.48461914
v -0.00415032 0.44921878 0.48315430
v -0.00756829 0.44824222 0.48120117
v -0.00073235 0.45068362 0.48315430
v -0.00024407 0.45019534 0.48071289
v -0.00366204 0.44775394 0.47973633
v 0.00024421 0.44873050 0.48120117
v 0.00366218 0.45214847 0.48071289
v 0.00610359 0.45019534 0.48217773
v 0.00610359 0.45263675 0.48071289
v -0.00610345 0.41210938 0.41479492
v -0.00170892 0.41357425 0.42993164
v -0.01342767 0.41601565 0.42797852
v 0.00952155 0.41308597 0.43139648
v 0.01098640 0.41113281 0.41723633
v 0.02075202 0.41357425 0.43188477
v 0.02856452 0.41210938 0.41772461
v -0.06274407 0.52197266 0.44262695
v -0.05249017 0.51513672 0.45043945
v -0.05688470 0.52832031 0.44702148
v -0.09301753 0.55029297 0.36791992
v -0.09594721 0.53417969 0.36010742
v -0.09545892 0.54052734 0.37866211
v -0.08959955 0.49560547 0.41235352
v -0.08764642 0.48583984 0.41577148
v -0.08276360 0.49365234 0.42456055
v -0.04663079 0.48535156 0.45629883
v -0.03833001 0.47998047 0.46411133
v -0.03833001 0.48828125 0.46069336
v -0.04321282 0.49414062 0.45629883
v -0.03881829 0.49560547 0.45825195
v -0.03979485 0.50292969 0.45678711
v -0.04711907 0.50537109 0.45336914
v -0.03979485 0.51123047 0.45629883
v -0.02416985 0.50976562 0.46020508
v -0.03100579 0.51220703 0.45825195
v -0.03149407 0.50537109 0.45825195
v -0.01293938 0.51416016 0.46899414
v -0.01635735 0.50781250 0.46508789
v -0.02075188 0.50244141 0.46264648
v -0.01098626 0.49755859 0.47631836
v -0.01098626 0.50439453 0.47290039
v -0.01782220 0.49609375 0.46655273
v -0.00268547 0.47949219 0.49243164
v -0.00854485 0.48291016 0.48950195
v -0.00805657 0.47900391 0.49096680
v -0.00561516 0.48242188 0.49194336
v -0.00854485 0.48388672 0.48999023
v 0.00415046 0.47363281 0.49340820
v -0.00024407 0.47216797 0.49340820
v -0.00219719 0.47998047 0.49291992
v -0.00268547 0.48632812 0.49389648
v 0.00512703 0.47363281 0.49340820
v 0.00415046 0.47509766 0.49389648
v 0.00024421 0.47509766 0.49487305
v -0.00024407 0.47656250 0.49584961
v -0.00122063 0.47705078 0.49438477
v 0.00122078 0.48046875 0.49584961
v -0.00317376 0.51416016 0.47534180
v -0.00415032 0.52246094 0.47290039
v -0.08959956 0.54345703 0.34301758
v -0.09155268 0.54052734 0.34448242
v -0.09106440 0.54687500 0.34985352
v -0.09008784 0.53906250 0.33862305
v -0.06665035 0.50439453 0.29760742
v -0.06469722 0.49462891 0.29614258
v -0.07836909 0.49462891 0.31127930
v -0.08374018 0.54003906 0.32202148
v -0.08374018 0.54199219 0.32299805
v -0.07543941 0.54589844 0.31176758
v -0.07543941 0.54296875 0.30981445
v -0.08813471 0.55859375 0.35717773
v -0.08764643 0.55273438 0.34643555
v -0.08813471 0.54980469 0.34399414
v -0.04467768 0.60546875 0.36938477
v -0.04907221 0.60156250 0.36450195
v -0.05200190 0.60107422 0.37280273
v -0.07592769 0.54785156 0.31274414
v -0.01293940 0.62109375 0.38256836
v -0.02661127 0.61572266 0.38549805
v -0.01879877 0.61621094 0.40893555
v -0.04125971 0.60644531 0.36694336
v -0.04077143 0.60888672 0.37573242
v -0.01928706 0.61816406 0.37573242
v -0.09497066 0.66894531 0.34252930
v -0.09204097 0.67724609 0.34545898
v -0.09204097 0.67041016 0.34204102
v -0.07885738 0.64697266 0.34643555
v -0.08618160 0.65673828 0.34838867
v -0.08618160 0.64697266 0.34497070
v -0.08081050 0.66210938 0.35131836
v -0.08520503 0.66650391 0.35229492
v -0.09008785 0.67285156 0.35473633
v -0.09106441 0.66552734 0.35180664
v -0.08276363 0.67236328 0.35717773
v -0.09106441 0.67871094 0.36010742
v -0.09204097 0.67822266 0.35913086
v -0.08764644 0.67578125 0.35766602
v -0.09301753 0.67675781 0.35766602
v -0.09448238 0.67382812 0.35620117
v -0.08862300 0.68115234 0.34741211
v -0.09350581 0.68359375 0.35083008
v -0.09106441 0.68603516 0.35229486
v -0.08911128 0.67333984 0.34252930
v -0.08959956 0.67919922 0.36108398
v -0.08764644 0.67871094 0.36157227
v -0.08325191 0.67529297 0.35961914
v -0.07983394 0.67333984 0.36108398
v -0.07543941 0.66845703 0.36010742
v -0.07543941 0.66894531 0.36254883
v -0.07690425 0.66601562 0.35620117
v -0.08325191 0.68701172 0.35620111
v -0.07934566 0.68505859 0.35766602
v -0.08178706 0.68457031 0.35424805
v -0.08862300 0.68750000 0.35424799
v -0.08618160 0.68750000 0.35522455
v -0.08520503 0.68359375 0.35034180
v -0.07495113 0.67333984 0.34301758
v -0.07690425 0.67138672 0.34008789
v -0.08178706 0.67968750 0.34692383
v -0.12377927 0.03222656 -0.05200194
v -0.12670897 0.02783203 -0.05688475
v -0.12573241 0.02734375 -0.05004881
v -0.08520506 0.00634766 -0.03784179
v -0.08959959 0.00634766 -0.03149413
v -0.09057615 0.00341797 -0.03491210
v -0.09790037 0.03222656 -0.03393554
v -0.09692381 0.03173828 -0.03491210
v -0.09692381 0.03710938 -0.03833007
v -0.09643552 0.03271484 -0.03393554
v -0.10961912 0.00097656 -0.04760741
v -0.11059568 0.00341797 -0.04370116
v -0.11743162 0.00341797 -0.04809569
v -0.09887693 0.00341797 -0.04370116
v -0.11108396 0.00341797 -0.04272459
v -0.11254881 0.00341797 -0.04223631
v -0.11108396 0.00341797 -0.04125975
v -0.10522459 0.00341797 -0.03881834
v -0.11547849 0.00341797 -0.04321288
v -0.11840818 0.00341797 -0.04565428
v -0.10180662 0.00341797 -0.03784178
v -0.09838865 0.00341797 -0.03735350
v -0.09497068 0.00341797 -0.03833007
v -0.09204099 0.00341797 -0.03881835
v -0.08715818 0.00048828 -0.04858397
v -0.08666990 0.00341797 -0.04418944
v -0.11743162 0.00341797 -0.05590819
v -0.11499021 0.00341797 -0.06030272
v -0.10717771 0.00146484 -0.05493163
v -0.11645506 0.02783203 -0.03833006
v -0.11499021 0.02783203 -0.03881834
v -0.11547849 0.03271484 -0.04370116
v -0.11743162 0.03369141 -0.04467772
v -0.11547849 0.03759766 -0.05053709
v -0.11450193 0.03466797 -0.04321288
v -0.11450193 0.00341797 -0.06958006
v -0.10961912 0.00341797 -0.06323241
v -0.10620115 0.00146484 -0.06811522
v -0.10668943 0.00195312 -0.07299803
v -0.11401365 0.00341797 -0.07543944
v -0.09838865 0.00341797 -0.03540038
v -0.09887693 0.00341797 -0.03442382
v -0.09741209 0.00341797 -0.03442382
v -0.08666990 0.00341797 -0.04077147
v -0.08618162 0.00341797 -0.04223632
v -0.08520506 0.00341797 -0.04272460
v -0.08178709 0.00341797 -0.04370116
v -0.07934568 0.00341797 -0.04614257
v -0.07885740 0.00341797 -0.05102538
v -0.07739256 0.00341797 -0.05004882
v -0.08227537 0.03076172 -0.03930663
v -0.08178709 0.03076172 -0.04077147
v -0.08129881 0.03564453 -0.04418944
v -0.08081052 0.03125000 -0.04077147
v -0.09350584 0.00146484 -0.06420897
v -0.09204099 0.00146484 -0.06958006
v -0.08764646 0.00341797 -0.06665038
v -0.08569334 0.00341797 -0.07153319
v -0.08422849 0.00341797 -0.06323241
v -0.07836912 0.00341797 -0.06909179
v -0.08032224 0.00341797 -0.07495116
v -0.11987302 0.03613281 -0.05493163
v -0.11547849 0.03857422 -0.05590819
v -0.11645506 0.03906250 -0.06176756
v -0.08422849 0.04003906 -0.04809569
v -0.08081052 0.03906250 -0.05004882
v -0.08374021 0.04101562 -0.05346679
v -0.07836912 0.03955078 -0.06176757
v -0.08227537 0.04101562 -0.05834960
v -0.07495115 0.03662109 -0.06079100
v -0.08129881 0.04199219 -0.06127929
v -0.07543943 0.03759766 -0.06469726
v -0.12084959 0.03515625 -0.07055663
v -0.12231444 0.03222656 -0.07788084
v -0.12280272 0.02978516 -0.07690428
v -0.09838866 0.10205078 -0.12182616
v -0.09985351 0.12841797 -0.12231445
v -0.09350585 0.12841797 -0.12329101
v -0.05981445 0.28710938 -0.10327149
v -0.05346679 0.27050781 -0.09106446
v -0.06665038 0.26660156 -0.09252930
v -0.01586914 0.28710938 -0.10913087
v -0.00659179 0.26660156 -0.10083009
v -0.01928710 0.27050781 -0.09594728
v -0.07495119 0.16699217 -0.29370117
v -0.06665041 0.16406249 -0.29174805
v -0.07299806 0.17773436 -0.28295898
v -0.05737306 0.17431639 -0.28051758
v -0.05932619 0.16357420 -0.29174805
v -0.06274416 0.18603514 -0.27026367
v -0.07104494 0.18847655 -0.27221680
v -0.05541994 0.18603514 -0.27026367
v -0.06909179 0.38623047 -0.06811524
v -0.07592773 0.37402344 -0.07836915
v -0.08569335 0.37255859 -0.07006836
v 0.00024414 0.38623047 -0.07739259
v 0.01684570 0.37255859 -0.08325197
v 0.00463867 0.37402344 -0.08862306
v 0.04663093 0.03076172 0.31713867
v 0.04858406 0.03076172 0.32592773
v 0.05151374 0.03662109 0.32055664
v 0.05395515 0.03613281 0.32983398
v 0.05102546 0.03076172 0.33276367
v 0.04418952 0.03417969 0.29809570
v 0.04418952 0.02441406 0.30200195
v 0.04516609 0.03222656 0.30786133
v 0.05981453 0.00341797 0.33618164
v 0.06079109 0.00341797 0.33422852
v 0.06420906 0.00341797 0.33959961
v 0.06909187 0.00048828 0.33227539
v 0.07006843 0.00341797 0.33715820
v 0.08178718 0.00341797 0.33178711
v 0.06958015 0.00341797 0.34008789
v 0.07055672 0.00341797 0.33911133
v 0.07153328 0.00341797 0.34057617
v 0.07690437 0.00341797 0.33959961
v 0.05883796 0.00341797 0.32446289
v 0.06030281 0.00341797 0.31762695
v 0.06909187 0.00146484 0.32299805
v 0.05542000 0.03125000 0.33862305
v 0.06567390 0.03222659 0.34106445
v 0.06665047 0.03222656 0.34008789
v 0.06420906 0.03857422 0.33374023
v 0.06127937 0.00341797 0.30639648
v 0.06665047 0.00341797 0.31323242
v 0.06909186 0.00097656 0.30639648
v 0.07348640 0.00097656 0.31225586
v 0.07104500 0.00341797 0.31665039
v 0.06713875 0.03271487 0.34106445
v 0.06811531 0.04296875 0.32641602
v 0.06469733 0.04345703 0.32104492
v 0.06274422 0.04199219 0.32543945
v 0.06225593 0.00341797 0.28442383
v 0.06127936 0.00341797 0.29223633
v 0.05737311 0.00341797 0.29028320
v 0.08081062 0.00341797 0.33959961
v 0.08422859 0.00341797 0.33911133
v 0.08520515 0.00341800 0.34252930
v 0.08471687 0.00341800 0.34350586
v 0.08618172 0.00341800 0.34301758
v 0.08422859 0.04052734 0.33325195
v 0.08520515 0.03369144 0.34204102
v 0.08618172 0.03222659 0.34106445
v 0.08715828 0.03320315 0.34204102
v 0.09350593 0.00341797 0.32885742
v 0.09204109 0.00048828 0.32495117
v 0.08715828 0.00341797 0.33764648
v 0.09008797 0.00341797 0.33618164
v 0.10034187 0.00341797 0.32153320
v 0.09399422 0.00341797 0.33129883
v 0.09399422 0.00341797 0.32983398
v 0.09643562 0.00341797 0.33032227
v 0.09985359 0.00341797 0.32836914
v 0.10180672 0.00341797 0.32299805
v 0.09399421 0.00341797 0.30932617
v 0.09741218 0.00341797 0.31323242
v 0.08764656 0.00146484 0.31762695
v 0.09252937 0.00341797 0.33862305
v 0.08422859 0.00341797 0.31372070
v 0.08227546 0.00146484 0.30932617
v 0.08862311 0.00341797 0.30737305
v 0.09106452 0.00341797 0.29760742
v 0.09985359 0.03222656 0.33032227
v 0.09985359 0.03173828 0.32885742
v 0.09936531 0.03759766 0.32397461
v 0.10131843 0.03222656 0.32885742
v 0.10278327 0.03710938 0.32006836
v 0.09741218 0.04101562 0.31518555
v 0.10766608 0.03125000 0.32153320
v 0.10766608 0.03173828 0.31469727
v 0.10522468 0.03564453 0.31567383
v 0.10424811 0.03173828 0.30297852
v 0.10571296 0.03173828 0.30786133
v 0.10815436 0.02392578 0.30688477
v 0.10522468 0.02392578 0.29711914
v 0.08081061 0.04296875 0.32446289
v 0.07641608 0.04443359 0.31909180
v 0.07446297 0.04345703 0.32592773
v 0.09301765 0.04199219 0.31860352
v 0.08764655 0.04345703 0.31372070
v 0.08715827 0.04296875 0.32202148
v 0.09448249 0.04199219 0.30688477
v 0.10034186 0.03759766 0.30444336
v 0.09936530 0.03808594 0.29858398
v 0.10327155 0.03173828 0.29760742
v 0.10083015 0.03222656 0.29174805
v 0.10034186 0.02490234 0.28686523
v 0.09838874 0.03417969 0.28540039
v 0.07739265 0.32470706 0.37524414
v 0.08422858 0.31884769 0.36840820
v 0.08178718 0.34765628 0.37133789
v 0.09106452 0.31982425 0.36254883
v 0.06469733 0.22216798 0.33569336
v 0.05444342 0.23144533 0.33374023
v 0.04907233 0.21923830 0.32446289
v 0.06274421 0.24365236 0.34399414
v 0.08764654 0.22851564 0.23803708
v 0.08081060 0.23828125 0.23510739
v 0.09448247 0.25585938 0.24047849
v 0.11791997 0.34228519 0.28735346
v 0.11499029 0.34423831 0.27416986
v 0.11450201 0.35791019 0.28002924
v 0.11450201 0.36962894 0.29760736
v 0.11206060 0.37011722 0.28540039
v 0.10961919 0.37060550 0.27319336
v 0.09643559 0.38720703 0.25659180
v 0.10473637 0.35253909 0.24389645
v 0.09741215 0.35986328 0.22778317
v 0.07006838 0.23535156 0.02807615
v 0.07397463 0.26367188 0.03295896
v 0.05493167 0.22851562 0.04272459
v 0.07348635 0.31640625 0.03393552
v 0.07397462 0.32177734 0.01977537
v 0.07104494 0.34033203 0.02563474
v 0.01635750 0.44482425 0.48168945
v 0.02465828 0.44433597 0.47729492
v 0.02026374 0.44433597 0.47973633
v 0.02172859 0.43847659 0.47680664
v 0.01293953 0.45312503 0.48852539
v 0.01293953 0.45068362 0.48413086
v 0.01635750 0.44921878 0.48461914
v 0.02026375 0.44775394 0.48266602
v 0.02026375 0.44970706 0.48657227
v 0.00610359 0.47363281 0.49340820
v 0.00708015 0.47363281 0.49340820
v 0.00659187 0.47509766 0.49389648
v 0.01147468 0.47216797 0.49438477
v 0.01391609 0.47949219 0.49389648
v 0.00854500 0.45214847 0.48120117
v 0.00610359 0.45312503 0.48071289
v 0.00610359 0.45361331 0.48168945
v 0.00561531 0.45361331 0.48168945
v 0.00708015 0.45361331 0.48168945
v 0.01635749 0.44775394 0.48120117
v 0.01245125 0.45019534 0.48120117
v 0.01245125 0.44873050 0.48217773
v 0.03637703 0.44970706 0.47778320
v 0.03686531 0.44824222 0.47485352
v 0.04077156 0.44970706 0.47338867
v 0.03979499 0.44238284 0.46752930
v 0.03637702 0.44677737 0.47290039
v 0.03491218 0.44482425 0.47192383
v 0.03393562 0.44775394 0.47290039
v 0.03344734 0.44775394 0.47338867
v 0.03295906 0.44775394 0.47290039
v 0.05737312 0.43701175 0.45190430
v 0.04760749 0.43847659 0.45971680
v 0.03881843 0.43066409 0.45727539
v 0.03295905 0.41552737 0.43188477
v 0.03833015 0.46582034 0.48413086
v 0.04223640 0.46582034 0.48071289
v 0.04272468 0.47070312 0.48071289
v 0.04565437 0.44921878 0.46948242
v 0.03442390 0.44726565 0.47290039
v 0.03442390 0.44775394 0.47338867
v 0.05639656 0.44287112 0.45825195
v 0.05493171 0.44873050 0.46313477
v 0.04663093 0.46630862 0.47680664
v 0.07299811 0.43847659 0.43969727
v 0.07250983 0.43554690 0.43481445
v 0.08471686 0.44091800 0.42749023
v 0.07250983 0.42968750 0.42358398
v 0.07299811 0.42480469 0.40942383
v 0.07983405 0.43261719 0.41821289
v 0.09448249 0.44287112 0.41333008
v 0.09545905 0.44824222 0.42211914
v 0.01293953 0.47998047 0.49389648
v 0.00952156 0.48046875 0.49633789
v 0.01684578 0.48242188 0.49340820
v 0.01928718 0.47900391 0.49291992
v 0.02026374 0.48291016 0.49145508
v 0.01098640 0.47656250 0.49633789
v 0.01049812 0.47509766 0.49536133
v 0.01196297 0.47705078 0.49536133
v 0.01342781 0.48632812 0.49487305
v 0.01977546 0.48388672 0.49194336
v 0.03198249 0.49609375 0.47045898
v 0.02465827 0.50390625 0.47534180
v 0.02368171 0.49755859 0.47875977
v 0.03100593 0.50781250 0.46850586
v 0.02709968 0.51416016 0.47192383
v 0.01635749 0.51416016 0.47680664
v 0.01782233 0.52246094 0.47436523
v 0.03930671 0.50976562 0.46459961
v 0.03540046 0.50244141 0.46655273
v 0.04711921 0.50537109 0.46362305
v 0.04663093 0.51220703 0.46362305
v 0.06274421 0.48535156 0.46411133
v 0.05346687 0.48828125 0.46704102
v 0.05297859 0.47998047 0.47045898
v 0.05395515 0.49560547 0.46459961
v 0.05883796 0.49414062 0.46362305
v 0.05541999 0.50292969 0.46313477
v 0.06323249 0.50537109 0.46118164
v 0.05541999 0.51123047 0.46313477
v 0.08032233 0.52197266 0.45239258
v 0.07397468 0.52832031 0.45629883
v 0.06909186 0.51513672 0.45874023
v 0.10375983 0.49316406 0.43823242
v 0.10961921 0.48583984 0.43041992
v 0.11254890 0.49560547 0.42749023
v 0.12622076 0.53417969 0.37475580
v 0.12231451 0.55029297 0.38208002
v 0.12329108 0.54052734 0.39331049
v 0.11987310 0.55273438 0.36010736
v 0.11889654 0.55859375 0.37036127
v 0.12280279 0.54638672 0.36401361
v 0.10034185 0.40380859 0.29125977
v 0.11450201 0.49462891 0.32202142
v 0.10131840 0.49462891 0.30541992
v 0.10375981 0.50439453 0.30688477
v 0.11157232 0.54589844 0.32348633
v 0.11840826 0.54199219 0.33569330
v 0.11840826 0.54003906 0.33520502
v 0.11157231 0.54296875 0.32153320
v 0.07397466 0.60498047 0.37719727
v 0.08081060 0.60107422 0.38159180
v 0.07934576 0.60156250 0.37280273
v 0.12036138 0.54931641 0.35766596
v 0.12377935 0.54052734 0.35815424
v 0.12231451 0.54345703 0.35668939
v 0.12280279 0.53906250 0.35229486
v 0.11206060 0.54785156 0.32495117
v 0.05346685 0.61572266 0.39038086
v 0.04028326 0.62109375 0.38598633
v 0.04223638 0.61621094 0.41333008
v 0.04760747 0.61816406 0.38012695
v 0.06909185 0.60888672 0.38305664
v 0.07104497 0.60644531 0.37426758
v 0.10961919 0.67333984 0.37329102
v 0.10473638 0.66943359 0.37426758
v 0.10522466 0.66845703 0.37182617
v 0.11303716 0.67529297 0.37231445
v 0.11254888 0.67236328 0.36938477
v 0.11743169 0.67578125 0.37084955
v 0.11889654 0.67919922 0.37426752
v 0.11743169 0.67871094 0.37475580
v 0.12036138 0.67871094 0.37329096
v 0.12182622 0.67822266 0.37280267
v 0.11694341 0.65722656 0.36157221
v 0.10961919 0.64746094 0.35913086
v 0.11743169 0.64746094 0.35864252
v 0.11547857 0.66650391 0.36547846
v 0.11108404 0.66210938 0.36401367
v 0.12036138 0.67285156 0.36840814
v 0.11303715 0.67919922 0.35961914
v 0.10913090 0.67089844 0.35229492
v 0.10620122 0.67285156 0.35473633
v 0.10961919 0.68505859 0.36987305
v 0.11352544 0.68701172 0.36889642
v 0.11206059 0.68457031 0.36645508
v 0.11645512 0.68750000 0.36840814
v 0.11596684 0.68359375 0.36303705
v 0.12329107 0.67675781 0.37182611
v 0.12426763 0.67382812 0.37036127
v 0.11938481 0.68750000 0.36743158
v 0.12182622 0.68603516 0.36596674
v 0.12426762 0.68359375 0.36450189
v 0.11987309 0.68115234 0.36108392
v 0.12377934 0.67041016 0.35571283
v 0.12084965 0.67333984 0.35571283
v 0.12329106 0.67724609 0.35913080
v 0.12719731 0.66894531 0.35717767
v 0.01489260 0.00341797 -0.06372070
v 0.01586916 0.00341797 -0.05883789
v 0.01342776 0.00341797 -0.06225586
v 0.01928713 0.00341797 -0.05737305
v 0.02368166 0.00341797 -0.05883789
v 0.01879885 0.03125000 -0.05395508
v 0.01977541 0.03076172 -0.05444336
v 0.01879885 0.03564453 -0.05737305
v 0.02221682 0.00341797 -0.05688477
v 0.02368166 0.00341797 -0.05688477
v 0.02465823 0.00341797 -0.05541993
v 0.03002932 0.00341797 -0.05444336
v 0.03540041 0.00341797 -0.06079102
v 0.02319338 0.00048828 -0.06323242
v 0.03295901 0.00341797 -0.05493164
v 0.03637698 0.00341797 -0.05444336
v 0.03979494 0.00341797 -0.05590821
v 0.04321291 0.00341797 -0.05737305
v 0.04711916 0.00341797 -0.06323243
v 0.04565432 0.00097656 -0.06713868
v 0.02026369 0.03076172 -0.05297852
v 0.03491213 0.03710938 -0.05541993
v 0.03540041 0.03271484 -0.05053711
v 0.03588869 0.03173828 -0.05200196
v 0.03686526 0.00341797 -0.05297852
v 0.03637698 0.00341797 -0.05151368
v 0.03784182 0.00341797 -0.05200196
v 0.04565432 0.00341797 -0.05395509
v 0.04809573 0.00341797 -0.06127930
v 0.05297854 0.00341797 -0.06909180
v 0.04809573 0.00341797 -0.06274415
v 0.04956057 0.00341797 -0.06274415
v 0.05200198 0.00341797 -0.06420899
v 0.03686526 0.03222656 -0.05102539
v 0.05444338 0.00341797 -0.06713868
v 0.05249026 0.02783203 -0.05981446
v 0.05395510 0.02783203 -0.05932618
v 0.05200197 0.03271484 -0.06469727
v 0.05102541 0.03466797 -0.06372071
v 0.05053713 0.03759766 -0.07104493
v 0.05346682 0.03369141 -0.06616212
v 0.01879885 0.04101562 -0.06713867
v 0.01684572 0.03906250 -0.06323242
v 0.02075197 0.04052734 -0.06176758
v 0.02368166 0.00146484 -0.08471680
v 0.01977541 0.00341797 -0.08081055
v 0.01684572 0.00341797 -0.08520508
v 0.02612307 0.00146484 -0.07983398
v 0.02319338 0.00146484 -0.08911133
v 0.04565432 0.00341797 -0.08959962
v 0.04223635 0.00341797 -0.08227540
v 0.03784182 0.00146484 -0.08666993
v 0.01538088 0.00341797 -0.09204102
v 0.01733400 0.00341797 -0.07690430
v 0.01196291 0.03955078 -0.07397461
v 0.00805666 0.03759766 -0.07641602
v 0.00854494 0.03662109 -0.07250977
v 0.01635744 0.04101562 -0.07153320
v 0.02075197 0.00341797 -0.10278320
v 0.01879884 0.00341797 -0.09643555
v 0.01538088 0.00341797 -0.09887695
v 0.02368166 0.00146484 -0.09643555
v 0.00805666 0.03808594 -0.07934570
v 0.04760744 0.00341797 -0.08081055
v 0.05102541 0.00341797 -0.07690430
v 0.04174807 0.00146484 -0.07397462
v 0.05834963 0.03222656 -0.07446290
v 0.06079103 0.02734375 -0.07299805
v 0.05981447 0.02783203 -0.07983399
v 0.05200197 0.02978516 -0.09838868
v 0.05151369 0.03222656 -0.09936524
v 0.05151369 0.03515625 -0.09204102
v 0.01489260 0.04199219 -0.07446289
v 0.05346682 0.03613281 -0.07641602
v 0.04956057 0.03857422 -0.07641602
v 0.04907228 0.03906250 -0.08227540
v 0.01831055 0.10205078 -0.13696289
v 0.01342774 0.12841797 -0.13745117
v 0.02026368 0.12841797 -0.13745117
v -0.04467766 0.01025394 0.38110352
v -0.05053703 0.01025394 0.37768555
v -0.04907219 0.00634769 0.37524414
v -0.04418937 0.00634769 0.37817383
v -0.05444328 0.01025394 0.37036133
v -0.05249016 0.00634769 0.36791992
v -0.04321281 0.00341800 0.37377930
v -0.04711906 0.00341800 0.37133789
v -0.04565422 0.01757815 0.38159180
v -0.05200187 0.01757815 0.37866211
v -0.05639641 0.01757815 0.37084961
v -0.04614250 0.02539065 0.37963867
v -0.05249016 0.02539065 0.37670898
v -0.05639641 0.02490237 0.36938477
v -0.05639641 0.03222659 0.36450195
v -0.05249016 0.03369144 0.37084961
v -0.04663078 0.03417972 0.37329102
v -0.04028312 0.00634769 0.37817383
v -0.04077141 0.01025394 0.38110352
v -0.03979484 0.00341800 0.37426758
v -0.03930656 0.00634769 0.37670898
v -0.03979484 0.01025394 0.37963867
v -0.03930656 0.00341800 0.37329102
v -0.03881828 0.01025394 0.38110352
v -0.03881828 0.00634769 0.37817383
v -0.03833000 0.00341800 0.37426758
v -0.04125969 0.01757815 0.38159180
v -0.03979484 0.01757815 0.38012695
v -0.03881828 0.01806644 0.38159180
v -0.03491203 0.00341800 0.37524414
v -0.03393547 0.00634769 0.37963867
v -0.03344719 0.01025394 0.38208008
v -0.02758781 0.01025394 0.37963867
v -0.02905265 0.00634769 0.37768555
v -0.03051750 0.00341800 0.37377930
v -0.03881828 0.00341800 0.36987305
v -0.03540031 0.00341800 0.36938477
v -0.03149406 0.00341800 0.36840820
v -0.03344719 0.01806644 0.38208008
v -0.02661125 0.01806644 0.37963867
v -0.04125969 0.02539065 0.37915039
v -0.04028312 0.02539065 0.37817383
v -0.03881828 0.02539065 0.37915039
v -0.04125969 0.03320315 0.37329102
v -0.04028312 0.03271487 0.37231445
v -0.03930656 0.03369144 0.37280273
v -0.03344719 0.02636722 0.37915039
v -0.02612297 0.02587894 0.37719727
v -0.03344719 0.03564456 0.37329102
v -0.02612297 0.03466800 0.37133789
v -0.02612297 0.00341800 0.36791992
v -0.02465812 0.00634769 0.37084961
v -0.02368156 0.01025394 0.37377930
v -0.02221672 0.01757815 0.37475586
v -0.02221672 0.02490237 0.37280273
v -0.02221672 0.03271487 0.36743164
v -0.06420891 0.01025394 0.36303711
v -0.06665032 0.01025394 0.35424805
v -0.06420891 0.00634769 0.35375977
v -0.06225578 0.00634769 0.36157227
v -0.06567375 0.01708987 0.36401367
v -0.06860344 0.01708987 0.35424805
v -0.05834953 0.00634769 0.36596680
v -0.06030266 0.01025394 0.36840820
v -0.06176750 0.01757815 0.36889648
v -0.06616203 0.02441409 0.36254883
v -0.06909172 0.02392581 0.35327148
v -0.06225578 0.02490237 0.36743164
v -0.06713860 0.03173831 0.35131836
v -0.06567375 0.03125003 0.35815430
v -0.06225578 0.03271487 0.36254883
v -0.06713860 0.01025394 0.34497070
v -0.06420891 0.00634769 0.34545898
v -0.05932609 0.00341800 0.35815430
v -0.06079094 0.00341800 0.35278320
v -0.06079094 0.00341800 0.34643555
v -0.06958000 0.01708987 0.34399414
v -0.06665032 0.01025391 0.33618164
v -0.06323235 0.00634766 0.33764648
v -0.05981438 0.00341797 0.33959961
v -0.06860344 0.01660156 0.33471680
v -0.06958000 0.02392581 0.34350586
v -0.06713860 0.03173831 0.34399414
v -0.06127922 0.03710940 0.35571289
v -0.06469719 0.03564456 0.35180664
v -0.06860344 0.02392578 0.33374023
v -0.06225578 0.03808597 0.34545898
v -0.06225578 0.03759766 0.33959961
v -0.06665032 0.03173828 0.33911133
v -0.06420891 0.01025391 0.32641602
v -0.06127922 0.00634766 0.32836914
v -0.05737297 0.00341797 0.32983398
v -0.06616203 0.01708984 0.32397461
v -0.06665032 0.02490234 0.32250977
v -0.06274407 0.03808594 0.33374023
v -0.06665032 0.03173828 0.33374023
v -0.06567375 0.03222656 0.32739258
v -0.06274407 0.01708984 0.31518555
v -0.06127923 0.01025391 0.31762695
v -0.05883782 0.00634766 0.32006836
v -0.06323235 0.02441406 0.31274414
v -0.06225579 0.03222656 0.31127930
v -0.06469720 0.03417969 0.32055664
v -0.06274407 0.04101562 0.33032227
v -0.05590813 0.01025391 0.30981445
v -0.05737298 0.01660156 0.30688477
v -0.05786126 0.02343750 0.30493164
v -0.05786126 0.03027344 0.30297852
v -0.05737297 0.04101565 0.34936523
v -0.05590813 0.04589844 0.33862305
v -0.05639641 0.04199219 0.34057617
v -0.06323235 0.04589844 0.31811523
v -0.06079094 0.04980469 0.32739258
v -0.05493157 0.05273438 0.33569336
v -0.06176751 0.04199219 0.30883789
v -0.06274407 0.06689453 0.31616211
v -0.06274407 0.06542969 0.30590820
v -0.05981438 0.06884766 0.32592773
v -0.06420892 0.08984375 0.31518555
v -0.06420892 0.08886719 0.30395508
v -0.06079095 0.09082031 0.32543945
v -0.06665032 0.11181642 0.30151367
v -0.06616204 0.11230470 0.31323242
v -0.06225579 0.11328126 0.32446289
v -0.05737298 0.03906250 0.30102539
v -0.05883782 0.06396484 0.29760742
v -0.06127923 0.08789062 0.29516602
v -0.06420892 0.11083986 0.29174805
v -0.05834953 0.00341800 0.35229492
v -0.04907219 0.00000003 0.35473633
v -0.04956047 0.00048831 0.35766602
v -0.05883781 0.00341800 0.35620117
v -0.03784172 0.00341800 0.35668945
v -0.03784172 0.00341800 0.36206055
v -0.05737297 0.00341800 0.34741211
v -0.04711907 0.00146487 0.34985352
v -0.03735344 0.00341800 0.35229492
v -0.05493156 0.00634769 0.36743164
v -0.05688469 0.01025394 0.36987305
v -0.05493156 0.01025394 0.36889648
v -0.05249016 0.00634769 0.36645508
v -0.05639641 0.00341800 0.36254883
v -0.05297844 0.00341800 0.36401367
v -0.05053703 0.00341800 0.36303711
v -0.05834953 0.01757815 0.37036133
v -0.05639641 0.01757815 0.36938477
v -0.05004875 0.00341800 0.36450195
v -0.04223625 0.00341800 0.36889648
v -0.04516594 0.00341800 0.36840820
v -0.05834953 0.02490237 0.36840820
v -0.05688469 0.02490237 0.36791992
v -0.05786125 0.03222659 0.36401367
v -0.05639641 0.03173831 0.36352539
v -0.05688469 0.03759769 0.35815430
v -0.05200188 0.04003909 0.36059570
v -0.05541985 0.00341800 0.34301758
v -0.04467766 0.00341800 0.34497070
v -0.03833000 0.00341800 0.34790039
v -0.02612297 0.00000003 0.35571289
v -0.02563469 0.00048831 0.35913086
v -0.03881828 0.00097659 0.34106445
v -0.04370110 0.00146484 0.34057617
v -0.02807610 0.00146487 0.35083008
v -0.03100578 0.00341800 0.34448242
v -0.03442375 0.00097659 0.34155273
v -0.03930657 0.00048828 0.33422852
v -0.03198235 0.00097656 0.33422852
v -0.03881828 0.00048828 0.32836914
v -0.03149407 0.00097656 0.32836914
v -0.04663078 0.00146484 0.33374023
v -0.04614250 0.00146484 0.32836914
v -0.03393548 0.00097656 0.31909180
v -0.03930657 0.00097656 0.31909180
v -0.04370110 0.00146484 0.31909180
v -0.02319329 0.00341797 0.32397461
v -0.02368157 0.00341797 0.33276367
v -0.02709954 0.00341797 0.31909180
v -0.04614251 0.00341797 0.31176758
v -0.04077141 0.00341797 0.31030273
v -0.03540032 0.00341797 0.31030273
v -0.03002923 0.00341797 0.31176758
v -0.05493157 0.00341797 0.33081055
v -0.05541985 0.00341797 0.32250977
v -0.05346673 0.00341797 0.32397461
v -0.05395501 0.00634766 0.31274414
v -0.05151360 0.00341797 0.31567383
v -0.04956048 0.00341797 0.31811523
v -0.04760735 0.00634766 0.30786133
v -0.04858391 0.01025391 0.30444336
v -0.01684563 0.00341800 0.35473633
v -0.01733391 0.00341800 0.35961914
v -0.01733391 0.00341800 0.34936523
v -0.02416984 0.00634769 0.36938477
v -0.02563469 0.00341800 0.36645508
v -0.02416984 0.00341800 0.36743164
v -0.02270500 0.00634769 0.37036133
v -0.01733391 0.00634769 0.36889648
v -0.01928703 0.00341800 0.36547852
v -0.02270500 0.01025394 0.37231445
v -0.02124016 0.01025394 0.37329102
v -0.02172844 0.01757815 0.37329102
v -0.01538078 0.01025394 0.37182617
v -0.01586906 0.00341800 0.36108398
v -0.01342766 0.00634769 0.36401367
v -0.01098625 0.01025394 0.36645508
v -0.02026359 0.01757815 0.37426758
v -0.01440422 0.01708987 0.37377930
v -0.01391594 0.00341800 0.35571289
v -0.01098625 0.00634769 0.35668945
v -0.02124016 0.02490237 0.37133789
v -0.02026359 0.02490237 0.37280273
v -0.01440422 0.02490237 0.37231445
v -0.02124016 0.03222659 0.36645508
v -0.02026360 0.03222659 0.36743164
v -0.01489250 0.03222659 0.36694336
v -0.01538078 0.03857425 0.35717773
v -0.02075188 0.03857425 0.36010742
v -0.02758782 0.00341797 0.34057617
v -0.02026360 0.00341800 0.34350586
v -0.01391594 0.00341800 0.34838867
v -0.01440422 0.00341797 0.34008789
v -0.00952141 0.01708987 0.36791992
v -0.00854485 0.01025394 0.35766602
v -0.00610344 0.01660159 0.35864258
v -0.00952141 0.02441409 0.36694336
v -0.00610344 0.02392581 0.35815430
v -0.01049797 0.03125003 0.36254883
v -0.00805657 0.03076175 0.35620117
v -0.01147453 0.03613284 0.35375977
v -0.01049797 0.00634769 0.34790039
v -0.00756828 0.01025394 0.34790039
v -0.00561516 0.01660159 0.34790039
v -0.01098625 0.00634766 0.33862305
v -0.00805657 0.01025391 0.33764648
v -0.00512688 0.02343753 0.34790039
v -0.00659172 0.01660156 0.33666992
v -0.00610344 0.02392578 0.33715820
v -0.00708000 0.03076175 0.34838867
v -0.00708001 0.03076172 0.33959961
v -0.01977532 0.00341797 0.32299805
v -0.01733391 0.00341797 0.33032227
v -0.01635735 0.00634766 0.32006836
v -0.01293938 0.00634766 0.32836914
v -0.02416985 0.00341797 0.31616211
v -0.02172844 0.00634766 0.31274414
v -0.02856438 0.00634766 0.30786133
v -0.01440423 0.01025391 0.31811523
v -0.02026360 0.01025391 0.30981445
v -0.02807610 0.01025391 0.30493164
v -0.01049797 0.01025391 0.32690430
v -0.00903313 0.01708984 0.32543945
v -0.00854485 0.02441406 0.32446289
v -0.00805657 0.03222656 0.33032227
v -0.01098625 0.03662112 0.34399414
v -0.01147454 0.03759766 0.33715820
v -0.01049798 0.04101562 0.33129883
v -0.00952141 0.03417969 0.32055664
v -0.01245110 0.01708984 0.31567383
v -0.01879876 0.01660156 0.30737305
v -0.01196282 0.02441406 0.31420898
v -0.01196282 0.03222656 0.31274414
v -0.01782220 0.02343750 0.30493164
v -0.01782220 0.03027344 0.30346680
v -0.01049798 0.04443359 0.31811523
v -0.01196282 0.04150391 0.31030273
v -0.01782220 0.03906250 0.30102539
v -0.04614250 0.04101565 0.36303711
v -0.05200188 0.04199222 0.35180664
v -0.04565422 0.04296878 0.35375977
v -0.04809563 0.04345706 0.34545898
v -0.03881828 0.04296878 0.35473633
v -0.03588860 0.04443362 0.34838867
v -0.03588860 0.04882815 0.34594727
v -0.04760735 0.04785159 0.34301758
v -0.04028313 0.04052737 0.36401367
v -0.03295891 0.04150394 0.36401367
v -0.03247063 0.04345706 0.35473633
v -0.02612297 0.04150394 0.36254883
v -0.02612297 0.04296878 0.35327148
v -0.02416985 0.04345706 0.34741211
v -0.02416985 0.04785159 0.34497070
v -0.04711907 0.05468750 0.34008789
v -0.03588860 0.05566409 0.34301758
v -0.02465813 0.05468753 0.34155273
v -0.05395501 0.07031250 0.33374023
v -0.04663079 0.07128906 0.33862305
v -0.03588860 0.07177737 0.34155273
v -0.02563469 0.07177734 0.33959961
v -0.05444329 0.09179688 0.33422852
v -0.04663079 0.09277344 0.33959961
v -0.04711907 0.11425783 0.33959961
v -0.05541985 0.11376955 0.33374023
v -0.03637688 0.09277347 0.34204102
v -0.02612298 0.09326172 0.34057617
v -0.03637688 0.11474611 0.34252930
v -0.02612298 0.11474611 0.34106445
v -0.02075188 0.04199222 0.35131836
v -0.01538079 0.03955081 0.34790039
v -0.01586907 0.04101565 0.34252930
v -0.01586907 0.04541016 0.33959961
v -0.01635735 0.05224609 0.33618164
v -0.01196282 0.04833984 0.32836914
v -0.01684563 0.07080078 0.33276367
v -0.01245110 0.06933594 0.32348633
v -0.01196282 0.06787109 0.31420898
v -0.01489251 0.06640625 0.30639648
v -0.01684563 0.09277344 0.33227539
v -0.01245110 0.09228516 0.32202148
v -0.01635735 0.11474611 0.33227539
v -0.01196282 0.11425783 0.32055664
v -0.01196282 0.09130859 0.31225586
v -0.01440423 0.09033203 0.30395508
v -0.01147454 0.11376955 0.31079102
v -0.04956048 0.01611328 0.30151367
v -0.05004876 0.02294922 0.29907227
v -0.04125969 0.00634766 0.30590820
v -0.04174798 0.01025391 0.30249023
v -0.04223626 0.01611328 0.29956055
v -0.04223626 0.02246094 0.29663086
v -0.05004876 0.02929688 0.29711914
v -0.05004876 0.03759766 0.29516602
v -0.04272454 0.02929688 0.29467773
v -0.04272454 0.03710938 0.29321289
v -0.03491204 0.00634766 0.30590820
v -0.03491204 0.01025391 0.30297852
v -0.03442376 0.01611328 0.29956055
v -0.03442376 0.02246094 0.29711914
v -0.02709954 0.01611328 0.30151367
v -0.02661126 0.02294922 0.29907227
v -0.03442376 0.02929688 0.29467773
v -0.02612298 0.02929688 0.29711914
v -0.03442376 0.03710938 0.29321289
v -0.02612298 0.03759766 0.29516602
v -0.05151360 0.06298828 0.29125977
v -0.04321283 0.06250000 0.28881836
v -0.05346673 0.08740234 0.28735352
v -0.04467767 0.08691406 0.28442383
v -0.03442376 0.06298828 0.28979492
v -0.02563470 0.06347656 0.29321289
v -0.03442376 0.08740234 0.28491211
v -0.02563470 0.08837891 0.28930664
v -0.05590814 0.11035158 0.28247070
v -0.04614251 0.11035158 0.27856445
v -0.03540033 0.11083986 0.28002930
v -0.02563470 0.11132814 0.28491211
v -0.01879876 0.06494141 0.29907227
v -0.01831048 0.08935547 0.29614258
v -0.01831048 0.11230470 0.29321289
v -0.01391595 0.11279298 0.30151367
v -0.04223626 0.28125000 0.37524414
v -0.03149407 0.28076172 0.37670898
v -0.03588860 0.29980472 0.38452148
v -0.04467767 0.30029297 0.38110352
v -0.05444329 0.26318359 0.36401367
v -0.03930657 0.26220703 0.36791992
v -0.05639642 0.28369141 0.36987305
v -0.02563470 0.26269531 0.36694336
v -0.05688470 0.30371094 0.37475586
v -0.02319329 0.28125000 0.37866211
v -0.02709954 0.30126956 0.38745117
v -0.01831048 0.26318359 0.36694336
v -0.01586907 0.28271484 0.38159180
v -0.01831048 0.30322269 0.39038086
v -0.01196282 0.26318359 0.36889648
v -0.04125970 0.32275391 0.38403320
v -0.05444330 0.32568359 0.37622070
v -0.03002923 0.32470703 0.38940430
v -0.06909173 0.30810547 0.36401367
v -0.06665032 0.33105469 0.36547852
v -0.03491205 0.34765628 0.38403320
v -0.04907220 0.35058594 0.37573242
v -0.06079095 0.35595703 0.36547852
v 0.00170905 0.30566409 0.39379883
v 0.00268562 0.28320315 0.38598633
v 0.00415046 0.26269531 0.37475586
v -0.01977532 0.32714847 0.39282227
v 0.00122077 0.32861331 0.39624023
v -0.01831048 0.34912112 0.39086914
v 0.00219733 0.34912112 0.39575195
v -0.06420892 0.13574220 0.32446289
v -0.06811517 0.13525392 0.31274414
v -0.06958001 0.13476564 0.30004883
v -0.07153314 0.15820314 0.31274414
v -0.06665032 0.15869142 0.32543945
v -0.05688470 0.13623048 0.33374023
v -0.05834954 0.15869142 0.33520508
v -0.07250971 0.15722658 0.29907227
v -0.06909173 0.18164064 0.32592773
v -0.07446283 0.18115236 0.31176758
v -0.07592767 0.18017580 0.29711914
v -0.06030267 0.18164064 0.33618164
v -0.07739252 0.20410158 0.31176758
v -0.07153314 0.20410158 0.32739258
v -0.06225579 0.20410158 0.33862305
v -0.06372064 0.22558595 0.34399414
v -0.07446282 0.22607423 0.33081055
v -0.08032221 0.22656251 0.31372070
v -0.06713861 0.13427736 0.28930664
v -0.05883783 0.13378908 0.27758789
v -0.07055658 0.15673830 0.28735352
v -0.07397455 0.17919923 0.28393555
v -0.06176752 0.15625001 0.27319336
v -0.06469721 0.17773439 0.26879883
v -0.07836908 0.20361330 0.29565430
v -0.07592767 0.20312501 0.28051758
v -0.06665033 0.20166017 0.26489258
v -0.08178705 0.22656251 0.29516602
v -0.07788080 0.22705080 0.27807617
v -0.04956049 0.15576173 0.26733398
v -0.05151362 0.17626955 0.26245117
v -0.05346674 0.19726564 0.25903320
v -0.06860346 0.22705080 0.26342773
v -0.05395502 0.21484376 0.25708008
v -0.04809564 0.13623048 0.33959961
v -0.03686516 0.13671876 0.34301758
v -0.02563470 0.13671876 0.34106445
v -0.04907220 0.15917970 0.34106445
v -0.03735345 0.15917970 0.34350586
v -0.02563470 0.15917970 0.34204102
v -0.01538079 0.13671876 0.33178711
v -0.01098626 0.13623048 0.31958008
v -0.01049798 0.13574220 0.30932617
v -0.01489251 0.15869142 0.33276367
v -0.00952142 0.15820314 0.32006836
v -0.00903314 0.15771486 0.30883789
v -0.03784173 0.18164064 0.34497070
v -0.03735345 0.20410158 0.34838867
v -0.05102532 0.20410158 0.34497070
v -0.05053704 0.18164064 0.34204102
v -0.02368157 0.20361330 0.34643555
v -0.02514642 0.18164064 0.34350586
v -0.05151360 0.22558595 0.35083008
v -0.03637689 0.22509767 0.35424805
v -0.02172845 0.22363283 0.35229492
v -0.01391595 0.18066408 0.33471680
v -0.01245111 0.20214845 0.33666992
v -0.00903314 0.22021486 0.33666992
v -0.00854486 0.17968751 0.32104492
v -0.00756830 0.19970705 0.32250977
v -0.00805658 0.17871095 0.30883789
v -0.00708002 0.19775392 0.30932617
v -0.00561517 0.21533205 0.32104492
v -0.00610345 0.21191408 0.30737305
v -0.00463861 0.21972658 0.30004883
v -0.00317377 0.22314455 0.31176758
v -0.00366205 0.22802736 0.32788086
v -0.04809564 0.13378908 0.27270508
v -0.03588861 0.13427736 0.27514648
v -0.02563470 0.13476564 0.28100586
v -0.03637689 0.15576173 0.27026367
v -0.03735346 0.17578126 0.26538086
v -0.02514642 0.15625001 0.27709961
v -0.02514643 0.17626955 0.27368164
v -0.01782220 0.13525392 0.29028320
v -0.01293939 0.13574220 0.29956055
v -0.01635736 0.15673830 0.28784180
v -0.01147455 0.15722658 0.29809570
v -0.01049799 0.17773439 0.29711914
v -0.01586908 0.17675783 0.28491211
v -0.03784174 0.19531251 0.26196289
v -0.02514643 0.19433595 0.27075195
v -0.03784174 0.20996095 0.25952148
v -0.03686518 0.21777345 0.25512695
v -0.05200190 0.22509766 0.25463867
v -0.06372065 0.23730470 0.25756836
v -0.02465815 0.20800783 0.26831055
v -0.02319330 0.21582033 0.26342773
v -0.03686518 0.21728517 0.25024414
v -0.02124018 0.21484376 0.25952148
v -0.05249018 0.22607422 0.25024414
v -0.01049799 0.20996095 0.24926756
v -0.03735346 0.21484376 0.23803709
v -0.05444331 0.22412109 0.23657225
v -0.01000971 0.19580080 0.29614258
v -0.01538080 0.19433595 0.28344727
v -0.00903314 0.20947267 0.29418945
v -0.00805658 0.21777345 0.28833008
v -0.00512689 0.21679689 0.28686523
v -0.00219721 0.21923830 0.29907227
v -0.00073236 0.22265626 0.31127930
v 0.00366217 0.21533205 0.28491211
v 0.00659186 0.21728517 0.29858398
v 0.00805670 0.22021486 0.31225586
v -0.01489252 0.20800783 0.28100586
v -0.01293940 0.21630861 0.27612305
v -0.01000971 0.21533205 0.27368164
v -0.00122065 0.21289064 0.26977539
v 0.01391607 0.21386720 0.28344727
v 0.01196295 0.21093751 0.26782227
v 0.00903326 0.20751955 0.24731444
v -0.07690424 0.24707033 0.33666992
v -0.06567376 0.24609376 0.35083008
v -0.05249017 0.24511720 0.35913086
v -0.06811517 0.26513672 0.35473633
v -0.07934564 0.26757812 0.33959961
v -0.07983392 0.29003906 0.34448242
v -0.06958001 0.28662109 0.36010742
v -0.08374017 0.24804689 0.31762695
v -0.08520502 0.24902345 0.29760742
v -0.08618158 0.26953125 0.31958008
v -0.08862299 0.27197266 0.29907227
v -0.08715814 0.29248047 0.32446289
v -0.09057611 0.29443359 0.30346680
v -0.07885736 0.31250000 0.34985352
v -0.08569330 0.31591797 0.33032227
v -0.07641596 0.33544922 0.35229492
v -0.08325189 0.33935547 0.33471680
v -0.07055658 0.36035156 0.35327148
v -0.07739252 0.36523438 0.33715820
v -0.08911127 0.31787109 0.30981445
v -0.08666986 0.34228516 0.31567383
v -0.08032221 0.36962891 0.32006836
v -0.09008784 0.31982422 0.29223633
v -0.08715815 0.34521484 0.29565430
v -0.08129878 0.37060547 0.29711914
v -0.08666987 0.27490234 0.28344727
v -0.08178706 0.25097656 0.27905273
v -0.09057612 0.29638672 0.28686523
v -0.07543940 0.25537109 0.26586914
v -0.08325190 0.27783203 0.27124023
v -0.08911128 0.29833984 0.27416992
v -0.07299799 0.25878906 0.25610352
v -0.06274409 0.23925781 0.25317383
v -0.07495112 0.25976562 0.23999023
v -0.06518549 0.23925781 0.23754883
v -0.08129878 0.27978516 0.25854492
v -0.08813471 0.30029297 0.26098633
v -0.08276362 0.28076172 0.24243164
v -0.08862299 0.30175781 0.24536133
v -0.08911128 0.32226562 0.27807617
v -0.08666987 0.34863281 0.28198242
v -0.08862299 0.32470703 0.26391602
v -0.08862300 0.32763672 0.24877930
v -0.08520503 0.35253906 0.26928711
v -0.08276363 0.35986328 0.25122070
v -0.03686517 0.24414064 0.36254883
v -0.01879876 0.24414064 0.35913086
v -0.01245111 0.24902345 0.35571289
v -0.01293939 0.23193361 0.34594727
v -0.00708001 0.23730470 0.34301758
v -0.00415033 0.23730470 0.34399414
v -0.00805657 0.24902345 0.35668945
v 0.00756842 0.23486330 0.34790039
v 0.00610358 0.24707033 0.36206055
v -0.00122064 0.22802736 0.32788086
v 0.00854499 0.22558595 0.33081055
v -0.12524413 0.27001953 0.02954102
v -0.13061522 0.27539062 0.00268555
v -0.13061522 0.25000000 0.00170899
v -0.12426756 0.24316406 0.02856446
v -0.12231443 0.21679688 0.02124024
v -0.12817381 0.22509766 -0.00268554
v -0.12866209 0.23046875 -0.02563476
v -0.13110350 0.25439453 -0.02319335
v -0.13110350 0.27832031 -0.02319335
v -0.12915038 0.30371094 0.00219727
v -0.12475584 0.29980469 0.02807618
v -0.11059567 0.23535156 0.05102539
v -0.11303709 0.26367188 0.05688477
v -0.11596677 0.29150391 0.05249024
v -0.12915038 0.30517578 -0.02465820
v -0.12084959 0.32910156 0.02661133
v -0.12475584 0.33154297 0.00122071
v -0.12426756 0.33154297 -0.02563476
v -0.03979487 0.21289064 0.21997069
v -0.01733393 0.20751955 0.22143553
v -0.05737300 0.22314453 0.21948242
v -0.04516597 0.21240236 0.18872069
v -0.02319331 0.20654298 0.18774413
v -0.06274410 0.22314453 0.19018555
v -0.02758785 0.20849609 0.15454100
v -0.04956051 0.21386719 0.15795897
v -0.06762691 0.22460938 0.16088867
v 0.00512700 0.20410158 0.22143553
v 0.00024419 0.20361330 0.18627928
v -0.00512691 0.20556641 0.15161131
v -0.07153317 0.22656250 0.12963867
v -0.05297848 0.21630859 0.12475586
v -0.03149410 0.21142578 0.12084961
v -0.00952145 0.20898438 0.11694335
v 0.02270512 0.20654298 0.18188475
v 0.01782231 0.20849609 0.14868163
v 0.01245121 0.21142578 0.11499023
v -0.07836910 0.26123047 0.21997070
v -0.06909175 0.23974609 0.21948242
v -0.07495113 0.24023438 0.19116211
v -0.08374019 0.26220703 0.19311523
v -0.08569331 0.28222656 0.22143555
v -0.09008785 0.30419922 0.22290039
v -0.09008785 0.28417969 0.19506836
v -0.09301753 0.30712891 0.19653320
v -0.08081051 0.24121094 0.16381836
v -0.09008785 0.26318359 0.16625977
v -0.09545895 0.28613281 0.16870117
v -0.08911128 0.33105469 0.22485352
v -0.09057613 0.33300781 0.19750977
v -0.08276363 0.35839844 0.22583008
v -0.08374020 0.35742188 0.19750977
v -0.09692379 0.30957031 0.16967773
v -0.09350582 0.33398438 0.17016602
v -0.08618160 0.35693359 0.16967773
v -0.09545895 0.26416016 0.13842773
v -0.08569332 0.24218750 0.13452148
v -0.10034176 0.28759766 0.14135742
v -0.08715817 0.24365234 0.10473634
v -0.09887692 0.26513672 0.11059570
v -0.10473630 0.28906250 0.11401367
v -0.07250974 0.22900391 0.09838867
v -0.05444333 0.21972656 0.09204102
v -0.10131832 0.31152344 0.14282227
v -0.09790035 0.33544922 0.14233398
v -0.10571286 0.31347656 0.11547852
v -0.10180661 0.33691406 0.11450195
v -0.09008786 0.35791016 0.14135742
v -0.09448239 0.35888672 0.11303711
v -0.09594724 0.18066406 0.02807618
v -0.09741209 0.15869141 0.00170899
v -0.08520506 0.15527344 0.00317383
v -0.08129880 0.17724609 0.02954102
v -0.07836912 0.15527344 0.00122071
v -0.07299802 0.17871094 0.02416992
v -0.09692381 0.14355469 -0.02124023
v -0.08715818 0.14111328 -0.01977539
v -0.08178709 0.14111328 -0.02124023
v -0.06469724 0.18261719 0.01342774
v -0.06958006 0.16113281 -0.00708008
v -0.07250974 0.14550781 -0.02856445
v -0.09399411 0.20214844 0.04711914
v -0.10961912 0.20898438 0.03930665
v -0.10961912 0.18652344 0.02124024
v -0.12036131 0.19433594 0.00805665
v -0.09204099 0.22851562 0.06176758
v -0.07788083 0.19824219 0.04663086
v -0.07446286 0.21777344 0.05883789
v -0.10815427 0.16455078 -0.00317382
v -0.11694334 0.17138672 -0.01196288
v -0.10571287 0.14794922 -0.02514648
v -0.12524413 0.20214844 -0.01049804
v -0.12182615 0.17822266 -0.02465819
v -0.06909177 0.20019531 0.03881836
v -0.06469724 0.21630859 0.05053711
v -0.08520505 0.24316406 0.06762695
v -0.07202145 0.23193359 0.06567383
v -0.06176755 0.22705078 0.05883789
v -0.06127927 0.20410156 0.02661133
v -0.05786130 0.21875000 0.03735351
v -0.05493161 0.22705078 0.04614257
v -0.05395506 0.20996094 0.00659180
v -0.05688474 0.18945312 -0.00415039
v -0.06127928 0.16845703 -0.02075195
v -0.03442379 0.21582031 0.08666992
v -0.01440427 0.21386719 0.08276366
v -0.03540036 0.21923828 0.05981445
v -0.05395505 0.22265625 0.06665039
v -0.07153317 0.23095703 0.07543945
v -0.01782224 0.21826172 0.05590820
v 0.00610355 0.21582031 0.08129882
v -0.00024411 0.21923828 0.05493163
v -0.05151365 0.22265625 0.01489258
v -0.04858396 0.23046875 0.02075195
v -0.06030270 0.22607422 0.06127929
v -0.05249021 0.22607422 0.04858398
v -0.04614256 0.23095703 0.02221679
v -0.03540037 0.22802734 0.02319335
v -0.02270506 0.22558594 0.02221679
v -0.05346678 0.19677734 -0.02368164
v -0.05151365 0.21533203 -0.01489258
v -0.05004881 0.22656250 -0.00854492
v -0.00952146 0.22802734 0.01977538
v 0.02661136 0.21972656 0.08129882
v 0.01928714 0.22265625 0.05639647
v 0.01342776 0.22607422 0.03930663
v 0.02416995 0.22607422 0.05004881
v 0.00073244 0.23095703 0.01586913
v -0.09985349 0.26611328 0.08959961
v -0.08569333 0.24462891 0.08325196
v -0.10668942 0.29003906 0.09301758
v -0.09985349 0.26660156 0.07788086
v -0.08471677 0.24462891 0.07250977
v -0.10766599 0.29052734 0.07885742
v -0.10131833 0.26708984 0.06762695
v -0.10961912 0.29150391 0.06372070
v -0.07104489 0.23193359 0.07006836
v -0.10815427 0.31445312 0.09399414
v -0.10473630 0.33789062 0.09252930
v -0.09790037 0.35937500 0.08911133
v -0.10961911 0.31542969 0.07592773
v -0.10815427 0.33837891 0.06958008
v -0.11254881 0.31640625 0.05786133
v -0.11645506 0.32177734 0.04418945
v -0.11206052 0.34033203 0.04907227
v -0.10327146 0.36035156 0.06127930
v -0.11010741 0.36035156 0.02709961
v -0.11401366 0.35888672 -0.00073242
v -0.11352538 0.35693359 -0.02661133
v -0.04809568 0.23437500 -0.00415039
v -0.04565428 0.23632812 -0.00219727
v -0.03686522 0.23486328 -0.00366211
v -0.02612303 0.23242188 -0.00561524
v -0.01489256 0.23486328 -0.00659181
v -0.00610350 0.23632812 -0.00805665
v -0.06372064 0.46289065 0.44262695
v -0.07153314 0.46679690 0.43579102
v -0.07397454 0.46044925 0.42700195
v -0.06616204 0.45605472 0.43481445
v -0.05346673 0.45849612 0.45043945
v -0.05004876 0.46582034 0.45532227
v -0.05981439 0.47070312 0.44897461
v -0.05493157 0.45166019 0.44409180
v -0.06762689 0.47460938 0.44262695
v -0.07836907 0.47265625 0.42797852
v -0.08081048 0.46630859 0.41821289
v -0.08178705 0.46093750 0.40747070
v -0.07446282 0.45410156 0.41772461
v -0.08764642 0.46875000 0.39819336
v -0.08618158 0.47363281 0.41088867
v -0.08325189 0.47802734 0.42114258
v -0.07299798 0.44873047 0.40844727
v -0.08081049 0.45556641 0.39721680
v -0.08764642 0.46386719 0.38598633
v -0.06616204 0.44970706 0.42700195
v -0.06323235 0.44091797 0.41528320
v -0.05493157 0.44531253 0.43725586
v -0.05346673 0.43847659 0.42944336
v -0.07446282 0.48046875 0.43530273
v -0.07836908 0.44970703 0.38696289
v -0.07006830 0.44287109 0.39965820
v -0.06518549 0.43701172 0.39135742
v -0.05688470 0.43261719 0.40698242
v -0.05053704 0.42968750 0.41284180
v -0.05249017 0.43554688 0.42456055
v -0.07397455 0.44384766 0.37768555
v -0.04809564 0.42480469 0.39965820
v -0.05883783 0.43164062 0.38354492
v -0.06665033 0.43847656 0.36987305
v -0.09057611 0.48291016 0.40454102
v -0.09252924 0.47900391 0.39038086
v -0.09252924 0.47509766 0.37622070
v -0.08520502 0.45849609 0.37426758
v -0.08081049 0.45263672 0.36401367
v -0.09057611 0.47021484 0.36303711
v -0.07348627 0.44775391 0.35522461
v -0.03979485 0.46240237 0.46264648
v -0.03393548 0.46093753 0.46850586
v -0.03295891 0.46679690 0.47143555
v -0.03784173 0.46923831 0.46606445
v -0.02954094 0.45996097 0.47338867
v -0.02905266 0.46582034 0.47534180
v -0.03344719 0.47460938 0.47045898
v -0.02954094 0.47070312 0.47534180
v -0.02563470 0.42480472 0.43920898
v -0.02270501 0.43066409 0.45239258
v -0.04028313 0.43750003 0.44409180
v -0.03979485 0.43115237 0.43481445
v -0.03979485 0.44287112 0.45092773
v -0.04028313 0.45556644 0.45971680
v -0.04516594 0.47314453 0.45922852
v -0.05395501 0.47802734 0.45336914
v -0.03930657 0.44873050 0.45581055
v -0.03344719 0.45458987 0.46606445
v -0.03100579 0.44921878 0.46362305
v -0.03198235 0.43896487 0.45385742
v -0.01879876 0.43750003 0.46362305
v -0.02514641 0.44238284 0.46264648
v -0.02856438 0.45458987 0.47094727
v -0.02661126 0.44970706 0.46850586
v -0.03833001 0.47998047 0.46411133
v -0.01586907 0.44482425 0.47143555
v -0.01684563 0.44140628 0.46948242
v -0.00805657 0.43847659 0.47436523
v -0.01147454 0.44433597 0.47485352
v -0.00122063 0.43750003 0.47778320
v -0.00366204 0.44482425 0.48022461
v -0.00756829 0.44433597 0.47778320
v -0.01000969 0.43261722 0.46606445
v -0.00122063 0.43017581 0.46850586
v 0.00708015 0.42968753 0.46997070
v 0.00659187 0.43750003 0.47973633
v 0.00610359 0.44580081 0.48315430
v 0.00073250 0.44531253 0.48217773
v -0.02416985 0.45410159 0.47680664
v -0.01879876 0.45410159 0.48217773
v -0.01928704 0.46044925 0.48461914
v -0.02465813 0.45996097 0.47924805
v -0.01977532 0.46728519 0.48461914
v -0.02563469 0.46582034 0.47973633
v -0.01293938 0.45507815 0.48657227
v -0.01293938 0.46191409 0.48852539
v -0.01342766 0.46875003 0.48852539
v -0.02270501 0.47460938 0.48168945
v -0.01391594 0.47753906 0.48706055
v -0.01879876 0.45019534 0.47973633
v -0.02319329 0.44970706 0.47338867
v -0.01342766 0.45117190 0.48413086
v -0.02172844 0.44824222 0.47192383
v -0.01782219 0.44775394 0.47729492
v -0.01293938 0.44824222 0.48120117
v -0.02026360 0.44775394 0.47045898
v -0.01635735 0.44677737 0.47387695
v -0.01196282 0.44677737 0.47778320
v -0.02124016 0.44482425 0.46801758
v -0.02026360 0.44628909 0.46850586
v -0.01538079 0.44628909 0.47192383
v -0.01928704 0.44726565 0.46899414
v -0.01147454 0.44580081 0.47485352
v -0.02172844 0.44824222 0.46997070
v -0.02319329 0.44873050 0.47045898
v -0.02075188 0.44775394 0.46948242
v -0.02124016 0.44726565 0.46899414
v -0.02026360 0.44726565 0.46899414
v -0.02270501 0.44677737 0.46850586
v -0.01928704 0.44775394 0.46948242
v -0.01977532 0.44775394 0.46899414
v -0.01538079 0.44677737 0.47241211
v -0.01928704 0.44775394 0.46899414
v -0.01147454 0.44677737 0.47583008
v -0.01538079 0.44677737 0.47192383
v -0.00805657 0.44970706 0.48461914
v -0.00756829 0.45312503 0.48754883
v -0.00756829 0.44824222 0.48120117
v -0.00756829 0.45654300 0.48950195
v -0.00122063 0.45312503 0.48754883
v -0.00024407 0.45849612 0.49096680
v 0.00366218 0.45996097 0.49047852
v 0.00317390 0.45458987 0.48706055
v -0.00073235 0.45068362 0.48315430
v 0.00317390 0.45312503 0.48413086
v -0.00708000 0.46337894 0.49145508
v -0.00708000 0.47021484 0.49194336
v -0.00805657 0.47900391 0.49096680
v 0.00024421 0.46484378 0.49291992
v 0.00366218 0.46582034 0.49243164
v -0.00024407 0.47216797 0.49340820
v -0.00756829 0.44775394 0.47924805
v -0.01147454 0.44677737 0.47534180
v -0.00708001 0.44677737 0.47827148
v -0.00708001 0.44726565 0.47827148
v -0.00366204 0.44775394 0.47973633
v 0.00024421 0.44873050 0.48120117
v -0.00366204 0.44873050 0.48071289
v -0.00415032 0.44921878 0.48315430
v -0.00024407 0.45068362 0.48120117
v -0.00366204 0.44873050 0.47973633
v -0.00024407 0.45068362 0.48022461
v -0.00024407 0.45019534 0.48071289
v 0.00317390 0.45263675 0.48071289
v 0.00366218 0.45214847 0.48071289
v 0.00610359 0.45019534 0.48217773
v 0.00317390 0.45263675 0.48168945
v -0.01196282 0.42578128 0.45483398
v -0.01342766 0.42041019 0.44213867
v -0.03833001 0.42382812 0.42065430
v -0.02563470 0.41894531 0.42504883
v -0.01342767 0.41601565 0.42797852
v -0.00170891 0.42285159 0.45678711
v -0.00170891 0.41748050 0.44409180
v 0.00805671 0.42236331 0.45776367
v 0.00854499 0.41699222 0.44506836
v -0.00170892 0.41357425 0.42993164
v 0.00952155 0.41308597 0.43139648
v -0.02954095 0.37304688 0.38159180
v -0.04223626 0.37597656 0.37329102
v -0.05346674 0.38037109 0.36401367
v -0.01586908 0.37109378 0.38793945
v 0.00317389 0.36962894 0.39428711
v -0.01440423 0.38964847 0.38793945
v -0.02661126 0.39208984 0.38110352
v -0.03784173 0.39550781 0.37280273
v 0.00268561 0.38720706 0.39379883
v -0.01489251 0.40722659 0.39135742
v -0.02661126 0.41015625 0.38500977
v -0.03686517 0.41455078 0.37719727
v -0.03051751 0.41894531 0.39282227
v -0.01831048 0.41503906 0.39868164
v -0.00268548 0.41259766 0.40258789
v 0.00122077 0.40429690 0.39672852
v -0.03540033 0.41943359 0.40649414
v -0.04077142 0.42333984 0.38549805
v -0.02319329 0.41552734 0.41137695
v -0.05004877 0.42822266 0.37573242
v -0.05834955 0.43505859 0.36303711
v -0.04516596 0.41943359 0.36743164
v -0.05249017 0.42578125 0.35571289
v -0.04760736 0.39941406 0.36352539
v -0.00610345 0.41210938 0.41479492
v 0.01098640 0.41113281 0.41723633
v 0.01391608 0.41162109 0.40502930
v 0.01831061 0.40332034 0.39868164
v -0.06958001 0.48974609 0.43920898
v -0.06176751 0.48339844 0.44750977
v -0.07934564 0.48583984 0.42944336
v -0.07495110 0.49658203 0.43286133
v -0.06469720 0.49853516 0.44213867
v -0.07153314 0.50537109 0.43530273
v -0.05639642 0.49023438 0.44995117
v -0.06762689 0.51416016 0.43823242
v -0.05932610 0.50683594 0.44555664
v -0.05151360 0.49804688 0.45141602
v -0.08081049 0.51416016 0.42553711
v -0.07690424 0.52392578 0.42846680
v -0.06274407 0.52197266 0.44262695
v -0.07202142 0.53271484 0.43334961
v -0.05249017 0.51513672 0.45043945
v -0.06469720 0.54052734 0.43872070
v -0.05688470 0.52832031 0.44702148
v -0.08032221 0.54199219 0.42016602
v -0.07250971 0.55273438 0.42700195
v -0.06274408 0.56152344 0.43432617
v -0.05639642 0.54687500 0.44458008
v -0.04956048 0.53320312 0.45190430
v -0.09545892 0.50683594 0.39819336
v -0.09790033 0.50585938 0.38208008
v -0.09594721 0.49121094 0.38500977
v -0.09350580 0.49365234 0.40063477
v -0.09594721 0.48876953 0.36938477
v -0.09790033 0.50390625 0.36547852
v -0.09790033 0.52148438 0.38061523
v -0.09497064 0.52099609 0.39721680
v -0.08959955 0.49560547 0.41235352
v -0.09008783 0.50634766 0.41235352
v -0.08862299 0.51855469 0.41333008
v -0.08618158 0.53027344 0.41577148
v -0.09252924 0.53564453 0.39868164
v -0.09545892 0.54052734 0.37866211
v -0.09790034 0.52050781 0.36303711
v -0.09594721 0.53417969 0.36010742
v -0.08764642 0.48583984 0.41577148
v -0.08276360 0.49365234 0.42456055
v -0.08325189 0.50341797 0.42309570
v -0.08666986 0.55029297 0.40405273
v -0.09399409 0.48535156 0.35473633
v -0.08813471 0.55712891 0.39038086
v -0.08618159 0.56445312 0.37670898
v -0.09301753 0.55029297 0.36791992
v -0.07739252 0.56396484 0.41235352
v -0.06616205 0.57470703 0.42114258
v -0.04565423 0.55175781 0.45092773
v -0.05053705 0.56787109 0.44213867
v -0.05346674 0.58300781 0.42993164
v -0.06567377 0.58496094 0.40795898
v -0.07788080 0.57226562 0.39916992
v -0.05200189 0.59521484 0.41625977
v -0.07592768 0.57958984 0.38500977
v -0.06176752 0.59326172 0.39379883
v -0.04760737 0.60400391 0.40063477
v -0.08813471 0.55859375 0.35717773
v -0.08129878 0.57177734 0.36401367
v -0.07055659 0.58544922 0.37182617
v -0.05541987 0.59912109 0.37963867
v -0.02661126 0.48535156 0.47094727
v -0.02514641 0.48046875 0.47680664
v -0.04663079 0.48535156 0.45629883
v -0.04321282 0.49414062 0.45629883
v -0.04711907 0.50537109 0.45336914
v -0.03979485 0.50292969 0.45678711
v -0.03881829 0.49560547 0.45825195
v -0.03833001 0.48828125 0.46069336
v -0.02807610 0.49169922 0.46459961
v -0.04418939 0.49951172 0.45336914
v -0.04125970 0.49755859 0.45385742
v -0.04174798 0.50000000 0.45776367
v -0.04370110 0.50146484 0.45727539
v -0.04565423 0.50097656 0.45043945
v -0.04418939 0.49853516 0.45043945
v -0.04614251 0.50195312 0.45288086
v -0.04077142 0.49658203 0.45092773
v -0.04565423 0.50292969 0.45629883
v -0.03833001 0.49658203 0.45434570
v -0.03881829 0.49951172 0.45825195
v -0.03930657 0.50390625 0.46118164
v -0.04223626 0.50439453 0.46020508
v -0.04467767 0.50537109 0.45922852
v -0.03833001 0.49560547 0.45141602
v -0.03002923 0.49804688 0.46069336
v -0.03149407 0.50537109 0.45825195
v -0.03540032 0.49755859 0.45483398
v -0.03588860 0.50000000 0.45825195
v -0.03637689 0.50439453 0.46118164
v -0.03295892 0.49951172 0.45532227
v -0.03393548 0.50146484 0.45825195
v -0.03344720 0.50537109 0.46069336
v -0.03540032 0.49658203 0.45190430
v -0.03198235 0.49853516 0.45239258
v -0.03198235 0.50292969 0.45825195
v -0.03100579 0.50195312 0.45483398
v -0.03051751 0.50097656 0.45239258
v -0.04711907 0.50488281 0.45336914
v -0.04760735 0.50390625 0.44995117
v -0.04711907 0.50976562 0.45678711
v -0.04858392 0.50927734 0.45336914
v -0.04663079 0.50634766 0.45678711
v -0.04858392 0.50927734 0.44995117
v -0.04370110 0.52148438 0.45532227
v -0.03979485 0.51123047 0.45629883
v -0.04907220 0.51464844 0.45336914
v -0.04760735 0.51513672 0.45678711
v -0.04516595 0.50976562 0.45971680
v -0.04565423 0.51513672 0.45971680
v -0.04907220 0.51464844 0.44995117
v -0.04711907 0.52001953 0.45678711
v -0.04858392 0.52050781 0.45336914
v -0.04858392 0.52050781 0.44995117
v -0.04516595 0.52001953 0.45971680
v -0.04711907 0.52490234 0.45336914
v -0.04663079 0.52343750 0.45678711
v -0.04467767 0.52441406 0.45922852
v -0.04760735 0.52587891 0.44995117
v -0.04565423 0.52685547 0.45629883
v -0.04614251 0.52783203 0.45288086
v -0.04565423 0.52832031 0.45043945
v -0.04272454 0.50927734 0.46118164
v -0.03930657 0.50927734 0.46264648
v -0.03637689 0.50927734 0.46215820
v -0.03930657 0.51513672 0.46264648
v -0.04272454 0.51513672 0.46166992
v -0.03588860 0.51513672 0.46264648
v -0.03930657 0.52050781 0.46264648
v -0.04272454 0.52050781 0.46118164
v -0.03637689 0.52050781 0.46215820
v -0.03100579 0.51220703 0.45825195
v -0.03491204 0.52343750 0.45874023
v -0.03295892 0.50976562 0.46118164
v -0.03295892 0.51513672 0.46118164
v -0.03295892 0.52001953 0.46118164
v -0.03100579 0.50634766 0.45874023
v -0.03051751 0.50976562 0.45922852
v -0.03002923 0.51513672 0.45922852
v -0.03051751 0.52001953 0.45922852
v -0.02954095 0.50488281 0.45581055
v -0.02075188 0.50244141 0.46264648
v -0.02416985 0.50976562 0.46020508
v -0.03930657 0.52587891 0.46118164
v -0.04223626 0.52539062 0.46020508
v -0.03637689 0.52539062 0.46118164
v -0.04174798 0.52978516 0.45776367
v -0.03881829 0.53027344 0.45825195
v -0.03588860 0.52978516 0.45825195
v -0.04370110 0.52832031 0.45727539
v -0.04028314 0.53662109 0.45678711
v -0.04125970 0.53222656 0.45385742
v -0.04418939 0.53027344 0.45385742
v -0.04418939 0.53076172 0.45043945
v -0.04077142 0.53320312 0.45092773
v -0.03833001 0.53320312 0.45434570
v -0.03833001 0.53417969 0.45141602
v -0.03344720 0.52441406 0.46069336
v -0.03100579 0.52343750 0.45874023
v -0.03393548 0.52832031 0.45874023
v -0.03198235 0.52685547 0.45825195
v -0.02661126 0.52441406 0.46166992
v -0.02954095 0.53857422 0.46118164
v -0.03540032 0.53222656 0.45483398
v -0.03295892 0.53027344 0.45532227
v -0.03198235 0.53076172 0.45239258
v -0.03540032 0.53320312 0.45190430
v -0.03100579 0.52783203 0.45532227
v -0.02954095 0.52490234 0.45581055
v -0.03051751 0.52880859 0.45239258
v -0.01586907 0.48925781 0.47436523
v -0.01293938 0.48535156 0.48266602
v -0.01782220 0.49609375 0.46655273
v -0.01049797 0.48730469 0.48754883
v -0.01098626 0.49169922 0.48120117
v -0.01098626 0.49755859 0.47631836
v -0.00854485 0.48291016 0.48950195
v -0.00268547 0.47949219 0.49243164
v -0.00854485 0.48388672 0.48999023
v -0.00415032 0.48876953 0.49438477
v -0.00268547 0.48632812 0.49389648
v 0.00415046 0.47363281 0.49340820
v -0.00122063 0.47705078 0.49438477
v -0.00024407 0.47656250 0.49584961
v -0.00219719 0.47949219 0.49584961
v -0.00366204 0.47949219 0.49389648
v -0.00415032 0.47949219 0.49145508
v -0.00122063 0.47656250 0.49243164
v 0.00073250 0.47460938 0.49340820
v 0.00024421 0.47509766 0.49487305
v -0.00024407 0.47949219 0.49731445
v 0.00122078 0.47656250 0.49682617
v 0.00219734 0.47412109 0.49536133
v -0.00366204 0.47949219 0.48901367
v -0.00073235 0.47656250 0.49047852
v 0.00122078 0.47412109 0.49145508
v -0.00610344 0.48291016 0.49340820
v -0.00415032 0.48291016 0.49584961
v -0.00708001 0.48291016 0.48999023
v -0.00952141 0.48583984 0.48901367
v -0.00854485 0.48583984 0.49243164
v -0.00561516 0.48632812 0.49584961
v -0.00122063 0.48291016 0.49780273
v -0.00219719 0.48632812 0.49780273
v 0.00317390 0.47607422 0.49731445
v 0.00268562 0.47949219 0.49877930
v 0.00170906 0.48291016 0.49926758
v 0.00122078 0.48632812 0.49926758
v 0.00415046 0.47509766 0.49389648
v -0.00219719 0.47998047 0.49291992
v -0.00561516 0.48242188 0.49194336
v 0.00122078 0.48046875 0.49584961
v -0.00317376 0.47998047 0.48706055
v -0.00024407 0.47656250 0.48901367
v 0.00170906 0.47412109 0.48950195
v -0.00659172 0.48291016 0.48706055
v -0.00903313 0.48583984 0.48559570
v -0.00561516 0.48291016 0.48461914
v -0.00805657 0.48583984 0.48217773
v -0.00952141 0.48828125 0.49243164
v -0.01049797 0.48828125 0.48852539
v -0.00659172 0.48876953 0.49536133
v -0.01000969 0.48974609 0.48852539
v -0.00952141 0.48974609 0.49194336
v -0.00659172 0.49023438 0.49487305
v -0.01000969 0.48925781 0.48510742
v -0.01000969 0.48779297 0.48510742
v -0.00903313 0.49072266 0.49194336
v -0.00952141 0.49072266 0.48950195
v -0.00903313 0.49072266 0.48608398
v -0.00659172 0.49121094 0.49389648
v -0.00610344 0.49169922 0.49145508
v -0.00561516 0.49169922 0.48803711
v -0.00463860 0.49316406 0.48950195
v -0.00903313 0.48779297 0.48168945
v -0.00903313 0.48925781 0.48217773
v -0.00805657 0.49023438 0.48315430
v -0.00512688 0.49169922 0.48510742
v -0.00268547 0.48876953 0.49780273
v -0.00268547 0.49023438 0.49682617
v 0.00561531 0.48681641 0.49536133
v 0.00561531 0.48925781 0.49584961
v 0.00561531 0.49365234 0.49243164
v -0.00268547 0.49121094 0.49584961
v -0.00219719 0.49218750 0.49291992
v 0.00122078 0.48876953 0.49926758
v 0.00122078 0.49023438 0.49829102
v 0.00122078 0.49169922 0.49731445
v 0.00561531 0.48046875 0.49584961
v 0.00170906 0.49218750 0.49438477
v -0.00170891 0.49218750 0.48950195
v 0.00170906 0.49267578 0.49096680
v -0.00366204 0.49902344 0.48364258
v 0.00610359 0.50000000 0.48657227
v -0.00170891 0.49218750 0.48657227
v 0.00219734 0.49218750 0.48754883
v -0.00268548 0.50585938 0.47875977
v -0.01098626 0.50439453 0.47290039
v 0.00610359 0.50634766 0.48120117
v -0.00317376 0.51416016 0.47534180
v -0.01293938 0.51416016 0.46899414
v -0.01635735 0.50781250 0.46508789
v -0.00415032 0.52246094 0.47290039
v -0.00512688 0.53027344 0.47143555
v -0.01635735 0.52539062 0.46704102
v 0.00659187 0.51464844 0.47680664
v 0.00659187 0.52343750 0.47436523
v 0.00659187 0.53222656 0.47338867
v -0.01782220 0.54150391 0.46606445
v -0.00610345 0.54345703 0.46997070
v 0.00708015 0.54443359 0.47192383
v -0.02905267 0.50390625 0.45288086
v -0.02856439 0.50927734 0.45629883
v -0.02758782 0.50927734 0.45288086
v -0.02807610 0.51464844 0.45629883
v -0.02856439 0.52050781 0.45629883
v -0.02709954 0.51464844 0.45288086
v -0.02758782 0.52050781 0.45288086
v -0.02905267 0.52587891 0.45288086
v -0.03295892 0.55468750 0.45776367
v -0.03637689 0.57177734 0.44995117
v -0.02026360 0.55664062 0.46313477
v -0.02221673 0.57324219 0.45581055
v -0.03784173 0.58837891 0.43823242
v -0.02319330 0.59082031 0.44360352
v -0.03686517 0.60253906 0.42309570
v -0.02172846 0.60595703 0.42749023
v -0.00659173 0.55761719 0.46704102
v 0.00708015 0.55810547 0.46899414
v -0.00756829 0.57421875 0.45971680
v 0.00756842 0.57421875 0.46166992
v -0.00708002 0.59179688 0.44702148
v -0.00610346 0.60742188 0.43041992
v 0.00854499 0.59179688 0.44897461
v 0.01000983 0.60791016 0.43237305
v -0.04077143 0.60937500 0.38647461
v -0.06860346 0.39013672 0.33813477
v -0.06225580 0.38476562 0.35229492
v -0.07006831 0.39599609 0.32299805
v -0.06713862 0.40380859 0.30493164
v -0.05493158 0.40478516 0.35180664
v -0.05981440 0.41064453 0.33862305
v -0.06079096 0.41748047 0.32495117
v -0.05834956 0.42529297 0.30981445
v -0.06420892 0.44335938 0.34887695
v -0.08618159 0.46533203 0.35083008
v -0.07836909 0.46044922 0.33911133
v -0.09008784 0.48144531 0.34057617
v -0.08178706 0.47607422 0.32592773
v -0.06909174 0.45507812 0.33129883
v -0.05688471 0.43310547 0.34252930
v -0.05834956 0.44042969 0.32836914
v -0.07055659 0.47021484 0.31225586
v -0.05639643 0.44824219 0.31372070
v -0.07299799 0.38720703 0.27563477
v -0.05932612 0.41259766 0.28881836
v -0.05200190 0.43261719 0.29614258
v -0.05395503 0.40820312 0.26049805
v -0.06176753 0.39550781 0.24096680
v -0.06665035 0.38867188 0.22143555
v -0.04614253 0.42333984 0.27514648
v -0.05102534 0.45556641 0.30004883
v -0.05737300 0.47460938 0.29760742
v -0.04125972 0.44091797 0.28393555
v -0.04077144 0.46191406 0.28833008
v -0.04370112 0.47949219 0.28637695
v -0.02856441 0.43261719 0.26538086
v -0.02612300 0.44824219 0.27465820
v -0.02612300 0.46679688 0.27905273
v -0.02758785 0.48486328 0.27856445
v -0.03295894 0.42138672 0.25219727
v -0.03833004 0.41259766 0.23413084
v -0.00952144 0.43798828 0.25952148
v -0.01293941 0.42773438 0.24682616
v -0.01684566 0.41992188 0.22924803
v -0.00708003 0.45263672 0.26879883
v 0.01342778 0.45410156 0.26635742
v 0.01147465 0.43994141 0.25659180
v 0.00854496 0.42968750 0.24340819
v -0.00610347 0.47021484 0.27319336
v -0.00610347 0.48925781 0.27319336
v 0.01538090 0.47119141 0.27172852
v -0.09594721 0.50097656 0.35034180
v -0.09252924 0.49755859 0.33618164
v -0.09643549 0.51757812 0.34838867
v -0.09301753 0.51513672 0.33471680
v -0.09448237 0.52978516 0.34643555
v -0.09204096 0.52734375 0.33569336
v -0.09106440 0.54687500 0.34985352
v -0.09155268 0.54052734 0.34448242
v -0.09008784 0.53906250 0.33862305
v -0.08618159 0.49511719 0.32250977
v -0.08862299 0.51318359 0.32348633
v -0.07836909 0.49462891 0.31127930
v -0.08178706 0.51416016 0.31274414
v -0.08911128 0.52685547 0.32641602
v -0.08813471 0.53808594 0.33081055
v -0.08325191 0.52783203 0.31616211
v -0.06665035 0.50439453 0.29760742
v -0.07006831 0.51953125 0.30053711
v -0.07348628 0.53271484 0.30493164
v -0.08374018 0.54003906 0.32202148
v -0.07543941 0.54296875 0.30981445
v -0.09790034 0.57373047 0.34350586
v -0.09545893 0.57617188 0.34350586
v -0.09838862 0.59130859 0.34399414
v -0.10131831 0.58984375 0.34350586
v -0.09252924 0.57910156 0.34204102
v -0.09545893 0.59423828 0.34252930
v -0.10327143 0.60546875 0.34399414
v -0.10034174 0.60693359 0.34448242
v -0.09741206 0.60888672 0.34301758
v -0.09448237 0.55566406 0.33911133
v -0.09399409 0.55810547 0.34301758
v -0.09887690 0.57226562 0.34008789
v -0.09838862 0.57226562 0.33569336
v -0.09350581 0.55566406 0.33422852
v -0.08959956 0.54443359 0.34252930
v -0.08911128 0.54101562 0.33813477
v -0.08764643 0.54003906 0.33178711
v -0.09155268 0.56103516 0.34350586
v -0.08813471 0.54980469 0.34350586
v -0.10229487 0.58837891 0.34008789
v -0.10180660 0.58837891 0.33666992
v -0.08862299 0.56396484 0.34155273
v -0.09838863 0.59033203 0.33081055
v -0.09448238 0.57421875 0.32836914
v -0.08959956 0.55810547 0.32592773
v -0.08276363 0.56396484 0.31616211
v -0.08813472 0.57958984 0.32006836
v -0.09204097 0.59521484 0.32348633
v -0.10424800 0.60498047 0.34106445
v -0.10375972 0.60498047 0.33764648
v -0.10034175 0.60644531 0.33276367
v -0.08520503 0.58740234 0.33959961
v -0.08813472 0.60156250 0.34008789
v -0.09057613 0.61523438 0.34106445
v -0.09448238 0.61035156 0.32641602
v -0.07495112 0.57666016 0.35375977
v -0.08227534 0.56445312 0.34838867
v -0.08471674 0.55712891 0.34350586
v -0.08764643 0.55273438 0.34643555
v -0.08813471 0.54980469 0.34399414
v -0.08959956 0.54345703 0.34301758
v -0.08569331 0.55517578 0.34155273
v -0.08520503 0.55517578 0.34252930
v -0.06518549 0.58935547 0.36157227
v -0.06958003 0.57958984 0.34741211
v -0.07739253 0.56787109 0.34301758
v -0.08178706 0.56054688 0.34155273
v -0.05200190 0.60107422 0.37280273
v -0.05981440 0.59130859 0.35473633
v -0.04907221 0.60156250 0.36450195
v -0.07446284 0.56982422 0.34008789
v -0.06616206 0.58154297 0.34301758
v -0.05541987 0.59277344 0.34985352
v -0.08374018 0.54199219 0.32299805
v -0.08081049 0.56152344 0.34008789
v -0.08081049 0.56250000 0.33959961
v -0.08227534 0.57226562 0.33959961
v -0.07446284 0.57080078 0.33959961
v -0.07592768 0.58105469 0.33959961
v -0.07592769 0.54785156 0.31274414
v -0.06518550 0.55419922 0.30346680
v -0.07543941 0.54589844 0.31176758
v -0.06616206 0.55615234 0.30444336
v -0.07348628 0.57226562 0.30834961
v -0.07788081 0.59521484 0.34008789
v -0.08081050 0.60839844 0.34008789
v -0.07934566 0.58789062 0.31274414
v -0.08374019 0.60302734 0.31713867
v -0.06079097 0.58398438 0.30395508
v -0.06762691 0.59912109 0.30834961
v -0.07250972 0.61279297 0.31323242
v -0.06567378 0.58251953 0.34301758
v -0.06713862 0.59130859 0.34301758
v -0.06909174 0.60400391 0.34301758
v -0.05541987 0.59375000 0.34936523
v -0.05688472 0.60205078 0.34936523
v -0.06030269 0.61328125 0.34936523
v -0.06469722 0.49462891 0.29614258
v -0.04809566 0.49755859 0.28540039
v -0.05200191 0.51318359 0.28686523
v -0.05590816 0.52783203 0.29028320
v -0.06079097 0.54052734 0.29565430
v -0.06420894 0.55029297 0.30004883
v -0.04760738 0.56250000 0.29467773
v -0.05151363 0.56689453 0.29907227
v -0.05249019 0.56835938 0.30004883
v -0.04223628 0.55371094 0.28881836
v -0.04663081 0.60107422 0.35766602
v -0.04711909 0.60205078 0.35717773
v -0.04907222 0.61035156 0.35668945
v -0.03393550 0.52050781 0.27905273
v -0.03051753 0.50292969 0.27758789
v -0.03735347 0.53759766 0.28247070
v -0.00708003 0.50830078 0.27221680
v -0.00805660 0.52832031 0.27319336
v -0.00952144 0.54736328 0.27758789
v 0.01684575 0.49072266 0.27172852
v 0.01831059 0.51025391 0.27075195
v 0.01928715 0.53076172 0.27221680
v 0.01977543 0.55078125 0.27709961
v -0.03784175 0.58105469 0.30151367
v -0.03149410 0.57861328 0.29663086
v -0.01000972 0.57128906 0.28686523
v -0.03930660 0.58251953 0.30249023
v -0.04760738 0.59716797 0.30541992
v -0.05493160 0.61083984 0.30932617
v -0.03637691 0.60888672 0.31323242
v -0.02758785 0.59716797 0.31176758
v -0.02612300 0.59619141 0.31127930
v -0.01928706 0.59472656 0.30639648
v -0.00073238 0.59228516 0.30004883
v -0.01831050 0.60742188 0.32446289
v -0.01098628 0.60839844 0.32202148
v 0.00366215 0.60888672 0.32006836
v 0.01977543 0.57324219 0.28637695
v 0.01928715 0.59179688 0.29907227
v 0.01831059 0.60937500 0.31958008
v -0.03344721 0.61181641 0.40600586
v -0.01879877 0.61621094 0.40893555
v -0.03442377 0.61230469 0.38842773
v -0.04125971 0.60888672 0.38159180
v -0.02661127 0.61572266 0.38549805
v -0.04028315 0.61035156 0.38598633
v -0.04125971 0.60986328 0.38159180
v -0.03442378 0.61279297 0.38745117
v -0.04370112 0.61816406 0.37866211
v -0.04370112 0.61865234 0.38305664
v -0.03833003 0.62060547 0.38452148
v -0.04028315 0.60986328 0.37573242
v -0.04077143 0.60888672 0.37573242
v -0.04467768 0.60546875 0.36938477
v -0.04272456 0.61816406 0.37329102
v -0.04077143 0.60742188 0.36645508
v -0.04125971 0.60644531 0.36694336
v -0.04370112 0.61621094 0.36499023
v -0.04760737 0.62792969 0.37573242
v -0.04760737 0.62841797 0.37963867
v -0.04321284 0.63037109 0.38159180
v -0.04711909 0.62792969 0.37036133
v -0.02758784 0.61572266 0.38452148
v -0.03198237 0.62353516 0.38256836
v -0.03784174 0.63281250 0.38012695
v -0.03247065 0.63574219 0.37182617
v -0.02563471 0.62646484 0.37329102
v -0.02026362 0.61865234 0.37475586
v -0.04858393 0.63964844 0.37915039
v -0.05249018 0.63720703 0.37670898
v -0.05249018 0.63720703 0.37329102
v -0.05200190 0.63720703 0.36791992
v -0.05444331 0.64843750 0.37719727
v -0.05786128 0.64599609 0.37475586
v -0.05834956 0.64599609 0.37133789
v -0.05102534 0.65039062 0.37573242
v -0.04418940 0.64160156 0.37768555
v -0.06079096 0.65673828 0.37524414
v -0.05737300 0.65917969 0.37426758
v -0.06958003 0.66308594 0.37133789
v -0.06372065 0.65478516 0.37329102
v -0.06713862 0.66552734 0.37329102
v -0.06420893 0.66796875 0.37280273
v -0.03930659 0.64501953 0.37036133
v -0.04663081 0.65332031 0.36889648
v -0.05395503 0.66162109 0.36791992
v -0.00366205 0.61816406 0.41137695
v 0.00024419 0.62304688 0.38403320
v -0.01293940 0.62109375 0.38256836
v 0.01147467 0.61865234 0.41284180
v 0.01342779 0.62353516 0.38500977
v -0.01928706 0.61816406 0.37573242
v -0.01684565 0.61865234 0.35961914
v -0.01538081 0.61816406 0.35961914
v -0.00903315 0.62060547 0.36059570
v 0.00317388 0.62255859 0.36157227
v -0.10131831 0.62207031 0.34545898
v -0.10424800 0.62158203 0.34545898
v -0.10522456 0.62109375 0.34252930
v -0.09838863 0.62353516 0.34448242
v -0.10375972 0.63769531 0.34741211
v -0.10473628 0.63769531 0.34448242
v -0.10083003 0.63769531 0.34790039
v -0.09790035 0.63867188 0.34692383
v -0.09252925 0.64306641 0.34497070
v -0.09204097 0.62939453 0.34252930
v -0.10375972 0.65283203 0.34741211
v -0.10278316 0.65234375 0.35034180
v -0.10034175 0.65136719 0.35034180
v -0.10278316 0.65283203 0.34448242
v -0.10375972 0.63769531 0.34155273
v -0.10424800 0.62158203 0.33911133
v -0.09741206 0.65185547 0.34936523
v -0.09252925 0.65429688 0.34790039
v -0.09887691 0.66503906 0.35375977
v -0.10083003 0.66650391 0.35327148
v -0.10131831 0.66748047 0.35034180
v -0.10034175 0.66748047 0.34741211
v -0.10131831 0.63867188 0.33813477
v -0.10034175 0.65332031 0.34106445
v -0.09838863 0.66796875 0.34497070
v -0.09594722 0.66455078 0.35278320
v -0.09106441 0.66552734 0.35180664
v -0.10131831 0.62255859 0.33520508
v -0.09594722 0.62646484 0.32983398
v -0.09643550 0.64160156 0.33374023
v -0.08666988 0.61767578 0.32153320
v -0.08911128 0.63183594 0.32592773
v -0.09643550 0.65576172 0.33813477
v -0.09057613 0.64599609 0.33081055
v -0.09204097 0.65869141 0.33618164
v -0.09497066 0.66894531 0.34252930
v -0.09204097 0.67041016 0.34204102
v -0.06372065 0.62451172 0.34887695
v -0.07202144 0.61621094 0.34350586
v -0.06762691 0.63525391 0.34887695
v -0.07495113 0.62792969 0.34350586
v -0.05297847 0.62060547 0.35571289
v -0.05737300 0.63134766 0.35473633
v -0.06225581 0.64111328 0.35424805
v -0.08618160 0.64697266 0.34497070
v -0.08618160 0.65673828 0.34838867
v -0.08520503 0.63427734 0.34252930
v -0.07690425 0.63720703 0.34448242
v -0.07885738 0.64697266 0.34643555
v -0.08520503 0.66650391 0.35229492
v -0.07592769 0.65429688 0.35034180
v -0.08081050 0.66210938 0.35131836
v -0.07104488 0.64501953 0.34936523
v -0.06958003 0.66259766 0.36791992
v -0.06372065 0.65429688 0.36938477
v -0.06958003 0.66210938 0.36352539
v -0.06372065 0.65429688 0.36499023
v -0.05786128 0.64599609 0.36645508
v -0.07006831 0.66162109 0.36010742
v -0.06469721 0.65332031 0.36010742
v -0.05883784 0.64501953 0.36059570
v -0.07202144 0.65917969 0.35522461
v -0.06713863 0.65039062 0.35473633
v -0.08325191 0.62158203 0.34106445
v -0.07690425 0.66601562 0.35620117
v -0.07690425 0.62597656 0.31860352
v -0.08081050 0.63964844 0.32397461
v -0.06713863 0.63525391 0.31909180
v -0.06127925 0.62353516 0.31420898
v -0.07250972 0.64648438 0.32495117
v -0.08374019 0.65185547 0.32983398
v -0.08618160 0.66357422 0.33618164
v -0.07739253 0.65722656 0.33081055
v -0.08178706 0.66748047 0.33715820
v -0.06567378 0.65283203 0.32885742
v -0.07153316 0.66210938 0.33422852
v -0.07690425 0.67138672 0.34008789
v -0.05883785 0.64306641 0.32397461
v -0.06713863 0.66601562 0.33911133
v -0.05932613 0.65771484 0.33569336
v -0.05151363 0.64941406 0.33276367
v -0.05151363 0.63281250 0.31958008
v -0.09692378 0.68212891 0.35766602
v -0.09545894 0.67871094 0.35864258
v -0.09399410 0.68115234 0.36010742
v -0.09497066 0.68457031 0.35913086
v -0.09106441 0.67871094 0.36010742
v -0.09252925 0.68212891 0.36157227
v -0.09204097 0.67822266 0.35913086
v -0.09301753 0.68603516 0.36108392
v -0.09301753 0.67675781 0.35766602
v -0.09838863 0.67724609 0.35620117
v -0.09643550 0.67529297 0.35668945
v -0.09448238 0.67382812 0.35620117
v -0.09008785 0.67285156 0.35473633
v -0.09887691 0.67919922 0.35375977
v -0.09741206 0.67968750 0.35083008
v -0.09545894 0.67919922 0.34838867
v -0.09204097 0.67724609 0.34545898
v -0.09643550 0.68408203 0.35522461
v -0.09545894 0.68505859 0.35327148
v -0.09448238 0.68701172 0.35766596
v -0.09204097 0.68896484 0.35961908
v -0.09350581 0.68798828 0.35571283
v -0.09057613 0.68945312 0.35766596
v -0.09350581 0.68359375 0.35083008
v -0.09106441 0.68603516 0.35229486
v -0.08862300 0.68115234 0.34741211
v -0.09057613 0.68261719 0.36303711
v -0.08959956 0.67919922 0.36108398
v -0.08764644 0.67871094 0.36157227
v -0.08862300 0.68164062 0.36450195
v -0.08471675 0.67968750 0.36645508
v -0.08471675 0.67773438 0.36303711
v -0.08764644 0.67578125 0.35766602
v -0.08325191 0.67529297 0.35961914
v -0.09057613 0.68603516 0.36352533
v -0.08813472 0.68554688 0.36499023
v -0.08666988 0.68798828 0.36401361
v -0.08911128 0.68896484 0.36157221
v -0.08374019 0.68261719 0.36743164
v -0.08227535 0.68554688 0.36645508
v -0.07983394 0.68701172 0.36254877
v -0.08471675 0.68896484 0.36059564
v -0.08764644 0.68994141 0.35913080
v -0.08032221 0.67578125 0.36791992
v -0.07885737 0.67919922 0.36987305
v -0.08032222 0.67431641 0.36499023
v -0.07543940 0.66943359 0.36645508
v -0.07543940 0.67041016 0.36987305
v -0.07299799 0.67333984 0.37182617
v -0.07690424 0.68164062 0.36889648
v -0.07104487 0.67529297 0.37084961
v -0.07983394 0.67333984 0.36108398
v -0.07543941 0.66894531 0.36254883
v -0.07446285 0.68310547 0.36450195
v -0.08325191 0.68701172 0.35620111
v -0.07934566 0.68505859 0.35766602
v -0.07446285 0.68212891 0.35815430
v -0.08276363 0.67236328 0.35717773
v -0.08862300 0.68750000 0.35424799
v -0.08520503 0.68359375 0.35034180
v -0.08618160 0.68750000 0.35522455
v -0.08569331 0.67626953 0.34350586
v -0.08911128 0.67333984 0.34252930
v -0.08178706 0.67968750 0.34692383
v -0.07739253 0.68115234 0.35229492
v -0.08178706 0.68457031 0.35424805
v -0.07055660 0.67578125 0.35034180
v -0.07495113 0.67333984 0.34301758
v -0.07543941 0.66845703 0.36010742
v -0.06811519 0.67724609 0.36596680
v -0.06127925 0.66992188 0.36694336
v -0.06860347 0.67724609 0.35864258
v -0.06079097 0.66992188 0.35815430
v -0.06274410 0.66894531 0.34838867
v -0.05297847 0.66210938 0.35766602
v -0.05493160 0.66113281 0.34643555
v -0.04809565 0.62597656 0.36352539
v -0.05297847 0.63574219 0.36157227
v -0.04711909 0.65283203 0.34497070
v -0.04516597 0.65429688 0.35766602
v -0.03784175 0.64599609 0.35766602
v -0.03930659 0.64453125 0.34350586
v -0.04370113 0.64013672 0.32983398
v -0.03002925 0.63671875 0.35815430
v -0.02319331 0.62744141 0.35913086
v -0.03100581 0.63525391 0.34301758
v -0.04418941 0.62158203 0.31616211
v -0.03588863 0.62988281 0.32739258
v -0.02758784 0.61914062 0.32592773
v -0.01977534 0.60791016 0.32495117
v -0.02368159 0.62500000 0.34252930
v -0.01684565 0.61523438 0.34252930
v -0.01489253 0.61474609 0.34252930
v -0.00805659 0.61669922 0.34204102
v 0.00415044 0.61865234 0.34155273
v -0.06909176 0.38476562 0.19409180
v -0.04565426 0.40429688 0.18872069
v -0.04223629 0.40771484 0.21459959
v -0.07104488 0.38330078 0.16674805
v -0.04858395 0.40283203 0.16235350
v -0.07397458 0.38330078 0.13793945
v -0.05151364 0.40234375 0.13354491
v -0.07788083 0.38378906 0.10913085
v -0.05541990 0.40234375 0.10522460
v -0.02075191 0.41552734 0.21020506
v -0.02416989 0.41210938 0.18481444
v -0.02709958 0.41113281 0.15844725
v 0.00561528 0.42187500 0.22534178
v 0.00268559 0.41796875 0.20629881
v -0.00122067 0.41503906 0.18090819
v -0.03100583 0.41113281 0.13012694
v -0.03442380 0.41113281 0.10180663
v -0.00463864 0.41406250 0.15502928
v -0.00854489 0.41406250 0.12719725
v 0.02612309 0.41552734 0.20434569
v 0.02221683 0.41210938 0.17846678
v 0.01782230 0.41113281 0.15258788
v -0.01245115 0.41455078 0.09887694
v 0.01391604 0.41113281 0.12426756
v 0.01000979 0.41113281 0.09594725
v -0.08178709 0.38427734 0.08276366
v -0.08764646 0.38476562 0.05297851
v -0.05932615 0.40283203 0.07641601
v -0.06420897 0.40332031 0.04711913
v -0.09204100 0.38427734 0.02368164
v -0.09497069 0.38281250 -0.00317383
v -0.06811522 0.40234375 0.01977538
v -0.03881834 0.41162109 0.07202148
v -0.04272459 0.41162109 0.04370116
v -0.04663084 0.41064453 0.01684569
v -0.07104491 0.39941406 -0.00610352
v -0.04956054 0.40771484 -0.00903321
v -0.01635740 0.41455078 0.06860350
v -0.02026366 0.41455078 0.04028319
v 0.00610354 0.41162109 0.06616209
v 0.00268556 0.41162109 0.03784178
v -0.02368163 0.41357422 0.01391600
v -0.02709960 0.41064453 -0.01245119
v -0.00073241 0.41064453 0.01098631
v -0.00415038 0.40771484 -0.01489259
v 0.02416994 0.40332031 0.03588865
v 0.02124025 0.40234375 0.00854490
v 0.01733399 0.39941406 -0.01782228
v -0.12524411 0.01562500 -0.03930663
v -0.12719724 0.01562500 -0.04809569
v -0.12573239 0.01025391 -0.04858397
v -0.12377927 0.01025391 -0.04028319
v -0.12524411 0.02148438 -0.04077147
v -0.12719724 0.02148438 -0.04858397
v -0.11938474 0.00976562 -0.03637694
v -0.12084959 0.01562500 -0.03442381
v -0.12133787 0.02148438 -0.03540038
v -0.12573241 0.02734375 -0.05004881
v -0.12426756 0.02734375 -0.04370116
v -0.12133787 0.02783203 -0.03930663
v -0.12817381 0.01562500 -0.05737303
v -0.12670897 0.01025391 -0.05737303
v -0.12133787 0.00634766 -0.04272459
v -0.12377927 0.00634766 -0.04956053
v -0.12377927 0.00634766 -0.05688475
v -0.12768553 0.02197266 -0.05737303
v -0.12719725 0.01611328 -0.06713866
v -0.12573241 0.01025391 -0.06616209
v -0.12280271 0.00634766 -0.06469725
v -0.12719725 0.02246094 -0.06665038
v -0.12670897 0.02783203 -0.05688475
v -0.12036131 0.03417969 -0.04760741
v -0.12377927 0.03222656 -0.05200194
v -0.12622069 0.02832031 -0.06420897
v -0.12329099 0.03320312 -0.05932616
v -0.12573241 0.01660156 -0.07495116
v -0.12426756 0.01025391 -0.07397459
v -0.12133787 0.00634766 -0.07250975
v -0.12573241 0.02294922 -0.07446288
v -0.12182615 0.01074219 -0.07983397
v -0.12280272 0.01660156 -0.08129881
v -0.12280272 0.02343750 -0.08227538
v -0.12475584 0.02880859 -0.07153319
v -0.12182615 0.03466797 -0.06665038
v -0.12280272 0.02978516 -0.07690428
v -0.10961912 0.01660156 -0.02661131
v -0.10913084 0.01025391 -0.02807616
v -0.10375974 0.01025391 -0.02661132
v -0.10375974 0.01660156 -0.02563475
v -0.10375974 0.02539062 -0.02758788
v -0.10961912 0.02490234 -0.02856444
v -0.11401365 0.01025391 -0.03442381
v -0.11499021 0.01611328 -0.03344725
v -0.11499021 0.02294922 -0.03442381
v -0.11450193 0.02880859 -0.03784178
v -0.10961912 0.03222656 -0.03344725
v -0.10327146 0.03320312 -0.03198241
v -0.10815427 0.00634766 -0.03100584
v -0.10278318 0.00634766 -0.02954100
v -0.11254881 0.00634766 -0.03686522
v -0.11108396 0.00341797 -0.04125975
v -0.10717771 0.00341797 -0.03491209
v -0.10229490 0.00341797 -0.03344725
v -0.09887693 0.01025391 -0.02856444
v -0.09887693 0.00634766 -0.03149413
v -0.09887693 0.00341797 -0.03442382
v -0.09838865 0.01660156 -0.02758788
v -0.09838865 0.02490234 -0.02954100
v -0.09741209 0.01025391 -0.02856444
v -0.09741209 0.00634766 -0.03149413
v -0.09399412 0.00634766 -0.03002928
v -0.09301756 0.01025391 -0.02709960
v -0.09741209 0.00341797 -0.03442382
v -0.09448240 0.00341797 -0.03344725
v -0.08813474 0.01025391 -0.02905272
v -0.08959959 0.00634766 -0.03149413
v -0.09057615 0.00341797 -0.03491210
v -0.09838865 0.01025391 -0.03002928
v -0.09790037 0.01660156 -0.02905272
v -0.09838865 0.00634766 -0.03295897
v -0.09692381 0.01708984 -0.02758788
v -0.09741209 0.02490234 -0.03100585
v -0.09643552 0.02539062 -0.02954100
v -0.09252927 0.01708984 -0.02661132
v -0.09790037 0.03222656 -0.03393554
v -0.09204099 0.02539062 -0.02905273
v -0.09692381 0.03173828 -0.03491210
v -0.09643552 0.03271484 -0.03393554
v -0.09155271 0.03320312 -0.03295897
v -0.11743162 0.00341797 -0.05151366
v -0.10913084 0.00048828 -0.05053709
v -0.10961912 0.00097656 -0.04760741
v -0.11743162 0.00341797 -0.04809569
v -0.09887693 0.00341797 -0.04956054
v -0.09887693 0.00341797 -0.04370116
v -0.11743162 0.00341797 -0.05590819
v -0.10717771 0.00146484 -0.05493163
v -0.09838865 0.00341797 -0.05395507
v -0.11499021 0.01025391 -0.03588866
v -0.11596677 0.01562500 -0.03393553
v -0.11596677 0.02197266 -0.03491209
v -0.11791990 0.00634766 -0.03930663
v -0.11401365 0.00634766 -0.03881834
v -0.11547849 0.00341797 -0.04321288
v -0.11840818 0.00341797 -0.04565428
v -0.12036131 0.00341797 -0.05053709
v -0.11254881 0.00341797 -0.04223631
v -0.11401365 0.01025391 -0.03637694
v -0.11254881 0.00634766 -0.03881834
v -0.11108396 0.00341797 -0.04272459
v -0.11499021 0.01562500 -0.03491209
v -0.11499021 0.02197266 -0.03588866
v -0.11059568 0.00341797 -0.04370116
v -0.10522459 0.00341797 -0.03881834
v -0.11645506 0.02783203 -0.03833006
v -0.11547849 0.03271484 -0.04370116
v -0.11743162 0.03369141 -0.04467772
v -0.11499021 0.02783203 -0.03881834
v -0.11450193 0.03466797 -0.04321288
v -0.10961912 0.03710938 -0.04028319
v -0.10327146 0.03808594 -0.03833006
v -0.12036131 0.00341797 -0.05688475
v -0.11938474 0.00341797 -0.06323241
v -0.11499021 0.00341797 -0.06030272
v -0.10522459 0.00341797 -0.05981444
v -0.10961912 0.00341797 -0.06323241
v -0.11743162 0.00341797 -0.07104491
v -0.11450193 0.00341797 -0.06958006
v -0.11987302 0.03613281 -0.05493163
v -0.10180662 0.00341797 -0.03784178
v -0.09838865 0.00341797 -0.03735350
v -0.09838865 0.00341797 -0.03540038
v -0.09497068 0.00341797 -0.03833007
v -0.09204099 0.00341797 -0.03881835
v -0.08813474 0.00048828 -0.05151366
v -0.08715818 0.00048828 -0.04858397
v -0.09692381 0.03710938 -0.03833007
v -0.09936521 0.00341797 -0.05786132
v -0.10620115 0.00146484 -0.06811522
v -0.10327146 0.00146484 -0.06274413
v -0.09838865 0.00146484 -0.06323241
v -0.09008787 0.00146484 -0.05590819
v -0.09301756 0.00341797 -0.05981444
v -0.09350584 0.00146484 -0.06420897
v -0.08715818 0.01708984 -0.02905272
v -0.08520506 0.00634766 -0.03784179
v -0.08422849 0.01025391 -0.03588866
v -0.08276365 0.01708984 -0.03442382
v -0.08666990 0.02539062 -0.03100585
v -0.08227537 0.02490234 -0.03588866
v -0.08569334 0.03271484 -0.03491210
v -0.08227537 0.03076172 -0.03930663
v -0.07934568 0.00341797 -0.04614257
v -0.08666990 0.00341797 -0.04418944
v -0.07885740 0.00341797 -0.05102538
v -0.07934568 0.00341797 -0.05541991
v -0.08081052 0.00341797 -0.05981444
v -0.08666990 0.00341797 -0.04077147
v -0.08618162 0.00341797 -0.04223632
v -0.08520506 0.00634766 -0.03979491
v -0.08520506 0.00341797 -0.04272460
v -0.08325193 0.00634766 -0.03930663
v -0.08374021 0.01025391 -0.03735350
v -0.08227537 0.01757812 -0.03588866
v -0.08227537 0.01025391 -0.03637694
v -0.07983396 0.00634766 -0.03979491
v -0.07836912 0.01025391 -0.03686522
v -0.08129881 0.01757812 -0.03491210
v -0.07690427 0.01806641 -0.03540038
v -0.07641599 0.00634766 -0.04321288
v -0.07397459 0.01025391 -0.04125975
v -0.07250974 0.01757812 -0.04028319
v -0.08178709 0.00341797 -0.04370116
v -0.07397459 0.00634766 -0.04858397
v -0.07739256 0.00341797 -0.05004882
v -0.08227537 0.02490234 -0.03735350
v -0.08081052 0.02539062 -0.03686522
v -0.07641599 0.02587891 -0.03784179
v -0.08178709 0.03076172 -0.04077147
v -0.08081052 0.03125000 -0.04077147
v -0.07641599 0.03173828 -0.04223632
v -0.08520506 0.03759766 -0.04125975
v -0.08129881 0.03564453 -0.04418944
v -0.07690427 0.03564453 -0.04711913
v -0.08422849 0.00341797 -0.06323241
v -0.08764646 0.00341797 -0.06665038
v -0.07690427 0.00341797 -0.05541991
v -0.07690427 0.00341797 -0.06176757
v -0.07836912 0.00341797 -0.06909179
v -0.07202146 0.01025391 -0.04760741
v -0.07006834 0.01708984 -0.04760741
v -0.07250974 0.02539062 -0.04223632
v -0.07299802 0.03076172 -0.04663085
v -0.07006834 0.02392578 -0.04907226
v -0.07348631 0.03417969 -0.05102538
v -0.07055662 0.02929688 -0.05200195
v -0.07153318 0.03222656 -0.05444335
v -0.07348631 0.00634766 -0.05590819
v -0.07104490 0.00976562 -0.05590819
v -0.06909177 0.01660156 -0.05639648
v -0.07348631 0.00634766 -0.06323241
v -0.07495115 0.00634766 -0.07153320
v -0.07104490 0.00976562 -0.06420898
v -0.06958006 0.01611328 -0.06518554
v -0.06909177 0.02343750 -0.05737304
v -0.06909177 0.02294922 -0.06567382
v -0.07006834 0.02832031 -0.05834960
v -0.07153318 0.03271484 -0.05834960
v -0.07397459 0.03564453 -0.05590819
v -0.07006834 0.02783203 -0.06567382
v -0.07153318 0.03222656 -0.06518554
v -0.11547849 0.03759766 -0.05053709
v -0.10961912 0.04003906 -0.04760741
v -0.10278318 0.04101562 -0.04565428
v -0.11645506 0.03906250 -0.06176756
v -0.10961912 0.04101562 -0.05297850
v -0.11547849 0.03857422 -0.05590819
v -0.10229490 0.04199219 -0.05102538
v -0.10913084 0.04150391 -0.05737303
v -0.10180662 0.04248047 -0.05541991
v -0.10864256 0.04248047 -0.05981444
v -0.11547849 0.04003906 -0.06420897
v -0.12084959 0.03515625 -0.07055663
v -0.09594724 0.04101562 -0.04565429
v -0.09545896 0.04150391 -0.05053710
v -0.09057615 0.03808594 -0.03881835
v -0.09008787 0.04101562 -0.04614257
v -0.08959959 0.04150391 -0.05151366
v -0.09497068 0.04248047 -0.05493163
v -0.10131834 0.04345703 -0.05786131
v -0.10083006 0.04687500 -0.05981444
v -0.10766599 0.04638672 -0.06176756
v -0.11450193 0.04492188 -0.06616209
v -0.09985349 0.05957031 -0.06225585
v -0.10668943 0.05957031 -0.06518553
v -0.11352538 0.05908203 -0.07006834
v -0.09448240 0.04345703 -0.05737304
v -0.08862302 0.04199219 -0.05590819
v -0.09399412 0.04687500 -0.05932616
v -0.09301756 0.05957031 -0.06176757
v -0.08813474 0.04345703 -0.05834960
v -0.08764646 0.04638672 -0.06030272
v -0.08666990 0.05957031 -0.06323241
v -0.10571288 0.07128906 -0.06665038
v -0.09887694 0.07128906 -0.06372069
v -0.09204099 0.07128906 -0.06274413
v -0.08422849 0.04003906 -0.04809569
v -0.08374021 0.04101562 -0.05346679
v -0.08081052 0.03906250 -0.05004882
v -0.07739256 0.03759766 -0.05249022
v -0.08227537 0.04101562 -0.05834960
v -0.08129881 0.04199219 -0.06127929
v -0.08129881 0.04541016 -0.06420898
v -0.08032225 0.05859375 -0.06713866
v -0.07592771 0.03808594 -0.06762695
v -0.07836912 0.03955078 -0.06176757
v -0.07543943 0.03759766 -0.06469726
v -0.07495115 0.03662109 -0.06079100
v -0.07592771 0.04296875 -0.07006835
v -0.08569334 0.07080078 -0.06420897
v -0.07202146 0.03222656 -0.07104491
v -0.09936521 0.00097656 -0.06860350
v -0.10668943 0.00195312 -0.07299803
v -0.09936521 0.00097656 -0.07348631
v -0.09204099 0.00146484 -0.06958006
v -0.09252927 0.00146484 -0.07397459
v -0.10473631 0.00195312 -0.08032225
v -0.09985349 0.00146484 -0.08081053
v -0.09497068 0.00146484 -0.08129881
v -0.11596677 0.00341797 -0.07641600
v -0.11889646 0.00683594 -0.07836913
v -0.11401365 0.00341797 -0.07543944
v -0.11499022 0.00683594 -0.08471678
v -0.11254881 0.00341797 -0.08178709
v -0.11059568 0.00341797 -0.07983397
v -0.12182616 0.02929688 -0.08422850
v -0.12231444 0.03222656 -0.07788084
v -0.11987303 0.04296875 -0.07299803
v -0.12133788 0.04101562 -0.08032225
v -0.12084959 0.03857422 -0.08813475
v -0.11645506 0.01123047 -0.08715819
v -0.11743163 0.01660156 -0.08959959
v -0.11743163 0.02294922 -0.09155272
v -0.10961913 0.01123047 -0.09204100
v -0.11010741 0.01708984 -0.09497069
v -0.11059569 0.02246094 -0.09741209
v -0.10864256 0.00732422 -0.08911131
v -0.10717772 0.00341797 -0.08569334
v -0.10034178 0.00781250 -0.09155272
v -0.10083006 0.01171875 -0.09497069
v -0.10083006 0.01708984 -0.09790038
v -0.11743163 0.02685547 -0.09301756
v -0.11743163 0.03662109 -0.09594725
v -0.11059569 0.02587891 -0.09936522
v -0.11059569 0.03515625 -0.10278319
v -0.10034178 0.00341797 -0.08813475
v -0.09350584 0.00341797 -0.08764647
v -0.08715818 0.00341797 -0.08520506
v -0.09008787 0.00341797 -0.08178709
v -0.08569334 0.00341797 -0.07836913
v -0.09204100 0.00732422 -0.09106444
v -0.09155272 0.01123047 -0.09399413
v -0.10083006 0.02246094 -0.10083006
v -0.10034178 0.02587891 -0.10229491
v -0.10034178 0.03417969 -0.10571288
v -0.09106444 0.01660156 -0.09741209
v -0.09057616 0.02246094 -0.10034178
v -0.09008788 0.02587891 -0.10180663
v -0.08959959 0.03417969 -0.10522459
v -0.08569334 0.00341797 -0.07153319
v -0.08032224 0.00341797 -0.07495116
v -0.07690427 0.00634766 -0.07739257
v -0.08325193 0.00341797 -0.08032226
v -0.08032224 0.00683594 -0.08276366
v -0.08520506 0.00683594 -0.08813476
v -0.08374022 0.01123047 -0.09057616
v -0.07836913 0.01074219 -0.08471679
v -0.07495115 0.01025391 -0.07934570
v -0.08276366 0.01660156 -0.09350585
v -0.07690428 0.01708984 -0.08666991
v -0.07348631 0.01708984 -0.08032226
v -0.07592772 0.02343750 -0.08862304
v -0.08178709 0.02294922 -0.09594726
v -0.07250974 0.01025391 -0.07299804
v -0.07104490 0.01611328 -0.07397460
v -0.07104490 0.02294922 -0.07446288
v -0.07299803 0.02343750 -0.08129882
v -0.07104490 0.02783203 -0.07348632
v -0.07299803 0.02929688 -0.08227538
v -0.07250975 0.03369141 -0.07543945
v -0.07592772 0.02783203 -0.09008788
v -0.07348631 0.04101562 -0.07739257
v -0.07348631 0.03906250 -0.08569335
v -0.07592772 0.03710938 -0.09301757
v -0.08178709 0.02636719 -0.09741210
v -0.08129881 0.03515625 -0.10083007
v -0.11889647 0.05810547 -0.07739256
v -0.12084959 0.05712891 -0.08520506
v -0.11254881 0.07128906 -0.07250975
v -0.11791991 0.07128906 -0.08032225
v -0.12036131 0.07080078 -0.08862303
v -0.11938475 0.05566406 -0.09350584
v -0.11596678 0.05468750 -0.10180663
v -0.11889647 0.07031250 -0.09741209
v -0.11547850 0.06933594 -0.10571288
v -0.11694334 0.08447266 -0.08227538
v -0.11206053 0.08447266 -0.07397459
v -0.10522459 0.08398438 -0.06762694
v -0.11645506 0.10156250 -0.08422851
v -0.11157225 0.10058594 -0.07495116
v -0.10473631 0.10009766 -0.06762695
v -0.11987303 0.08496094 -0.09155272
v -0.11889647 0.08496094 -0.10034178
v -0.11938475 0.10205078 -0.09350585
v -0.11840819 0.10205078 -0.10327148
v -0.09838866 0.08349609 -0.06420897
v -0.09106444 0.08349609 -0.06323241
v -0.09741209 0.09960938 -0.06323241
v -0.08911131 0.09912109 -0.06274413
v -0.10913084 0.05371094 -0.10815428
v -0.09985350 0.05322266 -0.11108397
v -0.10815428 0.06884766 -0.11206053
v -0.08959959 0.05273438 -0.11010741
v -0.09936522 0.06835938 -0.11450194
v -0.08911131 0.06835938 -0.11303709
v -0.11499022 0.08447266 -0.10913084
v -0.10766601 0.08447266 -0.11547850
v -0.11450195 0.10253906 -0.11254882
v -0.10717773 0.10205078 -0.11889648
v -0.09887695 0.08398438 -0.11791991
v -0.08813476 0.08349609 -0.11596678
v -0.09838866 0.10205078 -0.12182616
v -0.08715820 0.10156250 -0.11938476
v -0.07543944 0.05761719 -0.07397460
v -0.07934569 0.07031250 -0.06860351
v -0.07446288 0.06982422 -0.07592773
v -0.07299803 0.05615234 -0.08178710
v -0.07348631 0.05517578 -0.09057616
v -0.07250975 0.06933594 -0.08471679
v -0.07592772 0.05419922 -0.09838866
v -0.08129881 0.05322266 -0.10522460
v -0.07250975 0.06884766 -0.09350585
v -0.07543944 0.06835938 -0.10131835
v -0.08422850 0.08300781 -0.06518554
v -0.07788084 0.08300781 -0.07006835
v -0.07348631 0.08300781 -0.07788085
v -0.08178709 0.09912109 -0.06567383
v -0.07592772 0.09912109 -0.07153320
v -0.07153319 0.08300781 -0.08715820
v -0.07153319 0.09912109 -0.08032227
v -0.06958006 0.09960938 -0.08959961
v -0.07153319 0.08300781 -0.09594726
v -0.07446288 0.08300781 -0.10375976
v -0.07006834 0.10009766 -0.09936523
v -0.08081053 0.06835938 -0.10864257
v -0.07983397 0.08349609 -0.11108398
v -0.07788085 0.10107422 -0.11450195
v -0.07250975 0.10058594 -0.10717773
v -0.00024413 0.08300781 -0.09692383
v -0.00219725 0.08300781 -0.10620117
v -0.00073241 0.06884766 -0.10375977
v 0.00122072 0.06933594 -0.09497070
v -0.00122069 0.08300781 -0.11450195
v 0.00073243 0.06835938 -0.11206055
v 0.00073244 0.05517578 -0.10083008
v 0.00268556 0.05615234 -0.09252930
v 0.00170900 0.05419922 -0.10961914
v -0.00463866 0.10009766 -0.10913087
v -0.00268553 0.09960938 -0.09936524
v 0.00512697 0.06982422 -0.08715820
v 0.00366212 0.08300781 -0.08862305
v 0.00122072 0.09912109 -0.09057618
v -0.00366210 0.10058594 -0.11694337
v 0.00415040 0.06835938 -0.12036133
v 0.00268556 0.08349609 -0.12231445
v 0.00024415 0.10107422 -0.12524414
v -0.12573241 0.20849609 -0.03051757
v -0.12329100 0.18505859 -0.04028320
v -0.12573241 0.23291016 -0.04663086
v -0.12280272 0.21289062 -0.04956054
v -0.12231444 0.19042969 -0.05639648
v -0.12866209 0.25537109 -0.04663085
v -0.12768553 0.27832031 -0.04809570
v -0.12573241 0.30419922 -0.04956055
v -0.11743163 0.21582031 -0.06762695
v -0.11938476 0.23437500 -0.06762695
v -0.12182616 0.25488281 -0.06958007
v -0.12084960 0.27587891 -0.07153320
v -0.11840820 0.29980469 -0.07397461
v -0.12036132 0.32910156 -0.05053711
v -0.11303710 0.32373047 -0.07446289
v -0.11303709 0.15283203 -0.03149413
v -0.11206053 0.14062500 -0.04663085
v -0.10473631 0.13623047 -0.04077148
v -0.09643552 0.13281250 -0.03735351
v -0.08618162 0.13134766 -0.03784179
v -0.09643553 0.11083984 -0.05932616
v -0.09594725 0.12011719 -0.05151366
v -0.10522459 0.12304688 -0.05639647
v -0.10473631 0.11279297 -0.06372070
v -0.11254881 0.12744141 -0.06420898
v -0.11206053 0.11572266 -0.07153320
v -0.08715819 0.11035156 -0.05883788
v -0.08618163 0.12011719 -0.05200195
v -0.11840819 0.15820312 -0.04077148
v -0.11694334 0.14599609 -0.05737304
v -0.11694334 0.13232422 -0.07397460
v -0.12133788 0.16406250 -0.05297851
v -0.11987303 0.15185547 -0.06860351
v -0.11889647 0.13818359 -0.08618163
v -0.07836912 0.13330078 -0.04174804
v -0.07153319 0.13574219 -0.04711914
v -0.06518553 0.14013672 -0.05590820
v -0.06469725 0.15087891 -0.03930664
v -0.07836913 0.12109375 -0.05541991
v -0.07983397 0.11083984 -0.06274414
v -0.07153319 0.12353516 -0.06225585
v -0.07299803 0.11181641 -0.06958008
v -0.06616209 0.12744141 -0.07104492
v -0.06811522 0.11376953 -0.07885742
v -0.06127928 0.15673828 -0.05200195
v -0.05786131 0.17578125 -0.03686523
v -0.06225584 0.14501953 -0.06616211
v -0.06372069 0.13134766 -0.08129883
v -0.12084959 0.16992188 -0.06713866
v -0.11938475 0.15673828 -0.07885741
v -0.11596678 0.17431641 -0.08032226
v -0.11743163 0.19433594 -0.07250976
v -0.11694334 0.11914062 -0.08178710
v -0.11889647 0.12207031 -0.09252929
v -0.11791991 0.12500000 -0.10278320
v -0.11694335 0.14257812 -0.09741210
v -0.11303710 0.14550781 -0.10473632
v -0.11499023 0.16162109 -0.08959960
v -0.11352538 0.12695312 -0.11157226
v -0.10668945 0.12792969 -0.11840820
v -0.09985351 0.12841797 -0.12231445
v -0.08374023 0.12695312 -0.12084961
v -0.09350585 0.12841797 -0.12329101
v -0.10717773 0.14697266 -0.11059570
v -0.10766601 0.16406250 -0.09692382
v -0.09936523 0.14794922 -0.11499023
v -0.09252929 0.14794922 -0.11547851
v -0.09887695 0.16503906 -0.10131835
v -0.09057616 0.16406250 -0.10180663
v -0.06616209 0.11621094 -0.08911133
v -0.06616209 0.11914062 -0.09936523
v -0.06420897 0.13574219 -0.09106445
v -0.06274413 0.15039062 -0.07641602
v -0.06713866 0.13964844 -0.09936523
v -0.06616209 0.15478516 -0.08520508
v -0.06518553 0.16699219 -0.07592773
v -0.06176756 0.16259766 -0.06567383
v -0.06909179 0.12158203 -0.10766602
v -0.07348632 0.14355469 -0.10717773
v -0.07299804 0.15917969 -0.09301758
v -0.07104491 0.17041016 -0.08374023
v -0.07495116 0.12451172 -0.11547852
v -0.08276366 0.14648438 -0.11303711
v -0.08227538 0.16210938 -0.09887695
v -0.10864257 0.17626953 -0.08862304
v -0.11010741 0.19628906 -0.08325195
v -0.10083007 0.19726562 -0.08911132
v -0.09936523 0.17675781 -0.09399413
v -0.11010741 0.21728516 -0.08081054
v -0.11157226 0.23535156 -0.08276366
v -0.10180663 0.21826172 -0.08666991
v -0.10278320 0.23535155 -0.08862304
v -0.08764648 0.21728516 -0.08715820
v -0.08813476 0.19628906 -0.08959960
v -0.08911132 0.17626953 -0.09399413
v -0.08813476 0.23388670 -0.08862304
v -0.07983398 0.17382812 -0.09008789
v -0.07836913 0.19433594 -0.08520508
v -0.06958006 0.19140625 -0.07788086
v -0.06274413 0.18750000 -0.06665039
v -0.05883788 0.18261719 -0.05395508
v -0.06713866 0.21240234 -0.07299805
v -0.05932616 0.20849609 -0.05883789
v -0.05493163 0.20410156 -0.04321289
v -0.07690429 0.21533203 -0.08178711
v -0.07641601 0.23095703 -0.08276367
v -0.06616210 0.22753906 -0.07202148
v -0.05786132 0.22412109 -0.05541993
v -0.00268553 0.15673828 -0.06079102
v -0.00268553 0.17578125 -0.04516602
v -0.00561522 0.18261719 -0.06176759
v -0.00512694 0.16259766 -0.07397462
v -0.00610350 0.15039062 -0.08471680
v -0.00463866 0.14501953 -0.07446290
v 0.00415041 0.16845703 -0.03051759
v 0.00366213 0.15087891 -0.04907227
v 0.00024416 0.14013672 -0.06567384
v -0.05297850 0.22021484 -0.03686524
v -0.05200194 0.23095703 -0.03247071
v -0.00366209 0.19677734 -0.03100587
v -0.00708006 0.20410156 -0.05053712
v -0.00366209 0.21533203 -0.02221681
v -0.00708006 0.22021484 -0.04370118
v 0.00415041 0.18945312 -0.01293946
v 0.00415041 0.20996094 -0.00170899
v -0.00366209 0.22656250 -0.01538087
v -0.00708006 0.23095703 -0.03881837
v 0.00366213 0.22265625 0.00708007
v -0.00415038 0.16699219 -0.08471680
v -0.00463866 0.18750000 -0.07495118
v -0.00610350 0.20849609 -0.06665040
v -0.00659178 0.22412109 -0.06274415
v -0.00170897 0.11376953 -0.08862305
v -0.00219725 0.12744141 -0.08032227
v -0.00659178 0.13134766 -0.08959962
v -0.00610350 0.11621094 -0.09790040
v 0.00512697 0.12353516 -0.07299805
v 0.00512697 0.11181641 -0.08081055
v 0.00708009 0.09912109 -0.08325196
v -0.00805663 0.13574219 -0.09936524
v 0.00805666 0.13574219 -0.05834962
v -0.00805663 0.11914062 -0.10815430
v -0.00708007 0.13964844 -0.10815430
v -0.00512694 0.15478516 -0.09399415
v -0.00708007 0.12158203 -0.11645509
v -0.00317382 0.12451172 -0.12573242
v -0.00268554 0.14355469 -0.11743165
v -0.00024413 0.15917969 -0.10327149
v 0.00024415 0.17041016 -0.09399415
v 0.00805665 0.16259766 -0.11108399
v 0.00512696 0.14648438 -0.12475587
v 0.00463868 0.12695312 -0.13305664
v -0.00122069 0.21240234 -0.08227540
v -0.00024413 0.19140625 -0.08764649
v -0.00219726 0.22753906 -0.08129884
v 0.00610352 0.21533203 -0.09350587
v 0.00708009 0.19433594 -0.09692384
v 0.00708009 0.17382812 -0.10180665
v 0.00512696 0.23095703 -0.09399415
v -0.10961913 0.35302734 -0.05053711
v -0.10278320 0.34667969 -0.07299805
v -0.11254882 0.25292969 -0.08618163
v -0.10278320 0.25097656 -0.09252929
v -0.08764648 0.24755858 -0.09204101
v -0.11157226 0.27246094 -0.08911133
v -0.10131835 0.26855469 -0.09741211
v -0.08569335 0.26220703 -0.09741211
v -0.10913085 0.29443359 -0.09106445
v -0.09887695 0.28857422 -0.10083008
v -0.08227538 0.27832031 -0.10229493
v -0.07495116 0.24316406 -0.08471680
v -0.07153320 0.25488281 -0.08862305
v -0.06518554 0.23876953 -0.07153320
v -0.05737304 0.23437500 -0.05249024
v -0.06274413 0.24853516 -0.07104492
v -0.05590819 0.24316406 -0.05053711
v -0.06665038 0.26660156 -0.09252930
v -0.05834960 0.25537109 -0.07104492
v -0.05297850 0.24853516 -0.04907227
v -0.07983398 0.29589844 -0.10620118
v -0.05981445 0.28710938 -0.10327149
v -0.04711913 0.25781250 -0.07348633
v -0.05346679 0.27050781 -0.09106446
v -0.09448242 0.30761719 -0.10278320
v -0.10424804 0.31640625 -0.09155273
v -0.09545898 0.33740234 -0.09008789
v -0.08764648 0.32666016 -0.10180664
v -0.08081055 0.33984375 -0.09936524
v -0.08618164 0.35351562 -0.08911133
v -0.08569335 0.37255859 -0.07006836
v -0.07495117 0.31542969 -0.10571290
v -0.05688476 0.30615234 -0.10473634
v -0.07006836 0.32812500 -0.10375977
v -0.06567383 0.33593750 -0.10083009
v -0.07446289 0.34716797 -0.09643555
v -0.07788086 0.36035156 -0.08813477
v -0.05493164 0.31933594 -0.10375977
v -0.05249023 0.32763672 -0.10229493
v -0.04956054 0.33349609 -0.10034180
v -0.06079101 0.34033203 -0.09790040
v -0.06811523 0.35058594 -0.09448243
v -0.06469727 0.34277344 -0.11157227
v -0.05737305 0.33544922 -0.10864259
v -0.05688476 0.33740234 -0.10180665
v -0.06420898 0.34521484 -0.10327149
v -0.06616211 0.33789062 -0.12426759
v -0.05883789 0.33105469 -0.12084962
v -0.06762695 0.35595703 -0.10571290
v -0.06860352 0.35302734 -0.11596680
v -0.06958008 0.34814453 -0.12963867
v -0.07104493 0.34228516 -0.14331055
v -0.06713867 0.33251953 -0.13745117
v -0.05981445 0.32568359 -0.13354492
v -0.05102538 0.23876953 -0.02856446
v -0.04858397 0.24267578 -0.02709961
v -0.03881834 0.24169922 -0.02856446
v -0.04223632 0.24902344 -0.05151368
v -0.02905272 0.23974609 -0.03051759
v -0.03198241 0.24755859 -0.05395509
v -0.03442382 0.25683594 -0.07592773
v -0.01879881 0.24169922 -0.03149415
v -0.02124022 0.24902344 -0.05444337
v -0.02124023 0.25781250 -0.07739259
v -0.00903319 0.24267578 -0.03247071
v -0.00415037 0.23437500 -0.01000977
v -0.00708006 0.23876953 -0.03491212
v 0.00268557 0.23046875 0.01391601
v -0.01000975 0.24853516 -0.05541993
v -0.01000976 0.25537109 -0.07788087
v -0.00756835 0.24316406 -0.05737306
v -0.00659178 0.23437500 -0.05981446
v -0.00317382 0.23876953 -0.08032227
v -0.00561523 0.24853516 -0.07934571
v -0.03637695 0.27001953 -0.09252930
v -0.03735351 0.28710938 -0.10180665
v -0.01928710 0.27050781 -0.09594728
v -0.01586914 0.28710938 -0.10913087
v 0.00366212 0.24316406 -0.09545899
v -0.00073242 0.25488281 -0.09838868
v -0.00659179 0.26660156 -0.10083009
v 0.01440430 0.24804688 -0.10571290
v 0.01098633 0.26220703 -0.11010744
v 0.00659180 0.27832031 -0.11401369
v 0.00317383 0.29589844 -0.11694337
v -0.03735351 0.30224609 -0.10424805
v -0.03735351 0.31591797 -0.10375977
v -0.01879883 0.30615234 -0.10961916
v -0.02075195 0.31933594 -0.10815431
v -0.03735351 0.32421875 -0.10278321
v -0.03735351 0.33007812 -0.10131837
v -0.05834961 0.34033203 -0.09790040
v -0.04809570 0.33447266 -0.09936524
v -0.06518555 0.34960938 -0.09594727
v -0.05688476 0.33886719 -0.09936524
v -0.04711914 0.33398438 -0.10034180
v -0.04663086 0.33300781 -0.10180665
v -0.06420898 0.34765625 -0.09887696
v -0.04858398 0.32666016 -0.11938477
v -0.04711914 0.33105469 -0.10766602
v -0.03735351 0.33203125 -0.10083009
v -0.03735351 0.33203125 -0.10131837
v -0.03784179 0.33203125 -0.10229493
v -0.03833008 0.33007812 -0.10766602
v -0.04028320 0.32617188 -0.11938477
v -0.05053711 0.32177734 -0.13208009
v -0.04174805 0.32128906 -0.13208009
v -0.02270508 0.32763672 -0.10620119
v -0.02514648 0.33349609 -0.10375978
v -0.02709961 0.33447266 -0.10229494
v -0.02807617 0.33398438 -0.10278322
v -0.02905273 0.33349609 -0.10424805
v -0.03002930 0.33154297 -0.11010743
v -0.03198242 0.32714844 -0.12182618
v -0.03393555 0.32226562 -0.13452150
v -0.02124023 0.33593750 -0.11401369
v -0.02319336 0.33203125 -0.12622072
v -0.02514649 0.32666016 -0.13891603
v -0.00170898 0.31542969 -0.11547853
v -0.00610351 0.32812500 -0.11206056
v -0.01000976 0.33593750 -0.10815431
v -0.01440430 0.34082031 -0.10424806
v -0.01977539 0.33837891 -0.10717775
v -0.01831055 0.33984375 -0.10473634
v -0.01684570 0.34082031 -0.10375978
v -0.01489258 0.34375000 -0.11889650
v -0.01342773 0.34619141 -0.11059572
v -0.01196289 0.34814453 -0.10668947
v -0.01000976 0.35009766 -0.10327150
v -0.00659180 0.35107422 -0.10278322
v -0.01733399 0.33935547 -0.13159181
v -0.00073242 0.34716797 -0.10620119
v 0.00512695 0.33984375 -0.11059572
v 0.01831055 0.30761719 -0.11694337
v 0.01147461 0.32666016 -0.11450197
v -0.01098633 0.35742188 -0.11352541
v -0.01342774 0.35449219 -0.12377931
v -0.01586914 0.34960938 -0.13745119
v 0.00805665 0.10156250 -0.13256836
v -0.07250977 0.33642578 -0.15649414
v -0.06860352 0.32666016 -0.15014648
v -0.06127930 0.31982422 -0.14624023
v -0.07397462 0.32910156 -0.16870117
v -0.07006837 0.32031250 -0.16186523
v -0.06274415 0.31396484 -0.15747070
v -0.06762695 0.35888672 -0.13598633
v -0.06958009 0.35253906 -0.15014648
v -0.07104493 0.34619141 -0.16333008
v -0.06420899 0.30664062 -0.16870117
v -0.07104493 0.31298828 -0.17309570
v -0.07250977 0.30468750 -0.18481445
v -0.06518555 0.29882812 -0.17944336
v -0.05297852 0.31005859 -0.15551759
v -0.05444336 0.30322266 -0.16625978
v -0.05590821 0.29541016 -0.17749025
v -0.07495118 0.32177734 -0.18041992
v -0.07641602 0.31298828 -0.19213867
v -0.06616212 0.29003906 -0.19018555
v -0.07348634 0.29589844 -0.19555664
v -0.07739259 0.30371094 -0.20336914
v -0.05688477 0.28662109 -0.18774414
v -0.07348634 0.33056641 -0.18823242
v -0.07250977 0.33886719 -0.17602539
v -0.05200196 0.31640625 -0.14428712
v -0.07495118 0.32177734 -0.20043945
v -0.06762696 0.34472656 -0.18188477
v -0.06909180 0.33642578 -0.19458008
v -0.06616212 0.35253906 -0.16870117
v -0.06176759 0.34033203 -0.19946289
v -0.06030275 0.34912109 -0.18676758
v -0.05883790 0.35693359 -0.17309570
v -0.07495118 0.27539062 -0.21508789
v -0.06762696 0.27099609 -0.20922852
v -0.06713868 0.28076172 -0.20043945
v -0.07446290 0.28613281 -0.20581055
v -0.05834962 0.26806641 -0.20678711
v -0.05737305 0.27783203 -0.19750977
v -0.06762696 0.26025391 -0.21801758
v -0.07495118 0.26464844 -0.22387695
v -0.07495119 0.25292969 -0.23217773
v -0.06811524 0.24902344 -0.22680664
v -0.05834962 0.25781250 -0.21557617
v -0.05883790 0.24707031 -0.22387695
v -0.07885744 0.27050781 -0.23217773
v -0.07885744 0.28222656 -0.22338867
v -0.07836915 0.29296875 -0.21362305
v -0.07495119 0.22851562 -0.24975586
v -0.07495119 0.24072266 -0.24096680
v -0.07885744 0.24658203 -0.24926758
v -0.07934572 0.23437499 -0.25805664
v -0.07885744 0.25878906 -0.24047852
v -0.07836916 0.26513672 -0.24975586
v -0.07788087 0.25292969 -0.25805664
v -0.07836916 0.24023436 -0.26684570
v -0.06811525 0.23681641 -0.23559570
v -0.05932618 0.23486328 -0.23315430
v -0.06811525 0.22460938 -0.24487305
v -0.06860353 0.21289061 -0.25317383
v -0.07543947 0.21679686 -0.25805664
v -0.07983400 0.22265624 -0.26586914
v -0.05932618 0.22216797 -0.24243164
v -0.06030275 0.21044920 -0.25073242
v -0.07836916 0.27734375 -0.24096680
v -0.07788087 0.28906250 -0.23217773
v -0.07739259 0.30078125 -0.22241211
v -0.07397462 0.28222656 -0.24780273
v -0.07397462 0.26953125 -0.25659180
v -0.07397462 0.25732422 -0.26489258
v -0.07348634 0.29394531 -0.23901367
v -0.06616212 0.29736328 -0.24438477
v -0.06665041 0.28515625 -0.25317383
v -0.06713869 0.27246094 -0.26196289
v -0.07641603 0.31152344 -0.21166992
v -0.07055666 0.32714844 -0.20678711
v -0.07153322 0.31689453 -0.21850586
v -0.07250978 0.30566406 -0.22924805
v -0.06323244 0.33056641 -0.21166992
v -0.06469728 0.32031250 -0.22338867
v -0.06567384 0.30908203 -0.23461914
v -0.05297853 0.34228516 -0.20239259
v -0.05444337 0.33251953 -0.21508791
v -0.05541994 0.32177734 -0.22680666
v -0.05639650 0.31054688 -0.23754884
v -0.05737306 0.29833984 -0.24731445
v -0.05737306 0.28613281 -0.25659180
v -0.04467774 0.30957031 -0.15600587
v -0.04321289 0.31542969 -0.14428712
v -0.04614258 0.30273438 -0.16674806
v -0.03540039 0.31689453 -0.14672853
v -0.03686524 0.31054688 -0.15795900
v -0.03833008 0.30371094 -0.16870119
v -0.02709961 0.32128906 -0.15112306
v -0.02856446 0.31494141 -0.16235353
v -0.04711915 0.29443359 -0.17749025
v -0.04858399 0.28613281 -0.18823244
v -0.03930665 0.29589844 -0.17944337
v -0.04028321 0.28759766 -0.19018556
v -0.03002930 0.30810547 -0.17358400
v -0.03100587 0.30029297 -0.18432619
v -0.03198243 0.29199219 -0.19506837
v -0.01977539 0.33398438 -0.14428712
v -0.02172852 0.32812500 -0.15698244
v -0.01831055 0.34423828 -0.15112306
v -0.02368165 0.32177734 -0.16870119
v -0.02026368 0.33789062 -0.16381837
v -0.02026368 0.35986328 -0.14282228
v -0.02270508 0.35400391 -0.15698244
v -0.02465821 0.34765625 -0.17016603
v -0.02465821 0.31494141 -0.17993166
v -0.02612306 0.30664062 -0.19116212
v -0.02709962 0.29785156 -0.20190431
v -0.02221680 0.33105469 -0.17602541
v -0.02368165 0.32373047 -0.18774416
v -0.02661134 0.34033203 -0.18286134
v -0.02514649 0.31542969 -0.19946291
v -0.02807618 0.33251953 -0.19506837
v -0.03442384 0.33789062 -0.19946291
v -0.03295900 0.34619141 -0.18676759
v -0.03100587 0.35351562 -0.17358400
v -0.04956055 0.26806641 -0.20678712
v -0.04907227 0.27734375 -0.19799806
v -0.04174805 0.26904297 -0.20922853
v -0.04125977 0.27880859 -0.19995119
v -0.05004884 0.25781250 -0.21508791
v -0.05053712 0.24707031 -0.22338869
v -0.04223634 0.25878906 -0.21752931
v -0.04272462 0.24755859 -0.22583009
v -0.03393556 0.27294922 -0.21411134
v -0.03295899 0.28271484 -0.20532228
v -0.03442384 0.26220703 -0.22290041
v -0.03491212 0.25097656 -0.23120119
v -0.02954103 0.26708984 -0.23022462
v -0.02905275 0.27832031 -0.22143556
v -0.02807618 0.28857422 -0.21215822
v -0.05102540 0.23486328 -0.23266603
v -0.05200196 0.22216797 -0.24194337
v -0.04370118 0.23535156 -0.23510744
v -0.04418946 0.22314453 -0.24438478
v -0.05249025 0.21044920 -0.25073242
v -0.04516603 0.21093749 -0.25317383
v -0.03588868 0.23828125 -0.23999025
v -0.03149416 0.24316406 -0.24731447
v -0.03051759 0.25537109 -0.23852541
v -0.03686525 0.22607422 -0.24926759
v -0.03833009 0.21386717 -0.25756836
v -0.03247072 0.23046874 -0.25610352
v -0.03344728 0.21826170 -0.26440430
v -0.02954103 0.26171875 -0.24780275
v -0.03002931 0.24902342 -0.25659180
v -0.03100587 0.23632811 -0.26489258
v -0.03295900 0.27978516 -0.24780275
v -0.02856447 0.27343750 -0.23901369
v -0.03344728 0.26757812 -0.25610352
v -0.03881837 0.29589844 -0.24389650
v -0.03198244 0.29199219 -0.23852541
v -0.03930666 0.28369141 -0.25268555
v -0.02807618 0.28515625 -0.23022462
v -0.03979494 0.27148438 -0.26147461
v -0.02709962 0.29589844 -0.22094728
v -0.03393556 0.25488281 -0.26489258
v -0.05102540 0.35107422 -0.18969728
v -0.04467775 0.33154297 -0.21459962
v -0.04321290 0.34130859 -0.20190431
v -0.04125978 0.34960938 -0.18920900
v -0.04565431 0.32128906 -0.22631837
v -0.03588868 0.32861328 -0.21166994
v -0.02954103 0.32373047 -0.20727541
v -0.03735353 0.31884766 -0.22338869
v -0.03051759 0.31396484 -0.21850587
v -0.04760744 0.29833984 -0.24682619
v -0.04663087 0.31005859 -0.23706056
v -0.04809572 0.28613281 -0.25610352
v -0.03833009 0.30761719 -0.23413087
v -0.03149416 0.30322266 -0.22924806
v -0.02612306 0.30615234 -0.21069337
v -0.12670901 0.09277341 -0.47827148
v -0.12084965 0.08837888 -0.46948242
v -0.12670901 0.09277341 -0.46557617
v -0.13159183 0.09716795 -0.47387695
v -0.11450199 0.08544919 -0.45825195
v -0.12036137 0.08984372 -0.45483398
v -0.12963870 0.10009764 -0.46166992
v -0.13403323 0.10449217 -0.46997070
v -0.12426761 0.09716795 -0.45141602
v -0.11499027 0.08691403 -0.47290039
v -0.12133793 0.09130856 -0.48168945
v -0.13500981 0.10156249 -0.48022461
v -0.13061528 0.09716795 -0.48413086
v -0.12573247 0.09619139 -0.48754883
v -0.10034183 0.09472653 -0.40209961
v -0.10473636 0.09179685 -0.41479492
v -0.09790042 0.08691403 -0.41625977
v -0.09301761 0.08984372 -0.40307617
v -0.08862307 0.09472653 -0.38891602
v -0.09545901 0.09960936 -0.38793945
v -0.10131838 0.10693358 -0.38891602
v -0.10522464 0.10253905 -0.40209961
v -0.10913089 0.09960936 -0.41381836
v -0.10961917 0.08984372 -0.42797852
v -0.10278323 0.08496091 -0.43041992
v -0.10815433 0.08398435 -0.44458008
v -0.11450198 0.08886716 -0.44165039
v -0.11401370 0.09765624 -0.42651367
v -0.11889651 0.09667967 -0.43920898
v -0.09643558 0.08349606 -0.43237305
v -0.09155276 0.08544919 -0.41821289
v -0.08666995 0.08837888 -0.40502930
v -0.10180667 0.08251950 -0.44702148
v -0.08520511 0.08544919 -0.42114258
v -0.09008792 0.08349606 -0.43530273
v -0.09545901 0.08300778 -0.45043945
v -0.08129885 0.09326169 -0.38989258
v -0.09204104 0.10498045 -0.37573242
v -0.08471682 0.10058592 -0.37573242
v -0.07739260 0.09863280 -0.37670898
v -0.07983401 0.08837888 -0.40747070
v -0.07495119 0.09326169 -0.39282227
v -0.07055666 0.09912108 -0.37915039
v -0.07250980 0.09179685 -0.41088867
v -0.06762698 0.09667967 -0.39624023
v -0.06323244 0.10253905 -0.38305664
v -0.07788089 0.08837888 -0.42456055
v -0.08276370 0.08691403 -0.43872070
v -0.08862308 0.08642575 -0.45336914
v -0.07202151 0.09521483 -0.42749023
v -0.06713870 0.09814452 -0.41479492
v -0.06176760 0.10302733 -0.40014648
v -0.07739261 0.09374997 -0.44165039
v -0.10864262 0.08398435 -0.46166992
v -0.10229496 0.08447263 -0.46459961
v -0.09497074 0.08837888 -0.46801758
v -0.10913090 0.08789060 -0.47631836
v -0.10229496 0.09130856 -0.47924805
v -0.08276371 0.09374997 -0.45532227
v -0.08959965 0.09521483 -0.46948242
v -0.09643558 0.09814452 -0.48071289
v -0.11596683 0.09179685 -0.48510742
v -0.12084965 0.09619139 -0.49096680
v -0.10913090 0.09521483 -0.48803711
v -0.11499027 0.09960936 -0.49389648
v -0.10375980 0.10156249 -0.48901367
v -0.08715824 0.10449217 -0.46850586
v -0.08032230 0.10253905 -0.45581055
v -0.07495120 0.10253905 -0.44262695
v -0.06958011 0.10449217 -0.42944336
v -0.12866214 0.12011717 -0.46752930
v -0.13305667 0.11230467 -0.46801758
v -0.12915042 0.10888670 -0.45971680
v -0.12475590 0.11718749 -0.45971680
v -0.12426762 0.10644530 -0.44946289
v -0.12036137 0.11474608 -0.44995117
v -0.13696294 0.10791014 -0.47680664
v -0.13549809 0.11572264 -0.47485352
v -0.13159184 0.12207030 -0.47436523
v -0.12719731 0.12597655 -0.47534180
v -0.12426762 0.12402342 -0.46899414
v -0.12036137 0.12158202 -0.46069336
v -0.13745122 0.11181639 -0.48413086
v -0.13647465 0.10644530 -0.48657227
v -0.13305669 0.10351561 -0.48999023
v -0.13647465 0.11767577 -0.48217773
v -0.12915044 0.10253905 -0.49291992
v -0.13305669 0.12304686 -0.48168945
v -0.13647465 0.10937499 -0.49047852
v -0.13696294 0.11376952 -0.48950195
v -0.13549809 0.11865233 -0.48852539
v -0.13305669 0.12304686 -0.48706055
v -0.12963872 0.12597655 -0.48217773
v -0.13061528 0.12548827 -0.48608398
v -0.12622075 0.12792967 -0.48364258
v -0.12280277 0.12841795 -0.47729492
v -0.11889652 0.12695311 -0.47094727
v -0.12866215 0.12646483 -0.48852539
v -0.13403325 0.10888670 -0.49340820
v -0.13110356 0.10839842 -0.49633789
v -0.13452153 0.11425780 -0.49438477
v -0.13110356 0.11376952 -0.49731445
v -0.12524419 0.10253905 -0.49584961
v -0.12719731 0.10791014 -0.49829102
v -0.12329105 0.10839842 -0.49926758
v -0.12036137 0.10449217 -0.49780273
v -0.12719731 0.11328124 -0.49926758
v -0.12231449 0.11230467 -0.49975586
v -0.13354497 0.11914061 -0.49340820
v -0.13110356 0.12304686 -0.49145508
v -0.13012700 0.11865233 -0.49682617
v -0.12817387 0.12304686 -0.49438477
v -0.12524419 0.12646483 -0.49096680
v -0.12622075 0.11816405 -0.49877930
v -0.12084965 0.11718749 -0.49926758
v -0.12426762 0.12255858 -0.49633789
v -0.11938480 0.12207030 -0.49682617
v -0.12133793 0.12548827 -0.49340820
v -0.12133793 0.12841795 -0.48657227
v -0.11694340 0.12939452 -0.48022461
v -0.11743168 0.12695311 -0.48950195
v -0.08129884 0.17236327 -0.29760742
v -0.08276369 0.16210936 -0.30834961
v -0.07641603 0.15722655 -0.30444336
v -0.07495119 0.16699217 -0.29370117
v -0.06860353 0.15380858 -0.30249023
v -0.06665041 0.16406249 -0.29174805
v -0.08520510 0.15380858 -0.31958008
v -0.07934572 0.14794920 -0.31518555
v -0.07104494 0.14404295 -0.31323242
v -0.06323244 0.14306639 -0.31372070
v -0.06127931 0.15283202 -0.30249023
v -0.05932619 0.16357420 -0.29174805
v -0.07104494 0.18847655 -0.27221680
v -0.06958009 0.20117186 -0.26196289
v -0.07641603 0.20507811 -0.26684570
v -0.07788087 0.19287108 -0.27709961
v -0.07934572 0.18261717 -0.28735352
v -0.07299806 0.17773436 -0.28295898
v -0.06274416 0.18603514 -0.27026367
v -0.06127931 0.19873045 -0.26000977
v -0.05541994 0.18603514 -0.27026367
v -0.05395509 0.19873045 -0.26000977
v -0.08032228 0.21093749 -0.27416992
v -0.08178712 0.19970702 -0.28393555
v -0.08032228 0.20605467 -0.29223633
v -0.07983400 0.21728514 -0.28295898
v -0.07885744 0.22900389 -0.27465820
v -0.08325197 0.18896483 -0.29418945
v -0.08471681 0.17919920 -0.30444336
v -0.08618166 0.16943358 -0.31420898
v -0.08764651 0.16162108 -0.32543945
v -0.08178712 0.19628905 -0.30200195
v -0.08325198 0.18652342 -0.31176758
v -0.08422854 0.17675780 -0.32104492
v -0.07739260 0.20068358 -0.30786133
v -0.07836916 0.19140624 -0.31713867
v -0.07983401 0.18164061 -0.32641602
v -0.07592775 0.21093749 -0.29809570
v -0.07543947 0.22167967 -0.28930664
v -0.07495119 0.23291014 -0.28100586
v -0.06909182 0.21337889 -0.30297852
v -0.07006838 0.20361327 -0.31225586
v -0.07153323 0.19384764 -0.32153320
v -0.06323244 0.19482420 -0.32397461
v -0.06176760 0.20410155 -0.31469727
v -0.06079103 0.21435545 -0.30590820
v -0.06860353 0.22460936 -0.29418945
v -0.05981447 0.22558592 -0.29711914
v -0.09399416 0.13574217 -0.35717773
v -0.09643557 0.12792967 -0.36889648
v -0.09448244 0.11914061 -0.36450195
v -0.09155276 0.12695311 -0.35229492
v -0.08862307 0.11181639 -0.36254883
v -0.08569338 0.12011717 -0.34936523
v -0.09985354 0.12158202 -0.38110352
v -0.09790041 0.11279295 -0.37719727
v -0.09399416 0.13623045 -0.37377930
v -0.09106448 0.14355467 -0.36303711
v -0.08911135 0.13623045 -0.34057617
v -0.09106448 0.14453124 -0.34594727
v -0.08862307 0.15185545 -0.35180664
v -0.09692386 0.13037108 -0.38549805
v -0.08666994 0.14843749 -0.36694336
v -0.08959963 0.14111327 -0.37768555
v -0.09252933 0.13525389 -0.38891602
v -0.08081057 0.13818358 -0.32592773
v -0.08325198 0.12939452 -0.33715820
v -0.07543948 0.12499999 -0.33618164
v -0.07299806 0.13427733 -0.32446289
v -0.06811526 0.12353514 -0.33666992
v -0.06567384 0.13281249 -0.32495117
v -0.07836916 0.11572264 -0.34838867
v -0.07055666 0.11425780 -0.34936523
v -0.06323244 0.11474608 -0.35131836
v -0.06030275 0.12402342 -0.33862305
v -0.05834963 0.13378905 -0.32690430
v -0.08666994 0.14404295 -0.32983398
v -0.08911135 0.15185545 -0.33520508
v -0.08764651 0.15917967 -0.34106445
v -0.08569338 0.16894530 -0.33178711
v -0.05590822 0.14355467 -0.31567383
v -0.05444337 0.15332030 -0.30444336
v -0.08129885 0.10742186 -0.36206055
v -0.07397463 0.10595702 -0.36254883
v -0.06665041 0.10644530 -0.36499023
v -0.05297854 0.12792967 -0.34252930
v -0.05590823 0.11816405 -0.35522461
v -0.05932619 0.10937499 -0.36889648
v -0.08422854 0.15673827 -0.35620117
v -0.08325198 0.16455077 -0.34594727
v -0.08081057 0.15136717 -0.36987305
v -0.07836916 0.15966795 -0.35913086
v -0.07641604 0.16748045 -0.34985352
v -0.08325198 0.14453124 -0.38061523
v -0.07006838 0.16064452 -0.36157227
v -0.07250979 0.15234374 -0.37231445
v -0.07495120 0.14550780 -0.38305664
v -0.06176760 0.15869139 -0.36206055
v -0.06372073 0.15039061 -0.37280273
v -0.06665042 0.14306639 -0.38403320
v -0.05493166 0.15527342 -0.36108398
v -0.05737307 0.14648436 -0.37231445
v -0.06030276 0.13916014 -0.38403320
v -0.08081057 0.17333983 -0.33666992
v -0.07446291 0.17626952 -0.34008789
v -0.07299807 0.18505858 -0.33081055
v -0.06616213 0.17675780 -0.34252930
v -0.06469729 0.18554686 -0.33325195
v -0.06811526 0.16845702 -0.35229492
v -0.05786135 0.17529295 -0.34252930
v -0.05590823 0.18408202 -0.33325195
v -0.05444338 0.19335936 -0.32397461
v -0.05932619 0.16699217 -0.35229492
v -0.05297853 0.20312499 -0.31469727
v -0.05249025 0.16357420 -0.29370117
v -0.04711916 0.15624999 -0.30834961
v -0.04516603 0.16650389 -0.29760742
v -0.04809572 0.14648436 -0.32006836
v -0.03979494 0.17138670 -0.30346680
v -0.04174807 0.16064452 -0.31420898
v -0.04321291 0.15234374 -0.32592773
v -0.04858400 0.18603514 -0.27221680
v -0.04663087 0.19921874 -0.26196289
v -0.05737306 0.17431639 -0.28051758
v -0.05004884 0.17480467 -0.28295898
v -0.03930666 0.20166014 -0.26635742
v -0.04125978 0.18896483 -0.27709961
v -0.04321291 0.17724608 -0.28686523
v -0.03442384 0.20605467 -0.27319336
v -0.03295900 0.21191405 -0.28149414
v -0.03198244 0.22412108 -0.27319336
v -0.03588869 0.19335936 -0.28295898
v -0.03784181 0.18212889 -0.29321289
v -0.03442385 0.19970702 -0.29125977
v -0.03784182 0.17822264 -0.31079102
v -0.03637697 0.18847655 -0.30102539
v -0.03979494 0.16796874 -0.32104492
v -0.03784182 0.20654295 -0.29858398
v -0.03930666 0.19531249 -0.30786133
v -0.04077150 0.18505858 -0.31762695
v -0.04272463 0.17529295 -0.32739258
v -0.05151369 0.21337889 -0.30541992
v -0.05053713 0.22509764 -0.29663086
v -0.04370119 0.21093749 -0.30297852
v -0.04516603 0.20019530 -0.31225586
v -0.04272463 0.22265624 -0.29418945
v -0.03637697 0.21826170 -0.28930664
v -0.03540041 0.22998045 -0.28149414
v -0.04174807 0.23437499 -0.28637695
v -0.04663088 0.19042967 -0.32153320
v -0.05102541 0.13671874 -0.33081055
v -0.04614260 0.14208983 -0.33618164
v -0.04760744 0.13378905 -0.34790039
v -0.05053713 0.12451170 -0.36059570
v -0.04418948 0.14990233 -0.34204102
v -0.04223635 0.15966795 -0.33227539
v -0.04663088 0.14208983 -0.35375977
v -0.05004885 0.14990233 -0.35815430
v -0.04711916 0.15722655 -0.34741211
v -0.04565432 0.16699217 -0.33813477
v -0.05395510 0.11621092 -0.37377930
v -0.05786135 0.10888670 -0.38745117
v -0.04956057 0.13281249 -0.36596680
v -0.05249026 0.12451170 -0.37866211
v -0.05639651 0.11767577 -0.39135742
v -0.05249026 0.16308592 -0.35083008
v -0.05102541 0.17187499 -0.34106445
v -0.05249026 0.14111327 -0.36987305
v -0.05541995 0.13330077 -0.38208008
v -0.04809573 0.18066405 -0.33129883
v -0.07446291 0.24462889 -0.27319336
v -0.06762697 0.24755858 -0.27856445
v -0.06811525 0.23583983 -0.28637695
v -0.06713869 0.25976562 -0.27026367
v -0.05834963 0.26123047 -0.27319336
v -0.05883791 0.24853514 -0.28149414
v -0.05932619 0.23681639 -0.28930664
v -0.05786134 0.27392578 -0.26489258
v -0.03491212 0.24218749 -0.27319336
v -0.04858400 0.26074219 -0.27270508
v -0.04028322 0.25878906 -0.26977539
v -0.04125978 0.24609374 -0.27856445
v -0.04907228 0.24804686 -0.28149414
v -0.05004885 0.23632811 -0.28881836
v -0.04809572 0.27343750 -0.26440430
v -0.10278323 0.11621092 -0.39184570
v -0.10668948 0.11181639 -0.40405273
v -0.09985355 0.12499999 -0.39575195
v -0.11010745 0.10937499 -0.41479492
v -0.10375980 0.12060545 -0.40747070
v -0.10717776 0.11816405 -0.41723633
v -0.09545901 0.13037108 -0.39916992
v -0.09887698 0.12597655 -0.41040039
v -0.08618167 0.13818358 -0.39184570
v -0.08911136 0.13330077 -0.40209961
v -0.09301761 0.12890624 -0.41333008
v -0.11450198 0.10693358 -0.42700195
v -0.11108401 0.11572264 -0.42846680
v -0.11889651 0.10595702 -0.43872070
v -0.11547855 0.11474608 -0.43969727
v -0.10229495 0.12304686 -0.41967773
v -0.10620120 0.12109374 -0.43041992
v -0.11059573 0.11962889 -0.44116211
v -0.10034183 0.12402342 -0.43286133
v -0.09643558 0.12597655 -0.42211914
v -0.10522465 0.12255858 -0.44360352
v -0.09301761 0.12499999 -0.43579102
v -0.08862308 0.12695311 -0.42504883
v -0.08520511 0.12988280 -0.41625977
v -0.09741215 0.12402342 -0.44653320
v -0.07788089 0.13916014 -0.39428711
v -0.08129886 0.13427733 -0.40454102
v -0.07006839 0.13671874 -0.39575195
v -0.07299808 0.13183592 -0.40649414
v -0.07739261 0.12744139 -0.41821289
v -0.06372073 0.13281249 -0.39575195
v -0.06274417 0.12109374 -0.40649414
v -0.06713870 0.12744139 -0.40698242
v -0.05883792 0.12695311 -0.39477539
v -0.08081058 0.12451170 -0.42797852
v -0.08569339 0.12255858 -0.43872070
v -0.09057621 0.12158202 -0.44995117
v -0.07153323 0.12304686 -0.41918945
v -0.07543948 0.12011717 -0.42944336
v -0.08032230 0.11816405 -0.44067383
v -0.06518558 0.10742186 -0.41772461
v -0.06030276 0.11181639 -0.40405273
v -0.06713870 0.11669920 -0.41918945
v -0.07153323 0.11376952 -0.42993164
v -0.07690433 0.11230467 -0.44213867
v -0.11547855 0.11962889 -0.45092773
v -0.11010746 0.12304686 -0.45336914
v -0.11450199 0.12451170 -0.46264648
v -0.10278324 0.12451170 -0.45629883
v -0.10766605 0.12597655 -0.46606445
v -0.11254887 0.12792967 -0.47387695
v -0.09594730 0.12207030 -0.46020508
v -0.10131840 0.12402342 -0.46997070
v -0.10717777 0.12597655 -0.47827148
v -0.09741215 0.12011717 -0.47338867
v -0.09155277 0.11865233 -0.46313477
v -0.08569340 0.11767577 -0.45239258
v -0.11645512 0.10937499 -0.49829102
v -0.10961918 0.10546874 -0.49487305
v -0.11450199 0.11572264 -0.49731445
v -0.10717777 0.11279295 -0.49389648
v -0.10083012 0.10986327 -0.48803711
v -0.11401371 0.12109374 -0.49487305
v -0.11889652 0.12451170 -0.49438477
v -0.11499027 0.12499999 -0.49194336
v -0.10717777 0.11962889 -0.49047852
v -0.10913090 0.12451170 -0.48754883
v -0.11206058 0.12744139 -0.48413086
v -0.09399418 0.10693358 -0.47973633
v -0.10131840 0.11767577 -0.48510742
v -0.09497074 0.11523436 -0.47631836
v -0.08813480 0.11328124 -0.46606445
v -0.10327152 0.12255858 -0.48168945
v -0.08227543 0.11181639 -0.45434570
v -0.09545898 0.37939453 -0.02807618
v -0.09155273 0.37646484 -0.05004883
v -0.07250976 0.39501953 -0.03051759
v -0.07153320 0.39111328 -0.05151368
v -0.05151366 0.40283203 -0.03295900
v -0.05249023 0.39746094 -0.05395509
v -0.06909179 0.38623047 -0.06811524
v -0.05200195 0.39160156 -0.07006837
v -0.07592773 0.37402344 -0.07836915
v -0.06909180 0.37353516 -0.08471680
v -0.07104492 0.36181641 -0.08959962
v -0.06323242 0.38232422 -0.08227540
v -0.06567383 0.37158203 -0.09204102
v -0.06811523 0.36083984 -0.09350587
v -0.05981445 0.37939453 -0.09155274
v -0.06713867 0.35839844 -0.09936524
v -0.06469727 0.36962891 -0.10034180
v -0.05883789 0.37695312 -0.10131837
v -0.05053711 0.38769531 -0.08227540
v -0.04956055 0.38427734 -0.09252930
v -0.06518555 0.36718750 -0.10864259
v -0.06616211 0.36376953 -0.12133790
v -0.05932617 0.37451172 -0.11157227
v -0.06079102 0.37109375 -0.12475587
v -0.06225586 0.36572266 -0.14038086
v -0.03247070 0.39941406 -0.05639650
v -0.02954101 0.40576172 -0.03540041
v -0.03442382 0.39306641 -0.07202149
v -0.00805663 0.40283203 -0.03833010
v -0.01245117 0.39746094 -0.05932619
v -0.01635742 0.39160156 -0.07446291
v 0.01293946 0.39501953 -0.04125978
v 0.00659180 0.39111328 -0.06176760
v 0.00024414 0.38623047 -0.07739259
v -0.03588867 0.38867188 -0.08374024
v -0.04956055 0.38183594 -0.10327149
v -0.03735352 0.38574219 -0.09399415
v -0.03881836 0.38330078 -0.10473634
v -0.02124023 0.38769531 -0.08618166
v -0.02514648 0.38427734 -0.09594728
v -0.05053711 0.37939453 -0.11352540
v -0.05249024 0.37597656 -0.12817384
v -0.05493164 0.37060547 -0.14379884
v -0.04077148 0.38134766 -0.11547852
v -0.04272461 0.37792969 -0.13012697
v -0.02856445 0.38183594 -0.10620118
v -0.03051758 0.37988281 -0.11645509
v -0.03295899 0.37646484 -0.13061525
v -0.00708008 0.36132812 -0.10229494
v -0.00903320 0.37207031 -0.09985353
v -0.00366211 0.37402344 -0.09350587
v -0.00268555 0.36230469 -0.09887697
v -0.01489258 0.37988281 -0.09790041
v -0.00903320 0.38232422 -0.08959962
v 0.00463867 0.37402344 -0.08862306
v 0.00463867 0.36035156 -0.09887697
v -0.01245117 0.37011719 -0.10766603
v -0.01489258 0.36816406 -0.11596681
v -0.02124024 0.37548828 -0.11694337
v -0.01879883 0.37744141 -0.10717775
v -0.02416993 0.37207031 -0.13012697
v -0.01733399 0.36523438 -0.12817384
v -0.00952148 0.35937500 -0.10766603
v 0.01293945 0.35351562 -0.10180666
v -0.06420899 0.35937500 -0.15502930
v -0.05688477 0.36376953 -0.15893555
v -0.04516602 0.37255859 -0.14624025
v -0.04760743 0.36621094 -0.16186525
v -0.03540039 0.37109375 -0.14672853
v -0.03784180 0.36474609 -0.16186525
v -0.02709961 0.36669922 -0.14526369
v -0.02905274 0.36035156 -0.15991212
v -0.04956055 0.35888672 -0.17602541
v -0.03979493 0.35742188 -0.17602541
v 0.06176765 0.01025394 0.34643555
v 0.06127937 0.01708987 0.34838867
v 0.05542000 0.01708987 0.34448242
v 0.05639656 0.01025394 0.34252930
v 0.05786140 0.00634766 0.33959961
v 0.06274422 0.00634769 0.34350586
v 0.06713875 0.01757815 0.34790039
v 0.06811531 0.01025394 0.34643555
v 0.06860359 0.00634769 0.34350586
v 0.06127937 0.02490237 0.34741211
v 0.05493172 0.02441409 0.34350586
v 0.05200203 0.01025391 0.33471680
v 0.05004890 0.01660156 0.33569336
v 0.04956062 0.02392578 0.33520508
v 0.06665047 0.02490237 0.34643555
v 0.05542000 0.03125000 0.33862305
v 0.06030281 0.03222659 0.34204102
v 0.06567390 0.03222659 0.34106445
v 0.04516609 0.02392578 0.31518555
v 0.04516609 0.01660156 0.31469727
v 0.04663093 0.01660156 0.32543945
v 0.04663093 0.02343750 0.32543945
v 0.04858406 0.01025391 0.32495117
v 0.04711921 0.01025391 0.31469727
v 0.04663093 0.01025391 0.30395508
v 0.04467781 0.01708984 0.30297852
v 0.04418952 0.02441406 0.30200195
v 0.04663093 0.03076172 0.31713867
v 0.04858406 0.03076172 0.32592773
v 0.05102546 0.03076172 0.33276367
v 0.04516609 0.03222656 0.30786133
v 0.05151374 0.03662109 0.32055664
v 0.05004890 0.03759766 0.31372070
v 0.05981453 0.00341797 0.33618164
v 0.05444343 0.00634766 0.33276367
v 0.05688484 0.00341797 0.33129883
v 0.05151374 0.00634766 0.32446289
v 0.05493171 0.00341797 0.32397461
v 0.06420906 0.00341797 0.33959961
v 0.05932625 0.00341797 0.32983398
v 0.06079109 0.00341797 0.33422852
v 0.05883796 0.00341797 0.32446289
v 0.06860359 0.00000000 0.32885742
v 0.06909187 0.00048828 0.33227539
v 0.06958015 0.00341797 0.34008789
v 0.07006843 0.00341797 0.33715820
v 0.06909187 0.00146484 0.32299805
v 0.05834968 0.03857422 0.33276367
v 0.05395515 0.03613281 0.32983398
v 0.06420906 0.03857422 0.33374023
v 0.05004890 0.00634766 0.31518555
v 0.05395515 0.00341797 0.31616211
v 0.04956062 0.00634766 0.30493164
v 0.05395515 0.00341797 0.30590820
v 0.06030281 0.00341797 0.31762695
v 0.06127937 0.00341797 0.30639648
v 0.07104500 0.00341797 0.31665039
v 0.06665047 0.00341797 0.31323242
v 0.05639656 0.03955078 0.32348633
v 0.06274422 0.04199219 0.32543945
v 0.05590827 0.04101562 0.31811523
v 0.05493171 0.04541016 0.31518555
v 0.04809577 0.04101562 0.30834961
v 0.04418952 0.03417969 0.29809570
v 0.06469733 0.04345703 0.32104492
v 0.06469733 0.04785156 0.31860352
v 0.04858405 0.04833984 0.30493164
v 0.05444343 0.05224609 0.31176758
v 0.06420905 0.05468750 0.31518555
v 0.04614265 0.01708984 0.29272461
v 0.04809577 0.01025391 0.29467773
v 0.05102546 0.00634766 0.29614258
v 0.04516608 0.02441406 0.29125977
v 0.04467780 0.03222656 0.28979492
v 0.05200202 0.01025391 0.28491211
v 0.05004890 0.01660156 0.28295898
v 0.04907233 0.02343750 0.28100586
v 0.04809577 0.03027344 0.27954102
v 0.04467780 0.04443359 0.29565430
v 0.04467780 0.04150391 0.28784180
v 0.04809577 0.03906250 0.27709961
v 0.05493171 0.00341797 0.29809570
v 0.05834968 0.00341797 0.29809570
v 0.06762702 0.00097656 0.30053711
v 0.06909186 0.00097656 0.30639648
v 0.05444343 0.00634766 0.28735352
v 0.05737311 0.00341797 0.29028320
v 0.06127936 0.00341797 0.29223633
v 0.06762702 0.00097656 0.29125977
v 0.06225593 0.00341797 0.28442383
v 0.05981452 0.00634766 0.28100586
v 0.05834968 0.01025391 0.27856445
v 0.05688483 0.01611328 0.27563477
v 0.05590827 0.02294922 0.27319336
v 0.06713874 0.00341797 0.28198242
v 0.06567390 0.00634766 0.27807617
v 0.06469733 0.01025391 0.27465820
v 0.06372077 0.01611328 0.27172852
v 0.06323249 0.02246094 0.26928711
v 0.05493170 0.02929688 0.27124023
v 0.05444342 0.03759766 0.26977539
v 0.06225592 0.02929688 0.26733398
v 0.06176764 0.03710938 0.26586914
v 0.07104499 0.02246094 0.26733398
v 0.07055671 0.02929688 0.26538086
v 0.07006842 0.03710938 0.26391602
v 0.04614264 0.06640625 0.28393555
v 0.04565436 0.06787109 0.29223633
v 0.04858405 0.06933594 0.30102539
v 0.04858405 0.06542969 0.27563477
v 0.05493171 0.07031250 0.30883789
v 0.06469733 0.07128906 0.31372070
v 0.04516608 0.09033203 0.28295898
v 0.04516608 0.09130859 0.29174805
v 0.04809577 0.09179688 0.30102539
v 0.04663092 0.08984375 0.27416992
v 0.04418952 0.11328126 0.28198242
v 0.04418952 0.11328126 0.29174805
v 0.04711920 0.11376955 0.30102539
v 0.04565436 0.11279298 0.27270508
v 0.05493171 0.09228516 0.30981445
v 0.06567390 0.09228516 0.31518555
v 0.05444343 0.11376955 0.31079102
v 0.06616218 0.11376955 0.31665039
v 0.05346686 0.06396484 0.26831055
v 0.06079108 0.06347656 0.26293945
v 0.06958014 0.06347656 0.26000977
v 0.05200201 0.08886719 0.26586914
v 0.05932623 0.08837891 0.25952148
v 0.06909186 0.08837891 0.25610352
v 0.05102545 0.11230470 0.26342773
v 0.05883795 0.11230470 0.25561523
v 0.06909186 0.11181642 0.25122070
v 0.06909187 0.01025394 0.34545898
v 0.06860359 0.01757815 0.34643555
v 0.07006843 0.00634769 0.34252930
v 0.07641609 0.00634769 0.34887695
v 0.07543953 0.01025394 0.35131836
v 0.07006843 0.01025394 0.34643555
v 0.07104500 0.00634769 0.34350586
v 0.06909187 0.01757815 0.34790039
v 0.07446297 0.01806644 0.35131836
v 0.08178718 0.01025394 0.35229492
v 0.08178718 0.00634769 0.34985352
v 0.07690437 0.00341800 0.34497070
v 0.08129890 0.00341800 0.34545898
v 0.07153328 0.00341797 0.34057617
v 0.07690437 0.00341797 0.33959961
v 0.08081062 0.00341797 0.33959961
v 0.08178718 0.01806644 0.35229492
v 0.06762703 0.02490237 0.34497070
v 0.06860359 0.02490237 0.34594727
v 0.07348640 0.02587894 0.34936523
v 0.06665047 0.03222656 0.34008789
v 0.06713875 0.03271487 0.34106445
v 0.07250984 0.03466800 0.34399414
v 0.08081062 0.02636722 0.34985352
v 0.07934578 0.03564456 0.34350586
v 0.08569343 0.00634769 0.34741211
v 0.08667000 0.01025394 0.35034180
v 0.08715828 0.01806644 0.35034180
v 0.08471687 0.00341800 0.34350586
v 0.08422859 0.00341797 0.33911133
v 0.08715828 0.01025394 0.34887695
v 0.08667000 0.00634769 0.34594727
v 0.08520515 0.00341800 0.34252930
v 0.08764656 0.00634769 0.34692383
v 0.08862312 0.01025394 0.34985352
v 0.08618172 0.00341800 0.34301758
v 0.09106453 0.00634769 0.34643555
v 0.09252937 0.01025394 0.34887695
v 0.08911140 0.00341800 0.34204102
v 0.09252937 0.00341797 0.33862305
v 0.09545906 0.00634769 0.34204102
v 0.09741218 0.01025394 0.34399414
v 0.08764656 0.01757815 0.34936523
v 0.08911140 0.01757815 0.34985352
v 0.09350593 0.01757815 0.34936523
v 0.09887703 0.01757815 0.34448242
v 0.08667000 0.02539065 0.34790039
v 0.08520515 0.03369144 0.34204102
v 0.08715828 0.02539065 0.34692383
v 0.08862312 0.02539065 0.34790039
v 0.09350593 0.02539065 0.34692383
v 0.09887703 0.02539065 0.34252930
v 0.08618172 0.03222659 0.34106445
v 0.08715828 0.03320315 0.34204102
v 0.09252937 0.03417972 0.34106445
v 0.09741218 0.03369141 0.33715820
v 0.08032234 0.00341797 0.32641602
v 0.08178718 0.00341797 0.33178711
v 0.07885750 0.00341797 0.32250977
v 0.09204109 0.00048828 0.32495117
v 0.09057625 0.00000000 0.32202148
v 0.09936531 0.00341797 0.31762695
v 0.10034187 0.00341797 0.32153320
v 0.08764656 0.00146484 0.31762695
v 0.09741218 0.00341797 0.31323242
v 0.07055672 0.00341797 0.33911133
v 0.07836922 0.00341797 0.31811523
v 0.07788093 0.00097656 0.31079102
v 0.07348640 0.00097656 0.31225586
v 0.08715828 0.00341797 0.33764648
v 0.09008797 0.00341797 0.33618164
v 0.09692390 0.00634766 0.33422852
v 0.09399422 0.00341797 0.33129883
v 0.09985359 0.00341797 0.32836914
v 0.09643562 0.00341797 0.33032227
v 0.09350593 0.00341797 0.32885742
v 0.08422859 0.00341797 0.31372070
v 0.08227546 0.00146484 0.30932617
v 0.09399421 0.00341797 0.30932617
v 0.08862311 0.00341797 0.30737305
v 0.09985359 0.01025391 0.33618164
v 0.10180672 0.01757812 0.33618164
v 0.10131843 0.02490234 0.33471680
v 0.09692390 0.00634766 0.33276367
v 0.09936531 0.01025391 0.33471680
v 0.10131843 0.01757812 0.33471680
v 0.09399422 0.00341797 0.32983398
v 0.09936531 0.00634766 0.33325195
v 0.10180672 0.01025391 0.33520508
v 0.10278328 0.00634766 0.33129883
v 0.10473640 0.01025391 0.33276367
v 0.10522468 0.00634766 0.32592773
v 0.10180672 0.00341797 0.32299805
v 0.10327156 0.01757812 0.33520508
v 0.10717781 0.01025391 0.32690430
v 0.10620125 0.01757812 0.33325195
v 0.10913093 0.01708984 0.32739258
v 0.09985359 0.03222656 0.33032227
v 0.10131843 0.02490234 0.33325195
v 0.10327156 0.02490234 0.33374023
v 0.09985359 0.03173828 0.32885742
v 0.10131843 0.03222656 0.32885742
v 0.09497078 0.04003906 0.32739258
v 0.09936531 0.03759766 0.32397461
v 0.10668953 0.02490234 0.33178711
v 0.10522468 0.03271484 0.32690430
v 0.10278327 0.03710938 0.32006836
v 0.10913093 0.02441406 0.32641602
v 0.10766608 0.03125000 0.32153320
v 0.10180672 0.00341797 0.31762695
v 0.10034186 0.00341797 0.31127930
v 0.09741218 0.00341797 0.30493164
v 0.10522468 0.00634766 0.31762695
v 0.10815437 0.01025391 0.31762695
v 0.11010750 0.01708984 0.31713867
v 0.10327155 0.00634766 0.30981445
v 0.10620124 0.01025391 0.30834961
v 0.10815436 0.01660156 0.30688477
v 0.11010749 0.02392578 0.31665039
v 0.10766608 0.03173828 0.31469727
v 0.10522468 0.03564453 0.31567383
v 0.10815436 0.02392578 0.30688477
v 0.10571296 0.03173828 0.30786133
v 0.10131843 0.03808594 0.31030273
v 0.07006843 0.04150391 0.33520508
v 0.07739265 0.04150391 0.33471680
v 0.06811531 0.04296875 0.32641602
v 0.07446297 0.04345703 0.32592773
v 0.08422859 0.04052734 0.33325195
v 0.08081061 0.04296875 0.32446289
v 0.07641608 0.04443359 0.31909180
v 0.07592780 0.04882812 0.31665039
v 0.07543952 0.05566406 0.31372070
v 0.08715827 0.04296875 0.32202148
v 0.08764655 0.04345703 0.31372070
v 0.08666999 0.04785156 0.31127930
v 0.07543952 0.07128906 0.31274414
v 0.08569343 0.05468750 0.30883789
v 0.08471686 0.07080078 0.30786133
v 0.08959968 0.04101562 0.33081055
v 0.09301765 0.04199219 0.31860352
v 0.09741218 0.04101562 0.31518555
v 0.09448249 0.04199219 0.30688477
v 0.09350593 0.04589844 0.30444336
v 0.07592780 0.09179688 0.31420898
v 0.08569343 0.09179688 0.30883789
v 0.07641608 0.11328126 0.31567383
v 0.08618171 0.11328126 0.30981445
v 0.10034186 0.03759766 0.30444336
v 0.07641608 0.00048828 0.30444336
v 0.07495124 0.00048828 0.29858398
v 0.07299811 0.00097656 0.28979492
v 0.08325202 0.00146484 0.30249023
v 0.08178718 0.00146484 0.29711914
v 0.07739265 0.00146484 0.28833008
v 0.07250983 0.00341797 0.28100586
v 0.07788093 0.00341797 0.28100586
v 0.07202155 0.00634766 0.27661133
v 0.08422858 0.00341797 0.28344727
v 0.08276374 0.00341797 0.28637695
v 0.08764655 0.00341797 0.29125977
v 0.09106452 0.00341797 0.29760742
v 0.08959968 0.00341797 0.28930664
v 0.09350593 0.00341797 0.29614258
v 0.09204108 0.00634766 0.28637695
v 0.08569343 0.00634766 0.28002930
v 0.07836921 0.00634766 0.27709961
v 0.09643561 0.00634766 0.29370117
v 0.10083015 0.00634766 0.30249023
v 0.08715827 0.01025391 0.27661133
v 0.09399421 0.01025391 0.28344727
v 0.09887702 0.01025391 0.29125977
v 0.07153327 0.01025391 0.27319336
v 0.07104499 0.01611328 0.26977539
v 0.07885749 0.01025391 0.27368164
v 0.07885749 0.01611328 0.27026367
v 0.07885749 0.02294922 0.26782227
v 0.07836921 0.02929688 0.26586914
v 0.07788092 0.03759766 0.26391602
v 0.08764655 0.01660156 0.27368164
v 0.08764655 0.02343750 0.27124023
v 0.09497077 0.01708984 0.28002930
v 0.09448249 0.02441406 0.27807617
v 0.08715827 0.03027344 0.26977539
v 0.08666999 0.03906250 0.26782227
v 0.09399421 0.03222656 0.27661133
v 0.09252936 0.04199219 0.27465820
v 0.10327155 0.01025391 0.30004883
v 0.10522468 0.01660156 0.29809570
v 0.10522468 0.02392578 0.29711914
v 0.10034186 0.01708984 0.28833008
v 0.10034186 0.02490234 0.28686523
v 0.10424811 0.03173828 0.30297852
v 0.10083015 0.03222656 0.29174805
v 0.10327155 0.03173828 0.29760742
v 0.09936530 0.03808594 0.29858398
v 0.09838874 0.04101562 0.29516602
v 0.09838874 0.03417969 0.28540039
v 0.09594733 0.04589844 0.28344727
v 0.09204108 0.05273438 0.30200195
v 0.09594733 0.04980469 0.29321289
v 0.09106452 0.06982422 0.30102539
v 0.09448249 0.06884766 0.29174805
v 0.09155280 0.09130859 0.30200195
v 0.09545905 0.09082031 0.29174805
v 0.09252936 0.11328126 0.30249023
v 0.09692389 0.11328126 0.29174805
v 0.07788092 0.06347656 0.26049805
v 0.08666998 0.06445312 0.26440430
v 0.07836920 0.08837891 0.25708008
v 0.08813483 0.08886719 0.26245117
v 0.09252936 0.06591797 0.27172852
v 0.09545905 0.06738281 0.28149414
v 0.07934576 0.11230470 0.25268555
v 0.09350592 0.08935547 0.27026367
v 0.09594733 0.09033203 0.28100586
v 0.08959967 0.11230470 0.25952148
v 0.09497076 0.11230470 0.26831055
v 0.09741217 0.11279298 0.28002930
v 0.02416999 0.28417972 0.38452148
v 0.02416999 0.30615237 0.39135742
v 0.02465827 0.32910159 0.39526367
v 0.02319343 0.26269531 0.37426758
v 0.04516608 0.28320315 0.37915039
v 0.04711921 0.30517581 0.38647461
v 0.04760749 0.32861331 0.39086914
v 0.04174811 0.26269531 0.36938477
v 0.02465827 0.34912112 0.39624023
v 0.04614265 0.34912112 0.39135742
v 0.06616218 0.30322269 0.37670898
v 0.06225593 0.28222656 0.36889648
v 0.05688483 0.26367188 0.35864258
v 0.06811530 0.32714847 0.38159180
v 0.06665046 0.34912112 0.38256836
v 0.07739265 0.32470706 0.37524414
v 0.07397468 0.30078128 0.37084961
v 0.06958015 0.28125000 0.36352539
v 0.08178718 0.34765628 0.37133789
v 0.08227546 0.29931644 0.36499023
v 0.08422858 0.31884769 0.36840820
v 0.04565436 0.13574220 0.30151367
v 0.05395514 0.13525392 0.31225586
v 0.05346686 0.15722658 0.31420898
v 0.04467780 0.15771486 0.30346680
v 0.05346686 0.17919923 0.31762695
v 0.04467780 0.17919923 0.30590820
v 0.06616218 0.13525392 0.31860352
v 0.06616218 0.15722658 0.32006836
v 0.06616218 0.17968751 0.32299805
v 0.05249030 0.20068361 0.32153320
v 0.04418952 0.19873048 0.30883789
v 0.06567390 0.20214845 0.32836914
v 0.04907233 0.21923830 0.32446289
v 0.04174811 0.21484376 0.30981445
v 0.06469733 0.22216798 0.33569336
v 0.04809577 0.23779298 0.33471680
v 0.04125983 0.22851564 0.32104492
v 0.05444342 0.23144533 0.33374023
v 0.03686529 0.22314455 0.30493164
v 0.04272467 0.13574220 0.29174805
v 0.04272467 0.13574220 0.28198242
v 0.04467779 0.13574220 0.27172852
v 0.04125983 0.15722658 0.29272461
v 0.04125983 0.15722658 0.28198242
v 0.04272467 0.15722658 0.27075195
v 0.04077154 0.17871095 0.29418945
v 0.03979498 0.17822267 0.28198242
v 0.04174810 0.17773439 0.26928711
v 0.05004889 0.13574220 0.26098633
v 0.05786138 0.13574220 0.25219727
v 0.06909186 0.13574220 0.24682616
v 0.04858404 0.15771486 0.25854492
v 0.04760748 0.17773439 0.25561523
v 0.05737310 0.15771486 0.24877928
v 0.06909185 0.15820314 0.24243163
v 0.01586920 0.21630861 0.29809570
v 0.01733405 0.21875001 0.31225586
v 0.02465826 0.21777345 0.29565430
v 0.02416998 0.21533205 0.28149414
v 0.02465826 0.21289064 0.26586914
v 0.02661139 0.22021486 0.30932617
v 0.01928717 0.22460939 0.33081055
v 0.03002936 0.22607423 0.32788086
v 0.03247076 0.21728517 0.28051758
v 0.03295904 0.21972658 0.29321289
v 0.03442389 0.22314455 0.30590820
v 0.03393560 0.21582033 0.26635742
v 0.02807622 0.20996095 0.24389647
v 0.04125982 0.21533205 0.24975584
v 0.04028326 0.19726564 0.29614258
v 0.03930670 0.19580080 0.28295898
v 0.04125982 0.19531251 0.26879883
v 0.03881842 0.21142580 0.29614258
v 0.03540045 0.22021486 0.29272461
v 0.03833014 0.20947267 0.28247070
v 0.03979498 0.20849611 0.26831055
v 0.03540045 0.21777345 0.28051758
v 0.03735357 0.21679689 0.26684570
v 0.04711920 0.19580080 0.25415039
v 0.05688482 0.17773439 0.24487302
v 0.05688482 0.19726564 0.24291989
v 0.04614263 0.20898439 0.25317383
v 0.04418951 0.21630861 0.25122070
v 0.05639654 0.21142580 0.24096678
v 0.05493169 0.21875001 0.23950194
v 0.05346685 0.21777345 0.23608397
v 0.07690436 0.13525392 0.31713867
v 0.08715827 0.13525392 0.31127930
v 0.07788093 0.15771486 0.31909180
v 0.08862311 0.15771486 0.31323242
v 0.07885749 0.18017580 0.32153320
v 0.09008796 0.18066408 0.31518555
v 0.07934577 0.20263673 0.32641602
v 0.09399421 0.13525392 0.30346680
v 0.09594733 0.15771486 0.30541992
v 0.09838873 0.18066408 0.30688477
v 0.09204108 0.20312501 0.31958008
v 0.10083014 0.20312501 0.31030273
v 0.07983405 0.22363283 0.33325195
v 0.09350592 0.22412112 0.32592773
v 0.10375983 0.22460940 0.31567383
v 0.09838873 0.13525392 0.29223633
v 0.08081061 0.13574220 0.24829100
v 0.09204108 0.13574220 0.25756836
v 0.09692389 0.13574220 0.26733398
v 0.09985358 0.15820314 0.26684570
v 0.09448248 0.15820314 0.25561523
v 0.08227544 0.15820314 0.24487303
v 0.09936529 0.13525392 0.27954102
v 0.10131842 0.15820314 0.29370117
v 0.10229498 0.15820314 0.28002930
v 0.10375983 0.18115236 0.29467773
v 0.10668951 0.20361330 0.29663086
v 0.10522467 0.18115236 0.27954102
v 0.10815436 0.20410158 0.28051758
v 0.11059576 0.22558597 0.30053711
v 0.11206061 0.22656253 0.28247070
v 0.10278326 0.18115236 0.26489258
v 0.09692388 0.18066408 0.25317383
v 0.10522466 0.20458986 0.26440430
v 0.08422857 0.18017580 0.24047849
v 0.09838872 0.20458986 0.25073242
v 0.08569341 0.20361330 0.23803708
v 0.10815435 0.22753909 0.26440430
v 0.10034185 0.22851564 0.24926755
v 0.08764654 0.22851564 0.23803708
v 0.02124030 0.23437501 0.34790039
v 0.02221686 0.24707033 0.36206055
v 0.03442389 0.23535158 0.34448242
v 0.03833015 0.24755861 0.35815430
v 0.04516608 0.23828126 0.33666992
v 0.03881842 0.22851564 0.32202148
v 0.05102545 0.24951173 0.34838867
v 0.05541999 0.24951173 0.34545898
v 0.06274421 0.26318359 0.35424805
v 0.06274421 0.24365236 0.34399414
v 0.07055671 0.26220703 0.35131836
v 0.08422858 0.26171875 0.34790039
v 0.08129890 0.24316408 0.34106445
v 0.07739265 0.28027344 0.35913086
v 0.08813483 0.28076175 0.35424805
v 0.09057624 0.29980472 0.35961914
v 0.09545904 0.24414065 0.33325195
v 0.09838873 0.26269534 0.34008789
v 0.10083014 0.28271487 0.34545898
v 0.10180670 0.30322269 0.35034180
v 0.10668951 0.24511722 0.32202148
v 0.10961920 0.26464847 0.32739258
v 0.11401373 0.24658206 0.30541986
v 0.11694342 0.26708987 0.30981439
v 0.11108404 0.28613284 0.33227539
v 0.11791998 0.28955081 0.31469721
v 0.09106452 0.31982425 0.36254883
v 0.09985358 0.32519534 0.35473633
v 0.09448248 0.35058597 0.35961914
v 0.11157233 0.30761722 0.33666992
v 0.10961920 0.33056644 0.34204102
v 0.10473639 0.35546878 0.34741211
v 0.11791998 0.31201175 0.32006830
v 0.11645514 0.33496097 0.32641596
v 0.11889654 0.26953128 0.28881830
v 0.12036138 0.29248047 0.29370111
v 0.11987310 0.31542972 0.29956049
v 0.11938482 0.33935550 0.30737299
v 0.11206061 0.36035159 0.33325195
v 0.11547857 0.36474612 0.31567377
v 0.11547858 0.24804690 0.28540033
v 0.11206060 0.24951175 0.26586914
v 0.11596685 0.27246097 0.26879877
v 0.11840826 0.29492188 0.27270502
v 0.10424810 0.25195312 0.25024414
v 0.10961919 0.27539062 0.25512695
v 0.09448247 0.25585938 0.24047849
v 0.10327154 0.27832031 0.24487302
v 0.11401372 0.29687500 0.25805658
v 0.10913091 0.29882812 0.24633786
v 0.11840826 0.31835940 0.27905267
v 0.11791997 0.34228519 0.28735346
v 0.11450201 0.36962894 0.29760736
v 0.11450201 0.32031253 0.26342767
v 0.11499029 0.34423831 0.27416986
v 0.11010747 0.32275394 0.25073242
v 0.11059576 0.34814456 0.25903320
v 0.10961919 0.37060550 0.27319336
v 0.11450201 0.35791019 0.28002924
v 0.10473637 0.30078125 0.23461911
v 0.10571294 0.32519531 0.23754880
v 0.10473637 0.35253909 0.24389645
v 0.02709966 0.20751955 0.21557616
v 0.05102544 0.21533205 0.22534178
v 0.04809575 0.21337892 0.20825194
v 0.04418950 0.21289064 0.17700194
v 0.07006841 0.17871095 0.23803708
v 0.07104497 0.19970705 0.23559567
v 0.07153326 0.21679689 0.23461911
v 0.06909185 0.22607422 0.23461911
v 0.06860357 0.22705078 0.23168942
v 0.06713872 0.22460938 0.21899411
v 0.06469731 0.22314453 0.20288083
v 0.06176762 0.22314453 0.17358395
v 0.03979496 0.21386719 0.14575194
v 0.03442387 0.21630859 0.11352538
v 0.05786137 0.22460938 0.14428708
v 0.05297855 0.22656250 0.11303709
v 0.08081060 0.23828125 0.23510739
v 0.07592778 0.23974609 0.19946286
v 0.07397465 0.24023438 0.17114255
v 0.07153324 0.24121094 0.14331052
v 0.06811527 0.24218750 0.11401366
v 0.07885747 0.24023438 0.23217770
v 0.07788090 0.23974609 0.21752927
v 0.08959966 0.25976562 0.23266599
v 0.08715825 0.26025391 0.21752927
v 0.09838872 0.28027344 0.23364255
v 0.09545903 0.28125000 0.21801755
v 0.08471684 0.26123047 0.19799802
v 0.08276371 0.26220703 0.17065427
v 0.09204106 0.28222656 0.19750974
v 0.08911137 0.28417969 0.17114255
v 0.10131840 0.30224609 0.21997067
v 0.09692387 0.30419922 0.19799802
v 0.09204105 0.30712891 0.17163083
v 0.10229497 0.32763672 0.22338864
v 0.09594731 0.33105469 0.20043942
v 0.09741215 0.35986328 0.22778317
v 0.09008793 0.35839844 0.20288083
v 0.09008793 0.33300781 0.17358395
v 0.08325199 0.35693359 0.17553708
v 0.08081058 0.26318359 0.14379880
v 0.08666996 0.28613281 0.14428708
v 0.07836918 0.26416016 0.11547849
v 0.08422855 0.28759766 0.11694334
v 0.08862308 0.30957031 0.14526364
v 0.08520512 0.33398438 0.14672849
v 0.07836918 0.35693359 0.14819333
v 0.08520511 0.31152344 0.11791990
v 0.08178714 0.33544922 0.11889646
v 0.07397464 0.35791016 0.11987302
v 0.04565433 0.22900391 0.08276366
v 0.03833010 0.23095703 0.06079100
v 0.02563479 0.21630859 0.03833007
v 0.01538088 0.21875000 0.02709960
v 0.01586916 0.20410156 0.01586913
v 0.02661135 0.20019531 0.02612303
v 0.03735354 0.19824219 0.03149413
v 0.03735354 0.21777344 0.04418944
v 0.01489260 0.22705078 0.03637694
v 0.02514651 0.22656250 0.04711913
v 0.03637698 0.23193359 0.05151366
v 0.01586916 0.18261719 0.00219726
v 0.02661135 0.17871094 0.01098632
v 0.02612307 0.15527344 -0.01245118
v 0.01538088 0.16113281 -0.01879884
v 0.03588869 0.17724609 0.01391600
v 0.03295901 0.15527344 -0.01245118
v 0.04956057 0.18066406 0.00952147
v 0.05297854 0.20214844 0.02807616
v 0.05493167 0.22851562 0.04272459
v 0.05004885 0.24316406 0.05004881
v 0.04418948 0.15869141 -0.01635743
v 0.06616213 0.20898438 0.01684568
v 0.06127932 0.18652344 -0.00024416
v 0.05395510 0.16455078 -0.02368166
v 0.07006838 0.23535156 0.02807615
v 0.07788088 0.24316406 0.00317381
v 0.07397463 0.21679688 -0.00366213
v 0.06860354 0.19433594 -0.01586916
v 0.06176761 0.24365234 0.08520506
v 0.05444339 0.24462891 0.06469725
v 0.07446292 0.26513672 0.08764646
v 0.06958011 0.26611328 0.06762693
v 0.03686526 0.23193359 0.05541991
v 0.05053714 0.24462891 0.05493162
v 0.06665041 0.26660156 0.05590818
v 0.06567385 0.26660156 0.04614256
v 0.07397463 0.26367188 0.03295896
v 0.08081058 0.28906250 0.08959959
v 0.07739261 0.29003906 0.06909177
v 0.07446291 0.29052734 0.05541990
v 0.08178714 0.31347656 0.09057615
v 0.07836917 0.33691406 0.09106443
v 0.07055667 0.35888672 0.09155271
v 0.07885744 0.31445312 0.06958006
v 0.07543948 0.31542969 0.05200193
v 0.07543948 0.33789062 0.06909177
v 0.07202151 0.33837891 0.04614255
v 0.06762698 0.35937500 0.06762693
v 0.06567385 0.36035156 0.03930662
v 0.07250979 0.29150391 0.04028318
v 0.07543948 0.29150391 0.02807615
v 0.07934573 0.27001953 0.00415037
v 0.07788087 0.29980469 0.00268552
v 0.07397462 0.22509766 -0.02807619
v 0.07739259 0.25000000 -0.02416994
v 0.07788087 0.27539062 -0.02319338
v 0.07592775 0.30371094 -0.02319338
v 0.07348635 0.31640625 0.03393552
v 0.07397462 0.32177734 0.01977537
v 0.07104494 0.34033203 0.02563474
v 0.06372072 0.36035156 0.00512693
v 0.07348634 0.32910156 0.00219724
v 0.07153322 0.33154297 -0.02368166
v 0.06079103 0.35888672 -0.02270510
v 0.01538093 0.43017581 0.46997070
v 0.01391609 0.43750003 0.47875977
v 0.01733406 0.42285159 0.45825195
v 0.02172859 0.43847659 0.47680664
v 0.02026374 0.44433597 0.47973633
v 0.01635750 0.44482425 0.48168945
v 0.02465828 0.43261722 0.46850586
v 0.02807624 0.42578128 0.45776367
v 0.02954109 0.44433597 0.47485352
v 0.02465828 0.44433597 0.47729492
v 0.03051765 0.44140628 0.47290039
v 0.03344734 0.43750003 0.46752930
v 0.01293953 0.45312503 0.48852539
v 0.00854500 0.45458987 0.48706055
v 0.00903328 0.45312503 0.48461914
v 0.01293953 0.45068362 0.48413086
v 0.00659187 0.45605472 0.48608398
v 0.00708015 0.45410159 0.48315430
v 0.00708015 0.45361331 0.48168945
v 0.00952156 0.45263675 0.48217773
v 0.01293953 0.45068362 0.48217773
v 0.00756843 0.45996097 0.49096680
v 0.01196297 0.45849612 0.49194336
v 0.01635750 0.44921878 0.48461914
v 0.02026375 0.44970706 0.48657227
v 0.01977547 0.45312503 0.48950195
v 0.01879890 0.45654300 0.49145508
v 0.00512703 0.46044925 0.48999023
v 0.00512703 0.46630862 0.49194336
v 0.00512703 0.47363281 0.49340820
v 0.00659187 0.46044925 0.48999023
v 0.00756843 0.46582034 0.49291992
v 0.00610359 0.46630862 0.49194336
v 0.01098640 0.46484378 0.49389648
v 0.00610359 0.47363281 0.49340820
v 0.00708015 0.47363281 0.49340820
v 0.01147468 0.47216797 0.49438477
v 0.00512703 0.45605472 0.48608398
v 0.00561531 0.45410159 0.48266602
v 0.00610359 0.45605472 0.48608398
v 0.00561531 0.46093753 0.48950195
v 0.00561531 0.46630862 0.49194336
v 0.00610359 0.45410159 0.48266602
v 0.00561531 0.47363281 0.49340820
v 0.01831062 0.46337894 0.49291992
v 0.01831062 0.47021484 0.49340820
v 0.01245125 0.44873050 0.48217773
v 0.01147468 0.44531253 0.48266602
v 0.00561531 0.45361331 0.48168945
v 0.00610359 0.45312503 0.48071289
v 0.00610359 0.45263675 0.48071289
v 0.01245125 0.45019534 0.48120117
v 0.00854500 0.45214847 0.48120117
v 0.00610359 0.45361331 0.48168945
v 0.00952156 0.45263675 0.48120117
v 0.01635749 0.44775394 0.48120117
v 0.01293953 0.45068362 0.48120117
v 0.01635749 0.44873050 0.48120117
v 0.01635750 0.44873050 0.48217773
v 0.02026374 0.44775394 0.48120117
v 0.02026375 0.44775394 0.48266602
v 0.02514656 0.45117190 0.48706055
v 0.02514656 0.45507815 0.48901367
v 0.02514656 0.44824222 0.48413086
v 0.02514656 0.44677737 0.48022461
v 0.03051765 0.44775394 0.48071289
v 0.03100593 0.45019534 0.48315430
v 0.03149422 0.45410159 0.48559570
v 0.02465828 0.46191409 0.49096680
v 0.02465828 0.46875003 0.49145508
v 0.03149422 0.46044925 0.48803711
v 0.03149422 0.46728519 0.48852539
v 0.01928718 0.47900391 0.49291992
v 0.02563484 0.47753906 0.48999023
v 0.03491218 0.47460938 0.48559570
v 0.02026374 0.44628909 0.48022461
v 0.02465828 0.44580081 0.47778320
v 0.02026374 0.44726565 0.48022461
v 0.02465828 0.44677737 0.47778320
v 0.02465828 0.44677737 0.47875977
v 0.02905281 0.44580081 0.47485352
v 0.02905281 0.44677737 0.47485352
v 0.02954109 0.44677737 0.47729492
v 0.02905281 0.44677737 0.47583008
v 0.03686531 0.45410159 0.48120117
v 0.03637703 0.44970706 0.47778320
v 0.03491218 0.44824222 0.47583008
v 0.03393562 0.44775394 0.47436523
v 0.03344734 0.44775394 0.47338867
v 0.03393562 0.44628909 0.47241211
v 0.03491218 0.44482425 0.47192383
v 0.03979499 0.44238284 0.46752930
v 0.03344734 0.44726565 0.47290039
v 0.03295906 0.44775394 0.47290039
v 0.01928718 0.41748050 0.44555664
v 0.02075202 0.41357425 0.43188477
v 0.03100593 0.42041019 0.44555664
v 0.03881843 0.43066409 0.45727539
v 0.04370124 0.42480472 0.44458008
v 0.03295905 0.41552737 0.43188477
v 0.04565436 0.41894534 0.43090820
v 0.03735359 0.45996097 0.48413086
v 0.03833015 0.46582034 0.48413086
v 0.04272468 0.47070312 0.48071289
v 0.04077156 0.44970706 0.47338867
v 0.04223640 0.45458987 0.47631836
v 0.04272468 0.45996097 0.47875977
v 0.03540046 0.44824222 0.47436523
v 0.03686531 0.44824222 0.47485352
v 0.03442390 0.44726565 0.47290039
v 0.03491218 0.44726565 0.47290039
v 0.03637702 0.44677737 0.47290039
v 0.03393562 0.44775394 0.47290039
v 0.03442390 0.44775394 0.47338867
v 0.04760749 0.45458987 0.47192383
v 0.04565437 0.44921878 0.46948242
v 0.04760749 0.43847659 0.45971680
v 0.05493171 0.44873050 0.46313477
v 0.05541999 0.45556644 0.46655273
v 0.04223640 0.46582034 0.48071289
v 0.04663093 0.46630862 0.47680664
v 0.04809577 0.46093753 0.47436523
v 0.05444343 0.46240237 0.46997070
v 0.05200202 0.46875003 0.47241211
v 0.04711921 0.47460938 0.47631836
v 0.06958015 0.45849612 0.45971680
v 0.06567390 0.46582034 0.46362305
v 0.06030281 0.47314453 0.46704102
v 0.05297859 0.47998047 0.47045898
v 0.05786140 0.43115237 0.44262695
v 0.05737312 0.43701175 0.45190430
v 0.05883796 0.42382815 0.42895508
v 0.07250983 0.44531253 0.44750977
v 0.05639656 0.44287112 0.45825195
v 0.07299811 0.43847659 0.43969727
v 0.07250983 0.43554690 0.43481445
v 0.07250983 0.42968750 0.42358398
v 0.07153327 0.45166019 0.45385742
v 0.02319342 0.36914065 0.39575195
v 0.02124030 0.38671878 0.39575195
v 0.04321296 0.36962894 0.39184570
v 0.04028327 0.38720706 0.39282227
v 0.03588874 0.40478519 0.39721680
v 0.03100592 0.41259766 0.40502930
v 0.06225592 0.37109378 0.38305664
v 0.05786139 0.38964847 0.38598633
v 0.07006842 0.39208987 0.37817383
v 0.07543951 0.37353519 0.37426758
v 0.05249030 0.40722659 0.39282227
v 0.04760749 0.41503906 0.40258789
v 0.06079108 0.41894531 0.39868164
v 0.06518561 0.41064453 0.38647461
v 0.02856452 0.41210938 0.41772461
v 0.04614265 0.41552734 0.41674805
v 0.05932624 0.41943359 0.41430664
v 0.07299811 0.42480469 0.40942383
v 0.07299811 0.42333984 0.39233398
v 0.07592779 0.41455078 0.37866211
v 0.08569343 0.44921878 0.43920898
v 0.08471686 0.44091800 0.42749023
v 0.08129890 0.46289065 0.45336914
v 0.08422858 0.45556644 0.44653320
v 0.07641608 0.47021484 0.45874023
v 0.07006843 0.47802734 0.46215820
v 0.09350593 0.45996097 0.43969727
v 0.09008796 0.46679690 0.44799805
v 0.08520515 0.47460938 0.45434570
v 0.09545905 0.45410159 0.43139648
v 0.09545905 0.44824222 0.42211914
v 0.10229499 0.46582034 0.43237305
v 0.09838874 0.47216797 0.44116211
v 0.09350593 0.48046875 0.44799805
v 0.10522468 0.46044925 0.42260742
v 0.08129889 0.39550784 0.36889648
v 0.08715826 0.37646487 0.36450195
v 0.07983405 0.43261719 0.41821289
v 0.09155280 0.43701175 0.40405273
v 0.08764654 0.43164065 0.39428711
v 0.08422858 0.42822266 0.38305664
v 0.09448249 0.44287112 0.41333008
v 0.08520514 0.41992188 0.36889648
v 0.09008795 0.39990237 0.35815430
v 0.09838873 0.43847659 0.38110352
v 0.10278326 0.44384769 0.39135742
v 0.10522467 0.44970706 0.40161133
v 0.09399420 0.43505862 0.36987305
v 0.09204108 0.42578128 0.35668945
v 0.10620124 0.45507815 0.41186523
v 0.11303718 0.46875003 0.41381836
v 0.10913093 0.47314453 0.42602539
v 0.10473640 0.47802734 0.43530273
v 0.11499029 0.46386722 0.40161127
v 0.11450201 0.45849612 0.38940424
v 0.11499030 0.48291016 0.42016596
v 0.11938483 0.47900391 0.40600580
v 0.12182623 0.47460938 0.39184564
v 0.11206061 0.45263675 0.37768555
v 0.10717779 0.44775394 0.36645508
v 0.10083014 0.44335940 0.35571289
v 0.12182623 0.47021484 0.37768549
v 0.11938483 0.46484378 0.36450189
v 0.11401372 0.46044925 0.35034174
v 0.00366218 0.47363281 0.49584961
v 0.00512703 0.47314453 0.49633789
v 0.00512703 0.47607422 0.49780273
v 0.00512703 0.47949219 0.49926758
v 0.00268562 0.47314453 0.49389648
v 0.00415046 0.47216797 0.49389648
v 0.00561531 0.47216797 0.49389648
v 0.00268562 0.47265625 0.49194336
v 0.00415046 0.47167969 0.49194336
v 0.00756843 0.47607422 0.49780273
v 0.00708015 0.47363281 0.49633789
v 0.00708015 0.47216797 0.49438477
v 0.00952156 0.47656250 0.49731445
v 0.00854500 0.47412109 0.49584961
v 0.00854500 0.47314453 0.49438477
v 0.00805672 0.47949219 0.49877930
v 0.01049812 0.47949219 0.49829102
v 0.00561531 0.47167969 0.49194336
v 0.00708015 0.47167969 0.49194336
v 0.00561531 0.47509766 0.49389648
v 0.00659187 0.47509766 0.49389648
v 0.00854500 0.47265625 0.49194336
v 0.01293953 0.47998047 0.49389648
v 0.01391609 0.47949219 0.49389648
v 0.00952156 0.48046875 0.49633789
v 0.00512703 0.48291016 0.49975586
v 0.00512703 0.48632812 0.49975586
v 0.00854500 0.48291016 0.49975586
v 0.00903328 0.48632812 0.49975586
v 0.01342781 0.48632812 0.49487305
v 0.00317390 0.47265625 0.48999023
v 0.00463875 0.47167969 0.48999023
v 0.00561531 0.47167969 0.48999023
v 0.00708015 0.47167969 0.48999023
v 0.00854500 0.47265625 0.49047852
v 0.01049812 0.47509766 0.49536133
v 0.01098640 0.47656250 0.49633789
v 0.01293953 0.47949219 0.49682617
v 0.01196297 0.47705078 0.49536133
v 0.01440437 0.47949219 0.49536133
v 0.01000984 0.47460938 0.49389648
v 0.01000984 0.47412109 0.49194336
v 0.01245125 0.47656250 0.49340820
v 0.01196296 0.47656250 0.49145508
v 0.01538093 0.47949219 0.49291992
v 0.01538093 0.47949219 0.49047852
v 0.01196297 0.48291016 0.49877930
v 0.01684578 0.48242188 0.49340820
v 0.01489265 0.48291016 0.49731445
v 0.01245125 0.48632812 0.49877930
v 0.01733406 0.48291016 0.49487305
v 0.01635750 0.48632812 0.49731445
v 0.01928718 0.48583984 0.49438477
v 0.01831062 0.48291016 0.49194336
v 0.01831062 0.48291016 0.48901367
v 0.01000984 0.47412109 0.48999023
v 0.01196296 0.47656250 0.48950195
v 0.01489265 0.47998047 0.48803711
v 0.01782234 0.48291016 0.48608398
v 0.00512703 0.48876953 0.49975586
v 0.00512703 0.49023438 0.49926758
v 0.00512703 0.49169922 0.49780273
v 0.00561531 0.49218750 0.49536133
v 0.00561531 0.49267578 0.49145508
v 0.00903328 0.48876953 0.49975586
v 0.00903328 0.49023438 0.49877930
v 0.00903328 0.49169922 0.49780273
v 0.00952156 0.49218750 0.49487305
v 0.01489265 0.48876953 0.49536133
v 0.01586921 0.49316406 0.49096680
v 0.00952156 0.49267578 0.49145508
v 0.01586921 0.49902344 0.48510742
v 0.00561531 0.49267578 0.48803711
v 0.00952156 0.49218750 0.48803711
v 0.01538093 0.50585938 0.48022461
v 0.01293953 0.48876953 0.49877930
v 0.01342781 0.49023438 0.49829102
v 0.01342781 0.49121094 0.49682617
v 0.01342781 0.49218750 0.49438477
v 0.01342781 0.49218750 0.49096680
v 0.01733406 0.48876953 0.49682617
v 0.01733406 0.49023438 0.49633789
v 0.01733406 0.49121094 0.49536133
v 0.01733406 0.49169922 0.49291992
v 0.02221687 0.48730469 0.48999023
v 0.01977546 0.48388672 0.49194336
v 0.02368171 0.49169922 0.48364258
v 0.01733406 0.49169922 0.48950195
v 0.01342781 0.49218750 0.48754883
v 0.01684578 0.49169922 0.48657227
v 0.02514656 0.48535156 0.48559570
v 0.02026374 0.48291016 0.49145508
v 0.02075203 0.48583984 0.49096680
v 0.02075203 0.48583984 0.48754883
v 0.02026374 0.48583984 0.48413086
v 0.03784187 0.48046875 0.48120117
v 0.02905281 0.48925781 0.47729492
v 0.04028327 0.48535156 0.47583008
v 0.02026374 0.48828125 0.49438477
v 0.02075203 0.48974609 0.49389648
v 0.02026374 0.49072266 0.49389648
v 0.02172859 0.48828125 0.49096680
v 0.02075203 0.49072266 0.49145508
v 0.02075203 0.49072266 0.48803711
v 0.02172859 0.48974609 0.49096680
v 0.02368171 0.49755859 0.47875977
v 0.02026374 0.49023438 0.48510742
v 0.02172859 0.48779297 0.48706055
v 0.02172859 0.48925781 0.48754883
v 0.02124031 0.48779297 0.48413086
v 0.02124031 0.48925781 0.48413086
v 0.02465827 0.50390625 0.47534180
v 0.03198249 0.49609375 0.47045898
v 0.04272468 0.49169922 0.46997070
v 0.01635749 0.51416016 0.47680664
v 0.01782233 0.52246094 0.47436523
v 0.02709968 0.51416016 0.47192383
v 0.01879890 0.53027344 0.47338867
v 0.01977546 0.54345703 0.47192383
v 0.03540046 0.50244141 0.46655273
v 0.03100593 0.50781250 0.46850586
v 0.03051765 0.52539062 0.47045898
v 0.04174811 0.52441406 0.46655273
v 0.03930671 0.50976562 0.46459961
v 0.03247077 0.54150391 0.46948242
v 0.04467780 0.53857422 0.46655273
v 0.05346687 0.48828125 0.46704102
v 0.04516609 0.49804688 0.46606445
v 0.05395515 0.49560547 0.46459961
v 0.06274421 0.48535156 0.46411133
v 0.05102546 0.50439453 0.46704102
v 0.05395515 0.50390625 0.46752930
v 0.05395515 0.50927734 0.46899414
v 0.05102546 0.50927734 0.46850586
v 0.05395515 0.51464844 0.46948242
v 0.05053718 0.51464844 0.46850586
v 0.05688484 0.50439453 0.46704102
v 0.05737312 0.50927734 0.46850586
v 0.05737312 0.51464844 0.46850586
v 0.05395515 0.52050781 0.46899414
v 0.05102546 0.52050781 0.46850586
v 0.05737311 0.52050781 0.46850586
v 0.05102546 0.52539062 0.46704102
v 0.05395515 0.52587891 0.46801758
v 0.05688483 0.52539062 0.46752930
v 0.04711921 0.50537109 0.46362305
v 0.05541999 0.50292969 0.46313477
v 0.04614265 0.50097656 0.45776367
v 0.04809577 0.49853516 0.45776367
v 0.04858405 0.49951172 0.46069336
v 0.04663093 0.50146484 0.46069336
v 0.04516608 0.50488281 0.46118164
v 0.04467780 0.50390625 0.45776367
v 0.05883796 0.49414062 0.46362305
v 0.05102546 0.49755859 0.46069336
v 0.05102546 0.50000000 0.46459961
v 0.04907234 0.50146484 0.46411133
v 0.05395515 0.49658203 0.46069336
v 0.05395515 0.49951172 0.46459961
v 0.04858406 0.50537109 0.46655273
v 0.05688483 0.49755859 0.46118164
v 0.05688484 0.50000000 0.46459961
v 0.05151374 0.49658203 0.45776367
v 0.04711921 0.50292969 0.46362305
v 0.05444343 0.49560547 0.45776367
v 0.05737311 0.49658203 0.45776367
v 0.05981452 0.49951172 0.46118164
v 0.05932624 0.50146484 0.46459961
v 0.05981452 0.50537109 0.46655273
v 0.06030280 0.49853516 0.45776367
v 0.07299811 0.49023438 0.45922852
v 0.06762702 0.49755859 0.46020508
v 0.06323249 0.50537109 0.46118164
v 0.06225593 0.50097656 0.45776367
v 0.06176765 0.50146484 0.46069336
v 0.06079108 0.50292969 0.46411133
v 0.06323249 0.50488281 0.46118164
v 0.06372077 0.50390625 0.45776367
v 0.04614265 0.50634766 0.46411133
v 0.04565436 0.50976562 0.46459961
v 0.04418952 0.50927734 0.46118164
v 0.04321296 0.50927734 0.45776367
v 0.04809577 0.50976562 0.46704102
v 0.04663093 0.51220703 0.46362305
v 0.05004890 0.52343750 0.46459961
v 0.04516608 0.51464844 0.46459961
v 0.04370124 0.51464844 0.46118164
v 0.04272468 0.51464844 0.45776367
v 0.04760749 0.51464844 0.46704102
v 0.05541999 0.51123047 0.46313477
v 0.05932624 0.52099609 0.46264648
v 0.04565436 0.52001953 0.46459961
v 0.04418952 0.52050781 0.46118164
v 0.04321296 0.52050781 0.45776367
v 0.04809577 0.52001953 0.46704102
v 0.05590827 0.53662109 0.46362305
v 0.04614265 0.52343750 0.46411133
v 0.04516608 0.52490234 0.46118164
v 0.04467780 0.52587891 0.45776367
v 0.04858405 0.52441406 0.46655273
v 0.04663093 0.52783203 0.46069336
v 0.04711921 0.52685547 0.46411133
v 0.04907233 0.52832031 0.46411133
v 0.04614265 0.52880859 0.45776367
v 0.04858405 0.53027344 0.46069336
v 0.04809577 0.53076172 0.45776367
v 0.06030281 0.50976562 0.46704102
v 0.06176765 0.50634766 0.46459961
v 0.06274421 0.50976562 0.46459961
v 0.06420905 0.50927734 0.46166992
v 0.06030280 0.51464844 0.46704102
v 0.06030280 0.52001953 0.46704102
v 0.06909186 0.51513672 0.45874023
v 0.06323249 0.51464844 0.46459961
v 0.06274421 0.52001953 0.46459961
v 0.05102546 0.52978516 0.46459961
v 0.06616218 0.53320312 0.46020508
v 0.05102546 0.53222656 0.46069336
v 0.05395515 0.53027344 0.46508789
v 0.05688483 0.52978516 0.46459961
v 0.05395515 0.53320312 0.46069336
v 0.05688483 0.53222656 0.46118164
v 0.05151374 0.53320312 0.45776367
v 0.05444343 0.53417969 0.45776367
v 0.05981452 0.52441406 0.46655273
v 0.06176765 0.52343750 0.46459961
v 0.05932624 0.52832031 0.46459961
v 0.06079108 0.52685547 0.46411133
v 0.07397468 0.52832031 0.45629883
v 0.06176765 0.52783203 0.46069336
v 0.06323249 0.52490234 0.46118164
v 0.06420905 0.52050781 0.46166992
v 0.05981452 0.53027344 0.46118164
v 0.06030280 0.53076172 0.45776367
v 0.05737311 0.53320312 0.45776367
v 0.06225593 0.52832031 0.45776367
v 0.06372077 0.52539062 0.45776367
v 0.02124030 0.55761719 0.46899414
v 0.02319342 0.57421875 0.46166992
v 0.03491218 0.55664062 0.46704102
v 0.03833015 0.57324219 0.45971680
v 0.02514655 0.59179688 0.44946289
v 0.02612311 0.60742188 0.43286133
v 0.04077155 0.59082031 0.44799805
v 0.04223639 0.60595703 0.43188477
v 0.04858405 0.55468750 0.46362305
v 0.06176765 0.55175781 0.45874023
v 0.05297858 0.57177734 0.45629883
v 0.07348640 0.54687500 0.45385742
v 0.06860358 0.56787109 0.45043945
v 0.08178718 0.56103516 0.44409180
v 0.05639655 0.58837891 0.44458008
v 0.05786139 0.60253906 0.42944336
v 0.07299811 0.58300781 0.43872070
v 0.07397467 0.59521484 0.42504883
v 0.07885749 0.48291016 0.45776367
v 0.08227546 0.49853516 0.45288086
v 0.07641608 0.50634766 0.45483398
v 0.08764655 0.48974609 0.45092773
v 0.09448249 0.49609375 0.44506836
v 0.09887702 0.48583984 0.44311523
v 0.08569343 0.51416016 0.44897461
v 0.09008796 0.50537109 0.44702148
v 0.06518561 0.50927734 0.45776367
v 0.06469733 0.51464844 0.46166992
v 0.06567390 0.51464844 0.45776367
v 0.06518561 0.52050781 0.45776367
v 0.08032233 0.52197266 0.45239258
v 0.08325202 0.54052734 0.44897461
v 0.09106452 0.53271484 0.44458008
v 0.10131843 0.51416016 0.43823242
v 0.09692390 0.52343750 0.44067383
v 0.10424811 0.50341797 0.43676758
v 0.10961921 0.48583984 0.43041992
v 0.10375983 0.49316406 0.43823242
v 0.11254890 0.49560547 0.42749023
v 0.11303718 0.50634766 0.42700195
v 0.10815436 0.53027344 0.42895508
v 0.11157233 0.51855469 0.42749023
v 0.10180670 0.54199219 0.43286133
v 0.09252936 0.55273438 0.43823242
v 0.08715826 0.57470703 0.43188477
v 0.09936529 0.56347656 0.42456055
v 0.11010748 0.55029297 0.41772461
v 0.08862311 0.58496094 0.41870117
v 0.11889654 0.49365234 0.41625971
v 0.12084967 0.50634766 0.41333002
v 0.12377936 0.49121094 0.40063471
v 0.12573248 0.50585938 0.39770502
v 0.12036139 0.52099609 0.41235346
v 0.11743170 0.53564453 0.41333002
v 0.12573248 0.52148438 0.39575189
v 0.12329108 0.54052734 0.39331049
v 0.12622076 0.48828125 0.38500971
v 0.12622076 0.48486328 0.36938471
v 0.12817389 0.50390625 0.38110346
v 0.12426763 0.48095703 0.35424799
v 0.10229498 0.57177734 0.41137695
v 0.10229498 0.57910156 0.39721680
v 0.08715826 0.59326172 0.40405273
v 0.07202154 0.60400391 0.40844727
v 0.09936529 0.58544922 0.38305664
v 0.08325201 0.59912109 0.38891602
v 0.06713872 0.60937500 0.39331055
v 0.11401373 0.55712891 0.40405267
v 0.11450201 0.56396484 0.39038080
v 0.12231451 0.55029297 0.38208002
v 0.12817389 0.52050781 0.37817377
v 0.12622076 0.53417969 0.37475580
v 0.11108404 0.57177734 0.37670898
v 0.11889654 0.55859375 0.37036127
v 0.12280279 0.54638672 0.36401361
v 0.10620122 0.57666016 0.36596680
v 0.09497076 0.58886719 0.37231445
v 0.08081060 0.60107422 0.38159180
v 0.11401372 0.56396484 0.36108392
v 0.03247075 0.43798828 0.25659180
v 0.03442387 0.45263672 0.26733398
v 0.03735356 0.47021484 0.27368164
v 0.03051762 0.42773438 0.24243163
v 0.05444340 0.44824219 0.27124023
v 0.05249028 0.43261719 0.25952148
v 0.05151372 0.42138672 0.24340819
v 0.07153325 0.44091797 0.27905273
v 0.07202153 0.42333984 0.26586914
v 0.07446294 0.40820312 0.24682614
v 0.05786137 0.46728516 0.27905273
v 0.07446294 0.46240234 0.28784180
v 0.04028325 0.48925781 0.27465820
v 0.06274419 0.48486328 0.28149414
v 0.07983403 0.47949219 0.29028320
v 0.09741217 0.38037112 0.35278320
v 0.10424811 0.38476565 0.33959961
v 0.09692389 0.40527347 0.34545898
v 0.10766607 0.39013675 0.32446289
v 0.09985357 0.41113284 0.33178711
v 0.09594733 0.43310550 0.34301758
v 0.10668951 0.39599612 0.30834961
v 0.09887701 0.41748050 0.31762695
v 0.10620122 0.45507815 0.33862305
v 0.09692388 0.44091800 0.32885742
v 0.11743169 0.47607422 0.33764642
v 0.10717779 0.47021484 0.32104492
v 0.09399419 0.44873050 0.31420898
v 0.09350591 0.42529300 0.30297852
v 0.10034185 0.40380859 0.29125977
v 0.08471685 0.43310547 0.28979492
v 0.08715826 0.45605472 0.30004883
v 0.09399419 0.47509766 0.30297852
v 0.11206060 0.37011722 0.28540039
v 0.09643559 0.38720703 0.25659180
v 0.08862309 0.41259769 0.27661133
v 0.07543950 0.39550781 0.22387692
v 0.04370122 0.50830078 0.27416992
v 0.04663090 0.52832031 0.27661133
v 0.04907231 0.54736328 0.28149414
v 0.06762700 0.50292969 0.28247070
v 0.07202153 0.52050781 0.28491211
v 0.07641606 0.53759766 0.28979492
v 0.04956059 0.57128906 0.29077148
v 0.03930669 0.59228516 0.30297852
v 0.03247075 0.60888672 0.32153320
v 0.08081059 0.55371094 0.29711914
v 0.05688481 0.59472656 0.31127930
v 0.06958012 0.57861328 0.30346680
v 0.04663090 0.60839844 0.32592773
v 0.07543950 0.58105469 0.30932617
v 0.06323247 0.59619141 0.31713867
v 0.05346685 0.60742188 0.32934570
v 0.08569340 0.56250000 0.30346680
v 0.12182622 0.49511719 0.33520502
v 0.12670904 0.49755859 0.34985346
v 0.12866217 0.50097656 0.36547846
v 0.11450201 0.49462891 0.32202142
v 0.10131840 0.49462891 0.30541992
v 0.11743169 0.51367188 0.32495111
v 0.12377935 0.51318359 0.33666986
v 0.12670904 0.51513672 0.34887689
v 0.10717778 0.51953125 0.31127930
v 0.10375981 0.50439453 0.30688477
v 0.11840826 0.52783203 0.32885736
v 0.12329107 0.52685547 0.34008783
v 0.12573248 0.52685547 0.34985346
v 0.12182622 0.53808594 0.34448236
v 0.12280279 0.53906250 0.35229486
v 0.11840826 0.54003906 0.33520502
v 0.11157231 0.54296875 0.32153320
v 0.11010747 0.53271484 0.31665039
v 0.09106451 0.59130859 0.36450195
v 0.10180669 0.57958984 0.35864258
v 0.09887701 0.58105469 0.35424805
v 0.08764654 0.59277344 0.35913086
v 0.07934576 0.60156250 0.37280273
v 0.07788091 0.60107422 0.36596680
v 0.09887701 0.58251953 0.35375977
v 0.08764654 0.59375000 0.35913086
v 0.07788091 0.60205078 0.36547852
v 0.09985357 0.59130859 0.35375977
v 0.08911138 0.60205078 0.35913086
v 0.08032232 0.60986328 0.36547852
v 0.12670904 0.52929688 0.36108392
v 0.12377935 0.54052734 0.35815424
v 0.11987310 0.55273438 0.36010736
v 0.11694341 0.55712891 0.35668939
v 0.11791997 0.55517578 0.35571283
v 0.12036138 0.54931641 0.35766596
v 0.12182622 0.54443359 0.35620111
v 0.12231451 0.54345703 0.35668939
v 0.12231451 0.54101562 0.35180658
v 0.12133794 0.54003906 0.34497064
v 0.12084966 0.54980469 0.35668939
v 0.12426763 0.56103516 0.35717767
v 0.12622076 0.55761719 0.35717767
v 0.12719731 0.55566406 0.35375971
v 0.12719731 0.55566406 0.34838861
v 0.11840826 0.54199219 0.33569330
v 0.12426763 0.55810547 0.33959955
v 0.11352544 0.56152344 0.35278320
v 0.11450201 0.56054688 0.35473627
v 0.11010747 0.56787109 0.35571289
v 0.10766607 0.56982422 0.35229492
v 0.11840826 0.55517578 0.35473627
v 0.11352544 0.56250000 0.35229492
v 0.10766607 0.57080078 0.35180664
v 0.10913091 0.58105469 0.35180664
v 0.11547857 0.57226562 0.35229486
v 0.12133794 0.56396484 0.35522455
v 0.12524419 0.57910156 0.35620111
v 0.12817387 0.57617188 0.35815424
v 0.13061528 0.57373047 0.35815424
v 0.11108404 0.59472656 0.35229492
v 0.10180669 0.60400391 0.35473633
v 0.09204107 0.61376953 0.35961914
v 0.11840826 0.58691406 0.35278314
v 0.10424810 0.61669922 0.35522461
v 0.11352544 0.60839844 0.35327148
v 0.12084966 0.60156250 0.35375971
v 0.12768559 0.59423828 0.35668939
v 0.10229497 0.55419922 0.31469727
v 0.10278325 0.55566406 0.31567383
v 0.11206060 0.54785156 0.32495117
v 0.11157232 0.54589844 0.32348633
v 0.10131840 0.54980469 0.31079102
v 0.08911137 0.56689453 0.30834961
v 0.09008794 0.56835938 0.30981445
v 0.09838872 0.58398438 0.31420898
v 0.11059575 0.57226562 0.32006836
v 0.11889654 0.56396484 0.32934564
v 0.12377934 0.57958984 0.33374017
v 0.12915044 0.57421875 0.34301752
v 0.13159184 0.57226562 0.35034174
v 0.09838872 0.54052734 0.30590820
v 0.09350590 0.52783203 0.29956055
v 0.11596684 0.58789062 0.32543939
v 0.10473637 0.59912109 0.31958008
v 0.07690434 0.58251953 0.31030273
v 0.08520512 0.59667969 0.31420898
v 0.09252934 0.61083984 0.31909180
v 0.13256840 0.59033203 0.34545892
v 0.12719731 0.59521484 0.33764642
v 0.11987309 0.60302734 0.33032221
v 0.10913090 0.61279297 0.32543945
v 0.08520512 0.49755859 0.29174805
v 0.08959965 0.51318359 0.29467773
v 0.06469731 0.59716797 0.31811523
v 0.07348637 0.60888672 0.32055664
v 0.12817389 0.51757812 0.36303705
v 0.13159184 0.57226562 0.35473627
v 0.13061528 0.59130859 0.35864252
v 0.13354497 0.58984375 0.35864252
v 0.13500981 0.58837891 0.35522455
v 0.13500981 0.58837891 0.35180658
v 0.12280279 0.61572266 0.35522455
v 0.12963872 0.60888672 0.35815424
v 0.13256840 0.60693359 0.35913080
v 0.13549809 0.60595703 0.35961908
v 0.13647465 0.60498047 0.35327142
v 0.13452153 0.60644531 0.34790033
v 0.12915044 0.61083984 0.34106439
v 0.13696294 0.60498047 0.35620111
v 0.02709967 0.61816406 0.41333008
v 0.02709966 0.62304688 0.38598633
v 0.04223638 0.61621094 0.41333008
v 0.04028326 0.62109375 0.38598633
v 0.01538091 0.62304688 0.36254883
v 0.02709966 0.62255859 0.36303711
v 0.03930669 0.62060547 0.36352539
v 0.05688482 0.61181641 0.41186523
v 0.06079107 0.61230469 0.39477539
v 0.05346685 0.61572266 0.39038086
v 0.04760747 0.61816406 0.38012695
v 0.04614263 0.61816406 0.36401367
v 0.05444342 0.61572266 0.38989258
v 0.06127935 0.61279297 0.39379883
v 0.06713872 0.61035156 0.39282227
v 0.05981451 0.62353516 0.38842773
v 0.06518560 0.62060547 0.39135742
v 0.07104497 0.61865234 0.39038086
v 0.04907232 0.61865234 0.37963867
v 0.05493169 0.62646484 0.37866211
v 0.04760747 0.61865234 0.36401367
v 0.05395513 0.62695312 0.36401367
v 0.06127935 0.63574219 0.37768555
v 0.06567388 0.63281250 0.38696289
v 0.07055669 0.63037109 0.38940430
v 0.06127935 0.63671875 0.36401367
v 0.07202154 0.64208984 0.38549805
v 0.06811529 0.64453125 0.37719727
v 0.06811529 0.64550781 0.36450195
v 0.06860357 0.60986328 0.38891602
v 0.06860357 0.60888672 0.38891602
v 0.07153326 0.61816406 0.38647461
v 0.07543951 0.62841797 0.38793945
v 0.06860357 0.60986328 0.38256836
v 0.06909185 0.60888672 0.38305664
v 0.07397466 0.60498047 0.37719727
v 0.07153326 0.61816406 0.38061523
v 0.07104497 0.60742188 0.37426758
v 0.07104497 0.60644531 0.37426758
v 0.07348638 0.61572266 0.37280273
v 0.07592779 0.62792969 0.38403320
v 0.07592779 0.62792969 0.37866211
v 0.07788091 0.62646484 0.37182617
v 0.07592779 0.63964844 0.38745117
v 0.07983404 0.63769531 0.38598633
v 0.08081060 0.63769531 0.38208008
v 0.08081060 0.63769531 0.37719727
v 0.08520513 0.64697266 0.38452148
v 0.08178716 0.64843750 0.38647461
v 0.07836919 0.65087891 0.38452148
v 0.08276372 0.63623047 0.37084961
v 0.07495122 0.65332031 0.37670898
v 0.07543951 0.65380859 0.36547852
v 0.08520513 0.65966797 0.38354492
v 0.08227544 0.66162109 0.37670898
v 0.08276372 0.66210938 0.36645508
v 0.08618169 0.64648438 0.38110352
v 0.08666997 0.64648438 0.37622070
v 0.08813482 0.64550781 0.37084961
v 0.09155279 0.65527344 0.38354492
v 0.08813482 0.65722656 0.38500977
v 0.09204107 0.65478516 0.38012695
v 0.09252935 0.66796875 0.38305664
v 0.09497076 0.66601562 0.38403320
v 0.09790044 0.66357422 0.38256836
v 0.09838872 0.66259766 0.37915039
v 0.09252935 0.65478516 0.37573242
v 0.09399419 0.65380859 0.37084961
v 0.09887701 0.66259766 0.37475586
v 0.09936529 0.66210938 0.37133789
v 0.09008794 0.66992188 0.37670898
v 0.09057622 0.66992188 0.36791992
v 0.09741216 0.67724609 0.37670898
v 0.09936529 0.67529297 0.38208008
v 0.10180669 0.67333984 0.38305664
v 0.09838872 0.67675781 0.36938477
v 0.10375982 0.67041016 0.38159180
v 0.10424810 0.66943359 0.37817383
v 0.10473638 0.66943359 0.37426758
v 0.10766607 0.67871094 0.38159180
v 0.10913091 0.67578125 0.38012695
v 0.10961919 0.67431641 0.37719727
v 0.10961919 0.67333984 0.37329102
v 0.10571294 0.68115234 0.38061523
v 0.10375982 0.68310547 0.37573242
v 0.10473638 0.68164062 0.36987305
v 0.11401372 0.67724609 0.37573236
v 0.11401372 0.67968750 0.37915033
v 0.11254888 0.68261719 0.38012695
v 0.11108404 0.68554688 0.37915039
v 0.10961919 0.68652344 0.37475580
v 0.10961919 0.68505859 0.36987305
v 0.11303716 0.67529297 0.37231445
v 0.11694341 0.68505859 0.37817377
v 0.11743169 0.68164062 0.37768549
v 0.11743169 0.67871094 0.37475580
v 0.11743169 0.67578125 0.37084955
v 0.11596685 0.68798828 0.37670892
v 0.11450201 0.68896484 0.37329096
v 0.11987310 0.68212891 0.37670892
v 0.11987310 0.68603516 0.37670892
v 0.11889654 0.68896484 0.37524408
v 0.11743169 0.68945312 0.37231439
v 0.11889654 0.67919922 0.37426752
v 0.12036138 0.67871094 0.37329096
v 0.12182622 0.68212891 0.37524408
v 0.12231451 0.68603516 0.37475580
v 0.12182622 0.68847656 0.37280267
v 0.12182622 0.67822266 0.37280267
v 0.12377935 0.68115234 0.37377924
v 0.12475591 0.68457031 0.37329096
v 0.12084966 0.68945312 0.37133783
v 0.01684575 0.61914062 0.34204102
v 0.02905278 0.61865234 0.34301758
v 0.04125981 0.61669922 0.34497070
v 0.04809575 0.61474609 0.34692383
v 0.04956060 0.61523438 0.34692383
v 0.05688481 0.62500000 0.34790039
v 0.05541997 0.60791016 0.33032227
v 0.06323247 0.61914062 0.33227539
v 0.06420903 0.63476562 0.34936523
v 0.07104497 0.62988281 0.33471680
v 0.07153325 0.64404297 0.35083008
v 0.08422857 0.62109375 0.36499023
v 0.08813482 0.63134766 0.36499023
v 0.09497076 0.62500000 0.35961914
v 0.07885747 0.65283203 0.35327148
v 0.08618169 0.66113281 0.35571289
v 0.07788090 0.63964844 0.33813477
v 0.08520512 0.64892578 0.34155273
v 0.09252935 0.64160156 0.36499023
v 0.09838872 0.63574219 0.36010742
v 0.09692388 0.65087891 0.36547852
v 0.10180669 0.64550781 0.36108398
v 0.09204106 0.65771484 0.34545898
v 0.08081059 0.62109375 0.32446289
v 0.08715825 0.63232422 0.32885742
v 0.09790044 0.62304688 0.32446289
v 0.09350590 0.64257812 0.33374023
v 0.10278325 0.63525391 0.33032227
v 0.09936528 0.65234375 0.33959961
v 0.10717778 0.64648438 0.33666992
v 0.10620122 0.62841797 0.35620117
v 0.11547857 0.62158203 0.35424799
v 0.10815435 0.63769531 0.35717773
v 0.11694341 0.63476562 0.35620111
v 0.12377935 0.62939453 0.35717767
v 0.13012700 0.62402344 0.35961908
v 0.10229497 0.65966797 0.36694336
v 0.10620122 0.65478516 0.36254883
v 0.10961919 0.64746094 0.35913086
v 0.11694341 0.65722656 0.36157221
v 0.11108404 0.66210938 0.36401367
v 0.10717779 0.66650391 0.36791992
v 0.11743169 0.64746094 0.35864252
v 0.12377935 0.64306641 0.35961908
v 0.12329107 0.65478516 0.36206049
v 0.12182622 0.66601562 0.36547846
v 0.11547857 0.66650391 0.36547846
v 0.12963872 0.63867188 0.36206049
v 0.12866215 0.65185547 0.36401361
v 0.12670903 0.66455078 0.36694330
v 0.12475590 0.64599609 0.34497064
v 0.12377934 0.63232422 0.34008783
v 0.11547856 0.63964844 0.33715814
v 0.11743169 0.65185547 0.34301752
v 0.11889653 0.66357422 0.34936517
v 0.12475590 0.65869141 0.35034174
v 0.13012700 0.62646484 0.34497064
v 0.13012700 0.64160156 0.34887689
v 0.12915044 0.65576172 0.35278314
v 0.11303715 0.62646484 0.33081055
v 0.12231450 0.61767578 0.33520502
v 0.11108403 0.65722656 0.34301758
v 0.10473637 0.66210938 0.34545898
v 0.09936528 0.66552734 0.34985352
v 0.10913090 0.67089844 0.35229492
v 0.11450200 0.66699219 0.34985346
v 0.09350590 0.66894531 0.35864258
v 0.10131840 0.67578125 0.36157227
v 0.10620122 0.67285156 0.35473633
v 0.10522466 0.66845703 0.37182617
v 0.11254888 0.67236328 0.36938477
v 0.10815434 0.68066406 0.36401367
v 0.11303715 0.67919922 0.35961914
v 0.11206059 0.68457031 0.36645508
v 0.11596684 0.68359375 0.36303705
v 0.11743169 0.67626953 0.35668939
v 0.12036138 0.67285156 0.36840814
v 0.12426763 0.67382812 0.37036127
v 0.11352544 0.68701172 0.36889642
v 0.11645512 0.68750000 0.36840814
v 0.11938481 0.68750000 0.36743158
v 0.11987309 0.68115234 0.36108392
v 0.12182622 0.68603516 0.36596674
v 0.12329107 0.67675781 0.37182611
v 0.12524419 0.67871094 0.37280267
v 0.12670903 0.67529297 0.37133783
v 0.12915044 0.66503906 0.36840814
v 0.12377934 0.68750000 0.36938471
v 0.12670903 0.68212891 0.37182611
v 0.12426763 0.68701172 0.37133783
v 0.12670903 0.68408203 0.36987299
v 0.12622075 0.68457031 0.36743158
v 0.12426762 0.68359375 0.36450189
v 0.12084965 0.67333984 0.35571283
v 0.12329106 0.67724609 0.35913080
v 0.12670903 0.67871094 0.36254877
v 0.12817387 0.67968750 0.36547846
v 0.12377934 0.67041016 0.35571283
v 0.12719731 0.66894531 0.35717767
v 0.13012700 0.66796875 0.35961908
v 0.13305669 0.62255859 0.36108392
v 0.13598637 0.62207031 0.36108392
v 0.13745122 0.62158203 0.35815424
v 0.13256840 0.63769531 0.36303705
v 0.13549809 0.63769531 0.36303705
v 0.13647465 0.63769531 0.36059564
v 0.13696294 0.62158203 0.35522455
v 0.13500981 0.62304688 0.35083002
v 0.13647465 0.63769531 0.35717767
v 0.13452153 0.63867188 0.35327142
v 0.13159184 0.65185547 0.36547846
v 0.13403325 0.65234375 0.36547846
v 0.13500981 0.65283203 0.36303705
v 0.13452153 0.65283203 0.35961908
v 0.13159184 0.66650391 0.36791986
v 0.13256840 0.66748047 0.36547846
v 0.13305669 0.65380859 0.35620111
v 0.13159184 0.66796875 0.36254877
v 0.12866215 0.67773438 0.37036127
v 0.12915044 0.67919922 0.36791986
v 0.02856449 0.41992188 0.22338866
v 0.05053715 0.41308594 0.22290038
v 0.04858402 0.40820312 0.20288084
v 0.04418949 0.40429688 0.17700194
v 0.07348637 0.38867188 0.20288083
v 0.06811527 0.38476562 0.17602536
v 0.03930667 0.40283203 0.15063475
v 0.06274417 0.38330078 0.14916989
v 0.05786136 0.38330078 0.12084959
v 0.03491214 0.40234375 0.12231443
v 0.03100588 0.40234375 0.09399412
v 0.05395510 0.38378906 0.09204099
v 0.05053713 0.38427734 0.06567381
v 0.02709963 0.40283203 0.06518553
v 0.04809572 0.38476562 0.03540037
v 0.04516603 0.38427734 0.00610349
v 0.04174806 0.38281250 -0.02026369
v 0.01049807 0.00634766 -0.06030273
v 0.01391604 0.00634766 -0.05541992
v 0.01196291 0.01025391 -0.05297852
v 0.00854494 0.01025391 -0.05932617
v 0.00659182 0.01708984 -0.05883789
v 0.01049807 0.01757812 -0.05200195
v 0.01831057 0.00634766 -0.05297852
v 0.01733401 0.01025391 -0.04956055
v 0.01586916 0.01806641 -0.04809571
v 0.01586916 0.00341797 -0.05883789
v 0.01342776 0.00341797 -0.06225586
v 0.00561526 0.00976562 -0.06665039
v 0.00854494 0.00634766 -0.06713867
v 0.01147463 0.00341797 -0.06762695
v 0.01928713 0.00341797 -0.05737305
v 0.01391604 0.00341797 -0.06811523
v 0.01489260 0.00341797 -0.06372070
v 0.00415041 0.01660156 -0.06665039
v 0.01000979 0.02539062 -0.05395508
v 0.00610354 0.02392578 -0.06030273
v 0.00366213 0.02343750 -0.06762695
v 0.00952151 0.03076172 -0.05786133
v 0.00659182 0.02929688 -0.06274414
v 0.00415041 0.02832031 -0.06909180
v 0.01489260 0.02587891 -0.05004883
v 0.01440432 0.03173828 -0.05444336
v 0.02026369 0.01757812 -0.04858399
v 0.01977541 0.02539062 -0.05004883
v 0.01879885 0.03125000 -0.05395508
v 0.00952150 0.03417969 -0.06225586
v 0.01342775 0.03564453 -0.05932617
v 0.01879885 0.03564453 -0.05737305
v 0.00659182 0.03222656 -0.06567383
v 0.02856448 0.01025391 -0.04467774
v 0.02270510 0.01025391 -0.05004883
v 0.02368166 0.00634766 -0.05249024
v 0.02905276 0.00634766 -0.04711914
v 0.02758791 0.01708984 -0.04418946
v 0.02172854 0.01708984 -0.04809571
v 0.03393557 0.00634766 -0.04614258
v 0.03344729 0.01025391 -0.04370118
v 0.03295901 0.01708984 -0.04272461
v 0.02661135 0.02539062 -0.04565430
v 0.02124026 0.02490234 -0.04956055
v 0.03198244 0.02539062 -0.04516602
v 0.02026369 0.03076172 -0.05297852
v 0.02465823 0.03271484 -0.04956055
v 0.03051760 0.03320312 -0.04907227
v 0.02124026 0.01025391 -0.05053711
v 0.02172854 0.00634766 -0.05297852
v 0.02221682 0.00341797 -0.05688477
v 0.02319338 0.00634766 -0.05395508
v 0.02221682 0.01025391 -0.05151368
v 0.02368166 0.00341797 -0.05688477
v 0.02465823 0.00341797 -0.05541993
v 0.02124026 0.01757812 -0.04956055
v 0.02319338 0.00048828 -0.06323242
v 0.02368166 0.00341797 -0.05883789
v 0.02954104 0.00341797 -0.05102539
v 0.03344729 0.00341797 -0.05004883
v 0.03002932 0.00341797 -0.05444336
v 0.03295901 0.00341797 -0.05493164
v 0.02075198 0.02490234 -0.05102539
v 0.01977541 0.03076172 -0.05444336
v 0.02270510 0.03759766 -0.05541993
v 0.03735354 0.01025391 -0.04614258
v 0.03686526 0.00634766 -0.04858399
v 0.03637698 0.00341797 -0.05151368
v 0.03735354 0.01708984 -0.04467774
v 0.03784182 0.01660156 -0.04614258
v 0.03784182 0.01025391 -0.04760743
v 0.03735354 0.00634766 -0.05004883
v 0.03881838 0.01025391 -0.04614258
v 0.03881838 0.01660156 -0.04516602
v 0.04467776 0.01660156 -0.04418946
v 0.04418948 0.01025391 -0.04565430
v 0.03833010 0.00634766 -0.04907227
v 0.04272463 0.00634766 -0.04809571
v 0.03637698 0.02539062 -0.04663086
v 0.03735354 0.02490234 -0.04809571
v 0.03833010 0.02490234 -0.04711914
v 0.04418948 0.02539062 -0.04614259
v 0.04956057 0.01660156 -0.04663087
v 0.04907229 0.01025391 -0.04809571
v 0.04760744 0.00634766 -0.05053712
v 0.04907229 0.02490234 -0.04858399
v 0.03540041 0.03271484 -0.05053711
v 0.03588869 0.03173828 -0.05200196
v 0.03686526 0.03222656 -0.05102539
v 0.04272463 0.03320312 -0.05053712
v 0.04809573 0.03222656 -0.05346680
v 0.03637698 0.00341797 -0.05444336
v 0.03686526 0.00341797 -0.05297852
v 0.03784182 0.00341797 -0.05200196
v 0.04125979 0.00341797 -0.05151368
v 0.03979494 0.00341797 -0.05590821
v 0.03540041 0.00341797 -0.06079102
v 0.02368166 0.00048828 -0.06616211
v 0.03442385 0.00341797 -0.06665040
v 0.04418948 0.00048828 -0.06958009
v 0.04565432 0.00097656 -0.06713868
v 0.04565432 0.00341797 -0.05395509
v 0.04321291 0.00341797 -0.05737305
v 0.05053713 0.00634766 -0.05737305
v 0.04809573 0.00341797 -0.06127930
v 0.04077151 0.03808594 -0.05688477
v 0.03491213 0.03710938 -0.05541993
v 0.05249026 0.01025391 -0.05541993
v 0.05346682 0.01611328 -0.05444337
v 0.05346682 0.02294922 -0.05541993
v 0.05200198 0.01025391 -0.05688477
v 0.05297854 0.01562500 -0.05590821
v 0.05297854 0.02197266 -0.05688477
v 0.05053713 0.00634766 -0.05932618
v 0.04809573 0.00341797 -0.06274415
v 0.05151369 0.00634766 -0.05932618
v 0.05346682 0.01025391 -0.05639649
v 0.04956057 0.00341797 -0.06274415
v 0.05737307 0.00976562 -0.05786134
v 0.05493166 0.00634766 -0.06079102
v 0.05200198 0.00341797 -0.06420899
v 0.05444338 0.01562500 -0.05541993
v 0.05883791 0.01562500 -0.05688477
v 0.05444338 0.02197266 -0.05590821
v 0.05932619 0.02148438 -0.05737305
v 0.05444338 0.00341797 -0.06713868
v 0.05786135 0.00634766 -0.06469727
v 0.06079104 0.01025391 -0.06323243
v 0.06225588 0.01562500 -0.06274415
v 0.06225588 0.02148438 -0.06372071
v 0.05249026 0.02880859 -0.05834962
v 0.04663088 0.03710938 -0.05981446
v 0.05102541 0.03466797 -0.06372071
v 0.05249026 0.02783203 -0.05981446
v 0.05395510 0.02783203 -0.05932618
v 0.05834963 0.02783203 -0.06127930
v 0.05200197 0.03271484 -0.06469727
v 0.05346682 0.03369141 -0.06616212
v 0.06030275 0.02734375 -0.06616212
v 0.05590822 0.03417969 -0.06958009
v 0.00561525 0.03271484 -0.07055664
v 0.00903322 0.03564453 -0.06713867
v 0.01293947 0.03759766 -0.06469727
v 0.01684572 0.03906250 -0.06323242
v 0.02075197 0.04052734 -0.06176758
v 0.02905275 0.03808594 -0.05444336
v 0.02661135 0.04101562 -0.06127930
v 0.02465822 0.04150391 -0.06665039
v 0.01879885 0.04101562 -0.06713867
v 0.03247072 0.04101562 -0.06176758
v 0.03051760 0.04150391 -0.06713868
v 0.03930666 0.04101562 -0.06372071
v 0.03784182 0.04199219 -0.06860352
v 0.04516603 0.04003906 -0.06713868
v 0.05053713 0.03759766 -0.07104493
v 0.01489260 0.00341797 -0.07250977
v 0.02465822 0.00146484 -0.07055664
v 0.03295901 0.00341797 -0.07055665
v 0.02319338 0.00146484 -0.08911133
v 0.03002932 0.00097656 -0.09008790
v 0.03051760 0.00097656 -0.08569337
v 0.02368166 0.00146484 -0.08471680
v 0.02612307 0.00146484 -0.07983398
v 0.03100588 0.00146484 -0.07983399
v 0.03588869 0.00146484 -0.08081055
v 0.03784182 0.00146484 -0.08666993
v 0.03735353 0.00195312 -0.09106446
v 0.02368166 0.00146484 -0.09643555
v 0.02856447 0.00146484 -0.09741212
v 0.03393557 0.00195312 -0.09790040
v 0.00708010 0.00634766 -0.07446289
v 0.00415041 0.00976562 -0.07495117
v 0.00219728 0.01611328 -0.07543945
v 0.00219728 0.02294922 -0.07592773
v 0.01049807 0.00341797 -0.07348633
v 0.00366213 0.01025391 -0.08374023
v 0.00659182 0.00634766 -0.08276367
v 0.01000979 0.00341797 -0.08129883
v 0.00219728 0.01611328 -0.08471680
v 0.00170900 0.02294922 -0.08520508
v 0.01733400 0.00341797 -0.07690430
v 0.02661135 0.00341797 -0.07543945
v 0.00268557 0.02783203 -0.07641602
v 0.00415041 0.03222656 -0.07592773
v 0.00219728 0.02783203 -0.08422852
v 0.00366213 0.03222656 -0.08178711
v 0.00854494 0.03662109 -0.07250977
v 0.00805666 0.03759766 -0.07641602
v 0.00463869 0.01025391 -0.09008789
v 0.00708010 0.00634766 -0.08911133
v 0.01098635 0.00341797 -0.08764648
v 0.00317385 0.01708984 -0.09106445
v 0.00219728 0.02343750 -0.09204102
v 0.01245119 0.00341797 -0.09350586
v 0.00903322 0.00683594 -0.09497070
v 0.00659181 0.01074219 -0.09643555
v 0.00512697 0.01708984 -0.09790039
v 0.01684572 0.00341797 -0.08520508
v 0.01538088 0.00341797 -0.09204102
v 0.01293947 0.00683594 -0.10131836
v 0.01538088 0.00341797 -0.09887695
v 0.01879884 0.00341797 -0.09643555
v 0.00219728 0.02929688 -0.09301758
v 0.00317385 0.03369141 -0.08618164
v 0.00805666 0.03808594 -0.07934570
v 0.00366213 0.02343750 -0.09985352
v 0.00317384 0.02783203 -0.10083008
v 0.00366213 0.04101562 -0.08862305
v 0.00219728 0.03906250 -0.09643555
v 0.00268556 0.03710938 -0.10424805
v 0.01977541 0.00341797 -0.08081055
v 0.03295900 0.00341797 -0.07495118
v 0.03833010 0.00341797 -0.07788087
v 0.01098634 0.01123047 -0.10327148
v 0.00952150 0.01660156 -0.10571289
v 0.01879884 0.00732422 -0.10571289
v 0.02075197 0.00341797 -0.10278320
v 0.01782228 0.01123047 -0.10864258
v 0.01635744 0.01660156 -0.11157227
v 0.00805666 0.02294922 -0.10815430
v 0.01538087 0.02246094 -0.11401367
v 0.00756837 0.02636719 -0.10961914
v 0.00659181 0.03515625 -0.11254883
v 0.01489259 0.02587891 -0.11547852
v 0.01391603 0.03417969 -0.11889648
v 0.02612306 0.01708984 -0.11401367
v 0.02514650 0.02246094 -0.11694336
v 0.02465822 0.02587891 -0.11840820
v 0.02416993 0.03417969 -0.12182617
v 0.02758791 0.00341797 -0.10424805
v 0.02709962 0.00781250 -0.10815430
v 0.02661134 0.01171875 -0.11108398
v 0.03491212 0.00341797 -0.10375977
v 0.03540041 0.00732422 -0.10717774
v 0.03588869 0.01123047 -0.11059571
v 0.03588869 0.01708984 -0.11352540
v 0.03540041 0.02246094 -0.11596680
v 0.03540041 0.02587891 -0.11743165
v 0.03442384 0.03515625 -0.12084962
v 0.04174807 0.00146484 -0.07397462
v 0.05297854 0.00341797 -0.06909180
v 0.05249025 0.00341797 -0.07250977
v 0.05102541 0.00341797 -0.07690430
v 0.04223635 0.00341797 -0.08227540
v 0.04760744 0.00341797 -0.08081055
v 0.04370119 0.00341797 -0.09497071
v 0.04565432 0.00341797 -0.08959962
v 0.03930666 0.00341797 -0.09887696
v 0.05151369 0.00341797 -0.08422852
v 0.04809572 0.00341797 -0.09155274
v 0.04516603 0.00341797 -0.09643555
v 0.05541994 0.00341797 -0.07250977
v 0.05883791 0.00634766 -0.07202149
v 0.05395510 0.00341797 -0.07836915
v 0.06127932 0.01025391 -0.07153321
v 0.06225588 0.01562500 -0.07104493
v 0.06225588 0.02148438 -0.07153321
v 0.05737307 0.00634766 -0.07934571
v 0.05981447 0.01025391 -0.08032227
v 0.06127932 0.01562500 -0.08081055
v 0.06127932 0.02197266 -0.08081055
v 0.06079103 0.02734375 -0.07299805
v 0.05834963 0.03222656 -0.07446290
v 0.05981447 0.02783203 -0.07983399
v 0.05786135 0.02832031 -0.08666993
v 0.05590822 0.03320312 -0.08178712
v 0.05346682 0.03613281 -0.07641602
v 0.05444338 0.00634766 -0.08666993
v 0.05151369 0.00634766 -0.09399415
v 0.04809572 0.00683594 -0.09887696
v 0.05737307 0.01025391 -0.08862305
v 0.05395510 0.01025391 -0.09594727
v 0.05883791 0.01611328 -0.08959962
v 0.05883791 0.02246094 -0.08911134
v 0.05493166 0.01660156 -0.09741212
v 0.05541994 0.02294922 -0.09692384
v 0.05493166 0.02880859 -0.09399415
v 0.05346682 0.03466797 -0.08813477
v 0.04125978 0.00341797 -0.10083009
v 0.04272462 0.00683594 -0.10424805
v 0.04370119 0.01123047 -0.10717774
v 0.05004884 0.01074219 -0.10131837
v 0.04418947 0.01660156 -0.10961915
v 0.05102541 0.01660156 -0.10278321
v 0.04370119 0.02294922 -0.11157227
v 0.05102541 0.02343750 -0.10375977
v 0.04370119 0.02685547 -0.11303712
v 0.04272462 0.03662109 -0.11596680
v 0.04956056 0.02929688 -0.10571290
v 0.04760744 0.03857422 -0.10864259
v 0.05200197 0.02978516 -0.09838868
v 0.05151369 0.03222656 -0.09936524
v 0.05151369 0.03515625 -0.09204102
v 0.05004884 0.04296875 -0.09399415
v 0.05004884 0.04101562 -0.10131837
v 0.01635744 0.04101562 -0.07153320
v 0.00805666 0.04296875 -0.08178711
v 0.01489260 0.04199219 -0.07446289
v 0.01391603 0.04541016 -0.07690430
v 0.02319338 0.04199219 -0.07055664
v 0.02221682 0.04345703 -0.07299805
v 0.02124025 0.04638672 -0.07495117
v 0.00659181 0.05761719 -0.08520508
v 0.01293947 0.05859375 -0.07983398
v 0.01977541 0.05957031 -0.07690430
v 0.01147463 0.07031250 -0.08129883
v 0.01831056 0.07080078 -0.07836914
v 0.02905275 0.04248047 -0.07104493
v 0.02856447 0.04345703 -0.07348634
v 0.02758791 0.04687500 -0.07495117
v 0.02612306 0.05957031 -0.07739258
v 0.03637697 0.04248047 -0.07299805
v 0.03540041 0.04345703 -0.07543946
v 0.03442385 0.04687500 -0.07690430
v 0.03295900 0.05957031 -0.07934571
v 0.02514650 0.07128906 -0.07788086
v 0.03149416 0.07128906 -0.08032227
v 0.00952150 0.08300781 -0.08227539
v 0.01684572 0.08300781 -0.07885742
v 0.01440431 0.09912109 -0.07836915
v 0.02368166 0.08349609 -0.07836914
v 0.03051759 0.08349609 -0.08081055
v 0.02221681 0.09912109 -0.07739259
v 0.03002931 0.09960938 -0.07983400
v 0.03784181 0.07128906 -0.08471680
v 0.03686525 0.08398438 -0.08569337
v 0.03637697 0.10009766 -0.08569337
v 0.00512697 0.05322266 -0.11743164
v 0.01245118 0.05273438 -0.12329102
v 0.02221681 0.05322266 -0.12670898
v 0.01147462 0.06835938 -0.12670898
v 0.02075196 0.06835938 -0.13012695
v 0.03198243 0.05371094 -0.12573242
v 0.01000977 0.08349609 -0.12915039
v 0.04418947 0.04101562 -0.07202149
v 0.04272463 0.04150391 -0.07641602
v 0.04174807 0.04248047 -0.07885743
v 0.04077150 0.04638672 -0.08032227
v 0.03881837 0.05957031 -0.08325196
v 0.04956057 0.03857422 -0.07641602
v 0.04907228 0.03906250 -0.08227540
v 0.04760744 0.04003906 -0.08471680
v 0.04614259 0.04492188 -0.08618165
v 0.04418947 0.05908203 -0.08959962
v 0.04809572 0.05810547 -0.09790040
v 0.04321291 0.07128906 -0.09155274
v 0.04663087 0.07128906 -0.10083009
v 0.04174806 0.08447266 -0.09350587
v 0.04516603 0.08447266 -0.10278321
v 0.04125978 0.10058594 -0.09399416
v 0.04467775 0.10156250 -0.10424806
v 0.04028321 0.05468750 -0.12084962
v 0.04516603 0.05566406 -0.11401368
v 0.04809572 0.05712891 -0.10620118
v 0.04711915 0.07080078 -0.10913087
v 0.04418946 0.07031250 -0.11743165
v 0.03881837 0.06933594 -0.12524414
v 0.03051759 0.06884766 -0.12963867
v 0.04565431 0.08496094 -0.11206055
v 0.04516603 0.10205078 -0.11401369
v 0.04321290 0.08496094 -0.12036134
v 0.03735353 0.08447266 -0.12817383
v 0.04223634 0.10205078 -0.12329103
v 0.03637696 0.10253906 -0.13110352
v 0.01977540 0.08398438 -0.13305664
v 0.01831055 0.10205078 -0.13696289
v 0.02905274 0.08447266 -0.13256836
v 0.02807618 0.10205078 -0.13598633
v 0.01342775 0.14550781 -0.04028321
v 0.02416994 0.14111328 -0.03540040
v 0.02954103 0.14111328 -0.03540040
v 0.01586916 0.13330078 -0.05444337
v 0.01293947 0.12109375 -0.06811524
v 0.02465822 0.13134766 -0.05249024
v 0.03442385 0.13281250 -0.05444337
v 0.03881838 0.14355469 -0.03833009
v 0.02172853 0.12011719 -0.06616212
v 0.03100587 0.12011719 -0.06811525
v 0.04223634 0.13623047 -0.05932618
v 0.04663088 0.14794922 -0.04418947
v 0.05200197 0.15283203 -0.05200197
v 0.06030275 0.17138672 -0.03442384
v 0.04760744 0.14062500 -0.06665041
v 0.03930666 0.12304688 -0.07446291
v 0.04467775 0.12744141 -0.08374025
v 0.05053712 0.14599609 -0.07836916
v 0.05541994 0.15820312 -0.06225587
v 0.06274416 0.17822266 -0.04760744
v 0.06909181 0.20214844 -0.03491212
v 0.05102540 0.15185547 -0.08959962
v 0.05590821 0.16406250 -0.07495119
v 0.06079103 0.18505859 -0.06274416
v 0.01293947 0.11035156 -0.07543946
v 0.02124025 0.11035156 -0.07348634
v 0.03002931 0.11083984 -0.07543947
v 0.03735353 0.11279297 -0.08178712
v 0.01538087 0.16406250 -0.11547852
v 0.01391602 0.14794922 -0.12963867
v 0.01342774 0.12841797 -0.13745117
v 0.04223634 0.11572266 -0.09106447
v 0.04516603 0.11914062 -0.10180666
v 0.04711915 0.13232422 -0.09448244
v 0.04614259 0.13818359 -0.10668947
v 0.04223634 0.14257812 -0.11694337
v 0.04858400 0.15673828 -0.09985353
v 0.05200196 0.16992188 -0.08862306
v 0.04467775 0.12207031 -0.11303712
v 0.04174805 0.12500000 -0.12231447
v 0.03588868 0.12695312 -0.13012695
v 0.03637696 0.14550781 -0.12329103
v 0.04174805 0.16162109 -0.10913087
v 0.03295899 0.16406250 -0.11450197
v 0.02954102 0.14697266 -0.12768555
v 0.02758790 0.12792969 -0.13549805
v 0.04467774 0.17431641 -0.10034181
v 0.01538087 0.19628906 -0.10327149
v 0.01538087 0.21777344 -0.10083009
v 0.01586915 0.23388672 -0.10229493
v 0.01538087 0.17626953 -0.10815430
v 0.02319337 0.16503906 -0.11694337
v 0.02563477 0.17675781 -0.10961915
v 0.02758790 0.19726562 -0.10571290
v 0.02075196 0.14794922 -0.13012695
v 0.03540040 0.17626953 -0.10668947
v 0.03833009 0.19628906 -0.10180666
v 0.02954102 0.21826172 -0.10375978
v 0.03002930 0.23583984 -0.10571291
v 0.03881837 0.21728516 -0.09936525
v 0.03979493 0.23535156 -0.10180666
v 0.05590821 0.19042969 -0.07836916
v 0.05834962 0.21289062 -0.07202150
v 0.06469728 0.20849609 -0.05395509
v 0.04809571 0.19433594 -0.09301759
v 0.04858399 0.21582031 -0.08862306
v 0.05102540 0.23437500 -0.08862306
v 0.06127931 0.23291016 -0.07006837
v 0.06909181 0.23046875 -0.05004885
v 0.02905274 0.25146484 -0.10961916
v 0.02661133 0.26855469 -0.11352541
v 0.04028321 0.25292969 -0.10522462
v 0.02319336 0.28857422 -0.11645509
v 0.03833008 0.27246094 -0.10766604
v 0.03540039 0.29443359 -0.10913088
v 0.05249024 0.25488281 -0.09106447
v 0.06420899 0.25537109 -0.07055666
v 0.07202150 0.25439453 -0.04858401
v 0.05102540 0.27587891 -0.09301760
v 0.06323243 0.27832031 -0.07153323
v 0.04809571 0.29980469 -0.09448244
v 0.06030274 0.30419922 -0.07299807
v 0.03051758 0.31640625 -0.10864260
v 0.02221680 0.33691406 -0.10522462
v 0.04272461 0.32373047 -0.09399416
v 0.03295899 0.34667969 -0.09008791
v 0.01684570 0.37255859 -0.08325197
v 0.05541993 0.32910156 -0.07250979
v 0.07202150 0.27832031 -0.04858401
v 0.06958009 0.30517578 -0.04907229
v 0.06469727 0.33154297 -0.04907229
v 0.05395509 0.35693359 -0.04760744
v 0.04467774 0.35302734 -0.06958010
v 0.02026368 0.12841797 -0.13745117
v 0.03588868 0.37939453 -0.04467775
v 0.02709961 0.37646484 -0.06518556

# 0 UV coordinates

# 5022 vertex normals
vn -0.54407090 -0.68444127 0.48531142
vn -0.69218487 -0.65882671 0.29466519
vn -0.34053957 -0.90243000 0.26391828
vn -0.36417174 -0.92256862 0.12746023
vn 0.00000004 -1.00000000 0.00000004
vn 0.00000010 -0.87789559 0.47885215
vn 0.07663049 -0.93552947 0.34483683
vn -0.16886935 -0.92596740 0.33773893
vn -0.01872116 -0.98848063 0.15018587
vn 0.39010781 -0.88790148 0.24381734
vn 0.25751916 -0.92212629 0.28873348
vn 0.17110087 0.70535445 0.68789506
vn 0.00000007 0.64988387 0.76003361
vn -0.06532477 0.89886904 0.43332103
vn -0.26284680 0.68108267 0.68340188
vn -0.71436810 0.68405652 0.14746135
vn -0.92387360 0.36841968 0.10355931
vn -0.83467734 0.41769689 0.35894719
vn -0.89545858 0.44368240 -0.03605369
vn -0.99103975 0.13177507 -0.02181093
vn -0.89619815 0.44291672 -0.02556608
vn -0.98610783 0.09878031 -0.13354413
vn -0.92704582 0.36974213 -0.06226416
vn -0.86189520 0.48477525 0.14876021
vn -0.95586795 0.28609192 -0.06684380
vn -0.71216935 0.70189381 0.01264680
vn -0.55985975 0.77067834 0.30432215
vn -0.97036725 0.04218983 -0.23792312
vn -0.98449355 0.14749077 -0.09496808
vn -0.49242207 0.79976714 0.34335557
vn -0.46922576 0.77373809 0.42562521
vn -0.42048278 0.89562827 0.14506656
vn -0.07432123 -0.96101564 0.26631799
vn -0.05840086 -0.96037102 0.27253777
vn -0.20606285 -0.96759969 0.14590797
vn -0.09501979 -0.84726065 0.52260947
vn -0.02695968 -0.94583827 0.32351714
vn -0.30390224 -0.88427132 0.35455275
vn -0.47081211 -0.85443687 0.21971245
vn 0.02777185 -0.97201222 0.23328298
vn 0.02239825 -0.97032112 0.24078047
vn -0.01358863 -0.99740791 -0.07066101
vn 0.03778488 -0.98360586 -0.17632930
vn -0.13053331 -0.98547691 -0.10861166
vn -0.00950687 -0.99995446 -0.00086422
vn -0.11432941 0.65706605 0.74511278
vn -0.31604633 0.54179388 0.77882874
vn -0.81139553 0.41540751 0.41118598
vn -0.16807444 -0.98010892 0.10553523
vn -0.11907413 -0.99274635 0.01661506
vn -0.19762237 -0.95836264 0.20612241
vn 0.13998999 -0.81660771 0.55995959
vn 0.20394976 -0.96846294 0.14312261
vn 0.05722839 -0.85524487 0.51505458
vn 0.22867714 -0.92057174 0.31662977
vn -0.20206237 -0.97844106 0.04270726
vn 0.02057996 -0.99812621 -0.05762374
vn 0.12825264 -0.98738074 -0.09290090
vn -0.01374197 -0.98893279 -0.14772639
vn 0.14302137 -0.98967707 0.00917786
vn -0.00161796 -0.99992508 0.01213506
vn 0.16810013 -0.96419656 0.20510325
vn 0.20252773 -0.97780132 0.05373185
vn 0.11529209 -0.99301541 0.02506352
vn -0.20096736 -0.91561425 -0.34822786
vn -0.17616564 -0.97661424 -0.12324892
vn -0.18819483 -0.97839934 -0.08554304
vn 0.22118787 -0.91172564 -0.34616801
vn 0.28589991 -0.91825491 -0.27398741
vn 0.18251784 -0.97627610 -0.11650071
vn -0.32941318 -0.89712524 -0.29436916
vn 0.44942304 -0.86056179 0.23969224
vn 0.40784931 0.80943996 0.42245248
vn 0.70362645 0.46736610 0.53523707
vn 0.11651237 0.60944897 0.78421736
vn 0.01973402 0.70647562 0.70746219
vn 0.75106657 0.52062571 0.40601474
vn 0.90067363 0.38737914 0.19678570
vn 0.70342183 0.68375903 0.19409102
vn 0.92462194 0.37907383 0.03711198
vn 0.75214237 0.65720636 0.04859810
vn 0.94896603 0.30932879 -0.06147557
vn 0.96726853 0.24822900 -0.05266864
vn 0.97294039 -0.01905885 -0.23026894
vn 0.98999703 0.08435915 -0.11309025
vn -0.10735788 0.97845840 0.17633386
vn -0.26046792 0.86254966 0.43377933
vn -0.27117264 0.94666111 0.17406349
vn -0.06286605 0.97961676 0.19078471
vn 0.00878501 0.98450881 0.17511486
vn -0.04285355 0.85657328 0.51424289
vn 0.37190196 0.90749830 0.19528435
vn 0.30962747 0.80359960 0.50828999
vn 0.19636899 0.96451837 0.17647533
vn -0.41300920 -0.18171892 0.89241350
vn -0.29686469 -0.24936642 0.92178512
vn -0.44994038 0.02296682 0.89276326
vn -0.36365664 0.00513573 0.93151891
vn -0.43784553 0.15090190 0.88629562
vn -0.87492973 -0.20969979 -0.43649060
vn -0.70946407 -0.29771405 -0.63876998
vn -0.72349960 -0.12933318 -0.67810118
vn 0.74277961 -0.31458890 0.59102643
vn 0.32298532 -0.35666242 0.87662566
vn 0.41788411 -0.30095029 0.85720581
vn 0.84722340 -0.21899985 0.48399541
vn -0.97656029 0.21012741 -0.04665231
vn -0.98691970 0.15837812 0.03010081
vn -0.93895084 0.34363553 -0.01691035
vn -0.87648863 0.46608999 -0.12053144
vn -0.92361820 0.38105541 -0.04154979
vn -0.97066712 0.23703216 -0.04026497
vn -0.40140712 -0.35123134 0.84587759
vn -0.80289233 -0.11500785 0.58492488
vn -0.77551484 -0.22510378 0.58983475
vn -0.97012413 0.03721431 0.23973790
vn -0.95119286 0.22013822 0.21626675
vn -0.93792176 0.14831623 0.31353661
vn -0.71032923 -0.68696201 0.15334800
vn -0.66185528 -0.69716924 0.27550459
vn -0.75010163 -0.62289274 0.22215354
vn -0.57258791 -0.74991775 0.33131021
vn -0.60348052 -0.67690617 0.42143723
vn -0.47828791 -0.87751901 0.03465686
vn -0.54695982 -0.79697323 0.25625929
vn -0.62127066 -0.76551032 0.16738260
vn -0.74230957 -0.09497309 0.66329223
vn -0.75221264 -0.14632709 0.64246756
vn -0.71612990 0.09457289 0.69153017
vn -0.70690316 -0.05105812 0.70546514
vn -0.53249985 -0.70030379 0.47541401
vn -0.52254516 -0.61099696 0.59466749
vn -0.57308102 -0.59904981 0.55921161
vn -0.48025364 -0.72179776 0.49836177
vn -0.57469797 -0.51956266 0.63227910
vn -0.53469509 -0.58327299 0.61146849
vn -0.58479750 -0.53345567 0.61109483
vn -0.59481102 -0.57804346 0.55862832
vn -0.42258584 -0.60766011 0.67243612
vn -0.54433614 -0.48331925 0.68563896
vn -0.50254655 -0.30602843 0.80857515
vn -0.57810527 -0.27722013 0.76742655
vn -0.47733676 -0.58297342 0.65748888
vn -0.25214240 -0.22009046 0.94232929
vn -0.43424729 -0.26712379 0.86027563
vn -0.28521436 -0.63567662 0.71733403
vn -0.05080189 -0.65762597 0.75162983
vn 0.18717906 -0.64977211 0.73672259
vn 0.11758305 -0.22329962 0.96763194
vn -0.10309396 -0.19655319 0.97505820
vn -0.39929068 -0.81189126 0.42591026
vn -0.64250058 -0.59652352 0.48099142
vn -0.14987259 -0.95918506 0.23979633
vn 0.04850726 -0.48507121 0.87312824
vn 0.08247871 -0.90726471 0.41239309
vn -0.53156435 -0.56478721 0.63123286
vn -0.14988913 -0.98498589 -0.08565088
vn 0.16459151 -0.66255891 0.73070192
vn -0.14907511 -0.56897044 0.80873322
vn -0.04982249 -0.78937685 0.61188394
vn 0.22210963 -0.88069016 0.41839239
vn 0.06974404 -0.94690830 0.31384784
vn 0.39921671 -0.84539992 0.35485920
vn -0.26748696 0.30819166 0.91294509
vn -0.42264786 0.13057420 0.89683843
vn -0.27408177 0.23589018 0.93232775
vn -0.18129948 0.35009578 0.91900134
vn -0.05915399 0.28798708 0.95580566
vn -0.08458316 0.38666639 0.91833264
vn -0.14334601 -0.98802787 0.05703564
vn -0.14656641 -0.96726257 0.20717533
vn -0.27434009 -0.93135858 0.23939243
vn -0.02989543 -0.97857940 0.20368807
vn -0.00354175 -0.99907207 0.04292671
vn 0.09809300 -0.96800232 0.23097466
vn 0.13999817 -0.98619086 0.08847667
vn -0.65852034 0.03712604 0.75164676
vn -0.54369479 0.00646791 0.83925807
vn -0.60556024 0.07025158 0.79269254
vn -0.93488711 0.35347784 -0.03224191
vn -0.97710526 0.18884039 -0.09800418
vn -0.96781075 0.22794028 0.10670300
vn -0.91562402 -0.05332336 0.39848396
vn -0.90687907 -0.12744607 0.40165636
vn -0.83329606 -0.00715041 0.55278075
vn -0.51797611 0.16775677 0.83878386
vn -0.60642231 0.27452904 0.74624783
vn -0.48815477 0.34966832 0.79964805
vn -0.46343705 0.14256170 0.87458688
vn -0.38652387 0.24703465 0.88857931
vn -0.33924970 0.10204001 0.93514574
vn -0.46659353 0.02284953 0.88417679
vn -0.33265677 -0.01998159 0.94283628
vn -0.43815228 -0.05275320 0.89735150
vn -0.27533749 -0.06923691 0.95885116
vn -0.27113780 0.13859282 0.95251060
vn -0.54187304 0.03950192 0.83953166
vn -0.69390565 0.06408272 0.71720868
vn -0.48954305 0.24078076 0.83807665
vn -0.72800088 0.41377112 0.54663354
vn -0.68362790 0.26008704 0.68191475
vn -0.60985601 0.40434125 0.68160385
vn -0.25879586 0.02861689 0.96550810
vn -0.68749171 0.17576148 0.70460141
vn -0.47305453 0.16588546 0.86527532
vn -0.55238551 -0.19319892 0.81089127
vn -0.70282447 -0.12288652 0.70066881
vn 0.00912494 -0.08394813 0.99642837
vn -0.13609827 -0.00712139 0.99066973
vn -0.50343072 -0.31017068 0.80644381
vn -0.36775097 -0.05536035 0.92827499
vn 0.13981678 -0.19418976 0.97094893
vn -0.26814398 -0.41678914 0.86855376
vn -0.64868701 -0.68238509 0.33698040
vn -0.61354685 -0.50489807 0.60715592
vn -0.74373013 -0.62450629 0.23844798
vn -0.28194395 -0.12516205 0.95123190
vn -0.35882351 0.29241556 0.88641912
vn -0.30399686 0.15284202 0.94033253
vn -0.90294605 0.31563154 -0.29165941
vn -0.94378662 0.23953305 -0.22779545
vn -0.94117141 0.28018662 -0.18892294
vn -0.93173140 0.23407274 -0.27764466
vn -0.64728707 -0.02471117 -0.76184571
vn -0.62610441 -0.18771216 -0.75680745
vn -0.75621396 -0.18279639 -0.62827229
vn -0.83926040 0.21004638 -0.50152040
vn -0.81133240 -0.15133256 -0.56465757
vn -0.76227617 0.25853673 -0.59337509
vn -0.74936342 0.20373230 -0.63003778
vn -0.88953865 0.42983323 -0.15480462
vn -0.87342173 0.41068640 -0.26166993
vn -0.91120279 0.34119022 -0.23086517
vn -0.51612318 0.84277469 -0.15279956
vn -0.54590786 0.81119633 -0.20963120
vn -0.59398824 0.79810226 -0.10104854
vn -0.68057954 -0.10364596 -0.72530621
vn -0.22578450 0.97308195 0.04618318
vn -0.32918170 0.94111598 0.07707215
vn -0.25336522 0.93117404 0.26214680
vn -0.60825473 0.78244305 -0.13345075
vn -0.60415536 0.79004925 -0.10401204
vn -0.27380934 0.96107560 -0.03690690
vn -0.55197680 0.34951922 -0.75707191
vn -0.35539106 0.48403502 -0.79962963
vn -0.39071274 0.40252677 -0.82783812
vn -0.25717872 -0.27772027 0.92559743
vn -0.08097342 -0.32858214 0.94099802
vn -0.01681767 -0.23544925 0.97174114
vn -0.34344903 -0.40685514 0.84647012
vn -0.16812509 -0.43391144 0.88512993
vn -0.02303206 -0.47791806 0.87810254
vn 0.16720925 -0.35051984 0.92150807
vn -0.41687781 -0.55716562 0.71817786
vn -0.34027243 -0.60944331 0.71609598
vn -0.24880655 -0.59330815 0.76555908
vn -0.28182548 -0.68981737 0.66687816
vn -0.06651982 -0.56142837 0.82484740
vn 0.16921610 -0.38677931 0.90651405
vn -0.08011957 0.64095545 -0.76338518
vn -0.33355069 0.61418200 -0.71520931
vn -0.08583972 0.74852127 -0.65753138
vn -0.26273713 0.47233614 -0.84134877
vn -0.39613760 -0.64262336 0.65582800
vn -0.45860410 -0.72652560 0.51170588
vn -0.50708526 -0.74228668 0.43803558
vn -0.65996259 -0.69986743 0.27319399
vn -0.66538370 -0.59567690 0.44992626
vn -0.75016779 -0.65247726 0.10733926
vn -0.50873125 -0.49960029 0.70113623
vn 0.43802220 0.82935184 -0.34686038
vn 0.51864135 0.80449724 -0.28947434
vn 0.41776121 0.76826692 -0.48501706
vn 0.07203142 0.80342859 -0.59102798
vn 0.29264212 0.82666081 -0.48061681
vn 0.22010270 0.74534816 -0.62929404
vn 0.40229726 0.71770936 -0.56837523
vn 0.12885799 0.61282521 -0.77964163
vn 0.24695347 0.71704555 -0.65181267
vn -0.80276227 0.58227926 0.12854418
vn -0.94693160 0.31969380 0.03341229
vn -0.91576052 0.35154408 0.19442067
vn 0.72478420 -0.56545657 0.39363271
vn 0.50709611 -0.63452685 0.58329171
vn 0.30895612 -0.88866389 0.33885500
vn 0.38341978 0.54790127 0.74350083
vn -0.15296860 0.49714828 0.85407519
vn 0.03208387 0.83417976 0.55055857
vn -0.30609682 0.58557671 0.75060278
vn -0.02505627 -0.97093326 0.23803529
vn -0.04986817 -0.97630930 0.21055482
vn -0.19190440 -0.97253269 0.13173109
vn -0.00377766 -0.98929012 0.14591444
vn -0.41205466 -0.81266356 0.41205484
vn -0.03776266 -0.92518729 0.37762749
vn -0.41215378 -0.88441348 0.21895683
vn -0.18706200 -0.92283964 0.33671182
vn -0.40395284 -0.88084173 0.24686021
vn 0.05691424 -0.98018855 0.18971395
vn 0.08966103 -0.96534967 0.24507332
vn -0.13771082 -0.98655152 -0.08804458
vn -0.02623963 -0.99628705 -0.08199888
vn 0.01560287 -0.98883039 -0.14822699
vn -0.03225974 0.60679185 0.79420590
vn -0.62199742 0.47564512 0.62199754
vn -0.35933006 0.69051993 0.62774539
vn -0.36449796 0.78713673 0.49755096
vn -0.47947818 0.82796490 0.29081756
vn -0.68047094 0.60940599 0.40691972
vn -0.10748188 -0.99399287 0.02063659
vn -0.12555265 -0.99186635 0.02092551
vn -0.17395027 -0.98169988 0.07750269
vn -0.16072421 -0.98534089 -0.05719459
vn -0.13735476 -0.98946321 -0.04578486
vn 0.00000012 -0.78086883 0.62469512
vn 0.26170504 -0.87631512 0.40445313
vn -0.24361268 -0.87700599 0.41414177
vn 0.35943556 -0.91750640 0.17025892
vn 0.43900317 -0.78393406 0.43900305
vn 0.08014271 -0.84149730 0.53428406
vn 0.23231328 -0.88537139 0.40267619
vn 0.34547743 -0.89440250 0.28405914
vn 0.24047197 -0.96465170 0.10779777
vn 0.50236934 -0.85588837 0.12280135
vn 0.79865521 0.32421899 0.50698316
vn 0.50371760 0.44445670 0.74076098
vn 0.54337347 0.66625643 0.51073253
vn 0.13179800 0.62817979 0.76682431
vn 0.14741293 -0.97378570 0.17323704
vn 0.18602870 -0.98201662 0.03219729
vn 0.21986048 -0.96895629 0.11307109
vn 0.11286542 -0.99355733 0.01026052
vn 0.04296432 -0.99815238 -0.04296425
vn 0.27842981 -0.95793104 -0.06960744
vn 0.32490596 -0.93208826 -0.16014867
vn -0.57340676 0.80965346 0.12516387
vn -0.43096599 0.89161277 0.13890640
vn -0.54716200 0.83395040 0.07169713
vn 0.32956576 0.89284325 0.30694845
vn 0.47508168 0.82821727 0.29724354
vn 0.27476546 0.95226949 0.13299145
vn 0.61549526 0.76426429 0.19252448
vn 0.43172634 0.88431346 0.17776957
vn 0.67927444 0.73279893 0.03989995
vn 0.63161153 0.57659304 0.51827347
vn 0.77369153 0.63302040 0.02620333
vn -0.90740275 0.38034475 0.17876831
vn -0.99231279 0.12371177 -0.00327267
vn -0.92769027 0.31757027 -0.19631608
vn -0.05533845 -0.11029060 -0.99235761
vn -0.33561772 0.16929378 -0.92666095
vn 0.13510859 0.13923414 -0.98099935
vn 0.07421145 -0.30065921 -0.95084000
vn 0.04551136 -0.69745749 -0.71517956
vn 0.29694837 -0.52568525 -0.79716796
vn -0.31594718 -0.29292458 -0.90242594
vn -0.48156154 -0.51644564 -0.70808363
vn -0.23597002 -0.69076550 -0.68349189
vn -0.58716279 -0.53404236 0.60830808
vn -0.24966978 -0.65815413 0.71028042
vn -0.47980544 -0.57335371 0.66411775
vn -0.02010091 -0.69246018 0.72117603
vn 0.10127866 -0.71999830 0.68654579
vn -0.20794365 -0.64055151 0.73922479
vn -0.55690712 -0.50605923 0.65860343
vn 0.13512532 -0.64865887 0.74898791
vn -0.47261089 0.80198312 -0.36532459
vn -0.52734095 0.61077839 -0.59064490
vn -0.66881037 0.60497707 -0.43208271
vn 0.36279023 0.80707902 -0.46583977
vn 0.54000539 0.61324590 -0.57647532
vn 0.36297441 0.61918080 -0.69632232
vn -0.93796289 0.30036160 0.17322968
vn -0.89610082 0.37744850 0.23352940
vn -0.72822958 0.64844680 0.22180738
vn -0.66057801 0.66513371 0.34818649
vn -0.82527345 0.40238914 0.39624068
vn -0.98780477 0.09454436 0.12370594
vn -0.99981332 -0.01426980 0.01302904
vn -0.94994438 0.24773236 0.19035329
vn -0.39115554 -0.86254829 0.32094827
vn -0.15479153 -0.97168440 0.17851883
vn -0.13570526 -0.92449266 0.35622659
vn 0.03951356 -0.96928990 0.24272572
vn 0.02509301 -0.97611529 0.21579930
vn 0.05065752 -0.98843819 0.14291173
vn 0.03759386 -0.93566728 0.35087526
vn -0.06478624 -0.80982941 0.58307725
vn -0.32109383 -0.88621926 0.33393773
vn -0.15168576 -0.98675597 -0.05748087
vn -0.03270968 -0.99815738 -0.05110888
vn -0.02388156 -0.98889256 -0.14670111
vn -0.64476001 0.51841795 0.56171834
vn 0.15574750 0.70521677 0.69167340
vn -0.05282943 0.58640766 0.80829155
vn -0.29790965 0.81266874 0.50081873
vn -0.10830075 -0.99284124 0.05037253
vn -0.13620663 -0.98966348 0.04487740
vn -0.18569496 -0.97731048 0.10189117
vn -0.10776044 -0.96570003 0.23624428
vn 0.00402556 -0.99993712 0.01046637
vn -0.57633007 0.46055332 0.67508096
vn -0.15032242 0.96467775 0.21633354
vn -0.18286774 0.80425739 0.56544638
vn -0.31764895 0.90777659 0.27393579
vn -0.28820971 -0.91401088 -0.28551611
vn -0.19978237 -0.97739691 -0.06915537
vn -0.34577835 -0.91816854 -0.19340137
vn 0.13293196 -0.87513477 0.46526152
vn 0.22977859 -0.92732048 0.29542953
vn 0.00000009 -0.93799448 0.34665018
vn 0.15545955 0.89752561 0.41265035
vn 0.42849389 0.67485887 0.60079819
vn 0.12248578 0.65325719 0.74716288
vn -0.05464309 0.69995284 0.71209562
vn 0.12509091 -0.96597928 0.22635490
vn 0.11258586 -0.96323401 0.24393591
vn 0.23294707 -0.96876377 0.08504416
vn 0.48012382 -0.87373871 0.07785788
vn 0.20739044 -0.82956135 0.51847589
vn 0.08167978 -0.94158548 0.32671884
vn 0.28061911 -0.93539679 0.21514128
vn 0.50419319 -0.85880899 0.09075473
vn -0.00280482 -0.99712443 -0.07573093
vn 0.10137124 -0.98544520 -0.13646123
vn -0.06885727 -0.98640811 -0.14919075
vn 0.38690850 -0.90415841 0.18110609
vn 0.00871046 -0.99995601 0.00348421
vn 0.24394387 -0.96022177 0.13588817
vn 0.12372371 -0.99223125 -0.01302352
vn 0.14006521 -0.99011576 -0.00724472
vn 0.87407225 0.42199478 0.24066222
vn 0.51661050 0.54531097 0.66011328
vn 0.56727827 0.76308304 0.30967692
vn 0.26402584 0.66666514 0.69702798
vn 0.56723940 0.79498178 0.21504289
vn 0.44385242 0.89510244 0.04227156
vn 0.88502151 0.43544191 0.16470434
vn 0.91775054 0.37964964 -0.11662038
vn 0.72170347 0.69183999 -0.02239782
vn 0.87311739 0.44122210 -0.20733863
vn 0.86573690 0.44287103 -0.23316276
vn 0.95874780 0.13752714 -0.24877526
vn 0.93028671 0.09545699 -0.35419571
vn 0.10490736 0.97932154 0.17298551
vn 0.16068624 0.85615623 0.49109718
vn 0.03517463 0.98430383 0.17294195
vn 0.30205151 0.94728768 0.10682303
vn 0.35884330 0.86082071 0.36085916
vn 0.14439908 0.97807831 0.15003963
vn 0.61182064 0.77444947 0.16094629
vn 0.69864637 0.70330936 -0.13133633
vn 0.86081433 0.50654882 -0.04906209
vn 0.88760746 0.36829552 -0.27660701
vn 0.91113865 0.28595325 -0.29674405
vn 0.88525790 0.02845719 -0.46422911
vn 0.93620867 0.14995159 -0.31784877
vn 0.58512676 -0.10593572 0.80399275
vn 0.62127149 -0.12346461 0.77380764
vn 0.63238502 0.02853820 0.77412844
vn 0.65833157 -0.06366125 0.75003123
vn -0.13872106 -0.34759793 0.92732537
vn -0.46791938 -0.42441157 0.77519435
vn -0.66376108 -0.31777707 0.67708129
vn 0.01183627 -0.41627249 0.90916288
vn 0.50098437 -0.06575214 -0.86295497
vn 0.45636654 -0.19508807 -0.86814183
vn 0.70875335 -0.15839925 -0.68744338
vn 0.98939717 0.10394830 -0.10143013
vn 0.96148324 0.11554266 -0.24939932
vn 0.96187061 0.18881766 -0.19787067
vn 0.96592611 0.24930079 -0.06954055
vn 0.92577481 0.33464617 -0.17593445
vn 0.89064044 0.34830284 -0.29230940
vn 0.81591380 0.45856139 -0.35214502
vn 0.92501110 0.22102746 -0.30903319
vn 0.87666762 0.37459731 -0.30187875
vn 0.89449346 -0.23059274 0.38302535
vn 0.92285055 -0.11310209 0.36817768
vn 0.59713238 -0.35626459 0.71868527
vn 0.99904281 0.04128281 -0.01447129
vn 0.98744160 0.14549649 0.06156160
vn 0.97620416 0.21473040 -0.03027111
vn 0.26764813 -0.28259277 0.92114383
vn 0.46461317 -0.28163797 0.83953238
vn 0.36303073 -0.31879574 0.87554437
vn 0.37509802 -0.58102524 0.72229582
vn -0.26557511 -0.66343689 0.69951516
vn -0.45211956 -0.84234196 0.29333961
vn -0.24635628 -0.83799964 0.48689339
vn -0.11355159 -0.94626397 0.30280450
vn -0.04233050 -0.79067546 0.61077040
vn -0.25723994 -0.17149335 0.95100880
vn -0.20321479 -0.04305398 0.97818714
vn 0.14780934 -0.39107847 0.90841073
vn 0.02235670 -0.01357359 0.99965793
vn 0.11747776 0.03548808 0.99244124
vn 0.05951759 0.35115319 0.93442452
vn -0.04554863 -0.72877997 0.68323135
vn -0.04554866 -0.91097504 0.40993878
vn 0.32863858 -0.90018374 0.28577262
vn -0.34095663 -0.90109992 0.26789466
vn 0.26117769 0.10175755 0.95991230
vn 0.13312611 0.32172120 0.93742889
vn 0.14918436 0.23824950 0.95967770
vn 0.54261476 -0.61334002 0.57391924
vn 0.32059026 -0.72667098 0.60759467
vn 0.52134138 -0.56659657 0.63809991
vn 0.42785785 -0.58642256 0.68778366
vn 0.08147263 -0.67505783 0.73325253
vn 0.43628702 -0.48073873 0.76062089
vn -0.09667355 -0.87006283 0.48336828
vn 0.16746816 -0.98387527 -0.06280053
vn 0.40168977 -0.62485057 0.66948271
vn 0.44910482 -0.70481151 0.54913175
vn 0.41944879 -0.60109025 0.68025964
vn 0.39329582 -0.72831941 0.56113219
vn 0.23001045 -0.93100262 0.28342429
vn 0.59006500 -0.02972065 0.80680853
vn 0.66607082 -0.13668923 0.73325694
vn 0.60961366 0.10501301 0.78571212
vn 0.47518301 -0.52974927 0.70254308
vn -0.11359224 -0.51116568 0.85194290
vn 0.10693853 -0.96244603 0.24952309
vn 0.48932895 -0.57678336 0.65412402
vn 0.47606766 -0.50705147 0.71851134
vn 0.65058517 -0.08539893 0.75461650
vn 0.52455467 -0.67788923 0.51508123
vn 0.50118762 -0.75610369 0.42085412
vn 0.60215622 -0.69715893 0.38907239
vn 0.49503219 -0.79265332 0.35587066
vn 0.48454440 -0.85625452 0.17901121
vn 0.58204508 -0.76032120 0.28833181
vn 0.66385257 -0.69289607 0.28141570
vn 0.68592042 -0.63594985 0.35366806
vn 0.34609902 -0.27024156 0.89843482
vn 0.17987563 -0.13455248 0.97444367
vn 0.41531616 -0.13934940 0.89894062
vn 0.35237560 0.14573559 0.92444175
vn 0.57471621 0.18840562 0.79636967
vn 0.54154766 -0.52197355 0.65899152
vn 0.62235701 -0.67422003 0.39761686
vn 0.68679065 -0.63901377 0.34638128
vn 0.24946864 -0.05030430 0.96707541
vn 0.57697248 -0.09834750 0.81082094
vn 0.49605632 0.41169298 0.76448482
vn 0.58374375 0.25140080 0.77203691
vn 0.64762437 0.41836536 0.63683051
vn 0.59669292 0.06109932 0.80014026
vn 0.42075703 0.03647789 0.90643966
vn 0.23029618 0.29404834 0.92763108
vn 0.16041166 0.15036494 0.97552985
vn 0.31406686 -0.05378590 0.94787610
vn 0.36807996 0.25992373 0.89272439
vn 0.14240763 0.13641144 0.98036319
vn 0.13447733 -0.07516092 0.98806208
vn 0.38079008 0.17157376 0.90860409
vn 0.37319398 0.35199428 0.85838586
vn 0.49141744 0.26822889 0.82859051
vn 0.26440656 0.26229966 0.92805606
vn 0.30614716 0.15847617 0.93870080
vn 0.19098759 0.09837411 0.97665060
vn 0.33884737 0.03306631 0.94026011
vn 0.19288437 -0.02509362 0.98090059
vn 0.54290998 0.02811322 0.83932024
vn 0.49489328 0.05483140 0.86722213
vn 0.42800266 0.00249402 0.90377402
vn 0.72770381 0.00516108 0.68587214
vn 0.81948769 -0.12242179 0.55986875
vn 0.82880926 -0.03764100 0.55826390
vn 0.98018175 0.19638480 0.02601416
vn 0.92990017 0.35531291 0.09507077
vn 0.93926263 0.24156857 0.24378380
vn 0.89647758 0.41130000 -0.16480426
vn 0.90008587 0.43359041 -0.04295150
vn 0.95810205 0.27851808 -0.06684447
vn 0.88000697 0.40370625 -0.25021785
vn 0.82014024 -0.14621955 -0.55316353
vn 0.70252115 -0.14087719 -0.69757992
vn 0.72205681 -0.00779610 -0.69178981
vn 0.82063901 0.25233555 -0.51271671
vn 0.86743903 -0.17058311 -0.46738738
vn 0.89475393 0.19162422 -0.40335536
vn 0.81440252 0.19604601 -0.54618180
vn 0.52549654 0.84815818 -0.06694234
vn 0.60664761 0.79471648 -0.02011443
vn 0.58383268 0.80533296 -0.10285148
vn 0.92931217 0.35402369 -0.10510091
vn 0.96370465 0.24375324 -0.10889331
vn 0.93116415 0.32570767 -0.16385306
vn 0.95332086 0.24209018 -0.18047616
vn 0.75338346 -0.11229236 -0.64792275
vn 0.31622818 0.94013792 0.12704557
vn 0.21760748 0.97302282 0.07663947
vn 0.21894407 0.92982250 0.29579353
vn 0.26586473 0.96400595 0.00295398
vn 0.62522864 0.78016245 -0.02087770
vn 0.64030904 0.76808381 -0.00717847
vn 0.59162587 -0.71218818 0.37784499
vn 0.71520442 -0.67533648 0.18000914
vn 0.60387820 -0.60804278 0.51537865
vn 0.45030382 -0.77100784 0.45030370
vn 0.26500958 -0.54667246 0.79430431
vn 0.18698564 -0.69545490 0.69381475
vn 0.36874601 -0.67130661 0.64294153
vn 0.42924881 -0.72043502 0.54471916
vn 0.25848445 -0.61938691 0.74131352
vn 0.09200694 -0.52443874 0.84646261
vn -0.02699997 -0.31471992 0.94880050
vn 0.14547527 -0.26152828 0.95416975
vn -0.11624774 -0.21439482 0.96980488
vn 0.04967497 -0.41913137 0.90656567
vn 0.23502417 -0.39389807 0.88859898
vn -0.09459127 -0.48824447 0.86756557
vn -0.16802090 0.70263231 -0.69143105
vn -0.02783538 0.62409562 -0.78085214
vn -0.30188331 0.71946615 -0.62548780
vn -0.51134098 0.79210055 -0.33332735
vn -0.40014943 0.84450126 -0.35594678
vn -0.39538255 0.74683356 -0.53470773
vn -0.21347913 0.84984982 -0.48185265
vn -0.14755467 0.72400099 -0.67383254
vn -0.06147303 -0.53187644 0.84458786
vn -0.29496229 -0.40944549 0.86333752
vn 0.01620472 0.81204206 -0.58337396
vn 0.20179464 0.74400854 -0.63696963
vn 0.43127349 0.61044246 -0.66435170
vn 0.16010769 0.63413489 -0.75646454
vn 0.50542754 0.39160693 -0.76888686
vn 0.34432790 0.47810668 -0.80799276
vn 0.44321197 0.49154592 -0.74963039
vn 0.61773783 0.35854277 -0.69989079
vn -0.20286553 -0.96699262 0.15417792
vn -0.26912522 -0.89580286 0.35370761
vn -0.47665676 -0.84928137 0.22697952
vn -0.14031266 -0.88085234 0.45211896
vn -0.03341056 -0.97169256 0.23387448
vn 0.06423134 0.63386124 0.77077520
vn -0.30527246 0.45354781 0.83731902
vn -0.42952225 0.66345859 0.61264461
vn 0.02696456 -0.85836846 0.51232469
vn -0.22819906 -0.82722199 0.51344824
vn -0.37020490 -0.86381161 0.34172776
vn 0.03421899 -0.98906761 0.14343828
vn -0.01435721 -0.97948563 0.20100199
vn 0.00000004 -1.00000000 0.00000004
vn 0.10713687 -0.96801245 0.22687794
vn 0.07382092 -0.97094911 0.22761430
vn -0.68315232 0.31481090 0.65893632
vn 0.09438980 0.82772565 0.55313718
vn 0.43090102 0.58643335 0.68587190
vn 0.38286033 0.49832609 0.77787471
vn 0.19611624 -0.78446454 0.58834845
vn 0.33478901 -0.88081372 0.33478892
vn -0.16197023 -0.87155467 0.46277246
vn 0.32735860 -0.91072828 0.25181428
vn 0.45294672 -0.88072962 0.13840036
vn 0.22640185 -0.96955276 0.09332594
vn 0.44507420 -0.83716321 0.31791005
vn 0.17717884 -0.84652066 0.50200647
vn 0.25936091 -0.91856956 0.29826492
vn -0.21291009 0.55401236 0.80482274
vn 0.44683835 -0.87878197 0.16756435
vn 0.77607471 0.45732978 0.43423215
vn 0.16607569 0.62159741 0.76552951
vn 0.52406627 0.68783689 0.50222999
vn 0.73320925 0.62671494 0.26387984
vn 0.53548950 0.82306725 0.18923926
vn 0.46921250 0.78618652 0.40218201
vn -0.23727116 0.95673853 0.16838597
vn -0.42263150 0.81551772 0.39536500
vn -0.25666034 0.89291924 0.36989287
vn -0.15482078 -0.98532414 0.07188118
vn -0.18911710 -0.96922541 0.15759771
vn -0.10688641 -0.99371004 0.03340208
vn -0.10746300 -0.97374696 0.20067090
vn -0.17069596 -0.98513788 -0.01913626
vn 0.11082642 -0.99383324 -0.00360408
vn 0.12689760 -0.99191594 0.00000003
vn 0.18206251 -0.98284125 0.02960367
vn -0.15667036 -0.98743588 -0.02061446
vn -0.04494205 -0.99863976 -0.02643648
vn -0.54352260 0.78200698 0.30503821
vn -0.76246530 0.62213415 0.17775270
vn -0.64992344 0.73495102 0.19351110
vn -0.38300446 0.88530540 0.26370803
vn -0.21371493 -0.85905010 -0.46514413
vn -0.19102117 -0.97962898 -0.06195275
vn -0.36133295 -0.86719912 -0.34264323
vn -0.15435293 -0.97951561 -0.12932269
vn -0.79342449 0.39882922 0.45979679
vn 0.00679910 -0.99606293 -0.08838779
vn 0.12039908 -0.98617768 -0.11383180
vn -0.04593382 -0.98885357 -0.14162931
vn 0.80357373 0.59263575 -0.05524583
vn 0.93165427 0.36334521 -0.00077652
vn 0.91917205 0.35167012 -0.17734450
vn 0.86993760 0.31138706 -0.38242239
vn 0.96824843 0.12374628 -0.21721427
vn 0.92326277 0.38396800 -0.01242629
vn -0.49423072 0.56565809 0.66012651
vn 0.59756136 0.80182171 0.00160193
vn 0.45489639 0.88944221 0.04429245
vn 0.55171102 0.83316588 -0.03807489
vn -0.14414917 -0.11099227 -0.98331165
vn -0.31990451 0.14567842 -0.93618315
vn 0.13170692 0.17374529 -0.97594357
vn -0.28896540 -0.31892511 0.90265489
vn -0.68512815 -0.36235368 0.63190126
vn -0.22829348 -0.72379446 0.65115571
vn -0.84111929 -0.36717901 0.39711228
vn -0.11597157 -0.94065899 0.31892210
vn -0.26443237 0.06486083 0.96222067
vn -0.71354926 -0.03631838 0.69966304
vn -0.89575356 -0.08886132 0.43557915
vn -0.19681969 0.43428081 0.87901217
vn -0.67347902 0.30362967 0.67396963
vn -0.88751805 0.17935902 0.42443171
vn -0.57107103 0.59671664 0.56374383
vn -0.15364100 0.72025067 0.67648613
vn 0.18831861 -0.68788558 0.70096332
vn 0.26228315 -0.25277999 0.93129480
vn 0.00000013 -0.67426932 0.73848552
vn -0.01009135 -0.22705849 0.97382885
vn -0.34316912 -0.22426409 0.91210777
vn -0.32307854 -0.65707213 0.68108481
vn 0.25015384 0.12373201 0.96026748
vn -0.01344102 0.13105121 0.99128449
vn -0.28010902 0.14174199 0.94944626
vn 0.01704409 -0.95162392 0.30679220
vn 0.05591911 -0.70025820 0.71169627
vn 0.12532271 -0.21844417 0.96776879
vn 0.59504956 -0.26624644 0.75830656
vn 0.49403483 -0.67180455 0.55191326
vn 0.14602129 0.15579669 0.97693664
vn 0.55741018 0.08112003 0.82626474
vn 0.22778174 0.45341447 0.86170226
vn -0.00295753 0.45547384 0.89024425
vn -0.25359565 0.45093936 0.85577041
vn 0.10700871 0.45306861 0.88502997
vn 0.49810439 0.38002786 0.77940416
vn 0.03968106 0.70130944 0.71175170
vn 0.44722846 0.61070734 0.65347016
vn 0.66562909 -0.61956990 0.41601810
vn 0.78247470 -0.31481481 0.53723830
vn 0.79989219 -0.01642284 0.59991896
vn 0.76466233 0.27361143 0.58346254
vn -0.84460545 -0.36397365 0.39263839
vn -0.91197264 -0.38090873 0.15236361
vn -0.75003189 -0.65357554 0.10144568
vn -0.66836530 -0.67598206 0.31038061
vn -0.89881891 -0.11149775 0.42390189
vn -0.97212791 -0.15056238 0.17971762
vn -0.45800412 -0.71302927 0.53086865
vn -0.61407298 -0.36476552 0.69990033
vn -0.64668596 -0.03425597 0.76198673
vn -0.89665323 0.16534029 0.41070125
vn -0.97882962 0.12252074 0.16395521
vn -0.59894717 0.30568033 0.74014986
vn -0.53607792 0.59995109 0.59386802
vn -0.90206379 -0.43156692 -0.00556129
vn -0.73134613 -0.68126488 -0.03179753
vn -0.48334599 -0.87341481 0.05935839
vn -0.41801167 -0.90801424 -0.02786735
vn -0.98595744 -0.16693701 -0.00447538
vn -0.87008148 -0.47171187 -0.14299081
vn -0.68132091 -0.72228205 -0.11878729
vn -0.35174781 -0.93374610 -0.06627125
vn -0.97095770 -0.18106149 -0.15639010
vn -0.68409991 0.72935158 0.00732019
vn -0.84648180 -0.47247872 -0.24542347
vn -0.66011041 -0.73079026 -0.17378141
vn -0.36247244 -0.92745304 -0.09189434
vn -0.93837780 -0.21482867 -0.27073187
vn -0.86333537 -0.26958075 -0.42658910
vn -0.78603518 -0.48126769 -0.38798216
vn -0.62166196 -0.72735840 -0.29066512
vn -0.90532243 -0.07396816 -0.41823441
vn -0.93193173 0.00870333 -0.36252934
vn -0.91745341 0.29323915 0.26886821
vn -0.62364918 -0.52206171 -0.58181894
vn -0.69045645 -0.33745787 -0.63983762
vn -0.72957784 -0.20210400 -0.65335310
vn -0.76240128 -0.12616116 -0.63468719
vn -0.69009680 0.39005476 0.60960948
vn -0.99779999 0.05294749 0.03989721
vn -0.91920990 0.14146413 0.36747935
vn -0.70884162 0.18853474 0.67970461
vn -0.95881993 -0.04481344 -0.28045702
vn -0.99222904 -0.02019842 0.12277461
vn -0.97483271 -0.07424664 -0.21021137
vn -0.90055019 0.01610669 0.43445361
vn -0.98402584 -0.06345088 0.16633455
vn -0.98540270 -0.10276671 -0.13572229
vn -0.88842785 -0.03674795 0.45754299
vn -0.98936731 -0.12009528 -0.08203343
vn -0.97804761 -0.08224697 0.19146387
vn -0.88331217 -0.05466643 0.46558720
vn -0.78014672 -0.12338001 -0.61330962
vn -0.79998744 -0.13281450 -0.58513278
vn -0.83351707 -0.16088502 -0.52855021
vn -0.86444241 -0.17762363 -0.47030777
vn -0.20456211 -0.97436178 -0.09366785
vn 0.02072280 -0.99793047 -0.06087307
vn -0.00176656 -0.99989867 -0.01413280
vn 0.00124757 -0.99242038 -0.12288293
vn -0.06315254 -0.66986936 0.73978841
vn -0.08563957 -0.27739814 0.95693058
vn -0.19745934 -0.33052996 0.92290843
vn -0.13392825 -0.70312393 0.69834089
vn -0.09029908 0.07223940 0.99329126
vn -0.28203848 0.03008415 0.95893133
vn -0.08061215 0.39231300 0.91629261
vn -0.34827051 0.35218373 0.86871994
vn -0.41885933 0.82676160 0.37552911
vn -0.01327153 -0.99614990 0.08665572
vn -0.00372109 -0.99850267 -0.05457650
vn -0.03351970 -0.97765988 0.20750336
vn -0.03641898 -0.99902403 0.02499350
vn -0.03619954 -0.99910855 -0.02171970
vn 0.17867342 -0.98323214 -0.03647472
vn -0.18631606 -0.98115081 -0.05127959
vn 0.13836467 -0.97890264 -0.15034896
vn -0.03988375 -0.99005616 -0.13490097
vn 0.18410462 -0.98230714 -0.03432456
vn -0.05669075 -0.92279917 -0.38108769
vn 0.09946613 -0.92609006 -0.36395562
vn -0.38400468 -0.90755212 -0.16996920
vn -0.17806421 -0.98253304 -0.05405515
vn -0.50267780 -0.72953087 -0.46378857
vn -0.31261912 -0.73981059 -0.59577656
vn -0.38447872 -0.55114925 -0.74054754
vn 0.20846494 -0.97569191 -0.06758450
vn 0.16883112 -0.66929430 0.72356147
vn 0.06293979 -0.68122917 0.72935957
vn 0.39143574 -0.72710222 0.56400400
vn 0.20232943 -0.36067393 0.91048181
vn 0.01521067 -0.36920100 0.92922509
vn 0.17376474 0.01544579 0.98466611
vn 0.47920147 -0.44526121 0.75637847
vn 0.64490473 -0.68900073 0.33072028
vn 0.79744577 -0.43983808 0.41306531
vn -0.05178837 0.00900674 0.99861747
vn 0.50945061 -0.05425311 0.85878789
vn 0.46570247 -0.88141418 0.07893259
vn 0.74621856 -0.65233415 0.13273294
vn 0.10426526 0.42078441 0.90114886
vn -0.09147663 0.41270900 0.90625787
vn 0.46149352 0.37018859 0.80621594
vn 0.42192572 0.67519242 0.60505694
vn 0.44808877 0.82750058 0.33831817
vn 0.40055832 -0.91625291 -0.00580521
vn 0.28894937 -0.95628470 -0.04503106
vn 0.87090492 -0.11588647 0.47759286
vn 0.88651401 -0.43032518 0.17003888
vn 0.96670932 -0.16032161 0.19942439
vn 0.84650820 0.23223683 0.47905108
vn 0.96688432 0.14545658 0.20970713
vn 0.74657470 -0.66530013 0.00143842
vn 0.90814984 -0.41862473 0.00417051
vn 0.98550552 -0.16953160 -0.00617239
vn 0.70542246 -0.70166349 -0.10023771
vn 0.90604717 -0.40257823 -0.13041972
vn 0.99591607 0.09012256 0.00539891
vn 0.97637862 -0.15765235 -0.14775166
vn 0.99120557 0.04106903 -0.12579703
vn 0.29097480 -0.94447547 -0.15264250
vn 0.25930586 -0.96262848 -0.07814695
vn 0.61135066 -0.71640539 -0.33617514
vn 0.66495579 -0.71880347 -0.20286794
vn 0.49409893 -0.71728569 -0.49129161
vn 0.31219342 -0.71886659 -0.62110072
vn 0.78281498 -0.44659290 -0.43330759
vn 0.61162204 -0.49730512 -0.61530977
vn 0.37530890 -0.53330100 -0.75811172
vn 0.87306637 -0.40753010 -0.26772061
vn 0.94520032 -0.18364106 -0.26994872
vn 0.87880415 0.45765379 0.13511668
vn 0.94846314 0.24969751 0.19511229
vn 0.85578066 -0.26610991 -0.44364962
vn 0.66851538 -0.35462174 -0.65370530
vn 0.89703578 -0.12244075 -0.42465875
vn 0.91261703 -0.07700414 -0.40149784
vn 0.71593684 -0.22550434 -0.66074365
vn 0.74311799 -0.16636971 -0.64814878
vn 0.99419665 0.06069228 -0.08882274
vn 0.91449147 -0.00745001 -0.40453690
vn 0.75300169 -0.06431890 -0.65486759
vn -0.12826158 0.90433717 0.40709114
vn -0.06872733 0.44468284 0.89304745
vn -0.36821663 0.42392477 0.82746863
vn -0.00570171 0.90964442 0.41534868
vn 0.33757815 0.84710252 0.41043666
vn 0.34446988 0.44282621 0.82779557
vn -0.38823181 0.19326086 0.90106952
vn -0.05937934 0.20352201 0.97726810
vn 0.38529763 0.22125773 0.89587432
vn -0.70215839 0.02865626 0.71144390
vn -0.39355937 0.02384733 0.91898984
vn -0.05022506 0.02623041 0.99839342
vn 0.41890144 0.04829007 0.90674675
vn -0.70340168 -0.02434011 0.71037579
vn -0.40198094 -0.02376785 0.91533953
vn -0.41411868 -0.01908320 0.91002285
vn -0.70088708 -0.03319527 0.71249938
vn -0.05230281 -0.02601800 0.99829227
vn 0.44410545 -0.01746547 0.89580429
vn -0.06275982 -0.01703480 0.99788326
vn 0.45575765 -0.01628983 0.88995486
vn 0.48957404 0.86136085 0.13555402
vn 0.66969544 0.63441193 0.38604334
vn 0.73823088 0.37168691 0.56290674
vn 0.76964390 0.19617058 0.60758978
vn 0.96525323 0.12473261 0.22962564
vn 0.78553879 0.06228521 0.61566997
vn 0.96862143 0.04702182 0.24405234
vn 0.99407506 0.01814317 -0.10717121
vn 0.91791070 -0.01337497 -0.39656183
vn 0.80491960 -0.00259988 0.59337837
vn 0.97206545 -0.00115488 0.23470715
vn 0.81980538 -0.01769754 0.57236868
vn 0.97443295 -0.02462238 0.22332536
vn 0.99326754 -0.02400085 -0.11332976
vn 0.92714798 -0.05367849 -0.37083042
vn 0.99404997 -0.04169669 -0.10062823
vn -0.42616501 -0.39248011 -0.81507224
vn -0.45705187 -0.29343417 -0.83964276
vn -0.09005990 -0.74437219 -0.66166413
vn -0.10177457 -0.55030924 -0.82873505
vn -0.11522564 -0.42598537 -0.89736259
vn -0.12982047 -0.34111798 -0.93101299
vn -0.48029631 -0.21336500 -0.85075897
vn -0.48713249 -0.16366194 -0.85785592
vn -0.13861199 -0.24219552 -0.96027499
vn -0.11311118 -0.16750804 -0.97936046
vn 0.10714636 -0.72840762 -0.67671412
vn 0.13072328 -0.54540700 -0.82791466
vn 0.13538119 -0.43102169 -0.89212805
vn 0.14205442 -0.33964920 -0.92976296
vn 0.40955251 -0.41053239 -0.81469619
vn 0.43409458 -0.30614609 -0.84725231
vn 0.13911231 -0.24868733 -0.95854181
vn 0.45147505 -0.23280489 -0.86137807
vn 0.17448568 -0.14178245 -0.97439861
vn 0.47051129 -0.10944751 -0.87558001
vn -0.50350982 -0.16529629 -0.84803009
vn -0.10482076 -0.17302217 -0.97932422
vn -0.53978002 -0.19994146 -0.81771696
vn -0.11041064 -0.21042196 -0.97135580
vn 0.22091524 -0.15067695 -0.96358347
vn 0.51201218 -0.10685257 -0.85230631
vn 0.26584569 -0.18494162 -0.94610924
vn 0.57236522 -0.13771103 -0.80835259
vn -0.58817506 -0.22408792 -0.77706808
vn -0.10905799 -0.23542280 -0.96575487
vn 0.30236450 -0.19120966 -0.93381721
vn 0.61149734 -0.13581027 -0.77950418
vn 0.77027237 -0.05512909 -0.63532776
vn 0.79760057 -0.08984404 -0.59645736
vn 0.81407875 -0.09045319 -0.57366717
vn 0.93135864 -0.06203516 -0.35877952
vn -0.27175629 -0.34758228 0.89740467
vn -0.13082258 -0.43148026 0.89258635
vn -0.43776271 -0.28653565 0.85220957
vn -0.11823920 -0.34091651 0.93262821
vn -0.51299554 -0.25414464 0.81990612
vn 0.09061315 -0.39646634 0.91356647
vn -0.57354552 -0.09957757 0.81309891
vn -0.18574691 -0.48015112 0.85729408
vn -0.28544769 -0.24463052 0.92664748
vn -0.02903278 -0.53909314 0.84174573
vn -0.20780146 -0.45687282 0.86491960
vn -0.19183815 -0.24049668 0.95150387
vn -0.25675479 -0.58484364 0.76943803
vn -0.56688863 0.07379389 0.82048261
vn -0.75008523 -0.04498170 0.65980971
vn -0.71349031 0.09569948 0.69409889
vn -0.54103732 0.17330162 0.82294917
vn -0.66833860 0.19940667 0.71663135
vn -0.02925223 -0.23014285 0.97271711
vn -0.05408662 -0.41436395 0.90850270
vn -0.11134112 -0.55848211 0.82201040
vn -0.23789184 -0.00698978 0.97126651
vn -0.06176526 -0.05288852 0.99668854
vn -0.30056190 0.11803570 0.94643021
vn -0.12478743 0.05540141 0.99063563
vn -0.87259382 -0.09346911 0.47942004
vn -0.97058958 -0.11209834 0.21304885
vn -0.99013567 -0.13272247 -0.04490098
vn -0.96636021 -0.12504056 0.22475052
vn -0.86158979 -0.10759939 0.49607000
vn -0.68205369 -0.07099796 0.72784758
vn -0.66354334 -0.08965901 0.74274600
vn -0.98907763 -0.14539303 -0.02421514
vn -0.85999453 -0.11424385 0.49735078
vn -0.96730483 -0.11818188 0.22439823
vn -0.99156284 -0.12748799 -0.02345113
vn -0.65249801 -0.10960709 0.74982172
vn -0.96801740 -0.13599591 0.21082553
vn -0.86171663 -0.15659860 0.48261923
vn -0.64415222 -0.18017906 0.74337298
vn -0.64417678 -0.26477718 0.71758586
vn -0.86030620 -0.20957993 0.46470371
vn -0.96569717 -0.16856262 0.19752410
vn -0.89081675 -0.17520052 -0.41922587
vn -0.63997823 -0.22042033 -0.73609972
vn -0.90863562 -0.18607678 -0.37384063
vn -0.92153591 -0.16052030 -0.35356024
vn -0.67575610 -0.22620772 -0.70155811
vn -0.69668603 -0.19899264 -0.68922466
vn -0.99149030 -0.12227283 -0.04468266
vn -0.92431384 -0.12390977 -0.36095756
vn -0.70560610 -0.13766351 -0.69510341
vn -0.98763484 -0.14302120 -0.06420599
vn -0.92207277 -0.12975045 -0.36461851
vn -0.12175267 -0.23964679 -0.96319562
vn -0.14290839 -0.20845041 -0.96753585
vn -0.17351717 -0.14845127 -0.97357798
vn -0.23643273 -0.17546000 -0.95567441
vn -0.40539238 -0.04665950 0.91295123
vn -0.06005491 -0.02901263 0.99777335
vn 0.45217636 -0.02570070 0.89155817
vn -0.37826905 -0.06808612 0.92318839
vn -0.05170678 -0.05304413 0.99725258
vn 0.42612040 -0.05702204 0.90286762
vn 0.81892747 -0.03559194 0.57279247
vn 0.97362596 -0.04815527 0.22301045
vn 0.99366164 -0.06198791 -0.09377678
vn 0.80634886 -0.06222621 0.58815783
vn 0.97122264 -0.05948747 0.23062499
vn 0.99458760 -0.06022454 -0.08466733
vn -0.05369128 -0.10540576 0.99297887
vn -0.06066525 -0.20943764 0.97593844
vn -0.35562882 -0.19566089 0.91391748
vn -0.36347166 -0.10349447 0.92583871
vn 0.41964632 -0.19911879 0.88557827
vn 0.40226582 -0.10981121 0.90891349
vn -0.35266998 -0.31308371 0.88181770
vn -0.04962210 -0.33010775 0.94263804
vn 0.80071259 -0.09325720 0.59174526
vn 0.81545085 -0.14492011 0.56039119
vn 0.97196901 -0.06476165 0.22601388
vn 0.97529459 -0.09378504 0.20001213
vn 0.99566686 -0.04822525 -0.07951004
vn 0.99413359 -0.06958931 -0.08279920
vn 0.97327876 -0.17285968 0.15115593
vn 0.98195934 -0.16599609 -0.09056024
vn 0.86445236 -0.50212550 -0.02433217
vn 0.87881953 -0.44718847 0.16642928
vn 0.79199016 -0.45710918 0.40472558
vn -0.10721266 -0.23699617 -0.96557665
vn 0.34086359 -0.19256307 -0.92018014
vn 0.63759637 -0.14242300 -0.75709081
vn 0.36624491 -0.19398846 -0.91007316
vn 0.37247130 -0.16771622 -0.91276318
vn 0.65624672 -0.14346360 -0.74078226
vn 0.66947109 -0.12302067 -0.73258066
vn 0.82488459 -0.10425656 -0.55560422
vn 0.93406123 -0.07951681 -0.34814784
vn 0.83581465 -0.10430657 -0.53901207
vn 0.94231600 -0.07533010 -0.32613823
vn 0.94988430 -0.05469178 -0.30778041
vn 0.84766459 -0.08219363 -0.52412689
vn 0.35316050 -0.14509264 -0.92424339
vn 0.67435235 -0.12623049 -0.72754019
vn 0.27490351 -0.26095238 -0.92538208
vn -0.00901592 -0.73608077 -0.67683363
vn -0.44579008 -0.46775272 -0.76320285
vn 0.64108074 -0.29135463 -0.71001971
vn 0.37619844 -0.79774225 -0.47125578
vn -0.35688823 -0.92023528 0.16061680
vn -0.22407807 -0.95593125 0.18969585
vn -0.65027630 -0.75255460 0.10393395
vn -0.18370520 -0.96938419 0.16293156
vn -0.34599411 -0.92407566 0.16239545
vn -0.65631396 -0.73587024 0.16657420
vn 0.95158529 -0.07266849 -0.29867187
vn 0.85383397 -0.09537096 -0.51173425
vn 0.93899423 -0.19534983 -0.28306958
vn 0.77522558 -0.60686839 -0.17531763
vn -0.16267742 -0.96721643 0.19500886
vn -0.18655916 -0.95424855 0.23367797
vn -0.23836762 -0.93136412 0.27521223
vn -0.13060682 -0.97337973 0.18834476
vn -0.15457779 -0.96634173 0.20564383
vn -0.19416930 -0.94476730 0.26403233
vn 0.83706170 -0.24928169 -0.48701787
vn 0.61160046 -0.72415584 -0.31865844
vn -0.18391666 -0.96277624 0.19808212
vn -0.14212796 -0.97047001 0.19490406
vn 0.03282108 -0.98463035 0.17153969
vn 0.02492008 -0.98484337 0.17164642
vn 0.01823633 -0.99079418 0.13414373
vn -0.86968327 -0.20235468 0.45022613
vn -0.66888428 -0.26458758 0.69468504
vn -0.37845850 -0.32561904 0.86645335
vn -0.70966953 -0.21616469 0.67055351
vn -0.88745505 -0.14981392 0.43586645
vn -0.89821613 -0.09371438 0.42944783
vn -0.74263000 -0.16474438 0.64912248
vn -0.96697724 -0.16212384 0.19664904
vn -0.98746789 -0.14818250 -0.05430575
vn -0.96963918 -0.11779476 0.21429984
vn -0.99228323 -0.12399211 0.00000014
vn -0.96978259 -0.05028193 0.23873350
vn -0.99656713 -0.03634591 0.07438394
vn -0.89422005 -0.00842906 0.44754851
vn -0.96616989 0.02373834 0.25681165
vn -0.86234885 0.10951965 0.49432775
vn -0.95003211 0.12233689 0.28718084
vn -0.81260151 0.22465278 0.53778243
vn -0.91253984 0.24596760 0.32675862
vn -0.99242955 0.05355785 0.11052241
vn -0.98153764 0.14803155 0.12112211
vn -0.95137167 0.28371805 0.11998332
vn -0.99762052 0.06894060 -0.00082237
vn -0.96440518 -0.15416212 -0.21484093
vn -0.93538254 -0.14951582 -0.32047561
vn -0.99556386 -0.05342181 -0.07745278
vn -0.93711495 -0.22854991 -0.26378113
vn -0.98707354 -0.10079552 -0.12460375
vn -0.91975921 -0.38856527 -0.05531752
vn -0.85805893 -0.51355118 -0.00041863
vn -0.91152239 -0.39453742 0.11604910
vn -0.85280919 -0.50164264 0.14515916
vn -0.94765455 -0.31428236 -0.05637084
vn -0.98984522 -0.13860312 -0.03155681
vn -0.94759697 -0.30927917 0.08004044
vn -0.99203694 -0.11761770 0.04504243
vn -0.99650693 0.06478339 -0.05269936
vn -0.99694449 0.07361800 -0.02612005
vn -0.99452233 0.10350890 0.01453320
vn -0.04241893 -0.34603047 0.93726397
vn 0.28528562 -0.53700799 0.79387325
vn 0.57935733 -0.51008624 0.63573354
vn -0.29531011 -0.79406542 0.53127402
vn -0.29156393 -0.69141871 0.66100734
vn -0.17742476 -0.80995119 0.55901659
vn -0.15519442 -0.69429123 0.70276201
vn -0.27307341 -0.88632560 0.37397605
vn -0.19518200 -0.90110755 0.38718113
vn -0.95160824 -0.02488097 0.30630526
vn -0.99347383 0.01997519 0.11229783
vn -0.99142355 -0.06431636 0.11376636
vn -0.93497384 -0.12101157 0.33343688
vn -0.91966951 -0.21713580 0.32720059
vn -0.98604041 -0.13487944 0.09763230
vn -0.99152499 -0.10994761 -0.06920920
vn -0.99751657 -0.04618327 -0.05317743
vn -0.99786550 0.03808818 -0.05304639
vn -0.98984396 0.10483575 0.09601270
vn -0.96075135 0.07175581 0.26797035
vn -0.90853292 0.02733061 0.41691849
vn -0.99031711 0.12150335 -0.06714875
vn -0.95075357 0.22270057 0.21557394
vn -0.96150243 0.26471618 0.07374528
vn -0.95455301 0.28318757 -0.09291682
vn -0.35688859 -0.92816424 0.10555498
vn -0.18626972 -0.97850633 0.08848155
vn -0.66547215 -0.73348588 0.13836625
vn -0.37240270 -0.92702645 0.04402692
vn -0.18830140 -0.98203224 0.01246034
vn -0.66321933 -0.74123079 0.10352370
vn -0.18584493 -0.98148644 -0.04632537
vn -0.37026793 -0.92886114 -0.01089265
vn -0.64371294 -0.76308328 0.05777342
vn 0.00787787 -0.99811947 0.06079054
vn -0.00226215 -0.99984908 -0.01723028
vn -0.00956455 -0.99718326 -0.07439113
vn -0.62068075 -0.78406298 -0.00090105
vn -0.36035204 -0.93122476 -0.05446880
vn -0.18007118 -0.97988188 -0.08605727
vn -0.01488005 -0.99347091 -0.11311210
vn 0.19244008 -0.98044270 -0.04122049
vn 0.16954769 -0.98104000 -0.09388366
vn 0.15128845 -0.97971421 -0.13142264
vn -0.91907388 -0.36337638 0.15251569
vn -0.86095709 -0.48229414 0.16169478
vn -0.85756427 -0.48836219 0.16151132
vn -0.92340493 -0.33982345 0.17844686
vn -0.95727211 -0.26292944 0.12040862
vn -0.99416232 -0.06914068 0.08283051
vn -0.96430862 -0.21179602 0.15890720
vn -0.99198782 -0.01766961 0.12509164
vn -0.84495795 -0.51724285 0.13603719
vn -0.92878699 -0.32700112 0.17442760
vn -0.97099590 -0.16528673 0.17276420
vn -0.98945242 0.13641195 0.04874288
vn -0.98021060 0.17648935 0.08965893
vn -0.92968029 0.36786011 0.01933045
vn -0.92073262 0.38708913 0.04912633
vn -0.98733228 0.02554999 0.15659559
vn -0.96730030 0.21372467 0.13657200
vn -0.90242833 0.41889998 0.10072708
vn -0.93324935 -0.33696818 0.12449126
vn -0.82990235 -0.55366778 0.06865937
vn -0.97732735 -0.14529896 0.15401162
vn -0.81346792 -0.58150250 -0.01117275
vn -0.92831093 -0.36751977 0.05628518
vn -0.98197502 -0.15093878 0.11376553
vn -0.60621536 -0.79284966 -0.06238876
vn -0.35126963 -0.93160009 -0.09343915
vn -0.98576230 0.04726991 0.16136378
vn -0.95915252 0.23518661 0.15720615
vn -0.98895884 0.05282627 0.13845538
vn -0.95927566 0.24187589 0.14589830
vn -0.88393551 0.44738767 0.13602306
vn -0.87535220 0.46299478 0.13926357
vn -0.40112093 -0.63815862 0.65715718
vn -0.42373279 -0.71537268 0.55560100
vn -0.07163917 -0.79342002 0.60444403
vn 0.04971718 -0.70823348 0.70422554
vn 0.57123494 -0.68150324 0.45743209
vn 0.66199458 -0.55984193 0.49833736
vn -0.40589151 -0.76911914 0.49366778
vn -0.07530122 -0.85579133 0.51181144
vn 0.50312138 -0.75927144 0.41276598
vn 0.84826702 -0.41509274 0.32884809
vn 0.79306239 -0.51992530 0.31737986
vn 0.73986387 -0.58761966 0.32757401
vn -0.38070586 -0.50453836 0.77492213
vn -0.72514737 -0.35890210 0.58766532
vn -0.70092881 -0.49533701 0.51316673
vn -0.89906472 -0.31837279 0.30053517
vn 0.13054727 -0.59380138 0.79395044
vn 0.10778511 -0.50665194 0.85538656
vn -0.67818618 -0.58438843 0.44559360
vn -0.86468601 -0.41205791 0.28727451
vn -0.64753383 -0.63517421 0.42101511
vn -0.98018670 -0.17682597 0.08925620
vn -0.96668291 -0.22961707 0.11313784
vn 0.70969242 -0.49374253 0.50254858
vn 0.66385812 -0.53301966 0.52457845
vn -0.51747078 -0.41654655 0.74747103
vn -0.07614461 -0.59231168 0.80210286
vn 0.44758600 -0.74166876 0.49959409
vn 0.87576491 -0.36846820 0.31187665
vn 0.85875052 -0.44015685 0.26231563
vn 0.70832527 -0.68466496 0.17178236
vn 0.95356762 -0.25123933 0.16609542
vn 0.94006515 -0.29010376 0.17921321
vn 0.91318870 -0.36395675 0.18336290
vn -0.17051229 -0.97852224 -0.11584382
vn -0.01867851 -0.99000973 -0.13975711
vn -0.18392663 -0.96712142 -0.17563416
vn -0.34608847 -0.92990327 -0.12451059
vn -0.60354048 -0.79149914 -0.09627137
vn -0.02567302 -0.98163241 -0.18904684
vn 0.13501297 -0.97827423 -0.15732519
vn 0.13017768 -0.96743798 -0.21706556
vn 0.93957061 -0.32206956 0.11609595
vn 0.82757437 -0.56063521 0.02844252
vn -0.34949991 -0.92604142 -0.14246783
vn -0.22247396 -0.95189923 -0.21069755
vn -0.14848810 -0.96442425 -0.21871710
vn -0.19854498 -0.95516241 -0.21964666
vn -0.03177451 -0.97138292 -0.23538399
vn 0.98685199 -0.16151060 -0.00612283
vn 0.99191970 -0.12680694 -0.00391946
vn 0.98565465 -0.16462977 -0.03717460
vn 0.12885106 -0.95633090 -0.26235247
vn 0.31724530 -0.93008053 -0.18521775
vn 0.30421272 -0.92920119 -0.20985657
vn 0.15486470 -0.95351988 -0.25848946
vn 0.29476687 -0.93139839 -0.21356389
vn 0.08279578 -0.96490496 -0.24920571
vn -0.91563815 -0.40199274 0.00293648
vn -0.79896885 -0.59828800 -0.06082998
vn -0.98413897 -0.16419248 0.06716669
vn -0.90646333 -0.41906694 0.05203088
vn -0.78691900 -0.61657351 0.02440448
vn -0.98067689 -0.17361191 0.09017637
vn -0.77725476 -0.28130919 0.56279677
vn -0.93725234 -0.09752924 0.33473313
vn -0.60390264 -0.79687804 -0.01694841
vn -0.99310040 0.04580176 0.10795261
vn -0.96240294 0.23153637 0.14202648
vn -0.87050050 0.46704236 0.15524359
vn -0.99100012 0.02775676 0.13095176
vn -0.96162027 0.21588084 0.16935739
vn -0.86452228 0.47413921 0.16671370
vn -0.87941122 0.45235315 0.14836635
vn -0.86771971 0.49601310 0.03214769
vn -0.85490000 0.50344151 -0.12527137
vn 0.92853367 -0.35644445 -0.10379078
vn 0.03480790 -0.97000551 -0.24057825
vn -0.21588598 -0.94915760 -0.22911423
vn -0.03481846 -0.96546483 -0.25819671
vn 0.14145570 -0.95164859 -0.27268195
vn -0.09864169 -0.96956170 -0.22409855
vn -0.68264878 -0.33675039 0.64852893
vn -0.77121890 -0.28258023 0.57041204
vn -0.79104340 -0.43562666 0.42951107
vn -0.69601452 -0.49612758 0.51905799
vn -0.62361610 -0.36317006 0.69225037
vn -0.61463279 -0.16185595 0.77202940
vn -0.63193923 -0.13442230 0.76327151
vn -0.62132454 -0.51237392 0.59281427
vn -0.70963979 -0.07238229 0.70083678
vn -0.83802909 -0.22508636 0.49703464
vn -0.86218524 -0.36618254 0.35006708
vn -0.85232174 -0.46538422 0.23867378
vn -0.77146602 -0.55780768 0.30608952
vn -0.91251498 -0.36472386 0.18518390
vn -0.90924460 -0.30087811 0.28765750
vn -0.87657511 -0.18361041 0.44486329
vn -0.82139313 -0.54852188 0.15632364
vn -0.89527416 -0.43627578 0.09026409
vn -0.68524754 -0.61458617 0.39079368
vn -0.62154216 -0.61279571 0.48802328
vn -0.76475871 -0.02639628 0.64377594
vn -0.77999079 -0.61978501 0.08649262
vn -0.64976197 -0.75530070 0.08561781
vn -0.70401120 -0.70999724 -0.01649786
vn -0.53352350 -0.84480268 -0.04075611
vn -0.58589542 -0.79799014 -0.14120387
vn -0.94484138 -0.21349971 0.24838036
vn -0.95569271 -0.26151106 0.13514239
vn -0.95155960 -0.30663824 0.02252471
vn -0.85968351 -0.51079571 -0.00566593
vn -0.77854246 -0.61252785 -0.13667962
vn -0.92505175 -0.36876470 -0.09106062
vn -0.65696639 -0.70998955 -0.25359410
vn -0.65945238 -0.19004808 0.72732687
vn -0.71756130 -0.23878916 0.65428245
vn -0.70056915 -0.02168818 0.71325493
vn -0.73813719 -0.26584533 0.62006444
vn -0.69715428 0.21225892 0.68477893
vn -0.43416393 -0.81190234 0.39027748
vn -0.50901842 -0.76982605 0.38505629
vn -0.61338544 -0.38489276 0.68964916
vn -0.61789620 0.02391857 0.78589588
vn -0.56968856 0.05228651 0.82019573
vn -0.65057689 -0.41365537 0.63689798
vn -0.50829142 -0.64138103 0.57469136
vn -0.68992150 -0.43745822 0.57674849
vn -0.56622845 -0.24117143 0.78817630
vn -0.54880726 -0.52516842 0.65039116
vn -0.42825833 -0.71453846 0.55319947
vn -0.24565141 -0.79380608 0.55635184
vn -0.04530920 -0.82123131 0.56879371
vn -0.69679183 -0.41128072 0.58764726
vn -0.59057784 -0.37179062 0.71623290
vn -0.59057766 -0.18956819 0.78439921
vn -0.71028364 -0.23742260 0.66266710
vn -0.60109341 0.02366899 0.79882818
vn -0.44456685 -0.33691767 0.82996798
vn -0.47338083 -0.15193391 0.86765587
vn -0.51666051 0.03867519 0.85531640
vn -0.61876142 0.23212887 0.75050032
vn -0.56723720 0.25930849 0.78166556
vn -0.55099845 -0.57771361 0.60220248
vn -0.37677076 -0.56754082 0.73208010
vn -0.44516459 -0.85972422 0.25040519
vn -0.36673823 -0.85177934 0.37413234
vn -0.21862565 -0.82500285 0.52112687
vn -0.24843554 -0.96804214 0.03426705
vn -0.18225950 -0.97562474 0.12222119
vn -0.03993727 -0.96648383 0.25360218
vn -0.47709885 -0.17835471 0.86056173
vn -0.60102862 -0.05055381 0.79762703
vn -0.52071357 -0.03323703 0.85308421
vn -0.60158324 -0.09793217 0.79278439
vn -0.27752650 -0.88303912 0.37844542
vn -0.02978434 -0.55101269 0.83396530
vn -0.07746755 -0.99601173 -0.04426713
vn 0.05330336 -0.99337983 0.10176089
vn -0.53689492 -0.59655005 0.59655011
vn -0.21467596 -0.35886148 0.90836823
vn 0.04614716 -0.40536991 0.91298723
vn 0.33429009 -0.43407798 0.83655643
vn 0.41550928 -0.65036219 0.63590962
vn 0.45716050 -0.81272960 0.36121312
vn -0.28822827 -0.15865201 0.94432729
vn -0.36490750 0.01005873 0.93098944
vn -0.05087107 -0.18078840 0.98220563
vn 0.19464117 -0.20123899 0.96000922
vn 0.13282929 -0.96644711 0.21985531
vn -0.40940130 -0.66527724 0.62433720
vn -0.52819782 -0.03030642 0.84858030
vn -0.21384422 -0.71929461 0.66097349
vn 0.30874774 -0.93099296 0.19474852
vn 0.47149017 -0.87364346 0.12018374
vn 0.06654859 -0.71872336 0.69210410
vn 0.29639933 -0.69159818 0.65866494
vn 0.28404444 -0.71846509 0.63492262
vn 0.44559795 -0.87977022 0.16567101
vn -0.39022395 -0.79397738 0.46618155
vn -0.33337244 -0.87573493 0.34921536
vn -0.47680664 -0.83762616 0.26652968
vn -0.36186150 -0.89522684 0.26004881
vn -0.21658626 -0.86484289 0.45292100
vn -0.18617794 -0.92652065 0.32695147
vn -0.03531168 -0.89026433 0.45407331
vn -0.02490751 -0.94426113 0.32825381
vn -0.46341017 0.14728814 0.87381762
vn -0.54937607 0.18764563 0.81423295
vn -0.66129673 0.23639078 0.71190321
vn -0.34802189 0.09931782 0.93221068
vn -0.17926849 0.05409702 0.98231173
vn -0.39766678 -0.06698936 0.91508120
vn -0.53633112 -0.03002475 0.84347355
vn -0.63783771 0.02447004 0.76978207
vn -0.21838968 -0.08145546 0.97245622
vn -0.42380005 -0.39277691 0.81616163
vn -0.58568585 -0.38650829 0.71244889
vn -0.71193653 -0.34504384 0.61163002
vn -0.43952215 -0.87938529 0.18303494
vn -0.31683609 -0.91328365 0.25598463
vn -0.17670918 -0.93018025 0.32177413
vn -0.23588859 -0.37305409 0.89732230
vn -0.38394770 -0.92156070 0.05753487
vn -0.52263945 -0.84484029 0.11442507
vn -0.26805270 -0.96156794 0.05945646
vn -0.60575008 -0.79425597 0.04716424
vn -0.68471944 -0.72626203 -0.06085083
vn -0.82759714 -0.28883639 0.48130706
vn -0.91984904 -0.23340343 0.31527862
vn -0.74912965 0.09691000 0.65529633
vn -0.01138642 -0.92867035 0.37073138
vn -0.00372138 -0.36086282 0.93261158
vn -0.68180829 0.10023779 0.72463083
vn -0.62246752 0.08923403 0.77754194
vn -0.79471600 -0.01327130 0.60683638
vn -0.71687627 0.07288642 0.69338018
vn -0.62919927 0.10856404 0.76962465
vn -0.68856007 0.06667544 0.72210771
vn -0.55014092 0.13864741 0.82348168
vn -0.67227888 0.03919883 0.73925954
vn -0.59825999 0.05190590 0.79961926
vn -0.51331389 0.09160601 0.85329783
vn -0.76718265 0.06599041 0.63802510
vn -0.75082409 0.07986473 0.65565610
vn -0.72860003 0.11447344 0.67530578
vn -0.68344408 0.15852223 0.71258330
vn -0.81751603 0.21670324 0.53357971
vn -0.76386303 0.26932102 0.58649760
vn -0.68173438 0.32077938 0.65752476
vn -0.61283529 0.19354083 0.76614296
vn -0.53369004 0.08418328 0.84147984
vn -0.96830910 -0.01469896 0.24932189
vn -0.99547869 -0.04865888 0.08157524
vn -0.98177445 -0.16226237 0.09894385
vn -0.96407610 -0.12117261 0.23637779
vn -0.98126411 -0.19119120 -0.02380479
vn -0.99618340 -0.07416166 -0.04603121
vn -0.99343222 0.08142883 0.08038504
vn -0.96023118 0.09389237 0.26294568
vn -0.89969844 0.02060376 0.43602547
vn -0.88310766 0.08603425 0.46121472
vn -0.85691321 0.15043472 0.49302047
vn -0.93518966 0.19735682 0.29405880
vn -0.99690002 0.05522923 -0.05603795
vn -0.79467982 0.04416056 0.60542041
vn -0.88447714 0.30175596 0.35587007
vn -0.96262813 -0.23376583 -0.13675106
vn -0.90180349 0.38922969 0.18775184
vn -0.87209666 0.48708454 0.04686486
vn -0.81458795 0.39400363 0.42568487
vn -0.72794044 0.47184715 0.49745652
vn -0.52799445 0.21536461 0.82148641
vn -0.57873487 0.36283281 0.73035496
vn -0.60737169 0.53403419 0.58813870
vn -0.72715265 0.61649084 0.30197376
vn -0.81848747 0.51948524 0.24538413
vn -0.61108613 0.69131982 0.38555244
vn -0.77986294 0.61998123 0.08623981
vn -0.68278235 0.72081023 0.11933532
vn -0.58499426 0.79197335 0.17481416
vn -0.81457442 0.57253075 -0.09315076
vn -0.72531819 0.68712014 -0.04218375
vn -0.63740891 0.77052528 -0.00086115
vn -0.52376944 0.53118134 0.66596693
vn -0.59859335 0.44747719 0.66441715
vn -0.43305340 0.46063653 0.77477658
vn -0.65956181 -0.69213283 0.29313874
vn -0.45017439 -0.81031406 0.37514549
vn -0.41596156 -0.65301514 0.63288802
vn -0.64624923 -0.56514114 0.51281333
vn -0.85607105 -0.49771577 0.13936055
vn -0.66624618 -0.72125739 0.18948299
vn -0.84606290 -0.48261341 0.22641134
vn -0.46593598 -0.85033327 0.24461651
vn -0.80837560 -0.44460663 0.38581580
vn -0.06967821 -0.87901860 0.47166857
vn -0.09136172 -0.68521374 0.72258919
vn -0.12954272 -0.39243865 0.91061014
vn -0.40399998 -0.35376173 0.84358573
vn -0.65140831 -0.29236439 0.70013589
vn -0.05478801 -0.95194316 0.30133456
vn -0.33690119 0.28816959 0.89635706
vn 0.33319291 -0.81113338 0.48067161
vn 0.24463689 -0.64159447 0.72698653
vn 0.19318159 -0.36581168 0.91041899
vn 0.59195209 -0.66406804 0.45673451
vn 0.49818861 -0.55729562 0.66425127
vn 0.43973923 -0.31026033 0.84283328
vn 0.37878454 -0.86410201 0.33143637
vn 0.62346876 -0.68519825 0.37655032
vn 0.68135923 -0.47348678 0.55817550
vn 0.75904071 -0.49688193 0.42067307
vn 0.79193389 -0.49411249 0.35873917
vn -0.93365020 -0.29375827 0.20494775
vn -0.94139510 -0.31527856 0.11989480
vn -0.87681025 -0.12422981 0.46451154
vn -0.96464312 -0.15675454 0.21187711
vn -0.86400723 -0.26263857 0.42954919
vn -0.98514718 -0.16419123 0.05026275
vn -0.42564291 -0.01412633 0.90478092
vn -0.97811937 -0.00000003 0.20804457
vn -0.88016808 -0.00000002 0.47466221
vn -0.68913335 -0.10901547 0.71638745
vn -0.70537144 0.00000000 0.70883787
vn -1.00000000 -0.00000004 0.00000013
vn -0.87919259 0.12771428 0.45903122
vn -0.96693033 0.15329380 0.20383039
vn -0.98644000 0.15693359 0.04804103
vn -0.68789512 0.11499143 0.71664315
vn -0.93318218 0.29797152 0.20095766
vn -0.86400723 0.26263857 0.42954919
vn -0.65140837 0.29236439 0.70013589
vn -0.93973839 0.32389039 0.10948420
vn -0.81367117 0.43098566 0.39011642
vn -0.85103226 0.48587298 0.19917785
vn -0.84870636 0.52381086 0.07293579
vn -0.42592502 -0.12193822 0.89650375
vn -0.15047358 -0.13208243 0.97975105
vn 0.20386878 -0.11775166 0.97189099
vn -0.14654854 0.00000004 0.98920357
vn -0.43241853 0.00000002 0.90167302
vn 0.22364056 0.00000005 0.97467172
vn -0.15059505 0.13833748 0.97886866
vn -0.42541781 0.12798594 0.89590138
vn 0.20276105 0.12349989 0.97140920
vn -0.35049468 -0.05311995 0.93505710
vn 0.46003500 -0.09764000 0.88251585
vn 0.47562411 0.00000006 0.87964863
vn 0.45902914 0.10288587 0.88244367
vn 0.71846628 -0.29765019 0.62865776
vn 0.72804683 -0.11363686 0.67604327
vn 0.72617364 0.00000006 0.68751138
vn 0.73324859 0.11692347 0.66983235
vn 0.85837507 -0.32368883 0.39801732
vn -0.12954274 0.39243865 0.91061002
vn -0.40399995 0.35376170 0.84358561
vn 0.17192458 0.35834864 0.91762096
vn -0.40398031 0.65136158 0.64228344
vn -0.09136178 0.68521386 0.72258908
vn 0.21801479 0.64708632 0.73058122
vn -0.64184755 0.55554879 0.52858043
vn -0.45072061 0.08328537 0.88877136
vn -0.45216140 0.81640255 0.35921714
vn -0.67257273 0.69435650 0.25595891
vn -0.68677109 0.72054666 0.09569768
vn -0.49137479 0.84873831 0.19543318
vn -0.06967829 0.87901872 0.47166857
vn -0.05478810 0.95194316 0.30133450
vn 0.43036896 0.29433280 0.85331750
vn 0.72397208 0.27825266 0.63122106
vn 0.48470247 0.55883336 0.67288095
vn 0.69321084 0.44786093 0.56469405
vn -0.42077065 -0.06597243 0.90476513
vn -0.41334546 0.06062197 0.90855408
vn 0.34527326 0.81732655 0.46126339
vn 0.59238011 0.68716091 0.42058977
vn 0.63804156 0.70488399 0.30990580
vn 0.41722867 0.85796314 0.29969937
vn 0.76279807 0.50344676 0.40580842
vn 0.86282486 0.31462127 0.39565989
vn 0.79435444 0.52088821 0.31253275
vn -0.60364586 0.55216676 0.57508564
vn -0.62502629 0.47224215 0.62155408
vn -0.79196703 0.29595429 0.53404057
vn -0.75754064 0.44696251 0.47576982
vn -0.48719075 0.42217985 0.76446670
vn -0.64030987 -0.40197241 0.65453917
vn -0.75857967 -0.55929190 0.33428949
vn -0.74235666 -0.66979563 0.01674502
vn -0.71728337 -0.69667184 -0.01236683
vn -0.69364321 -0.71819705 0.05524604
vn -0.47335458 -0.31451085 0.82281125
vn -0.43606099 -0.45522866 0.77628469
vn -0.46791419 -0.68724906 0.55564833
vn -0.66659552 -0.71651679 -0.20555797
vn -0.68257344 -0.70680690 -0.18578909
vn -0.70659322 -0.70084864 -0.09765910
vn -0.77144504 -0.49024090 0.40563092
vn -0.63045698 -0.30884740 0.71213579
vn -0.77230519 -0.63362515 0.04542985
vn -0.84354436 -0.53246993 0.07006196
vn -0.79656237 -0.38780013 0.46378815
vn -0.62090135 -0.21201514 0.75467300
vn -0.48028040 -0.20075215 0.85383213
vn -0.45974708 -0.10098492 0.88228947
vn -0.30982706 -0.43892184 0.84341854
vn -0.30261320 -0.29026172 0.90783995
vn -0.29177737 -0.12504748 0.94827694
vn -0.26364660 -0.03570213 0.96395844
vn -0.62363964 -0.72757959 -0.28583473
vn -0.67096192 -0.69710332 -0.25269982
vn -0.70589113 -0.68196267 -0.19142798
vn -0.69364744 -0.69611603 -0.18513711
vn -0.78057832 -0.60133445 -0.17057069
vn -0.64981270 -0.71685690 -0.25270483
vn -0.74338239 -0.62722898 -0.23230687
vn -0.86188269 -0.10388767 0.49635226
vn -0.98016596 -0.18215477 0.07806645
vn -0.61914659 0.03517880 0.78448707
vn -0.94618154 0.32196450 0.03285363
vn -0.83706248 0.30497628 0.45422009
vn -0.53961468 0.44007415 0.71774006
vn -0.89302886 0.40249181 -0.20124581
vn -0.95036799 -0.25059459 -0.18439962
vn -0.57948011 0.76669675 0.27636749
vn -0.46315637 0.88623184 0.00890687
vn -0.41340709 0.90230578 -0.12222467
vn -0.31631088 0.87960422 0.35530812
vn -0.19874761 0.97825104 0.05936614
vn -0.19262299 0.97996926 -0.05056354
vn -0.46540871 0.62886101 0.62283915
vn -0.91801369 -0.28989908 -0.27057233
vn -0.84946352 0.43107098 -0.30428532
vn -0.39727372 0.89754421 -0.19127992
vn -0.20266168 0.97597569 -0.07999802
vn -0.43209928 0.16923895 0.88580382
vn -0.35342261 0.54372728 0.76121819
vn -0.05795196 0.01698600 0.99817485
vn -0.05315427 0.46389267 0.88429534
vn -0.05005536 0.68629718 0.72559679
vn -0.21805950 0.88927394 0.40204722
vn -0.12802652 0.98464006 0.11871544
vn -0.25269696 0.19989474 0.94667125
vn -0.23011084 0.55573964 0.79887569
vn -0.14808017 0.89184660 0.42741328
vn -0.05590786 0.01255082 0.99835706
vn -0.07265596 0.98671454 0.14531185
vn -0.09502908 0.99542916 -0.00950294
vn -0.05291431 0.99846929 0.01610431
vn -0.46448085 0.58162713 0.66780794
vn -0.05669301 0.66178268 0.74754906
vn -0.08252912 0.99550688 -0.04642263
vn -0.04834139 0.99583167 -0.07734618
vn -0.43237302 0.42612696 0.79465050
vn -0.06637608 0.52049083 0.85128349
vn -0.28358930 0.08501294 0.95517009
vn -0.43185833 -0.00663568 0.90191704
vn -0.06904931 0.34424642 0.93633682
vn -0.07149575 0.19621998 0.97795004
vn -0.07645103 0.11722516 0.99015832
vn -0.37228671 0.07730135 0.92489302
vn -0.24845356 0.13192521 0.95961797
vn -0.07390256 0.16238254 0.98395658
vn 0.89997965 -0.33332574 0.28094590
vn 0.89958835 -0.15081848 0.40987146
vn 0.95057476 -0.16122817 0.26535466
vn 0.90823144 0.00000006 0.41846827
vn 0.90291107 0.14730799 0.40379694
vn 0.96152401 0.00000005 0.27472100
vn 0.95163971 0.15380041 0.26594633
vn 0.90414560 0.33044916 0.27078459
vn -0.44771665 0.22265744 0.86601013
vn -0.45972767 0.40503788 0.79031307
vn -0.34789631 0.25357729 0.90258890
vn -0.31655338 0.45588127 0.83184510
vn -0.45247003 0.58882004 0.66974759
vn -0.28191361 0.63342595 0.72062212
vn -0.44335231 0.75529480 0.48266834
vn -0.25943902 0.79317486 0.55096734
vn -0.21559562 0.29979444 0.92932343
vn -0.06536429 0.32313210 0.94409382
vn -0.18164834 0.49505952 0.84965885
vn -0.05867282 0.50863075 0.85898328
vn -0.15344538 0.65510392 0.73979282
vn -0.13627742 0.80259812 0.58074510
vn -0.05449267 0.65903479 0.75013584
vn -0.04340596 0.80442470 0.59246689
vn -0.56142467 0.82643539 0.04250899
vn -0.87712169 0.32791927 0.35089415
vn -0.78439248 0.28683370 0.54995894
vn -0.92332375 0.36514312 0.11892777
vn -0.91143858 0.40885779 -0.04599113
vn -0.85125101 0.16458836 0.49827966
vn -0.92775428 0.21596813 0.30435130
vn -0.96576780 0.24830046 0.07509629
vn -0.95254546 0.26593190 -0.14811289
vn -0.72805935 -0.65743679 -0.19418156
vn -0.85149139 -0.46892133 -0.23468108
vn -0.74443114 -0.57237256 -0.34381983
vn -0.90526146 -0.31359148 -0.28663957
vn -0.81689060 -0.38909119 -0.42579082
vn -0.75144494 -0.57328898 -0.32660413
vn -0.97217435 -0.20924819 0.10531992
vn -0.96509385 -0.22323626 -0.13696516
vn -0.74378693 -0.40341195 -0.53295386
vn -0.90221119 -0.19939554 -0.38243484
vn -0.85028255 0.48239255 -0.21051618
vn -0.87168181 0.28781864 -0.39665028
vn -0.74207693 0.62918806 -0.23118004
vn -0.77185559 0.62591350 -0.11167459
vn -0.77869570 0.62694979 -0.02381189
vn -0.71836567 0.56805158 -0.40158230
vn -0.79206294 -0.10508782 -0.60132593
vn -0.64049399 -0.28858921 -0.71167672
vn -0.71188021 0.32208493 -0.62408972
vn -0.62843859 0.00221026 -0.77785611
vn -0.49806830 -0.17834647 -0.84859914
vn -0.50864565 0.63489181 -0.58154279
vn -0.48096240 0.36397579 -0.79761958
vn -0.40330413 0.07592376 -0.91191095
vn -0.31844816 -0.08239958 -0.94435221
vn -0.50762421 0.78662473 -0.35148153
vn -0.51043117 0.83820277 -0.19203232
vn -0.27090725 0.67499048 -0.68629235
vn -0.26590297 0.85572922 -0.44387290
vn -0.25168049 0.93299776 -0.25723949
vn -0.24158974 0.40417749 -0.88219905
vn -0.02534184 0.43425727 -0.90043235
vn -0.04616297 0.69235986 -0.72007424
vn -0.04645321 0.87275541 -0.48594254
vn -0.18773703 0.11861864 -0.97503048
vn -0.14644387 -0.03692154 -0.98852974
vn 0.00749257 0.14449161 -0.98947763
vn -0.98173130 -0.10466071 -0.15890245
vn -0.94015670 -0.15155253 -0.30518404
vn -0.98408478 0.02405318 -0.17606393
vn -0.95318478 -0.00777058 -0.30228865
vn -0.96691465 0.16025652 -0.19847915
vn -0.94717413 0.13916965 -0.28895190
vn -0.85999954 -0.19195575 -0.47281480
vn -0.88729650 -0.02920715 -0.46027368
vn -0.78345132 -0.01875739 -0.62116998
vn -0.90228927 0.12783518 -0.41174322
vn -0.90238494 0.22592263 -0.36696103
vn -0.81769258 0.11814563 -0.56340098
vn -0.67486691 0.02390016 -0.73755240
vn -0.71124285 0.11646391 -0.69323134
vn -0.64742899 -0.16525967 0.74399263
vn 0.20870988 0.02786593 0.97758055
vn 0.18158220 0.00235826 0.98337299
vn -0.64530855 -0.12494133 0.75363553
vn 0.31926110 0.04656529 0.94652206
vn 0.33280191 0.02037567 0.94277662
vn -0.63242400 -0.10339744 0.76769072
vn 0.17669624 -0.03706906 0.98356718
vn 0.35045844 -0.02574790 0.93622428
vn -0.95423651 -0.29825056 0.02189388
vn -0.69590271 -0.22689608 0.68134981
vn -0.96887779 -0.23456083 0.07910153
vn -0.90390116 -0.19456047 -0.38093165
vn -0.89699215 -0.24792109 -0.36597854
vn -0.79897052 -0.21688125 0.56089991
vn -0.96738636 -0.24946524 -0.04393975
vn -0.91066080 -0.20171539 -0.36056605
vn 0.18595116 0.03871341 0.98179603
vn 0.05031044 0.07187192 0.99614424
vn -0.98140943 -0.16521348 0.09767349
vn -0.90777004 -0.12121663 -0.40157211
vn 0.31702402 0.07099823 0.94575632
vn -0.79106915 -0.06136008 -0.60864168
vn -0.80157423 -0.12680574 -0.58429366
vn -0.80145574 -0.17704777 -0.57124686
vn -0.68540102 -0.09732549 -0.72163230
vn -0.69614011 -0.04406312 -0.71655244
vn -0.68877441 0.01009068 -0.72490549
vn -0.99393535 -0.08917766 0.06434348
vn -0.90222770 -0.03292808 -0.43000105
vn -0.77892756 0.01340084 -0.62697071
vn 0.14095666 0.00913178 0.98997366
vn 0.16505791 -0.01318504 0.98619574
vn 0.19688319 -0.05636674 0.97880530
vn -0.67485273 0.06910907 -0.73470932
vn -0.74425274 0.63031679 -0.22088170
vn -0.80031943 0.53792828 -0.26480556
vn -0.83769846 0.45818457 -0.29720071
vn 0.24926566 0.14058581 0.95817661
vn -0.86596906 0.49432397 -0.07577220
vn -0.66291654 0.73187494 -0.15779963
vn -0.68659782 0.66558492 -0.29254079
vn -0.74737996 0.57995188 -0.32415912
vn -0.78204304 0.52284306 -0.33918145
vn -0.60360521 0.76020402 -0.24031377
vn -0.78058410 0.60118032 -0.17108683
vn -0.71274662 0.67369187 -0.19527297
vn -0.64240426 0.74920720 -0.16126190
vn -0.80859727 0.58833414 -0.00579632
vn 0.06487492 0.07250717 0.99525571
vn 0.12931442 0.01962015 0.99140954
vn -0.22132351 0.00495967 0.97518790
vn -0.16926353 -0.03553448 0.98493010
vn -0.61289734 0.31398779 -0.72509903
vn -0.48637691 0.01175254 -0.87367004
vn -0.49404842 0.01420168 -0.86931843
vn -0.15657584 -0.04708705 0.98654294
vn -0.13204706 -0.06590503 0.98905009
vn -0.52814019 0.06115043 -0.84695256
vn -0.53676039 0.11037922 -0.83648354
vn -0.23863237 0.13907763 -0.96109945
vn -0.29292738 0.18004979 -0.93902916
vn -0.32783964 0.22392052 -0.91781312
vn -0.42576829 -0.03037644 0.90432221
vn -0.38780472 -0.07583028 0.91861707
vn -0.37943196 -0.09424993 0.92040664
vn -0.56735945 -0.05605937 0.82155997
vn -0.52672136 -0.11346188 0.84243160
vn -0.51660967 -0.13318355 0.84579939
vn -0.46826053 -0.10425662 -0.87741816
vn -0.49044856 0.02383464 -0.87114418
vn -0.52067167 0.10738903 -0.84697616
vn -0.54448956 0.17629407 -0.82003140
vn -0.58308357 0.25780189 -0.77042323
vn -0.37844431 0.37328723 -0.84701639
vn -0.43805501 0.41413155 -0.79787409
vn -0.22877784 0.14490360 -0.96263379
vn -0.33468434 0.30641782 -0.89111990
vn -0.60715836 0.78318608 -0.13408361
vn -0.72069532 -0.09212279 0.68710381
vn -0.67629516 -0.16400550 0.71814144
vn -0.31268221 0.08209113 -0.94630390
vn -0.29795104 -0.03835526 -0.95381027
vn -0.32520771 0.21807168 -0.92015481
vn -0.13654879 -0.00297659 -0.99062890
vn -0.14212576 0.12909223 -0.98139465
vn -0.14716205 0.28665814 -0.94666278
vn 0.02917231 -0.02324580 -0.99930406
vn 0.04435186 0.01348296 -0.99892509
vn 0.05791666 0.15302734 -0.98652333
vn 0.06221518 0.30939138 -0.94889748
vn -0.30283532 0.56551534 -0.76712668
vn -0.25502875 0.52354008 -0.81293684
vn -0.15312435 0.44220906 -0.88374436
vn 0.08355668 0.29052597 -0.95321202
vn 0.08018421 0.27864054 -0.95704228
vn 0.01407826 0.31441754 -0.94918048
vn 0.38558370 0.41138193 -0.82588750
vn 0.36737016 0.42807811 -0.82570475
vn -0.22595268 0.71870631 -0.65757632
vn -0.18486692 0.69292659 -0.69690531
vn -0.08862027 0.66528356 -0.74131256
vn -0.18634506 0.86338776 -0.46886796
vn -0.15864865 0.84956354 -0.50306314
vn -0.07018768 0.83930326 -0.53911394
vn 0.05967285 0.45547971 -0.88824409
vn 0.05052605 0.65362120 -0.75513351
vn 0.03352724 0.83494645 -0.54930896
vn -0.42471924 0.87110335 0.24656151
vn -0.39779395 0.91356874 0.08457038
vn -0.59107208 0.80491775 -0.05235746
vn -0.71023417 0.06480722 0.70097613
vn -0.96653998 -0.25499174 -0.02792753
vn -0.08855593 0.37724873 0.92186832
vn -0.93332696 -0.35667756 -0.04101156
vn -0.71845609 -0.05091422 0.69370639
vn -0.07926973 0.27627185 0.95780486
vn -0.97427320 -0.22464244 0.01810319
vn -0.93752307 -0.34356979 0.05486679
vn -0.90232414 -0.15207046 0.40334320
vn -0.85891145 -0.25371215 0.44486097
vn -0.89976162 -0.43422234 -0.04336186
vn -0.74552691 -0.15710340 0.64769459
vn -0.13192788 0.22169861 0.96614945
vn -0.90578926 -0.41442484 0.08830585
vn 0.40590313 0.56580430 0.71771038
vn 0.45369869 0.48201415 0.74954647
vn 0.44172785 0.48965427 0.75174147
vn 0.71649760 0.59850693 0.35835832
vn 0.72984028 0.57800174 0.36503035
vn 0.68527716 0.63862884 0.35006917
vn -0.17199455 0.15093413 0.97346646
vn -0.73394525 -0.27437916 0.62132150
vn -0.85785437 -0.51303697 -0.02964773
vn -0.86688632 -0.48866042 0.09858535
vn -0.18336216 0.08870237 0.97903544
vn -0.72035617 -0.34813336 0.59990847
vn -0.83382797 -0.55200922 -0.00410402
vn 0.44927779 0.50203222 0.73899472
vn 0.43661427 0.50264072 0.74613696
vn -0.20591693 0.05467456 0.97704089
vn 0.45515513 0.49312523 0.74139148
vn -0.70853472 -0.41265348 0.57244706
vn -0.72733057 -0.38443461 0.56850719
vn -0.23556195 0.02993769 0.97139817
vn 0.43267319 0.51519626 0.73984236
vn 0.69347465 0.62673354 0.35538432
vn 0.68023998 0.64674020 0.34496489
vn 0.69150084 0.65422326 0.30629811
vn -0.11558993 0.94447213 0.30758953
vn -0.09842275 0.99206614 0.07821555
vn -0.02211495 0.94719040 0.31990826
vn -0.00621336 0.99577230 0.09164656
vn 0.76222944 0.64729255 0.00432545
vn -0.22997394 0.96415037 -0.13238630
vn -0.20996298 0.96964425 -0.12532210
vn -0.09037758 0.98971164 -0.11091790
vn 0.17295372 -0.10785661 0.97900665
vn -0.62110388 -0.09264677 0.77823305
vn -0.99972391 -0.01234957 0.01999461
vn 0.38463160 -0.10475570 0.91710687
vn -0.65184420 -0.09023143 0.75296587
vn -0.99887812 0.04735511 0.00000013
vn 0.14381534 -0.16594058 0.97559261
vn 0.40520313 -0.17112711 0.89806789
vn 0.27595511 -0.20086262 0.93994850
vn 0.24378972 -0.12114324 0.96223235
vn -0.99351174 0.11308259 -0.01211587
vn -0.71523064 -0.06602130 0.69576311
vn 0.10283966 -0.21346989 0.97152191
vn -0.87173557 0.18940991 -0.45188600
vn -0.88224989 0.11687069 -0.45604450
vn -0.89109915 0.04863693 -0.45119479
vn 0.36245263 -0.24383163 0.89954120
vn 0.22628146 -0.29151151 0.92941797
vn -0.00379101 -0.25211141 0.96769089
vn -0.77562368 -0.01436341 0.63103223
vn -0.97993016 0.19450684 -0.04363451
vn -0.84504789 0.27704304 -0.45731986
vn -0.75859731 0.15103750 -0.63381213
vn -0.73759514 0.22381298 -0.63707232
vn -0.68338281 0.31822506 -0.65705460
vn 0.27349460 -0.32247853 0.90620553
vn -0.76853681 0.08557814 -0.63405657
vn -0.66242045 0.13040286 -0.73769528
vn -0.64540529 0.19407283 -0.73877448
vn -0.51991236 0.15492839 -0.84005272
vn -0.50358349 0.20402209 -0.83951098
vn -0.60958904 0.26671976 -0.74649978
vn -0.48258924 0.27183980 -0.83259290
vn -0.43938589 0.34410188 -0.82977945
vn -0.50893486 -0.15449810 0.84682679
vn -0.36714372 -0.11079874 0.92354161
vn -0.50273794 -0.20183328 0.84054631
vn -0.34074250 -0.13933516 0.92977434
vn -0.65347135 -0.19350371 0.73180026
vn -0.63916445 -0.23286967 0.73296690
vn -0.62319374 -0.30994478 0.71802777
vn -0.03973941 -0.15528989 0.98706931
vn -0.29689470 -0.20293248 0.93309808
vn -0.41672924 -0.34509784 0.84097815
vn -0.48995510 -0.27471477 0.82733053
vn -0.79576361 -0.60093075 0.07511647
vn -0.82499444 -0.56409270 0.03440477
vn -0.79392666 -0.59504735 0.12489641
vn -0.81826872 -0.56137049 0.12369192
vn -0.83031046 -0.54732281 0.10498805
vn -0.74164987 -0.52454758 0.41809738
vn -0.75736439 -0.48521090 0.43700096
vn -0.76349092 -0.44913673 0.46406662
vn -0.59400272 -0.43010658 0.67983025
vn -0.62387317 -0.37224039 0.68718225
vn -0.08213889 -0.09808830 0.99178219
vn -0.33333710 0.25592309 -0.90740824
vn -0.32541266 0.29907739 -0.89702803
vn -0.08068644 0.38420331 -0.91971600
vn -0.04492396 0.35120904 -0.93521869
vn -0.09014254 0.42489231 -0.90074462
vn -0.31185836 0.35998279 -0.87929332
vn -0.29313621 0.42009702 -0.85883051
vn -0.08516181 0.47063026 -0.87821102
vn -0.08165585 0.52895200 -0.84471434
vn 0.19233242 0.55286461 -0.81077069
vn 0.16441691 0.57513076 -0.80136871
vn 0.22826190 0.52773559 -0.81816357
vn 0.43374547 0.68223947 -0.58856964
vn 0.46884117 0.65623844 -0.59121841
vn 0.50135118 0.63789028 -0.58458799
vn 0.27917445 0.48799708 -0.82699484
vn -0.82430989 0.15487035 0.54454428
vn -0.42092678 -0.27287674 0.86507744
vn -0.54524904 -0.23029158 0.80602062
vn -0.78199649 0.22844842 0.57990766
vn -0.59131902 -0.24268012 0.76905680
vn -0.68814093 0.27640811 0.67086560
vn -0.81418693 0.03890804 0.57929772
vn -0.19288780 -0.27486527 0.94193608
vn -0.95706415 0.28459460 -0.05508271
vn -0.78993809 0.38747633 -0.47524720
vn -0.54351717 0.45611727 -0.70466024
vn -0.89188755 0.45167565 0.02292780
vn -0.63969910 0.60591960 -0.47291279
vn -0.78055578 0.60161406 0.16968611
vn -0.54599941 0.74996471 0.37341341
vn -0.40010795 0.81816930 -0.41293180
vn -0.13435045 0.94582665 -0.29557082
vn -0.56971520 -0.30577943 0.76283926
vn -0.56345022 -0.38342679 0.73178405
vn -0.59759390 -0.42524216 0.67974317
vn -0.56681520 -0.73499119 0.37216726
vn -0.56604749 0.30170047 0.76718128
vn -0.42615125 0.22405900 0.87646604
vn -0.02940415 0.77823102 0.62728941
vn -0.27413693 0.81098855 0.51686239
vn -0.36075276 0.14553982 0.92123592
vn 0.12334733 0.71695608 0.68611914
vn 0.45356816 0.88205427 0.12750062
vn 0.33352298 0.94199914 0.03741957
vn 0.14254342 0.98253191 -0.11963478
vn -0.64525759 -0.42434746 0.63527316
vn -0.30935165 0.07856555 0.94769669
vn -0.69607115 -0.68583488 0.21240419
vn -0.75461549 -0.64387327 0.12642273
vn -0.67003775 -0.42191291 0.61076921
vn -0.26185182 0.03080614 0.96461636
vn 0.29693821 0.63493210 0.71322435
vn 0.39825451 0.56249815 0.72456139
vn 0.58095640 0.78895313 0.20010710
vn 0.59058219 0.77154607 -0.23649433
vn -0.06204835 0.58692545 -0.80726004
vn 0.46690521 0.76408023 -0.44517520
vn 0.53146970 0.74799448 -0.39754793
vn 0.65248156 0.71989477 0.23668437
vn 0.68557632 0.67856944 0.26368311
vn 0.65259033 0.74037743 -0.16114345
vn 0.69180006 0.71574712 -0.09549219
vn 0.59292161 0.72376788 -0.35299289
vn 0.71211094 0.70009649 -0.05256367
vn 0.63723993 0.69870424 -0.32517329
vn -0.82626402 -0.30350640 0.47452253
vn -0.79736871 -0.36556292 0.48017386
vn 0.66574019 0.68086618 -0.30530521
vn 0.72724390 0.68574429 -0.02951598
vn 0.75247902 0.65858752 -0.00615695
vn 0.69852889 0.65427285 -0.28980076
vn 0.54854554 0.60147834 -0.58079392
vn 0.78481388 0.61954445 0.01522889
vn 0.80746734 0.58957124 0.02005797
vn 0.74305248 0.61009163 -0.27506596
vn 0.33784321 0.44454470 -0.82960349
vn 0.59792262 0.55489570 -0.57842839
vn 0.63583291 0.52302808 -0.56758988
vn 0.60505980 0.55951297 -0.56643438
vn 0.77797079 0.57267302 -0.25847068
vn 0.73275077 0.62721270 -0.26397091
vn -0.18465853 0.94059294 -0.28493187
vn -0.18256438 0.93723089 -0.29710031
vn -0.08038554 0.94690275 -0.31130907
vn -0.77540636 0.63135689 0.01156068
vn -0.52553558 0.85045308 -0.02328001
vn -0.51879591 0.85089499 -0.08263542
vn -0.76363826 0.64274681 0.06110105
vn -0.53015518 0.84738415 0.02959122
vn -0.74448454 0.66009074 0.10011524
vn -0.53021383 0.84557730 0.06222815
vn -0.72854942 0.67519379 0.11545207
vn -0.52185816 0.84915847 0.08120294
vn -0.24406569 0.96156383 -0.12580532
vn -0.24401081 0.96838242 -0.05190570
vn -0.24815214 0.96868843 0.00795753
vn -0.03488901 0.95435745 -0.29662198
vn -0.02013499 0.98716933 -0.15840226
vn -0.01045448 0.99670422 -0.08044513
vn -0.25747526 0.96572810 0.03280144
vn -0.26082397 0.96441156 0.04337276
vn -0.00267809 0.99982071 -0.01874638
vn 0.00055623 0.99999219 0.00394022
vn 0.19469523 0.96148080 -0.19403201
vn 0.21831916 0.96838051 -0.12073095
vn 0.24140920 0.96858329 -0.05973460
vn 0.00107843 0.99996561 0.00822328
vn 0.25622225 0.96594524 -0.03605724
vn 0.26185793 0.96472108 -0.02727039
vn -0.71631199 0.68492490 0.13332324
vn -0.71162945 0.69109583 0.12637322
vn -0.51161194 0.85413748 0.09328774
vn -0.50573909 0.85955685 0.07341692
vn -0.70488787 0.70575815 0.07098319
vn -0.69293344 0.72061026 -0.02375077
vn -0.49996373 0.86598486 0.01031924
vn -0.25438139 0.96606803 0.04475144
vn -0.24864899 0.96836346 0.02111608
vn -0.25144273 0.96708715 -0.03897435
vn -0.49085051 0.86794758 -0.07571579
vn -0.25947630 0.95796686 -0.12235843
vn 0.00053638 0.99998903 0.00464899
vn -0.00225504 0.99985296 -0.01700642
vn 0.25660029 0.96622223 -0.02389277
vn 0.24471772 0.96859896 -0.04392378
vn -0.00932618 0.99731272 -0.07266612
vn -0.01977421 0.98777068 -0.15465470
vn 0.23192367 0.96745324 -0.10122062
vn 0.21923539 0.95858240 -0.18181261
vn 0.50865799 0.85893649 -0.05912166
vn 0.48545817 0.86677760 -0.11413567
vn 0.45433170 0.86936265 -0.19440039
vn -0.89715707 -0.12653135 0.42320094
vn -0.98093891 -0.11450193 0.15699758
vn -0.90627593 -0.39406329 0.15289946
vn -0.79810637 -0.45178968 0.39863810
vn -0.89797896 0.19166347 0.39610469
vn -0.97793776 0.13630003 0.15830381
vn -0.40462038 -0.50463897 0.76264149
vn -0.49174958 -0.11228929 0.86346608
vn -0.51450461 0.30728596 0.80053753
vn -0.79695773 0.47465867 0.37357405
vn -0.45387974 0.59642780 0.66201741
vn -0.99454981 -0.10422755 -0.00274269
vn -0.91467768 -0.40394399 -0.01392896
vn -0.61783993 -0.70913589 0.33970594
vn -0.74456185 -0.65510613 0.12831056
vn -0.74589860 -0.66519213 -0.03398159
vn -0.99370408 0.11141185 0.01181654
vn -0.98444700 -0.11130968 -0.13592067
vn -0.89462167 -0.42563501 -0.13596660
vn -0.70321453 -0.70164138 -0.11484252
vn -0.98678738 0.11225203 -0.11683367
vn -0.63926142 0.71082050 0.29339242
vn -0.92187321 0.37882641 -0.08148801
vn -0.75853372 0.65162617 -0.00318170
vn -0.94993442 -0.12398622 -0.28679615
vn -0.85969746 -0.43508169 -0.26762739
vn -0.66834414 -0.71461415 -0.20650108
vn -0.95599157 0.12726054 -0.26435766
vn -0.77257717 -0.43642843 -0.46114507
vn -0.86295688 -0.17436843 -0.47423741
vn -0.91688299 0.01935367 -0.39868671
vn -0.89700079 0.40034142 -0.18739375
vn -0.75077432 0.65727371 -0.06579657
vn -0.55873209 0.00563744 0.82932901
vn -0.54205894 -0.38814110 0.74533129
vn 0.05730459 -0.36466464 0.92937404
vn 0.07878537 0.05637848 0.99529612
vn 0.06939257 0.37049544 0.92623854
vn -0.53425407 0.32384020 0.78083301
vn -0.79682517 -0.35074434 0.49198383
vn -0.83356291 -0.03722886 0.55116868
vn -0.81742030 0.22293282 0.53115445
vn -0.77002287 0.42113382 0.47928205
vn -0.51383281 0.57402152 0.63755405
vn 0.00309709 0.64480007 0.76434505
vn -0.43829048 -0.70187092 0.56149685
vn 0.02136042 -0.69821453 0.71556985
vn -0.68127036 -0.62599188 0.37947971
vn -0.23856658 -0.92604905 0.29243660
vn 0.00000009 -0.92847669 0.37139070
vn 0.51543993 -0.29453695 0.80471712
vn 0.45814109 -0.57911080 0.67434227
vn 0.50262946 0.04814913 0.86316007
vn 0.47047138 0.31102294 0.82578534
vn -0.45085683 -0.25395209 0.85570818
vn -0.41617897 -0.58158356 0.69896752
vn 0.02242152 -0.67584479 0.73670292
vn 0.07375675 -0.29733130 0.95192122
vn 0.01242642 -0.92783260 0.37278992
vn 0.63794583 -0.32238427 0.69935220
vn -0.00736516 -0.35353419 0.93539262
vn -0.04565634 0.09638592 0.99429637
vn 0.00000013 -0.63473940 0.77272636
vn -0.41382900 0.10946450 0.90374947
vn -0.10574526 0.37222371 0.92209959
vn -0.37854156 0.35804734 0.85352707
vn 0.12713766 0.10299756 0.98652297
vn 0.12455380 0.35417786 0.92684650
vn 0.10781855 0.60763931 0.78686070
vn -0.19939123 -0.97814584 -0.05893949
vn 0.02197379 -0.99942654 -0.02576228
vn -0.01165719 -0.99993187 0.00064767
vn -0.00312626 -0.99416149 -0.10785710
vn 0.02663439 -0.45278233 0.89122319
vn 0.06693175 -0.06864776 0.99539322
vn 0.02347827 0.35070506 0.93619162
vn -0.30893183 -0.75311059 0.58084911
vn -0.03162733 -0.70796835 0.70553559
vn -0.45869261 -0.88504159 0.07938921
vn -0.67127782 -0.47188848 0.57158327
vn -0.56214720 -0.68435329 0.46438268
vn -0.62853926 -0.10999438 0.76996076
vn -0.54073256 0.32443956 0.77611035
vn -0.44648451 0.77104223 0.45403242
vn -0.07080626 0.85507596 0.51364559
vn -0.42405531 -0.90514737 -0.02975817
vn -0.35940850 -0.93092710 -0.06481130
vn -0.03117175 -0.99944568 0.01168947
vn -0.36362064 -0.92518872 -0.10865580
vn -0.02864631 -0.99716568 -0.06956965
vn 0.01231578 -0.99654758 0.08210489
vn -0.13192394 -0.96416813 0.23016538
vn 0.01514518 -0.97736412 0.21102186
vn -0.05065919 -0.98433673 -0.16886401
vn 0.02752768 -0.99959737 -0.00688187
vn 0.63083142 0.01288732 0.77581292
vn 0.82176793 -0.32085872 0.47090057
vn 0.83442181 -0.06637440 0.54711503
vn 0.57702243 0.25155446 0.77702349
vn 0.81863886 0.14930515 0.55456161
vn 0.54719484 0.48709428 0.68067396
vn 0.17840894 -0.97907323 -0.09790730
vn 0.06029171 -0.98829472 -0.14013739
vn 0.43263769 -0.65480286 0.61972404
vn 0.02457698 -0.68569410 0.72747487
vn 0.31892326 -0.42180157 0.84874707
vn 0.34055716 -0.04865095 0.93896437
vn -0.06225496 -0.34240299 0.93748850
vn 0.34206298 -0.73090357 0.59057009
vn 0.46901855 -0.39617082 0.78934801
vn -0.05278886 0.05136230 0.99728394
vn 0.52398485 -0.01004684 0.85166836
vn 0.60183501 -0.69817609 0.38774341
vn 0.79128069 -0.37969014 0.47928101
vn 0.86514050 -0.06344753 0.49750009
vn 0.73262668 -0.65842324 0.17244415
vn 0.43885043 0.31493974 0.84156001
vn 0.00714286 0.41142315 0.91141647
vn 0.51600373 0.36259723 0.77605635
vn 0.50694650 0.59371227 0.62490892
vn 0.46629316 0.73274630 0.49563462
vn 0.52016240 0.73764408 0.43047911
vn 0.46961409 -0.88270050 0.01739309
vn 0.37363523 -0.92682290 -0.03736353
vn 0.90991491 -0.36136028 0.20365077
vn 0.97127509 -0.10557332 0.21325809
vn 0.86052126 0.22624652 0.45641613
vn 0.81222463 0.43923661 0.38387805
vn 0.97083449 0.12326125 0.20563860
vn 0.73912895 0.62208962 0.25824976
vn 0.93984926 0.29171067 0.17773086
vn 0.87688392 0.46235701 0.13153246
vn 0.75282270 -0.65716529 0.03730626
vn 0.92768246 -0.36964375 0.05262054
vn 0.98931319 -0.13727793 0.04913627
vn 0.72635442 -0.68332386 -0.07401249
vn 0.69809741 -0.69283533 -0.18066347
vn 0.91742396 -0.38758874 -0.09004598
vn 0.98376554 -0.14764167 -0.10201645
vn 0.99686170 0.06820317 0.04019099
vn 0.99383980 0.03594362 -0.10483555
vn 0.97085023 0.23885281 0.01997994
vn 0.88109225 0.47293025 0.00366599
vn 0.65280181 0.75427902 0.07009239
vn 0.97141474 0.22340888 -0.08026183
vn 0.88347977 0.46620107 -0.04604468
vn -0.35604203 0.89282292 0.27586466
vn -0.08560775 0.95031238 0.29929528
vn -0.29666021 0.94550073 0.13424288
vn -0.07635494 0.98660851 0.14413060
vn -0.30351755 0.93814504 0.16661626
vn -0.09122534 0.97307014 0.21168950
vn -0.42897573 0.66999829 0.60587305
vn -0.70823848 0.55029798 0.44223353
vn 0.01870805 0.95051283 0.31012186
vn 0.03208907 0.98892772 0.14488710
vn 0.10548683 0.84389442 0.52603680
vn 0.09936955 0.95156276 0.29095399
vn 0.10086719 0.98660749 0.12818536
vn 0.04159982 0.96329594 0.26519886
vn -0.16529210 0.71101868 0.68346989
vn -0.20399345 0.28628927 0.93617576
vn -0.46541181 0.30152252 0.83215147
vn -0.70967269 0.26947880 0.65095770
vn -0.23236001 0.17554589 0.95665693
vn -0.49053150 0.20635346 0.84663874
vn -0.71217906 0.20841824 0.67034531
vn 0.03933356 0.70217574 0.71091640
vn 0.16166084 0.94804496 0.27400136
vn 0.05501314 0.26481766 0.96272802
vn 0.05736394 0.14359227 0.98797303
vn 0.29897153 0.67268580 0.67683810
vn 0.37754002 0.24744175 0.89232063
vn 0.39617106 0.11358752 0.91112381
vn -0.53919095 0.12258381 0.83321458
vn -0.27177083 0.09425984 0.95773470
vn 0.05519070 0.06445078 0.99639356
vn 0.50936311 0.84251928 0.17524393
vn 0.68485129 0.20012975 0.70066178
vn 0.69624692 0.08065207 0.71325696
vn 0.87619418 0.38381582 0.29149470
vn 0.88933414 0.12961389 0.43850321
vn 0.42631847 0.03578975 0.90386498
vn 0.91219318 0.40500638 -0.06223735
vn -0.00808521 -0.99987650 0.01347547
vn -0.03365067 -0.99881428 -0.03518024
vn 0.16214816 -0.98506898 -0.05785565
vn -0.14642130 -0.98211324 -0.11838313
vn -0.04644601 -0.98803377 -0.14707905
vn 0.11473537 -0.98213458 -0.14915591
vn -0.42771953 -0.87587154 -0.22339481
vn -0.64060873 -0.67377377 -0.36830625
vn -0.53343153 -0.65127349 -0.53971630
vn -0.36600563 -0.86264718 -0.34911299
vn -0.15615463 -0.98464191 -0.07807726
vn -0.95403475 -0.01585259 -0.29927662
vn -0.90959787 0.18568896 0.37168705
vn -0.99654526 0.07918789 0.02503749
vn -0.96340883 -0.01801481 -0.26743019
vn -0.62546527 -0.46815130 -0.62420160
vn -0.71039325 -0.28675953 -0.64273661
vn -0.77227116 -0.19335301 -0.60515463
vn -0.36287329 -0.52038080 -0.77299857
vn -0.41499668 -0.41236010 -0.81100982
vn -0.44940445 -0.37958169 -0.80867386
vn -0.31056759 -0.64713609 -0.69624901
vn -0.22949058 -0.85227162 -0.47007167
vn -0.09120770 -0.64259923 -0.76075453
vn -0.10176945 -0.55568397 -0.82514143
vn -0.11829109 -0.47266698 -0.87326580
vn -0.81318212 -0.16966611 -0.55673015
vn -0.82036632 -0.12786999 -0.55735838
vn -0.48679191 -0.32106590 -0.81237328
vn -0.50032401 -0.24081016 -0.83167684
vn -0.07688157 -0.84268194 -0.53289449
vn 0.11291623 -0.85782653 -0.50138187
vn 0.28091580 -0.88421094 -0.37317225
vn 0.17315181 -0.97907144 -0.10694666
vn 0.16549036 -0.98466742 -0.05516342
vn 0.15010633 -0.63832384 -0.75499064
vn 0.18244982 -0.55583584 -0.81102318
vn -0.12186495 -0.44003421 -0.88967347
vn -0.12097583 -0.38153887 -0.91640222
vn -0.11844719 -0.29611772 -0.94777876
vn 0.21037762 -0.47936067 -0.85202968
vn 0.23034173 -0.42743224 -0.87421077
vn 0.24684812 -0.38271046 -0.89028019
vn 0.26313969 -0.28867477 -0.92055660
vn 0.64118749 -0.69445539 -0.32651246
vn 0.31462666 -0.91848904 -0.23955783
vn 0.58341897 -0.66223496 -0.47017780
vn 0.42683774 -0.64478004 -0.63408858
vn 0.50183141 -0.50832355 -0.69983751
vn 0.70988858 -0.43867111 -0.55102259
vn 0.81724250 -0.39943430 -0.41541174
vn 0.56025767 -0.41514009 -0.71677756
vn 0.78569460 -0.30734694 -0.53686303
vn 0.89229196 -0.20705831 -0.40117565
vn 0.83830535 -0.21915250 -0.49921569
vn 0.60200894 -0.34731287 -0.71899861
vn 0.88710576 -0.39426920 -0.23999007
vn 0.95487446 -0.15663187 -0.25235152
vn 0.97298646 -0.00750372 -0.23074052
vn 0.93717808 -0.09178889 -0.33655947
vn 0.97526640 0.14111577 -0.17012297
vn 0.97512215 0.00693732 -0.22155969
vn 0.97884959 0.20038953 0.04120144
vn 0.87795258 -0.15295504 -0.45365632
vn 0.99200517 0.04681584 0.11719234
vn 0.98415238 -0.04066056 -0.17260021
vn 0.88508147 -0.13705456 -0.44480002
vn 0.64845312 -0.29395899 -0.70220852
vn 0.65998554 -0.22433926 -0.71700138
vn -0.90031999 0.15732569 0.40579864
vn -0.99800211 0.05548387 0.03022115
vn -0.74304664 0.14217693 0.65396291
vn -0.89991575 0.12919459 0.41648602
vn -0.99730593 0.04804212 0.05543339
vn -0.96266717 -0.02660007 -0.26937780
vn -0.81748372 -0.11182933 -0.56499094
vn -0.96107680 -0.04068533 -0.27326936
vn -0.80674207 -0.11412142 -0.57977903
vn -0.91004854 0.08487497 0.40571901
vn -0.78204930 0.07839562 0.61826617
vn -0.58905643 0.04848500 0.80663604
vn -0.93218869 -0.00218866 0.36196613
vn -0.82160997 -0.04429711 0.56832635
vn -0.63144881 -0.09243936 0.76988798
vn -0.99476790 0.04229022 0.09299663
vn -0.96390724 -0.02821490 -0.26473919
vn -0.99648172 0.01904938 0.08161704
vn -0.96503955 0.01214558 -0.26182276
vn -0.29396421 0.01276902 0.95573115
vn 0.08918415 -0.00762753 0.99598598
vn -0.30424047 -0.14640926 0.94127685
vn 0.13827662 -0.17478144 0.97484922
vn -0.49696910 -0.20165548 -0.84401232
vn -0.10122125 -0.23952836 -0.96559852
vn -0.48281896 -0.18211776 -0.85657400
vn 0.28059316 -0.22664653 -0.93268371
vn -0.06362427 -0.20966609 -0.97570086
vn 0.30241355 -0.20038061 -0.93187642
vn -0.80283010 -0.09841888 -0.58802849
vn -0.48167473 -0.16577242 -0.86052835
vn -0.80908567 -0.01269276 -0.58755362
vn -0.52872604 -0.05625071 -0.84692657
vn -0.03758191 -0.20340478 -0.97837323
vn 0.31673717 -0.20234089 -0.92667997
vn 0.33599153 -0.14325629 -0.93090677
vn 0.89905810 0.04416431 0.43559614
vn 0.72985810 0.01196495 0.68349403
vn 0.92137551 -0.01141099 0.38850611
vn 0.99258018 -0.00945540 0.12122364
vn 0.98405671 -0.07115340 -0.16300197
vn 0.99290586 -0.04407345 0.11043405
vn 0.88096023 -0.13225223 -0.45433322
vn 0.65243405 -0.18494347 -0.73493248
vn 0.98094958 -0.09263685 -0.17075245
vn 0.87063986 -0.13751934 -0.47230807
vn 0.48208061 -0.01769870 0.87594807
vn 0.77298057 -0.02837517 0.63379496
vn 0.93538189 -0.04967210 0.35013339
vn 0.54197133 -0.16415340 0.82420915
vn 0.80160785 -0.15320210 0.57788748
vn 0.99231333 -0.07743728 0.09652840
vn 0.93728250 -0.15429898 0.31255940
vn 0.98551178 -0.15687360 0.06447605
vn 0.97800750 -0.11610235 -0.17326744
vn 0.86565596 -0.16164319 -0.47382614
vn 0.96887302 -0.16282344 -0.18647702
vn 0.64403653 -0.17399986 -0.74494368
vn 0.63812011 -0.19038808 -0.74602628
vn 0.63012224 -0.15678471 -0.76050293
vn 0.85952753 -0.16547424 -0.48356044
vn -0.94679624 -0.07865304 0.31207499
vn -0.99162412 -0.12078173 0.04575406
vn -0.99432224 -0.09673829 0.04432829
vn -0.94186497 -0.04992661 0.33226153
vn -0.94258898 -0.16608453 -0.28972742
vn -0.95190156 -0.13835096 -0.27339071
vn -0.99575639 -0.07244386 0.05675548
vn -0.93710792 -0.01217975 0.34882742
vn -0.95957232 -0.13124008 -0.24899198
vn -0.98675507 -0.15950894 0.02951845
vn -0.94699883 -0.15599123 0.28082052
vn -0.80600482 -0.01815815 0.59163046
vn -0.83221960 -0.05422589 0.55178809
vn -0.84542429 -0.15016742 0.51255000
vn -0.93963873 -0.16126688 -0.30178162
vn -0.78578132 -0.17017338 -0.59463346
vn -0.77989382 -0.18864693 -0.59680647
vn -0.78154647 -0.15730067 -0.60369015
vn -0.99303895 -0.09765761 -0.06585324
vn -0.99527842 -0.09343378 -0.02628682
vn -0.97014093 -0.11202083 -0.21512339
vn -0.97682881 -0.04134991 -0.20998953
vn -0.98233527 0.01446156 -0.18656975
vn -0.97793317 -0.04787879 -0.20335762
vn -0.97741115 0.04305727 -0.20691422
vn -0.96574432 0.12816870 -0.22563416
vn -0.92577702 -0.01287939 -0.37785062
vn -0.92191106 -0.12148014 -0.36786214
vn -0.92839789 -0.06255455 -0.36628446
vn -0.92803067 0.03251170 -0.37108231
vn -0.91293007 0.12255514 -0.38928002
vn -0.92055899 0.29344660 -0.25779885
vn -0.85999233 0.28680855 -0.42208329
vn -0.82577574 -0.47654390 0.30166262
vn -0.82521898 -0.45401007 0.33598885
vn -0.62550545 -0.61880004 0.47521523
vn -0.32353979 -0.76262981 0.56010520
vn 0.09498183 -0.82095212 0.56304169
vn -0.29636759 -0.45092356 0.84192294
vn -0.28337330 -0.67713416 0.67910892
vn -0.63889313 -0.54120052 0.54673362
vn -0.65390205 -0.34105840 0.67534536
vn -0.84513789 -0.37304437 0.38285747
vn -0.84695148 -0.21986745 0.48407802
vn 0.17947304 -0.47663292 0.86058730
vn 0.18202986 -0.69649971 0.69408453
vn -0.94258344 -0.29586679 0.15491706
vn -0.94145614 -0.28547618 0.17934234
vn -0.95821112 -0.20009148 0.20443845
vn -0.99126047 -0.13125314 0.01324143
vn -0.99216962 -0.12338950 0.01935293
vn -0.99872839 -0.04880608 0.01263385
vn 0.51237583 -0.71533799 0.47514486
vn 0.73160022 -0.56616658 0.37975848
vn 0.89456183 -0.37739971 0.23943445
vn 0.89445454 -0.39458948 0.21035732
vn 0.55099046 -0.59268928 0.58747685
vn 0.57127798 -0.41624802 0.70737475
vn 0.77016211 -0.46503422 0.43657014
vn 0.79664868 -0.33834830 0.50087076
vn 0.91388685 -0.32110396 0.24840109
vn 0.92712009 -0.26121607 0.26872760
vn 0.98462367 -0.17334919 0.02159424
vn 0.98133218 -0.19223371 -0.00579029
vn 0.98849607 -0.14507844 0.04275247
vn 0.98757035 -0.15287791 0.03651483
vn -0.98340577 0.02524169 -0.17965561
vn -0.97637606 0.08624940 -0.19811876
vn -0.89019519 0.15444045 -0.42860320
vn -0.91261941 0.08468723 -0.39994243
vn -0.95438516 -0.09995739 0.28134975
vn -0.99924815 0.00176724 0.03873296
vn -0.96301997 0.07317731 -0.25930229
vn -0.96523130 0.11942931 -0.23251978
vn -0.82377326 0.28125405 -0.49223363
vn -0.84885162 0.29291350 -0.44005999
vn -0.81395835 0.11841232 -0.56872714
vn -0.58398789 0.13727787 -0.80007058
vn 0.39323592 0.09145022 -0.91487831
vn -0.59348100 0.40787730 -0.69384181
vn -0.58825511 0.46877640 -0.65894204
vn -0.28935415 0.49310139 -0.82044220
vn 0.15744077 0.50309289 -0.84977067
vn -0.24334937 0.57043356 -0.78446597
vn 0.20280471 0.58113217 -0.78813440
vn 0.98172152 -0.18625541 0.03914052
vn 0.97492164 -0.10984091 -0.19355319
vn 0.98431218 0.02068665 -0.17521882
vn 0.98570150 0.06006125 -0.15743330
vn 0.88515663 0.20998681 -0.41521475
vn 0.88518000 0.26429546 -0.38288972
vn 0.90726507 0.12496167 -0.40156531
vn 0.98553389 -0.01140844 -0.16909403
vn 0.87822950 -0.01684103 -0.47794285
vn 0.69654614 0.36156702 -0.61975217
vn 0.69808602 0.43010265 -0.57244003
vn 0.74436945 0.22216302 -0.62972838
vn 0.67221683 0.05413918 -0.73837215
vn 0.45125788 0.45388886 -0.76834333
vn 0.48699373 0.52534229 -0.69774830
vn -0.65721387 0.25857586 -0.70796078
vn -0.71581006 0.12060952 -0.68780041
vn -0.27008489 0.15386024 -0.95046365
vn -0.25624004 0.32609275 -0.90994763
vn -0.76288837 -0.01024181 -0.64644927
vn -0.77663368 -0.14395495 -0.61328387
vn -0.27058983 0.00293824 -0.96269035
vn -0.27053213 -0.17356560 -0.94693577
vn 0.19336493 0.02068140 -0.98090899
vn 0.20145965 0.15669091 -0.96688259
vn 0.21912217 0.32462558 -0.92011082
vn 0.18289243 -0.15985098 -0.97005051
vn 0.54128212 0.27754843 -0.79371327
vn 0.55667186 0.12752226 -0.82088643
vn 0.77502924 0.08927717 -0.62558722
vn 0.91688448 0.02651950 -0.39827096
vn 0.98006397 -0.07005513 -0.18592183
vn 0.79989892 0.02198431 -0.59973198
vn 0.92541891 -0.00923062 -0.37883320
vn 0.98098612 -0.07171918 -0.18034038
vn 0.57233518 0.02950314 -0.81948900
vn 0.58396482 -0.10631594 -0.80478692
vn 0.82669789 -0.03333241 -0.56165808
vn 0.93674153 -0.00223311 -0.35001472
vn -0.95476174 -0.17995512 0.23674108
vn -0.95629954 -0.19338050 0.21930604
vn -0.99652058 -0.07320735 0.03984515
vn -0.99848646 -0.02215833 0.05033921
vn -0.99669802 0.05382226 0.06079658
vn -0.95827752 -0.13778971 0.25043643
vn -0.84879446 -0.35957253 0.38762820
vn -0.82724470 -0.39239478 0.40211010
vn -0.82360023 -0.37029767 0.42960712
vn 0.98546463 -0.04155035 -0.16472127
vn 0.98373586 -0.05560818 -0.17079680
vn -0.96091241 -0.15763764 0.22759144
vn -0.99655086 -0.06580708 0.05055543
vn -0.96417439 -0.12939318 0.23157147
vn -0.99714810 -0.03745486 0.06552136
vn -0.87275994 -0.28340393 0.39745757
vn -0.88534415 -0.25131559 0.39116010
vn -0.96620470 -0.16265760 0.19997741
vn -0.99669969 -0.05463180 0.06004228
vn -0.88258123 -0.31883496 0.34553555
vn -0.97337008 0.11778432 -0.19666611
vn -0.98037803 0.02980329 -0.19486056
vn -0.98542738 0.00074968 -0.17009503
vn -0.99118412 -0.00151349 -0.13248372
vn -0.84121472 -0.26732314 0.46999592
vn -0.83509731 -0.32570252 0.44331744
vn -0.95999235 -0.14039357 0.24228974
vn -0.95068407 -0.18388411 0.24977322
vn -0.65983474 -0.46858105 0.58740962
vn -0.67562521 -0.33602765 0.65621346
vn -0.65987879 -0.14871152 0.73650861
vn -0.99872720 0.02675982 0.04275439
vn -0.63668299 -0.55981636 0.53032100
vn -0.99467039 -0.10129201 0.01925398
vn -0.95848161 0.20229997 -0.20096706
vn -0.95226210 0.25211656 -0.17214575
vn -0.96114916 -0.01546718 -0.27559593
vn -0.81934249 0.05139096 -0.57099652
vn -0.81437004 0.36115879 -0.45427522
vn -0.80542976 0.43029383 -0.40759060
vn -0.86222988 0.22347730 -0.45455196
vn -0.62429672 0.52517611 -0.57831115
vn -0.60515904 0.45644385 -0.65225881
vn -0.58543932 0.09429635 -0.80521363
vn -0.91348314 0.02310150 -0.40622026
vn -0.89162201 0.09255768 -0.44321924
vn -0.93283683 -0.03537710 -0.35855818
vn -0.74181920 0.02488195 -0.67013824
vn -0.72853845 0.12523267 -0.67346013
vn -0.70485020 0.27598217 -0.65346777
vn -0.74733502 -0.10303845 -0.65640962
vn -0.82299823 0.49162683 -0.28456458
vn -0.77477282 0.46078146 -0.43290591
vn -0.78957605 -0.10701030 -0.60425031
vn -0.31420532 -0.22658259 -0.92191941
vn 0.14589937 -0.29288575 -0.94495040
vn -0.80063081 -0.01418193 -0.59899026
vn -0.38495469 -0.16509014 -0.90805018
vn 0.09124766 -0.31055477 -0.94616574
vn -0.79452741 0.08795556 -0.60082459
vn -0.44570285 -0.05750698 -0.89333194
vn 0.00639046 -0.27641508 -0.96101713
vn 0.58150417 -0.26745787 -0.76832235
vn 0.53746212 -0.39348030 -0.74586052
vn 0.85137683 -0.13980943 -0.50557965
vn 0.94506180 -0.04182824 -0.32420486
vn 0.81309450 -0.34261718 -0.47062808
vn 0.91365838 -0.24487452 -0.32444569
vn 0.41381821 -0.76197875 -0.49813944
vn 0.33603007 -0.87058514 -0.35939583
vn -0.04124015 -0.12552029 -0.99123353
vn -0.01501293 -0.87948889 -0.47568282
vn -0.44992521 0.10133692 -0.88729835
vn -0.74862659 0.24602394 -0.61565447
vn -0.68408883 0.39502317 -0.61317140
vn -0.39735404 0.24952088 -0.88309079
vn -0.27232808 0.36534464 -0.89014655
vn -0.58011228 0.49532646 -0.64662313
vn -0.03154263 0.07260720 -0.99686182
vn 0.05664002 -0.01847170 -0.99822378
vn 0.00564572 0.20858310 -0.97798836
vn 0.06634216 0.33485907 -0.93992996
vn -0.08319868 0.43282479 -0.89763057
vn -0.38218179 0.53072923 -0.75648117
vn 0.05144517 0.11408749 -0.99213791
vn 0.05264863 0.24343783 -0.96848661
vn 0.05471714 0.35071164 -0.93488371
vn 0.06494587 0.37196344 -0.92597258
vn -0.13705157 0.35964185 -0.92297053
vn -0.87159598 -0.43459150 0.22682744
vn -0.57902181 -0.75119311 0.31692687
vn -0.58824760 -0.74783713 0.30774081
vn -0.87733543 -0.43160874 0.20975390
vn -0.86982024 -0.42581728 0.24918352
vn -0.57795191 -0.73829645 0.34769234
vn -0.99701452 0.00693624 0.07690234
vn -0.99586767 -0.00587955 0.09062572
vn -0.99433899 -0.01627260 0.10500096
vn -0.99237263 -0.02819635 0.12000638
vn -0.86815190 -0.41729692 0.26865515
vn -0.58265585 -0.72274345 0.37169081
vn 0.94926620 -0.23305102 -0.21114203
vn 0.21291433 -0.93233860 -0.29225412
vn -0.17908221 -0.94982326 -0.25644755
vn -0.10501536 -0.94377732 -0.31345832
vn -0.04043755 -0.95690984 -0.28755590
vn -0.04857653 -0.94050771 -0.33628199
vn -0.07125127 -0.86998957 -0.48789489
vn 0.09895442 -0.95179278 -0.29034251
vn 0.01200906 -0.94482404 -0.32735810
vn -0.11667402 -0.87830162 -0.46365228
vn -0.28676572 -0.92965448 -0.23131791
vn -0.93187630 -0.33954173 0.12774235
vn -0.97481698 -0.22215419 0.01947719
vn -0.80477452 -0.54165059 0.24280161
vn -0.42065322 -0.86700654 -0.26711553
vn -0.52647042 -0.75603908 -0.38888818
vn -0.96408975 -0.24524027 -0.10192240
vn -0.99377143 -0.05006233 -0.09956035
vn -0.94185030 -0.14371203 -0.30375138
vn -0.89498901 -0.34765631 -0.27951726
vn -0.10351859 -0.67043370 -0.73471260
vn -0.12498588 -0.34371090 -0.93072093
vn -0.73560262 -0.26534951 -0.62328035
vn -0.68973947 -0.39439717 -0.60721523
vn -0.35580593 -0.28831619 -0.88897467
vn -0.30315828 -0.30605495 -0.90245533
vn -0.23374107 -0.26778010 -0.93469721
vn -0.20039360 -0.11994478 -0.97234547
vn -0.12882523 -0.04569947 -0.99061376
vn -0.12715715 0.08405289 -0.98831481
vn -0.31296313 -0.01647675 -0.94962233
vn -0.30646309 0.10985257 -0.94552261
vn -0.12709872 0.19077942 -0.97337002
vn -0.12679076 0.30003470 -0.94546461
vn -0.57028961 -0.29148138 -0.76798981
vn -0.12946559 0.02219403 -0.99133551
vn -0.84930718 -0.18604876 -0.49402753
vn -0.62867224 -0.71479183 0.30633947
vn -0.30113888 -0.87958574 0.36829948
vn -0.27114576 -0.89914036 0.34355000
vn -0.90857595 -0.39820310 0.12619124
vn -0.26254809 -0.89148653 0.36921582
vn -0.26930505 -0.89970940 0.34350803
vn -0.14409600 0.16374527 -0.97592205
vn 0.03226401 -0.97437102 0.22262123
vn 0.06657407 -0.95145327 0.30050761
vn 0.07326468 -0.94458997 0.31997195
vn 0.07647956 -0.93895334 0.33543634
vn -0.25464615 -0.87905282 0.40301552
vn 0.08273028 -0.92203707 0.37815788
vn -0.29749933 0.22368923 -0.92814732
vn -0.29060715 0.31096476 -0.90490240
vn -0.14763585 0.05843908 -0.98731381
vn 0.41775435 -0.90402913 0.09062393
vn 0.39957330 -0.89316374 0.20639719
vn 0.39759126 -0.88504452 0.24211042
vn 0.40243790 -0.87651998 0.26411456
vn 0.41510928 -0.85804820 0.30238655
vn 0.67621917 -0.72604579 0.12484039
vn 0.68807280 -0.70965350 0.15148489
vn 0.70142227 -0.68867660 0.18366098
vn -0.21558379 0.07205832 -0.97382301
vn -0.25479865 0.20521100 -0.94496882
vn -0.29353988 0.31145307 -0.90378720
vn -0.28031594 0.33269802 -0.90040833
vn 0.67637777 -0.73094171 0.09075989
vn 0.69813836 -0.71498990 -0.03731436
vn 0.33135763 -0.25439727 -0.90856159
vn 0.91664898 -0.39722243 -0.04437322
vn 0.91245693 -0.40053195 -0.08364534
vn 0.90125591 -0.37744322 -0.21277782
vn 0.69079918 -0.16968626 -0.70285356
vn -0.06390671 0.33772844 -0.93907160
vn 0.92280233 -0.38467789 -0.02142471
vn -0.12259562 0.42201582 -0.89826107
vn 0.04814404 0.36793721 -0.92860353
vn 0.22246672 0.10495962 -0.96927404
vn 0.17245997 0.25025460 -0.95269638
vn 0.97033125 0.04290273 -0.23794279
vn 0.97779018 0.03878209 -0.20596702
vn 0.98012459 0.03744494 -0.19481716
vn -0.53428841 -0.14728682 -0.83237165
vn -0.99112588 -0.03090058 0.12928514
vn -0.86554301 -0.39921129 0.30243292
vn -0.58230931 -0.69898897 0.41512686
vn -0.99227554 -0.03264068 0.11968248
vn -0.86548990 -0.38298687 0.32287514
vn -0.58045208 -0.66835940 0.46515703
vn -0.92874062 0.36836421 -0.04181902
vn -0.93555325 0.35016993 -0.04605565
vn -0.94175482 0.32981363 -0.06573464
vn -0.58231431 -0.63989890 0.50143749
vn -0.86706400 -0.36318976 0.34101787
vn -0.86491036 -0.34999147 0.35977221
vn -0.58448923 -0.61338449 0.53116089
vn -0.24394287 -0.82278234 0.51334316
vn -0.23952687 -0.78846300 0.56652719
vn -0.24102099 -0.75590837 0.60869658
vn -0.99224836 -0.02807410 0.12105836
vn -0.99129218 -0.02575705 0.12913804
vn -0.58301061 -0.58616894 0.56258750
vn -0.85897803 -0.34173980 0.38127536
vn -0.99094981 -0.03829243 0.12865540
vn -0.23655894 -0.72578436 0.64596981
vn -0.95097029 0.29122987 -0.10411934
vn -0.94741046 0.30601853 -0.09362814
vn -0.25099415 -0.85593617 0.45207903
vn -0.95306522 0.27927548 -0.11692774
vn -0.75263208 0.59186959 -0.28850543
vn -0.75905395 0.56669086 -0.32046625
vn -0.73857695 0.62763619 -0.24612375
vn -0.49365801 0.72907925 -0.47407308
vn -0.48570570 0.76442188 -0.42396840
vn -0.47346830 0.79963082 -0.36934856
vn -0.84898663 -0.32919070 0.41334635
vn -0.55644608 -0.53492737 0.63578331
vn -0.57190967 -0.55674148 0.60246015
vn -0.85351670 -0.32830593 0.40462881
vn -0.21226053 -0.64284647 0.73599863
vn -0.22302105 -0.68710011 0.69148755
vn -0.54582512 -0.51666236 0.65964770
vn -0.84463137 -0.32373482 0.42637265
vn -0.84233415 -0.31421360 0.43788499
vn -0.53575253 -0.49916571 0.68103069
vn -0.21308820 -0.60958219 0.76354641
vn -0.21226671 -0.58776265 0.78069073
vn -0.98879606 -0.08579291 0.12215555
vn -0.99062151 -0.07059905 0.11698213
vn -0.99083680 -0.05063071 0.12521577
vn -0.82733548 -0.31247622 0.46677044
vn -0.83801061 -0.31730500 0.44390962
vn -0.98883492 -0.08097579 0.12509371
vn -0.98715490 -0.06698832 0.14504433
vn -0.98830920 -0.09216714 0.12145048
vn -0.96907389 0.13427526 -0.20704114
vn -0.96823215 0.14692931 -0.20233217
vn -0.96619862 0.17059371 -0.19328240
vn -0.52848268 -0.50256437 0.68420410
vn -0.21166793 -0.58158630 0.78546435
vn -0.52815926 -0.49066859 0.69303107
vn -0.52929753 -0.47934246 0.70005351
vn -0.81985205 -0.30384499 0.48530516
vn -0.98510206 -0.06227199 0.16030018
vn -0.21579841 -0.57049364 0.79244441
vn -0.20751941 -0.57682967 0.79006541
vn -0.96803063 0.15676683 -0.19580832
vn -0.96369338 0.18919851 -0.18841177
vn -0.95839065 0.22583851 -0.17459778
vn -0.77917594 0.37816396 -0.49987683
vn -0.78370720 0.35025036 -0.51295996
vn -0.78959143 0.34913439 -0.50462931
vn -0.77906722 0.41204929 -0.47251421
vn -0.49627492 0.54853624 -0.67291844
vn -0.49605176 0.51377517 -0.69997698
vn -0.49985072 0.48993373 -0.71422291
vn -0.95522457 0.25605112 -0.14826964
vn -0.76142377 0.54033834 -0.35814568
vn -0.76814306 0.50001365 -0.39992854
vn -0.77634287 0.45365596 -0.43759370
vn -0.49552053 0.69380939 -0.52257824
vn -0.49712989 0.65191382 -0.57259959
vn -0.49903855 0.59950221 -0.62574571
vn -0.11634606 0.80919713 -0.57590246
vn -0.13382335 0.76839155 -0.62583214
vn -0.13829903 0.72042245 -0.67960650
vn -0.13418399 0.66409975 -0.73550409
vn -0.13860776 0.61386305 -0.77714866
vn -0.14581801 0.57723039 -0.80345654
vn 0.09987395 -0.86576039 0.49039185
vn 0.09068998 -0.89721090 0.43218979
vn 0.10330500 -0.82423526 0.55674452
vn 0.43266457 -0.82882446 0.35475546
vn 0.44089726 -0.79784989 0.41115105
vn 0.45377415 -0.75868839 0.46741951
vn 0.71862626 -0.65843052 0.22370873
vn 0.73673630 -0.62032741 0.26909786
vn 0.10863116 -0.79390311 0.59826183
vn 0.12866490 -0.76369631 0.63262415
vn 0.46804324 -0.72568154 0.50430334
vn 0.47473919 -0.69731003 0.53701162
vn 0.74848020 -0.58567262 0.31107071
vn 0.75505549 -0.55633414 0.34696335
vn 0.75717002 -0.53315508 0.37741151
vn 0.93074799 -0.36563727 0.00421142
vn 0.93697971 -0.34816191 0.02919421
vn 0.98284423 0.03737384 -0.18061124
vn 0.94474655 -0.32194817 0.06167113
vn 0.98422724 0.03503668 -0.17340483
vn 0.85325396 0.41582069 -0.31472352
vn 0.85673130 0.40562472 -0.31855941
vn 0.85965270 0.38631785 -0.33429894
vn 0.95189130 -0.29350144 0.08809010
vn 0.95724428 -0.26942495 0.10532586
vn 0.95928270 -0.25200000 0.12756513
vn 0.98537475 0.04500514 -0.16435073
vn 0.98606342 0.05648014 -0.15648958
vn 0.86064255 0.37467796 -0.34483480
vn 0.98635983 0.06049677 -0.15308318
vn 0.85986674 0.36651316 -0.35538360
vn 0.59046239 0.62477458 -0.51089221
vn 0.60080510 0.64423692 -0.47327793
vn 0.60322630 0.66419405 -0.44154766
vn 0.14349885 -0.65911198 0.73822731
vn 0.14494163 -0.71347386 0.68552685
vn 0.48945287 -0.58902764 0.64302593
vn 0.48266762 -0.64533985 0.59208828
vn 0.13194004 -0.61949694 0.77383161
vn 0.11974641 -0.60586518 0.78650373
vn 0.48998082 -0.54915828 0.67701107
vn 0.47924876 -0.54225922 0.69012719
vn 0.76706851 -0.44692734 0.46028480
vn 0.76125139 -0.49571362 0.41804820
vn 0.76898259 -0.41393372 0.48715982
vn 0.76719838 -0.40973213 0.49348372
vn 0.95973355 -0.20381214 0.19331880
vn 0.95923442 -0.21780495 0.18008448
vn 0.95866591 -0.24262898 0.14863026
vn 0.12154539 -0.59991610 0.79077643
vn 0.13631797 -0.59215444 0.79421061
vn 0.46901295 -0.54859334 0.69215053
vn 0.46953332 -0.54539150 0.69432449
vn 0.13990091 -0.60544175 0.78349733
vn 0.45756772 -0.55537385 0.69440025
vn 0.76325995 -0.41812286 0.49255204
vn 0.95704138 -0.21078260 0.19910431
vn 0.96010041 -0.20448935 0.19076519
vn 0.75773239 -0.42268935 0.49716732
vn 0.74736494 -0.43028072 0.50626498
vn 0.95107067 -0.22589660 0.21079703
vn 0.94548553 -0.23632029 0.22407566
vn 0.98941731 0.03830244 -0.13995121
vn 0.99129897 0.02419147 -0.12938765
vn 0.99198931 0.01041214 -0.12589191
vn 0.84772319 0.27920571 -0.45100948
vn 0.98780429 0.04728558 -0.14834695
vn 0.84950918 0.27375746 -0.45098898
vn 0.56035507 0.49338385 -0.66526288
vn 0.84573287 0.29901233 -0.44195873
vn 0.56452084 0.46473515 -0.68215644
vn 0.98793310 0.05152826 -0.14605853
vn 0.56497800 0.44881439 -0.69236225
vn 0.98702794 0.05273642 -0.15164004
vn 0.84930277 0.26017374 -0.45934135
vn -0.09895395 0.84791827 -0.52080977
vn 0.26133603 0.73233742 -0.62879676
vn 0.27737591 0.76403213 -0.58250970
vn 0.29246971 0.79494929 -0.53152341
vn 0.24754491 0.68805659 -0.68212879
vn 0.57902139 0.60290301 -0.54885548
vn 0.85496980 0.35809359 -0.37522742
vn 0.57347983 0.56779569 -0.59053284
vn 0.84730804 0.34709918 -0.40198416
vn 0.23118994 0.59422255 -0.77035767
vn 0.23590580 0.63527411 -0.73537427
vn 0.23499204 0.55981565 -0.79459763
vn 0.56497180 0.52909398 -0.63314009
vn 0.84362203 0.32590553 -0.42671707
vn 0.98677891 0.06271155 -0.14944786
vn -0.55166864 -0.82208598 -0.14084224
vn -0.47452816 -0.87949908 -0.03611621
vn -0.73070478 -0.66080332 0.17149207
vn -0.79636174 -0.59587640 0.10363079
vn -0.41889176 -0.90618563 0.05794397
vn -0.68354231 -0.69323623 0.22845890
vn -0.88819927 -0.28028730 0.36406219
vn -0.91886151 -0.21951917 0.32787934
vn -0.87146080 -0.31343877 0.37724325
vn -0.19007140 -0.95533091 -0.22630927
vn -0.28247863 -0.89766461 -0.33823699
vn -0.86965656 -0.49280542 -0.02898842
vn -0.63745362 -0.71254629 -0.29313955
vn -0.40827373 -0.78028244 -0.47378460
vn -0.63853234 -0.65499550 0.40405118
vn -0.65309924 -0.66668499 0.35915533
vn -0.34782299 -0.89285427 0.28606018
vn -0.32908571 -0.87230986 0.36163279
vn -0.31854987 -0.84763294 0.42431661
vn -0.62355989 -0.64285243 0.44487512
vn -0.87427133 -0.29887456 0.38252267
vn -0.88038307 -0.29545304 0.37098968
vn -0.88518643 -0.28318995 0.36911842
vn -0.65967613 -0.68124992 0.31737342
vn -0.36127055 -0.90488195 0.22510554
vn -0.38458332 -0.91129541 0.14709279
vn -0.66778028 -0.69328839 0.27096254
vn -0.88659108 -0.28447035 0.36473697
vn -0.87866932 -0.30603653 0.36644518
vn -0.05734205 -0.99148172 0.11694405
vn -0.04160910 -0.98103875 0.18929248
vn -0.01603515 -0.96183729 0.27315187
vn -0.08190528 -0.99656045 0.01260087
vn 0.25662094 -0.96355343 0.07556777
vn 0.24264932 -0.97009367 -0.00629276
vn 0.22201775 -0.96689087 -0.12581819
vn 0.00026646 -0.93684274 0.34975109
vn -0.62201154 -0.62522137 0.47138083
vn -0.31781405 -0.82124764 0.47386369
vn 0.01647255 -0.90729219 0.42017829
vn 0.29311717 -0.94284767 0.15849489
vn 0.33576694 -0.91254145 0.23351391
vn 0.36427411 -0.87985456 0.30522177
vn 0.60415453 -0.79683077 0.00761992
vn 0.63120544 -0.77076197 0.08663598
vn 0.65761298 -0.73770136 0.15278083
vn 0.57996488 -0.81113172 -0.07553881
vn 0.57035005 -0.80628783 -0.15684631
vn 0.54941809 -0.79112709 -0.26880839
vn 0.83543891 -0.49813181 -0.23217830
vn 0.85293961 -0.49254256 -0.17290486
vn 0.87488973 -0.47156283 -0.11043734
vn 0.82239157 -0.49000552 -0.28907919
vn -0.12602375 -0.98600292 -0.10916138
vn 0.17595634 -0.94743705 -0.26721239
vn 0.49277937 -0.77055335 -0.40424779
vn 0.10815251 -0.91161603 -0.39655921
vn 0.40963694 -0.73522437 -0.54003948
vn 0.80191404 -0.46183988 -0.37899581
vn 0.76415962 -0.41819000 -0.49109817
vn 0.69081134 -0.37957868 -0.61538589
vn 0.01224974 -0.85911739 -0.51163208
vn -0.13144466 -0.75874537 -0.63798726
vn 0.32587916 -0.67627937 -0.66064292
vn 0.20981088 -0.57791686 -0.78866440
vn 0.59678924 -0.34348083 -0.72516447
vn 0.87214047 0.01781820 -0.48893100
vn 0.90726352 -0.01437563 -0.42031687
vn 0.92530119 -0.04407275 -0.37666339
vn 0.93122929 -0.07255115 -0.35713908
vn -0.67931092 0.53980529 0.49713871
vn -0.85694677 0.21281789 0.46941563
vn -0.86080867 0.18036899 0.47589439
vn -0.69818705 0.52683437 0.48474786
vn -0.88054061 0.16541463 0.44416913
vn -0.73856616 0.53016716 0.41646475
vn -0.97296494 -0.12098524 0.19672817
vn -0.90288931 0.27575421 0.32977340
vn -0.72060025 0.58919299 0.36549535
vn -0.47639900 0.81721908 0.32434088
vn -0.41777730 0.79480994 0.44015831
vn -0.45185590 0.78905511 0.41619501
vn -0.99986851 -0.00070467 0.01620660
vn -0.90642327 -0.37716943 -0.19010541
vn -0.67735380 -0.59051353 -0.43873179
vn -0.93352336 0.34320709 0.10364866
vn -0.50019979 -0.63880926 -0.58457071
vn -0.77488339 0.61465025 0.14751616
vn -0.90158904 -0.23691395 -0.36195168
vn -0.96195191 0.10602450 -0.25180817
vn -0.89600188 0.40845668 -0.17419466
vn -0.77270216 0.62071598 -0.13282806
vn -0.55292803 0.82218957 0.13518485
vn -0.61205900 0.78693295 -0.07823306
vn -0.28730983 0.95769936 -0.01628089
vn -0.21617039 0.95515537 0.20235756
vn -0.16696388 0.92693740 0.33602133
vn -0.41240278 0.87222457 -0.26296058
vn -0.73745656 -0.34008923 -0.58352131
vn -0.57077938 -0.37527621 -0.73032779
vn -0.79663861 0.08512717 -0.59843171
vn -0.56875801 0.01970287 -0.82226890
vn -0.25916383 -0.62637550 -0.73517883
vn -0.33732206 -0.35418811 -0.87221819
vn -0.04317912 -0.27826470 -0.95953339
vn 0.08974056 -0.45085707 -0.88807350
vn -0.28301665 0.00262047 -0.95911151
vn 0.09285901 -0.03482222 -0.99507016
vn -0.74435788 0.43894851 -0.50324512
vn -0.60724735 0.67211235 -0.42369294
vn -0.49639979 0.40989563 -0.76522732
vn -0.36846480 0.69022256 -0.62275720
vn -0.18672393 0.88693827 -0.42246270
vn -0.19670229 0.34668750 -0.91712379
vn 0.17286962 0.24088408 -0.95503461
vn -0.13912742 0.62938529 -0.76453757
vn 0.20545238 0.50816059 -0.83639842
vn -0.01415702 0.84375179 -0.53654689
vn -0.03108404 0.97750914 -0.20858985
vn 0.08838598 0.99606657 -0.00626857
vn 0.18485121 0.91366607 -0.36200052
vn -0.84308553 -0.31382725 0.43671414
vn -0.85565901 -0.30934680 0.41491234
vn -0.58195710 -0.54649168 0.60222328
vn -0.26640788 -0.68142790 0.68167651
vn -0.87543738 -0.28188995 0.39261645
vn -0.60615063 -0.53528410 0.58826214
vn -0.27611503 -0.69004351 0.66902953
vn 0.07801137 -0.75340354 0.65291452
vn 0.07193746 -0.73708522 0.67196018
vn -0.52750498 -0.49289697 0.69194740
vn -0.82105547 -0.30249414 0.48411307
vn -0.82800132 -0.31136256 0.46633404
vn -0.83688825 -0.31277215 0.44921222
vn -0.19444822 -0.59830254 0.77731854
vn 0.12466450 -0.62537390 0.77030271
vn -0.98537296 -0.04699747 0.16380291
vn -0.98687696 -0.02438940 0.15962158
vn -0.95235735 0.25308919 -0.17018057
vn -0.96215528 0.20385006 -0.18083818
vn -0.96563280 0.18154335 -0.18599835
vn -0.98789400 -0.00636427 0.15500012
vn -0.98958993 -0.00169056 0.14390591
vn -0.99138421 0.01621982 0.12997821
vn -0.99175888 0.03794591 0.12237019
vn -0.94311917 0.29195526 -0.15902331
vn -0.93947041 0.29516906 -0.17398450
vn -0.93023664 0.32571578 -0.16902390
vn -0.72612274 0.52621633 -0.44254056
vn -0.72423404 0.52990174 -0.44123602
vn -0.72461534 0.55135524 -0.41344893
vn -0.74808013 0.47450629 -0.46391794
vn -0.76706886 0.41318718 -0.49079704
vn -0.77957195 0.38268551 -0.49580178
vn -0.46121198 0.59729511 -0.65614182
vn -0.43365389 0.64805299 -0.62607640
vn -0.42817888 0.66810650 -0.60851997
vn -0.07425345 0.70866317 -0.70162880
vn -0.08715962 0.68431628 -0.72395748
vn -0.10393728 0.63874531 -0.76236582
vn -0.48410657 0.53834933 -0.68979764
vn -0.11942328 0.59171933 -0.79724920
vn -0.98239267 0.11606234 0.14640422
vn -0.97733086 0.12238254 0.17276283
vn -0.87884307 -0.28562403 0.38217014
vn -0.88163596 -0.26953286 0.38738880
vn -0.62716657 -0.60242724 0.49370402
vn -0.62816864 -0.56866026 0.53106475
vn -0.97077179 0.13798940 0.19636971
vn -0.87529886 -0.29184142 0.38559139
vn -0.89285928 0.44883588 -0.03672745
vn -0.89898205 0.42856723 -0.09034119
vn -0.88437873 -0.25826219 0.38881245
vn -0.98638201 0.09750286 0.13245270
vn -0.91303426 0.38850379 -0.12423077
vn -0.88554013 0.46454561 0.00403261
vn -0.69890124 0.65095770 -0.29629591
vn -0.67890716 0.69467449 -0.23772356
vn -0.66064602 0.72610092 -0.19058940
vn -0.61616278 -0.54441476 0.56917137
vn -0.62213445 -0.55013543 0.55704564
vn -0.29345861 -0.72570896 0.62227696
vn -0.28598973 -0.70692199 0.64689356
vn 0.05786350 -0.79675364 0.60152769
vn 0.07291950 -0.76863778 0.63551456
vn -0.29923642 -0.75602740 0.58213419
vn 0.04923424 -0.83283675 0.55132478
vn 0.39489248 -0.80101609 0.44992572
vn 0.41007230 -0.76050591 0.50345957
vn 0.40844956 -0.73645037 0.53926790
vn -0.88511497 -0.26583114 0.38197550
vn -0.99126363 0.05478762 0.11997817
vn -0.92666686 0.34592819 -0.14704506
vn -0.92485726 0.34853667 -0.15218842
vn 0.40429261 -0.72269398 0.56058985
vn 0.40330335 -0.70565635 0.58257675
vn -0.31200612 -0.79426181 0.52134484
vn 0.03593936 -0.87435782 0.48394918
vn 0.37599409 -0.84570491 0.37869734
vn 0.70903540 -0.62183112 0.33255821
vn 0.70346212 -0.65351325 0.27939478
vn 0.68346274 -0.69810253 0.21338150
vn -0.71343726 0.60953563 -0.34564948
vn -0.71441758 0.58678102 -0.38117668
vn -0.39879590 0.78969467 -0.46620187
vn -0.40722880 0.75220221 -0.51803148
vn -0.40976554 0.72954768 -0.54758787
vn -0.38589746 0.83085775 -0.40094706
vn -0.06163906 0.78377104 -0.61798358
vn -0.04778432 0.82111347 -0.56876129
vn -0.03200243 0.86009568 -0.50912803
vn 0.28613910 0.71644646 -0.63626170
vn 0.29113749 0.74856263 -0.59572899
vn 0.30342638 0.78082854 -0.54611290
vn 0.61841530 0.54700553 -0.56422299
vn 0.61422569 0.57260704 -0.54299915
vn 0.61130691 0.60195029 -0.51377016
vn -0.71289486 0.58112484 -0.39252391
vn -0.41370606 0.71023667 -0.56957114
vn -0.42762530 0.68583453 -0.58886987
vn -0.05916119 0.74586165 -0.66346848
vn -0.06200370 0.72186053 -0.68925536
vn -0.06331487 0.76553291 -0.64027393
vn 0.28864479 0.68323749 -0.67072409
vn 0.27982926 0.66141480 -0.69586360
vn 0.27333531 0.65205622 -0.70718497
vn 0.29288366 0.70122319 -0.65000403
vn 0.26163024 0.63323575 -0.72839701
vn 0.40226895 -0.68864650 0.60327917
vn 0.69015008 -0.58676088 0.42356172
vn 0.69080526 -0.57352787 0.44028851
vn 0.69955260 -0.59904462 0.38957912
vn 0.91563445 -0.35383907 0.19081803
vn 0.91840595 -0.35961804 0.16494071
vn 0.92607594 -0.35697526 0.12227873
vn 0.42992276 -0.62061411 0.65574747
vn 0.43657750 -0.58686292 0.68190336
vn 0.41563430 -0.66200775 0.62369370
vn 0.72686869 -0.47014120 0.50062883
vn 0.71055156 -0.51367158 0.48089287
vn 0.70154047 -0.54717088 0.45655799
vn 0.93780059 -0.26610583 0.22297484
vn 0.99244255 -0.00998391 -0.12230346
vn 0.99309492 0.00390832 -0.11724864
vn 0.92870390 -0.30890787 0.20514642
vn 0.92175990 -0.33640414 0.19284962
vn 0.99030071 -0.02783897 -0.13612328
vn 0.99121499 -0.05119435 -0.12195099
vn 0.99059492 -0.04045315 -0.13071069
vn 0.98726428 -0.05170472 -0.15045251
vn 0.86409795 0.24490595 -0.43972242
vn 0.87052977 0.25253206 -0.42238075
vn 0.87513155 0.25583947 -0.41071999
vn 0.87003475 0.25319096 -0.42300570
vn 0.24846807 0.59632355 -0.76332301
vn 0.23221016 0.55915666 -0.79587829
vn 0.57963759 0.47139359 -0.66468674
vn 0.59319586 0.49308169 -0.63638753
vn 0.56617177 0.44697779 -0.69257528
vn 0.86041701 0.24051031 -0.44926316
vn 0.85877442 0.24496959 -0.44999626
vn 0.56360453 0.43346760 -0.70317549
vn 0.60258222 0.50642288 -0.61679065
vn 0.70487881 -0.60897225 0.36372900
vn 0.92739302 -0.35813686 0.10807541
vn 0.92793131 -0.36330935 0.08336551
vn 0.92330366 -0.38187575 0.04100538
vn 0.98343033 -0.02813626 -0.17908986
vn 0.98354709 -0.03729399 -0.17676057
vn 0.97935700 -0.01393648 -0.20165731
vn 0.86121649 0.29272160 -0.41547596
vn 0.86232191 0.28376409 -0.41937938
vn 0.86209023 0.26941860 -0.42920163
vn 0.90987110 -0.41484919 -0.00590963
vn 0.89427757 -0.44441742 -0.05254309
vn 0.97515380 -0.01374307 -0.22110236
vn 0.97072601 -0.03633840 -0.23742482
vn 0.96283048 -0.05361906 -0.26473120
vn 0.62063223 0.53299344 -0.57509452
vn 0.60705954 0.52129775 -0.59977275
vn 0.86107838 0.30223128 -0.40890127
vn 0.86371630 0.30366498 -0.40222096
vn 0.60178185 0.51048261 -0.61421990
vn -0.78812855 0.36434558 -0.49609035
vn -0.50100893 0.49398419 -0.71061218
vn -0.49650916 0.50504905 -0.70597744
vn -0.50094712 0.48614278 -0.71604282
vn -0.13710907 0.54926920 -0.82432061
vn -0.13745968 0.55115354 -0.82300341
vn -0.13087471 0.55838251 -0.81919521
vn -0.14102745 0.55102420 -0.82248622
vn 0.85296971 0.25133058 -0.45746678
vn 0.22285312 0.53412682 -0.81550300
vn 0.56469804 0.43943059 -0.69858205
vn 0.56740648 0.43551046 -0.69884241
vn 0.21513757 0.53179342 -0.81909198
vn 0.21613413 0.53241068 -0.81842840
vn 0.23187207 0.53387982 -0.81314677
vn -0.96333599 0.14871556 0.22331031
vn -0.95369804 0.14996967 0.26070905
vn -0.87266302 0.48541877 0.05317799
vn -0.94350654 0.15424189 0.29326612
vn -0.85176980 0.51071376 0.11687554
vn -0.83362669 0.52583551 0.16900763
vn -0.64841419 0.75036401 -0.12850264
vn -0.62760186 0.77637458 -0.05795418
vn -0.36688679 0.86354423 -0.34595588
vn -0.35194597 0.89493030 -0.27428788
vn -0.34384832 0.91533840 -0.20958047
vn -0.93136638 0.17059183 0.32164466
vn -0.81821495 0.52978152 0.22328420
vn -0.90841722 0.17037751 0.38177201
vn -0.78502804 0.53264165 0.31626585
vn -0.59659207 0.80227423 0.02083342
vn -0.57818633 0.81039983 0.09461891
vn -0.55386811 0.80805874 0.20067689
vn -0.29893634 0.95392823 -0.02565243
vn -0.31884956 0.94082540 -0.11481507
vn -0.28362817 0.95479834 0.08896741
vn 0.02976574 0.98759812 -0.15415560
vn 0.00731078 0.96968502 -0.24424900
vn -0.01211501 0.94372129 -0.33051991
vn 0.05576293 0.99688566 -0.05576304
vn -0.02562814 0.89078552 -0.45370078
vn -0.01838738 0.92309928 -0.38412195
vn 0.31346452 0.80663729 -0.50107521
vn 0.32582468 0.82983029 -0.45301211
vn 0.33457300 0.84741539 -0.41224760
vn 0.61220813 0.61786580 -0.49339947
vn 0.86179358 0.29542267 -0.41235578
vn 0.62789822 0.62125707 -0.46881074
vn 0.86273801 0.29617834 -0.40983111
vn 0.34767899 0.87022233 -0.34904531
vn 0.36920124 0.88719016 -0.27673829
vn 0.38976771 0.89878267 -0.20067598
vn 0.63892645 0.62923598 -0.44253263
vn 0.64568853 0.64394820 -0.41038656
vn 0.65161932 0.66681260 -0.36159822
vn 0.94179672 -0.07937743 -0.32667747
vn 0.95302463 -0.06590734 -0.29563570
vn 0.85846752 0.30356863 -0.41337585
vn 0.85293865 0.31646234 -0.41514727
vn 0.85220742 0.34216410 -0.39581090
vn -0.50871545 0.79504609 0.33031887
vn -0.24926682 0.94330382 0.21918935
vn -0.20186843 0.93115950 0.30362996
vn 0.09314130 0.99419749 0.05381494
vn 0.12892006 0.98388416 0.12390219
vn 0.15205580 0.97931772 0.13347660
vn 0.41688371 0.90058511 -0.12310427
vn 0.44318098 0.89236724 -0.08527341
vn 0.44053364 0.89165235 -0.10433703
vn 0.65897810 0.69971806 -0.27593935
vn 0.65041506 0.70834684 -0.27423531
vn 0.65105230 0.69480586 -0.30557469
vn 0.31729919 -0.14073762 -0.93782419
vn 0.46756408 -0.26030737 -0.84476262
vn 0.42654780 0.17412673 -0.88754541
vn 0.60701960 0.11813537 -0.78585714
vn 0.74647796 0.06815359 -0.66191065
vn 0.47415963 0.45559558 -0.75339586
vn 0.20263614 0.73541021 -0.64661461
vn 0.39688572 0.72815323 -0.55881536
vn 0.62503117 0.44061393 -0.64435655
vn 0.53823054 0.71578407 -0.44492814
vn 0.35041797 0.91149205 -0.21538228
vn 0.82129902 0.05010285 -0.56829369
vn 0.74921191 0.41385853 -0.51710993
vn 0.79573816 0.40676284 -0.44871461
vn 0.82129824 0.39693165 -0.40977371
vn 0.63984710 0.69753832 -0.32254604
vn 0.84449011 0.37266535 -0.38465181
vn -0.68880951 0.71063644 -0.14330900
vn -0.68927896 0.67096782 -0.27330691
vn -0.48258016 0.86136782 -0.15862513
vn -0.47919813 0.84124404 -0.25035515
vn -0.25542274 0.94652826 -0.19708762
vn -0.23871224 0.93139625 -0.27480453
vn -0.22817916 0.91249377 -0.33954293
vn -0.61773956 0.54589659 -0.56603432
vn -0.48301989 0.40613240 -0.77572435
vn -0.47715229 0.77405137 -0.41613731
vn -0.82073468 0.44480622 -0.35852754
vn -0.91076440 0.13494729 -0.39025304
vn -0.57020432 0.75412285 -0.32583097
vn -0.99884987 0.02848843 -0.03856888
vn -0.89553601 0.42263988 -0.13925119
vn -0.62687874 0.75566071 -0.18973681
vn -0.23707452 0.91115320 -0.33703938
vn -0.27580205 0.91995835 -0.27858549
vn -0.91055954 0.41128099 -0.04158409
vn -0.92033261 0.38940966 -0.03671794
vn -0.65856743 0.74155241 -0.12801957
vn -0.69073248 0.70986283 -0.13778010
vn -0.71549827 0.67583382 -0.17694904
vn -0.03955123 0.95059407 -0.30790687
vn -0.02980847 0.97169429 -0.23435371
vn -0.04535475 0.93504691 -0.35161090
vn 0.19762915 0.94695371 -0.25341937
vn 0.16174024 0.93228281 -0.32355660
vn 0.13167714 0.91387093 -0.38405862
vn 0.42557603 0.86323482 -0.27149719
vn 0.39922839 0.84578311 -0.35393164
vn -0.04155935 0.94644082 -0.32019147
vn -0.32322195 0.92533219 -0.19821183
vn -0.03674046 0.96268547 -0.26811734
vn -0.03518965 0.97682285 -0.21113753
vn 0.13748829 0.91518855 -0.37884945
vn 0.17735530 0.92514271 -0.33564284
vn -0.36441985 0.91530299 -0.17151871
vn -0.39884770 0.89303052 -0.20836744
vn -0.43434829 0.85842037 -0.27286682
vn -0.04835592 0.97665191 -0.20931503
vn -0.06053342 0.96141189 -0.26837075
vn 0.22986157 0.93623424 -0.26576144
vn 0.26221445 0.93032593 -0.25639275
vn 0.28160954 0.90652764 -0.31448990
vn 0.76375222 0.15138312 -0.62750757
vn 0.68047982 0.46938089 -0.56269789
vn 0.46734500 0.55752069 -0.68611914
vn 0.30549011 0.40460640 -0.86195689
vn 0.44241726 0.77221942 -0.45600894
vn 0.35271704 0.78499752 -0.50928348
vn 0.19593839 0.53662610 -0.82075620
vn 0.80137098 0.45044613 -0.39357701
vn 0.84273201 0.44117272 -0.30849543
vn 0.56644499 0.76635182 -0.30305973
vn 0.52273750 0.77818632 -0.34809712
vn 0.58643621 0.73621249 -0.33776289
vn 0.85163504 0.42591661 -0.30547148
vn 0.93560892 0.05470121 -0.34877485
vn 0.39923239 0.50300401 -0.76655114
vn -0.72651488 0.65490341 -0.20803282
vn -0.45941997 0.82810438 -0.32121104
vn -0.07877940 0.93637913 -0.34203503
vn -0.09675903 0.90826142 -0.40706134
vn 0.29870501 0.87628806 -0.37801394
vn 0.30507883 0.84604752 -0.43718478
vn 0.60257506 0.70482337 -0.37433583
vn 0.60717714 0.68357170 -0.40505019
vn -0.09684956 0.88004142 -0.46491650
vn 0.30175897 0.81987745 -0.48656192
vn -0.27355027 -0.42424878 0.86323994
vn -0.27603751 -0.06766938 0.95876181
vn -0.73718822 -0.12033664 0.66488540
vn -0.68999326 -0.42400357 0.58662617
vn -0.56399679 -0.68766397 0.45719361
vn -0.23544107 -0.72103870 0.65166771
vn 0.25218594 -0.00888755 0.96763808
vn 0.16902851 -0.35834014 0.91816217
vn 0.08953631 -0.67689347 0.73061520
vn -0.25050467 0.37100074 0.89420688
vn -0.71506482 0.23802574 0.65728694
vn -0.82575107 -0.42397583 0.37199426
vn -0.89690709 -0.15415594 0.41447994
vn -0.89617765 0.14635955 0.41886100
vn 0.28414041 0.40666926 0.86826515
vn -0.26707408 0.67396277 0.68880022
vn -0.99099487 0.06179837 0.11878629
vn -0.98506838 -0.14735737 0.08902852
vn -0.96206975 -0.15694521 0.22313705
vn -0.96822405 0.10310183 0.22784252
vn -0.87781507 -0.42965662 0.21174477
vn -0.90471733 -0.41824156 0.08099762
vn -0.90470576 -0.42352164 -0.04622933
vn -0.98391247 -0.17519651 -0.03496315
vn -0.82003999 0.45978492 0.34078187
vn -0.69563824 -0.65495306 0.29516774
vn -0.44756690 -0.87515324 0.18382224
vn -0.72099060 -0.67141378 0.17139475
vn -0.38380292 -0.91940862 0.08592613
vn -0.22200407 -0.97492868 -0.01511510
vn -0.00837966 -0.99838078 -0.05626362
vn -0.35944259 0.82677579 0.43271589
vn -0.71072823 -0.70062917 0.06311987
vn -0.28523710 -0.95819932 0.02222635
vn -0.68916464 -0.72374874 -0.03521267
vn -0.26785961 -0.96335483 -0.01409780
vn -0.44494498 0.86216342 0.24227718
vn -0.56633151 0.63247252 0.52843839
vn -0.59194672 0.36725616 0.71744138
vn -0.87487179 0.25095618 0.41427085
vn -0.13914147 0.44622791 0.88403636
vn -0.88219839 0.12994082 0.45259410
vn -0.61492801 0.19045438 0.76523894
vn -0.15701695 0.20630498 0.96580750
vn -0.93946701 -0.24624099 -0.23825891
vn -0.85809535 -0.45724803 -0.23365964
vn -0.66226596 -0.72796690 -0.17739254
vn -0.96862137 -0.13262214 -0.21020031
vn -0.98039716 -0.06562911 -0.18578057
vn -0.74062532 -0.49864924 -0.45035884
vn -0.81199062 -0.32654789 -0.48377445
vn -0.84843433 -0.23576385 -0.47389302
vn -0.87493837 -0.15936382 -0.45725930
vn -0.98517710 0.07157433 0.15589499
vn -0.98281711 0.00664061 -0.18446253
vn -0.89059639 -0.04487641 -0.45257530
vn -0.32206023 -0.94328922 -0.08051497
vn -0.18619126 -0.98246950 0.00930963
vn -0.18203017 -0.98327887 0.00526106
vn -0.59139425 -0.72729200 -0.34828055
vn -0.16604319 -0.97949278 -0.11412085
vn -0.43684793 -0.72699308 -0.52975941
vn -0.54118586 -0.52682906 -0.65541524
vn -0.59403580 -0.38850239 -0.70440567
vn -0.62072057 -0.31174999 -0.71938723
vn -0.16974030 -0.92681211 -0.33497417
vn -0.23427793 -0.73760927 -0.63328230
vn -0.30918917 -0.55597305 -0.77155429
vn -0.34476149 -0.41818818 -0.84039170
vn -0.34772190 -0.33025640 -0.87750793
vn -0.64119840 -0.22987154 -0.73213643
vn -0.67477638 -0.09335689 -0.73209387
vn -0.34610891 -0.24375205 -0.90597659
vn -0.39439443 -0.12992996 -0.90970945
vn -0.08342836 -0.32117155 -0.94333905
vn -0.09277852 -0.24102752 -0.96607345
vn -0.12176969 -0.15101922 -0.98100221
vn -0.98764080 -0.01256406 -0.15623064
vn -0.98781788 0.01886181 0.15446724
vn -0.87901396 0.03573905 0.47545478
vn -0.90506166 -0.05009713 -0.42231947
vn -0.62259895 0.03691694 0.78166980
vn -0.18351386 0.01316159 0.98292911
vn -0.99371356 -0.04926326 -0.10053121
vn -0.98753291 -0.03389018 0.15372123
vn -0.87815183 -0.03113270 0.47736794
vn -0.92523801 -0.07708067 -0.37147439
vn -0.99510968 -0.05421589 -0.08256838
vn -0.98668754 -0.05509498 0.15301064
vn -0.87848103 -0.05399324 0.47471657
vn -0.93621373 -0.06624766 -0.34513059
vn -0.62799823 -0.04000221 0.77718610
vn -0.20622563 -0.06003055 0.97666138
vn -0.63428342 -0.05959335 0.77080047
vn -0.21142353 -0.07141527 0.97478211
vn -0.71205634 -0.09053201 -0.69626123
vn -0.44257945 -0.12688808 -0.88770652
vn -0.13057695 -0.14364776 -0.98097658
vn -0.75739241 -0.10755052 -0.64404178
vn -0.50233120 -0.14529230 -0.85238111
vn -0.13225141 -0.17029102 -0.97647864
vn -0.79158711 -0.09709261 -0.60329336
vn -0.55173099 -0.14389992 -0.82151431
vn -0.14293946 -0.18271689 -0.97271931
vn 0.00000014 -0.36804846 0.92980671
vn 0.06235201 0.02909759 0.99763000
vn -0.03501165 -0.67689419 0.73524725
vn -0.35691726 -0.66631615 0.65470058
vn -0.39783216 -0.27076796 0.87659246
vn -0.63272256 -0.32637650 0.70223975
vn -0.54330790 -0.62092346 0.56504041
vn -0.64315617 -0.01605382 0.76556683
vn -0.35140443 0.06981932 0.93361676
vn 0.09042411 -0.20867068 0.97379673
vn 0.09821881 -0.70174658 0.70562375
vn -0.17323270 -0.93269545 0.31633821
vn 0.05205060 -0.95136786 0.30362806
vn 0.08856218 0.14840133 0.98495370
vn 0.07196212 0.39579111 0.91551673
vn -0.61698622 0.25614280 0.74412292
vn -0.30410966 0.36715075 0.87904364
vn -0.27183917 0.62052196 0.73556507
vn 0.12106767 0.44974905 0.88491154
vn 0.14248255 0.70447356 0.69528103
vn 0.44045696 -0.67148077 0.59591216
vn 0.50513983 -0.22536999 0.83309191
vn 0.46802017 0.14953817 0.87097389
vn 0.23955438 -0.28447065 0.92827266
vn 0.18277258 -0.69845182 0.69192433
vn -0.02183434 -0.69870281 0.71507877
vn -0.01536126 -0.24386214 0.96968824
vn 0.37159440 -0.73165631 0.57148641
vn 0.49978912 -0.31272778 0.80772036
vn 0.18305355 -0.94256485 0.27939743
vn 0.62963629 -0.70902514 0.31755561
vn 0.80759710 -0.35982704 0.46723810
vn 0.19984037 0.12539002 0.97177219
vn 0.00000012 0.13042013 0.99145883
vn 0.49294117 0.07213777 0.86706698
vn 0.84942150 -0.01999871 0.52733588
vn 0.45422301 0.45782793 0.76424807
vn 0.11735684 0.47653955 0.87128496
vn -0.04241190 0.44850689 0.89277256
vn 0.41077775 0.42650962 0.80582333
vn 0.80591738 0.30710933 0.50614333
vn 0.30947879 0.71742797 0.62411529
vn 0.68301606 0.59237891 0.42728952
vn 0.00000004 -0.99988115 -0.01541788
vn -0.02822224 -0.99216938 -0.12166927
vn -0.03199688 -0.99830395 -0.04863527
vn 0.18015030 -0.97449708 -0.13379580
vn 0.03246080 -0.99623567 0.08037902
vn 0.08058434 -0.97818136 0.19148740
vn 0.73121607 -0.67004961 0.12789324
vn 0.90697390 -0.37339976 0.19486155
vn 0.96895391 -0.07328217 0.23613147
vn 0.95054436 0.20474467 0.23354883
vn 0.27653405 -0.70614916 0.65183002
vn 0.43097618 -0.35602361 0.82916039
vn 0.49593142 0.02892938 0.86787969
vn 0.20385949 -0.65589535 0.72680300
vn 0.29638195 -0.26140505 0.91859955
vn 0.57407999 -0.70048285 0.42397639
vn 0.76447606 -0.34287465 0.54590613
vn 0.73696214 -0.66059291 0.14319205
vn 0.29531440 0.04997632 0.95409220
vn 0.90775132 -0.36468032 0.20735425
vn 0.80234104 -0.06489517 0.59332764
vn 0.96539927 -0.12139121 0.23079959
vn 0.49435091 0.39323366 0.77523190
vn 0.24211064 0.40351760 0.88235831
vn 0.48728353 0.82823265 0.27674112
vn 0.75270736 0.31165558 0.57991588
vn 0.65405148 0.61307836 0.44311595
vn 0.96209472 0.17808770 0.20653936
vn 0.49243718 -0.86824447 -0.06047476
vn 0.39794660 -0.90876096 -0.12566735
vn 0.32569477 -0.93467605 -0.14249144
vn 0.74938351 -0.65797514 -0.07411492
vn 0.91300243 -0.40456393 -0.05248407
vn 0.98852360 -0.14398900 -0.04569725
vn 0.69626147 -0.68753833 -0.20618229
vn 0.86240268 -0.45004702 -0.23177433
vn 0.95517439 -0.16523366 -0.24564163
vn 0.98802310 0.13819125 -0.06865563
vn 0.66657591 0.73162413 -0.14283782
vn -0.22598357 0.84985292 0.47611076
vn 0.10874346 0.90884763 0.40270436
vn 0.27189562 0.44255343 0.85452878
vn 0.28172025 0.18344572 0.94179690
vn 0.56078982 0.41957402 0.71377349
vn 0.28625837 -0.00825299 0.95811689
vn 0.59527731 0.17119253 0.78507203
vn 0.60331333 -0.00210716 0.79750150
vn 0.21413423 0.90520370 0.36708716
vn 0.81567276 0.38778660 0.42930126
vn 0.30010611 -0.06929641 0.95138556
vn 0.61529207 -0.05939106 0.78605878
vn 0.31824255 -0.07247353 0.94523513
vn 0.62560815 -0.06654283 0.77729434
vn 0.04117464 -0.99902558 0.01589198
vn 0.03042122 -0.99912703 -0.02863166
vn 0.00410018 -0.98989427 -0.14174813
vn 0.20376940 -0.97897881 -0.00885952
vn 0.17427260 -0.98049748 -0.09085027
vn 0.13602597 -0.97873902 -0.15351497
vn -0.03652797 -0.92113984 -0.38751397
vn 0.10644003 -0.91234320 -0.39534870
vn -0.05128211 -0.74358976 -0.66666663
vn 0.25430626 -0.90376526 -0.34429154
vn 0.16764586 -0.97793394 -0.12465969
vn 0.16024218 -0.98302400 -0.08936580
vn 0.33895275 -0.90492016 -0.25735301
vn 0.33387771 -0.92629653 -0.17464371
vn 0.55110705 -0.71546000 -0.42941591
vn 0.38250062 -0.72877967 -0.56795549
vn 0.15357237 -0.73447680 -0.66102904
vn 0.61233640 -0.71813965 -0.33063525
vn 0.64154142 -0.71551222 -0.27652651
vn 0.46372426 -0.53393614 -0.70701635
vn 0.67297375 -0.49915251 -0.54585081
vn 0.76122206 -0.48574665 -0.42964071
vn -0.06491538 -0.57083130 -0.81849724
vn -0.07654010 -0.42560884 -0.90166444
vn 0.19085686 -0.55942988 -0.80660516
vn 0.21951859 -0.40236607 -0.88877058
vn 0.24047692 -0.28787398 -0.92698407
vn 0.25489140 -0.21512124 -0.94273710
vn 0.24943720 -0.14656432 -0.95723563
vn 0.51601321 -0.34072119 -0.78590041
vn 0.55357140 -0.20353185 -0.80754781
vn 0.74609679 -0.26263949 -0.61184973
vn 0.78620988 -0.08078557 -0.61265635
vn 0.58850586 -0.13253942 -0.79755509
vn 0.60612780 -0.10825037 -0.78796631
vn 0.82331866 0.00098997 -0.56757855
vn 0.86643350 -0.03096355 -0.49833146
vn 0.80541575 -0.48100474 -0.34632352
vn 0.90407002 -0.19746460 -0.37903181
vn 0.84741253 -0.22133911 -0.48259842
vn 0.94999307 0.30709267 0.05663253
vn 0.97909957 0.05933383 -0.19453418
vn 0.85419178 0.16643000 0.49260277
vn 0.97989428 0.13449940 0.14736800
vn 0.85985607 0.01142832 0.51040858
vn 0.97955215 0.01152252 0.20086069
vn 0.86163050 -0.05031009 0.50503641
vn 0.97634012 -0.04862371 0.21070281
vn 0.86042303 -0.06506418 0.50540960
vn 0.97479063 -0.06856356 0.21232589
vn 0.26630077 -0.13102265 -0.95494348
vn 0.62148255 -0.10296830 -0.77663177
vn 0.31711611 -0.15508340 -0.93562096
vn 0.65699768 -0.12122954 -0.74408168
vn 0.89228857 -0.05768826 -0.44776490
vn 0.99255711 -0.01380922 -0.12099557
vn 0.37216163 -0.17598951 -0.91133058
vn 0.91638631 -0.07814242 -0.39259377
vn 0.99463981 -0.05448756 -0.08787947
vn 0.70582795 -0.13940330 -0.69453126
vn 0.93128723 -0.09731626 -0.35104647
vn 0.99398535 -0.07754970 -0.07732508
vn 0.14276598 -0.37694031 0.91516876
vn 0.14199471 -0.23249845 0.96217567
vn 0.12217939 -0.09455762 0.98799348
vn 0.12365363 -0.52332824 0.84311181
vn 0.32928121 -0.39634511 0.85702080
vn 0.30796570 -0.25712216 0.91599417
vn 0.30446112 -0.10806148 0.94637525
vn 0.35089865 -0.53291988 0.76997823
vn 0.09486427 0.00651692 0.99546891
vn 0.30884340 0.00964321 0.95106411
vn 0.45127571 -0.27885419 0.84769720
vn 0.46281832 -0.42852843 0.77599150
vn 0.48235524 -0.54938066 0.68228608
vn 0.46877185 -0.09841195 0.87782007
vn 0.48499277 0.03275648 0.87390447
vn 0.51293051 -0.29648051 0.80560637
vn 0.43508071 -0.45040137 0.77964312
vn 0.52113974 -0.27580351 0.80767930
vn -0.87394029 -0.07237193 0.48061487
vn -0.63096774 -0.07560413 0.77211636
vn -0.61811370 -0.09471902 0.78036129
vn -0.87125832 -0.07136776 0.48560873
vn -0.61759788 -0.13977945 0.77397323
vn -0.87659550 -0.08134930 0.47430229
vn -0.20475036 -0.08005451 0.97553509
vn -0.18284005 -0.10529777 0.97748762
vn -0.15719336 -0.17583662 0.97178799
vn -0.64063120 -0.20928085 0.73877823
vn -0.88684553 -0.13345851 0.44237298
vn -0.16351320 -0.26796660 0.94945115
vn -0.88429117 -0.25046486 0.39407673
vn -0.26994696 -0.60261464 0.75098896
vn -0.57729644 -0.56764656 0.58694661
vn -0.75189465 -0.54030967 0.37778300
vn -0.98596156 -0.06902273 0.15203843
vn -0.99414068 -0.06826835 -0.08380786
vn -0.94232070 -0.08081163 -0.32480949
vn -0.98405343 -0.05696955 0.16850330
vn -0.99578077 -0.06507635 -0.06469855
vn -0.94984090 -0.08614123 -0.30063599
vn -0.98070347 -0.04642240 0.18990980
vn -0.99818021 -0.04294993 -0.04232729
vn -0.95797485 -0.05766389 -0.28099665
vn -0.81634665 -0.10440748 -0.56804705
vn -0.58704662 -0.14122146 -0.79714042
vn -0.15402953 -0.17612837 -0.97224164
vn -0.83013582 -0.11416390 -0.54574823
vn -0.84239262 -0.08702049 -0.53179139
vn -0.60233831 -0.15136290 -0.78375882
vn -0.14512002 -0.18954881 -0.97108775
vn 0.03999023 -0.98497516 0.16800220
vn 0.04900195 -0.96936935 0.24066980
vn 0.24173592 -0.95792168 0.15475723
vn 0.21503960 -0.96441352 0.15383285
vn 0.21716040 -0.96379566 0.15472350
vn 0.28926557 -0.93539762 0.20336355
vn 0.06888146 -0.91846389 0.38946047
vn 0.32251471 -0.88792962 0.32797149
vn 0.24971533 -0.95659059 0.15025543
vn 0.27297962 -0.94643348 0.17246991
vn 0.32843831 -0.92278516 0.20148423
vn 0.27755365 -0.94867140 0.15161307
vn 0.23674089 -0.96529782 0.11024493
vn 0.30908465 -0.94028312 0.14259875
vn -0.97915596 -0.07748023 0.18775125
vn -0.99790937 -0.05696286 -0.03053081
vn -0.96178371 -0.06542128 -0.26588008
vn -0.96537721 -0.19840805 0.16935489
vn -0.81929940 -0.53849471 0.19690596
vn -0.98256570 -0.18486568 -0.01973164
vn -0.94837320 -0.19174072 -0.25263360
vn -0.80666548 -0.59004861 0.03366657
vn -0.73735535 -0.65326381 -0.17191139
vn -0.84692538 -0.08094425 -0.52551448
vn -0.60397124 -0.11886954 -0.78809190
vn -0.58921498 -0.08811457 -0.80315727
vn -0.82954961 -0.19265015 -0.52415019
vn -0.59417307 -0.69000745 -0.41333768
vn -0.54432225 -0.14858986 -0.82561153
vn -0.28246471 -0.58453918 -0.76061004
vn 0.41448137 -0.90574634 0.08848052
vn 0.31770647 -0.08563833 0.94431394
vn 0.61847025 -0.09354798 0.78022003
vn 0.30677071 -0.10546282 0.94592255
vn 0.60465080 -0.11067362 0.78876412
vn 0.30907232 -0.16879933 0.93593872
vn 0.59562916 -0.15686126 0.78779471
vn 0.31695998 -0.26186964 0.91157043
vn 0.85122681 -0.10097868 0.51499146
vn 0.83749288 -0.11994406 0.53312200
vn 0.82904065 -0.14615425 0.53975064
vn 0.58544344 -0.23740840 0.77517301
vn 0.82193518 -0.20937079 0.52970427
vn 0.31198406 -0.33475778 0.88915867
vn 0.57789129 -0.30433482 0.75724632
vn 0.81272691 -0.25917166 0.52182877
vn 0.96951723 -0.10460942 0.22157003
vn 0.41754356 -0.16951993 -0.89270395
vn 0.74857533 -0.14092405 -0.64790076
vn 0.93987435 -0.11534769 -0.32145193
vn 0.94346529 -0.13543536 -0.30254039
vn 0.77335531 -0.15495247 -0.61474496
vn 0.45890906 -0.18283422 -0.86946785
vn 0.99218976 -0.10719058 -0.06379415
vn 0.96444225 -0.12429184 0.23324385
vn 0.99063164 -0.12735057 -0.04930328
vn 0.96261406 -0.13254371 0.23623373
vn 0.95725703 -0.17609790 0.22945316
vn 0.99128413 -0.12469142 -0.04251844
vn 0.98823804 -0.14311805 -0.05387801
vn 0.95338064 -0.20516178 0.22130071
vn 0.98494190 -0.15955670 -0.06656820
vn 0.94527221 -0.12340319 -0.30204678
vn 0.78973913 -0.13690597 -0.59797060
vn 0.94137108 -0.11588723 -0.31684512
vn 0.49212179 -0.15911944 -0.85586047
vn 0.79391491 -0.10100464 -0.59958088
vn 0.50093448 -0.09135763 -0.86065012
vn 0.93581396 -0.13011155 -0.32760248
vn 0.78873354 -0.10147624 -0.60630196
vn 0.08752387 -0.81523776 0.57247454
vn 0.10105349 -0.68263352 0.72374010
vn 0.34518969 -0.79976022 0.49114937
vn 0.35560009 -0.67946947 0.64177084
vn 0.44425672 -0.77984065 0.44100407
vn 0.38458201 -0.87123412 0.30503750
vn 0.48190537 -0.66892016 0.56596202
vn 0.06597912 -0.59040225 0.80440795
vn 0.31249970 -0.53498256 0.78494430
vn 0.21057257 -0.43495494 0.87548470
vn 0.36937797 -0.37731725 0.84923011
vn 0.31172928 -0.37303409 0.87388247
vn 0.37910610 -0.40655124 0.83126086
vn 0.48817044 -0.32763606 0.80891562
vn 0.60022128 -0.20978597 0.77183175
vn 0.58735478 -0.33817658 0.73528975
vn 0.63287818 -0.30738249 0.71062034
vn 0.69857121 -0.23526452 0.67575800
vn 0.74560410 -0.13712759 0.65212780
vn 0.81879103 -0.27063316 0.50629926
vn 0.84923238 -0.21764360 0.48107755
vn 0.95683759 -0.19851457 0.21225898
vn 0.96655017 -0.14379956 0.21237345
vn 0.87655061 -0.14572504 0.45871913
vn 0.97358638 -0.07464963 0.21577083
vn 0.74052536 -0.02702923 0.67148465
vn 0.71239835 0.04091344 0.70058173
vn 0.88302845 -0.07868046 0.46267718
vn 0.85992390 0.00316465 0.51041263
vn 0.82295132 0.07778296 0.56276184
vn 0.97327280 -0.02896874 0.22781777
vn 0.95980555 0.03693042 0.27822569
vn 0.99366271 -0.10720857 -0.03377468
vn 0.99956727 -0.02939362 -0.00121978
vn 0.99967706 0.01607935 0.01967902
vn 0.99564862 0.07665566 0.05298842
vn 0.92993158 0.13150422 0.34341508
vn 0.97631103 0.18681408 0.10916619
vn 0.98621356 -0.15370364 -0.06130231
vn 0.94008952 -0.12903047 -0.31556773
vn 0.95898396 -0.09749824 -0.26616535
vn 0.98143029 -0.01373661 -0.19132690
vn 0.81021941 -0.10753720 -0.57617736
vn 0.86778063 -0.11141519 -0.48429686
vn 0.83456296 -0.19027525 -0.51701063
vn 0.93389398 -0.03034902 -0.35625967
vn 0.91845149 -0.07696745 -0.38797280
vn 0.98830140 0.05145498 -0.14357163
vn 0.95915794 0.06969917 -0.27415007
vn 0.94592267 0.06419960 -0.31797588
vn 0.93245244 0.18789384 -0.30859122
vn 0.94962251 -0.11712347 -0.29068774
vn 0.95361334 0.07073046 -0.29260689
vn 0.21250172 -0.97667307 0.03087019
vn 0.38928586 -0.91842300 0.07039727
vn 0.37419406 -0.92735040 -0.00005370
vn 0.37024096 -0.92696410 -0.06049143
vn -0.13323487 -0.15401737 -0.97904402
vn -0.10014392 -0.08494531 -0.99134028
vn -0.04794493 -0.07555776 -0.99598813
vn 0.15204367 -0.30098465 -0.94143027
vn 0.67052144 -0.74091464 -0.03803339
vn 0.67924577 -0.73388904 -0.00566757
vn 0.67039520 -0.74006015 -0.05367846
vn 0.65743893 -0.74850774 -0.08666156
vn 0.35552907 -0.92825460 -0.10928182
vn 0.33569026 -0.92981273 -0.15086535
vn 0.63298291 -0.76412725 -0.12426664
vn 0.59959227 -0.78219128 -0.16931003
vn 0.87514323 -0.47636783 -0.08484086
vn 0.86931264 -0.48638687 -0.08788234
vn 0.84951133 -0.51571387 -0.11121989
vn 0.81831676 -0.55279028 -0.15741837
vn 0.83852273 -0.49885604 -0.21913987
vn 0.86685228 -0.49129644 -0.08482313
vn 0.87497640 -0.37686327 -0.30395797
vn 0.91225272 -0.38586837 -0.13747948
vn 0.90416777 -0.29324892 -0.31062165
vn 0.93658155 -0.29872385 -0.18324593
vn 0.92942321 -0.35298204 -0.10759357
vn 0.93948025 -0.33076388 -0.08928665
vn 0.95491326 -0.25652143 -0.14945707
vn 0.97114986 -0.20709798 -0.11823127
vn 0.97010642 -0.10326806 -0.21961163
vn 0.97907865 -0.05986562 -0.19447669
vn 0.98772138 -0.01317685 -0.15566917
vn 0.96107697 0.10607672 -0.25510573
vn 0.96336341 0.14359228 -0.22652197
vn 0.89798713 0.36465147 -0.24626905
vn 0.96643132 0.18146095 -0.18188614
vn 0.89900982 0.38828573 -0.20252351
vn 0.94194752 -0.32176843 -0.09591620
vn 0.98079759 -0.16493624 -0.10407756
vn 0.93319917 -0.33480689 -0.13055128
vn 0.98249424 -0.14410090 -0.11806791
vn 0.99205607 0.02928215 -0.12234131
vn 0.96716189 0.21481717 -0.13583650
vn 0.89632368 0.41790518 -0.14818598
vn 0.99195975 0.05070639 -0.11595163
vn 0.96578705 0.23425969 -0.11125567
vn 0.88914984 0.44398955 -0.11084141
vn 0.56833214 -0.79192603 -0.22327527
vn 0.55721796 -0.79120594 -0.25199473
vn -0.51542163 -0.52890384 0.67424124
vn -0.76759881 -0.43526509 0.47046396
vn -0.77543360 -0.36312574 0.51656801
vn -0.56506932 -0.48758832 0.66554821
vn 0.06334284 -0.59377199 0.80213618
vn 0.10499642 -0.50781351 0.85504454
vn -0.65077853 -0.67208314 0.35325870
vn -0.32184845 -0.73502833 0.59678054
vn 0.26631978 -0.58699024 0.76453674
vn -0.74865645 -0.40780687 0.52269214
vn -0.52381855 -0.55464715 0.64651424
vn -0.44777039 -0.67980164 0.58083683
vn -0.70090294 -0.51513755 0.49332395
vn 0.11757067 -0.70793211 0.69642609
vn 0.20974669 -0.79323828 0.57164627
vn 0.53987694 -0.64489549 0.54096466
vn 0.55529279 -0.50969839 0.65715867
vn 0.68089491 -0.41957000 0.60028589
vn 0.53345031 -0.71929687 0.44502008
vn 0.84507209 -0.36567089 0.39004895
vn 0.80017155 -0.50291026 0.32681337
vn 0.76165920 -0.58654040 0.27540091
vn 0.98728746 -0.12790915 0.09435507
vn 0.97006375 -0.22442050 0.09280042
vn 0.94184065 -0.32656145 0.07933372
vn 0.78065354 -0.58149618 -0.22900273
vn 0.75370073 -0.59707558 -0.27465653
vn 0.91065764 -0.36426303 -0.19497520
vn 0.88382351 -0.39943892 -0.24352530
vn 0.57971966 -0.79879272 -0.16079597
vn 0.76770407 -0.61835039 -0.16814655
vn 0.89178079 -0.41777498 -0.17375651
vn 0.89468098 -0.28098011 0.34726956
vn 0.97731757 -0.14579378 -0.15360525
vn 0.96752828 -0.16155182 -0.19439721
vn 0.97124738 -0.16871467 -0.16797015
vn 0.99023801 0.05268360 -0.12904698
vn 0.96408200 0.24088198 -0.11190116
vn 0.88177872 0.46129388 -0.09835894
vn 0.98628092 0.04506625 -0.15880488
vn 0.99005181 0.03203337 -0.13700849
vn 0.96585977 0.22914563 -0.12086063
vn 0.97316474 0.21241234 -0.08849571
vn 0.88063288 0.46664488 -0.08202738
vn 0.87780130 0.47506860 -0.06143939
vn 0.99259579 -0.09117485 0.08025411
vn 0.98378974 0.03495966 0.17588504
vn 0.99754930 -0.02007582 0.06702481
vn 0.99622595 0.08212590 0.02809229
vn 0.97968429 -0.14085820 -0.14275043
vn 0.98906153 -0.06886608 -0.13044067
vn 0.99087554 0.02465328 -0.13250606
vn 0.98347318 0.11129023 -0.14281113
vn 0.88972914 0.45072106 -0.07233689
vn 0.97543472 0.21892533 -0.02447544
vn 0.95259923 0.26070976 -0.15679638
vn 0.85044962 0.49491104 -0.17832205
vn 0.16255789 -0.79446131 0.58515495
vn 0.14826934 -0.86668938 0.47630420
vn 0.34160683 -0.71701288 0.60761619
vn 0.31323862 -0.79751039 0.51561505
vn 0.46914566 -0.24583222 0.84821510
vn 0.46534246 -0.51667660 0.71868050
vn 0.42033494 -0.63484019 0.64830279
vn -0.49584603 -0.64583522 0.58054590
vn -0.50264233 -0.81493497 0.28849897
vn -0.59418207 -0.62001622 0.51237458
vn -0.48647484 -0.81310815 0.31968361
vn -0.46933115 -0.87646192 0.10743736
vn -0.48749527 -0.87186658 0.04687465
vn -0.46137047 -0.44434011 0.76791888
vn -0.16458796 -0.41458404 0.89500338
vn 0.00111149 -0.60124362 0.79906511
vn 0.11067326 -0.34009767 0.93385494
vn 0.49268389 -0.42962018 0.75676221
vn 0.30167520 -0.23768334 0.92330855
vn -0.61039603 -0.42083216 0.67105669
vn -0.35733458 -0.18499182 0.91547257
vn -0.45254406 -0.22842702 0.86198896
vn -0.05521309 -0.16721715 0.98437297
vn 0.51853162 -0.62468755 0.58385825
vn 0.45897958 -0.79465103 0.39732549
vn -0.03383869 -0.72753447 0.68523610
vn 0.00000014 -0.51227832 0.85881960
vn 0.00000014 -0.28659654 0.95805138
vn -0.07955562 -0.87511301 0.47733441
vn 0.00000014 -0.22836930 0.97357458
vn 0.17707705 -0.15032424 0.97264916
vn 0.24010600 -0.00800348 0.97071368
vn -0.33929694 -0.65145034 0.67859417
vn -0.38041350 -0.66572386 0.64194804
vn -0.17514855 -0.65680748 0.73343503
vn -0.36128426 -0.92548180 0.11382939
vn -0.19045520 -0.97232419 0.13532354
vn 0.28997228 -0.56166869 0.77488357
vn 0.32935426 -0.32611722 0.88610017
vn 0.15541510 -0.82412726 0.54466546
vn 0.01711090 -0.96462256 0.26307893
vn 0.32718623 -0.84242791 0.42809403
vn 0.45936614 -0.59408396 0.66033858
vn 0.47375882 -0.39505112 0.78707510
vn 0.33146390 -0.15816993 0.93011510
vn 0.37978727 0.02995653 0.92458868
vn 0.46317932 -0.19252247 0.86510116
vn 0.48087209 0.03245154 0.87619001
vn 0.45765588 0.25510079 0.85174817
vn 0.51077080 0.24143498 0.82511961
vn 0.39846271 -0.07796002 0.91386527
vn 0.49805853 -0.09871422 0.86150634
vn 0.17194760 -0.61539084 0.76923865
vn 0.36880347 -0.61753112 0.69472253
vn -0.06476560 -0.99639469 0.05480176
vn 0.48133531 0.00000006 0.87653667
vn 0.43200380 -0.63771969 0.63771963
vn 0.17651655 -0.97084069 0.16220436
vn 0.08475702 -0.99589461 -0.03178384
vn 0.59289199 -0.43969738 0.67464459
vn 0.38398421 -0.86253148 0.32953855
vn 0.26078138 -0.96102750 0.09175640
vn 0.39426735 -0.21155797 0.89431340
vn 0.38895178 0.01023563 0.92120123
vn 0.12675251 -0.92660385 0.35403261
vn 0.27144521 -0.87443143 0.40210342
vn 0.36666116 -0.81352925 0.45136440
vn 0.31886548 -0.89215207 0.31998372
vn 0.60661244 -0.24155310 0.75741237
vn 0.60005236 -0.44157499 0.66704476
vn 0.65113229 -0.27045906 0.70913941
vn 0.05017286 -0.90310979 0.42646855
vn -0.15532358 -0.59023005 0.79215097
vn 0.55471402 -0.40679014 0.72581965
vn 0.50806510 -0.37641191 0.77471536
vn 0.61366761 -0.24521923 0.75051957
vn 0.54370624 -0.18957926 0.81758380
vn 0.58897543 -0.00988484 0.80809051
vn 0.59006333 0.21149752 0.77916247
vn 0.51072878 -0.35713992 0.78205317
vn 0.49605075 -0.15488383 0.85436797
vn 0.49763155 0.02610255 0.86699569
vn 0.43228525 -0.77694494 0.45769650
vn 0.42119139 -0.83498859 0.35410720
vn 0.53714383 -0.59717417 0.59570092
vn 0.51997966 -0.50049597 0.69218862
vn 0.06495646 0.02054113 0.99767667
vn 0.02798302 -0.08751506 0.99577010
vn 0.30075589 0.01489633 0.95358491
vn 0.26262477 -0.09946576 0.95975775
vn 0.21340047 -0.37115654 0.90371627
vn 0.15101843 -0.91303891 0.37888438
vn 0.47794995 0.02737574 0.87796038
vn 0.44525886 -0.10665711 0.88902700
vn 0.59118825 -0.09345167 0.80110127
vn 0.60631233 0.03996861 0.79422158
vn 0.40065584 -0.38214514 0.83273059
vn 0.30196223 -0.87834954 0.37056845
vn 0.44182289 -0.82986653 0.34075522
vn 0.56675005 -0.37215656 0.73504686
vn 0.25880298 -0.95637935 0.13549748
vn 0.37446830 -0.91104871 0.17252187
vn 0.55134481 -0.78044748 0.29482314
vn 0.70083290 -0.33725515 0.62856370
vn 0.60860187 -0.60725319 0.51073223
vn 0.56464016 -0.34204865 0.75112212
vn 0.59731340 -0.48816189 0.63632905
vn 0.49471882 -0.13882273 0.85789365
vn 0.43469599 0.04484346 0.89946008
vn 0.69477105 -0.44010818 0.56885689
vn 0.65937424 -0.30076280 0.68903363
vn 0.57725644 -0.08064424 0.81257093
vn 0.69470829 -0.56530571 0.44475812
vn 0.77412331 -0.37618843 0.50913221
vn 0.73548222 -0.23888066 0.63403618
vn 0.64806020 -0.02201318 0.76127094
vn 0.78520525 -0.47808397 0.39355871
vn 0.70693582 -0.05028852 0.70548773
vn 0.69623619 0.06275982 0.71506387
vn 0.62728322 -0.74621344 0.22289312
vn 0.57338411 -0.80905908 0.12905072
vn 0.67198098 -0.70508075 0.22650114
vn 0.83116978 -0.27070647 0.48566967
vn 0.82268721 0.02236157 0.56805432
vn 0.66334790 -0.74769247 0.03042376
vn 0.71141553 -0.69042689 0.13114403
vn 0.74901688 -0.62601018 0.21699074
vn 0.77804214 -0.62089211 0.09562229
vn 0.93303412 -0.19213925 0.30418718
vn 0.77153587 -0.56446487 0.29344806
vn 0.86751288 -0.36398187 0.33902597
vn 0.84426540 -0.29168549 0.44959509
vn 0.78677344 -0.17349860 0.59235626
vn 0.86438996 -0.44699973 0.23026340
vn 0.84466529 -0.51835990 0.13357988
vn 0.88656467 -0.20998551 0.41220063
vn 0.92004418 -0.26168427 0.29161638
vn 0.93477190 -0.31288037 0.16824815
vn 0.80345464 -0.59507483 0.01862264
vn 0.74602240 -0.65878725 -0.09721151
vn 0.82698476 -0.55772626 -0.07097752
vn 0.92708081 -0.37164855 0.04897684
vn 0.88847071 -0.44867027 -0.09651332
vn 0.82510579 -0.51578522 -0.23057757
vn -0.34559265 -0.66353810 0.66353816
vn -0.09866387 -0.67214835 0.73381341
vn -0.07178313 -0.41873568 0.90526670
vn -0.04269529 -0.27447060 0.96064717
vn -0.57053882 -0.78937572 0.22665255
vn -0.32402194 -0.88205999 0.34202331
vn -0.05018672 -0.92845589 0.36803660
vn -0.62284070 -0.78234881 0.00000012
vn -0.32741818 -0.94132745 0.08185465
vn 0.17038149 -0.41556427 0.89346319
vn 0.21517278 -0.65817511 0.72146124
vn 0.27504462 -0.88984996 0.36402953
vn 0.38444659 -0.46330723 0.79846567
vn 0.47159657 -0.65581381 0.58949548
vn 0.59776491 -0.75666434 0.26483247
vn 0.15311956 -0.28480211 0.94627810
vn 0.35369760 -0.34059751 0.87114382
vn -0.01044270 -0.99206227 0.12531318
vn 0.30590987 -0.94553947 0.11123994
vn -0.03921088 -0.34576982 0.93749970
vn 0.63971198 -0.76302987 0.09248842
vn -0.05424135 -0.09040242 0.99442720
vn -0.06472848 -0.00269698 0.99789935
vn 0.14540613 -0.12463365 0.98149049
vn 0.13287087 -0.01660879 0.99099422
vn -0.61721343 -0.77151674 -0.15430325
vn -0.34050262 -0.93638229 -0.08512558
vn 0.29706657 -0.95485675 0.00000000
vn 0.64018446 -0.76822126 -0.00000005
vn 0.54702181 -0.43481207 0.71533602
vn 0.69910878 -0.57320285 0.42741713
vn 0.69427425 -0.70667189 0.13637523
vn 0.73234785 -0.68003720 0.03487364
vn 0.69748914 -0.70979768 0.09846899
vn 0.69968301 -0.71090782 -0.07109085
vn 0.73487878 -0.66651785 0.12532809
vn 0.69642770 -0.71008307 -0.10378145
vn 0.34303665 -0.18570392 0.92078221
vn 0.54328811 -0.29983342 0.78417981
vn 0.33083037 -0.05293278 0.94220454
vn 0.73151785 -0.47561577 0.48854011
vn 0.52987689 -0.16284011 0.83229417
vn 0.75920230 -0.35209373 0.54739571
vn 0.77982062 -0.60876310 0.14590183
vn 0.73493814 -0.67389673 -0.07569137
vn 0.75487196 -0.65587229 -0.00000007
vn 0.71486694 -0.69252729 -0.09680496
vn 0.66899115 -0.72294205 -0.17264295
vn 0.70161510 -0.69680941 -0.14897312
vn -0.06131382 0.18394184 0.98102295
vn -0.05193288 0.55395174 0.83092749
vn -0.02776638 0.89546645 0.44426242
vn -0.00945875 0.98843658 0.15133953
vn -0.00218211 0.99938798 0.03491307
vn 0.12302610 0.17684989 0.97651869
vn 0.10642836 0.56619847 0.81736916
vn 0.08067651 0.88744134 0.45380521
vn 0.04799088 0.98621297 0.15836991
vn 0.37797850 0.42103931 0.82453513
vn 0.37872261 0.62740970 0.68038696
vn 0.04818213 0.99868488 0.01752074
vn 0.37278777 0.58423662 0.72090006
vn 0.00457475 0.99730700 -0.07319689
vn 0.05779143 0.99579173 -0.07112803
vn 0.31967229 0.42209145 0.84832096
vn 0.31615236 0.11855716 0.94127142
vn 0.25446945 0.54465377 0.79912299
vn 0.16514264 0.88420117 0.43693984
vn 0.11418363 0.98297232 0.14397062
vn 0.09362338 0.99560517 -0.00228355
vn 0.52228254 0.01065889 0.85270590
vn 0.46553689 0.41263494 0.78294820
vn 0.28169516 0.87589592 0.39173228
vn 0.20492087 0.97475892 0.08861437
vn 0.70182753 0.30351549 0.64445049
vn 0.68328148 0.45612434 0.57015526
vn 0.20072187 0.97913128 -0.03182184
vn 0.08918512 0.99511874 -0.04224566
vn 0.20555024 0.97636384 -0.06680392
vn 0.54172617 0.47235405 0.69528008
vn 0.84674561 -0.50113505 0.17856529
vn 0.81695431 -0.57423592 -0.05327971
vn 0.78967929 -0.60137105 -0.12148920
vn 0.49941418 0.45350870 0.73818386
vn 0.51414114 0.55262148 0.65594846
vn 0.42308179 0.52406311 0.73916149
vn 0.78730756 -0.15985933 0.59547609
vn 0.76573586 0.24834681 0.59327269
vn 0.49514815 0.80248153 0.33294433
vn 0.94325662 -0.26462397 0.20060197
vn 0.44834843 0.89230132 0.05274678
vn 0.43857002 0.89541388 -0.07674985
vn 0.95458847 0.26783422 0.13048318
vn 0.43368194 0.88979578 -0.14206834
vn 0.96243125 -0.26549825 -0.05689260
vn 0.92693919 0.36325997 -0.09394667
vn 0.95117331 -0.27176377 -0.14633445
vn 0.90603983 0.38830283 -0.16826467
vn 0.32550555 0.46176362 0.82511848
vn 0.14328636 0.08444793 0.98607183
vn 0.11372741 0.13505119 0.98429024
vn 0.30077741 -0.00604036 0.95367533
vn 0.29360542 -0.07163963 0.95323849
vn 0.23643258 0.08045588 0.96831125
vn 0.27858549 0.05833033 0.95863855
vn 0.22540331 0.31068078 0.92340177
vn -0.28010139 -0.37059581 0.88555181
vn 0.00000014 -0.39900663 0.91694802
vn 0.00000014 -0.16067557 0.98700738
vn -0.31027392 -0.14000167 0.94028169
vn 0.00000013 0.00000004 1.00000000
vn -0.33729282 0.00000003 0.94139981
vn 0.23947363 -0.37027830 0.89752245
vn 0.29443413 -0.13464965 0.94613856
vn 0.32444826 0.00000006 0.94590342
vn -0.01862787 0.12192873 0.99236405
vn -0.32836154 0.12201419 0.93663830
vn 0.30803785 0.09754534 0.94636029
vn -0.33575922 0.35275981 0.87339932
vn -0.03677922 0.37747201 0.92529035
vn 0.29270977 0.35443759 0.88808513
vn -0.81348979 -0.52253371 0.25532907
vn -0.62272727 -0.73262042 0.27473277
vn -0.61260253 -0.70095873 0.36520550
vn -0.78788066 -0.51331627 0.34022132
vn -0.90423769 -0.29168963 0.31188360
vn -0.92118096 -0.30981427 0.23545897
vn -0.40691769 -0.81649512 0.40957746
vn -0.33580834 -0.64578545 0.68570685
vn -0.57994533 -0.55763984 0.59388649
vn -0.01831861 -0.88191497 0.47105253
vn -0.01484729 -0.67449677 0.73812854
vn -0.55778402 -0.30824912 0.77062291
vn 0.36245263 -0.81924200 0.44437671
vn 0.26501957 -0.64102989 0.72030920
vn -0.43139297 -0.86278605 0.26362917
vn -0.72499132 -0.46523511 0.50788176
vn 0.00000008 -0.95300865 0.30294317
vn 0.41834399 -0.85237569 0.31375790
vn 0.60084975 -0.70144445 0.38334748
vn 0.52825576 -0.56233662 0.63617879
vn 0.50504142 -0.30863628 0.80602545
vn 0.62461358 -0.72692090 0.28538370
vn 0.41671199 0.15126024 0.89636582
vn 0.38115734 0.11265735 0.91762054
vn 0.81775731 -0.52039093 0.24589896
vn 0.79975861 -0.48645103 0.35178372
vn 0.75693369 -0.42434150 0.49697655
vn 0.88836998 -0.30863553 0.33991605
vn 0.92201531 -0.31396207 0.22652951
vn -0.79414231 -0.27375716 0.54258186
vn -0.82479763 -0.12630312 0.55114102
vn -0.93427181 -0.14624885 0.32518867
vn -0.95347065 -0.15891181 0.25620484
vn -0.57575077 -0.11953305 0.80884045
vn 0.21345147 -0.05806064 0.97522688
vn -0.83303857 -0.00000001 0.55321497
vn -0.94126779 -0.00000003 0.33766127
vn -0.96152401 -0.00000003 0.27472126
vn -0.58674258 0.00000001 0.80977362
vn 0.28913420 -0.01889611 0.95710206
vn -0.82550484 0.11974356 0.55154628
vn -0.93510228 0.13920084 0.32589391
vn -0.95436114 0.15183015 0.25718185
vn -0.57659239 0.11342805 0.80912006
vn 0.31934687 0.07971089 0.94427961
vn -0.79561895 0.26688486 0.54384094
vn -0.90366930 0.29595166 0.30950686
vn -0.91471243 0.31760845 0.24985211
vn -0.54305351 0.29892862 0.78468770
vn -0.78895563 0.52400780 0.32088128
vn -0.73671693 0.47024491 0.48591980
vn -0.57815099 0.56122953 0.59225237
vn -0.79604936 0.53886414 0.27555564
vn -0.63502866 0.69824415 0.33044481
vn -0.65026033 0.72251147 0.23481630
vn 0.55551088 -0.10118227 0.82533026
vn 0.78897482 -0.27875441 0.54755336
vn 0.79519373 -0.12691364 0.59292483
vn 0.92862403 -0.16120772 0.33417016
vn 0.56843197 0.00000006 0.82273030
vn 0.56720674 0.08582738 0.81909108
vn 0.79231328 0.00000006 0.61011446
vn 0.79531378 0.12033121 0.59413499
vn -0.38295820 0.64054328 0.66561800
vn 0.40413383 0.08099876 0.91110647
vn -0.43233123 0.81517881 0.38545197
vn -0.03099372 0.69426090 0.71905577
vn 0.31436434 0.65257698 0.68943340
vn -0.01782317 0.88861334 0.45831057
vn 0.38946629 0.81787914 0.42354447
vn -0.46395707 0.85653609 0.22603038
vn -0.00000000 0.95300865 0.30294311
vn 0.53942573 0.30327159 0.78552294
vn 0.78869528 0.28403178 0.54523933
vn 0.55850863 0.56125981 0.61078268
vn 0.76692361 0.42994207 0.47642210
vn 0.81019229 0.49279737 0.31739473
vn 0.88803488 0.32292178 0.32728544
vn 0.93027377 0.15558591 0.33224049
vn 0.63841307 0.68629408 0.34846702
vn 0.67162913 0.70286769 0.23428912
vn 0.45129848 0.84553623 0.28530353
vn 0.82525337 0.52516127 0.20775595
vn 0.92050129 0.33205301 0.20595677
vn 0.08689363 0.30529806 0.94828403
vn 0.06567565 0.49221894 0.86799037
vn 0.21301495 0.25991836 0.94184244
vn 0.19721563 0.45616201 0.86776859
vn 0.05174211 0.65069026 0.75757837
vn 0.05433031 0.80292732 0.59359592
vn 0.18620272 0.62862229 0.75509113
vn 0.18819207 0.79019517 0.58324552
vn 0.31455699 0.22737321 0.92160475
vn 0.41039646 0.21684493 0.88575000
vn 0.33704057 0.41136774 0.84686506
vn 0.50014597 0.20111622 0.84226263
vn 0.47210091 0.36187050 0.80384731
vn 0.58365107 0.31724197 0.74746835
vn 0.34922969 0.58834189 0.72930956
vn 0.37193292 0.75305158 0.54275167
vn 0.51445097 0.53052747 0.67370677
vn 0.54511458 0.69191027 0.47340286
vn 0.48051122 0.09470461 0.87186009
vn 0.49322861 0.13504794 0.85935301
vn 0.47056231 0.07312948 0.87933111
vn 0.54863197 0.12220715 0.82708430
vn 0.58727092 0.10016377 0.80316883
vn 0.68394977 0.00025757 0.72952902
vn 0.54161727 0.05120613 0.83906418
vn 0.55633223 0.09221206 0.82582772
vn 0.95882726 -0.16226301 0.23306865
vn 0.94160706 0.00000006 0.33671379
vn 0.97014254 0.00000005 0.24253549
vn 0.96088952 0.15823036 0.22727615
vn 0.57462656 0.16198267 0.80222565
vn 0.61848664 0.11076952 0.77794892
vn 0.64323848 0.08983015 0.76037812
vn 0.63283461 0.09036063 0.76899636
vn 0.67285782 0.07027134 0.73642677
vn 0.81292099 0.04273140 0.58080417
vn 0.76182127 0.16665237 0.62598366
vn 0.79047120 0.10932516 0.60266352
vn 0.72292578 0.22673689 0.65266287
vn 0.66525900 0.27988908 0.69216514
vn 0.65309650 0.46164060 0.60029405
vn 0.73984396 0.39769655 0.54264939
vn 0.81266379 0.31886670 0.48775163
vn 0.68125921 0.60832256 0.40722185
vn 0.91334510 -0.10406632 0.39366347
vn 0.91906196 0.00942003 0.39400056
vn 0.95810920 -0.14322446 0.24801965
vn 0.97435248 -0.02152226 0.22399566
vn 0.90763283 0.11319817 0.40421388
vn 0.87470841 0.21820666 0.43274826
vn 0.97077203 0.10109242 0.21767455
vn 0.97754967 -0.17417978 0.11856735
vn 0.97575760 -0.21874520 -0.00689953
vn 0.99500388 -0.04352012 0.08985160
vn 0.94239664 -0.28631297 -0.17295571
vn 0.77076715 0.51847517 0.37027219
vn 0.75745851 0.61803848 0.21044014
vn 0.66152447 0.71558625 0.22432522
vn 0.54828387 0.79465067 0.26060522
vn 0.72319531 0.68761230 0.06463695
vn 0.63229942 0.76905882 0.09352092
vn 0.54382253 0.82873625 0.13211176
vn 0.85498905 0.40079990 0.32917064
vn 0.84942752 0.49624932 0.17947063
vn 0.99426961 0.07941419 0.07156362
vn 0.81435883 0.57998657 0.02086531
vn 0.76335001 0.63560158 -0.11535779
vn 0.67941570 0.73109847 -0.06236500
vn 0.82608718 0.53990316 -0.16150728
vn 0.17346856 0.68394870 -0.70860624
vn 0.17586152 0.43785959 -0.88167548
vn 0.18644731 0.16264714 -0.96890837
vn 0.17102404 0.85801822 -0.48430935
vn 0.39525419 0.41088381 -0.82155257
vn 0.40238759 0.64795196 -0.64671665
vn 0.41678235 0.78844184 -0.45238474
vn 0.61401778 0.36572212 -0.69944948
vn 0.61521065 0.57890815 -0.53514612
vn 0.66187066 0.62718856 -0.41056290
vn 0.38011524 0.15584801 -0.91171479
vn 0.59677035 0.10225835 -0.79586959
vn 0.20270939 -0.01809322 -0.97907186
vn 0.36456248 -0.02574246 -0.93082303
vn 0.55322760 -0.08218066 -0.82896656
vn 0.80199116 0.11955447 0.58524942
vn 0.90148407 0.19428024 0.38675785
vn 0.91615361 0.10696300 0.38629228
vn 0.95098907 0.26526108 0.15892248
vn 0.96851975 0.18248385 0.16932037
vn 0.98448974 -0.15124510 0.08890933
vn 0.94049436 0.33408874 -0.06208967
vn 0.96850407 0.23982009 -0.06697946
vn 0.84455150 -0.47220615 -0.25249574
vn 0.97690815 -0.14206214 -0.15958947
vn 0.87820512 -0.33832699 -0.33806908
vn 0.82347542 -0.30600956 -0.47775143
vn 0.91029209 -0.09521564 -0.40286756
vn 0.91540283 0.27851453 -0.29063258
vn 0.79594529 0.31914082 -0.51441252
vn 0.78523171 0.00234653 -0.61919767
vn 0.71862453 -0.18080001 -0.67148358
vn 0.77551806 0.48868462 -0.39969867
vn 0.71740609 0.61578387 -0.32578939
vn 0.22802736 0.01111891 -0.97359127
vn 0.25137067 0.14016020 -0.95768887
vn 0.26446447 0.28412321 -0.92159241
vn 0.38090035 -0.00910027 -0.92457134
vn 0.41102326 0.10021228 -0.90610009
vn 0.43263879 0.22353107 -0.87341714
vn 0.26748952 0.43762797 -0.85844696
vn 0.18607126 0.66100961 -0.72694141
vn 0.14094947 0.83690828 -0.52888352
vn 0.44447342 0.30337083 -0.84285796
vn 0.27839193 0.68858057 -0.66959304
vn 0.36168948 0.51716661 -0.77570587
vn 0.22873095 0.84801805 -0.47806647
vn 0.40683949 0.55933595 -0.72223616
vn 0.31933153 0.71752769 -0.61901653
vn 0.25432184 0.86219102 -0.43811765
vn 0.48454139 0.36886999 -0.79319263
vn 0.90902400 -0.16283852 -0.38361305
vn 0.97326463 -0.12029850 -0.19566378
vn 0.99685603 -0.07017717 -0.03678657
vn 0.84663874 0.01252906 -0.53202063
vn 0.92861372 0.00503511 -0.37101403
vn 0.98213989 0.02175913 -0.18688989
vn 0.75164551 0.05233232 -0.65748793
vn 0.87516004 0.13051468 -0.46589789
vn 0.93457478 0.15309510 -0.32114178
vn 0.97126091 0.15643363 -0.17938995
vn 0.93589330 0.22208363 -0.27346441
vn 0.78425044 0.12434052 -0.60785747
vn 0.64556801 0.75198787 -0.13325228
vn 0.72346830 0.66456217 -0.18695141
vn 0.74232316 0.66606641 -0.07288276
vn 0.66485381 0.74359381 -0.07097701
vn 0.61493677 0.78717607 -0.04697445
vn 0.33265755 -0.00778140 0.94301569
vn 0.45948312 -0.05546303 0.88645309
vn 0.61569601 -0.10243899 0.78129679
vn 0.27214524 -0.07710008 0.95916241
vn 0.42085502 -0.11321906 0.90003473
vn 0.57530475 -0.15305798 0.80349094
vn 0.98299772 0.16678672 -0.07679683
vn 0.86184436 0.47167495 -0.18640606
vn 0.86590409 0.49703524 0.05626800
vn 0.72366172 -0.20344444 0.65948772
vn 0.96146804 -0.26183766 0.08378795
vn 0.94225800 -0.22640251 -0.24676257
vn -0.15055211 0.09003618 0.98449355
vn -0.30629060 0.02941417 0.95148355
vn 0.60520822 -0.23441154 0.76077211
vn 0.94338709 -0.30024245 0.14097978
vn 0.93677843 -0.25447249 -0.24018729
vn 0.86378866 -0.18518677 -0.46858832
vn 0.81583184 0.57634580 0.04737075
vn 0.82788664 0.52025670 -0.20961079
vn 0.78905547 0.57459676 -0.21732475
vn 0.79950017 0.59817052 -0.05469665
vn -0.31996700 0.14124678 0.93684071
vn -0.15593323 0.08291094 0.98428178
vn 0.13073483 0.02898368 0.99099362
vn 0.05651685 -0.03401972 0.99782187
vn -0.24224328 0.02561034 0.96987748
vn -0.42231935 0.06650407 0.90400422
vn -0.43559083 0.04383500 0.89907694
vn -0.31716362 0.02193156 0.94811726
vn 0.58617067 -0.17271686 0.79156357
vn 0.03677783 -0.05970695 0.99753821
vn 0.25607803 -0.09735353 0.96174139
vn 0.41148046 -0.12910005 0.90222889
vn -0.26279318 0.00167387 0.96485078
vn 0.24351312 -0.10426956 0.96427661
vn 0.01496845 -0.07554317 0.99703020
vn -0.28192571 -0.03086240 0.95893973
vn -0.43492404 0.00483251 0.90045416
vn 0.69485378 0.32452205 -0.64176601
vn 0.57352561 -0.00532852 -0.81917030
vn 0.66467547 0.25344676 -0.70283091
vn 0.54160315 0.41818413 -0.72923797
vn 0.33452222 0.12900636 -0.93351609
vn 0.34577775 0.12925996 -0.92937052
vn 0.58668792 0.00094677 -0.80981266
vn 0.76238811 -0.10788862 -0.63806307
vn 0.78000438 -0.04703896 -0.62400365
vn 0.87093747 -0.13147236 -0.47347960
vn 0.94973034 -0.20059080 -0.24036571
vn 0.63243043 0.18108428 -0.75315350
vn 0.61088061 0.12740389 -0.78140467
vn 0.62831068 0.06522717 -0.77522326
vn 0.40895751 0.18470539 -0.89366531
vn 0.03574888 0.28791973 -0.95698708
vn 0.03665307 0.27738133 -0.96006060
vn 0.10457270 0.31771168 -0.94240332
vn 0.86723298 -0.06142290 -0.49409941
vn 0.77259082 0.01201087 -0.63479066
vn 0.63456440 0.11061216 -0.76491368
vn 0.43756062 0.22117549 -0.87156302
vn 0.54883498 -0.05995254 -0.83377808
vn 0.57796896 0.04465960 -0.81483579
vn -0.25337729 0.44186503 -0.86055529
vn -0.27838629 0.41578656 -0.86580759
vn 0.99714375 0.05215622 -0.05462687
vn 0.95498466 -0.23525335 0.18072137
vn -0.29741767 0.00173593 0.95474589
vn 0.57133895 -0.12454785 0.81120878
vn 0.96598524 -0.16347435 0.20037133
vn 0.95777971 -0.12467108 -0.25906599
vn -0.31827426 -0.07481030 0.94504231
vn -0.43382022 -0.05278553 0.89945191
vn -0.28196478 -0.05507592 0.95784265
vn 0.54322463 -0.10647466 0.83280861
vn 0.95866358 -0.03005841 -0.28295016
vn 0.86237681 0.02203241 -0.50578737
vn 0.76063061 0.08098182 -0.64411420
vn 0.97960079 -0.08417556 0.18247451
vn 0.07102378 0.94454396 0.32061243
vn 0.08637753 0.99204630 0.09156016
vn 0.00618790 0.99493474 -0.10033332
vn 0.10389964 0.98994547 -0.09598465
vn 0.22311993 0.97022057 -0.09428437
vn 0.38893461 0.86925530 0.30516401
vn 0.38417408 0.91140562 0.14747907
vn 0.24289452 0.96532196 -0.09568582
vn -0.48952261 0.58302701 0.64841896
vn -0.02628127 0.37231949 0.92773247
vn 0.59791040 0.04497561 0.80030018
vn -0.55624217 0.49136376 0.67019123
vn -0.04955594 0.26901859 0.96185935
vn 0.60466194 -0.06264825 0.79401457
vn -0.70325804 0.66529918 0.25060973
vn -0.76929635 0.58530051 0.25613800
vn -0.74243307 0.66398954 -0.08894366
vn -0.79389638 0.60144687 -0.08938804
vn -0.77136737 0.58606052 0.24804324
vn -0.56512856 0.48342735 0.66852653
vn -0.01509237 0.21733195 0.97598118
vn -0.78770727 0.60771596 -0.10098803
vn -0.56718701 0.49298996 0.65974224
vn -0.75745416 0.60888988 0.23561941
vn -0.76189059 0.63718104 -0.11628849
vn 0.95514917 -0.27255514 0.11577555
vn 0.58575165 0.80992055 0.03039565
vn 0.92831111 -0.36152661 0.08681589
vn 0.64859015 -0.14886813 0.74643761
vn 0.95723957 -0.22135113 0.18626902
vn 0.92512381 -0.32628483 0.19412422
vn 0.83235544 -0.14821048 0.53405809
vn 0.78788823 -0.22703449 0.57244009
vn 0.90839249 -0.41133630 0.07500478
vn 0.89820683 -0.39256236 0.19778597
vn 0.75203717 -0.27994189 0.59671825
vn 0.01988629 0.16270503 0.98647434
vn 0.66876417 -0.24523850 0.70186365
vn 0.87732238 -0.46735263 0.10902761
vn 0.86241668 -0.46263039 0.20545228
vn 0.64679974 -0.33819059 0.68357682
vn 0.04223889 0.10764076 0.99329221
vn -0.56542283 0.50245529 0.65409154
vn 0.72625512 -0.34530959 0.59440291
vn -0.74517334 0.63080680 0.21633182
vn -0.73698485 0.66270626 -0.13294271
vn -0.54950398 0.52169317 0.65259606
vn -0.72372073 0.66101450 0.19821268
vn -0.70941174 0.68902045 -0.14827655
vn 0.83130682 -0.53603756 0.14694460
vn 0.81863260 -0.53312683 0.21358012
vn 0.71204484 -0.42302594 0.56039381
vn 0.61530352 -0.37979636 0.69076502
vn 0.06359321 0.07587815 0.99508715
vn 0.79557812 -0.58537024 0.15619598
vn -0.52825665 0.54024959 0.65503842
vn 0.09280324 0.04233129 0.99478424
vn 0.59574354 -0.40276852 0.69488645
vn 0.77030855 -0.61576873 0.16569193
vn 0.79350835 -0.57421595 0.20154595
vn 0.70731616 -0.48525169 0.51403773
vn 0.76799238 -0.61518550 0.17814246
vn 0.67596632 -0.54186767 0.49944869
vn -0.69702095 0.69521421 0.17561032
vn -0.66329628 0.72837770 -0.17176750
vn -0.66106397 0.73640579 0.14387870
vn -0.46614856 0.57854301 0.66932321
vn 0.14901133 0.04732117 0.98770255
vn -0.60790402 0.76028097 -0.22896643
vn 0.59007162 -0.42686015 0.68527800
vn 0.72542316 -0.65670907 0.20614181
vn 0.19220065 0.07207525 0.97870535
vn 0.55894446 -0.44249758 0.70126814
vn 0.64182889 -0.70884711 0.29256049
vn -0.36896688 0.63454723 0.67912686
vn -0.59177458 0.79903865 0.10649088
vn -0.55326688 0.77470189 -0.30615807
vn 0.52231377 -0.73346180 0.43499678
vn 0.51700741 -0.42450753 0.74330121
vn 0.24910955 0.13962828 0.95835721
vn -0.22431257 0.71702242 0.65997177
vn -0.48430309 0.87258053 0.06366918
vn 0.32607168 0.22673856 0.91775101
vn 0.48359162 -0.36511150 0.79550797
vn -0.04542134 0.78006291 0.62405026
vn -0.34764048 0.93762642 -0.00167134
vn 0.49510363 -0.30292511 0.81431490
vn 0.48414615 0.27585071 0.83036673
vn 0.23877944 0.80289578 0.54620779
vn -0.10588088 0.98570001 -0.13109057
vn 0.49814111 -0.25731781 0.82803559
vn 0.62093592 0.28860405 0.72879785
vn 0.52259648 0.74228668 0.41940856
vn 0.40298665 -0.21648030 0.88923466
vn 0.67995387 0.25082746 0.68901980
vn 0.17063379 0.95224708 -0.25319871
vn 0.01745318 0.95037180 -0.31062657
vn 0.11989823 0.94731432 -0.29701847
vn 0.22418325 0.93697494 -0.26799259
vn 0.22926818 0.93905765 -0.25613841
vn -0.67641455 0.63700926 -0.36970627
vn -0.72258234 0.58585423 -0.36694631
vn -0.50478834 0.57242686 -0.64615500
vn -0.54865825 0.52703738 -0.64900374
vn -0.70540577 0.60048473 -0.37659103
vn -0.51832044 0.55004251 -0.65482610
vn -0.67087054 0.63103259 -0.38952622
vn 0.55439991 -0.17874484 0.81282902
vn 0.54877067 -0.22012508 0.80647117
vn 0.41065550 -0.14503585 0.90018147
vn -0.63724214 0.65929127 -0.39907080
vn -0.59760034 0.68751281 -0.41255304
vn -0.47955862 0.58336842 -0.65551877
vn -0.43545774 0.61486536 -0.65750831
vn 0.55078346 -0.28334516 0.78508162
vn 0.39746124 -0.19117641 0.89748335
vn 0.53617537 -0.36464709 0.76128083
vn 0.37483275 -0.26130155 0.88950664
vn -0.38776535 0.64474577 -0.65874195
vn -0.23085842 0.44555375 -0.86497772
vn -0.18263231 0.48126480 -0.85733873
vn 0.15760431 0.35029870 -0.92328310
vn -0.13258359 0.51669109 -0.84584403
vn 0.18870802 0.38669118 -0.90269566
vn -0.09090113 0.54468638 -0.83369881
vn 0.20488900 0.42836332 -0.88007134
vn 0.21087146 -0.13798708 0.96772557
vn -0.03414015 -0.10659060 0.99371672
vn 0.17673416 -0.19045159 0.96565688
vn -0.08621444 -0.15756452 0.98373801
vn -0.35666797 -0.13154340 0.92492396
vn -0.44766971 -0.11742158 0.88645583
vn 0.49671385 -0.43640193 0.75021911
vn 0.31021234 -0.33745232 0.88876003
vn 0.42832646 -0.50792676 0.74735993
vn -0.36722028 -0.18608661 0.91132927
vn -0.31445315 -0.26574719 0.91131645
vn -0.21053879 -0.37488815 0.90284675
vn -0.44998679 -0.16468361 0.87771934
vn -0.43202329 -0.22669500 0.87290621
vn -0.38654780 -0.32646275 0.86255604
vn 0.58039892 0.27434161 -0.76672941
vn 0.61363089 0.21686396 -0.75922811
vn 0.44333524 0.31141704 -0.84051979
vn 0.41782880 0.35650375 -0.83565789
vn 0.39075404 0.42002118 -0.81908089
vn 0.54309171 0.34450975 -0.76574451
vn 0.74444985 0.13947333 -0.65294850
vn 0.71762282 0.19794528 -0.66770887
vn 0.67213047 0.27927649 -0.68574440
vn 0.44554684 0.26237226 -0.85594904
vn 0.63061863 0.16314015 -0.75875252
vn 0.20026734 0.46940517 -0.85997206
vn -0.05862663 0.57788968 -0.81400639
vn -0.34095424 0.68132395 -0.64772516
vn 0.16628595 0.54032707 -0.82486111
vn -0.53166503 0.72946894 -0.43035725
vn -0.45863664 0.76345128 -0.45474678
vn -0.41255102 0.76549816 -0.49377552
vn 0.11015078 0.59277737 -0.79779822
vn 0.34461749 -0.21796308 0.91308874
vn 0.14887887 -0.25113887 0.95643318
vn -0.06130007 -0.24337091 0.96799427
vn 0.47800258 0.80830789 -0.34373233
vn 0.75849742 0.16996434 0.62912142
vn 0.73533612 0.61888021 0.27616683
vn 0.87627703 0.46317503 0.13269325
vn 0.69719005 0.60551071 -0.38377449
vn 0.62746781 0.45856923 -0.62928414
vn 0.83454019 0.39782345 -0.38115501
vn 0.75877315 0.33433443 -0.55900258
vn -0.25573209 -0.11710507 0.95962888
vn 0.53901368 -0.09511998 0.83690888
vn 0.98682743 -0.01222072 0.16131407
vn -0.22251977 -0.15569501 0.96241581
vn 0.55511016 -0.08276484 0.82764894
vn 0.98818707 0.05310054 0.14375971
vn 0.95730519 0.04195544 -0.28601873
vn 0.84887236 0.08910192 -0.52103412
vn 0.95922118 0.11062191 -0.26011100
vn 0.82814062 0.15347646 -0.53909934
vn -0.18918014 -0.20066892 0.96121955
vn 0.60541779 -0.05829942 0.79376978
vn 0.98772812 0.12346607 0.09565210
vn 0.94446480 0.19151957 -0.26703307
vn 0.68425030 -0.00281193 0.72924185
vn 0.97644967 0.20907146 0.05324652
vn 0.80759990 0.23864932 -0.53928560
vn 0.90117025 0.28429782 -0.32721078
vn 0.74797469 0.06415118 0.66061985
vn 0.95039779 0.30670211 0.05174795
vn 0.17523247 0.93272889 -0.31513551
vn 0.44465017 0.83485788 -0.32449737
vn 0.47598958 0.84729874 -0.23562425
vn 0.49794427 0.84939051 -0.17489290
vn 0.74627256 0.61618745 -0.25177443
vn 0.75073993 0.62808365 -0.20469637
vn 0.51678038 0.84846735 -0.11419807
vn 0.75036746 0.64469695 -0.14599524
vn 0.74392182 0.66008252 -0.10426601
vn 0.52534479 0.84717381 -0.07943260
vn 0.52338988 0.84987241 -0.06148109
vn 0.73434269 0.67350405 -0.08445777
vn 0.72656929 0.68425059 -0.06243660
vn 0.51841277 0.85386336 -0.04653796
vn 0.71966738 0.69169515 -0.06030501
vn 0.69881606 0.70769739 -0.10402183
vn 0.66369236 0.72267175 -0.19302341
vn -0.68373263 -0.65227270 0.32718509
vn -0.50037211 -0.69819385 0.51200891
vn -0.67557257 -0.38582706 0.62828267
vn -0.84230143 -0.36639771 0.39532399
vn -0.90386158 -0.11184014 0.41294822
vn -0.74829495 -0.07350864 0.65928078
vn -0.19318676 -0.73093843 0.65452874
vn -0.26560396 -0.39293483 0.88037312
vn -0.32504687 -0.01822691 0.94552225
vn -0.88769937 -0.38581294 0.25127316
vn -0.72077185 -0.66613895 0.19169477
vn -0.46921161 -0.87526023 0.11730301
vn -0.18941168 -0.98009551 -0.05946640
vn -0.95698535 -0.12808403 0.26033348
vn -0.75262630 0.21494444 0.62237656
vn -0.90907288 0.11363409 0.40084136
vn -0.96677107 0.06127420 0.24819170
vn -0.71464956 0.44240215 0.54180843
vn -0.88345456 0.29668251 0.36261210
vn -0.94290769 0.23685694 0.23414497
vn -0.34416169 0.35129878 0.87071347
vn -0.34937397 0.59919530 0.72034919
vn 0.26916218 0.03382146 0.96250093
vn 0.20419955 0.39705452 0.89479065
vn -0.67039770 0.62880367 0.39391989
vn -0.39941847 0.74726373 0.53109491
vn -0.82971811 0.46981898 0.30139342
vn -0.46043307 -0.32924357 0.82437861
vn -0.67655444 -0.33536610 0.65559423
vn -0.59888053 -0.58942467 0.54214466
vn -0.39695728 -0.64618343 0.65182209
vn -0.43598908 -0.00779710 0.89991820
vn -0.67641991 -0.06915779 0.73326212
vn 0.11717203 -0.66722876 0.73557907
vn 0.12254548 -0.29575846 0.94736981
vn 0.08765803 0.08028486 0.99291009
vn -0.38812232 0.25727335 0.88496977
vn -0.67268801 0.15283795 0.72396928
vn 0.07880070 0.36192489 0.92887074
vn -0.37425846 0.49735120 0.78267002
vn 0.06242348 0.61146569 0.78880483
vn 0.28449187 -0.31275249 0.90622866
vn 0.14202869 -0.67858088 0.72066349
vn -0.25116026 -0.67813295 0.69069111
vn -0.28383887 -0.41669977 0.86359531
vn -0.29948655 -0.06417568 0.95193976
vn -0.22063781 -0.90706694 0.35853666
vn 0.04852942 -0.93014556 0.36397004
vn -0.26420629 0.31015539 0.91323531
vn -0.33911020 0.72848862 0.59523827
vn 0.62566614 -0.24498965 0.74062270
vn 0.59185570 -0.54718727 0.59185553
vn 0.57060993 0.09488206 0.81572163
vn 0.27050972 0.08361212 0.95907950
vn 0.15246655 -0.35575494 0.92205876
vn 0.17890704 -0.63511950 0.75140911
vn -0.28076443 -0.31251767 0.90747124
vn -0.28078812 0.04337383 0.95878923
vn 0.14577469 0.04164993 0.98844075
vn 0.15293856 -0.37454304 0.91450936
vn -0.26040131 -0.58713144 0.76646465
vn 0.13329904 -0.68009645 0.72090232
vn 0.50477070 0.36856276 0.78062028
vn 0.35109779 0.37127578 0.85958397
vn -0.27365330 0.31176946 0.90989769
vn 0.14453223 0.37628195 0.91516250
vn 0.74253839 0.00126503 0.66980237
vn 0.70159525 -0.37667254 0.60488176
vn 0.56151783 -0.69007033 0.45661879
vn 0.70298642 0.31828129 0.63600880
vn 0.17329945 0.65223587 0.73794025
vn 0.63212091 0.57874173 0.51524866
vn 0.07347383 -0.92716873 0.36736876
vn 0.01420470 -0.99716723 -0.07386419
vn 0.00656158 -0.99997848 0.00000004
vn -0.02434020 -0.99942505 -0.02360261
vn 0.74034131 -0.62870240 0.23796676
vn 0.18884172 0.85102183 0.49000090
vn 0.89003021 -0.32714620 0.31752416
vn 0.92988044 -0.02737620 0.36684179
vn 0.90446609 0.21623054 0.36767584
vn 0.68977898 -0.44501859 0.57110715
vn 0.69345093 -0.08202101 0.71582007
vn 0.68823332 0.28039137 0.66911554
vn 0.56989431 -0.72186607 0.39259377
vn 0.16981366 -0.73501384 0.65644348
vn 0.16122092 -0.42002255 0.89307833
vn 0.59371632 -0.47931996 0.64633840
vn 0.42530951 -0.76583493 0.48229527
vn 0.13977891 -0.05454776 0.98867911
vn 0.68266660 -0.11169150 0.72214353
vn 0.14400925 0.32102042 0.93605942
vn 0.68510646 0.27762488 0.67346394
vn 0.66309774 -0.71775430 0.21243870
vn 0.86901134 -0.43408903 0.23745744
vn 0.96440560 -0.12199436 0.23460452
vn 0.96205497 0.17815839 0.20666352
vn 0.84136873 0.43111458 0.32594329
vn 0.52221906 0.77516896 0.35552850
vn 0.57985502 0.60945719 0.54067552
vn 0.84769553 0.48654714 0.21138634
vn 0.67972285 0.71726793 0.15330906
vn -0.84874821 0.48448876 0.21188954
vn -0.62109530 0.75330865 0.21625601
vn -0.45442909 0.84421134 0.28425589
vn 0.02050957 0.83523291 0.54951388
vn -0.01522208 0.95418400 0.29883340
vn -0.05719042 0.99024111 0.12708974
vn 0.05195468 0.95178086 0.30234733
vn -0.00092037 0.98937041 0.14541440
vn 0.15511662 0.94717234 0.28071985
vn 0.10155796 0.98680520 0.12610112
vn 0.41188836 0.88741314 0.20699303
vn -0.08404808 -0.98875469 -0.12369340
vn 0.01267910 -0.98403782 -0.17750713
vn -0.02627854 -0.99394822 -0.10666003
vn 0.02485299 -0.99877810 -0.04271597
vn 0.01005367 -0.99987888 0.01188160
vn 0.03182071 -0.97848475 0.20385104
vn 0.17092831 -0.96640199 0.19196558
vn 0.14463010 -0.98510790 -0.09297645
vn 0.01236468 -0.98779869 -0.15524510
vn 0.11602621 -0.98199648 -0.14906673
vn -0.72472060 -0.68441081 0.07976229
vn -0.90548718 -0.41222325 0.10082253
vn -0.98442644 -0.13668406 0.11055338
vn -0.99326313 0.03098463 0.11166184
vn -0.38272145 -0.92278415 0.04465093
vn -0.91062784 -0.41064709 -0.04610760
vn -0.72305286 -0.69054633 -0.01844958
vn -0.29096180 -0.95672196 -0.00493148
vn -0.98570764 -0.16185008 -0.04674356
vn -0.99988806 -0.00815472 -0.01254552
vn -0.02694889 -0.99963683 0.00000005
vn -0.97219604 0.20079777 0.12047880
vn -0.87199003 0.46876910 0.14102811
vn -0.98831469 0.14659208 0.04177100
vn -0.90830183 0.40077645 0.11985849
vn -0.89421999 -0.39137384 -0.21724895
vn -0.70357037 -0.69072431 -0.16699903
vn -0.28147689 -0.95738590 -0.06467585
vn -0.95522571 -0.21667643 -0.20148246
vn -0.98563623 -0.10306866 -0.13378429
vn -0.36039421 -0.91726518 -0.16953117
vn -0.67205930 -0.65847319 -0.33874673
vn -0.81729019 -0.42115831 -0.39327157
vn -0.87887681 -0.30562237 -0.36629304
vn -0.55926096 -0.63563573 -0.53216010
vn -0.99968624 0.02466182 -0.00440377
vn -0.94713384 0.21338587 0.23959127
vn -0.91651428 -0.23980036 -0.32015210
vn -0.95379555 -0.14607686 -0.26255623
vn -0.94084048 0.05715097 0.33399543
vn -0.99812984 -0.03605363 0.04936582
vn -0.95996892 -0.13899896 -0.24318534
vn 0.00798225 -0.99677718 0.07982204
vn 0.03046010 -0.99947071 0.01142256
vn -0.65022844 -0.48961425 -0.58093107
vn -0.70800185 -0.40203649 -0.58060312
vn -0.30950287 -0.63611764 -0.70679724
vn -0.35832807 -0.54362780 -0.75899261
vn -0.39573100 -0.46754315 -0.79044318
vn -0.73892313 -0.35446274 -0.57301724
vn -0.41905630 -0.42457017 -0.80257833
vn -0.77486628 -0.28901458 -0.56218594
vn -0.78442353 -0.23483786 -0.57404780
vn -0.43902543 -0.38026574 -0.81403601
vn -0.45556989 -0.28930193 -0.84187913
vn -0.08347560 -0.46627745 -0.88069135
vn -0.08645803 -0.43349054 -0.89700115
vn -0.07788398 -0.38449571 -0.91983539
vn -0.08707847 -0.29237843 -0.95232987
vn -0.03654992 -0.84722632 -0.52997327
vn -0.06874561 -0.64345831 -0.76238805
vn -0.07995307 -0.54460740 -0.83487147
vn 0.12226486 -0.85075992 -0.51113510
vn 0.15431517 -0.65369660 -0.74085605
vn 0.17979150 -0.52734864 -0.83040863
vn 0.22096604 -0.40886611 -0.88543916
vn 0.25800931 -0.36966631 -0.89262426
vn 0.29677355 -0.31742662 -0.90064746
vn 0.31224161 -0.23529422 -0.92040306
vn 0.18174398 -0.97824591 -0.10002013
vn 0.14027627 -0.98628330 -0.08699299
vn 0.14158587 -0.98372662 -0.11061390
vn 0.33563289 -0.93133211 -0.14131910
vn 0.33231050 -0.92502159 -0.18413268
vn 0.36532789 -0.87816554 -0.30880550
vn 0.46579531 -0.88471806 -0.01757720
vn 0.75096250 -0.65955645 -0.03226098
vn 0.39747545 -0.90904099 -0.12513115
vn 0.92589056 -0.37473160 -0.04798834
vn 0.99254149 -0.10843882 -0.05570097
vn 0.99117029 0.12344250 -0.04840894
vn 0.71792257 -0.66603476 -0.20244744
vn 0.89488357 -0.39564678 -0.20651169
vn 0.97376353 -0.11716107 -0.19508442
vn 0.97560048 0.11875397 -0.18466534
vn 0.87735295 0.39638332 -0.27042985
vn 0.74709660 0.64580643 -0.15741947
vn 0.65735298 -0.70598769 -0.26356879
vn 0.60528475 -0.71705604 -0.34563139
vn 0.54457110 -0.67583585 -0.49667731
vn 0.83978593 -0.43299413 -0.32752970
vn 0.77656364 -0.43093401 -0.45961398
vn 0.92638928 -0.12891318 -0.35381389
vn 0.93393034 0.13186917 -0.33224186
vn 0.85688990 -0.13897151 -0.49641371
vn 0.87655407 0.12806997 -0.46395159
vn 0.83977538 0.40120420 -0.36580396
vn 0.73254657 0.64731771 -0.21060726
vn 0.29013416 -0.85664123 -0.42660046
vn 0.40242365 -0.65851152 -0.63593853
vn 0.47804108 -0.47930583 -0.73603171
vn 0.66038531 -0.43400875 -0.61280310
vn 0.56020558 -0.28375411 -0.77823746
vn 0.74252808 -0.18789585 -0.64292085
vn 0.61844379 -0.20368254 -0.75897360
vn 0.81363100 0.00246556 -0.58137649
vn 0.66477031 -0.16433018 -0.72874963
vn 0.67506438 -0.12132391 -0.72771460
vn 0.86862308 -0.00337047 -0.49546200
vn 0.88473105 -0.00767772 -0.46603867
vn 0.96550238 0.19186072 0.17605294
vn 0.97685432 0.08630493 -0.19572207
vn -0.78287065 0.13474780 0.60741800
vn -0.52309531 0.19494502 0.82967931
vn -0.10026369 0.94971991 0.29661337
vn -0.14480741 0.67438918 0.72403741
vn -0.17126921 0.23350236 0.95715386
vn -0.78564674 0.04377890 0.61712450
vn -0.53353667 0.08897224 0.84108418
vn -0.19578780 0.11935738 0.97335559
vn -0.56475544 0.01303516 0.82515550
vn -0.23891041 0.04298983 0.97008955
vn 0.01651093 0.96398461 0.26544499
vn 0.10902482 0.69485116 0.71084136
vn 0.15437970 0.25480646 0.95458925
vn 0.16026740 0.14474595 0.97640312
vn 0.13034193 0.97419369 0.18427648
vn 0.31176019 0.69413263 0.64883399
vn 0.38743478 0.27780214 0.87904507
vn 0.41772279 0.17655976 0.89125437
vn 0.15234444 0.07062569 0.98580080
vn 0.46199784 0.10111526 0.88109803
vn -0.61360103 -0.04077494 0.78856283
vn -0.29147625 -0.02993085 0.95610970
vn -0.35153124 -0.16357075 0.92177570
vn 0.12750636 -0.00683595 0.99181420
vn 0.49032342 0.02330961 0.87122881
vn 0.08884195 -0.17460075 0.98062313
vn 0.49955449 -0.15162270 0.85291022
vn 0.69877172 0.13421898 0.70264035
vn 0.74618948 0.06131748 0.66290385
vn 0.78555423 -0.09658810 0.61120802
vn -0.78572649 -0.19349401 -0.58753210
vn -0.46908814 -0.23550496 -0.85117197
vn -0.10797601 -0.24324431 -0.96393645
vn -0.49423647 -0.19929521 -0.84617478
vn -0.13983235 -0.21062599 -0.96751416
vn 0.30435991 -0.20715137 -0.92975986
vn -0.51371467 -0.20185354 -0.83387798
vn 0.32279462 0.94394261 0.06910999
vn 0.33126903 0.93928152 0.08950429
vn 0.56537473 0.65357316 0.50318342
vn 0.64303839 0.28964916 0.70894641
vn 0.66280884 0.20137110 0.72120327
vn 0.78687030 0.55097425 0.27796140
vn 0.83646518 0.26359057 0.48046437
vn 0.84541959 0.19831762 0.49591917
vn 0.96734512 0.15334789 0.20181139
vn 0.86876315 0.15302803 0.47099158
vn 0.96916777 0.13405225 0.20674580
vn 0.89544672 0.08803200 0.43637779
vn 0.97584486 0.08262213 0.20223899
vn 0.92017263 -0.04353775 0.38908461
vn 0.98662198 -0.00368888 0.16298364
vn 0.67263907 -0.12304376 -0.72966909
vn 0.88741422 -0.03114481 -0.45991963
vn 0.98176700 0.05462147 -0.18207157
vn 0.98697656 0.05393045 -0.15155460
vn 0.88724130 -0.03260916 -0.46015185
vn 0.66248500 -0.11375792 -0.74038696
vn 0.27799490 -0.18410540 -0.94277465
vn 0.99140346 0.03892894 -0.12491482
vn 0.99024266 0.01771250 -0.13822357
vn 0.88784570 -0.02413169 -0.45950806
vn 0.65745735 -0.09057107 -0.74802858
vn 0.88795596 0.00957325 -0.45982888
vn 0.66744584 -0.01647465 -0.74447614
vn -0.15796676 -0.20154983 -0.96665621
vn 0.27790979 -0.16056599 -0.94709277
vn 0.33220097 -0.06057699 -0.94126135
vn -0.65154070 -0.58354062 0.48474234
vn -0.39232522 -0.76024693 0.51778913
vn 0.18620174 -0.85601449 0.48225319
vn -0.39078501 -0.71673870 0.57755756
vn -0.40709159 -0.59770882 0.69066685
vn 0.03288238 -0.82097280 0.57001972
vn 0.43218881 -0.76525301 0.47707522
vn 0.49750870 -0.77234626 0.39492589
vn -0.02332833 -0.69592911 0.71773148
vn 0.42017138 -0.67418206 0.60739982
vn 0.71307987 -0.61965489 0.32794040
vn 0.72673261 -0.63448298 0.26323214
vn 0.87107849 -0.47855014 0.11050827
vn 0.90497112 -0.41709736 0.08400743
vn 0.88071531 -0.44910115 0.15049516
vn 0.74131721 -0.53956735 0.39914390
vn 0.90726066 -0.37400854 0.19234280
vn 0.95582795 -0.29344323 -0.01685775
vn 0.94850242 -0.31363916 -0.04442576
vn 0.96621329 -0.23727539 -0.10066033
vn 0.97315657 -0.18140590 -0.14162706
vn 0.97346419 -0.12719433 -0.19023436
vn 0.96925509 -0.13350698 -0.20668948
vn 0.96417159 -0.09108011 -0.24915385
vn -0.40381086 -0.41285154 0.81638861
vn 0.01732128 -0.47383609 0.88044268
vn 0.46721467 -0.45308939 0.75922358
vn 0.78828198 -0.34408045 0.51011795
vn -0.35990921 0.57983184 -0.73093128
vn -0.32602140 0.50568676 -0.79874349
vn 0.92981106 -0.22162156 0.29382905
vn 0.99220073 -0.09939496 0.07522202
vn 0.97803813 -0.20841652 -0.00203544
vn 0.97802174 -0.05915993 -0.19993392
vn 0.89234531 0.11351031 -0.43684721
vn 0.91000044 0.08935582 -0.40486410
vn 0.92097443 0.02759247 -0.38864481
vn 0.98425168 0.00357048 -0.17673698
vn 0.88659668 0.07398152 -0.45658857
vn 0.67799938 0.12119531 -0.72500253
vn 0.69177520 0.28752738 -0.66240102
vn 0.72245121 0.30360779 -0.62119764
vn 0.42042148 0.47222140 -0.77475977
vn 0.41882131 0.41512927 -0.80762392
vn 0.39225769 0.14308307 -0.90865910
vn 0.77254808 0.15557915 -0.61560106
vn -0.40947440 0.15212236 -0.89954972
vn -0.40498623 0.02079755 -0.91408622
vn -0.39248797 -0.15614505 -0.90640604
vn -0.40860873 0.31913972 -0.85509574
vn 0.07499495 0.56861651 -0.81917715
vn 0.06349874 0.31885630 -0.94567370
vn 0.06423667 0.14535794 -0.98729169
vn 0.11289018 0.49362543 -0.86231661
vn 0.47653630 0.25789028 -0.84047949
vn 0.54234278 0.11718544 -0.83194476
vn 0.05733234 0.00211848 -0.99835289
vn 0.05769375 -0.17352097 -0.98313880
vn 0.60278702 -0.01188595 -0.79781371
vn 0.62625235 -0.14321883 -0.76635277
vn 0.91841662 0.01045281 -0.39547652
vn 0.90855002 -0.04321727 -0.41553470
vn 0.95248288 -0.09715222 -0.28868288
vn 0.80095822 0.08091137 -0.59322786
vn 0.81710082 -0.01280210 -0.57635266
vn 0.81807804 -0.11708186 -0.56306320
vn 0.89861810 -0.11011398 -0.42468864
vn 0.94770449 -0.11394484 -0.29811567
vn 0.10328551 -0.21842155 -0.97037321
vn 0.17474079 -0.15687220 -0.97203743
vn 0.64099878 -0.09887195 -0.76114720
vn 0.22562023 -0.05289026 -0.97277856
vn 0.64961839 -0.00651182 -0.76023257
vn 0.63974983 0.08981120 -0.76331782
vn 0.82532132 -0.05799628 -0.56167716
vn 0.90560937 -0.04855950 -0.42132369
vn 0.95692253 -0.04936421 -0.28611645
vn 0.82122624 0.03733931 -0.56937975
vn 0.90352303 0.04803416 -0.42583928
vn 0.80221754 0.12315566 -0.58419150
vn 0.88920075 0.12957764 -0.43878436
vn 0.58480614 0.24862124 -0.77213293
vn 0.51510906 0.40089229 -0.75759357
vn 0.74205363 0.28909835 -0.60479629
vn 0.65214086 0.46739718 -0.59686869
vn 0.83760428 0.29378971 -0.46055040
vn 0.95727867 0.04366408 -0.28585163
vn 0.94672233 0.12406101 -0.29719642
vn 0.90663326 0.28034541 -0.31531349
vn 0.79861706 0.50621462 -0.32551128
vn 0.73291475 0.49679327 -0.46479288
vn 0.63031852 0.71381986 -0.30522087
vn 0.60133278 0.67747110 -0.42359397

# Mesh 'f3c75c43_d767_4024_b936_5224de021dc4' with 414 faces
g f3c75c43_d767_4024_b936_5224de021dc4
usemtl f3c75c43_d767_4024_b936_5224de021dc4
f  1//1 2//2 3//3
f  4//4 3//3 2//2
f  3//3 4//4 5//5
f  6//5 7//6 8//7
f  6//5 9//8 7//6
f  10//9 11//5 6//5
f  10//9 12//5 11//5
f  13//10 14//11 12//5
f  15//12 16//13 17//14
f  16//13 18//15 17//14
f  19//16 20//17 21//18
f  22//19 23//20 24//21
f  23//20 22//19 25//22
f  26//23 25//22 22//19
f  27//24 28//25 26//23
f  27//24 29//26 30//27
f  31//28 28//25 32//29
f  33//30 34//31 35//32
f  10//9 36//33 37//34
f  37//34 36//33 38//35
f  36//33 39//36 40//37
f  4//4 36//33 5//5
f  4//4 39//36 36//33
f  38//35 36//33 40//37
f  10//9 5//5 36//33
f  38//35 40//37 41//38
f  41//38 42//39 38//35
f  10//9 43//5 5//5
f  10//9 6//5 43//5
f  12//5 10//9 44//40
f  10//9 45//41 44//40
f  46//42 47//43 48//44
f  46//42 49//45 47//43
f  50//46 51//47 34//31
f  34//31 51//47 52//48
f  49//45 46//42 53//49
f  46//42 54//50 53//49
f  49//45 53//49 55//51
f  44//40 13//10 12//5
f  44//40 56//52 13//10
f  57//53 44//40 45//41
f  58//54 44//40 59//55
f  58//54 56//52 44//40
f  57//53 59//55 44//40
f  60//56 55//51 53//49
f  60//56 53//49 54//50
f  61//57 62//58 63//59
f  64//60 65//61 66//62
f  66//62 67//63 64//60
f  68//64 64//60 67//63
f  64//60 68//64 61//57
f  69//65 70//66 71//67
f  72//68 73//69 74//70
f  69//65 71//67 75//71
f  59//55 57//53 76//72
f  77//73 78//74 79//75
f  77//73 79//75 80//76
f  81//77 82//78 83//79
f  82//78 84//80 83//79
f  85//81 83//79 84//80
f  84//80 86//82 85//81
f  87//83 88//84 89//85
f  90//86 91//87 92//88
f  93//89 94//90 95//91
f  96//92 97//93 98//94
f  99//95 100//96 101//97
f  101//97 102//98 103//99
f  104//100 105//101 106//102
f  107//103 108//104 109//105
f  110//106 107//103 109//105
f  111//107 112//108 113//109
f  114//110 115//111 116//112
f  117//113 118//114 119//115
f  120//116 121//117 122//118
f  123//119 124//120 125//121
f  126//122 127//123 124//120
f  128//124 129//125 130//126
f  131//127 132//128 133//129
f  133//129 132//128 134//130
f  135//131 136//132 137//133
f  138//134 136//132 135//131
f  139//135 136//132 140//136
f  137//133 136//132 139//135
f  139//135 140//136 141//137
f  142//138 141//137 140//136
f  143//139 142//138 140//136
f  140//136 144//140 143//139
f  145//141 146//142 147//143
f  148//144 149//145 150//146
f  151//147 152//148 153//149
f  153//149 154//150 151//147
f  142//138 155//151 156//152
f  155//151 142//138 143//139
f  157//153 158//154 159//155
f  160//156 161//157 159//155
f  162//158 163//159 164//160
f  165//161 162//158 164//160
f  164//160 166//162 165//161
f  162//158 165//161 167//163
f  168//164 169//165 170//166
f  171//167 172//168 173//169
f  174//170 175//171 176//172
f  177//173 178//174 179//175
f  180//176 179//175 178//174
f  181//177 182//178 183//179
f  184//180 185//181 186//182
f  187//183 188//184 189//185
f  190//186 191//187 192//188
f  193//189 194//190 195//191
f  196//192 195//191 197//193
f  198//194 199//195 200//196
f  201//197 198//194 202//198
f  198//194 203//199 202//198
f  204//200 205//201 206//202
f  207//203 208//204 209//205
f  210//206 211//207 208//204
f  208//204 207//203 210//206
f  212//208 207//203 213//209
f  207//203 214//210 210//206
f  211//207 210//206 215//211
f  212//208 216//212 217//213
f  218//214 219//215 220//216
f  214//210 217//213 221//217
f  205//201 201//197 202//198
f  201//197 222//218 223//219
f  224//220 225//221 226//222
f  224//220 227//223 225//221
f  228//224 229//225 230//226
f  231//227 232//228 233//229
f  233//229 234//230 231//227
f  226//222 235//231 236//232
f  226//222 237//233 224//220
f  236//232 237//233 226//222
f  238//234 239//235 240//236
f  232//228 241//237 233//229
f  242//238 243//239 244//240
f  245//241 238//234 246//242
f  242//238 247//243 243//239
f  248//244 249//245 250//246
f  251//247 252//248 253//249
f  254//250 255//251 252//248
f  255//251 256//252 257//253
f  255//251 258//254 256//252
f  259//255 260//256 261//257
f  261//257 260//256 262//258
f  263//259 256//252 262//258
f  261//257 262//258 256//252
f  256//252 258//254 261//257
f  264//260 265//261 266//262
f  267//263 250//246 249//245
f  261//257 268//264 259//255
f  261//257 269//265 268//264
f  261//257 258//254 270//266
f  258//254 271//267 270//266
f  271//267 258//254 272//268
f  272//268 273//269 271//267
f  274//270 272//268 258//254
f  275//271 276//272 277//273
f  278//274 279//275 280//276
f  279//275 275//271 277//273
f  279//275 277//273 280//276
f  281//277 282//278 283//279
f  284//280 285//281 286//282
f  287//283 288//284 289//285
f  290//286 291//287 292//288
f  291//287 293//289 292//288
f  294//290 295//291 296//292
f  297//293 295//291 294//290
f  295//291 298//294 299//295
f  300//296 298//294 295//291
f  297//293 301//5 295//291
f  296//292 302//297 303//298
f  297//293 304//5 301//5
f  297//293 305//5 304//5
f  297//293 306//5 305//5
f  306//5 297//293 307//5
f  297//293 308//299 309//300
f  309//300 307//5 297//293
f  310//301 311//302 312//303
f  313//304 314//305 315//306
f  316//307 315//306 317//308
f  315//306 318//309 317//308
f  311//302 319//310 320//311
f  321//312 320//311 319//310
f  322//313 321//312 319//310
f  319//310 323//314 322//313
f  305//5 324//315 325//316
f  324//315 305//5 326//317
f  289//285 307//5 327//318
f  289//285 327//318 287//283
f  309//300 327//318 307//5
f  309//300 328//319 327//318
f  328//319 309//300 329//320
f  330//321 329//320 309//300
f  331//322 330//321 309//300
f  331//322 332//323 333//324
f  334//325 335//326 336//327
f  335//326 337//328 336//327
f  338//329 339//330 340//331
f  341//332 342//333 340//331
f  341//332 343//334 342//333
f  343//334 341//332 344//335
f  345//336 317//308 346//337
f  345//336 346//337 347//338
f  348//339 349//340 350//341
f  351//342 352//343 353//344
f  354//345 352//343 351//342
f  351//342 353//344 355//346
f  341//332 340//331 339//330
f  356//347 357//348 358//349
f  359//350 360//351 361//352
f  362//353 363//354 364//355
f  365//356 366//357 367//358
f  368//359 369//360 370//361
f  371//362 370//361 369//360
f  372//363 371//362 369//360
f  370//361 373//364 374//365
f  373//364 370//361 371//362
f  371//362 375//366 373//364
f  376//367 377//368 378//369
f  379//370 380//371 381//372
f  382//373 383//374 384//375
f  385//376 383//374 386//377
f  383//374 385//376 384//375
f  387//378 388//379 389//380
f  390//381 391//382 392//383
f  391//382 393//384 394//385
f  395//386 394//385 393//384
f  396//387 394//385 397//388
f  394//385 398//389 397//388
f  395//386 399//5 394//385
f  400//390 401//391 402//392
f  386//377 403//393 385//376
f  404//394 405//395 406//396
f  401//391 407//397 408//398
f  409//399 408//398 407//397
f  410//400 411//401 408//398
f  408//398 409//399 410//400
f  405//395 412//402 406//396
f  413//403 414//404 415//405
f  416//406 417//407 418//408
f  395//386 419//5 399//5
f  395//386 420//5 419//5
f  420//5 421//409 422//410
f  421//409 420//5 423//411
f  424//412 425//413 426//414
f  427//415 424//412 426//414
f  428//416 395//386 429//417
f  420//5 395//386 430//5
f  431//5 430//5 395//386
f  428//416 431//5 395//386
f  432//418 428//416 429//417
f  431//5 428//416 433//419
f  434//420 433//419 428//416
f  435//421 434//420 428//416
f  436//422 432//418 437//423
f  438//424 439//425 440//426
f  433//419 441//427 431//5
f  442//428 443//429 444//430
f  444//430 445//431 438//424
f  446//432 447//433 448//434
f  447//433 449//435 448//434
f  450//436 451//437 448//434
f  452//438 453//439 454//440
f  455//441 456//442 457//443
f  457//443 458//444 455//441
f  459//445 460//446 461//447
f  462//448 463//449 464//450
f  465//451 466//452 467//453
f  468//454 455//441 458//444
f  468//454 469//455 467//453
f  469//455 470//456 471//457
f  472//458 473//459 474//460
f  473//459 475//461 474//460
f  476//462 477//463 478//464
f  476//462 479//465 477//463
f  480//466 481//467 482//468
f  483//469 484//470 485//471
f  485//471 486//472 483//469
f  485//471 487//473 486//472
f  487//473 485//471 488//474
f  489//475 490//476 491//477
f  492//478 493//479 494//480
f  495//481 496//482 497//483
f  498//484 153//149 152//148
f  499//485 500//486 501//487
f  502//488 503//489 504//490
f  505//491 506//492 504//490
f  507//493 508//494 509//495
f  508//494 510//496 511//497
f  512//498 173//169 172//168
f  513//499 514//500 515//501
f  514//500 513//499 516//502
f  517//503 518//504 519//505
f  520//506 521//507 522//508
f  523//509 524//510 525//511
f  526//512 527//513 528//514
f  529//515 530//516 531//517
f  179//175 180//176 532//518
f  533//519 534//520 535//521
f  521//507 524//510 523//509
f  523//509 522//508 521//507
f  523//509 536//522 522//508
f  526//512 537//523 538//524
f  539//525 540//526 530//516
f  534//520 541//527 535//521
f  530//516 529//515 539//525
f  542//528 543//529 544//530
f  545//531 546//532 547//533
f  548//534 549//535 544//530
f  550//536 551//537 509//495
f  550//536 511//497 552//538
f  511//497 553//539 554//540
f  554//540 552//538 511//497
f  555//541 556//542 557//543
f  558//544 552//538 559//545
f  552//538 554//540 559//545
f  560//546 561//547 562//548
f  563//549 564//550 561//547
f  565//551 564//550 566//552
f  564//550 563//549 567//553
f  563//549 568//554 567//553
f  569//555 570//556 567//553
f  571//557 572//558 573//559
f  574//560 575//561 576//562
f  577//563 578//564 576//562
f  579//565 580//566 581//567
f  582//568 583//569 584//570
f  585//571 586//572 587//573
f  588//574 589//575 590//576
f  488//474 591//577 487//473
f  592//578 593//579 594//580
f  595//581 596//582 597//583
f  597//583 598//584 595//581
f  599//585 600//586 601//587
f  602//588 588//574 590//576
f  603//589 604//590 590//576
f  590//576 604//590 602//588
f  605//591 604//590 603//589
f  595//581 606//592 596//582
f  607//593 608//594 609//595
f  608//594 607//593 610//596
f  611//597 599//585 612//598
f  613//599 614//600 615//601
f  616//602 613//599 617//603
f  618//604 616//602 617//603
f  618//604 619//605 620//606
f  618//604 621//607 619//605
f  621//607 618//604 622//608
f  623//609 624//610 625//611
f  626//612 627//613 623//609
f  617//603 628//614 618//604
f  629//615 630//616 631//617
f  632//618 633//619 634//620
f  633//619 635//621 634//620
f  636//622 634//620 635//621
f  637//623 618//604 628//614
f  638//624 637//623 628//614
f  618//604 637//623 622//608
f  639//625 636//622 635//621
f  640//626 641//627 642//628
f  643//629 644//630 645//631
f  643//629 645//631 646//632
f  647//633 648//634 649//635
f  650//636 648//634 651//637
f  652//638 653//639 654//640
f  651//637 655//641 650//636
f  651//637 656//642 655//641
f  657//643 656//642 651//637
f  658//5 651//637 659//644
f  660//645 659//644 651//637
f  659//644 661//5 658//5
f  662//5 661//5 659//644
f  662//5 659//644 663//5
f  664//646 663//5 659//644
f  665//647 664//646 659//644
f  659//644 666//648 665//647
f  654//640 653//639 667//649
f  668//650 669//651 670//652
f  662//5 671//653 672//654
f  671//653 662//5 673//655
f  674//656 664//646 675//657
f  665//647 675//657 664//646
f  676//658 665//647 666//648
f  675//657 665//647 677//659
f  678//660 677//659 665//647
f  679//661 678//660 665//647
f  676//658 679//661 665//647
f  670//652 680//662 668//650
f  676//658 681//663 679//661
f  682//664 683//665 684//666
f  685//667 684//666 686//668
f  684//666 687//669 686//668
f  688//670 689//671 690//672
f  691//673 692//674 693//675
f  691//673 694//676 692//674
f  693//675 695//677 691//673
f  696//678 697//679 698//680
f  695//677 693//675 699//681
f  700//682 693//675 692//674
f  701//683 702//684 703//685
f  704//686 701//683 703//685
f  705//687 706//688 707//689
f  706//688 705//687 708//690
f  702//684 701//683 709//691
f  710//692 711//693 712//694
f  697//679 696//678 710//692
f  713//695 714//696 715//697
f  716//698 717//699 718//700
f  704//686 719//701 701//683
f  701//683 719//701 709//691
f  720//702 721//703 686//668
f  721//703 720//702 722//704
f  723//705 724//706 725//707

# Mesh 'f3c75c43_d767_4024_b936_5224de021dc4' with 4791 faces
g f3c75c43_d767_4024_b936_5224de021dc4
usemtl f3c75c43_d767_4024_b936_5224de021dc4
f  726//708 727//709 728//1 729//710
f  728//1 727//709 730//711 731//2
f  732//712 729//710 728//1 733//3
f  734//713 735//714 727//709 726//708
f  727//709 735//714 736//715 730//711
f  737//716 738//717 735//714 734//713
f  735//714 738//717 739//718 736//715
f  740//48 739//718 738//717 741//719
f  738//717 737//716 742//720 741//719
f  729//710 743//721 744//722 726//708
f  745//7 743//721 729//710 732//712
f  743//721 746//723 747//724 744//722
f  748//6 746//723 743//721 745//7
f  749//725 747//724 746//723 750//726
f  751//8 750//726 746//723 748//6
f  726//708 744//722 752//727 734//713
f  744//722 747//724 753//728 752//727
f  747//724 749//725 754//729 753//728
f  755//730 756//731 750//726 751//8
f  750//726 756//731 757//732 749//725
f  758//733 757//732 756//731 759//734
f  756//731 755//730 760//11 759//734
f  755//730 751//8 761//5 762//5
f  755//730 762//5 763//5 760//11
f  749//725 757//732 764//735 754//729
f  765//736 764//735 757//732 758//733
f  734//713 752//727 766//737 737//716
f  752//727 753//728 767//738 766//737
f  768//739 767//738 753//728 754//729
f  737//716 766//737 769//12 742//720
f  766//737 767//738 770//13 769//12
f  767//738 768//739 771//15 770//13
f  754//729 764//735 772//740 768//739
f  773//741 772//740 764//735 765//736
f  768//739 772//740 774//742 771//15
f  772//740 773//741 775//743 774//742
f  759//734 760//11 776//10 777//744
f  778//745 758//733 759//734 777//744
f  779//746 765//736 758//733 778//745
f  780//747 773//741 765//736 779//746
f  773//741 780//747 781//74 775//743
f  782//748 783//749 784//750 785//751
f  782//748 786//752 787//753 783//749
f  788//754 789//755 782//748 785//751
f  790//756 786//752 782//748 789//755
f  786//752 791//757 792//758 787//753
f  793//759 791//757 786//752 790//756
f  794//17 792//758 791//757 795//18
f  796//760 795//18 791//757 793//759
f  784//750 783//749 797//761 798//762
f  799//39 785//751 784//750 800//763
f  784//750 798//762 801//764 800//763
f  802//765 797//761 783//749 787//753
f  798//762 797//761 803//766 804//767
f  798//762 804//767 805//768 801//764
f  797//761 802//765 806//769 803//766
f  787//753 792//758 807//20 802//765
f  792//758 794//17 808//21 807//20
f  809//30 810//16 795//18 796//760
f  811//22 806//769 802//765 807//20
f  812//770 808//21 794//17 810//16
f  813//26 814//19 808//21 812//770
f  804//767 803//766 815//771 816//772
f  817//773 805//768 804//767 816//772
f  803//766 806//769 818//774 815//771
f  806//769 811//22 819//28 818//774
f  820//24 821//23 814//19 813//26
f  811//22 821//23 822//25 819//28
f  815//771 818//774 823//775 824//776
f  825//777 816//772 815//771 824//776
f  818//774 819//28 826//778 823//775
f  827//779 826//778 819//28 828//29
f  822//25 820//24 829//780 828//29
f  830//781 824//776 823//775 831//782
f  823//775 826//778 832//783 831//782
f  833//784 832//783 826//778 827//779
f  810//16 809//30 834//32 812//770
f  835//785 829//780 820//24 836//27
f  837//786 828//29 829//780 838//787
f  829//780 835//785 839//788 838//787
f  828//29 837//786 840//789 827//779
f  837//786 841//790 842//791 840//789
f  837//786 838//787 843//792 841//790
f  841//790 844//793 845//794 842//791
f  846//795 844//793 841//790 843//792
f  847//796 845//794 844//793 848//797
f  844//793 846//795 849//798 848//797
f  850//799 840//789 842//791 851//800
f  842//791 845//794 852//801 851//800
f  853//802 852//801 845//794 847//796
f  854//803 855//804 856//34 857//35
f  856//34 855//804 858//805 859//9
f  855//804 854//803 860//44 861//43
f  855//804 861//43 862//806 858//805
f  863//807 864//808 789//755 788//754
f  865//809 864//808 863//807 866//810
f  863//807 788//754 867//38 868//37
f  863//807 868//37 869//36 866//810
f  789//755 864//808 870//811 790//756
f  864//808 865//809 871//812 870//811
f  731//2 730//711 865//809 866//810
f  865//809 730//711 736//715 871//812
f  867//38 788//754 785//751 799//39
f  731//2 866//810 869//36 872//4
f  873//5 732//712 733//3 874//5
f  790//756 870//811 875//813 793//759
f  870//811 871//812 876//814 875//813
f  876//814 871//812 736//715 739//718
f  793//759 875//813 877//46 796//760
f  875//813 876//814 878//47 877//46
f  876//814 739//718 740//48 878//47
f  809//30 796//760 877//46 879//31
f  740//48 741//719 880//815 879//31
f  799//39 800//763 854//803 857//35
f  860//44 854//803 800//763 801//764
f  881//42 860//44 801//764 805//768
f  861//43 882//45 883//816 862//806
f  761//5 745//7 732//712 873//5
f  859//9 858//805 884//817 885//41
f  886//818 883//816 882//45 887//51
f  858//805 862//806 888//59 884//817
f  862//806 883//816 889//61 888//59
f  883//816 886//818 890//62 889//61
f  890//62 886//818 891//819 892//63
f  891//819 893//820 894//821 892//63
f  891//819 886//818 887//51 895//56
f  896//822 893//820 891//819 895//56
f  897//823 894//821 893//820 898//824
f  899//66 898//824 893//820 896//822
f  892//63 894//821 900//825 901//64
f  894//821 897//823 902//70 900//825
f  898//824 899//66 903//65 904//826
f  905//827 897//823 898//824 904//826
f  906//68 902//70 897//823 905//827
f  907//50 881//42 805//768 817//773
f  908//828 817//773 816//772 825//777
f  909//829 907//50 817//773 908//828
f  896//822 895//56 907//50 909//829
f  908//828 825//777 910//830 911//71
f  912//67 909//829 908//828 911//71
f  825//777 824//776 830//781 910//830
f  899//66 896//822 909//829 912//67
f  911//71 910//830 913//831 903//65
f  910//830 830//781 914//832 913//831
f  885//41 884//817 915//833 916//53
f  884//817 888//59 917//58 915//833
f  918//834 777//744 776//10 919//52
f  918//834 919//52 920//54 921//835
f  922//836 921//835 920//54 923//55
f  777//744 918//834 924//837 778//745
f  918//834 921//835 925//838 924//837
f  778//745 924//837 926//839 779//746
f  921//835 922//836 927//840 925//838
f  922//836 923//55 928//72 929//841
f  930//842 927//840 922//836 929//841
f  924//837 925//838 931//843 926//839
f  932//844 931//843 925//838 927//840
f  933//845 928//72 916//53 915//833
f  934//846 929//841 928//72 933//845
f  779//746 926//839 935//847 780//747
f  926//839 931//843 936//848 935//847
f  937//849 936//848 931//843 932//844
f  780//747 935//847 938//75 781//74
f  935//847 936//848 939//76 938//75
f  940//850 939//76 936//848 937//849
f  939//76 940//850 941//851 942//73
f  888//59 889//61 943//60 944//57
f  915//833 917//58 945//852 933//845
f  946//853 945//852 917//58 944//57
f  927//840 930//842 947//854 932//844
f  948//855 930//842 929//841 934//846
f  949//856 947//854 930//842 948//855
f  932//844 947//854 950//857 937//849
f  951//858 950//857 947//854 949//856
f  937//849 950//857 952//77 940//850
f  953//78 952//77 950//857 951//858
f  940//850 952//77 954//79 941//851
f  955//859 934//846 933//845 945//852
f  956//860 948//855 934//846 955//859
f  957//861 949//856 948//855 956//860
f  958//862 955//859 945//852 946//853
f  959//863 956//860 955//859 958//862
f  949//856 957//861 960//864 951//858
f  961//865 957//861 956//860 959//863
f  962//866 960//864 957//861 961//865
f  953//78 951//858 960//864 963//80
f  964//82 963//80 960//864 962//866
f  965//867 966//868 901//64 900//825
f  946//853 944//57 901//64 966//868
f  966//868 965//867 967//869 968//870
f  958//862 946//853 966//868 968//870
f  965//867 900//825 902//70 969//69
f  967//869 965//867 969//69 970//871
f  971//872 970//871 969//69 906//68
f  972//873 967//869 970//871 973//874
f  970//871 971//872 974//875 973//874
f  975//876 968//870 967//869 972//873
f  975//876 959//863 958//862 968//870
f  976//877 961//865 959//863 975//876
f  977//84 962//866 961//865 976//877
f  978//83 964//82 962//866 977//84
f  979//81 964//82 978//83 980//878
f  981//879 980//878 978//83 982//85
f  975//876 972//873 983//880 976//877
f  972//873 973//874 984//881 983//880
f  985//882 977//84 976//877 983//880
f  977//84 985//882 986//883 982//85
f  987//884 985//882 983//880 984//881
f  988//885 986//883 985//882 987//884
f  989//886 982//85 986//883 990//887
f  986//883 988//885 991//888 990//887
f  992//889 880//815 741//719 742//720
f  834//32 879//31 880//815 993//88
f  994//86 993//88 880//815 992//889
f  836//27 813//26 812//770 834//32
f  995//87 836//27 834//32 993//88
f  995//87 994//86 996//89 997//91
f  995//87 997//91 998//890 999//891
f  835//785 836//27 995//87 999//891
f  742//720 769//12 1000//14 992//889
f  1001//892 1000//14 771//15 774//742
f  992//889 1000//14 996//89 994//86
f  1000//14 1001//892 1002//90 996//89
f  1003//893 1001//892 774//742 775//743
f  1004//94 1002//90 1001//892 1003//893
f  1005//93 997//91 1002//90 1004//94
f  1006//894 998//890 997//91 1005//93
f  1007//895 999//891 998//890 1008//896
f  1009//897 1008//896 998//890 1006//894
f  835//785 999//891 1007//895 839//788
f  843//792 838//787 839//788 1010//898
f  839//788 1007//895 1011//899 1010//898
f  1007//895 1008//896 1012//900 1011//899
f  1013//901 1012//900 1008//896 1009//897
f  846//795 843//792 1010//898 1014//902
f  1015//903 1014//902 1010//898 1011//899
f  1014//902 1015//903 1016//904 1017//905
f  849//798 846//795 1014//902 1017//905
f  1011//899 1012//900 1018//906 1015//903
f  1019//907 1018//906 1012//900 1013//901
f  1015//903 1018//906 1020//908 1016//904
f  1018//906 1019//907 1021//909 1020//908
f  775//743 781//74 942//73 1003//893
f  1003//893 942//73 1022//92 1004//94
f  1023//910 1022//92 942//73 941//851
f  1005//93 1022//92 1023//910 1024//911
f  1025//912 1006//894 1005//93 1024//911
f  1006//894 1025//912 1026//913 1009//897
f  941//851 954//79 979//81 1023//910
f  1023//910 979//81 980//878 1024//911
f  1024//911 980//878 981//879 1025//912
f  1027//914 1026//913 1025//912 981//879
f  1009//897 1026//913 1028//915 1013//901
f  1026//913 1027//914 1029//916 1028//915
f  981//879 982//85 989//886 1027//914
f  1027//914 989//886 1030//917 1029//916
f  989//886 990//887 1031//918 1030//917
f  1013//901 1028//915 1032//919 1019//907
f  1033//920 1032//919 1028//915 1029//916
f  1019//907 1032//919 1034//921 1021//909
f  1032//919 1033//920 1035//922 1034//921
f  1029//916 1030//917 1036//923 1033//920
f  1030//917 1031//918 1037//924 1036//923
f  1033//920 1036//923 1038//925 1035//922
f  830//781 831//782 1039//926 914//832
f  1040//927 1039//926 831//782 832//783
f  904//826 903//65 913//831 1041//928
f  913//831 914//832 1042//929 1041//928
f  914//832 1039//926 1043//930 1042//929
f  1039//926 1040//927 1044//931 1043//930
f  832//783 833//784 1045//932 1040//927
f  850//799 833//784 827//779 840//789
f  1046//933 1045//932 833//784 850//799
f  1040//927 1045//932 1047//934 1044//931
f  1048//935 1047//934 1045//932 1046//933
f  904//826 1041//928 1049//936 905//827
f  1041//928 1042//929 1050//937 1049//936
f  1042//929 1043//930 1051//938 1050//937
f  1052//939 1051//938 1043//930 1044//931
f  971//872 906//68 905//827 1049//936
f  974//875 971//872 1049//936 1050//937
f  1050//937 1051//938 1053//940 974//875
f  1051//938 1052//939 1054//941 1053//940
f  1052//939 1044//931 1047//934 1055//942
f  1052//939 1055//942 1056//943 1054//941
f  1057//944 1055//942 1047//934 1048//935
f  1058//945 1056//943 1055//942 1057//944
f  984//881 973//874 974//875 1053//940
f  987//884 984//881 1053//940 1054//941
f  988//885 987//884 1054//941 1056//943
f  991//888 988//885 1056//943 1058//945
f  850//799 851//800 1059//946 1046//933
f  1046//933 1059//946 1060//947 1048//935
f  1059//946 851//800 852//801 1061//948
f  1062//949 1060//947 1059//946 1061//948
f  1063//950 1057//944 1048//935 1060//947
f  1057//944 1063//950 1064//951 1058//945
f  1065//952 1063//950 1060//947 1062//949
f  1063//950 1065//952 1066//953 1064//951
f  1067//954 1061//948 852//801 853//802
f  1068//955 1062//949 1061//948 1067//954
f  1069//956 1065//952 1062//949 1068//955
f  1070//957 1066//953 1065//952 1069//956
f  991//888 1058//945 1064//951 1071//958
f  1031//918 990//887 991//888 1071//958
f  1072//959 1071//958 1064//951 1066//953
f  1037//924 1031//918 1071//958 1072//959
f  1073//960 1072//959 1066//953 1070//957
f  1074//961 1037//924 1072//959 1073//960
f  1036//923 1037//924 1074//961 1038//925
f  1075//962 1076//963 1077//96 1078//95
f  1079//964 1080//965 1075//962 1081//966
f  1082//967 1076//963 1075//962 1080//965
f  1075//962 1078//95 1083//968 1081//966
f  1076//963 1084//969 1085//970 1077//96
f  1086//971 1084//969 1076//963 1082//967
f  1084//969 1087//972 1088//973 1085//970
f  1089//974 1087//972 1084//969 1086//971
f  1078//95 1090//97 1091//975 1083//968
f  1092//98 1090//97 1077//96 1085//970
f  1093//976 1083//968 1091//975 1094//977
f  1091//975 1090//97 1095//99 1096//978
f  1097//979 1094//977 1091//975 1096//978
f  1098//980 1088//973 1087//972 1099//981
f  1087//972 1089//974 1100//982 1099//981
f  1085//970 1088//973 1101//983 1092//98
f  1102//984 1101//983 1088//973 1098//980
f  1095//99 1092//98 1101//983 1103//985
f  1104//986 1103//985 1101//983 1102//984
f  1105//987 1106//988 848//797 849//798
f  848//797 1106//988 1107//989 847//796
f  1108//990 1106//988 1105//987 1109//991
f  1105//987 849//798 1017//905 1110//992
f  1111//993 1109//991 1105//987 1110//992
f  1106//988 1108//990 1112//994 1107//989
f  1108//990 1109//991 1113//995 1114//996
f  1115//997 1112//994 1108//990 1114//996
f  1116//998 1113//995 1109//991 1111//993
f  1117//999 1114//996 1113//995 1118//1000
f  1119//1001 1118//1000 1113//995 1116//998
f  1118//1000 1119//1001 1120//1002 1121//1003
f  1122//1004 1117//999 1118//1000 1121//1003
f  1123//1005 853//802 847//796 1107//989
f  853//802 1123//1005 1124//1006 1067//954
f  1107//989 1112//994 1125//1007 1123//1005
f  1126//1008 1125//1007 1112//994 1115//997
f  1123//1005 1125//1007 1127//1009 1124//1006
f  1125//1007 1126//1008 1128//1010 1127//1009
f  1129//1011 1115//997 1114//996 1117//999
f  1130//1012 1126//1008 1115//997 1129//1011
f  1131//1013 1128//1010 1126//1008 1130//1012
f  1129//1011 1117//999 1122//1004 1132//1014
f  1133//1015 1130//1012 1129//1011 1132//1014
f  1134//1016 1127//1009 1128//1010 1135//1017
f  1128//1010 1131//1013 1136//1018 1135//1017
f  1137//102 1131//1013 1130//1012 1133//1015
f  1138//1019 1136//1018 1131//1013 1137//102
f  1017//905 1016//904 1139//1020 1110//992
f  1016//904 1020//908 1140//1021 1139//1020
f  1141//1022 1140//1021 1020//908 1021//909
f  1110//992 1139//1020 1142//1023 1111//993
f  1139//1020 1140//1021 1143//1024 1142//1023
f  1140//1021 1141//1022 1144//1025 1143//1024
f  1021//909 1034//921 1145//1026 1141//1022
f  1034//921 1035//922 1146//1027 1145//1026
f  1147//1028 1146//1027 1035//922 1038//925
f  1141//1022 1145//1026 1148//1029 1144//1025
f  1145//1026 1146//1027 1149//1030 1148//1029
f  1150//1031 1149//1030 1146//1027 1147//1028
f  1151//1032 1152//1033 1153//1034 1154//1035
f  1142//1023 1143//1024 1151//1032 1154//1035
f  1155//1036 1152//1033 1151//1032 1156//1037
f  1151//1032 1143//1024 1144//1025 1156//1037
f  1116//998 1154//1035 1153//1034 1119//1001
f  1120//1002 1119//1001 1153//1034 1157//1038
f  1153//1034 1152//1033 1158//1039 1157//1038
f  1152//1033 1155//1036 1159//105 1158//1039
f  1111//993 1142//1023 1154//1035 1116//998
f  1155//1036 1156//1037 1160//1040 1161//1041
f  1155//1036 1161//1041 1162//106 1159//105
f  1160//1040 1156//1037 1144//1025 1148//1029
f  1163//1042 1160//1040 1148//1029 1149//1030
f  1164//1043 1161//1041 1160//1040 1163//1042
f  1165//1044 1163//1042 1149//1030 1150//1031
f  1166//1045 1164//1043 1163//1042 1165//1044
f  1161//1041 1164//1043 1167//1046 1162//106
f  1168//1047 1167//1046 1164//1043 1166//1045
f  1167//1046 1168//1047 1169//1048 1170//1049
f  1171//1050 1162//106 1167//1046 1170//1049
f  1172//1051 1068//955 1067//954 1124//1006
f  1173//1052 1069//956 1068//955 1172//1051
f  1069//956 1173//1052 1174//1053 1070//957
f  1134//1016 1172//1051 1124//1006 1127//1009
f  1172//1051 1134//1016 1175//1054 1173//1052
f  1134//1016 1135//1017 1176//1055 1175//1054
f  1173//1052 1175//1054 1177//1056 1174//1053
f  1178//1057 1177//1056 1175//1054 1176//1055
f  1179//1058 1073//960 1070//957 1174//1053
f  1180//1059 1074//961 1073//960 1179//1058
f  1038//925 1074//961 1180//1059 1147//1028
f  1179//1058 1181//1060 1182//1061 1180//1059
f  1179//1058 1174//1053 1177//1056 1181//1060
f  1183//1062 1182//1061 1181//1060 1184//1063
f  1181//1060 1177//1056 1178//1057 1184//1063
f  1147//1028 1180//1059 1182//1061 1150//1031
f  1165//1044 1150//1031 1182//1061 1183//1062
f  1185//1064 1176//1055 1135//1017 1136//1018
f  1176//1055 1185//1064 1186//1065 1178//1057
f  1136//1018 1138//1019 1187//1066 1185//1064
f  1188//1067 1187//1066 1138//1019 1189//1068
f  1138//1019 1137//102 1190//101 1189//1068
f  1185//1064 1187//1066 1191//1069 1186//1065
f  1187//1066 1188//1067 1192//1070 1191//1069
f  1188//1067 1193//1071 1194//1072 1192//1070
f  1188//1067 1189//1068 1195//1073 1193//1071
f  1196//1074 1194//1072 1193//1071 1197//1075
f  1193//1071 1195//1073 1198//1076 1197//1075
f  1199//1077 1183//1062 1184//1063 1200//1078
f  1184//1063 1178//1057 1186//1065 1200//1078
f  1165//1044 1183//1062 1199//1077 1166//1045
f  1201//1079 1168//1047 1166//1045 1199//1077
f  1202//1080 1169//1048 1168//1047 1201//1079
f  1203//1081 1204//1082 1169//1048 1202//1080
f  1205//1083 1170//1049 1169//1048 1204//1082
f  1204//1082 1203//1081 1206//1084 1207//1085
f  1208//1086 1205//1083 1204//1082 1207//1085
f  1199//1077 1200//1078 1209//1087 1201//1079
f  1200//1078 1186//1065 1191//1069 1209//1087
f  1210//1088 1202//1080 1201//1079 1209//1087
f  1211//1089 1203//1081 1202//1080 1210//1088
f  1203//1081 1211//1089 1212//1090 1206//1084
f  1191//1069 1192//1070 1210//1088 1209//1087
f  1192//1070 1194//1072 1211//1089 1210//1088
f  1212//1090 1211//1089 1194//1072 1196//1074
f  1213//1091 1206//1084 1212//1090 1214//1092
f  1212//1090 1196//1074 1215//1093 1214//1092
f  1216//1094 1121//1003 1120//1002 1217//1095
f  1120//1002 1157//1038 1218//1096 1217//1095
f  1217//1095 1219//1097 1220//1098 1216//1094
f  1079//964 1219//1097 1217//1095 1218//1096
f  1221//1099 1220//1098 1219//1097 1222//1100
f  1081//966 1222//1100 1219//1097 1079//964
f  1122//1004 1121//1003 1216//1094 1223//1101
f  1224//1102 1132//1014 1122//1004 1223//1101
f  1223//1101 1216//1094 1220//1098 1225//1103
f  1223//1101 1225//1103 1226//1104 1224//1102
f  1227//1105 1225//1103 1220//1098 1221//1099
f  1225//1103 1227//1105 1228//1106 1226//1104
f  1221//1099 1222//1100 1093//976 1229//1107
f  1221//1099 1229//1107 1230//1108 1227//1105
f  1094//977 1231//1109 1229//1107 1093//976
f  1229//1107 1231//1109 1232//1110 1230//1108
f  1222//1100 1081//966 1083//968 1093//976
f  1233//1111 1231//1109 1094//977 1097//979
f  1234//1112 1232//1110 1231//1109 1233//1111
f  1227//1105 1230//1108 1235//1113 1228//1106
f  1230//1108 1232//1110 1236//1114 1235//1113
f  1237//1115 1236//1114 1232//1110 1234//1112
f  1238//1116 1235//1113 1236//1114 1239//108
f  1236//1114 1237//1115 1240//109 1239//108
f  1224//1102 1226//1104 1241//1117 1242//1118
f  1133//1015 1132//1014 1224//1102 1242//1118
f  1243//1119 1241//1117 1226//1104 1228//1106
f  1244//100 1242//1118 1241//1117 1245//1120
f  1246//1121 1245//1120 1241//1117 1243//1119
f  1137//102 1133//1015 1242//1118 1244//100
f  1190//101 1244//100 1247//1122 1248//1123
f  1195//1073 1189//1068 1190//101 1248//1123
f  1248//1123 1247//1122 1249//1124 1250//1125
f  1198//1076 1195//1073 1248//1123 1250//1125
f  1247//1122 1244//100 1245//1120 1251//1126
f  1252//1127 1251//1126 1245//1120 1246//1121
f  1249//1124 1247//1122 1251//1126 1253//1128
f  1251//1126 1252//1127 1254//1129 1253//1128
f  1238//1116 1243//1119 1228//1106 1235//1113
f  1243//1119 1238//1116 1255//1130 1246//1121
f  1238//1116 1239//108 1256//107 1255//1130
f  1257//1131 1252//1127 1246//1121 1255//1130
f  1252//1127 1257//1131 1258//1132 1254//1129
f  1259//112 1257//1131 1255//1130 1256//107
f  1260//111 1258//1132 1257//1131 1259//112
f  1261//1133 1218//1096 1157//1038 1158//1039
f  1218//1096 1261//1133 1080//965 1079//964
f  1261//1133 1158//1039 1159//105 1262//104
f  1082//967 1080//965 1261//1133 1262//104
f  1086//971 1082//967 1262//104 1263//1134
f  1262//104 1264//103 1265//1135 1263//1134
f  1264//103 1162//106 1171//1050 1265//1135
f  1266//1136 1267//1137 1263//1134 1265//1135
f  1089//974 1086//971 1263//1134 1267//1137
f  1267//1137 1266//1136 1268//1138 1269//1139
f  1100//982 1089//974 1267//1137 1269//1139
f  1266//1136 1265//1135 1171//1050 1270//1140
f  1266//1136 1270//1140 1271//1141 1268//1138
f  1171//1050 1170//1049 1205//1083 1270//1140
f  1270//1140 1205//1083 1208//1086 1271//1141
f  1272//1142 1273//1143 1274//1144 1275//1145
f  1276//1146 1275//1145 1274//1144 1277//1147
f  1278//1148 1277//1147 1274//1144 1279//1149
f  1274//1144 1273//1143 1280//1150 1279//1149
f  1281//1151 1273//1143 1272//1142 1282//1152
f  1272//1142 1275//1145 1283//115 1284//114
f  1272//1142 1284//114 1285//1153 1282//1152
f  1273//1143 1281//1151 1286//1154 1280//1150
f  1281//1151 1282//1152 1287//1155 1288//1156
f  1281//1151 1288//1156 1289//1157 1286//1154
f  1197//1075 1290//1158 1291//1159 1196//1074
f  1292//1160 1290//1158 1197//1075 1198//1076
f  1290//1158 1293//1161 1294//1162 1291//1159
f  1295//1163 1293//1161 1290//1158 1292//1160
f  1296//1164 1294//1162 1293//1161 1297//1165
f  1298//1166 1297//1165 1293//1161 1295//1163
f  1215//1093 1196//1074 1291//1159 1299//1167
f  1291//1159 1294//1162 1300//1168 1299//1167
f  1294//1162 1296//1164 1301//1169 1300//1168
f  1297//1165 1298//1166 1302//1170 1303//1171
f  1304//1172 1296//1164 1297//1165 1303//1171
f  1305//1173 1301//1169 1296//1164 1304//1172
f  1306//1174 1300//1168 1301//1169 1307//1175
f  1301//1169 1305//1173 1308//1176 1307//1175
f  1309//1177 1310//1178 1250//1125 1249//1124
f  1292//1160 1198//1076 1250//1125 1310//1178
f  1295//1163 1292//1160 1310//1178 1311//1179
f  1310//1178 1309//1177 1312//1180 1311//1179
f  1309//1177 1249//1124 1253//1128 1313//1181
f  1314//1182 1313//1181 1253//1128 1254//1129
f  1309//1177 1313//1181 1315//1183 1312//1180
f  1313//1181 1314//1182 1316//1184 1315//1183
f  1295//1163 1311//1179 1317//1185 1298//1166
f  1311//1179 1312//1180 1318//1186 1317//1185
f  1312//1180 1315//1183 1319//1187 1318//1186
f  1320//1188 1314//1182 1254//1129 1258//1132
f  1314//1182 1320//1188 1321//1189 1316//1184
f  1322//1190 1320//1188 1258//1132 1260//111
f  1323//1191 1321//1189 1320//1188 1322//1190
f  1315//1183 1316//1184 1324//1192 1319//1187
f  1316//1184 1321//1189 1325//1193 1324//1192
f  1326//1194 1325//1193 1321//1189 1323//1191
f  1317//1185 1318//1186 1327//1195 1328//1196
f  1327//1195 1318//1186 1319//1187 1329//1197
f  1330//1198 1328//1196 1327//1195 1331//1199
f  1327//1195 1329//1197 1332//1200 1331//1199
f  1302//1170 1298//1166 1317//1185 1328//1196
f  1333//1201 1302//1170 1328//1196 1330//1198
f  1334//1202 1303//1171 1302//1170 1333//1201
f  1319//1187 1324//1192 1335//1203 1329//1197
f  1336//1204 1335//1203 1324//1192 1325//1193
f  1329//1197 1335//1203 1337//1205 1332//1200
f  1335//1203 1336//1204 1338//1206 1337//1205
f  1336//1204 1325//1193 1326//1194 1339//1207
f  1340//1208 1338//1206 1336//1204 1339//1207
f  1341//1209 1342//1210 1343//1211 1344//1212
f  1343//1211 1345//1213 1346//1214 1344//1212
f  1343//1211 1342//1210 1347//1215 1348//1216
f  1349//1217 1345//1213 1343//1211 1348//1216
f  1350//1218 1346//1214 1345//1213 1351//1219
f  1345//1213 1349//1217 1352//1220 1351//1219
f  1341//1209 1353//1221 1354//1222 1355//1223
f  1356//1224 1355//1223 1354//1222 1276//1146
f  1354//1222 1283//115 1275//1145 1276//1146
f  1354//1222 1353//1221 1357//113 1283//115
f  1353//1221 1358//1225 1359//1226 1357//113
f  1344//1212 1358//1225 1353//1221 1341//1209
f  1342//1210 1341//1209 1355//1223 1360//1227
f  1355//1223 1356//1224 1361//1228 1360//1227
f  1362//1229 1347//1215 1342//1210 1360//1227
f  1276//1146 1277//1147 1363//1230 1356//1224
f  1356//1224 1363//1230 1364//1231 1361//1228
f  1359//1226 1358//1225 1365//1232 1366//1233
f  1367//1234 1357//113 1359//1226 1368//1235
f  1359//1226 1366//1233 1369//1236 1368//1235
f  1366//1233 1365//1232 1370//1237 1371//1238
f  1366//1233 1371//1238 1372//1239 1369//1236
f  1358//1225 1344//1212 1346//1214 1365//1232
f  1365//1232 1346//1214 1350//1218 1370//1237
f  1373//1240 1370//1237 1350//1218 1374//1241
f  1350//1218 1351//1219 1375//1242 1374//1241
f  1376//1243 1304//1172 1303//1171 1334//1202
f  1304//1172 1376//1243 1377//1244 1305//1173
f  1378//1245 1376//1243 1334//1202 1379//1246
f  1334//1202 1333//1201 1380//1247 1379//1246
f  1381//1248 1377//1244 1376//1243 1378//1245
f  1305//1173 1377//1244 1382//1249 1308//1176
f  1377//1244 1381//1248 1383//1250 1382//1249
f  1371//1238 1370//1237 1373//1240 1384//1251
f  1385//1252 1372//1239 1371//1238 1384//1251
f  1378//1245 1379//1246 1386//1253 1387//1254
f  1378//1245 1387//1254 1388//1255 1389//1256
f  1390//1257 1381//1248 1378//1245 1389//1256
f  1373//1240 1374//1241 1391//1258 1392//1259
f  1393//1260 1384//1251 1373//1240 1392//1259
f  1394//1261 1383//1250 1381//1248 1390//1257
f  1395//1262 1382//1249 1383//1250 1396//1263
f  1383//1250 1397//1264 1398//1265 1396//1263
f  1383//1250 1394//1261 1399//1266 1397//1264
f  1331//1199 1400//1267 1401//1268 1330//1198
f  1402//1269 1400//1267 1331//1199 1332//1200
f  1400//1267 1403//1270 1404//1271 1401//1268
f  1405//1272 1403//1270 1400//1267 1402//1269
f  1403//1270 1406//1273 1367//1234 1404//1271
f  1407//1274 1406//1273 1403//1270 1405//1272
f  1406//1273 1284//114 1357//113 1367//1234
f  1285//1153 1284//114 1406//1273 1407//1274
f  1380//1247 1333//1201 1330//1198 1401//1268
f  1401//1268 1404//1271 1408//1275 1380//1247
f  1404//1271 1367//1234 1368//1235 1408//1275
f  1386//1253 1379//1246 1380//1247 1408//1275
f  1408//1275 1368//1235 1369//1236 1386//1253
f  1332//1200 1337//1205 1409//1276 1402//1269
f  1337//1205 1338//1206 1410//1277 1409//1276
f  1411//1278 1410//1277 1338//1206 1340//1208
f  1405//1272 1402//1269 1409//1276 1412//1279
f  1413//1280 1412//1279 1409//1276 1410//1277
f  1407//1274 1405//1272 1412//1279 1414//116
f  1415//118 1285//1153 1407//1274 1414//116
f  1412//1279 1413//1280 1416//117 1414//116
f  1417//1281 1413//1280 1410//1277 1411//1278
f  1418//1282 1416//117 1413//1280 1417//1281
f  1287//1155 1282//1152 1285//1153 1415//118
f  1287//1155 1415//118 1416//117 1418//1282
f  1419//1283 1288//1156 1287//1155 1418//1282
f  1420//1284 1289//1157 1288//1156 1419//1283
f  1369//1236 1372//1239 1387//1254 1386//1253
f  1387//1254 1372//1239 1385//1252 1388//1255
f  1385//1252 1384//1251 1393//1260 1421//1285
f  1422//1286 1388//1255 1385//1252 1421//1285
f  1423//1287 1389//1256 1388//1255 1422//1286
f  1424//1288 1390//1257 1389//1256 1423//1287
f  1425//1289 1394//1261 1390//1257 1424//1288
f  1394//1261 1425//1289 1426//1290 1399//1266
f  1427//1291 1428//1292 1429//1293 1430//1294
f  1427//1291 1431//1295 1432//1296 1433//1297
f  1427//1291 1430//1294 1434//1298 1431//1295
f  1435//1299 1428//1292 1427//1291 1433//1297
f  1428//1292 1436//1300 1437//1301 1429//1293
f  1437//1301 1438//1302 1439//1303 1429//1293
f  1440//1304 1438//1302 1437//1301 1441//1305
f  1437//1301 1436//1300 1442//1306 1441//1305
f  1443//121 1439//1303 1438//1302 1444//1307
f  1438//1302 1440//1304 1445//1308 1444//1307
f  1446//1309 1430//1294 1429//1293 1439//1303
f  1446//1309 1439//1303 1443//121 1447//120
f  1434//1298 1430//1294 1446//1309 1448//1310
f  1446//1309 1447//120 1449//123 1448//1310
f  1428//1292 1435//1299 1450//1311 1436//1300
f  1443//121 1444//1307 1451//1312 1452//119
f  1447//120 1452//119 1453//1313 1454//126
f  1455//125 1456//122 1447//120 1454//126
f  1453//1313 1452//119 1451//1312 1457//1314
f  1458//124 1454//126 1453//1313 1459//1315
f  1453//1313 1457//1314 1460//1316 1459//1315
f  1440//1304 1441//1305 1461//1317 1462//1318
f  1463//1319 1445//1308 1440//1304 1462//1318
f  1464//1320 1451//1312 1444//1307 1445//1308
f  1465//1321 1457//1314 1451//1312 1464//1320
f  1445//1308 1463//1319 1466//1322 1464//1320
f  1467//1323 1460//1316 1457//1314 1465//1321
f  1468//1324 1469//1325 1470//127 1471//1326
f  1470//127 1469//1325 1472//1327 1473//128
f  1474//1328 1471//1326 1470//127 1475//129
f  1476//1329 1477//134 1478//131 1479//1330
f  1478//131 1449//123 1456//122 1479//1330
f  1448//1310 1449//123 1478//131 1480//133
f  1432//1296 1431//1295 1481//1331 1468//1324
f  1471//1326 1482//1332 1432//1296 1468//1324
f  1483//1333 1433//1297 1432//1296 1482//1332
f  1481//1331 1431//1295 1434//1298 1484//135
f  1434//1298 1448//1310 1480//133 1484//135
f  1485//1334 1481//1331 1484//135 1486//137
f  1487//132 1477//134 1488//1335 1489//136
f  1485//1334 1469//1325 1468//1324 1481//1331
f  1472//1327 1469//1325 1485//1334 1490//1336
f  1485//1334 1486//137 1491//138 1490//1336
f  1471//1326 1474//1328 1492//187 1482//1332
f  1493//1337 1494//1338 1495//143 1496//142
f  1495//143 1497//146 1498//145 1499//141
f  1495//143 1494//1338 1488//1335 1500//1339
f  1501//1340 1497//146 1495//143 1500//1339
f  1497//146 1501//1340 1502//1341 1503//147
f  1497//146 1503//147 1504//150 1505//144
f  1506//1342 1507//1343 1508//1344 1509//1345
f  1508//1344 1510//1346 1511//130 1509//1345
f  1508//1344 1507//1343 1512//1347 1513//1348
f  1514//1349 1510//1346 1508//1344 1513//1348
f  1475//129 1511//130 1510//1346 1515//1350
f  1510//1346 1514//1349 1516//1351 1515//1350
f  1517//1352 1507//1343 1506//1342 1518//152
f  1472//1327 1490//1336 1506//1342 1509//1345
f  1506//1342 1490//1336 1491//138 1518//152
f  1507//1343 1517//1352 1519//1353 1512//1347
f  1517//1352 1518//152 1520//1354 1521//1355
f  1517//1352 1521//1355 1522//1356 1519//1353
f  1521//1355 1520//1354 1523//1357 1524//1358
f  1521//1355 1524//1358 1525//1359 1522//1356
f  1489//136 1488//1335 1494//1338 1526//140
f  1494//1338 1493//1337 1527//1360 1526//140
f  1493//1337 1528//1361 1529//1362 1527//1360
f  1493//1337 1496//142 1530//1363 1528//1361
f  1531//1364 1520//1354 1518//152 1532//151
f  1520//1354 1531//1364 1533//153 1523//1357
f  1531//1364 1534//1365 1535//154 1533//153
f  1531//1364 1532//151 1536//139 1534//1365
f  1534//1365 1527//1360 1529//1362 1535//154
f  1526//140 1527//1360 1534//1365 1536//139
f  1537//157 1523//1357 1533//153 1538//155
f  1539//1366 1524//1358 1523//1357 1537//157
f  1540//156 1538//155 1535//154 1529//1362
f  1541//1367 1525//1359 1524//1358 1539//1366
f  1529//1362 1528//1361 1542//1368 1540//156
f  1537//157 1540//156 1542//1368 1539//1366
f  1473//128 1472//1327 1509//1345 1511//130
f  1519//1353 1522//1356 1543//160 1544//159
f  1543//160 1522//1356 1525//1359 1545//162
f  1512//1347 1519//1353 1544//159 1546//1369
f  1544//159 1547//158 1548//1370 1546//1369
f  1549//1371 1548//1370 1547//158 1550//1372
f  1547//158 1551//163 1552//1373 1550//1372
f  1513//1348 1512//1347 1546//1369 1553//1374
f  1554//1375 1514//1349 1513//1348 1553//1374
f  1555//205 1516//1351 1514//1349 1554//1375
f  1546//1369 1548//1370 1556//1376 1553//1374
f  1557//1377 1556//1376 1548//1370 1549//1371
f  1558//209 1554//1375 1553//1374 1556//1376
f  1525//1359 1541//1367 1559//1378 1545//162
f  1528//1361 1530//1363 1560//1379 1542//1368
f  1561//1380 1530//1363 1496//142 1499//141
f  1562//1381 1560//1379 1530//1363 1561//1380
f  1539//1366 1542//1368 1560//1379 1541//1367
f  1541//1367 1560//1379 1562//1381 1559//1378
f  1499//141 1498//145 1563//165 1561//1380
f  1564//166 1563//165 1498//145 1505//144
f  1565//1382 1566//161 1545//162 1559//1378
f  1566//161 1565//1382 1567//1383 1551//163
f  1559//1378 1562//1381 1568//1384 1565//1382
f  1568//1384 1562//1381 1561//1380 1563//165
f  1569//1385 1567//1383 1565//1382 1568//1384
f  1568//1384 1563//165 1570//164 1569//1385
f  1571//1386 1569//1385 1570//164 1572//167
f  1570//164 1564//166 1573//168 1572//167
f  1551//163 1567//1383 1574//1387 1552//1373
f  1567//1383 1569//1385 1571//1386 1574//1387
f  1488//1335 1477//134 1575//1388 1500//1339
f  1575//1388 1477//134 1476//1329 1576//1389
f  1476//1329 1479//1330 1577//1390 1578//1391
f  1579//172 1576//1389 1476//1329 1578//1391
f  1500//1339 1575//1388 1580//1392 1501//1340
f  1580//1392 1575//1388 1576//1389 1581//1393
f  1502//1341 1501//1340 1580//1392 1582//1394
f  1580//1392 1581//1393 1583//1395 1582//1394
f  1584//171 1581//1393 1576//1389 1579//172
f  1581//1393 1584//171 1585//173 1583//1395
f  1096//978 1095//99 1586//1396 1587//1397
f  1588//1398 1097//979 1096//978 1587//1397
f  1095//99 1103//985 1589//1399 1586//1396
f  1590//1400 1589//1399 1103//985 1104//986
f  1586//1396 1589//1399 1591//1401 1592//1402
f  1593//1403 1587//1397 1586//1396 1592//1402
f  1594//1404 1591//1401 1589//1399 1590//1400
f  1592//1402 1591//1401 1595//1405 1596//1406
f  1592//1402 1596//1406 1597//1407 1593//1403
f  1598//1408 1596//1406 1595//1405 1599//1409
f  1600//1410 1599//1409 1595//1405 1601//1411
f  1595//1405 1591//1401 1594//1404 1601//1411
f  1456//122 1455//125 1577//1390 1479//1330
f  1602//1412 1577//1390 1455//125 1458//124
f  1602//1412 1458//124 1603//1413 1598//1408
f  1578//1391 1577//1390 1602//1412 1604//1414
f  1602//1412 1598//1408 1599//1409 1604//1414
f  1458//124 1459//1315 1605//1415 1603//1413
f  1606//1416 1605//1415 1459//1315 1460//1316
f  1597//1407 1603//1413 1605//1415 1607//1417
f  1605//1415 1606//1416 1608//1418 1607//1417
f  1597//1407 1596//1406 1598//1408 1603//1413
f  1609//1419 1593//1403 1597//1407 1607//1417
f  1578//1391 1604//1414 1610//170 1579//172
f  1604//1414 1599//1409 1600//1410 1610//170
f  1584//171 1610//170 1611//174 1585//173
f  1610//170 1600//1410 1612//1420 1611//174
f  1600//1410 1601//1411 1613//1421 1612//1420
f  1614//1422 1450//1311 1435//1299 1615//1423
f  1435//1299 1433//1297 1483//1333 1615//1423
f  1616//1424 1450//1311 1614//1422 1617//1425
f  1614//1422 1618//1426 1619//1427 1617//1425
f  1614//1422 1615//1423 1620//1428 1618//1426
f  1621//1429 1619//1427 1618//1426 1622//1430
f  1618//1426 1620//1428 1623//1431 1622//1430
f  1624//1432 1619//1427 1621//1429 1625//1433
f  1621//1429 1626//177 1627//1434 1625//1433
f  1621//1429 1622//1430 1628//178 1626//177
f  1629//1435 1627//1434 1626//177 1630//179
f  1631//1436 1627//1434 1629//1435 1632//1437
f  1633//1438 1632//1437 1629//1435 1634//1439
f  1629//1435 1630//179 1635//1440 1634//1439
f  1636//1441 1637//1442 1638//1443 1639//1444
f  1638//1443 1462//1318 1461//1317 1639//1444
f  1463//1319 1462//1318 1638//1443 1640//1445
f  1638//1443 1637//1442 1641//1446 1640//1445
f  1642//1447 1637//1442 1636//1441 1643//1448
f  1636//1441 1639//1444 1644//183 1645//1449
f  1646//1450 1643//1448 1636//1441 1645//1449
f  1643//1448 1646//1450 1647//1451 1648//1452
f  1649//182 1642//1447 1643//1448 1648//1452
f  1637//1442 1642//1447 1650//1453 1641//1446
f  1642//1447 1649//182 1651//181 1650//1453
f  1616//1424 1442//1306 1436//1300 1450//1311
f  1652//184 1442//1306 1616//1424 1653//185
f  1616//1424 1617//1425 1654//1454 1653//185
f  1653//185 1654//1454 1645//1449 1644//183
f  1441//1305 1442//1306 1652//184 1461//1317
f  1639//1444 1461//1317 1652//184 1644//183
f  1624//1432 1654//1454 1617//1425 1619//1427
f  1646//1450 1645//1449 1654//1454 1624//1432
f  1624//1432 1625//1433 1647//1451 1646//1450
f  1647//1451 1625//1433 1627//1434 1631//1436
f  1655//1455 1648//1452 1647//1451 1631//1436
f  1463//1319 1640//1445 1656//1456 1466//1322
f  1649//182 1648//1452 1655//1455 1657//1457
f  1649//182 1657//1457 1658//1458 1659//180
f  1631//1436 1632//1437 1660//1459 1655//1455
f  1632//1437 1633//1438 1661//1460 1660//1459
f  1633//1438 1634//1439 1662//1461 1663//1462
f  1664//1463 1661//1460 1633//1438 1663//1462
f  1660//1459 1661//1460 1665//1464 1666//1465
f  1657//1457 1655//1455 1660//1459 1666//1465
f  1667//1466 1665//1464 1661//1460 1664//1463
f  1668//1467 1666//1465 1665//1464 1669//1468
f  1670//1469 1669//1468 1665//1464 1667//1466
f  1668//1467 1658//1458 1657//1457 1666//1465
f  1671//231 1659//180 1658//1458 1672//1470
f  1658//1458 1668//1467 1673//1471 1672//1470
f  1668//1467 1669//1468 1674//1472 1673//1471
f  1675//1473 1492//187 1474//1328 1676//1474
f  1474//1328 1475//129 1515//1350 1676//1474
f  1620//1428 1615//1423 1483//1333 1677//186
f  1483//1333 1482//1332 1492//187 1677//186
f  1678//189 1623//1431 1620//1428 1677//186
f  1628//178 1622//1430 1623//1431 1679//192
f  1623//1431 1678//189 1680//191 1679//192
f  1681//190 1678//189 1677//186 1682//188
f  1683//1475 1682//188 1492//187 1675//1473
f  1684//1476 1685//1477 1686//1478 1687//1479
f  1688//1480 1689//1481 1684//1476 1690//1482
f  1691//1483 1685//1477 1684//1476 1689//1481
f  1684//1476 1687//1479 1692//1484 1690//1482
f  1686//1478 1685//1477 1693//1485 1694//1486
f  1686//1478 1694//1486 1695//1487 1696//1488
f  1697//1489 1687//1479 1686//1478 1696//1488
f  1698//1490 1693//1485 1685//1477 1691//1483
f  1699//1491 1681//190 1682//188 1683//1475
f  1700//196 1680//191 1681//190 1699//1491
f  1701//1492 1702//1493 1694//1486 1693//1485
f  1694//1486 1702//1493 1703//1494 1695//1487
f  1702//1493 1701//1492 1704//1495 1705//1496
f  1706//1497 1703//1494 1702//1493 1705//1496
f  1707//1498 1701//1492 1693//1485 1698//1490
f  1708//1499 1704//1495 1701//1492 1707//1498
f  1709//1500 1705//1496 1704//1495 1710//1501
f  1704//1495 1708//1499 1711//1502 1710//1501
f  1688//1480 1690//1482 1712//1503 1713//1504
f  1714//1505 1715//1506 1712//1503 1716//1507
f  1717//1508 1713//1504 1712//1503 1715//1506
f  1712//1503 1690//1482 1692//1484 1716//1507
f  1718//1509 1628//178 1679//192 1719//193
f  1720//1510 1715//1506 1714//1505 1721//1511
f  1714//1505 1716//1507 1697//1489 1722//1512
f  1723//1513 1721//1511 1714//1505 1722//1512
f  1715//1506 1720//1510 1724//1514 1717//1508
f  1720//1510 1721//1511 1725//1515 1726//1516
f  1720//1510 1726//1516 1727//1517 1724//1514
f  1728//1518 1725//1515 1721//1511 1723//1513
f  1729//1519 1726//1516 1725//1515 1730//1520
f  1725//1515 1728//1518 1731//1521 1730//1520
f  1726//1516 1729//1519 1732//1522 1727//1517
f  1729//1519 1730//1520 1733//1523 1734//1524
f  1735//1525 1732//1522 1729//1519 1734//1524
f  1635//1440 1630//179 1628//178 1718//1509
f  1736//1526 1696//1488 1695//1487 1737//1527
f  1738//1528 1737//1527 1695//1487 1703//1494
f  1736//1526 1737//1527 1739//1529 1740//1530
f  1697//1489 1696//1488 1736//1526 1722//1512
f  1723//1513 1722//1512 1736//1526 1740//1530
f  1741//1531 1739//1529 1737//1527 1738//1528
f  1740//1530 1739//1529 1742//1532 1743//1533
f  1728//1518 1723//1513 1740//1530 1743//1533
f  1739//1529 1741//1531 1744//1534 1742//1532
f  1687//1479 1697//1489 1716//1507 1692//1484
f  1745//195 1719//193 1680//191 1700//196
f  1746//1535 1718//1509 1719//193 1745//195
f  1747//1536 1738//1528 1703//1494 1706//1497
f  1748//1537 1741//1531 1738//1528 1747//1536
f  1741//1531 1748//1537 1749//1538 1744//1534
f  1747//1536 1706//1497 1750//1539 1751//1540
f  1752//1541 1748//1537 1747//1536 1751//1540
f  1753//1542 1749//1538 1748//1537 1752//1541
f  1705//1496 1709//1500 1750//1539 1706//1497
f  1709//1500 1710//1501 1754//1543 1750//1539
f  1700//196 1699//1491 1755//199 1756//194
f  1743//1533 1742//1532 1757//1544 1758//1545
f  1731//1521 1728//1518 1743//1533 1758//1545
f  1759//1546 1757//1544 1742//1532 1744//1534
f  1760//1547 1758//1545 1757//1544 1761//1548
f  1757//1544 1759//1546 1762//1549 1761//1548
f  1733//1523 1730//1520 1731//1521 1763//1550
f  1731//1521 1758//1545 1760//1547 1763//1550
f  1718//1509 1746//1535 1764//1551 1635//1440
f  1765//1552 1766//1553 1763//1550 1760//1547
f  1734//1524 1733//1523 1763//1550 1766//1553
f  1735//1525 1734//1524 1766//1553 1767//1554
f  1766//1553 1765//1552 1768//1555 1767//1554
f  1760//1547 1761//1548 1769//1556 1765//1552
f  1765//1552 1769//1556 1770//1557 1768//1555
f  1744//1534 1749//1538 1771//1558 1759//1546
f  1772//1559 1771//1558 1749//1538 1753//1542
f  1759//1546 1771//1558 1773//1560 1762//1549
f  1774//1561 1773//1560 1771//1558 1772//1559
f  1746//1535 1745//195 1756//194 1775//1562
f  1746//1535 1775//1562 1776//1563 1764//1551
f  1761//1548 1762//1549 1777//1564 1769//1556
f  1778//1565 1777//1564 1762//1549 1773//1560
f  1777//1564 1778//1565 1779//1566 1780//1567
f  1770//1557 1769//1556 1777//1564 1780//1567
f  1773//1560 1774//1561 1781//1568 1778//1565
f  1774//1561 1772//1559 1782//1569 1781//1568
f  1783//1570 1779//1566 1778//1565 1781//1568
f  1784//1571 1675//1473 1676//1474 1785//1572
f  1676//1474 1515//1350 1516//1351 1785//1572
f  1675//1473 1784//1571 1786//202 1683//1475
f  1784//1571 1785//1572 1787//1573 1788//1574
f  1784//1571 1788//1574 1789//200 1786//202
f  1516//1351 1555//205 1790//204 1785//1572
f  1555//205 1554//1375 1558//209 1791//203
f  1787//1573 1785//1572 1790//204 1792//207
f  1793//1575 1787//1573 1792//207 1794//211
f  1558//209 1556//1376 1557//1377 1795//208
f  1796//216 1797//215 1798//1576 1799//1577
f  1800//1578 1801//1579 1796//216 1799//1577
f  1796//216 1801//1579 1802//1580 1803//214
f  1804//1581 1798//1576 1797//215 1805//1582
f  1806//1583 1805//1582 1797//215 1803//214
f  1807//1584 1808//1585 1801//1579 1800//1578
f  1801//1579 1808//1585 1809//1586 1802//1580
f  1810//1587 1799//1577 1798//1576 1811//1588
f  1800//1578 1799//1577 1810//1587 1812//1589
f  1813//1590 1812//1589 1810//1587 1814//1591
f  1810//1587 1811//1588 1815//1592 1814//1591
f  1811//1588 1798//1576 1804//1581 1816//1593
f  1811//1588 1816//1593 1817//1594 1815//1592
f  1804//1581 1805//1582 1818//1595 1819//1596
f  1820//1597 1816//1593 1804//1581 1819//1596
f  1821//1598 1817//1594 1816//1593 1820//1597
f  1822//213 1823//210 1791//203 1795//208
f  1794//211 1824//206 1823//210 1825//217
f  1826//1599 1827//1600 1808//1585 1807//1584
f  1808//1585 1827//1600 1828//1601 1809//1586
f  1800//1578 1812//1589 1829//1602 1807//1584
f  1830//1603 1829//1602 1812//1589 1813//1590
f  1826//1599 1807//1584 1829//1602 1831//1604
f  1832//1605 1831//1604 1829//1602 1830//1603
f  1814//1591 1833//1606 1834//1607 1813//1590
f  1835//1608 1833//1606 1814//1591 1815//1592
f  1836//1609 1834//1607 1833//1606 1837//1610
f  1838//1611 1837//1610 1833//1606 1835//1608
f  1834//1607 1836//1609 1839//1612 1840//1613
f  1830//1603 1813//1590 1834//1607 1840//1613
f  1836//1609 1837//1610 1841//1614 1842//1615
f  1836//1609 1842//1615 1843//1616 1839//1612
f  1844//1617 1841//1614 1837//1610 1838//1611
f  1845//1618 1842//1615 1841//1614 1844//1617
f  1846//1619 1843//1616 1842//1615 1845//1618
f  1847//1620 1788//1574 1787//1573 1793//1575
f  1832//1605 1830//1603 1840//1613 1848//1621
f  1840//1613 1839//1612 1849//1622 1848//1621
f  1839//1612 1843//1616 1850//1623 1849//1622
f  1843//1616 1846//1619 1851//1624 1850//1623
f  1835//1608 1815//1592 1817//1594 1852//1625
f  1853//1626 1838//1611 1835//1608 1852//1625
f  1793//1575 1794//211 1854//1627 1855//1628
f  1856//1629 1847//1620 1793//1575 1855//1628
f  1857//1630 1844//1617 1838//1611 1853//1626
f  1844//1617 1857//1630 1858//1631 1845//1618
f  1859//1632 1852//1625 1817//1594 1821//1598
f  1860//1633 1853//1626 1852//1625 1859//1632
f  1861//1634 1857//1630 1853//1626 1860//1633
f  1794//211 1825//217 1862//1635 1854//1627
f  1863//1636 1858//1631 1857//1630 1861//1634
f  1846//1619 1845//1618 1858//1631 1864//1637
f  1865//1638 1864//1637 1858//1631 1863//1636
f  1789//200 1788//1574 1847//1620 1866//1639
f  1867//1640 1866//1639 1847//1620 1856//1629
f  1868//1641 1851//1624 1846//1619 1864//1637
f  1869//1642 1868//1641 1864//1637 1865//1638
f  1789//200 1866//1639 1870//1643 1871//201
f  1872//1644 1870//1643 1866//1639 1867//1640
f  1873//218 1874//197 1871//201 1870//1643
f  1755//199 1786//202 1871//201 1875//198
f  1874//197 1876//219 1877//1645 1878//1646
f  1775//1562 1756//194 1874//197 1878//1646
f  1879//1647 1873//218 1870//1643 1872//1644
f  1880//1648 1876//219 1873//218 1879//1647
f  1881//1649 1877//1645 1876//219 1880//1648
f  1882//1650 1878//1646 1877//1645 1883//1651
f  1884//1652 1883//1651 1877//1645 1881//1649
f  1755//199 1699//1491 1683//1475 1786//202
f  1754//1543 1710//1501 1711//1502 1885//1653
f  1886//1654 1751//1540 1750//1539 1754//1543
f  1754//1543 1885//1653 1887//1655 1886//1654
f  1888//1656 1752//1541 1751//1540 1886//1654
f  1752//1541 1888//1656 1889//1657 1753//1542
f  1890//1658 1888//1656 1886//1654 1887//1655
f  1891//1659 1889//1657 1888//1656 1890//1658
f  1775//1562 1878//1646 1882//1650 1776//1563
f  1782//1569 1772//1559 1753//1542 1889//1657
f  1892//1660 1782//1569 1889//1657 1891//1659
f  1783//1570 1781//1568 1782//1569 1892//1660
f  1634//1439 1635//1440 1764//1551 1662//1461
f  1893//1661 1662//1461 1764//1551 1776//1563
f  1663//1462 1662//1461 1893//1661 1894//1662
f  1893//1661 1776//1563 1882//1650 1895//1663
f  1896//1664 1894//1662 1893//1661 1895//1663
f  1663//1462 1894//1662 1897//1665 1664//1463
f  1898//1666 1897//1665 1894//1662 1896//1664
f  1667//1466 1664//1463 1897//1665 1899//1667
f  1897//1665 1898//1666 1900//1668 1899//1667
f  1895//1663 1882//1650 1883//1651 1901//1669
f  1902//1670 1901//1669 1883//1651 1884//1652
f  1895//1663 1901//1669 1903//1671 1896//1664
f  1904//1672 1903//1671 1901//1669 1902//1670
f  1905//1673 1898//1666 1896//1664 1903//1671
f  1898//1666 1905//1673 1906//1674 1900//1668
f  1907//1675 1905//1673 1903//1671 1904//1672
f  1908//1676 1906//1674 1905//1673 1907//1675
f  1669//1468 1670//1469 1909//1677 1674//1472
f  1910//1678 1234//1112 1233//1111 1911//1679
f  1233//1111 1097//979 1588//1398 1911//1679
f  1237//1115 1234//1112 1910//1678 1912//1680
f  1237//1115 1912//1680 1913//1681 1240//109
f  1910//1678 1911//1679 1914//1682 1915//1683
f  1916//1684 1912//1680 1910//1678 1915//1683
f  1917//1685 1913//1681 1912//1680 1916//1684
f  1460//1316 1467//1323 1918//1686 1606//1416
f  1465//1321 1919//1687 1920//1688 1467//1323
f  1465//1321 1464//1320 1466//1322 1919//1687
f  1919//1687 1466//1322 1656//1456 1921//1689
f  1922//1690 1920//1688 1919//1687 1921//1689
f  1923//1691 1918//1686 1467//1323 1920//1688
f  1608//1418 1606//1416 1918//1686 1924//1692
f  1918//1686 1923//1691 1925//1693 1924//1692
f  1926//1694 1923//1691 1920//1688 1922//1690
f  1927//1695 1925//1693 1923//1691 1926//1694
f  1259//112 1256//107 1240//109 1928//110
f  1240//109 1913//1681 1929//1696 1928//110
f  1913//1681 1917//1685 1930//1697 1929//1696
f  1260//111 1928//110 1931//1698 1932//1699
f  1933//1700 1322//1190 1260//111 1932//1699
f  1928//110 1929//1696 1934//1701 1931//1698
f  1609//1419 1588//1398 1587//1397 1593//1403
f  1914//1682 1911//1679 1588//1398 1609//1419
f  1609//1419 1607//1417 1608//1418 1914//1682
f  1924//1692 1915//1683 1914//1682 1608//1418
f  1915//1683 1924//1692 1925//1693 1916//1684
f  1916//1684 1925//1693 1927//1695 1917//1685
f  1930//1697 1917//1685 1927//1695 1935//1702
f  1927//1695 1926//1694 1936//1703 1935//1702
f  1929//1696 1930//1697 1937//1704 1934//1701
f  1930//1697 1935//1702 1938//1705 1937//1704
f  1939//1706 1938//1705 1935//1702 1936//1703
f  1940//1707 1934//1701 1937//1704 1941//1708
f  1937//1704 1938//1705 1942//1709 1941//1708
f  1943//1710 1942//1709 1938//1705 1939//1706
f  1931//1698 1934//1701 1940//1707 1944//1711
f  1945//1712 1932//1699 1931//1698 1944//1711
f  1944//1711 1940//1707 1946//1713 1947//1714
f  1948//1715 1945//1712 1944//1711 1947//1714
f  1940//1707 1941//1708 1949//1716 1946//1713
f  1946//1713 1949//1716 1950//1717 1951//1718
f  1952//1719 1947//1714 1946//1713 1951//1718
f  1941//1708 1942//1709 1953//1720 1949//1716
f  1942//1709 1943//1710 1954//1721 1953//1720
f  1949//1716 1953//1720 1955//1722 1950//1717
f  1956//1723 1656//1456 1640//1445 1641//1446
f  1957//1724 1921//1689 1656//1456 1956//1723
f  1956//1723 1641//1446 1650//1453 1958//1725
f  1956//1723 1958//1725 1959//1726 1957//1724
f  1960//1727 1958//1725 1650//1453 1651//181
f  1958//1725 1960//1727 1961//1728 1959//1726
f  1960//1727 1651//181 1962//222 1963//221
f  1964//223 1961//1728 1960//1727 1963//221
f  1921//1689 1957//1724 1965//1729 1922//1690
f  1966//1730 1965//1729 1957//1724 1959//1726
f  1922//1690 1965//1729 1967//226 1926//1694
f  1965//1729 1966//1730 1968//1731 1967//226
f  1959//1726 1961//1728 1969//1732 1966//1730
f  1970//1733 1969//1732 1961//1728 1964//223
f  1971//1734 1968//1731 1966//1730 1969//1732
f  1972//224 1967//226 1968//1731 1973//1735
f  1968//1731 1971//1734 1974//1736 1973//1735
f  1975//227 1971//1734 1969//1732 1970//1733
f  1971//1734 1975//227 1976//230 1974//1736
f  1651//181 1659//180 1671//231 1962//222
f  1977//1737 1978//1738 1979//1739 1980//1740
f  1979//1739 1978//1738 1981//1741 1982//1742
f  1983//1743 1980//1740 1979//1739 1984//1744
f  1979//1739 1982//1742 1985//1745 1984//1744
f  1986//1746 1987//1747 1977//1737 1988//1748
f  1986//1746 1988//1748 1989//1749 1990//1750
f  1991//1751 1987//1747 1986//1746 1992//1752
f  1993//1753 1992//1752 1986//1746 1990//1750
f  1987//1747 1994//1754 1978//1738 1977//1737
f  1987//1747 1991//1751 1995//1755 1994//1754
f  1977//1737 1980//1740 1996//1756 1988//1748
f  1997//1757 1989//1749 1988//1748 1996//1756
f  1978//1738 1994//1754 1998//1758 1981//1741
f  1999//1759 2000//1760 1989//1749 1997//1757
f  2001//1761 1990//1750 1989//1749 2000//1760
f  2002//1762 2001//1761 2000//1760 2003//1763
f  2000//1760 1999//1759 2004//1764 2003//1763
f  1996//1756 1980//1740 1983//1743 2005//1765
f  2006//1766 1997//1757 1996//1756 2005//1765
f  2007//1767 1999//1759 1997//1757 2006//1766
f  1982//1742 1981//1741 2008//1768 2009//1769
f  2010//1770 1985//1745 1982//1742 2009//1769
f  1999//1759 2007//1767 2011//1771 2004//1764
f  1671//231 1672//1470 2012//1772 2013//1773
f  2014//1774 2015//232 1671//231 2013//1773
f  2016//233 1995//1755 1991//1751 2017//220
f  2018//1775 1995//1755 2016//233 2019//1776
f  2016//233 2015//232 2014//1774 2019//1776
f  1672//1470 1673//1471 2020//1777 2012//1772
f  2013//1773 2012//1772 2021//1778 2022//1779
f  2023//1780 2014//1774 2013//1773 2022//1779
f  2024//236 2020//1777 1673//1471 1674//1472
f  2021//1778 2012//1772 2020//1777 2025//1781
f  2026//235 2025//1781 2020//1777 2024//236
f  2027//1782 2022//1779 2021//1778 2028//1783
f  2021//1778 2025//1781 2029//1784 2028//1783
f  1991//1751 1992//1752 1964//223 2017//220
f  1964//223 1992//1752 1993//1753 1970//1733
f  1970//1733 1993//1753 2030//228 1975//227
f  1993//1753 1990//1750 2001//1761 2030//228
f  1998//1758 1994//1754 1995//1755 2018//1775
f  2019//1776 2014//1774 2023//1780 2031//1785
f  2032//1786 2018//1775 2019//1776 2031//1785
f  2018//1775 2032//1786 2033//1787 1998//1758
f  2023//1780 2022//1779 2027//1782 2031//1785
f  2034//1788 2032//1786 2031//1785 2027//1782
f  2035//1789 2033//1787 2032//1786 2034//1788
f  2030//228 2001//1761 2002//1762 2036//237
f  2037//1790 2038//229 2036//237 2039//1791
f  2036//237 2002//1762 2040//1792 2039//1791
f  2008//1768 1981//1741 1998//1758 2033//1787
f  2041//1793 2008//1768 2033//1787 2035//1789
f  2042//1794 2009//1769 2008//1768 2041//1793
f  2002//1762 2003//1763 2043//1795 2040//1792
f  2044//1796 2043//1795 2003//1763 2004//1764
f  2045//1797 2040//1792 2043//1795 2046//1798
f  2043//1795 2044//1796 2047//1799 2046//1798
f  2027//1782 2028//1783 2048//1800 2034//1788
f  2049//1801 2035//1789 2034//1788 2048//1800
f  2035//1789 2049//1801 2050//1802 2041//1793
f  2051//1803 2048//1800 2028//1783 2029//1784
f  2052//1804 2049//1801 2048//1800 2051//1803
f  2053//1805 2050//1802 2049//1801 2052//1804
f  1936//1703 1926//1694 1967//226 2054//225
f  1939//1706 1936//1703 2054//225 2055//1806
f  2054//225 1972//224 2056//1807 2055//1806
f  1972//224 1973//1735 2057//1808 2056//1807
f  1973//1735 1974//1736 2058//1809 2057//1808
f  1974//1736 1976//230 2059//1810 2058//1809
f  1976//230 2038//229 2037//1790 2059//1810
f  2060//1811 2059//1810 2037//1790 2061//1812
f  2037//1790 2039//1791 2062//1813 2061//1812
f  2063//1814 2058//1809 2059//1810 2060//1811
f  2039//1791 2040//1792 2045//1797 2062//1813
f  2064//1815 2029//1784 2025//1781 2026//235
f  2065//1816 2051//1803 2029//1784 2064//1815
f  2066//1817 2052//1804 2051//1803 2065//1816
f  2055//1806 2056//1807 2067//1818 2068//1819
f  1943//1710 1939//1706 2055//1806 2068//1819
f  2056//1807 2057//1808 2069//1820 2067//1818
f  2057//1808 2058//1809 2063//1814 2069//1820
f  2070//1821 2068//1819 2067//1818 2071//1822
f  2072//1823 2071//1822 2067//1818 2069//1820
f  2070//1821 1954//1721 1943//1710 2068//1819
f  1953//1720 1954//1721 2073//1824 1955//1722
f  1954//1721 2070//1821 2074//1825 2073//1824
f  2070//1821 2071//1822 2075//1826 2074//1825
f  2071//1822 2072//1823 2076//1827 2075//1826
f  2060//1811 2061//1812 2077//1828 2078//1829
f  2079//1830 2063//1814 2060//1811 2078//1829
f  2069//1820 2063//1814 2079//1830 2072//1823
f  2061//1812 2062//1813 2080//1831 2077//1828
f  2062//1813 2045//1797 2081//1832 2080//1831
f  2045//1797 2046//1798 2082//1833 2081//1832
f  2080//1831 2081//1832 2083//1834 2084//1835
f  2085//1836 2077//1828 2080//1831 2084//1835
f  2086//1837 2078//1829 2077//1828 2085//1836
f  2078//1829 2086//1837 2087//1838 2079//1830
f  2086//1837 2085//1836 2088//1839 2089//1840
f  2090//1841 2087//1838 2086//1837 2089//1840
f  2091//1842 2079//1830 2087//1838 2092//1843
f  2093//1844 2092//1843 2087//1838 2090//1841
f  2076//1827 2072//1823 2079//1830 2091//1842
f  1667//1466 1899//1667 2094//1845 1670//1469
f  2095//240 2094//1845 1899//1667 1900//1668
f  1670//1469 2094//1845 2096//1846 1909//1677
f  1674//1472 1909//1677 2097//1847 2024//236
f  2098//239 2096//1846 2094//1845 2095//240
f  1909//1677 2099//1848 2100//1849 2097//1847
f  2101//1850 2099//1848 1909//1677 2096//1846
f  2102//1851 2100//1849 2099//1848 2103//1852
f  2104//1853 2103//1852 2099//1848 2101//1850
f  2097//1847 2100//1849 2105//1854 2106//242
f  2107//234 2024//236 2097//1847 2106//242
f  2108//1855 2105//1854 2100//1849 2102//1851
f  2106//242 2105//1854 2109//1856 2110//241
f  2111//1857 2109//1856 2105//1854 2108//1855
f  2112//1858 2102//1851 2103//1852 2113//1859
f  2103//1852 2104//1853 2114//1860 2113//1859
f  2102//1851 2112//1858 2115//1861 2108//1855
f  2116//1862 2101//1850 2096//1846 2098//239
f  2117//1863 2104//1853 2101//1850 2116//1862
f  2104//1853 2117//1863 2118//1864 2114//1860
f  2119//1865 2118//1864 2117//1863 2120//1866
f  2117//1863 2116//1862 2121//1867 2120//1866
f  2122//1868 2123//1869 2113//1859 2114//1860
f  2124//1870 2112//1858 2113//1859 2123//1869
f  2125//1871 2115//1861 2112//1858 2124//1870
f  2123//1869 2122//1868 2126//1872 2127//1873
f  2128//1874 2124//1870 2123//1869 2127//1873
f  2129//1875 2126//1872 2122//1868 2130//1876
f  2122//1868 2114//1860 2118//1864 2130//1876
f  2131//1877 2126//1872 2129//1875 2132//1878
f  2133//1879 2134//1880 2131//1877 2135//1881
f  2136//1882 2135//1881 2131//1877 2132//1878
f  2127//1873 2126//1872 2131//1877 2134//1880
f  2129//1875 2130//1876 2137//1883 2138//1884
f  2139//1885 2132//1878 2129//1875 2138//1884
f  2130//1876 2118//1864 2119//1865 2137//1883
f  2140//1886 2095//240 1900//1668 1906//1674
f  2095//240 2140//1886 2141//1887 2142//238
f  2143//1888 2140//1886 1906//1674 1908//1676
f  2140//1886 2143//1888 2144//1889 2141//1887
f  2116//1862 2098//239 2145//243 2121//1867
f  2146//1890 2121//1867 2145//243 2147//1891
f  2145//243 2142//238 2148//1892 2147//1891
f  2149//1893 2148//1892 2142//238 2141//1887
f  1983//1743 1984//1744 2150//1894 2151//1895
f  2152//1896 2005//1765 1983//1743 2151//1895
f  2153//1897 2150//1894 1984//1744 1985//1745
f  2151//1895 2154//1898 2155//1899 2152//1896
f  2151//1895 2150//1894 2156//1900 2154//1898
f  2150//1894 2153//1897 2157//1901 2156//1900
f  2158//1902 2157//1901 2153//1897 2159//1903
f  2153//1897 1985//1745 2010//1770 2159//1903
f  2160//1904 2155//1899 2154//1898 2161//1905
f  2154//1898 2156//1900 2162//1906 2161//1905
f  2155//1899 2160//1904 2163//1907 2164//1908
f  2165//1909 2152//1896 2155//1899 2164//1908
f  2156//1900 2157//1901 2166//1910 2162//1906
f  2167//1911 2166//1910 2157//1901 2158//1902
f  2161//1905 2162//1906 2168//1912 2169//1913
f  2170//1914 2160//1904 2161//1905 2169//1913
f  2171//1915 2163//1907 2160//1904 2170//1914
f  2172//1916 2164//1908 2163//1907 2173//1917
f  2174//1918 2173//1917 2163//1907 2171//1915
f  2162//1906 2166//1910 2175//1919 2168//1912
f  2166//1910 2167//1911 2176//253 2175//1919
f  2165//1909 2006//1766 2005//1765 2152//1896
f  2177//1920 2007//1767 2006//1766 2165//1909
f  2007//1767 2177//1920 2178//1921 2011//1771
f  2165//1909 2164//1908 2172//1916 2177//1920
f  2177//1920 2172//1916 2179//1922 2178//1921
f  2044//1796 2004//1764 2011//1771 2180//1923
f  2011//1771 2178//1921 2181//1924 2180//1923
f  2172//1916 2173//1917 2182//1925 2179//1922
f  2178//1921 2179//1922 2183//1926 2181//1924
f  2179//1922 2182//1925 2184//1927 2183//1926
f  2185//244 2182//1925 2173//1917 2174//1918
f  2182//1925 2185//244 2186//246 2184//1927
f  2050//1802 2053//1805 2187//1928 2188//1929
f  2187//1928 2189//1930 2190//1931 2188//1929
f  2187//1928 2053//1805 2191//1932 2192//1933
f  2193//1934 2189//1930 2187//1928 2192//1933
f  2158//1902 2194//249 2195//248 2167//1911
f  2158//1902 2159//1903 2196//1935 2194//249
f  2197//1936 2198//247 2194//249 2196//1935
f  2167//1911 2195//248 2199//251 2176//253
f  2195//248 2198//247 2200//1937 2201//250
f  2198//247 2197//1936 2202//1938 2200//1937
f  2203//1939 2204//1940 2134//1880 2133//1879
f  2128//1874 2127//1873 2134//1880 2204//1940
f  2205//1941 2206//1942 2204//1940 2203//1939
f  2204//1940 2206//1942 2207//1943 2128//1874
f  2208//1944 2209//1945 2206//1942 2205//1941
f  2206//1942 2209//1945 2210//1946 2207//1943
f  2211//1947 2212//1948 2209//1945 2208//1944
f  2209//1945 2212//1948 2193//1934 2210//1946
f  2189//1930 2202//1938 2197//1936 2190//1931
f  2197//1936 2196//1935 2213//1949 2190//1931
f  2212//1948 2202//1938 2189//1930 2193//1934
f  2211//1947 2200//1937 2202//1938 2212//1948
f  2214//270 2201//250 2200//1937 2211//1947
f  2009//1769 2042//1794 2213//1949 2010//1770
f  2042//1794 2041//1793 2050//1802 2188//1929
f  2042//1794 2188//1929 2190//1931 2213//1949
f  2196//1935 2159//1903 2010//1770 2213//1949
f  2044//1796 2180//1923 2215//1950 2047//1799
f  2216//1951 2215//1950 2180//1923 2181//1924
f  2047//1799 2215//1950 2217//1952 2218//1953
f  2082//1833 2046//1798 2047//1799 2218//1953
f  2215//1950 2216//1951 2219//1954 2217//1952
f  2216//1951 2181//1924 2183//1926 2220//1955
f  2221//1956 2220//1955 2183//1926 2184//1927
f  2219//1954 2216//1951 2220//1955 2222//1957
f  2223//1958 2222//1957 2220//1955 2221//1956
f  2224//1959 2219//1954 2222//1957 2225//1960
f  2222//1957 2223//1958 2226//278 2225//1960
f  2217//1952 2219//1954 2224//1959 2227//1961
f  2224//1959 2225//1960 2228//1962 2229//1963
f  2230//1964 2227//1961 2224//1959 2229//1963
f  2231//1965 2218//1953 2217//1952 2227//1961
f  2232//1966 2233//1967 2234//1968 2235//1969
f  2236//255 2237//1970 2234//1968 2238//256
f  2239//1971 2235//1969 2234//1968 2237//1970
f  2234//1968 2233//1967 2240//258 2238//256
f  2241//1972 2169//1913 2168//1912 2242//1973
f  2168//1912 2175//1919 2243//259 2242//1973
f  2244//252 2243//259 2175//1919 2176//253
f  2245//1974 2170//1914 2169//1913 2241//1972
f  2246//1975 2171//1915 2170//1914 2245//1974
f  2247//1976 2174//1918 2171//1915 2246//1975
f  2174//1918 2247//1976 2248//245 2185//244
f  2241//1972 2242//1973 2233//1967 2232//1966
f  2249//1977 2245//1974 2241//1972 2232//1966
f  2245//1974 2249//1977 2250//1978 2246//1975
f  2240//258 2233//1967 2242//1973 2243//259
f  2232//1966 2235//1969 2251//1979 2249//1977
f  2252//1980 2251//1979 2235//1969 2239//1971
f  2250//1978 2249//1977 2251//1979 2253//1981
f  2254//1982 2253//1981 2251//1979 2252//1980
f  2247//1976 2246//1975 2250//1978 2255//261
f  2250//1978 2253//1981 2256//262 2255//261
f  2257//260 2248//245 2247//1976 2255//261
f  2258//1983 2237//1970 2236//255 2259//264
f  2259//264 2260//265 2261//1984 2258//1983
f  2262//1985 2261//1984 2260//265 2263//1986
f  2260//265 2264//257 2265//266 2263//1986
f  2237//1970 2258//1983 2266//1987 2239//1971
f  2266//1987 2258//1983 2261//1984 2267//1988
f  2266//1987 2267//1988 2268//1989 2269//1990
f  2252//1980 2239//1971 2266//1987 2269//1990
f  2270//1991 2267//1988 2261//1984 2262//1985
f  2271//1992 2268//1989 2267//1988 2270//1991
f  2268//1989 2271//1992 2272//1993 2273//1994
f  2274//1995 2269//1990 2268//1989 2273//1994
f  2270//1991 2262//1985 2275//1996 2276//1997
f  2275//1996 2262//1985 2263//1986 2277//1998
f  2275//1996 2277//1998 2278//1999 2279//2000
f  2280//2001 2276//1997 2275//1996 2279//2000
f  2271//1992 2270//1991 2276//1997 2281//2002
f  2276//1997 2280//2001 2282//2003 2281//2002
f  2277//1998 2263//1986 2265//266 2283//267
f  2277//1998 2283//267 2284//269 2278//1999
f  2285//2004 2272//1993 2271//1992 2281//2002
f  2286//271 2273//1994 2272//1993 2287//272
f  2288//2005 2287//272 2272//1993 2285//2004
f  2289//254 2199//251 2201//250 2214//270
f  2290//274 2256//262 2253//1981 2254//1982
f  2256//262 2290//274 2291//276 2257//260
f  2290//274 2254//1982 2274//1995 2292//275
f  2292//275 2274//1995 2273//1994 2286//271
f  2248//245 2257//260 2293//2006 2294//263
f  2257//260 2291//276 2295//279 2293//2006
f  2296//2007 2297//273 2287//272 2288//2005
f  2295//279 2291//276 2297//273 2296//2007
f  2295//279 2296//2007 2298//2008 2299//277
f  2223//1958 2293//2006 2295//279 2226//278
f  2203//1939 2133//1879 2279//2000 2278//1999
f  2279//2000 2133//1879 2135//1881 2280//2001
f  2205//1941 2203//1939 2278//1999 2284//269
f  2208//1944 2205//1941 2284//269 2300//268
f  2211//1947 2208//1944 2300//268 2214//270
f  2135//1881 2136//1882 2282//2003 2280//2001
f  2301//2009 2282//2003 2136//1882 2302//2010
f  2136//1882 2132//1878 2139//1885 2302//2010
f  2285//2004 2281//2002 2282//2003 2301//2009
f  2285//2004 2301//2009 2303//2011 2288//2005
f  2301//2009 2302//2010 2304//2012 2303//2011
f  2303//2011 2304//2012 2305//2013 2298//2008
f  2305//2013 2228//1962 2299//277 2298//2008
f  2305//2013 2304//2012 2306//2014 2307//2015
f  2305//2013 2307//2015 2229//1963 2228//1962
f  2298//2008 2296//2007 2288//2005 2303//2011
f  2252//1980 2269//1990 2274//1995 2254//1982
f  2294//263 2221//1956 2184//1927 2186//246
f  2293//2006 2223//1958 2221//1956 2294//263
f  2228//1962 2225//1960 2226//278 2299//277
f  2026//235 2107//234 2110//241 2064//1815
f  2308//2016 2191//1932 2066//1817 2111//1857
f  2108//1855 2115//1861 2308//2016 2111//1857
f  2308//2016 2115//1861 2125//1871 2309//2017
f  2192//1933 2191//1932 2308//2016 2309//2017
f  2191//1932 2053//1805 2052//1804 2066//1817
f  2065//1816 2064//1815 2110//241 2109//1856
f  2065//1816 2109//1856 2111//1857 2066//1817
f  2124//1870 2128//1874 2207//1943 2125//1871
f  2125//1871 2207//1943 2210//1946 2309//2017
f  2193//1934 2192//1933 2309//2017 2210//1946
f  2310//2018 2311//2019 2312//2020 2313//2021
f  2314//2022 2230//1964 2310//2018 2313//2021
f  2310//2018 2307//2015 2306//2014 2311//2019
f  2229//1963 2307//2015 2310//2018 2230//1964
f  2312//2020 2137//1883 2119//1865 2315//2023
f  2119//1865 2120//1866 2316//2024 2315//2023
f  2311//2019 2138//1884 2137//1883 2312//2020
f  2138//1884 2311//2019 2306//2014 2139//1885
f  2317//2025 2313//2021 2312//2020 2315//2023
f  2218//1953 2231//1965 2318//2026 2082//1833
f  2083//1834 2318//2026 2319//2027 2320//2028
f  2321//2029 2084//1835 2083//1834 2320//2028
f  2083//1834 2081//1832 2082//1833 2318//2026
f  2318//2026 2231//1965 2314//2022 2319//2027
f  2231//1965 2227//1961 2230//1964 2314//2022
f  2314//2022 2313//2021 2317//2025 2319//2027
f  2322//2030 2320//2028 2319//2027 2317//2025
f  2316//2024 2120//1866 2121//1867 2146//1890
f  2322//2030 2316//2024 2146//1890 2323//2031
f  2146//1890 2147//1891 2324//2032 2323//2031
f  2147//1891 2148//1892 2325//2033 2324//2032
f  2326//2034 2325//2033 2148//1892 2149//1893
f  2315//2023 2316//2024 2322//2030 2317//2025
f  2321//2029 2320//2028 2322//2030 2323//2031
f  2088//1839 2321//2029 2323//2031 2324//2032
f  2085//1836 2084//1835 2321//2029 2088//1839
f  2325//2033 2089//1840 2088//1839 2324//2032
f  2090//1841 2089//1840 2325//2033 2326//2034
f  2302//2010 2139//1885 2306//2014 2304//2012
f  1322//1190 1933//1700 2327//2035 1323//1191
f  2328//2036 2327//2035 1933//1700 2329//2037
f  1933//1700 1932//1699 1945//1712 2329//2037
f  1323//1191 2327//2035 2330//2038 1326//1194
f  2331//2039 2330//2038 2327//2035 2328//2036
f  2332//2040 1339//1207 1326//1194 2330//2038
f  2333//2041 2332//2040 2330//2038 2331//2039
f  1339//1207 2332//2040 2334//2042 1340//1208
f  2332//2040 2333//2041 2335//2043 2334//2042
f  2328//2036 2329//2037 2336//2044 2337//2045
f  2338//2046 2331//2039 2328//2036 2337//2045
f  2336//2044 2329//2037 1945//1712 1948//1715
f  1948//1715 1947//1714 1952//1719 2339//2047
f  2340//2048 2336//2044 1948//1715 2339//2047
f  2341//2049 2337//2045 2336//2044 2340//2048
f  2342//2050 2333//2041 2331//2039 2338//2046
f  2333//2041 2342//2050 2343//2051 2335//2043
f  2344//2052 2338//2046 2337//2045 2341//2049
f  2345//2053 2342//2050 2338//2046 2344//2052
f  2341//2049 2340//2048 2346//2054 2347//2055
f  2348//2056 2344//2052 2341//2049 2347//2055
f  2342//2050 2345//2053 2349//2057 2343//2051
f  2350//2058 2345//2053 2344//2052 2348//2056
f  2351//2059 2349//2057 2345//2053 2350//2058
f  2352//2060 1411//1278 1340//1208 2334//2042
f  1411//1278 2352//2060 2353//2061 1417//1281
f  2354//2062 2352//2060 2334//2042 2335//2043
f  2355//2063 2353//2061 2352//2060 2354//2062
f  2356//2064 1418//1282 1417//1281 2353//2061
f  1418//1282 2356//2064 2357//2065 1419//1283
f  2353//2061 2355//2063 2358//2066 2356//2064
f  2355//2063 2354//2062 2359//2067 2360//2068
f  2361//2069 2358//2066 2355//2063 2360//2068
f  2356//2064 2358//2066 2362//2070 2357//2065
f  2358//2066 2361//2069 2363//2071 2362//2070
f  2359//2067 2354//2062 2335//2043 2343//2051
f  2364//2072 2359//2067 2343//2051 2349//2057
f  2365//2073 2360//2068 2359//2067 2364//2072
f  2366//2074 2364//2072 2349//2057 2351//2059
f  2367//2075 2365//2073 2364//2072 2366//2074
f  2368//2076 2361//2069 2360//2068 2365//2073
f  2361//2069 2368//2076 2369//2077 2363//2071
f  2370//2078 2368//2076 2365//2073 2367//2075
f  2368//2076 2370//2078 2371//2079 2369//2077
f  2370//2078 2367//2075 2372//2080 2373//2081
f  2374//2082 2371//2079 2370//2078 2373//2081
f  2375//2083 2376//2084 2377//2085 2378//2086
f  2375//2083 2379//2087 2380//2088 2376//2084
f  2381//2089 2382//2090 2375//2083 2378//2086
f  2383//2091 2379//2087 2375//2083 2382//2090
f  2384//282 2380//2088 2379//2087 2385//2092
f  2379//2087 2383//2091 2386//2093 2385//2092
f  2377//2085 2376//2084 2387//2094 2388//2095
f  2389//2096 2378//2086 2377//2085 2390//2097
f  2377//2085 2388//2095 2391//2098 2390//2097
f  2392//2099 2387//2094 2376//2084 2380//2088
f  2388//2095 2387//2094 2393//2100 2394//2101
f  2388//2095 2394//2101 2395//2102 2391//2098
f  2387//2094 2392//2099 2396//2103 2393//2100
f  2380//2088 2384//282 2397//281 2392//2099
f  2384//282 2385//2092 2398//2104 2399//280
f  2392//2099 2397//281 2400//2105 2396//2103
f  2401//2106 2400//2105 2397//281 2399//280
f  2394//2101 2393//2100 2402//2107 2403//2108
f  2404//2109 2395//2102 2394//2101 2403//2108
f  2405//2110 2402//2107 2393//2100 2396//2103
f  2406//2111 2403//2108 2402//2107 2407//2112
f  2402//2107 2405//2110 2408//2113 2407//2112
f  2396//2103 2400//2105 2409//2114 2405//2110
f  2400//2105 2401//2106 2410//2115 2409//2114
f  2405//2110 2409//2114 2411//349 2408//2113
f  2412//2116 2413//2117 2414//2118 2415//2119
f  2416//2120 2417//2121 2412//2116 2415//2119
f  2418//2122 2413//2117 2412//2116 2419//2123
f  2412//2116 2417//2121 2420//2124 2419//2123
f  2421//2125 2420//2124 2417//2121 2422//2126
f  2417//2121 2416//2120 2423//2127 2422//2126
f  2414//2118 2413//2117 2424//2128 2425//2129
f  2424//2128 2413//2117 2418//2122 2426//2130
f  2424//2128 2426//2130 2427//296 2428//2131
f  2429//2132 2425//2129 2424//2128 2428//2131
f  2430//2133 2414//2118 2425//2129 2431//2134
f  2425//2129 2429//2132 2432//316 2431//2134
f  2433//2135 2415//2119 2414//2118 2430//2133
f  2415//2119 2433//2135 2434//2136 2416//2120
f  2435//2137 2436//2138 2437//2139 2438//2140
f  2439//317 2440//2141 2437//2139 2436//2138
f  2441//2142 2438//2140 2437//2139 2442//284
f  2437//2139 2440//2141 2443//285 2442//284
f  2430//2133 2444//2143 2445//2144 2433//2135
f  2430//2133 2431//2134 2446//2145 2444//2143
f  2447//2146 2445//2144 2444//2143 2435//2137
f  2436//2138 2435//2137 2444//2143 2446//2145
f  2433//2135 2445//2144 2448//2147 2434//2136
f  2445//2144 2447//2146 2449//2148 2448//2147
f  2435//2137 2438//2140 2450//2149 2447//2146
f  2416//2120 2434//2136 2451//286 2423//2127
f  2452//2150 2449//2148 2447//2146 2450//2149
f  2434//2136 2448//2147 2453//287 2451//286
f  2448//2147 2449//2148 2454//289 2453//287
f  2449//2148 2452//2150 2455//2151 2454//289
f  2456//2152 2457//2153 2458//290 2459//292
f  2458//290 2457//2153 2460//2154 2461//293
f  2457//2153 2456//2152 2462//301 2463//303
f  2457//2153 2463//303 2464//2155 2460//2154
f  2382//2090 2381//2089 2465//2156 2466//2157
f  2382//2090 2466//2157 2467//2158 2383//2091
f  2381//2089 2378//2086 2389//2096 2468//2159
f  2381//2089 2468//2159 2469//2160 2465//2156
f  2470//297 2468//2159 2389//2096 2471//298
f  2389//2096 2390//2097 2472//2161 2471//298
f  2473//295 2469//2160 2468//2159 2470//297
f  2456//2152 2459//292 2471//298 2472//2161
f  2474//2162 2465//2156 2469//2160 2475//2163
f  2476//294 2475//2163 2469//2160 2473//295
f  2474//2162 2475//2163 2426//2130 2418//2122
f  2426//2130 2475//2163 2476//294 2427//296
f  2418//2122 2419//2123 2477//2164 2474//2162
f  2466//2157 2465//2156 2474//2162 2477//2164
f  2466//2157 2477//2164 2478//2165 2467//2158
f  2478//2165 2477//2164 2419//2123 2420//2124
f  2470//297 2459//292 2479//291 2473//295
f  2480//5 2428//2131 2427//296 2479//291
f  2481//304 2386//2093 2383//2091 2467//2158
f  2386//2093 2481//304 2482//306 2483//307
f  2398//2104 2385//2092 2386//2093 2483//307
f  2467//2158 2478//2165 2484//305 2481//304
f  2484//305 2478//2165 2420//2124 2421//2125
f  2484//305 2421//2125 2485//309 2482//306
f  2421//2125 2422//2126 2486//2166 2485//309
f  2487//2167 2486//2166 2422//2126 2423//2127
f  2488//2168 2472//2161 2390//2097 2391//2098
f  2462//301 2456//2152 2472//2161 2488//2168
f  2489//2169 2488//2168 2391//2098 2395//2102
f  2490//302 2462//301 2488//2168 2489//2169
f  2491//2170 2463//303 2490//302 2492//311
f  2490//302 2489//2169 2493//2171 2494//310
f  2399//280 2398//2104 2495//336 2401//2106
f  2496//5 2429//2132 2428//2131 2480//5
f  2429//2132 2496//5 2497//5 2432//316
f  2446//2145 2431//2134 2432//316 2498//315
f  2439//317 2436//2138 2446//2145 2498//315
f  2440//2141 2439//317 2497//5 2499//5
f  2440//2141 2499//5 2500//5 2443//285
f  2461//293 2460//2154 2501//2172 2502//299
f  2487//2167 2423//2127 2451//286 2503//288
f  2463//303 2491//2170 2504//2173 2464//2155
f  2491//2170 2492//311 2505//312 2506//2174
f  2507//2175 2504//2173 2491//2170 2506//2174
f  2460//2154 2464//2155 2508//2176 2501//2172
f  2464//2155 2504//2173 2509//2177 2508//2176
f  2510//329 2509//2177 2504//2173 2507//2175
f  2438//2140 2441//2142 2511//2178 2450//2149
f  2441//2142 2442//284 2512//283 2513//2179
f  2514//2180 2511//2178 2441//2142 2513//2179
f  2450//2149 2511//2178 2515//2181 2452//2150
f  2516//2182 2515//2181 2511//2178 2514//2180
f  2452//2150 2515//2181 2517//2183 2455//2151
f  2515//2181 2516//2182 2518//325 2517//2183
f  2519//322 2520//300 2502//299 2521//323
f  2502//299 2501//2172 2522//2184 2521//323
f  2501//2172 2508//2176 2523//2185 2522//2184
f  2524//318 2525//319 2526//2186 2512//283
f  2525//319 2527//320 2528//2187 2526//2186
f  2529//2188 2513//2179 2512//283 2526//2186
f  2513//2179 2529//2188 2530//2189 2514//2180
f  2531//2190 2529//2188 2526//2186 2528//2187
f  2532//2191 2533//2192 2531//2190 2528//2187
f  2530//2189 2529//2188 2531//2190 2534//2193
f  2531//2190 2533//2192 2535//2194 2534//2193
f  2533//2192 2532//2191 2536//2195 2537//2196
f  2533//2192 2537//2196 2538//2197 2535//2194
f  2532//2191 2528//2187 2527//320 2539//321
f  2532//2191 2539//321 2519//322 2536//2195
f  2540//2198 2536//2195 2519//322 2541//324
f  2514//2180 2530//2189 2542//2199 2516//2182
f  2530//2189 2534//2193 2543//2200 2542//2199
f  2544//2201 2543//2200 2534//2193 2535//2194
f  2516//2182 2542//2199 2545//326 2518//325
f  2542//2199 2543//2200 2546//328 2545//326
f  2547//2202 2546//328 2543//2200 2544//2201
f  2548//2203 2517//2183 2518//325 2549//327
f  2546//328 2547//2202 2550//2204 2549//327
f  2508//2176 2509//2177 2551//333 2523//2185
f  2509//2177 2510//329 2552//331 2551//333
f  2521//323 2522//2184 2553//2205 2541//324
f  2522//2184 2523//2185 2554//2206 2553//2205
f  2555//334 2554//2206 2523//2185 2551//333
f  2556//2207 2537//2196 2536//2195 2540//2198
f  2557//2208 2538//2197 2537//2196 2556//2207
f  2558//2209 2544//2201 2535//2194 2538//2197
f  2559//2210 2547//2202 2544//2201 2558//2209
f  2560//2211 2558//2209 2538//2197 2557//2208
f  2547//2202 2559//2210 2561//2212 2550//2204
f  2562//2213 2559//2210 2558//2209 2560//2211
f  2559//2210 2562//2213 2563//2214 2561//2212
f  2564//2215 2540//2198 2541//324 2553//2205
f  2565//2216 2556//2207 2540//2198 2564//2215
f  2556//2207 2565//2216 2566//2217 2557//2208
f  2553//2205 2554//2206 2567//2218 2564//2215
f  2554//2206 2555//334 2568//2219 2567//2218
f  2569//2220 2565//2216 2564//2215 2567//2218
f  2570//2221 2566//2217 2565//2216 2569//2220
f  2560//2211 2557//2208 2566//2217 2571//2222
f  2572//2223 2571//2222 2566//2217 2570//2221
f  2562//2213 2560//2211 2571//2222 2573//2224
f  2574//2225 2563//2214 2562//2213 2573//2224
f  2575//2226 2561//2212 2563//2214 2574//2225
f  2576//2227 2573//2224 2571//2222 2572//2223
f  2577//2228 2574//2225 2573//2224 2576//2227
f  2495//336 2398//2104 2483//307 2578//308
f  2485//309 2486//2166 2579//2229 2578//308
f  2580//2230 2579//2229 2486//2166 2487//2167
f  2401//2106 2495//336 2581//338 2410//2115
f  2578//308 2579//2229 2582//2231 2583//337
f  2584//2232 2582//2231 2579//2229 2580//2230
f  2581//338 2583//337 2582//2231 2585//2233
f  2582//2231 2584//2232 2586//2234 2585//2233
f  2581//338 2585//2233 2587//2235 2588//2236
f  2589//347 2410//2115 2581//338 2588//2236
f  2487//2167 2503//288 2590//2237 2580//2230
f  2580//2230 2590//2237 2591//2238 2584//2232
f  2592//2239 2503//288 2454//289 2455//2151
f  2593//2240 2590//2237 2503//288 2592//2239
f  2594//2241 2591//2238 2590//2237 2593//2240
f  2595//2242 2586//2234 2584//2232 2591//2238
f  2596//2243 2587//2235 2585//2233 2586//2234
f  2597//2244 2598//2245 2587//2235 2596//2243
f  2599//2246 2588//2236 2587//2235 2598//2245
f  2598//2245 2597//2244 2600//2247 2601//2248
f  2602//2249 2599//2246 2598//2245 2601//2248
f  2603//2250 2596//2243 2586//2234 2595//2242
f  2604//2251 2595//2242 2591//2238 2594//2241
f  2605//2252 2597//2244 2596//2243 2603//2250
f  2597//2244 2605//2252 2606//2253 2600//2247
f  2607//2254 2603//2250 2595//2242 2604//2251
f  2608//2255 2605//2252 2603//2250 2607//2254
f  2605//2252 2608//2255 2609//2256 2606//2253
f  2610//2257 2601//2248 2600//2247 2611//2258
f  2600//2247 2606//2253 2612//2259 2611//2258
f  2548//2203 2592//2239 2455//2151 2517//2183
f  2613//339 2593//2240 2592//2239 2548//2203
f  2614//341 2594//2241 2593//2240 2613//339
f  2548//2203 2549//327 2615//340 2613//339
f  2616//2260 2615//340 2549//327 2550//2204
f  2617//343 2604//2251 2594//2241 2614//341
f  2618//345 2607//2254 2604//2251 2617//343
f  2619//2261 2608//2255 2607//2254 2618//345
f  2608//2255 2619//2261 2620//2262 2609//2256
f  2617//343 2614//341 2615//340 2616//2260
f  2621//2263 2618//345 2622//342 2623//346
f  2617//343 2616//2260 2575//2226 2624//344
f  2625//2264 2619//2261 2618//345 2621//2263
f  2606//2253 2609//2256 2626//2265 2612//2259
f  2575//2226 2616//2260 2550//2204 2561//2212
f  2624//344 2575//2226 2574//2225 2577//2228
f  2624//344 2577//2228 2627//2266 2623//346
f  2628//2267 2507//2175 2506//2174 2505//312
f  2629//313 2630//2268 2628//2267 2505//312
f  2510//329 2507//2175 2628//2267 2631//330
f  2628//2267 2630//2268 2632//2269 2631//330
f  2630//2268 2629//313 2633//2270 2634//2271
f  2630//2268 2634//2271 2635//2272 2632//2269
f  2493//2171 2489//2169 2395//2102 2404//2109
f  2636//2273 2493//2171 2404//2109 2637//2274
f  2404//2109 2403//2108 2406//2111 2637//2274
f  2638//314 2494//310 2493//2171 2636//2273
f  2636//2273 2637//2274 2639//2275 2640//2276
f  2641//2277 2638//314 2636//2273 2640//2276
f  2633//2270 2629//313 2638//314 2641//2277
f  2589//347 2411//349 2409//2114 2410//2115
f  2642//2278 2408//2113 2411//349 2643//348
f  2643//348 2589//347 2644//2279 2645//2280
f  2646//2281 2642//2278 2643//348 2645//2280
f  2637//2274 2406//2111 2647//2282 2639//2275
f  2406//2111 2407//2112 2648//2283 2647//2282
f  2649//2284 2648//2283 2407//2112 2408//2113
f  2650//2285 2647//2282 2648//2283 2651//2286
f  2648//2283 2649//2284 2652//2287 2651//2286
f  2639//2275 2647//2282 2650//2285 2653//2288
f  2654//2289 2640//2276 2639//2275 2653//2288
f  2633//2270 2641//2277 2640//2276 2654//2289
f  2655//2290 2653//2288 2650//2285 2656//2291
f  2650//2285 2651//2286 2657//2292 2656//2291
f  2408//2113 2642//2278 2658//2293 2649//2284
f  2659//2294 2658//2293 2642//2278 2646//2281
f  2649//2284 2658//2293 2660//2295 2652//2287
f  2661//2296 2660//2295 2658//2293 2659//2294
f  2654//2289 2662//2297 2634//2271 2633//2270
f  2654//2289 2653//2288 2655//2290 2662//2297
f  2663//2298 2635//2272 2634//2271 2662//2297
f  2664//2299 2665//2300 2635//2272 2663//2298
f  2666//2301 2632//2269 2635//2272 2665//2300
f  2662//2297 2655//2290 2667//2302 2663//2298
f  2655//2290 2656//2291 2668//2303 2667//2302
f  2651//2286 2652//2287 2669//2304 2657//2292
f  2652//2287 2660//2295 2670//2305 2669//2304
f  2671//2306 2670//2305 2660//2295 2661//2296
f  2656//2291 2657//2292 2672//2307 2668//2303
f  2657//2292 2669//2304 2673//2308 2672//2307
f  2669//2304 2670//2305 2674//2309 2673//2308
f  2675//2310 2674//2309 2670//2305 2671//2306
f  2631//330 2632//2269 2666//2301 2676//332
f  2555//334 2677//335 2678//2311 2568//2219
f  2679//2312 2677//335 2676//332 2666//2301
f  2677//335 2679//2312 2680//2313 2678//2311
f  2679//2312 2666//2301 2665//2300 2664//2299
f  2664//2299 2663//2298 2667//2302 2681//2314
f  2680//2313 2679//2312 2664//2299 2681//2314
f  2682//2315 2681//2314 2667//2302 2668//2303
f  2680//2313 2681//2314 2682//2315 2683//2316
f  2684//2317 2678//2311 2680//2313 2683//2316
f  2683//2316 2682//2315 2685//2318 2686//2319
f  2687//2320 2684//2317 2683//2316 2686//2319
f  2682//2315 2668//2303 2672//2307 2685//2318
f  2688//2321 2686//2319 2685//2318 2689//2322
f  2685//2318 2672//2307 2673//2308 2689//2322
f  2690//2323 2569//2220 2567//2218 2568//2219
f  2569//2220 2690//2323 2691//2324 2570//2221
f  2568//2219 2678//2311 2684//2317 2690//2323
f  2690//2323 2684//2317 2687//2320 2691//2324
f  2572//2223 2570//2221 2691//2324 2692//2325
f  2693//2326 2692//2325 2691//2324 2687//2320
f  2577//2228 2576//2227 2694//2327 2627//2266
f  2576//2227 2572//2223 2692//2325 2694//2327
f  2695//2328 2694//2327 2692//2325 2693//2326
f  2696//2329 2627//2266 2694//2327 2695//2328
f  2621//2263 2623//346 2627//2266 2696//2329
f  2687//2320 2686//2319 2688//2321 2693//2326
f  2697//2330 2695//2328 2693//2326 2688//2321
f  2698//2331 2696//2329 2695//2328 2699//2332
f  2695//2328 2697//2330 2700//2333 2699//2332
f  2688//2321 2689//2322 2701//2334 2697//2330
f  2697//2330 2701//2334 2702//2335 2700//2333
f  2673//2308 2674//2309 2701//2334 2689//2322
f  2702//2335 2701//2334 2674//2309 2675//2310
f  2589//347 2588//2236 2599//2246 2644//2279
f  2644//2279 2599//2246 2602//2249 2703//2336
f  2704//2337 2645//2280 2644//2279 2703//2336
f  2703//2336 2602//2249 2705//2338 2706//2339
f  2707//2340 2704//2337 2703//2336 2706//2339
f  2602//2249 2601//2248 2610//2257 2705//2338
f  2708//2341 2646//2281 2645//2280 2704//2337
f  2646//2281 2708//2341 2709//2342 2659//2294
f  2710//2343 2708//2341 2704//2337 2707//2340
f  2711//2344 2709//2342 2708//2341 2710//2343
f  2712//2345 2706//2339 2705//2338 2713//2346
f  2714//2347 2713//2346 2705//2338 2610//2257
f  2715//2348 2712//2345 2713//2346 2716//2349
f  2713//2346 2714//2347 2717//2350 2716//2349
f  2718//2351 2707//2340 2706//2339 2712//2345
f  2707//2340 2718//2351 2719//2352 2710//2343
f  2718//2351 2712//2345 2715//2348 2720//2353
f  2721//2354 2719//2352 2718//2351 2720//2353
f  2610//2257 2611//2258 2722//2355 2714//2347
f  2723//2356 2722//2355 2611//2258 2612//2259
f  2714//2347 2722//2355 2724//2357 2717//2350
f  2722//2355 2723//2356 2725//2358 2724//2357
f  2726//2359 2661//2296 2659//2294 2709//2342
f  2727//2360 2671//2306 2661//2296 2726//2359
f  2728//2361 2726//2359 2709//2342 2711//2344
f  2671//2306 2727//2360 2729//2362 2675//2310
f  2730//2363 2727//2360 2726//2359 2728//2361
f  2727//2360 2730//2363 2731//2364 2729//2362
f  2732//2365 2711//2344 2710//2343 2719//2352
f  2711//2344 2732//2365 2733//2366 2728//2361
f  2734//2367 2732//2365 2719//2352 2721//2354
f  2735//2368 2733//2366 2732//2365 2734//2367
f  2736//2369 2730//2363 2728//2361 2733//2366
f  2730//2363 2736//2369 2737//2370 2731//2364
f  2738//350 2736//2369 2733//2366 2735//2368
f  2739//2371 2737//2370 2736//2369 2738//350
f  2740//2372 2620//2262 2619//2261 2625//2264
f  2609//2256 2620//2262 2741//2373 2626//2265
f  2620//2262 2740//2372 2742//2374 2741//2373
f  2698//2331 2625//2264 2621//2263 2696//2329
f  2625//2264 2698//2331 2743//2375 2740//2372
f  2698//2331 2699//2332 2744//2376 2743//2375
f  2740//2372 2743//2375 2745//2377 2742//2374
f  2699//2332 2700//2333 2746//2378 2744//2376
f  2700//2333 2702//2335 2747//2379 2746//2378
f  2743//2375 2744//2376 2748//2380 2745//2377
f  2749//2381 2748//2380 2744//2376 2746//2378
f  2612//2259 2626//2265 2750//2382 2723//2356
f  2626//2265 2741//2373 2751//2383 2750//2382
f  2741//2373 2742//2374 2752//2384 2751//2383
f  2723//2356 2750//2382 2753//2385 2725//2358
f  2750//2382 2751//2383 2754//2386 2753//2385
f  2755//2387 2752//2384 2742//2374 2745//2377
f  2751//2383 2752//2384 2756//2388 2754//2386
f  2752//2384 2755//2387 2757//2389 2756//2388
f  2745//2377 2748//2380 2758//2390 2755//2387
f  2748//2380 2749//2381 2759//2391 2758//2390
f  2755//2387 2758//2390 2760//2392 2757//2389
f  2747//2379 2702//2335 2675//2310 2729//2362
f  2747//2379 2729//2362 2731//2364 2761//2393
f  2749//2381 2746//2378 2747//2379 2761//2393
f  2761//2393 2731//2364 2737//2370 2762//2394
f  2759//2391 2749//2381 2761//2393 2762//2394
f  2763//2395 2762//2394 2737//2370 2739//2371
f  2764//2396 2759//2391 2762//2394 2763//2395
f  2758//2390 2759//2391 2764//2396 2760//2392
f  2765//2397 2766//2398 2767//2399 2768//2400
f  2767//2399 2766//2398 2769//2401 2770//2402
f  2767//2399 2771//2403 2772//2404 2768//2400
f  2773//2405 2771//2403 2767//2399 2770//2402
f  2774//2406 2766//2398 2765//2397 2775//2407
f  2765//2397 2768//2400 2776//2408 2777//2409
f  2778//2410 2775//2407 2765//2397 2777//2409
f  2779//2411 2769//2401 2766//2398 2774//2406
f  2780//2412 2770//2402 2769//2401 2781//2413
f  2769//2401 2779//2411 2782//2414 2781//2413
f  1363//1230 1277//1147 1278//1148 2783//2415
f  1363//1230 2783//2415 2784//2416 1364//1231
f  2783//2415 1278//1148 2785//2417 2786//2418
f  2787//2419 2784//2416 2783//2415 2786//2418
f  1278//1148 1279//1149 2788//2420 2785//2417
f  1279//1149 1280//1150 2789//2421 2788//2420
f  2790//2422 2789//2421 1280//1150 1286//1154
f  2791//2423 2786//2418 2785//2417 2792//2424
f  2785//2417 2788//2420 2793//2425 2792//2424
f  2788//2420 2789//2421 2794//2426 2793//2425
f  2789//2421 2790//2422 2795//2427 2794//2426
f  2796//2428 2790//2422 1286//1154 1289//1157
f  2790//2422 2796//2428 2797//2429 2795//2427
f  1362//1229 2798//2430 2799//2431 2800//2432
f  2801//2433 1347//1215 1362//1229 2800//2432
f  1362//1229 1360//1227 1361//1228 2798//2430
f  2802//2434 1348//1216 1347//1215 2801//2433
f  2803//2435 2804//2436 2805//2437 2806//2438
f  2805//2437 2800//2432 2799//2431 2807//2439
f  2801//2433 2800//2432 2805//2437 2804//2436
f  2808//2440 2806//2438 2805//2437 2807//2439
f  2804//2436 2803//2435 2809//2441 2810//2442
f  2802//2434 2801//2433 2804//2436 2810//2442
f  2717//2350 2724//2357 2803//2435 2806//2438
f  2803//2435 2724//2357 2725//2358 2809//2441
f  2799//2431 2798//2430 2811//2443 2812//2444
f  2813//2445 2807//2439 2799//2431 2812//2444
f  2798//2430 1361//1228 1364//1231 2811//2443
f  2812//2444 2811//2443 2814//2446 2815//2447
f  2816//2448 2813//2445 2812//2444 2815//2447
f  2817//2449 1349//1217 1348//1216 2802//2434
f  2818//2450 1352//1220 1349//1217 2817//2449
f  2819//2451 2820//2452 1352//1220 2818//2450
f  1375//1242 1351//1219 1352//1220 2820//2452
f  2821//2453 2810//2442 2809//2441 2822//2454
f  2809//2441 2725//2358 2753//2385 2822//2454
f  2817//2449 2802//2434 2810//2442 2821//2453
f  2818//2450 2817//2449 2821//2453 2823//2455
f  2821//2453 2822//2454 2824//2456 2823//2455
f  2819//2451 2818//2450 2823//2455 2825//2457
f  2823//2455 2824//2456 2826//2458 2825//2457
f  2820//2452 2827//2459 2828//2460 1375//1242
f  2820//2452 2819//2451 2829//2461 2827//2459
f  2819//2451 2825//2457 2830//2462 2829//2461
f  2814//2446 2811//2443 1364//1231 2784//2416
f  2831//2463 2814//2446 2784//2416 2787//2419
f  2832//2464 2815//2447 2814//2446 2831//2463
f  2833//2465 2831//2463 2787//2419 2834//2466
f  2787//2419 2786//2418 2791//2423 2834//2466
f  2716//2349 2808//2440 2835//2467 2715//2348
f  2716//2349 2717//2350 2806//2438 2808//2440
f  2808//2440 2807//2439 2813//2445 2835//2467
f  2720//2353 2715//2348 2835//2467 2836//2468
f  2720//2353 2836//2468 2837//2469 2721//2354
f  2836//2468 2835//2467 2813//2445 2816//2448
f  2836//2468 2816//2448 2838//2470 2837//2469
f  2838//2470 2816//2448 2815//2447 2832//2464
f  2839//2471 2838//2470 2832//2464 2840//2472
f  2832//2464 2831//2463 2833//2465 2840//2472
f  2721//2354 2837//2469 2841//2473 2734//2367
f  2837//2469 2838//2470 2839//2471 2841//2473
f  2842//2474 2735//2368 2734//2367 2841//2473
f  2843//351 2738//350 2735//2368 2842//2474
f  2844//2475 2739//2371 2738//350 2845//352
f  2842//2474 2841//2473 2839//2471 2846//2476
f  2839//2471 2840//2472 2847//2477 2846//2476
f  2848//2478 2843//351 2842//2474 2846//2476
f  2843//351 2848//2478 2849//2479 2845//352
f  2850//2480 2848//2478 2846//2476 2847//2477
f  2851//2481 2849//2479 2848//2478 2850//2480
f  2824//2456 2822//2454 2753//2385 2754//2386
f  2826//2458 2824//2456 2754//2386 2756//2388
f  2756//2388 2757//2389 2852//2482 2826//2458
f  2853//2483 2852//2482 2757//2389 2760//2392
f  2830//2462 2825//2457 2826//2458 2852//2482
f  2854//2484 2830//2462 2852//2482 2853//2483
f  2855//2485 2829//2461 2830//2462 2854//2484
f  2855//2485 2854//2484 2856//2486 2857//2487
f  2855//2485 2857//2487 2858//2488 2859//2489
f  2827//2459 2829//2461 2855//2485 2859//2489
f  2854//2484 2853//2483 2860//2490 2856//2486
f  2857//2487 2856//2486 2861//2491 2862//2492
f  2863//2493 2858//2488 2857//2487 2862//2492
f  2864//2494 2763//2395 2739//2371 2844//2475
f  2853//2483 2760//2392 2764//2396 2860//2490
f  2764//2396 2763//2395 2864//2494 2860//2490
f  2861//2491 2856//2486 2860//2490 2864//2494
f  2864//2494 2844//2475 2865//2495 2861//2491
f  2865//2495 2844//2475 2845//352 2849//2479
f  2866//2496 2865//2495 2849//2479 2851//2481
f  2862//2492 2861//2491 2865//2495 2866//2496
f  2840//2472 2833//2465 2867//2497 2847//2477
f  2833//2465 2834//2466 2868//2498 2867//2497
f  2867//2497 2868//2498 2869//2499 2870//2500
f  2850//2480 2847//2477 2867//2497 2870//2500
f  2834//2466 2791//2423 2871//2501 2868//2498
f  2791//2423 2792//2424 2872//2502 2871//2501
f  2868//2498 2871//2501 2873//2503 2869//2499
f  2874//2504 2873//2503 2871//2501 2872//2502
f  2869//2499 2873//2503 2875//2505 2876//2506
f  2877//2507 2870//2500 2869//2499 2876//2506
f  2878//2508 2875//2505 2873//2503 2874//2504
f  2850//2480 2870//2500 2877//2507 2851//2481
f  2862//2492 2866//2496 2879//2509 2863//2493
f  2879//2509 2877//2507 2876//2506 2880//2510
f  2881//2511 2863//2493 2879//2509 2880//2510
f  2879//2509 2866//2496 2851//2481 2877//2507
f  2881//2511 2882//2512 2858//2488 2863//2493
f  2883//2513 2859//2489 2858//2488 2882//2512
f  2882//2512 2881//2511 2884//2514 2885//2515
f  2886//2516 2883//2513 2882//2512 2885//2515
f  2887//2517 2880//2510 2876//2506 2875//2505
f  2884//2514 2881//2511 2880//2510 2887//2517
f  2888//2518 2887//2517 2875//2505 2878//2508
f  2884//2514 2887//2517 2888//2518 2889//2519
f  2890//2520 2885//2515 2884//2514 2889//2519
f  2827//2459 2859//2489 2883//2513 2828//2460
f  2891//2521 2892//2522 2893//2523 2894//2524
f  2895//2525 2896//2526 2891//2521 2894//2524
f  2897//2527 2892//2522 2891//2521 2898//2528
f  2891//2521 2896//2526 2899//2529 2898//2528
f  1391//1258 1374//1241 1375//1242 2828//2460
f  1392//1259 1391//1258 2886//2516 2900//2530
f  2901//2531 1393//1260 1392//1259 2900//2530
f  1391//1258 2828//2460 2883//2513 2886//2516
f  2886//2516 2885//2515 2890//2520 2900//2530
f  2893//2523 2892//2522 2902//2532 2903//2533
f  2902//2532 2904//2534 2905//2535 2903//2533
f  2902//2532 2892//2522 2897//2527 2906//2536
f  2907//2537 2904//2534 2902//2532 2906//2536
f  2904//2534 2908//2538 2909//2539 2905//2535
f  2910//2540 2908//2538 2904//2534 2907//2537
f  2911//2541 2894//2524 2893//2523 2912//2542
f  2893//2523 2903//2533 2913//2543 2912//2542
f  2914//2544 2913//2543 2903//2533 2905//2535
f  2915//2545 2916//2546 2917//2547 2918//2548
f  2915//2545 2918//2548 2775//2407 2778//2410
f  2919//2549 2916//2546 2915//2545 2920//2550
f  2915//2545 2778//2410 2921//2551 2920//2550
f  2916//2546 2899//2529 2896//2526 2917//2547
f  2922//2552 2917//2547 2896//2526 2895//2525
f  2916//2546 2919//2549 2923//2553 2899//2529
f  2924//2554 2918//2548 2917//2547 2922//2552
f  2925//2555 2922//2552 2895//2525 2926//2556
f  2895//2525 2894//2524 2911//2541 2926//2556
f  2924//2554 2774//2406 2775//2407 2918//2548
f  2774//2406 2924//2554 2927//2557 2779//2411
f  2924//2554 2922//2552 2925//2555 2927//2557
f  2779//2411 2927//2557 2928//2558 2782//2414
f  2927//2557 2925//2555 2929//2559 2928//2558
f  2925//2555 2926//2556 2930//2560 2929//2559
f  2926//2556 2911//2541 2931//2561 2930//2560
f  2929//2559 2930//2560 2932//2562 2933//2563
f  2934//2564 2928//2558 2929//2559 2933//2563
f  2912//2542 2913//2543 2935//2565 2936//2566
f  2931//2561 2911//2541 2912//2542 2936//2566
f  2937//2567 2935//2565 2913//2543 2914//2544
f  2936//2566 2935//2565 2938//2568 2939//2569
f  2940//2570 2931//2561 2936//2566 2939//2569
f  2935//2565 2937//2567 2941//2571 2938//2568
f  2930//2560 2931//2561 2940//2570 2932//2562
f  2942//2572 2796//2428 1289//1157 1420//1284
f  2943//2573 2797//2429 2796//2428 2942//2572
f  2944//2574 2872//2502 2792//2424 2793//2425
f  2945//2575 2874//2504 2872//2502 2944//2574
f  2874//2504 2945//2575 2946//2576 2878//2508
f  2945//2575 2944//2574 2947//2577 2948//2578
f  2945//2575 2948//2578 2949//2579 2946//2576
f  2793//2425 2794//2426 2947//2577 2944//2574
f  2950//2580 2947//2577 2794//2426 2795//2427
f  2951//2581 2948//2578 2947//2577 2950//2580
f  2952//2582 2949//2579 2948//2578 2951//2581
f  2878//2508 2946//2576 2953//2583 2888//2518
f  2954//2584 2953//2583 2946//2576 2949//2579
f  2889//2519 2888//2518 2953//2583 2955//2585
f  2889//2519 2955//2585 2956//2586 2890//2520
f  2955//2585 2953//2583 2954//2584 2957//2587
f  2955//2585 2957//2587 2958//2588 2956//2586
f  2957//2587 2954//2584 2959//355 2960//2589
f  2961//2590 2958//2588 2957//2587 2960//2589
f  2954//2584 2949//2579 2952//2582 2959//355
f  2959//355 2952//2582 2962//2591 2963//353
f  2964//2592 2960//2589 2959//355 2965//354
f  2952//2582 2951//2581 2966//2593 2962//2591
f  2967//2594 2950//2580 2795//2427 2797//2429
f  2950//2580 2967//2594 2966//2593 2951//2581
f  2968//2595 2967//2594 2797//2429 2943//2573
f  2967//2594 2968//2595 2969//2596 2966//2593
f  2970//2597 2969//2596 2968//2595 2971//2598
f  2968//2595 2943//2573 2972//369 2971//2598
f  2973//2599 2962//2591 2966//2593 2969//2596
f  2974//2600 2963//353 2962//2591 2973//2599
f  2969//2596 2970//2597 2975//2601 2973//2599
f  2976//2602 2975//2601 2970//2597 2977//2603
f  2970//2597 2971//2598 2978//2604 2977//2603
f  2973//2599 2975//2601 2979//2605 2974//2600
f  2975//2601 2976//2602 2980//2606 2979//2605
f  2981//2607 2980//2606 2976//2602 2982//2608
f  2976//2602 2977//2603 2983//2609 2982//2608
f  2984//2610 2985//2611 2986//2612 2987//2613
f  2984//2610 2988//2614 2989//2615 2985//2611
f  2984//2610 2987//2613 2990//2616 2991//2617
f  2992//2618 2988//2614 2984//2610 2991//2617
f  2993//2619 2994//2620 2988//2614 2992//2618
f  2995//2621 2989//2615 2988//2614 2994//2620
f  1421//1285 2996//2622 2997//2623 1422//1286
f  1421//1285 1393//1260 2901//2531 2996//2622
f  2956//2586 2958//2588 2996//2622 2901//2531
f  2996//2622 2958//2588 2961//2590 2997//2623
f  1423//1287 1422//1286 2997//2623 2998//2624
f  2999//2625 2998//2624 2997//2623 2961//2590
f  1423//1287 2998//2624 3000//2626 1424//1288
f  2998//2624 2999//2625 3001//2627 3000//2626
f  2900//2530 2890//2520 2956//2586 2901//2531
f  2961//2590 2960//2589 2964//2592 2999//2625
f  3002//2628 3001//2627 2999//2625 2964//2592
f  3003//2629 3000//2626 3001//2627 3004//2630
f  3005//2631 3004//2630 3001//2627 3002//2628
f  1424//1288 3000//2626 3003//2629 1425//1289
f  3006//2632 1426//1290 1425//1289 3003//2629
f  2908//2538 3007//2633 3008//2634 2909//2539
f  3009//2635 3007//2633 2908//2538 2910//2540
f  3007//2633 1426//1290 3006//2632 3008//2634
f  1399//1266 1426//1290 3007//2633 3009//2635
f  3003//2629 3004//2630 3010//2636 3006//2632
f  3011//2637 3010//2636 3004//2630 3005//2631
f  2909//2539 3008//2634 3012//2638 3013//2639
f  2914//2544 2905//2535 2909//2539 3013//2639
f  3012//2638 3008//2634 3006//2632 3010//2636
f  2937//2567 2914//2544 3013//2639 3014//2640
f  3013//2639 3012//2638 3015//2641 3014//2640
f  3015//2641 3012//2638 3010//2636 3011//2637
f  2964//2592 2965//354 3016//2642 3002//2628
f  3017//2643 3016//2642 2965//354 2963//353
f  3002//2628 3016//2642 3018//358 3005//2631
f  3019//356 3018//358 3016//2642 3017//2643
f  2937//2567 3014//2640 3020//2644 2941//2571
f  3014//2640 3015//2641 3021//2645 3020//2644
f  3015//2641 3011//2637 3022//357 3021//2645
f  3022//357 3011//2637 3005//2631 3018//358
f  3023//2646 3020//2644 3021//2645 3024//2647
f  3021//2645 3022//357 3025//2648 3024//2647
f  3022//357 3019//356 3026//2649 3025//2648
f  2963//353 2974//2600 3027//2650 3017//2643
f  3028//2651 3027//2650 2974//2600 2979//2605
f  3017//2643 3027//2650 3029//2652 3019//356
f  3027//2650 3028//2651 3030//2653 3029//2652
f  2979//2605 2980//2606 3031//2654 3028//2651
f  2980//2606 2981//2607 3032//2655 3031//2654
f  2982//2608 3033//2656 3034//2657 2981//2607
f  3035//2658 3033//2656 2982//2608 2983//2609
f  3034//2657 3033//2656 3036//2659 3037//2660
f  3036//2659 2986//2612 3038//2661 3037//2660
f  3036//2659 3033//2656 3035//2658 3039//2662
f  2987//2613 2986//2612 3036//2659 3039//2662
f  3040//2663 3041//2664 2985//2611 2989//2615
f  3038//2661 2986//2612 2985//2611 3041//2664
f  2981//2607 3034//2657 3042//2665 3032//2655
f  3034//2657 3037//2660 3043//2666 3042//2665
f  3037//2660 3038//2661 3044//2667 3043//2666
f  3044//2667 3038//2661 3041//2664 3045//2668
f  3041//2664 3040//2663 3046//2669 3045//2668
f  3040//2663 2989//2615 2995//2621 3047//2670
f  3048//2671 3046//2669 3040//2663 3047//2670
f  3028//2651 3031//2654 3049//2672 3030//2653
f  3031//2654 3032//2655 3050//2673 3049//2672
f  3032//2655 3042//2665 3051//2674 3050//2673
f  3042//2665 3043//2666 3052//2675 3051//2674
f  3043//2666 3044//2667 3053//2676 3052//2675
f  3044//2667 3045//2668 3054//2677 3053//2676
f  3045//2668 3046//2669 3055//2678 3054//2677
f  3056//2679 3055//2678 3046//2669 3048//2671
f  3057//2680 3054//2677 3055//2678 3058//2681
f  3055//2678 3056//2679 3059//2682 3058//2681
f  3019//356 3029//2652 3060//2683 3026//2649
f  3029//2652 3030//2653 3061//2684 3060//2683
f  3030//2653 3049//2672 3062//2685 3061//2684
f  3049//2672 3050//2673 3063//2686 3062//2685
f  3052//2675 3053//2676 3064//2687 3065//2688
f  3066//2689 3051//2674 3052//2675 3065//2688
f  3057//2680 3064//2687 3053//2676 3054//2677
f  3063//2686 3050//2673 3051//2674 3066//2689
f  3064//2687 3057//2680 3067//2690 3068//2691
f  3069//2692 3065//2688 3064//2687 3068//2691
f  3070//2693 3066//2689 3065//2688 3069//2692
f  3071//2694 3063//2686 3066//2689 3070//2693
f  3057//2680 3058//2681 3072//2695 3067//2690
f  3062//2685 3063//2686 3071//2694 3073//2696
f  3074//2697 3061//2684 3062//2685 3073//2696
f  3075//2698 3026//2649 3060//2683 3076//2699
f  3060//2683 3061//2684 3074//2697 3076//2699
f  3077//2700 3068//2691 3067//2690 3078//2701
f  3067//2690 3072//2695 3079//2702 3078//2701
f  3080//2703 2782//2414 2928//2558 2934//2564
f  3081//2704 3082//2705 2994//2620 2993//2619
f  2994//2620 3082//2705 3083//2706 2995//2621
f  3084//2707 3085//2708 3082//2705 3081//2704
f  3082//2705 3085//2708 3086//2709 3083//2706
f  2993//2619 2992//2618 3087//2710 3088//2711
f  3089//2712 3081//2704 2993//2619 3088//2711
f  3090//2713 3091//2714 3092//2715 3093//2716
f  3085//2708 3091//2714 3090//2713 3086//2709
f  3094//2717 3086//2709 3090//2713 3095//2718
f  3090//2713 3093//2716 3096//2719 3095//2718
f  3091//2714 3085//2708 3084//2707 3097//2720
f  3098//2721 3092//2715 3091//2714 3097//2720
f  3099//2722 3093//2716 3092//2715 3100//2723
f  3101//2724 3100//2723 3092//2715 3098//2721
f  3093//2716 3099//2722 3102//2725 3096//2719
f  3103//2726 3097//2720 3084//2707 3104//2727
f  3084//2707 3081//2704 3089//2712 3104//2727
f  3105//2728 3083//2706 3086//2709 3094//2717
f  3106//2729 3098//2721 3097//2720 3103//2726
f  3104//2727 3107//2730 3108//2731 3103//2726
f  3109//2732 3107//2730 3104//2727 3089//2712
f  3110//2733 3108//2731 3107//2730 3111//2734
f  3107//2730 3109//2732 3112//2735 3111//2734
f  3113//2736 3114//2737 3115//2738 3116//2739
f  3115//2738 3099//2722 3100//2723 3116//2739
f  3115//2738 3114//2737 3117//2740 3118//2741
f  3102//2725 3099//2722 3115//2738 3118//2741
f  3119//2742 3114//2737 3113//2736 3120//2743
f  3121//2744 3122//2745 3119//2742 3120//2743
f  3117//2740 3114//2737 3119//2742 3123//2746
f  3119//2742 3122//2745 3124//2747 3123//2746
f  3125//2748 3120//2743 3113//2736 3126//2749
f  3113//2736 3116//2739 3127//2750 3126//2749
f  3128//2751 3129//2752 3130//2753 3131//2754
f  3130//2753 3132//2755 3133//2756 3134//2757
f  3130//2753 3129//2752 3121//2744 3132//2755
f  3135//2758 3131//2754 3130//2753 3134//2757
f  3122//2745 3121//2744 3129//2752 3136//2759
f  3122//2745 3136//2759 3137//2760 3124//2747
f  3136//2759 3129//2752 3128//2751 3138//2761
f  3139//2762 3138//2761 3128//2751 3140//2763
f  3128//2751 3131//2754 3141//2764 3140//2763
f  3137//2760 3136//2759 3138//2761 3142//2765
f  3143//2766 3142//2765 3138//2761 3139//2762
f  3144//2767 3125//2748 3126//2749 3145//2768
f  3126//2749 3127//2750 3146//2769 3145//2768
f  3133//2756 3132//2755 3125//2748 3144//2767
f  3121//2744 3120//2743 3125//2748 3132//2755
f  3133//2756 3144//2767 3147//2770 3148//2771
f  3149//2772 3134//2757 3133//2756 3148//2771
f  3144//2767 3145//2768 3150//2773 3147//2770
f  3147//2770 3150//2773 3151//2774 3152//2775
f  3153//2776 3148//2771 3147//2770 3152//2775
f  3127//2750 3116//2739 3100//2723 3101//2724
f  3127//2750 3101//2724 3154//2777 3146//2769
f  3154//2777 3101//2724 3098//2721 3106//2729
f  3154//2777 3106//2729 3155//2778 3156//2779
f  3157//2780 3146//2769 3154//2777 3156//2779
f  3106//2729 3103//2726 3108//2731 3155//2778
f  3158//2781 3155//2778 3108//2731 3110//2733
f  3159//2782 3156//2779 3155//2778 3158//2781
f  3160//2783 3157//2780 3156//2779 3159//2782
f  3158//2781 3110//2733 3161//2784 3162//2785
f  3163//2786 3159//2782 3158//2781 3162//2785
f  3145//2768 3146//2769 3157//2780 3150//2773
f  3151//2774 3150//2773 3157//2780 3160//2783
f  3151//2774 3160//2783 3164//2787 3165//2788
f  3166//2789 3152//2775 3151//2774 3165//2788
f  3160//2783 3159//2782 3163//2786 3164//2787
f  3094//2717 3167//2790 3168//2791 3105//2728
f  3094//2717 3095//2718 3169//2792 3167//2790
f  3170//2793 3168//2791 3167//2790 3171//2794
f  3167//2790 3169//2792 3172//2795 3171//2794
f  3105//2728 3047//2670 2995//2621 3083//2706
f  3047//2670 3105//2728 3168//2791 3048//2671
f  3170//2793 3056//2679 3048//2671 3168//2791
f  3056//2679 3170//2793 3173//2796 3059//2682
f  3170//2793 3171//2794 3174//2797 3173//2796
f  3095//2718 3096//2719 3175//2798 3169//2792
f  3176//2799 3175//2798 3096//2719 3102//2725
f  3172//2795 3169//2792 3175//2798 3177//2800
f  3178//2801 3177//2800 3175//2798 3176//2799
f  3171//2794 3172//2795 3179//2802 3174//2797
f  3172//2795 3177//2800 3180//2803 3179//2802
f  3181//2804 3180//2803 3177//2800 3178//2801
f  3072//2695 3058//2681 3059//2682 3182//2805
f  3059//2682 3173//2796 3183//2806 3182//2805
f  3072//2695 3182//2805 3184//2807 3079//2702
f  3173//2796 3174//2797 3185//2808 3183//2806
f  3186//2809 3184//2807 3182//2805 3183//2806
f  3187//2810 3079//2702 3184//2807 3188//2811
f  3184//2807 3186//2809 3189//2812 3188//2811
f  3185//2808 3174//2797 3179//2802 3190//2813
f  3179//2802 3180//2803 3191//2814 3190//2813
f  3180//2803 3181//2804 3192//2815 3191//2814
f  3186//2809 3183//2806 3185//2808 3193//2816
f  3185//2808 3190//2813 3194//2817 3193//2816
f  3186//2809 3193//2816 3195//2818 3189//2812
f  3190//2813 3191//2814 3196//2819 3194//2817
f  3195//2818 3197//2820 3198//2821 3199//2822
f  3195//2818 3193//2816 3194//2817 3197//2820
f  3200//2823 3189//2812 3195//2818 3199//2822
f  3201//2824 3202//2825 3118//2741 3117//2740
f  3176//2799 3102//2725 3118//2741 3202//2825
f  3202//2825 3201//2824 3203//2826 3204//2827
f  3178//2801 3176//2799 3202//2825 3204//2827
f  3201//2824 3117//2740 3123//2746 3205//2828
f  3206//2829 3205//2828 3123//2746 3124//2747
f  3203//2826 3201//2824 3205//2828 3207//2830
f  3208//2831 3207//2830 3205//2828 3206//2829
f  3204//2827 3203//2826 3209//2832 3210//2833
f  3181//2804 3178//2801 3204//2827 3210//2833
f  3209//2832 3203//2826 3207//2830 3211//2834
f  3207//2830 3208//2831 3212//2835 3211//2834
f  3209//2832 3211//2834 3213//2836 3214//2837
f  3215//2838 3210//2833 3209//2832 3214//2837
f  3206//2829 3124//2747 3137//2760 3216//2839
f  3137//2760 3142//2765 3217//2840 3216//2839
f  3208//2831 3206//2829 3216//2839 3218//2841
f  3216//2839 3217//2840 3219//2842 3218//2841
f  3220//2843 3217//2840 3142//2765 3143//2766
f  3221//2844 3219//2842 3217//2840 3220//2843
f  3222//2845 3212//2835 3208//2831 3218//2841
f  3212//2835 3222//2845 3223//2846 3224//2847
f  3213//2836 3211//2834 3212//2835 3224//2847
f  3218//2841 3219//2842 3225//2848 3222//2845
f  3226//2849 3225//2848 3219//2842 3221//2844
f  3223//2846 3222//2845 3225//2848 3227//2850
f  3225//2848 3226//2849 3228//2851 3227//2850
f  3229//2852 3224//2847 3223//2846 3230//2853
f  3223//2846 3227//2850 3231//2854 3230//2853
f  3232//2855 3233//2856 3229//2852 3234//2857
f  3235//2858 3236//2859 3232//2855 3237//2860
f  3238//2861 3233//2856 3232//2855 3236//2859
f  3232//2855 3234//2857 3239//2862 3237//2860
f  3214//2837 3213//2836 3233//2856 3238//2861
f  3240//2863 3215//2838 3214//2837 3238//2861
f  3213//2836 3224//2847 3229//2852 3233//2856
f  3229//2852 3230//2853 3241//2864 3234//2857
f  3181//2804 3210//2833 3215//2838 3192//2815
f  3110//2733 3111//2734 3242//2865 3161//2784
f  3243//2866 3162//2785 3161//2784 3244//2867
f  3245//2868 3244//2867 3161//2784 3242//2865
f  3162//2785 3243//2866 3246//2869 3163//2786
f  3244//2867 3198//2821 3247//2870 3243//2866
f  3244//2867 3245//2868 3199//2822 3198//2821
f  3198//2821 3197//2820 3248//2871 3247//2870
f  3246//2869 3243//2866 3247//2870 3249//2872
f  3250//2873 3249//2872 3247//2870 3248//2871
f  3251//2874 3165//2788 3164//2787 3252//2875
f  3164//2787 3163//2786 3246//2869 3252//2875
f  3165//2788 3251//2874 3253//2876 3166//2789
f  3251//2874 3252//2875 3254//2877 3235//2858
f  3251//2874 3235//2858 3237//2860 3253//2876
f  3255//2878 3236//2859 3235//2858 3254//2877
f  3249//2872 3250//2873 3255//2878 3254//2877
f  3255//2878 3250//2873 3256//2879 3240//2863
f  3238//2861 3236//2859 3255//2878 3240//2863
f  3246//2869 3249//2872 3254//2877 3252//2875
f  3196//2819 3191//2814 3192//2815 3256//2879
f  3192//2815 3215//2838 3240//2863 3256//2879
f  3256//2879 3250//2873 3248//2871 3196//2819
f  3248//2871 3197//2820 3194//2817 3196//2819
f  3257//2880 3258//2881 3259//2882 3260//2883
f  3261//2884 3262//2885 3259//2882 3258//2881
f  3259//2882 3263//2886 3264//2887 3260//2883
f  3259//2882 3262//2885 3265//2888 3263//2886
f  3266//2889 3258//2881 3257//2880 3267//2890
f  3257//2880 3260//2883 3268//2891 3269//2892
f  3270//2893 3267//2890 3257//2880 3269//2892
f  3271//2894 3272//2895 3273//2896 3274//2897
f  3271//2894 3274//2897 3275//2898 3276//2899
f  3271//2894 3276//2899 3277//2900 3278//2901
f  3279//2902 3272//2895 3271//2894 3278//2901
f  3273//2896 3272//2895 3280//2903 3281//2904
f  3282//2905 3281//2904 3280//2903 3283//2906
f  3280//2903 3272//2895 3279//2902 3284//2907
f  3285//2908 3283//2906 3280//2903 3284//2907
f  3273//2896 3281//2904 3286//2909 3287//2910
f  3288//2911 3274//2897 3273//2896 3287//2910
f  3289//2912 3286//2909 3281//2904 3282//2905
f  3290//2913 3287//2910 3286//2909 3291//2914
f  3292//2915 3291//2914 3286//2909 3289//2912
f  3275//2898 3274//2897 3288//2911 3293//2916
f  3294//2917 3276//2899 3275//2898 3295//2918
f  3275//2898 3293//2916 3296//2919 3295//2918
f  3293//2916 3288//2911 3297//2920 3298//2921
f  3293//2916 3298//2921 3299//2922 3296//2919
f  3288//2911 3287//2910 3290//2913 3297//2920
f  3298//2921 3297//2920 3300//2923 3301//2924
f  3302//2925 3299//2922 3298//2921 3301//2924
f  3297//2920 3290//2913 3303//2926 3300//2923
f  3290//2913 3291//2914 3304//2927 3303//2926
f  3291//2914 3292//2915 3305//2928 3304//2927
f  3300//2923 3303//2926 3306//2929 3307//2930
f  3308//2931 3301//2924 3300//2923 3307//2930
f  3303//2926 3304//2927 3309//2932 3306//2929
f  3283//2906 3262//2885 3261//2884 3282//2905
f  3265//2888 3262//2885 3283//2906 3285//2908
f  3289//2912 3282//2905 3261//2884 3310//2933
f  3261//2884 3258//2881 3266//2889 3310//2933
f  3311//2934 3292//2915 3289//2912 3310//2933
f  3292//2915 3311//2934 3312//2935 3305//2928
f  3313//2936 3311//2934 3310//2933 3266//2889
f  3314//2937 3312//2935 3311//2934 3313//2936
f  3315//2938 3305//2928 3312//2935 3316//2939
f  3312//2935 3314//2937 3317//2940 3316//2939
f  3313//2936 3266//2889 3267//2890 3318//2941
f  3319//2942 3318//2941 3267//2890 3270//2893
f  3314//2937 3313//2936 3318//2941 3320//2943
f  3318//2941 3319//2942 3321//2944 3320//2943
f  3322//2945 3317//2940 3314//2937 3320//2943
f  3304//2927 3305//2928 3315//2938 3309//2932
f  3315//2938 3316//2939 3323//2946 3324//2947
f  3325//2948 3309//2932 3315//2938 3324//2947
f  3326//2949 3306//2929 3309//2932 3325//2948
f  3327//2950 3328//2951 3329//2952 3330//2953
f  3264//2887 3263//2886 3329//2952 3328//2951
f  3329//2952 3263//2886 3265//2888 3331//2954
f  3329//2952 3331//2954 3332//2955 3330//2953
f  3333//2956 3264//2887 3328//2951 3334//2957
f  3328//2951 3327//2950 3335//2958 3334//2957
f  3336//2959 3335//2958 3327//2950 3337//2960
f  3327//2950 3330//2953 3338//2961 3337//2960
f  3268//2891 3260//2883 3264//2887 3333//2956
f  3268//2891 3333//2956 3339//2962 3340//2963
f  3341//2964 3269//2892 3268//2891 3340//2963
f  3333//2956 3334//2957 3342//2965 3339//2962
f  3269//2892 3341//2964 3343//2966 3270//2893
f  3344//2967 3342//2965 3334//2957 3335//2958
f  3345//2968 3340//2963 3339//2962 3346//2969
f  3339//2962 3342//2965 3347//2970 3346//2969
f  3342//2965 3344//2967 3348//2971 3347//2970
f  3344//2967 3335//2958 3336//2959 3349//2972
f  3344//2967 3349//2972 3350//2973 3348//2971
f  3351//2974 3349//2972 3336//2959 3352//2975
f  3336//2959 3337//2960 3353//2976 3352//2975
f  3354//2977 3350//2973 3349//2972 3351//2974
f  3355//2978 3341//2964 3340//2963 3345//2968
f  3341//2964 3355//2978 3356//2979 3343//2966
f  3345//2968 3346//2969 3357//2980 3355//2978
f  3358//2981 3356//2979 3355//2978 3357//2980
f  3270//2893 3343//2966 3359//2982 3319//2942
f  3360//2983 3359//2982 3343//2966 3356//2979
f  3359//2982 3360//2983 3361//2984 3362//2985
f  3321//2944 3319//2942 3359//2982 3362//2985
f  3363//2986 3360//2983 3356//2979 3358//2981
f  3360//2983 3363//2986 3364//2987 3361//2984
f  3346//2969 3347//2970 3365//2988 3357//2980
f  3365//2988 3347//2970 3348//2971 3366//2989
f  3348//2971 3350//2973 3354//2977 3366//2989
f  3357//2980 3365//2988 3367//2990 3358//2981
f  3365//2988 3366//2989 3368//2991 3367//2990
f  3369//2992 3368//2991 3366//2989 3354//2977
f  3370//2993 3363//2986 3358//2981 3367//2990
f  3363//2986 3370//2993 3371//2994 3364//2987
f  3370//2993 3367//2990 3368//2991 3372//2995
f  3373//2996 3371//2994 3370//2993 3372//2995
f  3368//2991 3369//2992 3374//2997 3372//2995
f  3369//2992 3354//2977 3351//2974 3375//2998
f  3351//2974 3352//2975 3376//2999 3375//2998
f  3377//3000 3374//2997 3369//2992 3375//2998
f  3378//3001 3379//3002 3380//3003 3381//359
f  3380//3003 3382//3004 3383//360 3381//359
f  3380//3003 3379//3002 3384//3005 3385//3006
f  3386//3007 3382//3004 3380//3003 3385//3006
f  3382//3004 3386//3007 3387//3008 3388//3009
f  3389//363 3383//360 3382//3004 3388//3009
f  3390//365 3391//3010 3392//3011 3393//3012
f  3390//365 3393//3012 3394//3013 3395//361
f  3390//365 3396//364 3397//3014 3391//3010
f  3396//364 3398//366 3399//3015 3397//3014
f  3140//2763 3141//2764 3400//3016 3392//3011
f  3400//3016 3401//3017 3393//3012 3392//3011
f  3402//3018 3401//3017 3400//3016 3403//3019
f  3404//3020 3403//3019 3400//3016 3141//2764
f  3391//3010 3139//2762 3140//2763 3392//3011
f  3143//2766 3139//2762 3391//3010 3397//3014
f  3405//3021 3394//3013 3393//3012 3401//3017
f  3406//3022 3378//3001 3394//3013 3405//3021
f  3381//359 3395//361 3394//3013 3378//3001
f  3407//3023 3379//3002 3378//3001 3406//3022
f  3408//3024 3384//3005 3379//3002 3407//3023
f  3406//3022 3405//3021 3409//3025 3410//3026
f  3406//3022 3410//3026 3411//3027 3407//3023
f  3410//3026 3409//3025 3412//3028 3413//3029
f  3414//3030 3411//3027 3410//3026 3413//3029
f  3409//3025 3405//3021 3401//3017 3402//3018
f  3415//3031 3402//3018 3403//3019 3416//3032
f  3403//3019 3404//3020 3417//3033 3416//3032
f  3412//3028 3409//3025 3402//3018 3415//3031
f  3412//3028 3415//3031 3418//3034 3419//3035
f  3420//3036 3413//3029 3412//3028 3419//3035
f  3421//3037 3420//3036 3419//3035 3422//3038
f  3419//3035 3418//3034 3423//3039 3422//3038
f  3415//3031 3416//3032 3424//3040 3418//3034
f  3425//3041 3423//3039 3418//3034 3424//3040
f  3426//3042 3427//3043 3428//3044 3429//3045
f  3428//3044 3430//3046 3431//3047 3429//3045
f  3428//3044 3427//3043 3432//3048 3433//3049
f  3294//2917 3430//3046 3428//3044 3433//3049
f  3434//3050 3427//3043 3426//3042 3435//3051
f  3426//3042 3429//3045 3436//3052 3437//3053
f  3426//3042 3437//3053 3438//3054 3435//3051
f  3427//3043 3434//3050 3439//3055 3432//3048
f  3434//3050 3435//3051 3440//3056 3441//3057
f  3442//3058 3439//3055 3434//3050 3441//3057
f  3443//3059 3444//3060 3445//3061 3446//3062
f  3445//3061 3447//3063 3448//3064 3446//3062
f  3445//3061 3444//3060 3431//3047 3449//3065
f  3450//3066 3447//3063 3445//3061 3449//3065
f  3447//3063 3450//3066 3451//3067 3452//3068
f  3453//3069 3448//3064 3447//3063 3452//3068
f  3443//3059 3385//3006 3384//3005 3454//3070
f  3436//3052 3444//3060 3443//3059 3454//3070
f  3386//3007 3385//3006 3443//3059 3446//3062
f  3455//3071 3454//3070 3384//3005 3408//3024
f  3455//3071 3437//3053 3436//3052 3454//3070
f  3436//3052 3429//3045 3431//3047 3444//3060
f  3438//3054 3437//3053 3455//3071 3456//3072
f  3455//3071 3408//3024 3457//3073 3456//3072
f  3387//3008 3386//3007 3446//3062 3448//3064
f  3458//3074 3387//3008 3448//3064 3453//3069
f  3459//3075 3388//3009 3387//3008 3458//3074
f  3449//3065 3431//3047 3430//3046 3460//3076
f  3449//3065 3460//3076 3461//3077 3450//3066
f  3294//2917 3295//2918 3460//3076 3430//3046
f  3460//3076 3295//2918 3296//2919 3461//3077
f  3462//3078 3451//3067 3450//3066 3461//3077
f  3463//3079 3452//3068 3451//3067 3464//3080
f  3451//3067 3462//3078 3465//3081 3464//3080
f  3461//3077 3296//2919 3299//2922 3462//3078
f  3462//3078 3299//2922 3302//2925 3465//3081
f  3440//3056 3435//3051 3438//3054 3466//3082
f  3438//3054 3456//3072 3467//3083 3466//3082
f  3468//3084 3440//3056 3466//3082 3469//3085
f  3466//3082 3467//3083 3470//3086 3469//3085
f  3471//3087 3441//3057 3440//3056 3468//3084
f  3468//3084 3469//3085 3472//3088 3473//3089
f  3468//3084 3473//3089 3474//3090 3471//3087
f  3475//3091 3476//3092 3473//3089 3472//3088
f  3473//3089 3476//3092 3477//3093 3474//3090
f  3478//3094 3479//3095 3476//3092 3475//3091
f  3476//3092 3479//3095 3480//3096 3477//3093
f  3457//3073 3408//3024 3407//3023 3411//3027
f  3411//3027 3414//3030 3481//3097 3457//3073
f  3482//3098 3481//3097 3414//3030 3483//3099
f  3414//3030 3413//3029 3420//3036 3483//3099
f  3456//3072 3457//3073 3481//3097 3467//3083
f  3470//3086 3467//3083 3481//3097 3482//3098
f  3484//3100 3482//3098 3483//3099 3485//3101
f  3483//3099 3420//3036 3421//3037 3485//3101
f  3482//3098 3484//3100 3486//3102 3470//3086
f  3487//3103 3484//3100 3485//3101 3488//3104
f  3485//3101 3421//3037 3489//3105 3488//3104
f  3490//3106 3486//3102 3484//3100 3487//3103
f  3421//3037 3422//3038 3491//3107 3489//3105
f  3469//3085 3470//3086 3486//3102 3472//3088
f  3475//3091 3472//3088 3486//3102 3490//3106
f  3388//3009 3459//3075 3492//3108 3389//363
f  3459//3075 3493//3109 3494//3110 3492//3108
f  3459//3075 3458//3074 3495//3111 3493//3109
f  3496//3112 3494//3110 3493//3109 3497//3113
f  3493//3109 3495//3111 3498//3114 3497//3113
f  3398//366 3499//3115 3500//3116 3399//3015
f  3398//366 3501//362 3502//3117 3499//3115
f  3501//362 3389//363 3492//3108 3502//3117
f  3503//3118 3500//3116 3499//3115 3504//3119
f  3505//3120 3504//3119 3499//3115 3502//3117
f  3220//2843 3143//2766 3397//3014 3399//3015
f  3221//2844 3220//2843 3399//3015 3500//3116
f  3226//2849 3221//2844 3500//3116 3503//3118
f  3506//3121 3228//2851 3226//2849 3503//3118
f  3228//2851 3506//3121 3507//3122 3508//3123
f  3231//2854 3227//2850 3228//2851 3508//3123
f  3503//3118 3504//3119 3509//3124 3506//3121
f  3504//3119 3505//3120 3510//3125 3509//3124
f  3506//3121 3509//3124 3511//3126 3507//3122
f  3505//3120 3502//3117 3492//3108 3494//3110
f  3505//3120 3494//3110 3496//3112 3510//3125
f  3510//3125 3496//3112 3512//3127 3513//3128
f  3511//3126 3509//3124 3510//3125 3513//3128
f  3496//3112 3497//3113 3514//3129 3512//3127
f  3515//3130 3511//3126 3513//3128 3516//3131
f  3513//3128 3512//3127 3517//3132 3516//3131
f  3512//3127 3514//3129 3518//3133 3517//3132
f  3491//3107 3422//3038 3423//3039 3519//3134
f  3520//3135 3519//3134 3423//3039 3425//3041
f  3519//3134 3521//3136 3522//3137 3491//3107
f  3523//3138 3521//3136 3519//3134 3520//3135
f  3524//3139 3507//3122 3511//3126 3515//3130
f  3525//3140 3508//3123 3507//3122 3524//3139
f  3524//3139 3515//3130 3521//3136 3523//3138
f  3524//3139 3523//3138 3526//3141 3525//3140
f  3521//3136 3515//3130 3516//3131 3522//3137
f  3527//3142 3522//3137 3516//3131 3517//3132
f  3489//3105 3491//3107 3522//3137 3527//3142
f  3528//3143 3453//3069 3452//3068 3463//3079
f  3495//3111 3458//3074 3453//3069 3528//3143
f  3495//3111 3528//3143 3529//3144 3498//3114
f  3528//3143 3463//3079 3530//3145 3529//3144
f  3463//3079 3464//3080 3531//3146 3530//3145
f  3498//3114 3529//3144 3532//3147 3533//3148
f  3514//3129 3497//3113 3498//3114 3533//3148
f  3534//3149 3532//3147 3529//3144 3530//3145
f  3535//3150 3536//3151 3532//3147 3534//3149
f  3537//3152 3533//3148 3532//3147 3536//3151
f  3464//3080 3465//3081 3538//3153 3531//3146
f  3539//3154 3538//3153 3465//3081 3302//2925
f  3534//3149 3530//3145 3531//3146 3540//3155
f  3531//3146 3538//3153 3541//3156 3540//3155
f  3538//3153 3539//3154 3542//3157 3541//3156
f  3536//3151 3535//3150 3478//3094 3543//3158
f  3544//3159 3537//3152 3536//3151 3543//3158
f  3535//3150 3534//3149 3540//3155 3545//3160
f  3535//3150 3545//3160 3479//3095 3478//3094
f  3546//3161 3545//3160 3540//3155 3541//3156
f  3480//3096 3479//3095 3545//3160 3546//3161
f  3478//3094 3475//3091 3490//3106 3543//3158
f  3544//3159 3487//3103 3488//3104 3547//3162
f  3518//3133 3537//3152 3544//3159 3547//3162
f  3490//3106 3487//3103 3544//3159 3543//3158
f  3488//3104 3489//3105 3527//3142 3547//3162
f  3547//3162 3527//3142 3517//3132 3518//3133
f  3514//3129 3533//3148 3537//3152 3518//3133
f  3404//3020 3141//2764 3131//2754 3135//2758
f  3404//3020 3135//2758 3548//3163 3417//3033
f  3135//2758 3134//2757 3149//2772 3548//3163
f  3417//3033 3548//3163 3549//3164 3550//3165
f  3424//3040 3416//3032 3417//3033 3550//3165
f  3551//3166 3549//3164 3548//3163 3149//2772
f  3549//3164 3551//3166 3552//3167 3553//3168
f  3554//3169 3550//3165 3549//3164 3553//3168
f  3149//2772 3148//2771 3153//2776 3551//3166
f  3552//3167 3551//3166 3153//2776 3555//3170
f  3153//2776 3152//2775 3166//2789 3555//3170
f  3424//3040 3550//3165 3554//3169 3425//3041
f  3508//3123 3525//3140 3556//3171 3231//2854
f  3557//3172 3558//3173 3559//3174 3560//3175
f  3241//2864 3556//3171 3559//3174 3558//3173
f  3561//3176 3560//3175 3559//3174 3526//3141
f  3525//3140 3526//3141 3559//3174 3556//3171
f  3230//2853 3231//2854 3556//3171 3241//2864
f  3555//3170 3562//3177 3557//3172 3552//3167
f  3555//3170 3166//2789 3253//2876 3562//3177
f  3562//3177 3239//2862 3558//3173 3557//3172
f  3562//3177 3253//2876 3237//2860 3239//2862
f  3560//3175 3553//3168 3552//3167 3557//3172
f  3239//2862 3234//2857 3241//2864 3558//3173
f  3520//3135 3425//3041 3554//3169 3561//3176
f  3526//3141 3523//3138 3520//3135 3561//3176
f  3561//3176 3554//3169 3553//3168 3560//3175
f  3276//2899 3294//2917 3433//3049 3277//2900
f  3277//2900 3433//3049 3432//3048 3563//3178
f  3564//3179 3278//2901 3277//2900 3563//3178
f  3565//3180 3563//3178 3432//3048 3439//3055
f  3278//2901 3564//3179 3566//3181 3279//2902
f  3567//3182 3564//3179 3563//3178 3565//3180
f  3568//3183 3566//3181 3564//3179 3567//3182
f  3565//3180 3569//3184 3570//3185 3567//3182
f  3565//3180 3439//3055 3442//3058 3569//3184
f  3569//3184 3442//3058 3571//3186 3572//3187
f  3573//3188 3570//3185 3569//3184 3572//3187
f  3284//2907 3279//2902 3566//3181 3574//3189
f  3575//3190 3574//3189 3566//3181 3568//3183
f  3284//2907 3574//3189 3576//3191 3285//2908
f  3574//3189 3575//3190 3577//3192 3576//3191
f  3575//3190 3568//3183 3578//3193 3579//3194
f  3575//3190 3579//3194 3580//3195 3577//3192
f  3578//3193 3568//3183 3567//3182 3570//3185
f  3581//3196 3579//3194 3578//3193 3582//3197
f  3578//3193 3570//3185 3573//3188 3582//3197
f  3579//3194 3581//3196 3583//3198 3580//3195
f  3584//3199 3581//3196 3582//3197 3585//3200
f  3582//3197 3573//3188 3586//3201 3585//3200
f  3581//3196 3584//3199 3587//3202 3583//3198
f  3302//2925 3301//2924 3308//2931 3539//3154
f  3571//3186 3442//3058 3441//3057 3471//3087
f  3588//3203 3571//3186 3471//3087 3474//3090
f  3589//3204 3572//3187 3571//3186 3588//3203
f  3572//3187 3589//3204 3586//3201 3573//3188
f  3589//3204 3588//3203 3590//3205 3591//3206
f  3592//3207 3586//3201 3589//3204 3591//3206
f  3474//3090 3477//3093 3590//3205 3588//3203
f  3593//3208 3590//3205 3477//3093 3480//3096
f  3594//3209 3595//3210 3593//3208 3596//3211
f  3591//3206 3590//3205 3593//3208 3595//3210
f  3593//3208 3480//3096 3546//3161 3596//3211
f  3584//3199 3585//3200 3597//3212 3598//3213
f  3599//3214 3587//3202 3584//3199 3598//3213
f  3600//3215 3601//3216 3597//3212 3592//3207
f  3597//3212 3585//3200 3586//3201 3592//3207
f  3602//3217 3598//3213 3597//3212 3601//3216
f  3326//2949 3603//3218 3307//2930 3306//2929
f  3307//2930 3603//3218 3604//3219 3308//2931
f  3603//3218 3605//3220 3594//3209 3604//3219
f  3606//3221 3605//3220 3603//3218 3326//2949
f  3600//3215 3595//3210 3594//3209 3605//3220
f  3606//3221 3601//3216 3600//3215 3605//3220
f  3600//3215 3592//3207 3591//3206 3595//3210
f  3594//3209 3596//3211 3542//3157 3604//3219
f  3326//2949 3325//2948 3607//3222 3606//3221
f  3601//3216 3606//3221 3607//3222 3602//3217
f  3331//2954 3265//2888 3285//2908 3576//3191
f  3332//2955 3331//2954 3576//3191 3577//3192
f  3332//2955 3577//3192 3580//3195 3608//3223
f  3338//2961 3330//2953 3332//2955 3608//3223
f  3609//3224 3608//3223 3580//3195 3583//3198
f  3610//3225 3338//2961 3608//3223 3609//3224
f  3353//2976 3337//2960 3338//2961 3610//3225
f  3609//3224 3583//3198 3587//3202 3611//3226
f  3612//3227 3610//3225 3609//3224 3611//3226
f  3610//3225 3612//3227 3613//3228 3353//2976
f  3614//3229 3611//3226 3587//3202 3599//3214
f  3615//3230 3612//3227 3611//3226 3614//3229
f  3612//3227 3615//3230 3616//3231 3613//3228
f  3617//3232 3615//3230 3614//3229 3618//3233
f  3614//3229 3599//3214 3619//3234 3618//3233
f  3620//3235 3362//2985 3361//2984 3364//2987
f  3621//3236 3321//2944 3362//2985 3620//3235
f  3322//2945 3320//2943 3321//2944 3621//3236
f  3620//3235 3364//2987 3371//2994 3622//3237
f  3623//3238 3621//3236 3620//3235 3622//3237
f  3624//3239 3322//2945 3621//3236 3623//3238
f  3371//2994 3373//2996 3625//3240 3622//3237
f  3373//2996 3372//2995 3374//2997 3626//3241
f  3627//3242 3626//3241 3374//2997 3377//3000
f  3625//3240 3373//2996 3626//3241 3627//3242
f  3628//3243 3625//3240 3627//3242 3629//3244
f  3627//3242 3377//3000 3630//3245 3629//3244
f  3622//3237 3625//3240 3628//3243 3623//3238
f  3624//3239 3631//3246 3317//2940 3322//2945
f  3323//2946 3316//2939 3317//2940 3631//3246
f  3632//3247 3633//3248 3631//3246 3624//3239
f  3631//3246 3633//3248 3634//3249 3323//2946
f  3616//3231 3615//3230 3617//3232 3635//3250
f  3629//3244 3630//3245 3616//3231 3635//3250
f  3376//2999 3613//3228 3616//3231 3630//3245
f  3633//3248 3632//3247 3635//3250 3617//3232
f  3628//3243 3629//3244 3635//3250 3632//3247
f  3633//3248 3617//3232 3618//3233 3634//3249
f  3624//3239 3623//3238 3628//3243 3632//3247
f  3376//2999 3352//2975 3353//2976 3613//3228
f  3377//3000 3375//2998 3376//2999 3630//3245
f  3599//3214 3598//3213 3602//3217 3619//3234
f  3636//3251 3619//3234 3602//3217 3607//3222
f  3634//3249 3618//3233 3619//3234 3636//3251
f  3636//3251 3324//2947 3323//2946 3634//3249
f  3607//3222 3325//2948 3324//2947 3636//3251
f  3539//3154 3308//2931 3604//3219 3542//3157
f  3596//3211 3546//3161 3541//3156 3542//3157
f  3637//3252 1420//1284 1419//1283 2357//2065
f  1420//1284 3637//3252 3638//3253 2942//2572
f  3639//3254 3637//3252 2357//2065 2362//2070
f  3637//3252 3639//3254 3640//3255 3638//3253
f  2942//2572 3638//3253 2972//369 2943//2573
f  3641//3256 3639//3254 2362//2070 2363//2071
f  3642//3257 3640//3255 3639//3254 3641//3256
f  3638//3253 3640//3255 3643//367 2972//369
f  3644//3258 3643//367 3640//3255 3642//3257
f  2978//2604 2971//2598 2972//369 3645//368
f  2978//2604 3645//368 3646//3259 3647//3260
f  2983//2609 2977//2603 2978//2604 3647//3260
f  3645//368 3643//367 3648//3261 3646//3259
f  3647//3260 3646//3259 3649//3262 3650//3263
f  3035//2658 2983//2609 3647//3260 3650//3263
f  3651//3264 3649//3262 3646//3259 3648//3261
f  3039//2662 3035//2658 3650//3263 3652//3265
f  3650//3263 3649//3262 3653//3266 3652//3265
f  3654//3267 3653//3266 3649//3262 3651//3264
f  3655//3268 3648//3261 3643//367 3644//3258
f  3656//3269 3651//3264 3648//3261 3655//3268
f  2990//2616 2987//2613 3039//2662 3652//3265
f  3657//3270 2990//2616 3652//3265 3653//3266
f  3658//3271 2991//2617 2990//2616 3657//3270
f  3659//3272 3657//3270 3653//3266 3654//3267
f  3660//3273 3658//3271 3657//3270 3659//3272
f  2991//2617 3658//3271 3087//2710 2992//2618
f  3658//3271 3660//3273 3661//3274 3087//2710
f  3662//3275 3642//3257 3641//3256 3663//3276
f  3641//3256 2363//2071 2369//2077 3663//3276
f  3642//3257 3662//3275 3664//3277 3644//3258
f  3662//3275 3663//3276 3665//3278 3666//3279
f  3662//3275 3666//3279 3667//3280 3664//3277
f  3663//3276 2369//2077 2371//2079 3665//3278
f  3665//3278 2371//2079 2374//2082 3668//3281
f  3669//3282 3666//3279 3665//3278 3668//3281
f  3670//370 3667//3280 3666//3279 3669//3282
f  3671//3283 3655//3268 3644//3258 3664//3277
f  3651//3264 3656//3269 3672//3284 3654//3267
f  3673//3285 3656//3269 3655//3268 3671//3283
f  3674//3286 3672//3284 3656//3269 3673//3285
f  3675//3287 3671//3283 3664//3277 3667//3280
f  3676//3288 3673//3285 3671//3283 3675//3287
f  3659//3272 3654//3267 3672//3284 3677//3289
f  3678//3290 3660//3273 3659//3272 3677//3289
f  3679//3291 3661//3274 3660//3273 3678//3290
f  3680//3292 3677//3289 3672//3284 3674//3286
f  3677//3289 3680//3292 3681//3293 3678//3290
f  3682//3294 3674//3286 3673//3285 3676//3288
f  3683//3295 3680//3292 3674//3286 3682//3294
f  3680//3292 3683//3295 3684//3296 3681//3293
f  3685//3297 3686//3298 3687//3299 3688//3300
f  3689//3301 3690//3302 3687//3299 3686//3298
f  3687//3299 3690//3302 3670//370 3691//372
f  3692//3303 3688//3300 3687//3299 3691//372
f  3690//3302 3675//3287 3667//3280 3670//370
f  3675//3287 3690//3302 3689//3301 3676//3288
f  3693//3304 3694//3305 3695//3306 3696//3307
f  3695//3306 3683//3295 3682//3294 3696//3307
f  3684//3296 3683//3295 3695//3306 3697//3308
f  3695//3306 3694//3305 3698//3309 3697//3308
f  3685//3297 3070//2693 3069//2692 3699//3310
f  3069//2692 3068//2691 3077//2700 3699//3310
f  3688//3300 3071//2694 3070//2693 3685//3297
f  3699//3310 3693//3304 3686//3298 3685//3297
f  3699//3310 3077//2700 3694//3305 3693//3304
f  3692//3303 3073//2696 3071//2694 3688//3300
f  3700//3311 3074//2697 3073//2696 3692//3303
f  3696//3307 3689//3301 3686//3298 3693//3304
f  3077//2700 3078//2701 3698//3309 3694//3305
f  3078//2701 3079//2702 3187//2810 3698//3309
f  3696//3307 3682//3294 3676//3288 3689//3301
f  3701//3312 3088//2711 3087//2710 3661//3274
f  3109//2732 3089//2712 3088//2711 3701//3312
f  3701//3312 3661//3274 3679//3291 3702//3313
f  3112//2735 3109//2732 3701//3312 3702//3313
f  3703//3314 3679//3291 3678//3290 3681//3293
f  3704//3315 3702//3313 3679//3291 3703//3314
f  3703//3314 3681//3293 3684//3296 3705//3316
f  3703//3314 3705//3316 3706//3317 3704//3315
f  3705//3316 3684//3296 3697//3308 3707//3318
f  3708//3319 3706//3317 3705//3316 3707//3318
f  3702//3313 3704//3315 3709//3320 3112//2735
f  3710//3321 3709//3320 3704//3315 3706//3317
f  3242//2865 3111//2734 3112//2735 3709//3320
f  3245//2868 3242//2865 3709//3320 3710//3321
f  3200//2823 3710//3321 3706//3317 3708//3319
f  3199//2822 3245//2868 3710//3321 3200//2823
f  3697//3308 3698//3309 3187//2810 3707//3318
f  3187//2810 3188//2811 3708//3319 3707//3318
f  3708//3319 3188//2811 3189//2812 3200//2823
f  3711//3322 3712//3323 3713//3324 3714//3325
f  3711//3322 3714//3325 3715//3326 3716//3327
f  3717//3328 3712//3323 3711//3322 3718//3329
f  3719//3330 3718//3329 3711//3322 3716//3327
f  3713//3324 3712//3323 3720//3331 3721//3332
f  3722//3333 3714//3325 3713//3324 3723//3334
f  3724//3335 3723//3334 3713//3324 3721//3332
f  3725//3336 3720//3331 3712//3323 3717//3328
f  3726//393 3721//3332 3720//3331 3727//3337
f  3728//394 3727//3337 3720//3331 3725//3336
f  3729//3338 3730//3339 3731//3340 3732//3341
f  3722//3333 3723//3334 3731//3340 3733//3342
f  3731//3340 3723//3334 3724//3335 3732//3341
f  3731//3340 3730//3339 3734//3343 3733//3342
f  3735//3344 3734//3343 3730//3339 3736//3345
f  3730//3339 3729//3338 3737//379 3736//3345
f  3738//373 3729//3338 3732//3341 3739//374
f  3732//3341 3724//3335 3740//377 3739//374
f  3729//3338 3738//373 3741//380 3737//379
f  3738//373 3742//375 3743//3346 3741//380
f  3744//381 3715//3326 3745//3347 3746//3348
f  3714//3325 3722//3333 3745//3347 3715//3326
f  3733//3342 3747//3349 3745//3347 3722//3333
f  3748//3350 3746//3348 3745//3347 3747//3349
f  3749//383 3716//3327 3715//3326 3744//381
f  3744//381 3746//3348 3750//3351 3751//382
f  3752//390 3750//3351 3746//3348 3748//3350
f  3751//382 3750//3351 3753//3352 3754//384
f  3755//387 3749//383 3751//382 3756//385
f  3750//3351 3752//390 3757//392 3753//3352
f  3724//3335 3721//3332 3726//393 3740//377
f  3726//393 3727//3337 3758//3353 3759//376
f  3760//396 3758//3353 3727//3337 3728//394
f  3747//3349 3761//3354 3762//3355 3748//3350
f  3747//3349 3733//3342 3734//3343 3761//3354
f  3761//3354 3734//3343 3735//3344 3763//3356
f  3764//3357 3762//3355 3761//3354 3763//3356
f  3752//390 3748//3350 3762//3355 3765//391
f  3766//397 3765//391 3762//3355 3764//3357
f  3767//401 3757//392 3765//391 3768//398
f  3769//3358 3742//375 3759//376 3758//3353
f  3770//405 3769//3358 3758//3353 3760//396
f  3771//3359 3743//3346 3742//375 3769//3358
f  3743//3346 3771//3359 3772//3360 3773//3361
f  3774//378 3741//380 3743//3346 3773//3361
f  3775//404 3771//3359 3769//3358 3770//405
f  3776//3362 3772//3360 3771//3359 3775//404
f  3777//3363 3773//3361 3772//3360 3778//3364
f  3779//3365 3778//3364 3772//3360 3776//3362
f  3735//3344 3736//3345 3780//3366 3781//3367
f  3782//3368 3763//3356 3735//3344 3781//3367
f  3736//3345 3737//379 3783//3369 3780//3366
f  3784//3370 3783//3369 3737//379 3774//378
f  3785//3371 3781//3367 3780//3366 3786//3372
f  3780//3366 3783//3369 3787//3373 3786//3372
f  3783//3369 3784//3370 3788//3374 3787//3373
f  3784//3370 3774//378 3789//3375 3790//3376
f  3791//3377 3788//3374 3784//3370 3790//3376
f  3792//3378 3764//3357 3763//3356 3782//3368
f  3793//3379 3766//397 3764//3357 3792//3378
f  3766//397 3793//3379 3794//3380 3795//399
f  3792//3378 3782//3368 3796//3381 3797//408
f  3798//407 3793//3379 3792//3378 3797//408
f  3793//3379 3798//407 3799//3382 3794//3380
f  3782//3368 3781//3367 3785//3371 3796//3381
f  3800//406 3797//408 3796//3381 3801//3383
f  3796//3381 3785//3371 3802//3384 3801//3383
f  3802//3384 3785//3371 3786//3372 3803//3385
f  3804//3386 3803//3385 3786//3372 3787//3373
f  3798//407 3800//406 3805//3387 3799//3382
f  3800//406 3801//3383 3806//3388 3805//3387
f  3801//3383 3802//3384 3807//3389 3806//3388
f  3802//3384 3803//3385 3808//3390 3807//3389
f  3803//3385 3804//3386 3809//3391 3808//3390
f  3787//3373 3788//3374 3810//3392 3804//3386
f  3811//3393 3810//3392 3788//3374 3791//3377
f  3804//3386 3810//3392 3812//3394 3809//3391
f  3813//3395 3812//3394 3810//3392 3811//3393
f  3814//3396 3809//3391 3812//3394 3815//3397
f  3812//3394 3813//3395 3816//3398 3815//3397
f  3774//378 3773//3361 3777//3363 3789//3375
f  3817//3399 3790//3376 3789//3375 3818//3400
f  3789//3375 3777//3363 3819//3401 3818//3400
f  3790//3376 3817//3399 3820//3402 3791//3377
f  3777//3363 3778//3364 3821//3403 3819//3401
f  3822//3404 3821//3403 3778//3364 3779//3365
f  3823//3405 3817//3399 3818//3400 3824//3406
f  3825//3407 3824//3406 3818//3400 3819//3401
f  3817//3399 3823//3405 3826//3408 3820//3402
f  3827//3409 3823//3405 3824//3406 3828//3410
f  3824//3406 3825//3407 3829//3411 3828//3410
f  3830//3412 3826//3408 3823//3405 3827//3409
f  3819//3401 3821//3403 3831//3413 3825//3407
f  3832//3414 3831//3413 3821//3403 3822//3404
f  3825//3407 3831//3413 3833//3415 3829//3411
f  3831//3413 3832//3414 3834//3416 3833//3415
f  3835//3417 3811//3393 3791//3377 3820//3402
f  3836//3418 3813//3395 3811//3393 3835//3417
f  3813//3395 3836//3418 3837//3419 3816//3398
f  3836//3418 3835//3417 3838//3420 3839//3421
f  3836//3418 3839//3421 3840//3422 3837//3419
f  3835//3417 3820//3402 3826//3408 3838//3420
f  3841//3423 3838//3420 3826//3408 3830//3412
f  3842//3424 3839//3421 3838//3420 3841//3423
f  3843//3425 3840//3422 3839//3421 3842//3424
f  3718//3329 3844//3426 3845//3427 3717//3328
f  3846//3428 3844//3426 3718//3329 3719//3330
f  3847//3429 3848//3430 3849//3431 3850//3432
f  3845//3427 3844//3426 3849//3431 3851//3433
f  3849//3431 3848//3430 3852//3434 3851//3433
f  3849//3431 3844//3426 3846//3428 3850//3432
f  3853//3435 3848//3430 3847//3429 3854//3436
f  3847//3429 3855//3437 3856//3438 3854//3436
f  3847//3429 3850//3432 3857//389 3855//3437
f  3855//3437 3857//389 3756//385 3858//5
f  3859//5 3856//3438 3855//3437 3858//5
f  3860//3439 3852//3434 3848//3430 3853//3435
f  3717//3328 3845//3427 3861//3440 3725//3336
f  3861//3440 3845//3427 3851//3433 3862//3441
f  3863//3442 3862//3441 3851//3433 3852//3434
f  3725//3336 3861//3440 3864//395 3728//394
f  3861//3440 3862//3441 3865//402 3864//395
f  3862//3441 3863//3442 3866//3443 3865//402
f  3867//3444 3863//3442 3852//3434 3860//3439
f  3863//3442 3867//3444 3868//3445 3866//3443
f  3853//3435 3854//3436 3869//3446 3870//3447
f  3853//3435 3870//3447 3871//3448 3860//3439
f  3854//3436 3856//3438 3872//410 3869//3446
f  3856//3438 3859//5 3873//5 3872//410
f  3874//3449 3870//3447 3869//3446 3875//3450
f  3876//409 3875//3450 3869//3446 3872//410
f  3875//3450 3877//3451 3878//3452 3874//3449
f  3879//411 3877//3451 3875//3450 3876//409
f  3877//3451 3880//3453 3881//3454 3878//3452
f  3882//3455 3880//3453 3877//3451 3879//411
f  3880//3453 3882//3455 3883//427 3884//3456
f  3885//3457 3881//3454 3880//3453 3884//3456
f  3870//3447 3874//3449 3886//3458 3871//3448
f  3874//3449 3878//3452 3887//3459 3886//3458
f  3878//3452 3881//3454 3888//3460 3887//3459
f  3889//3461 3888//3460 3881//3454 3885//3457
f  3890//3462 3867//3444 3860//3439 3871//3448
f  3867//3444 3890//3462 3891//413 3868//3445
f  3871//3448 3886//3458 3892//3463 3890//3462
f  3886//3458 3887//3459 3893//3464 3892//3463
f  3887//3459 3888//3460 3894//3465 3893//3464
f  3895//3466 3894//3465 3888//3460 3889//3461
f  3890//3462 3892//3463 3896//414 3891//413
f  3896//414 3892//3463 3893//3464 3897//415
f  3893//3464 3894//3465 3898//3467 3897//415
f  3894//3465 3895//3466 3899//3468 3898//3467
f  3754//384 3753//3352 3900//3469 3901//386
f  3753//3352 3757//392 3902//3470 3900//3469
f  3903//417 3901//386 3900//3469 3904//3471
f  3903//417 3904//3471 3905//3472 3906//418
f  3904//3471 3900//3469 3902//3470 3907//426
f  3904//3471 3907//426 3908//425 3905//3472
f  3716//3327 3749//383 3755//387 3719//3330
f  3846//3428 3719//3330 3755//387 3909//388
f  3857//389 3850//3432 3846//3428 3909//388
f  3757//392 3767//401 3910//3473 3902//3470
f  3911//3474 3910//3473 3767//401 3912//400
f  3882//3455 3879//411 3873//5 3913//5
f  3882//3455 3913//5 3914//5 3883//427
f  3915//3475 3884//3456 3883//427 3916//419
f  3917//422 3918//421 3919//416 3906//418
f  3920//428 3907//426 3902//3470 3910//3473
f  3921//429 3920//428 3910//3473 3911//3474
f  3922//424 3907//426 3920//428 3923//430
f  3885//3457 3884//3456 3915//3475 3924//3476
f  3925//3477 3889//3461 3885//3457 3924//3476
f  3926//3478 3895//3466 3889//3461 3925//3477
f  3924//3476 3915//3475 3927//3479 3928//3480
f  3924//3476 3928//3480 3929//3481 3925//3477
f  3915//3475 3916//419 3930//420 3927//3479
f  3927//3479 3930//420 3918//421 3931//3482
f  3932//3483 3928//3480 3927//3479 3931//3482
f  3933//3484 3931//3482 3918//421 3917//422
f  3931//3482 3933//3484 3934//3485 3932//3483
f  3935//3486 3933//3484 3917//422 3936//423
f  3928//3480 3932//3483 3937//3487 3929//3481
f  3938//3488 3934//3485 3933//3484 3935//3486
f  3932//3483 3934//3485 3939//3489 3937//3487
f  3940//3490 3939//3489 3934//3485 3938//3488
f  3895//3466 3926//3478 3941//432 3899//3468
f  3926//3478 3925//3477 3929//3481 3942//3491
f  3943//3492 3942//3491 3929//3481 3937//3487
f  3926//3478 3942//3491 3944//433 3941//432
f  3945//435 3944//433 3942//3491 3943//3492
f  3946//3493 3899//3468 3941//432 3947//434
f  3945//435 3943//3492 3948//3494 3949//3495
f  3950//436 3947//434 3945//435 3949//3495
f  3937//3487 3939//3489 3948//3494 3943//3492
f  3951//3496 3948//3494 3939//3489 3940//3490
f  3952//438 3949//3495 3948//3494 3951//3496
f  3906//418 3905//3472 3953//3497 3936//423
f  3953//3497 3905//3472 3908//425 3954//3498
f  3908//425 3922//424 3955//3499 3954//3498
f  3935//3486 3936//423 3953//3497 3956//3500
f  3957//3501 3938//3488 3935//3486 3956//3500
f  3938//3488 3957//3501 3958//3502 3940//3490
f  3953//3497 3954//3498 3959//3503 3956//3500
f  3960//3504 3957//3501 3956//3500 3959//3503
f  3961//3505 3958//3502 3957//3501 3960//3504
f  3962//3506 3951//3496 3940//3490 3958//3502
f  3963//439 3952//438 3951//3496 3962//3506
f  3950//436 3949//3495 3952//438 3964//440
f  3963//439 3962//3506 3965//443 3966//442
f  3967//3507 3964//440 3963//439 3966//442
f  3965//443 3962//3506 3958//3502 3961//3505
f  3760//396 3865//402 3866//3443 3968//3508
f  3969//3509 3968//3508 3866//3443 3868//3445
f  3760//396 3968//3508 3970//403 3770//405
f  3968//3508 3969//3509 3971//447 3970//403
f  3969//3509 3868//3445 3891//413 3972//412
f  3969//3509 3972//412 3973//445 3971//447
f  3775//404 3970//403 3971//447 3974//446
f  3975//3510 3776//3362 3775//404 3974//446
f  3976//3511 3779//3365 3776//3362 3975//3510
f  3974//446 3973//445 3977//450 3978//449
f  3979//3512 3975//3510 3974//446 3978//449
f  3779//3365 3976//3511 3980//3513 3822//3404
f  3981//3514 3976//3511 3975//3510 3979//3512
f  3982//3515 3980//3513 3976//3511 3981//3514
f  3972//412 3897//415 3898//3467 3983//3516
f  3972//412 3983//3516 3977//450 3973//445
f  3946//3493 3983//3516 3898//3467 3899//3468
f  3984//448 3977//450 3983//3516 3946//3493
f  3978//449 3984//448 3985//437 3986//451
f  3987//3517 3979//3512 3978//449 3986//451
f  3984//448 3946//3493 3947//434 3985//437
f  3822//3404 3980//3513 3988//3518 3832//3414
f  3989//3519 3988//3518 3980//3513 3982//3515
f  3832//3414 3988//3518 3990//3520 3834//3416
f  3988//3518 3989//3519 3991//3521 3990//3520
f  3964//440 3967//3507 3985//437 3950//436
f  3992//452 3986//451 3985//437 3967//3507
f  3911//3474 3912//400 3795//399 3993//3522
f  3795//399 3794//3380 3994//3523 3993//3522
f  3995//3524 3994//3523 3794//3380 3799//3382
f  3911//3474 3993//3522 3996//3525 3921//429
f  3993//3522 3994//3523 3997//3526 3996//3525
f  3994//3523 3995//3524 3998//3527 3997//3526
f  3999//3528 3995//3524 3799//3382 3805//3387
f  4000//3529 3998//3527 3995//3524 3999//3528
f  3805//3387 3806//3388 4001//3530 3999//3528
f  4002//3531 4003//3532 3998//3527 4000//3529
f  4004//3533 3997//3526 3998//3527 4003//3532
f  3921//429 3996//3525 4005//431 3923//430
f  4005//431 3996//3525 3997//3526 4004//3533
f  4005//431 4004//3533 4006//3534 4007//3535
f  3955//3499 3922//424 4005//431 4007//3535
f  4003//3532 4002//3531 4006//3534 4004//3533
f  4008//3536 4006//3534 4002//3531 4009//3537
f  4002//3531 4000//3529 4010//3538 4009//3537
f  4011//3539 4007//3535 4006//3534 4008//3536
f  4012//3540 3955//3499 4007//3535 4011//3539
f  4008//3536 4009//3537 4013//3541 4014//3542
f  4015//3543 4011//3539 4008//3536 4014//3542
f  3806//3388 3807//3389 4016//3544 4001//3530
f  3807//3389 3808//3390 4017//3545 4016//3544
f  3814//3396 4017//3545 3808//3390 3809//3391
f  3999//3528 4001//3530 4010//3538 4000//3529
f  4001//3530 4016//3544 4018//3546 4010//3538
f  4016//3544 4017//3545 4019//3547 4018//3546
f  4017//3545 3814//3396 4020//3548 4019//3547
f  3814//3396 3815//3397 4021//3549 4020//3548
f  4022//3550 4021//3549 3815//3397 3816//3398
f  4013//3541 4009//3537 4010//3538 4018//3546
f  4018//3546 4019//3547 4023//3551 4013//3541
f  4024//3552 4023//3551 4019//3547 4020//3548
f  4025//3553 4014//3542 4013//3541 4023//3551
f  4023//3551 4024//3552 4026//3554 4025//3553
f  4020//3548 4021//3549 4027//3555 4024//3552
f  4028//3556 4027//3555 4021//3549 4022//3550
f  4024//3552 4027//3555 4029//3557 4026//3554
f  4030//3558 4029//3557 4027//3555 4028//3556
f  3959//3503 3954//3498 3955//3499 4012//3540
f  3960//3504 3959//3503 4012//3540 4031//3559
f  4012//3540 4011//3539 4015//3543 4031//3559
f  4032//3560 3961//3505 3960//3504 4031//3559
f  3961//3505 4032//3560 4033//444 3965//443
f  4034//3561 4032//3560 4031//3559 4015//3543
f  4035//456 4033//444 4032//3560 4034//3561
f  3966//442 4036//441 3992//452 3967//3507
f  4037//455 4038//454 4033//444 4035//456
f  4036//441 4038//454 4039//453 3992//452
f  4015//3543 4014//3542 4025//3553 4034//3561
f  4040//3562 4039//453 4037//455 4041//457
f  4034//3561 4025//3553 4026//3554 4035//456
f  4035//456 4026//3554 4029//3557 4041//457
f  4029//3557 4030//3558 4042//3563 4041//457
f  3979//3512 3987//3517 4043//3564 3981//3514
f  3987//3517 3986//451 4039//453 4040//3562
f  4044//3565 4043//3564 3987//3517 4040//3562
f  3981//3514 4043//3564 4045//3566 3982//3515
f  4046//3567 4045//3566 4043//3564 4044//3565
f  3982//3515 4045//3566 4047//3568 3989//3519
f  4048//3569 4047//3568 4045//3566 4046//3567
f  3989//3519 4047//3568 4049//3570 3991//3521
f  4047//3568 4048//3569 4050//3571 4049//3570
f  4051//3572 4022//3550 3816//3398 3837//3419
f  4022//3550 4051//3572 4052//3573 4028//3556
f  4053//3574 4051//3572 3837//3419 3840//3422
f  4054//3575 4052//3573 4051//3572 4053//3574
f  4030//3558 4028//3556 4052//3573 4055//3576
f  4030//3558 4055//3576 4056//3577 4042//3563
f  4057//3578 4053//3574 3840//3422 3843//3425
f  4055//3576 4052//3573 4054//3575 4058//3579
f  4055//3576 4058//3579 4059//3580 4056//3577
f  4058//3579 4054//3575 4060//3581 4061//3582
f  4062//3583 4059//3580 4058//3579 4061//3582
f  4060//3581 4054//3575 4053//3574 4057//3578
f  4040//3562 4041//457 4042//3563 4044//3565
f  4046//3567 4044//3565 4042//3563 4056//3577
f  4046//3567 4056//3577 4059//3580 4048//3569
f  4048//3569 4059//3580 4062//3583 4050//3571
f  1098//980 1099//981 4063//3584 4064//3585
f  1098//980 4064//3585 4065//3586 1102//984
f  4066//3587 4063//3584 1099//981 1100//982
f  4064//3585 4063//3584 4067//3588 4068//3589
f  4069//3590 4065//3586 4064//3585 4068//3589
f  4070//3591 4067//3588 4063//3584 4066//3587
f  1102//984 4065//3586 4071//3592 1104//986
f  4065//3586 4069//3590 4072//3593 4071//3592
f  4073//3594 4068//3589 4067//3588 4074//3595
f  4067//3588 4070//3591 4075//3596 4074//3595
f  4076//3597 4069//3590 4068//3589 4073//3594
f  4069//3590 4076//3597 4077//3598 4072//3593
f  4078//458 4076//3597 4073//3594 4079//3599
f  4073//3594 4074//3595 4080//3600 4079//3599
f  4076//3597 4078//458 4081//460 4077//3598
f  4078//458 4079//3599 4082//3601 4083//459
f  4084//3602 4085//3603 4086//3604 4087//3605
f  4086//3604 4088//3606 4089//3607 4087//3605
f  4086//3604 4085//3603 4090//3608 4091//3609
f  4092//3610 4088//3606 4086//3604 4091//3609
f  4088//3606 4093//3611 4094//3612 4089//3607
f  4095//3613 4093//3611 4088//3606 4092//3610
f  4093//3611 4096//464 4097//3614 4094//3612
f  4098//462 4096//464 4093//3611 4095//3613
f  4099//3615 4100//3616 4096//464 4101//463
f  4102//3617 4097//3614 4096//464 4100//3616
f  3828//3410 3829//3411 4084//3602 4103//3618
f  4104//3619 3827//3409 3828//3410 4103//3618
f  3827//3409 4104//3619 4105//3620 3830//3412
f  4084//3602 3829//3411 3833//3415 4085//3603
f  4090//3608 4085//3603 3833//3415 3834//3416
f  4084//3602 4087//3605 4106//3621 4103//3618
f  4107//3622 4104//3619 4103//3618 4106//3621
f  4104//3619 4107//3622 4108//3623 4105//3620
f  4106//3621 4087//3605 4089//3607 4109//3624
f  4110//3625 4107//3622 4106//3621 4109//3624
f  4111//3626 4108//3623 4107//3622 4110//3625
f  4112//3627 3841//3423 3830//3412 4105//3620
f  4113//3628 3842//3424 3841//3423 4112//3627
f  3842//3424 4113//3628 4114//3629 3843//3425
f  4105//3620 4108//3623 4115//3630 4112//3627
f  4108//3623 4111//3626 4116//3631 4115//3630
f  4117//3632 4113//3628 4112//3627 4115//3630
f  4113//3628 4117//3632 4118//3633 4114//3629
f  1207//1085 1206//1084 1213//1091 4119//3634
f  1207//1085 4119//3634 4120//3635 1208//1086
f  4121//3636 4119//3634 1213//1091 4122//3637
f  1213//1091 1214//1092 4123//3638 4122//3637
f  4120//3635 4119//3634 4121//3636 4124//3639
f  1271//1141 1208//1086 4120//3635 4125//3640
f  4126//3641 4125//3640 4120//3635 4124//3639
f  4121//3636 4122//3637 4127//3642 4128//3643
f  4129//3644 4124//3639 4121//3636 4128//3643
f  4122//3637 4123//3638 4130//3645 4127//3642
f  4131//3646 4123//3638 1214//1092 1215//1093
f  4132//3647 4130//3645 4123//3638 4131//3646
f  4133//3648 4109//3624 4089//3607 4094//3612
f  4134//3649 4110//3625 4109//3624 4133//3648
f  4110//3625 4134//3649 4135//3650 4111//3626
f  4094//3612 4097//3614 4136//3651 4133//3648
f  4137//3652 4136//3651 4097//3614 4102//3617
f  4138//3653 4134//3649 4133//3648 4136//3651
f  4134//3649 4138//3653 4139//3654 4135//3650
f  4140//3655 4138//3653 4136//3651 4137//3652
f  4128//3643 4127//3642 4140//3655 4137//3652
f  4102//3617 4129//3644 4128//3643 4137//3652
f  4138//3653 4140//3655 4141//3656 4139//3654
f  4142//3657 4116//3631 4111//3626 4135//3650
f  4115//3630 4116//3631 4143//3658 4117//3632
f  4116//3631 4142//3657 4144//3659 4143//3658
f  4135//3650 4139//3654 4145//3660 4142//3657
f  4141//3656 4140//3655 4127//3642 4130//3645
f  4146//3661 4141//3656 4130//3645 4132//3647
f  4145//3660 4139//3654 4141//3656 4146//3661
f  4144//3659 4142//3657 4145//3660 4147//3662
f  4145//3660 4146//3661 4148//3663 4147//3662
f  4146//3661 4132//3647 4149//3664 4148//3663
f  3834//3416 3990//3520 4150//3665 4090//3608
f  4151//3666 4150//3665 3990//3520 3991//3521
f  4152//3667 4091//3609 4090//3608 4150//3665
f  4153//3668 4152//3667 4150//3665 4151//3666
f  4091//3609 4152//3667 4154//3669 4092//3610
f  4152//3667 4153//3668 4155//3670 4154//3669
f  4092//3610 4154//3669 4156//3671 4095//3613
f  4153//3668 4151//3666 4157//3672 4158//3673
f  4159//3674 4155//3670 4153//3668 4158//3673
f  4154//3669 4155//3670 4160//3675 4156//3671
f  4161//3676 4160//3675 4155//3670 4159//3674
f  4095//3613 4156//3671 4162//3677 4098//462
f  4156//3671 4160//3675 4163//3678 4162//3677
f  4160//3675 4161//3676 4164//3679 4163//3678
f  3991//3521 4049//3570 4157//3672 4151//3666
f  4049//3570 4050//3571 4165//3680 4157//3672
f  4166//3681 4057//3578 3843//3425 4114//3629
f  4167//3682 4060//3581 4057//3578 4166//3681
f  4168//3683 4061//3582 4060//3581 4167//3682
f  4169//3684 4168//3683 4167//3682 4170//3685
f  4167//3682 4166//3681 4171//3686 4170//3685
f  4172//3687 4165//3680 4050//3571 4062//3583
f  4173//3688 4158//3673 4157//3672 4165//3680
f  4165//3680 4172//3687 4174//3689 4173//3688
f  4062//3583 4061//3582 4168//3683 4172//3687
f  4172//3687 4168//3683 4169//3684 4174//3689
f  4175//3690 4159//3674 4158//3673 4173//3688
f  4159//3674 4175//3690 4176//3691 4161//3676
f  4177//3692 4175//3690 4173//3688 4174//3689
f  4178//3693 4176//3691 4175//3690 4177//3692
f  4161//3676 4176//3691 4179//3694 4164//3679
f  4176//3691 4178//3693 4180//3695 4179//3694
f  4177//3692 4174//3689 4169//3684 4181//3696
f  4169//3684 4170//3685 4182//3697 4181//3696
f  4177//3692 4181//3696 4183//3698 4178//3693
f  4184//3699 4182//3697 4170//3685 4171//3686
f  4183//3698 4181//3696 4182//3697 4185//3700
f  4186//3701 4185//3700 4182//3697 4184//3699
f  4178//3693 4183//3698 4187//3702 4180//3695
f  4187//3702 4183//3698 4185//3700 4188//3703
f  4185//3700 4186//3701 4189//466 4188//3703
f  1269//1139 1268//1138 4190//3704 4191//3705
f  4066//3587 1100//982 1269//1139 4191//3705
f  1268//1138 1271//1141 4125//3640 4190//3704
f  4191//3705 4190//3704 4192//3706 4193//3707
f  4070//3591 4066//3587 4191//3705 4193//3707
f  4190//3704 4125//3640 4126//3641 4192//3706
f  4194//3708 4192//3706 4126//3641 4195//3709
f  4126//3641 4124//3639 4129//3644 4195//3709
f  4196//3710 4193//3707 4192//3706 4194//3708
f  4075//3596 4070//3591 4193//3707 4196//3710
f  4196//3710 4194//3708 4099//3615 4197//3711
f  4196//3710 4197//3711 4198//3712 4075//3596
f  4101//463 4199//465 4197//3711 4099//3615
f  4197//3711 4199//465 4200//3713 4198//3712
f  4074//3595 4075//3596 4198//3712 4080//3600
f  4194//3708 4195//3709 4100//3616 4099//3615
f  4102//3617 4100//3616 4195//3709 4129//3644
f  4201//3714 4200//3713 4199//465 4202//3715
f  4199//465 4098//462 4162//3677 4202//3715
f  4080//3600 4198//3712 4200//3713 4203//3716
f  4082//3601 4079//3599 4080//3600 4203//3716
f  4204//3717 4203//3716 4200//3713 4201//3714
f  4203//3716 4204//3717 4205//3718 4082//3601
f  4201//3714 4202//3715 4206//3719 4207//3720
f  4208//3721 4204//3717 4201//3714 4207//3720
f  4209//3722 4205//3718 4204//3717 4208//3721
f  4206//3719 4202//3715 4162//3677 4163//3678
f  4210//3723 4206//3719 4163//3678 4164//3679
f  4211//3724 4207//3720 4206//3719 4210//3723
f  4212//3725 4210//3723 4164//3679 4179//3694
f  4213//3726 4211//3724 4210//3723 4212//3725
f  4207//3720 4211//3724 4214//3727 4208//3721
f  4215//3728 4214//3727 4211//3724 4213//3726
f  4216//461 4083//459 4082//3601 4205//3718
f  4217//3729 4216//461 4205//3718 4209//3722
f  4218//3730 4081//460 4216//461 4217//3729
f  4219//3731 4209//3722 4208//3721 4214//3727
f  4220//3732 4217//3729 4209//3722 4219//3731
f  4217//3729 4220//3732 4221//3733 4218//3730
f  4222//3734 4219//3731 4214//3727 4215//3728
f  4219//3731 4222//3734 4223//3735 4220//3732
f  4215//3728 4213//3726 4224//3736 4225//3737
f  4226//3738 4222//3734 4215//3728 4225//3737
f  4227//3739 4223//3735 4222//3734 4226//3738
f  4220//3732 4223//3735 4228//3740 4221//3733
f  4223//3735 4227//3739 4229//3741 4228//3740
f  4230//3742 4212//3725 4179//3694 4180//3695
f  4212//3725 4230//3742 4224//3736 4213//3726
f  4231//3743 4230//3742 4180//3695 4187//3702
f  4232//3744 4224//3736 4230//3742 4231//3743
f  4233//3745 4225//3737 4224//3736 4232//3744
f  4187//3702 4188//3703 4234//3746 4231//3743
f  4231//3743 4234//3746 4235//3747 4232//3744
f  4234//3746 4188//3703 4189//466 4236//468
f  4237//3748 4235//3747 4234//3746 4236//468
f  4232//3744 4235//3747 4238//3749 4233//3745
f  4239//3750 4238//3749 4235//3747 4237//3748
f  4240//3751 4226//3738 4225//3737 4233//3745
f  4241//469 4227//3739 4226//3738 4240//3751
f  4227//3739 4241//469 4242//472 4229//3741
f  4241//469 4240//3751 4243//3752 4244//470
f  4233//3745 4238//3749 4243//3752 4240//3751
f  4245//3753 4243//3752 4238//3749 4239//3750
f  4244//470 4243//3752 4245//3753 4246//3754
f  4247//474 4248//471 4244//470 4246//3754
f  4245//3753 4239//3750 4249//3755 4250//3756
f  4251//476 4246//3754 4245//3753 4250//3756
f  1215//1093 1299//1167 4252//3757 4131//3646
f  1306//1174 4252//3757 1299//1167 1300//1168
f  4149//3664 4132//3647 4131//3646 4253//3758
f  4131//3646 4252//3757 4254//3759 4253//3758
f  4255//3760 4254//3759 4252//3757 1306//1174
f  4117//3632 4143//3658 4256//3761 4118//3633
f  4143//3658 4144//3659 4257//3762 4256//3761
f  4144//3659 4147//3662 4258//3763 4257//3762
f  4259//3764 4148//3663 4149//3664 4260//3765
f  4149//3664 4253//3758 4261//3766 4260//3765
f  4147//3662 4148//3663 4259//3764 4258//3763
f  4253//3758 4254//3759 4262//3767 4261//3766
f  4254//3759 4255//3760 4263//3768 4262//3767
f  1306//1174 1307//1175 4264//3769 4255//3760
f  4265//3770 4264//3769 1307//1175 1308//1176
f  4255//3760 4264//3769 4266//3771 4263//3768
f  4267//3772 4266//3771 4264//3769 4265//3770
f  4171//3686 4166//3681 4114//3629 4118//3633
f  4184//3699 4171//3686 4118//3633 4256//3761
f  4186//3701 4184//3699 4256//3761 4257//3762
f  4189//466 4186//3701 4257//3762 4258//3763
f  4258//3763 4259//3764 4268//467 4189//466
f  4269//3773 4262//3767 4263//3768 4270//3774
f  4263//3768 4266//3771 4271//3775 4270//3774
f  4272//3776 4271//3775 4266//3771 4267//3772
f  4259//3764 4260//3765 4273//3777 4268//467
f  4260//3765 4261//3766 4274//3778 4273//3777
f  4269//3773 4274//3778 4261//3766 4262//3767
f  4275//3779 4236//468 4268//467 4273//3777
f  4276//3780 4275//3779 4273//3777 4274//3778
f  4237//3748 4236//468 4275//3779 4277//3781
f  4275//3779 4276//3780 4278//3782 4277//3781
f  4274//3778 4269//3773 4279//3783 4276//3780
f  4269//3773 4270//3774 4280//3784 4279//3783
f  4276//3780 4279//3783 4281//3785 4278//3782
f  4282//3786 4281//3785 4279//3783 4280//3784
f  4283//3787 4278//3782 4281//3785 4284//3788
f  4285//3789 4284//3788 4281//3785 4282//3786
f  4237//3748 4277//3781 4249//3755 4239//3750
f  4277//3781 4278//3782 4283//3787 4249//3755
f  4286//3790 4250//3756 4249//3755 4283//3787
f  4283//3787 4284//3788 4287//3791 4286//3790
f  4250//3756 4286//3790 4288//477 4251//476
f  4286//3790 4287//3791 4289//3792 4288//477
f  4290//3793 4287//3791 4284//3788 4285//3789
f  4287//3791 4290//3793 4291//3794 4289//3792
f  4292//3795 4280//3784 4270//3774 4271//3775
f  4280//3784 4292//3795 4293//3796 4282//3786
f  4294//3797 4292//3795 4271//3775 4272//3776
f  4295//3798 4293//3796 4292//3795 4294//3797
f  4296//3799 4285//3789 4282//3786 4293//3796
f  4297//3800 4290//3793 4285//3789 4296//3799
f  4290//3793 4297//3800 4298//3801 4291//3794
f  4299//3802 4296//3799 4293//3796 4295//3798
f  4300//3803 4297//3800 4296//3799 4299//3802
f  4297//3800 4300//3803 4301//3804 4298//3801
f  1308//1176 1382//1249 1395//1262 4265//3770
f  4267//3772 4265//3770 1395//1262 4302//3805
f  1395//1262 1396//1263 4303//3806 4302//3805
f  4304//3807 4305//3808 4306//3809 4307//3810
f  4304//3807 4307//3810 4308//3811 4309//3812
f  4310//3813 4305//3808 4304//3807 4311//3814
f  4304//3807 4309//3812 4312//3815 4311//3814
f  4307//3810 4306//3809 4313//3816 4314//3817
f  4315//3818 4314//3817 4313//3816 4316//3819
f  4313//3816 2906//2536 2897//2527 4316//3819
f  2907//2537 2906//2536 4313//3816 4306//3809
f  4308//3811 4307//3810 4314//3817 4317//3820
f  4318//3821 4317//3820 4314//3817 4315//3818
f  3009//2635 2910//2540 4305//3808 4310//3813
f  4305//3808 2910//2540 2907//2537 4306//3809
f  4308//3811 4317//3820 4319//3822 4320//3823
f  4321//480 4309//3812 4308//3811 4320//3823
f  4322//3824 4312//3815 4309//3812 4321//480
f  4323//3825 4319//3822 4317//3820 4318//3821
f  4324//3826 4320//3823 4319//3822 4325//3827
f  4319//3822 4323//3825 4326//3828 4325//3827
f  4320//3823 4324//3826 4327//478 4321//480
f  4328//3829 4327//478 4324//3826 4329//3830
f  4324//3826 4325//3827 4330//3831 4329//3830
f  4267//3772 4302//3805 4331//3832 4272//3776
f  4332//3833 4331//3832 4302//3805 4303//3806
f  4294//3797 4272//3776 4331//3832 4333//3834
f  4331//3832 4332//3833 4334//3835 4333//3834
f  4332//3833 4303//3806 4335//3836 4336//3837
f  4332//3833 4336//3837 4337//3838 4334//3835
f  1397//1264 4310//3813 4311//3814 1398//1265
f  1397//1264 1399//1266 3009//2635 4310//3813
f  1396//1263 1398//1265 4335//3836 4303//3806
f  1398//1265 4311//3814 4312//3815 4335//3836
f  4335//3836 4312//3815 4322//3824 4336//3837
f  4336//3837 4322//3824 4338//3839 4337//3838
f  4322//3824 4321//480 4339//479 4338//3839
f  4294//3797 4333//3834 4340//3840 4295//3798
f  4333//3834 4334//3835 4341//3841 4340//3840
f  4342//3842 4341//3841 4334//3835 4337//3838
f  4343//3843 4299//3802 4295//3798 4340//3840
f  4344//3844 4300//3803 4299//3802 4343//3843
f  4300//3803 4344//3844 4345//3845 4301//3804
f  4343//3843 4340//3840 4341//3841 4346//3846
f  4347//3847 4346//3846 4341//3841 4342//3842
f  4348//3848 4344//3844 4343//3843 4346//3846
f  4348//3848 4346//3846 4347//3847 4349//3849
f  4345//3845 4344//3844 4348//3848 4350//3850
f  4348//3848 4349//3849 4351//3851 4350//3850
f  4337//3838 4338//3839 4352//3852 4342//3842
f  4338//3839 4339//479 4353//3853 4352//3852
f  4339//479 4327//478 4328//3829 4354//3854
f  4339//479 4354//3854 4355//3855 4353//3853
f  4328//3829 4329//3830 4356//3856 4357//3857
f  4358//3858 4354//3854 4328//3829 4357//3857
f  4359//3859 4355//3855 4354//3854 4358//3858
f  4342//3842 4352//3852 4360//481 4347//3847
f  4361//482 4360//481 4352//3852 4353//3853
f  4362//483 4349//3849 4347//3847 4360//481
f  4349//3849 4362//483 4363//3860 4351//3851
f  4353//3853 4355//3855 4364//3861 4361//482
f  4365//3862 4364//3861 4355//3855 4359//3859
f  4363//3860 4362//483 4361//482 4364//3861
f  4366//3863 4363//3860 4364//3861 4365//3862
f  1503//147 1502//1341 4367//3864 4368//148
f  1502//1341 1582//1394 4369//3865 4367//3864
f  4368//148 4370//487 4371//486 4372//484
f  4368//148 4367//3864 4373//3866 4370//487
f  4367//3864 4369//3865 4374//3867 4373//3866
f  4375//3868 4376//485 4370//487 4377//3869
f  4378//3870 4377//3869 4370//487 4373//3866
f  4379//488 4380//3871 4381//3872 4382//489
f  4381//3872 4380//3871 4383//3873 4384//3874
f  4381//3872 4384//3874 4385//502 4386//3875
f  4381//3872 4386//3875 4387//3876 4382//489
f  4388//3877 4380//3871 4379//488 4389//3878
f  4379//488 4390//490 4391//492 4392//3879
f  4393//3880 4389//3878 4379//488 4392//3879
f  1557//1377 1549//1371 4394//3881 4395//3882
f  4396//212 1795//208 1557//1377 4395//3882
f  4397//3883 4388//3877 4398//3884 4399//3885
f  4398//3884 4388//3877 4389//3878 4400//3886
f  4401//493 4399//3885 4398//3884 4402//494
f  4398//3884 4400//3886 4403//496 4402//494
f  1549//1371 1550//1372 4404//3887 4394//3881
f  4405//3888 4404//3887 1550//1372 1552//1373
f  4406//3889 4407//3890 4394//3881 4404//3887
f  4408//3891 4395//3882 4394//3881 4407//3890
f  4383//3873 4397//3883 4407//3890 4406//3889
f  4399//3885 4408//3891 4407//3890 4397//3883
f  4383//3873 4380//3871 4388//3877 4397//3883
f  4409//3892 4406//3889 4404//3887 4405//3888
f  4384//3874 4383//3873 4406//3889 4409//3892
f  4395//3882 4408//3891 4410//3893 4396//212
f  4408//3891 4399//3885 4401//493 4410//3893
f  4400//3886 4389//3878 4393//3880 4411//3894
f  4400//3886 4411//3894 4412//3895 4403//496
f  1505//144 1504//150 1573//168 1564//166
f  4413//505 1573//168 1504//150 4414//149
f  1552//1373 1574//1387 4415//501 4405//3888
f  4416//499 1571//1386 1572//167 4417//169
f  1574//1387 1571//1386 4416//499 4415//501
f  4418//504 4419//498 1573//168 4413//505
f  4405//3888 4415//501 4420//500 4409//3892
f  4385//502 4384//3874 4409//3892 4420//500
f  4421//3896 4416//499 4417//169 4419//498
f  4416//499 4421//3896 4386//3875 4385//502
f  4422//503 4413//505 4414//149 4372//484
f  4423//3897 4421//3896 4419//498 4418//504
f  4386//3875 4421//3896 4423//3897 4387//3876
f  4424//3898 4423//3897 4418//504 4422//503
f  4382//489 4387//3876 4425//3899 4390//490
f  4387//3876 4423//3897 4424//3898 4425//3899
f  4390//490 4425//3899 4426//3900 4427//491
f  4392//3879 4428//3901 4429//3902 4393//3880
f  4392//3879 4391//492 4430//3903 4428//3901
f  4391//492 4427//491 4431//3904 4430//3903
f  4428//3901 4430//3903 4432//3905 4433//3906
f  4434//3907 4429//3902 4428//3901 4433//3906
f  4411//3894 4393//3880 4429//3902 4435//3908
f  4411//3894 4435//3908 4436//3909 4412//3895
f  4437//3910 4435//3908 4429//3902 4434//3907
f  4438//3911 4436//3909 4435//3908 4437//3910
f  4439//539 4412//3895 4436//3909 4440//3912
f  4436//3909 4438//3911 4441//3913 4440//3912
f  4372//484 4371//486 4442//3914 4422//503
f  4443//3915 4442//3914 4371//486 4376//485
f  4424//3898 4422//503 4442//3914 4444//3916
f  4445//3917 4444//3916 4442//3914 4443//3915
f  4425//3899 4424//3898 4444//3916 4426//3900
f  4427//491 4426//3900 4446//3918 4431//3904
f  4426//3900 4444//3916 4445//3917 4446//3918
f  4447//3919 4443//3915 4376//485 4375//3868
f  4448//3920 4445//3917 4443//3915 4447//3919
f  4430//3903 4431//3904 4449//3921 4432//3905
f  4431//3904 4446//3918 4450//3922 4449//3921
f  4446//3918 4445//3917 4448//3920 4450//3922
f  4451//3923 4434//3907 4433//3906 4452//506
f  4433//3906 4432//3905 4453//3924 4452//506
f  4432//3905 4449//3921 4454//3925 4453//3924
f  4449//3921 4450//3922 4455//513 4454//3925
f  4456//3926 4375//3868 4377//3869 4457//511
f  4458//509 4457//511 4377//3869 4378//3870
f  4447//3919 4375//3868 4456//3926 4459//3927
f  4460//514 4448//3920 4447//3919 4459//3927
f  4450//3922 4448//3920 4460//514 4455//513
f  1582//1394 1583//1395 4461//3928 4369//3865
f  4462//175 4461//3928 1583//1395 1585//173
f  4463//3929 4374//3867 4369//3865 4461//3928
f  4373//3866 4374//3867 4464//517 4378//3870
f  4374//3867 4463//3929 4465//3930 4464//517
f  4466//518 4463//3929 4461//3928 4462//175
f  4467//3931 4465//3930 4463//3929 4466//518
f  4468//3932 4437//3910 4434//3907 4451//3923
f  4469//519 4438//3911 4437//3910 4468//3932
f  4438//3911 4469//519 4470//521 4441//3913
f  4451//3923 4452//506 4471//508 4472//3933
f  4473//3934 4468//3932 4451//3923 4472//3933
f  4452//506 4453//3924 4474//3935 4475//507
f  4476//523 4459//3927 4456//3926 4477//3936
f  4456//3926 4457//511 4478//510 4477//3936
f  4460//514 4459//3927 4476//523 4479//512
f  4453//3924 4454//3925 4480//524 4474//3935
f  4454//3925 4455//513 4479//512 4480//524
f  4476//523 4477//3936 4474//3935 4480//524
f  4475//507 4474//3935 4477//3936 4478//510
f  4481//3937 4472//3933 4471//508 4482//522
f  4482//522 4458//509 4483//516 4484//526
f  4485//3938 4481//3937 4482//522 4484//526
f  4486//520 4469//519 4468//3932 4473//3934
f  4487//527 4486//520 4473//3934 4488//3939
f  4473//3934 4472//3933 4481//3937 4488//3939
f  4487//527 4488//3939 4489//3940 4490//3941
f  4491//3942 4470//521 4487//527 4490//3941
f  4488//3939 4481//3937 4485//3938 4489//3940
f  4489//3940 4485//3938 4492//3943 4493//3944
f  4494//3945 4490//3941 4489//3940 4493//3944
f  4495//559 4491//3942 4490//3941 4494//3945
f  4378//3870 4464//517 4483//516 4458//509
f  4464//517 4465//3930 4496//3946 4497//515
f  4498//3947 4496//3946 4465//3930 4467//3931
f  4499//3948 4500//525 4497//515 4501//528
f  4497//515 4496//3946 4502//529 4501//528
f  4496//3946 4498//3947 4503//531 4502//529
f  4492//3943 4485//3938 4484//526 4504//3949
f  4484//526 4500//525 4499//3948 4504//3949
f  4505//3950 1590//1400 1104//986 4071//3592
f  1590//1400 4505//3950 4506//3951 1594//1404
f  4507//3952 4505//3950 4071//3592 4072//3593
f  4508//3953 4506//3951 4505//3950 4507//3952
f  1613//1421 1601//1411 1594//1404 4506//3951
f  4509//3954 1613//1421 4506//3951 4508//3953
f  4510//3955 1612//1420 1613//1421 4509//3954
f  4511//3956 4507//3952 4072//3593 4077//3598
f  4507//3952 4511//3956 4512//3957 4508//3953
f  4513//3958 4512//3957 4511//3956 4514//3959
f  4511//3956 4077//3598 4081//460 4514//3959
f  4515//3960 4509//3954 4508//3953 4512//3957
f  4509//3954 4515//3960 4516//3961 4510//3955
f  4517//3962 4516//3961 4515//3960 4518//3963
f  4515//3960 4512//3957 4513//3958 4518//3963
f  1611//174 1612//1420 4510//3955 4519//176
f  4467//3931 4466//518 4519//176 4520//3964
f  4519//176 4510//3955 4516//3961 4520//3964
f  4467//3931 4520//3964 4521//3965 4498//3947
f  4520//3964 4516//3961 4517//3962 4521//3965
f  4498//3947 4521//3965 4522//532 4503//531
f  4521//3965 4517//3962 4523//3966 4522//532
f  4517//3962 4518//3963 4524//3967 4523//3966
f  4525//3968 4499//3948 4501//528 4526//530
f  4527//3969 4492//3943 4504//3949 4528//3970
f  4504//3949 4499//3948 4525//3968 4528//3970
f  4493//3944 4492//3943 4527//3969 4529//3971
f  4530//3972 4494//3945 4493//3944 4529//3971
f  4527//3969 4528//3970 4531//3973 4532//3974
f  4533//3975 4529//3971 4527//3969 4532//3974
f  4531//3973 4528//3970 4525//3968 4534//3976
f  4525//3968 4526//530 4535//535 4534//3976
f  4532//3974 4531//3973 4536//3977 4537//3978
f  4538//3979 4533//3975 4532//3974 4537//3978
f  4531//3973 4534//3976 4539//3980 4536//3977
f  4524//3967 4518//3963 4513//3958 4540//3981
f  4513//3958 4514//3959 4541//3982 4540//3981
f  4502//529 4503//531 4542//533 4526//530
f  4543//3983 4542//533 4522//532 4544//3984
f  4522//532 4523//3966 4545//3985 4544//3984
f  4546//534 4526//530 4542//533 4543//3983
f  4523//3966 4524//3967 4547//3986 4545//3985
f  4524//3967 4540//3981 4548//3987 4547//3986
f  4543//3983 4544//3984 4549//3988 4550//3989
f  4551//3990 4546//534 4543//3983 4550//3989
f  4544//3984 4545//3985 4552//3991 4549//3988
f  4545//3985 4547//3986 4553//3992 4552//3991
f  4534//3976 4535//535 4554//3993 4539//3980
f  4535//535 4546//534 4551//3990 4554//3993
f  4536//3977 4539//3980 4555//3994 4556//3995
f  4557//3996 4537//3978 4536//3977 4556//3995
f  4539//3980 4554//3993 4558//3997 4555//3994
f  4554//3993 4551//3990 4559//3998 4558//3997
f  4560//3999 4556//3995 4555//3994 4561//4000
f  4555//3994 4558//3997 4562//4001 4561//4000
f  4563//4002 4550//3989 4549//3988 4564//4003
f  4549//3988 4552//3991 4565//4004 4564//4003
f  4551//3990 4550//3989 4563//4002 4559//3998
f  4558//3997 4559//3998 4566//4005 4562//4001
f  4566//4005 4559//3998 4563//4002 4567//4006
f  4563//4002 4564//4003 4568//4007 4567//4006
f  4569//4008 1818//1595 1805//1582 1806//1583
f  1818//1595 4569//4008 4570//4009 4571//4010
f  4572//4011 1819//1596 1818//1595 4571//4010
f  4569//4008 1806//1583 4573//4012 4574//4013
f  4575//4014 4570//4009 4569//4008 4574//4013
f  1803//214 1802//1580 4573//4012 1806//1583
f  4573//4012 1802//1580 1809//1586 4576//4015
f  4577//4016 4574//4013 4573//4012 4576//4015
f  4578//4017 4571//4010 4570//4009 4579//4018
f  4580//4019 4579//4018 4570//4009 4575//4014
f  4581//4020 4578//4017 4579//4018 4582//4021
f  4579//4018 4580//4019 4583//4022 4582//4021
f  4571//4010 4578//4017 4584//4023 4572//4011
f  4578//4017 4581//4020 4585//4024 4584//4023
f  4586//4025 4575//4014 4574//4013 4577//4016
f  4587//4026 4580//4019 4575//4014 4586//4025
f  4588//4027 1822//213 4396//212 4410//3893
f  4410//3893 4401//493 4589//495 4588//4027
f  4580//4019 4587//4026 4590//4028 4583//4022
f  4591//536 4589//495 4402//494 4592//497
f  1822//213 4588//4027 1862//1635 1825//217
f  4588//4027 4589//495 4593//537 1862//1635
f  4594//4029 1820//1597 1819//1596 4572//4011
f  1820//1597 4594//4029 4595//4030 1821//1598
f  4596//4031 4594//4029 4572//4011 4584//4023
f  4594//4029 4596//4031 4597//4032 4595//4030
f  4598//544 1854//1627 1862//1635 4593//537
f  4576//4015 1809//1586 1828//1601 4599//4033
f  4576//4015 4599//4033 4600//4034 4577//4016
f  4601//5 4586//4025 4577//4016 4600//4034
f  4586//4025 4601//5 4602//4035 4587//4026
f  4587//4026 4602//4035 4603//4036 4590//4028
f  4581//4020 4582//4021 4604//542 4605//541
f  4581//4020 4605//541 4606//4037 4585//4024
f  4605//541 4607//543 4608//4038 4606//4037
f  4604//542 4582//4021 4583//4022 4609//4039
f  4610//4040 4609//4039 4583//4022 4590//4028
f  4439//539 4592//497 4403//496 4412//3895
f  4604//542 4609//4039 4611//4041 4607//543
f  4612//4042 4611//4041 4609//4039 4610//4040
f  4607//543 4611//4041 4613//4043 4608//4038
f  4614//4044 4613//4043 4611//4041 4612//4042
f  4584//4023 4585//4024 4615//4045 4596//4031
f  4593//537 4591//536 4616//538 4598//544
f  4585//4024 4606//4037 4617//4046 4615//4045
f  4596//4031 4615//4045 4618//4047 4597//4032
f  4619//4048 4617//4046 4606//4037 4608//4038
f  4615//4045 4617//4046 4620//4049 4618//4047
f  4617//4046 4619//4048 4621//4050 4620//4049
f  4608//4038 4613//4043 4622//4051 4619//4048
f  4613//4043 4614//4044 4623//4052 4622//4051
f  4590//4028 4603//4036 4624//4053 4610//4040
f  4610//4040 4624//4053 4625//4054 4612//4042
f  4612//4042 4625//4054 4626//4055 4614//4044
f  4614//4044 4626//4055 4627//4056 4623//4052
f  4628//4057 1859//1632 1821//1598 4595//4030
f  4629//4058 1860//1633 1859//1632 4628//4057
f  4630//4059 1861//1634 1860//1633 4629//4058
f  4631//4060 1863//1636 1861//1634 4630//4059
f  1863//1636 4631//4060 4632//4061 1865//1638
f  4633//4062 4628//4057 4595//4030 4597//4032
f  4634//4063 4629//4058 4628//4057 4633//4062
f  4635//4064 4630//4059 4629//4058 4634//4063
f  4636//4065 4631//4060 4630//4059 4635//4064
f  4637//4066 1855//1628 1854//1627 4598//544
f  4638//4067 1856//1629 1855//1628 4637//4066
f  4639//4068 4632//4061 4631//4060 4636//4065
f  4640//4069 1867//1640 1856//1629 4638//4067
f  4641//4070 1869//1642 1865//1638 4632//4061
f  4642//4071 4641//4070 4632//4061 4639//4068
f  1867//1640 4640//4069 4643//4072 1872//1644
f  4644//4073 4633//4062 4597//4032 4618//4047
f  4645//4074 4634//4063 4633//4062 4644//4073
f  4646//4075 4635//4064 4634//4063 4645//4074
f  4647//4076 4636//4065 4635//4064 4646//4075
f  4636//4065 4647//4076 4648//4077 4639//4068
f  4649//4078 4644//4073 4618//4047 4620//4049
f  4650//4079 4645//4074 4644//4073 4649//4078
f  4651//4080 4646//4075 4645//4074 4650//4079
f  4652//4081 4647//4076 4646//4075 4651//4080
f  4653//4082 4637//4066 4598//544 4654//545
f  4655//4083 4638//4067 4637//4066 4653//4082
f  4656//4084 4648//4077 4647//4076 4652//4081
f  4657//4085 4642//4071 4639//4068 4648//4077
f  4658//4086 4657//4085 4648//4077 4656//4084
f  4439//539 4440//3912 4659//4087 4660//540
f  4619//4048 4622//4051 4661//4088 4621//4050
f  4622//4051 4623//4052 4662//4089 4661//4088
f  4623//4052 4627//4056 4663//4090 4662//4089
f  4653//4082 4654//545 4660//540 4659//4087
f  4664//4091 4659//4087 4440//3912 4441//3913
f  4655//4083 4653//4082 4659//4087 4665//4092
f  4666//4093 4665//4092 4659//4087 4664//4091
f  4667//4094 4649//4078 4620//4049 4621//4050
f  4668//4095 4650//4079 4649//4078 4667//4094
f  4669//4096 4651//4080 4650//4079 4668//4095
f  4670//4097 4667//4094 4621//4050 4661//4088
f  4671//4098 4652//4081 4651//4080 4669//4096
f  4672//4099 4656//4084 4652//4081 4671//4098
f  4673//4100 4668//4095 4667//4094 4670//4097
f  4669//4096 4668//4095 4673//4100 4671//4098
f  4674//548 4640//4069 4638//4067 4655//4083
f  4675//4101 4658//4086 4656//4084 4672//4099
f  4676//4102 4670//4097 4661//4088 4662//4089
f  4677//4103 4673//4100 4670//4097 4676//4102
f  4671//4098 4673//4100 4677//4103 4672//4099
f  4678//4104 4676//4102 4662//4089 4663//4090
f  4675//4101 4672//4099 4677//4103 4679//4105
f  4677//4103 4676//4102 4678//4104 4679//4105
f  4640//4069 4674//548 4680//547 4643//4072
f  4655//4083 4665//4092 4681//546 4674//548
f  4665//4092 4666//4093 4682//4106 4681//546
f  4683//551 1879//1647 1872//1644 4643//4072
f  4684//552 1880//1648 1879//1647 4683//551
f  4685//550 4683//551 4643//4072 4680//547
f  4686//4107 1881//1649 1880//1648 4684//552
f  1881//1649 4686//4107 4687//4108 1884//1652
f  4680//547 4681//546 4688//554 4689//549
f  4686//4107 4684//552 4685//550 4690//4109
f  4691//4110 4690//4109 4685//550 4692//553
f  4686//4107 4690//4109 4693//4111 4687//4108
f  4690//4109 4691//4110 4694//4112 4693//4111
f  4441//3913 4470//521 4491//3942 4664//4091
f  4664//4091 4491//3942 4495//559 4666//4093
f  4695//558 4682//4106 4666//4093 4495//559
f  4681//546 4682//4106 4696//4113 4688//554
f  4697//560 4696//4113 4682//4106 4695//558
f  4495//559 4494//3945 4530//3972 4698//557
f  4699//4114 4700//4115 4701//4116 4702//4117
f  4701//4116 4703//4118 4704//4119 4702//4117
f  4701//4116 4700//4115 4705//4120 4706//4121
f  4707//4122 4703//4118 4701//4116 4706//4121
f  4703//4118 4708//4123 4709//4124 4704//4119
f  4710//4125 4708//4123 4703//4118 4707//4122
f  4711//4126 4709//4124 4708//4123 4712//4127
f  4713//4128 4712//4127 4708//4123 4710//4125
f  4692//553 4688//554 4696//4113 4714//555
f  4696//4113 4697//560 4715//562 4714//555
f  4716//4129 4717//4130 4718//4131 4719//4132
f  4720//4133 4721//4134 4716//4129 4719//4132
f  4722//561 4697//560 4695//558 4698//557
f  4718//4131 4723//4135 4724//4136 4725//4137
f  4726//4138 4727//4139 4724//4136 4723//4135
f  4728//4140 4725//4137 4724//4136 4699//4114
f  4724//4136 4727//4139 4700//4115 4699//4114
f  4727//4139 4726//4138 4729//4141 4730//4142
f  4705//4120 4700//4115 4727//4139 4730//4142
f  4718//4131 4717//4130 4731//4143 4723//4135
f  4732//4144 4719//4132 4718//4131 4725//4137
f  4726//4138 4723//4135 4731//4143 4733//4145
f  4726//4138 4733//4145 4734//4146 4729//4141
f  4730//4142 4729//4141 4735//4147 4736//4148
f  4737//4149 4705//4120 4730//4142 4736//4148
f  4738//4150 4735//4147 4729//4141 4734//4146
f  4722//561 4698//557 4739//4151 4740//4152
f  4741//563 4715//562 4722//561 4740//4152
f  4735//4147 4738//4150 4742//4153 4743//4154
f  4744//4155 4736//4148 4735//4147 4743//4154
f  4745//4156 4743//4154 4742//4153 4746//4157
f  4720//4133 4747//4158 4748//4159 4749//4160
f  4750//4161 4721//4134 4720//4133 4749//4160
f  4720//4133 4719//4132 4732//4144 4747//4158
f  4725//4137 4728//4140 4747//4158 4732//4144
f  4751//4162 4748//4159 4747//4158 4728//4140
f  4692//553 4752//556 4753//4163 4691//4110
f  4749//4160 4748//4159 4754//4164 4755//4165
f  4749//4160 4755//4165 4756//4166 4750//4161
f  4757//4167 4754//4164 4748//4159 4751//4162
f  4752//556 4714//555 4715//562 4758//564
f  4752//556 4758//564 4759//4168 4753//4163
f  4755//4165 4754//4164 4760//4169 4761//4170
f  4762//4171 4756//4166 4755//4165 4761//4170
f  4763//4172 4760//4169 4754//4164 4757//4167
f  4691//4110 4753//4163 4764//4173 4694//4112
f  4761//4170 4760//4169 4765//4174 4766//4175
f  4761//4170 4766//4175 4767//4176 4762//4171
f  4768//4177 4765//4174 4760//4169 4763//4172
f  4769//4178 4766//4175 4765//4174 4770//4179
f  4765//4174 4768//4177 4771//4180 4770//4179
f  4772//4181 4767//4176 4766//4175 4769//4178
f  4769//4178 4770//4179 4771//4180 4773//4182
f  4774//4183 4772//4181 4769//4178 4773//4182
f  4728//4140 4699//4114 4702//4117 4751//4162
f  4751//4162 4702//4117 4704//4119 4757//4167
f  4757//4167 4704//4119 4709//4124 4763//4172
f  4775//4184 4706//4121 4705//4120 4737//4149
f  4737//4149 4736//4148 4744//4155 4776//4185
f  4737//4149 4776//4185 4777//4186 4775//4184
f  4744//4155 4743//4154 4745//4156 4776//4185
f  4776//4185 4745//4156 4778//4187 4777//4186
f  4779//4188 4707//4122 4706//4121 4775//4184
f  4707//4122 4779//4188 4780//4189 4710//4125
f  4781//567 4759//4168 4758//564 4741//563
f  4782//4190 4779//4188 4775//4184 4777//4186
f  4783//4191 4780//4189 4779//4188 4782//4190
f  4763//4172 4709//4124 4711//4126 4768//4177
f  4784//4192 4771//4180 4768//4177 4711//4126
f  4753//4163 4759//4168 4785//4193 4764//4173
f  4786//4194 4773//4182 4771//4180 4784//4192
f  4711//4126 4712//4127 4787//4195 4784//4192
f  4788//4196 4787//4195 4712//4127 4713//4128
f  4786//4194 4784//4192 4787//4195 4789//4197
f  4787//4195 4788//4196 4790//4198 4789//4197
f  4791//4199 4774//4183 4773//4182 4786//4194
f  4786//4194 4789//4197 4792//4200 4791//4199
f  4710//4125 4780//4189 4793//4201 4713//4128
f  4794//4202 4793//4201 4780//4189 4783//4191
f  4788//4196 4713//4128 4793//4201 4795//4203
f  4793//4201 4794//4202 4796//4204 4795//4203
f  4759//4168 4781//567 4797//566 4785//4193
f  4798//4205 4796//4204 4794//4202 4799//4206
f  4794//4202 4783//4191 4800//4207 4799//4206
f  4801//4208 4790//4198 4788//4196 4795//4203
f  4790//4198 4801//4208 4802//4209 4803//4210
f  4792//4200 4789//4197 4790//4198 4803//4210
f  4795//4203 4796//4204 4798//4205 4801//4208
f  4801//4208 4798//4205 4804//4211 4802//4209
f  4798//4205 4799//4206 4805//4212 4804//4211
f  4806//4213 1902//1670 1884//1652 4687//4108
f  1902//1670 4806//4213 4807//4214 1904//1672
f  4808//4215 4806//4213 4687//4108 4693//4111
f  4809//4216 4807//4214 4806//4213 4808//4215
f  4810//4217 1907//1675 1904//1672 4807//4214
f  1907//1675 4810//4217 4811//4218 1908//1676
f  4812//4219 4810//4217 4807//4214 4809//4216
f  4810//4217 4812//4219 4813//4220 4811//4218
f  4693//4111 4694//4112 4814//4221 4808//4215
f  4694//4112 4764//4173 4815//4222 4814//4221
f  4808//4215 4814//4221 4816//4223 4809//4216
f  4817//4224 4815//4222 4764//4173 4785//4193
f  4814//4221 4815//4222 4818//4225 4816//4223
f  4815//4222 4817//4224 4819//4226 4818//4225
f  4820//4227 4812//4219 4809//4216 4816//4223
f  4812//4219 4820//4227 4821//4228 4813//4220
f  4822//4229 4820//4227 4816//4223 4818//4225
f  4820//4227 4822//4229 4823//4230 4821//4228
f  4698//557 4530//3972 4824//4231 4739//4151
f  4530//3972 4529//3971 4533//3975 4824//4231
f  4740//4152 4739//4151 4825//4232 4826//4233
f  4781//567 4741//563 4740//4152 4826//4233
f  4739//4151 4824//4231 4827//4234 4825//4232
f  4827//4234 4824//4231 4533//3975 4538//3979
f  4828//4235 4827//4234 4538//3979 4829//4236
f  4538//3979 4537//3978 4557//3996 4829//4236
f  4830//4237 4826//4233 4825//4232 4831//4238
f  4825//4232 4827//4234 4828//4235 4831//4238
f  4745//4156 4746//4157 4832//4239 4778//4187
f  4777//4186 4778//4187 4833//4240 4782//4190
f  4834//4241 4833//4240 4778//4187 4832//4239
f  4782//4190 4833//4240 4800//4207 4783//4191
f  4833//4240 4834//4241 4835//4242 4800//4207
f  4781//567 4826//4233 4830//4237 4836//565
f  4805//4212 4799//4206 4800//4207 4835//4242
f  4817//4224 4785//4193 4797//566 4837//4243
f  4797//566 4836//565 4838//4244 4837//4243
f  4830//4237 4831//4238 4839//4245 4840//4246
f  4838//4244 4836//565 4830//4237 4840//4246
f  4831//4238 4828//4235 4841//4247 4839//4245
f  4842//569 4843//568 4829//4236 4557//3996
f  4841//4247 4828//4235 4829//4236 4843//568
f  4843//568 4844//570 4845//4248 4841//4247
f  4846//4249 4840//4246 4839//4245 4847//4250
f  4839//4245 4841//4247 4845//4248 4847//4250
f  4848//4251 4838//4244 4840//4246 4846//4249
f  4817//4224 4837//4243 4849//4252 4819//4226
f  4837//4243 4838//4244 4848//4251 4849//4252
f  4822//4229 4818//4225 4819//4226 4850//4253
f  4819//4226 4849//4252 4851//4254 4850//4253
f  4849//4252 4848//4251 4852//4255 4851//4254
f  4822//4229 4850//4253 4853//4256 4823//4230
f  4557//3996 4556//3995 4560//3999 4842//569
f  4854//4257 4844//570 4842//569 4560//3999
f  4844//570 4854//4257 4855//4258 4845//4248
f  4560//3999 4561//4000 4856//4259 4854//4257
f  4857//4260 4855//4258 4854//4257 4856//4259
f  4846//4249 4847//4250 4858//4261 4859//4262
f  4852//4255 4848//4251 4846//4249 4859//4262
f  4858//4261 4847//4250 4845//4248 4855//4258
f  4860//4263 4858//4261 4855//4258 4857//4260
f  4861//573 4859//4262 4858//4261 4860//4263
f  4561//4000 4562//4001 4862//4264 4856//4259
f  4562//4001 4566//4005 4863//4265 4862//4264
f  4856//4259 4862//4264 4864//4266 4857//4260
f  4566//4005 4567//4006 4865//4267 4863//4265
f  4866//4268 4853//4256 4850//4253 4851//4254
f  4867//4269 4868//4270 4853//4256 4866//4268
f  4869//4271 4823//4230 4853//4256 4868//4270
f  4868//4270 4867//4269 4870//4272 4871//4273
f  4872//4274 4869//4271 4868//4270 4871//4273
f  4851//4254 4852//4255 4873//4275 4866//4268
f  4873//4275 4852//4255 4859//4262 4861//573
f  4866//4268 4873//4275 4874//4276 4867//4269
f  4874//4276 4873//4275 4861//573 4875//572
f  4861//573 4860//4263 4876//4277 4877//571
f  4878//4278 4874//4276 4875//572 4879//575
f  4880//576 4879//575 4875//572 4877//571
f  4878//4278 4870//4272 4867//4269 4874//4276
f  4870//4272 4878//4278 4881//4279 4882//4280
f  4883//586 4871//4273 4870//4272 4882//4280
f  4878//4278 4879//575 4884//4281 4881//4279
f  4885//4282 1951//1718 1950//1717 4886//4283
f  4887//4284 4886//4283 1950//1717 1955//1722
f  1951//1718 4885//4282 4888//4285 1952//1719
f  4885//4282 4886//4283 4889//4286 4890//4287
f  4885//4282 4890//4287 4891//4288 4888//4285
f  4890//4287 4889//4286 4892//4289 4893//4290
f  4890//4287 4893//4290 4894//4291 4891//4288
f  4895//4292 4889//4286 4886//4283 4887//4284
f  4889//4286 4895//4292 4896//4293 4892//4289
f  4895//4292 4887//4284 4897//4294 4898//4295
f  4899//4296 4896//4293 4895//4292 4898//4295
f  4514//3959 4081//460 4218//3730 4541//3982
f  4548//3987 4540//3981 4541//3982 4900//4297
f  4541//3982 4218//3730 4221//3733 4900//4297
f  4548//3987 4900//4297 4901//4298 4902//4299
f  4553//3992 4547//3986 4548//3987 4902//4299
f  4901//4298 4900//4297 4221//3733 4228//3740
f  4902//4299 4901//4298 4903//4300 4904//4301
f  4905//4302 4553//3992 4902//4299 4904//4301
f  4228//3740 4229//3741 4903//4300 4901//4298
f  4906//4303 4903//4300 4229//3741 4242//472
f  4907//4304 4904//4301 4903//4300 4906//4303
f  4565//4004 4552//3991 4553//3992 4905//4302
f  4564//4003 4565//4004 4908//4305 4568//4007
f  4565//4004 4905//4302 4909//4306 4908//4305
f  4567//4006 4568//4007 4910//4307 4865//4267
f  4568//4007 4908//4305 4911//4308 4910//4307
f  4909//4306 4905//4302 4904//4301 4907//4304
f  4912//4309 4909//4306 4907//4304 4913//4310
f  4907//4304 4906//4303 4914//577 4913//4310
f  4911//4308 4908//4305 4909//4306 4912//4309
f  4912//4309 4913//4310 4915//4311 4916//4312
f  4912//4309 4916//4312 4917//4313 4911//4308
f  4242//472 4918//473 4914//577 4906//4303
f  4914//577 4247//474 4919//475 4920//4314
f  4915//4311 4913//4310 4914//577 4920//4314
f  4247//474 4246//3754 4251//476 4919//475
f  4893//4290 4920//4314 4919//475 4894//4291
f  4919//475 4288//477 4921//4315 4894//4291
f  4915//4311 4892//4289 4896//4293 4916//4312
f  4915//4311 4920//4314 4893//4290 4892//4289
f  4917//4313 4916//4312 4896//4293 4899//4296
f  1955//1722 2073//1824 4897//4294 4887//4284
f  2073//1824 2074//1825 4922//4316 4897//4294
f  2074//1825 2075//1826 4923//4317 4922//4316
f  4924//4318 4923//4317 2075//1826 2076//1827
f  4925//4319 4898//4295 4897//4294 4922//4316
f  4922//4316 4923//4317 4926//4320 4925//4319
f  4923//4317 4924//4318 4927//4321 4926//4320
f  4928//4322 2091//1842 2092//1843 4929//4323
f  4930//4324 4929//4323 2092//1843 2093//1844
f  4924//4318 2076//1827 2091//1842 4928//4322
f  4924//4318 4928//4322 4931//4325 4927//4321
f  4929//4323 4932//4326 4933//4327 4928//4322
f  4934//4328 4932//4326 4929//4323 4930//4324
f  4935//4329 4933//4327 4932//4326 4936//4330
f  4932//4326 4934//4328 4937//4331 4936//4330
f  4938//4332 4931//4325 4928//4322 4933//4327
f  4865//4267 4910//4307 4939//4333 4940//4334
f  4941//4335 4863//4265 4865//4267 4940//4334
f  4939//4333 4910//4307 4911//4308 4942//578
f  4943//579 4942//578 4911//4308 4917//4313
f  4939//4333 4942//578 4944//4336 4945//4337
f  4946//4338 4940//4334 4939//4333 4945//4337
f  4947//4339 4944//4336 4942//578 4948//580
f  4949//4340 4950//4341 4945//4337 4944//4336
f  4945//4337 4950//4341 4951//4342 4946//4338
f  4950//4341 4952//4343 4953//591 4951//4342
f  4950//4341 4949//4340 4954//583 4952//4343
f  4955//584 4954//583 4949//4340 4956//4344
f  4949//4340 4944//4336 4947//4339 4956//4344
f  4957//4345 4882//4280 4881//4279 4958//4346
f  4959//4347 4960//4348 4957//4345 4958//4346
f  4883//586 4882//4280 4957//4345 4961//587
f  4957//4345 4960//4348 4962//4349 4961//587
f  4963//4350 4964//4351 4960//4348 4959//4347
f  4960//4348 4964//4351 4965//4352 4962//4349
f  4964//4351 4963//4350 4966//4353 4967//4354
f  4968//4355 4965//4352 4964//4351 4967//4354
f  4880//576 4877//571 4969//4356 4970//589
f  4879//575 4971//574 4972//4357 4884//4281
f  4973//4358 4972//4357 4971//574 4974//588
f  4975//4359 4976//590 4953//591 4977//4360
f  4953//591 4952//4343 4978//4361 4977//4360
f  4969//4356 4951//4342 4953//591 4970//589
f  4976//590 4975//4359 4979//4362 4974//588
f  4980//4363 4979//4362 4975//4359 4981//4364
f  4975//4359 4977//4360 4982//4365 4981//4364
f  4977//4360 4978//4361 4983//4366 4982//4365
f  4984//582 4978//4361 4952//4343 4954//583
f  4978//4361 4984//582 4985//4367 4983//4366
f  4986//4368 4987//4369 4972//4357 4973//4358
f  4988//4370 4884//4281 4972//4357 4987//4369
f  4987//4369 4986//4368 4989//4371 4988//4370
f  4986//4368 4973//4358 4990//4372 4991//4373
f  4986//4368 4991//4373 4992//4374 4989//4371
f  4993//4375 4992//4374 4991//4373 4994//4376
f  4991//4373 4990//4372 4995//4377 4994//4376
f  4974//588 4979//4362 4990//4372 4973//4358
f  4995//4377 4990//4372 4979//4362 4980//4363
f  4996//4378 4995//4377 4980//4363 4997//4379
f  4980//4363 4981//4364 4998//4380 4997//4379
f  4988//4370 4958//4346 4881//4279 4884//4281
f  4963//4350 4959//4347 4989//4371 4992//4374
f  4989//4371 4959//4347 4958//4346 4988//4370
f  4966//4353 4963//4350 4992//4374 4993//4375
f  4966//4353 4993//4375 4999//4381 5000//4382
f  5001//4383 4967//4354 4966//4353 5000//4382
f  4993//4375 4994//4376 5002//4384 4999//4381
f  4994//4376 4995//4377 4996//4378 5002//4384
f  5003//4385 5000//4382 4999//4381 5004//4386
f  4999//4381 5002//4384 5005//4387 5004//4386
f  5002//4384 4996//4378 5006//4388 5005//4387
f  5007//4389 5008//4390 5009//592 5010//581
f  5007//4389 5010//581 4955//584 5011//4391
f  4938//4332 5012//4392 5007//4389 5011//4391
f  5013//4393 5008//4390 5007//4389 5012//4392
f  5014//4394 5015//4395 5008//4390 5013//4393
f  5016//4396 5009//592 5008//4390 5015//4395
f  5016//4396 4985//4367 4984//582 5009//592
f  4985//4367 5016//4396 5017//4397 5018//4398
f  5019//4399 4983//4366 4985//4367 5018//4398
f  4955//584 4956//4344 5020//4400 5011//4391
f  4956//4344 4947//4339 5021//4401 5020//4400
f  5022//4402 5015//4395 5014//4394 5023//4403
f  5014//4394 5013//4393 5024//4404 5025//4405
f  5014//4394 5025//4405 5026//4406 5023//4403
f  5016//4396 5015//4395 5022//4402 5017//4397
f  5027//4407 5018//4398 5017//4397 5028//4408
f  5017//4397 5022//4402 5029//4409 5028//4408
f  5022//4402 5023//4403 5030//4410 5029//4409
f  5031//4411 4899//4296 4898//4295 4925//4319
f  4943//579 4917//4313 4899//4296 5031//4411
f  5031//4411 4925//4319 4926//4320 5032//4412
f  4948//580 4943//579 5031//4411 5032//4412
f  5021//4401 5032//4412 4926//4320 4927//4321
f  4948//580 5032//4412 5021//4401 4947//4339
f  5021//4401 4927//4321 4931//4325 5020//4400
f  4931//4325 4938//4332 5011//4391 5020//4400
f  4938//4332 4933//4327 4935//4329 5012//4392
f  5013//4393 5012//4392 4935//4329 5024//4404
f  4935//4329 4936//4330 5033//4413 5024//4404
f  5034//4414 5025//4405 5024//4404 5033//4413
f  4941//4335 4864//4266 4862//4264 4863//4265
f  4876//4277 4860//4263 4857//4260 4864//4266
f  5035//4415 4876//4277 4864//4266 4941//4335
f  4969//4356 4877//571 4876//4277 5035//4415
f  4941//4335 4940//4334 4946//4338 5035//4415
f  5035//4415 4946//4338 4951//4342 4969//4356
f  4998//4380 4981//4364 4982//4365 5036//4416
f  4982//4365 4983//4366 5019//4399 5036//4416
f  4996//4378 4997//4379 5037//4417 5006//4388
f  4997//4379 4998//4380 5038//4418 5037//4417
f  4998//4380 5036//4416 5039//4419 5038//4418
f  5036//4416 5019//4399 5040//4420 5039//4419
f  5019//4399 5018//4398 5027//4407 5040//4420
f  5041//4421 5005//4387 5006//4388 5042//4422
f  5006//4388 5037//4417 5043//4423 5042//4422
f  5037//4417 5038//4418 5044//4424 5043//4423
f  5045//4425 5040//4420 5027//4407 5046//4426
f  5027//4407 5028//4408 5047//4427 5046//4426
f  5038//4418 5039//4419 5048//4428 5044//4424
f  5039//4419 5040//4420 5045//4425 5048//4428
f  5049//4429 2143//1888 1908//1676 4811//4218
f  2143//1888 5049//4429 5050//4430 2144//1889
f  5051//595 5049//4429 4811//4218 4813//4220
f  5052//594 5050//4430 5049//4429 5051//595
f  2141//1887 2144//1889 5053//4431 2149//1893
f  2144//1889 5050//4430 5054//4432 5053//4431
f  5050//4430 5052//594 5055//4433 5054//4432
f  5056//4434 5051//595 4813//4220 4821//4228
f  5051//595 5056//4434 5057//4435 5058//593
f  4821//4228 4823//4230 4869//4271 5056//4434
f  5056//4434 4869//4271 4872//4274 5057//4435
f  5052//594 5059//596 5060//4436 5055//4433
f  5061//4437 5058//593 5057//4435 5062//4438
f  5063//4439 5062//4438 5057//4435 4872//4274
f  5064//4440 5061//4437 5062//4438 5065//4441
f  5062//4438 5063//4439 5066//4442 5065//4441
f  5058//593 5061//4437 5067//4443 5059//596
f  5068//4444 5067//4443 5061//4437 5064//4440
f  5059//596 5067//4443 5069//4445 5060//4436
f  5067//4443 5068//4444 5070//4446 5069//4445
f  5071//4447 5068//4444 5064//4440 5072//4448
f  5064//4440 5065//4441 5073//4449 5072//4448
f  5068//4444 5071//4447 5074//4450 5070//4446
f  5071//4447 5072//4448 5075//4451 5076//4452
f  5071//4447 5076//4452 5077//4453 5074//4450
f  5078//4454 5063//4439 4872//4274 5079//4455
f  4872//4274 4871//4273 4883//586 5079//4455
f  5063//4439 5078//4454 5080//4456 5066//4442
f  5065//4441 5066//4442 5081//4457 5073//4449
f  5082//4458 5078//4454 5079//4455 5083//597
f  5079//4455 4883//586 5084//585 5083//597
f  5078//4454 5082//4458 5085//4459 5080//4456
f  5086//4460 5082//4458 5083//597 5087//598
f  5088//4461 5085//4459 5082//4458 5086//4460
f  5084//585 4961//587 4962//4349 5087//598
f  5081//4457 5066//4442 5080//4456 5089//4462
f  5080//4456 5085//4459 5090//4463 5089//4462
f  5091//4464 5090//4463 5085//4459 5088//4461
f  5072//4448 5073//4449 5092//4465 5075//4451
f  5073//4449 5081//4457 5093//4466 5092//4465
f  5081//4457 5089//4462 5094//4467 5093//4466
f  5089//4462 5090//4463 5095//4468 5094//4467
f  5092//4465 5093//4466 5096//4469 5097//4470
f  5098//4471 5075//4451 5092//4465 5097//4470
f  5099//4472 5095//4468 5090//4463 5091//4464
f  5076//4452 5075//4451 5098//4471 5100//4473
f  5076//4452 5100//4473 5101//4474 5077//4453
f  5100//4473 5098//4471 5102//4475 5103//4476
f  5100//4473 5103//4476 5104//4477 5101//4474
f  5093//4466 5094//4467 5105//4478 5096//4469
f  5094//4467 5095//4468 5106//4479 5105//4478
f  5107//4480 5106//4479 5095//4468 5099//4472
f  5097//4470 5096//4469 5108//4481 5109//4482
f  5102//4475 5098//4471 5097//4470 5109//4482
f  5110//4483 5108//4481 5096//4469 5105//4478
f  5111//4484 5102//4475 5109//4482 5112//4485
f  5109//4482 5108//4481 5113//4486 5112//4485
f  5108//4481 5110//4483 5114//4487 5113//4486
f  5105//4478 5106//4479 5115//4488 5110//4483
f  5116//4489 5115//4488 5106//4479 5107//4480
f  5110//4483 5115//4488 5117//4490 5114//4487
f  5115//4488 5116//4489 5118//4491 5117//4490
f  5119//4492 5103//4476 5102//4475 5111//4484
f  5103//4476 5119//4492 5120//4493 5104//4477
f  5121//4494 5119//4492 5111//4484 5122//4495
f  5111//4484 5112//4485 5123//4496 5122//4495
f  5119//4492 5121//4494 5124//4497 5120//4493
f  5112//4485 5113//4486 5125//4498 5123//4496
f  5113//4486 5114//4487 5126//4499 5125//4498
f  5127//600 5126//4499 5114//4487 5117//4490
f  5128//4500 5123//4496 5125//4498 5129//4501
f  5125//4498 5126//4499 5130//4502 5129//4501
f  5131//599 5130//4502 5126//4499 5127//600
f  5121//4494 5122//4495 5132//4503 5133//4504
f  5121//4494 5133//4504 5134//4505 5124//4497
f  5122//4495 5123//4496 5128//4500 5132//4503
f  5129//4501 5130//4502 5135//4506 5136//4507
f  5137//4508 5128//4500 5129//4501 5136//4507
f  5138//4509 5132//4503 5128//4500 5137//4508
f  5133//4504 5132//4503 5138//4509 5139//4510
f  5140//618 5134//4505 5133//4504 5139//4510
f  5141//602 5135//4506 5130//4502 5131//599
f  5142//4511 5137//4508 5136//4507 5143//4512
f  5136//4507 5135//4506 5144//606 5143//4512
f  5135//4506 5141//602 5145//604 5144//606
f  5146//4513 5138//4509 5137//4508 5142//4511
f  5147//4514 5139//4510 5138//4509 5146//4513
f  5142//4511 5143//4512 5148//4515 5149//4516
f  5150//4517 5146//4513 5142//4511 5149//4516
f  5146//4513 5150//4517 5151//4518 5147//4514
f  5152//605 5148//4515 5143//4512 5144//606
f  5153//607 5154//4519 5148//4515 5152//605
f  5155//4520 5149//4516 5148//4515 5154//4519
f  5156//4521 5150//4517 5149//4516 5155//4520
f  5154//4519 5153//607 5157//608 5158//4522
f  5154//4519 5158//4522 5159//4523 5155//4520
f  5150//4517 5156//4521 5160//4524 5151//4518
f  2149//1893 5053//4431 5161//4525 2326//2034
f  5053//4431 5054//4432 5162//4526 5161//4525
f  5163//4527 5162//4526 5054//4432 5055//4433
f  2093//1844 2090//1841 2326//2034 5161//4525
f  4930//4324 2093//1844 5161//4525 5162//4526
f  4934//4328 4930//4324 5162//4526 5163//4527
f  5163//4527 5055//4433 5060//4436 5164//4528
f  5060//4436 5069//4445 5165//4529 5164//4528
f  4937//4331 4934//4328 5163//4527 5164//4528
f  5166//4530 5165//4529 5069//4445 5070//4446
f  5164//4528 5165//4529 5167//4531 4937//4331
f  5165//4529 5166//4530 5168//4532 5167//4531
f  5166//4530 5070//4446 5074//4450 5169//4533
f  5166//4530 5169//4533 5170//4534 5168//4532
f  5074//4450 5077//4453 5171//4535 5169//4533
f  5033//4413 4936//4330 4937//4331 5167//4531
f  5034//4414 5033//4413 5167//4531 5168//4532
f  5087//598 4962//4349 4965//4352 5086//4460
f  5086//4460 4965//4352 4968//4355 5088//4461
f  5088//4461 4968//4355 5172//4536 5091//4464
f  4968//4355 4967//4354 5001//4383 5172//4536
f  5099//4472 5091//4464 5172//4536 5173//4537
f  5172//4536 5001//4383 5174//4538 5173//4537
f  5001//4383 5000//4382 5003//4385 5174//4538
f  5077//4453 5101//4474 5175//4539 5171//4535
f  5176//4540 5175//4539 5101//4474 5104//4477
f  5169//4533 5171//4535 5177//4541 5170//4534
f  5171//4535 5175//4539 5178//4542 5177//4541
f  5099//4472 5173//4537 5179//4543 5107//4480
f  5180//4544 5179//4543 5173//4537 5174//4538
f  5116//4489 5107//4480 5179//4543 5181//4545
f  5179//4543 5180//4544 5182//4546 5181//4545
f  5183//4547 5178//4542 5175//4539 5176//4540
f  5184//4548 5034//4414 5168//4532 5170//4534
f  5026//4406 5025//4405 5034//4414 5184//4548
f  5184//4548 5170//4534 5177//4541 5185//4549
f  5186//4550 5026//4406 5184//4548 5185//4549
f  5030//4410 5023//4403 5026//4406 5186//4550
f  5187//4551 5185//4549 5177//4541 5178//4542
f  5185//4549 5187//4551 5188//4552 5186//4550
f  5189//4553 5187//4551 5178//4542 5183//4547
f  5190//4554 5188//4552 5187//4551 5189//4553
f  5174//4538 5003//4385 5191//4555 5180//4544
f  5003//4385 5004//4386 5192//4556 5191//4555
f  5004//4386 5005//4387 5041//4421 5192//4556
f  5193//4557 5191//4555 5192//4556 5194//4558
f  5192//4556 5041//4421 5195//4559 5194//4558
f  5041//4421 5042//4422 5196//4560 5195//4559
f  5193//4557 5182//4546 5180//4544 5191//4555
f  5116//4489 5181//4545 5197//4561 5118//4491
f  5181//4545 5182//4546 5198//4562 5197//4561
f  5199//610 5198//4562 5182//4546 5193//4557
f  5198//4562 5199//610 5200//609 5201//613
f  5202//4563 5197//4561 5198//4562 5201//613
f  5193//4557 5194//4558 5203//611 5199//610
f  5204//4564 5205//4565 5200//609 5203//611
f  5200//609 5205//4565 5206//4566 5207//612
f  5194//4558 5195//4559 5204//4564 5203//611
f  5204//4564 5195//4559 5196//4560 5208//4567
f  5209//4568 5205//4565 5204//4564 5208//4567
f  5210//4569 5206//4566 5205//4565 5209//4568
f  5211//4570 5212//4571 5213//4572 5214//4573
f  5211//4570 5214//4573 5215//4574 5216//4575
f  5217//4576 5212//4571 5211//4570 5218//4577
f  5211//4570 5216//4575 5219//4578 5218//4577
f  5220//4579 5030//4410 5186//4550 5188//4552
f  5221//4580 5029//4409 5030//4410 5220//4579
f  5047//4427 5028//4408 5029//4409 5221//4580
f  5213//4572 5212//4571 5221//4580 5220//4579
f  5221//4580 5212//4571 5217//4576 5047//4427
f  5188//4552 5190//4554 5213//4572 5220//4579
f  5222//4581 5190//4554 5189//4553 5223//4582
f  5189//4553 5183//4547 5224//4583 5223//4582
f  5214//4573 5213//4572 5190//4554 5222//4581
f  5222//4581 5223//4582 5225//616 5226//4584
f  5215//4574 5214//4573 5222//4581 5226//4584
f  5104//4477 5120//4493 5227//4585 5176//4540
f  5228//4586 5227//4585 5120//4493 5124//4497
f  5176//4540 5227//4585 5224//4583 5183//4547
f  5227//4585 5228//4586 5229//617 5224//4583
f  5117//4490 5118//4491 5230//601 5127//600
f  5202//4563 5230//601 5118//4491 5197//4561
f  5231//603 5131//599 5230//601 5202//4563
f  5202//4563 5201//613 5207//612 5231//603
f  5232//4587 5228//4586 5124//4497 5134//4505
f  5228//4586 5232//4587 5233//615 5229//617
f  5234//620 5232//4587 5134//4505 5140//618
f  5235//622 5233//615 5232//4587 5234//620
f  5225//616 5223//4582 5224//4583 5229//617
f  5236//4588 5226//4584 5225//616 5233//615
f  5231//603 5207//612 5206//4566 5237//614
f  5237//614 5206//4566 5210//4569 5238//624
f  5239//619 5140//618 5139//4510 5147//4514
f  5239//619 5147//4514 5151//4518 5240//621
f  5240//621 5151//4518 5160//4524 5241//625
f  5233//615 5235//622 5242//628 5236//4588
f  5235//622 5241//625 5243//626 5242//628
f  5244//623 5245//4589 5158//4522 5157//608
f  5244//623 5238//624 5246//4590 5245//4589
f  5238//624 5210//4569 5247//4591 5246//4590
f  5248//4592 5243//626 5241//625 5160//4524
f  5249//4593 5159//4523 5158//4522 5245//4589
f  5156//4521 5155//4520 5159//4523 5250//4594
f  5251//4595 5250//4594 5159//4523 5249//4593
f  5156//4521 5250//4594 5248//4592 5160//4524
f  5252//4596 5248//4592 5250//4594 5251//4595
f  5253//627 5243//626 5248//4592 5252//4596
f  5254//630 5236//4588 5242//628 5255//631
f  5242//628 5253//627 5256//4597 5255//631
f  5253//627 5252//4596 5257//4598 5256//4597
f  5254//630 5215//4574 5226//4584 5236//4588
f  5258//629 5216//4575 5215//4574 5254//630
f  5219//4578 5216//4575 5258//629 5259//632
f  5255//631 5256//4597 5260//4599 5259//632
f  5261//4600 5043//4423 5044//4424 5262//4601
f  5263//4602 5262//4601 5044//4424 5048//4428
f  5196//4560 5042//4422 5043//4423 5261//4600
f  5264//4603 5208//4567 5196//4560 5261//4600
f  5264//4603 5261//4600 5262//4601 5265//4604
f  5262//4601 5263//4602 5266//4605 5265//4604
f  5263//4602 5048//4428 5045//4425 5267//4606
f  5045//4425 5046//4426 5268//4607 5267//4606
f  5046//4426 5047//4427 5217//4576 5268//4607
f  5263//4602 5267//4606 5269//4608 5266//4605
f  5267//4606 5268//4607 5270//4609 5269//4608
f  5268//4607 5217//4576 5218//4577 5270//4609
f  5209//4568 5208//4567 5264//4603 5271//4610
f  5264//4603 5265//4604 5272//4611 5271//4610
f  5265//4604 5266//4605 5273//4612 5272//4611
f  5274//4613 5273//4612 5266//4605 5269//4608
f  5209//4568 5271//4610 5247//4591 5210//4569
f  5271//4610 5272//4611 5275//4614 5247//4591
f  5272//4611 5273//4612 5276//4615 5275//4614
f  5274//4613 5269//4608 5270//4609 5277//4616
f  5276//4615 5273//4612 5274//4613 5278//4617
f  5274//4613 5277//4616 5260//4599 5278//4617
f  5277//4616 5270//4609 5218//4577 5219//4578
f  5219//4578 5259//632 5260//4599 5277//4616
f  5279//4618 5246//4590 5247//4591 5275//4614
f  5275//4614 5276//4615 5280//4619 5279//4618
f  5276//4615 5278//4617 5257//4598 5280//4619
f  5260//4599 5256//4597 5257//4598 5278//4617
f  5249//4593 5245//4589 5246//4590 5279//4618
f  5251//4595 5249//4593 5279//4618 5280//4619
f  5252//4596 5251//4595 5280//4619 5257//4598
f  5281//4620 2339//2047 1952//1719 4888//4285
f  2339//2047 5281//4620 2346//2054 2340//2048
f  5282//4621 5281//4620 4888//4285 4891//4288
f  5283//4622 2346//2054 5281//4620 5282//4621
f  5284//4623 2347//2055 2346//2054 5283//4622
f  4921//4315 5282//4621 4891//4288 4894//4291
f  5285//4624 5283//4622 5282//4621 4921//4315
f  5286//4625 5284//4623 5283//4622 5285//4624
f  2348//2056 2347//2055 5284//4623 5287//4626
f  5288//4627 5287//4626 5284//4623 5286//4625
f  5287//4626 5288//4627 5289//4628 5290//4629
f  2350//2058 2348//2056 5287//4626 5290//4629
f  4921//4315 4288//477 4289//3792 5285//4624
f  5286//4625 5285//4624 4289//3792 4291//3794
f  5288//4627 5286//4625 4291//3794 4298//3801
f  5289//4628 5288//4627 4298//3801 4301//3804
f  5291//4630 5290//4629 5289//4628 5292//4631
f  5293//4632 5294//4633 5291//4630 5292//4631
f  2350//2058 5290//4629 5291//4630 2351//2059
f  2366//2074 2351//2059 5291//4630 5294//4633
f  5294//4633 5293//4632 5295//4634 2372//2080
f  2367//2075 2366//2074 5294//4633 2372//2080
f  5289//4628 4301//3804 4345//3845 5292//4631
f  5292//4631 4345//3845 4350//3850 5293//4632
f  5293//4632 4350//3850 4351//3851 5295//4634
f  5296//4635 2373//2081 2372//2080 5295//4634
f  2373//2081 5296//4635 5297//4636 2374//2082
f  5295//4634 4351//3851 4363//3860 5296//4635
f  5296//4635 4363//3860 4366//3863 5297//4636
f  5298//4637 5299//4638 5300//4639 5301//4640
f  5302//4641 5301//4640 5300//4639 5303//4642
f  5300//4639 5299//4638 5304//4643 5305//4644
f  5306//4645 5303//4642 5300//4639 5305//4644
f  5307//634 5299//4638 5298//4637 5308//635
f  5298//4637 5301//4640 5309//4646 5310//4647
f  5311//4648 5308//635 5298//4637 5310//4647
f  5312//636 5304//4643 5299//4638 5307//634
f  5308//635 5311//4648 5313//4649 5314//633
f  5301//4640 5302//4641 5315//4650 5309//4646
f  5302//4641 5303//4642 5316//4651 5317//4652
f  5302//4641 5317//4652 5318//4653 5315//4650
f  5317//4652 5316//4651 5319//4654 5320//4655
f  5321//4656 5318//4653 5317//4652 5320//4655
f  5322//4657 5316//4651 5303//4642 5306//4645
f  5316//4651 5322//4657 5323//4658 5319//4654
f  5322//4657 5306//4645 5324//4659 5325//4660
f  5326//638 5323//4658 5322//4657 5325//4660
f  5327//4661 5319//4654 5323//4658 5328//4662
f  5323//4658 5326//638 5329//640 5328//4662
f  5330//4663 5320//4655 5319//4654 5327//4661
f  5331//4664 5332//4665 5333//4666 5334//4667
f  5331//4664 5335//4668 5336//4669 5332//4665
f  5331//4664 5334//4667 5337//4670 5338//4671
f  5339//4672 5335//4668 5331//4664 5338//4671
f  5335//4668 5340//4673 5341//4674 5336//4669
f  5342//4675 5340//4673 5335//4668 5339//4672
f  5343//649 5341//4674 5340//4673 5344//4676
f  5340//4673 5342//4675 5345//4677 5344//4676
f  5346//4678 5305//4644 5304//4643 5347//4679
f  5348//641 5347//4679 5304//4643 5312//636
f  5347//4679 5349//4680 5350//4681 5346//4678
f  5351//642 5349//4680 5347//4679 5348//641
f  5332//4665 5350//4681 5349//4680 5333//4666
f  5352//643 5333//4666 5349//4680 5351//642
f  5305//4644 5346//4678 5324//4659 5306//4645
f  5346//4678 5350//4681 5353//4682 5324//4659
f  5353//4682 5350//4681 5332//4665 5336//4669
f  5354//645 5355//637 5307//634 5314//633
f  5356//4683 5334//4667 5333//4666 5352//643
f  5334//4667 5356//4683 5357//4684 5337//4670
f  5356//4683 5352//643 5355//637 5358//5
f  5356//4683 5358//5 5359//5 5357//4684
f  5360//4685 5325//4660 5324//4659 5353//4682
f  5353//4682 5336//4669 5341//4674 5360//4685
f  5326//638 5325//4660 5360//4685 5361//639
f  5361//639 5360//4685 5341//4674 5343//649
f  5343//649 5344//4676 5362//4686 5329//640
f  5363//4687 5338//4671 5337//4670 5364//4688
f  5337//4670 5357//4684 5365//654 5364//4688
f  5338//4671 5363//4687 5366//4689 5339//4672
f  5367//4690 5366//4689 5363//4687 5368//4691
f  5363//4687 5364//4688 5369//4692 5368//4691
f  5367//4690 5368//4691 5370//4693 5371//4694
f  5372//4695 5371//4694 5370//4693 5373//4696
f  5370//4693 5368//4691 5369//4692 5374//4697
f  5375//4698 5373//4696 5370//4693 5374//4697
f  5376//4699 5366//4689 5367//4690 5377//4700
f  5367//4690 5371//4694 5378//4701 5377//4700
f  5371//4694 5372//4695 5379//4702 5378//4701
f  5380//4703 5372//4695 5373//4696 5381//4704
f  5373//4696 5375//4698 5382//4705 5381//4704
f  5383//4706 5379//4702 5372//4695 5380//4703
f  5339//4672 5366//4689 5376//4699 5342//4675
f  5342//4675 5376//4699 5384//651 5345//4677
f  5376//4699 5377//4700 5385//652 5384//651
f  5386//662 5378//4701 5379//4702 5387//4707
f  5379//4702 5383//4706 5388//4708 5387//4707
f  5389//5 5365//654 5357//4684 5359//5
f  5390//653 5369//4692 5364//4688 5365//654
f  5391//655 5374//4697 5369//4692 5390//653
f  5374//4697 5391//655 5392//4709 5375//4698
f  5392//4709 5391//655 5389//5 5393//5
f  5394//644 5354//645 5395//4710 5396//4711
f  5397//4712 5398//648 5394//644 5396//4711
f  5375//4698 5392//4709 5399//656 5382//4705
f  5392//4709 5393//5 5400//646 5399//656
f  5401//4713 5382//4705 5399//656 5402//657
f  5377//4700 5378//4701 5386//662 5385//652
f  5386//662 5387//4707 5403//4714 5404//650
f  5380//4703 5381//4704 5405//4715 5406//4716
f  5380//4703 5406//4716 5407//4717 5383//4706
f  5405//4715 5381//4704 5382//4705 5401//4713
f  5406//4716 5405//4715 5408//4718 5409//4719
f  5406//4716 5409//4719 5410//4720 5407//4717
f  5401//4713 5411//4721 5408//4718 5405//4715
f  5401//4713 5402//657 5412//659 5411//4721
f  5411//4721 5413//4722 5414//4723 5408//4718
f  5415//660 5413//4722 5411//4721 5412//659
f  5416//4724 5414//4723 5413//4722 5417//4725
f  5418//661 5417//4725 5413//4722 5415//660
f  5419//4726 5409//4719 5408//4718 5414//4723
f  5420//4727 5419//4726 5414//4723 5416//4724
f  5409//4719 5419//4726 5421//4728 5410//4720
f  5419//4726 5420//4727 5422//4729 5421//4728
f  5417//4725 5418//661 5423//663 5424//4730
f  5425//4731 5416//4724 5417//4725 5424//4730
f  5426//4732 5420//4727 5416//4724 5425//4731
f  5427//4733 5422//4729 5420//4727 5426//4732
f  5428//4734 5388//4708 5383//4706 5407//4717
f  5403//4714 5387//4707 5388//4708 5429//4735
f  5388//4708 5428//4734 5430//667 5429//4735
f  5431//664 5410//4720 5421//4728 5432//665
f  5433//4736 5432//665 5421//4728 5422//4729
f  5407//4717 5410//4720 5431//664 5428//4734
f  5428//4734 5431//664 5434//666 5430//667
f  5432//665 5433//4736 5435//669 5434//666
f  5436//4737 5433//4736 5422//4729 5427//4733
f  5433//4736 5436//4737 5437//4738 5435//669
f  5438//4739 5330//4663 5327//4661 5439//4740
f  5327//4661 5328//4662 5440//4741 5439//4740
f  5328//4662 5329//640 5441//671 5440//4741
f  5329//640 5362//4686 5442//672 5441//671
f  5362//4686 5344//4676 5345//4677 5443//4742
f  5444//4743 5442//672 5362//4686 5443//4742
f  5442//672 5444//4743 5445//4744 5446//670
f  5345//4677 5384//651 5404//650 5443//4742
f  5443//4742 5404//650 5447//4745 5444//4743
f  5444//4743 5447//4745 5448//4746 5445//4744
f  5449//4747 5447//4745 5404//650 5403//4714
f  5450//4748 5448//4746 5447//4745 5449//4747
f  5403//4714 5429//4735 5451//4749 5449//4747
f  5452//668 5451//4749 5429//4735 5430//667
f  5354//645 5314//633 5313//4649 5395//4710
f  5395//4710 5313//4649 5453//4750 5454//4751
f  5455//4752 5396//4711 5395//4710 5454//4751
f  5456//677 5457//4753 5458//4754 5459//673
f  5460//676 5459//673 5458//4754 5461//4755
f  5462//4756 5461//4755 5458//4754 5463//680
f  5458//4754 5457//4753 5464//4757 5463//680
f  5457//4753 5456//677 5465//690 5466//4758
f  5457//4753 5466//4758 5467//4759 5464//4757
f  5468//4760 5310//4647 5309//4646 5469//4761
f  5309//4646 5315//4650 5470//4762 5469//4761
f  5471//4763 5470//4762 5315//4650 5318//4653
f  5311//4648 5310//4647 5468//4760 5472//4764
f  5468//4760 5469//4761 5473//4765 5474//4766
f  5475//4767 5472//4764 5468//4760 5474//4766
f  5473//4765 5469//4761 5470//4762 5476//4768
f  5470//4762 5471//4763 5477//4769 5476//4768
f  5453//4750 5313//4649 5311//4648 5472//4764
f  5478//682 5453//4750 5472//4764 5475//4767
f  5479//4770 5454//4751 5453//4750 5478//682
f  5318//4653 5321//4656 5480//4771 5471//4763
f  5320//4655 5330//4663 5438//4739 5321//4656
f  5481//4772 5480//4771 5321//4656 5438//4739
f  5471//4763 5480//4771 5482//4773 5477//4769
f  5480//4771 5481//4772 5483//4774 5482//4773
f  5481//4772 5438//4739 5439//4740 5484//685
f  5485//684 5483//4774 5481//4772 5484//685
f  5474//4766 5473//4765 5486//4775 5487//4776
f  5474//4766 5487//4776 5488//4777 5475//4767
f  5473//4765 5476//4768 5489//4778 5486//4775
f  5476//4768 5477//4769 5490//4779 5489//4778
f  5491//4780 5488//4777 5487//4776 5492//4781
f  5487//4776 5486//4775 5493//4782 5492//4781
f  5486//4775 5489//4778 5494//4783 5493//4782
f  5475//4767 5488//4777 5495//675 5478//682
f  5488//4777 5491//4780 5496//681 5495//675
f  5491//4780 5492//4781 5497//4784 5498//689
f  5499//688 5496//681 5491//4780 5498//689
f  5465//690 5456//677 5496//681 5499//688
f  5477//4769 5482//4773 5500//4785 5490//4779
f  5500//4785 5482//4773 5483//4774 5501//4786
f  5483//4774 5485//684 5502//691 5501//4786
f  5489//4778 5490//4779 5503//4787 5494//4783
f  5490//4779 5500//4785 5504//4788 5503//4787
f  5500//4785 5501//4786 5505//4789 5506//4790
f  5507//4791 5504//4788 5500//4785 5506//4790
f  5460//676 5479//4770 5478//682 5508//674
f  5454//4751 5479//4770 5509//4792 5455//4752
f  5479//4770 5460//676 5461//4755 5509//4792
f  5510//4793 5509//4792 5461//4755 5462//4756
f  5497//4784 5492//4781 5493//4782 5511//4794
f  5512//4795 5511//4794 5493//4782 5494//4783
f  5498//689 5497//4784 5513//4796 5514//687
f  5497//4784 5511//4794 5515//4797 5513//4796
f  5511//4794 5512//4795 5516//4798 5515//4797
f  5512//4795 5494//4783 5503//4787 5517//4799
f  5512//4795 5517//4799 5518//4800 5516//4798
f  5503//4787 5504//4788 5519//4801 5517//4799
f  5520//4802 5519//4801 5504//4788 5507//4791
f  5517//4799 5519//4801 5521//4803 5518//4800
f  5522//4804 5521//4803 5519//4801 5520//4802
f  5523//4805 5516//4798 5518//4800 5524//4806
f  5518//4800 5521//4803 5525//4807 5524//4806
f  5526//4808 5525//4807 5521//4803 5522//4804
f  5527//4809 5514//687 5513//4796 5528//4810
f  5513//4796 5515//4797 5529//4811 5528//4810
f  5466//4758 5465//690 5514//687 5527//4809
f  5515//4797 5516//4798 5523//4805 5529//4811
f  5466//4758 5527//4809 5530//4812 5467//4759
f  5530//4812 5527//4809 5528//4810 5531//4813
f  5528//4810 5529//4811 5532//4814 5531//4813
f  5529//4811 5523//4805 5533//4815 5532//4814
f  5523//4805 5524//4806 5534//4816 5533//4815
f  5524//4806 5525//4807 5535//4817 5534//4816
f  5536//4818 5535//4817 5525//4807 5526//4808
f  5397//4712 5396//4711 5455//4752 5537//694
f  5538//658 5398//648 5397//4712 5539//4819
f  5397//4712 5537//694 5540//693 5539//4819
f  5455//4752 5509//4792 5510//4793 5537//694
f  5510//4793 5462//4756 5463//680 5541//679
f  5542//692 5537//694 5510//4793 5541//679
f  5463//680 5464//4757 5543//4820 5544//678
f  5464//4757 5467//4759 5545//4821 5543//4820
f  5546//4822 5542//692 5544//678 5547//4823
f  5548//4824 5547//4823 5544//678 5543//4820
f  5423//663 5538//658 5539//4819 5549//4825
f  5550//4826 5424//4730 5423//663 5549//4825
f  5539//4819 5540//693 5551//4827 5549//4825
f  5540//693 5542//692 5546//4822 5551//4827
f  5552//4828 5425//4731 5424//4730 5550//4826
f  5553//4829 5426//4732 5425//4731 5552//4828
f  5426//4732 5553//4829 5554//4830 5427//4733
f  5555//4831 5550//4826 5549//4825 5551//4827
f  5556//4832 5552//4828 5550//4826 5555//4831
f  5557//4833 5553//4829 5552//4828 5556//4832
f  5558//4834 5554//4830 5553//4829 5557//4833
f  5559//696 5436//4737 5427//4733 5554//4830
f  5436//4737 5559//696 5560//695 5437//4738
f  5561//697 5559//696 5554//4830 5558//4834
f  5560//695 5561//697 5562//4835 5563//4836
f  5564//702 5437//4738 5560//695 5563//4836
f  5551//4827 5546//4822 5565//4837 5555//4831
f  5546//4822 5547//4823 5566//4838 5565//4837
f  5547//4823 5548//4824 5567//4839 5566//4838
f  5556//4832 5555//4831 5565//4837 5568//4840
f  5569//4841 5568//4840 5565//4837 5566//4838
f  5570//4842 5557//4833 5556//4832 5568//4840
f  5557//4833 5570//4842 5571//4843 5558//4834
f  5572//4844 5570//4842 5568//4840 5569//4841
f  5573//4845 5571//4843 5570//4842 5572//4844
f  5562//4835 5561//697 5558//4834 5571//4843
f  5574//4846 5562//4835 5571//4843 5573//4845
f  5575//4847 5563//4836 5562//4835 5574//4846
f  5467//4759 5530//4812 5576//4848 5545//4821
f  5530//4812 5531//4813 5577//4849 5576//4848
f  5578//4850 5577//4849 5531//4813 5532//4814
f  5548//4824 5543//4820 5545//4821 5576//4848
f  5567//4839 5548//4824 5576//4848 5577//4849
f  5577//4849 5578//4850 5579//4851 5567//4839
f  5578//4850 5532//4814 5533//4815 5580//4852
f  5578//4850 5580//4852 5581//4853 5579//4851
f  5580//4852 5533//4815 5534//4816 5582//4854
f  5580//4852 5582//4854 5583//4855 5581//4853
f  5534//4816 5535//4817 5584//4856 5582//4854
f  5585//4857 5584//4856 5535//4817 5536//4818
f  5582//4854 5584//4856 5586//4858 5583//4855
f  5587//4859 5586//4858 5584//4856 5585//4857
f  5569//4841 5566//4838 5567//4839 5579//4851
f  5572//4844 5569//4841 5579//4851 5581//4853
f  5573//4845 5572//4844 5581//4853 5583//4855
f  5588//698 5583//4855 5586//4858 5589//699
f  5573//4845 5583//4855 5588//698 5574//4846
f  5575//4847 5574//4846 5588//698 5590//700
f  5591//4860 5590//700 5589//699 5592//4861
f  5589//699 5586//4858 5587//4859 5592//4861
f  5439//4740 5440//4741 5593//686 5484//685
f  5440//4741 5441//671 5446//670 5593//686
f  5594//4862 5502//691 5595//701 5596//4863
f  5595//701 5593//686 5597//4864 5598//4865
f  5599//4866 5596//4863 5595//701 5598//4865
f  5600//4867 5594//4862 5596//4863 5601//4868
f  5602//4869 5601//4868 5596//4863 5599//4866
f  5501//4786 5502//691 5594//4862 5505//4789
f  5505//4789 5594//4862 5600//4867 2772//2404
f  2771//2403 5506//4790 5505//4789 2772//2404
f  5600//4867 5601//4868 5603//4870 2776//2408
f  2768//2400 2772//2404 5600//4867 2776//2408
f  5601//4868 5602//4869 5604//4871 5603//4870
f  5597//4864 5593//686 5446//670 5445//4744
f  5597//4864 5445//4744 5448//4746 5605//4872
f  5606//4873 5598//4865 5597//4864 5605//4872
f  5607//4874 5599//4866 5598//4865 5606//4873
f  5599//4866 5607//4874 5608//4875 5602//4869
f  5609//4876 5605//4872 5448//4746 5450//4748
f  5610//4877 5606//4873 5605//4872 5609//4876
f  5611//4878 5607//4874 5606//4873 5610//4877
f  5612//4879 5608//4875 5607//4874 5611//4878
f  5602//4869 5608//4875 5613//4880 5604//4871
f  5614//4881 5613//4880 5608//4875 5612//4879
f  5615//4882 2777//2409 2776//2408 5603//4870
f  5616//4883 5615//4882 5603//4870 5604//4871
f  2777//2409 5615//4882 2921//2551 2778//2410
f  5615//4882 5616//4883 5617//4884 2921//2551
f  5616//4883 5604//4871 5613//4880 5618//4885
f  5619//4886 5618//4885 5613//4880 5614//4881
f  5616//4883 5618//4885 5620//4887 5617//4884
f  5618//4885 5619//4886 5621//4888 5620//4887
f  5619//4886 5614//4881 5622//4889 5623//4890
f  5619//4886 5623//4890 5624//4891 5621//4888
f  5506//4790 2771//2403 2773//2405 5507//4791
f  5625//4892 5520//4802 5507//4791 2773//2405
f  5626//4893 5522//4804 5520//4802 5625//4892
f  5522//4804 5626//4893 5627//4894 5526//4808
f  2773//2405 2770//2402 2780//2412 5625//4892
f  5628//4895 5626//4893 5625//4892 2780//2412
f  5629//4896 5627//4894 5626//4893 5628//4895
f  5630//4897 5536//4818 5526//4808 5627//4894
f  2780//2412 2781//2413 5631//4898 5628//4895
f  3080//2703 5631//4898 2781//2413 2782//2414
f  5450//4748 5449//4747 5451//4749 5632//4899
f  5633//4900 5609//4876 5450//4748 5632//4899
f  5611//4878 5610//4877 5634//4901 5635//4902
f  5611//4878 5635//4902 5636//4903 5612//4879
f  5634//4901 5610//4877 5609//4876 5633//4900
f  5637//703 5632//4899 5451//4749 5452//668
f  5633//4900 5632//4899 5637//703 5638//704
f  5639//4904 5634//4901 5633//4900 5638//704
f  5640//4905 5635//4902 5634//4901 5639//4904
f  5635//4902 5640//4905 5641//4906 5636//4903
f  5640//4905 5639//4904 5590//700 5591//4860
f  5642//4907 5641//4906 5640//4905 5591//4860
f  5612//4879 5636//4903 5622//4889 5614//4881
f  5636//4903 5641//4906 5643//4908 5622//4889
f  5644//4909 5643//4908 5641//4906 5642//4907
f  5564//702 5452//668 5435//669 5437//4738
f  5564//702 5563//4836 5575//4847 5638//704
f  5575//4847 5590//700 5639//4904 5638//704
f  5645//4910 5623//4890 5622//4889 5643//4908
f  5646//4911 5645//4910 5643//4908 5644//4909
f  5623//4890 5645//4910 5647//4912 5624//4891
f  5645//4910 5646//4911 5648//4913 5647//4912
f  5649//4914 5585//4857 5536//4818 5630//4897
f  5585//4857 5649//4914 5650//4915 5587//4859
f  5592//4861 5587//4859 5650//4915 5651//4916
f  5652//4917 5651//4916 5650//4915 5653//4918
f  5650//4915 5649//4914 5654//4919 5653//4918
f  5649//4914 5630//4897 5655//4920 5654//4919
f  5591//4860 5592//4861 5651//4916 5642//4907
f  5642//4907 5651//4916 5652//4917 5644//4909
f  5656//4921 5646//4911 5644//4909 5652//4917
f  5646//4911 5656//4921 5657//4922 5648//4913
f  5656//4921 5652//4917 5653//4918 5658//4923
f  5659//4924 5658//4923 5653//4918 5654//4919
f  5656//4921 5658//4923 5660//4925 5657//4922
f  5658//4923 5659//4924 5661//4926 5660//4925
f  5627//4894 5629//4896 5655//4920 5630//4897
f  5628//4895 5631//4898 5662//4927 5629//4896
f  5663//705 5662//4927 5631//4898 3080//2703
f  5664//4928 5655//4920 5629//4896 5662//4927
f  5659//4924 5654//4919 5655//4920 5664//4928
f  5665//4929 5664//4928 5662//4927 5663//705
f  5661//4926 5659//4924 5664//4928 5665//4929
f  4315//3818 4316//3819 5666//4930 5667//4931
f  4315//3818 5667//4931 5668//4932 4318//3821
f  5669//4933 5667//4931 5666//4930 2923//2553
f  2897//2527 2898//2528 5666//4930 4316//3819
f  5666//4930 2898//2528 2899//2529 2923//2553
f  2923//2553 2919//2549 5670//4934 5669//4933
f  5671//4935 5668//4932 5667//4931 5669//4933
f  5668//4932 5671//4935 5672//4936 5673//4937
f  4323//3825 4318//3821 5668//4932 5673//4937
f  5674//4938 5671//4935 5669//4933 5670//4934
f  5675//4939 5672//4936 5671//4935 5674//4938
f  5676//4940 5677//4941 5673//4937 5672//4936
f  4326//3828 4323//3825 5673//4937 5677//4941
f  5677//4941 5678//4942 5679//4943 4326//3828
f  5677//4941 5676//4940 5680//4944 5678//4942
f  5681//4945 5676//4940 5672//4936 5675//4939
f  5676//4940 5681//4945 5682//4946 5680//4944
f  5683//4947 5684//4948 5678//4942 5680//4944
f  5685//4949 5679//4943 5678//4942 5684//4948
f  4325//3827 4326//3828 5679//4943 4330//3831
f  5686//4950 4330//3831 5679//4943 5685//4949
f  5684//4948 5683//4947 5687//4951 5688//4952
f  5684//4948 5688//4952 5689//4953 5685//4949
f  2919//2549 2920//2550 5690//4954 5670//4934
f  5690//4954 2920//2550 2921//2551 5617//4884
f  5690//4954 5617//4884 5620//4887 5691//4955
f  5674//4938 5670//4934 5690//4954 5691//4955
f  5692//4956 5691//4955 5620//4887 5621//4888
f  5675//4939 5674//4938 5691//4955 5692//4956
f  5675//4939 5692//4956 5693//4957 5681//4945
f  5692//4956 5621//4888 5624//4891 5693//4957
f  2933//2563 2932//2562 5694//4958 5695//4959
f  5696//706 2934//2564 2933//2563 5695//4959
f  5681//4945 5693//4957 5697//4960 5682//4946
f  5697//4960 5693//4957 5624//4891 5647//4912
f  5697//4960 5647//4912 5648//4913 5698//4961
f  5699//4962 5682//4946 5697//4960 5698//4961
f  5683//4947 5680//4944 5682//4946 5699//4962
f  5700//4963 5687//4951 5683//4947 5699//4962
f  5687//4951 5700//4963 5701//4964 5702//4965
f  5703//4966 5688//4952 5687//4951 5702//4965
f  5704//4967 5698//4961 5648//4913 5657//4922
f  5700//4963 5699//4962 5698//4961 5704//4967
f  5657//4922 5660//4925 5705//4968 5704//4967
f  5706//4969 5705//4968 5660//4925 5661//4926
f  5701//4964 5700//4963 5704//4967 5705//4968
f  5707//4970 5701//4964 5705//4968 5706//4969
f  5702//4965 5701//4964 5707//4970 5708//4971
f  5709//4972 5708//4971 5707//4970 5710//4973
f  5707//4970 5706//4969 5711//4974 5710//4973
f  5712//4975 5703//4966 5702//4965 5708//4971
f  5713//4976 2939//2569 2938//2568 5714//4977
f  5715//4978 5714//4977 2938//2568 2941//2571
f  5694//4958 2932//2562 2940//2570 5716//4979
f  2940//2570 2939//2569 5713//4976 5716//4979
f  5717//4980 5694//4958 5716//4979 5718//4981
f  5719//4982 5718//4981 5716//4979 5713//4976
f  5720//4983 5695//4959 5694//4958 5717//4980
f  5717//4980 5718//4981 5721//4984 5709//4972
f  5717//4980 5709//4972 5710//4973 5720//4983
f  5718//4981 5719//4982 5722//4985 5721//4984
f  5713//4976 5714//4977 5723//4986 5719//4982
f  5724//4987 5723//4986 5714//4977 5715//4978
f  5719//4982 5723//4986 5725//4988 5722//4985
f  5726//4989 5725//4988 5723//4986 5724//4987
f  5727//4990 5689//4953 5688//4952 5703//4966
f  5689//4953 5727//4990 5728//4991 5729//4992
f  5686//4950 5685//4949 5689//4953 5729//4992
f  5730//4993 5727//4990 5703//4966 5712//4975
f  5728//4991 5727//4990 5730//4993 5731//4994
f  5728//4991 5731//4994 5732//4995 5733//4996
f  5734//4997 5729//4992 5728//4991 5733//4996
f  5730//4993 5712//4975 5721//4984 5722//4985
f  5730//4993 5722//4985 5725//4988 5731//4994
f  5731//4994 5725//4988 5726//4989 5732//4995
f  5708//4971 5709//4972 5721//4984 5712//4975
f  4329//3830 4330//3831 5686//4950 4356//3856
f  5686//4950 5729//4992 5734//4997 4356//3856
f  2941//2571 3020//2644 3023//2646 5715//4978
f  5724//4987 5715//4978 3023//2646 5735//4998
f  3023//2646 3024//2647 5736//4999 5735//4998
f  5724//4987 5735//4998 5737//5000 5726//4989
f  3024//2647 3025//2648 5738//5001 5736//4999
f  3025//2648 3026//2649 3075//2698 5738//5001
f  5735//4998 5736//4999 5739//5002 5737//5000
f  5740//5003 5739//5002 5736//4999 5738//5001
f  5733//4996 5732//4995 5741//5004 5742//5005
f  5743//5006 5734//4997 5733//4996 5742//5005
f  5732//4995 5726//4989 5737//5000 5741//5004
f  5741//5004 5737//5000 5739//5002 5744//5007
f  5745//5008 5742//5005 5741//5004 5744//5007
f  5744//5007 5746//5009 5747//5010 5745//5008
f  5744//5007 5739//5002 5740//5003 5746//5009
f  5738//5001 3075//2698 5748//5011 5740//5003
f  3075//2698 3076//2699 5749//5012 5748//5011
f  3076//2699 3074//2697 3700//3311 5749//5012
f  5746//5009 5740//5003 5748//5011 5750//5013
f  5748//5011 5749//5012 5751//5014 5750//5013
f  5749//5012 3700//3311 5752//371 5751//5014
f  5747//5010 5746//5009 5750//5013 5753//5015
f  5754//5016 5745//5008 5747//5010 5755//5017
f  5747//5010 5753//5015 5756//5018 5755//5017
f  5757//5019 5756//5018 5753//5015 5758//5020
f  5753//5015 5750//5013 5751//5014 5758//5020
f  5743//5006 4357//3857 4356//3856 5734//4997
f  5754//5016 4358//3858 4357//3857 5743//5006
f  5755//5017 4359//3859 4358//3858 5754//5016
f  5743//5006 5742//5005 5745//5008 5754//5016
f  5756//5018 4365//3862 4359//3859 5755//5017
f  4365//3862 5756//5018 5757//5019 4366//3863
f  3080//2703 2934//2564 5696//706 5663//705
f  5711//4974 5665//4929 5663//705 5759//707
f  5706//4969 5661//4926 5665//4929 5711//4974
f  5696//706 5695//4959 5720//4983 5759//707
f  5759//707 5720//4983 5710//4973 5711//4974
f  5760//5021 3668//3281 2374//2082 5297//4636
f  5761//5022 3669//3282 3668//3281 5760//5021
f  5752//371 3670//370 3669//3282 5761//5022
f  5760//5021 5297//4636 4366//3863 5757//5019
f  5757//5019 5758//5020 5761//5022 5760//5021
f  3700//3311 3692//3303 3691//372 5752//371
f  5758//5020 5751//5014 5752//371 5761//5022

