# Blender 5.0.1
# www.blender.org
mtllib tripo_convert_c5a8a767-c215-4987-ab61-714d8713fa07.mtl
o tripo_node_c5a8a767-c215-4987-ab61-714d8713fa07
v -0.250244 0.483398 0.114990
v -0.253662 0.471191 0.078369
v -0.253662 0.458496 0.045654
v -0.258545 0.480957 0.049561
v -0.257080 0.468262 0.018799
v -0.252686 0.451660 0.014404
v -0.260986 0.488770 0.020752
v -0.073486 0.241699 0.252197
v -0.040771 0.215332 0.259521
v -0.057373 0.220703 0.250244
v -0.057861 0.234863 0.261963
v -0.041260 0.229980 0.269775
v -0.039795 0.248047 0.277100
v -0.020752 0.245605 0.281494
v -0.021240 0.211914 0.265381
v -0.021729 0.227051 0.275146
v -0.128174 0.338379 0.255127
v -0.127686 0.360352 0.263916
v -0.146729 0.390137 0.258057
v -0.141846 0.413086 0.265869
v -0.135498 0.435547 0.270752
v -0.158447 0.442871 0.256592
v -0.151611 0.464355 0.260498
v -0.128662 0.458008 0.273193
v -0.143799 0.484863 0.261963
v -0.138428 0.499512 0.252686
v -0.135010 0.499512 0.257080
v -0.128662 0.499512 0.258057
v -0.132568 0.498535 0.253174
v -0.126709 0.499512 0.255615
v -0.127197 0.499512 0.251221
v -0.019287 0.427734 0.376221
v -0.016846 0.435059 0.381104
v -0.008545 0.434082 0.384521
v -0.010010 0.426270 0.379639
v -0.024170 0.439453 0.377197
v -0.023682 0.450195 0.376709
v -0.015869 0.442383 0.383545
v -0.015869 0.450195 0.382568
v -0.016357 0.459961 0.377686
v -0.008057 0.441406 0.386963
v -0.008057 0.450195 0.385986
v -0.008057 0.460449 0.381104
v -0.112061 0.304199 0.253662
v -0.096924 0.293457 0.260986
v -0.087158 0.267578 0.255127
v -0.066650 0.277344 0.274170
v -0.071045 0.258789 0.263428
v -0.081787 0.284668 0.267822
v -0.087158 0.307617 0.273193
v -0.074951 0.300781 0.278076
v -0.101318 0.316406 0.266846
v -0.108154 0.337891 0.270264
v -0.107178 0.357422 0.277100
v -0.091064 0.339844 0.281494
v -0.076904 0.320801 0.282959
v -0.067627 0.315430 0.286377
v -0.075928 0.332520 0.286865
v -0.066162 0.334473 0.291748
v -0.086182 0.355957 0.288330
v -0.068604 0.361328 0.298096
v -0.072021 0.344727 0.292236
v -0.089600 0.326172 0.278076
v -0.012451 0.336426 0.313721
v -0.012451 0.339844 0.315674
v -0.025146 0.345703 0.313721
v -0.025146 0.354980 0.315674
v -0.025635 0.365723 0.317627
v -0.012451 0.345703 0.317139
v -0.012451 0.354980 0.319092
v -0.012451 0.365723 0.321533
v -0.036377 0.268066 0.283936
v -0.061279 0.295410 0.283447
v -0.047607 0.290527 0.287842
v -0.056885 0.310547 0.290283
v -0.032471 0.287598 0.291260
v -0.044189 0.306641 0.294678
v -0.055908 0.252441 0.270752
v -0.052002 0.271973 0.279541
v -0.018799 0.266113 0.286377
v -0.030029 0.303711 0.298584
v -0.016846 0.285645 0.292725
v -0.014893 0.302246 0.300537
v -0.047119 0.334961 0.297119
v -0.049072 0.339355 0.300537
v -0.048096 0.336914 0.299561
v -0.061768 0.326172 0.291748
v -0.053467 0.321777 0.294678
v -0.051025 0.327637 0.296631
v -0.058838 0.334473 0.294189
v -0.057373 0.331055 0.294189
v -0.054932 0.332520 0.294678
v -0.055908 0.334473 0.294678
v -0.059814 0.341797 0.296631
v -0.055908 0.337891 0.296631
v -0.053955 0.334473 0.293213
v -0.051514 0.333496 0.290283
v -0.052490 0.334473 0.290283
v -0.052002 0.334961 0.289307
v -0.049561 0.330078 0.296631
v -0.048096 0.332031 0.295166
v -0.053955 0.335938 0.296143
v -0.051514 0.334473 0.285889
v -0.050537 0.333984 0.281494
v -0.041748 0.318359 0.299072
v -0.040283 0.324707 0.301025
v -0.039307 0.328125 0.300537
v -0.037842 0.336914 0.304932
v -0.038330 0.339844 0.306396
v -0.037354 0.334961 0.302490
v -0.038330 0.330566 0.299072
v -0.046631 0.333008 0.292236
v -0.046143 0.334961 0.287354
v -0.045654 0.333496 0.281982
v -0.037842 0.333496 0.296143
v -0.037354 0.332031 0.295654
v -0.036865 0.332520 0.290771
v -0.050537 0.344238 0.302002
v -0.052490 0.353027 0.303467
v -0.053955 0.364258 0.305908
v -0.038330 0.345215 0.307861
v -0.038818 0.354492 0.309814
v -0.039307 0.365234 0.312256
v -0.052490 0.333496 0.269775
v -0.046143 0.333496 0.276123
v -0.046143 0.333496 0.269775
v -0.036865 0.333496 0.279541
v -0.036865 0.333496 0.269775
v -0.027100 0.322754 0.305908
v -0.026123 0.326660 0.305420
v -0.028076 0.315918 0.303955
v -0.025146 0.333984 0.307861
v -0.025146 0.336426 0.310303
v -0.025146 0.339844 0.311768
v -0.025635 0.329590 0.303955
v -0.025146 0.333008 0.302002
v -0.025146 0.331543 0.300049
v -0.025146 0.332031 0.294189
v -0.025146 0.333496 0.283936
v -0.013916 0.314453 0.307373
v -0.013428 0.321289 0.309814
v -0.012939 0.325684 0.309326
v -0.012451 0.333984 0.311768
v -0.012939 0.328613 0.307373
v -0.012451 0.333008 0.305420
v -0.012451 0.331055 0.303467
v -0.012451 0.332031 0.296143
v -0.012451 0.333984 0.286865
v -0.025146 0.333496 0.276611
v -0.025146 0.333984 0.269775
v -0.012451 0.333496 0.276611
v -0.012451 0.333496 0.269775
v -0.104736 0.379395 0.283447
v -0.100342 0.401367 0.288818
v -0.113525 0.430176 0.282959
v -0.124756 0.383789 0.272217
v -0.083252 0.395996 0.297119
v -0.086182 0.376465 0.292725
v -0.069580 0.375977 0.301025
v -0.092041 0.425781 0.293701
v -0.077881 0.415039 0.301025
v -0.062744 0.408203 0.308838
v -0.064209 0.422363 0.308838
v -0.068604 0.433105 0.305908
v -0.106689 0.453125 0.284912
v -0.099365 0.476562 0.285400
v -0.121338 0.480469 0.274170
v -0.087646 0.450195 0.294678
v -0.072998 0.449219 0.302002
v -0.062744 0.448730 0.307861
v -0.067139 0.466309 0.302979
v -0.079834 0.472656 0.295654
v -0.069580 0.497070 0.297607
v -0.033447 0.434082 0.364990
v -0.034424 0.418457 0.351318
v -0.041260 0.423828 0.345947
v -0.042725 0.434570 0.351318
v -0.037353 0.428711 0.356689
v -0.050049 0.403809 0.315186
v -0.039795 0.376465 0.315186
v -0.040283 0.387695 0.317627
v -0.039795 0.398926 0.320557
v -0.049072 0.426270 0.329346
v -0.047119 0.413574 0.322021
v -0.052979 0.420410 0.318115
v -0.056396 0.429199 0.315674
v -0.052002 0.434082 0.325439
v -0.044189 0.419434 0.333252
v -0.037353 0.414062 0.338135
v -0.046143 0.430176 0.341064
v -0.038818 0.408203 0.326904
v -0.022217 0.420898 0.367432
v -0.027100 0.430176 0.370850
v -0.031006 0.424316 0.362549
v -0.025635 0.414551 0.356201
v -0.011963 0.418945 0.370850
v -0.013428 0.412109 0.359619
v -0.014404 0.407227 0.346436
v -0.028076 0.404297 0.331299
v -0.027100 0.386230 0.322510
v -0.026123 0.375977 0.320068
v -0.028076 0.395996 0.325439
v -0.014404 0.394043 0.328857
v -0.014893 0.401367 0.335205
v -0.012939 0.375488 0.323486
v -0.013916 0.384766 0.325928
v -0.027588 0.409668 0.343018
v -0.038818 0.438965 0.359619
v -0.034912 0.441895 0.365967
v -0.036865 0.448242 0.362549
v -0.031494 0.458008 0.364990
v -0.042236 0.445312 0.354248
v -0.046143 0.441406 0.345947
v -0.043213 0.452637 0.348877
v -0.037842 0.455566 0.357178
v -0.031494 0.466797 0.358154
v -0.038330 0.463867 0.349854
v -0.049072 0.437500 0.336182
v -0.047119 0.448730 0.340576
v -0.049561 0.448242 0.330322
v -0.047607 0.455078 0.333740
v -0.057373 0.439453 0.314209
v -0.055908 0.450195 0.314209
v -0.052490 0.442383 0.322510
v -0.051514 0.451172 0.322021
v -0.054932 0.459473 0.313232
v -0.048584 0.458496 0.325439
v -0.043701 0.459473 0.341553
v -0.044189 0.465332 0.331787
v -0.048584 0.470215 0.318115
v -0.049072 0.487793 0.313232
v -0.037842 0.471191 0.340576
v -0.037842 0.479492 0.331787
v -0.031494 0.498535 0.331787
v -0.040283 0.493164 0.322021
v -0.030518 0.440918 0.370850
v -0.030518 0.449707 0.369873
v -0.024170 0.459473 0.372314
v -0.024658 0.469238 0.365479
v -0.016846 0.470215 0.370850
v -0.016846 0.480957 0.363525
v -0.024170 0.479004 0.357666
v -0.031006 0.476074 0.349854
v -0.023682 0.488770 0.349854
v -0.016846 0.491211 0.355713
v -0.008545 0.471191 0.374268
v -0.008545 0.482422 0.366943
v -0.008545 0.493164 0.359619
v -0.030518 0.484863 0.341553
v -0.053955 0.376465 0.308350
v -0.052979 0.390137 0.311768
v -0.058838 0.479980 0.306396
v -0.131592 0.013184 0.006592
v -0.107666 0.247559 0.207764
v -0.104736 0.237305 0.188721
v -0.070557 0.217773 0.220947
v -0.089600 0.236816 0.223877
v -0.072998 0.227539 0.238525
v -0.066162 0.212891 0.201904
v -0.087158 0.226562 0.205322
v -0.082764 0.221191 0.187744
v -0.122314 0.248535 0.172119
v -0.100342 0.230957 0.172607
v -0.114990 0.239258 0.150635
v -0.107666 0.236328 0.137451
v -0.099365 0.234863 0.127686
v -0.068604 0.218262 0.159424
v -0.077881 0.219238 0.172607
v -0.092041 0.226562 0.156006
v -0.082275 0.225586 0.143311
v -0.054443 0.210938 0.233643
v -0.038330 0.206055 0.242920
v -0.034912 0.201660 0.222412
v -0.050537 0.206543 0.213623
v -0.046143 0.206543 0.193115
v -0.019775 0.202637 0.249268
v -0.017822 0.198730 0.228271
v -0.031006 0.202148 0.200928
v -0.015381 0.199219 0.205811
v -0.062256 0.212402 0.182861
v -0.056396 0.213379 0.167236
v -0.042236 0.208984 0.173584
v -0.057373 0.217773 0.146240
v -0.039795 0.212891 0.151611
v -0.028076 0.205078 0.179443
v -0.013916 0.202637 0.183350
v -0.012939 0.207520 0.158447
v -0.025635 0.209473 0.156006
v -0.024658 0.213867 0.127197
v -0.011963 0.212402 0.129150
v -0.099854 0.007812 0.032959
v -0.115479 0.010254 0.019775
v -0.110596 0.026367 0.016357
v -0.124756 0.028809 0.002197
v -0.095947 0.023926 0.029541
v -0.106201 0.043945 0.012939
v -0.083740 0.005371 0.045166
v -0.081299 0.021484 0.041260
v -0.068115 0.002930 0.055908
v -0.066162 0.019043 0.051025
v -0.078857 0.040039 0.037354
v -0.064209 0.037598 0.046143
v -0.076904 0.061035 0.032471
v -0.093018 0.041992 0.026123
v -0.103272 0.064453 0.010498
v -0.100830 0.086426 0.008545
v -0.097412 0.108398 0.007568
v -0.090576 0.062500 0.022217
v -0.088135 0.084961 0.019287
v -0.074463 0.083496 0.028076
v -0.084717 0.106445 0.017334
v -0.071533 0.104980 0.025635
v -0.052979 0.001465 0.063721
v -0.036865 0.000488 0.069092
v -0.018799 0.000000 0.072021
v -0.017822 0.014648 0.064697
v -0.051025 0.017090 0.057861
v -0.034912 0.015625 0.062256
v -0.049072 0.035156 0.052002
v -0.062256 0.059082 0.040283
v -0.047119 0.057129 0.046143
v -0.032959 0.033691 0.055908
v -0.031982 0.056152 0.049561
v -0.016846 0.032715 0.057861
v -0.015869 0.055176 0.052002
v -0.060303 0.082031 0.035400
v -0.045654 0.080566 0.040771
v -0.057861 0.103516 0.032471
v -0.054932 0.123535 0.031982
v -0.043701 0.102539 0.038330
v -0.041748 0.122559 0.037842
v -0.030518 0.079590 0.045166
v -0.015381 0.079102 0.047607
v -0.029053 0.101562 0.042236
v -0.028076 0.121582 0.042236
v -0.014404 0.101074 0.045166
v -0.013916 0.120605 0.045166
v -0.122314 0.246094 0.122314
v -0.114014 0.244141 0.111572
v -0.104736 0.241699 0.097900
v -0.095947 0.238770 0.080322
v -0.107178 0.245605 0.066650
v -0.090088 0.233887 0.114014
v -0.082275 0.232422 0.093994
v -0.067139 0.226074 0.106689
v -0.090088 0.233887 0.063232
v -0.062744 0.224609 0.084229
v -0.076904 0.229004 0.073975
v -0.101807 0.152344 0.000244
v -0.099365 0.171875 0.005127
v -0.064209 0.163086 0.032959
v -0.074951 0.182617 0.031982
v -0.062744 0.179688 0.039795
v -0.081299 0.126953 0.017334
v -0.078369 0.146973 0.019775
v -0.093506 0.129395 0.008057
v -0.090088 0.149414 0.010986
v -0.068115 0.125488 0.025146
v -0.065674 0.145020 0.028076
v -0.088135 0.168457 0.015869
v -0.086670 0.186523 0.022705
v -0.075928 0.165527 0.025146
v -0.112061 0.246582 0.037842
v -0.101807 0.239746 0.051025
v -0.099854 0.231445 0.038818
v -0.109619 0.210938 0.008057
v -0.098389 0.206543 0.019775
v -0.109131 0.193848 0.000244
v -0.098389 0.189941 0.011963
v -0.110107 0.225098 0.016846
v -0.110596 0.236816 0.026611
v -0.119873 0.229980 0.003662
v -0.120361 0.242676 0.012939
v -0.098877 0.220215 0.029053
v -0.087158 0.215332 0.039795
v -0.074463 0.210938 0.049561
v -0.074463 0.197754 0.040283
v -0.087646 0.226074 0.050049
v -0.074951 0.221680 0.059814
v -0.086670 0.202148 0.031006
v -0.037354 0.216797 0.123779
v -0.036377 0.217773 0.097412
v -0.051514 0.221191 0.117432
v -0.061768 0.217773 0.068604
v -0.048584 0.214844 0.075439
v -0.049072 0.204590 0.064209
v -0.035889 0.212402 0.080322
v -0.036865 0.202148 0.069092
v -0.049072 0.220703 0.092041
v -0.023682 0.215332 0.100342
v -0.011963 0.213867 0.102295
v -0.024170 0.210449 0.083252
v -0.024658 0.200684 0.072510
v -0.025147 0.188477 0.063232
v -0.011963 0.208984 0.085205
v -0.012451 0.199707 0.074463
v -0.012451 0.187500 0.065186
v -0.052979 0.143066 0.034424
v -0.040283 0.141602 0.040283
v -0.051514 0.160645 0.039307
v -0.050537 0.177246 0.046143
v -0.037842 0.175293 0.051025
v -0.038818 0.159180 0.044678
v -0.026611 0.140137 0.044189
v -0.013428 0.139648 0.047119
v -0.026123 0.157715 0.048584
v -0.025635 0.173828 0.054932
v -0.012939 0.157227 0.051025
v -0.012939 0.173340 0.057373
v -0.062256 0.194336 0.048096
v -0.049561 0.191895 0.054443
v -0.061768 0.207520 0.057861
v -0.037354 0.189941 0.059326
v -0.191650 0.370117 0.196533
v -0.204834 0.365723 0.161377
v -0.188721 0.350098 0.184326
v -0.194580 0.328125 0.133057
v -0.213623 0.362793 0.125244
v -0.200439 0.346680 0.148193
v -0.126221 0.273926 0.212158
v -0.125244 0.258789 0.191162
v -0.145752 0.303711 0.213623
v -0.143799 0.285156 0.194580
v -0.169189 0.335938 0.206299
v -0.165771 0.316406 0.192627
v -0.171631 0.356445 0.218018
v -0.148193 0.323730 0.227295
v -0.126709 0.317383 0.246826
v -0.150146 0.344727 0.237549
v -0.149658 0.367188 0.248291
v -0.161377 0.297363 0.175049
v -0.156494 0.281250 0.156494
v -0.178467 0.312012 0.154541
v -0.172607 0.295898 0.137451
v -0.141357 0.269531 0.174072
v -0.151611 0.270508 0.140381
v -0.137451 0.259277 0.156006
v -0.129639 0.250000 0.135498
v -0.183838 0.331055 0.170654
v -0.191162 0.411133 0.220459
v -0.192627 0.390137 0.208740
v -0.210205 0.425293 0.198486
v -0.223389 0.462402 0.189697
v -0.201416 0.465332 0.221924
v -0.192627 0.483398 0.230225
v -0.207275 0.445801 0.211182
v -0.217041 0.480957 0.203857
v -0.206787 0.497559 0.215088
v -0.224854 0.421875 0.161865
v -0.222412 0.401855 0.149658
v -0.208252 0.385254 0.173584
v -0.210205 0.405273 0.186279
v -0.218506 0.381836 0.137939
v -0.225830 0.442383 0.175049
v -0.236084 0.483398 0.167725
v -0.238525 0.462402 0.149170
v -0.237061 0.440430 0.135498
v -0.246826 0.499512 0.136963
v -0.169189 0.399414 0.240479
v -0.171631 0.377441 0.229736
v -0.187256 0.432129 0.231201
v -0.164795 0.421387 0.249756
v -0.181396 0.452637 0.240479
v -0.173584 0.472656 0.245850
v -0.164795 0.491211 0.249268
v -0.136475 0.499512 0.248779
v -0.132080 0.499512 0.248291
v -0.190186 0.312012 0.072510
v -0.218994 0.361328 0.089600
v -0.188232 0.312500 0.117432
v -0.201904 0.329590 0.096924
v -0.207764 0.344727 0.111084
v -0.207275 0.336914 0.064697
v -0.195557 0.318848 0.084229
v -0.213135 0.347168 0.076416
v -0.222412 0.365234 0.055908
v -0.225342 0.373535 0.026611
v -0.219971 0.366699 0.018311
v -0.201904 0.330078 0.054443
v -0.191650 0.320312 0.039795
v -0.217041 0.355469 0.045654
v -0.211670 0.348145 0.035889
v -0.205811 0.341309 0.027100
v -0.197998 0.334473 0.017334
v -0.188232 0.327148 0.007080
v -0.213623 0.359375 0.009033
v -0.156982 0.273926 0.101318
v -0.181885 0.301270 0.103271
v -0.166748 0.284668 0.122314
v -0.170166 0.288574 0.080811
v -0.162842 0.284668 0.064697
v -0.142334 0.260254 0.119385
v -0.135010 0.256348 0.106689
v -0.125732 0.252930 0.095947
v -0.149170 0.270020 0.086182
v -0.140381 0.266602 0.074951
v -0.182373 0.304688 0.058350
v -0.172607 0.298340 0.046631
v -0.162842 0.292969 0.034912
v -0.171143 0.306152 0.015869
v -0.159424 0.296875 0.001221
v -0.153564 0.280762 0.052979
v -0.142822 0.275391 0.037354
v -0.131104 0.263672 0.057861
v -0.125244 0.261230 0.036865
v -0.142334 0.276855 0.004150
v -0.134033 0.268555 0.021240
v -0.130127 0.259277 0.008545
v -0.151611 0.285645 0.019775
v -0.181396 0.312988 0.027100
v -0.229248 0.397949 0.114014
v -0.224365 0.378906 0.102295
v -0.242432 0.434570 0.098389
v -0.233643 0.418457 0.124756
v -0.233154 0.394531 0.079346
v -0.227783 0.377930 0.067627
v -0.238037 0.413086 0.089600
v -0.244385 0.427246 0.064697
v -0.246338 0.458008 0.107178
v -0.249268 0.447266 0.072022
v -0.235107 0.394531 0.046143
v -0.230225 0.382324 0.035889
v -0.239990 0.409668 0.055908
v -0.245361 0.423828 0.032471
v -0.236572 0.399414 0.015869
v -0.226807 0.384766 0.001221
v -0.231689 0.391602 0.008545
v -0.240967 0.410156 0.024658
v -0.248779 0.437012 0.009033
v -0.244873 0.425293 0.003174
v -0.249756 0.439453 0.039795
v -0.104248 0.278320 0.245850
v -0.107666 0.261719 0.227295
v -0.121826 0.290527 0.234619
v -0.089600 0.250977 0.240479
v -0.116943 0.250977 0.080811
v -0.116455 0.253418 0.052002
v -0.121338 0.252930 0.023682
v -0.257568 0.525879 0.102295
v -0.255127 0.555176 0.118897
v -0.258545 0.500000 0.079834
v -0.263916 0.535156 0.074463
v -0.255127 0.586426 0.118897
v -0.261963 0.563477 0.094482
v -0.253174 0.616211 0.123779
v -0.261963 0.598145 0.094482
v -0.267334 0.572754 0.068604
v -0.267822 0.609863 0.069092
v -0.263428 0.508789 0.049561
v -0.267822 0.541504 0.045166
v -0.265381 0.512695 0.020264
v -0.269775 0.541504 0.014893
v -0.272217 0.583008 0.033936
v -0.272705 0.622559 0.040772
v -0.273193 0.569824 0.002686
v -0.259521 0.629883 0.099854
v -0.256104 0.658203 0.109619
v -0.250732 0.683594 0.123291
v -0.265869 0.643555 0.074463
v -0.262451 0.672852 0.084229
v -0.257568 0.699707 0.097412
v -0.250732 0.725098 0.112549
v -0.264893 0.714355 0.068115
v -0.258545 0.741211 0.081787
v -0.271729 0.656738 0.047119
v -0.268799 0.687012 0.056397
v -0.276611 0.638184 0.009522
v -0.276123 0.669434 0.016846
v -0.270752 0.727539 0.036377
v -0.274658 0.699219 0.025635
v -0.275635 0.737793 0.002686
v -0.256592 0.781250 0.063232
v -0.265381 0.754883 0.048584
v -0.270752 0.765625 0.013428
v -0.262451 0.792480 0.026611
v -0.250244 0.817383 0.043701
v -0.254150 0.827148 0.006104
v -0.157959 0.520508 0.258545
v -0.158936 0.520508 0.253662
v -0.160889 0.531738 0.259033
v -0.156982 0.531738 0.262939
v -0.162354 0.543945 0.259521
v -0.158447 0.543945 0.262939
v -0.161865 0.531738 0.254150
v -0.163330 0.543945 0.254150
v -0.162842 0.556641 0.259521
v -0.158447 0.557129 0.262939
v -0.163818 0.556641 0.254150
v -0.148193 0.520508 0.266357
v -0.141357 0.520508 0.269775
v -0.151611 0.511230 0.260986
v -0.149658 0.504883 0.255615
v -0.150146 0.504883 0.251709
v -0.154053 0.511230 0.257568
v -0.155029 0.511230 0.253662
v -0.155518 0.509766 0.251221
v -0.147705 0.504883 0.258545
v -0.143311 0.504883 0.261963
v -0.145752 0.511230 0.264893
v -0.142822 0.501465 0.256592
v -0.144287 0.501465 0.252686
v -0.154541 0.520508 0.262451
v -0.146729 0.528320 0.252686
v -0.134521 0.504883 0.266357
v -0.140381 0.511230 0.267822
v -0.134521 0.511230 0.269775
v -0.129639 0.504883 0.267822
v -0.128662 0.511230 0.271729
v -0.135010 0.520508 0.272217
v -0.128174 0.520508 0.274658
v -0.138916 0.501465 0.260010
v -0.133057 0.501465 0.262939
v -0.135986 0.505859 0.262451
v -0.127686 0.501465 0.262939
v -0.128662 0.526855 0.262451
v -0.149658 0.531738 0.267334
v -0.150146 0.543945 0.267334
v -0.141846 0.531738 0.270752
v -0.141846 0.543945 0.270752
v -0.150146 0.556641 0.266846
v -0.141846 0.556641 0.270264
v -0.134521 0.531738 0.273682
v -0.134033 0.543945 0.273682
v -0.127197 0.531738 0.276123
v -0.126221 0.543945 0.276611
v -0.134033 0.556641 0.273682
v -0.126221 0.556641 0.276611
v -0.139404 0.546875 0.254150
v -0.162354 0.569824 0.259521
v -0.158447 0.569824 0.262939
v -0.163330 0.569824 0.254150
v -0.160889 0.581055 0.259033
v -0.156982 0.581055 0.262939
v -0.158447 0.589355 0.258545
v -0.161865 0.581055 0.254150
v -0.159424 0.589355 0.253662
v -0.150146 0.569824 0.267334
v -0.141846 0.569824 0.270752
v -0.149658 0.581055 0.267334
v -0.141846 0.581055 0.270752
v -0.148193 0.589355 0.266846
v -0.141846 0.589355 0.270264
v -0.154541 0.589355 0.262451
v -0.151123 0.580566 0.250732
v -0.134033 0.569824 0.273682
v -0.126221 0.569824 0.276611
v -0.134521 0.581055 0.273682
v -0.135010 0.589355 0.272705
v -0.127197 0.581055 0.276123
v -0.128174 0.589355 0.275146
v -0.135498 0.564453 0.256592
v -0.133545 0.582031 0.260010
v -0.140869 0.595215 0.268311
v -0.154541 0.595215 0.258057
v -0.151611 0.595215 0.261475
v -0.155518 0.595215 0.253662
v -0.151611 0.599609 0.255127
v -0.149658 0.600098 0.256104
v -0.150635 0.600098 0.252197
v -0.146240 0.595215 0.265381
v -0.147705 0.600098 0.259521
v -0.144775 0.603516 0.252686
v -0.142822 0.603516 0.257080
v -0.153076 0.620117 0.259521
v -0.135010 0.595215 0.270752
v -0.133545 0.601562 0.265869
v -0.129150 0.595215 0.272217
v -0.130127 0.600098 0.268311
v -0.134521 0.623047 0.271240
v -0.139404 0.600098 0.265381
v -0.138916 0.603516 0.260498
v -0.133057 0.603516 0.263428
v -0.138428 0.605469 0.254150
v -0.138428 0.605469 0.250732
v -0.135498 0.605469 0.257568
v -0.130127 0.605469 0.258545
v -0.127686 0.603516 0.263428
v -0.132568 0.606445 0.253174
v -0.126221 0.605469 0.253662
v -0.186768 0.662598 0.251221
v -0.186279 0.666992 0.252197
v -0.177002 0.665039 0.260010
v -0.176514 0.669434 0.260986
v -0.176514 0.662598 0.257568
v -0.175049 0.661621 0.253662
v -0.185791 0.672852 0.252686
v -0.184814 0.678223 0.252197
v -0.183838 0.682617 0.251221
v -0.175537 0.674805 0.261475
v -0.174561 0.680664 0.260498
v -0.173584 0.684570 0.259033
v -0.173096 0.686523 0.257568
v -0.166260 0.666504 0.268311
v -0.166260 0.664062 0.266357
v -0.165771 0.670898 0.269287
v -0.164795 0.676270 0.269287
v -0.163818 0.681641 0.268799
v -0.162842 0.685547 0.267334
v -0.164795 0.663086 0.263428
v -0.163330 0.663086 0.260498
v -0.159912 0.666992 0.262451
v -0.158447 0.663086 0.252686
v -0.171143 0.686523 0.254150
v -0.156494 0.686035 0.257568
v -0.144775 0.666016 0.282471
v -0.143799 0.670410 0.283936
v -0.142822 0.675781 0.284424
v -0.141357 0.681152 0.283447
v -0.133545 0.668945 0.290283
v -0.134033 0.662109 0.286377
v -0.134521 0.664551 0.288818
v -0.130127 0.660645 0.281982
v -0.140381 0.685059 0.281982
v -0.132080 0.674316 0.290283
v -0.130615 0.679688 0.289795
v -0.129639 0.683594 0.288330
v -0.128174 0.686035 0.286865
v -0.125244 0.685547 0.283936
v -0.156006 0.642090 0.262939
v -0.137451 0.645508 0.274658
v -0.155518 0.666504 0.275635
v -0.155518 0.664551 0.274170
v -0.155029 0.670898 0.277100
v -0.154053 0.663574 0.271729
v -0.152100 0.663086 0.268311
v -0.144775 0.663574 0.281006
v -0.142334 0.662598 0.278076
v -0.141357 0.671387 0.274170
v -0.153564 0.676270 0.277100
v -0.152588 0.681641 0.276611
v -0.151123 0.685547 0.275146
v -0.148682 0.663086 0.263428
v -0.146240 0.663086 0.258545
v -0.142822 0.663574 0.252197
v -0.154053 0.685059 0.253662
v -0.142334 0.685547 0.261475
v -0.140381 0.662598 0.275146
v -0.137451 0.662109 0.269287
v -0.128174 0.660645 0.278076
v -0.125732 0.660645 0.274170
v -0.138916 0.687012 0.281006
v -0.135498 0.687012 0.277100
v -0.131103 0.685059 0.269287
v -0.134033 0.662598 0.263428
v -0.130615 0.664062 0.258057
v -0.139893 0.684082 0.257080
v -0.138428 0.682617 0.252686
v -0.129150 0.683594 0.264404
v -0.126221 0.680664 0.259033
v -0.161865 0.687500 0.265869
v -0.164795 0.694824 0.257080
v -0.159912 0.687500 0.262451
v -0.149658 0.687988 0.273193
v -0.146728 0.687500 0.269775
v -0.145752 0.700684 0.269287
v -0.137451 0.687500 0.279541
v -0.126709 0.705078 0.279541
v -0.150635 0.731934 0.259521
v -0.130615 0.737793 0.270752
v -0.124756 0.504883 0.268311
v -0.123291 0.511230 0.272705
v -0.119873 0.511230 0.271729
v -0.114502 0.502441 0.273682
v -0.116943 0.511230 0.269775
v -0.113525 0.511230 0.266357
v -0.121338 0.520020 0.275635
v -0.117920 0.520508 0.275635
v -0.114014 0.520508 0.272705
v -0.110596 0.520508 0.268799
v -0.123291 0.501465 0.261475
v -0.119873 0.504883 0.265381
v -0.120850 0.501465 0.258057
v -0.120361 0.501465 0.253662
v -0.115967 0.504883 0.260498
v -0.111572 0.511230 0.261963
v -0.114990 0.504883 0.256592
v -0.114502 0.504883 0.252686
v -0.110107 0.511230 0.257568
v -0.109619 0.511230 0.254150
v -0.110107 0.511230 0.250244
v -0.108643 0.524902 0.272705
v -0.108154 0.520508 0.263428
v -0.106201 0.520508 0.258545
v -0.105713 0.520508 0.254150
v -0.105713 0.520508 0.250732
v -0.119873 0.531250 0.278076
v -0.118896 0.543945 0.279541
v -0.116455 0.531738 0.278076
v -0.112549 0.531738 0.275146
v -0.115478 0.543945 0.279541
v -0.111572 0.543945 0.276123
v -0.118896 0.556641 0.279541
v -0.115478 0.556641 0.280029
v -0.111572 0.556641 0.276611
v -0.122803 0.546875 0.262939
v -0.108643 0.531738 0.270264
v -0.108154 0.543945 0.270752
v -0.104736 0.545898 0.272217
v -0.107666 0.556641 0.270752
v -0.105713 0.531738 0.264404
v -0.103760 0.531738 0.259033
v -0.104736 0.543945 0.264893
v -0.102783 0.543945 0.259033
v -0.102783 0.531738 0.254150
v -0.103271 0.531738 0.250732
v -0.101807 0.543945 0.254150
v -0.101807 0.543945 0.250244
v -0.104736 0.556641 0.264893
v -0.102783 0.556641 0.259033
v -0.101318 0.556641 0.254150
v -0.101318 0.556641 0.250244
v -0.092529 0.500000 0.284912
v -0.088135 0.522949 0.282959
v -0.069580 0.522461 0.293213
v -0.086182 0.544434 0.281494
v -0.067139 0.542969 0.291748
v -0.070068 0.562012 0.289795
v -0.100342 0.602051 0.283936
v -0.101318 0.624512 0.289795
v -0.119385 0.569824 0.279541
v -0.115478 0.569824 0.279541
v -0.111572 0.569824 0.276123
v -0.119873 0.581055 0.278564
v -0.121338 0.589355 0.276123
v -0.117920 0.589355 0.275635
v -0.116455 0.581055 0.278076
v -0.112549 0.581055 0.275146
v -0.116943 0.582520 0.269287
v -0.114014 0.589355 0.273193
v -0.110596 0.589355 0.268799
v -0.118896 0.564453 0.264893
v -0.101807 0.563965 0.273682
v -0.108154 0.569824 0.270752
v -0.108643 0.581055 0.270264
v -0.100342 0.582031 0.277588
v -0.104736 0.569824 0.264893
v -0.102783 0.569824 0.259033
v -0.101807 0.569824 0.254150
v -0.101807 0.569824 0.250244
v -0.105713 0.581055 0.264404
v -0.103760 0.581055 0.259033
v -0.107666 0.589355 0.263916
v -0.106201 0.589355 0.258545
v -0.102783 0.581055 0.254150
v -0.103271 0.581055 0.250732
v -0.105713 0.589355 0.250732
v -0.105225 0.589355 0.254150
v -0.123291 0.595215 0.273193
v -0.124756 0.600098 0.268799
v -0.119873 0.595215 0.272705
v -0.120361 0.600098 0.266357
v -0.116455 0.602539 0.275146
v -0.116943 0.595215 0.270264
v -0.113525 0.595215 0.266357
v -0.117432 0.624512 0.281006
v -0.123291 0.603516 0.261475
v -0.120850 0.603516 0.258057
v -0.119873 0.603516 0.254150
v -0.115478 0.600098 0.260498
v -0.111084 0.595215 0.262451
v -0.114502 0.600098 0.254639
v -0.114990 0.600098 0.250732
v -0.109619 0.595215 0.257568
v -0.109131 0.595215 0.253662
v -0.084717 0.562988 0.281982
v -0.084717 0.581055 0.285400
v -0.071045 0.580566 0.292725
v -0.085693 0.624512 0.298096
v -0.085693 0.601562 0.291260
v -0.072998 0.601074 0.298096
v -0.062744 0.601562 0.303467
v -0.074951 0.624023 0.303467
v -0.062744 0.624512 0.309326
v -0.044189 0.509766 0.313232
v -0.033936 0.514160 0.322510
v -0.035889 0.528320 0.316650
v -0.016846 0.505371 0.345947
v -0.009033 0.502441 0.352783
v -0.009033 0.511719 0.346436
v -0.023682 0.501465 0.341064
v -0.025635 0.517578 0.330811
v -0.017822 0.520020 0.336670
v -0.027100 0.530762 0.324463
v -0.009033 0.521484 0.340576
v -0.018799 0.532715 0.330322
v -0.028076 0.545898 0.319580
v -0.019287 0.546875 0.324463
v -0.009521 0.533691 0.333740
v -0.010010 0.547852 0.327881
v -0.044678 0.604004 0.312744
v -0.034424 0.604980 0.316162
v -0.029053 0.562988 0.316650
v -0.019775 0.563477 0.320557
v -0.030518 0.582031 0.315674
v -0.021240 0.582520 0.319092
v -0.010010 0.563965 0.323486
v -0.010986 0.583008 0.321045
v -0.023682 0.605469 0.319092
v -0.011963 0.605957 0.320557
v -0.046631 0.525879 0.307861
v -0.047607 0.543457 0.304443
v -0.048096 0.561523 0.303467
v -0.058350 0.561523 0.296631
v -0.037353 0.544922 0.312256
v -0.038330 0.562012 0.310791
v -0.059326 0.580566 0.299072
v -0.049561 0.581055 0.305420
v -0.039795 0.581543 0.310791
v -0.053955 0.602539 0.308350
v -0.119873 0.647949 0.284424
v -0.105713 0.655273 0.297119
v -0.102783 0.648926 0.293701
v -0.103760 0.654785 0.294189
v -0.108643 0.655762 0.287842
v -0.106201 0.655762 0.283447
v -0.098877 0.655762 0.296143
v -0.100830 0.654297 0.290771
v -0.095947 0.654785 0.292725
v -0.098877 0.653809 0.286377
v -0.097900 0.654785 0.281494
v -0.093994 0.654785 0.288330
v -0.115967 0.660645 0.297119
v -0.110107 0.658691 0.299072
v -0.114502 0.664062 0.298584
v -0.112549 0.668945 0.299561
v -0.111572 0.674316 0.298584
v -0.111572 0.678223 0.297607
v -0.124756 0.662598 0.293701
v -0.124268 0.660645 0.292236
v -0.120850 0.658691 0.289795
v -0.123291 0.666504 0.295166
v -0.117920 0.658203 0.283447
v -0.115478 0.658203 0.296143
v -0.110596 0.656250 0.291260
v -0.121826 0.671875 0.295654
v -0.120850 0.677246 0.294678
v -0.119873 0.681641 0.293701
v -0.118408 0.683594 0.292236
v -0.122803 0.674316 0.284424
v -0.115478 0.683105 0.289307
v -0.109619 0.679688 0.296631
v -0.113037 0.682129 0.285889
v -0.111084 0.681152 0.281982
v -0.107666 0.656738 0.298584
v -0.107666 0.661133 0.300537
v -0.102295 0.663086 0.301514
v -0.105225 0.659180 0.300537
v -0.103271 0.657715 0.300049
v -0.105713 0.666016 0.301025
v -0.101318 0.656738 0.299072
v -0.099365 0.660156 0.300537
v -0.096436 0.658691 0.297607
v -0.095459 0.663086 0.298096
v -0.098877 0.664551 0.301025
v -0.099853 0.669922 0.301025
v -0.096436 0.668457 0.298096
v -0.105713 0.675293 0.299561
v -0.105225 0.672363 0.301025
v -0.102783 0.675293 0.299561
v -0.099853 0.674316 0.297119
v -0.093994 0.667480 0.294678
v -0.106689 0.679199 0.294189
v -0.104736 0.676758 0.293213
v -0.104248 0.678223 0.290283
v -0.101807 0.677246 0.286377
v -0.097412 0.673340 0.293213
v -0.094971 0.672363 0.289307
v -0.100830 0.676270 0.281494
v -0.094482 0.671875 0.283936
v -0.123779 0.661133 0.269287
v -0.115478 0.658203 0.279053
v -0.114014 0.658691 0.274170
v -0.111084 0.660645 0.269287
v -0.122803 0.684570 0.280029
v -0.120850 0.683594 0.276123
v -0.118896 0.682617 0.271240
v -0.109619 0.680176 0.277100
v -0.116455 0.681152 0.267334
v -0.120850 0.661133 0.265381
v -0.114502 0.671875 0.260986
v -0.104736 0.656250 0.278564
v -0.102783 0.657227 0.274658
v -0.101807 0.666992 0.269775
v -0.095459 0.656738 0.277588
v -0.107178 0.677246 0.271240
v -0.098877 0.675293 0.277100
v -0.084717 0.649414 0.302002
v -0.093506 0.655762 0.282959
v -0.069580 0.649902 0.308350
v -0.086182 0.677734 0.301514
v -0.093506 0.657715 0.293701
v -0.092529 0.662109 0.294678
v -0.091553 0.657715 0.289307
v -0.090576 0.661621 0.290283
v -0.091553 0.666992 0.290283
v -0.091064 0.658203 0.284424
v -0.090088 0.662109 0.284912
v -0.091064 0.666992 0.284912
v -0.066650 0.680176 0.308838
v -0.092529 0.658203 0.279053
v -0.090576 0.660645 0.279541
v -0.093506 0.661621 0.276123
v -0.090088 0.665039 0.280518
v -0.092529 0.669922 0.279541
v -0.107178 0.708496 0.289307
v -0.110596 0.742188 0.281006
v -0.087646 0.710449 0.297607
v -0.068115 0.712402 0.304932
v -0.090088 0.745605 0.289795
v -0.070068 0.748047 0.297119
v -0.050537 0.627441 0.313721
v -0.057373 0.650391 0.313232
v -0.039307 0.628906 0.317139
v -0.044189 0.653320 0.316650
v -0.048096 0.680664 0.314209
v -0.031982 0.681152 0.317627
v -0.026611 0.629883 0.319580
v -0.029541 0.654297 0.319092
v -0.013428 0.630371 0.321045
v -0.014893 0.654785 0.321045
v -0.015869 0.681641 0.319580
v -0.033447 0.713867 0.314209
v -0.016846 0.714355 0.316162
v -0.050049 0.713379 0.310303
v -0.052002 0.749512 0.302979
v -0.135498 0.770508 0.257568
v -0.114502 0.776855 0.268311
v -0.073486 0.785645 0.284912
v -0.093506 0.781738 0.277588
v -0.098877 0.818359 0.259033
v -0.078369 0.823242 0.266357
v -0.034912 0.750488 0.306885
v -0.054932 0.787598 0.290771
v -0.036865 0.789062 0.295166
v -0.017334 0.750977 0.309326
v -0.018311 0.790039 0.297607
v -0.058838 0.826660 0.272217
v -0.039307 0.828613 0.276611
v -0.042236 0.867188 0.250244
v -0.019775 0.829590 0.279053
v -0.021240 0.868652 0.253174
v -0.227295 0.500488 0.188721
v -0.220459 0.558105 0.193604
v -0.194580 0.512207 0.224365
v -0.187744 0.554688 0.225342
v -0.213623 0.516602 0.205322
v -0.204834 0.546387 0.210693
v -0.218506 0.536621 0.197021
v -0.223389 0.578125 0.190186
v -0.222412 0.598633 0.193604
v -0.222412 0.624023 0.197510
v -0.188721 0.572266 0.225342
v -0.189697 0.591309 0.227783
v -0.190186 0.610840 0.231689
v -0.206787 0.565430 0.209229
v -0.207764 0.584473 0.210693
v -0.207275 0.604492 0.214111
v -0.232666 0.523438 0.177490
v -0.236084 0.548828 0.169189
v -0.249756 0.520508 0.132080
v -0.246338 0.543457 0.145752
v -0.236572 0.574707 0.167236
v -0.235107 0.598633 0.170654
v -0.232178 0.619629 0.177490
v -0.247314 0.577148 0.143311
v -0.245361 0.604980 0.146729
v -0.181885 0.500000 0.236084
v -0.172119 0.515137 0.240479
v -0.182861 0.523926 0.232178
v -0.168213 0.530762 0.240479
v -0.158447 0.520508 0.248291
v -0.156494 0.520508 0.242920
v -0.186279 0.537598 0.227783
v -0.170654 0.543945 0.237549
v -0.160889 0.531738 0.247803
v -0.161865 0.543945 0.247803
v -0.158936 0.531738 0.241943
v -0.159912 0.543945 0.241455
v -0.156982 0.543945 0.235596
v -0.170166 0.560059 0.238037
v -0.162354 0.556641 0.247803
v -0.159912 0.556641 0.241455
v -0.156982 0.556641 0.235596
v -0.148682 0.504883 0.245850
v -0.154541 0.511230 0.248779
v -0.153076 0.511230 0.244385
v -0.151123 0.511230 0.239990
v -0.148682 0.511230 0.237549
v -0.143799 0.501465 0.248291
v -0.141357 0.501465 0.244873
v -0.144287 0.504883 0.239990
v -0.145752 0.511230 0.235596
v -0.142334 0.511230 0.234619
v -0.154053 0.520508 0.238037
v -0.151611 0.520508 0.234619
v -0.148193 0.520508 0.232178
v -0.143799 0.520020 0.231201
v -0.136963 0.501465 0.243408
v -0.140381 0.504883 0.238525
v -0.135010 0.504883 0.238525
v -0.135498 0.511230 0.234619
v -0.131592 0.501465 0.243408
v -0.125732 0.501465 0.245850
v -0.125732 0.504883 0.241455
v -0.129639 0.511230 0.236084
v -0.136475 0.520508 0.231201
v -0.129150 0.520508 0.233154
v -0.155518 0.546387 0.246338
v -0.156006 0.531738 0.236572
v -0.153564 0.531738 0.232666
v -0.150146 0.531738 0.229736
v -0.154053 0.543945 0.231689
v -0.151123 0.543945 0.228760
v -0.145264 0.531738 0.228760
v -0.146240 0.543945 0.227295
v -0.154053 0.556641 0.231201
v -0.151123 0.556641 0.228271
v -0.146240 0.556641 0.227295
v -0.136963 0.531738 0.229248
v -0.137451 0.543945 0.228271
v -0.129150 0.531738 0.231201
v -0.129150 0.543945 0.230225
v -0.137939 0.556641 0.228271
v -0.129150 0.556641 0.230225
v -0.169678 0.577637 0.239502
v -0.161865 0.569824 0.247803
v -0.159912 0.569824 0.241455
v -0.156982 0.569824 0.235596
v -0.160889 0.581055 0.247803
v -0.158447 0.589355 0.248291
v -0.156982 0.589355 0.242920
v -0.158936 0.581055 0.241943
v -0.172119 0.616211 0.246826
v -0.170654 0.596191 0.242432
v -0.152588 0.562988 0.247803
v -0.156006 0.581055 0.236572
v -0.154053 0.589355 0.237549
v -0.154053 0.569824 0.231689
v -0.151123 0.569824 0.228760
v -0.146240 0.569824 0.227295
v -0.153564 0.581055 0.232666
v -0.150146 0.581055 0.229736
v -0.151611 0.589355 0.234131
v -0.145264 0.581055 0.228760
v -0.148193 0.589355 0.232178
v -0.143799 0.589355 0.230713
v -0.137451 0.569824 0.228271
v -0.129150 0.569824 0.230225
v -0.136963 0.581055 0.229248
v -0.136475 0.589355 0.231201
v -0.129150 0.581055 0.231201
v -0.129150 0.589355 0.232666
v -0.155029 0.595215 0.248779
v -0.153564 0.595215 0.243896
v -0.149170 0.600098 0.245850
v -0.151123 0.595215 0.239990
v -0.148682 0.595215 0.237061
v -0.143799 0.603516 0.248291
v -0.141357 0.603516 0.244873
v -0.144775 0.600098 0.239990
v -0.145752 0.595215 0.235107
v -0.141846 0.595215 0.233643
v -0.136963 0.603516 0.242920
v -0.134521 0.605469 0.247803
v -0.140381 0.600098 0.238037
v -0.134521 0.600098 0.238037
v -0.129150 0.603516 0.243896
v -0.127686 0.605469 0.249756
v -0.129150 0.595215 0.235107
v -0.125244 0.600098 0.240479
v -0.135498 0.595215 0.233643
v -0.221436 0.653809 0.198975
v -0.207764 0.636719 0.219482
v -0.213623 0.651855 0.219971
v -0.214111 0.654785 0.219971
v -0.203369 0.654297 0.230713
v -0.209717 0.651367 0.222900
v -0.209228 0.653809 0.226318
v -0.191650 0.631836 0.235596
v -0.194092 0.654785 0.235596
v -0.201416 0.653809 0.225830
v -0.198975 0.654297 0.221924
v -0.203369 0.660645 0.235107
v -0.213135 0.663086 0.220459
v -0.211670 0.666016 0.220459
v -0.209717 0.657715 0.227295
v -0.208252 0.666992 0.227295
v -0.207275 0.670410 0.226807
v -0.206787 0.671387 0.223877
v -0.204834 0.669922 0.219482
v -0.195557 0.659668 0.242432
v -0.195557 0.664062 0.243408
v -0.195557 0.657715 0.239990
v -0.202881 0.666016 0.235596
v -0.201904 0.671387 0.235107
v -0.194580 0.669922 0.243896
v -0.194092 0.656738 0.236084
v -0.200439 0.675293 0.234619
v -0.194092 0.675293 0.243896
v -0.192627 0.679199 0.242920
v -0.192139 0.681152 0.240479
v -0.189697 0.680176 0.236084
v -0.202881 0.656738 0.233643
v -0.191162 0.657227 0.230713
v -0.188232 0.657715 0.226807
v -0.199951 0.676758 0.232178
v -0.198486 0.679199 0.228760
v -0.197998 0.675781 0.227783
v -0.195557 0.674316 0.223877
v -0.192627 0.672852 0.219971
v -0.216064 0.650391 0.215088
v -0.217041 0.651367 0.214111
v -0.217041 0.648926 0.211182
v -0.217041 0.654297 0.214111
v -0.214111 0.649414 0.216064
v -0.213135 0.649414 0.211182
v -0.218506 0.649902 0.209229
v -0.218506 0.651855 0.208740
v -0.217529 0.649414 0.203369
v -0.216064 0.648926 0.206299
v -0.217041 0.655273 0.203857
v -0.208252 0.651367 0.218018
v -0.205811 0.651855 0.214111
v -0.210693 0.649902 0.206787
v -0.218018 0.651367 0.202393
v -0.215576 0.649414 0.198975
v -0.216064 0.650879 0.197510
v -0.214111 0.649414 0.201904
v -0.214600 0.653809 0.199463
v -0.213135 0.650391 0.194092
v -0.212646 0.649902 0.195068
v -0.212158 0.652344 0.194580
v -0.207764 0.650879 0.202881
v -0.210693 0.649902 0.197998
v -0.203369 0.652344 0.200439
v -0.207275 0.651855 0.194092
v -0.207275 0.652832 0.192627
v -0.196533 0.654785 0.218018
v -0.202881 0.652832 0.209717
v -0.198975 0.653809 0.206787
v -0.196045 0.655273 0.203369
v -0.201416 0.653809 0.195557
v -0.198975 0.654297 0.198486
v -0.200928 0.654785 0.194092
v -0.216064 0.659180 0.214600
v -0.215576 0.661133 0.211670
v -0.214600 0.662598 0.215576
v -0.212158 0.666016 0.217041
v -0.211670 0.667480 0.213623
v -0.218018 0.656738 0.209229
v -0.214600 0.659180 0.207275
v -0.210693 0.664062 0.212646
v -0.208252 0.662598 0.208252
v -0.204834 0.661133 0.204346
v -0.212158 0.657715 0.202881
v -0.208740 0.656738 0.198975
v -0.204346 0.656738 0.196533
v -0.202393 0.668457 0.215576
v -0.199463 0.666992 0.211670
v -0.195557 0.666016 0.208252
v -0.192627 0.656250 0.214600
v -0.188721 0.671387 0.216553
v -0.193603 0.663086 0.203369
v -0.188232 0.658203 0.210693
v -0.188232 0.662109 0.204834
v -0.200928 0.660645 0.201416
v -0.199463 0.658203 0.197021
v -0.196045 0.657227 0.197510
v -0.187744 0.715332 0.232178
v -0.204346 0.703613 0.216064
v -0.218018 0.688965 0.198975
v -0.210693 0.727051 0.198486
v -0.194092 0.741699 0.216064
v -0.236084 0.651367 0.167236
v -0.228271 0.637695 0.186768
v -0.228271 0.671387 0.182373
v -0.241943 0.629395 0.155029
v -0.249268 0.643066 0.133057
v -0.243408 0.666992 0.146240
v -0.235596 0.689453 0.162354
v -0.224853 0.709473 0.180420
v -0.232178 0.729492 0.157471
v -0.242920 0.707520 0.139404
v -0.240478 0.749023 0.129639
v -0.218506 0.749512 0.176025
v -0.174561 0.637695 0.249756
v -0.186279 0.660156 0.248779
v -0.185303 0.659668 0.244873
v -0.181885 0.659668 0.239990
v -0.177978 0.661621 0.249268
v -0.172119 0.662109 0.248779
v -0.179443 0.660156 0.235596
v -0.182861 0.684570 0.248779
v -0.180420 0.683594 0.244385
v -0.177978 0.682617 0.240967
v -0.175049 0.681152 0.236572
v -0.184814 0.658691 0.222900
v -0.180908 0.659668 0.220459
v -0.175537 0.661133 0.231689
v -0.172119 0.662598 0.226807
v -0.187256 0.679199 0.232178
v -0.184326 0.677734 0.228271
v -0.180420 0.676270 0.224854
v -0.177490 0.673340 0.218994
v -0.169189 0.662109 0.244385
v -0.166260 0.662598 0.240479
v -0.163818 0.663086 0.236084
v -0.167725 0.685059 0.249268
v -0.164795 0.683594 0.245361
v -0.158447 0.679199 0.236084
v -0.161377 0.682129 0.241455
v -0.169189 0.670410 0.221924
v -0.169189 0.678223 0.228760
v -0.171631 0.679688 0.233154
v -0.185303 0.670410 0.213623
v -0.177978 0.666504 0.214600
v -0.155518 0.663574 0.248779
v -0.152100 0.665039 0.243408
v -0.150635 0.683594 0.249268
v -0.147217 0.682129 0.245850
v -0.139404 0.673828 0.244385
v -0.182373 0.687988 0.243408
v -0.169678 0.724609 0.246826
v -0.121826 0.501465 0.249756
v -0.121338 0.504883 0.243896
v -0.123779 0.511230 0.238037
v -0.118408 0.511230 0.240967
v -0.116943 0.504883 0.247803
v -0.113525 0.511230 0.245361
v -0.122803 0.520508 0.235596
v -0.110107 0.520508 0.243896
v -0.116455 0.520508 0.239014
v -0.107178 0.520508 0.247803
v -0.114502 0.531738 0.238037
v -0.114014 0.543945 0.237549
v -0.113525 0.556641 0.237549
v -0.121826 0.531738 0.234131
v -0.121338 0.543945 0.233154
v -0.121338 0.556641 0.233154
v -0.107666 0.531738 0.243408
v -0.104248 0.531738 0.247314
v -0.106201 0.543945 0.242920
v -0.102783 0.543945 0.246826
v -0.106201 0.557129 0.242920
v -0.102295 0.556641 0.246826
v -0.114014 0.569824 0.237549
v -0.122314 0.589355 0.235107
v -0.110107 0.589355 0.243896
v -0.114502 0.581055 0.238037
v -0.115967 0.589355 0.238525
v -0.121338 0.569824 0.233154
v -0.121826 0.581055 0.233643
v -0.106689 0.569824 0.242920
v -0.102783 0.569824 0.246826
v -0.107666 0.581055 0.243408
v -0.104736 0.581055 0.247314
v -0.107178 0.589355 0.247314
v -0.121826 0.603516 0.249268
v -0.123779 0.595215 0.237549
v -0.118408 0.595215 0.240479
v -0.116943 0.600098 0.246826
v -0.109619 0.595215 0.249756
v -0.113037 0.595215 0.244873
v -0.201416 0.766602 0.194580
v -0.226807 0.770996 0.148193
v -0.218994 0.811523 0.135010
v -0.210205 0.790527 0.167236
v -0.190674 0.807129 0.184326
v -0.199951 0.830078 0.152588
v -0.175537 0.753418 0.231689
v -0.161865 0.792969 0.225830
v -0.182373 0.781250 0.211182
v -0.155518 0.762695 0.245850
v -0.141357 0.803223 0.238525
v -0.170166 0.821777 0.199463
v -0.126709 0.844727 0.223389
v -0.148682 0.833984 0.212646
v -0.134033 0.874023 0.191650
v -0.178955 0.846680 0.168213
v -0.156982 0.861328 0.180908
v -0.186768 0.866699 0.133057
v -0.164307 0.883301 0.145752
v -0.140869 0.897461 0.156006
v -0.248779 0.767090 0.097900
v -0.235596 0.790527 0.115967
v -0.243896 0.805664 0.080811
v -0.227295 0.828125 0.099854
v -0.234131 0.840820 0.062744
v -0.208252 0.848145 0.117432
v -0.215088 0.862305 0.080811
v -0.220459 0.873535 0.044189
v -0.239014 0.851074 0.025635
v -0.193603 0.881836 0.096924
v -0.222900 0.883301 0.008057
v -0.198975 0.894043 0.060303
v -0.202393 0.904297 0.024658
v -0.170654 0.899414 0.109619
v -0.176025 0.912598 0.072998
v -0.146728 0.915527 0.119385
v -0.152100 0.929199 0.082275
v -0.127197 0.943848 0.088135
v -0.179443 0.923340 0.036865
v -0.180908 0.931152 0.000244
v -0.156982 0.947754 0.007568
v -0.155518 0.939941 0.045166
v -0.130127 0.954590 0.050537
v -0.132080 0.962402 0.011475
v -0.119873 0.811523 0.249756
v -0.104736 0.853516 0.232666
v -0.083252 0.859863 0.239990
v -0.062744 0.864258 0.245850
v -0.111084 0.884766 0.199951
v -0.088623 0.893066 0.206787
v -0.066650 0.898438 0.212646
v -0.116943 0.910156 0.163330
v -0.122314 0.929199 0.125732
v -0.093506 0.919922 0.169189
v -0.070068 0.926758 0.174072
v -0.097900 0.940430 0.130127
v -0.073486 0.948242 0.134033
v -0.045166 0.901855 0.216553
v -0.022705 0.903809 0.219482
v -0.047119 0.931152 0.177490
v -0.023682 0.933594 0.179932
v -0.049561 0.953613 0.136963
v -0.024658 0.957031 0.138916
v -0.101807 0.955566 0.092041
v -0.076416 0.964355 0.094971
v -0.104736 0.966797 0.053467
v -0.106689 0.974121 0.013428
v -0.078857 0.975586 0.055420
v -0.080811 0.983398 0.014404
v -0.051514 0.970215 0.096924
v -0.025635 0.974121 0.097900
v -0.052978 0.981934 0.056396
v -0.053955 0.989746 0.014893
v -0.026611 0.986328 0.056885
v -0.027100 0.994141 0.014893
v -0.257568 0.058594 -0.125732
v -0.269775 0.066406 -0.151123
v -0.278076 0.073242 -0.177490
v -0.256592 0.086426 -0.177002
v -0.281494 0.080078 -0.205811
v -0.262940 0.093262 -0.204346
v -0.280029 0.086426 -0.236572
v -0.264404 0.099609 -0.234131
v -0.253662 0.433594 -0.053955
v -0.251221 0.447754 -0.011963
v -0.254639 0.460938 -0.008545
v -0.252686 0.453125 -0.028076
v -0.256104 0.465820 -0.026123
v -0.258545 0.476074 -0.005615
v -0.262451 0.493164 -0.004639
v -0.260010 0.479980 -0.025146
v -0.263428 0.495117 -0.025146
v -0.251709 0.444824 -0.042725
v -0.259521 0.468262 -0.041748
v -0.255615 0.456055 -0.041748
v -0.258057 0.444824 -0.053955
v -0.261475 0.457520 -0.054932
v -0.266357 0.495605 -0.042725
v -0.265869 0.470215 -0.057373
v -0.268799 0.483887 -0.058350
v -0.272217 0.496582 -0.059814
v -0.262939 0.481934 -0.041748
v -0.285400 0.429199 -0.103271
v -0.292725 0.436035 -0.117920
v -0.287842 0.431152 -0.119873
v -0.270264 0.427246 -0.076416
v -0.273682 0.420898 -0.089600
v -0.267334 0.417969 -0.089600
v -0.278076 0.426758 -0.089600
v -0.281006 0.436523 -0.090088
v -0.265381 0.420410 -0.075928
v -0.259521 0.417969 -0.075928
v -0.251221 0.419922 -0.064209
v -0.252686 0.417480 -0.075928
v -0.261475 0.430176 -0.064697
v -0.256592 0.422852 -0.064209
v -0.260498 0.417480 -0.089111
v -0.253662 0.417969 -0.088623
v -0.274170 0.420898 -0.103760
v -0.267822 0.420410 -0.103760
v -0.280518 0.423828 -0.104248
v -0.279053 0.427734 -0.119385
v -0.271240 0.428711 -0.120361
v -0.260986 0.421387 -0.103271
v -0.253174 0.423340 -0.100830
v -0.263428 0.431152 -0.118408
v -0.255615 0.435059 -0.114502
v -0.281494 0.447266 -0.091064
v -0.297119 0.466309 -0.123779
v -0.287354 0.437500 -0.102783
v -0.287354 0.446777 -0.102295
v -0.285400 0.455566 -0.102295
v -0.281494 0.462891 -0.101807
v -0.295166 0.442383 -0.115478
v -0.294189 0.450195 -0.114014
v -0.290771 0.458496 -0.112549
v -0.285889 0.465820 -0.112061
v -0.290283 0.472656 -0.122803
v -0.282959 0.478027 -0.121826
v -0.273193 0.438965 -0.077881
v -0.269287 0.459961 -0.068603
v -0.267334 0.466309 -0.063232
v -0.270752 0.466309 -0.075439
v -0.275146 0.451172 -0.079834
v -0.274658 0.461914 -0.082764
v -0.280518 0.456543 -0.092041
v -0.278076 0.463379 -0.092529
v -0.265381 0.442871 -0.065674
v -0.270264 0.471191 -0.068115
v -0.270264 0.469727 -0.072998
v -0.272217 0.477539 -0.075928
v -0.274170 0.485840 -0.071533
v -0.277100 0.498047 -0.073486
v -0.274658 0.468750 -0.093018
v -0.269775 0.472168 -0.078857
v -0.271729 0.469727 -0.085205
v -0.268799 0.476074 -0.083252
v -0.270264 0.480469 -0.082275
v -0.269775 0.474121 -0.087158
v -0.265869 0.479492 -0.089600
v -0.266357 0.480469 -0.086670
v -0.275146 0.487793 -0.079834
v -0.277588 0.499512 -0.082275
v -0.271240 0.488770 -0.084717
v -0.265381 0.484863 -0.087158
v -0.260986 0.486328 -0.091064
v -0.263916 0.492676 -0.089111
v -0.257080 0.494629 -0.092041
v -0.277100 0.468750 -0.101807
v -0.271240 0.473633 -0.093994
v -0.266357 0.479492 -0.094971
v -0.272705 0.474121 -0.102295
v -0.267334 0.480469 -0.102783
v -0.280029 0.471680 -0.111572
v -0.275146 0.476563 -0.111572
v -0.278076 0.481934 -0.120850
v -0.269775 0.483887 -0.113037
v -0.269287 0.494629 -0.121338
v -0.259521 0.486816 -0.095459
v -0.259033 0.488281 -0.102295
v -0.253174 0.495605 -0.096436
v -0.251221 0.497070 -0.101807
v -0.250732 0.499512 -0.107666
v -0.259033 0.492188 -0.110107
v -0.259033 0.499512 -0.116943
v -0.314697 0.464844 -0.147705
v -0.314697 0.468750 -0.142334
v -0.324463 0.489746 -0.154541
v -0.312744 0.497559 -0.145264
v -0.320068 0.493652 -0.149170
v -0.318115 0.482910 -0.170166
v -0.324951 0.486816 -0.160889
v -0.322998 0.484375 -0.166260
v -0.303467 0.447754 -0.132568
v -0.299072 0.443848 -0.135986
v -0.302002 0.459473 -0.126221
v -0.304443 0.453125 -0.129150
v -0.305908 0.459961 -0.155518
v -0.311768 0.461426 -0.152100
v -0.292725 0.441895 -0.138428
v -0.284912 0.441895 -0.138916
v -0.282959 0.465820 -0.154053
v -0.310791 0.473633 -0.137939
v -0.304443 0.479004 -0.135010
v -0.296631 0.483887 -0.133545
v -0.286865 0.487793 -0.131592
v -0.299072 0.460449 -0.156982
v -0.291260 0.462402 -0.156494
v -0.311279 0.482910 -0.172607
v -0.303467 0.484863 -0.172607
v -0.294678 0.487305 -0.169678
v -0.285889 0.491211 -0.164795
v -0.276611 0.444336 -0.137939
v -0.268799 0.448242 -0.135010
v -0.260498 0.453613 -0.130615
v -0.252197 0.459473 -0.125244
v -0.280518 0.490723 -0.127686
v -0.274170 0.470703 -0.149658
v -0.256592 0.482422 -0.139404
v -0.265381 0.476563 -0.143799
v -0.276123 0.495605 -0.157959
v -0.271729 0.092773 -0.267334
v -0.257080 0.105957 -0.263916
v -0.256104 0.097656 -0.295654
v -0.205811 0.034180 -0.056885
v -0.188232 0.048340 -0.062256
v -0.224854 0.041992 -0.077881
v -0.242432 0.050293 -0.101318
v -0.204346 0.055664 -0.082275
v -0.219971 0.063477 -0.104248
v -0.200439 0.077637 -0.106201
v -0.167236 0.021484 -0.021729
v -0.186279 0.026855 -0.038330
v -0.172119 0.041504 -0.043701
v -0.159424 0.058105 -0.048096
v -0.149170 0.016602 -0.007080
v -0.156006 0.036133 -0.027100
v -0.139893 0.032227 -0.011963
v -0.132568 0.049316 -0.015869
v -0.146240 0.053223 -0.031494
v -0.127686 0.069824 -0.017334
v -0.130127 0.116699 -0.031006
v -0.150635 0.077637 -0.049561
v -0.139404 0.073242 -0.032959
v -0.144775 0.098633 -0.048584
v -0.134522 0.094727 -0.032471
v -0.139893 0.120117 -0.046631
v -0.173096 0.063965 -0.066162
v -0.186768 0.070801 -0.085693
v -0.173584 0.088379 -0.086182
v -0.162354 0.082520 -0.067139
v -0.164307 0.107422 -0.084229
v -0.184814 0.094238 -0.106201
v -0.173584 0.112305 -0.103760
v -0.182373 0.117676 -0.124756
v -0.154541 0.103027 -0.065674
v -0.149170 0.124023 -0.063232
v -0.126221 0.138184 -0.028076
v -0.144775 0.145020 -0.059326
v -0.135986 0.141602 -0.043213
v -0.141846 0.165527 -0.054443
v -0.133057 0.162109 -0.038818
v -0.130615 0.182129 -0.033447
v -0.139404 0.185547 -0.048584
v -0.129150 0.201172 -0.026611
v -0.129639 0.247559 -0.001221
v -0.129150 0.234375 -0.010498
v -0.129150 0.218750 -0.018799
v -0.137451 0.238281 -0.025635
v -0.145264 0.208496 -0.057861
v -0.137939 0.205078 -0.041748
v -0.144775 0.242676 -0.041748
v -0.144775 0.226562 -0.050049
v -0.150635 0.247559 -0.058838
v -0.137451 0.222656 -0.033936
v -0.157471 0.127930 -0.080811
v -0.172119 0.137207 -0.120361
v -0.165283 0.132324 -0.099854
v -0.159424 0.152832 -0.094971
v -0.159912 0.177734 -0.107666
v -0.164795 0.157227 -0.114502
v -0.152588 0.148926 -0.076416
v -0.149170 0.169434 -0.071045
v -0.155518 0.173340 -0.089111
v -0.156982 0.197266 -0.100342
v -0.159424 0.202148 -0.118896
v -0.156982 0.240234 -0.101807
v -0.157471 0.221680 -0.110107
v -0.157959 0.246094 -0.118896
v -0.146729 0.189453 -0.065186
v -0.151123 0.212402 -0.074951
v -0.152588 0.192871 -0.082275
v -0.155518 0.216797 -0.092529
v -0.150635 0.230469 -0.067139
v -0.154541 0.235352 -0.084229
v -0.234619 0.071289 -0.127686
v -0.247314 0.079102 -0.151611
v -0.225830 0.092285 -0.151611
v -0.235596 0.099609 -0.175537
v -0.213623 0.084961 -0.128174
v -0.206787 0.106934 -0.150146
v -0.196045 0.100586 -0.127686
v -0.191162 0.123535 -0.146729
v -0.216064 0.113770 -0.173584
v -0.241455 0.106934 -0.201416
v -0.219971 0.120605 -0.197998
v -0.240967 0.113770 -0.229248
v -0.197998 0.129395 -0.169189
v -0.200439 0.135742 -0.192139
v -0.196045 0.143066 -0.215576
v -0.217529 0.127930 -0.223389
v -0.208252 0.134766 -0.248291
v -0.177979 0.142090 -0.141357
v -0.168701 0.162109 -0.134521
v -0.162842 0.182129 -0.126709
v -0.171143 0.166992 -0.154541
v -0.163818 0.187012 -0.145752
v -0.182373 0.147461 -0.162842
v -0.182861 0.153320 -0.184326
v -0.170654 0.172363 -0.174561
v -0.160400 0.207031 -0.136963
v -0.158936 0.211914 -0.154541
v -0.158447 0.227051 -0.128174
v -0.156982 0.232422 -0.145264
v -0.162842 0.191895 -0.164307
v -0.158936 0.197266 -0.182373
v -0.155518 0.217285 -0.171631
v -0.153564 0.237793 -0.162354
v -0.147217 0.242676 -0.178467
v -0.177979 0.160645 -0.206299
v -0.166260 0.178711 -0.193115
v -0.156982 0.186035 -0.209717
v -0.186279 0.149902 -0.238037
v -0.167725 0.166992 -0.227295
v -0.155029 0.171387 -0.245850
v -0.153076 0.202637 -0.197510
v -0.144775 0.206543 -0.210693
v -0.149170 0.221680 -0.187744
v -0.140381 0.225586 -0.202393
v -0.137939 0.247070 -0.193604
v -0.128662 0.229004 -0.216064
v -0.142334 0.189453 -0.234619
v -0.133545 0.208496 -0.224854
v -0.127197 0.191406 -0.249268
v -0.119385 0.046387 -0.000732
v -0.115479 0.066895 -0.002686
v -0.112549 0.088867 -0.003662
v -0.123779 0.091797 -0.017334
v -0.119873 0.113281 -0.016357
v -0.109131 0.110840 -0.003662
v -0.115967 0.134766 -0.014893
v -0.112549 0.155273 -0.011475
v -0.104736 0.131836 -0.002686
v -0.110107 0.175293 -0.006592
v -0.123291 0.158691 -0.024658
v -0.120850 0.178711 -0.019287
v -0.119873 0.197754 -0.012939
v -0.119385 0.214844 -0.005127
v -0.119385 0.210938 -0.238037
v -0.103272 0.212891 -0.249756
v -0.114990 0.231934 -0.228271
v -0.099365 0.233887 -0.239502
v -0.081787 0.235352 -0.249268
v -0.204834 0.351074 -0.002197
v -0.211182 0.369629 -0.019287
v -0.194092 0.343750 -0.015869
v -0.200439 0.361328 -0.033936
v -0.188721 0.357910 -0.061768
v -0.192139 0.374512 -0.081787
v -0.165771 0.307617 -0.017822
v -0.156494 0.286133 -0.058350
v -0.160889 0.302734 -0.048584
v -0.145752 0.271973 -0.024658
v -0.138428 0.265625 -0.007568
v -0.137939 0.252930 -0.016846
v -0.149658 0.285156 -0.013428
v -0.145264 0.257812 -0.033447
v -0.152100 0.278809 -0.041748
v -0.151123 0.263672 -0.050537
v -0.156006 0.293945 -0.031494
v -0.177490 0.318848 -0.003662
v -0.182373 0.331543 -0.022705
v -0.174561 0.329102 -0.053955
v -0.170654 0.318359 -0.035889
v -0.186768 0.344727 -0.040771
v -0.157471 0.258301 -0.093018
v -0.158447 0.275879 -0.084229
v -0.160400 0.293457 -0.074951
v -0.164795 0.311035 -0.065186
v -0.162354 0.301270 -0.092041
v -0.158936 0.264648 -0.110107
v -0.160400 0.283203 -0.101318
v -0.159912 0.290527 -0.118896
v -0.162842 0.309570 -0.109619
v -0.155029 0.252441 -0.075928
v -0.155518 0.269531 -0.067139
v -0.177002 0.339844 -0.072510
v -0.167236 0.320312 -0.082275
v -0.177979 0.351074 -0.092529
v -0.168701 0.329590 -0.100830
v -0.167725 0.339355 -0.121826
v -0.177002 0.361816 -0.114990
v -0.220459 0.377441 -0.007080
v -0.232178 0.402344 -0.014404
v -0.226318 0.395996 -0.021240
v -0.240967 0.415527 -0.003174
v -0.236572 0.408691 -0.009033
v -0.236084 0.416504 -0.027588
v -0.243896 0.428223 -0.020264
v -0.247314 0.436523 -0.015869
v -0.239990 0.421875 -0.024170
v -0.245361 0.434570 -0.032959
v -0.247803 0.436035 -0.043701
v -0.243896 0.429688 -0.044678
v -0.241455 0.428711 -0.035400
v -0.237549 0.424316 -0.037353
v -0.239990 0.426270 -0.046143
v -0.249268 0.426758 -0.053955
v -0.244385 0.423828 -0.054443
v -0.235107 0.423828 -0.047607
v -0.239990 0.422363 -0.055420
v -0.236084 0.422363 -0.056885
v -0.231201 0.413574 -0.034424
v -0.224854 0.411621 -0.045166
v -0.222900 0.418945 -0.060303
v -0.230713 0.423828 -0.052978
v -0.233154 0.424316 -0.060791
v -0.218506 0.390137 -0.033447
v -0.205811 0.378906 -0.049072
v -0.204346 0.384277 -0.061768
v -0.215088 0.400879 -0.056396
v -0.248779 0.442871 -0.030518
v -0.245850 0.419434 -0.064209
v -0.246826 0.417969 -0.075928
v -0.239502 0.420410 -0.065674
v -0.241455 0.420410 -0.076416
v -0.236572 0.422852 -0.069092
v -0.236572 0.425781 -0.076904
v -0.247314 0.419922 -0.087158
v -0.241943 0.422852 -0.083252
v -0.239990 0.431152 -0.090576
v -0.232178 0.427734 -0.069092
v -0.228271 0.427246 -0.062744
v -0.228760 0.434570 -0.077881
v -0.234131 0.434082 -0.083740
v -0.221924 0.427734 -0.078369
v -0.246338 0.427246 -0.096436
v -0.208740 0.402832 -0.076416
v -0.190186 0.386719 -0.108643
v -0.206299 0.414062 -0.102783
v -0.240967 0.444336 -0.103271
v -0.248291 0.439941 -0.109619
v -0.244385 0.464844 -0.121826
v -0.234619 0.460938 -0.115967
v -0.233643 0.447266 -0.098877
v -0.227783 0.449219 -0.103760
v -0.220459 0.437500 -0.099854
v -0.156982 0.252441 -0.136475
v -0.157959 0.271484 -0.127686
v -0.157471 0.298828 -0.136963
v -0.153076 0.258301 -0.153564
v -0.154541 0.278809 -0.145264
v -0.152100 0.306152 -0.155518
v -0.146729 0.264160 -0.170166
v -0.137939 0.269043 -0.185791
v -0.148682 0.285156 -0.162354
v -0.143799 0.312012 -0.173584
v -0.140381 0.290527 -0.179443
v -0.161377 0.318848 -0.129150
v -0.156982 0.327148 -0.149170
v -0.173584 0.371582 -0.139404
v -0.164307 0.348633 -0.143799
v -0.156982 0.356445 -0.165771
v -0.149658 0.333984 -0.169189
v -0.145752 0.362305 -0.186768
v -0.127197 0.272949 -0.200439
v -0.126709 0.250977 -0.207764
v -0.129150 0.294922 -0.194580
v -0.133057 0.316895 -0.190674
v -0.138428 0.339355 -0.187744
v -0.130615 0.366211 -0.204346
v -0.202881 0.425293 -0.131104
v -0.193115 0.432129 -0.164307
v -0.225830 0.458496 -0.125244
v -0.239502 0.479980 -0.133057
v -0.249756 0.488281 -0.137939
v -0.245361 0.495605 -0.142334
v -0.234619 0.490234 -0.150635
v -0.218994 0.488281 -0.179932
v -0.207764 0.460449 -0.168213
v -0.190186 0.461426 -0.202881
v -0.199463 0.486816 -0.213623
v -0.186279 0.396973 -0.135498
v -0.178467 0.405273 -0.163818
v -0.166260 0.379883 -0.164307
v -0.177979 0.436035 -0.195557
v -0.165771 0.410645 -0.191162
v -0.155029 0.386230 -0.187744
v -0.138916 0.389648 -0.207764
v -0.148193 0.413574 -0.213623
v -0.127197 0.415039 -0.230713
v -0.158447 0.437500 -0.220947
v -0.168701 0.461426 -0.230225
v -0.177002 0.484863 -0.241455
v -0.135986 0.437988 -0.239990
v -0.113525 0.275879 -0.213623
v -0.115479 0.297852 -0.208740
v -0.113525 0.253906 -0.219971
v -0.097900 0.255859 -0.231201
v -0.097900 0.278320 -0.224854
v -0.099854 0.300293 -0.220459
v -0.080811 0.257324 -0.240967
v -0.080811 0.279785 -0.235107
v -0.082275 0.302246 -0.230713
v -0.062744 0.303711 -0.239014
v -0.118897 0.320312 -0.205322
v -0.123779 0.342773 -0.203857
v -0.102295 0.322754 -0.218018
v -0.106689 0.345703 -0.217041
v -0.112061 0.368652 -0.218994
v -0.084229 0.324707 -0.228271
v -0.064209 0.326172 -0.236572
v -0.087158 0.347656 -0.227783
v -0.091553 0.370605 -0.229736
v -0.066650 0.349121 -0.235596
v -0.070068 0.372070 -0.238037
v -0.062256 0.258789 -0.249756
v -0.062256 0.281250 -0.243408
v -0.042725 0.304199 -0.245361
v -0.021729 0.304688 -0.249756
v -0.043701 0.326660 -0.242432
v -0.047119 0.373047 -0.243408
v -0.044678 0.349609 -0.241455
v -0.021729 0.326660 -0.246338
v -0.022705 0.349609 -0.244873
v -0.023682 0.373047 -0.246826
v -0.118897 0.392090 -0.223389
v -0.097412 0.393555 -0.235596
v -0.103760 0.416504 -0.243896
v -0.073975 0.395508 -0.243896
v -0.049561 0.396484 -0.249756
v -0.233154 0.120117 -0.256592
v -0.239990 0.111328 -0.290771
v -0.231690 0.101563 -0.322021
v -0.213623 0.115723 -0.314697
v -0.198486 0.104492 -0.345459
v -0.181885 0.118652 -0.334717
v -0.160889 0.105957 -0.364014
v -0.147217 0.119141 -0.349854
v -0.193115 0.140137 -0.270752
v -0.216553 0.125977 -0.281982
v -0.193115 0.130371 -0.303955
v -0.172119 0.155273 -0.258545
v -0.172607 0.144531 -0.290771
v -0.154541 0.158691 -0.276123
v -0.138916 0.174316 -0.261963
v -0.148193 0.146484 -0.306885
v -0.133057 0.160645 -0.290771
v -0.164795 0.132324 -0.322021
v -0.134033 0.132812 -0.335205
v -0.111572 0.118652 -0.360107
v -0.075440 0.117188 -0.365967
v -0.037842 0.116699 -0.368896
v -0.119873 0.176270 -0.275635
v -0.098389 0.176758 -0.286865
v -0.108643 0.161133 -0.302490
v -0.082764 0.160645 -0.310791
v -0.074951 0.176758 -0.295166
v -0.109619 0.193359 -0.261963
v -0.084717 0.213867 -0.260010
v -0.090088 0.194336 -0.272705
v -0.069092 0.194824 -0.281006
v -0.064697 0.214844 -0.268311
v -0.062744 0.236328 -0.258057
v -0.120850 0.146484 -0.319092
v -0.101318 0.131836 -0.343994
v -0.091553 0.145508 -0.327393
v -0.068115 0.129883 -0.349365
v -0.050537 0.176270 -0.301025
v -0.025147 0.175781 -0.304443
v -0.043701 0.215332 -0.275146
v -0.042725 0.237305 -0.264893
v -0.046631 0.194824 -0.287354
v -0.022217 0.215332 -0.279541
v -0.021240 0.237305 -0.269287
v -0.023193 0.194824 -0.290771
v -0.061279 0.143555 -0.332764
v -0.055420 0.159180 -0.316162
v -0.033936 0.128418 -0.352783
v -0.030518 0.142578 -0.335693
v -0.027588 0.158203 -0.319092
v -0.122315 0.105957 -0.375244
v -0.083252 0.105469 -0.381592
v -0.042236 0.105957 -0.384521
v -0.144287 0.460938 -0.251221
v -0.151123 0.483887 -0.263916
v -0.042236 0.259277 -0.256592
v -0.042236 0.281738 -0.250244
v -0.021240 0.259766 -0.261475
v -0.021240 0.282227 -0.254639
v -0.078857 0.417969 -0.253174
v -0.110596 0.438965 -0.254639
v -0.117432 0.461426 -0.267334
v -0.123291 0.483398 -0.281494
v -0.084229 0.440430 -0.265381
v -0.089111 0.461914 -0.279541
v -0.093506 0.483887 -0.294189
v -0.062744 0.484863 -0.302979
v -0.052979 0.419434 -0.259521
v -0.025147 0.396973 -0.252686
v -0.026611 0.419922 -0.262451
v -0.056397 0.441406 -0.272217
v -0.059814 0.462891 -0.287354
v -0.031494 0.485352 -0.308350
v -0.028076 0.442383 -0.276123
v -0.030029 0.463867 -0.291748
v -0.314209 0.583008 -0.123779
v -0.317627 0.586914 -0.122314
v -0.319580 0.595215 -0.121826
v -0.319580 0.604492 -0.122314
v -0.317627 0.612305 -0.123779
v -0.266357 0.513672 -0.006103
v -0.266846 0.512695 -0.026611
v -0.269775 0.538086 -0.011475
v -0.269775 0.533691 -0.031006
v -0.268799 0.510742 -0.044189
v -0.270752 0.529297 -0.045166
v -0.273682 0.510254 -0.059326
v -0.273193 0.524902 -0.056885
v -0.272217 0.556152 -0.037353
v -0.274170 0.536621 -0.060791
v -0.273682 0.553223 -0.051025
v -0.272705 0.562500 -0.021240
v -0.275635 0.592285 -0.018311
v -0.276123 0.609863 -0.000732
v -0.274658 0.582031 -0.034912
v -0.275146 0.576172 -0.051514
v -0.277588 0.609863 -0.041748
v -0.276123 0.598145 -0.051025
v -0.276611 0.593750 -0.061279
v -0.281982 0.551270 -0.075928
v -0.282471 0.561523 -0.071533
v -0.285400 0.560547 -0.119385
v -0.277588 0.510254 -0.072021
v -0.275146 0.521484 -0.066162
v -0.274170 0.520020 -0.072510
v -0.269775 0.520020 -0.077881
v -0.268799 0.530762 -0.073975
v -0.277588 0.510254 -0.079834
v -0.273193 0.510742 -0.085205
v -0.273193 0.500488 -0.087158
v -0.264404 0.501953 -0.090088
v -0.264404 0.511719 -0.088623
v -0.255615 0.503418 -0.093018
v -0.255615 0.512207 -0.092529
v -0.261963 0.520020 -0.083252
v -0.260986 0.529297 -0.079834
v -0.254639 0.520508 -0.088623
v -0.254639 0.528809 -0.086182
v -0.250732 0.529785 -0.092529
v -0.273193 0.531250 -0.069580
v -0.280029 0.546387 -0.079834
v -0.276123 0.547852 -0.085693
v -0.276123 0.554688 -0.093018
v -0.266357 0.548340 -0.090088
v -0.263916 0.540039 -0.083740
v -0.260498 0.544434 -0.090088
v -0.257080 0.538086 -0.087158
v -0.253662 0.538086 -0.092529
v -0.250244 0.504395 -0.097412
v -0.250244 0.513184 -0.096924
v -0.260010 0.510254 -0.120850
v -0.250732 0.504883 -0.112549
v -0.250732 0.513184 -0.114990
v -0.261475 0.522461 -0.121338
v -0.252197 0.522949 -0.114502
v -0.276123 0.558594 -0.099853
v -0.275635 0.558105 -0.106689
v -0.266357 0.552246 -0.096436
v -0.274170 0.546387 -0.119385
v -0.274658 0.554199 -0.113525
v -0.259033 0.545898 -0.094482
v -0.258057 0.545898 -0.099853
v -0.252686 0.539062 -0.098389
v -0.251221 0.537109 -0.103760
v -0.256592 0.543457 -0.104736
v -0.255127 0.539062 -0.109131
v -0.265381 0.551758 -0.102295
v -0.264404 0.548340 -0.108643
v -0.263428 0.542480 -0.114014
v -0.262939 0.533691 -0.118896
v -0.253662 0.532227 -0.112061
v -0.282959 0.575684 -0.069580
v -0.282959 0.589844 -0.070557
v -0.293701 0.566895 -0.092529
v -0.295166 0.576660 -0.088623
v -0.282959 0.601562 -0.075439
v -0.294189 0.600098 -0.087158
v -0.292725 0.608887 -0.089600
v -0.282959 0.609375 -0.082275
v -0.282471 0.613770 -0.090576
v -0.306885 0.580078 -0.108154
v -0.308350 0.588867 -0.105713
v -0.304443 0.576172 -0.111572
v -0.298584 0.573730 -0.113037
v -0.307861 0.580078 -0.124268
v -0.291748 0.562500 -0.096436
v -0.288330 0.562500 -0.099365
v -0.287354 0.565918 -0.106201
v -0.296631 0.572266 -0.119873
v -0.286377 0.565430 -0.113037
v -0.307861 0.599609 -0.104736
v -0.306396 0.608398 -0.105225
v -0.303955 0.614746 -0.107178
v -0.300537 0.618652 -0.110107
v -0.290771 0.614258 -0.094482
v -0.289307 0.617188 -0.100342
v -0.281982 0.615723 -0.098877
v -0.287354 0.618164 -0.106689
v -0.296631 0.620117 -0.113525
v -0.294678 0.620605 -0.121338
v -0.289795 0.619141 -0.118408
v -0.285400 0.617188 -0.113037
v -0.284912 0.614258 -0.123291
v -0.277588 0.604980 -0.072998
v -0.278564 0.623047 -0.066650
v -0.277100 0.611816 -0.070557
v -0.278076 0.611328 -0.083740
v -0.278564 0.614746 -0.093994
v -0.278076 0.620117 -0.095947
v -0.278564 0.615723 -0.104736
v -0.281006 0.615723 -0.107666
v -0.280518 0.612793 -0.118408
v -0.277100 0.611816 -0.121338
v -0.276611 0.618164 -0.120850
v -0.281494 0.664551 -0.053955
v -0.280029 0.652832 -0.022705
v -0.280029 0.681641 -0.014893
v -0.279053 0.627930 -0.031494
v -0.280029 0.641113 -0.060791
v -0.281494 0.690918 -0.047119
v -0.278564 0.709961 -0.006592
v -0.281006 0.718750 -0.039795
v -0.278564 0.746582 -0.032471
v -0.281494 0.672852 -0.084717
v -0.279053 0.631836 -0.093018
v -0.280518 0.649414 -0.089111
v -0.277100 0.633301 -0.119873
v -0.278564 0.653809 -0.118896
v -0.279541 0.678711 -0.116455
v -0.281982 0.699219 -0.079834
v -0.281494 0.726074 -0.074463
v -0.279541 0.706055 -0.113525
v -0.279053 0.733398 -0.109619
v -0.320557 0.517578 -0.153076
v -0.313232 0.535156 -0.152588
v -0.315186 0.549316 -0.152588
v -0.316162 0.561523 -0.150635
v -0.332764 0.513184 -0.163818
v -0.333740 0.511230 -0.170654
v -0.332275 0.509277 -0.177002
v -0.327881 0.515625 -0.157471
v -0.327881 0.508301 -0.181396
v -0.321045 0.508789 -0.184326
v -0.312744 0.509766 -0.184326
v -0.338623 0.535156 -0.168701
v -0.333740 0.535645 -0.161865
v -0.336182 0.552246 -0.162353
v -0.341553 0.553223 -0.169678
v -0.340576 0.534180 -0.176514
v -0.339111 0.533691 -0.182861
v -0.343018 0.554199 -0.177490
v -0.342041 0.556152 -0.183838
v -0.325439 0.536133 -0.156982
v -0.327881 0.551270 -0.157471
v -0.333740 0.574707 -0.154053
v -0.330322 0.582520 -0.145264
v -0.333740 0.588867 -0.149170
v -0.320557 0.583496 -0.134033
v -0.324951 0.587402 -0.134521
v -0.315674 0.581543 -0.134521
v -0.316162 0.578125 -0.140381
v -0.327881 0.562988 -0.155029
v -0.326416 0.571777 -0.150146
v -0.316162 0.571289 -0.146240
v -0.324463 0.579102 -0.142822
v -0.334717 0.596191 -0.153564
v -0.327393 0.594727 -0.136475
v -0.327881 0.603516 -0.138916
v -0.314209 0.617676 -0.126221
v -0.326416 0.610352 -0.141846
v -0.322998 0.615723 -0.144287
v -0.317139 0.618652 -0.145752
v -0.336182 0.564941 -0.159912
v -0.341064 0.567871 -0.166260
v -0.338135 0.579590 -0.159424
v -0.339600 0.584961 -0.165283
v -0.338135 0.590332 -0.170166
v -0.342529 0.571289 -0.173584
v -0.341553 0.574707 -0.179443
v -0.337646 0.578613 -0.183838
v -0.331299 0.581543 -0.186279
v -0.322510 0.584473 -0.185791
v -0.333252 0.602539 -0.157471
v -0.329346 0.607910 -0.160400
v -0.334717 0.595215 -0.174072
v -0.328369 0.599121 -0.176025
v -0.323486 0.611816 -0.161865
v -0.316162 0.613770 -0.161377
v -0.320068 0.602051 -0.175537
v -0.334717 0.534180 -0.188232
v -0.338135 0.557617 -0.188721
v -0.331299 0.559570 -0.191650
v -0.327881 0.534668 -0.190674
v -0.319580 0.536133 -0.190674
v -0.322510 0.562012 -0.191162
v -0.312744 0.563965 -0.187744
v -0.303955 0.500488 -0.142822
v -0.310791 0.518555 -0.149658
v -0.291748 0.501953 -0.138916
v -0.283936 0.502930 -0.133057
v -0.289307 0.530273 -0.135986
v -0.286865 0.517090 -0.135986
v -0.296143 0.517090 -0.143799
v -0.299072 0.531738 -0.145264
v -0.301514 0.545410 -0.144775
v -0.302979 0.558105 -0.142334
v -0.291260 0.542480 -0.134521
v -0.293701 0.553711 -0.131592
v -0.282959 0.547363 -0.125732
v -0.303955 0.512207 -0.180908
v -0.283936 0.517578 -0.167236
v -0.294678 0.514648 -0.175049
v -0.309814 0.538086 -0.187256
v -0.300049 0.540039 -0.180908
v -0.289307 0.541504 -0.172119
v -0.270264 0.506836 -0.126709
v -0.272217 0.520996 -0.127686
v -0.265869 0.500488 -0.151123
v -0.257080 0.505371 -0.147217
v -0.251221 0.512207 -0.150146
v -0.263428 0.522949 -0.153564
v -0.275146 0.534668 -0.126221
v -0.272705 0.520508 -0.159424
v -0.278076 0.541992 -0.163330
v -0.268799 0.542480 -0.157471
v -0.258545 0.539062 -0.157959
v -0.306396 0.576172 -0.132568
v -0.304932 0.568848 -0.138916
v -0.297119 0.565430 -0.129150
v -0.282959 0.584473 -0.156006
v -0.309326 0.620605 -0.128174
v -0.302979 0.621582 -0.129639
v -0.297607 0.619141 -0.137451
v -0.310791 0.620117 -0.145752
v -0.304443 0.620117 -0.143311
v -0.299561 0.613770 -0.151123
v -0.284424 0.608398 -0.135010
v -0.290771 0.617188 -0.130127
v -0.291748 0.601562 -0.155029
v -0.283936 0.599121 -0.146729
v -0.291260 0.611328 -0.142822
v -0.302002 0.564941 -0.180420
v -0.312256 0.586426 -0.181885
v -0.302002 0.587402 -0.174561
v -0.291260 0.565430 -0.171143
v -0.291748 0.586426 -0.164795
v -0.310791 0.603516 -0.171631
v -0.301025 0.603516 -0.164307
v -0.307861 0.614746 -0.157959
v -0.276123 0.583496 -0.150635
v -0.270752 0.590332 -0.151123
v -0.279541 0.606445 -0.130127
v -0.276611 0.598145 -0.140381
v -0.273193 0.602539 -0.141846
v -0.271240 0.609375 -0.148193
v -0.281006 0.564453 -0.161865
v -0.273193 0.563965 -0.156494
v -0.264893 0.568359 -0.159424
v -0.254150 0.566895 -0.179443
v -0.260498 0.596191 -0.177979
v -0.272217 0.630371 -0.149658
v -0.273682 0.655273 -0.151123
v -0.274170 0.683105 -0.151123
v -0.262451 0.626465 -0.184326
v -0.274170 0.712402 -0.149658
v -0.273193 0.741211 -0.146240
v -0.263916 0.718750 -0.187256
v -0.262939 0.749023 -0.183350
v -0.263916 0.656250 -0.187744
v -0.264404 0.687500 -0.188721
v -0.273682 0.774414 -0.023193
v -0.265869 0.801758 -0.010986
v -0.274170 0.782715 -0.060303
v -0.266846 0.810547 -0.048584
v -0.255615 0.836426 -0.031494
v -0.279053 0.753906 -0.068115
v -0.276611 0.761719 -0.104736
v -0.271728 0.790527 -0.097412
v -0.264404 0.818848 -0.085693
v -0.254150 0.845215 -0.067627
v -0.258545 0.828125 -0.120361
v -0.270752 0.770020 -0.140869
v -0.265869 0.799316 -0.133057
v -0.260010 0.778809 -0.177002
v -0.255127 0.808594 -0.167725
v -0.248291 0.504883 -0.101807
v -0.247314 0.507324 -0.107666
v -0.247803 0.513184 -0.102783
v -0.247314 0.514648 -0.109131
v -0.249756 0.520996 -0.094482
v -0.248291 0.521973 -0.100830
v -0.249268 0.530762 -0.099365
v -0.248291 0.522461 -0.107666
v -0.249268 0.530762 -0.106201
v -0.243408 0.518555 -0.164795
v -0.248779 0.541504 -0.174072
v -0.227295 0.514648 -0.192627
v -0.234131 0.539062 -0.202393
v -0.207275 0.511230 -0.225342
v -0.213623 0.536133 -0.235596
v -0.239502 0.565430 -0.209717
v -0.243896 0.594727 -0.216064
v -0.218994 0.563477 -0.244385
v -0.246826 0.625488 -0.221924
v -0.248291 0.658203 -0.225830
v -0.248779 0.691406 -0.227295
v -0.248291 0.725098 -0.225342
v -0.240967 0.860352 -0.010986
v -0.240478 0.869141 -0.047119
v -0.248779 0.854004 -0.102295
v -0.222900 0.891602 -0.027588
v -0.220459 0.898926 -0.062256
v -0.203369 0.912598 -0.011475
v -0.201904 0.918457 -0.047119
v -0.236084 0.877441 -0.081299
v -0.227295 0.885254 -0.115479
v -0.198486 0.922363 -0.080811
v -0.214111 0.904785 -0.095947
v -0.193115 0.924805 -0.110107
v -0.180908 0.936523 -0.036865
v -0.157959 0.952637 -0.031006
v -0.133545 0.966309 -0.028076
v -0.179443 0.938477 -0.072510
v -0.157959 0.953613 -0.069580
v -0.177002 0.937988 -0.106201
v -0.157471 0.950684 -0.106689
v -0.134033 0.966797 -0.068115
v -0.135010 0.962891 -0.108154
v -0.247803 0.836914 -0.154541
v -0.238525 0.862793 -0.135986
v -0.222900 0.872070 -0.169678
v -0.244385 0.787598 -0.212646
v -0.247314 0.756836 -0.220459
v -0.223389 0.795898 -0.245850
v -0.239502 0.817871 -0.201904
v -0.232178 0.846191 -0.188232
v -0.218506 0.826172 -0.234131
v -0.211670 0.854980 -0.218994
v -0.187744 0.862793 -0.244873
v -0.212646 0.894043 -0.148682
v -0.200928 0.912109 -0.135010
v -0.189209 0.923340 -0.134521
v -0.188232 0.917969 -0.156006
v -0.192627 0.904785 -0.177002
v -0.202393 0.881348 -0.199951
v -0.175049 0.933594 -0.137451
v -0.173096 0.925781 -0.167236
v -0.156006 0.934570 -0.175537
v -0.156494 0.944824 -0.141846
v -0.135498 0.955078 -0.145752
v -0.135986 0.943359 -0.180908
v -0.171631 0.912109 -0.199463
v -0.179932 0.889160 -0.223389
v -0.148682 0.920410 -0.212158
v -0.155029 0.896484 -0.241943
v -0.108154 0.978027 -0.027100
v -0.081787 0.987305 -0.027100
v -0.109131 0.978027 -0.068604
v -0.110596 0.973145 -0.110596
v -0.083252 0.986816 -0.069580
v -0.084717 0.981445 -0.112549
v -0.055420 0.993652 -0.027588
v -0.027588 0.998047 -0.028076
v -0.056396 0.993164 -0.070557
v -0.057373 0.987793 -0.114502
v -0.028564 0.997559 -0.071045
v -0.029053 0.992188 -0.115479
v -0.113037 0.963379 -0.151123
v -0.087158 0.970703 -0.155029
v -0.123291 0.927734 -0.223389
v -0.093994 0.933105 -0.234131
v -0.115967 0.948730 -0.188232
v -0.090576 0.954102 -0.196533
v -0.063232 0.938477 -0.240479
v -0.059326 0.977051 -0.157959
v -0.030029 0.980957 -0.159424
v -0.061279 0.959961 -0.200928
v -0.031982 0.941895 -0.243896
v -0.031006 0.963867 -0.203369
v -0.189209 0.534180 -0.264404
v -0.194580 0.562012 -0.274658
v -0.223389 0.593750 -0.251709
v -0.198975 0.592285 -0.283447
v -0.183350 0.508789 -0.253662
v -0.156982 0.507324 -0.276611
v -0.162354 0.532227 -0.288818
v -0.166748 0.560059 -0.300049
v -0.128174 0.506836 -0.295166
v -0.132568 0.531250 -0.308350
v -0.170654 0.591309 -0.310303
v -0.135986 0.559082 -0.321045
v -0.138916 0.589844 -0.332275
v -0.141357 0.624512 -0.341064
v -0.226807 0.625977 -0.258545
v -0.228271 0.659668 -0.262939
v -0.201904 0.625488 -0.290771
v -0.203369 0.661133 -0.295654
v -0.228271 0.695312 -0.263916
v -0.227783 0.730957 -0.261475
v -0.203369 0.698242 -0.296631
v -0.202393 0.735352 -0.293701
v -0.173096 0.625000 -0.318604
v -0.174561 0.661621 -0.323486
v -0.142334 0.661621 -0.346924
v -0.174561 0.699707 -0.324463
v -0.173096 0.738281 -0.321045
v -0.140869 0.740234 -0.343506
v -0.141846 0.700684 -0.347412
v -0.097412 0.506836 -0.309326
v -0.100342 0.531250 -0.323486
v -0.103271 0.558105 -0.336670
v -0.065186 0.507324 -0.319092
v -0.067139 0.531250 -0.333740
v -0.068604 0.558594 -0.347900
v -0.105225 0.589355 -0.348877
v -0.106689 0.624023 -0.358643
v -0.070068 0.588867 -0.360596
v -0.071045 0.623535 -0.371338
v -0.032471 0.507812 -0.324951
v -0.033447 0.532227 -0.340088
v -0.034424 0.559082 -0.354736
v -0.034912 0.589355 -0.367920
v -0.107178 0.661621 -0.364990
v -0.107178 0.701172 -0.365479
v -0.106689 0.741211 -0.360596
v -0.071045 0.741699 -0.372803
v -0.035400 0.624023 -0.378662
v -0.071533 0.661621 -0.377686
v -0.071533 0.701660 -0.378174
v -0.035400 0.661621 -0.385010
v -0.035400 0.701660 -0.385498
v -0.035400 0.742188 -0.380127
v -0.226318 0.764160 -0.255127
v -0.197998 0.803223 -0.276123
v -0.200439 0.770508 -0.286377
v -0.193604 0.833984 -0.261963
v -0.168701 0.809082 -0.301025
v -0.160889 0.869629 -0.265869
v -0.165283 0.840820 -0.285400
v -0.135010 0.846191 -0.303955
v -0.171143 0.774902 -0.313232
v -0.139404 0.777832 -0.334717
v -0.137451 0.813477 -0.321533
v -0.127686 0.902832 -0.256104
v -0.131592 0.875977 -0.282471
v -0.105225 0.779785 -0.350830
v -0.070557 0.780762 -0.362549
v -0.103760 0.816406 -0.336670
v -0.102295 0.850098 -0.318115
v -0.068604 0.852539 -0.328857
v -0.069580 0.817871 -0.347900
v -0.035400 0.781738 -0.369873
v -0.034424 0.854004 -0.334717
v -0.034912 0.819336 -0.354736
v -0.097412 0.908691 -0.267334
v -0.099854 0.880859 -0.295166
v -0.065186 0.913086 -0.275146
v -0.067139 0.884277 -0.304443
v -0.032959 0.915527 -0.280029
v -0.033447 0.886230 -0.310303
v 0.000244 0.245117 0.282959
v 0.020752 0.245605 0.281494
v 0.000244 0.210938 0.267822
v 0.000244 0.201660 0.251221
v 0.021240 0.211914 0.265381
v 0.000244 0.226074 0.277588
v 0.021729 0.227051 0.275146
v 0.040771 0.215332 0.259521
v 0.041260 0.229980 0.269775
v 0.039795 0.248047 0.277100
v 0.057373 0.220703 0.250244
v 0.057861 0.234863 0.261963
v 0.073486 0.241699 0.252197
v 0.000244 0.433594 0.385498
v 0.000244 0.425781 0.380615
v 0.008545 0.434082 0.384521
v 0.010010 0.426270 0.379639
v 0.019287 0.427734 0.376221
v 0.016846 0.435059 0.381104
v 0.000244 0.441406 0.387939
v 0.000244 0.450195 0.386963
v 0.008057 0.441406 0.386963
v 0.008057 0.450195 0.385986
v 0.000244 0.460449 0.382080
v 0.008545 0.460449 0.381104
v 0.015869 0.442383 0.383545
v 0.015869 0.450195 0.382568
v 0.024170 0.439453 0.377197
v 0.023682 0.450195 0.376709
v 0.016357 0.459961 0.377686
v 0.000244 0.471680 0.375244
v 0.000244 0.333496 0.312744
v 0.000244 0.339844 0.317139
v 0.000244 0.336426 0.315186
v 0.012451 0.336426 0.313721
v 0.012451 0.339844 0.315674
v 0.000244 0.354980 0.320557
v 0.000244 0.345703 0.318604
v 0.012451 0.345703 0.317139
v 0.012451 0.354980 0.319092
v 0.000244 0.365723 0.322510
v 0.012451 0.365723 0.321533
v 0.025146 0.345703 0.313721
v 0.025146 0.354980 0.315674
v 0.025635 0.365723 0.317627
v 0.000244 0.265625 0.287354
v 0.018799 0.266113 0.286377
v 0.000244 0.301758 0.301514
v 0.014893 0.302246 0.300537
v 0.000244 0.285156 0.293701
v 0.030029 0.303711 0.298584
v 0.016846 0.285645 0.292725
v 0.036377 0.268066 0.283936
v 0.032471 0.287598 0.291260
v 0.044189 0.306641 0.294678
v 0.047607 0.290527 0.287842
v 0.061768 0.295410 0.283447
v 0.056885 0.310547 0.290283
v 0.055908 0.252441 0.270752
v 0.052002 0.271973 0.279541
v 0.000244 0.313965 0.308350
v 0.000244 0.321289 0.310791
v 0.000244 0.325195 0.310303
v 0.013916 0.314453 0.307373
v 0.013428 0.321289 0.309814
v 0.013428 0.325684 0.309326
v 0.000244 0.328613 0.308838
v 0.000244 0.332520 0.306396
v 0.000244 0.331055 0.304443
v 0.000244 0.331543 0.297119
v 0.012451 0.333984 0.311768
v 0.012939 0.328613 0.307373
v 0.012451 0.333008 0.305420
v 0.012939 0.331055 0.303467
v 0.000244 0.333496 0.287354
v 0.012451 0.332031 0.296143
v 0.012451 0.333984 0.287354
v 0.027100 0.322754 0.305908
v 0.026611 0.326660 0.305420
v 0.028076 0.315918 0.303955
v 0.025146 0.333984 0.307861
v 0.025146 0.336426 0.310303
v 0.025146 0.339844 0.311768
v 0.025635 0.329590 0.303955
v 0.025146 0.333008 0.302002
v 0.025146 0.331543 0.300049
v 0.025146 0.332031 0.294189
v 0.025146 0.333496 0.283936
v 0.000244 0.333496 0.277100
v 0.000244 0.333496 0.269775
v 0.012451 0.333496 0.276611
v 0.012451 0.333496 0.269775
v 0.025146 0.333496 0.276611
v 0.025146 0.333984 0.269775
v 0.041748 0.318359 0.299072
v 0.040283 0.324707 0.301025
v 0.037842 0.336914 0.304932
v 0.038330 0.339844 0.306396
v 0.037354 0.334961 0.302490
v 0.038330 0.330566 0.299072
v 0.039307 0.328125 0.301025
v 0.037354 0.332031 0.296143
v 0.036865 0.332520 0.290771
v 0.046631 0.333008 0.292236
v 0.046143 0.334961 0.287354
v 0.045654 0.333496 0.281982
v 0.047119 0.334961 0.297119
v 0.048096 0.336914 0.299561
v 0.049072 0.339355 0.300537
v 0.053467 0.321777 0.294678
v 0.051025 0.327637 0.296631
v 0.061768 0.326172 0.291748
v 0.049561 0.330078 0.296631
v 0.048096 0.332031 0.295166
v 0.053955 0.334473 0.293213
v 0.051514 0.333496 0.290283
v 0.052490 0.334473 0.290283
v 0.052002 0.334961 0.289307
v 0.053955 0.335938 0.296143
v 0.050537 0.333984 0.281494
v 0.051514 0.334473 0.285889
v 0.057373 0.331055 0.294189
v 0.054932 0.332520 0.294678
v 0.055908 0.334473 0.294678
v 0.058838 0.334473 0.294189
v 0.056396 0.337891 0.296631
v 0.059814 0.341797 0.296631
v 0.038330 0.345215 0.307861
v 0.038818 0.354492 0.309814
v 0.039307 0.365234 0.312256
v 0.050537 0.344238 0.302002
v 0.052490 0.353027 0.303467
v 0.053955 0.364258 0.305908
v 0.036865 0.333496 0.279541
v 0.036865 0.333496 0.269775
v 0.046143 0.333496 0.276123
v 0.046143 0.333496 0.269775
v 0.052490 0.333496 0.269775
v 0.066650 0.277344 0.274170
v 0.071045 0.258789 0.263428
v 0.087158 0.267578 0.255127
v 0.074951 0.300781 0.278076
v 0.081787 0.284668 0.267822
v 0.087646 0.307617 0.273193
v 0.096924 0.293457 0.260986
v 0.112061 0.304199 0.253662
v 0.067627 0.315430 0.286377
v 0.076904 0.320801 0.282959
v 0.066162 0.334473 0.291748
v 0.075928 0.332520 0.286865
v 0.091064 0.339844 0.281494
v 0.068604 0.361328 0.298096
v 0.072021 0.344727 0.292236
v 0.086182 0.355957 0.288330
v 0.089600 0.326172 0.278076
v 0.101318 0.316406 0.266846
v 0.108154 0.337891 0.270264
v 0.107178 0.357422 0.277100
v 0.000244 0.417969 0.372314
v 0.000244 0.411621 0.361084
v 0.011963 0.418945 0.370850
v 0.013428 0.412109 0.359619
v 0.000244 0.406250 0.347900
v 0.014404 0.407227 0.346436
v 0.022217 0.420898 0.367432
v 0.027100 0.430176 0.370850
v 0.031006 0.424316 0.362549
v 0.025635 0.414551 0.356201
v 0.000244 0.400391 0.336670
v 0.000244 0.393066 0.330322
v 0.014404 0.394043 0.328857
v 0.014893 0.401367 0.335205
v 0.000244 0.375488 0.324951
v 0.000244 0.384277 0.327393
v 0.012939 0.375488 0.323486
v 0.028076 0.404297 0.331299
v 0.027100 0.386230 0.322510
v 0.026123 0.375977 0.320068
v 0.028076 0.395996 0.325439
v 0.027588 0.409668 0.343018
v 0.033447 0.434082 0.364990
v 0.034912 0.418457 0.351318
v 0.037354 0.428711 0.356689
v 0.041260 0.423828 0.345947
v 0.042725 0.434570 0.351318
v 0.039795 0.376465 0.315186
v 0.040283 0.387695 0.317627
v 0.039795 0.398926 0.320557
v 0.050537 0.403809 0.315186
v 0.037354 0.414062 0.338135
v 0.044189 0.419434 0.333252
v 0.046143 0.430176 0.341064
v 0.038818 0.408203 0.326904
v 0.049072 0.426270 0.329346
v 0.047119 0.413574 0.322021
v 0.052979 0.420410 0.318115
v 0.052002 0.434082 0.325439
v 0.056397 0.429199 0.315674
v 0.030518 0.440918 0.370850
v 0.031006 0.449707 0.369873
v 0.024170 0.459473 0.372314
v 0.000244 0.482910 0.367920
v 0.008545 0.471191 0.374268
v 0.008545 0.482422 0.366943
v 0.000244 0.493652 0.360596
v 0.008545 0.493164 0.359619
v 0.016846 0.470215 0.370850
v 0.016846 0.480957 0.363525
v 0.024658 0.469238 0.365479
v 0.024170 0.479004 0.357666
v 0.031006 0.476074 0.349854
v 0.016846 0.491211 0.355713
v 0.023682 0.488770 0.349854
v 0.030518 0.484863 0.341553
v 0.034912 0.441895 0.365967
v 0.038818 0.438965 0.359619
v 0.036865 0.448242 0.362549
v 0.031494 0.458008 0.364990
v 0.042236 0.445312 0.354248
v 0.046143 0.441406 0.345947
v 0.043213 0.452637 0.348877
v 0.038330 0.455566 0.357178
v 0.031494 0.466797 0.358154
v 0.038330 0.463867 0.349854
v 0.043701 0.459473 0.341553
v 0.044189 0.465332 0.331787
v 0.049072 0.437500 0.336182
v 0.047119 0.448730 0.340576
v 0.049561 0.448242 0.330322
v 0.047607 0.454590 0.333740
v 0.052979 0.442383 0.322510
v 0.051514 0.451172 0.322021
v 0.057373 0.439453 0.314209
v 0.055908 0.450195 0.314209
v 0.048584 0.458496 0.325439
v 0.054932 0.459473 0.313232
v 0.037842 0.471191 0.340576
v 0.037842 0.479492 0.331787
v 0.031494 0.498535 0.331787
v 0.040283 0.493164 0.322021
v 0.048584 0.470215 0.318115
v 0.049072 0.487793 0.313232
v 0.053955 0.376465 0.308350
v 0.052979 0.390137 0.311768
v 0.058838 0.479980 0.306396
v 0.069580 0.375977 0.301025
v 0.083252 0.395996 0.297119
v 0.086182 0.376465 0.292725
v 0.062744 0.408203 0.308838
v 0.077881 0.415039 0.301025
v 0.064209 0.422363 0.308838
v 0.068604 0.433105 0.305908
v 0.092529 0.425781 0.293701
v 0.104736 0.379395 0.283447
v 0.100342 0.401367 0.288818
v 0.113525 0.430176 0.282959
v 0.062744 0.448730 0.307861
v 0.072998 0.449219 0.302002
v 0.067139 0.466309 0.302979
v 0.087646 0.450195 0.294678
v 0.069580 0.497070 0.297607
v 0.079834 0.472656 0.295654
v 0.106689 0.453125 0.284912
v 0.099365 0.476562 0.285400
v 0.121338 0.479980 0.274170
v 0.128174 0.338379 0.255127
v 0.127686 0.360352 0.263916
v 0.125244 0.383789 0.272217
v 0.146729 0.390137 0.258057
v 0.135498 0.435547 0.270752
v 0.141846 0.413086 0.265869
v 0.128662 0.458008 0.273193
v 0.151611 0.464355 0.260498
v 0.128662 0.499512 0.258057
v 0.126709 0.499512 0.255615
v 0.127197 0.499512 0.251221
v 0.132568 0.498535 0.253174
v 0.135498 0.499512 0.257080
v 0.138428 0.499512 0.252686
v 0.144287 0.484863 0.261963
v 0.158447 0.442871 0.256592
v 0.000244 0.197754 0.230225
v 0.019775 0.202637 0.249268
v 0.017822 0.198730 0.228271
v 0.000244 0.198242 0.207275
v 0.015381 0.199219 0.205811
v 0.031006 0.202148 0.200928
v 0.038330 0.206055 0.242920
v 0.034912 0.201660 0.222412
v 0.054932 0.210938 0.233643
v 0.046631 0.206543 0.193115
v 0.050537 0.206543 0.213623
v 0.000244 0.201660 0.184326
v 0.013916 0.202637 0.183350
v 0.000244 0.206543 0.159424
v 0.012939 0.207520 0.158447
v 0.028076 0.205078 0.179443
v 0.000244 0.211426 0.129639
v 0.011963 0.212402 0.129150
v 0.026123 0.209473 0.156006
v 0.024658 0.213867 0.127197
v 0.042725 0.208984 0.173584
v 0.062256 0.212402 0.182861
v 0.056396 0.213379 0.167236
v 0.039795 0.212891 0.151611
v 0.057373 0.218262 0.146240
v 0.070557 0.218262 0.220947
v 0.072998 0.228027 0.238525
v 0.089600 0.236816 0.223877
v 0.066162 0.213379 0.201904
v 0.087158 0.227051 0.205811
v 0.082764 0.221191 0.187744
v 0.107666 0.247559 0.207764
v 0.104736 0.237305 0.188721
v 0.068604 0.218262 0.159424
v 0.077881 0.219238 0.172607
v 0.082275 0.225586 0.143311
v 0.092041 0.227051 0.156006
v 0.100830 0.231445 0.172607
v 0.122314 0.248535 0.172119
v 0.099365 0.234863 0.127686
v 0.107666 0.236328 0.137451
v 0.114990 0.239746 0.150635
v 0.000244 0.000000 0.073486
v 0.000244 0.014648 0.065674
v 0.019287 0.000000 0.072021
v 0.017822 0.014648 0.064697
v 0.036865 0.000488 0.069092
v 0.052978 0.001465 0.063721
v 0.000244 0.032715 0.058350
v 0.000244 0.055176 0.052490
v 0.016846 0.032715 0.057861
v 0.015869 0.055176 0.052002
v 0.034912 0.015625 0.062256
v 0.051025 0.017090 0.057861
v 0.033447 0.033691 0.055908
v 0.031982 0.056152 0.049561
v 0.049072 0.035156 0.052002
v 0.047607 0.057617 0.046143
v 0.062256 0.059082 0.040283
v 0.000244 0.079102 0.048584
v 0.015381 0.079102 0.047607
v 0.030518 0.079590 0.045166
v 0.000244 0.100586 0.046143
v 0.014893 0.101074 0.045166
v 0.000244 0.120605 0.046143
v 0.013916 0.120605 0.045166
v 0.029053 0.101562 0.042236
v 0.028076 0.121582 0.042236
v 0.045654 0.080566 0.040771
v 0.060303 0.082031 0.035400
v 0.043701 0.102539 0.038330
v 0.041748 0.122559 0.037842
v 0.057861 0.103516 0.032471
v 0.055420 0.123535 0.031982
v 0.068115 0.002930 0.055908
v 0.066162 0.019531 0.051025
v 0.083740 0.005371 0.045166
v 0.081299 0.021484 0.041260
v 0.064209 0.037598 0.046143
v 0.076904 0.061035 0.032471
v 0.078857 0.040039 0.037354
v 0.093018 0.041992 0.026123
v 0.099853 0.007812 0.032959
v 0.095947 0.023926 0.029541
v 0.115478 0.010254 0.019775
v 0.110596 0.026367 0.016357
v 0.106201 0.043945 0.012939
v 0.074951 0.083496 0.028076
v 0.090576 0.062500 0.022217
v 0.088135 0.084961 0.019287
v 0.071533 0.104980 0.025635
v 0.084717 0.106445 0.017334
v 0.103760 0.064453 0.010498
v 0.100830 0.086426 0.008545
v 0.097412 0.108398 0.007568
v 0.000244 0.213379 0.102783
v 0.011963 0.213867 0.102295
v 0.024170 0.215332 0.100342
v 0.000244 0.208496 0.086182
v 0.011963 0.208984 0.085205
v 0.000244 0.199219 0.075439
v 0.000244 0.187500 0.066162
v 0.012451 0.199707 0.074463
v 0.012451 0.187500 0.065186
v 0.024170 0.210449 0.083252
v 0.024658 0.200684 0.072510
v 0.025146 0.188477 0.063232
v 0.037354 0.216797 0.123779
v 0.036377 0.217773 0.097412
v 0.051514 0.221191 0.117432
v 0.036377 0.212402 0.080322
v 0.036865 0.202148 0.069092
v 0.048584 0.214844 0.075439
v 0.049072 0.204590 0.064209
v 0.061768 0.218262 0.068604
v 0.049072 0.221191 0.092041
v 0.000244 0.139160 0.048096
v 0.013428 0.139648 0.047119
v 0.027100 0.140137 0.044189
v 0.000244 0.156738 0.052002
v 0.012939 0.157227 0.051025
v 0.000244 0.172852 0.057861
v 0.012939 0.173340 0.057373
v 0.026123 0.157715 0.048584
v 0.025635 0.173828 0.054932
v 0.040283 0.141602 0.040283
v 0.052978 0.143066 0.034424
v 0.038330 0.175293 0.051025
v 0.038818 0.159180 0.044678
v 0.051514 0.160645 0.039307
v 0.050537 0.177246 0.046143
v 0.037353 0.189941 0.059326
v 0.050049 0.191895 0.054443
v 0.062256 0.194824 0.048096
v 0.061768 0.207520 0.057861
v 0.067139 0.226562 0.106689
v 0.090576 0.233887 0.114014
v 0.082275 0.232422 0.093994
v 0.063232 0.224609 0.084229
v 0.076904 0.229004 0.073975
v 0.090088 0.234375 0.063232
v 0.104736 0.241699 0.097900
v 0.114014 0.244141 0.111572
v 0.122314 0.246094 0.122314
v 0.095947 0.238770 0.080322
v 0.107178 0.245605 0.066650
v 0.064209 0.163086 0.032959
v 0.062744 0.179688 0.039795
v 0.074951 0.182617 0.031982
v 0.068603 0.125488 0.025635
v 0.065674 0.145020 0.028076
v 0.081299 0.127441 0.017334
v 0.078369 0.146973 0.020264
v 0.093506 0.129395 0.008057
v 0.090088 0.149414 0.010986
v 0.076416 0.165527 0.025146
v 0.088135 0.168457 0.015869
v 0.087158 0.186523 0.022705
v 0.101807 0.152344 0.000244
v 0.099365 0.171875 0.005127
v 0.074463 0.210938 0.049561
v 0.074463 0.198242 0.040283
v 0.087158 0.215332 0.039795
v 0.074951 0.221680 0.059814
v 0.087646 0.226074 0.050049
v 0.086670 0.202148 0.031006
v 0.101807 0.239746 0.051025
v 0.099853 0.231445 0.038818
v 0.112061 0.246582 0.037842
v 0.098389 0.206543 0.019775
v 0.098389 0.189941 0.011963
v 0.109619 0.210938 0.008057
v 0.098877 0.220215 0.029053
v 0.110107 0.225098 0.016846
v 0.110596 0.236816 0.026611
v 0.120361 0.229980 0.003662
v 0.120850 0.242676 0.012939
v 0.131592 0.013184 0.006592
v 0.125244 0.028809 0.002197
v 0.090088 0.250977 0.240479
v 0.104248 0.278320 0.245850
v 0.107666 0.261719 0.227295
v 0.121826 0.290527 0.234619
v 0.117432 0.250977 0.080811
v 0.116455 0.253418 0.052002
v 0.121338 0.252930 0.023682
v 0.126221 0.273926 0.212158
v 0.125244 0.258789 0.191162
v 0.145752 0.303711 0.213623
v 0.143799 0.285156 0.194580
v 0.126709 0.317383 0.246826
v 0.148193 0.323730 0.227295
v 0.150146 0.344727 0.237549
v 0.149658 0.367188 0.248291
v 0.169189 0.335938 0.206299
v 0.165771 0.316406 0.192627
v 0.171631 0.356445 0.218018
v 0.137451 0.259277 0.156494
v 0.141357 0.269531 0.174072
v 0.129639 0.250000 0.135498
v 0.151611 0.270508 0.140381
v 0.161377 0.297363 0.175049
v 0.156494 0.281250 0.156494
v 0.178467 0.312012 0.154541
v 0.172607 0.295898 0.137451
v 0.184326 0.331055 0.170654
v 0.191650 0.370117 0.196533
v 0.188721 0.350098 0.184326
v 0.205322 0.365723 0.161377
v 0.194580 0.328125 0.133057
v 0.200439 0.346680 0.148193
v 0.213623 0.362793 0.125244
v 0.169678 0.399414 0.240479
v 0.171631 0.377441 0.229736
v 0.164795 0.421387 0.249756
v 0.187256 0.432129 0.231201
v 0.132080 0.499512 0.248291
v 0.136963 0.499512 0.248779
v 0.181396 0.452637 0.240479
v 0.164795 0.491211 0.249268
v 0.173584 0.472656 0.245850
v 0.191162 0.411133 0.220459
v 0.192627 0.390137 0.208740
v 0.210205 0.425293 0.198486
v 0.201416 0.465332 0.221924
v 0.192627 0.483398 0.230225
v 0.207275 0.445801 0.211182
v 0.217041 0.480957 0.203857
v 0.206787 0.497559 0.215088
v 0.223877 0.462402 0.189697
v 0.208740 0.385254 0.173584
v 0.210205 0.405273 0.186279
v 0.218506 0.381836 0.137939
v 0.225342 0.421875 0.161865
v 0.222412 0.401855 0.149658
v 0.225830 0.442383 0.175049
v 0.236084 0.483398 0.167725
v 0.238525 0.462402 0.149170
v 0.237061 0.440430 0.135498
v 0.246826 0.499512 0.136963
v 0.126221 0.253418 0.095947
v 0.135010 0.256348 0.106689
v 0.142822 0.260254 0.119385
v 0.140381 0.266602 0.074951
v 0.149170 0.270020 0.086182
v 0.156982 0.273926 0.101318
v 0.166748 0.285156 0.122314
v 0.181885 0.301270 0.103271
v 0.170166 0.288574 0.080811
v 0.162842 0.285156 0.064697
v 0.131104 0.263672 0.057861
v 0.125244 0.261230 0.037354
v 0.153564 0.280762 0.052979
v 0.142822 0.275391 0.037354
v 0.134033 0.268555 0.021240
v 0.130615 0.259277 0.008545
v 0.142334 0.276855 0.004150
v 0.151611 0.286133 0.019775
v 0.162842 0.292969 0.034912
v 0.182373 0.304688 0.058350
v 0.172607 0.298828 0.046631
v 0.171143 0.306152 0.015869
v 0.159424 0.296875 0.001221
v 0.181396 0.312988 0.027100
v 0.190186 0.312012 0.072510
v 0.188232 0.312500 0.117432
v 0.201904 0.329590 0.096924
v 0.208252 0.344727 0.111084
v 0.195557 0.318848 0.084229
v 0.207275 0.336914 0.064697
v 0.213135 0.347168 0.076416
v 0.218994 0.361328 0.089600
v 0.201904 0.330078 0.053955
v 0.192139 0.320312 0.039795
v 0.217041 0.355469 0.045166
v 0.211670 0.348145 0.035889
v 0.197998 0.334473 0.017334
v 0.188232 0.327148 0.007080
v 0.205811 0.341309 0.027100
v 0.213623 0.359375 0.009033
v 0.222412 0.365234 0.055908
v 0.225342 0.373535 0.026611
v 0.219971 0.366699 0.018311
v 0.229248 0.397949 0.114014
v 0.224365 0.378906 0.102295
v 0.233643 0.418457 0.124756
v 0.242432 0.434570 0.098389
v 0.233154 0.394531 0.079346
v 0.227783 0.378418 0.067627
v 0.238037 0.413086 0.089600
v 0.244385 0.427246 0.064697
v 0.246826 0.458008 0.107178
v 0.249268 0.447266 0.072021
v 0.230225 0.382324 0.035889
v 0.235107 0.394531 0.046143
v 0.239990 0.409668 0.055908
v 0.245361 0.423828 0.032471
v 0.226807 0.384766 0.001221
v 0.231689 0.391602 0.008545
v 0.236572 0.399414 0.015869
v 0.240967 0.410156 0.024170
v 0.248779 0.437012 0.009033
v 0.244873 0.425293 0.003174
v 0.249756 0.439453 0.039795
v 0.250244 0.483398 0.114990
v 0.253662 0.471191 0.078369
v 0.254150 0.458496 0.045654
v 0.258545 0.480957 0.049561
v 0.257080 0.468262 0.018799
v 0.252686 0.451660 0.014404
v 0.260986 0.488770 0.020752
v 0.000244 0.502930 0.354248
v 0.000244 0.512207 0.347900
v 0.009033 0.502441 0.352783
v 0.009033 0.511719 0.346436
v 0.017334 0.505371 0.345947
v 0.000244 0.522461 0.341553
v 0.009522 0.521484 0.340576
v 0.023682 0.501465 0.341064
v 0.017822 0.520020 0.336670
v 0.025635 0.517578 0.330811
v 0.027100 0.530762 0.324463
v 0.000244 0.534180 0.334717
v 0.009522 0.533691 0.333740
v 0.000244 0.548340 0.328857
v 0.010010 0.547852 0.327881
v 0.018799 0.532715 0.330322
v 0.028076 0.545898 0.319580
v 0.019287 0.546875 0.324463
v 0.033936 0.514160 0.322510
v 0.044189 0.509766 0.313232
v 0.035889 0.528320 0.316650
v 0.000244 0.563965 0.323975
v 0.010498 0.563965 0.323486
v 0.000244 0.583008 0.321533
v 0.010986 0.583008 0.321045
v 0.020264 0.563477 0.320557
v 0.029053 0.562988 0.316650
v 0.021240 0.582520 0.319092
v 0.030518 0.582031 0.315674
v 0.000244 0.605957 0.321045
v 0.011963 0.605957 0.320557
v 0.023682 0.605469 0.319092
v 0.034424 0.604980 0.316162
v 0.044678 0.604004 0.312744
v 0.046631 0.525879 0.307861
v 0.037354 0.544922 0.312256
v 0.038330 0.562012 0.310791
v 0.047607 0.543457 0.304443
v 0.048096 0.561523 0.303467
v 0.058350 0.561523 0.296631
v 0.040283 0.581543 0.310791
v 0.049561 0.581055 0.305420
v 0.059326 0.580566 0.299072
v 0.053955 0.602539 0.308350
v 0.069580 0.522461 0.293213
v 0.092529 0.500000 0.284912
v 0.088135 0.522949 0.282959
v 0.067139 0.542969 0.291748
v 0.070068 0.562012 0.289795
v 0.086182 0.544434 0.281494
v 0.109131 0.524902 0.272705
v 0.108154 0.520508 0.263428
v 0.106201 0.520508 0.258545
v 0.105713 0.520508 0.254150
v 0.106201 0.520508 0.250732
v 0.114502 0.502441 0.273682
v 0.116943 0.511230 0.269775
v 0.114014 0.511230 0.266357
v 0.119873 0.511230 0.271729
v 0.123291 0.511230 0.272705
v 0.110596 0.520508 0.268799
v 0.114502 0.520508 0.272705
v 0.117920 0.520508 0.275635
v 0.121338 0.520508 0.276123
v 0.115967 0.504883 0.260498
v 0.111572 0.511230 0.261963
v 0.114990 0.504883 0.256592
v 0.114990 0.504883 0.252686
v 0.110107 0.511230 0.257568
v 0.109619 0.511230 0.254150
v 0.110107 0.511230 0.250244
v 0.119873 0.504883 0.265381
v 0.120850 0.501465 0.258057
v 0.123779 0.501465 0.261475
v 0.120361 0.501465 0.254150
v 0.108643 0.531738 0.270264
v 0.104736 0.545898 0.272217
v 0.108154 0.543945 0.270752
v 0.108154 0.556641 0.270752
v 0.103760 0.531738 0.259033
v 0.105713 0.531738 0.264404
v 0.105225 0.543945 0.264893
v 0.102783 0.543945 0.259033
v 0.102783 0.531738 0.254150
v 0.103272 0.531738 0.250732
v 0.101807 0.543945 0.254150
v 0.101807 0.543945 0.250244
v 0.101318 0.556641 0.254150
v 0.101318 0.556641 0.250244
v 0.104736 0.556641 0.264893
v 0.102783 0.556641 0.259033
v 0.112549 0.531738 0.275146
v 0.116455 0.531738 0.278076
v 0.112061 0.543945 0.276123
v 0.115479 0.543945 0.279541
v 0.119873 0.531738 0.278076
v 0.119385 0.543945 0.279541
v 0.111572 0.556641 0.276611
v 0.115479 0.556641 0.280029
v 0.118897 0.557129 0.279541
v 0.122803 0.546875 0.262939
v 0.071045 0.580566 0.292725
v 0.084717 0.562988 0.281982
v 0.084717 0.581055 0.285400
v 0.062744 0.601562 0.303467
v 0.072998 0.601074 0.298096
v 0.062744 0.624512 0.309326
v 0.074951 0.624023 0.303467
v 0.085693 0.624512 0.298096
v 0.085693 0.601562 0.291260
v 0.100342 0.602051 0.283936
v 0.101318 0.624512 0.289795
v 0.101807 0.563965 0.273682
v 0.108154 0.569824 0.270752
v 0.100342 0.582031 0.277588
v 0.108643 0.581055 0.270264
v 0.105225 0.569824 0.264893
v 0.102783 0.569824 0.259033
v 0.101807 0.569824 0.254150
v 0.101807 0.569824 0.250244
v 0.103760 0.581055 0.259033
v 0.105713 0.581055 0.264404
v 0.108154 0.589355 0.263916
v 0.106201 0.589355 0.258545
v 0.102783 0.581055 0.254150
v 0.103272 0.581055 0.250732
v 0.105713 0.589355 0.254150
v 0.105713 0.589355 0.250732
v 0.112061 0.569824 0.276123
v 0.115479 0.569824 0.279541
v 0.119385 0.569824 0.279541
v 0.112549 0.581055 0.275146
v 0.116455 0.581055 0.278076
v 0.116943 0.582520 0.269287
v 0.110596 0.589355 0.268799
v 0.114502 0.589355 0.273193
v 0.120361 0.581055 0.278564
v 0.117920 0.589355 0.275635
v 0.121826 0.589355 0.276123
v 0.118897 0.564453 0.264893
v 0.109131 0.595215 0.253662
v 0.116455 0.602539 0.275146
v 0.116943 0.595215 0.270264
v 0.113525 0.595215 0.266357
v 0.119873 0.595215 0.272705
v 0.120361 0.600098 0.266357
v 0.123779 0.595215 0.273193
v 0.124756 0.600098 0.268799
v 0.117432 0.624512 0.281006
v 0.111084 0.595215 0.262451
v 0.115967 0.600098 0.260498
v 0.109619 0.595215 0.257568
v 0.114502 0.600098 0.254639
v 0.114990 0.600098 0.250732
v 0.120850 0.603516 0.258057
v 0.123291 0.603516 0.261475
v 0.120361 0.603516 0.254150
v 0.000244 0.630371 0.321045
v 0.013428 0.630371 0.321045
v 0.000244 0.654785 0.321533
v 0.014893 0.654785 0.321045
v 0.026611 0.629883 0.319580
v 0.029541 0.654297 0.319092
v 0.000244 0.681641 0.320068
v 0.015869 0.681641 0.319580
v 0.039307 0.628906 0.317139
v 0.044189 0.653320 0.316650
v 0.050537 0.627441 0.313721
v 0.057373 0.650391 0.313232
v 0.031982 0.681152 0.317627
v 0.048096 0.680664 0.314209
v 0.000244 0.714355 0.317139
v 0.016846 0.714355 0.316162
v 0.033447 0.713867 0.314209
v 0.050537 0.713379 0.310303
v 0.052002 0.749512 0.302979
v 0.069580 0.649902 0.308350
v 0.084717 0.649414 0.302002
v 0.093506 0.655762 0.282959
v 0.066650 0.680176 0.308838
v 0.086182 0.677734 0.301514
v 0.093506 0.657715 0.293701
v 0.093018 0.662109 0.294678
v 0.091553 0.657715 0.289307
v 0.091064 0.661621 0.290283
v 0.092041 0.666992 0.290283
v 0.091064 0.658203 0.284424
v 0.090576 0.662109 0.284912
v 0.091553 0.666992 0.284912
v 0.092529 0.658203 0.279053
v 0.091064 0.660645 0.279541
v 0.090576 0.665039 0.280518
v 0.093018 0.669922 0.279541
v 0.105713 0.655273 0.297119
v 0.096436 0.654785 0.292725
v 0.098877 0.655762 0.296143
v 0.101318 0.654297 0.290771
v 0.093994 0.654785 0.288330
v 0.098877 0.653809 0.286377
v 0.097900 0.654785 0.281494
v 0.102783 0.648926 0.293701
v 0.103760 0.654785 0.294189
v 0.108643 0.655762 0.287842
v 0.106201 0.655762 0.283447
v 0.119873 0.647949 0.284424
v 0.096436 0.658691 0.297607
v 0.095947 0.663086 0.298096
v 0.101318 0.656738 0.299072
v 0.099854 0.660156 0.300537
v 0.096924 0.668457 0.298096
v 0.098877 0.664551 0.301025
v 0.099854 0.669922 0.301025
v 0.102783 0.663086 0.301514
v 0.103272 0.657715 0.300049
v 0.105713 0.659180 0.300537
v 0.108154 0.656738 0.298584
v 0.108154 0.661133 0.300537
v 0.106201 0.666016 0.301025
v 0.100342 0.674316 0.297119
v 0.105225 0.672363 0.301025
v 0.102783 0.675293 0.299561
v 0.106201 0.675293 0.299561
v 0.093994 0.667480 0.294678
v 0.097412 0.673340 0.293213
v 0.095459 0.672363 0.289307
v 0.094482 0.671875 0.283936
v 0.100830 0.676270 0.281494
v 0.104736 0.676758 0.293213
v 0.104248 0.678223 0.290283
v 0.106689 0.679199 0.294189
v 0.102295 0.677246 0.286377
v 0.110107 0.658691 0.299072
v 0.116455 0.660645 0.297119
v 0.113037 0.668945 0.299561
v 0.114502 0.664062 0.298584
v 0.112061 0.674316 0.298584
v 0.111572 0.678223 0.297607
v 0.111084 0.656250 0.291260
v 0.115479 0.658203 0.296143
v 0.120850 0.658691 0.289795
v 0.124756 0.662598 0.293701
v 0.124268 0.660645 0.292236
v 0.123779 0.666504 0.295166
v 0.117920 0.658203 0.283447
v 0.109619 0.679688 0.296631
v 0.115479 0.683105 0.289307
v 0.111084 0.681152 0.281982
v 0.113525 0.682129 0.285889
v 0.120850 0.677246 0.294678
v 0.122314 0.671875 0.295654
v 0.120361 0.681641 0.293701
v 0.118408 0.683594 0.292236
v 0.123291 0.674316 0.284424
v 0.095947 0.656738 0.277588
v 0.093994 0.661621 0.276123
v 0.105225 0.656250 0.278564
v 0.103272 0.657227 0.274658
v 0.102295 0.666992 0.269775
v 0.099365 0.675293 0.277100
v 0.107178 0.677246 0.271240
v 0.115479 0.658203 0.279053
v 0.114014 0.658691 0.274170
v 0.111084 0.660645 0.269287
v 0.123779 0.661133 0.269287
v 0.109619 0.680176 0.277100
v 0.116455 0.681152 0.267334
v 0.120850 0.683594 0.276123
v 0.123291 0.684570 0.280029
v 0.119385 0.682617 0.271240
v 0.120850 0.661133 0.265381
v 0.114990 0.671875 0.260986
v 0.068115 0.712402 0.304932
v 0.087647 0.710449 0.297607
v 0.070068 0.748047 0.297119
v 0.090088 0.745605 0.289795
v 0.107178 0.708496 0.289307
v 0.110596 0.742188 0.281006
v 0.125244 0.504883 0.268311
v 0.129639 0.504883 0.267822
v 0.129150 0.511230 0.271729
v 0.134521 0.504883 0.266357
v 0.134521 0.511230 0.269775
v 0.140381 0.511230 0.267822
v 0.128174 0.520508 0.274658
v 0.135010 0.520508 0.272217
v 0.127686 0.501465 0.262939
v 0.133057 0.501465 0.262939
v 0.135986 0.505859 0.262451
v 0.138916 0.501465 0.260498
v 0.128662 0.526855 0.262451
v 0.141357 0.520508 0.269775
v 0.148193 0.520508 0.266357
v 0.143311 0.504883 0.261963
v 0.147705 0.504883 0.258545
v 0.145752 0.511230 0.264893
v 0.142822 0.501465 0.256592
v 0.144287 0.501465 0.252686
v 0.151611 0.511230 0.260986
v 0.149658 0.504883 0.255615
v 0.150146 0.504883 0.251709
v 0.154053 0.511230 0.257568
v 0.155029 0.511230 0.253662
v 0.155518 0.509766 0.251221
v 0.146729 0.528320 0.252686
v 0.154541 0.520020 0.262451
v 0.127197 0.531738 0.276123
v 0.126221 0.543945 0.276611
v 0.134521 0.531738 0.273682
v 0.134521 0.543945 0.273682
v 0.126221 0.556641 0.276611
v 0.134033 0.556641 0.273682
v 0.139404 0.546875 0.254150
v 0.141846 0.531738 0.270752
v 0.142334 0.543945 0.270752
v 0.149658 0.531738 0.267334
v 0.150146 0.543945 0.267334
v 0.141846 0.556641 0.270264
v 0.150146 0.556641 0.266846
v 0.157959 0.520508 0.258545
v 0.159424 0.520508 0.253662
v 0.156982 0.531250 0.262939
v 0.160889 0.531738 0.259033
v 0.158447 0.543945 0.262939
v 0.162354 0.543945 0.259521
v 0.161865 0.531738 0.254150
v 0.163330 0.543945 0.254150
v 0.158447 0.556641 0.262939
v 0.162842 0.556641 0.259521
v 0.163818 0.556641 0.254150
v 0.126221 0.569824 0.276611
v 0.134521 0.569824 0.273682
v 0.127197 0.581055 0.276123
v 0.128174 0.589355 0.275146
v 0.134521 0.581055 0.273682
v 0.135010 0.589355 0.272705
v 0.135498 0.564453 0.256592
v 0.133545 0.582031 0.260010
v 0.142334 0.569824 0.270752
v 0.150146 0.569824 0.267334
v 0.142334 0.581055 0.270752
v 0.141846 0.589355 0.270264
v 0.148193 0.589355 0.266846
v 0.149658 0.581055 0.267334
v 0.155029 0.589355 0.262451
v 0.151611 0.580566 0.250732
v 0.129150 0.595215 0.272217
v 0.130127 0.600098 0.268311
v 0.135010 0.595215 0.270752
v 0.133545 0.601562 0.265869
v 0.134522 0.623047 0.271240
v 0.128174 0.603516 0.263428
v 0.130127 0.605469 0.258545
v 0.126221 0.605469 0.253662
v 0.132568 0.606445 0.253174
v 0.139404 0.600098 0.265381
v 0.133545 0.603516 0.263428
v 0.139404 0.603516 0.260498
v 0.135498 0.605469 0.257568
v 0.138428 0.605469 0.254150
v 0.138428 0.605469 0.250732
v 0.140869 0.595215 0.268311
v 0.146240 0.595215 0.265381
v 0.147705 0.600098 0.259521
v 0.143311 0.603516 0.257080
v 0.144775 0.603516 0.252686
v 0.151611 0.595215 0.261963
v 0.154541 0.595215 0.258057
v 0.150147 0.600098 0.256104
v 0.151611 0.599609 0.255127
v 0.150635 0.600098 0.252197
v 0.155518 0.595215 0.253662
v 0.153076 0.620117 0.259521
v 0.158447 0.569824 0.262939
v 0.162354 0.569824 0.259521
v 0.163330 0.569824 0.254150
v 0.156982 0.581055 0.262939
v 0.160889 0.581055 0.259033
v 0.158447 0.589355 0.258545
v 0.161865 0.581055 0.254150
v 0.159424 0.589355 0.253662
v 0.130615 0.660645 0.281982
v 0.133545 0.668945 0.290283
v 0.134033 0.662109 0.286377
v 0.134522 0.664551 0.288818
v 0.132080 0.674316 0.290283
v 0.131104 0.679688 0.289795
v 0.128174 0.686035 0.286865
v 0.125244 0.685547 0.283936
v 0.130127 0.683594 0.288330
v 0.140381 0.685059 0.281982
v 0.144287 0.670410 0.283936
v 0.145264 0.666016 0.282471
v 0.142822 0.675781 0.284424
v 0.141357 0.681152 0.283447
v 0.137451 0.645508 0.274658
v 0.156006 0.642090 0.262939
v 0.128174 0.660645 0.278076
v 0.125732 0.660645 0.274170
v 0.137451 0.662109 0.269287
v 0.131592 0.685059 0.269287
v 0.135498 0.687012 0.277100
v 0.139404 0.687012 0.281006
v 0.130615 0.664062 0.258057
v 0.134522 0.662598 0.263428
v 0.126709 0.680664 0.259033
v 0.129150 0.683594 0.264404
v 0.139893 0.684082 0.257080
v 0.138428 0.682617 0.252686
v 0.142822 0.662598 0.278076
v 0.140869 0.662598 0.275146
v 0.144775 0.663574 0.281006
v 0.141357 0.671387 0.274170
v 0.156006 0.666504 0.275635
v 0.155518 0.664551 0.274170
v 0.155029 0.670898 0.277100
v 0.152100 0.663086 0.268311
v 0.154053 0.663574 0.271729
v 0.154053 0.676270 0.277100
v 0.151611 0.685547 0.275146
v 0.152588 0.681641 0.276611
v 0.146729 0.663086 0.258545
v 0.143311 0.663574 0.252197
v 0.149170 0.663086 0.263428
v 0.142822 0.685547 0.261475
v 0.154053 0.685059 0.253662
v 0.166748 0.666504 0.268311
v 0.166260 0.664062 0.266357
v 0.166260 0.670898 0.269287
v 0.162842 0.685547 0.267334
v 0.165283 0.676270 0.269287
v 0.164307 0.681641 0.268799
v 0.163330 0.663086 0.260498
v 0.160400 0.666992 0.262451
v 0.158936 0.663086 0.252686
v 0.165283 0.663086 0.263428
v 0.156494 0.686035 0.257568
v 0.171631 0.686523 0.254150
v 0.177002 0.665039 0.260010
v 0.177002 0.669434 0.260986
v 0.175537 0.661621 0.253662
v 0.177002 0.662598 0.257568
v 0.186768 0.662598 0.251221
v 0.186768 0.666992 0.252197
v 0.176025 0.674805 0.261475
v 0.175049 0.680664 0.260498
v 0.174072 0.684570 0.259033
v 0.173096 0.686523 0.257568
v 0.185791 0.672852 0.252686
v 0.185303 0.678223 0.252197
v 0.183838 0.682617 0.251221
v 0.137451 0.687500 0.279541
v 0.126709 0.705078 0.280029
v 0.147217 0.687500 0.269775
v 0.145752 0.700684 0.269287
v 0.150147 0.687988 0.273193
v 0.130615 0.737793 0.270752
v 0.150635 0.731934 0.259521
v 0.161865 0.687500 0.265869
v 0.159912 0.687500 0.262451
v 0.164795 0.694824 0.257080
v 0.000244 0.751465 0.310303
v 0.017334 0.750977 0.309326
v 0.000244 0.790039 0.298584
v 0.018311 0.790039 0.297607
v 0.034912 0.750488 0.306885
v 0.036865 0.789062 0.295166
v 0.054932 0.787598 0.290771
v 0.000244 0.830078 0.280029
v 0.019775 0.829590 0.279053
v 0.000244 0.868652 0.254150
v 0.021240 0.868652 0.253174
v 0.039307 0.828613 0.276611
v 0.058838 0.826660 0.272217
v 0.042236 0.867188 0.250244
v 0.073486 0.785645 0.284912
v 0.093506 0.781738 0.277588
v 0.114502 0.776855 0.268311
v 0.078369 0.823242 0.266357
v 0.098877 0.818359 0.259033
v 0.135498 0.770508 0.257568
v 0.107178 0.520508 0.247803
v 0.116943 0.504883 0.248291
v 0.113525 0.511230 0.245361
v 0.121826 0.501465 0.249756
v 0.121338 0.504883 0.243896
v 0.118896 0.511230 0.240967
v 0.124268 0.511230 0.238037
v 0.110107 0.520508 0.244385
v 0.116455 0.520508 0.239014
v 0.122803 0.520508 0.235596
v 0.104736 0.531738 0.247314
v 0.107666 0.531738 0.243408
v 0.103272 0.543945 0.246826
v 0.106689 0.543945 0.242920
v 0.102783 0.556641 0.246826
v 0.106201 0.556641 0.242920
v 0.114990 0.531738 0.238037
v 0.114014 0.543945 0.237549
v 0.113525 0.556641 0.237549
v 0.121826 0.531738 0.234131
v 0.121338 0.543945 0.233154
v 0.121338 0.556641 0.233154
v 0.103272 0.569824 0.246826
v 0.106689 0.569824 0.242920
v 0.104736 0.581055 0.247314
v 0.107666 0.581055 0.243408
v 0.107178 0.589355 0.247314
v 0.114014 0.569824 0.237549
v 0.110107 0.589355 0.243896
v 0.114990 0.581055 0.238037
v 0.116455 0.589355 0.238525
v 0.122803 0.589355 0.235107
v 0.121338 0.569824 0.233154
v 0.121826 0.581055 0.233643
v 0.110107 0.595215 0.249756
v 0.113037 0.595215 0.244873
v 0.117432 0.600098 0.246826
v 0.121826 0.603516 0.249268
v 0.118408 0.595215 0.240479
v 0.123779 0.595215 0.237549
v 0.126221 0.501465 0.245850
v 0.131592 0.501465 0.243408
v 0.125732 0.504883 0.241455
v 0.129639 0.511230 0.236084
v 0.136963 0.501465 0.243408
v 0.135010 0.504883 0.238525
v 0.140381 0.504883 0.238525
v 0.135986 0.511230 0.234619
v 0.129639 0.520508 0.233154
v 0.136475 0.520508 0.231201
v 0.143799 0.501465 0.248291
v 0.141357 0.501465 0.244873
v 0.144287 0.504883 0.239990
v 0.142334 0.511230 0.234619
v 0.146240 0.511230 0.235596
v 0.148682 0.504883 0.245850
v 0.154541 0.511230 0.248779
v 0.153564 0.511230 0.244385
v 0.151123 0.511230 0.239990
v 0.148682 0.511230 0.237549
v 0.151611 0.520508 0.234619
v 0.154053 0.520508 0.238037
v 0.144287 0.520508 0.231201
v 0.148682 0.520508 0.232178
v 0.129150 0.531738 0.231201
v 0.129150 0.543945 0.230225
v 0.137451 0.531738 0.229248
v 0.137451 0.543945 0.228271
v 0.129150 0.556641 0.230225
v 0.137939 0.556641 0.228271
v 0.155518 0.546387 0.246338
v 0.145752 0.531738 0.228760
v 0.146240 0.543945 0.227295
v 0.150146 0.531738 0.229736
v 0.153564 0.531738 0.232666
v 0.151123 0.543945 0.228760
v 0.154053 0.543945 0.231689
v 0.146729 0.557129 0.227295
v 0.151123 0.556641 0.228271
v 0.154541 0.556641 0.231201
v 0.158447 0.520508 0.248291
v 0.156982 0.520508 0.242920
v 0.168213 0.530762 0.240479
v 0.172119 0.515137 0.240479
v 0.181885 0.500000 0.236084
v 0.182861 0.523926 0.232178
v 0.160889 0.531738 0.247803
v 0.162354 0.543945 0.247803
v 0.158936 0.531738 0.241943
v 0.156494 0.531738 0.236572
v 0.159912 0.543945 0.241455
v 0.156982 0.543945 0.235596
v 0.171143 0.543945 0.237549
v 0.162354 0.556641 0.247803
v 0.159912 0.556641 0.241455
v 0.156982 0.556641 0.235596
v 0.170166 0.560059 0.238037
v 0.186768 0.537598 0.227783
v 0.129150 0.569824 0.230225
v 0.137451 0.569824 0.228271
v 0.129150 0.581055 0.231201
v 0.129150 0.589355 0.232666
v 0.136963 0.581055 0.229248
v 0.136475 0.589355 0.231201
v 0.152588 0.562988 0.247803
v 0.154541 0.589355 0.237549
v 0.146240 0.569824 0.227295
v 0.151123 0.569824 0.228760
v 0.154053 0.569824 0.231689
v 0.145264 0.581055 0.228760
v 0.143799 0.589355 0.230713
v 0.148193 0.589355 0.232178
v 0.150146 0.581055 0.229736
v 0.153564 0.581055 0.232666
v 0.151611 0.589355 0.234131
v 0.128174 0.605469 0.249756
v 0.129150 0.603516 0.243896
v 0.125244 0.600098 0.240479
v 0.129639 0.595215 0.235107
v 0.134522 0.605469 0.247803
v 0.136963 0.603516 0.242920
v 0.135010 0.600098 0.238037
v 0.135498 0.595215 0.233643
v 0.144287 0.603516 0.248291
v 0.141357 0.603516 0.244873
v 0.140869 0.600098 0.238037
v 0.144775 0.600098 0.239990
v 0.146240 0.595215 0.235107
v 0.149170 0.600098 0.245850
v 0.155029 0.595215 0.248779
v 0.153564 0.595215 0.243896
v 0.151611 0.595215 0.239990
v 0.148682 0.595215 0.237061
v 0.141846 0.595215 0.233643
v 0.162354 0.569824 0.247803
v 0.159912 0.569824 0.241455
v 0.156982 0.569824 0.235596
v 0.169678 0.577637 0.239502
v 0.160889 0.581055 0.247803
v 0.158936 0.589355 0.248291
v 0.156982 0.589355 0.242920
v 0.158936 0.581055 0.241943
v 0.156494 0.581055 0.236572
v 0.170654 0.596191 0.242432
v 0.172119 0.616211 0.246826
v 0.195068 0.512207 0.224365
v 0.187744 0.554688 0.225342
v 0.213623 0.516602 0.205322
v 0.204834 0.546387 0.210693
v 0.218506 0.536621 0.197021
v 0.227295 0.500488 0.188721
v 0.220459 0.558105 0.193604
v 0.188721 0.572266 0.225342
v 0.189697 0.591309 0.227783
v 0.190674 0.610840 0.231689
v 0.206787 0.565430 0.209229
v 0.207764 0.584473 0.210693
v 0.207764 0.604492 0.214111
v 0.223389 0.578125 0.190186
v 0.222900 0.598633 0.193604
v 0.222412 0.624023 0.197510
v 0.232666 0.523438 0.177490
v 0.236084 0.548828 0.169189
v 0.249756 0.520508 0.132080
v 0.246338 0.543457 0.145752
v 0.236572 0.574707 0.167236
v 0.232178 0.619629 0.177490
v 0.235107 0.598633 0.170654
v 0.247314 0.577148 0.143311
v 0.245361 0.604980 0.146729
v 0.139893 0.673828 0.244385
v 0.155518 0.663574 0.248779
v 0.152100 0.665039 0.243408
v 0.147705 0.682129 0.245850
v 0.151123 0.683594 0.249268
v 0.174561 0.637695 0.249756
v 0.169678 0.662109 0.244385
v 0.166260 0.662598 0.240479
v 0.164307 0.663086 0.236084
v 0.158447 0.679199 0.236084
v 0.161865 0.682129 0.241455
v 0.165283 0.683594 0.245361
v 0.168213 0.685059 0.249268
v 0.169678 0.670410 0.221924
v 0.169678 0.678223 0.228760
v 0.171631 0.679688 0.233154
v 0.172119 0.662109 0.248779
v 0.177979 0.661621 0.249268
v 0.179443 0.660156 0.235596
v 0.186768 0.660156 0.248779
v 0.185303 0.659668 0.244873
v 0.182373 0.659668 0.239990
v 0.175537 0.681152 0.236572
v 0.178467 0.682617 0.240967
v 0.183350 0.684570 0.248779
v 0.180908 0.683594 0.244385
v 0.172119 0.662598 0.226807
v 0.176025 0.661133 0.231689
v 0.181397 0.659668 0.220459
v 0.184814 0.658691 0.222900
v 0.177979 0.673340 0.218994
v 0.184814 0.677734 0.228271
v 0.180908 0.676270 0.224854
v 0.178467 0.666504 0.214600
v 0.185303 0.670410 0.213623
v 0.182861 0.687988 0.243408
v 0.169678 0.724609 0.246826
v 0.191650 0.631836 0.235596
v 0.194092 0.654785 0.235596
v 0.201904 0.653809 0.225830
v 0.199463 0.654297 0.221924
v 0.208252 0.636719 0.219482
v 0.203369 0.654297 0.230713
v 0.209717 0.651367 0.222900
v 0.209717 0.653809 0.226318
v 0.214111 0.651855 0.219971
v 0.214111 0.654297 0.220459
v 0.195068 0.669922 0.243896
v 0.194580 0.656738 0.236084
v 0.195557 0.659668 0.242432
v 0.195557 0.664062 0.243408
v 0.195557 0.657715 0.239990
v 0.202881 0.666016 0.235596
v 0.201904 0.671387 0.235107
v 0.194092 0.675293 0.243896
v 0.193115 0.679199 0.242920
v 0.190186 0.680176 0.236084
v 0.192139 0.681152 0.240479
v 0.200928 0.675293 0.234619
v 0.188721 0.657715 0.226807
v 0.191650 0.657227 0.230713
v 0.187744 0.679199 0.232178
v 0.192627 0.672852 0.219971
v 0.198486 0.679199 0.228760
v 0.198486 0.675781 0.227783
v 0.200439 0.676758 0.232178
v 0.195557 0.674316 0.223877
v 0.203369 0.660645 0.235107
v 0.203369 0.656738 0.233643
v 0.209717 0.657227 0.227295
v 0.208740 0.666992 0.227295
v 0.207275 0.670410 0.226807
v 0.206787 0.671387 0.223877
v 0.205322 0.669922 0.219482
v 0.213623 0.663086 0.220459
v 0.212158 0.666016 0.220459
v 0.196533 0.654785 0.218018
v 0.196045 0.655273 0.203369
v 0.198975 0.653809 0.206787
v 0.199463 0.654297 0.198486
v 0.201904 0.653809 0.195557
v 0.201416 0.654785 0.194092
v 0.206299 0.651855 0.214111
v 0.208252 0.651367 0.218018
v 0.203369 0.652832 0.209717
v 0.214600 0.649414 0.216064
v 0.213135 0.649414 0.211182
v 0.216064 0.650391 0.215088
v 0.217529 0.648926 0.211182
v 0.217041 0.652344 0.214111
v 0.211182 0.649902 0.206787
v 0.218506 0.649902 0.209229
v 0.216553 0.648926 0.206299
v 0.218018 0.649414 0.203369
v 0.217041 0.655273 0.203857
v 0.203857 0.652344 0.200439
v 0.208252 0.650879 0.202881
v 0.207275 0.651855 0.194092
v 0.207275 0.652832 0.192627
v 0.214111 0.649414 0.201904
v 0.211182 0.649902 0.197998
v 0.218506 0.651367 0.202393
v 0.215088 0.653809 0.199463
v 0.216064 0.649414 0.198975
v 0.216553 0.650879 0.197510
v 0.212647 0.649902 0.195068
v 0.213135 0.650391 0.194092
v 0.212158 0.652344 0.194580
v 0.192627 0.656250 0.214600
v 0.188721 0.671387 0.216553
v 0.188721 0.658203 0.210693
v 0.188232 0.662109 0.204834
v 0.193604 0.663086 0.203369
v 0.202881 0.668457 0.215576
v 0.199951 0.666992 0.211670
v 0.195557 0.666016 0.208252
v 0.196533 0.657227 0.197510
v 0.200928 0.660645 0.201416
v 0.199951 0.658203 0.197021
v 0.210693 0.664062 0.212646
v 0.205322 0.661133 0.204346
v 0.208252 0.662598 0.208252
v 0.214600 0.662598 0.215576
v 0.216553 0.659180 0.214600
v 0.215576 0.661133 0.211670
v 0.212158 0.666016 0.217041
v 0.211670 0.667480 0.213623
v 0.214600 0.659180 0.207275
v 0.218018 0.656738 0.209229
v 0.204834 0.656738 0.196533
v 0.209229 0.656738 0.198975
v 0.212158 0.657715 0.202881
v 0.218994 0.651855 0.208740
v 0.221436 0.653809 0.198975
v 0.187744 0.715332 0.232178
v 0.204346 0.703613 0.216064
v 0.218018 0.688965 0.198975
v 0.194092 0.741699 0.216064
v 0.210693 0.727051 0.198486
v 0.228272 0.637695 0.186768
v 0.236572 0.651367 0.167236
v 0.228760 0.671387 0.182373
v 0.241943 0.629395 0.155029
v 0.249268 0.643066 0.133057
v 0.243897 0.666992 0.146240
v 0.218506 0.749512 0.176025
v 0.224854 0.709473 0.180420
v 0.235596 0.689453 0.162354
v 0.232666 0.729492 0.157471
v 0.242920 0.707520 0.139404
v 0.240967 0.749023 0.129639
v 0.119873 0.811523 0.249756
v 0.062744 0.864258 0.245850
v 0.083740 0.859863 0.239990
v 0.105225 0.853516 0.232666
v 0.000244 0.904297 0.220459
v 0.022705 0.903809 0.219482
v 0.045166 0.901855 0.216553
v 0.000244 0.934082 0.180908
v 0.023682 0.933594 0.179932
v 0.047119 0.931152 0.177490
v 0.000244 0.958008 0.139404
v 0.024658 0.956543 0.138916
v 0.049561 0.953613 0.136963
v 0.066650 0.898438 0.212646
v 0.088623 0.893066 0.206787
v 0.111572 0.884766 0.199951
v 0.070557 0.926758 0.174072
v 0.093506 0.919922 0.169189
v 0.116943 0.910156 0.163330
v 0.122314 0.929199 0.125732
v 0.073486 0.948242 0.134033
v 0.097900 0.940430 0.130127
v 0.000244 0.975098 0.098389
v 0.025635 0.974121 0.097900
v 0.051514 0.970215 0.096924
v 0.000244 0.987793 0.056885
v 0.026611 0.986328 0.056885
v 0.000244 0.996094 0.014404
v 0.027100 0.994141 0.014893
v 0.052979 0.981934 0.056396
v 0.054443 0.989746 0.014893
v 0.076416 0.964355 0.094971
v 0.101807 0.955566 0.092041
v 0.078857 0.975586 0.055420
v 0.080811 0.983398 0.014404
v 0.104736 0.966797 0.053467
v 0.106689 0.974121 0.013428
v 0.156006 0.762695 0.245850
v 0.141357 0.803223 0.238525
v 0.175537 0.753418 0.231689
v 0.162354 0.792969 0.225830
v 0.182373 0.781250 0.211182
v 0.127197 0.844727 0.223389
v 0.148682 0.833984 0.212646
v 0.134522 0.874023 0.191650
v 0.170166 0.821777 0.199463
v 0.156982 0.861328 0.180908
v 0.178955 0.846680 0.168213
v 0.186768 0.866699 0.133057
v 0.201416 0.766602 0.194580
v 0.191162 0.807129 0.184326
v 0.210205 0.790527 0.167236
v 0.227295 0.770996 0.148193
v 0.219482 0.811523 0.135010
v 0.199951 0.830078 0.152588
v 0.140869 0.897461 0.156006
v 0.164307 0.883301 0.145752
v 0.249268 0.767090 0.097900
v 0.236084 0.790039 0.115967
v 0.243897 0.805664 0.080811
v 0.208252 0.848145 0.117432
v 0.215088 0.862305 0.080811
v 0.227783 0.828125 0.099854
v 0.234131 0.840820 0.062744
v 0.220459 0.873535 0.044189
v 0.239014 0.851074 0.025635
v 0.147217 0.915527 0.119385
v 0.152100 0.929199 0.082275
v 0.171143 0.899414 0.109619
v 0.176025 0.912598 0.073486
v 0.127197 0.943848 0.088135
v 0.179443 0.923340 0.036865
v 0.180908 0.931152 0.000244
v 0.130127 0.954590 0.050537
v 0.155518 0.939941 0.045166
v 0.132080 0.962402 0.011475
v 0.156982 0.947754 0.007568
v 0.193604 0.881836 0.096924
v 0.199463 0.894043 0.060791
v 0.202393 0.904297 0.024658
v 0.222900 0.883301 0.008057
v 0.257568 0.525879 0.102295
v 0.255127 0.555176 0.118896
v 0.258545 0.500000 0.079834
v 0.263916 0.535156 0.074463
v 0.255127 0.586426 0.118896
v 0.261963 0.563477 0.094482
v 0.253174 0.616211 0.123779
v 0.261963 0.598145 0.094482
v 0.267334 0.572754 0.068603
v 0.267822 0.609863 0.069092
v 0.263428 0.508789 0.049561
v 0.267822 0.541504 0.045166
v 0.265381 0.512695 0.020264
v 0.269775 0.541504 0.014893
v 0.272217 0.583008 0.033936
v 0.272705 0.622559 0.040771
v 0.273193 0.569824 0.002686
v 0.259521 0.629883 0.099853
v 0.256104 0.658203 0.109619
v 0.250732 0.683594 0.123291
v 0.265869 0.643555 0.074463
v 0.262939 0.672852 0.084228
v 0.258057 0.699707 0.097412
v 0.250732 0.725098 0.112061
v 0.264893 0.714355 0.068115
v 0.258545 0.741211 0.081787
v 0.271729 0.656738 0.047119
v 0.269287 0.687012 0.056396
v 0.277100 0.638184 0.009521
v 0.276611 0.669434 0.016846
v 0.271240 0.727539 0.036377
v 0.274658 0.699219 0.025635
v 0.275635 0.737793 0.002686
v 0.256592 0.781250 0.063232
v 0.265381 0.754883 0.048584
v 0.270752 0.765625 0.013428
v 0.262451 0.792480 0.026611
v 0.250244 0.817383 0.043701
v 0.254150 0.827148 0.006103
v 0.119385 0.046387 -0.000732
v 0.115967 0.066895 -0.002686
v 0.112549 0.088867 -0.003662
v 0.123779 0.091797 -0.017334
v 0.109131 0.110840 -0.003662
v 0.119873 0.113770 -0.016357
v 0.105225 0.131836 -0.002686
v 0.115967 0.134766 -0.014893
v 0.112549 0.155273 -0.011475
v 0.110596 0.175293 -0.006592
v 0.123291 0.158691 -0.024658
v 0.120850 0.178711 -0.019287
v 0.109619 0.193848 -0.000244
v 0.119873 0.197754 -0.012939
v 0.119873 0.214844 -0.005127
v 0.081787 0.235352 -0.249268
v 0.103271 0.212891 -0.249756
v 0.119385 0.210938 -0.238037
v 0.099365 0.233887 -0.239502
v 0.114990 0.231934 -0.228271
v 0.149170 0.016602 -0.007080
v 0.140381 0.032227 -0.011963
v 0.132568 0.049316 -0.015869
v 0.156006 0.036621 -0.027100
v 0.146240 0.053223 -0.031494
v 0.167236 0.021484 -0.021729
v 0.186279 0.026855 -0.038330
v 0.159424 0.058105 -0.048096
v 0.172119 0.041992 -0.043701
v 0.127686 0.069824 -0.017334
v 0.130127 0.116699 -0.031006
v 0.139404 0.073242 -0.032959
v 0.150635 0.077637 -0.049561
v 0.134521 0.095215 -0.032471
v 0.139893 0.120117 -0.046631
v 0.144775 0.098633 -0.048584
v 0.154541 0.103027 -0.065674
v 0.149170 0.124023 -0.063232
v 0.162353 0.082520 -0.067139
v 0.173096 0.063965 -0.066162
v 0.186768 0.070801 -0.085693
v 0.173584 0.088379 -0.086182
v 0.164307 0.107422 -0.084229
v 0.184814 0.094238 -0.106201
v 0.173584 0.112793 -0.103760
v 0.182373 0.117676 -0.124756
v 0.188232 0.048340 -0.062256
v 0.205811 0.034180 -0.056885
v 0.204346 0.055664 -0.082275
v 0.224853 0.041992 -0.077881
v 0.242432 0.050293 -0.101318
v 0.200439 0.077637 -0.106201
v 0.219971 0.063477 -0.104248
v 0.126709 0.138184 -0.028076
v 0.135986 0.141602 -0.043213
v 0.145264 0.145020 -0.059326
v 0.133057 0.162109 -0.038818
v 0.130615 0.182129 -0.033447
v 0.139404 0.185547 -0.048584
v 0.141846 0.165527 -0.054443
v 0.129150 0.201172 -0.026611
v 0.129639 0.247559 -0.001221
v 0.129150 0.234375 -0.010498
v 0.129150 0.218750 -0.018799
v 0.137451 0.238770 -0.025635
v 0.137939 0.205078 -0.041748
v 0.145264 0.208496 -0.057861
v 0.137451 0.222656 -0.033936
v 0.144775 0.242676 -0.041748
v 0.144775 0.226562 -0.050049
v 0.150635 0.247559 -0.058838
v 0.153076 0.148926 -0.076416
v 0.149170 0.169434 -0.071045
v 0.155518 0.173340 -0.089111
v 0.157471 0.127930 -0.080811
v 0.165283 0.132324 -0.099854
v 0.159424 0.152832 -0.094971
v 0.172119 0.137207 -0.120361
v 0.159912 0.177734 -0.107666
v 0.164795 0.157227 -0.114502
v 0.146728 0.189453 -0.065186
v 0.151123 0.212402 -0.074951
v 0.153076 0.193359 -0.082275
v 0.155518 0.216797 -0.092529
v 0.150635 0.230469 -0.067139
v 0.154541 0.235352 -0.084229
v 0.156982 0.197266 -0.100342
v 0.159424 0.202148 -0.118896
v 0.157471 0.240234 -0.101807
v 0.157959 0.221680 -0.110107
v 0.157959 0.246094 -0.118896
v 0.213623 0.084961 -0.128174
v 0.196533 0.100586 -0.127686
v 0.191162 0.123535 -0.146729
v 0.207275 0.106934 -0.150146
v 0.216064 0.113770 -0.173584
v 0.225830 0.092285 -0.151611
v 0.234619 0.071289 -0.127686
v 0.247314 0.079102 -0.151611
v 0.236084 0.099609 -0.175537
v 0.220459 0.120605 -0.197998
v 0.241455 0.106934 -0.201416
v 0.240967 0.113770 -0.229248
v 0.178467 0.142090 -0.141357
v 0.168701 0.162109 -0.134521
v 0.162842 0.182129 -0.126709
v 0.171143 0.166992 -0.154541
v 0.163818 0.187012 -0.145752
v 0.182373 0.147461 -0.162842
v 0.183350 0.153320 -0.184326
v 0.170654 0.172363 -0.174561
v 0.155518 0.217285 -0.171631
v 0.153564 0.237793 -0.162354
v 0.147217 0.242676 -0.178467
v 0.160400 0.207031 -0.136963
v 0.158936 0.211914 -0.154541
v 0.158447 0.227051 -0.128174
v 0.156982 0.232422 -0.145264
v 0.162842 0.191895 -0.164307
v 0.159424 0.197266 -0.182373
v 0.155029 0.171387 -0.245850
v 0.166260 0.178711 -0.193115
v 0.156982 0.186523 -0.209717
v 0.177978 0.160645 -0.206299
v 0.186279 0.149902 -0.238037
v 0.167725 0.166992 -0.227295
v 0.153076 0.202637 -0.197021
v 0.144775 0.206543 -0.210693
v 0.140381 0.225586 -0.202393
v 0.138428 0.247070 -0.193604
v 0.128662 0.229004 -0.216064
v 0.149170 0.221680 -0.187744
v 0.133545 0.208496 -0.224854
v 0.127197 0.191406 -0.249268
v 0.142334 0.189453 -0.234131
v 0.197998 0.129395 -0.169189
v 0.200439 0.135742 -0.192139
v 0.196045 0.143066 -0.215576
v 0.217529 0.127930 -0.223389
v 0.208740 0.134766 -0.248291
v 0.021728 0.304688 -0.249756
v 0.062256 0.258789 -0.249756
v 0.042725 0.304199 -0.245361
v 0.062256 0.281250 -0.243408
v 0.000244 0.326660 -0.247803
v 0.022217 0.326660 -0.246338
v 0.000244 0.349609 -0.246338
v 0.000244 0.373047 -0.247803
v 0.022705 0.349609 -0.244873
v 0.023682 0.373047 -0.246826
v 0.043701 0.326660 -0.242432
v 0.045166 0.349609 -0.241455
v 0.047119 0.373047 -0.243408
v 0.080811 0.257324 -0.240967
v 0.080811 0.279785 -0.235107
v 0.063232 0.303711 -0.239014
v 0.082275 0.302246 -0.230713
v 0.113525 0.275879 -0.213623
v 0.115478 0.297852 -0.208740
v 0.097900 0.255859 -0.231201
v 0.098389 0.278320 -0.224854
v 0.113525 0.253906 -0.219971
v 0.099853 0.300293 -0.220459
v 0.064209 0.326172 -0.236572
v 0.084228 0.324707 -0.228271
v 0.066650 0.349121 -0.235596
v 0.070068 0.372070 -0.238037
v 0.087646 0.347656 -0.227783
v 0.092041 0.370605 -0.229736
v 0.102295 0.322754 -0.218018
v 0.118896 0.320312 -0.205322
v 0.123779 0.342773 -0.203857
v 0.106689 0.345703 -0.217041
v 0.112061 0.368652 -0.218994
v 0.050049 0.396484 -0.249756
v 0.073975 0.395508 -0.243896
v 0.097412 0.393555 -0.235596
v 0.119385 0.392090 -0.223389
v 0.103760 0.416504 -0.243896
v 0.138428 0.265625 -0.007568
v 0.137939 0.252930 -0.016846
v 0.145752 0.271973 -0.024658
v 0.150146 0.285156 -0.013428
v 0.145264 0.257812 -0.033447
v 0.152100 0.279297 -0.041748
v 0.151123 0.263672 -0.050537
v 0.156006 0.293945 -0.031494
v 0.165771 0.307617 -0.017822
v 0.156982 0.286133 -0.058350
v 0.161377 0.302734 -0.048584
v 0.177979 0.318848 -0.003662
v 0.182373 0.331543 -0.022705
v 0.170654 0.318359 -0.035889
v 0.174561 0.329102 -0.053955
v 0.186768 0.344727 -0.040771
v 0.155029 0.252441 -0.075928
v 0.155518 0.269531 -0.067139
v 0.157959 0.258301 -0.093018
v 0.158936 0.275879 -0.084229
v 0.160400 0.293457 -0.074951
v 0.164795 0.311035 -0.065186
v 0.162354 0.301270 -0.092041
v 0.158936 0.264648 -0.110107
v 0.160400 0.283203 -0.101318
v 0.159912 0.290527 -0.118896
v 0.162842 0.309570 -0.109619
v 0.167236 0.320312 -0.082275
v 0.177002 0.339844 -0.072510
v 0.177979 0.351074 -0.092529
v 0.168701 0.329590 -0.100830
v 0.167725 0.339355 -0.121826
v 0.177002 0.361816 -0.114990
v 0.194092 0.343750 -0.015869
v 0.204834 0.351074 -0.002197
v 0.211182 0.369629 -0.019287
v 0.200439 0.361328 -0.033936
v 0.188721 0.357910 -0.061768
v 0.192139 0.374512 -0.081787
v 0.218506 0.390137 -0.033447
v 0.205811 0.378906 -0.049072
v 0.215088 0.400879 -0.056396
v 0.220459 0.377930 -0.007080
v 0.232178 0.402832 -0.014404
v 0.226318 0.395996 -0.021240
v 0.240967 0.415527 -0.003174
v 0.236572 0.408691 -0.009033
v 0.236084 0.416504 -0.027588
v 0.239990 0.421875 -0.024170
v 0.243896 0.428223 -0.020264
v 0.247314 0.436523 -0.015869
v 0.224854 0.411621 -0.045166
v 0.231201 0.413574 -0.034424
v 0.222900 0.418945 -0.060303
v 0.230713 0.423828 -0.052979
v 0.233154 0.424316 -0.060791
v 0.238037 0.424316 -0.037354
v 0.241455 0.428711 -0.035400
v 0.239990 0.426270 -0.046143
v 0.245361 0.434570 -0.032959
v 0.243896 0.429688 -0.044678
v 0.247803 0.436035 -0.043701
v 0.235107 0.423828 -0.047607
v 0.236084 0.422363 -0.056885
v 0.239990 0.422363 -0.055420
v 0.244385 0.423828 -0.054443
v 0.249268 0.426758 -0.053955
v 0.249268 0.442871 -0.030518
v 0.208740 0.402832 -0.076416
v 0.190186 0.386719 -0.108643
v 0.206299 0.414062 -0.102783
v 0.228271 0.427246 -0.062744
v 0.232178 0.427734 -0.069092
v 0.228760 0.434570 -0.077881
v 0.221924 0.427734 -0.078369
v 0.234131 0.434082 -0.083740
v 0.239990 0.420410 -0.065674
v 0.241455 0.420410 -0.076416
v 0.245850 0.419434 -0.064209
v 0.246826 0.417969 -0.075928
v 0.236572 0.422852 -0.069092
v 0.236572 0.426270 -0.076904
v 0.247314 0.419922 -0.087158
v 0.241943 0.422852 -0.083252
v 0.239990 0.431152 -0.090576
v 0.246338 0.427246 -0.096436
v 0.220459 0.437500 -0.099854
v 0.233643 0.447266 -0.098877
v 0.227783 0.449219 -0.103760
v 0.240967 0.444336 -0.103760
v 0.248291 0.439941 -0.109619
v 0.234619 0.460937 -0.115967
v 0.244385 0.464844 -0.121826
v 0.153076 0.258301 -0.153564
v 0.154541 0.278809 -0.145264
v 0.152100 0.306152 -0.155518
v 0.138428 0.269043 -0.185791
v 0.147217 0.264160 -0.170166
v 0.140381 0.290527 -0.179443
v 0.148682 0.285156 -0.162354
v 0.143799 0.312012 -0.173584
v 0.156982 0.252441 -0.136475
v 0.157959 0.271484 -0.127686
v 0.157471 0.298828 -0.136963
v 0.149658 0.333984 -0.169189
v 0.145752 0.362305 -0.186768
v 0.161377 0.318848 -0.129150
v 0.156982 0.327148 -0.149170
v 0.164307 0.348633 -0.143799
v 0.173584 0.371582 -0.139404
v 0.156982 0.356445 -0.165771
v 0.127197 0.272949 -0.200439
v 0.126709 0.250977 -0.207764
v 0.129150 0.294922 -0.194580
v 0.133057 0.316895 -0.190674
v 0.138428 0.339355 -0.187744
v 0.130615 0.366211 -0.204346
v 0.186279 0.396973 -0.135498
v 0.166260 0.379883 -0.164307
v 0.178467 0.405273 -0.163818
v 0.138916 0.389648 -0.207764
v 0.155029 0.386230 -0.187744
v 0.148193 0.413574 -0.213623
v 0.127197 0.415039 -0.230713
v 0.165771 0.410645 -0.191162
v 0.177979 0.436035 -0.195557
v 0.135986 0.437988 -0.239990
v 0.158447 0.437500 -0.220947
v 0.168701 0.461426 -0.230225
v 0.177002 0.484863 -0.241455
v 0.202881 0.425293 -0.131104
v 0.193115 0.432129 -0.164307
v 0.207764 0.460449 -0.168213
v 0.225830 0.458496 -0.125244
v 0.239502 0.479980 -0.133057
v 0.249756 0.488281 -0.137939
v 0.234619 0.490234 -0.150635
v 0.245361 0.495605 -0.142334
v 0.218994 0.488281 -0.179932
v 0.190186 0.461426 -0.202881
v 0.199463 0.486816 -0.213623
v 0.000244 0.116211 -0.370361
v 0.037842 0.116699 -0.368896
v 0.075439 0.117188 -0.365967
v 0.112060 0.118652 -0.360107
v 0.000244 0.175293 -0.305420
v 0.025635 0.175781 -0.304443
v 0.050537 0.176270 -0.301025
v 0.000244 0.215332 -0.281006
v 0.022217 0.215332 -0.279541
v 0.000244 0.237305 -0.271240
v 0.021728 0.237305 -0.269287
v 0.000244 0.194824 -0.292236
v 0.023682 0.194824 -0.290771
v 0.044189 0.215332 -0.275146
v 0.042725 0.237305 -0.264893
v 0.046631 0.194824 -0.287354
v 0.000244 0.141602 -0.337158
v 0.031006 0.142578 -0.335693
v 0.000244 0.157715 -0.320557
v 0.028076 0.158203 -0.319092
v 0.000244 0.127930 -0.354248
v 0.061279 0.144043 -0.332764
v 0.055420 0.159180 -0.316162
v 0.033935 0.128418 -0.352783
v 0.074951 0.176758 -0.295166
v 0.082764 0.160645 -0.310791
v 0.119873 0.176270 -0.275635
v 0.098389 0.176758 -0.286865
v 0.108643 0.161133 -0.302490
v 0.069092 0.194824 -0.281006
v 0.065186 0.214844 -0.268311
v 0.084717 0.213867 -0.260010
v 0.090088 0.194336 -0.272705
v 0.062744 0.236328 -0.258057
v 0.109619 0.193359 -0.261963
v 0.091553 0.145508 -0.327393
v 0.068115 0.129883 -0.349365
v 0.120850 0.146484 -0.319092
v 0.101318 0.131836 -0.343994
v 0.000244 0.105957 -0.385498
v 0.042236 0.105957 -0.384521
v 0.083252 0.105469 -0.381592
v 0.122314 0.105957 -0.375244
v 0.147705 0.119141 -0.349854
v 0.181885 0.118652 -0.334717
v 0.160889 0.105957 -0.364014
v 0.233154 0.120605 -0.256592
v 0.239990 0.111328 -0.290772
v 0.213623 0.115723 -0.314697
v 0.198486 0.104492 -0.345459
v 0.231689 0.101562 -0.322022
v 0.138916 0.174316 -0.261963
v 0.154541 0.158691 -0.276123
v 0.148193 0.146484 -0.306885
v 0.133057 0.160645 -0.290771
v 0.172119 0.155273 -0.258545
v 0.173096 0.144531 -0.290771
v 0.134033 0.132812 -0.335205
v 0.164795 0.132324 -0.322021
v 0.193115 0.140625 -0.270752
v 0.193115 0.130371 -0.303955
v 0.216553 0.125977 -0.281982
v 0.000244 0.259766 -0.262939
v 0.021240 0.259766 -0.261475
v 0.000244 0.282227 -0.256104
v 0.000244 0.304688 -0.251221
v 0.021240 0.282227 -0.254639
v 0.042236 0.259277 -0.256592
v 0.042236 0.281738 -0.250244
v 0.000244 0.396973 -0.253662
v 0.025146 0.396973 -0.252686
v 0.000244 0.420410 -0.263428
v 0.026611 0.419922 -0.262451
v 0.052978 0.419434 -0.259521
v 0.000244 0.442383 -0.277100
v 0.028564 0.442383 -0.276123
v 0.000244 0.463867 -0.293213
v 0.030029 0.463867 -0.291748
v 0.000244 0.485840 -0.309814
v 0.056396 0.441406 -0.272217
v 0.059814 0.462891 -0.287354
v 0.031494 0.485352 -0.308350
v 0.078857 0.417969 -0.253174
v 0.084228 0.440430 -0.265381
v 0.089111 0.461914 -0.279541
v 0.062744 0.484863 -0.302979
v 0.093506 0.483887 -0.294189
v 0.111084 0.438965 -0.254639
v 0.117432 0.461426 -0.267334
v 0.123291 0.483398 -0.281006
v 0.144287 0.460938 -0.251221
v 0.151123 0.483887 -0.263916
v 0.257568 0.058594 -0.125732
v 0.269775 0.066406 -0.151123
v 0.257080 0.086426 -0.177002
v 0.278076 0.073242 -0.177490
v 0.262939 0.093262 -0.204346
v 0.280029 0.086914 -0.236572
v 0.264404 0.099609 -0.234131
v 0.281494 0.080078 -0.205811
v 0.253662 0.433594 -0.053955
v 0.251221 0.447754 -0.011963
v 0.254639 0.460937 -0.008545
v 0.252686 0.453125 -0.028076
v 0.256104 0.465820 -0.026123
v 0.258545 0.476074 -0.005615
v 0.262451 0.493164 -0.004639
v 0.260010 0.479980 -0.025147
v 0.263428 0.495117 -0.025147
v 0.251709 0.444824 -0.042725
v 0.255615 0.456055 -0.041748
v 0.259521 0.468262 -0.041748
v 0.258057 0.444824 -0.053955
v 0.261475 0.457520 -0.054932
v 0.262939 0.481934 -0.041748
v 0.266357 0.495605 -0.042725
v 0.265869 0.470215 -0.057373
v 0.268799 0.483887 -0.058350
v 0.272217 0.496582 -0.059814
v 0.251221 0.419922 -0.064209
v 0.252686 0.417480 -0.075928
v 0.259521 0.417969 -0.075928
v 0.265381 0.420410 -0.075928
v 0.256592 0.422852 -0.064209
v 0.261475 0.430176 -0.064697
v 0.253662 0.417969 -0.088623
v 0.260498 0.417480 -0.089111
v 0.270264 0.427246 -0.076416
v 0.267334 0.417969 -0.089600
v 0.273682 0.420898 -0.089600
v 0.278076 0.426758 -0.089600
v 0.281006 0.436523 -0.090088
v 0.260986 0.421387 -0.103272
v 0.253174 0.423340 -0.100830
v 0.255615 0.435059 -0.114502
v 0.263428 0.431152 -0.118408
v 0.267822 0.420410 -0.103760
v 0.274170 0.420898 -0.103760
v 0.280518 0.423828 -0.104248
v 0.271240 0.428711 -0.120361
v 0.279053 0.427734 -0.119385
v 0.285400 0.429199 -0.103272
v 0.287354 0.437012 -0.102783
v 0.287842 0.431152 -0.119873
v 0.292725 0.436035 -0.117920
v 0.265869 0.442871 -0.065674
v 0.273193 0.438965 -0.077881
v 0.269287 0.459961 -0.068604
v 0.267334 0.466309 -0.063232
v 0.270752 0.466309 -0.075439
v 0.275146 0.451172 -0.079834
v 0.274658 0.461914 -0.082764
v 0.280518 0.456543 -0.092041
v 0.278076 0.463379 -0.092529
v 0.257080 0.494629 -0.092041
v 0.260986 0.486328 -0.090576
v 0.265381 0.484863 -0.087158
v 0.263916 0.492676 -0.089111
v 0.271240 0.474609 -0.068604
v 0.270264 0.469727 -0.072998
v 0.272217 0.477539 -0.075928
v 0.274170 0.485840 -0.071533
v 0.277100 0.498047 -0.073486
v 0.268799 0.476074 -0.083252
v 0.269775 0.472168 -0.078857
v 0.271729 0.469727 -0.085205
v 0.270264 0.480469 -0.081787
v 0.269775 0.474121 -0.087158
v 0.265869 0.479004 -0.089111
v 0.266357 0.480469 -0.086670
v 0.274658 0.468750 -0.093018
v 0.271240 0.488770 -0.084717
v 0.275146 0.487793 -0.079834
v 0.277588 0.499512 -0.082275
v 0.253174 0.495605 -0.096436
v 0.251221 0.497070 -0.101807
v 0.250732 0.499512 -0.107666
v 0.259033 0.486816 -0.095459
v 0.259033 0.488281 -0.102295
v 0.259033 0.492187 -0.110107
v 0.259033 0.499512 -0.116943
v 0.271240 0.473633 -0.093994
v 0.266357 0.479492 -0.094971
v 0.272705 0.474121 -0.102295
v 0.267334 0.480469 -0.102783
v 0.277100 0.468750 -0.101807
v 0.269775 0.483887 -0.113037
v 0.280029 0.471680 -0.111572
v 0.275146 0.476562 -0.111572
v 0.278076 0.481934 -0.120850
v 0.269287 0.494629 -0.121338
v 0.281494 0.447266 -0.091064
v 0.287354 0.446777 -0.102295
v 0.285400 0.455566 -0.102295
v 0.281494 0.462891 -0.101807
v 0.295166 0.442383 -0.115967
v 0.294189 0.450195 -0.114014
v 0.285889 0.465820 -0.112061
v 0.290771 0.458496 -0.112549
v 0.297119 0.466309 -0.123779
v 0.282959 0.478027 -0.121826
v 0.290283 0.472656 -0.122803
v 0.252197 0.459473 -0.125244
v 0.260498 0.453613 -0.130615
v 0.268799 0.448242 -0.135010
v 0.276611 0.444336 -0.137939
v 0.256592 0.482422 -0.139404
v 0.265381 0.476562 -0.143799
v 0.280518 0.490723 -0.127686
v 0.274170 0.470703 -0.149658
v 0.276123 0.496094 -0.157959
v 0.284912 0.441895 -0.138916
v 0.292725 0.441895 -0.138428
v 0.282959 0.465820 -0.154053
v 0.303467 0.447754 -0.132568
v 0.299072 0.443848 -0.135986
v 0.302002 0.459473 -0.126221
v 0.304443 0.453125 -0.129150
v 0.305908 0.459961 -0.155518
v 0.311768 0.461426 -0.152100
v 0.296631 0.483887 -0.133545
v 0.286865 0.487793 -0.131592
v 0.304443 0.479004 -0.135010
v 0.310791 0.473633 -0.138428
v 0.291260 0.462402 -0.156494
v 0.299072 0.460449 -0.156982
v 0.285889 0.491211 -0.164795
v 0.294678 0.487305 -0.169678
v 0.311279 0.482910 -0.172607
v 0.303467 0.484863 -0.172607
v 0.314697 0.464844 -0.147705
v 0.314697 0.468750 -0.142822
v 0.312744 0.497559 -0.145264
v 0.320068 0.493652 -0.149170
v 0.324463 0.489746 -0.154541
v 0.318115 0.482910 -0.170166
v 0.324951 0.486816 -0.160889
v 0.322998 0.484375 -0.166260
v 0.272217 0.092773 -0.267334
v 0.257080 0.105957 -0.263916
v 0.256103 0.097656 -0.295654
v 0.248291 0.504883 -0.101807
v 0.247314 0.507324 -0.107666
v 0.247803 0.513184 -0.103272
v 0.247314 0.514648 -0.109131
v 0.249756 0.520996 -0.094482
v 0.248291 0.521973 -0.100830
v 0.249268 0.530762 -0.099365
v 0.248291 0.522461 -0.107666
v 0.249268 0.530762 -0.106201
v 0.243408 0.518555 -0.164795
v 0.249268 0.541504 -0.174072
v 0.207275 0.511230 -0.225342
v 0.213623 0.536133 -0.235596
v 0.227295 0.514648 -0.192627
v 0.234131 0.539062 -0.202393
v 0.239502 0.565430 -0.209717
v 0.243896 0.594727 -0.216064
v 0.218994 0.563477 -0.243896
v 0.246826 0.625488 -0.221924
v 0.248779 0.658203 -0.225830
v 0.249268 0.691406 -0.227295
v 0.248779 0.725098 -0.225342
v 0.000244 0.999512 -0.028076
v 0.028076 0.998047 -0.028076
v 0.055420 0.993652 -0.027588
v 0.000244 0.999023 -0.071533
v 0.028564 0.997559 -0.071045
v 0.000244 0.993652 -0.115479
v 0.029053 0.992188 -0.115479
v 0.056397 0.993164 -0.070557
v 0.057373 0.987793 -0.114502
v 0.081787 0.987305 -0.027100
v 0.108154 0.978027 -0.027100
v 0.083252 0.986816 -0.069580
v 0.084717 0.981445 -0.112549
v 0.109131 0.978027 -0.068604
v 0.110596 0.973145 -0.110596
v 0.000244 0.982422 -0.159912
v 0.030029 0.980957 -0.159424
v 0.059326 0.977051 -0.157959
v 0.000244 0.965332 -0.203857
v 0.031006 0.963867 -0.203369
v 0.000244 0.942871 -0.245361
v 0.061279 0.959961 -0.200928
v 0.031982 0.941895 -0.243896
v 0.087158 0.970703 -0.155029
v 0.113037 0.963379 -0.151123
v 0.093994 0.933105 -0.234131
v 0.123779 0.927734 -0.223389
v 0.090576 0.954102 -0.196533
v 0.063232 0.938477 -0.240479
v 0.116455 0.948730 -0.188232
v 0.240967 0.860352 -0.010986
v 0.240479 0.869141 -0.047119
v 0.248779 0.854004 -0.102295
v 0.180908 0.936523 -0.036865
v 0.133545 0.966309 -0.028076
v 0.157959 0.952637 -0.031006
v 0.134033 0.966797 -0.068115
v 0.135010 0.962891 -0.108154
v 0.157959 0.953613 -0.069580
v 0.179443 0.938477 -0.072510
v 0.157471 0.950684 -0.106689
v 0.177002 0.937988 -0.106201
v 0.203369 0.912598 -0.011475
v 0.201904 0.918457 -0.047119
v 0.223389 0.891602 -0.027588
v 0.220459 0.898926 -0.062256
v 0.198486 0.922363 -0.080811
v 0.214111 0.904785 -0.095947
v 0.193115 0.924805 -0.110107
v 0.236084 0.877441 -0.081299
v 0.227295 0.885254 -0.115479
v 0.248291 0.836914 -0.154541
v 0.238525 0.862793 -0.135986
v 0.222900 0.872070 -0.169678
v 0.244385 0.787598 -0.212646
v 0.247314 0.756836 -0.220459
v 0.223389 0.795898 -0.245850
v 0.218506 0.826172 -0.234131
v 0.187744 0.862793 -0.244873
v 0.211670 0.854980 -0.218994
v 0.239502 0.817871 -0.201904
v 0.232178 0.846191 -0.188232
v 0.175049 0.933594 -0.137451
v 0.156494 0.934570 -0.175537
v 0.173096 0.925781 -0.167236
v 0.135986 0.955078 -0.145752
v 0.136475 0.943359 -0.180908
v 0.156494 0.944824 -0.141846
v 0.148682 0.920410 -0.212158
v 0.155029 0.896484 -0.241943
v 0.171631 0.912109 -0.199463
v 0.179932 0.889160 -0.223389
v 0.213135 0.894043 -0.148682
v 0.200928 0.912109 -0.135010
v 0.189209 0.923340 -0.134521
v 0.188232 0.917969 -0.156006
v 0.192627 0.904785 -0.177002
v 0.202393 0.881348 -0.199951
v 0.000244 0.508301 -0.326904
v 0.000244 0.532227 -0.342529
v 0.000244 0.559082 -0.357178
v 0.032471 0.507812 -0.324951
v 0.033447 0.532227 -0.340088
v 0.034424 0.559082 -0.354736
v 0.000244 0.589844 -0.369873
v 0.034912 0.589355 -0.367920
v 0.097412 0.506836 -0.309326
v 0.065186 0.507324 -0.319092
v 0.067139 0.531250 -0.333740
v 0.069092 0.558594 -0.347900
v 0.100342 0.531250 -0.323486
v 0.103271 0.558105 -0.336670
v 0.070068 0.588867 -0.360596
v 0.071045 0.623535 -0.371338
v 0.105225 0.589355 -0.348877
v 0.106689 0.624023 -0.358643
v 0.107666 0.661621 -0.364990
v 0.071045 0.741699 -0.372803
v 0.107178 0.701172 -0.365479
v 0.106689 0.741211 -0.360596
v 0.000244 0.624023 -0.381104
v 0.035400 0.624023 -0.378662
v 0.000244 0.661621 -0.387451
v 0.035400 0.661621 -0.385010
v 0.000244 0.701660 -0.387939
v 0.000244 0.742188 -0.382568
v 0.035889 0.701660 -0.385498
v 0.035400 0.742188 -0.380127
v 0.071533 0.661621 -0.377686
v 0.071533 0.701660 -0.378174
v 0.128174 0.506836 -0.295166
v 0.132568 0.531250 -0.308350
v 0.156982 0.507324 -0.276611
v 0.183838 0.508789 -0.253662
v 0.162354 0.532227 -0.288818
v 0.166748 0.560059 -0.300049
v 0.170654 0.591309 -0.310303
v 0.135986 0.559082 -0.321045
v 0.139404 0.589844 -0.332275
v 0.141357 0.624512 -0.341064
v 0.189697 0.534180 -0.264404
v 0.194580 0.562012 -0.274658
v 0.198975 0.592285 -0.283447
v 0.223877 0.593750 -0.251709
v 0.142334 0.661621 -0.346924
v 0.173584 0.625000 -0.318604
v 0.174561 0.661621 -0.323486
v 0.140869 0.740234 -0.343506
v 0.142334 0.700684 -0.347412
v 0.174561 0.699707 -0.324463
v 0.173096 0.738281 -0.321045
v 0.201904 0.625488 -0.290772
v 0.203369 0.661133 -0.295654
v 0.226807 0.625977 -0.258545
v 0.228271 0.659668 -0.262939
v 0.203369 0.698242 -0.296631
v 0.202393 0.735352 -0.293701
v 0.228760 0.695312 -0.263916
v 0.227783 0.730957 -0.261475
v 0.000244 0.782227 -0.372314
v 0.035400 0.781738 -0.369873
v 0.000244 0.854492 -0.337158
v 0.000244 0.819824 -0.356689
v 0.034424 0.854004 -0.334717
v 0.034912 0.819336 -0.354736
v 0.070557 0.780762 -0.362549
v 0.105713 0.779785 -0.350830
v 0.068604 0.852539 -0.328857
v 0.069580 0.817871 -0.347900
v 0.104248 0.816406 -0.336670
v 0.102295 0.850098 -0.318115
v 0.000244 0.887207 -0.312256
v 0.000244 0.916504 -0.281494
v 0.032959 0.915527 -0.280029
v 0.033936 0.886230 -0.310303
v 0.065674 0.913086 -0.275146
v 0.067139 0.884277 -0.304443
v 0.097412 0.908691 -0.267334
v 0.100342 0.880859 -0.295166
v 0.168701 0.809082 -0.301025
v 0.135010 0.846191 -0.303955
v 0.160889 0.869629 -0.265869
v 0.165771 0.840820 -0.285400
v 0.139404 0.777832 -0.334717
v 0.171143 0.774902 -0.313232
v 0.137451 0.813477 -0.321533
v 0.197998 0.803223 -0.275635
v 0.200928 0.770508 -0.286377
v 0.226318 0.764160 -0.255127
v 0.193604 0.833984 -0.261963
v 0.127686 0.902832 -0.256104
v 0.131592 0.875977 -0.282471
v 0.266357 0.513672 -0.006104
v 0.266846 0.512695 -0.027100
v 0.269775 0.538086 -0.011475
v 0.269775 0.533691 -0.031006
v 0.268799 0.510742 -0.044189
v 0.270752 0.529297 -0.045166
v 0.273682 0.510254 -0.059814
v 0.273193 0.524902 -0.056885
v 0.272217 0.556152 -0.037354
v 0.274170 0.536621 -0.060791
v 0.273682 0.553223 -0.051025
v 0.272705 0.562500 -0.021240
v 0.275635 0.592285 -0.018311
v 0.276611 0.609863 -0.000732
v 0.274658 0.582031 -0.034912
v 0.275146 0.576172 -0.051514
v 0.277588 0.609863 -0.041748
v 0.276123 0.598145 -0.051025
v 0.276611 0.593750 -0.061279
v 0.255615 0.503418 -0.093018
v 0.255615 0.512207 -0.092529
v 0.264404 0.501953 -0.090088
v 0.264404 0.511719 -0.088623
v 0.254639 0.520508 -0.088623
v 0.250732 0.529785 -0.092529
v 0.254639 0.528809 -0.086182
v 0.261963 0.520020 -0.083252
v 0.260986 0.529297 -0.079834
v 0.277588 0.510254 -0.072022
v 0.269775 0.520020 -0.077881
v 0.268799 0.530762 -0.074463
v 0.275146 0.521484 -0.066162
v 0.274170 0.520020 -0.072510
v 0.273193 0.510742 -0.085205
v 0.273193 0.500488 -0.087158
v 0.277588 0.510254 -0.079834
v 0.253662 0.538086 -0.093018
v 0.257080 0.538086 -0.087158
v 0.263916 0.540039 -0.083740
v 0.260498 0.544434 -0.090088
v 0.273193 0.531250 -0.069580
v 0.280029 0.546387 -0.079834
v 0.266357 0.548340 -0.090088
v 0.276123 0.547852 -0.085693
v 0.276123 0.554688 -0.093018
v 0.250244 0.504395 -0.097412
v 0.250244 0.513184 -0.096924
v 0.250732 0.504883 -0.112549
v 0.250732 0.513184 -0.114990
v 0.260010 0.510254 -0.120850
v 0.252197 0.522949 -0.114502
v 0.261475 0.522461 -0.121338
v 0.252686 0.539062 -0.098389
v 0.251221 0.537109 -0.103760
v 0.256592 0.543457 -0.104736
v 0.255127 0.539062 -0.109131
v 0.259033 0.545898 -0.094482
v 0.258057 0.545898 -0.099854
v 0.265381 0.551758 -0.102295
v 0.264404 0.548340 -0.108643
v 0.253662 0.532227 -0.112549
v 0.263428 0.542480 -0.114014
v 0.262939 0.533691 -0.118897
v 0.266357 0.552246 -0.096436
v 0.276123 0.558594 -0.099854
v 0.275635 0.558105 -0.106689
v 0.274170 0.546387 -0.119385
v 0.274658 0.554199 -0.113037
v 0.281982 0.551758 -0.075928
v 0.282471 0.561523 -0.072022
v 0.285400 0.560547 -0.119385
v 0.277588 0.604980 -0.072998
v 0.278564 0.623047 -0.066650
v 0.277100 0.611328 -0.070557
v 0.278076 0.611328 -0.083740
v 0.278564 0.614746 -0.093994
v 0.278076 0.620117 -0.095947
v 0.278564 0.615723 -0.104736
v 0.281006 0.615723 -0.107666
v 0.280518 0.612793 -0.118408
v 0.277588 0.611816 -0.121338
v 0.276611 0.618164 -0.120850
v 0.282959 0.575684 -0.069580
v 0.282959 0.589844 -0.070557
v 0.293701 0.566895 -0.092529
v 0.295166 0.576660 -0.088623
v 0.282959 0.601562 -0.075439
v 0.294189 0.600098 -0.087158
v 0.292725 0.608887 -0.090088
v 0.282959 0.609375 -0.082275
v 0.282471 0.613770 -0.090576
v 0.288330 0.562500 -0.099365
v 0.287354 0.565918 -0.106201
v 0.291748 0.562500 -0.096436
v 0.286377 0.565430 -0.113037
v 0.296631 0.571777 -0.119873
v 0.306885 0.580078 -0.108154
v 0.308350 0.588867 -0.105713
v 0.298584 0.573730 -0.113037
v 0.304443 0.576172 -0.111572
v 0.307861 0.580078 -0.124268
v 0.281982 0.615723 -0.098877
v 0.287354 0.618164 -0.106689
v 0.290771 0.614258 -0.094482
v 0.289307 0.617188 -0.100342
v 0.285400 0.617188 -0.113037
v 0.284912 0.614258 -0.123291
v 0.296631 0.620117 -0.113525
v 0.289795 0.619141 -0.118408
v 0.294678 0.620605 -0.121338
v 0.307861 0.599609 -0.104736
v 0.306396 0.608398 -0.105225
v 0.303955 0.614746 -0.107178
v 0.300537 0.618652 -0.110107
v 0.314209 0.583008 -0.123779
v 0.317627 0.586914 -0.122314
v 0.319580 0.595215 -0.121826
v 0.319580 0.604492 -0.122314
v 0.317627 0.612305 -0.123779
v 0.280029 0.652832 -0.022705
v 0.280029 0.681641 -0.014893
v 0.279053 0.627930 -0.031494
v 0.280029 0.641113 -0.060791
v 0.281494 0.664551 -0.053955
v 0.278564 0.709961 -0.006592
v 0.281006 0.718262 -0.039795
v 0.278564 0.746582 -0.032471
v 0.281982 0.690918 -0.047119
v 0.279053 0.631836 -0.093018
v 0.280518 0.649414 -0.089111
v 0.277588 0.633301 -0.119873
v 0.278564 0.653809 -0.118897
v 0.279541 0.678711 -0.116455
v 0.281494 0.672852 -0.084717
v 0.279541 0.706055 -0.113525
v 0.279053 0.733398 -0.109619
v 0.281982 0.699219 -0.079834
v 0.281494 0.726074 -0.074463
v 0.257080 0.505371 -0.147217
v 0.251221 0.512207 -0.150146
v 0.263428 0.522949 -0.153564
v 0.270264 0.506836 -0.126709
v 0.272217 0.520996 -0.127686
v 0.265869 0.500488 -0.151123
v 0.275146 0.534668 -0.126221
v 0.272705 0.520508 -0.159424
v 0.258545 0.539062 -0.157959
v 0.268799 0.542480 -0.157471
v 0.278076 0.541992 -0.163330
v 0.283936 0.502930 -0.133057
v 0.291748 0.501953 -0.138916
v 0.286865 0.517090 -0.135986
v 0.289307 0.530273 -0.135986
v 0.296143 0.517090 -0.143799
v 0.303955 0.500000 -0.142822
v 0.310791 0.518555 -0.149658
v 0.291260 0.542480 -0.134521
v 0.282959 0.546875 -0.125732
v 0.293701 0.553711 -0.132080
v 0.299072 0.531738 -0.145264
v 0.301514 0.545410 -0.144775
v 0.302979 0.558105 -0.142334
v 0.283936 0.517578 -0.167236
v 0.294678 0.514648 -0.175049
v 0.303955 0.512207 -0.180908
v 0.289307 0.541504 -0.172119
v 0.300049 0.540039 -0.180908
v 0.309814 0.538086 -0.187256
v 0.270752 0.590332 -0.151123
v 0.276123 0.583496 -0.150635
v 0.279541 0.606445 -0.130127
v 0.273193 0.602539 -0.142334
v 0.276611 0.598145 -0.140869
v 0.271240 0.609375 -0.148193
v 0.265381 0.568359 -0.159424
v 0.254150 0.566895 -0.179443
v 0.273193 0.563965 -0.156494
v 0.281006 0.564453 -0.161865
v 0.260498 0.596191 -0.177979
v 0.282959 0.584473 -0.156006
v 0.297119 0.565430 -0.129150
v 0.306396 0.576172 -0.132568
v 0.304932 0.568848 -0.138916
v 0.284424 0.608398 -0.135010
v 0.290771 0.617188 -0.130127
v 0.283936 0.599121 -0.146729
v 0.291748 0.601562 -0.155029
v 0.291260 0.611328 -0.142822
v 0.302979 0.621582 -0.129639
v 0.297607 0.619141 -0.137451
v 0.309326 0.620605 -0.128174
v 0.304443 0.620117 -0.143311
v 0.299561 0.613770 -0.151123
v 0.310791 0.620117 -0.145752
v 0.291260 0.565430 -0.171143
v 0.291748 0.586426 -0.164795
v 0.302002 0.564941 -0.180420
v 0.302002 0.586914 -0.174561
v 0.312256 0.586426 -0.181885
v 0.301025 0.603516 -0.164307
v 0.310791 0.603516 -0.171631
v 0.307861 0.614746 -0.157959
v 0.320557 0.517578 -0.153076
v 0.313232 0.535156 -0.152588
v 0.315186 0.549316 -0.152588
v 0.316162 0.561523 -0.150635
v 0.327881 0.515625 -0.157471
v 0.312744 0.509766 -0.184326
v 0.321045 0.508789 -0.184326
v 0.327881 0.508301 -0.181397
v 0.332764 0.513184 -0.163818
v 0.333740 0.511230 -0.170654
v 0.332275 0.509277 -0.177002
v 0.325439 0.536133 -0.156982
v 0.327881 0.551270 -0.157471
v 0.333740 0.535645 -0.161865
v 0.338623 0.535156 -0.168701
v 0.336182 0.552246 -0.162354
v 0.341553 0.553223 -0.169678
v 0.340576 0.534180 -0.176514
v 0.339111 0.533691 -0.182861
v 0.343018 0.554199 -0.177490
v 0.342041 0.556152 -0.183838
v 0.315674 0.581543 -0.134522
v 0.316162 0.578125 -0.140381
v 0.320557 0.583496 -0.134033
v 0.324951 0.587402 -0.134522
v 0.316162 0.571289 -0.146240
v 0.327881 0.562988 -0.155029
v 0.326416 0.571777 -0.150147
v 0.324463 0.579102 -0.142822
v 0.333740 0.574707 -0.154053
v 0.330322 0.582520 -0.145264
v 0.333740 0.588867 -0.149170
v 0.327393 0.594727 -0.136475
v 0.327881 0.603516 -0.138916
v 0.314209 0.617676 -0.126221
v 0.317139 0.618652 -0.145752
v 0.322998 0.615723 -0.144287
v 0.326416 0.610352 -0.141846
v 0.334717 0.596191 -0.153564
v 0.322510 0.584473 -0.185791
v 0.336182 0.564941 -0.159912
v 0.341064 0.567871 -0.166260
v 0.338135 0.579590 -0.159424
v 0.339600 0.584961 -0.165283
v 0.338135 0.590332 -0.170166
v 0.342529 0.571289 -0.173584
v 0.341553 0.574707 -0.179443
v 0.331299 0.581543 -0.186279
v 0.337646 0.578613 -0.183838
v 0.316162 0.613770 -0.161377
v 0.323975 0.611816 -0.161865
v 0.320557 0.602051 -0.175537
v 0.329346 0.607910 -0.160400
v 0.333252 0.602539 -0.157471
v 0.328369 0.599121 -0.176025
v 0.334717 0.595215 -0.174072
v 0.319580 0.536133 -0.190674
v 0.327881 0.534668 -0.190674
v 0.322510 0.562012 -0.191162
v 0.334717 0.534180 -0.188232
v 0.331299 0.559570 -0.191650
v 0.338135 0.557617 -0.188721
v 0.312744 0.563965 -0.187744
v 0.272217 0.630371 -0.149658
v 0.273682 0.655273 -0.151123
v 0.274170 0.683105 -0.151123
v 0.262451 0.626465 -0.184326
v 0.274170 0.712402 -0.149658
v 0.273193 0.741211 -0.146240
v 0.263916 0.718750 -0.187256
v 0.262939 0.749023 -0.183350
v 0.263916 0.656250 -0.187744
v 0.264404 0.687500 -0.188721
v 0.273682 0.774414 -0.023193
v 0.265869 0.801758 -0.010986
v 0.274658 0.782715 -0.060303
v 0.266846 0.810547 -0.048584
v 0.255615 0.836426 -0.031494
v 0.279053 0.753906 -0.068115
v 0.276611 0.761719 -0.104736
v 0.272217 0.790527 -0.097412
v 0.264404 0.818848 -0.085693
v 0.254150 0.845215 -0.067627
v 0.258545 0.828125 -0.120361
v 0.270752 0.770020 -0.140869
v 0.265869 0.799316 -0.133057
v 0.260010 0.778809 -0.177002
v 0.255127 0.808594 -0.167725
vt 0.505628 0.242170
vt 0.532730 0.257043
vt 0.512399 0.267234
vt 0.536027 0.243932
vt 0.380151 0.115145
vt 0.368577 0.124103
vt 0.369574 0.110100
vt 0.381467 0.123797
vt 0.358740 0.103442
vt 0.349704 0.112961
vt 0.346527 0.095772
vt 0.377711 0.149664
vt 0.383460 0.162960
vt 0.363722 0.154187
vt 0.391375 0.177422
vt 0.376739 0.182078
vt 0.296644 0.292260
vt 0.293901 0.291428
vt 0.296042 0.288658
vt 0.292855 0.286526
vt 0.003649 0.533778
vt 0.002268 0.537256
vt 0.001154 0.533794
vt 0.297514 0.284394
vt 0.298505 0.289019
vt 0.294935 0.284954
vt 0.294051 0.295205
vt 0.290302 0.293259
vt 0.291329 0.289387
vt 0.001154 0.540784
vt 0.002915 0.541184
vt 0.004982 0.539663
vt 0.005105 0.536099
vt 0.006719 0.531891
vt 0.002389 0.529451
vt 0.004774 0.529847
vt 0.288926 0.286592
vt 0.290397 0.283455
vt 0.291861 0.281793
vt 0.294050 0.280773
vt 0.297581 0.280487
vt 0.001435 0.544672
vt 0.290904 0.296298
vt 0.292238 0.298505
vt 0.287091 0.295442
vt 0.287386 0.292401
vt 0.006156 0.544093
vt 0.557854 0.362941
vt 0.560143 0.364196
vt 0.556682 0.366190
vt 0.003820 0.545068
vt 0.287358 0.298297
vt 0.008590 0.538869
vt 0.007709 0.542164
vt 0.008198 0.534897
vt 0.555194 0.362461
vt 0.556973 0.358782
vt 0.559395 0.359441
vt 0.554603 0.358332
vt 0.011689 0.537466
vt 0.011677 0.540618
vt 0.461633 0.181062
vt 0.454944 0.179975
vt 0.459783 0.176585
vt 0.388135 0.110663
vt 0.393810 0.106487
vt 0.399481 0.112657
vt 0.390776 0.117880
vt 0.395499 0.125139
vt 0.387474 0.133404
vt 0.400447 0.135179
vt 0.397737 0.118223
vt 0.403257 0.122220
vt 0.394882 0.158088
vt 0.390419 0.146182
vt 0.401956 0.144395
vt 0.415382 0.151733
vt 0.412738 0.143301
vt 0.001130 0.015961
vt 0.001735 0.017355
vt 0.000388 0.017355
vt 0.527869 0.437211
vt 0.529358 0.435258
vt 0.529584 0.436075
vt 0.001735 0.093717
vt 0.001507 0.091930
vt 0.001735 0.091300
vt 0.010413 0.003471
vt 0.008992 0.003471
vt 0.010192 0.001796
vt 0.452268 0.155476
vt 0.443088 0.162855
vt 0.441086 0.160059
vt 0.453256 0.159001
vt 0.532156 0.435039
vt 0.534616 0.433860
vt 0.137104 0.019090
vt 0.136761 0.016941
vt 0.137104 0.016293
vt 0.530268 0.435838
vt 0.541362 0.433444
vt 0.537647 0.430703
vt 0.541362 0.429976
vt 0.610294 0.339753
vt 0.618559 0.339315
vt 0.610419 0.347099
vt 0.410580 0.163859
vt 0.400485 0.169468
vt 0.408436 0.179889
vt 0.406105 0.190311
vt 0.395968 0.192228
vt 0.410887 0.172809
vt 0.419089 0.159989
vt 0.413440 0.189092
vt 0.419218 0.189400
vt 0.420173 0.195086
vt 0.417553 0.208194
vt 0.425569 0.212190
vt 0.410348 0.219788
vt 0.425960 0.201211
vt 0.429938 0.225430
vt 0.433461 0.214758
vt 0.674484 0.689493
vt 0.676333 0.694747
vt 0.670128 0.693129
vt 0.218574 0.616374
vt 0.225250 0.609547
vt 0.223972 0.617736
vt 0.213760 0.607721
vt 0.213158 0.615157
vt 0.666347 0.689923
vt 0.663828 0.695213
vt 0.454493 0.220291
vt 0.460609 0.217775
vt 0.459388 0.223538
vt 0.406938 0.873666
vt 0.416262 0.889345
vt 0.402714 0.882234
vt 0.324112 0.374110
vt 0.328009 0.387578
vt 0.315326 0.378688
vt 0.319198 0.366037
vt 0.370836 0.846942
vt 0.372707 0.833790
vt 0.381082 0.841088
vt 0.498089 0.256512
vt 0.310463 0.232323
vt 0.321088 0.240360
vt 0.305237 0.244778
vt 0.313986 0.262541
vt 0.328630 0.255426
vt 0.330770 0.246614
vt 0.301598 0.257667
vt 0.527001 0.229661
vt 0.511050 0.226259
vt 0.544670 0.222205
vt 0.009121 0.528436
vt 0.010601 0.531442
vt 0.684392 0.317338
vt 0.685866 0.300254
vt 0.695395 0.316745
vt 0.688255 0.348931
vt 0.683452 0.332592
vt 0.696180 0.333269
vt 0.696027 0.349823
vt 0.679328 0.348241
vt 0.634140 0.749361
vt 0.631864 0.744710
vt 0.634732 0.744392
vt 0.335460 0.683012
vt 0.339310 0.683039
vt 0.338823 0.687191
vt 0.332646 0.687163
vt 0.331638 0.683035
vt 0.637834 0.749192
vt 0.637608 0.744354
vt 0.640624 0.744435
vt 0.642370 0.749734
vt 0.341815 0.249563
vt 0.338472 0.240188
vt 0.351735 0.258157
vt 0.340617 0.257987
vt 0.231530 0.616330
vt 0.233582 0.612508
vt 0.234491 0.617055
vt 0.336076 0.627369
vt 0.339822 0.630309
vt 0.335972 0.630282
vt 0.343967 0.630378
vt 0.342430 0.627467
vt 0.332002 0.630284
vt 0.328328 0.630328
vt 0.330074 0.627412
vt 0.413019 0.639572
vt 0.416188 0.638583
vt 0.414702 0.643393
vt 0.413379 0.636251
vt 0.234717 0.608401
vt 0.231538 0.611292
vt 0.230011 0.609716
vt 0.232621 0.606635
vt 0.237628 0.613064
vt 0.237683 0.617325
vt 0.235387 0.604426
vt 0.237378 0.605093
vt 0.237509 0.608803
vt 0.240539 0.616950
vt 0.242086 0.612160
vt 0.237355 0.601522
vt 0.234091 0.602396
vt 0.240013 0.603845
vt 0.240080 0.608333
vt 0.410664 0.636251
vt 0.411249 0.641913
vt 0.413195 0.645862
vt 0.413725 0.650823
vt 0.415112 0.649460
vt 0.409419 0.638848
vt 0.408755 0.643318
vt 0.410439 0.647139
vt 0.407335 0.636017
vt 0.405515 0.639273
vt 0.403903 0.637613
vt 0.240499 0.600282
vt 0.242262 0.606668
vt 0.243549 0.602840
vt 0.406119 0.643488
vt 0.403703 0.642892
vt 0.401730 0.640764
vt 0.401263 0.636166
vt 0.402227 0.646629
vt 0.400294 0.645394
vt 0.398844 0.643521
vt 0.222453 0.443282
vt 0.223435 0.440609
vt 0.229967 0.443762
vt 0.230947 0.440969
vt 0.216106 0.439775
vt 0.664634 0.729765
vt 0.665279 0.722605
vt 0.665907 0.729696
vt 0.112807 0.237327
vt 0.106708 0.247184
vt 0.105363 0.238800
vt 0.106861 0.230871
vt 0.105990 0.222367
vt 0.460571 0.110492
vt 0.461993 0.119119
vt 0.454040 0.109424
vt 0.458103 0.104038
vt 0.458658 0.127606
vt 0.453430 0.095953
vt 0.106904 0.261503
vt 0.105685 0.254992
vt 0.112598 0.256168
vt 0.464800 0.126486
vt 0.464307 0.133255
vt 0.453567 0.133748
vt 0.458734 0.137690
vt 0.562710 0.361412
vt 0.566147 0.357527
vt 0.567620 0.358900
vt 0.563753 0.355855
vt 0.553828 0.353399
vt 0.556093 0.353431
vt 0.353513 0.678000
vt 0.355394 0.678025
vt 0.354967 0.683780
vt 0.421183 0.258903
vt 0.412752 0.260252
vt 0.413460 0.248134
vt 0.428012 0.246699
vt 0.428856 0.257990
vt 0.411451 0.651461
vt 0.408232 0.651930
vt 0.405690 0.647735
vt 0.405334 0.651972
vt 0.402234 0.651334
vt 0.355394 0.634724
vt 0.353206 0.634700
vt 0.354674 0.630969
vt 0.734635 0.119344
vt 0.731960 0.122693
vt 0.728154 0.119447
vt 0.736238 0.122611
vt 0.419118 0.299335
vt 0.427592 0.298547
vt 0.425554 0.314973
vt 0.430362 0.284069
vt 0.424008 0.284245
vt 0.433728 0.314184
vt 0.429657 0.333559
vt 0.007927 0.213106
vt 0.006762 0.208499
vt 0.008874 0.208372
vt 0.012276 0.213803
vt 0.010582 0.208909
vt 0.010188 0.206304
vt 0.008848 0.205629
vt 0.170246 0.415165
vt 0.169111 0.416519
vt 0.167102 0.415056
vt 0.166221 0.416080
vt 0.026767 0.262248
vt 0.025557 0.263142
vt 0.024479 0.261204
vt 0.457564 0.144851
vt 0.456061 0.146793
vt 0.454572 0.145101
vt 0.168385 0.413714
vt 0.023770 0.258538
vt 0.027258 0.256792
vt 0.025953 0.258989
vt 0.465113 0.139646
vt 0.203436 0.003295
vt 0.205627 0.005354
vt 0.202778 0.006547
vt 0.463132 0.144722
vt 0.460691 0.147214
vt 0.453430 0.140285
vt 0.457862 0.147517
vt 0.328418 0.266195
vt 0.498473 0.170530
vt 0.504874 0.181859
vt 0.491087 0.179023
vt 0.489829 0.160336
vt 0.475261 0.170773
vt 0.479242 0.151572
vt 0.322126 0.319070
vt 0.335448 0.314607
vt 0.335909 0.329118
vt 0.320604 0.338565
vt 0.642690 0.744809
vt 0.644623 0.745345
vt 0.007311 0.526666
vt 0.010776 0.524309
vt 0.012207 0.525945
vt 0.014091 0.529771
vt 0.014971 0.533466
vt 0.015607 0.537299
vt 0.242825 0.616384
vt 0.244659 0.615401
vt 0.722273 0.119320
vt 0.724405 0.122678
vt 0.720441 0.122581
vt 0.728111 0.122698
vt 0.245659 0.607767
vt 0.244267 0.610495
vt 0.333327 0.344702
vt 0.307883 0.136849
vt 0.306285 0.137753
vt 0.306225 0.133148
vt 0.310405 0.124576
vt 0.307105 0.119644
vt 0.310155 0.118078
vt 0.108738 0.186219
vt 0.105274 0.185826
vt 0.106020 0.183823
vt 0.001735 0.170079
vt 0.000707 0.169160
vt 0.001735 0.166005
vt 0.108904 0.195006
vt 0.110002 0.191908
vt 0.112173 0.192939
vt 0.003226 0.045123
vt 0.001952 0.042622
vt 0.003471 0.041091
vt 0.273144 0.436514
vt 0.268688 0.436997
vt 0.270716 0.434668
vt 0.652034 0.280078
vt 0.654143 0.272297
vt 0.657970 0.274698
vt 0.661380 0.271686
vt 0.661597 0.278664
vt 0.664358 0.272501
vt 0.665945 0.274617
vt 0.666401 0.267644
vt 0.048042 0.333484
vt 0.047916 0.320580
vt 0.051170 0.322774
vt 0.041587 0.298030
vt 0.041795 0.305308
vt 0.039458 0.302071
vt 0.677544 0.276472
vt 0.677692 0.280892
vt 0.671063 0.277419
vt 0.688514 0.262759
vt 0.694626 0.264247
vt 0.688548 0.267657
vt 0.667822 0.270823
vt 0.025862 0.022561
vt 0.026114 0.017180
vt 0.028918 0.020080
vt 0.335977 0.406514
vt 0.339534 0.408083
vt 0.336638 0.411580
vt 0.341420 0.010076
vt 0.355147 0.007099
vt 0.342797 0.016227
vt 0.355158 0.001419
vt 0.325668 0.012740
vt 0.327631 0.017913
vt 0.120603 0.204168
vt 0.120803 0.219024
vt 0.115447 0.213894
vt 0.119172 0.232246
vt 0.115381 0.198489
vt 0.119086 0.194549
vt 0.717203 0.696667
vt 0.705185 0.695619
vt 0.708492 0.686108
vt 0.669365 0.409661
vt 0.678160 0.396318
vt 0.680635 0.412004
vt 0.663732 0.395046
vt 0.658882 0.402162
vt 0.643044 0.403222
vt 0.658604 0.417215
vt 0.011047 0.374708
vt 0.010060 0.380147
vt 0.006636 0.379199
vt 0.006023 0.384995
vt 0.003788 0.384385
vt 0.675005 0.420951
vt 0.119892 0.247799
vt 0.123220 0.229456
vt 0.657043 0.464362
vt 0.665011 0.452184
vt 0.665020 0.463017
vt 0.661130 0.444217
vt 0.663959 0.479212
vt 0.656889 0.490318
vt 0.665882 0.490974
vt 0.688849 0.186779
vt 0.688853 0.192373
vt 0.675942 0.191731
vt 0.677126 0.186096
vt 0.689595 0.182633
vt 0.651348 0.206493
vt 0.650974 0.220811
vt 0.642406 0.219187
vt 0.654655 0.238412
vt 0.657105 0.231035
vt 0.660635 0.240459
vt 0.657399 0.195347
vt 0.664097 0.197927
vt 0.663603 0.206822
vt 0.664810 0.215631
vt 0.677155 0.206440
vt 0.666982 0.190480
vt 0.664601 0.188112
vt 0.662990 0.183854
vt 0.671165 0.183933
vt 0.671082 0.185440
vt 0.215612 0.497385
vt 0.211546 0.503294
vt 0.213561 0.495756
vt 0.672305 0.470660
vt 0.676387 0.465229
vt 0.679730 0.473754
vt 0.678517 0.456826
vt 0.683614 0.461959
vt 0.165381 0.365117
vt 0.165436 0.374298
vt 0.160593 0.377780
vt 0.169546 0.362639
vt 0.170079 0.353749
vt 0.689000 0.467584
vt 0.178424 0.505735
vt 0.174195 0.507863
vt 0.174527 0.504074
vt 0.216538 0.491585
vt 0.225615 0.477878
vt 0.224508 0.472975
vt 0.229086 0.468518
vt 0.221477 0.474598
vt 0.220157 0.481564
vt 0.218618 0.477806
vt 0.677452 0.181601
vt 0.678522 0.178168
vt 0.683974 0.180763
vt 0.320452 0.098471
vt 0.317775 0.096323
vt 0.328163 0.094786
vt 0.123481 0.189000
vt 0.125290 0.190860
vt 0.123281 0.197176
vt 0.001680 0.472055
vt 0.002352 0.460624
vt 0.007767 0.463529
vt 0.111629 0.694155
vt 0.107699 0.684843
vt 0.125740 0.687654
vt 0.098059 0.697379
vt 0.093565 0.722894
vt 0.094354 0.736916
vt 0.069865 0.729783
vt 0.252325 0.621095
vt 0.253566 0.627727
vt 0.249110 0.626053
vt 0.186146 0.568596
vt 0.179868 0.563167
vt 0.183761 0.557333
vt 0.618559 0.307943
vt 0.610294 0.308381
vt 0.610419 0.301107
vt 0.447637 0.212772
vt 0.454700 0.210196
vt 0.452155 0.216937
vt 0.622739 0.300478
vt 0.620149 0.294622
vt 0.625763 0.293685
vt 0.233945 0.028674
vt 0.239499 0.039916
vt 0.230508 0.039293
vt 0.621272 0.290901
vt 0.623642 0.289589
vt 0.230508 0.027260
vt 0.287467 0.202504
vt 0.286617 0.202603
vt 0.288092 0.200765
vt 0.287165 0.205159
vt 0.286693 0.207882
vt 0.188878 0.023340
vt 0.189169 0.024014
vt 0.189125 0.026032
vt 0.189169 0.021184
vt 0.288092 0.215202
vt 0.287429 0.203016
vt 0.541362 0.376084
vt 0.541362 0.379552
vt 0.537647 0.380279
vt 0.010858 0.053002
vt 0.012148 0.051762
vt 0.012148 0.053800
vt 0.013884 0.003471
vt 0.012686 0.002500
vt 0.013884 0.001950
vt 0.187856 0.549177
vt 0.190916 0.559687
vt 0.195671 0.571998
vt 0.191537 0.566635
vt 0.198197 0.564121
vt 0.196359 0.550149
vt 0.205990 0.555775
vt 0.208234 0.568676
vt 0.217346 0.569826
vt 0.225102 0.582969
vt 0.216705 0.580651
vt 0.185113 0.518915
vt 0.182660 0.538826
vt 0.175966 0.528295
vt 0.823849 0.946142
vt 0.822688 0.931353
vt 0.836507 0.942671
vt 0.230625 0.562238
vt 0.218677 0.558226
vt 0.225715 0.530986
vt 0.235037 0.550641
vt 0.221658 0.545395
vt 0.233437 0.586094
vt 0.236953 0.577717
vt 0.242181 0.567424
vt 0.245889 0.577698
vt 0.383567 0.643456
vt 0.378972 0.639433
vt 0.384361 0.638044
vt 0.252919 0.575000
vt 0.294499 0.619221
vt 0.298100 0.624297
vt 0.292050 0.625672
vt 0.385124 0.649652
vt 0.387921 0.644753
vt 0.281852 0.583139
vt 0.286072 0.590995
vt 0.274854 0.591741
vt 0.262384 0.579682
vt 0.268579 0.586188
vt 0.262771 0.585424
vt 0.249816 0.557763
vt 0.263351 0.572309
vt 0.288731 0.598759
vt 0.299629 0.594910
vt 0.293351 0.575548
vt 0.253876 0.543230
vt 0.264867 0.562105
vt 0.177973 0.364271
vt 0.179939 0.364264
vt 0.178896 0.367925
vt 0.178174 0.360400
vt 0.175844 0.367554
vt 0.173891 0.363900
vt 0.175947 0.361583
vt 0.183137 0.361434
vt 0.181945 0.365980
vt 0.181001 0.360307
vt 0.215597 0.025816
vt 0.213104 0.027627
vt 0.212707 0.024036
vt 0.215348 0.030631
vt 0.212326 0.030367
vt 0.216819 0.028638
vt 0.292402 0.118515
vt 0.290042 0.116216
vt 0.292874 0.114422
vt 0.172867 0.367264
vt 0.294946 0.117039
vt 0.172828 0.359714
vt 0.174266 0.357651
vt 0.296172 0.120180
vt 0.299122 0.118998
vt 0.299830 0.121485
vt 0.215548 0.021753
vt 0.184769 0.363571
vt 0.212326 0.020538
vt 0.181716 0.356324
vt 0.184039 0.357241
vt 0.185988 0.358579
vt 0.219951 0.026890
vt 0.218346 0.023950
vt 0.025652 0.325343
vt 0.021876 0.327099
vt 0.022200 0.323806
vt 0.215933 0.018291
vt 0.218439 0.019953
vt 0.219609 0.032121
vt 0.290753 0.112881
vt 0.217609 0.033728
vt 0.220549 0.029743
vt 0.296880 0.114119
vt 0.295087 0.111400
vt 0.293513 0.109867
vt 0.291373 0.108756
vt 0.253633 0.340512
vt 0.248546 0.352824
vt 0.244356 0.343060
vt 0.232358 0.350340
vt 0.220984 0.366263
vt 0.218141 0.356990
vt 0.820778 0.808698
vt 0.823344 0.820633
vt 0.812688 0.817065
vt 0.222643 0.024139
vt 0.224249 0.027080
vt 0.315240 0.469717
vt 0.310977 0.485377
vt 0.302649 0.475336
vt 0.283637 0.229089
vt 0.291270 0.243045
vt 0.278887 0.254616
vt 0.326402 0.492385
vt 0.317502 0.495088
vt 0.333325 0.477821
vt 0.328304 0.465665
vt 0.259363 0.245686
vt 0.255708 0.232707
vt 0.263458 0.217786
vt 0.277709 0.213471
vt 0.246473 0.211455
vt 0.859943 0.848269
vt 0.850262 0.834080
vt 0.870002 0.830889
vt 0.864031 0.822109
vt 0.874835 0.838414
vt 0.876335 0.812655
vt 0.886503 0.801076
vt 0.892475 0.807160
vt 0.358365 0.593235
vt 0.358314 0.586880
vt 0.372476 0.589903
vt 0.333290 0.585037
vt 0.332594 0.592727
vt 0.321215 0.592282
vt 0.322225 0.577703
vt 0.334356 0.576566
vt 0.372915 0.581400
vt 0.388717 0.587257
vt 0.182788 0.351997
vt 0.179660 0.351545
vt 0.022963 0.312282
vt 0.020661 0.318154
vt 0.021094 0.311851
vt 0.019289 0.323011
vt 0.018350 0.317826
vt 0.176833 0.351638
vt 0.177785 0.356337
vt 0.174737 0.352233
vt 0.388315 0.595469
vt 0.407542 0.590703
vt 0.134901 0.291226
vt 0.135151 0.295618
vt 0.132670 0.295051
vt 0.138133 0.295506
vt 0.140467 0.295063
vt 0.138457 0.290940
vt 0.142690 0.293863
vt 0.145582 0.296766
vt 0.143683 0.298132
vt 0.131124 0.289997
vt 0.130115 0.293979
vt 0.128458 0.292898
vt 0.129356 0.288159
vt 0.462362 0.441455
vt 0.463158 0.443396
vt 0.459481 0.443952
vt 0.137580 0.286760
vt 0.140717 0.289993
vt 0.459952 0.446919
vt 0.456046 0.446377
vt 0.135247 0.287203
vt 0.133053 0.286549
vt 0.137013 0.283036
vt 0.454328 0.444296
vt 0.453106 0.448229
vt 0.133847 0.281885
vt 0.463377 0.449965
vt 0.463366 0.446489
vt 0.459641 0.452580
vt 0.456779 0.449219
vt 0.140341 0.285133
vt 0.142829 0.288035
vt 0.139162 0.281330
vt 0.142945 0.280390
vt 0.136614 0.279362
vt 0.453314 0.451322
vt 0.450260 0.450684
vt 0.165157 0.422801
vt 0.164189 0.421262
vt 0.166874 0.420505
vt 0.167200 0.423922
vt 0.316613 0.112991
vt 0.319620 0.112174
vt 0.319037 0.115198
vt 0.298397 0.241207
vt 0.295553 0.241234
vt 0.298505 0.238585
vt 0.292872 0.239059
vt 0.296689 0.231695
vt 0.290323 0.234250
vt 0.290473 0.228142
vt 0.000567 0.159189
vt 0.001735 0.163447
vt 0.000567 0.164872
vt 0.242232 0.009006
vt 0.240778 0.007123
vt 0.242969 0.007698
vt 0.271804 0.063804
vt 0.269816 0.065265
vt 0.268644 0.064322
vt 0.272695 0.065048
vt 0.238791 0.008852
vt 0.238029 0.006468
vt 0.236890 0.010413
vt 0.271123 0.066526
vt 0.171137 0.424310
vt 0.172490 0.417580
vt 0.176255 0.422612
vt 0.295778 0.221761
vt 0.289192 0.221472
vt 0.291337 0.213646
vt 0.298505 0.203290
vt 0.291755 0.205204
vt 0.197753 0.414955
vt 0.195718 0.423000
vt 0.188360 0.421733
vt 0.293614 0.198297
vt 0.203136 0.421866
vt 0.211234 0.423574
vt 0.297501 0.190103
vt 0.700998 0.258110
vt 0.704824 0.258106
vt 0.703789 0.262060
vt 0.301976 0.114301
vt 0.300472 0.111264
vt 0.294476 0.104601
vt 0.296607 0.105927
vt 0.291778 0.103696
vt 0.228398 0.033049
vt 0.223152 0.033857
vt 0.224701 0.029665
vt 0.226981 0.035725
vt 0.320845 0.506018
vt 0.311223 0.502995
vt 0.329870 0.515634
vt 0.329341 0.504264
vt 0.462863 0.453693
vt 0.462020 0.457288
vt 0.457621 0.458478
vt 0.460914 0.461008
vt 0.456002 0.453072
vt 0.451874 0.453751
vt 0.450035 0.454629
vt 0.447925 0.453316
vt 0.139831 0.277700
vt 0.452531 0.457922
vt 0.454696 0.456017
vt 0.450099 0.458793
vt 0.447860 0.458122
vt 0.142929 0.276176
vt 0.141448 0.274251
vt 0.456115 0.460648
vt 0.454079 0.461911
vt 0.456980 0.465208
vt 0.454285 0.466205
vt 0.446710 0.461949
vt 0.450463 0.462768
vt 0.449089 0.466656
vt 0.451457 0.466685
vt 0.173097 0.019277
vt 0.164801 0.020826
vt 0.165035 0.019422
vt 0.284537 0.407396
vt 0.283808 0.404667
vt 0.291815 0.404071
vt 0.032974 0.324739
vt 0.028003 0.326790
vt 0.030683 0.323017
vt 0.031711 0.329744
vt 0.226497 0.023124
vt 0.223884 0.020095
vt 0.738380 0.260759
vt 0.738236 0.264184
vt 0.734394 0.264011
vt 0.742222 0.264278
vt 0.744584 0.260714
vt 0.745944 0.264251
vt 0.229086 0.029036
vt 0.228861 0.030968
vt 0.337243 0.492071
vt 0.477010 0.174774
vt 0.481062 0.177709
vt 0.478585 0.177978
vt 0.476663 0.178165
vt 0.146225 0.274349
vt 0.146668 0.277379
vt 0.389748 0.483584
vt 0.399857 0.497199
vt 0.385372 0.497267
vt 0.401789 0.471155
vt 0.383222 0.468522
vt 0.409389 0.481666
vt 0.292690 0.165080
vt 0.280540 0.168662
vt 0.285674 0.156944
vt 0.292627 0.146307
vt 0.247903 0.390714
vt 0.248995 0.394339
vt 0.244466 0.391616
vt 0.243148 0.388690
vt 0.094277 0.617373
vt 0.097140 0.618739
vt 0.095233 0.620584
vt 0.006099 0.250815
vt 0.005938 0.254222
vt 0.004736 0.253866
vt 0.348548 0.073095
vt 0.342333 0.075602
vt 0.342843 0.072227
vt 0.242793 0.424464
vt 0.243523 0.426841
vt 0.239727 0.426710
vt 0.017103 0.034710
vt 0.016885 0.030672
vt 0.018474 0.032187
vt 0.104755 0.624779
vt 0.104040 0.623054
vt 0.107605 0.622504
vt 0.036881 0.006157
vt 0.038181 0.005842
vt 0.036325 0.009418
vt 0.241214 0.389671
vt 0.097887 0.622138
vt 0.047630 0.439400
vt 0.056572 0.441544
vt 0.049230 0.452148
vt 0.127438 0.312776
vt 0.140247 0.313452
vt 0.145287 0.326857
vt 0.137437 0.302364
vt 0.147229 0.306500
vt 0.008132 0.371085
vt 0.003416 0.369274
vt 0.009893 0.364518
vt 0.006036 0.360031
vt 0.173760 0.020786
vt 0.177021 0.020378
vt 0.177021 0.026032
vt 0.464828 0.234326
vt 0.468164 0.239132
vt 0.465747 0.239848
vt 0.299887 0.064213
vt 0.296894 0.060190
vt 0.317303 0.057606
vt 0.089934 0.246441
vt 0.085219 0.235409
vt 0.090246 0.228199
vt 0.085219 0.217468
vt 0.315422 0.062175
vt 0.328327 0.058704
vt 0.301909 0.417210
vt 0.285001 0.420441
vt 0.282947 0.415216
vt 0.334520 0.063067
vt 0.330755 0.051493
vt 0.302376 0.423323
vt 0.266900 0.425085
vt 0.268285 0.429347
vt 0.262516 0.424241
vt 0.343481 0.057448
vt 0.354508 0.050477
vt 0.350428 0.062251
vt 0.319077 0.412893
vt 0.318293 0.418366
vt 0.353787 0.058572
vt 0.032146 0.337405
vt 0.035149 0.340634
vt 0.028340 0.344531
vt 0.028243 0.334508
vt 0.138848 0.270788
vt 0.135336 0.273458
vt 0.131809 0.268486
vt 0.132223 0.277654
vt 0.127770 0.273916
vt 0.129179 0.271681
vt 0.127145 0.266903
vt 0.157478 0.007192
vt 0.168339 0.004658
vt 0.170381 0.008095
vt 0.125409 0.270332
vt 0.123423 0.276983
vt 0.117937 0.280760
vt 0.117343 0.276441
vt 0.109057 0.602734
vt 0.108459 0.598895
vt 0.112660 0.600540
vt 0.123996 0.611201
vt 0.129259 0.612854
vt 0.125329 0.618354
vt 0.523000 0.458202
vt 0.519172 0.459408
vt 0.520842 0.454420
vt 0.002751 0.013369
vt 0.009318 0.021908
vt 0.004196 0.025310
vt 0.336235 0.763244
vt 0.351571 0.748427
vt 0.354797 0.761921
vt 0.392656 0.783063
vt 0.379551 0.792040
vt 0.378696 0.782088
vt 0.366971 0.783871
vt 0.148840 0.216259
vt 0.140393 0.218572
vt 0.139392 0.204198
vt 0.131949 0.239029
vt 0.134808 0.229329
vt 0.137608 0.236545
vt 0.744146 0.602978
vt 0.749458 0.607118
vt 0.741861 0.616101
vt 0.128287 0.205229
vt 0.127220 0.196367
vt 0.730848 0.596807
vt 0.736673 0.607853
vt 0.728841 0.612062
vt 0.152336 0.339386
vt 0.149451 0.342514
vt 0.142395 0.336075
vt 0.749734 0.597875
vt 0.118118 0.183223
vt 0.126366 0.182774
vt 0.125051 0.186850
vt 0.110173 0.178104
vt 0.156315 0.343866
vt 0.687472 0.726514
vt 0.684549 0.721314
vt 0.688343 0.712296
vt 0.685309 0.708526
vt 0.688425 0.699600
vt 0.210264 0.475695
vt 0.202611 0.476921
vt 0.207306 0.469602
vt 0.207325 0.460652
vt 0.201456 0.464561
vt 0.111585 0.181421
vt 0.104811 0.181161
vt 0.600667 0.354722
vt 0.597662 0.360167
vt 0.595328 0.361092
vt 0.588703 0.358616
vt 0.590294 0.362860
vt 0.587675 0.366000
vt 0.742211 0.576824
vt 0.748679 0.587057
vt 0.743953 0.590004
vt 0.737127 0.579131
vt 0.163578 0.341083
vt 0.176057 0.338237
vt 0.176565 0.342144
vt 0.586548 0.355664
vt 0.584164 0.348765
vt 0.584164 0.359678
vt 0.584593 0.337542
vt 0.586973 0.340553
vt 0.569652 0.273912
vt 0.551044 0.282402
vt 0.546753 0.266855
vt 0.569354 0.256139
vt 0.524221 0.280129
vt 0.532446 0.293536
vt 0.555362 0.240343
vt 0.573245 0.234270
vt 0.587886 0.267437
vt 0.589624 0.281180
vt 0.572962 0.288546
vt 0.555914 0.296705
vt 0.588485 0.250246
vt 0.606433 0.274671
vt 0.608505 0.284756
vt 0.592683 0.292790
vt 0.605737 0.262061
vt 0.576760 0.300687
vt 0.606581 0.247282
vt 0.622706 0.278560
vt 0.621454 0.269336
vt 0.621376 0.258848
vt 0.596529 0.302201
vt 0.611237 0.293622
vt 0.624319 0.286574
vt 0.622758 0.246166
vt 0.442303 0.951666
vt 0.439888 0.961465
vt 0.428330 0.957337
vt 0.430553 0.946372
vt 0.374404 0.061035
vt 0.380505 0.071479
vt 0.369881 0.078391
vt 0.362771 0.068244
vt 0.385363 0.055386
vt 0.390488 0.066174
vt 0.417383 0.939832
vt 0.415731 0.952535
vt 0.380934 0.046500
vt 0.392389 0.041674
vt 0.396407 0.050861
vt 0.408449 0.047282
vt 0.404543 0.037792
vt 0.454035 0.955769
vt 0.444623 0.939762
vt 0.455959 0.943972
vt 0.468074 0.946666
vt 0.466664 0.958148
vt 0.432494 0.933896
vt 0.400856 0.061994
vt 0.412372 0.058761
vt 0.396828 0.078000
vt 0.406371 0.074165
vt 0.416529 0.071364
vt 0.421075 0.044693
vt 0.424205 0.056561
vt 0.427150 0.069340
vt 0.480031 0.947183
vt 0.479513 0.958924
vt 0.416903 0.035247
vt 0.353087 0.126185
vt 0.372725 0.136190
vt 0.357758 0.139841
vt 0.332527 0.118815
vt 0.336243 0.132087
vt 0.341551 0.146051
vt 0.347925 0.160096
vt 0.354764 0.173961
vt 0.324712 0.154383
vt 0.331044 0.167867
vt 0.337990 0.181170
vt 0.361464 0.187383
vt 0.345213 0.193989
vt 0.351803 0.206756
vt 0.367682 0.200756
vt 0.382845 0.195753
vt 0.320924 0.189851
vt 0.328553 0.202110
vt 0.336009 0.213880
vt 0.373717 0.214081
vt 0.358101 0.218822
vt 0.343284 0.224646
vt 0.388806 0.209686
vt 0.350376 0.235365
vt 0.364137 0.231190
vt 0.378999 0.227143
vt 0.465269 0.175233
vt 0.456388 0.172234
vt 0.462368 0.170491
vt 0.450682 0.174450
vt 0.680064 0.749678
vt 0.678378 0.756123
vt 0.671913 0.757451
vt 0.674146 0.751718
vt 0.677330 0.762892
vt 0.670710 0.763552
vt 0.466854 0.179755
vt 0.468207 0.169262
vt 0.470312 0.174137
vt 0.471669 0.179006
vt 0.677338 0.770310
vt 0.670797 0.769676
vt 0.461943 0.185924
vt 0.455898 0.186618
vt 0.445739 0.177443
vt 0.449660 0.181447
vt 0.450046 0.186918
vt 0.460942 0.192039
vt 0.455009 0.192430
vt 0.448666 0.192164
vt 0.467240 0.185225
vt 0.466543 0.191600
vt 0.453410 0.198540
vt 0.459382 0.198453
vt 0.465021 0.198318
vt 0.472055 0.184477
vt 0.471358 0.190851
vt 0.470140 0.197829
vt 0.368381 0.095400
vt 0.378537 0.103360
vt 0.358579 0.086605
vt 0.378024 0.088574
vt 0.386141 0.098010
vt 0.387633 0.082658
vt 0.349741 0.076538
vt 0.394805 0.093441
vt 0.403209 0.089174
vt 0.400470 0.102483
vt 0.404552 0.109176
vt 0.403000 0.115305
vt 0.402470 0.117566
vt 0.405078 0.119434
vt 0.410212 0.128565
vt 0.411038 0.135695
vt 0.410140 0.122913
vt 0.433259 0.187480
vt 0.433190 0.179629
vt 0.435152 0.179497
vt 0.434948 0.187463
vt 0.433841 0.114629
vt 0.434705 0.116761
vt 0.426602 0.117901
vt 0.425887 0.115770
vt 0.436499 0.194830
vt 0.434417 0.194873
vt 0.442061 0.115617
vt 0.441196 0.113484
vt 0.435611 0.120413
vt 0.427657 0.121554
vt 0.442966 0.119268
vt 0.436933 0.126194
vt 0.428979 0.127334
vt 0.417785 0.119082
vt 0.418652 0.122429
vt 0.419708 0.128254
vt 0.438518 0.132888
vt 0.430149 0.134072
vt 0.421028 0.134992
vt 0.422535 0.142036
vt 0.431431 0.140506
vt 0.439612 0.139017
vt 0.444288 0.125049
vt 0.445724 0.131742
vt 0.447233 0.137828
vt 0.412262 0.085988
vt 0.421059 0.083362
vt 0.408419 0.098912
vt 0.417090 0.095816
vt 0.412007 0.105998
vt 0.425809 0.093539
vt 0.420750 0.103252
vt 0.430617 0.081515
vt 0.429386 0.101067
vt 0.434305 0.091869
vt 0.437351 0.099484
vt 0.102394 0.012148
vt 0.097862 0.010253
vt 0.098866 0.007829
vt 0.102394 0.006528
vt 0.437486 0.164601
vt 0.435492 0.164278
vt 0.436727 0.160400
vt 0.438722 0.159978
vt 0.434091 0.171231
vt 0.436009 0.171283
vt 0.439835 0.169789
vt 0.410108 0.119737
vt 0.405839 0.118041
vt 0.410149 0.118126
vt 0.417373 0.117210
vt 0.406935 0.112608
vt 0.413897 0.109822
vt 0.404592 0.115998
vt 0.407922 0.113996
vt 0.414545 0.111861
vt 0.404213 0.117302
vt 0.526162 0.433524
vt 0.526561 0.437345
vt 0.524854 0.433925
vt 0.528102 0.432672
vt 0.534217 0.431106
vt 0.414818 0.113290
vt 0.408422 0.115076
vt 0.523538 0.428210
vt 0.525876 0.427711
vt 0.422412 0.107424
vt 0.423099 0.109767
vt 0.423144 0.111544
vt 0.438661 0.178300
vt 0.523191 0.421402
vt 0.520454 0.421549
vt 0.528847 0.427027
vt 0.454700 0.164153
vt 0.535646 0.426025
vt 0.625576 0.346826
vt 0.629070 0.338747
vt 0.526734 0.420873
vt 0.537361 0.419286
vt 0.541362 0.424907
vt 0.541475 0.418646
vt 0.430933 0.105284
vt 0.431391 0.107975
vt 0.431021 0.109795
vt 0.438730 0.186152
vt 0.521078 0.414715
vt 0.518228 0.414720
vt 0.620118 0.331261
vt 0.631034 0.330714
vt 0.525590 0.414160
vt 0.537361 0.412350
vt 0.610419 0.331870
vt 0.438670 0.104050
vt 0.438824 0.106481
vt 0.438642 0.108606
vt 0.440281 0.193519
vt 0.520506 0.407890
vt 0.517371 0.407684
vt 0.620524 0.323362
vt 0.631721 0.322798
vt 0.524906 0.407194
vt 0.537075 0.405469
vt 0.610419 0.323951
vt 0.541362 0.411567
vt 0.541362 0.404631
vt 0.423538 0.165819
vt 0.419687 0.170597
vt 0.417764 0.176373
vt 0.417584 0.182843
vt 0.402269 0.205509
vt 0.394203 0.223660
vt 0.410924 0.200424
vt 0.397784 0.237548
vt 0.410981 0.235588
vt 0.428220 0.235672
vt 0.660183 0.706007
vt 0.657547 0.710713
vt 0.651010 0.709500
vt 0.653863 0.705366
vt 0.445557 0.171137
vt 0.440652 0.174435
vt 0.445850 0.182443
vt 0.441552 0.180958
vt 0.687739 0.747531
vt 0.682256 0.744290
vt 0.689411 0.741711
vt 0.697671 0.739329
vt 0.696287 0.745084
vt 0.686155 0.754084
vt 0.694859 0.752306
vt 0.665351 0.711079
vt 0.667520 0.706203
vt 0.675489 0.705781
vt 0.673979 0.710719
vt 0.656057 0.700389
vt 0.662268 0.700744
vt 0.669138 0.700770
vt 0.423893 0.149078
vt 0.425932 0.156033
vt 0.429131 0.161734
vt 0.432447 0.146984
vt 0.433575 0.153159
vt 0.436017 0.158340
vt 0.683785 0.706608
vt 0.682109 0.711553
vt 0.683785 0.700872
vt 0.676449 0.700285
vt 0.705373 0.737463
vt 0.704069 0.744059
vt 0.682493 0.694522
vt 0.702881 0.751669
vt 0.685317 0.762083
vt 0.694075 0.760865
vt 0.685303 0.770234
vt 0.694217 0.769685
vt 0.701910 0.760401
vt 0.702079 0.769501
vt 0.708082 0.752733
vt 0.707222 0.761465
vt 0.441907 0.150714
vt 0.440552 0.144887
vt 0.707364 0.770284
vt 0.448666 0.143306
vt 0.450249 0.148784
vt 0.648969 0.705136
vt 0.649813 0.700618
vt 0.444235 0.186564
vt 0.644280 0.701489
vt 0.645347 0.695498
vt 0.651374 0.695088
vt 0.657617 0.694859
vt 0.653733 0.688541
vt 0.647240 0.688781
vt 0.639647 0.696376
vt 0.641405 0.689083
vt 0.660303 0.689170
vt 0.657243 0.682126
vt 0.649765 0.681446
vt 0.643547 0.681574
vt 0.664581 0.683494
vt 0.670428 0.686009
vt 0.679850 0.688240
vt 0.678167 0.682588
vt 0.671942 0.677464
vt 0.660344 0.675247
vt 0.663215 0.664979
vt 0.670860 0.666042
vt 0.652399 0.674396
vt 0.655021 0.664139
vt 0.645689 0.674064
vt 0.647811 0.664611
vt 0.441653 0.217329
vt 0.438701 0.227259
vt 0.650330 0.652804
vt 0.657181 0.652839
vt 0.457975 0.205126
vt 0.452044 0.204560
vt 0.463653 0.205295
vt 0.638563 0.681830
vt 0.640679 0.674031
vt 0.462246 0.211968
vt 0.456381 0.211494
vt 0.643025 0.663495
vt 0.468771 0.204807
vt 0.467365 0.211480
vt 0.466143 0.217243
vt 0.103855 0.982291
vt 0.090865 0.982291
vt 0.090491 0.972294
vt 0.102659 0.972580
vt 0.115441 0.972306
vt 0.117834 0.982097
vt 0.402884 0.932740
vt 0.405076 0.919282
vt 0.419342 0.926677
vt 0.390697 0.911983
vt 0.388505 0.925441
vt 0.386497 0.940983
vt 0.401521 0.947192
vt 0.421388 0.915022
vt 0.407494 0.908309
vt 0.394953 0.897159
vt 0.434282 0.921463
vt 0.445919 0.926853
vt 0.423162 0.905488
vt 0.434767 0.909907
vt 0.446427 0.914508
vt 0.411660 0.897341
vt 0.375035 0.917720
vt 0.377887 0.904823
vt 0.382521 0.890572
vt 0.398554 0.888543
vt 0.386348 0.881763
vt 0.390526 0.874774
vt 0.395090 0.865918
vt 0.427434 0.897212
vt 0.436375 0.900636
vt 0.409805 0.861245
vt 0.421257 0.867230
vt 0.432457 0.872326
vt 0.432718 0.888987
vt 0.456926 0.930783
vt 0.468034 0.933314
vt 0.456943 0.917961
vt 0.467111 0.919943
vt 0.318940 0.348096
vt 0.325534 0.358597
vt 0.312808 0.358428
vt 0.306253 0.351189
vt 0.312243 0.339463
vt 0.478866 0.933876
vt 0.309986 0.320779
vt 0.304504 0.332634
vt 0.295840 0.328090
vt 0.299990 0.315414
vt 0.299112 0.345329
vt 0.291213 0.341383
vt 0.306856 0.370737
vt 0.299961 0.364404
vt 0.299864 0.386256
vt 0.306254 0.393866
vt 0.293568 0.380893
vt 0.293332 0.359781
vt 0.286001 0.356056
vt 0.286774 0.376640
vt 0.279923 0.373404
vt 0.450600 0.876101
vt 0.442265 0.874927
vt 0.439998 0.859353
vt 0.448171 0.860332
vt 0.281772 0.391662
vt 0.287999 0.395693
vt 0.274842 0.388529
vt 0.078182 0.982011
vt 0.078345 0.972062
vt 0.066632 0.971945
vt 0.065520 0.981784
vt 0.079201 0.960945
vt 0.090503 0.961410
vt 0.101990 0.961610
vt 0.113949 0.961621
vt 0.067940 0.960586
vt 0.080666 0.948371
vt 0.091267 0.948697
vt 0.102072 0.948811
vt 0.055229 0.971958
vt 0.053560 0.981696
vt 0.057095 0.960700
vt 0.044733 0.971898
vt 0.042814 0.981255
vt 0.046849 0.961021
vt 0.070002 0.947809
vt 0.059486 0.947696
vt 0.049279 0.947713
vt 0.082000 0.934505
vt 0.071770 0.934058
vt 0.061705 0.933703
vt 0.092272 0.935057
vt 0.102520 0.935070
vt 0.082429 0.921121
vt 0.092452 0.921293
vt 0.102410 0.921229
vt 0.082202 0.908192
vt 0.091851 0.907998
vt 0.101397 0.907872
vt 0.072612 0.920737
vt 0.062960 0.920444
vt 0.072529 0.907846
vt 0.063106 0.907881
vt 0.032294 0.980655
vt 0.034463 0.971678
vt 0.021463 0.979849
vt 0.024274 0.971262
vt 0.014060 0.970305
vt 0.010569 0.978806
vt 0.036723 0.960840
vt 0.027215 0.960509
vt 0.170686 0.894498
vt 0.161386 0.894803
vt 0.158549 0.883428
vt 0.168242 0.883104
vt 0.039873 0.947314
vt 0.051950 0.933478
vt 0.042255 0.933003
vt 0.030220 0.946945
vt 0.033178 0.932377
vt 0.172750 0.908650
vt 0.163990 0.908937
vt 0.024306 0.931539
vt 0.021224 0.946122
vt 0.053368 0.919901
vt 0.044086 0.919488
vt 0.054050 0.907385
vt 0.071892 0.895341
vt 0.062881 0.895439
vt 0.054055 0.895270
vt 0.045160 0.906981
vt 0.045270 0.895208
vt 0.035133 0.918847
vt 0.026757 0.918361
vt 0.036436 0.906668
vt 0.037122 0.894640
vt 0.028368 0.905902
vt 0.029283 0.894201
vt 0.371231 0.883260
vt 0.375106 0.874743
vt 0.380187 0.867444
vt 0.384212 0.857820
vt 0.389691 0.848084
vt 0.399101 0.854644
vt 0.411719 0.848496
vt 0.401926 0.843344
vt 0.392605 0.837477
vt 0.383806 0.831186
vt 0.421913 0.853429
vt 0.431471 0.857013
vt 0.394455 0.828508
vt 0.403847 0.833877
vt 0.413149 0.838553
vt 0.422522 0.842730
vt 0.431475 0.845934
vt 0.100570 0.894735
vt 0.090716 0.895142
vt 0.089730 0.882811
vt 0.099355 0.882077
vt 0.110176 0.894358
vt 0.111416 0.907557
vt 0.109000 0.881396
vt 0.088355 0.870957
vt 0.098248 0.870247
vt 0.107933 0.869262
vt 0.071095 0.883642
vt 0.069602 0.872700
vt 0.078857 0.872087
vt 0.080042 0.883309
vt 0.081480 0.895398
vt 0.062046 0.884043
vt 0.060821 0.873125
vt 0.087155 0.860579
vt 0.077349 0.861989
vt 0.068055 0.862906
vt 0.059006 0.863307
vt 0.097271 0.859300
vt 0.385811 0.822522
vt 0.377472 0.815736
vt 0.375586 0.824193
vt 0.387852 0.814371
vt 0.396664 0.820442
vt 0.405613 0.825626
vt 0.107263 0.858035
vt 0.993240 0.255085
vt 0.995948 0.264907
vt 0.985971 0.264936
vt 0.983428 0.254524
vt 0.095892 0.850084
vt 0.106068 0.848554
vt 0.981653 0.242988
vt 0.991604 0.243641
vt 0.085882 0.851706
vt 0.118935 0.880792
vt 0.118051 0.868393
vt 0.999646 0.273404
vt 0.989215 0.273948
vt 0.978731 0.273876
vt 0.975570 0.264569
vt 0.973328 0.253890
vt 0.993667 0.281661
vt 0.982429 0.282373
vt 0.075663 0.853053
vt 0.414915 0.830302
vt 0.423845 0.834295
vt 0.065956 0.853908
vt 0.439841 0.848079
vt 0.447338 0.849176
vt 0.432469 0.837219
vt 0.440553 0.839375
vt 0.056867 0.854613
vt 0.050697 0.863544
vt 0.048520 0.855153
vt 0.448266 0.840849
vt 0.042717 0.863553
vt 0.040684 0.855201
vt 0.454906 0.849775
vt 0.455458 0.860942
vt 0.462151 0.849984
vt 0.462655 0.860859
vt 0.455721 0.841544
vt 0.035086 0.863389
vt 0.033322 0.855061
vt 0.052244 0.873338
vt 0.044264 0.873347
vt 0.036528 0.872840
vt 0.463247 0.841742
vt 0.457642 0.833599
vt 0.465055 0.833893
vt 0.029102 0.872464
vt 0.027823 0.862694
vt 0.053364 0.883913
vt 0.045115 0.883899
vt 0.037111 0.883368
vt 0.029541 0.882953
vt 0.511999 0.339239
vt 0.495540 0.348683
vt 0.488457 0.336544
vt 0.504999 0.327431
vt 0.479108 0.357012
vt 0.472239 0.344531
vt 0.481056 0.324304
vt 0.497461 0.315252
vt 0.303078 0.151562
vt 0.319485 0.141285
vt 0.307847 0.164142
vt 0.535410 0.340768
vt 0.519430 0.350669
vt 0.528355 0.329352
vt 0.503188 0.360078
vt 0.521727 0.317254
vt 0.486998 0.368788
vt 0.527807 0.361677
vt 0.543189 0.351490
vt 0.347283 0.901762
vt 0.341848 0.915276
vt 0.326696 0.905990
vt 0.332444 0.893436
vt 0.512241 0.371396
vt 0.550948 0.360377
vt 0.536380 0.370813
vt 0.557957 0.341213
vt 0.550992 0.330741
vt 0.544530 0.319305
vt 0.387388 0.957565
vt 0.368463 0.948172
vt 0.372021 0.933101
vt 0.401464 0.961465
vt 0.346743 0.950684
vt 0.351903 0.938593
vt 0.363753 0.960336
vt 0.328106 0.106100
vt 0.357126 0.924245
vt 0.361853 0.909879
vt 0.315624 0.128270
vt 0.335918 0.928772
vt 0.365573 0.898029
vt 0.351776 0.890377
vt 0.337314 0.882623
vt 0.357828 0.875501
vt 0.304966 0.200131
vt 0.297884 0.187600
vt 0.313871 0.177108
vt 0.473549 0.311317
vt 0.489901 0.302962
vt 0.481565 0.290226
vt 0.497127 0.280200
vt 0.506568 0.292565
vt 0.514565 0.305090
vt 0.473946 0.277909
vt 0.487359 0.268542
vt 0.300150 0.222889
vt 0.312967 0.211786
vt 0.321700 0.222258
vt 0.330633 0.231636
vt 0.478749 0.257845
vt 0.485662 0.246057
vt 0.538573 0.306905
vt 0.704289 0.316577
vt 0.704422 0.333613
vt 0.703338 0.299823
vt 0.714949 0.318161
vt 0.727173 0.321474
vt 0.725894 0.338399
vt 0.714347 0.335250
vt 0.713145 0.352452
vt 0.723496 0.355319
vt 0.566260 0.320919
vt 0.572625 0.330800
vt 0.714771 0.301148
vt 0.704174 0.350590
vt 0.703263 0.367209
vt 0.711377 0.368870
vt 0.720775 0.371961
vt 0.695889 0.366182
vt 0.709068 0.385183
vt 0.702065 0.383344
vt 0.695306 0.382012
vt 0.687598 0.365173
vt 0.687450 0.380661
vt 0.669342 0.347326
vt 0.672199 0.332496
vt 0.673997 0.317442
vt 0.677295 0.364165
vt 0.665428 0.364375
vt 0.661720 0.332141
vt 0.658535 0.346006
vt 0.655026 0.359595
vt 0.676653 0.380212
vt 0.344801 0.866443
vt 0.348340 0.855885
vt 0.361744 0.865515
vt 0.675026 0.303336
vt 0.366495 0.857935
vt 0.353437 0.847906
vt 0.663845 0.318052
vt 0.665418 0.304740
vt 0.359334 0.837273
vt 0.648572 0.331610
vt 0.651146 0.318739
vt 0.653168 0.306645
vt 0.645119 0.344293
vt 0.638587 0.318980
vt 0.635539 0.329956
vt 0.632034 0.341286
vt 0.364397 0.826104
vt 0.350151 0.828998
vt 0.355998 0.817725
vt 0.367552 0.816606
vt 0.359702 0.808425
vt 0.975131 0.291154
vt 0.962331 0.292815
vt 0.958503 0.283540
vt 0.970684 0.282983
vt 0.967440 0.273971
vt 0.560692 0.309758
vt 0.581510 0.311292
vt 0.586757 0.320321
vt 0.600658 0.310379
vt 0.717270 0.387992
vt 0.725766 0.392661
vt 0.719884 0.407933
vt 0.712922 0.403629
vt 0.706229 0.400508
vt 0.700301 0.398698
vt 0.687930 0.395649
vt 0.694712 0.396970
vt 0.708148 0.416283
vt 0.714120 0.421017
vt 0.702868 0.413273
vt 0.560562 0.216842
vt 0.577099 0.210760
vt 0.560319 0.195114
vt 0.544451 0.202620
vt 0.528407 0.208545
vt 0.591642 0.229877
vt 0.598891 0.203856
vt 0.540957 0.183955
vt 0.556435 0.175210
vt 0.525817 0.191073
vt 0.576621 0.187538
vt 0.549745 0.157490
vt 0.534494 0.167117
vt 0.520045 0.175770
vt 0.572803 0.166435
vt 0.594538 0.179238
vt 0.590282 0.157900
vt 0.610358 0.229341
vt 0.618135 0.211511
vt 0.626407 0.230928
vt 0.632648 0.215573
vt 0.614057 0.168989
vt 0.620408 0.186497
vt 0.631135 0.197119
vt 0.609307 0.149533
vt 0.641138 0.203145
vt 0.566106 0.148103
vt 0.540384 0.141588
vt 0.557111 0.131298
vt 0.525361 0.152098
vt 0.546621 0.115350
vt 0.529152 0.126529
vt 0.514140 0.137957
vt 0.583955 0.138970
vt 0.576005 0.121879
vt 0.566475 0.105008
vt 0.516270 0.112584
vt 0.534399 0.100186
vt 0.554912 0.088624
vt 0.603518 0.130975
vt 0.596155 0.113251
vt 0.587671 0.096093
vt 0.577154 0.079423
vt 0.629146 0.141416
vt 0.634096 0.159307
vt 0.639454 0.174678
vt 0.623664 0.123766
vt 0.609836 0.088898
vt 0.617354 0.106367
vt 0.644180 0.117685
vt 0.639136 0.100270
vt 0.632508 0.082771
vt 0.600285 0.071916
vt 0.587738 0.056039
vt 0.564234 0.063837
vt 0.541623 0.073635
vt 0.623626 0.065487
vt 0.611155 0.049329
vt 0.549802 0.049304
vt 0.573379 0.040920
vt 0.596655 0.033964
vt 0.646574 0.059238
vt 0.634179 0.042800
vt 0.619165 0.027480
vt 0.346188 0.670051
vt 0.349526 0.670146
vt 0.348007 0.677267
vt 0.344938 0.677163
vt 0.053700 0.397165
vt 0.053116 0.404018
vt 0.049994 0.403851
vt 0.050577 0.396998
vt 0.346107 0.683200
vt 0.343724 0.683099
vt 0.052153 0.409577
vt 0.049624 0.409431
vt 0.631061 0.738441
vt 0.630333 0.731332
vt 0.634160 0.731001
vt 0.634201 0.738079
vt 0.347052 0.662364
vt 0.350242 0.662439
vt 0.050964 0.389442
vt 0.054384 0.389620
vt 0.340254 0.677112
vt 0.340817 0.669997
vt 0.341143 0.662328
vt 0.347113 0.654092
vt 0.350570 0.654464
vt 0.054931 0.381707
vt 0.051512 0.381530
vt 0.341351 0.654382
vt 0.630333 0.723974
vt 0.634300 0.723762
vt 0.630631 0.716574
vt 0.634598 0.716361
vt 0.347172 0.646125
vt 0.350363 0.646200
vt 0.055341 0.373428
vt 0.051922 0.373250
vt 0.341264 0.646089
vt 0.058966 0.373474
vt 0.058556 0.381753
vt 0.335449 0.677090
vt 0.335474 0.669993
vt 0.331209 0.677101
vt 0.330548 0.670000
vt 0.287091 0.280447
vt 0.288781 0.278415
vt 0.342283 0.687257
vt 0.290916 0.277119
vt 0.369758 0.243602
vt 0.357052 0.246126
vt 0.374656 0.255538
vt 0.362932 0.257021
vt 0.327816 0.683058
vt 0.329510 0.687189
vt 0.326701 0.677121
vt 0.324559 0.683113
vt 0.326670 0.687257
vt 0.322634 0.677509
vt 0.325770 0.670029
vt 0.321139 0.670385
vt 0.383638 0.240597
vt 0.564971 0.363681
vt 0.561483 0.366166
vt 0.387251 0.253316
vt 0.335531 0.662333
vt 0.335738 0.654387
vt 0.330336 0.662349
vt 0.330395 0.654383
vt 0.335651 0.646093
vt 0.330456 0.646110
vt 0.325141 0.662366
vt 0.325200 0.654400
vt 0.320215 0.662374
vt 0.320274 0.654408
vt 0.325261 0.646127
vt 0.320605 0.646126
vt 0.378750 0.266134
vt 0.367175 0.267618
vt 0.355071 0.268232
vt 0.346417 0.639104
vt 0.349756 0.639200
vt 0.055524 0.366310
vt 0.052402 0.366142
vt 0.341047 0.639050
vt 0.059227 0.366386
vt 0.052618 0.360806
vt 0.055740 0.360973
vt 0.345258 0.633960
vt 0.348597 0.634056
vt 0.340426 0.633889
vt 0.049624 0.360476
vt 0.049970 0.356646
vt 0.052512 0.356905
vt 0.055338 0.357061
vt 0.058850 0.361028
vt 0.230555 0.620350
vt 0.233916 0.620942
vt 0.335704 0.639046
vt 0.330778 0.639054
vt 0.335891 0.633858
vt 0.331382 0.633878
vt 0.370655 0.278394
vt 0.358136 0.279051
vt 0.373973 0.290567
vt 0.360701 0.290962
vt 0.344373 0.278881
vt 0.342288 0.267977
vt 0.346186 0.290529
vt 0.326000 0.639083
vt 0.321222 0.639111
vt 0.326873 0.633898
vt 0.322809 0.633980
vt 0.324802 0.630392
vt 0.382567 0.277216
vt 0.386189 0.289650
vt 0.229202 0.615019
vt 0.227906 0.612988
vt 0.376762 0.304045
vt 0.362850 0.303873
vt 0.348296 0.303136
vt 0.228569 0.604710
vt 0.231557 0.604150
vt 0.377966 0.318302
vt 0.364016 0.317827
vt 0.349540 0.316740
vt 0.389165 0.303432
vt 0.416519 0.646651
vt 0.390711 0.318254
vt 0.218038 0.406224
vt 0.226158 0.407512
vt 0.226854 0.410269
vt 0.218734 0.408981
vt 0.014386 0.258831
vt 0.016378 0.258378
vt 0.014591 0.266269
vt 0.012599 0.266722
vt 0.234024 0.409130
vt 0.234452 0.411910
vt 0.012362 0.273635
vt 0.010661 0.274375
vt 0.217193 0.402892
vt 0.225568 0.403851
vt 0.233166 0.405492
vt 0.015742 0.250602
vt 0.017355 0.250099
vt 0.209559 0.405608
vt 0.210255 0.408364
vt 0.208864 0.402288
vt 0.011829 0.259522
vt 0.013641 0.250917
vt 0.010333 0.267701
vt 0.094620 0.230670
vt 0.092758 0.230857
vt 0.093644 0.222292
vt 0.097032 0.222206
vt 0.093943 0.214083
vt 0.097365 0.214291
vt 0.216782 0.399291
vt 0.225021 0.400543
vt 0.232739 0.402148
vt 0.216577 0.396928
vt 0.224653 0.397861
vt 0.307986 0.104185
vt 0.310655 0.103175
vt 0.311672 0.110035
vt 0.309285 0.110976
vt 0.235773 0.451229
vt 0.228451 0.450756
vt 0.228159 0.449598
vt 0.235685 0.449416
vt 0.243361 0.449482
vt 0.243276 0.451107
vt 0.208318 0.398981
vt 0.208113 0.396617
vt 0.207966 0.395478
vt 0.216699 0.395765
vt 0.221270 0.446731
vt 0.228784 0.447211
vt 0.220645 0.449118
vt 0.236854 0.446509
vt 0.210923 0.409945
vt 0.202622 0.409953
vt 0.202117 0.408691
vt 0.201272 0.405922
vt 0.014338 0.242539
vt 0.016211 0.242412
vt 0.200309 0.402626
vt 0.199763 0.399319
vt 0.199290 0.396978
vt 0.199009 0.395569
vt 0.011821 0.251332
vt 0.011999 0.242854
vt 0.099904 0.230691
vt 0.098020 0.239421
vt 0.094598 0.239213
vt 0.100064 0.222315
vt 0.363682 0.333685
vt 0.377709 0.334768
vt 0.376107 0.353397
vt 0.361550 0.351445
vt 0.349396 0.331946
vt 0.347266 0.348749
vt 0.101123 0.239109
vt 0.102831 0.230927
vt 0.102991 0.222551
vt 0.237648 0.444069
vt 0.659200 0.716237
vt 0.662933 0.715496
vt 0.662484 0.723157
vt 0.656603 0.723601
vt 0.185502 0.407838
vt 0.193030 0.406591
vt 0.194143 0.409337
vt 0.186616 0.410584
vt 0.014571 0.226999
vt 0.016563 0.226546
vt 0.017188 0.234134
vt 0.015803 0.234448
vt 0.194663 0.410905
vt 0.184539 0.404542
vt 0.192186 0.403259
vt 0.183724 0.401258
vt 0.191520 0.399988
vt 0.183520 0.398894
vt 0.191316 0.397624
vt 0.179818 0.412151
vt 0.178450 0.409735
vt 0.177338 0.406426
vt 0.013400 0.234288
vt 0.010892 0.226639
vt 0.015264 0.219710
vt 0.013869 0.219837
vt 0.011112 0.218913
vt 0.000990 0.058747
vt 0.000990 0.050668
vt 0.002954 0.051149
vt 0.003471 0.059007
vt 0.008465 0.227192
vt 0.007103 0.219881
vt 0.183090 0.397472
vt 0.190751 0.396495
vt 0.176941 0.403132
vt 0.176573 0.400449
vt 0.176157 0.399333
vt 0.665490 0.736272
vt 0.662956 0.736953
vt 0.662613 0.743519
vt 0.665147 0.742838
vt 0.662685 0.730151
vt 0.660066 0.737346
vt 0.659984 0.744040
vt 0.391173 0.334937
vt 0.011429 0.234465
vt 0.008663 0.243070
vt 0.007648 0.235244
vt 0.389950 0.354434
vt 0.102679 0.247240
vt 0.098670 0.247388
vt 0.656309 0.716629
vt 0.653455 0.724046
vt 0.652838 0.717498
vt 0.231754 0.437987
vt 0.224429 0.437394
vt 0.657066 0.730724
vt 0.653818 0.730827
vt 0.005886 0.227508
vt 0.102883 0.254722
vt 0.099814 0.255327
vt 0.097172 0.255317
vt 0.100229 0.262556
vt 0.097356 0.262706
vt 0.103139 0.261691
vt 0.657337 0.737526
vt 0.654085 0.737448
vt 0.649997 0.731770
vt 0.650630 0.724066
vt 0.649888 0.718625
vt 0.651198 0.738022
vt 0.213781 0.445168
vt 0.213331 0.447862
vt 0.372895 0.373276
vt 0.358074 0.370411
vt 0.343035 0.366237
vt 0.387683 0.375138
vt 0.403884 0.334842
vt 0.403834 0.354816
vt 0.402058 0.376086
vt 0.383538 0.395922
vt 0.368448 0.392843
vt 0.352495 0.388846
vt 0.398746 0.397999
vt 0.568565 0.360422
vt 0.538004 0.617819
vt 0.535821 0.617834
vt 0.535897 0.612051
vt 0.537788 0.612333
vt 0.533614 0.617837
vt 0.532857 0.612051
vt 0.566559 0.350509
vt 0.569243 0.352211
vt 0.560937 0.354748
vt 0.563111 0.349133
vt 0.535800 0.605021
vt 0.537691 0.605304
vt 0.532761 0.605021
vt 0.529795 0.612038
vt 0.529135 0.605002
vt 0.565453 0.343013
vt 0.569243 0.344627
vt 0.010931 0.544187
vt 0.009158 0.546939
vt 0.558173 0.353851
vt 0.560005 0.347997
vt 0.014763 0.545118
vt 0.013259 0.548417
vt 0.557346 0.347517
vt 0.357436 0.683785
vt 0.357543 0.678022
vt 0.739443 0.175025
vt 0.736110 0.175185
vt 0.737584 0.169542
vt 0.740359 0.169420
vt 0.400073 0.250746
vt 0.562057 0.341846
vt 0.360292 0.678010
vt 0.357623 0.671012
vt 0.360666 0.670991
vt 0.355461 0.671006
vt 0.353286 0.670991
vt 0.535678 0.597364
vt 0.537568 0.597339
vt 0.318331 0.662436
vt 0.318242 0.654449
vt 0.532492 0.597359
vt 0.528990 0.597331
vt 0.532617 0.589377
vt 0.535803 0.589383
vt 0.528698 0.589348
vt 0.318452 0.646197
vt 0.532447 0.581079
vt 0.535633 0.581084
vt 0.528945 0.581051
vt 0.390702 0.264304
vt 0.364322 0.663291
vt 0.367912 0.663224
vt 0.367592 0.670893
vt 0.363989 0.670951
vt 0.364322 0.655306
vt 0.367925 0.655248
vt 0.402466 0.262168
vt 0.364322 0.647015
vt 0.367912 0.646948
vt 0.360692 0.663331
vt 0.357650 0.663353
vt 0.360692 0.655347
vt 0.357663 0.655377
vt 0.355194 0.663356
vt 0.353019 0.663341
vt 0.355208 0.655380
vt 0.353032 0.655365
vt 0.360692 0.647055
vt 0.357650 0.647077
vt 0.355194 0.647080
vt 0.353019 0.647065
vt 0.404921 0.273424
vt 0.414565 0.271900
vt 0.422885 0.270853
vt 0.397609 0.287908
vt 0.394104 0.275429
vt 0.400624 0.301994
vt 0.407784 0.286295
vt 0.411667 0.300599
vt 0.402927 0.317336
vt 0.415336 0.316024
vt 0.537793 0.581056
vt 0.535714 0.573998
vt 0.537751 0.573977
vt 0.532674 0.573997
vt 0.529049 0.573978
vt 0.535777 0.568741
vt 0.537813 0.568721
vt 0.535967 0.565012
vt 0.538004 0.564991
vt 0.532884 0.568746
vt 0.414706 0.654613
vt 0.412110 0.655677
vt 0.529675 0.568727
vt 0.408629 0.656018
vt 0.366617 0.634621
vt 0.367592 0.639876
vt 0.363989 0.639934
vt 0.363628 0.634678
vt 0.405047 0.656018
vt 0.360666 0.639974
vt 0.357623 0.639996
vt 0.355461 0.639989
vt 0.353273 0.639965
vt 0.360292 0.634709
vt 0.357556 0.634730
vt 0.401685 0.655251
vt 0.399008 0.654528
vt 0.399979 0.650525
vt 0.357142 0.630974
vt 0.398046 0.649290
vt 0.396555 0.646523
vt 0.416746 0.284857
vt 0.430180 0.270288
vt 0.436869 0.284152
vt 0.435808 0.299277
vt 0.436947 0.236240
vt 0.444312 0.236982
vt 0.446026 0.228654
vt 0.443465 0.246485
vt 0.436098 0.246700
vt 0.448974 0.218466
vt 0.452262 0.229480
vt 0.458354 0.229606
vt 0.464922 0.223006
vt 0.463776 0.229377
vt 0.450776 0.237460
vt 0.456946 0.237236
vt 0.449819 0.246309
vt 0.462596 0.236659
vt 0.455989 0.246085
vt 0.449651 0.256682
vt 0.443369 0.257208
vt 0.436450 0.257427
vt 0.455899 0.256109
vt 0.461905 0.245464
vt 0.461627 0.255183
vt 0.443757 0.269196
vt 0.443571 0.283840
vt 0.437176 0.269720
vt 0.443079 0.299181
vt 0.449889 0.268668
vt 0.450350 0.283179
vt 0.450809 0.298646
vt 0.456104 0.268049
vt 0.457212 0.282426
vt 0.462363 0.267035
vt 0.464003 0.281323
vt 0.458468 0.297761
vt 0.465906 0.296525
vt 0.006446 0.205469
vt 0.416598 0.333790
vt 0.005587 0.213421
vt 0.004121 0.208339
vt 0.003664 0.205259
vt 0.001325 0.209030
vt 0.002781 0.213925
vt 0.004297 0.220384
vt 0.103937 0.272941
vt 0.101061 0.274099
vt 0.100555 0.269105
vt 0.103465 0.268240
vt 0.089348 0.204359
vt 0.091955 0.204753
vt 0.091981 0.207064
vt 0.089436 0.206796
vt 0.091902 0.209778
vt 0.089429 0.209792
vt 0.101985 0.277269
vt 0.099271 0.277679
vt 0.098473 0.274475
vt 0.091843 0.212803
vt 0.089370 0.212817
vt 0.104932 0.275691
vt 0.106199 0.267923
vt 0.107082 0.272815
vt 0.107724 0.274752
vt 0.091981 0.216018
vt 0.089676 0.215755
vt 0.174003 0.413710
vt 0.180054 0.413437
vt 0.174105 0.415289
vt 0.172650 0.411600
vt 0.171135 0.408608
vt 0.167019 0.410735
vt 0.170738 0.405313
vt 0.166563 0.406779
vt 0.170921 0.402890
vt 0.167192 0.404957
vt 0.666431 0.743312
vt 0.665797 0.749217
vt 0.664616 0.749264
vt 0.024001 0.251531
vt 0.026230 0.248141
vt 0.027768 0.248748
vt 0.025580 0.251169
vt 0.662344 0.750075
vt 0.659453 0.750467
vt 0.663952 0.754637
vt 0.661683 0.755628
vt 0.656562 0.750859
vt 0.657255 0.744220
vt 0.653634 0.750358
vt 0.654165 0.743931
vt 0.165079 0.412723
vt 0.027768 0.261080
vt 0.023575 0.255116
vt 0.026143 0.252951
vt 0.022230 0.262624
vt 0.021258 0.260018
vt 0.018800 0.261163
vt 0.019628 0.263795
vt 0.021064 0.256596
vt 0.018869 0.257681
vt 0.663806 0.758288
vt 0.661118 0.759544
vt 0.658793 0.756021
vt 0.658489 0.760065
vt 0.655902 0.756413
vt 0.655333 0.760147
vt 0.208260 0.010824
vt 0.205123 0.012148
vt 0.203778 0.009772
vt 0.206911 0.008463
vt 0.417154 0.354284
vt 0.652871 0.755389
vt 0.652298 0.758943
vt 0.650245 0.744532
vt 0.650644 0.750409
vt 0.649888 0.755803
vt 0.208260 0.003515
vt 0.206062 0.001487
vt 0.089022 0.218673
vt 0.091005 0.218493
vt 0.430176 0.353750
vt 0.086950 0.212457
vt 0.086769 0.209427
vt 0.201277 0.010101
vt 0.200394 0.007161
vt 0.200648 0.003756
vt 0.442176 0.314823
vt 0.441435 0.332197
vt 0.441726 0.352736
vt 0.416173 0.376379
vt 0.413391 0.399160
vt 0.429498 0.376104
vt 0.441236 0.375395
vt 0.426830 0.399798
vt 0.438872 0.399349
vt 0.450969 0.314112
vt 0.451286 0.331051
vt 0.451992 0.351547
vt 0.459575 0.313095
vt 0.460688 0.329902
vt 0.461660 0.350354
vt 0.467959 0.311728
vt 0.469604 0.328447
vt 0.471256 0.348811
vt 0.451806 0.374466
vt 0.462155 0.373186
vt 0.472055 0.371903
vt 0.450161 0.398637
vt 0.361221 0.412224
vt 0.377067 0.416782
vt 0.392842 0.420031
vt 0.407639 0.422409
vt 0.421420 0.423611
vt 0.434107 0.423985
vt 0.383634 0.441268
vt 0.399114 0.444773
vt 0.413541 0.446799
vt 0.426835 0.447693
vt 0.461079 0.397572
vt 0.446231 0.423445
vt 0.457680 0.422292
vt 0.471472 0.395896
vt 0.468909 0.420788
vt 0.439566 0.447672
vt 0.452000 0.446692
vt 0.417202 0.469258
vt 0.430353 0.469452
vt 0.636927 0.664522
vt 0.636717 0.675319
vt 0.610232 0.664163
vt 0.610651 0.652730
vt 0.524817 0.621511
vt 0.523926 0.633065
vt 0.498549 0.637795
vt 0.499682 0.627075
vt 0.608883 0.676383
vt 0.635575 0.686905
vt 0.491361 0.233588
vt 0.301163 0.271214
vt 0.313959 0.274571
vt 0.315361 0.286520
vt 0.300083 0.283937
vt 0.493606 0.220152
vt 0.496019 0.207684
vt 0.512135 0.210024
vt 0.329257 0.277228
vt 0.318234 0.298949
vt 0.303260 0.296625
vt 0.493639 0.194853
vt 0.509652 0.195025
vt 0.306436 0.312443
vt 0.330958 0.289179
vt 0.333412 0.301393
vt 0.511518 0.161954
vt 0.637994 0.730951
vt 0.637763 0.738072
vt 0.641193 0.738228
vt 0.641837 0.731181
vt 0.638407 0.723668
vt 0.638846 0.716386
vt 0.642523 0.723855
vt 0.642961 0.716573
vt 0.644721 0.731424
vt 0.645547 0.724216
vt 0.646258 0.716890
vt 0.639300 0.708824
vt 0.635193 0.708918
vt 0.643416 0.709010
vt 0.646440 0.709372
vt 0.003165 0.525870
vt 0.643804 0.738514
vt 0.646150 0.739125
vt 0.015295 0.612635
vt 0.015619 0.617564
vt 0.013432 0.617837
vt 0.012535 0.612711
vt 0.716921 0.174956
vt 0.715104 0.169587
vt 0.719182 0.169481
vt 0.720728 0.175142
vt 0.647340 0.731991
vt 0.014533 0.605819
vt 0.011528 0.606247
vt 0.718338 0.162534
vt 0.713573 0.162333
vt 0.723833 0.169580
vt 0.724419 0.175226
vt 0.015619 0.541137
vt 0.728083 0.169627
vt 0.728254 0.175285
vt 0.723261 0.162646
vt 0.728198 0.162694
vt 0.008785 0.606343
vt 0.008127 0.598993
vt 0.010596 0.598948
vt 0.013741 0.598565
vt 0.010045 0.591202
vt 0.007576 0.591247
vt 0.013051 0.590775
vt 0.712600 0.154735
vt 0.717781 0.154924
vt 0.712600 0.146782
vt 0.717509 0.146958
vt 0.009190 0.583068
vt 0.006721 0.583113
vt 0.012334 0.582685
vt 0.717781 0.138713
vt 0.712600 0.138523
vt 0.722975 0.155050
vt 0.722975 0.147097
vt 0.728184 0.155111
vt 0.728184 0.147158
vt 0.722975 0.138838
vt 0.728184 0.138899
vt 0.639696 0.702662
vt 0.635861 0.702713
vt 0.643538 0.702893
vt 0.003974 0.583069
vt 0.003631 0.575986
vt 0.006106 0.576082
vt 0.061882 0.361052
vt 0.062478 0.366390
vt 0.237393 0.621308
vt 0.000468 0.575810
vt 0.000831 0.570422
vt 0.003994 0.570598
vt 0.241218 0.620991
vt 0.006330 0.570649
vt 0.243790 0.620521
vt 0.008848 0.575985
vt 0.011854 0.575558
vt 0.713573 0.131438
vt 0.718338 0.131640
vt 0.008794 0.570465
vt 0.011666 0.570133
vt 0.009007 0.566346
vt 0.006816 0.566479
vt 0.714961 0.126177
vt 0.719182 0.126352
vt 0.011606 0.566066
vt 0.015153 0.565395
vt 0.015619 0.569314
vt 0.723261 0.131752
vt 0.728055 0.131825
vt 0.723690 0.126476
vt 0.728212 0.126536
vt 0.246441 0.613868
vt 0.010911 0.562517
vt 0.014184 0.561898
vt 0.246441 0.602973
vt 0.398176 0.638242
vt 0.489027 0.138126
vt 0.500908 0.149323
vt 0.005235 0.287204
vt 0.007381 0.285899
vt 0.005214 0.290284
vt 0.002840 0.291777
vt 0.246910 0.412845
vt 0.251647 0.414659
vt 0.251465 0.416519
vt 0.247055 0.415342
vt 0.304611 0.133971
vt 0.305415 0.137381
vt 0.003268 0.293204
vt 0.001325 0.295034
vt 0.310568 0.130168
vt 0.305393 0.127684
vt 0.310362 0.134923
vt 0.007762 0.281403
vt 0.009680 0.280287
vt 0.004739 0.282283
vt 0.008104 0.275066
vt 0.093348 0.200191
vt 0.094210 0.194448
vt 0.096994 0.193617
vt 0.096166 0.199654
vt 0.095501 0.189996
vt 0.098125 0.188906
vt 0.240951 0.411112
vt 0.241246 0.413621
vt 0.098933 0.199630
vt 0.098088 0.206474
vt 0.094469 0.206721
vt 0.099762 0.193594
vt 0.101015 0.206710
vt 0.101701 0.199607
vt 0.103045 0.193635
vt 0.304344 0.121639
vt 0.240375 0.407756
vt 0.312389 0.123612
vt 0.312118 0.129018
vt 0.311873 0.133113
vt 0.263278 0.449499
vt 0.257741 0.450241
vt 0.258355 0.448516
vt 0.264767 0.448051
vt 0.269753 0.447469
vt 0.267391 0.448761
vt 0.312389 0.116882
vt 0.250860 0.449119
vt 0.250605 0.450678
vt 0.252203 0.446400
vt 0.259869 0.445865
vt 0.266624 0.445655
vt 0.253356 0.443794
vt 0.261021 0.443259
vt 0.267965 0.442815
vt 0.239829 0.404449
vt 0.244531 0.446575
vt 0.245513 0.443902
vt 0.100363 0.214106
vt 0.104968 0.200454
vt 0.104228 0.207171
vt 0.103735 0.214827
vt 0.328154 0.360407
vt 0.467816 0.143866
vt 0.476313 0.128600
vt 0.262001 0.440465
vt 0.254335 0.441001
vt 0.246492 0.441108
vt 0.262276 0.437462
vt 0.254781 0.438065
vt 0.246938 0.438173
vt 0.307057 0.141000
vt 0.305867 0.140036
vt 0.308275 0.140652
vt 0.096724 0.186865
vt 0.099349 0.185775
vt 0.179203 0.021508
vt 0.180492 0.022414
vt 0.180492 0.026032
vt 0.179201 0.024447
vt 0.310770 0.138808
vt 0.101124 0.188722
vt 0.102188 0.185331
vt 0.309971 0.144035
vt 0.308585 0.144046
vt 0.311613 0.141901
vt 0.076362 0.006942
vt 0.075024 0.006505
vt 0.075253 0.003226
vt 0.076362 0.003925
vt 0.100380 0.183997
vt 0.103093 0.183587
vt 0.278965 0.442295
vt 0.277605 0.445315
vt 0.275329 0.445102
vt 0.276670 0.442262
vt 0.273094 0.447845
vt 0.271783 0.445260
vt 0.273123 0.442420
vt 0.104176 0.188924
vt 0.075865 0.000474
vt 0.076362 0.000882
vt 0.278198 0.439189
vt 0.279415 0.439600
vt 0.273760 0.439371
vt 0.106447 0.183207
vt 0.109681 0.185668
vt 0.277052 0.436310
vt 0.107141 0.190352
vt 0.105956 0.194677
vt 0.110462 0.189679
vt 0.111565 0.189388
vt 0.001262 0.172171
vt 0.003471 0.173394
vt 0.003471 0.177021
vt 0.001093 0.175069
vt 0.108750 0.201366
vt 0.112523 0.199163
vt 0.312324 0.135768
vt 0.268772 0.439834
vt 0.264489 0.434779
vt 0.255041 0.435484
vt 0.106908 0.208374
vt 0.249182 0.434646
vt 0.001339 0.036598
vt 0.003471 0.033838
vt 0.112390 0.207523
vt 0.487865 0.113869
vt 0.463737 0.120738
vt 0.474378 0.104201
vt 0.336701 0.383194
vt 0.501272 0.125236
vt 0.502629 0.099722
vt 0.488452 0.088520
vt 0.475162 0.078707
vt 0.461781 0.096228
vt 0.520744 0.086100
vt 0.506333 0.073404
vt 0.238816 0.441042
vt 0.239434 0.438294
vt 0.107534 0.214932
vt 0.112807 0.214335
vt 0.240775 0.435455
vt 0.233810 0.434695
vt 0.225048 0.434646
vt 0.732619 0.169623
vt 0.732103 0.175280
vt 0.733420 0.162691
vt 0.738800 0.162599
vt 0.741848 0.162490
vt 0.733549 0.155083
vt 0.739473 0.155017
vt 0.733821 0.147143
vt 0.739473 0.146759
vt 0.733549 0.138871
vt 0.739201 0.138792
vt 0.742521 0.154908
vt 0.742792 0.146968
vt 0.742521 0.138696
vt 0.733420 0.131797
vt 0.738800 0.131705
vt 0.732748 0.126532
vt 0.737584 0.126413
vt 0.740216 0.126315
vt 0.741576 0.131582
vt 0.739572 0.122451
vt 0.492653 0.062351
vt 0.527202 0.060020
vt 0.513290 0.047779
vt 0.535881 0.036145
vt 0.462841 0.070612
vt 0.480014 0.052431
vt 0.500262 0.036620
vt 0.522759 0.023736
vt 0.344663 0.406751
vt 0.367552 0.436543
vt 0.350873 0.430857
vt 0.468421 0.043949
vt 0.488869 0.026573
vt 0.355444 0.454252
vt 0.372210 0.460105
vt 0.388075 0.464736
vt 0.511273 0.012440
vt 0.478518 0.017658
vt 0.501130 0.002572
vt 0.288468 0.667052
vt 0.279062 0.652411
vt 0.295162 0.641633
vt 0.304603 0.654985
vt 0.559150 0.026853
vt 0.545725 0.013842
vt 0.534153 0.001909
vt 0.267676 0.638170
vt 0.261290 0.662265
vt 0.249703 0.647085
vt 0.270395 0.677649
vt 0.582202 0.019321
vt 0.568771 0.005699
vt 0.198433 0.649442
vt 0.182121 0.635925
vt 0.201135 0.626921
vt 0.217149 0.640891
vt 0.604491 0.012566
vt 0.230886 0.655715
vt 0.236184 0.632556
vt 0.640984 0.021187
vt 0.626096 0.006614
vt 0.179234 0.658755
vt 0.163299 0.645640
vt 0.211996 0.664511
vt 0.192357 0.673525
vt 0.242298 0.671141
vt 0.222842 0.680135
vt 0.251386 0.687169
vt 0.231693 0.696513
vt 0.277821 0.692691
vt 0.258733 0.702959
vt 0.238583 0.712648
vt 0.202636 0.689346
vt 0.160008 0.668485
vt 0.172031 0.682652
vt 0.181256 0.698120
vt 0.210591 0.705770
vt 0.188379 0.714195
vt 0.216805 0.721954
vt 0.194026 0.730578
vt 0.403035 0.467888
vt 0.312602 0.667645
vt 0.296322 0.680853
vt 0.319331 0.679367
vt 0.302955 0.693967
vt 0.610682 0.642322
vt 0.582094 0.643336
vt 0.582714 0.632437
vt 0.284200 0.706799
vt 0.553973 0.635913
vt 0.555144 0.624786
vt 0.264858 0.718061
vt 0.289419 0.720116
vt 0.269715 0.732225
vt 0.581215 0.655153
vt 0.579787 0.667901
vt 0.552504 0.648222
vt 0.550617 0.661354
vt 0.524972 0.643328
vt 0.527191 0.630622
vt 0.523006 0.656988
vt 0.244189 0.728198
vt 0.248683 0.743208
vt 0.221954 0.737849
vt 0.198656 0.746921
vt 0.226259 0.753460
vt 0.202348 0.762478
vt 0.273663 0.746498
vt 0.252505 0.757978
vt 0.495921 0.654046
vt 0.498347 0.640001
vt 0.229844 0.768579
vt 0.205744 0.778198
vt 0.469070 0.652540
vt 0.471917 0.638376
vt 0.208770 0.792934
vt 0.232648 0.783311
vt 0.738858 0.802115
vt 0.725602 0.805871
vt 0.717569 0.791494
vt 0.730370 0.787976
vt 0.742936 0.783378
vt 0.752028 0.796757
vt 0.755538 0.776776
vt 0.765023 0.789457
vt 0.768538 0.768217
vt 0.777790 0.779188
vt 0.733693 0.770520
vt 0.745690 0.764677
vt 0.757699 0.756318
vt 0.781700 0.756620
vt 0.790718 0.765882
vt 0.769270 0.744423
vt 0.792714 0.740963
vt 0.801976 0.749418
vt 0.778957 0.729430
vt 0.643115 0.287788
vt 0.650973 0.287879
vt 0.650337 0.294691
vt 0.643135 0.293074
vt 0.015723 0.452014
vt 0.015923 0.459952
vt 0.010568 0.458798
vt 0.010785 0.451158
vt 0.023266 0.451970
vt 0.024297 0.459649
vt 0.013337 0.380749
vt 0.017356 0.381599
vt 0.016142 0.389015
vt 0.012051 0.387485
vt 0.633593 0.275205
vt 0.634313 0.282944
vt 0.708831 0.429540
vt 0.703754 0.424800
vt 0.633536 0.266553
vt 0.643078 0.280971
vt 0.635233 0.289118
vt 0.643628 0.273523
vt 0.644088 0.265130
vt 0.633985 0.257243
vt 0.635308 0.246371
vt 0.645142 0.256718
vt 0.646323 0.247326
vt 0.636219 0.294092
vt 0.655118 0.263859
vt 0.659301 0.289234
vt 0.656475 0.256048
vt 0.656321 0.247566
vt 0.663990 0.262635
vt 0.665568 0.255095
vt 0.664672 0.247500
vt 0.014172 0.425917
vt 0.015106 0.436119
vt 0.010788 0.435431
vt 0.010004 0.424721
vt 0.010483 0.414681
vt 0.014277 0.416214
vt 0.685503 0.298045
vt 0.676020 0.299485
vt 0.676725 0.293505
vt 0.685466 0.292954
vt 0.694419 0.290029
vt 0.695550 0.293830
vt 0.014843 0.447758
vt 0.019091 0.447512
vt 0.704162 0.283488
vt 0.706118 0.286732
vt 0.053800 0.325645
vt 0.051864 0.337252
vt 0.047143 0.350129
vt 0.050782 0.351350
vt 0.014902 0.406587
vt 0.010737 0.404630
vt 0.666733 0.299053
vt 0.668018 0.291829
vt 0.016668 0.468584
vt 0.011603 0.467331
vt 0.024297 0.468127
vt 0.007316 0.402574
vt 0.006690 0.412455
vt 0.006361 0.422239
vt 0.004043 0.400170
vt 0.003567 0.409796
vt 0.048702 0.310241
vt 0.052078 0.312844
vt 0.685104 0.287149
vt 0.677322 0.286777
vt 0.669437 0.284238
vt 0.007714 0.393537
vt 0.011061 0.395420
vt 0.005111 0.391648
vt 0.008777 0.386028
vt 0.048238 0.300996
vt 0.045131 0.307811
vt 0.045047 0.299136
vt 0.043539 0.291963
vt 0.047493 0.293159
vt 0.044247 0.318235
vt 0.040409 0.314754
vt 0.043451 0.331554
vt 0.042882 0.347781
vt 0.039380 0.328405
vt 0.038282 0.344962
vt 0.035559 0.324529
vt 0.037239 0.310956
vt 0.345497 0.029993
vt 0.357031 0.019883
vt 0.357519 0.025873
vt 0.346031 0.035697
vt 0.344268 0.023303
vt 0.355910 0.013656
vt 0.363753 0.005591
vt 0.364454 0.011398
vt 0.684725 0.281540
vt 0.693315 0.285113
vt 0.691810 0.279766
vt 0.699614 0.274961
vt 0.701940 0.279445
vt 0.718919 0.493343
vt 0.717767 0.501558
vt 0.712511 0.500689
vt 0.713326 0.493812
vt 0.723537 0.481618
vt 0.724398 0.493618
vt 0.718121 0.482677
vt 0.712762 0.484271
vt 0.690668 0.274934
vt 0.683742 0.276759
vt 0.677247 0.272919
vt 0.682986 0.272860
vt 0.689377 0.270969
vt 0.696041 0.266927
vt 0.697863 0.270650
vt 0.708022 0.494897
vt 0.707065 0.487203
vt 0.704257 0.495549
vt 0.702568 0.489475
vt 0.672015 0.272320
vt 0.669180 0.261287
vt 0.031239 0.017148
vt 0.029872 0.014584
vt 0.030148 0.009198
vt 0.026356 0.010038
vt 0.670979 0.254017
vt 0.669420 0.247336
vt 0.672854 0.269424
vt 0.677250 0.269662
vt 0.240880 0.474523
vt 0.240983 0.478721
vt 0.235732 0.477638
vt 0.235931 0.474111
vt 0.670307 0.268232
vt 0.232828 0.469336
vt 0.231761 0.473321
vt 0.229179 0.472203
vt 0.230879 0.469304
vt 0.162216 0.642134
vt 0.161186 0.639370
vt 0.165351 0.637053
vt 0.164598 0.639741
vt 0.161423 0.634597
vt 0.166831 0.632419
vt 0.236097 0.469476
vt 0.165657 0.640679
vt 0.168928 0.636442
vt 0.233173 0.464344
vt 0.235898 0.463318
vt 0.025862 0.002447
vt 0.029817 0.001693
vt 0.157321 0.627951
vt 0.156819 0.621038
vt 0.160780 0.621207
vt 0.161157 0.627760
vt 0.166960 0.626845
vt 0.171535 0.631285
vt 0.232977 0.459351
vt 0.235788 0.456883
vt 0.172764 0.625930
vt 0.177021 0.625638
vt 0.174961 0.631055
vt 0.246127 0.474730
vt 0.246440 0.478997
vt 0.240714 0.469472
vt 0.239943 0.462401
vt 0.682530 0.269257
vt 0.681908 0.264991
vt 0.244255 0.460851
vt 0.246440 0.469311
vt 0.698631 0.499844
vt 0.695342 0.493914
vt 0.688452 0.497137
vt 0.690305 0.501558
vt 0.684657 0.491462
vt 0.691199 0.487335
vt 0.699278 0.481854
vt 0.239021 0.455237
vt 0.242345 0.453994
vt 0.332609 0.408251
vt 0.333190 0.413292
vt 0.330264 0.414453
vt 0.330264 0.408773
vt 0.343628 0.411745
vt 0.339571 0.416519
vt 0.678684 0.495376
vt 0.682014 0.499323
vt 0.717024 0.276282
vt 0.713733 0.273947
vt 0.722593 0.261035
vt 0.726551 0.262763
vt 0.023635 0.429015
vt 0.024983 0.411995
vt 0.028686 0.412563
vt 0.027248 0.430513
vt 0.024759 0.446088
vt 0.021119 0.443854
vt 0.719984 0.467067
vt 0.724596 0.465742
vt 0.728211 0.481104
vt 0.728908 0.494633
vt 0.733745 0.247710
vt 0.729417 0.246580
vt 0.714324 0.452916
vt 0.718645 0.450576
vt 0.714688 0.469349
vt 0.709678 0.472369
vt 0.709831 0.456109
vt 0.705170 0.460555
vt 0.032509 0.413393
vt 0.031142 0.431614
vt 0.041633 0.364871
vt 0.045747 0.366316
vt 0.043537 0.381809
vt 0.039250 0.380770
vt 0.028799 0.394573
vt 0.032668 0.394938
vt 0.036445 0.395204
vt 0.036078 0.414040
vt 0.024796 0.394573
vt 0.028353 0.447758
vt 0.037253 0.362375
vt 0.331229 0.039269
vt 0.331396 0.044981
vt 0.314789 0.051379
vt 0.315325 0.045473
vt 0.315088 0.038690
vt 0.330392 0.032428
vt 0.703822 0.477752
vt 0.034734 0.378520
vt 0.297561 0.054468
vt 0.314307 0.055819
vt 0.296399 0.058958
vt 0.298120 0.048418
vt 0.298899 0.041400
vt 0.329046 0.024956
vt 0.314860 0.030729
vt 0.299788 0.032950
vt 0.314446 0.022415
vt 0.313585 0.015718
vt 0.300780 0.024248
vt 0.800188 0.722081
vt 0.810681 0.730786
vt 0.785679 0.711199
vt 0.804243 0.700198
vt 0.816568 0.709024
vt 0.699564 0.808741
vt 0.693635 0.795511
vt 0.705253 0.794026
vt 0.712232 0.808144
vt 0.143287 0.970602
vt 0.158182 0.968594
vt 0.165108 0.977839
vt 0.148297 0.979984
vt 0.138950 0.959998
vt 0.152281 0.958440
vt 0.166123 0.956391
vt 0.173550 0.966397
vt 0.709473 0.778608
vt 0.698063 0.781291
vt 0.721340 0.775056
vt 0.935664 0.148776
vt 0.950841 0.149045
vt 0.949440 0.160834
vt 0.935062 0.160282
vt 0.919738 0.159804
vt 0.919610 0.148628
vt 0.132488 0.981092
vt 0.129088 0.971852
vt 0.126400 0.961087
vt 0.979015 0.149657
vt 0.991491 0.150469
vt 0.988202 0.162979
vt 0.976086 0.162059
vt 0.963242 0.161239
vt 0.965442 0.149167
vt 0.124689 0.948410
vt 0.113351 0.948736
vt 0.985538 0.176482
vt 0.999646 0.164388
vt 0.996474 0.178019
vt 0.112973 0.934871
vt 0.973931 0.175433
vt 0.983299 0.190379
vt 0.972131 0.189156
vt 0.971056 0.203007
vt 0.981936 0.204157
vt 0.993960 0.191502
vt 0.991734 0.205058
vt 0.961735 0.174578
vt 0.960374 0.188127
vt 0.959738 0.201804
vt 0.935027 0.172621
vt 0.948676 0.173503
vt 0.948181 0.187044
vt 0.935110 0.186081
vt 0.920503 0.171860
vt 0.921232 0.185284
vt 0.903908 0.159225
vt 0.905319 0.171246
vt 0.907205 0.184508
vt 0.947902 0.200840
vt 0.970583 0.216323
vt 0.980887 0.217325
vt 0.121227 0.906968
vt 0.120255 0.893793
vt 0.959553 0.215193
vt 0.948073 0.214350
vt 0.970699 0.229445
vt 0.959957 0.228389
vt 0.948477 0.227545
vt 0.981004 0.230447
vt 0.960881 0.241344
vt 0.971705 0.242106
vt 0.949771 0.240280
vt 0.962573 0.253175
vt 0.964814 0.263854
vt 0.953539 0.263379
vt 0.951380 0.252405
vt 0.955794 0.273717
vt 0.936999 0.226474
vt 0.938211 0.239502
vt 0.939820 0.251628
vt 0.941813 0.263191
vt 0.943903 0.274118
vt 0.928371 0.251626
vt 0.930295 0.263143
vt 0.932506 0.274733
vt 0.935340 0.199749
vt 0.922328 0.198945
vt 0.909152 0.198502
vt 0.923570 0.212815
vt 0.935868 0.213379
vt 0.924988 0.225983
vt 0.912883 0.225900
vt 0.911191 0.212317
vt 0.915027 0.239196
vt 0.926487 0.239086
vt 0.899005 0.212300
vt 0.901273 0.226030
vt 0.903334 0.239621
vt 0.916841 0.251690
vt 0.905641 0.252556
vt 0.907535 0.264984
vt 0.918887 0.263870
vt 0.892563 0.240425
vt 0.894347 0.253830
vt 0.896158 0.266552
vt 0.712071 0.763637
vt 0.723878 0.758997
vt 0.735663 0.753216
vt 0.746618 0.744597
vt 0.890125 0.170745
vt 0.887627 0.158933
vt 0.893015 0.184092
vt 0.734364 0.734343
vt 0.724343 0.742995
vt 0.756357 0.732581
vt 0.742659 0.722137
vt 0.764331 0.717694
vt 0.720882 0.725160
vt 0.711915 0.734072
vt 0.728334 0.713262
vt 0.749308 0.707914
vt 0.734286 0.699457
vt 0.770110 0.701316
vt 0.754360 0.692699
vt 0.896184 0.198198
vt 0.879295 0.184342
vt 0.883548 0.198468
vt 0.887384 0.212543
vt 0.890297 0.226467
vt 0.707303 0.718844
vt 0.713480 0.708636
vt 0.876383 0.213432
vt 0.872163 0.199920
vt 0.879802 0.227457
vt 0.882068 0.241416
vt 0.883838 0.255162
vt 0.700760 0.705041
vt 0.870463 0.228285
vt 0.867384 0.214950
vt 0.872645 0.242538
vt 0.873963 0.256799
vt 0.637951 0.789011
vt 0.639771 0.780111
vt 0.653573 0.783390
vt 0.651875 0.792767
vt 0.550558 0.381037
vt 0.541620 0.372386
vt 0.550683 0.365487
vt 0.559537 0.373679
vt 0.739027 0.685848
vt 0.724900 0.680059
vt 0.712157 0.675322
vt 0.727852 0.667290
vt 0.742168 0.671877
vt 0.757720 0.677409
vt 0.697547 0.682868
vt 0.693635 0.693139
vt 0.625806 0.784562
vt 0.635652 0.799215
vt 0.622622 0.794308
vt 0.649827 0.802909
vt 0.666213 0.795490
vt 0.664133 0.805469
vt 0.619525 0.805555
vt 0.633099 0.810075
vt 0.647339 0.813498
vt 0.714475 0.663430
vt 0.606968 0.799767
vt 0.616177 0.817457
vt 0.603229 0.812696
vt 0.743683 0.657660
vt 0.729241 0.654106
vt 0.112266 0.921233
vt 0.629912 0.821599
vt 0.626473 0.833779
vt 0.612226 0.830187
vt 0.599051 0.826074
vt 0.644153 0.825023
vt 0.640779 0.836933
vt 0.637404 0.849437
vt 0.622750 0.846454
vt 0.608469 0.843292
vt 0.664109 0.380258
vt 0.651893 0.373060
vt 0.646556 0.387374
vt 0.637639 0.368694
vt 0.632960 0.380924
vt 0.627211 0.393813
vt 0.619534 0.407162
vt 0.633416 0.418796
vt 0.648771 0.432077
vt 0.628423 0.352168
vt 0.641559 0.356529
vt 0.946376 0.284484
vt 0.934732 0.285982
vt 0.949298 0.294791
vt 0.937048 0.297053
vt 0.923156 0.287527
vt 0.920947 0.275708
vt 0.925307 0.299187
vt 0.624547 0.362556
vt 0.620155 0.373515
vt 0.909360 0.277365
vt 0.911486 0.289479
vt 0.913320 0.301976
vt 0.897831 0.279182
vt 0.899654 0.291791
vt 0.614752 0.384916
vt 0.603702 0.377195
vt 0.609275 0.366712
vt 0.885044 0.268648
vt 0.886126 0.281700
vt 0.886782 0.294585
vt 0.607483 0.397247
vt 0.596783 0.388725
vt 0.588323 0.399708
vt 0.598758 0.409489
vt 0.609844 0.420512
vt 0.622582 0.433217
vt 0.698110 0.411068
vt 0.693813 0.409198
vt 0.688241 0.409718
vt 0.695357 0.418642
vt 0.691953 0.416766
vt 0.686371 0.419923
vt 0.699342 0.421106
vt 0.019091 0.375141
vt 0.014771 0.375053
vt 0.682360 0.421484
vt 0.113475 0.267266
vt 0.113118 0.262215
vt 0.115312 0.259741
vt 0.116427 0.264549
vt 0.002058 0.390176
vt 0.076770 0.214287
vt 0.076828 0.209201
vt 0.079833 0.207834
vt 0.079833 0.213341
vt 0.677966 0.426493
vt 0.673237 0.435616
vt 0.668796 0.431751
vt 0.116651 0.254224
vt 0.118735 0.258314
vt 0.073698 0.217565
vt 0.073022 0.212547
vt 0.040555 0.293144
vt 0.077967 0.219217
vt 0.075538 0.222144
vt 0.023598 0.017676
vt 0.023856 0.027768
vt 0.020690 0.023691
vt 0.020142 0.014367
vt 0.037800 0.297602
vt 0.034734 0.306582
vt 0.020142 0.000918
vt 0.024297 0.003609
vt 0.116774 0.244106
vt 0.114518 0.229825
vt 0.637708 0.447551
vt 0.568953 0.381965
vt 0.577137 0.373123
vt 0.586889 0.380804
vt 0.578476 0.390698
vt 0.567806 0.365296
vt 0.559624 0.390124
vt 0.568835 0.399452
vt 0.578416 0.409721
vt 0.680302 0.797088
vt 0.678343 0.807545
vt 0.549840 0.396882
vt 0.558483 0.407181
vt 0.567355 0.418181
vt 0.588225 0.420691
vt 0.598130 0.432991
vt 0.609168 0.446856
vt 0.576200 0.430257
vt 0.585140 0.443664
vt 0.571139 0.451271
vt 0.563766 0.437334
vt 0.555631 0.424528
vt 0.675401 0.818838
vt 0.661386 0.816546
vt 0.692424 0.808975
vt 0.689604 0.820745
vt 0.547592 0.413051
vt 0.700409 0.835241
vt 0.703612 0.822275
vt 0.718060 0.823357
vt 0.714086 0.837359
vt 0.557407 0.456553
vt 0.551009 0.442381
vt 0.631751 0.479094
vt 0.621037 0.461998
vt 0.610088 0.490453
vt 0.602524 0.473856
vt 0.593657 0.458283
vt 0.637607 0.498422
vt 0.117612 0.185533
vt 0.113118 0.188390
vt 0.660880 0.510576
vt 0.668700 0.502730
vt 0.641583 0.517121
vt 0.615050 0.508034
vt 0.618794 0.525344
vt 0.584387 0.482082
vt 0.589997 0.498462
vt 0.593895 0.515131
vt 0.596760 0.532254
vt 0.577908 0.466385
vt 0.562921 0.471603
vt 0.567747 0.487371
vt 0.544411 0.460028
vt 0.548770 0.475279
vt 0.552102 0.491165
vt 0.571525 0.503787
vt 0.574110 0.520610
vt 0.576456 0.537615
vt 0.554566 0.507734
vt 0.658484 0.828169
vt 0.672401 0.830570
vt 0.686279 0.833233
vt 0.655012 0.840188
vt 0.669149 0.842958
vt 0.682962 0.845891
vt 0.651735 0.852583
vt 0.665741 0.855892
vt 0.679489 0.859096
vt 0.675869 0.871831
vt 0.662090 0.868466
vt 0.647986 0.865265
vt 0.696799 0.848816
vt 0.710346 0.851474
vt 0.723309 0.854188
vt 0.727755 0.839307
vt 0.693359 0.862183
vt 0.689544 0.875727
vt 0.706677 0.865488
vt 0.719664 0.869382
vt 0.703114 0.879564
vt 0.715808 0.884375
vt 0.619285 0.859234
vt 0.633655 0.862118
vt 0.672160 0.884843
vt 0.658697 0.881146
vt 0.644593 0.877944
vt 0.668937 0.897314
vt 0.655474 0.893617
vt 0.641436 0.890145
vt 0.685932 0.888632
vt 0.699306 0.893278
vt 0.712251 0.898619
vt 0.682578 0.901642
vt 0.695920 0.906720
vt 0.708670 0.912871
vt 0.735850 0.857175
vt 0.731532 0.873295
vt 0.537955 0.493775
vt 0.535815 0.477482
vt 0.727667 0.889305
vt 0.723850 0.904629
vt 0.789484 0.691381
vt 0.805498 0.677584
vt 0.819154 0.684487
vt 0.790904 0.671276
vt 0.804361 0.655940
vt 0.818696 0.660026
vt 0.789757 0.652149
vt 0.800868 0.635843
vt 0.814822 0.638111
vt 0.786403 0.634048
vt 0.773666 0.683564
vt 0.775074 0.665975
vt 0.759120 0.661707
vt 0.774428 0.648892
vt 0.758800 0.646047
vt 0.743837 0.643531
vt 0.771668 0.632548
vt 0.781536 0.617185
vt 0.795378 0.617340
vt 0.808562 0.617859
vt 0.775316 0.600475
vt 0.787787 0.599011
vt 0.799839 0.597734
vt 0.767836 0.584260
vt 0.779351 0.580991
vt 0.789941 0.577754
vt 0.729484 0.640948
vt 0.756728 0.631174
vt 0.742213 0.629677
vt 0.594880 0.839620
vt 0.582330 0.835859
vt 0.587111 0.821062
vt 0.570885 0.831740
vt 0.577621 0.850556
vt 0.565315 0.847749
vt 0.767516 0.617039
vt 0.753144 0.616909
vt 0.590618 0.853444
vt 0.604590 0.856514
vt 0.761743 0.601977
vt 0.586811 0.867158
vt 0.573269 0.865250
vt 0.560450 0.863586
vt 0.583393 0.880439
vt 0.569404 0.879403
vt 0.556162 0.879197
vt 0.615543 0.872085
vt 0.600848 0.869365
vt 0.630166 0.874907
vt 0.612288 0.884395
vt 0.597560 0.882106
vt 0.627008 0.887107
vt 0.553698 0.845025
vt 0.548443 0.862481
vt 0.755246 0.587449
vt 0.543480 0.879612
vt 0.555897 0.524493
vt 0.557448 0.541768
vt 0.001150 0.481168
vt 0.013368 0.476938
vt 0.020440 0.493171
vt 0.007869 0.496280
vt 0.538804 0.510210
vt 0.539376 0.527033
vt 0.539794 0.544497
vt 0.026475 0.472722
vt 0.034251 0.489726
vt 0.040036 0.468755
vt 0.048517 0.486531
vt 0.063238 0.483587
vt 0.054182 0.465054
vt 0.040164 0.507480
vt 0.055004 0.505042
vt 0.070156 0.502934
vt 0.025922 0.510089
vt 0.012465 0.512112
vt 0.814190 0.576310
vt 0.810562 0.562388
vt 0.825229 0.562917
vt 0.828041 0.577102
vt 0.029503 0.527364
vt 0.016018 0.528501
vt 0.044228 0.525890
vt 0.059355 0.524367
vt 0.074885 0.522795
vt 0.139896 0.525034
vt 0.129106 0.521174
vt 0.131212 0.518724
vt 0.140943 0.521713
vt 0.144137 0.519172
vt 0.135015 0.516493
vt 0.121745 0.516089
vt 0.124909 0.514510
vt 0.127755 0.512810
vt 0.689601 0.199110
vt 0.701176 0.195372
vt 0.701214 0.200463
vt 0.690908 0.204491
vt 0.711353 0.195773
vt 0.709821 0.200278
vt 0.701408 0.189547
vt 0.712855 0.190238
vt 0.701926 0.184519
vt 0.714349 0.185817
vt 0.702816 0.180926
vt 0.715239 0.182223
vt 0.638309 0.233271
vt 0.647104 0.235778
vt 0.667473 0.221939
vt 0.664344 0.241193
vt 0.662326 0.234166
vt 0.669564 0.224817
vt 0.651056 0.192783
vt 0.645574 0.185710
vt 0.660775 0.176974
vt 0.657326 0.165850
vt 0.679360 0.212402
vt 0.726858 0.004166
vt 0.714805 0.013146
vt 0.713895 0.009356
vt 0.725802 0.000616
vt 0.151760 0.509827
vt 0.160229 0.509316
vt 0.160902 0.514208
vt 0.152141 0.514705
vt 0.667452 0.468372
vt 0.669582 0.459968
vt 0.143594 0.514719
vt 0.141946 0.508033
vt 0.673646 0.450974
vt 0.156911 0.613987
vt 0.156837 0.606673
vt 0.160518 0.607324
vt 0.160865 0.614457
vt 0.083304 0.008677
vt 0.079043 0.007850
vt 0.079043 0.000358
vt 0.083218 0.001347
vt 0.166709 0.620652
vt 0.166757 0.614783
vt 0.166521 0.608612
vt 0.708583 0.023669
vt 0.705756 0.021097
vt 0.718931 0.014855
vt 0.717272 0.022594
vt 0.712385 0.028180
vt 0.172764 0.620458
vt 0.172380 0.614829
vt 0.177021 0.620166
vt 0.176751 0.615037
vt 0.171841 0.609419
vt 0.719482 0.026560
vt 0.716533 0.031789
vt 0.175799 0.609427
vt 0.722840 0.028729
vt 0.720775 0.033827
vt 0.726408 0.029656
vt 0.724934 0.035102
vt 0.723233 0.040025
vt 0.719335 0.038839
vt 0.728908 0.005891
vt 0.166380 0.380831
vt 0.162539 0.385280
vt 0.170079 0.378014
vt 0.169344 0.371294
vt 0.722806 0.018821
vt 0.722465 0.022784
vt 0.725462 0.023375
vt 0.727372 0.018058
vt 0.728477 0.024693
vt 0.715879 0.047353
vt 0.718242 0.042948
vt 0.721724 0.044866
vt 0.718654 0.048594
vt 0.674500 0.490780
vt 0.679552 0.485654
vt 0.685462 0.480407
vt 0.336771 0.401885
vt 0.340908 0.402816
vt 0.335938 0.397078
vt 0.340722 0.396783
vt 0.670092 0.486780
vt 0.674228 0.480839
vt 0.335099 0.391964
vt 0.339356 0.391108
vt 0.162402 0.518130
vt 0.168710 0.512997
vt 0.169680 0.516483
vt 0.153375 0.518720
vt 0.168088 0.508495
vt 0.174316 0.511414
vt 0.175235 0.514511
vt 0.160195 0.504043
vt 0.168132 0.503895
vt 0.669143 0.477949
vt 0.178756 0.509425
vt 0.728596 0.036346
vt 0.728908 0.032104
vt 0.333851 0.388150
vt 0.337726 0.386977
vt 0.666716 0.483894
vt 0.079833 0.249912
vt 0.074224 0.245224
vt 0.075055 0.234686
vt 0.079833 0.237171
vt 0.153452 0.527591
vt 0.154182 0.523973
vt 0.072487 0.232849
vt 0.071125 0.241209
vt 0.337780 0.088510
vt 0.337347 0.084974
vt 0.347099 0.082826
vt 0.346638 0.086689
vt 0.221068 0.485685
vt 0.221076 0.489838
vt 0.216679 0.486238
vt 0.214649 0.489052
vt 0.162799 0.364564
vt 0.167787 0.351198
vt 0.134212 0.510714
vt 0.126469 0.508852
vt 0.134497 0.505115
vt 0.327184 0.091061
vt 0.326211 0.087401
vt 0.227347 0.480502
vt 0.337357 0.091873
vt 0.215917 0.480923
vt 0.214676 0.482471
vt 0.229041 0.460762
vt 0.225190 0.463883
vt 0.221064 0.468057
vt 0.217140 0.472200
vt 0.214425 0.475026
vt 0.219107 0.461618
vt 0.214681 0.466264
vt 0.211546 0.469142
vt 0.676818 0.170936
vt 0.674559 0.160077
vt 0.693853 0.182786
vt 0.693432 0.178793
vt 0.692812 0.169352
vt 0.212186 0.473185
vt 0.123281 0.204772
vt 0.126691 0.204789
vt 0.709239 0.183448
vt 0.705746 0.187967
vt 0.710140 0.170309
vt 0.653245 0.151380
vt 0.648906 0.134999
vt 0.671883 0.145531
vt 0.668810 0.129134
vt 0.665278 0.112391
vt 0.660827 0.094955
vt 0.655083 0.076813
vt 0.692313 0.156595
vt 0.690813 0.141090
vt 0.688841 0.124015
vt 0.711094 0.154747
vt 0.710979 0.137329
vt 0.709883 0.118999
vt 0.686196 0.106935
vt 0.682632 0.089162
vt 0.707445 0.100966
vt 0.703581 0.082898
vt 0.698910 0.452010
vt 0.703734 0.445512
vt 0.707993 0.441194
vt 0.697596 0.438067
vt 0.692947 0.445277
vt 0.699384 0.468592
vt 0.693872 0.460946
vt 0.688196 0.454306
vt 0.687107 0.440167
vt 0.691530 0.433674
vt 0.682184 0.448882
vt 0.685763 0.431617
vt 0.681506 0.436980
vt 0.677033 0.444258
vt 0.711511 0.437943
vt 0.738257 0.233557
vt 0.733184 0.233008
vt 0.027221 0.378320
vt 0.023359 0.379151
vt 0.031459 0.377647
vt 0.450208 0.110008
vt 0.451171 0.124956
vt 0.446484 0.124938
vt 0.445650 0.110056
vt 0.280233 0.054415
vt 0.279361 0.059007
vt 0.281286 0.047962
vt 0.728232 0.232594
vt 0.728809 0.222305
vt 0.734128 0.221816
vt 0.739107 0.221115
vt 0.701168 0.433138
vt 0.694644 0.428339
vt 0.731868 0.212683
vt 0.727236 0.214400
vt 0.736534 0.210462
vt 0.024583 0.364887
vt 0.021119 0.367184
vt 0.028307 0.363681
vt 0.739912 0.208146
vt 0.742792 0.219707
vt 0.441373 0.096049
vt 0.441373 0.084049
vt 0.444946 0.082203
vt 0.444959 0.095768
vt 0.723210 0.208277
vt 0.717257 0.203390
vt 0.720143 0.199505
vt 0.727155 0.205331
vt 0.687851 0.426487
vt 0.679947 0.430868
vt 0.680955 0.426454
vt 0.116724 0.510044
vt 0.121133 0.509368
vt 0.722921 0.194873
vt 0.730916 0.201917
vt 0.119295 0.503895
vt 0.126009 0.503923
vt 0.725012 0.190737
vt 0.733608 0.198372
vt 0.315909 0.092990
vt 0.314467 0.089038
vt 0.313355 0.085327
vt 0.302545 0.089779
vt 0.301571 0.085670
vt 0.304274 0.093960
vt 0.306753 0.097699
vt 0.280143 0.087098
vt 0.280345 0.082826
vt 0.290426 0.084893
vt 0.290649 0.088995
vt 0.444816 0.070642
vt 0.449130 0.068433
vt 0.449343 0.080661
vt 0.449716 0.094887
vt 0.453859 0.066469
vt 0.454350 0.078691
vt 0.454700 0.093217
vt 0.265345 0.044272
vt 0.264292 0.050725
vt 0.251264 0.044507
vt 0.252443 0.037658
vt 0.241868 0.036602
vt 0.243131 0.030359
vt 0.292241 0.093574
vt 0.295228 0.098002
vt 0.310655 0.100659
vt 0.236429 0.028004
vt 0.237753 0.022510
vt 0.263871 0.055914
vt 0.282479 0.040649
vt 0.267366 0.036369
vt 0.254362 0.030007
vt 0.694334 0.474118
vt 0.284281 0.032215
vt 0.286763 0.023731
vt 0.269769 0.027994
vt 0.272936 0.020173
vt 0.301558 0.017229
vt 0.292842 0.012668
vt 0.310630 0.012138
vt 0.674608 0.519904
vt 0.664444 0.526098
vt 0.288696 0.017116
vt 0.275116 0.014660
vt 0.008677 0.445742
vt 0.002671 0.447240
vt 0.683585 0.536052
vt 0.670353 0.541517
vt 0.249065 0.016048
vt 0.252540 0.010078
vt 0.260966 0.015325
vt 0.257552 0.022043
vt 0.254954 0.004632
vt 0.263231 0.010418
vt 0.224155 0.456890
vt 0.228772 0.453306
vt 0.240395 0.016415
vt 0.243972 0.010193
vt 0.245525 0.023162
vt 0.247509 0.004972
vt 0.249919 0.001419
vt 0.004580 0.421544
vt 0.006472 0.430672
vt 0.002362 0.434282
vt 0.001680 0.423665
vt 0.694904 0.544955
vt 0.702966 0.548211
vt 0.701123 0.553831
vt 0.680633 0.556641
vt 0.686060 0.574685
vt 0.706053 0.565291
vt 0.645836 0.533678
vt 0.651118 0.550287
vt 0.657203 0.568001
vt 0.663329 0.586198
vt 0.712135 0.578810
vt 0.692487 0.591417
vt 0.719236 0.593264
vt 0.700005 0.607982
vt 0.727173 0.607929
vt 0.708247 0.623624
vt 0.670268 0.604618
vt 0.728276 0.094759
vt 0.731021 0.113701
vt 0.723732 0.076075
vt 0.678054 0.622366
vt 0.687120 0.639102
vt 0.717151 0.637871
vt 0.696824 0.653766
vt 0.726299 0.650869
vt 0.706866 0.666758
vt 0.677185 0.071010
vt 0.668672 0.053129
vt 0.655839 0.036455
vt 0.697833 0.064449
vt 0.688724 0.046283
vt 0.675974 0.029940
vt 0.660984 0.015038
vt 0.717091 0.057351
vt 0.707688 0.039501
vt 0.091836 0.626921
vt 0.109048 0.636100
vt 0.092463 0.650835
vt 0.075014 0.642005
vt 0.735257 0.050011
vt 0.742792 0.069010
vt 0.060325 0.632355
vt 0.059059 0.659645
vt 0.044086 0.650094
vt 0.333014 0.402998
vt 0.331792 0.397568
vt 0.330946 0.392149
vt 0.622771 0.542289
vt 0.627645 0.559916
vt 0.600461 0.549587
vt 0.604805 0.567980
vt 0.633539 0.578478
vt 0.639775 0.597811
vt 0.610047 0.587054
vt 0.646739 0.616907
vt 0.655169 0.635714
vt 0.664938 0.653291
vt 0.675477 0.668166
vt 0.145244 0.633778
vt 0.145062 0.656117
vt 0.127698 0.645454
vt 0.110469 0.659240
vt 0.127443 0.667961
vt 0.141668 0.678234
vt 0.151932 0.691202
vt 0.076507 0.668475
vt 0.094593 0.676132
vt 0.132515 0.699122
vt 0.113594 0.705117
vt 0.159098 0.706216
vt 0.165214 0.722189
vt 0.169855 0.738469
vt 0.136963 0.713086
vt 0.141020 0.728605
vt 0.115354 0.718927
vt 0.117415 0.733597
vt 0.144262 0.744734
vt 0.118333 0.748726
vt 0.045166 0.679053
vt 0.063007 0.687931
vt 0.082506 0.695386
vt 0.767926 0.014827
vt 0.760147 0.033553
vt 0.739931 0.027307
vt 0.747910 0.008792
vt 0.752558 0.052923
vt 0.732285 0.045809
vt 0.774525 0.060714
vt 0.781893 0.040496
vt 0.789030 0.020879
vt 0.029283 0.669901
vt 0.034220 0.698934
vt 0.017298 0.690678
vt 0.053335 0.706566
vt 0.046623 0.725320
vt 0.026171 0.719037
vt 0.810835 0.027136
vt 0.795870 0.001988
vt 0.816383 0.007456
vt 0.094758 0.709783
vt 0.073149 0.712923
vt 0.093247 0.750301
vt 0.067449 0.747307
vt 0.042478 0.744143
vt 0.020800 0.739357
vt 0.173762 0.754612
vt 0.177218 0.770519
vt 0.147493 0.760927
vt 0.120212 0.765019
vt 0.150430 0.777282
vt 0.122630 0.781822
vt 0.180615 0.786238
vt 0.183451 0.801575
vt 0.153591 0.793351
vt 0.125493 0.798344
vt 0.156758 0.808839
vt 0.128471 0.814432
vt 0.092093 0.766642
vt 0.093694 0.784346
vt 0.065258 0.766147
vt 0.040207 0.763732
vt 0.065758 0.784851
vt 0.039781 0.783189
vt 0.096085 0.801567
vt 0.067568 0.802624
vt 0.040618 0.801464
vt 0.099158 0.818157
vt 0.070061 0.819765
vt 0.043205 0.819107
vt 0.579204 0.555172
vt 0.582753 0.573835
vt 0.587407 0.593893
vt 0.616129 0.607028
vt 0.592995 0.614426
vt 0.559279 0.559344
vt 0.561817 0.578449
vt 0.565554 0.598524
vt 0.540650 0.562308
vt 0.542547 0.581043
vt 0.571168 0.619734
vt 0.763765 0.198788
vt 0.772149 0.183370
vt 0.793630 0.193227
vt 0.784396 0.208536
vt 0.781271 0.165309
vt 0.803479 0.175551
vt 0.759644 0.154529
vt 0.768979 0.134695
vt 0.791191 0.145498
vt 0.813885 0.155658
vt 0.623362 0.627307
vt 0.632156 0.646873
vt 0.600471 0.635211
vt 0.747590 0.123822
vt 0.757037 0.103127
vt 0.778669 0.113449
vt 0.736150 0.093267
vt 0.744795 0.072743
vt 0.766211 0.081760
vt 0.788372 0.091237
vt 0.796950 0.069261
vt 0.801288 0.123683
vt 0.823840 0.133481
vt 0.810870 0.100728
vt 0.819228 0.077903
vt 0.833079 0.109953
vt 0.841481 0.086366
vt 0.523832 0.563495
vt 0.523675 0.545836
vt 0.776584 0.221331
vt 0.805546 0.216853
vt 0.796621 0.229451
vt 0.814900 0.202288
vt 0.077579 0.481180
vt 0.085005 0.501077
vt 0.092603 0.479240
vt 0.100226 0.499359
vt 0.835514 0.209846
vt 0.825531 0.224132
vt 0.825213 0.184910
vt 0.835741 0.164741
vt 0.846090 0.192554
vt 0.856760 0.172748
vt 0.089982 0.521460
vt 0.105308 0.520341
vt 0.855026 0.216240
vt 0.844758 0.230821
vt 0.865845 0.199417
vt 0.845818 0.142290
vt 0.854957 0.118656
vt 0.862853 0.094514
vt 0.866837 0.150296
vt 0.875834 0.126300
vt 0.883587 0.101797
vt 0.876514 0.179610
vt 0.886591 0.157158
vt 0.895589 0.133163
vt 0.903463 0.108384
vt 0.804283 0.047794
vt 0.832330 0.033508
vt 0.826462 0.055313
vt 0.837193 0.012682
vt 0.848494 0.062928
vt 0.853877 0.040188
vt 0.858156 0.018320
vt 0.017603 0.759699
vt 0.869624 0.070608
vt 0.890117 0.077423
vt 0.874886 0.047126
vt 0.878581 0.024217
vt 0.894915 0.053643
vt 0.898468 0.030372
vt 0.909629 0.083818
vt 0.914264 0.060056
vt 0.917311 0.036231
vt 0.016157 0.779408
vt 0.880809 0.001988
vt 0.899826 0.007396
vt 0.918305 0.013063
vt 0.122927 0.580207
vt 0.134275 0.583670
vt 0.133030 0.595386
vt 0.121298 0.592726
vt 0.146860 0.587343
vt 0.145717 0.597837
vt 0.125806 0.568001
vt 0.136790 0.571997
vt 0.148932 0.577033
vt 0.112177 0.588973
vt 0.113785 0.576724
vt 0.490867 0.945764
vt 0.491145 0.957180
vt 0.488577 0.932501
vt 0.116988 0.564399
vt 0.747821 0.931309
vt 0.752280 0.942492
vt 0.742091 0.947624
vt 0.738023 0.936620
vt 0.768423 0.945347
vt 0.758707 0.951052
vt 0.762297 0.936001
vt 0.757613 0.924734
vt 0.140475 0.561466
vt 0.129872 0.556791
vt 0.152218 0.567326
vt 0.778724 0.938930
vt 0.772922 0.928508
vt 0.768288 0.916661
vt 0.135193 0.545647
vt 0.145378 0.551291
vt 0.796310 0.943561
vt 0.784978 0.948827
vt 0.790665 0.931661
vt 0.784788 0.919414
vt 0.247312 0.636434
vt 0.242599 0.634544
vt 0.243362 0.628896
vt 0.248012 0.631594
vt 0.252490 0.632998
vt 0.252116 0.637597
vt 0.678641 0.776629
vt 0.671806 0.775046
vt 0.244807 0.622844
vt 0.300108 0.766758
vt 0.306782 0.768468
vt 0.307183 0.774031
vt 0.300248 0.772907
vt 0.246874 0.617072
vt 0.299622 0.760295
vt 0.305611 0.762602
vt 0.258034 0.633196
vt 0.257660 0.637795
vt 0.264662 0.632043
vt 0.264267 0.636911
vt 0.258498 0.627870
vt 0.264820 0.626690
vt 0.271647 0.630604
vt 0.271559 0.635499
vt 0.271521 0.624954
vt 0.259053 0.621817
vt 0.265051 0.620755
vt 0.249814 0.612044
vt 0.253753 0.615786
vt 0.259318 0.615715
vt 0.264722 0.614452
vt 0.271446 0.618992
vt 0.278957 0.629046
vt 0.278869 0.633941
vt 0.437135 0.201310
vt 0.438824 0.201292
vt 0.442606 0.199981
vt 0.191114 0.610845
vt 0.189045 0.610072
vt 0.189626 0.602906
vt 0.191695 0.603678
vt 0.195312 0.604441
vt 0.194731 0.611607
vt 0.014453 0.048594
vt 0.012583 0.048369
vt 0.013269 0.041645
vt 0.015346 0.042075
vt 0.192388 0.595514
vt 0.190301 0.594887
vt 0.195987 0.596422
vt 0.200471 0.612706
vt 0.201052 0.605539
vt 0.207692 0.606865
vt 0.207130 0.613886
vt 0.201727 0.597521
vt 0.208407 0.598432
vt 0.214762 0.599461
vt 0.193156 0.586645
vt 0.196467 0.587380
vt 0.202229 0.588210
vt 0.208890 0.589266
vt 0.215839 0.590495
vt 0.158777 0.591399
vt 0.157719 0.600816
vt 0.160730 0.582456
vt 0.167831 0.604068
vt 0.168805 0.595728
vt 0.176157 0.598983
vt 0.175225 0.606785
vt 0.170448 0.586882
vt 0.177813 0.590239
vt 0.163346 0.573255
vt 0.173040 0.578074
vt 0.180114 0.581382
vt 0.167180 0.564410
vt 0.176199 0.569982
vt 0.182925 0.573801
vt 0.156415 0.557948
vt 0.161894 0.548118
vt 0.171314 0.555840
vt 0.180329 0.600360
vt 0.179724 0.607920
vt 0.183100 0.600460
vt 0.182189 0.607992
vt 0.184988 0.600310
vt 0.184386 0.607746
vt 0.181982 0.591740
vt 0.184426 0.592081
vt 0.186275 0.592346
vt 0.521078 0.400842
vt 0.518228 0.400580
vt 0.620399 0.315711
vt 0.631034 0.315180
vt 0.525590 0.400554
vt 0.537361 0.398744
vt 0.446489 0.206231
vt 0.442980 0.207428
vt 0.523191 0.393923
vt 0.520454 0.393536
vt 0.629070 0.307375
vt 0.526734 0.393394
vt 0.610419 0.316336
vt 0.537361 0.391807
vt 0.183956 0.583125
vt 0.186056 0.583853
vt 0.523538 0.386324
vt 0.518920 0.392320
vt 0.521831 0.385305
vt 0.015619 0.034618
vt 0.013661 0.034264
vt 0.191354 0.586314
vt 0.525590 0.386947
vt 0.528847 0.386741
vt 0.535646 0.385739
vt 0.541362 0.397961
vt 0.541475 0.391166
vt 0.541362 0.384621
vt 0.186419 0.576056
vt 0.187885 0.576999
vt 0.013186 0.028099
vt 0.015234 0.028257
vt 0.193532 0.578949
vt 0.191997 0.579060
vt 0.196600 0.578850
vt 0.528102 0.381715
vt 0.526162 0.380966
vt 0.524854 0.379767
vt 0.283954 0.207467
vt 0.278617 0.201888
vt 0.278448 0.198685
vt 0.283809 0.201291
vt 0.534217 0.381216
vt 0.284093 0.199687
vt 0.284484 0.211074
vt 0.014450 0.024714
vt 0.012583 0.023841
vt 0.193076 0.573665
vt 0.191765 0.574757
vt 0.188925 0.572019
vt 0.189720 0.573592
vt 0.191130 0.571401
vt 0.527869 0.378250
vt 0.526561 0.377317
vt 0.190986 0.573162
vt 0.202137 0.578698
vt 0.209147 0.579244
vt 0.151890 0.540423
vt 0.168309 0.538225
vt 0.159704 0.528833
vt 0.803771 0.923662
vt 0.809008 0.937939
vt 0.176327 0.547766
vt 0.812083 0.950380
vt 0.196290 0.537271
vt 0.208232 0.540934
vt 0.198023 0.521750
vt 0.211443 0.525861
vt 0.686788 0.777502
vt 0.695653 0.777406
vt 0.292203 0.771070
vt 0.292410 0.763913
vt 0.283824 0.768182
vt 0.284117 0.760603
vt 0.703542 0.777502
vt 0.276046 0.766439
vt 0.276265 0.758545
vt 0.292142 0.757076
vt 0.298776 0.754256
vt 0.304590 0.756727
vt 0.291896 0.750861
vt 0.284067 0.753391
vt 0.275159 0.773552
vt 0.269295 0.774031
vt 0.270139 0.767130
vt 0.270298 0.759504
vt 0.221138 0.600221
vt 0.227190 0.601099
vt 0.269893 0.751939
vt 0.276374 0.751227
vt 0.222807 0.591578
vt 0.229714 0.593346
vt 0.298621 0.748300
vt 0.304083 0.751098
vt 0.254736 0.611962
vt 0.253305 0.607754
vt 0.284112 0.747117
vt 0.292122 0.745105
vt 0.285011 0.741501
vt 0.384708 0.658347
vt 0.381473 0.662312
vt 0.377717 0.657829
vt 0.381255 0.653807
vt 0.373735 0.652126
vt 0.377638 0.648332
vt 0.239154 0.590559
vt 0.235248 0.596292
vt 0.243835 0.586545
vt 0.276547 0.744320
vt 0.277531 0.738282
vt 0.369886 0.645446
vt 0.374207 0.642197
vt 0.279749 0.733099
vt 0.286090 0.736401
vt 0.249581 0.584423
vt 0.369970 0.636883
vt 0.376115 0.634791
vt 0.256103 0.584018
vt 0.258925 0.610220
vt 0.263778 0.608219
vt 0.124964 0.535594
vt 0.125580 0.529161
vt 0.131898 0.527611
vt 0.131078 0.534142
vt 0.285961 0.627462
vt 0.285873 0.632357
vt 0.278525 0.623370
vt 0.111488 0.526232
vt 0.110332 0.520503
vt 0.117338 0.519129
vt 0.118547 0.524601
vt 0.291923 0.630981
vt 0.285241 0.621612
vt 0.118557 0.530628
vt 0.125554 0.523227
vt 0.111533 0.532095
vt 0.117888 0.537319
vt 0.110981 0.539110
vt 0.124075 0.542475
vt 0.117231 0.544849
vt 0.110403 0.547129
vt 0.284224 0.615961
vt 0.292507 0.614049
vt 0.282381 0.609501
vt 0.291353 0.606814
vt 0.279695 0.602254
vt 0.257630 0.604622
vt 0.387577 0.662960
vt 0.388578 0.654193
vt 0.391441 0.658820
vt 0.130241 0.540765
vt 0.395693 0.653315
vt 0.391919 0.648876
vt 0.116998 0.552091
vt 0.123294 0.548862
vt 0.389330 0.639196
vt 0.394366 0.642169
vt 0.388395 0.631739
vt 0.395693 0.633285
vt 0.110332 0.558830
vt 0.382769 0.633472
vt 0.273770 0.576782
vt 0.303070 0.610813
vt 0.301595 0.603573
vt 0.278568 0.567954
vt 0.267888 0.548859
vt 0.231147 0.515274
vt 0.245025 0.521572
vt 0.258644 0.527777
vt 0.272332 0.533523
vt 0.282240 0.554347
vt 0.296650 0.559275
vt 0.310031 0.592860
vt 0.309425 0.575652
vt 0.310913 0.562393
vt 0.285748 0.539076
vt 0.299546 0.543950
vt 0.277772 0.517441
vt 0.290252 0.523057
vt 0.303032 0.528948
vt 0.846372 0.951052
vt 0.849578 0.929696
vt 0.859551 0.939181
vt 0.217256 0.509471
vt 0.203603 0.504750
vt 0.225320 0.492398
vt 0.238604 0.497899
vt 0.251816 0.504579
vt 0.264750 0.511312
vt 0.272460 0.494400
vt 0.284467 0.501423
vt 0.295587 0.508320
vt 0.306741 0.515050
vt 0.260208 0.487264
vt 0.286622 0.325673
vt 0.289266 0.312712
vt 0.291218 0.301592
vt 0.277816 0.312673
vt 0.278750 0.301592
vt 0.276197 0.325430
vt 0.282934 0.339031
vt 0.273612 0.338481
vt 0.266379 0.314983
vt 0.265012 0.327102
vt 0.263422 0.339201
vt 0.745395 0.918759
vt 0.754746 0.912586
vt 0.765147 0.905008
vt 0.253157 0.330420
vt 0.254104 0.319310
vt 0.278289 0.353925
vt 0.269875 0.352691
vt 0.272866 0.371226
vt 0.264901 0.369732
vt 0.260591 0.352726
vt 0.267864 0.386248
vt 0.260184 0.384864
vt 0.256438 0.369350
vt 0.252170 0.384222
vt 0.240670 0.324959
vt 0.241142 0.333944
vt 0.246365 0.370551
vt 0.234503 0.374034
vt 0.780180 0.907277
vt 0.776538 0.896036
vt 0.793261 0.896873
vt 0.798253 0.909618
vt 0.789728 0.886737
vt 0.774337 0.887265
vt 0.784815 0.877123
vt 0.806768 0.886927
vt 0.811759 0.899672
vt 0.818067 0.914643
vt 0.800706 0.873486
vt 0.228694 0.341484
vt 0.214809 0.350071
vt 0.222498 0.378800
vt 0.796691 0.865904
vt 0.824442 0.889520
vt 0.818960 0.877757
vt 0.812440 0.864579
vt 0.208623 0.373535
vt 0.205257 0.364461
vt 0.202019 0.357110
vt 0.808200 0.856912
vt 0.178252 0.882797
vt 0.165698 0.873858
vt 0.176664 0.873527
vt 0.180009 0.894206
vt 0.188445 0.883119
vt 0.187267 0.873535
vt 0.189786 0.894534
vt 0.197800 0.873887
vt 0.198691 0.883773
vt 0.209143 0.885070
vt 0.208532 0.874573
vt 0.181533 0.908375
vt 0.182906 0.923450
vt 0.174246 0.923714
vt 0.191186 0.908714
vt 0.192013 0.923499
vt 0.199615 0.895196
vt 0.209774 0.896488
vt 0.200869 0.909373
vt 0.201713 0.923864
vt 0.210745 0.910060
vt 0.211442 0.924549
vt 0.220544 0.897801
vt 0.221214 0.911062
vt 0.221758 0.925242
vt 0.183667 0.937288
vt 0.175270 0.937237
vt 0.192380 0.937357
vt 0.201663 0.937728
vt 0.183391 0.949589
vt 0.175541 0.949827
vt 0.192111 0.949965
vt 0.182793 0.961566
vt 0.175206 0.961489
vt 0.191236 0.961644
vt 0.201001 0.950356
vt 0.199716 0.962348
vt 0.211263 0.938117
vt 0.220893 0.938825
vt 0.210331 0.950753
vt 0.208513 0.963070
vt 0.219551 0.951775
vt 0.217463 0.964100
vt 0.220469 0.886072
vt 0.220428 0.875878
vt 0.232118 0.887398
vt 0.233033 0.877180
vt 0.231770 0.898827
vt 0.231871 0.911785
vt 0.231705 0.925967
vt 0.244207 0.888730
vt 0.243042 0.899878
vt 0.242703 0.912830
vt 0.245661 0.878495
vt 0.256589 0.890067
vt 0.258567 0.880108
vt 0.254468 0.901238
vt 0.253442 0.914205
vt 0.230693 0.939548
vt 0.241968 0.926709
vt 0.240669 0.940593
vt 0.229087 0.952814
vt 0.238647 0.953866
vt 0.252144 0.928089
vt 0.250552 0.941969
vt 0.248383 0.955239
vt 0.468695 0.849230
vt 0.469247 0.860397
vt 0.475196 0.848074
vt 0.475749 0.859241
vt 0.753384 0.849810
vt 0.752012 0.838814
vt 0.758259 0.836010
vt 0.759855 0.847090
vt 0.470072 0.840976
vt 0.746041 0.841122
vt 0.742528 0.833085
vt 0.748275 0.830693
vt 0.471993 0.833031
vt 0.179900 0.982721
vt 0.177475 0.991602
vt 0.170435 0.991814
vt 0.172729 0.982637
vt 0.174855 0.999240
vt 0.185092 0.992000
vt 0.182202 0.999646
vt 0.187657 0.982813
vt 0.754321 0.827515
vt 0.743338 0.823022
vt 0.749409 0.819554
vt 0.195867 0.983527
vt 0.193033 0.992721
vt 0.243281 0.385013
vt 0.764830 0.832129
vt 0.767108 0.843031
vt 0.233108 0.386810
vt 0.760892 0.823634
vt 0.755963 0.815533
vt 0.767972 0.818911
vt 0.772367 0.827145
vt 0.775111 0.837354
vt 0.762835 0.810866
vt 0.783481 0.830451
vt 0.780004 0.820999
vt 0.775376 0.813112
vt 0.181588 0.972614
vt 0.174270 0.972528
vt 0.189615 0.972698
vt 0.197825 0.973411
vt 0.206475 0.974130
vt 0.215431 0.975468
vt 0.204107 0.984559
vt 0.201543 0.993746
vt 0.212793 0.985906
vt 0.210236 0.995399
vt 0.221927 0.987565
vt 0.219375 0.997366
vt 0.770006 0.805413
vt 0.222626 0.390261
vt 0.211092 0.384536
vt 0.786314 0.842319
vt 0.792118 0.823481
vt 0.795759 0.833721
vt 0.787933 0.814498
vt 0.804389 0.825487
vt 0.800206 0.815809
vt 0.796179 0.807350
vt 0.201025 0.390927
vt 0.196701 0.381983
vt 0.193879 0.372217
vt 0.190198 0.364961
vt 0.823601 0.855259
vt 0.819128 0.847938
vt 0.808396 0.807977
vt 0.810500 0.833651
vt 0.224558 0.976820
vt 0.226853 0.965137
vt 0.233861 0.978495
vt 0.231513 0.989846
vt 0.228962 0.999646
vt 0.236149 0.966505
vt 0.245892 0.968185
vt 0.243340 0.980492
vt 0.240992 0.991842
vt 0.785066 0.791914
vt 0.777477 0.799174
vt 0.770916 0.791494
vt 0.777822 0.784412
vt 0.258026 0.956944
vt 0.255388 0.969888
vt 0.253113 0.982492
vt 0.250918 0.994152
vt 0.783305 0.806611
vt 0.791093 0.799725
vt 0.803852 0.799790
vt 0.798749 0.792025
vt 0.811617 0.791500
vt 0.815995 0.799593
vt 0.792472 0.784420
vt 0.785028 0.776544
vt 0.806039 0.783857
vt 0.799312 0.776083
vt 0.791844 0.768498
vt 0.818333 0.782919
vt 0.812531 0.775192
vt 0.805762 0.767568
vt 0.823644 0.790628
vt 0.269254 0.892009
vt 0.272435 0.882005
vt 0.266340 0.902912
vt 0.831624 0.904117
vt 0.840022 0.918404
vt 0.179776 0.383298
vt 0.182615 0.394141
vt 0.828719 0.799378
vt 0.865215 0.916915
vt 0.855468 0.905819
vt 0.845730 0.892598
vt 0.837184 0.879358
vt 0.875096 0.927130
vt 0.884162 0.937710
vt 0.869135 0.949488
vt 0.871239 0.893158
vt 0.881177 0.904058
vt 0.891016 0.914424
vt 0.860803 0.880976
vt 0.900024 0.925013
vt 0.830986 0.868493
vt 0.851766 0.868718
vt 0.845102 0.858545
vt 0.836852 0.845255
vt 0.886446 0.880656
vt 0.876185 0.869137
vt 0.867090 0.857890
vt 0.896617 0.891209
vt 0.906439 0.901435
vt 0.915630 0.912258
vt 0.900656 0.868283
vt 0.910852 0.878546
vt 0.921132 0.888510
vt 0.890778 0.857373
vt 0.881832 0.847080
vt 0.904098 0.846234
vt 0.913827 0.856190
vt 0.924073 0.865873
vt 0.247620 0.480740
vt 0.892898 0.948101
vt 0.908467 0.935760
vt 0.258133 0.464481
vt 0.270384 0.471021
vt 0.281969 0.478540
vt 0.292602 0.486865
vt 0.302323 0.495458
vt 0.924222 0.922960
vt 0.947581 0.922561
vt 0.931766 0.934371
vt 0.939946 0.910185
vt 0.930971 0.898875
vt 0.293107 0.465411
vt 0.282303 0.456390
vt 0.301109 0.254643
vt 0.293008 0.266877
vt 0.306352 0.456334
vt 0.284509 0.279966
vt 0.267981 0.268454
vt 0.934836 0.875284
vt 0.276877 0.293272
vt 0.260061 0.282680
vt 0.269773 0.306198
vt 0.253926 0.296776
vt 0.246183 0.256586
vt 0.241996 0.272733
vt 0.237106 0.287669
vt 0.237059 0.230443
vt 0.176102 0.375877
vt 0.832504 0.836483
vt 0.161879 0.387748
vt 0.165909 0.395340
vt 0.827765 0.830229
vt 0.834782 0.809122
vt 0.841026 0.818100
vt 0.846397 0.824756
vt 0.857777 0.815256
vt 0.851523 0.808403
vt 0.844372 0.799519
vt 0.836953 0.789701
vt 0.830720 0.781251
vt 0.825142 0.773608
vt 0.853597 0.789448
vt 0.845003 0.779789
vt 0.837638 0.771349
vt 0.862105 0.798407
vt 0.869042 0.805082
vt 0.884263 0.821631
vt 0.879500 0.794841
vt 0.871864 0.788204
vt 0.862223 0.779255
vt 0.852472 0.769896
vt 0.889145 0.828576
vt 0.895760 0.836634
vt 0.897666 0.812888
vt 0.902849 0.819046
vt 0.909081 0.826496
vt 0.916837 0.835114
vt 0.925941 0.844236
vt 0.910646 0.804687
vt 0.915654 0.810181
vt 0.921304 0.816647
vt 0.905048 0.798641
vt 0.898060 0.791545
vt 0.890817 0.783392
vt 0.880558 0.778571
vt 0.922752 0.796860
vt 0.917329 0.791478
vt 0.910184 0.783858
vt 0.928477 0.824283
vt 0.927603 0.801829
vt 0.186266 0.312361
vt 0.199201 0.322332
vt 0.193521 0.328075
vt 0.181781 0.317427
vt 0.247715 0.309936
vt 0.232153 0.301378
vt 0.240831 0.322200
vt 0.226173 0.313287
vt 0.216246 0.293408
vt 0.220340 0.280675
vt 0.223682 0.265513
vt 0.211168 0.304664
vt 0.219181 0.323702
vt 0.205385 0.314410
vt 0.196153 0.296629
vt 0.200375 0.286649
vt 0.203567 0.274569
vt 0.223817 0.247452
vt 0.205423 0.260407
vt 0.191257 0.305415
vt 0.177702 0.296663
vt 0.181115 0.289175
vt 0.184127 0.279864
vt 0.177264 0.321879
vt 0.172093 0.326338
vt 0.162791 0.315554
vt 0.167028 0.311134
vt 0.170336 0.307352
vt 0.173920 0.302939
vt 0.165457 0.290275
vt 0.167659 0.283158
vt 0.169479 0.274823
vt 0.162868 0.295576
vt 0.186478 0.269366
vt 0.219470 0.225636
vt 0.204669 0.243007
vt 0.187157 0.256486
vt 0.186208 0.241548
vt 0.170943 0.265285
vt 0.171119 0.254584
vt 0.169653 0.241817
vt 0.297972 0.629606
vt 0.304459 0.622825
vt 0.304634 0.628285
vt 0.304044 0.617003
vt 0.312362 0.621467
vt 0.312232 0.626901
vt 0.312278 0.615279
vt 0.311630 0.608848
vt 0.310771 0.601538
vt 0.321390 0.614052
vt 0.321339 0.607697
vt 0.321400 0.600345
vt 0.321474 0.620240
vt 0.321323 0.625943
vt 0.331756 0.619559
vt 0.331296 0.625358
vt 0.331980 0.613274
vt 0.332199 0.607237
vt 0.332205 0.600322
vt 0.343800 0.619622
vt 0.343319 0.625690
vt 0.344010 0.613359
vt 0.358241 0.620215
vt 0.357717 0.626822
vt 0.358495 0.613291
vt 0.344231 0.607198
vt 0.344528 0.600332
vt 0.358762 0.606468
vt 0.358719 0.599741
vt 0.373584 0.620912
vt 0.373015 0.628181
vt 0.373901 0.613180
vt 0.373928 0.605398
vt 0.373622 0.598106
vt 0.344822 0.593589
vt 0.345174 0.586286
vt 0.345916 0.577933
vt 0.358651 0.579599
vt 0.324346 0.564230
vt 0.313425 0.547870
vt 0.326410 0.551316
vt 0.335891 0.566216
vt 0.347084 0.568240
vt 0.337549 0.554374
vt 0.328146 0.538645
vt 0.315873 0.534155
vt 0.309493 0.746226
vt 0.308507 0.740638
vt 0.312168 0.740656
vt 0.312561 0.746263
vt 0.315454 0.740658
vt 0.315470 0.746250
vt 0.307864 0.733731
vt 0.311902 0.733764
vt 0.315484 0.733756
vt 0.318204 0.740594
vt 0.317627 0.746206
vt 0.318610 0.733707
vt 0.019059 0.311546
vt 0.022351 0.304795
vt 0.020316 0.304490
vt 0.024603 0.305396
vt 0.043883 0.437252
vt 0.044386 0.431262
vt 0.047724 0.431359
vt 0.046535 0.437345
vt 0.041676 0.437220
vt 0.041613 0.431198
vt 0.039496 0.437240
vt 0.039581 0.431238
vt 0.172941 0.353373
vt 0.711914 0.258087
vt 0.709506 0.262040
vt 0.706929 0.262054
vt 0.708380 0.258103
vt 0.709813 0.252296
vt 0.714033 0.252281
vt 0.044778 0.424076
vt 0.048412 0.424215
vt 0.041736 0.424021
vt 0.039852 0.424082
vt 0.710808 0.245243
vt 0.715444 0.245232
vt 0.185541 0.352870
vt 0.187434 0.353830
vt 0.024172 0.319416
vt 0.187434 0.360926
vt 0.025539 0.313329
vt 0.311608 0.726148
vt 0.307570 0.726115
vt 0.044811 0.416366
vt 0.048594 0.416525
vt 0.338920 0.542360
vt 0.307491 0.718159
vt 0.311608 0.718217
vt 0.303374 0.718101
vt 0.303671 0.726022
vt 0.311446 0.709929
vt 0.307408 0.709896
vt 0.303509 0.709803
vt 0.315566 0.726156
vt 0.318693 0.726107
vt 0.315487 0.718199
vt 0.318693 0.718176
vt 0.321067 0.726028
vt 0.320608 0.733612
vt 0.024374 0.297670
vt 0.026626 0.298272
vt 0.321067 0.718096
vt 0.026421 0.290552
vt 0.028673 0.291154
vt 0.315404 0.709936
vt 0.318531 0.709888
vt 0.320905 0.709809
vt 0.028767 0.283463
vt 0.031019 0.284064
vt 0.041890 0.416281
vt 0.039737 0.416351
vt 0.041805 0.408294
vt 0.044995 0.408370
vt 0.718331 0.237549
vt 0.716171 0.237567
vt 0.716459 0.229272
vt 0.718495 0.229569
vt 0.711511 0.237565
vt 0.711529 0.229579
vt 0.042019 0.400042
vt 0.044940 0.400127
vt 0.716207 0.221288
vt 0.718367 0.221270
vt 0.711548 0.221286
vt 0.317934 0.521365
vt 0.329190 0.526873
vt 0.339945 0.530733
vt 0.359759 0.570589
vt 0.348661 0.557351
vt 0.360969 0.560357
vt 0.373884 0.573904
vt 0.389301 0.576992
vt 0.374867 0.562815
vt 0.390083 0.564531
vt 0.349993 0.545752
vt 0.362298 0.548881
vt 0.375890 0.551312
vt 0.390554 0.552289
vt 0.307555 0.702823
vt 0.311593 0.702855
vt 0.303953 0.702719
vt 0.311441 0.697517
vt 0.308076 0.697489
vt 0.304770 0.697376
vt 0.315175 0.702847
vt 0.318302 0.702799
vt 0.320300 0.702704
vt 0.030723 0.277720
vt 0.032974 0.278322
vt 0.315023 0.697509
vt 0.317773 0.697445
vt 0.309047 0.693616
vt 0.311818 0.693663
vt 0.315024 0.693640
vt 0.317478 0.693586
vt 0.319851 0.697375
vt 0.145618 0.301976
vt 0.147517 0.300610
vt 0.141674 0.298740
vt 0.041981 0.393075
vt 0.045023 0.393130
vt 0.039866 0.400111
vt 0.039680 0.393123
vt 0.710877 0.214220
vt 0.715390 0.214216
vt 0.041955 0.387996
vt 0.044580 0.388039
vt 0.039654 0.388044
vt 0.350748 0.533807
vt 0.362768 0.536640
vt 0.306117 0.693518
vt 0.041797 0.384479
vt 0.044152 0.384530
vt 0.710055 0.208991
vt 0.713859 0.208973
vt 0.039496 0.384527
vt 0.708644 0.205276
vt 0.711907 0.205263
vt 0.376073 0.538898
vt 0.457567 0.442254
vt 0.390146 0.539551
vt 0.145339 0.291478
vt 0.388945 0.621464
vt 0.388295 0.629686
vt 0.389344 0.612778
vt 0.405870 0.621984
vt 0.405178 0.630744
vt 0.406332 0.612490
vt 0.389455 0.603920
vt 0.406848 0.602561
vt 0.426539 0.622248
vt 0.425786 0.631692
vt 0.427022 0.612485
vt 0.427598 0.601872
vt 0.427945 0.590525
vt 0.449762 0.621980
vt 0.449294 0.631721
vt 0.450305 0.611534
vt 0.450576 0.600893
vt 0.450655 0.589104
vt 0.474997 0.609112
vt 0.475022 0.597760
vt 0.474816 0.585675
vt 0.407128 0.577616
vt 0.407625 0.564858
vt 0.159484 0.425048
vt 0.161844 0.423667
vt 0.163651 0.425172
vt 0.161078 0.426932
vt 0.202570 0.027770
vt 0.205749 0.028177
vt 0.204898 0.031239
vt 0.202083 0.030715
vt 0.003101 0.756676
vt 0.000361 0.755657
vt 0.000989 0.753730
vt 0.003958 0.754132
vt 0.427836 0.577465
vt 0.427764 0.564114
vt 0.312714 0.107886
vt 0.315256 0.106806
vt 0.315553 0.109799
vt 0.313309 0.110815
vt 0.208260 0.025298
vt 0.205692 0.025017
vt 0.205679 0.022363
vt 0.208135 0.022226
vt 0.208079 0.028306
vt 0.239236 0.004068
vt 0.240172 0.001493
vt 0.242969 0.001734
vt 0.242000 0.004455
vt 0.318859 0.108917
vt 0.318563 0.105923
vt 0.315416 0.104158
vt 0.318722 0.103276
vt 0.314299 0.113718
vt 0.322421 0.105427
vt 0.322349 0.108197
vt 0.323357 0.391615
vt 0.325683 0.389305
vt 0.328009 0.391605
vt 0.325419 0.394253
vt 0.316494 0.116278
vt 0.322210 0.114709
vt 0.322802 0.111602
vt 0.322159 0.388690
vt 0.319072 0.394352
vt 0.317731 0.391765
vt 0.202500 0.021956
vt 0.202451 0.019735
vt 0.205540 0.019976
vt 0.205136 0.018810
vt 0.202083 0.018135
vt 0.014349 0.754103
vt 0.012314 0.754447
vt 0.012940 0.749464
vt 0.016499 0.748060
vt 0.202661 0.024596
vt 0.207668 0.019523
vt 0.009871 0.754919
vt 0.006932 0.755126
vt 0.007471 0.750047
vt 0.010498 0.749936
vt 0.004585 0.749149
vt 0.001790 0.748939
vt 0.407223 0.551872
vt 0.014929 0.743384
vt 0.010839 0.743323
vt 0.007812 0.743434
vt 0.004768 0.742797
vt 0.406549 0.538693
vt 0.234644 0.006683
vt 0.235851 0.004284
vt 0.241209 0.010408
vt 0.319251 0.100851
vt 0.322802 0.100503
vt 0.322511 0.102491
vt 0.269112 0.073537
vt 0.266196 0.071931
vt 0.265773 0.068541
vt 0.269790 0.069559
vt 0.185698 0.026032
vt 0.183392 0.023700
vt 0.183901 0.022014
vt 0.185698 0.022581
vt 0.267818 0.067662
vt 0.276747 0.066402
vt 0.276552 0.064874
vt 0.275154 0.068494
vt 0.273945 0.071523
vt 0.273581 0.074908
vt 0.321562 0.399694
vt 0.326339 0.396814
vt 0.326875 0.399711
vt 0.322290 0.402423
vt 0.326917 0.401859
vt 0.322211 0.404570
vt 0.273518 0.077378
vt 0.270027 0.075423
vt 0.268138 0.075378
vt 0.272699 0.078293
vt 0.320642 0.397133
vt 0.314553 0.399765
vt 0.312983 0.396984
vt 0.311626 0.392804
vt 0.426810 0.550391
vt 0.315972 0.404862
vt 0.315281 0.402495
vt 0.316122 0.407203
vt 0.088349 0.189436
vt 0.090078 0.189294
vt 0.087645 0.194605
vt 0.086136 0.194268
vt 0.281254 0.070224
vt 0.282317 0.067812
vt 0.280181 0.073571
vt 0.279546 0.076949
vt 0.279473 0.079726
vt 0.151221 0.020756
vt 0.145796 0.020544
vt 0.146336 0.018982
vt 0.151586 0.018825
vt 0.093717 0.190055
vt 0.090270 0.194445
vt 0.085995 0.201126
vt 0.088981 0.202032
vt 0.011001 0.735926
vt 0.013779 0.735683
vt 0.288062 0.071992
vt 0.289137 0.069273
vt 0.083958 0.200350
vt 0.287136 0.075349
vt 0.008222 0.736170
vt 0.308336 0.404375
vt 0.309256 0.406937
vt 0.309406 0.409277
vt 0.307608 0.401646
vt 0.306038 0.398865
vt 0.286625 0.078723
vt 0.286439 0.081197
vt 0.157636 0.020500
vt 0.158045 0.018394
vt 0.425278 0.536446
vt 0.000984 0.742650
vt 0.181520 0.423222
vt 0.180900 0.415188
vt 0.305574 0.395799
vt 0.005019 0.735792
vt 0.002082 0.736295
vt 0.009283 0.728317
vt 0.005266 0.728196
vt 0.001005 0.728533
vt 0.298851 0.399851
vt 0.297722 0.395865
vt 0.301805 0.408260
vt 0.299965 0.403137
vt 0.302110 0.410071
vt 0.450262 0.575748
vt 0.449332 0.561632
vt 0.473505 0.572237
vt 0.471696 0.557624
vt 0.447823 0.547294
vt 0.469025 0.542494
vt 0.705300 0.252300
vt 0.701056 0.252301
vt 0.696250 0.252293
vt 0.697148 0.258102
vt 0.706025 0.245249
vt 0.701095 0.245250
vt 0.695749 0.245247
vt 0.692735 0.258084
vt 0.691567 0.252585
vt 0.690379 0.245537
vt 0.298439 0.107787
vt 0.220728 0.036445
vt 0.300043 0.100847
vt 0.301976 0.103437
vt 0.288117 0.108056
vt 0.289339 0.103117
vt 0.297385 0.099081
vt 0.008440 0.702314
vt 0.011843 0.702328
vt 0.011722 0.708082
vt 0.008640 0.708077
vt 0.688505 0.252249
vt 0.687047 0.245204
vt 0.706042 0.237570
vt 0.706330 0.229582
vt 0.700842 0.237573
vt 0.700983 0.229579
vt 0.706078 0.221290
vt 0.700878 0.221293
vt 0.340092 0.518610
vt 0.695496 0.237570
vt 0.695367 0.229578
vt 0.689587 0.237558
vt 0.689604 0.229571
vt 0.695532 0.221290
vt 0.689623 0.221278
vt 0.014872 0.702297
vt 0.012217 0.695309
vt 0.015259 0.695287
vt 0.008200 0.695296
vt 0.686401 0.237537
vt 0.012257 0.687658
vt 0.015606 0.687636
vt 0.686149 0.229553
vt 0.012270 0.679683
vt 0.015619 0.679660
vt 0.008240 0.687645
vt 0.008240 0.679661
vt 0.686437 0.221257
vt 0.012257 0.671382
vt 0.015606 0.671360
vt 0.008240 0.671369
vt 0.706094 0.214226
vt 0.700894 0.214228
vt 0.705542 0.208995
vt 0.704964 0.205287
vt 0.701029 0.208998
vt 0.700991 0.205286
vt 0.350955 0.520999
vt 0.362724 0.523369
vt 0.695818 0.214223
vt 0.690449 0.214206
vt 0.696493 0.208989
vt 0.697142 0.205277
vt 0.691394 0.208970
vt 0.693146 0.205263
vt 0.459211 0.463562
vt 0.463377 0.464000
vt 0.461742 0.466812
vt 0.687116 0.214180
vt 0.688331 0.208941
vt 0.339378 0.505845
vt 0.350317 0.507529
vt 0.361876 0.508896
vt 0.375474 0.525013
vt 0.389241 0.525639
vt 0.459247 0.468584
vt 0.374320 0.510513
vt 0.011736 0.655271
vt 0.011843 0.659027
vt 0.008453 0.659023
vt 0.008653 0.655266
vt 0.387779 0.511236
vt 0.012217 0.664292
vt 0.015259 0.664271
vt 0.008200 0.664279
vt 0.014885 0.659006
vt 0.013284 0.727986
vt 0.015407 0.727739
vt 0.017355 0.727299
vt 0.016860 0.734763
vt 0.296946 0.070471
vt 0.295871 0.073190
vt 0.294798 0.076537
vt 0.082183 0.207456
vt 0.083924 0.207730
vt 0.294164 0.079915
vt 0.293978 0.082389
vt 0.165196 0.018009
vt 0.302100 0.411156
vt 0.302410 0.080516
vt 0.302224 0.082989
vt 0.173076 0.017140
vt 0.304922 0.071065
vt 0.303848 0.073784
vt 0.303191 0.077148
vt 0.082529 0.215024
vt 0.081020 0.214687
vt 0.405053 0.524457
vt 0.402937 0.510537
vt 0.013368 0.720058
vt 0.009935 0.720297
vt 0.006661 0.720276
vt 0.291122 0.400811
vt 0.293692 0.409556
vt 0.294071 0.412090
vt 0.002237 0.720282
vt 0.289852 0.398055
vt 0.283115 0.401407
vt 0.283072 0.398366
vt 0.085823 0.208445
vt 0.084144 0.215654
vt 0.015652 0.719847
vt 0.422882 0.521982
vt 0.082126 0.222632
vt 0.080237 0.222107
vt 0.312397 0.074099
vt 0.313055 0.071363
vt 0.093758 0.567015
vt 0.095452 0.567708
vt 0.094419 0.575478
vt 0.092711 0.574403
vt 0.311740 0.077462
vt 0.007646 0.712189
vt 0.013044 0.711962
vt 0.015167 0.711715
vt 0.311230 0.080837
vt 0.310774 0.083304
vt 0.181437 0.016481
vt 0.181495 0.018086
vt 0.004463 0.712856
vt 0.000361 0.712933
vt 0.285267 0.411019
vt 0.275444 0.401497
vt 0.275716 0.404731
vt 0.276181 0.407798
vt 0.320855 0.073496
vt 0.321243 0.070754
vt 0.082483 0.230618
vt 0.080583 0.229675
vt 0.094424 0.583743
vt 0.092059 0.582470
vt 0.320052 0.076849
vt 0.319677 0.080541
vt 0.319491 0.083015
vt 0.190104 0.015662
vt 0.190161 0.017268
vt 0.096597 0.575882
vt 0.098150 0.584207
vt 0.102057 0.577275
vt 0.101208 0.585003
vt 0.419887 0.507567
vt 0.105336 0.577353
vt 0.104486 0.585081
vt 0.276911 0.411420
vt 0.191056 0.019103
vt 0.182178 0.020084
vt 0.268616 0.407188
vt 0.269115 0.409723
vt 0.198711 0.016616
vt 0.199707 0.018810
vt 0.328940 0.072277
vt 0.329328 0.069534
vt 0.083578 0.238146
vt 0.081677 0.237204
vt 0.328126 0.075937
vt 0.091775 0.590453
vt 0.094165 0.591579
vt 0.097656 0.592379
vt 0.336496 0.070737
vt 0.336884 0.067995
vt 0.084945 0.245341
vt 0.083277 0.244337
vt 0.335952 0.074404
vt 0.327886 0.079318
vt 0.327273 0.082082
vt 0.198005 0.014787
vt 0.335295 0.077768
vt 0.334963 0.080231
vt 0.206538 0.015731
vt 0.206044 0.013741
vt 0.445434 0.532583
vt 0.286101 0.413048
vt 0.442139 0.517893
vt 0.465450 0.527260
vt 0.461007 0.511755
vt 0.437650 0.503050
vt 0.474717 0.620124
vt 0.473902 0.630376
vt 0.500254 0.615989
vt 0.500576 0.604438
vt 0.500358 0.592251
vt 0.499277 0.579546
vt 0.525759 0.609644
vt 0.525855 0.597113
vt 0.633309 0.698279
vt 0.606590 0.688705
vt 0.630152 0.710177
vt 0.603406 0.701552
vt 0.525068 0.584333
vt 0.523438 0.570766
vt 0.626433 0.722321
vt 0.599990 0.714367
vt 0.497375 0.565785
vt 0.494342 0.551064
vt 0.490486 0.535410
vt 0.520660 0.556385
vt 0.516446 0.541016
vt 0.485439 0.519479
vt 0.027455 0.306466
vt 0.027840 0.321250
vt 0.029975 0.315504
vt 0.736580 0.310455
vt 0.736548 0.315809
vt 0.732706 0.315636
vt 0.732052 0.310256
vt 0.741121 0.310515
vt 0.740125 0.315860
vt 0.731730 0.303517
vt 0.726995 0.309814
vt 0.726119 0.303109
vt 0.736668 0.303759
vt 0.741618 0.303862
vt 0.029586 0.299490
vt 0.725964 0.295690
vt 0.731575 0.296098
vt 0.031633 0.292371
vt 0.725964 0.287892
vt 0.731575 0.288300
vt 0.726528 0.279758
vt 0.722966 0.287527
vt 0.723531 0.279393
vt 0.732140 0.280166
vt 0.736921 0.296384
vt 0.737199 0.288568
vt 0.737486 0.280452
vt 0.742149 0.296469
vt 0.742426 0.288653
vt 0.742713 0.280537
vt 0.727196 0.272748
vt 0.724475 0.272366
vt 0.732807 0.273156
vt 0.728630 0.267489
vt 0.726042 0.267168
vt 0.733687 0.267932
vt 0.147370 0.294642
vt 0.737876 0.273459
vt 0.730156 0.263655
vt 0.738215 0.268131
vt 0.742694 0.273501
vt 0.742479 0.268208
vt 0.145971 0.282864
vt 0.147517 0.287918
vt 0.745529 0.310513
vt 0.744124 0.315815
vt 0.228395 0.026599
vt 0.474963 0.230821
vt 0.473792 0.225275
vt 0.478146 0.225144
vt 0.478500 0.230715
vt 0.746857 0.303808
vt 0.751700 0.303571
vt 0.749963 0.310233
vt 0.480876 0.224998
vt 0.480958 0.230576
vt 0.483211 0.224766
vt 0.482881 0.230389
vt 0.005851 0.708063
vt 0.005023 0.702292
vt 0.003021 0.708022
vt 0.001874 0.702242
vt 0.484944 0.230165
vt 0.485556 0.224469
vt 0.480433 0.218143
vt 0.483182 0.217866
vt 0.485939 0.217524
vt 0.004463 0.695265
vt 0.001020 0.695225
vt 0.477703 0.218289
vt 0.747388 0.296415
vt 0.747942 0.288581
vt 0.752641 0.296221
vt 0.753205 0.288087
vt 0.747953 0.280483
vt 0.753205 0.280289
vt 0.476950 0.210768
vt 0.480093 0.210576
vt 0.479324 0.202685
vt 0.476570 0.202526
vt 0.482569 0.210308
vt 0.485326 0.209966
vt 0.482072 0.202408
vt 0.484698 0.202038
vt 0.478812 0.194415
vt 0.475670 0.194606
vt 0.481288 0.194146
vt 0.484046 0.193805
vt 0.004183 0.687606
vt 0.004183 0.679621
vt 0.000419 0.687557
vt 0.000419 0.679573
vt 0.004183 0.671330
vt 0.000419 0.671281
vt 0.348300 0.492511
vt 0.747657 0.273464
vt 0.752500 0.273227
vt 0.747032 0.268128
vt 0.751320 0.267926
vt 0.749547 0.264023
vt 0.480742 0.187068
vt 0.479664 0.181807
vt 0.482281 0.181502
vt 0.483499 0.186726
vt 0.001580 0.658951
vt 0.003035 0.655211
vt 0.005544 0.655243
vt 0.005023 0.658991
vt 0.004463 0.664248
vt 0.001020 0.664208
vt 0.477994 0.187345
vt 0.474991 0.187500
vt 0.474327 0.182194
vt 0.477197 0.182011
vt 0.473792 0.178348
vt 0.144782 0.272677
vt 0.747909 0.260503
vt 0.474271 0.174986
vt 0.360184 0.493760
vt 0.372319 0.495473
vt 0.345396 0.477368
vt 0.321382 0.451304
vt 0.341978 0.464766
vt 0.337748 0.448359
vt 0.357316 0.478326
vt 0.354776 0.463246
vt 0.354058 0.448948
vt 0.369733 0.480459
vt 0.367478 0.465676
vt 0.277005 0.182123
vt 0.291066 0.181165
vt 0.289591 0.194166
vt 0.275667 0.197288
vt 0.260873 0.196721
vt 0.231074 0.207158
vt 0.245471 0.191827
vt 0.262072 0.179094
vt 0.266403 0.163429
vt 0.273210 0.149137
vt 0.247526 0.172925
vt 0.252379 0.155686
vt 0.218761 0.423276
vt 0.219804 0.417398
vt 0.109336 0.577718
vt 0.107361 0.585918
vt 0.274699 0.397174
vt 0.100949 0.592839
vt 0.104253 0.592771
vt 0.108239 0.592753
vt 0.268071 0.400719
vt 0.266993 0.397795
vt 0.267922 0.403927
vt 0.225458 0.425231
vt 0.226940 0.419618
vt 0.261033 0.399435
vt 0.259868 0.395086
vt 0.260885 0.402643
vt 0.415600 0.494098
vt 0.104387 0.600376
vt 0.100874 0.600633
vt 0.097805 0.600367
vt 0.094065 0.599520
vt 0.091909 0.598059
vt 0.261349 0.405710
vt 0.262077 0.408439
vt 0.270072 0.412646
vt 0.263226 0.411194
vt 0.107020 0.599728
vt 0.104715 0.607412
vt 0.108279 0.606861
vt 0.235731 0.421775
vt 0.233168 0.425300
vt 0.101400 0.608008
vt 0.254786 0.397139
vt 0.254900 0.394461
vt 0.255102 0.403415
vt 0.254638 0.400348
vt 0.431623 0.488443
vt 0.455046 0.496216
vt 0.093339 0.612196
vt 0.092633 0.605774
vt 0.095471 0.607286
vt 0.096203 0.613562
vt 0.098331 0.607741
vt 0.098854 0.614206
vt 0.102172 0.614520
vt 0.087198 0.252331
vt 0.089184 0.258131
vt 0.086987 0.256687
vt 0.085149 0.251137
vt 0.088612 0.261194
vt 0.090820 0.263055
vt 0.349668 0.064840
vt 0.354041 0.063804
vt 0.353842 0.065329
vt 0.349301 0.066968
vt 0.343376 0.068867
vt 0.343900 0.066443
vt 0.091714 0.266498
vt 0.090243 0.264180
vt 0.089339 0.265263
vt 0.087304 0.261255
vt 0.353381 0.070848
vt 0.002516 0.248404
vt 0.002142 0.244027
vt 0.006942 0.246786
vt 0.341854 0.078055
vt 0.220174 0.012215
vt 0.213492 0.013006
vt 0.214045 0.011083
vt 0.220896 0.010305
vt 0.214242 0.014658
vt 0.207746 0.017763
vt 0.215449 0.016690
vt 0.255567 0.406481
vt 0.221186 0.013885
vt 0.249190 0.400613
vt 0.248726 0.397547
vt 0.423671 0.474997
vt 0.222649 0.015578
vt 0.249847 0.403512
vt 0.226419 0.009968
vt 0.225523 0.011510
vt 0.227052 0.012858
vt 0.228559 0.014376
vt 0.229599 0.016394
vt 0.223471 0.017404
vt 0.000904 0.246825
vt 0.000504 0.243126
vt 0.229071 0.011393
vt 0.231373 0.012080
vt 0.105447 0.613688
vt 0.106187 0.618525
vt 0.108344 0.613468
vt 0.109065 0.617014
vt 0.103110 0.619697
vt 0.246440 0.425987
vt 0.245922 0.426932
vt 0.109336 0.619263
vt 0.000992 0.227731
vt 0.001662 0.226825
vt 0.004110 0.229293
vt 0.003248 0.229962
vt 0.033600 0.009452
vt 0.034680 0.012148
vt 0.032355 0.011951
vt 0.100015 0.619577
vt 0.100971 0.622787
vt 0.091570 0.267958
vt 0.093717 0.270737
vt 0.093469 0.268672
vt 0.002202 0.252077
vt 0.004350 0.257573
vt 0.002995 0.257483
vt 0.004032 0.236365
vt 0.002933 0.239019
vt 0.000992 0.239499
vt 0.002018 0.236559
vt 0.001670 0.260324
vt 0.002913 0.259995
vt 0.001285 0.255477
vt 0.000645 0.258360
vt 0.236027 0.012564
vt 0.233091 0.013435
vt 0.233916 0.010648
vt 0.035064 0.000587
vt 0.035996 0.003029
vt 0.033256 0.003478
vt 0.032355 0.000765
vt 0.005193 0.232949
vt 0.004466 0.233143
vt 0.033804 0.006297
vt 0.002645 0.233572
vt 0.037985 0.002918
vt 0.005206 0.235881
vt 0.016885 0.023154
vt 0.019090 0.025897
vt 0.244040 0.394461
vt 0.244505 0.397527
vt 0.234697 0.017618
vt 0.233886 0.020044
vt 0.229660 0.020826
vt 0.230209 0.018383
vt 0.234131 0.015454
vt 0.000504 0.249399
vt 0.301109 0.137074
vt 0.281850 0.135934
vt 0.291404 0.124167
vt 0.447238 0.481010
vt 0.437507 0.466840
vt 0.268897 0.125358
vt 0.279292 0.112010
vt 0.462486 0.471259
vt 0.471766 0.487162
vt 0.479505 0.503424
vt 0.264465 0.100320
vt 0.275071 0.086899
vt 0.289670 0.100138
vt 0.259736 0.140135
vt 0.232248 0.165230
vt 0.237374 0.147063
vt 0.244991 0.130576
vt 0.254118 0.114887
vt 0.246603 0.089106
vt 0.257159 0.074465
vt 0.488156 0.475500
vt 0.477364 0.459315
vt 0.236611 0.104875
vt 0.228436 0.121428
vt 0.236567 0.063710
vt 0.226335 0.078940
vt 0.217311 0.095880
vt 0.511042 0.525372
vt 0.622074 0.735239
vt 0.595734 0.728127
vt 0.617166 0.749088
vt 0.591362 0.743381
vt 0.586571 0.759459
vt 0.611508 0.764039
vt 0.577417 0.680752
vt 0.574536 0.694270
vt 0.571435 0.708441
vt 0.548640 0.675033
vt 0.546023 0.689485
vt 0.543356 0.704221
vt 0.520860 0.671038
vt 0.518928 0.686305
vt 0.516855 0.701698
vt 0.567955 0.723172
vt 0.564398 0.739134
vt 0.560473 0.756340
vt 0.540521 0.720030
vt 0.538030 0.736950
vt 0.534790 0.754971
vt 0.514706 0.718322
vt 0.512518 0.735913
vt 0.509750 0.754234
vt 0.494078 0.668766
vt 0.492489 0.684441
vt 0.491010 0.700492
vt 0.467570 0.667669
vt 0.466193 0.683858
vt 0.441165 0.668115
vt 0.443126 0.652603
vt 0.440079 0.684291
vt 0.464966 0.700159
vt 0.439434 0.700566
vt 0.489403 0.717353
vt 0.487888 0.735075
vt 0.464031 0.717151
vt 0.439042 0.717795
vt 0.463007 0.734689
vt 0.438600 0.735306
vt 0.504810 0.508918
vt 0.497101 0.492016
vt 0.605380 0.779391
vt 0.580727 0.775967
vt 0.598069 0.795281
vt 0.574121 0.792891
vt 0.555113 0.773832
vt 0.566211 0.809994
vt 0.590087 0.811744
vt 0.548831 0.791647
vt 0.541244 0.809641
vt 0.516248 0.809790
vt 0.523944 0.791469
vt 0.530045 0.773341
vt 0.581461 0.827832
vt 0.557617 0.826986
vt 0.268004 0.061285
vt 0.247364 0.049311
vt 0.214218 0.055181
vt 0.224997 0.040177
vt 0.532923 0.827103
vt 0.204325 0.071307
vt 0.196223 0.088497
vt 0.201474 0.033528
vt 0.190727 0.049146
vt 0.181142 0.065554
vt 0.507946 0.827471
vt 0.483541 0.827832
vt 0.491913 0.810087
vt 0.499680 0.791704
vt 0.166923 0.044312
vt 0.177989 0.028388
vt 0.476013 0.790982
vt 0.468376 0.809258
vt 0.459843 0.826909
vt 0.143065 0.039743
vt 0.154758 0.023796
vt 0.505678 0.772734
vt 0.481590 0.772133
vt 0.485372 0.753646
vt 0.461403 0.752956
vt 0.458203 0.771416
vt 0.452865 0.789831
vt 0.437435 0.752969
vt 0.435096 0.770705
vt 0.430658 0.788132
vt 0.445559 0.807831
vt 0.436722 0.824810
vt 0.214683 0.202270
vt 0.229963 0.185382
vt 0.200986 0.222677
vt 0.192730 0.197050
vt 0.213814 0.178954
vt 0.216051 0.157582
vt 0.195767 0.171991
vt 0.198629 0.150298
vt 0.182037 0.223703
vt 0.173563 0.206373
vt 0.165595 0.226716
vt 0.158765 0.211751
vt 0.175774 0.163277
vt 0.170231 0.181394
vt 0.159732 0.192995
vt 0.179356 0.143400
vt 0.149612 0.199965
vt 0.221159 0.138811
vt 0.203413 0.130937
vt 0.209769 0.113303
vt 0.183864 0.124370
vt 0.189603 0.106171
vt 0.159138 0.136832
vt 0.155157 0.155183
vt 0.150410 0.171097
vt 0.163400 0.118746
vt 0.168249 0.100911
vt 0.173962 0.082994
vt 0.142360 0.114663
vt 0.145981 0.096594
vt 0.150774 0.078725
vt 0.157340 0.061018
vt 0.133484 0.056748
vt 0.264358 0.915903
vt 0.262497 0.929791
vt 0.260341 0.943676
vt 0.270448 0.945399
vt 0.273026 0.931815
vt 0.275574 0.917912
vt 0.267969 0.958960
vt 0.265331 0.971903
vt 0.262640 0.984515
vt 0.260451 0.996482
vt 0.277689 0.961010
vt 0.275027 0.973941
vt 0.272336 0.986552
vt 0.269731 0.998525
vt 0.798069 0.759899
vt 0.874379 0.680510
vt 0.887025 0.681444
vt 0.886149 0.695234
vt 0.872815 0.694601
vt 0.863412 0.665281
vt 0.876316 0.666294
vt 0.861203 0.679789
vt 0.888690 0.667214
vt 0.859510 0.693841
vt 0.899012 0.682552
vt 0.898551 0.696331
vt 0.899566 0.709367
vt 0.886063 0.708276
vt 0.872042 0.707640
vt 0.910195 0.684166
vt 0.910293 0.697603
vt 0.912426 0.710262
vt 0.900676 0.668322
vt 0.911588 0.669921
vt 0.152411 0.867099
vt 0.143261 0.876829
vt 0.136137 0.868576
vt 0.145027 0.857726
vt 0.159541 0.876226
vt 0.150152 0.885103
vt 0.278642 0.905193
vt 0.155121 0.846166
vt 0.162629 0.857134
vt 0.169760 0.867725
vt 0.290980 0.908102
vt 0.286826 0.920548
vt 0.174215 0.847123
vt 0.166810 0.834558
vt 0.298649 0.923486
vt 0.304042 0.911622
vt 0.181046 0.858990
vt 0.283579 0.933852
vt 0.280584 0.947443
vt 0.294168 0.936516
vt 0.290750 0.949806
vt 0.287702 0.963064
vt 0.310654 0.927054
vt 0.305197 0.939186
vt 0.132042 0.484728
vt 0.142967 0.486465
vt 0.142259 0.499823
vt 0.130747 0.497836
vt 0.134003 0.471322
vt 0.144635 0.473083
vt 0.186746 0.869725
vt 0.193420 0.850286
vt 0.198697 0.862164
vt 0.186891 0.837145
vt 0.211208 0.854447
vt 0.206356 0.841427
vt 0.200833 0.827253
vt 0.214965 0.865992
vt 0.202775 0.872700
vt 0.118576 0.495260
vt 0.120168 0.482724
vt 0.227895 0.859185
vt 0.224665 0.846364
vt 0.220278 0.832733
vt 0.105488 0.493030
vt 0.107331 0.480445
vt 0.238723 0.838657
vt 0.241632 0.852487
vt 0.243767 0.865297
vt 0.230734 0.870775
vt 0.180047 0.822960
vt 0.194871 0.811904
vt 0.215658 0.817661
vt 0.210360 0.802023
vt 0.284624 0.976001
vt 0.136607 0.458198
vt 0.146947 0.459984
vt 0.149914 0.447176
vt 0.159277 0.448678
vt 0.156616 0.461470
vt 0.153538 0.434659
vt 0.162917 0.436468
vt 0.143520 0.433164
vt 0.139574 0.445390
vt 0.811871 0.758295
vt 0.804386 0.750569
vt 0.818865 0.766002
vt 0.162559 0.412959
vt 0.157865 0.423353
vt 0.147832 0.421552
vt 0.152526 0.411158
vt 0.831361 0.763744
vt 0.824609 0.756261
vt 0.128901 0.443604
vt 0.132833 0.431370
vt 0.137144 0.419758
vt 0.141807 0.408751
vt 0.146515 0.398365
vt 0.157265 0.401386
vt 0.126370 0.417317
vt 0.131047 0.406319
vt 0.136030 0.395304
vt 0.125320 0.456445
vt 0.122410 0.469584
vt 0.110160 0.467555
vt 0.113656 0.454367
vt 0.117545 0.441810
vt 0.097547 0.465211
vt 0.094173 0.478174
vt 0.105810 0.439393
vt 0.101644 0.452281
vt 0.121782 0.429261
vt 0.110660 0.426812
vt 0.115262 0.414877
vt 0.120214 0.403249
vt 0.089561 0.449856
vt 0.094340 0.436936
vt 0.099160 0.424040
vt 0.104360 0.411766
vt 0.109310 0.399839
vt 0.088219 0.421202
vt 0.093094 0.408339
vt 0.098029 0.396106
vt 0.235083 0.824338
vt 0.230846 0.809054
vt 0.253549 0.831991
vt 0.255732 0.846776
vt 0.257306 0.861205
vt 0.250251 0.816928
vt 0.266747 0.811868
vt 0.269122 0.827563
vt 0.270422 0.843513
vt 0.246877 0.801677
vt 0.226411 0.793449
vt 0.242941 0.786582
vt 0.264071 0.795985
vt 0.284490 0.809556
vt 0.285688 0.827102
vt 0.285928 0.844161
vt 0.282731 0.792165
vt 0.302098 0.829778
vt 0.302262 0.811311
vt 0.301762 0.793132
vt 0.084892 0.462842
vt 0.080625 0.475572
vt 0.066978 0.472613
vt 0.072139 0.460118
vt 0.077729 0.447382
vt 0.083107 0.434421
vt 0.271093 0.858841
vt 0.283278 0.873645
vt 0.270825 0.872484
vt 0.285798 0.860255
vt 0.066119 0.444544
vt 0.060164 0.456666
vt 0.066771 0.415687
vt 0.077222 0.418332
vt 0.072111 0.431551
vt 0.061675 0.429213
vt 0.071293 0.401920
vt 0.082068 0.405154
vt 0.052106 0.427092
vt 0.056880 0.413276
vt 0.061080 0.399218
vt 0.295184 0.878175
vt 0.299901 0.864219
vt 0.312211 0.869371
vt 0.310574 0.883060
vt 0.300976 0.847759
vt 0.314717 0.853663
vt 0.916021 0.722548
vt 0.902333 0.721062
vt 0.326425 0.861366
vt 0.322892 0.876377
vt 0.033396 0.450863
vt 0.038361 0.438449
vt 0.317147 0.836303
vt 0.920692 0.698434
vt 0.920719 0.685953
vt 0.922254 0.671990
vt 0.914054 0.655798
vt 0.924592 0.657827
vt 0.887728 0.719978
vt 0.318912 0.817768
vt 0.840948 0.635343
vt 0.828557 0.634789
vt 0.829606 0.620851
vt 0.842269 0.621418
vt 0.855375 0.621848
vt 0.853924 0.636039
vt 0.827077 0.649109
vt 0.839196 0.649648
vt 0.852173 0.650344
vt 0.878082 0.651925
vt 0.865321 0.650887
vt 0.848055 0.678940
vt 0.850264 0.664738
vt 0.867202 0.636621
vt 0.868509 0.622455
vt 0.880234 0.637673
vt 0.843020 0.606982
vt 0.830085 0.606399
vt 0.856527 0.607464
vt 0.829706 0.591792
vt 0.843041 0.592427
vt 0.842191 0.577780
vt 0.857092 0.592938
vt 0.856913 0.578665
vt 0.870204 0.608100
vt 0.871441 0.593948
vt 0.871949 0.579678
vt 0.890871 0.652834
vt 0.893022 0.638888
vt 0.882085 0.623535
vt 0.895145 0.624765
vt 0.902584 0.654234
vt 0.905150 0.640278
vt 0.916906 0.641792
vt 0.908104 0.626133
vt 0.920273 0.627942
vt 0.884181 0.609234
vt 0.897927 0.610467
vt 0.886105 0.595085
vt 0.887427 0.581164
vt 0.900395 0.596347
vt 0.903235 0.582103
vt 0.911300 0.612131
vt 0.924171 0.613879
vt 0.915013 0.597673
vt 0.928585 0.599667
vt 0.918684 0.583407
vt 0.840194 0.563944
vt 0.855732 0.564872
vt 0.871997 0.566223
vt 0.888578 0.567396
vt 0.905488 0.568328
vt 0.922183 0.568989
vt 0.907711 0.554681
vt 0.889556 0.554087
vt 0.015124 0.594567
vt 0.018045 0.578087
vt 0.031413 0.580458
vt 0.027880 0.598332
vt 0.162343 0.392212
vt 0.151559 0.388279
vt 0.844590 0.761728
vt 0.146779 0.373938
vt 0.157637 0.378807
vt 0.141057 0.384613
vt 0.870175 0.769810
vt 0.859683 0.760639
vt 0.125195 0.391936
vt 0.130497 0.380615
vt 0.136188 0.369327
vt 0.877712 0.760477
vt 0.865812 0.751812
vt 0.889427 0.769602
vt 0.902540 0.774956
vt 0.142935 0.357775
vt 0.125232 0.364102
vt 0.131012 0.351678
vt 0.137508 0.340174
vt 0.151055 0.347733
vt 0.913698 0.768373
vt 0.897406 0.759173
vt 0.114274 0.387921
vt 0.119574 0.376301
vt 0.102991 0.383889
vt 0.108287 0.371673
vt 0.113328 0.358908
vt 0.086663 0.392025
vt 0.091315 0.379227
vt 0.095688 0.366462
vt 0.099808 0.353447
vt 0.118113 0.345297
vt 0.124505 0.330461
vt 0.103641 0.339271
vt 0.107200 0.323643
vt 0.082730 0.361832
vt 0.085620 0.348284
vt 0.087906 0.333881
vt 0.089903 0.318018
vt 0.164434 0.331797
vt 0.155201 0.337311
vt 0.155095 0.319504
vt 0.110458 0.306546
vt 0.154089 0.305028
vt 0.125787 0.297420
vt 0.160508 0.299625
vt 0.158425 0.303045
vt 0.013571 0.364055
vt 0.012820 0.371156
vt 0.018233 0.363560
vt 0.018109 0.371396
vt 0.156113 0.286802
vt 0.154736 0.292030
vt 0.157414 0.280338
vt 0.008677 0.191484
vt 0.004802 0.201318
vt 0.000989 0.195184
vt 0.006115 0.188093
vt 0.000989 0.184544
vt 0.005248 0.181468
vt 0.197847 0.001609
vt 0.197436 0.010524
vt 0.192146 0.013884
vt 0.192146 0.003697
vt 0.469114 0.235141
vt 0.471313 0.239243
vt 0.475526 0.241511
vt 0.474619 0.237539
vt 0.469905 0.244885
vt 0.473113 0.244470
vt 0.255311 0.415477
vt 0.260658 0.415728
vt 0.264461 0.419982
vt 0.259272 0.419500
vt 0.012310 0.358232
vt 0.009085 0.359021
vt 0.016818 0.356909
vt 0.004728 0.354436
vt 0.007027 0.353414
vt 0.010052 0.351837
vt 0.022505 0.355358
vt 0.024075 0.362835
vt 0.014683 0.349791
vt 0.021436 0.347334
vt 0.466510 0.246564
vt 0.464071 0.248281
vt 0.463425 0.240514
vt 0.007654 0.344388
vt 0.004612 0.346381
vt 0.012540 0.341879
vt 0.029369 0.353578
vt 0.030711 0.362085
vt 0.111946 0.291967
vt 0.092223 0.300365
vt 0.095486 0.279703
vt 0.270542 0.417372
vt 0.256926 0.412893
vt 0.267280 0.413694
vt 0.273449 0.422562
vt 0.287012 0.426566
vt 0.473748 0.250066
vt 0.470873 0.252432
vt 0.468132 0.254606
vt 0.473060 0.260324
vt 0.475526 0.256914
vt 0.465018 0.256830
vt 0.180487 0.007421
vt 0.189263 0.007633
vt 0.190905 0.010860
vt 0.182660 0.011031
vt 0.275551 0.428114
vt 0.276958 0.433469
vt 0.172428 0.011733
vt 0.184781 0.014159
vt 0.175466 0.015361
vt 0.288353 0.432658
vt 0.289602 0.438245
vt 0.303695 0.430330
vt 0.304699 0.436870
vt 0.319163 0.425301
vt 0.075566 0.388501
vt 0.079281 0.375146
vt 0.064431 0.385548
vt 0.067517 0.371919
vt 0.069737 0.358072
vt 0.927586 0.644102
vt 0.931253 0.630445
vt 0.935850 0.616627
vt 0.057600 0.355118
vt 0.057684 0.340795
vt 0.071370 0.343975
vt 0.071800 0.329361
vt 0.056567 0.325955
vt 0.933515 0.585000
vt 0.071638 0.313602
vt 0.070885 0.296997
vt 0.053942 0.310913
vt 0.050715 0.295314
vt 0.938547 0.570194
vt 0.944110 0.554869
vt 0.925797 0.554673
vt 0.001150 0.647132
vt 0.013679 0.631830
vt 0.026317 0.637632
vt 0.013290 0.654436
vt 0.067939 0.279583
vt 0.045648 0.279812
vt 0.022078 0.615534
vt 0.035342 0.619849
vt 0.041627 0.601239
vt 0.027032 0.659489
vt 0.039710 0.641962
vt 0.049270 0.623071
vt 0.891393 0.533550
vt 0.890728 0.548036
vt 0.870107 0.550451
vt 0.870091 0.536281
vt 0.849139 0.551888
vt 0.848441 0.538035
vt 0.078778 0.260749
vt 0.060008 0.262675
vt 0.038353 0.264372
vt 0.363576 0.060010
vt 0.361431 0.064213
vt 0.513269 0.381518
vt 0.519191 0.369568
vt 0.524120 0.371908
vt 0.519832 0.383037
vt 0.051428 0.246670
vt 0.069230 0.243573
vt 0.371396 0.052034
vt 0.030435 0.249554
vt 0.758730 0.569121
vt 0.769291 0.564048
vt 0.779196 0.558710
vt 0.748244 0.554251
vt 0.758507 0.547639
vt 0.767872 0.540939
vt 0.736882 0.540436
vt 0.746217 0.532531
vt 0.755039 0.525100
vt 0.740060 0.511375
vt 0.732288 0.519695
vt 0.724246 0.528310
vt 0.580558 0.893069
vt 0.566495 0.893321
vt 0.553025 0.894355
vt 0.843555 0.706810
vt 0.841683 0.719244
vt 0.826815 0.718996
vt 0.829776 0.706313
vt 0.564139 0.906427
vt 0.550530 0.909018
vt 0.856729 0.730472
vt 0.839928 0.730864
vt 0.856994 0.719354
vt 0.857921 0.707143
vt 0.835078 0.678550
vt 0.832297 0.692851
vt 0.819634 0.692283
vt 0.822544 0.678021
vt 0.594921 0.893926
vt 0.845818 0.693270
vt 0.837144 0.664067
vt 0.825025 0.663527
vt 0.540236 0.896490
vt 0.746708 0.573555
vt 0.537634 0.912871
vt 0.737418 0.560312
vt 0.726057 0.565704
vt 0.716276 0.554705
vt 0.726920 0.547959
vt 0.873571 0.730500
vt 0.872476 0.719616
vt 0.875470 0.740879
vt 0.856724 0.741057
vt 0.890598 0.730923
vt 0.332047 0.885103
vt 0.336244 0.871266
vt 0.894272 0.741057
vt 0.715361 0.537234
vt 0.702643 0.529054
vt 0.710359 0.519015
vt 0.458502 0.005313
vt 0.459185 0.028775
vt 0.449609 0.035344
vt 0.449313 0.008956
vt 0.468584 0.022515
vt 0.468029 0.001525
vt 0.458663 0.052365
vt 0.449313 0.060742
vt 0.333640 0.828228
vt 0.335249 0.811367
vt 0.348835 0.826262
vt 0.345713 0.841307
vt 0.319275 0.799622
vt 0.335120 0.796512
vt 0.317948 0.786353
vt 0.299758 0.780762
vt 0.341290 0.856608
vt 0.330484 0.845079
vt 0.031990 0.544896
vt 0.018166 0.544818
vt 0.032523 0.562484
vt 0.019219 0.561392
vt 0.046597 0.544387
vt 0.047065 0.563240
vt 0.061752 0.543749
vt 0.061959 0.563646
vt 0.077113 0.542841
vt 0.045565 0.582242
vt 0.060069 0.583677
vt 0.077203 0.563702
vt 0.055740 0.603702
vt 0.075052 0.584777
vt 0.070409 0.605546
vt 0.063223 0.625707
vt 0.260800 0.782064
vt 0.280268 0.779816
vt 0.019739 0.338764
vt 0.158329 0.272358
vt 0.158599 0.263497
vt 0.148539 0.271395
vt 0.148820 0.278996
vt 0.148198 0.262865
vt 0.158210 0.254047
vt 0.156518 0.243128
vt 0.147243 0.254367
vt 0.145907 0.244948
vt 0.036445 0.351186
vt 0.137879 0.262281
vt 0.070782 0.609117
vt 0.074123 0.601213
vt 0.082379 0.600725
vt 0.081884 0.608630
vt 0.136649 0.254413
vt 0.136253 0.245850
vt 0.129692 0.261578
vt 0.128158 0.254024
vt 0.128700 0.246317
vt 0.003063 0.337654
vt 0.006018 0.335550
vt 0.178059 0.003867
vt 0.187073 0.003929
vt 0.005127 0.325553
vt 0.001788 0.327859
vt 0.010667 0.333087
vt 0.009287 0.323598
vt 0.090246 0.607612
vt 0.090246 0.616174
vt 0.082609 0.616667
vt 0.014759 0.321486
vt 0.016821 0.330272
vt 0.165423 0.001513
vt 0.175380 0.000571
vt 0.009043 0.313731
vt 0.004710 0.315275
vt 0.013535 0.312635
vt 0.074741 0.616710
vt 0.082379 0.624779
vt 0.075643 0.623932
vt 0.119819 0.293278
vt 0.112013 0.293495
vt 0.112007 0.287345
vt 0.118875 0.286571
vt 0.161779 0.015619
vt 0.159106 0.011814
vt 0.305455 0.442207
vt 0.142515 0.010817
vt 0.144860 0.015190
vt 0.153698 0.002742
vt 0.010659 0.302931
vt 0.006301 0.303908
vt 0.140395 0.006402
vt 0.139159 0.002300
vt 0.014983 0.302598
vt 0.152467 0.496476
vt 0.154001 0.503952
vt 0.148544 0.506765
vt 0.147627 0.497835
vt 0.015668 0.290580
vt 0.011539 0.290529
vt 0.019467 0.291589
vt 0.125620 0.283642
vt 0.121557 0.272107
vt 0.144046 0.599011
vt 0.141582 0.605104
vt 0.138118 0.603803
vt 0.139223 0.598763
vt 0.111670 0.281792
vt 0.111631 0.277110
vt 0.136140 0.609097
vt 0.139999 0.611038
vt 0.553056 0.616199
vt 0.549545 0.615645
vt 0.546492 0.610663
vt 0.551250 0.611507
vt 0.003173 0.076187
vt 0.003471 0.081568
vt 0.000423 0.080807
vt 0.000423 0.075121
vt 0.550731 0.605783
vt 0.544913 0.605285
vt 0.543000 0.610478
vt 0.540605 0.605132
vt 0.553982 0.618883
vt 0.553089 0.619996
vt 0.127165 0.596585
vt 0.132239 0.598049
vt 0.130300 0.601119
vt 0.124606 0.598229
vt 0.557560 0.618420
vt 0.556565 0.621308
vt 0.556807 0.613446
vt 0.556550 0.606280
vt 0.124447 0.260640
vt 0.122497 0.268006
vt 0.123317 0.265222
vt 0.560493 0.619753
vt 0.560439 0.613593
vt 0.122608 0.253400
vt 0.123796 0.246573
vt 0.120135 0.269378
vt 0.118642 0.266309
vt 0.120142 0.265317
vt 0.134672 0.602764
vt 0.136199 0.598794
vt 0.132299 0.607419
vt 0.560454 0.606416
vt 0.556547 0.599730
vt 0.560565 0.599523
vt 0.121794 0.601552
vt 0.115696 0.597929
vt 0.118777 0.596084
vt 0.352306 0.444179
vt 0.348748 0.444287
vt 0.347197 0.439568
vt 0.349986 0.439056
vt 0.117757 0.605258
vt 0.344761 0.443914
vt 0.343194 0.439190
vt 0.112785 0.608338
vt 0.127721 0.605323
vt 0.117089 0.614675
vt 0.198853 0.498196
vt 0.194598 0.501354
vt 0.188799 0.497787
vt 0.193942 0.493028
vt 0.182743 0.493130
vt 0.188497 0.487537
vt 0.132947 0.614942
vt 0.137210 0.617689
vt 0.177795 0.498362
vt 0.173425 0.492847
vt 0.176699 0.487184
vt 0.128332 0.620885
vt 0.132819 0.624420
vt 0.169818 0.491406
vt 0.172842 0.483955
vt 0.181794 0.480412
vt 0.158170 0.496016
vt 0.159382 0.502245
vt 0.144046 0.613092
vt 0.141635 0.620121
vt 0.153838 0.486630
vt 0.149280 0.486579
vt 0.159260 0.487581
vt 0.137477 0.627806
vt 0.167785 0.479895
vt 0.164742 0.489229
vt 0.162781 0.477204
vt 0.157642 0.474842
vt 0.127564 0.631721
vt 0.122997 0.626822
vt 0.320772 0.432611
vt 0.321998 0.439113
vt 0.322730 0.444287
vt 0.124615 0.009716
vt 0.126703 0.013944
vt 0.334403 0.424180
vt 0.331635 0.416735
vt 0.336950 0.431663
vt 0.178357 0.475362
vt 0.338779 0.437857
vt 0.505125 0.380413
vt 0.509939 0.394365
vt 0.501186 0.394268
vt 0.492696 0.394083
vt 0.497175 0.378926
vt 0.123393 0.005505
vt 0.122907 0.001340
vt 0.340157 0.442900
vt 0.019578 0.276223
vt 0.023287 0.277311
vt 0.026474 0.279550
vt 0.153300 0.473248
vt 0.107478 0.009156
vt 0.106603 0.004673
vt 0.106651 0.000892
vt 0.033488 0.264939
vt 0.030286 0.262926
vt 0.169406 0.464850
vt 0.173456 0.469011
vt 0.164745 0.461444
vt 0.160680 0.459059
vt 0.109327 0.013534
vt 0.485637 0.394020
vt 0.490461 0.377944
vt 0.479558 0.393990
vt 0.484526 0.377938
vt 0.480047 0.378193
vt 0.474952 0.394920
vt 0.441156 0.068064
vt 0.439584 0.083191
vt 0.435063 0.083304
vt 0.436482 0.067902
vt 0.036445 0.268208
vt 0.180935 0.458283
vt 0.177299 0.452947
vt 0.173651 0.448821
vt 0.170131 0.445496
vt 0.354427 0.041652
vt 0.351483 0.038396
vt 0.364266 0.028296
vt 0.366717 0.032009
vt 0.092139 0.000571
vt 0.091580 0.004265
vt 0.349038 0.035560
vt 0.361928 0.024798
vt 0.340948 0.435066
vt 0.344753 0.434852
vt 0.348639 0.433686
vt 0.201372 0.500977
vt 0.197525 0.503578
vt 0.344592 0.429121
vt 0.348630 0.428532
vt 0.340399 0.430108
vt 0.531122 0.452190
vt 0.527706 0.448595
vt 0.531010 0.445592
vt 0.534533 0.447997
vt 0.343861 0.423577
vt 0.348191 0.422896
vt 0.544570 0.599763
vt 0.540262 0.599610
vt 0.540262 0.594556
vt 0.544692 0.594301
vt 0.544937 0.588932
vt 0.540884 0.588899
vt 0.339759 0.424858
vt 0.346441 0.418030
vt 0.343005 0.418441
vt 0.340101 0.420606
vt 0.527072 0.455837
vt 0.524246 0.451781
vt 0.044709 0.231770
vt 0.062836 0.229562
vt 0.015892 0.006770
vt 0.019090 0.020138
vt 0.006645 0.005812
vt 0.039418 0.215540
vt 0.058789 0.213872
vt 0.071626 0.212484
vt 0.073292 0.230722
vt 0.023380 0.234356
vt 0.869942 0.521094
vt 0.891665 0.518649
vt 0.017445 0.217543
vt 0.869366 0.504332
vt 0.891936 0.502090
vt 0.011708 0.198867
vt 0.034618 0.197420
vt 0.058949 0.195529
vt 0.006467 0.178899
vt 0.030037 0.178340
vt 0.054049 0.176755
vt 0.868918 0.485949
vt 0.892045 0.483659
vt 0.002670 0.157905
vt 0.026591 0.157952
vt 0.050990 0.158183
vt 0.000928 0.135557
vt 0.024621 0.137153
vt 0.049389 0.138595
vt 0.001290 0.113072
vt 0.024754 0.115919
vt 0.049293 0.118910
vt 0.004169 0.091983
vt 0.026760 0.095799
vt 0.050747 0.099750
vt 0.415616 0.669709
vt 0.417325 0.653946
vt 0.414491 0.686148
vt 0.414098 0.702674
vt 0.186152 0.815578
vt 0.159223 0.823191
vt 0.389228 0.689600
vt 0.390101 0.672909
vt 0.131314 0.829188
vt 0.365175 0.695289
vt 0.365926 0.678241
vt 0.389377 0.706362
vt 0.365867 0.712289
vt 0.414236 0.719455
vt 0.414615 0.736506
vt 0.390007 0.722960
vt 0.367479 0.728521
vt 0.391407 0.739380
vt 0.370380 0.743442
vt 0.102096 0.833414
vt 0.134130 0.842757
vt 0.105573 0.847287
vt 0.343948 0.720598
vt 0.342591 0.703003
vt 0.073768 0.835473
vt 0.078016 0.849799
vt 0.047008 0.835317
vt 0.325172 0.730211
vt 0.322860 0.712035
vt 0.052465 0.850393
vt 0.347815 0.736083
vt 0.330181 0.747740
vt 0.793558 0.282191
vt 0.802042 0.264267
vt 0.821096 0.267811
vt 0.813573 0.285057
vt 0.840889 0.271087
vt 0.833786 0.288620
vt 0.858124 0.275473
vt 0.853226 0.292270
vt 0.120060 0.035384
vt 0.131780 0.019453
vt 0.097864 0.030912
vt 0.109934 0.015287
vt 0.423779 0.804842
vt 0.415169 0.820703
vt 0.087979 0.011354
vt 0.076143 0.026325
vt 0.065601 0.043353
vt 0.087628 0.047924
vt 0.109854 0.052712
vt 0.414272 0.753709
vt 0.413614 0.770259
vt 0.410134 0.785950
vt 0.392746 0.755398
vt 0.372966 0.757710
vt 0.393828 0.770016
vt 0.376182 0.771224
vt 0.403126 0.800450
vt 0.394060 0.814378
vt 0.373781 0.804810
vt 0.054254 0.021341
vt 0.066454 0.006686
vt 0.043698 0.038361
vt 0.036231 0.056721
vt 0.058426 0.061689
vt 0.080789 0.066559
vt 0.023526 0.033505
vt 0.034373 0.016162
vt 0.047752 0.000523
vt 0.030596 0.076171
vt 0.008893 0.071694
vt 0.015141 0.052212
vt 0.053695 0.080784
vt 0.867205 0.374519
vt 0.868352 0.353363
vt 0.891277 0.356699
vt 0.890547 0.377160
vt 0.869559 0.333238
vt 0.891647 0.336983
vt 0.870969 0.314116
vt 0.891943 0.317955
vt 0.872600 0.296237
vt 0.849799 0.310559
vt 0.892045 0.300190
vt 0.847132 0.329803
vt 0.360044 0.773489
vt 0.343500 0.777965
vt 0.356558 0.791051
vt 0.874710 0.280352
vt 0.828557 0.307014
vt 0.346454 0.804478
vt 0.332841 0.790471
vt 0.092170 0.542185
vt 0.107601 0.541667
vt 0.752863 0.489712
vt 0.756771 0.507913
vt 0.737012 0.507451
vt 0.732969 0.488907
vt 0.091962 0.563695
vt 0.107353 0.563856
vt 0.774598 0.490219
vt 0.778091 0.508440
vt 0.749620 0.468619
vt 0.729317 0.468139
vt 0.771627 0.469135
vt 0.089771 0.585450
vt 0.805700 0.539157
vt 0.802931 0.524725
vt 0.825309 0.524429
vt 0.826976 0.538892
vt 0.781435 0.524725
vt 0.800421 0.508707
vt 0.797604 0.489864
vt 0.823203 0.507781
vt 0.821493 0.489214
vt 0.795191 0.468733
vt 0.793471 0.445562
vt 0.769630 0.445650
vt 0.747357 0.445431
vt 0.819636 0.468035
vt 0.818065 0.445142
vt 0.769050 0.420599
vt 0.792625 0.420808
vt 0.817496 0.420703
vt 0.769909 0.395205
vt 0.793341 0.395443
vt 0.747049 0.420389
vt 0.747903 0.394689
vt 0.750465 0.369331
vt 0.772204 0.370145
vt 0.795227 0.370707
vt 0.817388 0.395682
vt 0.818727 0.371605
vt 0.727053 0.444951
vt 0.726473 0.419900
vt 0.727599 0.394209
vt 0.730156 0.368546
vt 0.847598 0.523228
vt 0.846464 0.506513
vt 0.845306 0.487593
vt 0.844147 0.467015
vt 0.868049 0.465621
vt 0.842866 0.444373
vt 0.891330 0.463915
vt 0.842165 0.420573
vt 0.867051 0.443599
vt 0.866360 0.420411
vt 0.841925 0.396191
vt 0.842718 0.372773
vt 0.866267 0.396983
vt 0.890495 0.443089
vt 0.890093 0.420827
vt 0.889873 0.398344
vt 0.754202 0.344910
vt 0.734308 0.344105
vt 0.775532 0.346048
vt 0.739632 0.321276
vt 0.759396 0.322045
vt 0.934866 0.042345
vt 0.932104 0.065876
vt 0.780169 0.323230
vt 0.786135 0.301932
vt 0.765900 0.300458
vt 0.798146 0.346936
vt 0.821099 0.348492
vt 0.802107 0.324740
vt 0.807383 0.304129
vt 0.824514 0.326955
vt 0.935432 0.019109
vt 0.773875 0.280364
vt 0.844549 0.350625
vt 0.153475 0.230117
vt 0.144755 0.233359
vt 0.127984 0.240141
vt 0.129435 0.232974
vt 0.496886 0.453668
vt 0.503389 0.453399
vt 0.503916 0.464635
vt 0.500026 0.466544
vt 0.127195 0.214196
vt 0.125042 0.220449
vt 0.139022 0.190397
vt 0.144511 0.182757
vt 0.132740 0.193502
vt 0.128484 0.175310
vt 0.131625 0.163794
vt 0.550616 0.599575
vt 0.550342 0.594032
vt 0.556237 0.593447
vt 0.550270 0.587999
vt 0.350065 0.416964
vt 0.352306 0.422330
vt 0.550190 0.581534
vt 0.545507 0.583166
vt 0.556085 0.586500
vt 0.688548 0.738601
vt 0.682731 0.739029
vt 0.682216 0.733466
vt 0.560228 0.592936
vt 0.559909 0.585722
vt 0.691592 0.728357
vt 0.692463 0.739321
vt 0.677983 0.730480
vt 0.677601 0.734616
vt 0.673843 0.732989
vt 0.675642 0.728521
vt 0.514620 0.453196
vt 0.517258 0.454466
vt 0.515699 0.459759
vt 0.512751 0.458856
vt 0.680806 0.727544
vt 0.678417 0.723556
vt 0.503825 0.481500
vt 0.507405 0.479958
vt 0.691127 0.712546
vt 0.681997 0.717097
vt 0.200220 0.488510
vt 0.203915 0.494676
vt 0.195657 0.482063
vt 0.206353 0.485073
vt 0.208904 0.491697
vt 0.514910 0.465785
vt 0.519471 0.465645
vt 0.524275 0.464346
vt 0.529726 0.462038
vt 0.511543 0.464945
vt 0.511043 0.472470
vt 0.514923 0.473767
vt 0.519639 0.473444
vt 0.525575 0.471866
vt 0.211731 0.483499
vt 0.515670 0.482815
vt 0.511773 0.481733
vt 0.520694 0.482124
vt 0.528556 0.477486
vt 0.498560 0.484845
vt 0.494796 0.469461
vt 0.517007 0.491402
vt 0.524034 0.491531
vt 0.529456 0.486350
vt 0.160850 0.347645
vt 0.155682 0.347140
vt 0.111664 0.170663
vt 0.113594 0.159518
vt 0.165315 0.350521
vt 0.161560 0.350570
vt 0.591703 0.367094
vt 0.592192 0.369398
vt 0.590256 0.375603
vt 0.589373 0.371907
vt 0.094487 0.184143
vt 0.094562 0.180123
vt 0.094718 0.170600
vt 0.593814 0.357139
vt 0.598747 0.350636
vt 0.001515 0.072891
vt 0.001896 0.068758
vt 0.004956 0.061998
vt 0.007952 0.064032
vt 0.077527 0.186451
vt 0.081480 0.190585
vt 0.075962 0.173328
vt 0.503501 0.499465
vt 0.507661 0.496123
vt 0.510839 0.494429
vt 0.731064 0.582150
vt 0.165548 0.344977
vt 0.177241 0.345818
vt 0.168402 0.348087
vt 0.588104 0.376603
vt 0.585788 0.369181
vt 0.691839 0.697728
vt 0.512612 0.491300
vt 0.516368 0.500547
vt 0.522159 0.500493
vt 0.527975 0.498670
vt 0.514952 0.504317
vt 0.512800 0.506924
vt 0.509836 0.510781
vt 0.733760 0.567424
vt 0.728841 0.570579
vt 0.692463 0.687011
vt 0.689149 0.689628
vt 0.525437 0.507456
vt 0.521192 0.507073
vt 0.520137 0.509832
vt 0.177965 0.348924
vt 0.591500 0.351662
vt 0.596196 0.344349
vt 0.189906 0.346767
vt 0.188797 0.350343
vt 0.589210 0.345676
vt 0.738317 0.565409
vt 0.190242 0.343018
vt 0.189793 0.338916
vt 0.519011 0.513353
vt 0.517664 0.517663
vt 0.425686 0.030115
vt 0.429431 0.039644
vt 0.423944 0.041652
vt 0.420860 0.033191
vt 0.429266 0.027046
vt 0.433874 0.037258
vt 0.202795 0.342523
vt 0.202345 0.338421
vt 0.135206 0.148873
vt 0.138666 0.132095
vt 0.115629 0.144669
vt 0.117863 0.127955
vt 0.120360 0.110903
vt 0.123384 0.093172
vt 0.127241 0.074746
vt 0.094701 0.157703
vt 0.095463 0.141998
vt 0.074286 0.157759
vt 0.073408 0.140285
vt 0.096426 0.124727
vt 0.073388 0.121835
vt 0.097988 0.107415
vt 0.074583 0.103612
vt 0.100076 0.089426
vt 0.076962 0.085299
vt 0.516999 0.394427
vt 0.001515 0.002800
vt 0.508895 0.408042
vt 0.515682 0.406933
vt 0.188427 0.473942
vt 0.195047 0.468790
vt 0.500195 0.409362
vt 0.005195 0.038939
vt 0.010971 0.040236
vt 0.510881 0.422127
vt 0.516599 0.420675
vt 0.502768 0.424123
vt 0.184871 0.467367
vt 0.191971 0.461144
vt 0.198926 0.455975
vt 0.189048 0.451313
vt 0.185700 0.443948
vt 0.205868 0.452097
vt 0.533301 0.494622
vt 0.196339 0.446102
vt 0.203078 0.442475
vt 0.209061 0.440711
vt 0.211731 0.448834
vt 0.491622 0.410006
vt 0.484224 0.410301
vt 0.477688 0.410743
vt 0.494187 0.425330
vt 0.486113 0.426340
vt 0.479576 0.426781
vt 0.009560 0.055229
vt 0.005350 0.051840
vt 0.076285 0.198500
vt 0.519468 0.433222
vt 0.514344 0.434789
vt 0.524120 0.442588
vt 0.518589 0.444220
vt 0.604963 0.344203
vt 0.607424 0.349449
vt 0.507299 0.437128
vt 0.512282 0.446697
vt 0.530781 0.506339
vt 0.602253 0.337397
vt 0.593262 0.337420
vt 0.599265 0.329669
vt 0.498975 0.438806
vt 0.504831 0.449101
vt 0.201891 0.346600
vt 0.199992 0.350015
vt 0.590564 0.331365
vt 0.587867 0.327317
vt 0.596368 0.322982
vt 0.212633 0.344729
vt 0.210032 0.348874
vt 0.491231 0.440021
vt 0.497418 0.450519
vt 0.490807 0.451229
vt 0.484288 0.440527
vt 0.593288 0.318293
vt 0.182531 0.438778
vt 0.193332 0.438075
vt 0.200130 0.435198
vt 0.206035 0.434567
vt 0.180024 0.434733
vt 0.473014 0.411380
vt 0.442361 0.052337
vt 0.437828 0.052144
vt 0.446384 0.052330
vt 0.444860 0.067202
vt 0.376911 0.020750
vt 0.378966 0.025200
vt 0.375454 0.016982
vt 0.190973 0.432464
vt 0.198310 0.429292
vt 0.189077 0.427610
vt 0.388742 0.016540
vt 0.389618 0.021367
vt 0.197756 0.424348
vt 0.399745 0.015712
vt 0.399062 0.020696
vt 0.388748 0.012336
vt 0.443564 0.037717
vt 0.447196 0.038349
vt 0.400722 0.011530
vt 0.444209 0.024262
vt 0.447758 0.026454
vt 0.526161 0.512076
vt 0.532386 0.511998
vt 0.526197 0.516541
vt 0.526185 0.521398
vt 0.205149 0.429100
vt 0.533321 0.517286
vt 0.534533 0.522384
vt 0.205936 0.424065
vt 0.414923 0.026849
vt 0.418502 0.022886
vt 0.407403 0.022544
vt 0.409531 0.018078
vt 0.421607 0.019321
vt 0.213359 0.340512
vt 0.212790 0.336075
vt 0.411868 0.014106
vt 0.440818 0.010875
vt 0.439891 0.022544
vt 0.435063 0.020626
vt 0.436535 0.008963
vt 0.479003 0.440350
vt 0.474359 0.426898
vt 0.402291 0.008046
vt 0.414111 0.010750
vt 0.424329 0.016445
vt 0.445018 0.013236
vt 0.438855 0.036637
vt 0.437922 0.000707
vt 0.442182 0.002008
vt 0.222144 0.336569
vt 0.221387 0.341342
vt 0.103626 0.071016
s 1
usemtl tripo_mat_c5a8a767-c215-4987-ab61-714d8713fa07
f 1058/1 458/2 455/3
f 458/2 1058/1 1060/4
f 63/5 53/6 52/7
f 63/5 55/8 53/6
f 44/9 52/7 428/10
f 44/9 428/10 534/11
f 153/12 154/13 156/14
f 160/15 155/16 154/13
f 29/17 27/18 26/19
f 26/19 27/18 600/20
f 466/21 29/22 26/23
f 1089/24 466/25 26/19
f 26/19 600/20 601/26
f 26/19 601/26 1089/24
f 27/18 28/27 612/28
f 29/17 28/27 27/18
f 611/29 600/20 27/18
f 612/28 611/29 27/18
f 28/30 29/22 30/31
f 31/32 30/31 29/22
f 467/33 31/32 29/22
f 29/22 466/21 467/33
f 1098/34 467/33 466/21
f 466/21 1089/35 1090/36
f 466/21 1090/36 1098/34
f 600/20 598/37 597/38
f 598/37 600/20 611/29
f 592/39 593/40 601/26
f 1089/24 601/26 593/40
f 593/40 1084/41 1089/24
f 28/30 30/31 770/42
f 614/43 612/28 28/27
f 770/44 614/43 28/27
f 612/28 607/45 604/46
f 607/45 612/28 614/43
f 30/31 31/32 773/47
f 772/48 770/49 30/50
f 773/47 772/51 30/31
f 607/45 614/43 760/52
f 31/32 467/33 1103/53
f 1324/54 773/47 31/32
f 31/32 1103/53 1324/54
f 467/33 1098/34 1102/55
f 467/33 1102/55 1103/53
f 772/48 773/56 776/57
f 776/57 774/58 772/48
f 777/59 776/57 773/56
f 1104/60 1103/53 1102/55
f 1103/53 1104/60 1325/61
f 38/62 36/63 33/64
f 56/65 57/66 87/67
f 56/65 58/68 63/5
f 63/5 58/68 55/8
f 55/8 58/68 62/69
f 62/69 60/70 55/8
f 62/69 61/71 60/70
f 58/68 59/72 62/69
f 94/73 62/69 59/72
f 157/74 158/75 159/76
f 157/74 159/76 251/77
f 159/76 250/78 251/77
f 96/79 93/80 92/81
f 96/82 97/83 98/84
f 96/85 98/86 99/87
f 93/88 96/89 102/90
f 124/91 113/92 99/93
f 113/92 124/91 126/94
f 103/95 98/84 97/83
f 104/96 103/95 97/83
f 103/97 99/98 98/99
f 99/100 103/95 124/101
f 103/95 104/96 124/101
f 124/101 125/102 126/103
f 150/104 139/105 128/106
f 162/107 161/108 157/74
f 251/77 162/107 157/74
f 160/15 161/108 164/109
f 160/15 164/109 169/110
f 169/110 168/111 160/15
f 161/108 162/107 163/112
f 161/108 163/112 164/109
f 251/77 179/113 162/107
f 170/114 169/110 164/109
f 170/114 223/115 226/116
f 252/117 231/118 173/119
f 230/120 231/118 252/117
f 173/119 231/118 874/121
f 231/118 235/122 874/121
f 225/123 224/124 220/125
f 2618/126 2615/127 2614/128
f 2619/129 2618/126 2617/130
f 221/131 220/125 219/132
f 877/133 878/134 879/135
f 343/136 270/137 266/138
f 267/139 270/140 283/141
f 283/141 281/142 267/139
f 504/143 505/144 537/145
f 455/3 1042/146 1058/1
f 448/147 1044/148 1046/149
f 1047/150 1046/149 1044/148
f 1073/151 1047/150 1044/148
f 1044/148 1069/152 1073/151
f 1046/149 1047/150 1048/153
f 1061/154 1060/4 1058/1
f 1058/1 1059/155 1061/154
f 540/156 1060/4 1061/154
f 1098/34 1099/157 1100/158
f 1098/34 1100/158 1102/55
f 1104/60 1102/55 1100/158
f 497/159 490/160 468/161
f 483/162 480/163 479/164
f 479/164 482/165 483/162
f 480/163 483/162 484/166
f 593/167 595/168 1085/169
f 605/170 599/171 598/172
f 598/172 604/173 605/170
f 606/174 605/170 604/173
f 1084/175 1086/176 1087/177
f 1084/175 1087/177 1091/178
f 1070/179 1069/152 1068/180
f 1108/181 1074/182 1070/179
f 656/183 659/184 1153/185
f 670/186 660/187 653/188
f 655/189 660/187 661/190
f 670/186 661/190 660/187
f 653/188 665/191 670/186
f 665/191 667/192 668/193
f 665/191 668/193 670/186
f 672/194 670/195 668/196
f 672/194 671/197 670/195
f 662/198 659/184 658/199
f 658/199 661/200 663/201
f 663/201 662/198 658/199
f 1155/202 1153/185 659/184
f 1155/202 1154/203 1153/185
f 662/198 663/201 673/204
f 662/198 673/204 674/205
f 662/198 674/205 1158/206
f 1154/203 1155/202 1156/207
f 1160/208 1156/207 1155/202
f 678/209 674/205 673/204
f 673/204 675/210 678/209
f 674/205 678/209 1164/211
f 1159/212 1158/206 674/205
f 1164/211 1159/212 674/205
f 671/197 672/194 675/213
f 677/214 672/194 668/196
f 849/215 677/214 668/196
f 850/216 849/215 848/217
f 676/218 675/213 672/194
f 677/214 676/218 672/194
f 676/218 677/214 856/219
f 849/215 850/216 851/220
f 675/213 676/218 678/221
f 679/222 678/221 676/218
f 856/219 679/222 676/218
f 678/221 679/222 1168/223
f 1168/224 1164/211 678/209
f 1164/211 1163/225 1159/212
f 1163/225 1164/211 1167/226
f 1168/224 1167/226 1164/211
f 679/222 856/219 857/227
f 679/222 857/227 858/228
f 679/222 858/228 1358/229
f 1358/229 1168/223 679/222
f 1167/230 1168/223 1358/229
f 858/228 861/231 862/232
f 858/228 862/232 1358/229
f 1361/233 1358/229 862/232
f 704/234 735/235 1308/236
f 1309/237 1308/236 735/235
f 736/238 735/235 704/234
f 756/239 753/240 741/241
f 1321/242 745/243 734/244
f 734/244 1318/245 1321/242
f 1321/242 1318/245 1307/246
f 747/247 749/248 1321/249
f 1321/249 1320/250 747/247
f 749/248 980/251 1321/249
f 1310/252 1320/250 1321/249
f 973/253 979/254 980/255
f 749/248 978/256 980/251
f 985/257 980/251 978/256
f 973/258 980/251 983/259
f 985/257 983/259 980/251
f 771/260 764/261 762/262
f 771/260 765/263 764/261
f 780/264 779/265 777/59
f 1333/266 785/267 780/268
f 903/269 817/270 816/271
f 816/271 901/272 903/269
f 901/272 902/273 903/269
f 853/274 851/220 850/216
f 851/220 853/274 854/275
f 851/220 854/275 859/276
f 860/277 859/276 854/275
f 859/276 860/277 863/278
f 846/279 1357/280 1362/281
f 1361/282 1360/283 1170/284
f 1360/283 1361/282 1363/285
f 872/286 873/287 989/288
f 909/289 873/287 871/290
f 1012/291 999/292 989/288
f 934/293 913/294 911/295
f 911/295 933/296 934/293
f 944/297 933/296 911/295
f 948/298 944/297 911/295
f 950/299 948/298 911/295
f 923/300 944/301 947/302
f 948/303 947/302 944/301
f 948/304 950/305 951/306
f 1002/307 1000/308 984/309
f 947/302 945/310 923/300
f 954/311 949/312 946/313
f 946/313 951/306 954/311
f 983/259 985/257 986/314
f 1003/315 998/316 997/317
f 1004/318 1003/319 1002/307
f 983/259 982/320 973/258
f 1002/307 1001/321 1000/308
f 1001/321 1002/307 1003/319
f 1045/322 1047/150 1073/151
f 1275/323 1064/324 1051/325
f 1051/325 1172/326 1275/323
f 1173/327 1172/326 1051/325
f 1172/326 1173/327 1249/328
f 1173/329 1179/330 1180/331
f 1173/329 1180/331 1249/332
f 1087/177 1088/333 1091/178
f 1092/334 1091/178 1088/333
f 1091/335 1092/336 1099/157
f 1092/336 1093/337 1099/157
f 1100/158 1101/338 1105/339
f 1105/339 1104/60 1100/158
f 1104/60 1105/339 1326/340
f 1160/208 1157/341 1156/207
f 1157/341 1160/208 1161/342
f 1166/343 1169/344 1171/345
f 1170/284 1169/344 1166/343
f 1169/344 1170/284 1359/346
f 1166/347 1165/348 1163/225
f 1360/283 1359/346 1170/284
f 1180/331 1207/349 1249/332
f 1214/350 1212/351 1175/352
f 1187/353 1194/354 1195/355
f 1236/356 1234/357 1231/358
f 1230/359 1232/360 1237/361
f 1241/362 1243/363 1268/364
f 1244/365 1267/366 1268/367
f 1257/368 1266/369 1267/370
f 1460/371 1462/372 1505/373
f 1512/374 1505/373 1462/372
f 1505/373 1504/375 1460/371
f 1513/376 1506/377 1504/375
f 1514/378 1513/376 1512/374
f 1485/379 1483/380 1482/381
f 1799/382 1802/383 1803/384
f 1510/385 1509/386 1508/387
f 1540/388 1539/389 1538/390
f 1506/377 1513/376 1518/391
f 1513/392 1514/393 1518/394
f 2271/395 2036/396 1546/397
f 1816/398 1814/399 1579/400
f 1814/399 1816/398 1818/401
f 1849/402 1816/398 1582/403
f 1848/404 1817/405 1816/406
f 1816/406 1817/405 1818/407
f 1849/408 1848/404 1816/406
f 1848/404 1849/408 1850/409
f 1695/410 1699/411 1700/412
f 1794/413 1791/414 1787/415
f 1794/413 1792/416 1791/414
f 1794/413 1793/417 1792/416
f 1732/418 1793/417 1811/419
f 1793/417 1794/413 1811/419
f 1779/420 1780/421 1783/422
f 1783/422 1784/423 1785/424
f 1787/415 1788/425 1794/413
f 1807/426 1818/407 1819/427
f 1819/427 1818/407 1817/405
f 1847/428 1819/429 1817/430
f 1847/428 1820/431 1819/429
f 1848/432 1847/428 1817/430
f 1847/428 1848/432 1851/433
f 1848/432 1850/434 1851/433
f 2076/435 2075/436 2061/437
f 2061/437 2062/438 2076/435
f 2077/439 2076/435 2062/438
f 2000/440 1995/441 1993/442
f 1992/443 1994/444 2008/445
f 2000/440 2003/446 2057/447
f 2057/447 2056/448 2000/440
f 2005/449 2056/448 2059/450
f 2060/451 2057/447 2003/446
f 2088/452 2060/451 2003/446
f 2088/452 2090/453 2091/454
f 2088/452 2063/455 2060/451
f 2063/456 2088/457 2091/458
f 2043/459 2193/460 2206/461
f 2193/460 2192/462 2191/463
f 2206/461 2193/460 2191/463
f 2071/464 2027/465 2026/466
f 2072/467 2071/464 2068/468
f 2206/461 2191/463 2185/469
f 2048/470 2049/471 2050/472
f 2091/458 2064/473 2063/456
f 2083/474 2084/475 2216/476
f 2085/477 2084/475 2082/478
f 2086/479 2085/477 2082/478
f 2092/480 2093/481 2094/482
f 2219/483 2218/484 2216/485
f 2096/486 2097/487 2236/488
f 2205/489 2209/490 2210/491
f 2326/492 2325/493 2303/494
f 2325/493 2326/492 2327/495
f 2332/496 2335/497 2338/498
f 2472/499 2470/500 2463/501
f 2556/502 2591/503 2592/504
f 2532/505 2538/506 2579/507
f 2543/508 2547/509 2551/510
f 2547/511 2549/512 2551/513
f 2579/507 2549/512 2547/511
f 2549/514 2579/515 2582/516
f 2562/517 2551/513 2549/512
f 2562/517 2559/518 2551/513
f 2582/516 2562/519 2549/514
f 2561/520 2560/521 2559/522
f 2560/521 2561/520 2565/523
f 2565/523 2564/524 2560/521
f 2562/525 2561/526 2559/527
f 2561/526 2562/525 2565/528
f 2582/529 2565/523 2562/530
f 2564/524 2565/523 2582/529
f 2582/531 2581/532 2580/533
f 2568/534 2563/535 2559/536
f 2559/537 2567/538 2568/539
f 2599/540 2594/541 2592/504
f 2571/542 2593/543 2597/544
f 2593/543 2594/541 2597/544
f 2594/541 2595/545 2597/544
f 2598/546 2597/544 2595/545
f 2596/547 2597/544 2598/546
f 2690/548 2688/549 2687/550
f 2916/551 2600/552 2590/553
f 2590/554 2908/555 2916/556
f 2599/540 2595/545 2594/541
f 2688/549 2690/548 2691/557
f 2692/558 2691/557 2690/548
f 2712/559 2699/560 2698/561
f 2633/562 2688/549 2693/563
f 2688/549 2691/557 2693/563
f 2694/564 2693/563 2691/557
f 2693/563 2694/564 2695/565
f 2673/566 2675/567 2676/568
f 2696/569 2695/565 2694/564
f 3041/570 3040/571 3039/572
f 2672/573 2673/566 2674/574
f 2689/575 2686/576 2685/577
f 2701/578 2680/579 2678/580
f 2697/581 2696/569 2694/564
f 2696/569 2697/581 2702/582
f 2702/582 2701/578 2696/569
f 2684/583 2686/576 3056/584
f 2686/576 2689/575 2705/585
f 2686/576 2705/585 3056/584
f 2697/581 2699/560 2700/586
f 2704/587 2702/582 2697/581
f 2718/588 2719/589 2721/590
f 3110/591 2719/589 2718/588
f 2718/588 2721/590 2722/592
f 2718/588 2722/592 3323/593
f 3322/594 3110/591 2718/588
f 3323/593 3322/594 2718/588
f 3111/595 2720/596 2719/589
f 2719/589 2720/596 2721/590
f 2719/589 3109/597 3111/595
f 3110/591 3109/597 2719/589
f 2942/598 2721/599 2720/600
f 2723/601 2722/602 2721/599
f 2943/603 2723/601 2721/599
f 2721/599 2942/598 2943/603
f 2722/604 2723/605 3332/606
f 3325/607 3323/593 2722/592
f 3332/606 3325/608 2722/604
f 3322/594 3315/609 3314/610
f 3315/609 3322/594 3323/593
f 3323/611 3317/612 3315/613
f 3557/614 2942/598 2720/600
f 2720/596 3111/595 3520/615
f 2720/600 3520/616 3557/614
f 3101/617 3103/618 3109/597
f 3111/595 3109/597 3103/618
f 3103/618 3104/619 3111/595
f 3561/620 2943/603 2942/598
f 2942/598 3557/614 3558/621
f 2942/598 3558/621 3561/620
f 3521/622 3520/623 3518/624
f 3520/616 3521/625 3557/614
f 3559/626 3557/614 3521/625
f 3559/626 3558/621 3557/614
f 2723/601 2943/603 3567/627
f 3333/628 3332/606 2723/605
f 3567/627 3333/629 2723/601
f 2943/603 3561/620 3568/630
f 3568/630 3567/627 2943/603
f 3332/606 3329/631 3325/608
f 3332/606 3330/632 3329/631
f 3330/632 3332/606 3335/633
f 3332/606 3333/628 3335/633
f 3336/634 3335/633 3333/628
f 2748/635 2750/636 2759/637
f 2761/638 2759/637 2750/636
f 2862/639 2765/640 2761/638
f 2977/641 2976/642 2910/643
f 3558/621 3559/626 3562/644
f 3562/644 3561/620 3558/621
f 3561/620 3562/644 3563/645
f 3664/646 3662/647 2954/648
f 3678/649 3667/650 2962/651
f 3662/647 3614/652 3602/653
f 3614/652 3662/647 3665/654
f 3662/647 3664/646 3665/654
f 3666/655 3665/654 3664/646
f 2962/651 2965/656 3678/649
f 3680/657 3678/649 2965/656
f 3681/658 3679/659 3678/649
f 3678/649 3680/657 3681/658
f 3920/660 3681/658 3680/657
f 2973/661 2974/662 2990/663
f 2974/662 2985/664 2990/663
f 2973/661 2990/663 2994/665
f 2999/666 3002/667 3004/668
f 3080/669 3141/670 3143/671
f 3076/672 3075/673 3074/674
f 3084/675 3076/672 3074/674
f 3076/672 3084/675 3085/676
f 3143/671 3144/677 3213/678
f 3102/679 3101/617 3094/680
f 3517/681 3107/682 3091/683
f 3104/684 3106/685 3107/682
f 3093/686 3094/680 3108/687
f 3108/687 3095/688 3093/686
f 3094/680 3101/617 3108/687
f 3205/689 3213/678 3216/690
f 3187/691 3186/692 3180/693
f 3186/692 3187/691 3188/694
f 3177/695 3188/694 3189/696
f 3189/696 3188/694 3187/691
f 3551/697 3543/698 3164/699
f 3182/700 3180/693 3179/701
f 3180/693 3182/700 3187/691
f 3179/701 3181/702 3182/700
f 3184/703 3182/700 3181/702
f 3181/704 3183/705 3184/706
f 3193/707 3190/708 3189/696
f 3184/706 3383/709 3387/710
f 3191/711 3192/712 3389/713
f 3192/714 3387/710 3388/715
f 3192/712 3388/716 3389/713
f 3384/717 3383/709 3382/718
f 3383/709 3384/717 3391/719
f 3392/720 3387/710 3383/709
f 3383/709 3391/719 3392/720
f 3392/720 3388/715 3387/710
f 3389/713 3193/707 3191/711
f 3190/708 3193/707 3554/721
f 3554/721 3553/722 3190/708
f 3193/707 3389/713 3554/721
f 3632/723 3554/721 3389/713
f 3554/721 3632/723 3633/724
f 3390/725 3389/713 3388/716
f 3389/713 3390/725 3632/723
f 3394/726 3390/727 3388/715
f 3388/715 3392/720 3394/726
f 3226/728 3227/729 3291/730
f 3291/730 3290/731 3226/728
f 3224/732 3225/733 3228/734
f 3227/735 3228/736 3291/737
f 3228/736 3229/738 3291/737
f 3294/739 3295/740 3296/741
f 3275/742 3252/743 3230/744
f 3250/745 3245/746 3244/747
f 3252/748 3251/749 3250/750
f 3251/749 3252/748 3268/751
f 3249/752 3247/753 3245/746
f 3247/753 3249/752 3254/754
f 3268/751 3253/755 3251/749
f 3293/756 3294/757 3299/758
f 3294/739 3296/741 3307/759
f 3296/741 3302/760 3307/759
f 3441/761 3307/759 3302/760
f 3307/759 3441/761 3687/762
f 3441/761 3444/763 3687/762
f 3687/764 3458/765 3439/766
f 3690/767 3687/762 3444/763
f 3458/765 3687/764 3689/768
f 3695/769 3689/768 3687/764
f 3687/762 3690/767 3696/770
f 3319/771 3318/772 3317/773
f 3329/631 3319/774 3317/612
f 3319/774 3329/631 3331/775
f 3335/633 3336/634 3338/776
f 3338/776 3337/777 3335/633
f 3573/778 3338/776 3336/634
f 3575/779 3572/780 3569/781
f 3575/779 3574/782 3572/780
f 3599/783 3600/784 3602/653
f 3587/785 3599/783 3609/786
f 3397/787 3391/719 3384/717
f 3391/719 3397/787 3398/788
f 3391/719 3398/788 3399/789
f 3402/790 3399/789 3398/788
f 3393/791 3392/720 3391/719
f 3392/720 3393/791 3394/726
f 3390/727 3394/726 3395/792
f 3390/727 3395/792 3396/793
f 3390/727 3396/793 3636/794
f 3636/795 3632/723 3390/725
f 3636/795 3633/724 3632/723
f 3401/796 3396/793 3395/792
f 3395/792 3400/797 3401/796
f 3396/793 3401/796 3640/798
f 3641/799 3636/794 3396/793
f 3396/793 3640/798 3641/799
f 3633/724 3636/795 3637/800
f 3641/801 3637/800 3636/795
f 3404/802 3400/797 3399/789
f 3404/802 3401/796 3400/797
f 3401/796 3404/802 3406/803
f 3406/803 3407/804 3646/805
f 3643/806 3645/807 3648/808
f 3645/807 3647/809 3648/808
f 3491/810 3487/811 3438/812
f 3472/813 3461/814 3460/815
f 3560/816 3559/817 3523/818
f 3559/817 3560/816 3562/819
f 3564/820 3562/644 3560/821
f 3634/822 3556/823 3555/824
f 3556/823 3634/822 3635/825
f 3638/826 3635/825 3634/822
f 3635/825 3638/826 3639/827
f 3569/781 3571/828 3576/829
f 3576/829 3575/779 3569/781
f 3665/654 3663/830 3614/652
f 3643/831 3648/832 3649/833
f 3649/833 3644/834 3643/831
f 3642/835 3638/836 3637/800
f 3728/837 3725/838 3724/839
f 3820/840 3728/837 3677/841
f 3820/840 3813/842 3728/837
f 3677/843 3683/844 3826/845
f 3826/845 3820/846 3677/843
f 3799/847 3802/848 3804/849
f 3799/847 3804/849 3805/850
f 3772/851 3773/852 3775/853
f 3776/854 3778/855 3819/856
f 3757/857 3740/858 3739/859
f 3803/860 3766/861 3764/862
f 3768/863 3803/864 3805/865
f 3792/866 3787/867 3784/868
f 3794/869 3793/870 3785/871
f 3816/872 3805/850 3804/849
f 3779/873 3775/853 3773/852
f 4085/874 4084/875 4080/876
f 4205/877 4178/878 4177/879
f 4190/880 4188/881 4178/878
f 4184/882 4189/883 4193/884
f 4199/885 4193/884 4189/883
f 4199/886 4195/887 4193/888
f 4199/889 4200/890 4201/891
f 4210/892 4211/893 4225/894
f 4211/895 4223/896 4225/897
f 4270/898 4225/897 4223/896
f 4225/894 4224/899 4210/892
f 4224/899 4225/894 4228/900
f 4229/901 4226/902 4224/903
f 4224/899 4228/900 4229/904
f 4270/905 4228/900 4225/894
f 4226/902 4229/901 4480/906
f 4220/907 4219/908 4214/909
f 4228/900 4270/905 4271/910
f 4273/911 4271/910 4270/905
f 4271/910 4229/904 4228/900
f 4229/904 4271/910 4272/912
f 4229/901 4272/913 4484/914
f 4274/915 4272/912 4271/910
f 4271/910 4273/911 4274/915
f 4426/916 4394/917 4391/918
f 4391/918 4425/919 4426/916
f 4394/920 4426/921 4436/922
f 4425/923 4427/924 4437/925
f 4436/922 4437/925 4438/926
f 4418/927 4415/928 4414/929
f 4442/930 4437/925 4427/924
f 4442/930 4438/926 4437/925
f 4429/931 4430/932 4431/933
f 4760/934 4520/935 4454/936
f 4464/937 4466/938 4467/939
f 4768/940 4767/941 4766/942
f 4853/943 4859/944 4860/945
f 4609/946 4607/947 4604/948
f 4589/949 4614/950 4615/951
f 4616/952 4615/951 4614/950
f 4721/953 4723/954 4728/955
f 4744/956 4722/957 4720/958
f 4796/959 4731/960 4728/961
f 4728/955 4795/962 4796/963
f 4798/964 4795/965 4782/966
f 4799/967 4784/968 4731/969
f 4731/960 4796/959 4799/970
f 4787/971 4786/972 4784/973
f 4786/972 4787/971 4789/974
f 4784/968 4799/967 4802/975
f 4756/976 4757/977 4804/978
f 4804/978 4805/979 4811/980
f 4779/981 4857/982 4870/983
f 4871/984 4870/983 4869/985
f 4787/971 4788/986 4789/974
f 4790/987 4789/974 4788/986
f 4883/988 4793/989 4792/990
f 4821/991 4818/992 4815/993
f 4824/994 4801/995 4800/996
f 4800/996 4823/997 4824/994
f 4801/998 4824/999 4825/1000
f 4822/1001 4821/991 4815/993
f 4901/1002 4822/1001 4820/1003
f 4906/1004 4904/1005 4901/1002
f 2/1006 519/1007 1/1008 541/1009
f 1/1008 456/1010 455/3 458/2
f 457/1011 456/1010 1/1008 519/1007
f 1/1008 539/1012 542/1013 541/1009
f 1/1008 458/2 1060/4 539/1012
f 2/1006 4/1014 3/1015 520/1016
f 513/1017 519/1007 2/1006 520/1016
f 2/1006 541/1009 549/1018 4/1014
f 3/1015 5/1019 6/1020 531/1021
f 3/1015 4/1014 7/1022 5/1019
f 518/1023 520/1016 3/1015 531/1021
f 551/1024 7/1022 4/1014 549/1018
f 1449/1025 6/1020 5/1019 1452/1026
f 5/1019 7/1022 1453/1027 1452/1026
f 524/1028 531/1021 6/1020 529/1029
f 1448/1030 529/1029 6/1020 1449/1025
f 7/1022 551/1024 1985/1031 1453/1027
f 10/1032 11/1033 8/1034 258/1035
f 8/1036 48/1037 46/1038 535/1039
f 8/1036 11/1040 78/1041 48/1037
f 257/1042 258/1035 8/1034 535/1043
f 11/1040 10/1044 9/1045 12/1046
f 16/1047 12/1046 9/1045 15/1048
f 9/1049 10/1032 271/1050 272/1051
f 276/1052 15/1053 9/1049 272/1051
f 10/1032 258/1035 256/1054 271/1050
f 11/1040 12/1046 13/1055 78/1041
f 14/1056 13/1055 12/1046 16/1047
f 79/1057 78/1041 13/1055 72/1058
f 13/1055 14/1056 80/1059 72/1058
f 14/1056 16/1047 2450/1060 2445/1061
f 2490/1062 80/1059 14/1056 2445/1061
f 15/1053 276/1052 2448/1063 2447/1064
f 2450/1060 16/1047 15/1048 2447/1065
f 52/7 53/6 17/1066 428/10
f 54/1067 18/1068 17/1066 53/6
f 427/1069 428/10 17/1066 429/1070
f 17/1066 18/1068 430/1071 429/1070
f 18/1068 156/14 19/1072 430/1071
f 18/1068 54/1067 153/12 156/14
f 19/1072 156/14 154/13 20/1073
f 460/1074 430/1071 19/1072 459/1075
f 19/1072 20/1073 462/1076 459/1075
f 20/1073 21/1077 22/1078 462/1076
f 155/16 21/1077 20/1073 154/13
f 23/1079 22/1078 21/1077 24/1080
f 165/1081 24/1080 21/1077 155/16
f 461/1082 462/1076 22/1078 463/1083
f 22/1078 23/1079 464/1084 463/1083
f 23/1079 24/1080 167/1085 25/1086
f 23/1079 25/1086 465/1087 464/1084
f 24/1080 165/1081 166/1088 167/1085
f 596/1089 465/1087 25/1086 613/1090
f 25/1086 167/1085 763/1091 613/1090
f 34/1092 33/64 32/1093 35/1094
f 32/1093 33/64 36/63 193/1095
f 194/1096 192/1097 32/1098 193/1099
f 196/1100 35/1101 32/1098 192/1097
f 33/64 34/1092 41/1102 38/62
f 34/1092 35/1094 2459/1103 2458/1104
f 2464/1105 41/1102 34/1092 2458/1104
f 35/1101 196/1100 2603/1106 2459/1107
f 39/1108 37/1109 36/63 38/62
f 174/1110 193/1095 36/63 236/1111
f 36/63 37/1109 237/1112 236/1111
f 37/1109 39/1108 40/1113 238/1114
f 211/1115 237/1112 37/1109 238/1114
f 42/1116 39/1108 38/62 41/1102
f 43/1117 40/1113 39/1108 42/1116
f 239/1118 238/1114 40/1113 240/1119
f 40/1113 43/1117 246/1120 240/1119
f 2465/1121 42/1116 41/1102 2464/1105
f 2468/1122 43/1117 42/1116 2465/1121
f 2475/1123 246/1120 43/1117 2468/1122
f 44/9 45/1124 50/1125 52/7
f 532/1126 45/1124 44/9 534/11
f 46/1038 49/1127 45/1124 532/1126
f 45/1124 49/1127 51/1128 50/1125
f 46/1038 48/1037 47/1129 49/1127
f 533/1130 535/1039 46/1038 532/1126
f 51/1128 49/1127 47/1129 73/1131
f 74/1132 73/1131 47/1129 79/1057
f 47/1129 48/1037 78/1041 79/1057
f 50/1125 51/1128 57/66 56/65
f 63/5 52/7 50/1125 56/65
f 51/1128 73/1131 75/1133 57/66
f 60/70 54/1067 53/6 55/8
f 54/1067 60/70 158/75 153/12
f 59/72 58/68 56/65 87/67
f 57/66 75/1133 88/1134 87/67
f 59/72 87/67 91/1135 90/1136
f 59/72 90/1136 95/1137 94/73
f 60/70 61/71 159/76 158/75
f 61/71 62/69 119/1138 120/1139
f 61/71 120/1139 250/78 159/76
f 62/69 94/73 118/1140 119/1138
f 64/1141 133/1142 132/1143 143/1144
f 64/1145 65/1146 134/1147 133/1148
f 64/1141 143/1144 2476/1149 2478/1150
f 2477/1151 65/1146 64/1145 2478/1152
f 65/1146 69/1153 66/1154 134/1147
f 2482/1155 69/1153 65/1146 2477/1151
f 66/1154 69/1153 70/1156 67/1157
f 109/1158 134/1147 66/1154 121/1159
f 66/1154 67/1157 122/1160 121/1159
f 71/1161 68/1162 67/1157 70/1156
f 67/1157 68/1162 123/1163 122/1160
f 180/1164 123/1163 68/1162 201/1165
f 68/1162 71/1161 205/1166 201/1165
f 2481/1167 70/1156 69/1153 2482/1155
f 2485/1168 71/1161 70/1156 2481/1167
f 2617/1169 205/1166 71/1161 2485/1168
f 72/1058 76/1170 74/1132 79/1057
f 82/1171 76/1170 72/1058 80/1059
f 73/1131 74/1132 77/1172 75/1133
f 74/1132 76/1170 81/1173 77/1172
f 75/1133 77/1172 105/1174 88/1134
f 83/1175 81/1173 76/1170 82/1171
f 77/1172 81/1173 131/1176 105/1174
f 2494/1177 82/1171 80/1059 2490/1062
f 81/1173 83/1175 140/1178 131/1176
f 2492/1179 83/1175 82/1171 2494/1177
f 2505/1180 140/1178 83/1175 2492/1179
f 84/1181 96/1182 99/1183 113/1184
f 84/1185 86/1186 102/1187 96/1188
f 108/1189 86/1186 84/1185 110/1190
f 115/1191 110/1190 84/1185 113/92
f 85/1192 118/1140 94/73 95/1137
f 102/1193 86/1194 85/1192 95/1137
f 85/1192 86/1194 108/1195 109/1158
f 85/1192 109/1158 121/1159 118/1140
f 87/67 88/1134 89/1196 91/1135
f 106/1197 89/1196 88/1134 105/1174
f 92/1198 91/1135 89/1196 100/1199
f 107/1200 100/1199 89/1196 106/1197
f 90/1136 91/1135 92/1198 93/1201
f 102/1193 95/1137 90/1136 93/1201
f 101/1202 96/82 92/1203 100/1204
f 112/1205 97/83 96/82 101/1202
f 114/1206 104/96 97/83 112/1205
f 111/1207 101/1208 100/1199 107/1200
f 101/1202 111/1209 116/1210 112/1205
f 104/96 114/1206 125/102 124/101
f 129/1211 106/1197 105/1174 131/1176
f 130/1212 107/1200 106/1197 129/1211
f 135/1213 111/1207 107/1200 130/1212
f 132/1143 133/1142 108/1189 110/1190
f 108/1195 133/1148 134/1147 109/1158
f 110/1190 115/1191 136/1214 132/1143
f 137/1215 116/1210 111/1209 135/1216
f 117/1217 114/1206 112/1205 116/1210
f 128/1218 115/1191 113/92 126/94
f 114/1206 117/1217 127/1219 125/102
f 115/1220 128/106 139/105 136/1221
f 138/1222 117/1217 116/1210 137/1215
f 149/1223 127/1219 117/1217 138/1222
f 122/1160 119/1138 118/1140 121/1159
f 123/1163 120/1139 119/1138 122/1160
f 120/1139 123/1163 180/1164 250/78
f 128/1224 126/103 125/102 127/1219
f 150/1225 128/1224 127/1219 149/1223
f 129/1211 131/1176 140/1178 141/1226
f 142/1227 130/1212 129/1211 141/1226
f 144/1228 135/1213 130/1212 142/1227
f 145/1229 143/1144 132/1143 136/1214
f 146/1230 137/1215 135/1216 144/1231
f 136/1221 139/105 148/1232 145/1233
f 147/1234 138/1222 137/1215 146/1230
f 138/1222 147/1234 151/1235 149/1223
f 152/1236 148/1232 139/105 150/104
f 2506/1237 141/1226 140/1178 2505/1180
f 2507/1238 142/1227 141/1226 2506/1237
f 2511/1239 144/1228 142/1227 2507/1238
f 143/1144 145/1229 2512/1240 2476/1149
f 2513/1241 146/1230 144/1231 2511/1242
f 145/1233 148/1232 2519/1243 2512/1244
f 2514/1245 147/1234 146/1230 2513/1241
f 2533/1246 151/1235 147/1234 2514/1245
f 148/1232 152/1236 2534/1247 2519/1243
f 152/1248 150/1225 149/1223 151/1235
f 2534/1249 152/1248 151/1235 2533/1246
f 157/74 154/13 153/12 158/75
f 154/13 157/74 161/108 160/15
f 155/16 160/15 168/111 165/1081
f 162/107 179/113 184/1250 185/1251
f 186/1252 163/112 162/107 185/1251
f 222/1253 164/109 163/112 186/1252
f 223/115 170/114 164/109 222/1253
f 172/1254 166/1088 165/1081 168/111
f 166/1088 172/1254 173/119 812/1255
f 763/1091 167/1085 166/1088 812/1255
f 168/111 169/110 171/1256 172/1254
f 169/110 170/114 226/116 171/1256
f 173/119 172/1254 171/1256 252/117
f 171/1256 226/116 230/120 252/117
f 813/1257 812/1255 173/119 814/1258
f 900/1259 814/1258 173/119 874/121
f 177/1260 178/1261 174/1262 208/1263
f 194/1264 193/1095 174/1110 178/1265
f 174/1110 236/1111 209/1266 208/1267
f 175/1268 194/1096 178/1269 176/1270
f 175/1268 176/1270 188/1271 189/1272
f 192/1097 194/1096 175/1268 195/1273
f 175/1268 189/1272 207/1274 195/1273
f 176/1275 178/1261 177/1260 190/1276
f 183/1277 188/1278 176/1275 190/1276
f 177/1260 208/1263 212/1279 213/1280
f 218/1281 190/1276 177/1260 213/1280
f 179/113 251/77 181/1282 182/1283
f 179/113 182/1283 191/1284 184/1250
f 180/1164 201/1165 200/1285 181/1282
f 251/77 250/78 180/1164 181/1282
f 202/1286 182/1283 181/1282 200/1285
f 199/1287 191/1284 182/1283 202/1286
f 183/1277 185/1288 184/1289 188/1278
f 186/1290 185/1288 183/1277 187/1291
f 183/1277 190/1276 218/1281 187/1291
f 189/1272 188/1271 184/1292 191/1293
f 186/1290 187/1291 224/124 222/1294
f 187/1291 218/1281 220/125 224/124
f 189/1272 191/1293 199/1295 207/1274
f 192/1097 195/1273 197/1296 196/1100
f 198/1297 197/1296 195/1273 207/1274
f 196/1100 197/1296 2604/1298 2603/1106
f 197/1296 198/1297 2607/1299 2604/1298
f 198/1297 207/1274 199/1295 204/1300
f 198/1297 204/1300 2613/1301 2607/1299
f 199/1295 202/1302 203/1303 204/1300
f 203/1304 202/1286 200/1285 206/1305
f 200/1285 201/1165 205/1166 206/1305
f 2613/1301 204/1300 203/1303 2614/1306
f 203/1304 206/1305 2618/1307 2614/1308
f 2618/1307 206/1305 205/1166 2617/1169
f 208/1263 209/1309 210/1310 212/1279
f 209/1266 236/1111 237/1112 210/1311
f 210/1310 237/1312 211/1313 215/1314
f 214/1315 212/1279 210/1310 215/1314
f 217/1316 215/1314 211/1313 216/1317
f 211/1313 238/1318 239/1319 216/1317
f 219/132 213/1280 212/1279 214/1315
f 220/125 218/1281 213/1280 219/132
f 214/1315 215/1314 217/1316 228/1320
f 221/131 219/132 214/1315 228/1320
f 232/1321 217/1316 216/1317 243/1322
f 216/1317 239/1319 242/1323 243/1322
f 229/1324 228/1320 217/1316 232/1321
f 220/125 221/131 227/1325 225/123
f 221/131 228/1320 229/1324 227/1325
f 225/123 223/1326 222/1294 224/124
f 223/1326 225/123 227/1325 226/1327
f 226/1327 227/1325 229/1324 230/1328
f 229/1324 232/1321 233/1329 230/1328
f 235/1330 231/1331 230/1328 233/1329
f 232/1321 243/1322 249/1332 233/1329
f 234/1333 235/1330 233/1329 249/1332
f 234/1333 249/1332 244/1334 880/1335
f 874/121 235/122 234/1336 875/1337
f 881/1338 875/1339 234/1333 880/1335
f 239/1118 240/1119 241/1340 242/1341
f 247/1342 241/1340 240/1119 246/1120
f 244/1334 242/1323 241/1343 245/1344
f 248/1345 245/1346 241/1340 247/1342
f 249/1332 243/1322 242/1323 244/1334
f 877/1347 880/1335 244/1334 245/1344
f 245/1346 248/1345 878/134 877/133
f 2646/1348 247/1342 246/1120 2475/1123
f 2649/1349 248/1345 247/1342 2646/1348
f 3037/1350 878/134 248/1345 2649/1349
f 253/1351 292/1352 293/1353 294/1354
f 253/1351 294/1354 1601/1355 1599/1356
f 254/1357 255/1358 260/1359 257/1042
f 262/1360 255/1358 254/1357 421/1361
f 420/1362 421/1361 254/1357 533/1363
f 254/1357 257/1042 535/1043 533/1363
f 261/1364 260/1359 255/1358 263/1365
f 255/1358 262/1360 264/1366 263/1365
f 256/1054 258/1035 257/1042 260/1359
f 256/1054 260/1359 261/1364 259/1367
f 274/1368 271/1050 256/1054 259/1367
f 259/1367 261/1364 268/1369 280/1370
f 275/1371 274/1368 259/1367 280/1370
f 261/1364 263/1365 269/1372 268/1369
f 262/1360 421/1361 435/1373 437/1374
f 438/1375 264/1366 262/1360 437/1374
f 263/1365 264/1366 265/1376 269/1372
f 338/1377 265/1376 264/1366 438/1375
f 270/137 269/1372 265/1376 266/138
f 339/1378 266/138 265/1376 338/1377
f 266/138 339/1378 340/1379 343/136
f 267/1380 268/1369 269/1372 270/137
f 280/1370 268/1369 267/1380 281/1381
f 270/137 343/136 344/1382 345/1383
f 383/1384 283/1385 270/137 345/1383
f 273/1386 272/1051 271/1050 274/1368
f 272/1051 273/1386 277/1387 276/1052
f 273/1386 274/1368 275/1371 278/1388
f 279/1389 277/1387 273/1386 278/1388
f 275/1390 280/1391 281/142 282/1392
f 285/1393 278/1394 275/1390 282/1392
f 276/1052 277/1387 2726/1395 2448/1063
f 277/1396 279/1397 2729/1398 2726/1399
f 286/1400 279/1397 278/1394 285/1393
f 279/1397 286/1400 2737/1401 2729/1398
f 284/1402 282/1392 281/142 283/141
f 282/1392 284/1402 288/1403 285/1393
f 381/1404 284/1402 283/141 383/1405
f 289/1406 288/1403 284/1402 381/1404
f 287/1407 286/1400 285/1393 288/1403
f 286/1400 287/1407 2739/1408 2737/1401
f 287/1407 288/1403 289/1406 290/1409
f 287/1407 290/1409 2742/1410 2739/1408
f 289/1411 381/1412 382/1413 390/1414
f 391/1415 290/1409 289/1406 390/1416
f 290/1409 391/1415 2821/1417 2742/1410
f 293/1353 292/1352 291/1418 295/1419
f 298/1420 295/1419 291/1418 297/1421
f 293/1353 295/1419 304/1422 296/1423
f 1708/1424 294/1354 293/1353 296/1423
f 1602/1425 1601/1355 294/1354 1708/1424
f 295/1419 298/1420 301/1426 304/1422
f 296/1423 304/1422 308/1427 305/1428
f 296/1423 305/1428 1709/1429 1708/1424
f 300/1430 298/1420 297/1421 299/1431
f 298/1420 300/1430 302/1432 301/1426
f 317/1433 300/1430 299/1431 313/1434
f 319/1435 302/1432 300/1430 317/1433
f 308/1427 304/1422 301/1426 303/1436
f 301/1426 302/1432 320/1437 303/1436
f 302/1432 319/1435 321/1438 320/1437
f 309/1439 308/1427 303/1436 310/1440
f 326/1441 310/1440 303/1436 320/1437
f 309/1439 306/1442 305/1428 308/1427
f 305/1428 306/1442 1710/1443 1709/1429
f 311/1444 307/1445 306/1442 309/1439
f 306/1442 307/1445 1713/1446 1710/1443
f 307/1445 311/1444 354/1447 356/1448
f 307/1445 356/1448 1716/1449 1713/1446
f 309/1439 310/1440 312/1450 311/1444
f 328/1451 312/1450 310/1440 326/1441
f 311/1444 312/1450 358/1452 354/1447
f 312/1450 328/1451 329/1453 358/1452
f 313/1434 314/1454 318/1455 317/1433
f 314/1454 315/1456 316/1457 318/1455
f 2769/1458 316/1457 315/1456 2768/1459
f 322/1460 318/1455 316/1457 324/1461
f 2774/1462 324/1463 316/1464 2769/1465
f 317/1433 318/1455 322/1460 319/1435
f 323/1466 321/1438 319/1435 322/1460
f 320/1437 321/1438 327/1467 326/1441
f 321/1438 323/1466 332/1468 327/1467
f 322/1460 324/1461 325/1469 323/1466
f 323/1466 325/1469 333/1470 332/1468
f 2775/1471 325/1472 324/1463 2774/1462
f 2785/1473 333/1470 325/1469 2775/1474
f 326/1441 327/1467 330/1475 328/1451
f 334/1476 330/1475 327/1467 332/1468
f 331/1477 329/1453 328/1451 330/1475
f 359/1478 358/1452 329/1453 398/1479
f 329/1453 331/1477 399/1480 398/1479
f 335/1481 331/1477 330/1475 334/1476
f 331/1477 335/1481 404/1482 399/1480
f 332/1468 333/1470 336/1483 334/1476
f 2788/1484 336/1483 333/1470 2785/1473
f 337/1485 335/1481 334/1476 336/1483
f 335/1481 337/1485 405/1486 404/1482
f 2790/1487 337/1485 336/1483 2788/1484
f 2842/1488 405/1486 337/1485 2790/1487
f 338/1377 438/1375 492/1489 493/1490
f 494/1491 339/1378 338/1377 493/1490
f 536/1492 340/1379 339/1378 494/1491
f 342/1493 341/1494 340/1379 536/1492
f 344/1382 343/136 340/1379 341/1494
f 348/1495 344/1382 341/1494 346/1496
f 341/1494 342/1493 364/1497 346/1496
f 363/1498 364/1497 342/1493 537/145
f 342/1493 536/1492 504/143 537/145
f 347/1499 345/1383 344/1382 348/1495
f 345/1383 347/1499 389/1500 383/1384
f 346/1496 364/1497 365/1501 378/1502
f 379/1503 348/1495 346/1496 378/1502
f 347/1499 348/1495 379/1503 384/1504
f 347/1499 384/1504 385/1505 389/1500
f 349/1506 1716/1449 356/1448 357/1507
f 360/1508 350/1509 349/1506 357/1507
f 349/1506 1715/1510 1714/1511 1716/1449
f 349/1506 350/1509 1717/1512 1715/1510
f 350/1509 360/1508 361/1513 369/1514
f 350/1509 369/1514 368/1515 1717/1512
f 351/1516 353/1517 352/1518 362/1519
f 355/1520 359/1478 351/1516 362/1519
f 351/1516 359/1478 398/1479 400/1521
f 401/1522 353/1517 351/1516 400/1521
f 360/1508 362/1519 352/1518 361/1513
f 380/1523 361/1513 352/1518 377/1524
f 352/1518 353/1517 410/1525 377/1524
f 353/1517 401/1522 411/1526 410/1525
f 357/1507 356/1448 354/1447 355/1520
f 354/1447 358/1452 359/1478 355/1520
f 360/1508 357/1507 355/1520 362/1519
f 367/1527 369/1514 361/1513 380/1523
f 365/1501 364/1497 363/1498 371/1528
f 373/1529 371/1528 363/1498 538/1530
f 363/1498 537/145 505/144 538/1530
f 365/1501 371/1528 370/1531 374/1532
f 375/1533 378/1502 365/1501 374/1532
f 369/1514 367/1527 366/1534 368/1515
f 366/1535 370/1536 372/1537 1721/1538
f 374/1539 370/1540 366/1534 367/1527
f 1720/1541 368/1542 366/1535 1721/1538
f 367/1527 380/1523 375/1543 374/1539
f 1719/1544 1717/1512 368/1515 1720/1545
f 370/1536 371/1546 373/1547 372/1537
f 372/1537 373/1547 1629/1548 1630/1549
f 1631/1550 1721/1538 372/1537 1630/1549
f 373/1547 538/1551 508/1552 1629/1548
f 375/1543 380/1523 377/1524 376/1553
f 379/1503 378/1502 375/1533 376/1554
f 384/1504 379/1503 376/1554 412/1555
f 376/1553 377/1524 410/1525 412/1556
f 381/1412 383/1384 389/1500 382/1413
f 382/1413 389/1500 385/1505 387/1557
f 392/1558 390/1414 382/1413 387/1557
f 386/1559 385/1505 384/1504 412/1555
f 388/1560 387/1557 385/1505 386/1559
f 386/1561 412/1556 410/1525 411/1526
f 413/1562 388/1563 386/1561 411/1526
f 387/1557 388/1560 393/1564 392/1558
f 394/1565 393/1566 388/1563 413/1562
f 395/1567 391/1568 390/1414 392/1558
f 391/1568 395/1567 2824/1569 2821/1570
f 392/1558 393/1564 396/1571 395/1567
f 393/1566 394/1565 397/1572 396/1573
f 394/1565 413/1562 402/1574 407/1575
f 409/1576 397/1572 394/1565 407/1575
f 395/1567 396/1571 2826/1577 2824/1569
f 396/1571 397/1578 2827/1579 2826/1577
f 397/1572 409/1576 2847/1580 2827/1581
f 398/1479 399/1480 403/1582 400/1521
f 406/1583 403/1582 399/1480 404/1482
f 402/1574 401/1522 400/1521 403/1582
f 413/1562 411/1526 401/1522 402/1574
f 406/1583 407/1575 402/1574 403/1582
f 404/1482 405/1486 408/1584 406/1583
f 2845/1585 408/1584 405/1486 2842/1488
f 409/1576 407/1575 406/1583 408/1584
f 2847/1580 409/1576 408/1584 2845/1585
f 415/1586 416/1587 414/1588 451/1589
f 414/1588 416/1587 424/1590 426/1591
f 414/1588 441/1592 452/1593 451/1589
f 414/1594 426/1595 460/1074 441/1596
f 418/1597 419/1598 415/1586 453/1599
f 439/1600 416/1587 415/1586 419/1598
f 415/1586 451/1589 450/1601 453/1599
f 425/1602 424/1590 416/1587 439/1600
f 417/1603 419/1598 418/1597 472/1604
f 434/1605 433/1606 417/1607 470/1608
f 439/1600 419/1598 417/1603 433/1609
f 471/1610 470/1611 417/1603 472/1604
f 469/1612 472/1604 418/1597 512/1613
f 418/1597 453/1599 511/1614 512/1613
f 420/1362 534/1615 422/1616 423/1617
f 435/1373 421/1361 420/1362 423/1617
f 532/1618 534/1615 420/1362 533/1363
f 424/1619 425/1620 422/1616 427/1621
f 422/1622 534/11 428/10 427/1069
f 431/1623 423/1617 422/1616 425/1620
f 423/1617 431/1623 432/1624 435/1373
f 429/1070 426/1595 424/1625 427/1069
f 425/1620 439/1626 433/1606 431/1623
f 426/1595 429/1070 430/1071 460/1074
f 431/1623 433/1606 434/1605 432/1624
f 437/1374 435/1373 432/1624 436/1627
f 432/1624 434/1605 489/1628 436/1627
f 434/1605 470/1608 488/1629 489/1628
f 438/1375 437/1374 436/1627 492/1489
f 436/1627 489/1628 487/1630 492/1489
f 446/1631 442/1632 440/1633 461/1082
f 452/1593 441/1592 440/1634 442/1635
f 460/1074 459/1075 440/1633 441/1596
f 440/1633 459/1075 462/1076 461/1082
f 442/1635 446/1636 443/1637 454/1638
f 449/1639 452/1593 442/1635 454/1638
f 443/1637 446/1636 444/1640 447/1641
f 456/1010 454/1638 443/1637 455/3
f 443/1637 447/1641 1042/146 455/3
f 448/147 447/1642 444/1643 445/1644
f 461/1082 463/1083 444/1643 446/1631
f 444/1643 463/1083 464/1084 445/1644
f 445/1644 464/1084 465/1087 1067/1645
f 1044/148 448/147 445/1644 1067/1645
f 447/1641 448/1646 1046/1647 1042/146
f 451/1589 452/1593 449/1639 450/1601
f 449/1639 454/1638 456/1010 457/1011
f 514/1648 450/1601 449/1639 457/1011
f 511/1614 453/1599 450/1601 514/1648
f 457/1011 519/1007 513/1017 514/1648
f 465/1087 596/1089 1068/180 1067/1645
f 468/161 474/1649 473/1650 479/164
f 468/161 479/164 480/163 497/159
f 488/1651 474/1649 468/161 490/160
f 471/1652 472/1653 469/1654 475/1655
f 476/1656 475/1655 469/1654 516/1657
f 469/1612 512/1613 515/1658 516/1659
f 470/1660 471/1652 474/1649 488/1651
f 473/1650 474/1649 471/1652 475/1655
f 473/1650 475/1655 476/1656 481/1661
f 482/165 479/164 473/1650 481/1661
f 477/1662 481/1661 476/1656 522/1663
f 476/1656 516/1657 521/1664 522/1663
f 482/165 481/1661 477/1662 478/1665
f 477/1662 522/1663 525/1666 527/1667
f 526/1668 478/1665 477/1662 527/1667
f 483/162 482/165 478/1665 486/1669
f 1766/1670 486/1669 478/1665 526/1668
f 480/163 484/166 485/1671 510/1672
f 498/1673 497/159 480/163 510/1672
f 483/162 486/1669 1727/1674 484/166
f 1729/1675 485/1671 484/166 1727/1674
f 500/1676 510/1672 485/1671 1744/1677
f 485/1671 1729/1675 1745/1678 1744/1677
f 1728/1679 1727/1674 486/1669 1766/1670
f 487/1630 489/1628 488/1629 490/1680
f 487/1630 490/1680 491/1681 495/1682
f 493/1490 492/1489 487/1630 495/1682
f 498/1673 491/1683 490/160 497/159
f 496/1684 495/1682 491/1681 502/1685
f 491/1683 498/1673 499/1686 502/1687
f 496/1684 494/1491 493/1490 495/1682
f 494/1491 496/1684 504/143 536/1492
f 496/1684 502/1685 503/1688 504/143
f 498/1673 510/1672 500/1676 499/1686
f 499/1686 500/1676 501/1689 509/1690
f 503/1691 502/1687 499/1686 509/1690
f 500/1676 1744/1677 1733/1692 501/1689
f 506/1693 509/1690 501/1689 1739/1694
f 501/1689 1733/1692 1743/1695 1739/1694
f 505/144 504/143 503/1688 507/1696
f 503/1688 509/1697 506/1698 507/1696
f 508/1699 538/1530 505/144 507/1696
f 508/1699 507/1696 506/1698 1737/1700
f 506/1701 1739/1702 1736/1703 1737/1704
f 1738/1705 1629/1548 508/1552 1737/1704
f 511/1614 514/1648 513/1017 517/1706
f 515/1658 512/1613 511/1614 517/1706
f 513/1017 520/1016 518/1023 517/1706
f 515/1658 517/1706 518/1023 523/1707
f 521/1708 516/1659 515/1658 523/1707
f 518/1023 531/1021 524/1028 523/1707
f 521/1708 523/1707 524/1028 528/1709
f 525/1666 522/1663 521/1664 528/1710
f 524/1711 529/1712 530/1713 528/1710
f 525/1666 528/1710 530/1713 1769/1714
f 1770/1715 527/1667 525/1666 1769/1714
f 1768/1716 1766/1670 526/1668 1767/1717
f 526/1668 527/1667 1770/1715 1767/1717
f 1773/1718 530/1713 529/1712 1448/1719
f 1772/1720 1769/1714 530/1713 1773/1718
f 540/156 544/1721 539/1012 1060/4
f 547/1722 542/1013 539/1012 544/1721
f 546/1723 544/1721 540/156 543/1724
f 1065/1725 543/1724 540/156 1061/154
f 541/1009 542/1013 550/1726 549/1018
f 542/1013 547/1722 553/1727 550/1726
f 543/1724 545/1728 556/1729 546/1723
f 1066/1730 545/1728 543/1724 1065/1725
f 544/1721 546/1723 548/1731 547/1722
f 557/1732 556/1729 545/1728 1278/1733
f 545/1728 1066/1730 1277/1734 1278/1733
f 559/1735 548/1731 546/1723 556/1729
f 547/1722 548/1731 554/1736 553/1727
f 565/1737 554/1736 548/1731 559/1735
f 549/1018 550/1726 552/1738 551/1024
f 555/1739 552/1738 550/1726 553/1727
f 551/1024 552/1738 1987/1740 1985/1031
f 552/1738 555/1739 1996/1741 1987/1740
f 553/1727 554/1736 567/1742 1998/1743
f 1997/1744 555/1739 553/1727 1998/1743
f 554/1736 565/1737 568/1745 567/1742
f 1999/1746 1996/1741 555/1739 1997/1744
f 556/1729 557/1732 560/1747 559/1735
f 557/1732 558/1748 561/1749 560/1747
f 557/1732 1278/1733 1279/1750 558/1748
f 562/1751 561/1749 558/1748 1283/1752
f 558/1748 1279/1750 1280/1753 1283/1752
f 559/1735 560/1747 566/1754 565/1737
f 560/1747 561/1749 563/1755 566/1754
f 561/1749 562/1751 564/1756 563/1755
f 562/1751 1283/1752 1282/1757 1284/1758
f 1384/1759 564/1756 562/1751 1284/1758
f 570/1760 566/1754 563/1755 569/1761
f 563/1755 564/1756 573/1762 569/1761
f 572/1763 573/1762 564/1756 1384/1759
f 565/1737 566/1754 570/1760 568/1745
f 567/1742 568/1745 2101/1764 2100/1765
f 2102/1766 1998/1743 567/1742 2100/1765
f 568/1745 570/1760 2105/1767 2101/1764
f 574/1768 571/1769 569/1761 573/1762
f 2105/1767 570/1760 569/1761 571/1769
f 2106/1770 2105/1767 571/1769 2107/1771
f 571/1769 574/1768 2255/1772 2107/1771
f 574/1768 573/1762 572/1763 575/1773
f 576/1774 575/1773 572/1763 1386/1775
f 572/1763 1384/1759 1385/1776 1386/1775
f 574/1768 575/1773 2256/1777 2255/1772
f 575/1773 576/1774 577/1778 2256/1777
f 576/1774 1386/1775 1387/1779 1388/1780
f 1392/1781 577/1778 576/1774 1388/1780
f 2258/1782 2256/1777 577/1778 2259/1783
f 577/1778 1392/1781 2292/1784 2259/1783
f 581/1785 580/1786 578/1787 602/1788
f 584/1789 579/1790 578/1791 580/1792
f 578/1787 594/1793 591/1794 602/1788
f 578/1791 579/1790 595/1795 594/1796
f 579/1797 584/1798 1075/1799 1071/1800
f 1085/169 595/168 579/1797 1071/1800
f 580/1786 581/1785 583/1801 582/1802
f 580/1792 582/1803 585/1804 584/1789
f 581/1785 602/1788 589/1805 616/1806
f 617/1807 583/1801 581/1785 616/1806
f 582/1802 583/1801 587/1808 586/1809
f 588/1810 585/1804 582/1803 586/1811
f 620/1812 587/1808 583/1801 617/1807
f 584/1798 585/1813 1076/1814 1075/1799
f 585/1813 588/1815 1081/1816 1076/1814
f 586/1809 587/1808 630/1817 629/1818
f 631/1819 588/1810 586/1811 629/1820
f 587/1808 620/1812 637/1821 630/1817
f 588/1810 631/1819 1126/1822 1081/1823
f 589/1805 602/1788 591/1794 599/171
f 605/170 590/1824 589/1805 599/171
f 618/1825 616/1806 589/1805 590/1824
f 590/1824 605/170 606/174 609/1826
f 590/1824 609/1826 622/1827 618/1825
f 591/1828 594/1829 592/39 597/38
f 598/172 599/171 591/1794 597/1830
f 592/39 594/1829 595/1831 593/40
f 600/20 597/38 592/39 601/26
f 1086/176 1084/175 593/167 1085/169
f 596/1089 613/1090 615/1832 603/1833
f 596/1089 603/1833 1070/179 1068/180
f 598/37 611/29 612/28 604/46
f 603/1833 615/1832 795/1834 628/1835
f 603/1833 628/1835 1108/181 1070/179
f 608/1836 606/174 604/173 607/1837
f 610/1838 609/1826 606/174 608/1836
f 761/1839 608/1836 607/1837 760/1840
f 766/1841 610/1838 608/1836 761/1839
f 609/1826 610/1838 624/1842 622/1827
f 786/1843 624/1842 610/1838 766/1841
f 781/1844 615/1832 613/1090 763/1091
f 771/260 760/1845 614/1846 770/49
f 615/1832 781/1844 798/1847 795/1834
f 619/1848 617/1807 616/1806 618/1825
f 617/1807 619/1848 621/1849 620/1812
f 623/1850 619/1848 618/1825 622/1827
f 626/1851 621/1849 619/1848 623/1850
f 620/1812 621/1849 638/1852 637/1821
f 621/1849 626/1851 645/1853 638/1852
f 625/1854 623/1850 622/1827 624/1842
f 623/1850 625/1854 627/1855 626/1851
f 787/1856 625/1854 624/1842 786/1843
f 792/1857 627/1855 625/1854 787/1856
f 626/1851 627/1855 646/1858 645/1853
f 820/1859 646/1858 627/1855 792/1857
f 831/1860 651/1861 628/1835 795/1834
f 628/1835 651/1861 1135/1862 1108/181
f 629/1818 630/1817 633/1863 632/1864
f 635/1865 631/1819 629/1820 632/1866
f 639/1867 633/1863 630/1817 637/1821
f 631/1819 635/1865 1129/1868 1126/1822
f 632/1866 634/1869 636/1870 635/1865
f 632/1864 633/1863 643/1871 634/1872
f 633/1863 639/1867 641/1873 643/1871
f 634/1869 643/1874 655/1875 654/1876
f 656/1877 636/1870 634/1869 654/1876
f 635/1865 636/1870 1130/1878 1129/1868
f 636/1879 656/183 1153/185 1130/1880
f 637/1821 638/1852 640/1881 639/1867
f 647/1882 640/1881 638/1852 645/1853
f 639/1867 640/1881 642/1883 641/1873
f 648/1884 642/1883 640/1881 647/1882
f 641/1873 642/1883 653/188 660/187
f 655/189 643/1871 641/1873 660/187
f 642/1883 648/1884 665/191 653/188
f 651/1861 652/1885 644/1886 1135/1862
f 644/1886 652/1885 666/1887 657/1888
f 644/1886 1125/1889 1080/1890 1135/1862
f 644/1886 657/1888 1134/1891 1125/1889
f 645/1853 646/1858 649/1892 647/1882
f 823/1893 649/1892 646/1858 820/1859
f 650/1894 648/1884 647/1882 649/1892
f 648/1884 650/1894 667/192 665/191
f 824/1895 650/1894 649/1892 823/1893
f 848/1896 667/192 650/1894 824/1895
f 828/1897 652/1885 651/1861 831/1860
f 852/1898 666/1887 652/1885 828/1897
f 659/184 656/183 654/1899 658/199
f 654/1899 655/1900 661/200 658/199
f 669/1901 664/1902 657/1888 666/1887
f 657/1888 664/1902 1133/1903 1134/1891
f 659/184 662/198 1158/206 1155/202
f 661/200 670/1904 671/1905 663/201
f 663/201 671/1905 675/210 673/204
f 664/1902 669/1901 720/1906 719/1907
f 664/1902 719/1907 1286/1908 1133/1903
f 855/1909 669/1901 666/1887 852/1898
f 849/215 668/196 667/1910 848/217
f 910/1911 720/1906 669/1901 855/1909
f 677/214 849/215 851/220 856/219
f 683/1912 681/1913 680/1914 682/1915
f 684/1916 682/1917 680/1918 1287/1919
f 680/1914 681/1913 1192/1920 1191/1921
f 680/1918 1191/1922 1193/1923 1287/1919
f 681/1913 683/1912 689/1924 686/1925
f 681/1913 686/1925 1196/1926 1192/1920
f 682/1917 684/1916 694/1927 693/1928
f 695/1929 683/1912 682/1915 693/1930
f 696/1931 689/1924 683/1912 695/1929
f 684/1916 685/1932 699/1933 694/1927
f 684/1916 1287/1919 1288/1934 685/1932
f 700/1935 699/1936 685/1937 1291/1938
f 685/1937 1288/1939 1289/1940 1291/1938
f 690/1941 687/1942 686/1925 689/1924
f 686/1925 687/1942 1199/1943 1196/1926
f 691/1944 688/1945 687/1942 690/1941
f 687/1946 688/1947 1200/1948 1199/1949
f 688/1950 691/1951 692/1952 1293/1953
f 1201/1954 1200/1955 688/1950 1293/1953
f 697/1956 690/1941 689/1924 696/1931
f 698/1957 691/1944 690/1941 697/1956
f 750/1958 692/1959 691/1944 698/1957
f 752/1960 703/1961 692/1952 750/1962
f 1294/1963 1293/1953 692/1952 703/1961
f 693/1930 694/1964 722/1965 721/1966
f 723/1967 695/1929 693/1930 721/1966
f 694/1927 699/1933 724/1968 722/1969
f 729/1970 696/1931 695/1929 723/1967
f 730/1971 697/1956 696/1931 729/1970
f 731/1972 698/1957 697/1956 730/1971
f 698/1957 731/1972 753/1973 750/1958
f 699/1933 700/1974 725/1975 724/1968
f 700/1935 702/1976 732/1977 725/1978
f 700/1935 1291/1938 1305/1979 702/1976
f 701/1980 719/1907 720/1906 728/1981
f 701/1980 728/1981 755/1982 751/1983
f 1286/1908 719/1907 701/1980 1290/1984
f 701/1980 751/1983 1322/1985 1290/1984
f 733/1986 732/1977 702/1976 1317/1987
f 702/1976 1305/1979 1306/1988 1317/1987
f 703/1961 752/1960 704/234 1308/236
f 1295/1989 1294/1963 703/1961 1308/236
f 704/1990 752/1991 754/1992 736/1993
f 709/1994 706/1995 705/1996 711/1997
f 710/1998 711/1999 705/2000 726/2001
f 705/1996 721/1966 722/1965 726/2002
f 723/1967 721/1966 705/1996 706/1995
f 714/2003 707/2004 706/1995 709/1994
f 729/1970 723/1967 706/1995 707/2004
f 715/2005 708/2006 707/2004 714/2003
f 730/1971 729/1970 707/2004 708/2006
f 716/2007 713/2008 708/2006 715/2005
f 731/1972 730/1971 708/2006 713/2008
f 709/1994 711/1997 928/2009 931/2010
f 935/2011 714/2003 709/1994 931/2010
f 710/1998 726/2001 727/2012 712/2013
f 928/2014 711/1999 710/1998 929/2015
f 710/1998 712/2013 930/2016 929/2015
f 712/2017 727/2018 737/2019 739/2020
f 712/2013 739/2021 932/2022 930/2016
f 713/2008 716/2007 717/2023 741/2024
f 753/1973 731/1972 713/2008 741/2024
f 936/2025 715/2005 714/2003 935/2011
f 937/2026 716/2007 715/2005 936/2025
f 938/2027 717/2023 716/2007 937/2026
f 756/239 741/241 717/2028 718/2029
f 940/2030 718/2029 717/2028 938/2031
f 742/2032 756/239 718/2029 974/2033
f 718/2029 940/2030 942/2034 974/2033
f 939/2035 728/1981 720/1906 910/1911
f 722/1969 724/1968 727/2012 726/2001
f 724/1968 725/1975 737/2036 727/2012
f 725/1975 732/2037 738/2038 737/2036
f 757/2039 755/1982 728/1981 939/2035
f 732/1977 733/1986 744/2040 738/2041
f 733/1986 734/244 745/243 744/2040
f 733/1986 1317/1987 1318/245 734/244
f 735/2042 736/1993 746/2043 1319/2044
f 1311/2045 1309/237 735/235 1319/2046
f 742/2032 743/2047 736/1993 754/1992
f 736/1993 743/2047 748/2048 746/2043
f 740/2049 739/2021 737/2036 738/2038
f 970/2050 740/2051 738/2041 744/2040
f 739/2052 740/2051 971/2053 932/2054
f 740/2051 970/2050 972/2055 971/2053
f 753/240 756/239 742/2032 754/1992
f 742/2032 974/2033 975/2056 743/2047
f 976/2057 748/2048 743/2047 975/2056
f 744/2040 745/243 979/254 970/2050
f 980/255 979/254 745/243 1321/242
f 749/2058 747/2059 746/2043 748/2048
f 1320/2060 1319/2044 746/2043 747/2059
f 978/2061 749/2058 748/2048 976/2057
f 754/2062 752/1960 750/1962 753/2063
f 751/1983 755/1982 758/2064 1323/2065
f 1269/2066 1322/1985 751/1983 1323/2065
f 755/1982 757/2039 759/2067 758/2064
f 757/2039 939/2035 963/2068 1005/2069
f 1006/2070 759/2067 757/2039 1005/2069
f 758/2064 759/2067 1026/2071 1373/2072
f 1370/2073 1323/2065 758/2064 1373/2072
f 759/2067 1006/2070 1027/2074 1026/2071
f 762/262 761/2075 760/1845 771/260
f 761/2076 762/2077 767/2078 766/2079
f 762/2077 764/2080 768/2081 767/2078
f 763/1091 812/1255 813/1257 781/1844
f 764/261 765/263 769/2082 768/2083
f 765/263 771/260 774/58 775/2084
f 782/2085 769/2082 765/263 775/2084
f 766/2079 767/2078 788/2086 786/2087
f 767/2078 768/2081 789/2088 788/2086
f 768/2081 769/2089 796/2090 789/2088
f 769/2082 782/2085 800/2091 796/2092
f 774/58 771/260 770/49 772/48
f 1328/2093 777/2094 773/47 1324/54
f 778/2095 775/2084 774/58 776/57
f 775/2084 778/2095 783/2096 782/2085
f 776/57 777/59 779/265 778/2095
f 1329/2097 780/2098 777/2094 1328/2093
f 778/2095 779/265 784/2099 783/2096
f 779/2100 780/268 785/267 784/2101
f 780/2102 1329/2103 1331/2104 1333/2105
f 815/2106 798/1847 781/1844 813/1257
f 782/2085 783/2096 801/2107 800/2091
f 783/2108 784/2101 804/2109 801/2110
f 784/2101 785/267 805/2111 804/2109
f 1341/2112 805/2111 785/267 1333/266
f 790/2113 787/2114 786/2087 788/2086
f 787/1856 790/2115 793/2116 792/1857
f 788/2086 789/2088 791/2117 790/2113
f 797/2118 791/2117 789/2088 796/2090
f 790/2113 791/2117 794/2119 793/2120
f 799/2121 794/2119 791/2117 797/2118
f 792/1857 793/2116 821/2122 820/1859
f 793/2120 794/2119 822/2123 821/2124
f 794/2119 799/2121 833/2125 822/2123
f 795/1834 798/1847 832/2126 831/1860
f 802/2127 797/2128 796/2129 800/2130
f 808/2131 799/2132 797/2128 802/2127
f 798/1847 815/2106 865/2133 832/2126
f 799/2132 808/2131 836/2134 833/2135
f 800/2130 801/2110 803/2136 802/2127
f 806/2137 803/2136 801/2110 804/2109
f 802/2127 803/2136 809/2138 808/2131
f 803/2136 806/2137 810/2139 809/2138
f 804/2109 805/2111 807/2140 806/2137
f 1343/2141 807/2140 805/2111 1341/2112
f 806/2137 807/2140 811/2142 810/2139
f 1345/2143 811/2142 807/2140 1343/2141
f 808/2131 809/2138 837/2144 836/2134
f 809/2138 810/2139 838/2145 837/2144
f 810/2139 811/2142 839/2146 838/2145
f 1354/2147 839/2146 811/2142 1345/2143
f 813/1257 814/1258 816/271 815/2106
f 901/272 816/271 814/1258 900/1259
f 815/2106 816/271 817/270 865/2133
f 866/2148 865/2133 817/270 867/2149
f 906/2150 867/2149 817/270 903/269
f 818/2151 852/1898 828/1897 835/2152
f 855/1909 852/1898 818/2151 819/2153
f 818/2151 835/2152 866/2148 869/2154
f 868/2155 819/2153 818/2151 869/2154
f 910/1911 855/1909 819/2153 912/2156
f 819/2153 868/2155 987/2157 912/2156
f 820/2158 821/2124 826/2159 823/2160
f 821/2124 822/2123 827/2161 826/2159
f 834/2162 827/2161 822/2123 833/2125
f 825/2163 824/2164 823/2160 826/2159
f 824/2164 825/2163 850/2165 848/2166
f 825/2163 826/2159 827/2161 829/2167
f 825/2168 829/2169 853/274 850/216
f 830/2170 829/2167 827/2161 834/2162
f 828/1897 831/1860 832/2126 835/2152
f 829/2169 830/2171 854/275 853/274
f 830/2172 834/2173 840/2174 842/2175
f 830/2171 842/2176 860/277 854/275
f 866/2148 835/2152 832/2126 865/2133
f 840/2174 834/2173 833/2135 836/2134
f 836/2134 837/2144 841/2177 840/2174
f 837/2144 838/2145 844/2178 841/2177
f 838/2145 839/2146 845/2179 844/2178
f 1356/2180 845/2179 839/2146 1354/2147
f 843/2181 842/2175 840/2174 841/2177
f 847/2182 843/2181 841/2177 844/2178
f 842/2176 843/2183 863/278 860/277
f 843/2183 847/2184 864/2185 863/278
f 844/2178 845/2179 846/279 847/2182
f 1357/280 846/279 845/2179 1356/2180
f 864/2186 847/2182 846/279 1362/281
f 857/227 856/219 851/220 859/276
f 861/231 858/228 857/227 859/276
f 859/276 863/278 864/2185 861/231
f 861/231 864/2185 1362/2187 862/232
f 862/232 1362/2187 1363/2188 1361/233
f 866/2148 867/2149 870/2189 869/2154
f 871/290 870/2189 867/2149 906/2150
f 868/2155 869/2154 870/2189 872/286
f 868/2155 872/286 989/288 987/2157
f 870/2189 871/290 873/287 872/286
f 871/290 906/2150 907/2190 909/289
f 873/287 909/289 890/2191 1011/2192
f 1012/291 989/288 873/287 1011/2192
f 874/121 875/1337 876/2193 900/1259
f 883/2194 876/2193 875/1337 881/2195
f 876/2193 883/2194 886/2196 904/2197
f 901/272 900/1259 876/2193 904/2197
f 881/2195 880/2198 877/133 882/2199
f 877/133 879/135 884/2200 882/2199
f 3038/2201 879/135 878/134 3037/1350
f 3042/2202 884/2200 879/135 3038/2201
f 881/2195 882/2199 885/2203 883/2194
f 882/2199 884/2200 888/2204 885/2203
f 883/2194 885/2203 887/2205 886/2196
f 3048/2206 888/2204 884/2200 3042/2202
f 889/2207 887/2205 885/2203 888/2204
f 886/2196 887/2205 893/2208 892/2209
f 905/2210 904/2197 886/2196 892/2209
f 887/2205 889/2207 896/2211 893/2208
f 3050/2212 889/2207 888/2204 3048/2206
f 3058/2213 896/2211 889/2207 3050/2212
f 894/2214 891/2215 890/2191 908/2216
f 890/2191 909/289 907/2190 908/2216
f 1013/2217 1011/2192 890/2191 891/2215
f 891/2215 894/2214 895/2218 898/2219
f 891/2215 898/2219 1017/2220 1013/2217
f 892/2209 893/2208 895/2218 894/2214
f 908/2216 905/2210 892/2209 894/2214
f 897/2221 895/2218 893/2208 896/2211
f 899/2222 898/2219 895/2218 897/2221
f 3060/2223 897/2221 896/2211 3058/2213
f 3066/2224 899/2222 897/2221 3060/2223
f 898/2219 899/2222 1019/2225 1017/2220
f 3194/2226 1019/2225 899/2222 3066/2224
f 901/272 904/2197 905/2210 902/273
f 906/2150 903/269 902/273 907/2190
f 902/273 905/2210 908/2216 907/2190
f 910/1911 912/2156 963/2068 939/2035
f 911/295 913/294 916/2227 950/299
f 990/2228 963/2068 912/2156 987/2157
f 914/2229 917/2230 913/294 934/293
f 918/2231 916/2227 913/294 917/2230
f 919/2232 917/2230 914/2229 915/2233
f 930/2016 932/2022 914/2229 934/293
f 914/2229 932/2022 971/2234 915/2233
f 920/2235 919/2236 915/2237 981/2238
f 915/2237 971/2053 972/2055 981/2238
f 951/2239 950/2240 916/2241 952/2242
f 916/2241 918/2243 991/2244 952/2242
f 921/2245 918/2246 917/2247 919/2236
f 918/2243 921/2248 993/2249 991/2244
f 919/2236 920/2235 988/2250 921/2245
f 920/2235 981/2238 982/2251 984/2252
f 920/2235 984/2252 1000/2253 988/2250
f 921/2248 988/2254 996/2255 993/2249
f 922/2256 928/2009 929/2257 933/2258
f 931/2010 928/2009 922/2256 924/2259
f 922/2256 933/2258 944/301 923/300
f 922/2256 923/300 945/310 924/2259
f 935/2011 931/2010 924/2259 925/2260
f 949/2261 925/2260 924/2259 945/310
f 936/2025 935/2011 925/2260 926/2262
f 958/2263 926/2262 925/2260 949/2261
f 937/2026 936/2025 926/2262 927/2264
f 957/2265 927/2264 926/2262 958/2263
f 938/2031 937/2266 927/2267 941/2268
f 959/2269 941/2270 927/2271 957/2272
f 929/2015 930/2016 934/293 933/296
f 962/2273 940/2030 938/2031 941/2268
f 964/2274 942/2034 940/2030 962/2273
f 941/2268 959/2275 960/2276 962/2273
f 965/2277 943/2278 942/2034 964/2274
f 975/2056 974/2033 942/2034 943/2278
f 943/2278 965/2277 968/2279 977/2280
f 976/2057 975/2056 943/2278 977/2280
f 945/310 947/302 946/2281 949/2261
f 946/313 947/2282 948/304 951/306
f 949/312 954/311 955/2283 958/2284
f 951/306 952/2285 953/2286 954/311
f 992/2287 953/2286 952/2285 991/2288
f 955/2283 954/311 953/2286 956/2289
f 961/2290 956/2289 953/2286 992/2287
f 957/2272 958/2284 955/2283 959/2269
f 960/2276 959/2275 955/2291 956/2292
f 966/2293 960/2276 956/2292 961/2294
f 964/2274 962/2273 960/2276 966/2293
f 967/2295 966/2293 961/2294 995/2296
f 961/2297 992/2298 994/2299 995/2300
f 1007/2301 1005/2069 963/2068 990/2228
f 967/2295 965/2277 964/2274 966/2293
f 965/2277 967/2295 969/2302 968/2279
f 967/2295 995/2296 998/2303 969/2302
f 985/2304 977/2280 968/2279 986/2305
f 968/2279 969/2302 1004/2306 986/2305
f 969/2307 998/316 1003/315 1004/2308
f 973/253 972/2055 970/2050 979/254
f 982/2251 981/2238 972/2055 973/253
f 976/2057 977/2280 985/2304 978/2061
f 1002/307 984/309 982/320 983/259
f 983/259 986/314 1004/318 1002/307
f 987/2157 989/288 999/292 990/2228
f 1001/2309 996/2255 988/2254 1000/2310
f 990/2228 999/292 1008/2311 1007/2301
f 994/2312 992/2313 991/2244 993/2249
f 997/317 994/2299 993/2314 996/2315
f 998/316 995/2300 994/2299 997/317
f 1003/315 997/317 996/2315 1001/2316
f 999/292 1012/291 1014/2317 1015/2318
f 1024/2319 1008/2311 999/292 1015/2318
f 1009/2320 1006/2070 1005/2069 1007/2301
f 1006/2070 1009/2320 1029/2321 1027/2074
f 1007/2301 1008/2311 1010/2322 1009/2320
f 1025/2323 1010/2322 1008/2311 1024/2319
f 1009/2320 1010/2322 1028/2324 1029/2321
f 1010/2322 1025/2323 1033/2325 1028/2324
f 1014/2317 1012/291 1011/2192 1013/2217
f 1018/2326 1014/2317 1013/2217 1017/2220
f 1016/2327 1015/2318 1014/2317 1018/2326
f 1015/2318 1016/2327 1022/2328 1024/2319
f 1016/2327 1018/2326 1020/2329 1021/2330
f 1016/2327 1021/2330 1023/2331 1022/2328
f 1020/2329 1018/2326 1017/2220 1019/2225
f 3196/2332 1020/2329 1019/2225 3194/2226
f 3200/2333 1021/2330 1020/2329 3196/2332
f 3208/2334 1023/2331 1021/2330 3200/2333
f 1025/2323 1024/2319 1022/2328 1032/2335
f 1022/2328 1023/2331 1035/2336 1032/2335
f 3497/2337 1035/2336 1023/2331 3208/2334
f 1025/2323 1032/2335 1034/2338 1033/2325
f 1371/2339 1373/2072 1026/2071 1374/2340
f 1026/2071 1027/2074 1408/2341 1374/2340
f 1027/2074 1029/2321 1030/2342 1408/2341
f 1030/2342 1029/2321 1028/2324 1031/2343
f 1037/2344 1031/2343 1028/2324 1033/2325
f 1376/2345 1408/2341 1030/2342 1409/2346
f 1030/2342 1031/2343 1410/2347 1409/2346
f 1031/2343 1037/2344 1411/2348 1410/2347
f 1036/2349 1034/2338 1032/2335 1035/2336
f 1033/2325 1034/2338 1038/2350 1037/2344
f 1034/2338 1036/2349 1040/2351 1038/2350
f 3499/2352 1036/2349 1035/2336 3497/2337
f 3504/2353 1040/2351 1036/2349 3499/2352
f 1037/2344 1038/2350 1039/2354 1411/2348
f 1041/2355 1039/2354 1038/2350 1040/2351
f 1414/2356 1411/2348 1039/2354 1421/2357
f 1039/2358 1041/2359 1422/2360 1421/2361
f 3506/2362 1041/2363 1040/2364 3504/2365
f 3842/2366 1422/2360 1041/2359 3506/2367
f 1042/146 1046/1647 1048/2368 1058/1
f 1043/2369 1048/153 1047/150 1055/2370
f 1056/2371 1049/2372 1043/2369 1055/2370
f 1043/2373 1059/155 1058/1 1048/2368
f 1043/2373 1049/2374 1062/2375 1059/155
f 1044/148 1067/1645 1068/180 1069/152
f 1055/2370 1047/150 1045/322 1052/2376
f 1045/322 1073/151 1074/182 1080/1890
f 1125/1889 1052/2376 1045/322 1080/1890
f 1057/2377 1050/2378 1049/2372 1056/2371
f 1049/2374 1050/2379 1063/2380 1062/2375
f 1050/2379 1051/325 1064/324 1063/2380
f 1173/329 1051/2381 1050/2378 1057/2377
f 1056/2371 1055/2370 1052/2376 1053/2382
f 1052/2376 1125/1889 1134/1891 1053/2382
f 1057/2377 1056/2371 1053/2382 1054/2383
f 1053/2382 1134/1891 1133/1903 1054/2383
f 1173/329 1057/2377 1054/2383 1179/330
f 1054/2383 1133/1903 1286/1908 1179/330
f 1065/1725 1061/154 1059/155 1062/2375
f 1066/1730 1065/1725 1062/2375 1063/2380
f 1277/1734 1066/1730 1063/2380 1064/324
f 1064/324 1275/323 1274/2384 1277/1734
f 1069/152 1070/179 1074/182 1073/151
f 1077/2385 1072/2386 1071/1800 1075/1799
f 1071/1800 1072/2386 1086/176 1085/169
f 1087/177 1086/176 1072/2386 1094/2387
f 1072/2386 1077/2385 1109/2388 1094/2387
f 1074/182 1108/181 1135/1862 1080/1890
f 1075/1799 1076/1814 1078/2389 1077/2385
f 1082/2390 1078/2389 1076/1814 1081/1816
f 1077/2385 1078/2389 1079/2391 1109/2388
f 1083/2392 1079/2391 1078/2389 1082/2390
f 1110/2393 1109/2388 1079/2391 1112/2394
f 1079/2391 1083/2392 1116/2395 1112/2394
f 1127/2396 1082/2390 1081/1816 1126/2397
f 1128/2398 1083/2392 1082/2390 1127/2396
f 1138/2399 1116/2395 1083/2392 1128/2398
f 1090/36 1089/35 1084/2400 1091/335
f 1087/177 1094/2387 1095/2401 1088/333
f 1096/2402 1092/334 1088/333 1095/2401
f 1090/36 1091/335 1099/157 1098/34
f 1097/2403 1093/2404 1092/2405 1096/2406
f 1100/158 1099/157 1093/337 1101/338
f 1093/2407 1097/2408 1106/2409 1101/2410
f 1110/2393 1095/2401 1094/2387 1109/2388
f 1111/2411 1096/2402 1095/2401 1110/2393
f 1114/2412 1097/2403 1096/2406 1111/2413
f 1119/2414 1106/2409 1097/2408 1114/2415
f 1107/2416 1105/2417 1101/2410 1106/2409
f 1328/2093 1324/54 1103/53 1325/61
f 1327/2418 1325/61 1104/60 1326/340
f 1105/2417 1107/2416 1330/2419 1326/2420
f 1121/2421 1107/2416 1106/2409 1119/2414
f 1107/2416 1121/2421 1337/2422 1330/2419
f 1110/2423 1112/2424 1113/2425 1111/2413
f 1111/2413 1113/2425 1115/2426 1114/2412
f 1117/2427 1113/2425 1112/2424 1116/2428
f 1118/2429 1115/2426 1113/2425 1117/2427
f 1114/2415 1115/2430 1120/2431 1119/2414
f 1115/2430 1118/2432 1123/2433 1120/2431
f 1139/2434 1117/2427 1116/2428 1138/2435
f 1140/2436 1118/2429 1117/2427 1139/2434
f 1147/2437 1123/2433 1118/2432 1140/2438
f 1119/2414 1120/2431 1122/2439 1121/2421
f 1124/2440 1122/2439 1120/2431 1123/2433
f 1121/2421 1122/2439 1338/2441 1337/2422
f 1122/2439 1124/2440 1339/2442 1338/2441
f 1148/2443 1124/2440 1123/2433 1147/2437
f 1124/2440 1148/2443 1351/2444 1339/2442
f 1132/2445 1127/2396 1126/2397 1129/2446
f 1136/2447 1128/2398 1127/2396 1132/2445
f 1128/2448 1136/2449 1141/2450 1138/2435
f 1129/1868 1130/1878 1131/2451 1132/2452
f 1154/203 1131/2453 1130/1880 1153/185
f 1136/2449 1132/2454 1131/2455 1137/2456
f 1156/207 1137/2457 1131/2453 1154/203
f 1136/2449 1137/2456 1143/2458 1141/2450
f 1157/341 1143/2459 1137/2457 1156/207
f 1142/2460 1139/2434 1138/2435 1141/2450
f 1144/2461 1140/2436 1139/2434 1142/2460
f 1140/2438 1144/2462 1149/2463 1147/2437
f 1145/2464 1142/2460 1141/2450 1143/2458
f 1146/2465 1144/2461 1142/2460 1145/2464
f 1161/2466 1145/2464 1143/2458 1157/2467
f 1144/2462 1146/2468 1150/2469 1149/2463
f 1162/2470 1146/2465 1145/2464 1161/2466
f 1171/2471 1150/2472 1146/2465 1162/2470
f 1151/2473 1148/2443 1147/2437 1149/2463
f 1148/2443 1151/2473 1352/2474 1351/2444
f 1149/2463 1150/2469 1152/2475 1151/2473
f 1169/344 1152/2475 1150/2469 1171/345
f 1151/2473 1152/2475 1347/2476 1352/2474
f 1152/2475 1169/344 1359/346 1347/2476
f 1155/202 1158/206 1159/212 1160/208
f 1165/348 1160/208 1159/212 1163/225
f 1162/2477 1161/342 1160/208 1165/348
f 1162/2470 1165/2478 1166/2479 1171/2471
f 1170/2480 1166/347 1163/225 1167/226
f 1167/230 1358/229 1361/233 1170/2481
f 1172/326 1249/328 1271/2482 1276/2483
f 1274/2384 1275/323 1172/326 1276/2483
f 1177/2484 1178/2485 1174/2486 1215/2487
f 1186/2488 1175/2489 1174/2490 1178/2491
f 1174/2492 1175/352 1212/351 1211/2493
f 1174/2486 1211/2494 1213/2495 1215/2487
f 1187/353 1184/2496 1175/352 1186/2497
f 1175/352 1184/2496 1245/2498 1214/350
f 1178/2485 1177/2484 1176/2499 1203/2500
f 1176/2499 1193/1923 1191/1922 1203/2500
f 1176/2499 1181/2501 1197/2502 1193/1923
f 1176/2503 1177/2504 1222/2505 1181/2506
f 1177/2504 1215/2507 1216/2508 1222/2505
f 1183/2509 1186/2488 1178/2491 1203/2510
f 1179/330 1286/1908 1290/1984 1180/331
f 1180/331 1290/1984 1322/1985 1207/349
f 1181/2506 1182/2511 1204/2512 1197/2513
f 1223/2514 1182/2511 1181/2506 1222/2505
f 1205/2515 1204/2512 1182/2511 1238/2516
f 1182/2511 1223/2514 1239/2517 1238/2516
f 1187/353 1186/2497 1183/2518 1194/354
f 1191/1921 1192/1920 1183/2509 1203/2510
f 1183/2509 1192/1920 1196/1926 1194/2519
f 1188/2520 1185/2521 1184/2496 1187/353
f 1184/2496 1185/2521 1247/2522 1245/2498
f 1185/2523 1188/2524 1189/2525 1248/2526
f 1246/2527 1247/2528 1185/2523 1248/2526
f 1198/2529 1188/2520 1187/353 1195/355
f 1206/2530 1189/2525 1188/2524 1198/2531
f 1208/2532 1190/2533 1189/2525 1206/2530
f 1252/2534 1248/2526 1189/2525 1190/2533
f 1190/2533 1208/2532 1209/2535 1258/2536
f 1253/2537 1252/2534 1190/2533 1258/2536
f 1288/1934 1287/1919 1193/1923 1197/2502
f 1194/2519 1196/1926 1199/1943 1195/2538
f 1195/355 1199/1949 1200/1948 1198/2529
f 1289/1940 1288/1939 1197/2513 1204/2512
f 1198/2531 1200/1955 1201/1954 1206/2530
f 1208/2532 1206/2530 1201/1954 1202/2539
f 1201/1954 1293/1953 1294/1963 1202/2539
f 1209/2535 1208/2532 1202/2539 1301/2540
f 1202/2539 1294/1963 1295/1989 1301/2540
f 1204/2512 1205/2515 1292/2541 1289/1940
f 1205/2515 1238/2516 1261/2542 1297/2543
f 1299/2544 1292/2541 1205/2515 1297/2543
f 1207/349 1322/1985 1269/2066 1270/2545
f 1271/2482 1249/328 1207/2546 1270/2547
f 1259/2548 1258/2536 1209/2535 1210/2549
f 1209/2535 1301/2540 1302/2550 1210/2549
f 1260/2551 1259/2548 1210/2549 1262/2552
f 1303/2553 1262/2552 1210/2549 1302/2550
f 1211/2493 1212/351 1217/2554 1213/2555
f 1212/351 1214/350 1218/2556 1217/2554
f 1216/2508 1215/2507 1213/2557 1220/2558
f 1213/2559 1217/2560 1219/2561 1220/2562
f 1250/2563 1218/2556 1214/350 1245/2498
f 1223/2514 1222/2505 1216/2508 1224/2564
f 1216/2508 1220/2558 1228/2565 1224/2564
f 1217/2554 1218/2556 1225/2566 1219/2567
f 1221/2568 1225/2566 1218/2556 1250/2563
f 1219/2569 1225/2570 1227/2571 1226/2572
f 1228/2565 1220/2558 1219/2573 1226/2574
f 1227/2575 1225/2576 1221/2577 1229/2578
f 1221/2577 1250/2579 1246/2527 1251/2580
f 1255/2581 1229/2578 1221/2577 1251/2580
f 1223/2514 1224/2564 1233/2582 1239/2517
f 1224/2564 1228/2565 1234/357 1233/2582
f 1226/2572 1227/2571 1230/2583 1231/2584
f 1234/357 1228/2565 1226/2574 1231/358
f 1227/2575 1229/2578 1232/2585 1230/2586
f 1256/2587 1232/2585 1229/2578 1255/2581
f 1236/356 1231/358 1230/2588 1237/2589
f 1257/368 1237/2590 1232/2585 1256/2587
f 1233/2582 1234/357 1236/356 1235/2591
f 1240/2592 1239/2517 1233/2582 1235/2591
f 1241/362 1240/2592 1235/2591 1243/363
f 1235/2591 1236/356 1242/2593 1243/363
f 1236/356 1237/2589 1244/2594 1242/2593
f 1267/2595 1244/2596 1237/2597 1257/2598
f 1238/2516 1239/2517 1240/2592 1261/2542
f 1240/2592 1241/362 1264/2599 1261/2542
f 1265/2600 1264/2599 1241/362 1268/364
f 1268/364 1243/363 1242/2593 1244/2594
f 1245/2498 1247/2522 1246/2601 1250/2563
f 1246/2527 1248/2526 1252/2534 1251/2580
f 1251/2580 1252/2534 1253/2537 1255/2581
f 1256/2587 1255/2581 1253/2537 1254/2602
f 1253/2537 1258/2536 1259/2548 1254/2602
f 1257/368 1256/2587 1254/2602 1266/369
f 1254/2602 1259/2548 1260/2551 1266/369
f 1267/370 1266/369 1260/2551 1263/2603
f 1260/2551 1262/2552 1315/2604 1263/2603
f 1298/2605 1297/2543 1261/2542 1264/2599
f 1262/2552 1303/2553 1304/2606 1315/2604
f 1268/367 1267/366 1263/2607 1265/2608
f 1264/2599 1265/2600 1316/2609 1298/2605
f 1272/2610 1270/2547 1269/2611 1273/2612
f 1269/2066 1323/2065 1370/2073 1273/2613
f 1281/2614 1271/2482 1270/2547 1272/2610
f 1280/1753 1276/2483 1271/2482 1281/2614
f 1282/1757 1281/2614 1272/2610 1285/2615
f 1272/2610 1273/2612 1364/2616 1285/2615
f 1372/2617 1364/2616 1273/2612 1370/2618
f 1278/1733 1277/1734 1274/2384 1279/1750
f 1280/1753 1279/1750 1274/2384 1276/2483
f 1282/1757 1283/1752 1280/1753 1281/2614
f 1365/2619 1284/1758 1282/1757 1285/2615
f 1284/1758 1365/2619 1385/1776 1384/1759
f 1285/2615 1364/2616 1367/2620 1365/2619
f 1305/1979 1291/1938 1289/1940 1292/2541
f 1306/1988 1305/1979 1292/2541 1299/2544
f 1302/2550 1301/2540 1295/1989 1296/2621
f 1295/1989 1308/236 1309/237 1296/2621
f 1303/2553 1302/2550 1296/2621 1314/2622
f 1296/2621 1309/237 1311/2045 1314/2622
f 1297/2543 1298/2605 1300/2623 1299/2544
f 1312/2624 1300/2623 1298/2605 1316/2609
f 1299/2544 1300/2623 1307/246 1306/1988
f 1321/242 1307/246 1300/2623 1312/2624
f 1313/2625 1304/2606 1303/2553 1314/2622
f 1318/245 1317/1987 1306/1988 1307/246
f 1314/2622 1311/2045 1310/2626 1313/2625
f 1310/2626 1311/2045 1319/2046 1320/2627
f 1329/2097 1328/2093 1325/61 1327/2418
f 1332/2628 1327/2629 1326/2420 1330/2419
f 1331/2104 1329/2103 1327/2629 1332/2628
f 1334/2630 1332/2628 1330/2419 1337/2422
f 1331/2104 1332/2628 1334/2630 1340/2631
f 1341/2632 1333/2105 1331/2104 1340/2631
f 1334/2630 1337/2422 1338/2441 1335/2633
f 1342/2634 1340/2631 1334/2630 1335/2633
f 1335/2633 1338/2441 1339/2442 1336/2635
f 1335/2633 1336/2635 1344/2636 1342/2634
f 1336/2635 1339/2442 1351/2444 1346/2637
f 1353/2638 1344/2636 1336/2635 1346/2637
f 1343/2639 1341/2632 1340/2631 1342/2634
f 1345/2640 1343/2639 1342/2634 1344/2636
f 1354/2641 1345/2640 1344/2636 1353/2638
f 1346/2637 1351/2444 1352/2474 1349/2642
f 1346/2637 1349/2642 1355/2643 1353/2638
f 1349/2642 1352/2474 1347/2476 1350/2644
f 1347/2476 1359/346 1360/283 1350/2644
f 1349/2642 1350/2644 1348/2645 1355/2643
f 1348/2645 1357/2646 1356/2647 1355/2643
f 1348/2645 1350/2644 1360/283 1363/285
f 1362/2648 1357/2646 1348/2645 1363/285
f 1356/2647 1354/2641 1353/2638 1355/2643
f 1368/2649 1367/2620 1364/2616 1372/2617
f 1365/2619 1367/2620 1366/2650 1385/1776
f 1366/2650 1367/2620 1368/2649 1369/2651
f 1386/1775 1385/1776 1366/2650 1387/1779
f 1366/2650 1369/2651 1389/2652 1387/1779
f 1368/2649 1372/2617 1371/2653 1375/2654
f 1379/2655 1369/2651 1368/2649 1375/2654
f 1369/2651 1379/2655 1381/2656 1389/2652
f 1370/2073 1373/2072 1371/2339 1372/2657
f 1371/2339 1374/2340 1377/2658 1375/2659
f 1376/2345 1377/2658 1374/2340 1408/2341
f 1375/2654 1377/2660 1380/2661 1379/2655
f 1380/2662 1377/2658 1376/2345 1378/2663
f 1376/2345 1409/2346 1412/2664 1378/2663
f 1382/2665 1380/2661 1378/2666 1383/2667
f 1415/2668 1383/2669 1378/2670 1412/2671
f 1379/2655 1380/2661 1382/2665 1381/2656
f 1390/2672 1389/2652 1381/2656 1393/2673
f 1381/2656 1382/2665 1397/2674 1393/2673
f 1382/2675 1383/2669 1399/2676 1397/2677
f 1416/2678 1399/2676 1383/2669 1415/2668
f 1390/2672 1388/1780 1387/1779 1389/2652
f 1388/1780 1390/2672 1391/2679 1392/1781
f 1390/2672 1393/2673 1395/2680 1391/2679
f 1396/2681 1394/2682 1391/2683 1395/2684
f 2292/1784 1392/1781 1391/2679 1394/2685
f 1398/2686 1395/2684 1393/2687 1397/2677
f 2293/2688 2292/1784 1394/2685 2295/2689
f 1394/2682 1396/2681 2297/2690 2295/2691
f 1402/2692 1396/2681 1395/2684 1398/2686
f 1396/2681 1402/2692 1403/2693 2297/2690
f 1400/2694 1398/2686 1397/2677 1399/2676
f 1398/2686 1400/2694 1405/2695 1402/2692
f 1401/2696 1400/2694 1399/2676 1416/2678
f 1400/2694 1401/2696 1406/2697 1405/2695
f 1401/2696 1416/2678 1419/2698 1427/2699
f 1429/2700 1406/2697 1401/2696 1427/2699
f 1404/2701 1403/2693 1402/2692 1405/2695
f 2298/2702 2297/2690 1403/2693 2304/2703
f 1403/2693 1404/2701 2305/2704 2304/2703
f 1404/2701 1405/2695 1406/2697 1407/2705
f 1404/2701 1407/2705 2306/2706 2305/2704
f 1430/2707 1407/2705 1406/2697 1429/2700
f 1407/2705 1430/2707 2340/2708 2306/2706
f 1409/2346 1410/2347 1413/2709 1412/2664
f 1410/2347 1411/2348 1414/2356 1413/2709
f 1412/2671 1413/2710 1417/2711 1415/2668
f 1413/2710 1414/2712 1418/2713 1417/2711
f 1414/2714 1421/2361 1423/2715 1418/2716
f 1419/2698 1416/2678 1415/2668 1417/2711
f 1417/2711 1418/2713 1420/2717 1419/2698
f 1425/2718 1420/2719 1418/2716 1423/2715
f 1428/2720 1427/2699 1419/2698 1420/2717
f 1420/2717 1425/2721 1433/2722 1428/2720
f 1421/2361 1422/2360 1424/2723 1423/2715
f 3845/2724 1424/2723 1422/2360 3842/2366
f 1423/2715 1424/2723 1426/2725 1425/2718
f 3848/2726 1426/2725 1424/2723 3845/2724
f 1425/2718 1426/2725 1434/2727 1433/2728
f 3860/2729 1434/2727 1426/2725 3848/2726
f 1427/2699 1428/2720 1431/2730 1429/2700
f 1435/2731 1431/2730 1428/2720 1433/2722
f 1432/2732 1430/2707 1429/2700 1431/2730
f 1430/2707 1432/2732 2341/2733 2340/2708
f 1436/2734 1432/2732 1431/2730 1435/2731
f 1432/2732 1436/2734 2346/2735 2341/2733
f 1433/2722 1434/2736 1437/2737 1435/2731
f 3863/2738 1437/2739 1434/2727 3860/2729
f 1438/2740 1436/2734 1435/2731 1437/2737
f 1436/2734 1438/2740 2347/2741 2346/2735
f 3865/2742 1438/2743 1437/2739 3863/2738
f 4541/2744 2347/2741 1438/2740 3865/2745
f 1439/2746 1591/2747 1593/2748 1659/2749
f 1660/2750 1440/2751 1439/2746 1659/2749
f 1442/2752 1441/2753 1440/2751 1660/2750
f 1441/2753 1442/2752 1444/2754 1443/2755
f 1442/2752 1660/2750 1661/2756 1662/2757
f 1668/2758 1444/2754 1442/2752 1662/2757
f 1443/2755 1444/2754 1446/2759 1445/2760
f 1670/2761 1446/2759 1444/2754 1668/2758
f 1445/2760 1446/2759 1586/2762 1585/2763
f 1905/2764 1586/2762 1446/2759 1670/2761
f 1456/2765 1459/2766 1447/2767 1776/2768
f 1447/2769 1478/2770 1479/2771 1781/2772
f 1447/2769 1459/2773 1511/2774 1478/2770
f 1777/2775 1776/2776 1447/2777 1781/2778
f 1448/1030 1449/1025 1451/2779 1450/2780
f 1448/1719 1450/2781 1795/2782 1773/1718
f 1449/1025 1452/1026 1454/2783 1451/2779
f 1450/2780 1458/2784 1456/2765 1795/2785
f 1450/2780 1451/2779 1457/2786 1458/2784
f 1451/2779 1454/2783 1465/2787 1457/2786
f 1452/1026 1453/1027 1455/2788 1454/2783
f 1986/2789 1455/2788 1453/1027 1985/1031
f 1454/2783 1455/2788 1461/2790 1465/2787
f 1989/2791 1461/2790 1455/2788 1986/2789
f 1460/371 1459/2766 1456/2765 1458/2784
f 1456/2765 1776/2768 1775/2792 1795/2785
f 1460/371 1458/2784 1457/2786 1462/372
f 1463/2793 1462/372 1457/2786 1465/2787
f 1459/2766 1460/371 1504/375 1511/2794
f 1463/2793 1465/2787 1461/2790 1464/2795
f 1991/2796 1464/2795 1461/2790 1989/2791
f 1462/372 1463/2793 1515/2797 1512/374
f 1463/2793 1464/2795 1516/2798 1515/2797
f 2007/2799 1516/2798 1464/2795 1991/2796
f 1466/2800 1467/2801 1468/2802 1484/2803
f 1470/2804 1472/2805 1466/2800 1484/2803
f 1466/2806 1472/2807 1473/2808 1493/2809
f 1497/2810 1467/2811 1466/2806 1493/2809
f 1558/2812 1468/2802 1467/2801 1557/2813
f 1467/2811 1497/2810 1560/2814 1557/2815
f 1482/381 1484/2816 1468/2817 1485/379
f 1563/2818 1485/379 1468/2817 1558/2819
f 1469/2820 1472/2805 1470/2804 1474/2821
f 1473/2808 1472/2807 1469/2822 1503/2823
f 1479/2771 1478/2770 1469/2824 1474/2825
f 1469/2824 1478/2770 1511/2774 1503/2826
f 1475/2827 1474/2821 1470/2804 1471/2828
f 1470/2804 1484/2803 1482/2829 1471/2828
f 1477/2830 1475/2827 1471/2828 1480/2831
f 1483/380 1480/2832 1471/2833 1482/381
f 1494/2834 1493/2809 1473/2808 1491/2835
f 1473/2808 1503/2823 1507/2836 1491/2835
f 1474/2821 1475/2827 1476/2837 1479/2838
f 1796/2839 1476/2837 1475/2827 1477/2830
f 1781/2778 1479/2838 1476/2837 1782/2840
f 1784/423 1782/2840 1476/2837 1796/2839
f 1477/2841 1480/2832 1481/2842 1797/2843
f 1798/2844 1796/2845 1477/2841 1797/2843
f 1487/2846 1481/2842 1480/2832 1483/380
f 1481/2842 1487/2846 1488/2847 1802/383
f 1799/382 1797/2843 1481/2842 1802/383
f 1483/380 1485/379 1486/2848 1487/2846
f 1564/2849 1486/2848 1485/379 1563/2818
f 1488/2847 1487/2846 1486/2848 1489/2850
f 1576/2851 1489/2850 1486/2848 1564/2849
f 1488/2847 1489/2850 1490/2852 1810/2853
f 1803/384 1802/383 1488/2847 1810/2853
f 1577/2854 1490/2855 1489/2856 1576/2857
f 1490/2855 1577/2854 1578/2858 1815/2859
f 1804/2860 1810/2861 1490/2855 1815/2859
f 1495/2862 1494/2834 1491/2835 1509/386
f 1491/2835 1507/2836 1508/387 1509/386
f 1498/2863 1499/2864 1492/2865 1559/2866
f 1492/2867 1499/2868 1500/2869 1501/2870
f 1566/2871 1559/2872 1492/2867 1567/2873
f 1492/2867 1501/2870 1568/2874 1567/2873
f 1493/2809 1494/2834 1498/2863 1497/2810
f 1499/2864 1498/2863 1494/2834 1495/2862
f 1500/2875 1499/2864 1495/2862 1496/2876
f 1495/2862 1509/386 1510/385 1496/2876
f 1496/2876 1510/385 1517/2877 1532/2878
f 1537/2879 1500/2875 1496/2876 1532/2878
f 1497/2810 1498/2863 1559/2866 1560/2814
f 1502/2880 1501/2881 1500/2875 1537/2879
f 1501/2870 1502/2882 1569/2883 1568/2874
f 1502/2880 1537/2879 1538/390 1539/389
f 1502/2882 1539/2884 1580/2885 1569/2883
f 1503/2823 1511/2794 1504/375 1507/2836
f 1504/375 1506/377 1508/387 1507/2836
f 1504/375 1505/373 1512/374 1513/376
f 1519/2886 1508/387 1506/377 1518/391
f 1517/2877 1510/385 1508/387 1519/2886
f 1525/2887 1514/378 1512/374 1515/2797
f 1520/2888 1518/394 1514/393 1521/2889
f 1527/2890 1521/2889 1514/393 1525/2891
f 1515/2797 1516/2798 1526/2892 1525/2887
f 2012/2893 1526/2892 1516/2798 2007/2799
f 1517/2877 1519/2886 1522/2894 1533/2895
f 1535/2896 1532/2897 1517/2898 1533/2899
f 1522/2894 1519/2886 1518/391 1520/2900
f 1523/2901 1522/2902 1520/2903 1524/2904
f 1520/2905 1521/2906 1528/2907 1524/2908
f 1521/2906 1527/2909 1530/2910 1528/2907
f 1534/2911 1533/2899 1522/2902 1523/2901
f 1523/2912 1524/2908 1528/2907 1529/2913
f 1523/2901 1529/2914 1542/2915 1534/2911
f 1525/2891 1526/2916 2014/2917 1527/2890
f 1526/2918 2012/2919 2013/2920 2014/2921
f 2015/2922 1530/2910 1527/2909 2014/2921
f 1531/2923 1529/2913 1528/2907 1530/2910
f 1529/2914 1531/2924 1544/2925 1542/2915
f 2017/2926 1531/2923 1530/2910 2015/2922
f 2033/2927 1544/2928 1531/2923 2017/2926
f 1532/2897 1535/2896 1538/2929 1537/2930
f 1533/2899 1534/2911 1536/2931 1535/2896
f 1543/2932 1536/2931 1534/2911 1542/2915
f 1535/2933 1536/2934 1540/388 1538/390
f 1547/2935 1540/2936 1536/2931 1543/2932
f 1539/2884 1540/2937 1541/2938 1580/2885
f 1548/2939 1541/2938 1540/2937 1547/2940
f 1541/2938 1548/2939 2035/2941 2200/2942
f 2184/2943 1580/2885 1541/2938 2200/2942
f 1545/2944 1543/2932 1542/2915 1544/2925
f 1543/2932 1545/2944 1546/2945 1547/2935
f 2270/2946 1545/2947 1544/2948 2033/2949
f 2271/395 1546/397 1545/2947 2270/2946
f 1548/2950 1547/2951 1546/397 2036/396
f 2037/2952 2035/2941 1548/2939 2036/2953
f 1549/2954 1550/2955 1551/2956 1555/2957
f 1549/2958 1555/2959 1556/2960 1562/2961
f 1558/2962 1557/2963 1549/2958 1562/2961
f 1549/2954 1557/2815 1560/2814 1550/2955
f 1553/2964 1551/2965 1550/2966 1566/2871
f 1550/2966 1560/2967 1559/2872 1566/2871
f 2123/2968 1555/2957 1551/2956 2122/2969
f 1551/2965 1553/2964 2125/2970 2122/2971
f 1566/2871 1567/2873 1552/2972 1553/2964
f 1552/2972 1567/2873 1568/2874 2181/2973
f 2125/2970 1553/2964 1552/2972 2118/2974
f 2182/2975 2118/2974 1552/2972 2181/2973
f 1554/2976 1561/2977 1562/2961 1556/2960
f 1570/2978 1561/2979 1554/2980 1572/2981
f 1554/2976 1556/2960 2124/2982 2126/2983
f 2127/2984 1572/2985 1554/2976 2126/2983
f 2124/2982 1556/2960 1555/2959 2123/2986
f 1558/2962 1562/2961 1561/2977 1563/2987
f 1564/2849 1563/2818 1561/2979 1570/2978
f 1564/2849 1570/2978 1571/2988 1576/2851
f 1565/2989 1571/2990 1573/2991 1574/2992
f 1565/2989 1574/2992 1575/2993 1581/2994
f 1565/2989 1577/2854 1576/2857 1571/2990
f 1578/2858 1577/2854 1565/2989 1581/2994
f 1568/2874 1569/2883 2183/2995 2181/2973
f 1569/2883 1580/2885 2184/2943 2183/2995
f 1570/2978 1572/2981 1573/2996 1571/2988
f 2128/2997 1573/2991 1572/2998 2127/2999
f 2194/3000 1574/2992 1573/2991 2128/2997
f 2196/3001 1575/2993 1574/2992 2194/3000
f 1583/3002 1581/2994 1575/2993 1584/3003
f 2195/3004 1584/3003 1575/2993 2196/3001
f 1578/2858 1581/2994 1583/3002 1579/400
f 1814/399 1815/2859 1578/2858 1579/400
f 1579/400 1583/3002 1582/403 1816/398
f 1582/403 1583/3002 1584/3003 2202/3005
f 2203/3006 1849/402 1582/403 2202/3005
f 1584/3003 2195/3004 2207/3007 2202/3005
f 1585/2763 1586/2762 1906/3008 1587/3009
f 1586/2762 1905/2764 1914/3010 1906/3008
f 1587/3009 1906/3008 1908/3011 1907/3012
f 1588/3013 1589/3014 1592/3015 1590/3016
f 1597/3017 1589/3018 1588/3019 1596/3020
f 1589/3018 1597/3017 1598/3021 1611/3022
f 1612/3023 1592/3024 1589/3018 1611/3022
f 1593/2748 1591/2747 1590/3016 1592/3015
f 1594/3025 1593/2748 1592/3015 1612/3026
f 1663/3027 1659/2749 1593/2748 1594/3025
f 1594/3028 1612/3029 1613/3030 1616/3031
f 1594/3028 1616/3031 1665/3032 1663/3033
f 1597/3017 1596/3020 1595/3034 1600/3035
f 1595/3034 1599/1356 1601/1355 1600/3035
f 1603/3036 1598/3021 1597/3017 1600/3035
f 1598/3037 1603/3038 1607/3039 1606/3040
f 1614/3041 1611/3042 1598/3037 1606/3040
f 1600/3035 1601/1355 1602/1425 1603/3036
f 1607/3043 1603/3036 1602/1425 1604/3044
f 1602/1425 1708/1424 1709/1429 1604/3044
f 1609/3045 1607/3039 1604/3046 1711/3047
f 1604/3044 1709/1429 1710/1443 1711/3048
f 1608/3049 1609/3045 1605/3050 1610/3051
f 1623/3052 1610/3051 1605/3050 1621/3053
f 1605/3050 1609/3045 1711/3047 1712/3054
f 1714/3055 1621/3053 1605/3050 1712/3054
f 1606/3040 1607/3039 1609/3045 1608/3049
f 1606/3040 1608/3049 1619/3056 1614/3041
f 1608/3049 1610/3051 1620/3057 1619/3056
f 1622/3058 1620/3057 1610/3051 1623/3052
f 1613/3030 1612/3029 1611/3042 1614/3041
f 1617/3059 1616/3031 1613/3030 1615/3060
f 1613/3030 1614/3041 1619/3056 1615/3060
f 1615/3060 1619/3056 1620/3057 1639/3061
f 1641/3062 1617/3059 1615/3060 1639/3061
f 1616/3031 1617/3059 1618/3063 1665/3032
f 1640/3064 1618/3063 1617/3059 1641/3062
f 1664/3065 1665/3032 1618/3063 1666/3066
f 1618/3063 1640/3064 1676/3067 1666/3066
f 1620/3057 1622/3058 1645/3068 1639/3061
f 1625/3069 1623/3052 1621/3053 1718/3070
f 1621/3071 1714/1511 1715/1510 1718/3072
f 1622/3058 1623/3052 1625/3069 1624/3073
f 1622/3058 1624/3073 1646/3074 1645/3068
f 1624/3073 1625/3069 1626/3075 1627/3076
f 1624/3073 1627/3076 1653/3077 1646/3074
f 1625/3069 1718/3070 1719/3078 1626/3075
f 1634/3079 1627/3076 1626/3075 1628/3080
f 1720/1541 1628/3080 1626/3075 1719/3078
f 1627/3076 1634/3079 1633/3081 1653/3077
f 1628/3080 1631/1550 1638/3082 1634/3079
f 1628/3080 1720/1541 1721/1538 1631/1550
f 1632/3083 1630/1549 1629/1548 1738/1705
f 1638/3082 1631/1550 1630/1549 1632/3083
f 1632/3083 1635/3084 1636/3085 1638/3082
f 1632/3083 1738/1705 1740/3086 1635/3084
f 1633/3081 1634/3079 1638/3082 1636/3085
f 1655/3087 1653/3077 1633/3081 1654/3088
f 1633/3081 1636/3085 1657/3089 1654/3088
f 1657/3089 1636/3085 1635/3084 1637/3090
f 1742/3091 1637/3090 1635/3084 1740/3086
f 1658/3092 1657/3089 1637/3090 1758/3093
f 1637/3090 1742/3091 1759/3094 1758/3093
f 1642/3095 1641/3062 1639/3061 1645/3068
f 1640/3064 1641/3062 1642/3095 1644/3096
f 1640/3064 1644/3096 1677/3097 1676/3067
f 1643/3098 1644/3096 1642/3095 1647/3099
f 1642/3095 1645/3068 1646/3074 1647/3099
f 1643/3098 1648/3100 1649/3101 1678/3102
f 1643/3098 1647/3099 1655/3087 1648/3100
f 1677/3097 1644/3096 1643/3098 1678/3102
f 1655/3087 1647/3099 1646/3074 1653/3077
f 1651/3103 1649/3101 1648/3100 1656/3104
f 1648/3100 1655/3087 1654/3088 1656/3104
f 1680/3105 1678/3102 1649/3101 1684/3106
f 1649/3101 1651/3103 1686/3107 1684/3106
f 1650/3108 1651/3103 1656/3104 1658/3092
f 1686/3107 1651/3103 1650/3108 1652/3109
f 1754/3110 1652/3109 1650/3108 1749/3111
f 1650/3108 1658/3092 1758/3093 1749/3111
f 1687/3112 1686/3107 1652/3109 1821/3113
f 1652/3109 1754/3110 1822/3114 1821/3113
f 1658/3092 1656/3104 1654/3088 1657/3089
f 1661/2756 1660/2750 1659/2749 1663/3027
f 1661/2756 1663/3027 1665/3115 1664/3116
f 1667/3117 1662/2757 1661/2756 1664/3116
f 1662/2757 1667/3117 1669/3118 1668/2758
f 1664/3065 1666/3066 1671/3119 1667/3120
f 1681/3121 1671/3119 1666/3066 1676/3067
f 1672/3122 1669/3118 1667/3117 1671/3123
f 1668/2758 1669/3118 1674/3124 1670/2761
f 1669/3118 1672/3122 1673/3125 1674/3124
f 1670/2761 1674/3124 1675/3126 1905/2764
f 1682/3127 1672/3122 1671/3123 1681/3128
f 1693/3129 1673/3125 1672/3122 1682/3127
f 1675/3126 1674/3124 1673/3125 1696/3130
f 1673/3125 1693/3129 1697/3131 1696/3130
f 1914/3010 1905/2764 1675/3126 1913/3132
f 1675/3126 1696/3130 1916/3133 1913/3132
f 1676/3067 1677/3097 1679/3134 1681/3121
f 1677/3097 1678/3102 1680/3105 1679/3134
f 1682/3135 1681/3121 1679/3134 1683/3136
f 1679/3134 1680/3105 1688/3137 1683/3136
f 1680/3105 1684/3106 1685/3138 1688/3137
f 1682/3127 1683/3139 1694/3140 1693/3129
f 1683/3136 1688/3137 1689/3141 1694/3142
f 1687/3112 1685/3138 1684/3106 1686/3107
f 1689/3141 1688/3137 1685/3138 1690/3143
f 1685/3138 1687/3112 1691/3144 1690/3143
f 1687/3112 1821/3113 1824/3145 1691/3144
f 1695/410 1694/3140 1689/3146 1699/411
f 1689/3141 1690/3143 1701/3147 1699/3148
f 1690/3143 1691/3144 1692/3149 1701/3147
f 1827/3150 1692/3149 1691/3144 1824/3145
f 1702/3151 1701/3152 1692/3153 1703/3154
f 1828/3155 1703/3156 1692/3157 1827/3158
f 1693/3129 1694/3140 1695/410 1697/3131
f 1698/3159 1697/3131 1695/410 1705/3160
f 1695/410 1700/412 1706/3161 1705/3160
f 1696/3130 1697/3131 1698/3159 1916/3133
f 1698/3159 1705/3160 1707/3162 1919/3163
f 1918/3164 1916/3133 1698/3159 1919/3163
f 1702/3165 1700/412 1699/411 1701/3166
f 1700/3167 1702/3151 1704/3168 1706/3169
f 1702/3151 1703/3154 1840/3170 1704/3168
f 1703/3154 1828/3171 1839/3172 1840/3170
f 1722/3173 1706/3169 1704/3168 1724/3174
f 1871/3175 1724/3174 1704/3168 1840/3170
f 1705/3160 1706/3161 1722/3176 1707/3162
f 1707/3177 1722/3173 1723/3178 1932/3179
f 1927/3180 1919/3163 1707/3162 1932/3181
f 1712/3182 1711/3048 1710/1443 1713/1446
f 1712/3182 1713/1446 1716/1449 1714/1511
f 1715/1510 1717/1512 1719/1544 1718/3072
f 1722/3173 1724/3174 1725/3183 1723/3178
f 1723/3178 1725/3183 1726/3184 1933/3185
f 1934/3186 1932/3179 1723/3178 1933/3185
f 1872/3187 1725/3183 1724/3174 1871/3175
f 1875/3188 1726/3184 1725/3183 1872/3187
f 1726/3184 1875/3188 1890/3189 1937/3190
f 1936/3191 1933/3185 1726/3184 1937/3190
f 1727/1674 1728/1679 1730/3192 1729/1675
f 1728/1679 1766/1670 1768/1716 1791/414
f 1792/416 1730/3192 1728/1679 1791/414
f 1729/1675 1730/3192 1748/3193 1745/1678
f 1731/3194 1748/3193 1730/3192 1792/416
f 1746/3195 1748/3193 1731/3194 1760/3196
f 1731/3194 1732/418 1762/3197 1760/3196
f 1731/3194 1792/416 1793/417 1732/418
f 1765/3198 1762/3197 1732/418 1812/3199
f 1732/418 1811/419 1813/3200 1812/3199
f 1735/3201 1743/1695 1733/1692 1747/3202
f 1733/1692 1744/1677 1745/1678 1747/3202
f 1742/3091 1741/3203 1734/3204 1759/3094
f 1734/3204 1741/3203 1743/3205 1735/3206
f 1734/3204 1751/3207 1750/3208 1759/3094
f 1734/3204 1735/3206 1752/3209 1751/3207
f 1735/3201 1747/3202 1746/3195 1752/3210
f 1738/1705 1737/1704 1736/1703 1740/3086
f 1742/3091 1740/3086 1736/1703 1741/3203
f 1736/1703 1739/1702 1743/3205 1741/3203
f 1746/3195 1747/3202 1745/1678 1748/3193
f 1746/3195 1760/3196 1761/3211 1752/3210
f 1749/3111 1750/3208 1755/3212 1754/3110
f 1749/3111 1758/3093 1759/3094 1750/3208
f 1750/3208 1751/3207 1753/3213 1755/3212
f 1751/3207 1752/3209 1761/3214 1753/3213
f 1756/3215 1755/3212 1753/3213 1757/3216
f 1763/3217 1757/3218 1753/3219 1761/3211
f 1754/3110 1755/3212 1756/3215 1822/3114
f 1825/3220 1822/3114 1756/3215 1823/3221
f 1756/3215 1757/3216 1832/3222 1823/3221
f 1757/3218 1763/3217 1764/3223 1832/3224
f 1763/3217 1761/3211 1760/3196 1762/3197
f 1764/3223 1763/3217 1762/3197 1765/3198
f 1833/3225 1832/3224 1764/3223 1835/3226
f 1764/3223 1765/3198 1834/3227 1835/3226
f 1765/3198 1812/3199 1856/3228 1834/3227
f 1767/1717 1770/1715 1774/3229 1771/3230
f 1786/3231 1768/1716 1767/1717 1771/3230
f 1787/415 1791/414 1768/1716 1786/3231
f 1774/3229 1770/1715 1769/1714 1772/1720
f 1771/3230 1774/3229 1778/3232 1779/3233
f 1771/3230 1779/3233 1783/3234 1786/3231
f 1778/3232 1774/3229 1772/1720 1775/3235
f 1772/1720 1773/1718 1795/2782 1775/3235
f 1775/3236 1776/2776 1777/2775 1778/3237
f 1779/420 1778/3237 1777/2775 1780/421
f 1777/2775 1781/2778 1782/2840 1780/421
f 1780/421 1782/2840 1784/423 1783/422
f 1787/415 1786/3231 1783/3234 1789/3238
f 1783/3239 1785/3240 1790/3241 1789/3242
f 1784/423 1796/2839 1798/3243 1785/424
f 1800/3244 1790/3245 1785/3246 1798/3247
f 1787/415 1789/3238 1806/3248 1788/425
f 1788/425 1806/3248 1807/3249 1809/3250
f 1788/425 1809/3250 1811/419 1794/413
f 1789/3242 1790/3241 1805/3251 1806/3252
f 1790/3245 1800/3244 1801/3253 1805/3254
f 1800/3255 1798/2844 1797/2843 1799/382
f 1801/3253 1800/3244 1799/3256 1803/3257
f 1808/3258 1805/3259 1801/3260 1804/3261
f 1801/3262 1803/384 1810/2853 1804/3263
f 1804/3261 1815/3264 1814/3265 1808/3258
f 1807/426 1806/3252 1805/3251 1808/3266
f 1807/426 1808/3266 1814/3267 1818/407
f 1820/431 1809/3250 1807/3249 1819/429
f 1813/3200 1811/419 1809/3250 1820/431
f 1812/3199 1813/3200 1845/3268 1856/3228
f 1813/3200 1820/431 1847/428 1845/3268
f 1821/3113 1822/3114 1825/3220 1824/3145
f 1829/3269 1825/3270 1823/3271 1826/3272
f 1833/3225 1826/3272 1823/3271 1832/3224
f 1824/3273 1825/3270 1829/3269 1827/3158
f 1831/3274 1829/3269 1826/3272 1830/3275
f 1837/3276 1830/3275 1826/3272 1833/3225
f 1831/3274 1828/3155 1827/3158 1829/3269
f 1828/3171 1831/3277 1841/3278 1839/3172
f 1841/3279 1831/3274 1830/3275 1842/3280
f 1830/3275 1837/3276 1843/3281 1842/3280
f 1833/3225 1835/3226 1836/3282 1837/3276
f 1836/3282 1835/3226 1834/3227 1858/3283
f 1834/3227 1856/3228 1857/3284 1858/3283
f 1843/3281 1837/3276 1836/3282 1838/3285
f 1836/3282 1858/3283 1861/3286 1838/3285
f 1862/3287 1844/3288 1838/3285 1861/3286
f 1880/3289 1843/3281 1838/3285 1844/3288
f 1839/3172 1841/3278 1870/3290 1869/3291
f 1871/3175 1840/3170 1839/3172 1869/3291
f 1841/3278 1842/3292 1879/3293 1870/3290
f 1842/3280 1843/3281 1880/3289 1879/3294
f 1882/3295 1880/3296 1844/3297 1883/3298
f 1844/3288 1862/3287 1900/3299 1883/3300
f 1853/3301 1846/3302 1845/3268 1847/428
f 1857/3284 1856/3228 1845/3268 1846/3302
f 1846/3302 1853/3301 1854/3303 1859/3304
f 1860/3305 1857/3284 1846/3302 1859/3304
f 1847/428 1851/433 1852/3306 1853/3301
f 2204/3307 1850/409 1849/408 2203/3308
f 2279/3309 1851/433 1850/434 2204/3310
f 2281/3311 1852/3306 1851/433 2279/3309
f 1854/3303 1853/3301 1852/3306 1855/3312
f 2283/3313 1855/3312 1852/3306 2281/3311
f 1865/3314 1859/3304 1854/3303 1866/3315
f 1854/3303 1855/3312 1867/3316 1866/3315
f 2368/3317 1867/3316 1855/3312 2283/3313
f 1861/3286 1858/3283 1857/3284 1860/3305
f 1863/3318 1860/3305 1859/3304 1865/3314
f 1862/3287 1861/3286 1860/3305 1863/3318
f 1862/3287 1863/3318 1864/3319 1900/3299
f 1863/3318 1865/3314 1868/3320 1864/3319
f 1901/3321 1900/3299 1864/3319 1902/3322
f 1864/3319 1868/3320 1965/3323 1902/3322
f 1865/3314 1866/3315 1958/3324 1868/3320
f 1866/3315 1867/3316 1959/3325 1958/3324
f 2369/3326 1959/3325 1867/3316 2368/3317
f 1868/3320 1958/3324 1966/3327 1965/3323
f 1872/3187 1871/3175 1869/3291 1873/3328
f 1869/3291 1870/3290 1874/3329 1873/3328
f 1881/3330 1874/3329 1870/3290 1879/3293
f 1872/3187 1873/3328 1876/3331 1875/3188
f 1873/3328 1874/3329 1877/3332 1876/3331
f 1884/3333 1877/3332 1874/3329 1881/3330
f 1875/3188 1876/3331 1891/3334 1890/3189
f 1876/3331 1877/3332 1878/3335 1891/3334
f 1885/3336 1878/3335 1877/3332 1884/3333
f 1878/3335 1885/3336 1894/3337 1892/3338
f 1961/3339 1891/3334 1878/3335 1892/3338
f 1879/3293 1880/3296 1882/3295 1881/3330
f 1881/3330 1882/3295 1886/3340 1884/3333
f 1882/3295 1883/3298 1887/3341 1886/3340
f 1901/3342 1887/3341 1883/3298 1900/3343
f 1888/3344 1885/3336 1884/3333 1886/3340
f 1885/3336 1888/3344 1896/3345 1894/3337
f 1886/3340 1887/3341 1889/3346 1888/3344
f 1903/3347 1889/3346 1887/3341 1901/3342
f 1888/3344 1889/3346 1895/3348 1896/3345
f 1904/3349 1895/3348 1889/3346 1903/3347
f 1945/3350 1937/3190 1890/3189 1960/3351
f 1890/3189 1891/3334 1961/3339 1960/3351
f 1897/3352 1893/3353 1892/3338 1894/3337
f 1892/3338 1893/3353 1963/3354 1961/3339
f 1893/3353 1897/3352 4102/3355 4343/3356
f 4342/3357 1963/3354 1893/3353 4343/3356
f 1894/3337 1896/3345 1898/3358 1897/3352
f 1898/3358 1896/3345 1895/3348 1899/3359
f 1973/3360 1899/3359 1895/3348 1904/3349
f 1897/3352 1898/3358 4104/3361 4102/3355
f 1898/3358 1899/3359 4105/3362 4104/3361
f 1899/3359 1973/3360 4347/3363 4105/3362
f 1901/3342 1902/3364 1964/3365 1903/3347
f 1968/3366 1964/3367 1902/3322 1965/3323
f 1972/3368 1904/3349 1903/3347 1964/3365
f 1904/3349 1972/3368 1974/3369 1973/3360
f 1915/3370 1908/3011 1906/3008 1914/3010
f 1907/3012 1908/3011 1910/3371 1909/3372
f 1922/3373 1910/3371 1908/3011 1915/3370
f 1909/3372 1910/3371 1912/3374 1911/3375
f 1923/3376 1912/3374 1910/3371 1922/3373
f 1911/3375 1912/3374 1924/3377 1955/3378
f 1912/3374 1923/3376 1939/3379 1924/3377
f 1915/3370 1914/3010 1913/3132 1917/3380
f 1913/3132 1916/3133 1918/3164 1917/3380
f 1915/3370 1917/3380 1920/3381 1922/3373
f 1917/3380 1918/3164 1921/3382 1920/3381
f 1918/3164 1919/3163 1927/3180 1921/3382
f 1923/3376 1922/3373 1920/3381 1938/3383
f 1920/3381 1921/3382 1929/3384 1938/3383
f 1921/3382 1927/3180 1928/3385 1929/3384
f 1923/3376 1938/3383 1940/3386 1939/3379
f 1941/3387 1925/3388 1924/3377 1939/3379
f 1956/3389 1955/3378 1924/3377 1925/3388
f 1952/3390 1926/3391 1925/3388 1941/3387
f 1925/3388 1926/3391 1957/3392 1956/3389
f 1926/3391 1952/3390 4298/3393 4278/3394
f 4317/3395 1957/3392 1926/3391 4278/3394
f 1927/3180 1932/3181 1934/3396 1928/3385
f 1930/3397 1929/3384 1928/3385 1931/3398
f 1935/3399 1931/3400 1928/3401 1934/3186
f 1940/3386 1938/3383 1929/3384 1930/3397
f 1930/3402 1931/3400 1942/3403 1951/3404
f 1950/3405 1940/3386 1930/3397 1951/3406
f 1931/3400 1935/3399 1946/3407 1942/3403
f 1935/3399 1934/3186 1933/3185 1936/3191
f 1935/3399 1936/3191 1944/3408 1946/3407
f 1936/3191 1937/3190 1945/3350 1944/3408
f 1939/3379 1940/3386 1950/3405 1941/3387
f 1941/3387 1950/3405 1953/3409 1952/3390
f 1949/3410 1943/3411 1942/3403 1946/3407
f 1954/3412 1951/3404 1942/3403 1943/3411
f 1943/3411 1949/3410 4289/3413 4282/3414
f 4296/3415 1954/3412 1943/3411 4282/3414
f 1944/3408 1945/3350 1948/3416 1947/3417
f 1949/3410 1946/3407 1944/3408 1947/3417
f 1945/3350 1960/3351 1962/3418 1948/3416
f 1947/3417 1948/3416 4287/3419 4285/3420
f 4289/3413 1949/3410 1947/3417 4285/3420
f 1948/3416 1962/3418 4340/3421 4287/3419
f 1950/3422 1951/3404 1954/3412 1953/3423
f 1952/3390 1953/3409 4294/3424 4298/3393
f 1953/3423 1954/3412 4296/3415 4294/3425
f 1958/3324 1959/3325 1967/3426 1966/3327
f 2372/3427 1967/3426 1959/3325 2369/3326
f 1960/3351 1961/3339 1963/3354 1962/3418
f 1962/3418 1963/3354 4342/3357 4340/3421
f 1964/3428 1968/3429 1975/3430 1972/3431
f 1965/3323 1966/3327 1969/3432 1968/3366
f 1966/3327 1967/3426 1970/3433 1969/3432
f 2393/3434 1970/3433 1967/3426 2372/3427
f 1968/3429 1969/3435 1976/3436 1975/3430
f 1969/3435 1970/3437 1971/3438 1976/3436
f 2396/3439 1971/3438 1970/3437 2393/3440
f 1979/3441 1976/3436 1971/3438 1977/3442
f 2403/3443 1977/3442 1971/3438 2396/3439
f 1978/3444 1974/3445 1972/3431 1975/3430
f 1973/3446 1974/3447 4349/3448 4347/3449
f 1974/3445 1978/3444 4352/3450 4349/3451
f 1975/3430 1976/3436 1979/3441 1978/3444
f 4354/3452 1979/3441 1977/3442 4356/3453
f 1977/3442 2403/3443 4619/3454 4356/3453
f 1978/3444 1979/3441 4354/3452 4352/3450
f 2065/3455 1981/3456 1980/3457 2067/3458
f 2068/3459 2067/3458 1980/3457 2069/3460
f 1980/3457 1981/3456 2143/3461 2142/3462
f 2144/3463 2069/3460 1980/3457 2142/3462
f 2066/3464 1982/3465 1981/3466 2065/3467
f 1981/3466 1982/3465 2151/3468 2143/3469
f 2075/436 1983/3470 1982/3465 2066/3464
f 1982/3465 1983/3470 2152/3471 2151/3468
f 2076/435 1984/3472 1983/3470 2075/436
f 1983/3470 1984/3472 2154/3473 2152/3471
f 1984/3472 2076/435 2077/439 2153/3474
f 1984/3472 2153/3474 2155/3475 2154/3473
f 1988/3476 1986/2789 1985/1031 1987/1740
f 1986/2789 1988/3476 1990/3477 1989/2791
f 1993/442 1988/3476 1987/1740 1996/1741
f 1995/441 1990/3477 1988/3476 1993/442
f 1989/2791 1990/3477 1992/443 1991/2796
f 1994/444 1992/443 1990/3477 1995/441
f 1991/2796 1992/443 2008/445 2007/2799
f 1993/442 1996/1741 1999/1746 2000/440
f 1994/444 1995/441 2005/449 2004/3478
f 2009/3479 2008/445 1994/444 2024/3480
f 1994/444 2004/3478 2025/3481 2024/3480
f 1995/441 2000/440 2056/448 2005/449
f 2002/3482 1999/1746 1997/1744 2001/3483
f 1997/1744 1998/1743 2102/1766 2001/3483
f 2003/446 2000/440 1999/1746 2002/3482
f 2090/453 2002/3482 2001/3483 2089/3484
f 2103/3485 2089/3484 2001/3483 2102/1766
f 2088/452 2003/446 2002/3482 2090/453
f 2004/3478 2005/449 2059/450 2058/3486
f 2070/3487 2025/3488 2004/3489 2058/3490
f 2006/3491 2044/3492 2041/3493 2074/3494
f 2043/459 2044/3495 2006/3496 2193/460
f 2006/3491 2074/3494 2073/3497 2213/3498
f 2192/462 2193/460 2006/3496 2213/3499
f 2007/2799 2008/445 2009/3479 2012/2893
f 2009/3500 2024/3501 2011/3502 2010/3503
f 2013/3504 2012/3505 2009/3506 2010/3507
f 2016/3508 2013/2920 2010/3503 2019/3509
f 2010/3503 2011/3502 2020/3510 2019/3509
f 2011/3511 2024/3512 2025/3488 2026/3513
f 2029/3514 2020/3515 2011/3511 2026/3513
f 2015/2922 2014/2921 2013/2920 2016/3508
f 2015/2922 2016/3508 2018/3516 2017/2926
f 2016/3508 2019/3509 2021/3517 2018/3516
f 2017/2926 2018/3516 2034/3518 2033/2927
f 2018/3516 2021/3517 2274/3519 2034/3518
f 2019/3509 2020/3510 2022/3520 2021/3517
f 2031/3521 2022/3522 2020/3515 2029/3514
f 2021/3517 2022/3520 2023/3523 2274/3519
f 2032/3524 2023/3525 2022/3522 2031/3521
f 2023/3525 2032/3524 2047/3526 2276/3527
f 2275/3528 2274/3529 2023/3525 2276/3527
f 2071/3530 2026/3513 2025/3488 2070/3487
f 2026/466 2027/465 2028/3531 2029/3532
f 2042/3533 2028/3531 2027/465 2040/3534
f 2072/467 2040/3534 2027/465 2071/464
f 2031/3521 2029/3514 2028/3535 2030/3536
f 2045/3537 2030/3536 2028/3535 2042/3538
f 2032/3524 2031/3521 2030/3536 2045/3537
f 2032/3524 2045/3537 2046/3539 2047/3526
f 2033/3540 2034/3541 2272/3542 2270/3543
f 2275/3528 2272/3542 2034/3541 2274/3529
f 2035/2941 2037/2952 2039/3544 2038/3545
f 2201/3546 2200/2942 2035/2941 2038/3545
f 2273/3547 2037/3548 2036/396 2271/395
f 2277/3549 2039/3550 2037/3548 2273/3547
f 2038/3545 2039/3544 2055/3551 2054/3552
f 2038/3545 2054/3552 2206/461 2201/3546
f 2278/3553 2055/3554 2039/3550 2277/3549
f 2040/3555 2041/3493 2051/3556 2042/3557
f 2074/3494 2041/3493 2040/3555 2072/3558
f 2041/3493 2044/3492 2052/3559 2051/3556
f 2046/3560 2045/3561 2042/3557 2051/3556
f 2052/3559 2044/3492 2043/3562 2053/3563
f 2054/3552 2053/3564 2043/459 2206/461
f 2048/470 2047/3565 2046/3560 2049/471
f 2046/3560 2051/3556 2052/3559 2049/471
f 2278/3566 2276/3527 2047/3526 2048/3567
f 2048/3568 2050/3569 2055/3554 2278/3553
f 2049/471 2052/3559 2053/3563 2050/472
f 2050/3570 2053/3564 2054/3552 2055/3551
f 2056/448 2057/447 2061/437 2059/450
f 2057/3571 2060/3572 2062/3573 2061/3574
f 2066/3464 2065/3467 2058/3486 2059/450
f 2058/3575 2065/3455 2067/3458 2070/3576
f 2075/436 2066/3464 2059/450 2061/437
f 2079/3577 2062/3573 2060/3572 2063/3578
f 2078/3579 2077/3580 2062/3581 2079/3582
f 2063/456 2064/473 2080/3583 2079/3584
f 2082/478 2080/3583 2064/473 2081/3585
f 2092/3586 2081/3585 2064/473 2091/458
f 2071/464 2070/3587 2067/3588 2068/468
f 2074/3494 2072/3558 2068/3459 2073/3497
f 2068/3459 2069/3460 2211/3589 2073/3497
f 2069/3460 2144/3463 2145/3590 2211/3589
f 2212/3591 2213/3498 2073/3497 2211/3589
f 2215/3592 2153/3593 2077/3580 2078/3579
f 2078/3594 2079/3584 2080/3583 2083/474
f 2078/3579 2083/3595 2216/485 2215/3592
f 2080/3583 2082/478 2084/475 2083/474
f 2086/479 2082/478 2081/3585 2095/3596
f 2081/3585 2092/3586 2094/3597 2095/3596
f 2219/3598 2216/476 2084/475 2217/3599
f 2084/475 2085/477 2222/3600 2217/3599
f 2085/477 2086/479 2087/3601 2222/3600
f 2086/479 2095/3596 2096/3602 2087/3601
f 2225/3603 2222/3600 2087/3601 2221/3604
f 2087/3601 2096/3602 2236/3605 2221/3604
f 2093/481 2090/453 2089/3484 2109/3606
f 2089/3484 2103/3485 2110/3607 2109/3606
f 2092/480 2091/454 2090/453 2093/481
f 2097/3608 2094/482 2093/481 2098/3609
f 2093/481 2109/3606 2111/3610 2098/3609
f 2096/3602 2095/3596 2094/3597 2097/3611
f 2237/3612 2236/488 2097/487 2238/3613
f 2097/3608 2098/3609 2239/3614 2238/3615
f 2098/3609 2111/3610 2245/3616 2239/3614
f 2099/3617 2100/1765 2101/1764 2104/3618
f 2102/1766 2100/1765 2099/3617 2103/3485
f 2110/3607 2103/3485 2099/3617 2108/3619
f 2099/3617 2104/3618 2114/3620 2108/3619
f 2106/1770 2104/3618 2101/1764 2105/1767
f 2104/3618 2106/1770 2115/3621 2114/3620
f 2106/1770 2107/1771 2260/3622 2115/3621
f 2107/1771 2255/1772 2257/3623 2260/3622
f 2112/3624 2110/3607 2108/3619 2113/3625
f 2116/3626 2113/3625 2108/3619 2114/3620
f 2109/3606 2110/3607 2112/3624 2111/3610
f 2111/3610 2112/3624 2246/3627 2245/3616
f 2112/3624 2113/3625 2247/3628 2246/3627
f 2113/3625 2116/3626 2249/3629 2247/3628
f 2114/3620 2115/3621 2117/3630 2116/3626
f 2261/3631 2117/3630 2115/3621 2260/3622
f 2116/3626 2117/3630 2250/3632 2249/3629
f 2266/3633 2250/3632 2117/3630 2261/3631
f 2119/3634 2137/3635 2118/2974 2182/2975
f 2130/3636 2125/2970 2118/2974 2137/3635
f 2138/3637 2137/3635 2119/3634 2120/3638
f 2119/3634 2182/2975 2187/3639 2188/3640
f 2189/3641 2120/3638 2119/3634 2188/3640
f 2120/3638 2121/3642 2146/3643 2138/3637
f 2190/3644 2121/3642 2120/3638 2189/3641
f 2147/3645 2146/3643 2121/3642 2148/3646
f 2212/3647 2148/3646 2121/3642 2190/3644
f 2122/2971 2125/2970 2130/3636 2129/3648
f 2133/3649 2123/2968 2122/2969 2129/3650
f 2134/3651 2124/2982 2123/2986 2133/3652
f 2174/3653 2126/2983 2124/2982 2134/3651
f 2177/3654 2127/3655 2126/3656 2174/3657
f 2178/3658 2128/2997 2127/2999 2177/3659
f 2128/2997 2178/3658 2197/3660 2194/3000
f 2129/3650 2130/3661 2131/3662 2132/3663
f 2129/3650 2132/3663 2135/3664 2133/3649
f 2130/3636 2137/3635 2138/3637 2131/3665
f 2131/3665 2138/3637 2146/3643 2157/3666
f 2158/3667 2132/3663 2131/3662 2157/3668
f 2162/3669 2135/3664 2132/3663 2158/3667
f 2136/3670 2134/3651 2133/3652 2135/3671
f 2134/3651 2136/3670 2175/3672 2174/3653
f 2163/3673 2136/3674 2135/3664 2162/3669
f 2136/3675 2163/3676 2164/3677 2175/3678
f 2139/3679 2140/3680 2141/3681 2159/3682
f 2139/3683 2157/3666 2146/3643 2147/3645
f 2149/3684 2140/3685 2139/3683 2147/3645
f 2158/3667 2157/3668 2139/3679 2159/3682
f 2142/3462 2143/3461 2140/3686 2149/3687
f 2140/3680 2143/3469 2151/3468 2141/3681
f 2141/3681 2151/3468 2152/3471 2150/3688
f 2160/3689 2159/3682 2141/3681 2150/3688
f 2145/3590 2144/3463 2142/3462 2149/3687
f 2147/3690 2148/3691 2145/3590 2149/3687
f 2212/3591 2211/3589 2145/3590 2148/3691
f 2150/3688 2152/3471 2154/3473 2167/3692
f 2161/3693 2160/3689 2150/3688 2167/3692
f 2156/3694 2155/3695 2153/3593 2215/3592
f 2154/3696 2155/3695 2168/3697 2167/3698
f 2155/3695 2156/3694 2171/3699 2168/3697
f 2172/3700 2171/3699 2156/3694 2218/484
f 2156/3694 2215/3592 2216/485 2218/484
f 2158/3667 2159/3682 2160/3689 2162/3669
f 2163/3673 2162/3669 2160/3689 2161/3693
f 2164/3701 2163/3702 2161/3703 2169/3704
f 2161/3703 2167/3698 2168/3697 2169/3704
f 2164/3677 2169/3705 2170/3706 2165/3707
f 2176/3708 2175/3678 2164/3677 2165/3707
f 2173/3709 2166/3710 2165/3707 2170/3706
f 2165/3707 2166/3710 2179/3711 2176/3708
f 2180/3712 2179/3713 2166/3714 2227/3715
f 2166/3714 2173/3716 2231/3717 2227/3715
f 2170/3718 2169/3704 2168/3697 2171/3699
f 2170/3718 2171/3699 2172/3700 2173/3719
f 2172/3700 2218/484 2219/483 2233/3720
f 2231/3717 2173/3716 2172/3721 2233/3722
f 2174/3657 2175/3678 2176/3708 2177/3654
f 2178/3658 2177/3659 2176/3723 2179/3713
f 2178/3658 2179/3713 2180/3712 2197/3660
f 2198/3724 2197/3660 2180/3712 2226/3725
f 2180/3712 2227/3715 2228/3726 2226/3725
f 2187/3639 2182/2975 2181/2973 2183/2995
f 2183/2995 2184/2943 2186/3727 2187/3639
f 2184/2943 2200/2942 2201/3546 2186/3727
f 2185/469 2188/3640 2187/3639 2186/3727
f 2189/3641 2188/3640 2185/469 2191/463
f 2185/469 2186/3727 2201/3546 2206/461
f 2192/462 2190/3644 2189/3641 2191/463
f 2213/3499 2212/3647 2190/3644 2192/462
f 2198/3724 2196/3001 2194/3000 2197/3660
f 2195/3004 2196/3001 2198/3724 2199/3728
f 2195/3004 2199/3728 2208/3729 2207/3007
f 2198/3724 2226/3725 2229/3730 2199/3728
f 2240/3731 2208/3729 2199/3728 2229/3730
f 2205/3732 2203/3006 2202/3005 2207/3007
f 2210/3733 2204/3734 2203/3006 2205/3732
f 2204/3310 2210/3735 2280/3736 2279/3309
f 2205/3732 2207/3007 2208/3729 2209/3737
f 2241/3738 2209/3737 2208/3729 2240/3731
f 2242/3739 2210/491 2209/490 2241/3740
f 2210/3735 2242/3741 2243/3742 2280/3736
f 2223/3743 2224/3744 2214/3745 2230/3746
f 2214/3745 2240/3731 2229/3730 2230/3746
f 2214/3745 2224/3744 2237/3747 2234/3748
f 2241/3738 2240/3731 2214/3745 2234/3748
f 2225/3603 2220/3749 2217/3599 2222/3600
f 2233/3750 2219/3598 2217/3599 2220/3749
f 2220/3751 2225/3752 2223/3743 2232/3753
f 2231/3717 2233/3722 2220/3751 2232/3753
f 2221/3754 2224/3744 2223/3743 2225/3752
f 2237/3747 2224/3744 2221/3754 2236/3755
f 2223/3743 2230/3746 2228/3726 2232/3753
f 2230/3746 2229/3730 2226/3725 2228/3726
f 2227/3715 2231/3717 2232/3753 2228/3726
f 2238/3756 2235/3757 2234/3758 2237/3759
f 2242/3739 2241/3740 2234/3758 2235/3757
f 2235/3760 2238/3761 2239/3762 2244/3763
f 2243/3742 2242/3741 2235/3760 2244/3763
f 2248/3764 2244/3763 2239/3762 2245/3765
f 2282/3766 2280/3736 2243/3742 2285/3767
f 2243/3742 2244/3763 2286/3768 2285/3767
f 2244/3763 2248/3764 2288/3769 2286/3768
f 2245/3765 2246/3770 2253/3771 2248/3764
f 2246/3770 2247/3772 2254/3773 2253/3771
f 2247/3772 2249/3774 2251/3775 2254/3773
f 2248/3764 2253/3771 2289/3776 2288/3769
f 2249/3629 2250/3632 2252/3777 2251/3778
f 2268/3779 2252/3777 2250/3632 2266/3633
f 2290/3780 2254/3773 2251/3775 2291/3781
f 2251/3775 2252/3782 2317/3783 2291/3781
f 2252/3782 2268/3784 2316/3785 2317/3783
f 2253/3771 2254/3773 2290/3780 2289/3776
f 2255/1772 2256/1777 2258/1782 2257/3623
f 2261/3631 2260/3622 2257/3623 2262/3786
f 2257/3623 2258/1782 2263/3787 2262/3786
f 2258/1782 2259/1783 2264/3788 2263/3787
f 2293/2688 2264/3788 2259/1783 2292/1784
f 2261/3631 2262/3786 2267/3789 2266/3633
f 2262/3786 2263/3787 2265/3790 2267/3789
f 2263/3787 2264/3788 2294/3791 2265/3790
f 2264/3788 2293/2688 2299/3792 2294/3791
f 2269/3793 2267/3789 2265/3790 2313/3794
f 2265/3795 2294/3796 2314/3797 2313/3798
f 2266/3633 2267/3789 2269/3793 2268/3779
f 2268/3779 2269/3793 2319/3799 2316/3800
f 2269/3801 2313/3798 2320/3802 2319/3803
f 2273/3547 2271/395 2270/2946 2272/3804
f 2277/3549 2273/3547 2272/3804 2275/3805
f 2275/3805 2276/3806 2278/3553 2277/3549
f 2279/3309 2280/3736 2282/3766 2281/3311
f 2281/3311 2282/3766 2284/3807 2283/3313
f 2282/3766 2285/3767 2287/3808 2284/3807
f 2283/3313 2284/3807 2364/3809 2368/3317
f 2284/3807 2287/3808 2365/3810 2364/3809
f 2285/3767 2286/3768 2366/3811 2287/3808
f 2286/3768 2288/3769 2378/3812 2366/3811
f 2367/3813 2365/3810 2287/3808 2366/3811
f 2288/3769 2289/3776 2379/3814 2378/3812
f 2289/3776 2290/3780 2382/3815 2379/3814
f 2290/3780 2291/3781 2383/3816 2382/3815
f 2291/3781 2317/3783 2417/3817 2383/3816
f 2293/3818 2295/2691 2296/3819 2299/3820
f 2294/3796 2299/3820 2300/3821 2314/3797
f 2298/2702 2296/3819 2295/2691 2297/2690
f 2300/3821 2299/3820 2296/3819 2302/3822
f 2296/3819 2298/2702 2301/3823 2302/3822
f 2298/2702 2304/2703 2307/3824 2301/3823
f 2315/3825 2314/3797 2300/3821 2324/3826
f 2300/3821 2302/3822 2325/493 2324/3826
f 2309/3827 2303/494 2301/3823 2307/3824
f 2325/493 2302/3822 2301/3823 2303/494
f 2303/494 2309/3827 2330/3828 2326/492
f 2304/2703 2305/2704 2308/3829 2307/3824
f 2305/2704 2306/2706 2311/3830 2308/3829
f 2342/3831 2311/3830 2306/2706 2340/2708
f 2307/3824 2308/3829 2310/3832 2309/3827
f 2312/3833 2310/3832 2308/3829 2311/3830
f 2309/3827 2310/3832 2333/3834 2330/3828
f 2310/3832 2312/3833 2334/3835 2333/3834
f 2343/3836 2312/3833 2311/3830 2342/3831
f 2352/3837 2334/3835 2312/3833 2343/3836
f 2313/3798 2314/3797 2315/3825 2320/3802
f 2322/3838 2320/3802 2315/3825 2329/3839
f 2315/3825 2324/3826 2328/3840 2329/3839
f 2321/3841 2318/3842 2316/3843 2319/3844
f 2417/3845 2317/3846 2316/3843 2318/3842
f 2419/3847 2417/3845 2318/3842 2418/3848
f 2318/3842 2321/3841 2420/3849 2418/3848
f 2319/3803 2320/3802 2322/3838 2321/3850
f 2321/3850 2322/3838 2323/3851 2420/3852
f 2322/3838 2329/3839 2337/3853 2323/3851
f 2323/3851 2337/3853 2339/3854 2422/3855
f 2423/3856 2420/3849 2323/3857 2422/3858
f 2324/3826 2325/493 2327/495 2328/3840
f 2331/3859 2327/495 2326/492 2330/3828
f 2336/3860 2328/3840 2327/495 2331/3859
f 2337/3853 2329/3839 2328/3840 2336/3860
f 2332/496 2331/3859 2330/3828 2333/3834
f 2331/3859 2332/496 2338/498 2336/3860
f 2332/496 2333/3834 2334/3835 2335/497
f 2356/3861 2335/497 2334/3835 2352/3837
f 2354/3862 2338/498 2335/497 2356/3861
f 2339/3854 2337/3853 2336/3860 2338/498
f 2428/3863 2339/3854 2338/498 2354/3862
f 2429/3864 2422/3855 2339/3854 2428/3863
f 2340/2708 2341/2733 2344/3865 2342/3831
f 2348/3866 2344/3865 2341/2733 2346/2735
f 2345/3867 2343/3836 2342/3831 2344/3865
f 2343/3836 2345/3867 2353/3868 2352/3837
f 2349/3869 2345/3867 2344/3865 2348/3866
f 2345/3867 2349/3869 2359/3870 2353/3868
f 2346/2735 2347/2741 2350/3871 2348/3866
f 4544/3872 2350/3871 2347/2741 4541/2744
f 2351/3873 2349/3869 2348/3866 2350/3871
f 2349/3869 2351/3873 2360/3874 2359/3870
f 4546/3875 2351/3873 2350/3871 4544/3872
f 4556/3876 2360/3874 2351/3873 4546/3875
f 2352/3837 2353/3868 2357/3877 2356/3861
f 2361/3878 2357/3877 2353/3868 2359/3870
f 2354/3862 2356/3861 2357/3877 2355/3879
f 2354/3862 2355/3879 2439/3880 2428/3863
f 2355/3879 2357/3877 2361/3878 2358/3881
f 2355/3879 2358/3881 2441/3882 2439/3880
f 2358/3881 2361/3878 2363/3883 2362/3884
f 2358/3881 2362/3884 2443/3885 2441/3882
f 2359/3870 2360/3874 2363/3883 2361/3878
f 4559/3886 2363/3883 2360/3874 4556/3876
f 2362/3884 2363/3883 4559/3886 4561/3887
f 4693/3888 2443/3885 2362/3884 4561/3887
f 2369/3326 2368/3317 2364/3809 2370/3889
f 2364/3809 2365/3810 2371/3890 2370/3889
f 2365/3810 2367/3813 2374/3891 2371/3890
f 2380/3892 2367/3813 2366/3811 2378/3812
f 2386/3893 2374/3891 2367/3813 2380/3892
f 2369/3326 2370/3889 2373/3894 2372/3427
f 2370/3889 2371/3890 2375/3895 2373/3894
f 2371/3890 2374/3891 2376/3896 2375/3895
f 2372/3427 2373/3894 2394/3897 2393/3434
f 2373/3894 2375/3895 2395/3898 2394/3897
f 2377/3899 2376/3896 2374/3891 2386/3893
f 2375/3900 2376/3901 2399/3902 2395/3903
f 2376/3901 2377/3904 2400/3905 2399/3902
f 2377/3904 2386/3906 2387/3907 2388/3908
f 2377/3904 2388/3908 2407/3909 2400/3905
f 2378/3812 2379/3814 2381/3910 2380/3892
f 2384/3911 2381/3910 2379/3814 2382/3815
f 2380/3892 2381/3910 2387/3912 2386/3893
f 2381/3913 2384/3914 2389/3915 2387/3907
f 2382/3916 2383/3917 2385/3918 2384/3914
f 2419/3847 2385/3918 2383/3917 2417/3845
f 2384/3914 2385/3918 2390/3919 2389/3915
f 2425/3920 2390/3919 2385/3918 2419/3847
f 2392/3921 2388/3908 2387/3907 2389/3915
f 2388/3908 2392/3921 2408/3922 2407/3909
f 2389/3915 2390/3919 2391/3923 2392/3921
f 2426/3924 2391/3923 2390/3919 2425/3920
f 2408/3922 2392/3921 2391/3923 2409/3925
f 2430/3926 2409/3925 2391/3923 2426/3924
f 2393/3434 2394/3897 2397/3927 2396/3928
f 2394/3929 2395/3903 2398/3930 2397/3931
f 2401/3932 2398/3930 2395/3903 2399/3902
f 2396/3439 2397/3933 2404/3934 2403/3443
f 2397/3933 2398/3935 2405/3936 2404/3934
f 2398/3930 2401/3932 2406/3937 2405/3938
f 2399/3902 2400/3905 2402/3939 2401/3932
f 2412/3940 2402/3939 2400/3905 2407/3909
f 2401/3932 2402/3939 2411/3941 2406/3937
f 2414/3942 2411/3941 2402/3939 2412/3940
f 2403/3443 2404/3934 4620/3943 4619/3454
f 2404/3934 2405/3936 4621/3944 4620/3943
f 2405/3938 2406/3937 4625/3945 4621/3946
f 2406/3937 2411/3941 4641/3947 4625/3945
f 2407/3909 2408/3922 2413/3948 2412/3940
f 2408/3922 2409/3925 2410/3949 2413/3948
f 2431/3950 2410/3949 2409/3925 2430/3926
f 2415/3951 2413/3948 2410/3949 2416/3952
f 2436/3953 2416/3952 2410/3949 2431/3950
f 2411/3941 2414/3942 4643/3954 4641/3947
f 2412/3940 2413/3948 2415/3951 2414/3942
f 2414/3942 2415/3951 4645/3955 4643/3954
f 2415/3951 2416/3952 4646/3956 4645/3955
f 2416/3952 2436/3953 4680/3957 4646/3956
f 2418/3848 2420/3849 2423/3856 2421/3958
f 2425/3920 2419/3847 2418/3848 2421/3958
f 2421/3958 2423/3856 2424/3959 2427/3960
f 2426/3924 2425/3920 2421/3958 2427/3960
f 2424/3959 2423/3856 2422/3858 2429/3961
f 2432/3962 2427/3960 2424/3959 2433/3963
f 2424/3959 2429/3961 2440/3964 2433/3963
f 2426/3924 2427/3960 2432/3962 2430/3926
f 2440/3965 2429/3864 2428/3863 2439/3880
f 2435/3966 2431/3950 2430/3926 2432/3962
f 2431/3950 2435/3966 2438/3967 2436/3953
f 2432/3962 2433/3963 2434/3968 2435/3966
f 2442/3969 2434/3968 2433/3963 2440/3964
f 2438/3967 2435/3966 2434/3968 2437/3970
f 2444/3971 2437/3970 2434/3968 2442/3969
f 2436/3953 2438/3967 4683/3972 4680/3957
f 4683/3972 2438/3967 2437/3970 4682/3973
f 2437/3970 2444/3971 4692/3974 4682/3973
f 2442/3975 2440/3965 2439/3880 2441/3882
f 2444/3971 2442/3969 2441/3976 2443/3977
f 4692/3974 2444/3971 2443/3977 4693/3978
f 2451/3979 2446/3980 2445/3981 2450/3982
f 2445/3981 2446/3980 2491/3983 2490/3984
f 2446/3980 2451/3979 2453/3985 2454/3986
f 2446/3980 2454/3986 2497/3987 2491/3983
f 2451/3979 2450/3982 2447/3988 2449/3989
f 2447/1064 2448/1063 2727/3990 2449/3991
f 2448/1063 2726/1395 2728/3992 2727/3990
f 2453/3985 2451/3979 2449/3989 2452/3993
f 2732/3994 2452/3995 2449/3996 2727/3997
f 2456/3998 2453/3999 2452/3995 2455/4000
f 2734/4001 2455/4000 2452/3995 2732/3994
f 2503/4002 2454/3986 2453/3985 2456/4003
f 2504/4004 2497/3987 2454/3986 2503/4002
f 2457/4005 2456/3998 2455/4000 2752/4006
f 2455/4000 2734/4001 2751/4007 2752/4006
f 2456/4003 2457/4008 2584/4009 2503/4002
f 2585/4010 2584/4011 2457/4005 2905/4012
f 2457/4005 2752/4006 2753/4013 2905/4012
f 2458/4014 2459/4015 2461/4016 2460/4017
f 2458/4014 2460/4017 2466/4018 2464/4019
f 2605/4020 2461/4021 2459/1107 2603/1106
f 2460/4017 2461/4016 2462/4022 2463/501
f 2460/4017 2463/501 2470/500 2466/4018
f 2609/4023 2462/4024 2461/4025 2605/4026
f 2472/499 2463/501 2462/4022 2610/4027
f 2462/4024 2609/4023 2611/4028 2610/4029
f 2467/4030 2465/4031 2464/4019 2466/4018
f 2465/4031 2467/4030 2469/4032 2468/4033
f 2471/4034 2467/4030 2466/4018 2470/500
f 2474/4035 2469/4032 2467/4030 2471/4034
f 2468/4033 2469/4032 2647/4036 2475/4037
f 2469/4032 2474/4035 2651/4038 2647/4036
f 2473/4039 2471/4034 2470/500 2472/499
f 2471/4034 2473/4039 2645/4040 2474/4035
f 2472/499 2610/4027 2625/4041 2643/4042
f 2644/4043 2473/4039 2472/499 2643/4042
f 2473/4039 2644/4043 2662/4044 2645/4040
f 2474/4035 2645/4040 2653/4045 2651/4038
f 2648/4046 2646/4047 2475/4037 2647/4036
f 2479/4048 2478/1150 2476/1149 2515/4049
f 2476/1149 2512/1240 2517/4050 2515/4049
f 2477/4051 2478/4052 2479/4053 2480/4054
f 2477/4051 2480/4054 2483/4055 2482/4056
f 2479/4057 2515/4058 2525/4059 2526/4060
f 2527/4061 2480/4054 2479/4053 2526/4062
f 2487/4063 2483/4055 2480/4054 2527/4061
f 2481/4064 2482/4056 2483/4055 2484/4065
f 2481/4064 2484/4065 2486/4066 2485/4067
f 2488/4068 2484/4065 2483/4055 2487/4063
f 2489/4069 2486/4066 2484/4065 2488/4068
f 2485/4067 2486/4066 2619/129 2617/130
f 2486/4066 2489/4069 2622/4070 2619/129
f 2487/4063 2527/4061 2542/4071 2572/4072
f 2573/4073 2488/4068 2487/4063 2572/4072
f 2574/4074 2489/4069 2488/4068 2573/4073
f 2489/4069 2574/4074 2630/4075 2622/4070
f 2490/3984 2491/3983 2496/4076 2494/4077
f 2498/4078 2496/4076 2491/3983 2497/3987
f 2492/4079 2494/4077 2496/4076 2493/4080
f 2492/4079 2493/4080 2508/4081 2505/4082
f 2493/4080 2496/4076 2498/4078 2495/4083
f 2493/4080 2495/4083 2524/4084 2508/4081
f 2495/4083 2498/4078 2500/4085 2499/4086
f 2495/4083 2499/4086 2539/4087 2524/4084
f 2500/4085 2498/4078 2497/3987 2504/4004
f 2499/4086 2500/4085 2501/4088 2502/4089
f 2499/4086 2502/4089 2554/4090 2539/4087
f 2500/4085 2504/4004 2583/4091 2501/4088
f 2501/4088 2583/4091 2587/4092 2586/4093
f 2591/503 2502/4089 2501/4088 2586/4093
f 2556/502 2554/4090 2502/4089 2591/503
f 2583/4091 2504/4004 2503/4002 2584/4009
f 2509/4094 2506/4095 2505/4082 2508/4081
f 2510/4096 2507/4097 2506/4095 2509/4094
f 2507/4097 2510/4096 2516/4098 2511/4099
f 2522/4100 2509/4094 2508/4081 2524/4084
f 2523/4101 2510/4096 2509/4094 2522/4100
f 2528/4102 2516/4098 2510/4096 2523/4101
f 2518/4103 2513/1241 2511/1242 2516/4104
f 2521/4105 2517/4106 2512/1244 2519/1243
f 2520/4107 2514/1245 2513/1241 2518/4103
f 2514/1245 2520/4107 2535/4108 2533/1246
f 2515/4049 2517/4050 2529/4109 2525/4110
f 2530/4111 2518/4103 2516/4104 2528/4112
f 2517/4106 2521/4105 2532/505 2529/4113
f 2531/4114 2520/4107 2518/4103 2530/4111
f 2536/4115 2521/4105 2519/1243 2534/1247
f 2520/4107 2531/4114 2537/4116 2535/4108
f 2538/506 2532/505 2521/4105 2536/4115
f 2522/4100 2524/4084 2539/4087 2540/4117
f 2545/4118 2523/4101 2522/4100 2540/4117
f 2544/4119 2528/4112 2523/4120 2545/4121
f 2541/4122 2526/4060 2525/4059 2543/4123
f 2525/4110 2529/4109 2547/509 2543/508
f 2542/4071 2527/4061 2526/4062 2541/4124
f 2546/4125 2530/4111 2528/4112 2544/4119
f 2529/4113 2532/505 2579/507 2547/511
f 2547/4126 2531/4114 2530/4111 2546/4125
f 2578/4127 2537/4116 2531/4114 2547/4126
f 2536/4128 2534/1249 2533/1246 2535/4108
f 2538/4129 2536/4128 2535/4108 2537/4116
f 2579/4130 2538/4129 2537/4116 2578/4127
f 2555/4131 2540/4117 2539/4087 2554/4090
f 2557/4132 2545/4118 2540/4117 2555/4131
f 2541/4122 2543/4123 2551/4133 2552/4134
f 2553/4135 2542/4071 2541/4124 2552/4136
f 2575/4137 2572/4072 2542/4071 2553/4135
f 2548/4138 2546/4125 2544/4119 2558/4139
f 2544/4119 2545/4121 2557/4140 2558/4139
f 2550/4141 2547/4142 2546/4143 2548/4144
f 2547/4126 2550/4145 2580/533 2578/4127
f 2548/4144 2558/4146 2559/522 2560/521
f 2564/524 2550/4141 2548/4144 2560/521
f 2582/529 2580/4147 2550/4141 2564/524
f 2563/4148 2552/4134 2551/4133 2559/4149
f 2570/4150 2553/4135 2552/4136 2563/4151
f 2553/4135 2570/4150 2571/542 2575/4137
f 2566/4152 2555/4131 2554/4090 2556/502
f 2567/4153 2557/4132 2555/4131 2566/4152
f 2569/4154 2566/4152 2556/502 2593/543
f 2556/502 2592/504 2594/541 2593/543
f 2559/4155 2558/4139 2557/4140 2567/4156
f 2563/4151 2568/4157 2569/4154 2570/4150
f 2568/4157 2567/4153 2566/4152 2569/4154
f 2571/542 2570/4150 2569/4154 2593/543
f 2576/4158 2575/4137 2571/542 2597/544
f 2576/4158 2573/4073 2572/4072 2575/4137
f 2577/4159 2574/4074 2573/4073 2576/4158
f 2574/4074 2577/4159 2687/550 2630/4075
f 2576/4158 2597/544 2596/547 2577/4159
f 2577/4159 2596/547 2690/548 2687/550
f 2581/532 2579/4130 2578/4127 2580/533
f 2583/4091 2584/4009 2585/4160 2587/4092
f 2589/4161 2587/4092 2585/4160 2906/4162
f 2585/4010 2905/4012 2907/4163 2906/4164
f 2586/4093 2587/4092 2589/4161 2588/4165
f 2592/504 2591/503 2586/4093 2588/4165
f 2588/4165 2589/4161 2590/553 2600/552
f 2599/540 2592/504 2588/4165 2600/552
f 2589/4166 2906/4164 2908/555 2590/554
f 2595/545 2599/540 2600/552 2601/4167
f 2602/4168 2598/546 2595/545 2601/4167
f 2596/547 2598/546 2692/558 2690/548
f 2598/546 2602/4168 2698/561 2692/558
f 2710/4169 2601/4167 2600/552 2916/551
f 2711/4170 2602/4168 2601/4167 2710/4169
f 2712/559 2698/561 2602/4168 2711/4170
f 2603/1106 2604/1298 2606/4171 2605/4020
f 2608/4172 2606/4171 2604/1298 2607/1299
f 2605/4026 2606/4173 2612/4174 2609/4023
f 2606/4173 2608/4175 2624/4176 2612/4174
f 2616/4177 2608/4172 2607/1299 2613/1301
f 2608/4175 2616/4178 2620/4179 2624/4176
f 2626/4180 2611/4028 2609/4023 2612/4174
f 2610/4029 2611/4028 2627/4181 2625/4182
f 2611/4028 2626/4180 2628/4183 2627/4181
f 2612/4174 2624/4176 2634/4184 2626/4180
f 2613/4185 2614/4186 2615/4187 2616/4178
f 2620/4179 2616/4178 2615/4187 2623/4188
f 2615/127 2618/126 2621/4189 2623/4190
f 2618/126 2619/129 2622/4070 2621/4189
f 2620/4179 2623/4188 2632/4191 2637/4192
f 2634/4184 2624/4176 2620/4179 2637/4192
f 2621/4189 2622/4070 2630/4075 2631/4193
f 2632/4194 2623/4190 2621/4189 2631/4193
f 2625/4182 2627/4181 2629/4195 2660/4196
f 2659/4197 2643/4042 2625/4041 2660/4198
f 2635/4199 2628/4183 2626/4180 2634/4184
f 2627/4181 2628/4183 2636/4200 2629/4195
f 2628/4183 2635/4199 2638/4201 2636/4200
f 2663/4202 2660/4203 2629/4204 2664/4205
f 2629/4204 2636/4206 2671/4207 2664/4205
f 2688/549 2631/4193 2630/4075 2687/550
f 2633/562 2632/4194 2631/4193 2688/549
f 2639/4208 2637/4209 2632/4194 2633/562
f 2640/4210 2639/4208 2633/562 2693/563
f 2634/4184 2637/4192 2639/4211 2635/4199
f 2640/4212 2638/4201 2635/4199 2639/4211
f 2636/4206 2638/4213 2641/4214 2671/4207
f 2638/4201 2640/4212 2642/4215 2641/4216
f 2640/4210 2693/563 2695/565 2642/4217
f 2673/566 2671/4207 2641/4214 2675/567
f 2641/4214 2642/4218 2677/4219 2675/567
f 2696/569 2677/4220 2642/4217 2695/565
f 2661/4221 2644/4043 2643/4042 2659/4197
f 2644/4043 2661/4221 2666/4222 2662/4044
f 2667/4223 2653/4224 2645/4225 2662/4226
f 2646/4047 2648/4046 2650/4227 2649/4228
f 2652/4229 2648/4046 2647/4036 2651/4038
f 2656/4230 2650/4231 2648/4232 2652/4233
f 2649/4228 2650/4227 3039/572 3037/4234
f 2650/4227 2656/4235 3041/570 3039/572
f 2654/4236 2652/4233 2651/4237 2653/4224
f 2652/4233 2654/4236 2657/4238 2656/4230
f 2655/4239 2654/4236 2653/4224 2667/4223
f 2654/4236 2655/4239 2658/4240 2657/4238
f 2655/4239 2667/4223 2668/4241 2681/4242
f 2682/4243 2658/4240 2655/4239 2681/4242
f 2656/4235 2657/4244 3044/4245 3041/570
f 2657/4244 2658/4246 2683/4247 3044/4245
f 2658/4246 2682/4248 2684/583 2683/4247
f 2659/4197 2660/4198 2663/4249 2661/4221
f 2661/4250 2663/4202 2665/4251 2666/4252
f 2662/4226 2666/4253 2668/4241 2667/4223
f 2663/4202 2664/4205 2672/573 2665/4251
f 2664/4205 2671/4207 2673/566 2672/573
f 2668/4254 2666/4252 2665/4251 2669/4255
f 2674/574 2669/4255 2665/4251 2672/573
f 2670/4256 2681/4242 2668/4241 2669/4257
f 2679/4258 2670/4259 2669/4255 2674/574
f 2670/4259 2679/4258 2680/4260 2685/4261
f 2682/4243 2681/4242 2670/4256 2685/4262
f 2679/4258 2674/574 2673/566 2676/568
f 2678/4263 2676/568 2675/567 2677/4219
f 2680/4260 2679/4258 2676/568 2678/4263
f 2701/578 2678/580 2677/4220 2696/569
f 2689/575 2685/577 2680/579 2703/4264
f 2680/579 2701/578 2702/582 2703/4264
f 2686/576 2684/583 2682/4248 2685/577
f 3046/4265 3044/4245 2683/4247 3055/4266
f 2683/4247 2684/583 3056/584 3055/4266
f 2689/575 2703/4264 2706/4267 2705/585
f 2697/581 2694/564 2691/557 2699/560
f 2691/557 2692/558 2698/561 2699/560
f 2697/581 2700/586 2707/4268 2704/587
f 2699/560 2712/559 2713/4269 2715/4270
f 2714/4271 2700/586 2699/560 2715/4270
f 2716/4272 2707/4268 2700/586 2714/4271
f 2706/4267 2703/4264 2702/582 2704/587
f 2708/4273 2706/4267 2704/587 2707/4268
f 2705/585 2706/4267 2708/4273 3082/4274
f 3071/4275 3056/584 2705/585 3081/4276
f 3083/4277 3081/4276 2705/585 3082/4274
f 2709/4278 2708/4273 2707/4268 2716/4272
f 3092/4279 3082/4274 2708/4273 2709/4278
f 2709/4278 2716/4272 2717/4280 2724/4281
f 2709/4278 2724/4281 3324/4282 3092/4279
f 2710/4283 2916/556 2917/4284 2918/4285
f 2919/4286 2711/4170 2710/4169 2918/4287
f 2713/4269 2712/559 2711/4170 2919/4286
f 2713/4269 2919/4286 2939/4288 2938/4289
f 2940/4290 2715/4270 2713/4269 2938/4289
f 2717/4280 2716/4272 2714/4271 2725/4291
f 2714/4271 2715/4270 2940/4290 2725/4291
f 2717/4280 2725/4291 2944/4292 2946/4293
f 2945/4294 2724/4281 2717/4280 2946/4293
f 2724/4281 2945/4294 3339/4295 3324/4282
f 2725/4291 2940/4290 2941/4296 2944/4292
f 2730/4297 2728/4298 2726/1399 2729/1398
f 2727/4299 2728/4298 2733/4300 2732/4301
f 2728/4298 2730/4297 2731/4302 2733/4300
f 2738/4303 2730/4297 2729/1398 2737/1401
f 2741/4304 2731/4302 2730/4297 2738/4303
f 2736/4305 2733/4300 2731/4302 2735/4306
f 2746/4307 2735/4306 2731/4302 2741/4304
f 2732/3994 2733/4308 2736/4309 2734/4001
f 2734/4001 2736/4309 2754/4310 2751/4007
f 2735/4306 2746/4307 2748/635 2747/4311
f 2754/4312 2736/4305 2735/4306 2747/4311
f 2740/4313 2738/4303 2737/1401 2739/1408
f 2738/4303 2740/4313 2744/4314 2741/4304
f 2743/4315 2740/4313 2739/1408 2742/1410
f 2740/4313 2743/4315 2745/4316 2744/4314
f 2741/4304 2744/4314 2749/4317 2746/4307
f 2822/4318 2743/4315 2742/1410 2821/1417
f 2823/4319 2745/4316 2743/4315 2822/4318
f 2744/4314 2745/4316 2833/4320 2749/4317
f 2745/4316 2823/4319 2834/4321 2833/4320
f 2750/636 2748/635 2746/4307 2749/4317
f 2756/4322 2754/4312 2747/4311 2760/4323
f 2747/4311 2748/635 2759/637 2760/4323
f 2835/4324 2750/636 2749/4317 2833/4320
f 2861/4325 2761/638 2750/636 2835/4324
f 2753/4013 2752/4006 2751/4007 2755/4326
f 2751/4007 2754/4310 2756/4327 2755/4326
f 2753/4013 2755/4326 2758/4328 2757/4329
f 2907/4163 2905/4012 2753/4013 2757/4329
f 2755/4326 2756/4327 2763/4330 2758/4328
f 2756/4327 2760/4331 2762/4332 2763/4330
f 2757/4329 2758/4328 2764/4333 2913/4334
f 2912/4335 2907/4163 2757/4329 2913/4334
f 2758/4328 2763/4330 2767/4336 2764/4333
f 2762/4337 2760/4323 2759/637 2761/638
f 2766/4338 2762/4337 2761/638 2765/640
f 2761/638 2861/4325 2863/4339 2862/639
f 2767/4336 2763/4330 2762/4332 2766/4340
f 2924/4341 2913/4334 2764/4333 2923/4342
f 2764/4333 2767/4336 2925/4343 2923/4342
f 2765/640 2862/639 2867/4344 2868/4345
f 2869/4346 2766/4338 2765/640 2868/4345
f 2925/4343 2767/4336 2766/4340 2869/4347
f 2771/4348 2769/1465 2768/4349 2770/4350
f 2769/1465 2771/4348 2776/4351 2774/1462
f 2778/4352 2771/4348 2770/4350 2772/4353
f 2780/4354 2776/4351 2771/4348 2778/4352
f 2772/4353 2773/4355 2779/4356 2778/4352
f 2801/4357 2779/4356 2773/4355 2800/4358
f 2777/4359 2775/1471 2774/1462 2776/4351
f 2775/1471 2777/4359 2786/4360 2785/4361
f 2781/4362 2777/4359 2776/4351 2780/4354
f 2777/4359 2781/4362 2787/4363 2786/4360
f 2778/4352 2779/4356 2782/4364 2780/4354
f 2804/4365 2782/4364 2779/4356 2801/4357
f 2783/4366 2781/4362 2780/4354 2782/4364
f 2781/4362 2783/4366 2794/4367 2787/4363
f 2784/4368 2783/4366 2782/4364 2804/4365
f 2783/4366 2784/4368 2795/4369 2794/4367
f 2784/4368 2804/4365 2806/4370 2805/4371
f 2813/4372 2795/4369 2784/4368 2805/4371
f 2785/4361 2786/4360 2789/4373 2788/4374
f 2786/4360 2787/4363 2792/4375 2789/4373
f 2796/4376 2792/4375 2787/4363 2794/4367
f 2788/4374 2789/4373 2791/4377 2790/4378
f 2793/4379 2791/4377 2789/4373 2792/4375
f 2790/4378 2791/4377 2843/4380 2842/4381
f 2791/4377 2793/4379 2844/4382 2843/4380
f 2797/4383 2793/4379 2792/4375 2796/4376
f 2793/4379 2797/4383 2851/4384 2844/4382
f 2794/4367 2795/4369 2798/4385 2796/4376
f 2816/4386 2798/4385 2795/4369 2813/4372
f 2799/4387 2797/4383 2796/4376 2798/4385
f 2797/4383 2799/4387 2852/4388 2851/4384
f 2875/4389 2799/4387 2798/4385 2816/4386
f 2876/4390 2852/4388 2799/4387 2875/4389
f 2803/4391 2801/4357 2800/4358 2802/4392
f 2801/4357 2803/4391 2806/4370 2804/4365
f 2809/4393 2803/4391 2802/4392 2808/4394
f 2807/4395 2806/4370 2803/4391 2809/4393
f 2805/4371 2806/4370 2807/4395 2814/4396
f 2815/4397 2813/4372 2805/4371 2814/4396
f 2807/4395 2809/4393 2811/4398 2812/4399
f 2818/4400 2814/4396 2807/4395 2812/4399
f 2811/4398 2809/4393 2808/4394 2810/4401
f 2904/4402 2811/4398 2810/4401 2903/4403
f 3958/4404 2812/4399 2811/4398 2904/4402
f 3959/4405 2818/4400 2812/4399 3958/4404
f 2813/4372 2815/4397 2817/4406 2816/4386
f 2819/4407 2815/4397 2814/4396 2818/4400
f 2820/4408 2817/4406 2815/4397 2819/4407
f 2816/4386 2817/4406 2877/4409 2875/4389
f 2817/4406 2820/4408 2879/4410 2877/4409
f 3960/4411 2819/4407 2818/4400 3959/4405
f 3962/4412 2820/4408 2819/4407 3960/4411
f 3964/4413 2879/4410 2820/4408 3962/4412
f 2825/4414 2822/4415 2821/1570 2824/1569
f 2830/4416 2823/4417 2822/4415 2825/4414
f 2823/4418 2830/4419 2836/4420 2834/4421
f 2828/4422 2825/4414 2824/1569 2826/1577
f 2825/4423 2828/4424 2831/4425 2830/4419
f 2826/1577 2827/1579 2829/4426 2828/4422
f 2848/4427 2829/4428 2827/4429 2847/4430
f 2828/4431 2829/4428 2832/4432 2831/4433
f 2850/4434 2832/4432 2829/4428 2848/4427
f 2830/4419 2831/4425 2837/4435 2836/4420
f 2831/4425 2832/4436 2857/4437 2837/4435
f 2832/4432 2850/4434 2853/4438 2857/4439
f 2833/4320 2834/4321 2841/4440 2835/4324
f 2834/4421 2836/4420 2838/4441 2841/4442
f 2835/4324 2841/4440 2864/4443 2861/4325
f 2836/4420 2837/4435 2839/4444 2838/4441
f 2858/4445 2839/4444 2837/4435 2857/4437
f 2838/4441 2839/4444 2860/4446 2840/4447
f 2864/4448 2841/4442 2838/4441 2840/4447
f 2839/4444 2858/4445 2859/4449 2860/4446
f 2865/4450 2864/4448 2840/4447 2889/4451
f 2840/4447 2860/4446 2886/4452 2889/4451
f 2842/4381 2843/4380 2846/4453 2845/4454
f 2843/4380 2844/4382 2849/4455 2846/4453
f 2854/4456 2849/4455 2844/4382 2851/4384
f 2848/4427 2847/4430 2845/4454 2846/4453
f 2850/4434 2848/4427 2846/4453 2849/4455
f 2853/4438 2850/4434 2849/4455 2854/4456
f 2851/4384 2852/4388 2855/4457 2854/4456
f 2872/4458 2855/4457 2852/4388 2876/4390
f 2853/4438 2854/4456 2855/4457 2856/4459
f 2858/4460 2857/4439 2853/4438 2856/4459
f 2873/4461 2856/4459 2855/4457 2872/4458
f 2859/4462 2858/4460 2856/4459 2873/4461
f 2859/4462 2873/4461 2874/4463 2887/4464
f 2886/4452 2860/4446 2859/4449 2887/4465
f 2865/4466 2863/4339 2861/4325 2864/4443
f 2862/639 2863/4339 2870/4467 2867/4344
f 2863/4468 2865/4450 2866/4469 2870/4470
f 2865/4450 2889/4451 2890/4471 2866/4469
f 2871/4472 2870/4470 2866/4469 2892/4473
f 2866/4469 2890/4471 2893/4474 2892/4473
f 2867/4344 2870/4467 2871/4475 2909/4476
f 2966/4477 2868/4345 2867/4344 2909/4476
f 2967/4478 2869/4346 2868/4345 2966/4477
f 2968/4479 2925/4343 2869/4347 2967/4480
f 2871/4472 2892/4473 2894/4481 2910/643
f 2976/642 2909/4482 2871/4472 2910/643
f 2874/4463 2873/4461 2872/4458 2881/4483
f 2872/4458 2876/4390 2878/4484 2881/4483
f 2874/4463 2881/4483 2882/4485 2883/4486
f 2891/4487 2887/4464 2874/4463 2883/4486
f 2878/4484 2876/4390 2875/4389 2877/4409
f 2880/4488 2878/4484 2877/4409 2879/4410
f 2882/4485 2881/4483 2878/4484 2880/4488
f 2884/4489 2880/4488 2879/4410 3964/4413
f 2885/4490 2882/4485 2880/4488 2884/4489
f 2896/4491 2883/4486 2882/4485 2885/4490
f 2895/4492 2891/4493 2883/4494 2896/4495
f 2884/4489 3964/4413 3965/4496 3966/4497
f 3967/4498 2885/4490 2884/4489 3966/4497
f 3970/4499 2896/4491 2885/4490 3967/4498
f 2890/4471 2889/4451 2886/4452 2888/4500
f 2886/4452 2887/4465 2891/4493 2888/4500
f 2893/4474 2890/4471 2888/4500 2898/4501
f 2888/4500 2891/4493 2895/4492 2898/4501
f 2892/4473 2893/4474 2900/4502 2894/4481
f 2893/4474 2898/4501 2899/4503 2900/4502
f 2894/4481 2900/4502 2902/4504 2911/4505
f 2977/641 2910/643 2894/4481 2911/4505
f 2899/4503 2898/4501 2895/4492 2897/4506
f 2895/4492 2896/4495 3970/4507 2897/4506
f 2901/4508 2899/4503 2897/4506 3972/4509
f 2897/4506 3970/4507 3971/4510 3972/4509
f 2902/4504 2900/4502 2899/4503 2901/4508
f 4019/4511 2902/4504 2901/4508 4020/4512
f 2901/4508 3972/4509 4021/4513 4020/4512
f 2981/4514 2911/4505 2902/4504 4019/4511
f 3979/4515 2904/4402 2903/4403 3978/4516
f 3980/4517 3958/4404 2904/4402 3979/4515
f 2906/4164 2907/4163 2912/4335 2908/555
f 2908/555 2912/4335 2915/4518 2914/4519
f 2908/555 2914/4519 2917/4284 2916/556
f 2969/4520 2966/4477 2909/4476 2976/4521
f 2980/4522 2977/641 2911/4505 2981/4514
f 2912/4335 2913/4334 2924/4341 2915/4518
f 2920/4523 2917/4284 2914/4519 2921/4524
f 2914/4519 2915/4518 2927/4525 2921/4524
f 2915/4518 2924/4341 2928/4526 2927/4525
f 2922/4527 2918/4285 2917/4284 2920/4523
f 2939/4528 2919/4529 2918/4285 2922/4527
f 2920/4523 2921/4524 2931/4530 2933/4531
f 2932/4532 2922/4527 2920/4523 2933/4531
f 2921/4524 2927/4525 2929/4533 2931/4530
f 2922/4527 2932/4532 2948/4534 2939/4528
f 2928/4526 2924/4341 2923/4342 2926/4535
f 2923/4342 2925/4343 2968/4479 2926/4535
f 2930/4536 2928/4526 2926/4535 2972/4537
f 2926/4535 2968/4479 2971/4538 2972/4537
f 2927/4525 2928/4526 2930/4536 2929/4533
f 2936/4539 2931/4530 2929/4533 2935/4540
f 2929/4533 2930/4536 2991/4541 2935/4540
f 2930/4536 2972/4537 2973/661 2991/4541
f 2934/4542 2933/4531 2931/4530 2936/4539
f 2932/4532 2933/4531 2934/4542 2956/4543
f 2957/4544 2948/4534 2932/4532 2956/4543
f 2934/4542 2936/4539 2937/4545 2958/4546
f 2960/4547 2956/4543 2934/4542 2958/4546
f 2937/4545 2936/4539 2935/4540 2993/4548
f 2935/4540 2991/4541 2992/4549 2993/4548
f 2937/4545 2993/4548 2997/4550 3010/4551
f 3009/4552 2958/4546 2937/4545 3010/4551
f 2941/4296 2940/4290 2938/4289 2947/4553
f 2938/4554 2939/4528 2948/4534 2947/4555
f 2941/4296 2947/4553 2949/4556 2952/4557
f 2950/4558 2944/4292 2941/4296 2952/4557
f 2951/4559 2946/4293 2944/4292 2950/4558
f 2945/4294 2946/4293 2951/4559 3601/4560
f 3600/784 3339/4295 2945/4294 3601/4560
f 2947/4555 2948/4534 2957/4544 2949/4561
f 2955/4562 2952/4563 2949/4561 2961/4564
f 2949/4561 2957/4544 2959/4565 2961/4564
f 2954/648 2951/4559 2950/4558 2953/4566
f 2950/4558 2952/4557 2955/4567 2953/4566
f 3662/647 3601/4560 2951/4559 2954/648
f 2953/4568 2955/4569 2962/651 3667/650
f 3664/646 2954/648 2953/4566 3667/4570
f 2955/4569 2961/4571 2963/4572 2962/651
f 2959/4565 2957/4544 2956/4543 2960/4547
f 3011/4573 2960/4547 2958/4546 3009/4552
f 2963/4572 2961/4571 2959/4574 2964/4575
f 2959/4574 2960/4576 3011/4577 2964/4575
f 2962/651 2963/4572 3030/4578 2965/656
f 2963/4572 2964/4575 3017/4579 3030/4578
f 2964/4575 3011/4577 3012/4580 3017/4579
f 2965/656 3030/4578 3919/4581 3680/657
f 2970/4582 2967/4478 2966/4477 2969/4520
f 2971/4538 2968/4479 2967/4480 2970/4583
f 2975/4584 2970/4582 2969/4520 2978/4585
f 2969/4586 2976/642 2979/4587 2978/4588
f 2974/662 2971/4538 2970/4583 2975/4589
f 2973/661 2972/4537 2971/4538 2974/662
f 2992/4549 2991/4541 2973/661 2994/665
f 2974/662 2975/4589 2986/4590 2985/664
f 2975/4589 2978/4588 2984/4591 2986/4590
f 2976/642 2977/641 2980/4522 2979/4587
f 2978/4588 2979/4587 2983/4592 2984/4591
f 2979/4587 2980/4522 2982/4593 2983/4592
f 2980/4522 2981/4514 4137/4594 2982/4593
f 2981/4514 4019/4511 4138/4595 4137/4594
f 2988/4596 2983/4592 2982/4593 4140/4597
f 2982/4593 4137/4594 4139/4598 4140/4597
f 2987/4599 2984/4591 2983/4592 2988/4596
f 2989/4600 2986/4590 2984/4591 2987/4599
f 2985/664 2986/4590 2989/4600 2999/666
f 2998/4601 2990/663 2985/664 2999/666
f 3003/4602 2989/4600 2987/4599 4148/4603
f 2987/4599 2988/4596 4145/4604 4148/4603
f 2988/4596 4140/4597 4144/4605 4145/4604
f 3002/667 2999/666 2989/4600 3003/4602
f 2995/4606 2994/665 2990/663 2998/4601
f 2992/4549 2994/665 2995/4606 2996/4607
f 2997/4550 2993/4548 2992/4549 2996/4607
f 2995/4606 2998/4601 3001/4608 3000/4609
f 3006/4610 2996/4607 2995/4606 3000/4609
f 3014/4611 2997/4550 2996/4607 3006/4610
f 3013/4612 3010/4551 2997/4550 3014/4611
f 2998/4601 2999/666 3004/668 3001/4608
f 3000/4609 3001/4608 3008/4613 3007/4614
f 3019/4615 3006/4610 3000/4609 3007/4614
f 3001/4608 3004/668 3005/4616 3008/4613
f 3005/4616 3004/668 3002/667 4171/4617
f 3002/667 3003/4602 4170/4618 4171/4617
f 3003/4602 4148/4603 4149/4619 4170/4618
f 3023/4620 3008/4613 3005/4616 4179/4621
f 3005/4616 4171/4617 4172/4622 4179/4621
f 3020/4623 3014/4611 3006/4610 3019/4615
f 3007/4614 3008/4613 3023/4620 3024/4624
f 3025/4625 3019/4626 3007/4627 3024/4628
f 3012/4580 3011/4577 3009/4629 3015/4630
f 3009/4629 3010/4631 3013/4632 3015/4630
f 3012/4580 3015/4630 3016/4633 3018/4634
f 3031/4635 3017/4579 3012/4580 3018/4634
f 3016/4633 3015/4630 3013/4632 3021/4636
f 3013/4632 3014/4637 3020/4638 3021/4636
f 3016/4633 3021/4636 3022/4639 3029/4640
f 3032/4641 3018/4634 3016/4633 3029/4640
f 3921/4642 3030/4578 3017/4579 3031/4635
f 3033/4643 3031/4635 3018/4634 3032/4641
f 3026/4644 3020/4638 3019/4626 3025/4625
f 3022/4639 3021/4636 3020/4638 3026/4644
f 3022/4639 3026/4644 3028/4645 3027/4646
f 3035/4647 3029/4640 3022/4639 3027/4646
f 3023/4648 4179/4649 4181/4650 4180/4651
f 4183/4652 3024/4628 3023/4648 4180/4651
f 4182/4653 3025/4625 3024/4628 4183/4652
f 3028/4645 3026/4644 3025/4625 4182/4653
f 3027/4646 3028/4645 4187/4654 4379/4655
f 4380/4656 3035/4647 3027/4646 4379/4655
f 3028/4645 4182/4653 4186/4657 4187/4654
f 3034/4658 3032/4641 3029/4640 3035/4647
f 3922/4659 3919/4581 3030/4578 3921/4642
f 3031/4635 3033/4643 3929/4660 3921/4642
f 3036/4661 3033/4643 3032/4641 3034/4658
f 3033/4643 3036/4661 3931/4662 3929/4660
f 3034/4658 3035/4647 4380/4656 4383/4663
f 4384/4664 3036/4661 3034/4658 4383/4663
f 4713/4665 3931/4662 3036/4661 4384/4664
f 3040/571 3038/4666 3037/4234 3039/572
f 3038/4666 3040/571 3043/4667 3042/4668
f 3040/571 3041/570 3045/4669 3043/4667
f 3041/570 3044/4245 3046/4265 3045/4669
f 3042/4668 3043/4667 3049/4670 3048/4671
f 3043/4667 3045/4669 3052/4672 3049/4670
f 3045/4669 3046/4265 3047/4673 3052/4672
f 3046/4265 3055/4266 3057/4674 3047/4673
f 3054/4675 3052/4672 3047/4673 3053/4676
f 3072/4677 3053/4676 3047/4673 3057/4674
f 3048/4671 3049/4670 3051/4678 3050/4679
f 3054/4675 3051/4678 3049/4670 3052/4672
f 3050/4679 3051/4678 3059/4680 3058/4681
f 3051/4678 3054/4675 3062/4682 3059/4680
f 3062/4682 3054/4675 3053/4676 3063/4683
f 3073/4684 3063/4683 3053/4676 3072/4677
f 3055/4266 3056/584 3071/4275 3057/4674
f 3057/4674 3071/4275 3074/674 3072/4677
f 3058/4681 3059/4680 3061/4685 3060/4686
f 3064/4687 3061/4685 3059/4680 3062/4682
f 3060/4686 3061/4685 3067/4688 3066/4689
f 3061/4685 3064/4687 3068/4690 3067/4688
f 3062/4682 3063/4683 3065/4691 3064/4687
f 3077/4692 3065/4691 3063/4683 3073/4684
f 3064/4687 3065/4691 3069/4693 3068/4690
f 3070/4694 3069/4693 3065/4691 3077/4692
f 3066/4689 3067/4688 3195/4695 3194/4696
f 3067/4688 3068/4690 3198/4697 3195/4695
f 3068/4690 3069/4693 3202/4698 3198/4697
f 3069/4693 3070/4694 3204/4699 3202/4698
f 3070/4694 3077/4692 3078/4700 3080/669
f 3070/4694 3080/669 3143/671 3204/4699
f 3071/4275 3081/4276 3084/675 3074/674
f 3075/673 3073/4684 3072/4677 3074/674
f 3073/4684 3075/673 3078/4700 3077/4692
f 3075/673 3076/672 3079/4701 3078/4700
f 3138/4702 3079/4701 3076/672 3085/676
f 3141/670 3080/669 3078/4700 3079/4701
f 3079/4701 3138/4702 3142/4703 3141/670
f 3081/4276 3083/4277 3086/4704 3084/675
f 3087/4705 3083/4277 3082/4274 3092/4279
f 3113/4706 3086/4704 3083/4277 3087/4705
f 3139/4707 3085/676 3084/675 3086/4704
f 3140/4708 3138/4702 3085/676 3139/4707
f 3086/4704 3113/4706 3149/4709 3139/4707
f 3137/4710 3113/4706 3087/4705 3326/4711
f 3087/4705 3092/4279 3324/4282 3326/4711
f 3094/4712 3097/4713 3088/4714 3102/4715
f 3088/4714 3089/4716 3105/4717 3102/4715
f 3088/4714 3097/4713 3112/4718 3117/4719
f 3116/4720 3089/4716 3088/4714 3117/4719
f 3089/4716 3090/4721 3106/4722 3105/4717
f 3120/4723 3090/4721 3089/4716 3116/4720
f 3090/4724 3091/683 3107/682 3106/685
f 3121/4725 3091/683 3090/4724 3120/4726
f 3091/683 3121/4725 3527/4727 3517/681
f 3093/4728 3098/4729 3097/4730 3094/4731
f 3093/4728 3095/4732 3099/4733 3098/4729
f 3095/4732 3096/4734 3100/4735 3099/4733
f 3314/610 3096/4736 3095/688 3108/687
f 3096/4737 3314/4738 3315/4739 3316/4740
f 3320/4741 3100/4742 3096/4737 3316/4740
f 3097/4730 3098/4729 3128/4743 3112/4744
f 3098/4729 3099/4733 3129/4745 3128/4743
f 3099/4733 3100/4735 3132/4746 3129/4745
f 3342/4747 3132/4748 3100/4742 3320/4741
f 3101/617 3102/679 3105/4749 3103/618
f 3110/591 3108/687 3101/617 3109/597
f 3103/618 3105/4749 3106/4750 3104/619
f 3104/684 3107/682 3519/4751 3518/624
f 3520/615 3111/595 3104/619 3518/4752
f 3107/682 3517/681 3524/4753 3519/4751
f 3108/687 3110/591 3322/594 3314/610
f 3118/4754 3117/4719 3112/4718 3114/4755
f 3130/4756 3114/4757 3112/4744 3128/4743
f 3113/4706 3137/4710 3176/4758 3149/4709
f 3114/4755 3115/4759 3126/4760 3118/4754
f 3134/4761 3115/4759 3114/4755 3130/4762
f 3153/4763 3126/4760 3115/4759 3150/4764
f 3115/4759 3134/4761 3165/4765 3150/4764
f 3116/4720 3117/4719 3118/4754 3119/4766
f 3116/4720 3119/4766 3122/4767 3120/4723
f 3127/4768 3119/4766 3118/4754 3126/4760
f 3124/4769 3122/4767 3119/4766 3127/4768
f 3123/4770 3121/4771 3120/4723 3122/4767
f 3121/4725 3123/4772 3529/4773 3527/4727
f 3125/4774 3123/4770 3122/4767 3124/4769
f 3123/4772 3125/4775 3531/4776 3529/4773
f 3124/4769 3127/4768 3154/4777 3155/4778
f 3156/4779 3125/4774 3124/4769 3155/4778
f 3125/4775 3156/4780 3539/4781 3531/4776
f 3154/4777 3127/4768 3126/4760 3153/4763
f 3128/4743 3129/4745 3131/4782 3130/4756
f 3133/4783 3131/4782 3129/4745 3132/4746
f 3130/4756 3131/4782 3135/4784 3134/4785
f 3131/4786 3133/4787 3136/4788 3135/4789
f 3343/4790 3133/4787 3132/4748 3342/4747
f 3346/4791 3136/4788 3133/4787 3343/4790
f 3134/4785 3135/4784 3166/4792 3165/4793
f 3135/4789 3136/4788 3167/4794 3166/4795
f 3366/4796 3167/4794 3136/4788 3346/4791
f 3137/4710 3326/4711 3340/4797 3348/4798
f 3372/4799 3176/4758 3137/4710 3348/4798
f 3138/4702 3140/4708 3146/4800 3142/4703
f 3151/4801 3140/4708 3139/4707 3149/4709
f 3147/4802 3146/4800 3140/4708 3151/4801
f 3141/670 3142/4703 3144/677 3143/671
f 3145/4803 3144/677 3142/4703 3146/4800
f 3205/689 3204/4699 3143/671 3213/678
f 3144/677 3145/4803 3214/4804 3213/678
f 3145/4803 3146/4800 3147/4802 3148/4805
f 3145/4803 3148/4805 3237/4806 3214/4804
f 3147/4802 3151/4801 3170/4807 3178/4808
f 3185/4809 3148/4805 3147/4802 3178/4808
f 3148/4805 3185/4809 3241/4810 3237/4806
f 3170/4807 3151/4801 3149/4709 3176/4758
f 3150/4764 3152/4811 3158/4812 3153/4763
f 3168/4813 3152/4811 3150/4764 3165/4765
f 3159/4814 3158/4812 3152/4811 3171/4815
f 3152/4811 3168/4813 3172/4816 3171/4815
f 3157/4817 3154/4777 3153/4763 3158/4812
f 3161/4818 3155/4778 3154/4777 3157/4817
f 3162/4819 3156/4779 3155/4778 3161/4818
f 3156/4780 3162/4820 3541/4821 3539/4781
f 3157/4817 3158/4812 3159/4814 3160/4822
f 3157/4817 3160/4822 3163/4823 3161/4818
f 3159/4814 3171/4815 3180/4824 3186/4825
f 3188/4826 3160/4822 3159/4814 3186/4825
f 3177/4827 3163/4823 3160/4822 3188/4826
f 3164/4828 3162/4819 3161/4818 3163/4823
f 3162/4829 3164/699 3543/698 3541/4830
f 3551/697 3164/699 3163/4831 3177/695
f 3165/4793 3166/4792 3169/4832 3168/4833
f 3166/4792 3167/4834 3173/4835 3169/4832
f 3368/4836 3173/4837 3167/4794 3366/4796
f 3168/4833 3169/4832 3174/4838 3172/4839
f 3169/4832 3173/4835 3175/4840 3174/4838
f 3170/4807 3176/4758 3372/4799 3373/4841
f 3385/4842 3178/4808 3170/4807 3373/4841
f 3171/4815 3172/4816 3179/4843 3180/4824
f 3172/4839 3174/4838 3181/4844 3179/4845
f 3369/4846 3175/4847 3173/4837 3368/4836
f 3174/4838 3175/4840 3183/4848 3181/4844
f 3382/4849 3183/4850 3175/4847 3369/4846
f 3177/695 3189/696 3190/708 3551/697
f 3386/4851 3185/4809 3178/4808 3385/4842
f 3191/711 3187/691 3182/700 3192/712
f 3182/4852 3184/706 3387/710 3192/714
f 3383/709 3184/706 3183/705 3382/718
f 3431/4853 3241/4810 3185/4809 3386/4851
f 3193/707 3189/696 3187/691 3191/711
f 3552/4854 3551/697 3190/708 3553/722
f 3194/4696 3195/4695 3197/4855 3196/4856
f 3199/4857 3197/4855 3195/4695 3198/4697
f 3196/4856 3197/4855 3201/4858 3200/4859
f 3197/4855 3199/4857 3206/4860 3201/4858
f 3203/4861 3199/4857 3198/4697 3202/4698
f 3199/4857 3203/4861 3207/4862 3206/4860
f 3200/4859 3201/4858 3209/4863 3208/4864
f 3201/4858 3206/4860 3210/4865 3209/4863
f 3205/689 3203/4861 3202/4698 3204/4699
f 3203/4861 3205/689 3216/690 3207/4862
f 3206/4860 3207/4862 3211/4866 3210/4865
f 3308/4867 3211/4866 3207/4862 3216/690
f 3208/4864 3209/4863 3498/4868 3497/4869
f 3209/4863 3210/4865 3501/4870 3498/4868
f 3210/4865 3211/4866 3212/4871 3501/4870
f 3310/4872 3212/4871 3211/4866 3308/4867
f 3502/4873 3501/4870 3212/4871 3503/4874
f 3212/4871 3310/4872 3511/4875 3503/4874
f 3213/678 3214/4804 3217/4876 3216/690
f 3264/4877 3217/4876 3214/4804 3237/4806
f 3220/4878 3223/4879 3215/4880 3234/4881
f 3215/4880 3223/4879 3227/729 3226/728
f 3235/4882 3234/4883 3215/4884 3236/4885
f 3215/4886 3226/4887 3290/4888 3236/4889
f 3216/690 3217/4876 3309/4890 3308/4867
f 3217/4876 3264/4877 3312/4891 3309/4890
f 3218/4892 3219/4893 3221/4894 3220/4895
f 3218/4896 3231/4897 3232/4898 3242/4899
f 3218/4896 3220/4900 3234/4883 3231/4897
f 3243/4901 3219/4902 3218/4903 3242/4904
f 3222/4905 3221/4894 3219/4893 3259/4906
f 3219/4893 3243/4907 3246/4908 3259/4906
f 3224/732 3223/4909 3220/4895 3221/4894
f 3221/4894 3222/4905 3225/733 3224/732
f 3222/4905 3259/4906 3260/4910 3261/4911
f 3262/4912 3225/4913 3222/4914 3261/4915
f 3223/4909 3224/732 3228/734 3227/4916
f 3229/4917 3228/734 3225/733 3262/4918
f 3229/4919 3262/4912 3263/4920 3295/4921
f 3294/739 3291/737 3229/738 3295/740
f 3232/4898 3238/4922 3230/4923 3244/4924
f 3250/4925 3244/4924 3230/4923 3252/4926
f 3230/4927 3238/4928 3274/4929 3275/4930
f 3231/4897 3234/4883 3235/4882 3233/4931
f 3231/4897 3233/4931 3238/4922 3232/4898
f 3245/4932 3242/4899 3232/4898 3244/4924
f 3233/4933 3235/4934 3240/4935 3239/4936
f 3274/4929 3238/4928 3233/4933 3239/4936
f 3235/4934 3236/4889 3292/4937 3240/4935
f 3236/4889 3290/4888 3293/4938 3292/4937
f 3237/4806 3241/4810 3289/4939 3264/4877
f 3276/4940 3274/4929 3239/4936 3280/4941
f 3239/4936 3240/4935 3297/4942 3280/4941
f 3240/4935 3292/4937 3298/4943 3297/4942
f 3448/4944 3289/4939 3241/4810 3431/4853
f 3247/753 3243/4901 3242/4904 3245/746
f 3248/4945 3246/4946 3243/4901 3247/753
f 3251/4947 3249/752 3245/746 3250/745
f 3246/4908 3248/4948 3257/4949 3255/4950
f 3260/4910 3259/4906 3246/4908 3255/4950
f 3256/4951 3248/4952 3247/4953 3254/4954
f 3248/4955 3256/4956 3258/4957 3257/4958
f 3249/4959 3251/749 3253/755 3254/4954
f 3269/4960 3268/751 3252/748 3275/4961
f 3253/755 3268/751 3269/4960 3271/4962
f 3270/4963 3254/4954 3253/755 3271/4962
f 3272/4964 3256/4951 3254/4954 3270/4963
f 3265/4965 3260/4966 3255/4967 3266/4968
f 3255/4967 3257/4969 3281/4970 3266/4968
f 3273/4971 3258/4972 3256/4951 3272/4964
f 3257/4973 3258/4972 3273/4971 3281/4974
f 3267/4975 3261/4915 3260/4966 3265/4965
f 3263/4920 3262/4912 3261/4915 3267/4975
f 3263/4920 3267/4975 3283/4976 3301/4977
f 3296/4978 3295/4921 3263/4920 3301/4977
f 3264/4877 3289/4939 3488/4979 3312/4891
f 3265/4965 3266/4968 3282/4980 3284/4981
f 3283/4976 3267/4975 3265/4965 3284/4981
f 3266/4968 3281/4970 3288/4982 3282/4980
f 3269/4983 3275/4984 3278/4985 3277/4986
f 3279/4987 3271/4962 3269/4960 3277/4988
f 3270/4963 3271/4962 3279/4987 3286/4989
f 3285/4990 3272/4964 3270/4963 3286/4989
f 3287/4991 3273/4971 3272/4964 3285/4990
f 3288/4992 3281/4993 3273/4994 3287/4995
f 3278/4985 3275/4984 3274/4996 3276/4997
f 3419/4998 3278/4985 3276/4997 3417/4999
f 3276/4940 3280/4941 3433/5000 3417/5001
f 3418/5002 3279/4987 3277/4988 3420/5003
f 3277/4986 3278/4985 3419/4998 3420/5004
f 3421/5005 3286/4989 3279/4987 3418/5002
f 3280/4941 3297/4942 3434/5006 3433/5000
f 3304/5007 3284/4981 3282/4980 3424/5008
f 3282/4980 3288/4982 3423/5009 3424/5008
f 3283/4976 3284/4981 3304/5007 3303/5010
f 3305/5011 3301/4977 3283/4976 3303/5010
f 3285/4990 3286/4989 3421/5005 3422/5012
f 3425/5013 3287/4991 3285/4990 3422/5012
f 3423/5014 3288/4992 3287/4995 3425/5015
f 3289/4939 3448/4944 3490/5016 3488/4979
f 3290/731 3291/730 3294/757 3293/756
f 3292/4937 3293/4938 3299/5017 3298/4943
f 3306/5018 3299/758 3294/757 3307/5019
f 3296/4978 3301/4977 3305/5011 3302/5020
f 3297/4942 3298/4943 3300/5021 3434/5006
f 3298/4943 3299/5017 3306/5022 3300/5021
f 3435/5023 3434/5006 3300/5021 3440/5024
f 3300/5021 3306/5022 3439/5025 3440/5024
f 3302/5020 3305/5011 3442/5026 3441/5027
f 3303/5010 3304/5007 3437/5028 3436/5029
f 3442/5026 3305/5011 3303/5010 3436/5029
f 3304/5007 3424/5008 3487/5030 3437/5028
f 3306/5018 3307/5019 3687/764 3439/766
f 3308/4867 3309/4890 3311/5031 3310/4872
f 3313/5032 3311/5031 3309/4890 3312/4891
f 3310/4872 3311/5031 3512/5033 3511/4875
f 3311/5031 3313/5032 3513/5034 3512/5033
f 3492/5035 3313/5032 3312/4891 3488/4979
f 3313/5032 3492/5035 3516/5036 3513/5034
f 3318/772 3316/4740 3315/4739 3317/773
f 3316/4740 3318/772 3321/5037 3320/4741
f 3317/612 3323/611 3325/608 3329/631
f 3318/772 3319/771 3327/5038 3321/5037
f 3328/5039 3327/5038 3319/771 3331/5040
f 3320/4741 3321/5037 3344/5041 3342/4747
f 3321/5037 3327/5038 3349/5042 3344/5041
f 3340/4797 3326/4711 3324/4282 3339/4295
f 3327/5038 3328/5039 3351/5043 3349/5042
f 3328/5039 3331/5040 3334/5044 3341/5045
f 3328/5039 3341/5045 3357/5046 3351/5043
f 3329/631 3330/632 3334/5047 3331/775
f 3337/777 3334/5047 3330/632 3335/633
f 3572/780 3336/5048 3333/629 3567/627
f 3355/5049 3341/5050 3334/5047 3337/777
f 3336/634 3572/5051 3574/5052 3573/778
f 3337/777 3338/776 3356/5053 3355/5049
f 3597/5054 3356/5055 3338/5056 3573/5057
f 3599/783 3340/4797 3339/4295 3600/784
f 3587/785 3348/4798 3340/4797 3599/783
f 3341/5045 3355/5058 3358/5059 3357/5046
f 3345/5060 3343/4790 3342/4747 3344/5041
f 3343/4790 3345/5060 3347/5061 3346/4791
f 3350/5062 3345/5060 3344/5041 3349/5042
f 3353/5063 3347/5061 3345/5060 3350/5062
f 3346/4791 3347/5061 3367/5064 3366/4796
f 3347/5061 3353/5063 3374/5065 3367/5064
f 3621/5066 3372/4799 3348/4798 3587/785
f 3352/5067 3350/5062 3349/5042 3351/5043
f 3350/5062 3352/5067 3354/5068 3353/5063
f 3359/5069 3352/5067 3351/5043 3357/5046
f 3363/5070 3354/5068 3352/5067 3359/5069
f 3353/5063 3354/5068 3375/5071 3374/5065
f 3354/5068 3363/5070 3409/5072 3375/5071
f 3355/5073 3356/5055 3361/5074 3358/5075
f 3603/5076 3361/5074 3356/5055 3597/5054
f 3357/5046 3358/5059 3360/5077 3359/5069
f 3362/5078 3360/5079 3358/5075 3361/5074
f 3359/5069 3360/5077 3364/5080 3363/5070
f 3360/5079 3362/5078 3365/5081 3364/5082
f 3604/5083 3362/5078 3361/5074 3603/5076
f 3610/5084 3365/5081 3362/5078 3604/5083
f 3363/5070 3364/5080 3410/5085 3409/5072
f 3364/5082 3365/5081 3411/5086 3410/5087
f 3651/5088 3411/5086 3365/5081 3610/5084
f 3366/4796 3367/5064 3370/5089 3368/4836
f 3376/5090 3370/5089 3367/5064 3374/5065
f 3371/5091 3369/4846 3368/4836 3370/5089
f 3369/4846 3371/5091 3384/5092 3382/4849
f 3377/5093 3371/5091 3370/5089 3376/5090
f 3371/5091 3377/5093 3397/5094 3384/5092
f 3381/5095 3373/4841 3372/4799 3621/5066
f 3373/4841 3381/5095 3405/5096 3385/4842
f 3374/5065 3375/5071 3379/5097 3376/5090
f 3412/5098 3379/5097 3375/5071 3409/5072
f 3378/5099 3377/5093 3376/5090 3379/5097
f 3377/5093 3378/5099 3398/5100 3397/5094
f 3378/5099 3380/5101 3402/5102 3398/5100
f 3378/5099 3379/5097 3412/5098 3380/5101
f 3403/5103 3402/790 3380/5104 3414/5105
f 3380/5101 3412/5098 3413/5106 3414/5107
f 3381/5095 3621/5066 3613/5108 3654/5109
f 3660/5110 3405/5096 3381/5095 3654/5109
f 3408/5111 3386/4851 3385/4842 3405/5096
f 3386/4851 3408/5111 3432/5112 3431/4853
f 3400/797 3393/791 3391/719 3399/789
f 3395/792 3394/726 3393/791 3400/797
f 3399/789 3402/790 3403/5103 3404/802
f 3401/796 3406/803 3645/807 3640/798
f 3406/803 3404/802 3403/5103 3407/804
f 3403/5103 3414/5105 3416/5113 3407/804
f 3661/5114 3408/5111 3405/5096 3660/5110
f 3647/809 3645/807 3406/803 3646/805
f 3407/5115 3416/5116 3656/5117 3646/5118
f 3692/5119 3432/5112 3408/5111 3661/5114
f 3409/5072 3410/5085 3413/5106 3412/5098
f 3410/5087 3411/5086 3415/5120 3413/5121
f 3655/5122 3415/5120 3411/5086 3651/5088
f 3416/5116 3414/5123 3413/5121 3415/5120
f 3656/5117 3416/5116 3415/5120 3655/5122
f 3417/5001 3433/5000 3446/5124 3445/5125
f 3447/5126 3419/5127 3417/5001 3445/5125
f 3418/5002 3420/5003 3428/5128 3427/5129
f 3429/5130 3421/5005 3418/5002 3427/5129
f 3428/5131 3420/5004 3419/4998 3447/5132
f 3430/5133 3422/5012 3421/5005 3429/5130
f 3426/5134 3425/5013 3422/5012 3430/5133
f 3423/5014 3425/5015 3426/5135 3438/812
f 3487/5030 3424/5008 3423/5009 3438/5136
f 3426/5134 3430/5133 3456/5137 3455/5138
f 3491/810 3438/812 3426/5135 3455/5139
f 3427/5129 3428/5128 3449/5140 3451/5141
f 3454/5142 3429/5130 3427/5129 3451/5141
f 3428/5131 3447/5132 3450/5143 3449/5144
f 3456/5137 3430/5133 3429/5130 3454/5142
f 3431/4853 3432/5112 3469/5145 3448/4944
f 3704/5146 3469/5145 3432/5112 3692/5119
f 3433/5000 3434/5006 3435/5023 3446/5124
f 3452/5147 3446/5124 3435/5023 3459/5148
f 3435/5023 3440/5024 3457/5149 3459/5148
f 3443/5150 3442/5026 3436/5029 3460/815
f 3436/5029 3437/5028 3489/5151 3460/815
f 3437/5028 3487/5030 3491/5152 3489/5151
f 3457/5149 3440/5024 3439/5025 3458/5153
f 3441/5027 3442/5026 3443/5150 3444/5154
f 3443/5150 3460/815 3461/814 3691/5155
f 3690/5156 3444/5154 3443/5150 3691/5155
f 3450/5143 3447/5132 3445/5157 3453/5158
f 3445/5125 3446/5124 3452/5147 3453/5159
f 3448/4944 3469/5145 3496/5160 3490/5016
f 3449/5144 3450/5143 3463/5161 3462/5162
f 3464/5163 3451/5141 3449/5140 3462/5164
f 3450/5165 3453/5166 3471/5167 3463/5168
f 3466/5169 3454/5142 3451/5141 3464/5163
f 3452/5147 3459/5148 3470/5170 3468/5171
f 3471/5172 3453/5159 3452/5147 3468/5171
f 3467/5173 3456/5137 3454/5142 3466/5169
f 3455/5138 3456/5137 3467/5173 3465/5174
f 3455/5139 3465/5175 3494/5176 3491/810
f 3470/5170 3459/5148 3457/5149 3688/5177
f 3457/5149 3458/5153 3689/5178 3688/5177
f 3495/5179 3472/813 3460/815 3489/5151
f 3697/5180 3691/5155 3461/814 3698/5181
f 3461/814 3472/813 3699/5182 3698/5181
f 3475/5183 3464/5163 3462/5164 3474/5184
f 3462/5162 3463/5161 3477/5185 3474/5186
f 3463/5168 3471/5167 3476/5187 3477/5188
f 3480/5189 3466/5169 3464/5163 3475/5183
f 3465/5174 3467/5173 3481/5190 3482/5191
f 3465/5175 3482/5192 3483/5193 3494/5176
f 3481/5190 3467/5173 3466/5169 3480/5189
f 3476/5187 3471/5167 3468/5194 3703/5195
f 3468/5194 3470/5196 3693/5197 3703/5195
f 3722/5198 3496/5160 3469/5145 3704/5146
f 3470/5196 3688/5199 3694/5200 3693/5197
f 3472/813 3495/5179 3473/5201 3699/5182
f 3473/5202 3495/5203 3494/5176 3483/5193
f 3710/5204 3699/5182 3473/5201 3712/5205
f 3473/5202 3483/5193 3711/5206 3712/5207
f 3479/5208 3475/5183 3474/5184 3478/5209
f 3474/5186 3477/5185 3706/5210 3478/5211
f 3475/5183 3479/5208 3484/5212 3480/5189
f 3706/5213 3477/5188 3476/5187 3707/5214
f 3476/5187 3703/5195 3708/5215 3707/5214
f 3737/5216 3479/5208 3478/5209 3736/5217
f 3478/5211 3706/5210 3738/5218 3736/5219
f 3734/5220 3484/5212 3479/5208 3737/5216
f 3485/5221 3481/5190 3480/5189 3484/5212
f 3486/5222 3482/5191 3481/5190 3485/5221
f 3711/5206 3483/5193 3482/5192 3486/5223
f 3741/5224 3485/5221 3484/5212 3734/5220
f 3742/5225 3486/5222 3485/5221 3741/5224
f 3744/5226 3711/5206 3486/5223 3742/5227
f 3488/4979 3490/5016 3493/5228 3492/5035
f 3489/5151 3491/5152 3494/5229 3495/5179
f 3723/5230 3493/5228 3490/5016 3496/5160
f 3492/5035 3493/5228 3875/5231 3516/5036
f 3493/5228 3723/5230 3877/5232 3875/5231
f 3496/5160 3722/5198 3821/5233 3723/5230
f 3497/4869 3498/4868 3500/5234 3499/5235
f 3502/4873 3500/5234 3498/4868 3501/4870
f 3499/5235 3500/5234 3505/5236 3504/2365
f 3500/5234 3502/4873 3508/5237 3505/5236
f 3502/4873 3503/4874 3509/5238 3508/5237
f 3514/5239 3509/5238 3503/4874 3511/4875
f 3504/2365 3505/5236 3507/5240 3506/2362
f 3510/5241 3507/5240 3505/5236 3508/5237
f 3506/2367 3507/5242 3843/5243 3842/2366
f 3507/5242 3510/5244 3844/5245 3843/5243
f 3508/5237 3509/5238 3839/5246 3510/5241
f 3509/5238 3514/5239 3840/5247 3839/5246
f 3510/5244 3839/5248 3851/5249 3844/5245
f 3511/4875 3512/5033 3515/5250 3514/5239
f 3512/5033 3513/5034 3838/5251 3515/5250
f 3513/5034 3516/5036 3876/5252 3838/5251
f 3514/5239 3515/5250 3841/5253 3840/5247
f 3515/5250 3838/5251 3880/5254 3841/5253
f 3516/5036 3875/5231 3878/5255 3876/5252
f 3528/5256 3524/4753 3517/681 3527/4727
f 3518/624 3519/4751 3522/5257 3521/622
f 3525/5258 3522/5257 3519/4751 3524/4753
f 3521/622 3522/5257 3523/818 3559/817
f 3526/5259 3523/5260 3522/5261 3525/5262
f 3523/5260 3526/5259 3565/5263 3560/5264
f 3533/5265 3525/5262 3524/5266 3528/5267
f 3536/5268 3526/5259 3525/5262 3533/5265
f 3526/5259 3536/5268 3581/5269 3565/5263
f 3530/5270 3528/5256 3527/4727 3529/4773
f 3528/5267 3530/5271 3534/5272 3533/5265
f 3532/5273 3530/5270 3529/4773 3531/4776
f 3530/5271 3532/5274 3535/5275 3534/5272
f 3540/5276 3532/5274 3531/5277 3539/5278
f 3544/5279 3535/5275 3532/5274 3540/5276
f 3533/5265 3534/5272 3537/5280 3536/5268
f 3534/5272 3535/5275 3538/5281 3537/5280
f 3549/5282 3538/5281 3535/5275 3544/5279
f 3536/5268 3537/5280 3582/5283 3581/5269
f 3537/5280 3538/5281 3585/5284 3582/5283
f 3538/5281 3549/5282 3615/5285 3585/5284
f 3542/5286 3540/5276 3539/5278 3541/5287
f 3540/5276 3542/5286 3546/5288 3544/5279
f 3545/5289 3542/5286 3541/5287 3543/5290
f 3542/5286 3545/5289 3547/5291 3546/5288
f 3552/4854 3545/5292 3543/698 3551/697
f 3544/5279 3546/5288 3550/5293 3549/5282
f 3555/824 3547/5291 3545/5289 3552/5294
f 3546/5288 3547/5291 3548/5295 3550/5293
f 3556/823 3548/5295 3547/5291 3555/824
f 3617/5296 3550/5293 3548/5295 3618/5297
f 3548/5295 3556/823 3635/825 3618/5297
f 3549/5282 3550/5293 3617/5296 3615/5285
f 3552/4854 3553/722 3634/5298 3555/5299
f 3553/722 3554/721 3633/724 3634/5298
f 3566/5300 3564/5301 3560/5264 3565/5263
f 3561/620 3563/645 3569/781 3568/630
f 3570/5302 3563/645 3562/644 3564/820
f 3571/828 3569/781 3563/645 3570/5302
f 3564/5303 3566/5304 3579/5305 3570/5306
f 3583/5307 3566/5300 3565/5263 3581/5269
f 3588/5308 3579/5309 3566/5300 3583/5307
f 3567/627 3568/630 3569/781 3572/780
f 3580/5310 3571/5311 3570/5306 3579/5305
f 3577/5312 3576/5313 3571/5311 3580/5310
f 3573/5057 3574/5314 3598/5315 3597/5054
f 3574/5314 3575/5316 3578/5317 3598/5315
f 3575/5318 3576/5313 3577/5312 3578/5319
f 3577/5312 3580/5310 3590/5320 3591/5321
f 3606/5322 3578/5319 3577/5312 3591/5321
f 3605/5323 3598/5315 3578/5317 3606/5324
f 3590/5320 3580/5310 3579/5305 3588/5325
f 3581/5269 3582/5283 3584/5326 3583/5307
f 3586/5327 3584/5326 3582/5283 3585/5284
f 3583/5307 3584/5326 3589/5328 3588/5308
f 3584/5326 3586/5327 3594/5329 3589/5328
f 3616/5330 3586/5327 3585/5284 3615/5285
f 3623/5331 3594/5329 3586/5327 3616/5330
f 3587/785 3609/786 3613/5108 3621/5066
f 3588/5325 3589/5332 3592/5333 3590/5320
f 3595/5334 3592/5333 3589/5332 3594/5335
f 3593/5336 3591/5321 3590/5320 3592/5333
f 3591/5321 3593/5336 3608/5337 3606/5322
f 3596/5338 3593/5336 3592/5333 3595/5334
f 3593/5336 3596/5338 3612/5339 3608/5337
f 3624/5340 3595/5334 3594/5335 3623/5341
f 3625/5342 3596/5338 3595/5334 3624/5340
f 3653/5343 3612/5339 3596/5338 3625/5342
f 3597/5054 3598/5315 3605/5323 3603/5076
f 3599/783 3602/653 3614/652 3609/786
f 3600/784 3601/4560 3662/647 3602/653
f 3607/5344 3604/5083 3603/5076 3605/5323
f 3604/5083 3607/5344 3611/5345 3610/5084
f 3605/5323 3606/5324 3608/5346 3607/5344
f 3607/5344 3608/5346 3612/5347 3611/5345
f 3663/830 3613/5108 3609/786 3614/652
f 3610/5084 3611/5345 3652/5348 3651/5088
f 3611/5345 3612/5347 3653/5349 3652/5348
f 3669/5350 3654/5109 3613/5108 3663/830
f 3619/5351 3616/5330 3615/5285 3617/5296
f 3616/5330 3619/5351 3626/5352 3623/5331
f 3617/5296 3618/5297 3620/5353 3619/5351
f 3639/827 3620/5353 3618/5297 3635/825
f 3619/5351 3620/5353 3627/5354 3626/5352
f 3650/5355 3627/5354 3620/5353 3639/827
f 3630/5356 3631/5357 3622/5358 3659/5359
f 3622/5360 3648/5361 3647/5362 3657/5363
f 3622/5358 3631/5357 3649/833 3648/832
f 3622/5360 3657/5363 3658/5364 3659/5365
f 3629/5366 3624/5340 3623/5341 3626/5367
f 3630/5356 3625/5342 3624/5340 3629/5366
f 3659/5359 3653/5343 3625/5342 3630/5356
f 3626/5367 3627/5368 3628/5369 3629/5366
f 3644/834 3628/5369 3627/5368 3650/5370
f 3628/5369 3631/5357 3630/5356 3629/5366
f 3649/833 3631/5357 3628/5369 3644/834
f 3638/836 3634/5298 3633/724 3637/800
f 3637/800 3641/801 3643/5371 3642/835
f 3650/5355 3639/827 3638/826 3642/5372
f 3643/806 3641/799 3640/798 3645/807
f 3644/834 3650/5370 3642/5373 3643/831
f 3646/5118 3656/5117 3657/5363 3647/5362
f 3651/5088 3652/5348 3658/5364 3655/5122
f 3652/5348 3653/5349 3659/5365 3658/5364
f 3670/5374 3660/5110 3654/5109 3669/5350
f 3657/5363 3656/5117 3655/5122 3658/5364
f 3671/5375 3661/5114 3660/5110 3670/5374
f 3661/5114 3671/5375 3724/839 3692/5119
f 3663/830 3665/654 3672/5376 3669/5350
f 3664/646 3667/4570 3678/5377 3666/655
f 3665/654 3666/655 3668/5378 3672/5376
f 3666/655 3678/5377 3679/5379 3668/5378
f 3673/5380 3672/5376 3668/5378 3675/5381
f 3682/5382 3675/5381 3668/5378 3679/5379
f 3673/5380 3670/5374 3669/5350 3672/5376
f 3674/5383 3671/5375 3670/5374 3673/5380
f 3671/5375 3674/5383 3728/837 3724/839
f 3673/5380 3675/5381 3676/5384 3674/5383
f 3674/5383 3676/5384 3677/841 3728/837
f 3684/5385 3676/5386 3675/5387 3682/5388
f 3683/844 3677/843 3676/5386 3684/5385
f 3679/659 3681/658 3685/5389 3682/5388
f 3680/657 3919/4581 3924/5390 3920/660
f 3923/5391 3685/5389 3681/658 3920/660
f 3686/5392 3684/5385 3682/5388 3685/5389
f 3683/844 3684/5385 3686/5392 3829/5393
f 3827/5394 3826/845 3683/844 3829/5393
f 3925/5395 3686/5392 3685/5389 3923/5391
f 3830/5396 3829/5393 3686/5392 3925/5395
f 3713/5397 3695/769 3687/764 3700/5398
f 3688/5199 3689/5399 3695/5400 3694/5200
f 3690/5156 3691/5155 3697/5180 3696/5401
f 3725/838 3704/5146 3692/5119 3724/839
f 3708/5215 3703/5195 3693/5197 3705/5402
f 3693/5197 3694/5200 3714/5403 3705/5402
f 3694/5200 3695/5400 3713/5404 3714/5403
f 3696/5401 3697/5180 3702/5405 3701/5406
f 3697/5180 3698/5181 3709/5407 3702/5405
f 3698/5181 3699/5182 3710/5204 3709/5407
f 3715/5408 3713/5397 3700/5398 3720/5409
f 3701/5406 3702/5405 3719/5410 3717/5411
f 3702/5405 3709/5407 3718/5412 3719/5410
f 3750/5413 3722/5198 3704/5146 3725/838
f 3705/5402 3714/5403 3716/5414 3746/5415
f 3747/5416 3708/5215 3705/5402 3746/5415
f 3706/5213 3707/5214 3735/5417 3738/5418
f 3707/5214 3708/5215 3747/5416 3735/5417
f 3709/5407 3710/5204 3748/5419 3718/5412
f 3710/5204 3712/5205 3743/5420 3748/5419
f 3743/5420 3712/5205 3711/5421 3744/5422
f 3716/5414 3714/5403 3713/5404 3715/5423
f 3795/5424 3716/5414 3715/5423 3797/5425
f 3715/5408 3720/5409 3798/5426 3797/5427
f 3763/5428 3746/5415 3716/5414 3795/5424
f 3717/5411 3719/5410 3796/5429 3721/5430
f 3718/5412 3748/5419 3753/5431 3749/5432
f 3796/5429 3719/5410 3718/5412 3749/5432
f 3721/5430 3796/5429 3802/848 3799/847
f 3722/5198 3750/5413 3822/5433 3821/5233
f 3723/5230 3821/5233 3824/5434 3877/5232
f 3725/838 3728/837 3813/842 3750/5413
f 3730/5435 3729/5436 3726/5437 3770/5438
f 3738/5418 3735/5417 3726/5437 3729/5436
f 3726/5437 3735/5417 3747/5416 3727/5439
f 3726/5437 3727/5439 3769/5440 3770/5438
f 3727/5439 3747/5416 3746/5415 3763/5428
f 3727/5439 3763/5428 3771/5441 3769/5440
f 3729/5442 3730/5443 3731/5444 3755/5445
f 3736/5219 3738/5218 3729/5442 3755/5445
f 3732/5446 3731/5444 3730/5443 3772/5447
f 3730/5435 3770/5438 3773/852 3772/851
f 3731/5448 3732/5449 3733/5450 3756/5451
f 3754/5452 3755/5453 3731/5448 3756/5451
f 3732/5446 3772/5447 3775/5454 3774/5455
f 3776/5456 3733/5457 3732/5446 3774/5455
f 3757/857 3756/5451 3733/5450 3761/5458
f 3810/5459 3761/5460 3733/5461 3776/854
f 3734/5220 3739/859 3740/858 3741/5224
f 3734/5220 3737/5216 3754/5452 3739/859
f 3754/5452 3737/5216 3736/5217 3755/5453
f 3739/859 3754/5452 3756/5451 3757/857
f 3742/5225 3741/5224 3740/858 3745/5462
f 3758/5463 3745/5464 3740/5465 3757/5466
f 3752/5467 3744/5226 3742/5227 3745/5464
f 3743/5468 3744/5226 3752/5467 3751/5469
f 3753/5431 3748/5419 3743/5420 3751/5470
f 3759/5471 3752/5467 3745/5464 3758/5463
f 3749/5432 3753/5431 3800/5472 3801/5473
f 3802/848 3796/5429 3749/5432 3801/5473
f 3750/5413 3813/842 3823/5474 3822/5433
f 3751/5469 3752/5467 3759/5471 3760/5475
f 3800/5472 3753/5431 3751/5470 3760/5476
f 3757/5466 3761/5477 3762/5478 3758/5463
f 3812/5479 3759/5471 3758/5463 3762/5478
f 3806/5480 3760/5475 3759/5471 3812/5479
f 3808/5481 3800/5482 3760/5475 3806/5480
f 3809/5483 3762/5484 3761/5460 3810/5459
f 3762/5478 3809/5485 3811/5486 3812/5479
f 3763/5428 3795/5424 3765/5487 3771/5441
f 3782/5488 3765/5487 3764/5489 3766/5490
f 3795/5424 3797/5425 3764/5489 3765/5487
f 3764/862 3797/5427 3798/5426 3803/860
f 3783/5491 3771/5441 3765/5487 3782/5488
f 3768/5492 3767/5493 3766/861 3803/860
f 3766/5490 3767/5494 3784/868 3782/5488
f 3767/5495 3768/5496 3785/5497 3784/5498
f 3816/5499 3785/871 3768/5500 3805/5501
f 3773/852 3770/5438 3769/5440 3777/5502
f 3769/5440 3771/5441 3783/5491 3777/5502
f 3773/852 3777/5502 3786/5503 3779/873
f 3774/5455 3775/5454 3778/5504 3776/5456
f 3780/5505 3778/5504 3775/5454 3779/5506
f 3815/5507 3810/5459 3776/854 3819/856
f 3777/5502 3783/5491 3787/867 3786/5503
f 3778/855 3780/5508 3788/5509 3819/856
f 3790/5510 3780/5511 3779/5512 3786/5513
f 3791/5514 3788/5509 3780/5508 3790/5515
f 3781/5516 3788/5509 3791/5514 3789/5517
f 3781/5518 3814/5519 3811/5486 3815/5520
f 3781/5521 3789/5522 3818/5523 3814/5524
f 3819/856 3788/5509 3781/5516 3815/5507
f 3787/867 3783/5491 3782/5488 3784/868
f 3784/5498 3785/5497 3793/5525 3792/5526
f 3817/5527 3794/869 3785/871 3816/5499
f 3786/5513 3787/5528 3792/5526 3790/5510
f 3793/870 3794/869 3789/5522 3791/5529
f 3789/5522 3794/869 3817/5527 3818/5523
f 3790/5510 3792/5526 3793/5525 3791/5530
f 3798/5531 3799/5532 3805/865 3803/864
f 3807/5533 3801/5473 3800/5472 3808/5534
f 3804/849 3802/848 3801/5473 3807/5533
f 3817/5535 3816/5536 3804/5537 3807/5538
f 3806/5480 3812/5479 3811/5486 3814/5519
f 3806/5480 3814/5519 3818/5539 3808/5481
f 3807/5538 3808/5481 3818/5539 3817/5535
f 3809/5483 3810/5459 3815/5507 3811/5540
f 3813/5541 3820/846 3828/5542 3823/5543
f 3820/846 3826/845 3827/5394 3828/5542
f 3821/5233 3822/5433 3825/5544 3824/5434
f 3822/5433 3823/5474 3833/5545 3825/5544
f 3823/5543 3828/5542 3834/5546 3833/5547
f 3824/5434 3825/5544 3832/5548 3887/5549
f 3879/5550 3877/5232 3824/5434 3887/5549
f 3835/5551 3832/5552 3825/5553 3833/5547
f 3827/5394 3829/5393 3830/5396 3831/5554
f 3834/5546 3828/5542 3827/5394 3831/5554
f 3830/5396 3925/5395 3936/5555 3937/5556
f 3938/5557 3831/5554 3830/5396 3937/5556
f 3836/5558 3834/5546 3831/5554 3938/5557
f 3832/5552 3835/5551 3837/5559 3890/5560
f 3889/5561 3887/5549 3832/5548 3890/5562
f 3833/5547 3834/5546 3836/5558 3835/5551
f 3835/5551 3836/5558 3942/5563 3837/5559
f 3836/5558 3938/5557 3941/5564 3942/5563
f 3896/5565 3890/5560 3837/5559 3895/5566
f 3944/5567 3895/5566 3837/5559 3942/5563
f 3838/5251 3876/5252 3881/5568 3880/5254
f 3839/5248 3840/5569 3852/5570 3851/5249
f 3840/5569 3841/5571 3853/5572 3852/5570
f 3882/5573 3853/5572 3841/5571 3880/5574
f 3842/2366 3843/5243 3846/5575 3845/2724
f 3843/5243 3844/5245 3847/5576 3846/5575
f 3854/5577 3847/5576 3844/5245 3851/5249
f 3845/2724 3846/5575 3849/5578 3848/2726
f 3846/5575 3847/5576 3850/5579 3849/5578
f 3858/5580 3850/5579 3847/5576 3854/5577
f 3848/2726 3849/5578 3861/5581 3860/2729
f 3849/5578 3850/5579 3862/5582 3861/5581
f 3850/5579 3858/5580 3869/5583 3862/5582
f 3851/5249 3852/5570 3855/5584 3854/5577
f 3852/5570 3853/5572 3856/5585 3855/5584
f 3893/5586 3856/5585 3853/5572 3882/5573
f 3854/5577 3855/5584 3859/5587 3858/5580
f 3855/5584 3856/5585 3857/5588 3859/5587
f 3904/5589 3857/5588 3856/5585 3893/5586
f 3870/5590 3859/5587 3857/5588 3908/5591
f 3857/5588 3904/5589 3905/5592 3908/5591
f 3858/5580 3859/5587 3870/5590 3869/5583
f 3860/2729 3861/5581 3864/5593 3863/2738
f 3861/5581 3862/5582 3867/5594 3864/5593
f 3871/5595 3867/5594 3862/5582 3869/5583
f 3863/2738 3864/5593 3866/5596 3865/2742
f 3868/5597 3866/5596 3864/5593 3867/5594
f 3865/2742 3866/5596 4542/5598 4541/5599
f 3866/5596 3868/5597 4543/5600 4542/5598
f 3872/5601 3868/5597 3867/5594 3871/5595
f 3868/5597 3872/5601 4550/5602 4543/5600
f 3869/5583 3870/5590 3873/5603 3871/5595
f 3870/5590 3908/5591 3911/5604 3873/5603
f 3874/5605 3872/5601 3871/5595 3873/5603
f 3872/5601 3874/5605 4551/5606 4550/5602
f 3913/5607 3874/5605 3873/5603 3911/5604
f 3874/5605 3913/5607 4575/5608 4551/5606
f 3875/5231 3877/5232 3879/5550 3878/5255
f 3876/5252 3878/5255 3883/5609 3881/5568
f 3878/5255 3879/5550 3888/5610 3883/5609
f 3879/5550 3887/5549 3889/5561 3888/5610
f 3880/5574 3881/5611 3884/5612 3882/5573
f 3881/5611 3883/5613 3885/5614 3884/5612
f 3882/5573 3884/5612 3894/5615 3893/5586
f 3892/5616 3885/5614 3883/5613 3888/5617
f 3884/5612 3885/5614 3886/5618 3894/5615
f 3898/5619 3886/5618 3885/5614 3892/5616
f 3886/5618 3898/5619 3899/5620 3915/5621
f 3906/5622 3894/5615 3886/5618 3915/5621
f 3888/5617 3889/5623 3891/5624 3892/5616
f 3889/5625 3890/5560 3896/5565 3891/5626
f 3891/5626 3896/5565 3897/5627 3900/5628
f 3898/5619 3892/5616 3891/5624 3900/5629
f 3893/5586 3894/5615 3906/5622 3904/5589
f 3897/5627 3896/5565 3895/5566 3952/5630
f 3895/5566 3944/5567 3953/5631 3952/5630
f 3901/5632 3900/5628 3897/5627 3956/5633
f 3897/5627 3952/5630 3955/5634 3956/5633
f 3901/5635 3899/5620 3898/5619 3900/5629
f 3899/5620 3901/5635 3903/5636 3902/5637
f 3916/5638 3915/5621 3899/5620 3902/5637
f 3901/5632 3956/5633 3957/5639 3903/5640
f 3917/5641 3916/5638 3902/5637 3918/5642
f 3902/5637 3903/5636 4571/5643 3918/5642
f 3903/5640 3957/5639 4992/5644 4571/5645
f 3907/5646 3905/5592 3904/5589 3906/5622
f 3905/5592 3907/5646 3909/5647 3912/5648
f 3911/5604 3908/5591 3905/5592 3912/5648
f 3906/5622 3915/5621 3916/5638 3907/5646
f 3907/5646 3916/5638 3917/5641 3909/5647
f 3914/5649 3912/5648 3909/5647 3910/5650
f 4583/5651 3910/5650 3909/5647 3917/5641
f 4576/5652 3914/5649 3910/5650 4574/5653
f 4584/5654 4574/5653 3910/5650 4583/5651
f 3911/5604 3912/5648 3914/5649 3913/5607
f 3913/5607 3914/5649 4576/5652 4575/5608
f 3917/5641 3918/5642 4585/5655 4583/5651
f 3918/5642 4571/5643 4572/5656 4585/5655
f 3919/4581 3922/4659 3927/5657 3924/5390
f 3926/5658 3923/5391 3920/660 3924/5390
f 3930/5659 3922/4659 3921/4642 3929/4660
f 3933/5660 3927/5657 3922/4659 3930/5659
f 3936/5555 3925/5395 3923/5391 3926/5658
f 3928/5661 3926/5658 3924/5390 3927/5657
f 3926/5658 3928/5661 3939/5662 3936/5555
f 3934/5663 3928/5661 3927/5657 3933/5660
f 3928/5661 3934/5663 3945/5664 3939/5662
f 3932/5665 3930/5659 3929/4660 3931/4662
f 3930/5659 3932/5665 3935/5666 3933/5660
f 4715/5667 3932/5665 3931/4662 4713/4665
f 4724/5668 3935/5666 3932/5665 4715/5667
f 3947/5669 3934/5663 3933/5660 4726/5670
f 3933/5660 3935/5666 4725/5671 4726/5670
f 3948/5672 3945/5664 3934/5663 3947/5669
f 3935/5666 4724/5668 4727/5673 4725/5671
f 3940/5674 3937/5556 3936/5555 3939/5662
f 3941/5564 3938/5557 3937/5556 3940/5674
f 3946/5675 3940/5674 3939/5662 3945/5664
f 3943/5676 3941/5564 3940/5674 3946/5675
f 3944/5567 3942/5563 3941/5564 3943/5676
f 3943/5676 3946/5675 3950/5677 3949/5678
f 3953/5631 3944/5567 3943/5676 3949/5678
f 3950/5677 3946/5675 3945/5664 3948/5672
f 4833/5679 3948/5672 3947/5669 4832/5680
f 3947/5669 4726/5670 4834/5681 4832/5680
f 4837/5682 3950/5677 3948/5672 4833/5679
f 3949/5678 3951/5683 3954/5684 3953/5631
f 3949/5678 3950/5677 4837/5682 3951/5683
f 3951/5683 4837/5682 4838/5685 4839/5686
f 4988/5687 3954/5684 3951/5683 4839/5686
f 3952/5630 3953/5631 3954/5684 3955/5634
f 4989/5688 3955/5634 3954/5684 4988/5687
f 3957/5639 3956/5633 3955/5634 4989/5688
f 3957/5639 4989/5688 4991/5689 4992/5644
f 3987/5690 3959/4405 3958/4404 3980/4517
f 3961/5691 3960/4411 3959/4405 3987/5690
f 3960/4411 3961/5691 3963/5692 3962/4412
f 3988/5693 3963/5692 3961/5691 3991/5694
f 3961/5691 3987/5690 3989/5695 3991/5694
f 3962/4412 3963/5692 3965/4496 3964/4413
f 4011/5696 3965/4496 3963/5692 3988/5693
f 3968/5697 3966/4497 3965/4496 4011/5696
f 3969/5698 3967/4498 3966/4497 3968/5697
f 3967/4498 3969/5698 3971/5699 3970/4499
f 3968/5697 4011/5696 4012/5700 4014/5701
f 4015/5702 3969/5698 3968/5697 4014/5701
f 4018/5703 3971/5699 3969/5698 4015/5702
f 4021/4513 3972/4509 3971/4510 4018/5704
f 3973/5705 3976/5706 3974/5707 4309/5708
f 4099/5709 4111/5710 3973/5705 4311/5711
f 4117/5712 3976/5706 3973/5705 4111/5710
f 3973/5705 4309/5708 4308/5713 4311/5711
f 3974/5707 3976/5706 3977/5714 3975/5715
f 3974/5707 3975/5715 4091/5716 4312/5717
f 4310/5718 4309/5708 3974/5707 4312/5717
f 3975/5715 3977/5714 4088/5719 4090/5720
f 3975/5715 4090/5720 4092/5721 4091/5716
f 4119/5722 3977/5714 3976/5706 4117/5712
f 4249/5723 4088/5719 3977/5714 4119/5722
f 3981/5724 3979/5725 3978/5726 3983/5727
f 3982/5728 3980/5729 3979/5725 3981/5724
f 3980/4517 3982/5730 3989/5695 3987/5690
f 3981/5724 3983/5727 3984/5731 3986/5732
f 3985/5733 3982/5728 3981/5724 3986/5732
f 3982/5730 3985/5734 3990/5735 3989/5695
f 4004/5736 3986/5732 3984/5731 4005/5737
f 3996/5738 3990/5735 3985/5734 3997/5739
f 3985/5733 3986/5732 4004/5736 3997/5740
f 3988/5693 3991/5694 3993/5741 3992/5742
f 3988/5693 3992/5742 4012/5700 4011/5696
f 3993/5741 3991/5694 3989/5695 3990/5735
f 3994/5743 3993/5741 3990/5735 3996/5738
f 3992/5742 3993/5741 3994/5743 3995/5744
f 3992/5742 3995/5744 4013/5745 4012/5700
f 3994/5743 3996/5738 3999/5746 4000/5747
f 4032/5748 3995/5749 3994/5750 4000/5751
f 4029/5752 4013/5753 3995/5749 4032/5748
f 3996/5754 3997/5740 3998/5755 3999/5756
f 4006/5757 3998/5755 3997/5740 4004/5736
f 4001/5758 3999/5756 3998/5755 4009/5759
f 3998/5755 4006/5757 4010/5760 4009/5759
f 4002/5761 4000/5762 3999/5756 4001/5758
f 4000/5751 4002/5763 4033/5764 4032/5748
f 4003/5765 4002/5761 4001/5758 4050/5766
f 4001/5758 4009/5759 4049/5767 4050/5766
f 4002/5763 4003/5768 4035/5769 4033/5764
f 4003/5765 4050/5766 4052/5770 4051/5771
f 4061/5772 4035/5773 4003/5765 4051/5771
f 4004/5736 4005/5737 4007/5774 4006/5757
f 4006/5757 4007/5774 4008/5775 4010/5760
f 4055/5776 4010/5760 4008/5775 4370/5777
f 4009/5759 4010/5760 4055/5776 4049/5767
f 4017/5778 4014/5701 4012/5700 4013/5745
f 4030/5779 4017/5780 4013/5753 4029/5752
f 4016/5781 4015/5782 4014/5783 4017/5780
f 4015/5782 4016/5781 4023/5784 4018/5785
f 4024/5786 4023/5784 4016/5781 4038/5787
f 4016/5781 4017/5780 4030/5779 4038/5787
f 4025/5788 4021/4513 4018/5704 4023/5789
f 4019/4511 4020/4512 4022/5790 4138/4595
f 4020/4512 4021/4513 4025/5788 4022/5790
f 4022/5791 4025/5792 4027/5793 4026/5794
f 4141/5795 4138/4595 4022/5790 4026/5796
f 4023/5784 4024/5786 4027/5793 4025/5792
f 4024/5786 4038/5787 4040/5797 4039/5798
f 4042/5799 4027/5793 4024/5786 4039/5798
f 4026/5794 4027/5793 4042/5799 4028/5800
f 4026/5794 4028/5800 4143/5801 4141/5802
f 4028/5800 4042/5799 4043/5803 4153/5804
f 4154/5805 4143/5801 4028/5800 4153/5804
f 4031/5806 4030/5779 4029/5752 4034/5807
f 4029/5752 4032/5748 4033/5764 4034/5807
f 4040/5797 4038/5787 4030/5779 4031/5806
f 4031/5806 4034/5807 4037/5808 4036/5809
f 4031/5806 4036/5809 4044/5810 4040/5797
f 4037/5808 4034/5807 4033/5764 4035/5769
f 4062/5811 4037/5808 4035/5769 4061/5812
f 4045/5813 4044/5810 4036/5809 4063/5814
f 4036/5809 4037/5808 4062/5811 4063/5814
f 4039/5798 4041/5815 4043/5803 4042/5799
f 4039/5798 4040/5797 4044/5810 4041/5815
f 4041/5815 4044/5810 4045/5813 4047/5816
f 4046/5817 4043/5803 4041/5815 4047/5816
f 4155/5818 4153/5804 4043/5803 4046/5817
f 4045/5813 4063/5814 4065/5819 4072/5820
f 4074/5821 4047/5816 4045/5813 4072/5820
f 4046/5817 4047/5816 4074/5821 4048/5822
f 4046/5817 4048/5822 4160/5823 4155/5818
f 4048/5822 4074/5821 4075/5824 4238/5825
f 4239/5826 4160/5823 4048/5822 4238/5825
f 4052/5770 4050/5766 4049/5767 4054/5827
f 4056/5828 4054/5827 4049/5767 4055/5776
f 4051/5771 4052/5770 4053/5829 4093/5830
f 4066/5831 4061/5772 4051/5771 4093/5830
f 4052/5770 4054/5827 4057/5832 4053/5829
f 4053/5829 4057/5832 4059/5833 4058/5834
f 4094/5835 4093/5830 4053/5829 4058/5834
f 4054/5827 4056/5828 4372/5836 4057/5832
f 4055/5776 4370/5777 4371/5837 4056/5828
f 4056/5828 4371/5837 4373/5838 4372/5836
f 4374/5839 4059/5833 4057/5832 4372/5836
f 4058/5834 4059/5833 4060/5840 4096/5841
f 4095/5842 4094/5835 4058/5834 4096/5841
f 4376/5843 4060/5840 4059/5833 4374/5839
f 4097/5844 4096/5841 4060/5840 4324/5845
f 4517/5846 4324/5845 4060/5840 4376/5843
f 4064/5847 4062/5811 4061/5812 4066/5848
f 4065/5819 4063/5814 4062/5811 4064/5847
f 4064/5847 4066/5848 4067/5849 4068/5850
f 4076/5851 4065/5819 4064/5847 4068/5850
f 4073/5852 4072/5820 4065/5819 4076/5851
f 4066/5831 4093/5830 4094/5835 4067/5853
f 4079/5854 4068/5855 4067/5853 4081/5856
f 4067/5853 4094/5835 4095/5842 4081/5856
f 4077/5857 4076/5851 4068/5850 4079/5858
f 4071/5859 4070/5860 4069/5861 4089/5862
f 4069/5861 4070/5860 4075/5824 4073/5852
f 4069/5861 4073/5852 4076/5851 4077/5857
f 4069/5861 4077/5857 4084/875 4089/5862
f 4070/5860 4071/5859 4234/5863 4230/5864
f 4238/5825 4075/5824 4070/5860 4230/5864
f 4071/5859 4089/5862 4086/5865 4087/5866
f 4071/5859 4087/5866 4233/5867 4234/5863
f 4072/5820 4073/5852 4075/5824 4074/5821
f 4077/5857 4079/5858 4080/876 4084/875
f 4080/5868 4083/5869 4078/5870 4092/5871
f 4078/5870 4083/5869 4082/5872 4333/5873
f 4078/5874 4329/5875 4091/5716 4092/5721
f 4330/5876 4329/5877 4078/5870 4333/5873
f 4079/5854 4081/5856 4083/5869 4080/5868
f 4080/876 4092/5878 4090/5879 4085/874
f 4082/5872 4083/5869 4081/5856 4095/5842
f 4082/5872 4095/5842 4096/5841 4097/5844
f 4337/5880 4333/5873 4082/5872 4097/5844
f 4086/5865 4089/5862 4084/875 4085/874
f 4085/5881 4090/5720 4088/5719 4086/5882
f 4086/5882 4088/5719 4249/5723 4087/5883
f 4248/5884 4233/5885 4087/5883 4249/5723
f 4304/5886 4312/5717 4091/5716 4329/5875
f 4097/5844 4324/5845 4339/5887 4337/5880
f 4098/5888 4343/5889 4102/5890 4103/5891
f 4108/5892 4100/5893 4098/5888 4103/5891
f 4342/5894 4343/5889 4098/5888 4344/5895
f 4098/5888 4100/5893 4346/5896 4344/5895
f 4112/5897 4111/5710 4099/5709 4101/5898
f 4099/5709 4311/5711 4292/5899 4345/5900
f 4346/5896 4101/5898 4099/5709 4345/5900
f 4100/5893 4113/5901 4101/5898 4346/5896
f 4100/5893 4108/5892 4121/5902 4113/5901
f 4114/5903 4112/5897 4101/5898 4113/5901
f 4106/5904 4103/5891 4102/5890 4104/5905
f 4103/5891 4106/5904 4109/5906 4108/5892
f 4104/5905 4105/5907 4107/5908 4106/5904
f 4348/5909 4107/5908 4105/5907 4347/3449
f 4106/5904 4107/5908 4110/5910 4109/5906
f 4132/5911 4110/5910 4107/5908 4348/5909
f 4108/5892 4109/5906 4123/5912 4121/5902
f 4109/5906 4110/5910 4124/5913 4123/5912
f 4133/5914 4124/5913 4110/5910 4132/5911
f 4111/5710 4112/5897 4118/5915 4117/5712
f 4112/5897 4114/5903 4120/5916 4118/5915
f 4122/5917 4114/5903 4113/5901 4121/5902
f 4127/5918 4120/5916 4114/5903 4122/5917
f 4117/5712 4118/5915 4115/5919 4119/5722
f 4115/5919 4118/5915 4120/5916 4116/5920
f 4249/5723 4119/5722 4115/5919 4248/5884
f 4115/5919 4116/5920 4250/5921 4248/5884
f 4116/5920 4120/5916 4127/5918 4128/5922
f 4116/5920 4128/5922 4251/5923 4250/5921
f 4125/5924 4122/5917 4121/5902 4123/5912
f 4122/5917 4125/5924 4130/5925 4127/5918
f 4123/5912 4124/5913 4126/5926 4125/5924
f 4134/5927 4126/5926 4124/5913 4133/5914
f 4125/5924 4126/5926 4131/5928 4130/5925
f 4135/5929 4131/5928 4126/5926 4134/5927
f 4129/5930 4128/5922 4127/5918 4130/5925
f 4128/5922 4129/5930 4252/5931 4251/5923
f 4129/5930 4130/5925 4131/5928 4253/5932
f 4242/5933 4252/5931 4129/5930 4253/5932
f 4131/5928 4135/5929 4257/5934 4253/5932
f 4132/5911 4348/5909 4350/5935 4351/5936
f 4360/5937 4133/5914 4132/5911 4351/5936
f 4136/5938 4134/5927 4133/5914 4360/5937
f 4260/5939 4135/5929 4134/5927 4136/5938
f 4259/5940 4257/5934 4135/5929 4260/5939
f 4263/5941 4260/5939 4136/5938 4365/5942
f 4136/5943 4360/5944 4361/5945 4365/5946
f 4137/4594 4138/4595 4141/5795 4139/4598
f 4139/5947 4141/5802 4143/5801 4142/5948
f 4144/4605 4140/4597 4139/4598 4142/5949
f 4147/5950 4144/5951 4142/5948 4146/5952
f 4142/5948 4143/5801 4154/5805 4146/5952
f 4150/5953 4145/4604 4144/4605 4147/5954
f 4149/4619 4148/4603 4145/4604 4150/5953
f 4146/5952 4154/5805 4156/5955 4157/5956
f 4158/5957 4147/5950 4146/5952 4157/5956
f 4151/5958 4150/5953 4147/5954 4158/5959
f 4149/4619 4150/5953 4151/5958 4152/5960
f 4173/5961 4170/4618 4149/4619 4152/5960
f 4151/5962 4158/5957 4164/5963 4165/5964
f 4174/5965 4152/5966 4151/5962 4165/5964
f 4177/5967 4173/5961 4152/5960 4174/5968
f 4156/5955 4154/5805 4153/5804 4155/5818
f 4161/5969 4156/5955 4155/5818 4160/5823
f 4159/5970 4157/5956 4156/5955 4161/5969
f 4164/5963 4158/5957 4157/5956 4159/5970
f 4159/5970 4161/5969 4162/5971 4163/5972
f 4159/5970 4163/5972 4167/5973 4164/5963
f 4162/5971 4161/5969 4160/5823 4239/5826
f 4162/5971 4239/5826 4231/5974 4240/5975
f 4243/5976 4163/5972 4162/5971 4240/5975
f 4168/5977 4167/5973 4163/5972 4243/5976
f 4166/5978 4165/5964 4164/5963 4167/5973
f 4165/5964 4166/5978 4175/5979 4174/5965
f 4166/5978 4167/5973 4168/5977 4169/5980
f 4166/5978 4169/5980 4206/5981 4175/5979
f 4168/5977 4243/5976 4244/5982 4245/5983
f 4246/5984 4169/5980 4168/5977 4245/5983
f 4254/5985 4206/5981 4169/5980 4246/5984
f 4172/4622 4171/4617 4170/4618 4173/5961
f 4172/5986 4173/5987 4177/879 4176/5988
f 4181/4650 4179/4649 4172/5986 4176/5988
f 4174/5965 4175/5979 4205/877 4177/879
f 4207/5989 4205/877 4175/5979 4206/5981
f 4176/5988 4177/879 4178/878 4188/881
f 4189/5990 4181/4650 4176/5988 4188/881
f 4178/878 4205/877 4211/5991 4190/880
f 4185/5992 4183/4652 4180/4651 4184/5993
f 4180/4651 4181/4650 4189/5990 4184/5993
f 4182/4653 4183/4652 4185/5992 4186/4657
f 4194/5994 4185/5995 4184/882 4193/884
f 4196/5996 4186/5997 4185/5995 4194/5994
f 4204/5998 4187/4654 4186/4657 4196/5999
f 4381/6000 4379/4655 4187/4654 4204/5998
f 4199/6001 4189/6002 4188/6003 4191/6004
f 4188/6003 4190/6005 4208/6006 4191/6004
f 4210/6007 4208/6008 4190/6009 4211/6010
f 4191/6011 4192/6012 4200/890 4199/889
f 4209/6013 4192/6012 4191/6011 4208/6014
f 4213/6015 4200/890 4192/6012 4217/6016
f 4192/6017 4209/6018 4218/6019 4217/6020
f 4197/6021 4194/5994 4193/884 4195/6022
f 4198/6023 4196/5996 4194/5994 4197/6021
f 4195/6022 4199/885 4201/6024 4202/6025
f 4203/6026 4197/6021 4195/6022 4202/6025
f 4196/5996 4198/6023 4387/6027 4204/6028
f 4378/6029 4198/6023 4197/6021 4203/6026
f 4198/6023 4378/6029 4390/6030 4387/6027
f 4215/6031 4201/891 4200/890 4213/6015
f 4397/6032 4202/6033 4201/891 4215/6031
f 4401/6034 4203/6026 4202/6025 4397/6035
f 4402/6036 4378/6029 4203/6026 4401/6034
f 4388/6037 4381/6038 4204/6028 4387/6027
f 4205/877 4207/5989 4223/6039 4211/5991
f 4267/6040 4207/5989 4206/5981 4254/5985
f 4270/6041 4223/6039 4207/5989 4267/6040
f 4212/6042 4209/6018 4208/6043 4210/6044
f 4209/6018 4212/6042 4221/6045 4218/6019
f 4226/902 4212/6042 4210/6044 4224/903
f 4227/6046 4221/6045 4212/6042 4226/902
f 4213/6015 4217/6016 4214/6047 4216/6048
f 4398/6049 4215/6031 4213/6015 4216/6048
f 4214/909 4217/6020 4218/6019 4220/907
f 4403/6050 4216/6048 4214/6047 4219/6051
f 4399/6052 4397/6032 4215/6031 4398/6049
f 4404/6053 4398/6054 4216/6055 4403/6056
f 4222/6057 4220/907 4218/6019 4221/6045
f 4219/908 4220/907 4222/6057 4411/6058
f 4410/6059 4403/6056 4219/6060 4411/6061
f 4412/6062 4222/6057 4221/6045 4227/6046
f 4413/6063 4411/6058 4222/6057 4412/6062
f 4481/6064 4227/6046 4226/902 4480/906
f 4482/6065 4412/6062 4227/6046 4481/6064
f 4485/6066 4480/906 4229/901 4484/914
f 4236/6067 4231/5974 4230/5864 4234/5863
f 4239/5826 4238/5825 4230/5864 4231/5974
f 4232/6068 4240/5975 4231/5974 4236/6067
f 4232/6068 4236/6067 4235/6069 4237/6070
f 4232/6068 4237/6070 4241/6071 4244/5982
f 4243/5976 4240/5975 4232/6068 4244/5982
f 4236/6067 4234/5863 4233/5867 4235/6069
f 4233/5885 4248/5884 4250/5921 4235/6072
f 4235/6072 4250/5921 4251/5923 4237/6073
f 4237/6073 4251/5923 4252/5931 4241/6074
f 4241/6071 4252/6075 4242/6076 4247/6077
f 4245/5983 4244/5982 4241/6071 4247/6077
f 4255/6078 4247/6077 4242/6076 4258/6079
f 4242/5933 4253/5932 4257/5934 4258/6080
f 4255/6078 4246/5984 4245/5983 4247/6077
f 4256/6081 4254/5985 4246/5984 4255/6078
f 4254/5985 4256/6081 4268/6082 4267/6040
f 4255/6078 4258/6079 4261/6083 4256/6081
f 4256/6081 4261/6083 4262/6084 4268/6082
f 4261/6085 4258/6080 4257/5934 4259/5940
f 4262/6086 4261/6085 4259/5940 4264/6087
f 4259/5940 4260/5939 4263/5941 4264/6087
f 4262/6088 4264/6089 4265/6090 4276/6091
f 4269/6092 4268/6082 4262/6084 4276/6093
f 4265/6090 4264/6089 4263/6094 4368/6095
f 4263/6094 4365/5946 4366/6096 4368/6095
f 4277/6097 4276/6091 4265/6090 4266/6098
f 4265/6090 4368/6095 4369/6099 4266/6098
f 4530/6100 4277/6101 4266/6102 4654/6103
f 4266/6102 4369/6104 4653/6105 4654/6103
f 4267/6040 4268/6082 4269/6092 4270/6041
f 4273/6106 4270/6041 4269/6092 4275/6107
f 4269/6092 4276/6093 4277/6108 4275/6107
f 4272/912 4274/915 4852/6109 4851/6110
f 4856/6111 4484/6112 4272/6113 4851/6114
f 4273/6106 4275/6107 4532/6115 4528/6116
f 4852/6109 4274/915 4273/911 4528/6117
f 4275/6107 4277/6108 4530/6118 4532/6115
f 4301/6119 4279/6120 4278/3394 4298/3393
f 4278/3394 4279/6120 4318/6121 4317/3395
f 4314/6122 4280/6123 4279/6120 4301/6119
f 4279/6120 4280/6123 4319/6124 4318/6121
f 4316/6125 4281/6126 4280/6123 4314/6122
f 4280/6123 4281/6126 4320/6127 4319/6124
f 4323/6128 4320/6127 4281/6126 4321/6129
f 4281/6126 4316/6125 4335/6130 4321/6129
f 4290/6131 4283/6132 4282/3414 4289/3413
f 4282/3414 4283/6132 4297/6133 4296/3415
f 4293/6134 4284/6135 4283/6136 4290/6137
f 4283/6132 4284/6138 4300/6139 4297/6133
f 4303/6140 4300/6141 4284/6135 4302/6142
f 4284/6135 4293/6134 4307/6143 4302/6142
f 4288/6144 4286/6145 4285/6146 4287/6147
f 4290/6131 4289/3413 4285/3420 4286/6148
f 4286/6145 4288/6144 4292/5899 4291/6149
f 4293/6134 4290/6137 4286/6145 4291/6149
f 4341/6150 4288/6144 4287/6147 4340/6151
f 4345/5900 4292/5899 4288/6144 4341/6150
f 4307/6143 4293/6134 4291/6149 4308/5713
f 4291/6149 4292/5899 4311/5711 4308/5713
f 4294/3425 4296/3415 4297/6133 4295/6152
f 4301/6119 4298/3393 4294/3424 4295/6153
f 4295/6152 4297/6133 4300/6139 4299/6154
f 4314/6122 4301/6119 4295/6153 4299/6155
f 4299/6155 4300/6156 4303/6157 4313/6158
f 4316/6125 4314/6122 4299/6155 4313/6158
f 4306/6159 4303/6140 4302/6142 4305/6160
f 4310/5718 4305/6160 4302/6142 4307/6143
f 4315/6161 4313/6162 4303/6140 4306/6159
f 4306/6159 4305/6160 4304/5886 4332/6163
f 4310/5718 4312/5717 4304/5886 4305/6160
f 4304/6164 4329/5877 4330/5876 4332/6165
f 4331/6166 4315/6161 4306/6159 4332/6163
f 4307/6143 4308/5713 4309/5708 4310/5718
f 4335/6130 4316/6125 4313/6158 4315/6167
f 4315/6167 4331/6168 4336/6169 4335/6130
f 4321/6170 4322/6171 4327/6172 4323/6173
f 4336/6174 4322/6171 4321/6170 4335/6175
f 4322/6171 4326/6176 4328/6177 4327/6172
f 4338/6178 4326/6179 4322/6180 4336/6181
f 4325/6182 4339/5887 4324/5845 4517/5846
f 4328/6183 4326/6179 4325/6182 4518/6184
f 4325/6182 4326/6179 4338/6178 4339/5887
f 4325/6182 4517/5846 4516/6185 4518/6184
f 4331/6186 4332/6165 4330/5876 4334/6187
f 4330/5876 4333/5873 4337/5880 4334/6187
f 4338/6178 4336/6181 4331/6186 4334/6187
f 4334/6187 4337/5880 4339/5887 4338/6178
f 4340/6151 4342/5894 4344/5895 4341/6150
f 4341/6150 4344/5895 4346/5896 4345/5900
f 4350/5935 4348/5909 4347/3449 4349/3448
f 4353/6188 4350/6189 4349/3451 4352/3450
f 4357/6190 4351/6191 4350/6189 4353/6188
f 4351/6191 4357/6190 4361/5945 4360/5944
f 4355/6192 4353/6188 4352/3450 4354/3452
f 4353/6188 4355/6192 4358/6193 4357/6190
f 4354/3452 4356/3453 4359/6194 4355/6192
f 4363/6195 4358/6193 4355/6192 4359/6194
f 4622/6196 4359/6194 4356/3453 4619/3454
f 4357/6190 4358/6193 4362/6197 4361/5945
f 4364/6198 4362/6197 4358/6193 4363/6195
f 4628/6199 4363/6195 4359/6194 4622/6196
f 4366/6096 4365/5946 4361/5945 4362/6197
f 4362/6197 4364/6198 4367/6200 4366/6096
f 4627/6201 4364/6198 4363/6195 4628/6199
f 4651/6202 4367/6200 4364/6198 4627/6201
f 4369/6099 4368/6095 4366/6096 4367/6200
f 4653/6203 4369/6099 4367/6200 4651/6202
f 4372/5836 4373/5838 4377/6204 4374/5839
f 4375/6205 4376/5843 4374/5839 4377/6204
f 4517/5846 4376/5843 4375/6205 4516/6185
f 4423/6206 4390/6030 4378/6029 4402/6036
f 4382/6207 4380/4656 4379/4655 4381/6000
f 4385/6208 4383/4663 4380/4656 4382/6207
f 4389/6209 4382/6207 4381/6000 4388/6210
f 4392/6211 4385/6208 4382/6207 4389/6209
f 4386/6212 4384/4664 4383/4663 4385/6208
f 4384/4664 4386/6212 4714/6213 4713/4665
f 4393/6214 4386/6212 4385/6208 4392/6211
f 4386/6212 4393/6214 4717/6215 4714/6213
f 4391/918 4388/6037 4387/6027 4390/6030
f 4394/917 4389/6216 4388/6037 4391/918
f 4395/6217 4392/6211 4389/6209 4394/920
f 4425/6218 4391/6219 4390/6220 4423/6221
f 4396/6222 4393/6214 4392/6211 4395/6217
f 4393/6214 4396/6222 4719/6223 4717/6215
f 4439/6224 4395/6217 4394/920 4436/922
f 4440/6225 4396/6222 4395/6217 4439/6224
f 4396/6222 4440/6225 4741/6226 4719/6223
f 4397/6035 4399/6227 4400/6228 4401/6034
f 4406/6229 4399/6230 4398/6054 4404/6053
f 4407/6231 4400/6228 4399/6227 4406/6232
f 4402/6036 4401/6034 4400/6228 4405/6233
f 4408/6234 4405/6233 4400/6228 4407/6231
f 4402/6235 4405/6236 4424/6237 4423/6221
f 4414/929 4404/6053 4403/6056 4410/6059
f 4415/928 4406/6229 4404/6053 4414/929
f 4405/6233 4408/6234 4409/6238 4424/6239
f 4416/6240 4407/6241 4406/6229 4415/928
f 4419/6242 4408/6234 4407/6231 4416/6243
f 4420/6244 4409/6238 4408/6234 4419/6242
f 4428/6245 4424/6237 4409/6246 4469/6247
f 4409/6248 4420/6249 4470/6250 4469/6251
f 4410/6059 4411/6061 4413/6252 4417/6253
f 4418/927 4414/929 4410/6059 4417/6253
f 4483/6254 4413/6063 4412/6062 4482/6065
f 4489/6255 4417/6253 4413/6252 4483/6256
f 4421/6257 4416/6240 4415/928 4418/927
f 4422/6258 4419/6242 4416/6243 4421/6259
f 4490/6260 4418/927 4417/6253 4489/6255
f 4493/6261 4421/6257 4418/927 4490/6260
f 4473/6262 4420/6244 4419/6242 4422/6258
f 4474/6263 4470/6264 4420/6265 4473/6266
f 4492/6267 4422/6258 4421/6259 4493/6268
f 4495/6269 4473/6262 4422/6258 4492/6267
f 4423/6221 4424/6237 4428/6245 4425/6218
f 4429/931 4427/924 4425/923 4428/6270
f 4436/922 4426/921 4425/923 4437/925
f 4427/924 4429/931 4443/6271 4442/930
f 4428/6270 4469/6251 4430/932 4429/931
f 4429/6272 4431/6273 4448/6274 4443/6275
f 4430/932 4469/6251 4470/6250 4471/6276
f 4472/6277 4431/933 4430/932 4471/6276
f 4463/6278 4448/6274 4431/6273 4472/6279
f 4434/6280 4433/6281 4432/6282 4435/6283
f 4432/6284 4433/6285 4455/6286 4452/6287
f 4734/6288 4435/6283 4432/6282 4732/6289
f 4432/6282 4452/6290 4758/6291 4732/6289
f 4433/6281 4434/6280 4447/6292 4446/6293
f 4433/6294 4446/6295 4460/6296 4455/6297
f 4434/6280 4444/6298 4441/6299 4447/6292
f 4434/6280 4435/6283 4449/6300 4444/6298
f 4747/6301 4449/6300 4435/6283 4734/6288
f 4436/922 4438/926 4450/6302 4439/6224
f 4438/926 4442/930 4441/6303 4444/6304
f 4438/6305 4444/6298 4449/6300 4450/6306
f 4451/6307 4440/6225 4439/6224 4450/6302
f 4440/6225 4451/6307 4748/6308 4741/6226
f 4441/6303 4442/930 4443/6271 4445/6309
f 4446/6310 4447/6311 4441/6303 4445/6309
f 4459/6312 4445/6313 4443/6275 4448/6274
f 4460/6296 4446/6295 4445/6313 4459/6312
f 4461/6314 4459/6312 4448/6274 4463/6278
f 4451/6315 4450/6306 4449/6300 4747/6301
f 4451/6315 4747/6301 4746/6316 4748/6317
f 4456/6318 4453/6319 4452/6320 4455/6297
f 4452/6321 4453/6322 4519/6323 4758/6324
f 4457/6325 4454/936 4453/6319 4456/6318
f 4453/6322 4454/6326 4520/6327 4519/6323
f 4454/936 4457/6325 4458/6328 4760/934
f 4462/6329 4456/6318 4455/6297 4460/6296
f 4464/937 4457/6325 4456/6318 4462/6329
f 4468/6330 4458/6328 4457/6325 4464/937
f 4761/6331 4760/6332 4458/6333 4762/6334
f 4458/6333 4468/6335 4854/6336 4762/6334
f 4462/6329 4460/6296 4459/6312 4461/6314
f 4464/937 4462/6329 4461/6314 4466/938
f 4461/6314 4463/6278 4465/6337 4466/938
f 4463/6278 4472/6279 4475/6338 4465/6337
f 4464/6339 4467/6340 4486/6341 4468/6335
f 4467/939 4466/938 4465/6337 4478/6342
f 4465/6337 4475/6338 4479/6343 4478/6342
f 4467/6340 4478/6344 4499/6345 4486/6341
f 4468/6335 4486/6341 4862/6346 4854/6336
f 4476/6347 4471/6348 4470/6264 4474/6263
f 4475/6338 4472/6279 4471/6349 4476/6350
f 4494/6351 4474/6263 4473/6266 4495/6352
f 4477/6353 4476/6347 4474/6263 4494/6351
f 4475/6338 4476/6350 4477/6354 4479/6343
f 4498/6355 4479/6356 4477/6353 4500/6357
f 4477/6353 4494/6351 4501/6358 4500/6357
f 4478/6342 4479/6343 4498/6359 4499/6360
f 4487/6361 4481/6064 4480/906 4485/6066
f 4491/6362 4482/6065 4481/6064 4487/6361
f 4502/6363 4483/6254 4482/6065 4491/6362
f 4503/6364 4489/6255 4483/6256 4502/6365
f 4488/6366 4485/6066 4484/914 4856/6367
f 4504/6368 4487/6361 4485/6066 4488/6366
f 4486/6341 4499/6345 4863/6369 4862/6346
f 4505/6370 4491/6362 4487/6361 4504/6368
f 4488/6371 4856/6111 4858/6372 4875/6373
f 4876/6374 4504/6375 4488/6371 4875/6373
f 4496/6376 4490/6260 4489/6255 4503/6364
f 4497/6377 4493/6261 4490/6260 4496/6376
f 4507/6378 4502/6363 4491/6362 4505/6370
f 4492/6267 4493/6268 4497/6379 4508/6380
f 4509/6381 4495/6269 4492/6267 4508/6380
f 4494/6351 4495/6352 4509/6382 4501/6358
f 4496/6376 4503/6364 4506/6383 4513/6384
f 4515/6385 4497/6377 4496/6376 4513/6384
f 4514/6386 4508/6380 4497/6379 4515/6387
f 4498/6355 4500/6357 4510/6388 4867/6389
f 4863/6369 4499/6345 4498/6355 4867/6389
f 4500/6357 4501/6358 4511/6390 4510/6388
f 4501/6358 4509/6382 4512/6391 4511/6390
f 4506/6383 4503/6364 4502/6365 4507/6392
f 4877/6393 4505/6394 4504/6375 4876/6374
f 4920/6395 4507/6396 4505/6394 4877/6393
f 4506/6397 4507/6396 4920/6395 4921/6398
f 4922/6399 4513/6400 4506/6401 4921/6402
f 4512/6403 4509/6381 4508/6380 4514/6386
f 4868/6404 4867/6389 4510/6388 4915/6405
f 4510/6388 4511/6390 4919/6406 4915/6405
f 4511/6390 4512/6391 4923/6407 4919/6406
f 4512/6408 4514/6409 4924/6410 4923/6411
f 4925/6412 4515/6385 4513/6384 4922/6413
f 4514/6409 4515/6414 4925/6415 4924/6410
f 4519/6323 4520/6327 4522/6416 4521/6417
f 4759/6418 4758/6324 4519/6323 4521/6417
f 4761/6331 4522/6419 4520/6420 4760/6332
f 4521/6417 4524/6421 4523/6422 4759/6418
f 4521/6417 4522/6416 4526/6423 4524/6421
f 4763/6424 4526/6425 4522/6426 4761/6427
f 4523/6422 4524/6421 4525/6428 4737/6429
f 4733/6430 4759/6431 4523/6432 4736/6433
f 4738/6434 4736/6433 4523/6432 4737/6435
f 4527/6436 4525/6428 4524/6421 4526/6423
f 4749/6437 4737/6429 4525/6428 4765/6438
f 4525/6428 4527/6436 4766/6439 4765/6438
f 4773/6440 4527/6441 4526/6425 4763/6424
f 4768/940 4766/942 4527/6441 4773/6440
f 4533/6442 4529/6443 4528/6116 4532/6115
f 4528/6444 4529/6445 4859/944 4852/6446
f 4529/6443 4533/6442 4534/6447 4888/6448
f 4887/6449 4859/6450 4529/6443 4888/6448
f 4533/6442 4532/6115 4530/6118 4531/6451
f 4530/6100 4654/6103 4661/6452 4531/6453
f 4534/6447 4533/6442 4531/6451 4536/6454
f 4662/6455 4536/6456 4531/6453 4661/6452
f 4534/6447 4536/6454 4664/6457 4535/6458
f 4891/6459 4888/6448 4534/6447 4535/6458
f 4674/6460 4537/6461 4535/6458 4664/6457
f 4535/6458 4537/6461 4981/6462 4891/6459
f 4536/6456 4662/6455 4663/6463 4664/6464
f 4675/6465 4538/6466 4537/6461 4674/6460
f 4537/6461 4538/6466 4986/6467 4981/6462
f 4678/6468 4539/6469 4538/6466 4675/6465
f 4538/6466 4539/6469 4987/6470 4986/6467
f 4679/6471 4540/6472 4539/6469 4678/6468
f 4539/6469 4540/6472 4984/6473 4987/6470
f 4709/6474 4596/6475 4540/6472 4679/6471
f 4540/6472 4596/6475 4985/6476 4984/6473
f 4541/5599 4542/5598 4545/6477 4544/6478
f 4542/5598 4543/5600 4548/6479 4545/6477
f 4552/6480 4548/6479 4543/5600 4550/5602
f 4544/3872 4545/6481 4547/6482 4546/3875
f 4549/6483 4547/6484 4545/6477 4548/6479
f 4546/3875 4547/6482 4557/6485 4556/3876
f 4547/6484 4549/6483 4558/6486 4557/6487
f 4553/6488 4549/6483 4548/6479 4552/6480
f 4549/6483 4553/6488 4564/6489 4558/6486
f 4550/5602 4551/5606 4554/6490 4552/6480
f 4577/6491 4554/6490 4551/5606 4575/5608
f 4555/6492 4553/6488 4552/6480 4554/6490
f 4553/6488 4555/6492 4565/6493 4564/6489
f 4578/6494 4555/6492 4554/6490 4577/6491
f 4606/6495 4565/6493 4555/6492 4578/6494
f 4556/3876 4557/6485 4560/6496 4559/3886
f 4557/6485 4558/6497 4562/6498 4560/6496
f 4568/6499 4562/6500 4558/6486 4564/6489
f 4563/6501 4561/3887 4559/3886 4560/6496
f 4560/6496 4562/6498 4569/6502 4563/6501
f 4561/3887 4563/6501 4694/6503 4693/3888
f 4562/6500 4568/6499 4566/6504 4569/6505
f 4563/6501 4569/6502 4696/6506 4694/6503
f 4564/6489 4565/6493 4570/6507 4568/6499
f 4607/947 4570/6507 4565/6493 4606/6495
f 4566/6504 4568/6499 4570/6507 4567/6508
f 4696/6509 4569/6510 4566/6511 4698/6512
f 4566/6511 4567/6513 4711/6514 4698/6512
f 4567/6508 4570/6507 4607/947 4609/946
f 4567/6513 4609/6515 4610/6516 4711/6514
f 4997/6517 4572/6518 4571/5645 4992/5644
f 4573/6519 4590/6520 4572/6518 4997/6517
f 4586/6521 4585/5655 4572/5656 4590/6522
f 4591/6523 4590/6520 4573/6519 4593/6524
f 4592/6525 4593/6524 4573/6519 4998/6526
f 4573/6519 4997/6517 4996/6527 4998/6526
f 4579/6528 4576/5652 4574/5653 4580/6529
f 4587/6530 4580/6529 4574/5653 4584/5654
f 4575/5608 4576/5652 4579/6528 4577/6491
f 4581/6531 4578/6494 4577/6491 4579/6528
f 4578/6494 4581/6531 4608/6532 4606/6495
f 4579/6528 4580/6529 4582/6533 4581/6531
f 4589/949 4582/6533 4580/6529 4587/6530
f 4581/6531 4582/6533 4603/6534 4608/6532
f 4582/6533 4589/949 4615/951 4603/6534
f 4586/6521 4584/5654 4583/5651 4585/5655
f 4584/5654 4586/6521 4588/6535 4587/6530
f 4586/6521 4590/6522 4591/6536 4588/6535
f 4587/6530 4588/6535 4614/950 4589/949
f 4588/6535 4591/6536 4613/6537 4614/950
f 4591/6523 4593/6524 4594/6538 4613/6539
f 4594/6538 4593/6524 4592/6525 4602/6540
f 4601/6541 4602/6540 4592/6525 5002/6542
f 4592/6525 4998/6526 5000/6543 5002/6542
f 4594/6538 4602/6540 4600/6544 4618/6545
f 4617/6546 4613/6539 4594/6538 4618/6545
f 4595/6547 4597/6548 4598/6549 4601/6541
f 4595/6547 4596/6475 4709/6474 4597/6548
f 4985/6476 4596/6475 4595/6547 5001/6550
f 4595/6547 4601/6541 5002/6542 5001/6550
f 4708/6551 4707/6552 4597/6553 4709/6554
f 4710/6555 4598/6556 4597/6553 4707/6552
f 4599/6557 4600/6558 4598/6556 4710/6555
f 4602/6540 4601/6541 4598/6549 4600/6544
f 4610/6516 4612/6559 4599/6557 4702/6560
f 4618/6561 4600/6558 4599/6557 4612/6559
f 4599/6557 4710/6555 4703/6562 4702/6560
f 4604/948 4608/6532 4603/6534 4605/6563
f 4616/952 4605/6563 4603/6534 4615/951
f 4604/948 4607/947 4606/6495 4608/6532
f 4611/6564 4609/946 4604/948 4605/6563
f 4617/6565 4611/6564 4605/6563 4616/952
f 4612/6559 4610/6516 4609/6515 4611/6566
f 4712/6567 4711/6514 4610/6516 4702/6560
f 4618/6568 4612/6569 4611/6564 4617/6565
f 4616/952 4614/950 4613/6537 4617/6565
f 4619/3454 4620/3943 4623/6570 4622/6196
f 4620/3943 4621/3944 4624/6571 4623/6570
f 4626/6572 4624/6573 4621/6574 4625/6575
f 4622/6196 4623/6570 4629/6576 4628/6199
f 4623/6570 4624/6571 4630/6577 4629/6576
f 4624/6573 4626/6572 4633/6578 4630/6579
f 4642/6580 4626/6572 4625/6575 4641/6581
f 4634/6582 4633/6578 4626/6572 4642/6580
f 4627/6201 4628/6199 4629/6576 4631/6583
f 4627/6584 4631/6585 4652/6586 4651/6587
f 4629/6588 4630/6579 4632/6589 4631/6585
f 4635/6590 4632/6589 4630/6579 4633/6578
f 4631/6585 4632/6589 4658/6591 4652/6586
f 4632/6589 4635/6590 4659/6592 4658/6591
f 4633/6578 4634/6582 4636/6593 4635/6590
f 4637/6594 4636/6593 4634/6582 4649/6595
f 4634/6582 4642/6580 4644/6596 4649/6595
f 4635/6590 4636/6593 4660/6597 4659/6592
f 4636/6593 4637/6594 4665/6598 4660/6597
f 4637/6594 4649/6595 4650/6599 4639/6600
f 4637/6594 4639/6600 4669/6601 4665/6598
f 4639/6600 4650/6599 4638/6602 4640/6603
f 4647/6604 4648/6605 4638/6602 4650/6599
f 4638/6602 4648/6605 4681/6606 4686/6607
f 4687/6608 4640/6603 4638/6602 4686/6607
f 4639/6600 4640/6603 4668/6609 4669/6601
f 4704/6610 4668/6609 4640/6603 4687/6608
f 4644/6596 4642/6580 4641/6581 4643/6611
f 4647/6604 4644/6596 4643/6611 4645/6612
f 4650/6599 4649/6595 4644/6596 4647/6604
f 4645/6612 4646/6613 4648/6605 4647/6604
f 4681/6606 4648/6605 4646/6613 4680/6614
f 4651/6587 4652/6586 4655/6615 4653/6105
f 4656/6616 4655/6615 4652/6586 4658/6591
f 4661/6452 4654/6103 4653/6105 4655/6615
f 4662/6455 4661/6452 4655/6615 4656/6616
f 4656/6616 4658/6591 4659/6592 4657/6617
f 4663/6463 4662/6455 4656/6616 4657/6617
f 4657/6617 4659/6592 4660/6597 4666/6618
f 4672/6619 4663/6463 4657/6617 4666/6618
f 4660/6597 4665/6598 4667/6620 4666/6618
f 4674/6621 4664/6464 4663/6463 4672/6619
f 4670/6622 4667/6620 4665/6598 4669/6601
f 4666/6618 4667/6620 4673/6623 4672/6619
f 4667/6620 4670/6622 4676/6624 4673/6623
f 4670/6622 4669/6601 4668/6609 4671/6625
f 4705/6626 4671/6625 4668/6609 4704/6610
f 4670/6622 4671/6625 4677/6627 4676/6624
f 4708/6551 4677/6627 4671/6625 4705/6626
f 4675/6628 4674/6621 4672/6619 4673/6623
f 4678/6629 4675/6628 4673/6623 4676/6624
f 4679/6630 4678/6629 4676/6624 4677/6627
f 4709/6554 4679/6630 4677/6627 4708/6551
f 4685/6631 4681/6606 4680/6614 4683/6632
f 4689/6633 4686/6607 4681/6606 4685/6631
f 4685/6631 4683/6632 4682/6634 4684/6635
f 4695/6636 4684/6637 4682/3973 4692/3974
f 4689/6633 4685/6631 4684/6635 4688/6638
f 4697/6639 4688/6638 4684/6635 4695/6640
f 4690/6641 4687/6608 4686/6607 4689/6633
f 4687/6608 4690/6641 4706/6642 4704/6610
f 4690/6641 4689/6633 4688/6638 4691/6643
f 4699/6644 4691/6643 4688/6638 4697/6639
f 4690/6641 4691/6643 4701/6645 4706/6642
f 4691/6643 4699/6644 4712/6567 4701/6645
f 4692/3974 4693/3978 4694/6646 4695/6636
f 4697/6639 4695/6640 4694/6647 4696/6509
f 4696/6509 4698/6512 4699/6644 4697/6639
f 4712/6567 4699/6644 4698/6512 4711/6514
f 4700/6648 4706/6642 4701/6645 4703/6562
f 4700/6648 4705/6626 4704/6610 4706/6642
f 4700/6648 4707/6552 4708/6551 4705/6626
f 4710/6555 4707/6552 4700/6648 4703/6562
f 4702/6560 4703/6562 4701/6645 4712/6567
f 4713/4665 4714/6213 4716/6649 4715/5667
f 4718/6650 4716/6649 4714/6213 4717/6215
f 4715/5667 4716/6649 4721/953 4724/5668
f 4716/6649 4718/6650 4723/954 4721/953
f 4720/958 4718/6650 4717/6215 4719/6223
f 4718/6650 4720/958 4722/957 4723/954
f 4744/956 4720/958 4719/6223 4741/6226
f 4727/5673 4724/5668 4721/953 4728/955
f 4722/957 4744/956 4745/6651 4753/6652
f 4722/6653 4753/6654 4754/6655 4781/6656
f 4782/6657 4723/954 4722/957 4781/6658
f 4795/962 4728/955 4723/954 4782/6657
f 4725/5671 4727/5673 4730/6659 4729/6660
f 4834/5681 4726/5670 4725/5671 4729/6660
f 4727/5673 4728/955 4731/6661 4730/6659
f 4729/6660 4730/6659 4786/972 4785/6662
f 4729/6660 4785/6662 4835/6663 4834/5681
f 4730/6659 4731/6661 4784/973 4786/972
f 4732/6289 4733/6430 4735/6664 4734/6288
f 4732/6289 4758/6291 4759/6431 4733/6430
f 4733/6430 4736/6433 4739/6665 4735/6664
f 4734/6288 4735/6664 4746/6316 4747/6301
f 4735/6664 4739/6665 4742/6666 4746/6316
f 4736/6433 4738/6434 4740/6667 4739/6665
f 4750/6668 4738/6669 4737/6429 4749/6437
f 4751/6670 4740/6667 4738/6434 4750/6671
f 4739/6665 4740/6667 4743/6672 4742/6666
f 4756/976 4743/6673 4740/6674 4751/6675
f 4745/6651 4744/956 4741/6226 4748/6308
f 4748/6317 4746/6316 4742/6666 4745/6676
f 4753/6677 4745/6676 4742/6666 4743/6672
f 4754/6678 4753/6679 4743/6673 4756/976
f 4752/6680 4750/6681 4749/6682 4769/6683
f 4749/6684 4765/6685 4770/6686 4769/6687
f 4755/6688 4751/6675 4750/6681 4752/6680
f 4751/6675 4755/6688 4757/977 4756/976
f 4752/6680 4769/6683 4776/6689 4755/6688
f 4797/6690 4781/6656 4754/6655 4806/6691
f 4754/6678 4756/976 4804/978 4806/6692
f 4777/6693 4757/977 4755/6688 4776/6689
f 4757/977 4777/6693 4805/979 4804/978
f 4761/6331 4762/6334 4764/6694 4763/6695
f 4855/6696 4764/6694 4762/6334 4854/6336
f 4763/6695 4764/6694 4775/6697 4773/6698
f 4857/982 4775/6697 4764/6694 4855/6696
f 4765/6685 4766/942 4767/941 4770/6686
f 4771/6699 4770/6686 4767/941 4772/6700
f 4767/941 4768/940 4774/6701 4772/6700
f 4768/940 4773/6440 4775/6702 4774/6701
f 4769/6687 4770/6686 4771/6699 4776/6703
f 4777/6704 4776/6703 4771/6699 4778/6705
f 4771/6699 4772/6700 4780/6706 4778/6705
f 4772/6700 4774/6701 4779/6707 4780/6706
f 4774/6708 4775/6697 4857/982 4779/981
f 4777/6704 4778/6705 4807/6709 4805/6710
f 4778/6705 4780/6706 4783/6711 4807/6709
f 4783/6711 4780/6706 4779/6707 4870/6712
f 4798/6713 4782/6714 4781/6656 4797/6690
f 4808/6715 4807/6709 4783/6711 4893/6716
f 4783/6711 4870/6712 4871/6717 4893/6716
f 4803/6718 4787/6719 4784/968 4802/975
f 4785/6662 4786/972 4789/974 4841/6720
f 4842/6721 4835/6663 4785/6662 4841/6720
f 4814/6722 4788/6723 4787/6719 4803/6718
f 4791/6724 4790/6725 4788/6726 4814/6727
f 4789/974 4790/987 4793/6728 4794/6729
f 4843/6730 4841/6720 4789/974 4794/6729
f 4790/6725 4791/6724 4792/990 4793/989
f 4791/6724 4814/6727 4815/993 4818/992
f 4819/6731 4792/990 4791/6724 4818/992
f 4792/990 4819/6731 4896/6732 4883/988
f 4793/6733 4883/6734 4885/6735 4884/6736
f 4886/6737 4794/6729 4793/6728 4884/6738
f 4978/6739 4843/6730 4794/6729 4886/6737
f 4800/996 4796/959 4795/965 4798/964
f 4801/995 4799/970 4796/959 4800/996
f 4810/6740 4798/6713 4797/6690 4809/6741
f 4797/6690 4806/6691 4812/6742 4809/6741
f 4823/997 4800/996 4798/964 4810/6743
f 4799/967 4801/998 4816/6744 4802/975
f 4826/6745 4816/6744 4801/998 4825/1000
f 4817/6746 4803/6718 4802/975 4816/6744
f 4815/993 4814/6727 4803/6747 4817/6748
f 4812/6749 4806/6692 4804/978 4811/980
f 4805/6710 4807/6709 4808/6715 4811/6750
f 4813/6751 4811/6750 4808/6715 4894/6752
f 4808/6715 4893/6716 4895/6753 4894/6752
f 4809/6741 4812/6742 4827/6754 4828/6755
f 4829/6756 4810/6740 4809/6741 4828/6755
f 4830/6757 4823/997 4810/6743 4829/6758
f 4827/6759 4812/6749 4811/980 4813/6760
f 4813/6751 4894/6752 4937/6761 4936/6762
f 4938/6763 4827/6754 4813/6751 4936/6762
f 4815/993 4817/6748 4820/1003 4822/1001
f 4820/6764 4817/6746 4816/6744 4826/6745
f 4897/6765 4819/6731 4818/992 4821/991
f 4900/6766 4896/6732 4819/6731 4897/6765
f 4820/6764 4826/6745 4903/6767 4901/6768
f 4821/991 4822/1001 4902/6769 4897/6765
f 4822/1001 4901/1002 4904/1005 4902/6769
f 4831/6770 4824/994 4823/997 4830/6757
f 4949/6771 4825/1000 4824/999 4831/6772
f 4903/6767 4826/6745 4825/1000 4949/6771
f 4939/6773 4828/6755 4827/6754 4938/6763
f 4947/6774 4829/6756 4828/6755 4939/6773
f 4948/6775 4830/6776 4829/6777 4947/6778
f 4952/6779 4831/6780 4830/6776 4948/6775
f 4951/6781 4949/6771 4831/6772 4952/6782
f 4832/5680 4834/5681 4835/6663 4836/6783
f 4840/6784 4833/5679 4832/5680 4836/6783
f 4838/5685 4837/5682 4833/5679 4840/6784
f 4846/6785 4836/6783 4835/6663 4842/6721
f 4849/6786 4840/6784 4836/6783 4846/6785
f 4838/5685 4840/6784 4849/6786 4850/6787
f 4993/6788 4839/5686 4838/5685 4850/6787
f 4990/6789 4988/5687 4839/5686 4993/6788
f 4844/6790 4842/6721 4841/6720 4843/6730
f 4842/6721 4844/6790 4845/6791 4846/6785
f 4979/6792 4844/6790 4843/6730 4978/6739
f 4980/6793 4845/6791 4844/6790 4979/6792
f 4849/6786 4846/6785 4845/6791 4847/6794
f 4982/6795 4847/6794 4845/6791 4980/6793
f 4850/6787 4849/6786 4847/6794 4848/6796
f 4983/6797 4848/6796 4847/6794 4982/6795
f 4993/6788 4850/6787 4848/6796 4994/6798
f 4848/6796 4983/6797 4999/6799 4994/6798
f 4851/6114 4853/6800 4858/6372 4856/6111
f 4851/6801 4852/6446 4859/944 4853/943
f 4861/6802 4858/6372 4853/6800 4860/6803
f 4864/6804 4855/6696 4854/6336 4862/6346
f 4865/6805 4857/982 4855/6696 4864/6804
f 4857/982 4865/6805 4869/985 4870/983
f 4878/6806 4875/6373 4858/6372 4861/6802
f 4889/6807 4860/945 4859/944 4887/6808
f 4890/6809 4861/6802 4860/6803 4889/6810
f 4907/6811 4878/6806 4861/6802 4890/6809
f 4862/6346 4863/6369 4866/6812 4864/6804
f 4863/6369 4867/6389 4868/6404 4866/6812
f 4872/6813 4865/6805 4864/6804 4866/6812
f 4873/6814 4869/985 4865/6805 4872/6813
f 4866/6812 4868/6404 4916/6815 4872/6813
f 4868/6404 4915/6405 4926/6816 4916/6815
f 4874/6817 4871/984 4869/985 4873/6814
f 4895/6753 4893/6716 4871/6717 4874/6818
f 4917/6819 4873/6814 4872/6813 4916/6815
f 4918/6820 4874/6817 4873/6814 4917/6819
f 4940/6821 4895/6822 4874/6817 4918/6820
f 4879/6823 4876/6374 4875/6373 4878/6806
f 4880/6824 4877/6393 4876/6374 4879/6823
f 4877/6393 4880/6824 4971/6825 4920/6395
f 4909/6826 4879/6823 4878/6806 4907/6811
f 4977/6827 4880/6824 4879/6823 4909/6826
f 4973/6828 4971/6825 4880/6824 4977/6827
f 4881/6829 4884/6736 4885/6735 4882/6830
f 4881/6831 4891/6459 4886/6737 4884/6738
f 4881/6831 4887/6449 4888/6448 4891/6459
f 4889/6807 4887/6808 4881/6829 4882/6830
f 4890/6809 4889/6810 4882/6832 4892/6833
f 4882/6832 4885/6834 4898/6835 4892/6833
f 4898/6836 4885/6837 4883/988 4896/6732
f 4886/6737 4891/6459 4981/6462 4978/6739
f 4890/6809 4892/6833 4908/6838 4907/6811
f 4892/6833 4898/6835 4899/6839 4908/6838
f 4894/6752 4895/6753 4940/6840 4937/6761
f 4899/6841 4898/6836 4896/6732 4900/6766
f 4905/6842 4900/6766 4897/6765 4902/6769
f 4899/6841 4900/6766 4905/6842 4912/6843
f 4910/6844 4908/6838 4899/6839 4912/6845
f 4901/6768 4903/6767 4950/6846 4906/6847
f 4902/6769 4904/1005 4914/6848 4905/6842
f 4903/6767 4949/6771 4951/6781 4950/6846
f 4904/1005 4906/1004 4964/6849 4914/6848
f 4913/6850 4912/6843 4905/6842 4914/6848
f 4906/6847 4950/6846 4965/6851 4964/6852
f 4907/6811 4908/6838 4910/6844 4909/6826
f 4909/6826 4910/6844 4911/6853 4977/6827
f 4910/6844 4912/6845 4913/6854 4911/6853
f 4911/6853 4913/6854 4966/6855 4954/6856
f 4973/6828 4977/6827 4911/6853 4954/6856
f 4913/6850 4914/6848 4964/6849 4966/6857
f 4915/6405 4919/6406 4928/6858 4926/6816
f 4927/6859 4917/6819 4916/6815 4926/6816
f 4941/6860 4918/6820 4917/6819 4927/6859
f 4942/6861 4940/6821 4918/6820 4941/6860
f 4919/6406 4923/6407 4929/6862 4928/6858
f 4972/6863 4921/6398 4920/6395 4971/6825
f 4974/6864 4922/6399 4921/6402 4972/6865
f 4933/6866 4925/6867 4922/6399 4974/6864
f 4923/6411 4924/6410 4932/6868 4929/6869
f 4924/6410 4925/6415 4933/6870 4932/6868
f 4930/6871 4927/6859 4926/6816 4928/6858
f 4927/6859 4930/6871 4955/6872 4941/6860
f 4928/6858 4929/6862 4931/6873 4930/6871
f 4934/6874 4931/6875 4929/6869 4932/6868
f 4930/6871 4931/6873 4956/6876 4955/6872
f 4931/6875 4934/6874 4960/6877 4956/6878
f 4932/6868 4933/6870 4935/6879 4934/6874
f 4933/6866 4974/6864 4976/6880 4935/6881
f 4934/6874 4935/6879 4961/6882 4960/6877
f 4963/6883 4961/6884 4935/6881 4976/6880
f 4936/6762 4937/6761 4943/6885 4938/6763
f 4937/6761 4940/6840 4942/6886 4943/6885
f 4945/6887 4939/6773 4938/6763 4943/6885
f 4939/6773 4945/6887 4946/6888 4947/6774
f 4944/6889 4942/6861 4941/6860 4955/6872
f 4945/6887 4943/6885 4942/6886 4944/6890
f 4946/6888 4945/6887 4944/6890 4957/6891
f 4944/6889 4955/6872 4956/6876 4957/6892
f 4948/6775 4947/6778 4946/6893 4953/6894
f 4946/6893 4957/6895 4958/6896 4953/6894
f 4968/6897 4952/6779 4948/6775 4953/6894
f 4950/6846 4951/6781 4967/6898 4965/6851
f 4951/6781 4952/6782 4968/6899 4967/6898
f 4953/6894 4958/6896 4959/6900 4968/6897
f 4969/6901 4962/6902 4954/6903 4966/6904
f 4954/6856 4962/6905 4975/6906 4973/6828
f 4958/6896 4957/6895 4956/6878 4960/6877
f 4958/6896 4960/6877 4961/6882 4959/6900
f 4959/6900 4961/6882 4963/6907 4970/6908
f 4967/6909 4968/6897 4959/6900 4970/6908
f 4962/6902 4969/6901 4970/6910 4963/6883
f 4962/6902 4963/6883 4976/6880 4975/6911
f 4964/6912 4965/6913 4969/6901 4966/6904
f 4965/6851 4967/6898 4970/6914 4969/6915
f 4975/6906 4972/6863 4971/6825 4973/6828
f 4976/6880 4974/6864 4972/6865 4975/6911
f 4978/6739 4981/6462 4986/6467 4979/6792
f 4979/6792 4986/6467 4987/6470 4980/6793
f 4980/6793 4987/6470 4984/6473 4982/6795
f 4982/6795 4984/6473 4985/6476 4983/6797
f 4983/6797 4985/6476 5001/6550 4999/6799
f 4991/5689 4989/5688 4988/5687 4990/6789
f 4990/6789 4993/6788 4994/6798 4995/6916
f 4996/6527 4991/5689 4990/6789 4995/6916
f 4997/6517 4992/5644 4991/5689 4996/6527
f 5000/6543 4995/6916 4994/6798 4999/6799
f 4998/6526 4996/6527 4995/6916 5000/6543
f 4999/6799 5001/6550 5002/6542 5000/6543
