# File produced by Tripo

mtllib humanoid.mtl

# 5853 vertex positions
v -0.12817380 0.01025391 0.06567389
v -0.12963864 0.01074219 0.06665045
v -0.13012692 0.00878906 0.06762701
v -0.12768552 0.00976562 0.07055670
v -0.12719724 0.01220703 0.07006842
v -0.14575192 0.00927734 0.05200201
v -0.14575192 0.00732422 0.05151373
v -0.14331052 0.00830078 0.05590826
v -0.13891599 0.00927734 0.05737311
v -0.13745114 0.01025391 0.05590826
v -0.13891599 0.01171875 0.05590826
v -0.14428708 0.01611328 0.04370123
v -0.14379880 0.01318359 0.04077154
v -0.14477536 0.01074219 0.04321295
v -0.14428708 0.00878906 0.04370123
v -0.14526364 0.01074219 0.04321295
v -0.13793942 0.00390625 0.03491217
v -0.13793942 0.00390625 0.03247076
v -0.13403317 0.00390625 0.03686529
v -0.14135739 0.00292969 0.02905279
v -0.14086911 0.00341797 0.02661139
v -0.14184567 0.01904297 0.03198248
v -0.14086911 0.02148438 0.03393561
v -0.13842770 0.02392578 0.02856451
v -0.13793942 0.02343750 0.03588873
v -0.14233395 0.02099609 0.02612310
v -0.14575192 0.01855469 0.03051764
v -0.14331052 0.01855469 0.03149420
v -0.13256833 0.02636719 0.03198248
v -0.13452145 0.02294922 0.03735358
v -0.13598630 0.01562500 0.05541998
v -0.13647458 0.01367188 0.05249029
v -0.12036130 0.00390625 0.04711920
v -0.12182614 0.00683594 0.05004888
v -0.12280270 0.00634766 0.04956060
v -0.12475583 0.00439453 0.04467779
v -0.12133786 0.00097656 0.03784185
v -0.13110349 0.02441406 0.04028326
v -0.12719724 0.02587891 0.04272467
v -0.12670895 0.02880859 0.03491217
v -0.12426755 0.02539062 0.04418951
v -0.12280270 0.02539062 0.04516607
v -0.12084959 0.03027344 0.03735357
v -0.13061520 0.00195312 0.03295904
v -0.13012692 0.00439453 0.04077154
v -0.14184567 0.00244141 0.01831061
v -0.14477536 0.00390625 0.02368170
v -0.11547849 0.00000000 0.02856451
v -0.11254880 0.00048828 0.04125982
v -0.13305661 0.02294922 0.03833014
v -0.12084959 0.03466797 0.02709967
v -0.12133786 0.02587891 0.04614263
v -0.13891599 0.02490234 0.01831060
v -0.13500974 0.02783203 0.02026373
v -0.13354491 0.03173828 0.01000982
v -0.11645505 0.00781250 0.07104498
v -0.11401364 0.00341797 0.07202154
v -0.11596677 0.00732422 0.07592779
v -0.11401364 0.01562500 0.07250983
v -0.11596677 0.01367188 0.07202154
v -0.11596677 0.01367188 0.07641608
v -0.11108395 0.01464844 0.05249029
v -0.11254880 0.01562500 0.05883795
v -0.10864255 0.02148438 0.05737310
v -0.10961911 0.02343750 0.05053717
v -0.10717770 0.02441406 0.05102545
v -0.11645505 0.00537109 0.05249029
v -0.11499020 0.00341797 0.04907232
v -0.11206052 0.00634766 0.05297857
v -0.12084958 0.00634766 0.05053717
v -0.10815427 0.00244141 0.05151373
v -0.11157224 0.02050781 0.05493170
v -0.11157224 0.02490234 0.05004888
v -0.10668943 0.03027344 0.04223638
v -0.08129881 0.05810547 -0.00463862
v -0.07641599 0.04443359 -0.00952144
v -0.07641600 0.05615234 -0.01342769
v -0.07739256 0.06591797 -0.01342769
v -0.20336914 0.40332031 0.00854497
v -0.20874023 0.40234375 0.00659185
v -0.20190430 0.40136719 0.00903325
v -0.20483398 0.39453125 0.00610357
v -0.19799805 0.40429688 0.00561528
v -0.20043945 0.39648438 0.00756841
v -0.19604492 0.39794922 0.00512700
v -0.19506836 0.42968750 0.02368169
v -0.19702148 0.43066406 0.02416997
v -0.19750977 0.42529297 0.02416997
v -0.20776367 0.45117188 0.00854497
v -0.21069336 0.44140625 0.00854497
v -0.20971680 0.44140625 0.01196294
v -0.21264648 0.44189453 0.00268560
v -0.20971680 0.45117188 0.00122075
v -0.21215820 0.44140625 -0.00268550
v -0.19067383 0.42382812 0.00708013
v -0.19506836 0.41943359 0.00854497
v -0.19653320 0.41943359 0.00659184
v -0.19799805 0.41894531 -0.00561519
v -0.19799805 0.41943359 -0.00805659
v -0.19262695 0.42333984 -0.00708003
v -0.18139648 0.44042969 0.00805669
v -0.18530273 0.43750000 0.00561528
v -0.17846680 0.44531250 0.00317387
v -0.19848633 0.44824219 0.02124028
v -0.18920898 0.45312500 0.02465825
v -0.19311523 0.46044922 0.02124028
v -0.21020508 0.45068359 -0.00708003
v -0.21215820 0.44140625 -0.00708003
v -0.18920898 0.49707031 0.00659184
v -0.18432617 0.49560547 0.01000981
v -0.18432617 0.50683594 0.00659184
v -0.19360352 0.50830078 -0.00903316
v -0.19750977 0.49804688 -0.01293941
v -0.19604492 0.49804688 -0.00610347
v -0.18383789 0.43408203 0.02563481
v -0.18481445 0.43945312 0.02612309
v -0.18481445 0.43847656 0.02465825
v -0.17700195 0.43652344 0.01538090
v -0.17700195 0.43261719 0.01831059
v -0.17993164 0.43603516 0.01635747
v -0.17700195 0.43847656 0.01342778
v -0.18139648 0.43798828 0.01538091
v -0.18334961 0.43798828 0.01293950
v -0.17114258 0.43847656 0.01733403
v -0.17016602 0.43945312 0.01879887
v -0.17114258 0.43359375 0.02075200
v -0.17749023 0.44238281 0.00854497
v -0.17163086 0.45361328 0.00122075
v -0.17114258 0.45166016 0.00415043
v -0.17260742 0.48925781 0.00805668
v -0.16918945 0.48632812 0.00219731
v -0.16772461 0.49902344 0.00512699
v -0.16381836 0.49462891 -0.00415035
v -0.16821289 0.48437500 -0.00366207
v -0.00708007 0.44824219 0.00854494
v -0.01049804 0.44970703 0.02124026
v -0.01049804 0.43798828 0.01831057
v -0.00708008 0.44921875 -0.02368162
v -0.00610351 0.44824219 -0.00366209
v -0.00610351 0.44775391 -0.00366209
v -0.08569337 0.68701172 -0.00170896
v -0.08959962 0.69775391 0.00805666
v -0.09155274 0.68505859 0.00366213
v -0.08471680 0.67675781 -0.00952146
v -0.06713867 0.69238281 0.03735353
v -0.06958009 0.68164062 0.02954104
v -0.06469727 0.67773438 0.03588869
v -0.07446290 0.68603516 0.01782229
v -0.07006837 0.67187500 0.02368166
v -0.08276368 0.69287109 -0.00122068
v -0.08422852 0.70117188 0.00610354
v -0.08764649 0.71093750 0.01293947
v -0.08227540 0.68164062 -0.01000974
v -0.07543946 0.70019531 0.02563478
v -0.07836915 0.69433594 0.01147463
v -0.08178712 0.71093750 0.01538088
v -0.08178712 0.70117188 0.00708010
v -0.08520509 0.74560547 0.01196291
v -0.08715821 0.73681641 0.01391604
v -0.07836915 0.73583984 0.01733400
v -0.06811524 0.72607422 0.02758791
v -0.07299805 0.71191406 0.02856447
v -0.06713868 0.70703125 0.03491213
v -0.08813477 0.76171875 0.00366213
v -0.08178712 0.75683594 0.00805666
v -0.07836916 0.76855469 0.00073244
v -0.06274415 0.74316406 0.02221681
v -0.05493165 0.74072266 0.02661134
v -0.05444337 0.75830078 0.01684572
v -0.00610352 0.76562500 0.01977540
v -0.01196290 0.76904297 0.01879884
v -0.01293946 0.75390625 0.02758790
v -0.07250978 0.77929688 -0.01342772
v -0.06811525 0.77783203 -0.00756834
v -0.06323244 0.78027344 -0.01196288
v -0.03540040 0.87255859 0.06665041
v -0.02563477 0.86816406 0.07006836
v -0.02856446 0.87695312 0.06811525
v -0.03491212 0.87939453 0.06518556
v -0.04223634 0.87695312 0.06225587
v -0.01831055 0.87255859 0.07104492
v -0.02172852 0.87646484 0.06958008
v -0.01489258 0.84619141 0.06909180
v -0.01391602 0.84619141 0.06958008
v -0.01342774 0.84619141 0.06860352
v -0.01440430 0.84619141 0.06860352
v -0.01342774 0.84619141 0.06958008
v -0.01635743 0.88037109 0.07006836
v -0.02221680 0.88330078 0.06811523
v -0.01293946 0.86914062 0.07202148
v -0.01098633 0.87060547 0.07397461
v -0.01147462 0.87304688 0.07250977
v -0.00952149 0.87011719 0.07788086
v -0.01049805 0.86718750 0.07543945
v -0.00903321 0.86865234 0.07885742
v -0.04956056 0.77929688 -0.00512694
v -0.05737306 0.77880859 -0.00512694
v -0.04711915 0.77685547 0.00170900
v -0.04125978 0.78808594 -0.01440429
v -0.03881837 0.78222656 -0.00561522
v -0.03442384 0.78515625 -0.00610350
v 0.00610351 0.76562500 0.01977540
v 0.00024413 0.76416016 0.01977540
v 0.00024413 0.75244141 0.02758790
v 0.01293945 0.75390625 0.02758790
v -0.02661134 0.82910156 0.00952149
v -0.01782228 0.82421875 0.01342774
v -0.01928712 0.82275391 0.02368165
v -0.05102541 0.85107422 0.00952149
v -0.05297853 0.85595703 0.01245118
v -0.05395509 0.85644531 0.00512696
v -0.05981447 0.87548828 -0.00854491
v -0.05834963 0.86865234 -0.00610351
v -0.05786134 0.87060547 -0.00219726
v -0.06030275 0.88037109 -0.00268554
v -0.01000977 0.81640625 0.05004883
v -0.01000977 0.81689453 0.05395508
v -0.01879884 0.82031250 0.05004884
v -0.06909182 0.90136719 -0.00952147
v -0.06616212 0.89404297 -0.00805663
v -0.06323244 0.90136719 -0.00415038
v -0.06665041 0.90576172 -0.00903319
v -0.06469729 0.90771484 -0.01000976
v -0.06225588 0.89453125 -0.00317382
v -0.06518557 0.91503906 -0.00805663
v -0.06567385 0.90966797 -0.01586913
v -0.06567385 0.91552734 -0.02124023
v -0.03442384 0.91308594 0.06518556
v -0.03393556 0.91943359 0.06665041
v -0.04174806 0.91601562 0.06127930
v -0.02758790 0.90478516 0.06665039
v -0.02124024 0.90429688 0.06958008
v -0.02514649 0.91210938 0.06958008
v -0.02563477 0.91943359 0.07153320
v -0.01782227 0.91894531 0.07397461
v -0.04614259 0.92089844 0.05834962
v -0.05053712 0.92773438 0.05249024
v -0.05249025 0.91015625 0.04956055
v -0.02856446 0.88427734 0.06713869
v -0.02856446 0.88427734 0.06616212
v -0.02661134 0.88378906 0.06469727
v -0.02905274 0.88427734 0.06616212
v -0.02758790 0.88427734 0.06762695
v -0.02661134 0.88427734 0.06762695
v -0.02856446 0.88378906 0.06420900
v -0.02563477 0.88378906 0.06713867
v -0.02465821 0.88378906 0.06518555
v -0.00805665 0.88818359 0.07202148
v -0.01293946 0.88623047 0.07055664
v -0.01098634 0.88183594 0.07153320
v -0.01098634 0.89648438 0.07104492
v -0.02758790 0.90478516 0.06909180
v -0.02856446 0.90332031 0.07006837
v -0.02709962 0.90332031 0.07055664
v -0.02661134 0.90576172 0.06616211
v -0.02856446 0.90527344 0.06811525
v -0.02661134 0.90527344 0.06909180
v -0.02563477 0.90527344 0.06860352
v -0.02905274 0.90527344 0.06762697
v -0.02807618 0.90576172 0.06518555
v -0.02465821 0.90576172 0.06665039
v -0.00903321 0.92285156 0.07543945
v -0.01831056 0.92919922 0.07348633
v -0.01000977 0.93505859 0.07397461
v -0.01977540 0.93603516 0.07250977
v -0.00512696 0.92919922 0.07495117
v -0.00512696 0.94189453 0.07202148
v -0.01049806 0.94873047 0.07006836
v -0.06079103 0.87939453 -0.00903319
v -0.06274416 0.88720703 -0.00854491
v -0.04956056 0.96191406 0.03295899
v -0.04516603 0.96337891 0.03930665
v -0.04321291 0.97119141 0.03247071
v -0.05151369 0.96386719 0.02709961
v -0.04077150 0.96533203 0.04272461
v -0.11791991 0.05957031 -0.02563471
v -0.11010741 0.06982422 -0.01782221
v -0.11499022 0.06884766 -0.02807612
v -0.09838866 0.00292969 -0.07104486
v -0.10180663 0.00146484 -0.06372064
v -0.10571288 0.00292969 -0.06811517
v -0.07446288 0.04394531 -0.02172847
v -0.07299803 0.04394531 -0.03100581
v -0.07299803 0.05468750 -0.02465816
v -0.07202147 0.05468750 -0.03881831
v -0.07250975 0.04443359 -0.04028315
v -0.10327148 0.07763672 -0.06127924
v -0.10864257 0.07812500 -0.05639643
v -0.10473632 0.09033203 -0.06030268
v -0.06665038 0.11669922 -0.03149410
v -0.06518553 0.11621094 -0.04174800
v -0.06274413 0.13330078 -0.03442379
v -0.06665038 0.11621094 -0.05200191
v -0.06225585 0.13281250 -0.05004879
v -0.11694335 0.22167969 -0.04272456
v -0.11743163 0.20117188 -0.04028315
v -0.11596679 0.22070312 -0.03100581
v -0.04174804 0.27197266 -0.04321286
v -0.03979491 0.26904297 -0.03295895
v -0.04272461 0.25537109 -0.04370113
v -0.05395507 0.26123047 -0.06079098
v -0.05688477 0.27880859 -0.05981442
v -0.04809570 0.27539062 -0.05346676
v -0.21215820 0.44140625 -0.01342769
v -0.20971680 0.45068359 -0.01391597
v -0.21118164 0.44140625 -0.01831050
v -0.20825195 0.45019531 -0.02221675
v -0.21020508 0.44140625 -0.02319331
v -0.19799805 0.42236328 -0.02026362
v -0.19750977 0.42285156 -0.02172847
v -0.19262695 0.42626953 -0.02075190
v -0.18676758 0.43896484 -0.00708003
v -0.18676758 0.43945312 -0.01391597
v -0.18139648 0.44921875 -0.01000972
v -0.19458008 0.50683594 -0.01879878
v -0.19750977 0.49658203 -0.01879878
v -0.19165039 0.50439453 -0.02661129
v -0.19262695 0.49316406 -0.02856441
v -0.19604492 0.49511719 -0.02416988
v -0.17797852 0.48632812 -0.02856441
v -0.17651367 0.47949219 -0.02612301
v -0.18286133 0.48242188 -0.03002925
v -0.18041992 0.47167969 -0.03149410
v -0.17602539 0.47021484 -0.02807613
v -0.17211914 0.48339844 -0.02172847
v -0.17260742 0.47656250 -0.01977535
v -0.01586914 0.44335938 -0.04418943
v -0.01928711 0.45703125 -0.05346677
v -0.01147461 0.45312500 -0.04077146
v -0.05102540 0.54931641 -0.06079099
v -0.04516603 0.56542969 -0.05249021
v -0.03881837 0.54638672 -0.06518552
v -0.02758790 0.56298828 -0.05590818
v -0.02709962 0.54492188 -0.06616209
v -0.08911134 0.66699219 -0.04858396
v -0.08618166 0.66455078 -0.03930662
v -0.09301759 0.65478516 -0.04711912
v -0.07934572 0.68359375 -0.04565427
v -0.08422853 0.67968750 -0.05053709
v -0.08032228 0.69189453 -0.05395506
v -0.07495119 0.70703125 -0.06323241
v -0.07641603 0.69628906 -0.05493162
v -0.06909181 0.68652344 -0.05883787
v -0.06665041 0.70068359 -0.06665038
v -0.05834963 0.69384766 -0.06811522
v -0.04858400 0.68261719 -0.06860350
v -0.04565432 0.69189453 -0.07104491
v -0.08178713 0.75732422 -0.06762694
v -0.08764651 0.76074219 -0.06274413
v -0.08032229 0.76904297 -0.06127928
v -0.07104494 0.75683594 -0.07153319
v -0.06909182 0.76562500 -0.06860350
v -0.05883791 0.75683594 -0.07397459
v -0.05639651 0.77001953 -0.07006834
v -0.02172854 0.75878906 -0.07397461
v -0.01782229 0.74511719 -0.07495116
v -0.02807619 0.74658203 -0.07592772
v -0.07104494 0.77636719 -0.05834959
v -0.06567385 0.77832031 -0.05883788
v -0.06518557 0.77392578 -0.06420897
v -0.05493166 0.77685547 -0.06518553
v -0.04321291 0.78125000 -0.06469725
v -0.04467776 0.77490234 -0.06909178
v -0.05883791 0.86816406 -0.02465819
v -0.06225588 0.87353516 -0.02807616
v -0.05639650 0.87207031 -0.02368163
v -0.03344728 0.80175781 -0.02319335
v -0.03491212 0.79833984 -0.02319335
v -0.03247072 0.79687500 -0.01538085
v -0.02465822 0.81298828 -0.04028320
v -0.02416994 0.80419922 -0.04711913
v -0.02856447 0.80468750 -0.04272460
v -0.04956057 0.86718750 -0.01928710
v -0.04858400 0.86328125 -0.01586913
v -0.05297853 0.86328125 -0.01928710
v -0.05151369 0.87353516 -0.02270507
v -0.04272463 0.85449219 -0.01831054
v -0.04663088 0.86523438 -0.02612304
v -0.04028322 0.85937500 -0.03100585
v -0.02514650 0.83837891 -0.03686523
v -0.02954104 0.85058594 -0.03491210
v -0.02514650 0.85107422 -0.04077148
v -0.01342776 0.85156250 -0.04711914
v -0.00805666 0.83984375 -0.04565429
v -0.01733400 0.83935547 -0.04272460
v -0.01928713 0.85156250 -0.04467773
v -0.00708010 0.85107422 -0.04809570
v -0.07397463 0.88037109 -0.02319335
v -0.07397463 0.88671875 -0.02270507
v -0.07641604 0.88671875 -0.02416991
v -0.07299807 0.89794922 -0.01977538
v -0.07495119 0.90185547 -0.01928710
v -0.07690432 0.89843750 -0.02221679
v -0.06469729 0.89208984 -0.01635741
v -0.06420901 0.89208984 -0.01342772
v -0.06665041 0.89794922 -0.01440429
v -0.07055666 0.90185547 -0.01684569
v -0.06958010 0.89794922 -0.01782225
v -0.06909182 0.91015625 -0.01928710
v -0.07202151 0.90869141 -0.01489257
v -0.07055666 0.90136719 -0.02856444
v -0.06811526 0.90527344 -0.02514648
v -0.06616213 0.90087891 -0.02612304
v -0.07348635 0.90869141 -0.02416991
v -0.06469729 0.90771484 -0.02124023
v -0.06274416 0.90136719 -0.02563476
v -0.06420901 0.90820312 -0.02954101
v -0.06518557 0.91406250 -0.03247070
v -0.04711917 0.96582031 -0.05541991
v -0.04174807 0.97167969 -0.05444336
v -0.04125980 0.96435547 -0.06274414
v 0.11596683 0.01367188 0.07641605
v 0.11596683 0.01367188 0.07202151
v 0.11401370 0.01562500 0.07250980
v 0.11596683 0.00732422 0.07592776
v 0.11401370 0.00341797 0.07202151
v 0.11645511 0.00781250 0.07104495
v 0.11254886 0.01562500 0.05883792
v 0.11108401 0.01464844 0.05249026
v 0.10864261 0.02148438 0.05737307
v 0.12817386 0.01025391 0.06567386
v 0.12719730 0.01220703 0.07006839
v 0.12768558 0.00976562 0.07055667
v 0.10961917 0.02343750 0.05053714
v 0.10717776 0.02441406 0.05102542
v 0.11254886 0.00048828 0.04125979
v 0.10473636 0.00048828 0.04370120
v 0.10131839 0.00000000 0.03247073
v 0.11547854 0.00000000 0.02856448
v 0.08129885 0.05810547 -0.00463864
v 0.07641603 0.05615234 -0.01342771
v 0.07641604 0.04443359 -0.00952146
v 0.07739259 0.06591797 -0.01342771
v 0.11499026 0.00341797 0.04907229
v 0.11206058 0.00634766 0.05297854
v 0.10815433 0.00244141 0.05151370
v 0.11645511 0.00537109 0.05249026
v 0.10668948 0.03027344 0.04223635
v 0.11157230 0.02050781 0.05493167
v 0.11157230 0.02490234 0.05004885
v 0.12133792 0.00097656 0.03784182
v 0.12084964 0.00634766 0.05053714
v 0.12036136 0.00390625 0.04711917
v 0.12182620 0.00683594 0.05004885
v 0.12280276 0.00634766 0.04956057
v 0.12475589 0.00439453 0.04467776
v 0.12133792 0.02587891 0.04614260
v 0.12280276 0.02539062 0.04516604
v 0.12084963 0.03027344 0.03735354
v 0.12426761 0.02539062 0.04418948
v 0.13012698 0.00439453 0.04077151
v 0.13061526 0.00195312 0.03295901
v 0.13403323 0.00390625 0.03686526
v 0.13793948 0.00390625 0.03247073
v 0.14086917 0.00341797 0.02661135
v 0.12670901 0.02880859 0.03491214
v 0.12084963 0.03466797 0.02709963
v 0.12719730 0.02587891 0.04272464
v 0.13110355 0.02441406 0.04028323
v 0.13256839 0.02636719 0.03198244
v 0.13012698 0.00878906 0.06762698
v 0.12963870 0.01074219 0.06665042
v 0.13745120 0.01025391 0.05590823
v 0.13891605 0.00927734 0.05737307
v 0.13891605 0.01171875 0.05590823
v 0.14575198 0.00732422 0.05151369
v 0.14331058 0.00830078 0.05590823
v 0.14184573 0.00488281 0.05493166
v 0.14428714 0.00488281 0.05102541
v 0.13647464 0.01367188 0.05249026
v 0.13598636 0.01562500 0.05541994
v 0.14575198 0.00927734 0.05200198
v 0.13793948 0.00390625 0.03491213
v 0.14135745 0.00292969 0.02905276
v 0.14184573 0.00244141 0.01831057
v 0.14477542 0.00390625 0.02368166
v 0.13305667 0.02294922 0.03833010
v 0.13452151 0.02294922 0.03735354
v 0.13793948 0.02343750 0.03588869
v 0.13842776 0.02392578 0.02856447
v 0.14086917 0.02148438 0.03393557
v 0.14233401 0.02099609 0.02612307
v 0.14184573 0.01904297 0.03198244
v 0.14428714 0.01611328 0.04370119
v 0.14477542 0.01074219 0.04321291
v 0.14379886 0.01318359 0.04077151
v 0.14526370 0.01074219 0.04321291
v 0.14428714 0.00878906 0.04370119
v 0.14331058 0.01855469 0.03149416
v 0.14575198 0.01855469 0.03051760
v 0.13500980 0.02783203 0.02026369
v 0.13891605 0.02490234 0.01831057
v 0.13354494 0.03173828 0.01000979
v 0.01049805 0.43798828 0.01831057
v 0.01049805 0.44970703 0.02124025
v 0.00708008 0.44824219 0.00854494
v 0.00610352 0.44775391 -0.00366209
v 0.00610352 0.44824219 -0.00366209
v 0.00708008 0.44921875 -0.02368162
v 0.17114258 0.43359375 0.02075195
v 0.17016602 0.43945312 0.01879883
v 0.17114258 0.43847656 0.01733398
v 0.17700195 0.43652344 0.01538086
v 0.17993164 0.43603516 0.01635742
v 0.17700195 0.43261719 0.01831055
v 0.18481445 0.43847656 0.02465820
v 0.18481445 0.43945312 0.02612304
v 0.18383789 0.43408203 0.02563476
v 0.18334961 0.43798828 0.01293945
v 0.18139648 0.43798828 0.01538086
v 0.17700195 0.43847656 0.01342773
v 0.18530273 0.43750000 0.00561523
v 0.18139648 0.44042969 0.00805664
v 0.17846680 0.44531250 0.00317383
v 0.17114258 0.45166016 0.00415039
v 0.17163086 0.45361328 0.00122070
v 0.17749023 0.44238281 0.00854492
v 0.19311523 0.46044922 0.02124023
v 0.18920898 0.45312500 0.02465820
v 0.19848633 0.44824219 0.02124023
v 0.16918945 0.48632812 0.00219726
v 0.16381836 0.49462891 -0.00415039
v 0.16821289 0.48437500 -0.00366211
v 0.18432617 0.49560547 0.01000976
v 0.18920898 0.49707031 0.00659179
v 0.18432617 0.50683594 0.00659179
v 0.20190430 0.40136719 0.00903320
v 0.19604492 0.39794922 0.00512695
v 0.20043945 0.39648438 0.00756836
v 0.20483398 0.39453125 0.00610351
v 0.20874023 0.40234375 0.00659179
v 0.19799805 0.40429688 0.00561523
v 0.20336914 0.40332031 0.00854492
v 0.19506836 0.42968750 0.02368164
v 0.19750977 0.42529297 0.02416992
v 0.19702148 0.43066406 0.02416992
v 0.19067383 0.42382812 0.00708007
v 0.19653320 0.41943359 0.00659179
v 0.19506836 0.41943359 0.00854492
v 0.19262695 0.42333984 -0.00708008
v 0.19799805 0.41943359 -0.00805664
v 0.19799805 0.41894531 -0.00561524
v 0.20971680 0.44140625 0.01196288
v 0.21069336 0.44140625 0.00854492
v 0.20776367 0.45117188 0.00854492
v 0.20971680 0.45117188 0.00122070
v 0.21264648 0.44189453 0.00268554
v 0.21215820 0.44140625 -0.00268555
v 0.21020508 0.45068359 -0.00708008
v 0.21215820 0.44140625 -0.00708009
v 0.06469727 0.67773438 0.03588868
v 0.06958007 0.68164062 0.02954102
v 0.06713867 0.69238281 0.03735352
v 0.01196288 0.76904297 0.01879883
v 0.06713866 0.70703125 0.03491211
v 0.07299804 0.71191406 0.02856445
v 0.06811523 0.72607422 0.02758789
v 0.05493163 0.74072266 0.02661133
v 0.06274413 0.74316406 0.02221680
v 0.05444335 0.75830078 0.01684570
v 0.07446288 0.68603516 0.01782227
v 0.07006835 0.67187500 0.02368164
v 0.07836913 0.69433594 0.01147461
v 0.07543945 0.70019531 0.02563477
v 0.08178710 0.71093750 0.01538086
v 0.08178710 0.70117188 0.00708008
v 0.09155273 0.68505859 0.00366211
v 0.08959960 0.69775391 0.00805664
v 0.08569335 0.68701172 -0.00170899
v 0.08471679 0.67675781 -0.00952148
v 0.08422851 0.70117188 0.00610351
v 0.08764648 0.71093750 0.01293945
v 0.08227538 0.68164062 -0.01000977
v 0.08276366 0.69287109 -0.00122070
v 0.08715820 0.73681641 0.01391601
v 0.08520507 0.74560547 0.01196289
v 0.07836913 0.73583984 0.01733398
v 0.08178710 0.75683594 0.00805664
v 0.08813476 0.76171875 0.00366210
v 0.07836913 0.76855469 0.00073242
v 0.01049804 0.86718750 0.07543945
v 0.00952148 0.87011719 0.07788086
v 0.00903320 0.86865234 0.07885742
v 0.01098632 0.87060547 0.07397461
v 0.00903320 0.87304688 0.07592773
v 0.01342773 0.84619141 0.06860352
v 0.01391601 0.84619141 0.06958008
v 0.01489257 0.84619141 0.06909180
v 0.01342773 0.84619141 0.06958008
v 0.01440429 0.84619141 0.06860352
v 0.01293945 0.86914062 0.07202148
v 0.01147460 0.87304688 0.07250977
v 0.01831054 0.87255859 0.07104492
v 0.02563476 0.86816406 0.07006836
v 0.02172851 0.87646484 0.06958008
v 0.03540038 0.87255859 0.06665039
v 0.02856445 0.87695312 0.06811523
v 0.01635741 0.88037109 0.07006836
v 0.02172851 0.88330078 0.06811523
v 0.03491210 0.87939453 0.06518555
v 0.04223632 0.87695312 0.06225586
v 0.05737304 0.77880859 -0.00512695
v 0.04956054 0.77929688 -0.00512695
v 0.04711913 0.77685547 0.00170898
v 0.03442381 0.78515625 -0.00610351
v 0.03881834 0.78222656 -0.00561523
v 0.04125975 0.78808594 -0.01440430
v 0.07250975 0.77929688 -0.01342774
v 0.06323241 0.78027344 -0.01196289
v 0.06811522 0.77783203 -0.00756836
v 0.01000976 0.81689453 0.05395508
v 0.01000976 0.81640625 0.05004883
v 0.01879882 0.82031250 0.05004883
v 0.01928710 0.82275391 0.02368164
v 0.01782225 0.82421875 0.01342774
v 0.02661132 0.82910156 0.00952149
v 0.05395506 0.85644531 0.00512695
v 0.05297850 0.85595703 0.01245117
v 0.05102538 0.85107422 0.00952148
v 0.05786131 0.87060547 -0.00219727
v 0.05834959 0.86865234 -0.00610352
v 0.05981443 0.87548828 -0.00854493
v 0.06030272 0.88037109 -0.00268555
v 0.02514648 0.91210938 0.06958008
v 0.01489257 0.90771484 0.07250977
v 0.02075194 0.90429688 0.06958008
v 0.01782226 0.91894531 0.07397461
v 0.02563476 0.88378906 0.06713867
v 0.02465820 0.88378906 0.06518555
v 0.02661132 0.88378906 0.06469727
v 0.02661132 0.88427734 0.06762695
v 0.02758788 0.88427734 0.06762695
v 0.02856445 0.88427734 0.06713867
v 0.02856445 0.88427734 0.06616211
v 0.02905273 0.88427734 0.06616211
v 0.02856445 0.88378906 0.06420898
v 0.02758788 0.90478516 0.06665039
v 0.02563476 0.91943359 0.07153320
v 0.02465819 0.90576172 0.06665039
v 0.02563476 0.90527344 0.06860352
v 0.02661132 0.90576172 0.06616211
v 0.02709960 0.90332031 0.07055664
v 0.02856444 0.90332031 0.07006836
v 0.02758788 0.90478516 0.06909180
v 0.02661132 0.90527344 0.06909180
v 0.02856444 0.90527344 0.06811523
v 0.02905273 0.90527344 0.06762695
v 0.02807616 0.90576172 0.06518555
v 0.00903319 0.92285156 0.07543945
v 0.01831054 0.92919922 0.07348633
v 0.01000976 0.93505859 0.07397461
v 0.01977538 0.93603516 0.07250977
v 0.01049804 0.94873047 0.07006836
v 0.00512694 0.94189453 0.07202148
v 0.04174804 0.91601562 0.06127929
v 0.03393554 0.91943359 0.06665039
v 0.03442382 0.91308594 0.06518555
v 0.04614257 0.92089844 0.05834960
v 0.05249022 0.91015625 0.04956054
v 0.05053710 0.92773438 0.05249023
v 0.06079100 0.87939453 -0.00903321
v 0.06274413 0.88720703 -0.00854493
v 0.06225584 0.89453125 -0.00317383
v 0.06616209 0.89404297 -0.00805665
v 0.04077147 0.96533203 0.04272461
v 0.04516600 0.96337891 0.03930663
v 0.04321288 0.97119141 0.03247069
v 0.04956053 0.96191406 0.03295898
v 0.05151366 0.96386719 0.02709960
v 0.06323241 0.90136719 -0.00415040
v 0.06909177 0.90136719 -0.00952149
v 0.06665037 0.90576172 -0.00903321
v 0.06469724 0.90771484 -0.01000977
v 0.06567381 0.90966797 -0.01586915
v 0.06518552 0.91503906 -0.00805665
v 0.06567381 0.91552734 -0.02124024
v 0.07299806 0.05468750 -0.02465818
v 0.07299806 0.04394531 -0.03100583
v 0.07446291 0.04394531 -0.02172849
v 0.07202150 0.05468750 -0.03881833
v 0.07250978 0.04443359 -0.04028318
v 0.11499025 0.06884766 -0.02807615
v 0.11010744 0.06982422 -0.01782224
v 0.11791994 0.05957031 -0.02563474
v 0.10571291 0.00292969 -0.06811520
v 0.10180666 0.00146484 -0.06372067
v 0.09838869 0.00292969 -0.07104489
v 0.06274416 0.13330078 -0.03442380
v 0.06518556 0.11621094 -0.04174802
v 0.06665041 0.11669922 -0.03149411
v 0.06225587 0.13281250 -0.05004880
v 0.06665040 0.11621094 -0.05200192
v 0.10473634 0.09033203 -0.06030271
v 0.10864259 0.07812500 -0.05639646
v 0.10327149 0.07763672 -0.06127927
v 0.04272461 0.25537109 -0.04370115
v 0.03979493 0.26904297 -0.03295896
v 0.04174805 0.27197266 -0.04321286
v 0.05395508 0.26123047 -0.06079099
v 0.04809571 0.27539062 -0.05346677
v 0.05688477 0.27880859 -0.05981443
v 0.11596680 0.22070312 -0.03100584
v 0.11743165 0.20117188 -0.04028318
v 0.11694337 0.22167969 -0.04272459
v 0.01928710 0.45703125 -0.05346678
v 0.01586914 0.44335938 -0.04418943
v 0.01147461 0.45312500 -0.04077146
v 0.18139648 0.44921875 -0.01000977
v 0.18676758 0.43945312 -0.01391602
v 0.18676758 0.43896484 -0.00708008
v 0.17602539 0.47021484 -0.02807617
v 0.17651367 0.47949219 -0.02612305
v 0.18041992 0.47167969 -0.03149414
v 0.17260742 0.47656250 -0.01977539
v 0.17211914 0.48339844 -0.02172852
v 0.17797852 0.48632812 -0.02856446
v 0.18286133 0.48242188 -0.03002930
v 0.19165039 0.50439453 -0.02661133
v 0.19604492 0.49511719 -0.02416993
v 0.19262695 0.49316406 -0.02856446
v 0.19750977 0.42285156 -0.02172852
v 0.19799805 0.42236328 -0.02026368
v 0.19262695 0.42626953 -0.02075196
v 0.20971680 0.45068359 -0.01391602
v 0.21215820 0.44140625 -0.01342774
v 0.21118164 0.44140625 -0.01831055
v 0.21020508 0.44140625 -0.02319337
v 0.20825195 0.45019531 -0.02221680
v 0.19750977 0.49804688 -0.01293946
v 0.19750977 0.49658203 -0.01879884
v 0.19458008 0.50683594 -0.01879884
v 0.02758788 0.56298828 -0.05590819
v 0.04516600 0.56542969 -0.05249023
v 0.03881835 0.54687500 -0.06469725
v 0.02709960 0.54492188 -0.06616209
v 0.05102538 0.54931641 -0.06079101
v 0.04858397 0.68261719 -0.06860352
v 0.04565428 0.69189453 -0.07104492
v 0.05834959 0.69384766 -0.06811523
v 0.06665038 0.70068359 -0.06665039
v 0.06909178 0.68652344 -0.05883789
v 0.02172850 0.75878906 -0.07397461
v 0.02807615 0.74658203 -0.07592772
v 0.01782225 0.74511719 -0.07495116
v 0.05883787 0.75683594 -0.07397461
v 0.05639646 0.77001953 -0.07006836
v 0.06909177 0.76562500 -0.06860352
v 0.07104490 0.75683594 -0.07153320
v 0.09301756 0.65478516 -0.04711914
v 0.08618163 0.66455078 -0.03930664
v 0.08911131 0.66699219 -0.04858398
v 0.08032225 0.69189453 -0.05395508
v 0.08422850 0.67968750 -0.05053711
v 0.07934569 0.68359375 -0.04565430
v 0.07495116 0.70703125 -0.06323242
v 0.07641600 0.69628906 -0.05493164
v 0.08764646 0.76074219 -0.06274416
v 0.08178709 0.75732422 -0.06762695
v 0.08032224 0.76904297 -0.06127930
v 0.03247069 0.79687500 -0.01538086
v 0.03491209 0.79833984 -0.02319336
v 0.03344725 0.80175781 -0.02319336
v 0.02856443 0.80468750 -0.04272461
v 0.02416990 0.80419922 -0.04711914
v 0.02465818 0.81298828 -0.04028320
v 0.04321287 0.78125000 -0.06469727
v 0.05493162 0.77685547 -0.06518555
v 0.04467771 0.77490234 -0.06909180
v 0.06518552 0.77392578 -0.06420898
v 0.06567381 0.77832031 -0.05883789
v 0.02514646 0.85107422 -0.04077148
v 0.02954100 0.85058594 -0.03491211
v 0.02514646 0.83837891 -0.03686523
v 0.01342771 0.85156250 -0.04711914
v 0.01733396 0.83935547 -0.04272461
v 0.00805662 0.83984375 -0.04565429
v 0.00708006 0.85107422 -0.04809570
v 0.01928709 0.85156250 -0.04467773
v 0.04272459 0.85449219 -0.01831055
v 0.04028318 0.85937500 -0.03100586
v 0.04663084 0.86523438 -0.02612305
v 0.04956053 0.86718750 -0.01928711
v 0.05297850 0.86328125 -0.01928711
v 0.04858397 0.86328125 -0.01586914
v 0.05151365 0.87353516 -0.02270508
v 0.05639647 0.87207031 -0.02368165
v 0.06225584 0.87353516 -0.02807618
v 0.05883787 0.86816406 -0.02465821
v 0.07104490 0.77636719 -0.05834961
v 0.06420896 0.90820312 -0.02954102
v 0.06469724 0.90771484 -0.02124024
v 0.06274412 0.90136719 -0.02563477
v 0.06518552 0.91406250 -0.03247071
v 0.04125974 0.96435547 -0.06274416
v 0.04174802 0.97167969 -0.05444337
v 0.04711911 0.96582031 -0.05541993
v 0.06469724 0.89208984 -0.01635743
v 0.06665037 0.89794922 -0.01440430
v 0.06420896 0.89208984 -0.01342774
v 0.07055662 0.90185547 -0.01684571
v 0.07299802 0.90527344 -0.01342774
v 0.06958006 0.89794922 -0.01782227
v 0.06909177 0.91015625 -0.01928712
v 0.07202146 0.90869141 -0.01489259
v 0.07641599 0.88671875 -0.02416993
v 0.07397459 0.88671875 -0.02270509
v 0.07397459 0.88037109 -0.02319337
v 0.07690427 0.89843750 -0.02221680
v 0.07495115 0.90185547 -0.01928712
v 0.07299802 0.89794922 -0.01977540
v 0.06616209 0.90087891 -0.02612305
v 0.06811521 0.90527344 -0.02514649
v 0.07055662 0.90136719 -0.02856446
v 0.07348631 0.90869141 -0.02416993
v -0.13305661 0.00488281 0.06567389
v -0.13403317 0.00830078 0.06665045
v -0.13793942 0.00830078 0.06323248
v -0.13696286 0.00537109 0.06176764
v -0.12817380 0.00341797 0.06323248
v -0.12915036 0.00537109 0.06665045
v -0.13159177 0.00244141 0.06225592
v -0.13012692 0.00878906 0.06762701
v -0.13500974 0.00292969 0.05932623
v -0.13354489 0.01074219 0.06616217
v -0.13696286 0.01025391 0.06274420
v -0.13745114 0.00634766 0.05688483
v -0.13793942 0.00927734 0.05834967
v -0.13696286 0.01220703 0.05981451
v -0.13256833 0.01367188 0.06274420
v -0.12963864 0.01074219 0.06665045
v -0.12866208 0.01318359 0.06372076
v -0.12768552 0.00732422 0.06518561
v -0.12719724 0.00585938 0.06909186
v -0.12768552 0.00976562 0.07055670
v -0.12817380 0.01025391 0.06567389
v -0.12329099 0.00537109 0.07250983
v -0.12426755 0.00976562 0.07446295
v -0.12377927 0.01220703 0.07348639
v -0.12719724 0.01220703 0.07006842
v -0.12670895 0.00537109 0.06323248
v -0.12573239 0.00341797 0.06616217
v -0.12182614 0.00244141 0.06909186
v -0.13012692 0.00195312 0.05786139
v -0.12670895 0.00244141 0.05981451
v -0.12573239 0.00488281 0.06079107
v -0.12475583 0.00341797 0.06176763
v -0.12036130 0.00146484 0.06420904
v -0.12768552 0.01220703 0.06420904
v -0.13598630 0.01562500 0.05541998
v -0.13159177 0.01708984 0.05883795
v -0.12768552 0.01660156 0.05981451
v -0.12670895 0.01416016 0.06713873
v -0.12231442 0.01513672 0.07055670
v -0.12670895 0.01562500 0.06030279
v -0.12573239 0.01757812 0.06274420
v -0.12133786 0.01855469 0.06616217
v -0.12573239 0.01904297 0.05590826
v -0.12475583 0.02099609 0.05834967
v -0.11987302 0.02246094 0.06079107
v -0.14184567 0.00488281 0.05493170
v -0.14331052 0.00830078 0.05590826
v -0.14575192 0.00732422 0.05151373
v -0.14428708 0.00488281 0.05102545
v -0.14282224 0.00341797 0.05004889
v -0.14038083 0.00292969 0.05297858
v -0.13891599 0.00927734 0.05737311
v -0.13842770 0.00537109 0.05639654
v -0.13696286 0.00390625 0.05395514
v -0.14282224 0.01123047 0.05493170
v -0.14526364 0.01123047 0.05151373
v -0.14575192 0.00927734 0.05200201
v -0.13891599 0.01171875 0.05590826
v -0.14526364 0.01318359 0.04858404
v -0.14184567 0.01464844 0.05151373
v -0.13793942 0.01464844 0.05249029
v -0.14428708 0.00537109 0.04614264
v -0.14526364 0.00830078 0.04614264
v -0.14575192 0.01025391 0.04663092
v -0.14282224 0.00390625 0.04614264
v -0.13891599 0.00244141 0.04858404
v -0.14135739 0.01855469 0.04711920
v -0.14428708 0.01611328 0.04370123
v -0.14477536 0.01074219 0.04321295
v -0.13696286 0.01855469 0.04858404
v -0.14282224 0.01904297 0.03930670
v -0.13989255 0.02148438 0.04174811
v -0.13549802 0.02099609 0.04321295
v -0.14916989 0.00488281 0.03930670
v -0.15063474 0.00781250 0.04028326
v -0.15209958 0.00878906 0.03588873
v -0.15063474 0.00537109 0.03540045
v -0.14428708 0.00341797 0.04077154
v -0.14624020 0.00537109 0.04272467
v -0.14721677 0.00341797 0.03833014
v -0.14721677 0.00781250 0.04370123
v -0.14770505 0.00292969 0.03491217
v -0.15014645 0.00976562 0.04028326
v -0.15112302 0.01171875 0.03686529
v -0.14770505 0.01025391 0.04272467
v -0.14770505 0.01318359 0.03881842
v -0.15258786 0.00976562 0.03247076
v -0.15112302 0.00585938 0.03149420
v -0.14721677 0.00341797 0.03100592
v -0.15209958 0.01123047 0.02709967
v -0.15063474 0.00634766 0.02661139
v -0.14672849 0.00390625 0.02758795
v -0.15063474 0.01416016 0.03393561
v -0.14916989 0.01660156 0.02856451
v -0.14721677 0.01611328 0.03588873
v -0.14575192 0.01855469 0.03051764
v -0.14135739 0.00390625 0.04174811
v -0.14331052 0.00634766 0.04370123
v -0.14428708 0.00878906 0.04370123
v -0.13745114 0.00292969 0.04418951
v -0.14331052 0.00244141 0.03686529
v -0.13940427 0.00390625 0.03881842
v -0.13549802 0.00390625 0.03979498
v -0.14526364 0.01074219 0.04321295
v -0.14379880 0.01318359 0.04077154
v -0.14477536 0.01367188 0.04028326
v -0.14428708 0.01611328 0.03686529
v -0.14282224 0.01611328 0.03735358
v -0.14233395 0.00244141 0.03295904
v -0.13793942 0.00390625 0.03491217
v -0.13793942 0.00390625 0.03247076
v -0.14135739 0.00292969 0.02905279
v -0.14184567 0.01904297 0.03198248
v -0.14086911 0.02148438 0.03393561
v -0.13793942 0.02343750 0.03588873
v -0.14331052 0.01855469 0.03149420
v -0.13452145 0.00341797 0.05590826
v -0.13745114 0.01025391 0.05590826
v -0.13696286 0.00634766 0.05590826
v -0.13598630 0.00488281 0.05444342
v -0.13452145 0.00439453 0.05200201
v -0.13305661 0.00341797 0.05249029
v -0.12915036 0.00244141 0.05444342
v -0.13647458 0.01367188 0.05249029
v -0.13549802 0.00292969 0.05053717
v -0.13354489 0.00341797 0.04663092
v -0.13305661 0.00537109 0.04809576
v -0.13159177 0.00488281 0.04907233
v -0.12768552 0.00390625 0.05102545
v -0.13012692 0.00585938 0.04516608
v -0.13159177 0.00585938 0.04418951
v -0.13208005 0.00488281 0.04223639
v -0.13549802 0.01708984 0.04858404
v -0.13500974 0.01953125 0.05151373
v -0.12573239 0.00292969 0.05639654
v -0.12426755 0.00634766 0.05737310
v -0.12329099 0.00439453 0.05834967
v -0.12426755 0.00537109 0.05297857
v -0.12329099 0.00830078 0.05346685
v -0.12622067 0.00585938 0.04760748
v -0.12280270 0.00634766 0.04956060
v -0.13012692 0.00439453 0.04077154
v -0.12475583 0.00439453 0.04467779
v -0.12036130 0.00390625 0.04711920
v -0.13110349 0.02099609 0.05444342
v -0.13403317 0.02001953 0.04370123
v -0.12963864 0.02392578 0.04907233
v -0.13305661 0.02294922 0.04614264
v -0.12670895 0.02050781 0.05590826
v -0.12573239 0.02343750 0.05053717
v -0.12426755 0.02197266 0.05053717
v -0.12280270 0.02343750 0.05200201
v -0.13110349 0.02441406 0.04028326
v -0.12719724 0.02587891 0.04272467
v -0.12426755 0.02539062 0.04418951
v -0.12280270 0.02539062 0.04516607
v -0.13403317 0.00390625 0.03686529
v -0.12133786 0.00097656 0.03784185
v -0.13061520 0.00195312 0.03295904
v -0.14086911 0.00341797 0.02661139
v -0.14184567 0.00244141 0.01831061
v -0.12866208 0.00048828 0.02368170
v -0.11547849 0.00000000 0.02856451
v -0.13452145 0.02294922 0.03735358
v -0.13305661 0.02294922 0.03833014
v -0.12084959 0.03027344 0.03735357
v -0.12670895 0.02880859 0.03491217
v -0.13500974 0.02783203 0.02026373
v -0.13842770 0.02392578 0.02856451
v -0.13256833 0.02636719 0.03198248
v -0.12915036 0.03173828 0.02319342
v -0.12084959 0.03466797 0.02709967
v -0.15063474 0.01269531 0.02075201
v -0.15014645 0.00683594 0.02075201
v -0.14477536 0.00390625 0.02368170
v -0.14770505 0.01806641 0.02319342
v -0.14868161 0.00683594 0.01342779
v -0.14916989 0.01367188 0.01293951
v -0.14477536 0.02050781 0.01538092
v -0.14624022 0.00732422 0.00463873
v -0.13940427 0.00244141 0.00805670
v -0.12670895 0.00097656 0.01196295
v -0.14233395 0.02099609 0.02612310
v -0.13891599 0.02490234 0.01831060
v -0.14624022 0.01464844 0.00415045
v -0.14086913 0.02343750 0.00659186
v -0.14184569 0.01562500 -0.00561518
v -0.14184569 0.00781250 -0.00512689
v -0.13549803 0.00244141 -0.00268549
v -0.13696288 0.02587891 -0.00317377
v -0.13354491 0.03173828 0.01000982
v -0.13159178 0.03613281 0.00024420
v -0.11303709 0.00097656 0.01635748
v -0.12670897 0.03710938 0.01391607
v -0.12426756 0.00146484 0.00122076
v -0.11108396 0.00146484 0.00561529
v -0.11840818 0.04101562 0.01782232
v -0.12475584 0.04394531 0.00415045
v -0.11596677 0.04882812 0.00854497
v -0.13305663 0.02783203 -0.01245112
v -0.12915038 0.04003906 -0.00952143
v -0.12231443 0.04931641 -0.00512690
v -0.10961911 0.00781250 0.08129889
v -0.11596677 0.00732422 0.07592779
v -0.11401364 0.00341797 0.07202154
v -0.10815427 0.00244141 0.07543951
v -0.11596677 0.01367188 0.07641608
v -0.10913083 0.01416016 0.08081061
v -0.10034177 0.01318359 0.07934576
v -0.10034177 0.00732422 0.07983404
v -0.10034177 0.00292969 0.07495123
v -0.11889645 0.00976562 0.07446295
v -0.11840817 0.00585938 0.07299811
v -0.11791989 0.00341797 0.07006842
v -0.11645505 0.01171875 0.07250983
v -0.11596677 0.00732422 0.07055670
v -0.11596677 0.00341797 0.06713873
v -0.11987302 0.01220703 0.07397467
v -0.11791989 0.01367188 0.07202154
v -0.11645505 0.01757812 0.06713873
v -0.11450192 0.01513672 0.06713873
v -0.11401364 0.00439453 0.06274420
v -0.11889645 0.00244141 0.05981451
v -0.11596677 0.01367188 0.07202154
v -0.11645505 0.00781250 0.07104498
v -0.11547849 0.00781250 0.06420904
v -0.11303708 0.00244141 0.06518561
v -0.10522458 0.00000000 0.06713873
v -0.11352536 0.00976562 0.06567389
v -0.10668942 0.01708984 0.07446295
v -0.11401364 0.01562500 0.07250983
v -0.11450192 0.01464844 0.06372076
v -0.11157224 0.01757812 0.06469733
v -0.11791989 0.00488281 0.05590826
v -0.11303708 0.00634766 0.05737310
v -0.11157224 0.01269531 0.05883795
v -0.11401364 0.00781250 0.05786138
v -0.11059567 0.00292969 0.05737310
v -0.10229489 0.00000000 0.05883795
v -0.11303708 0.01806641 0.06127935
v -0.11499020 0.02099609 0.06225592
v -0.11254880 0.01562500 0.05883795
v -0.10864255 0.02148438 0.05737310
v -0.10424802 0.01953125 0.06713873
v -0.10180661 0.02294922 0.05981451
v -0.10034177 0.01562500 0.07592779
v -0.09643552 0.00146484 0.06958014
v -0.09252927 0.00781250 0.07202154
v -0.09350583 0.01367188 0.07153326
v -0.09741208 0.01708984 0.06958014
v -0.09252927 0.00244141 0.06127935
v -0.08862302 0.00830078 0.06274420
v -0.09448239 0.01953125 0.06176763
v -0.08959958 0.01513672 0.06274420
v -0.09057614 0.00390625 0.05297857
v -0.08666989 0.00927734 0.05395513
v -0.08764645 0.01660156 0.05493169
v -0.09204099 0.02246094 0.05444341
v -0.12182614 0.00683594 0.05444342
v -0.12084958 0.00634766 0.05053717
v -0.11645505 0.00537109 0.05249029
v -0.11206052 0.00634766 0.05297857
v -0.12182614 0.00683594 0.05004888
v -0.11499020 0.00341797 0.04907232
v -0.11254880 0.00048828 0.04125982
v -0.10815427 0.00244141 0.05151373
v -0.09936520 0.00097656 0.05151372
v -0.11108395 0.01464844 0.05249029
v -0.11157224 0.02050781 0.05493170
v -0.10473630 0.00048828 0.04370123
v -0.11840817 0.02490234 0.05493170
v -0.11352536 0.02294922 0.05590826
v -0.11157224 0.02490234 0.05004888
v -0.11645505 0.02685547 0.04907232
v -0.12133786 0.02587891 0.04614263
v -0.10961911 0.02343750 0.05053717
v -0.11401365 0.03125000 0.04028326
v -0.10668943 0.03027344 0.04223638
v -0.10131833 0.00000000 0.03247076
v -0.11157224 0.03613281 0.03051763
v -0.09643552 0.00097656 0.04516607
v -0.08764645 0.00439453 0.04565435
v -0.10034177 0.02587891 0.05297857
v -0.10717770 0.02441406 0.05102545
v -0.09741208 0.02929688 0.04418951
v -0.08862302 0.02539062 0.04614263
v -0.09301755 0.00048828 0.03442388
v -0.08374020 0.00537109 0.03588872
v -0.09985349 0.00097656 0.02026373
v -0.09204099 0.00244141 0.02221685
v -0.09448240 0.03369141 0.03491216
v -0.10375974 0.03613281 0.03295904
v -0.08618162 0.02832031 0.03637701
v -0.10913084 0.04248047 0.02124029
v -0.10083006 0.04199219 0.02416997
v -0.09204099 0.03857422 0.02563482
v -0.08520506 0.03173828 0.02612310
v -0.10083006 0.00146484 0.00854497
v -0.13159178 0.00292969 -0.01293940
v -0.12084959 0.00146484 -0.00903315
v -0.10913084 0.00097656 -0.00512690
v -0.09936521 0.00195312 -0.00219721
v -0.09204099 0.00390625 0.01098638
v -0.09057615 0.00439453 0.00024419
v -0.10668943 0.05126953 0.01196294
v -0.11352537 0.05517578 0.00024419
v -0.10424802 0.05810547 0.00366216
v -0.11987303 0.05468750 -0.01440424
v -0.11157225 0.06201172 -0.00952143
v -0.10180663 0.06494141 -0.00463862
v -0.09741209 0.05029297 0.01440435
v -0.08862302 0.04492188 0.01538091
v -0.09399412 0.05664062 0.00610357
v -0.09057615 0.06347656 -0.00219722
v -0.08520506 0.05126953 0.00512700
v -0.08129881 0.05810547 -0.00463862
v -0.08422849 0.01074219 0.04614263
v -0.08422849 0.01855469 0.04663091
v -0.08081052 0.01220703 0.03637701
v -0.08422849 0.00732422 0.02416997
v -0.08129881 0.02099609 0.03637701
v -0.08081052 0.01464844 0.02563482
v -0.08129881 0.02343750 0.02612310
v -0.08569334 0.00927734 0.01293950
v -0.08227537 0.01611328 0.01440435
v -0.08081052 0.02587891 0.01489263
v -0.08276365 0.03662109 0.01538091
v -0.08520506 0.00976562 0.00219732
v -0.09692381 0.00146484 -0.01245112
v -0.08862302 0.00390625 -0.01000971
v -0.08276365 0.00927734 -0.00903315
v -0.08129881 0.01660156 0.00268560
v -0.07934568 0.01660156 -0.00903315
v -0.07885740 0.02783203 0.00268560
v -0.07934568 0.04101562 0.00366216
v -0.07690427 0.02880859 -0.00903315
v -0.07641599 0.04443359 -0.00952144
v -0.08032225 0.23144531 0.00073246
v -0.07739256 0.24853516 0.00463871
v -0.09252929 0.25195312 0.00073246
v -0.09594726 0.23437500 -0.00366207
v -0.09936522 0.21630859 -0.00659175
v -0.08374022 0.21386719 -0.00219722
v -0.06713866 0.21191406 -0.00659176
v -0.06420897 0.22998047 -0.00415035
v -0.06225585 0.24755859 -0.00073238
v -0.08959960 0.26269531 0.00415043
v -0.07543944 0.25781250 0.00756840
v -0.06079100 0.25830078 0.00268558
v -0.20385742 0.40527344 0.02465825
v -0.20776367 0.40478516 0.01977544
v -0.20532227 0.39697266 0.01928716
v -0.20190428 0.39746094 0.02368169
v -0.19702147 0.39843750 0.02416997
v -0.19848633 0.40576172 0.02465825
v -0.20825195 0.41259766 0.01928716
v -0.20483398 0.41308594 0.02416997
v -0.19848633 0.41308594 0.02465825
v -0.20532227 0.39697266 0.01440435
v -0.20336914 0.38964844 0.01391607
v -0.20288086 0.38916016 0.01928716
v -0.20727539 0.40429688 0.01391606
v -0.19995116 0.39013672 0.02319341
v -0.20727539 0.41210938 0.01342778
v -0.19995116 0.38330078 0.01831060
v -0.19995117 0.38378906 0.01342778
v -0.19702148 0.38427734 0.01049810
v -0.19995117 0.39111328 0.01049810
v -0.20141602 0.39746094 0.01049810
v -0.20483398 0.39453125 0.00610357
v -0.20727539 0.39404297 0.00122075
v -0.20385742 0.38671875 0.00073247
v -0.20141602 0.38720703 0.00561528
v -0.19946289 0.38085938 0.00024419
v -0.19702148 0.38183594 0.00463872
v -0.20629883 0.39501953 -0.00366206
v -0.20288086 0.38769531 -0.00415034
v -0.19848633 0.38183594 -0.00463862
v -0.21118164 0.40185547 0.00170904
v -0.20874023 0.40234375 0.00659185
v -0.20922852 0.41064453 0.00708013
v -0.21215820 0.41064453 0.00219732
v -0.20971680 0.40234375 -0.00366206
v -0.21020508 0.41064453 -0.00366206
v -0.20239258 0.40429688 0.01000981
v -0.20239258 0.41162109 0.01000981
v -0.20336914 0.40332031 0.00854497
v -0.20385742 0.41064453 0.00854497
v -0.19799805 0.40429688 0.00561528
v -0.19799805 0.41064453 0.00610356
v -0.19702148 0.38964844 0.00659185
v -0.20043945 0.39648438 0.00756841
v -0.19702147 0.38378906 0.02221685
v -0.19604491 0.37646484 0.01733403
v -0.19458006 0.37792969 0.02075200
v -0.19116209 0.37841797 0.02026372
v -0.19213866 0.37646484 0.01586919
v -0.19702148 0.37792969 0.01342778
v -0.19409180 0.37792969 0.01196294
v -0.19262694 0.38476562 0.02270513
v -0.19555663 0.39160156 0.02368169
v -0.18872069 0.38085938 0.01879888
v -0.18920898 0.37988281 0.01489263
v -0.19165039 0.38037109 0.01147466
v -0.18969725 0.38623047 0.01977544
v -0.18920898 0.38671875 0.01440435
v -0.19165039 0.39306641 0.02075200
v -0.19165039 0.39355469 0.01489263
v -0.19311523 0.39941406 0.02124028
v -0.19409180 0.40576172 0.02124028
v -0.19360352 0.41210938 0.02124028
v -0.19311523 0.39941406 0.01538091
v -0.19311523 0.40527344 0.01538091
v -0.19311523 0.41162109 0.01489263
v -0.19262695 0.38574219 0.01049810
v -0.19506836 0.39257812 0.01098638
v -0.19311523 0.37597656 0.00317388
v -0.19360352 0.37402344 -0.00073237
v -0.19409180 0.37548828 -0.00463862
v -0.19311523 0.38378906 0.00561528
v -0.18969727 0.37695312 0.00366216
v -0.18969727 0.38623047 0.00366216
v -0.19360352 0.39208984 0.00415044
v -0.19604492 0.39794922 0.00512700
v -0.18872070 0.37500000 -0.00122065
v -0.18774414 0.38037109 0.00219731
v -0.18676758 0.37939453 -0.00170894
v -0.18872070 0.38720703 -0.00122065
v -0.19262695 0.39306641 -0.00073237
v -0.19702148 0.39892578 0.01098638
v -0.19702148 0.40478516 0.01098638
v -0.19702148 0.41113281 0.01049810
v -0.19653320 0.40478516 0.00024419
v -0.19506836 0.39892578 -0.00024409
v -0.19604492 0.41113281 0.00024419
v -0.19750977 0.39843750 -0.00512690
v -0.19946289 0.40478516 -0.00512690
v -0.19897461 0.41113281 -0.00512690
v -0.20434570 0.42089844 0.02368169
v -0.20825195 0.42089844 0.01879888
v -0.19799805 0.41992188 0.02465825
v -0.20922852 0.42773438 0.01879888
v -0.20434570 0.42724609 0.02368169
v -0.19750977 0.42529297 0.02416997
v -0.20727539 0.41992188 0.01245122
v -0.20825195 0.42675781 0.01147466
v -0.20874023 0.43359375 0.01831060
v -0.20336914 0.43261719 0.02319341
v -0.19702148 0.43066406 0.02416997
v -0.21020508 0.43359375 0.01245122
v -0.20971680 0.44140625 0.01196294
v -0.20776367 0.44091797 0.01782231
v -0.20141602 0.43945312 0.02270512
v -0.19555664 0.43701172 0.02368169
v -0.20971680 0.41894531 0.00756841
v -0.21313477 0.41992188 0.00219732
v -0.21069336 0.41943359 -0.00366206
v -0.20971680 0.42675781 0.00903325
v -0.21411133 0.42675781 0.00268560
v -0.21166992 0.42578125 -0.00366206
v -0.20190430 0.41748047 0.00952153
v -0.20336914 0.41748047 0.00854497
v -0.19750977 0.41650391 0.00659185
v -0.20239258 0.42138672 0.00903325
v -0.20288086 0.42138672 0.00854497
v -0.19653320 0.41943359 0.00659184
v -0.21166992 0.43408203 0.00903325
v -0.21459961 0.43359375 0.00317388
v -0.21264648 0.44189453 0.00268560
v -0.21069336 0.44140625 0.00854497
v -0.21362305 0.43359375 -0.00317378
v -0.21215820 0.44140625 -0.00268550
v -0.19262695 0.41748047 0.02124028
v -0.19165039 0.42236328 0.02075200
v -0.19213867 0.41650391 0.01440434
v -0.19116211 0.42041016 0.01440434
v -0.19067383 0.42675781 0.02026372
v -0.19506836 0.42968750 0.02368169
v -0.19262695 0.43505859 0.02319341
v -0.19848633 0.44824219 0.02124028
v -0.19311523 0.44433594 0.02368169
v -0.19018555 0.43994141 0.02270512
v -0.18872070 0.43212891 0.01977544
v -0.18920898 0.42480469 0.01391606
v -0.18725586 0.43017578 0.01342778
v -0.18676758 0.43701172 0.01928715
v -0.18530273 0.43603516 0.01342778
v -0.19604492 0.41650391 0.00952153
v -0.19506836 0.41943359 0.00854497
v -0.19555664 0.41650391 0.00024419
v -0.19848633 0.41650391 -0.00512690
v -0.19458008 0.41943359 0.00024419
v -0.19116211 0.42285156 0.00024419
v -0.19067383 0.42382812 0.00708013
v -0.19799805 0.41894531 -0.00561519
v -0.19262695 0.42333984 -0.00708003
v -0.18774414 0.42919922 0.00659184
v -0.18872070 0.42919922 -0.00024409
v -0.18530273 0.43750000 0.00561528
v -0.18627930 0.43798828 -0.00024409
v -0.18920898 0.42968750 -0.00659175
v -0.20434570 0.45019531 0.01586919
v -0.20776367 0.45117188 0.00854497
v -0.20532227 0.46142578 0.00756841
v -0.20092773 0.46093750 0.01489262
v -0.19311523 0.46044922 0.02124028
v -0.20971680 0.45117188 0.00122075
v -0.20727539 0.46142578 -0.00024409
v -0.20776367 0.46093750 -0.00756831
v -0.21020508 0.45068359 -0.00708003
v -0.19848633 0.47119141 0.01293950
v -0.20288086 0.47119141 0.00610356
v -0.20483398 0.47119141 -0.00122066
v -0.18872070 0.44628906 0.02416997
v -0.18920898 0.45312500 0.02465825
v -0.18774414 0.44140625 0.02221684
v -0.18383789 0.44628906 0.02905278
v -0.18579102 0.44335938 0.02612309
v -0.18579102 0.44091797 0.02270512
v -0.18579102 0.43798828 0.01879887
v -0.18432617 0.43847656 0.01928715
v -0.17846680 0.44873047 0.03051762
v -0.18041992 0.45556641 0.02758794
v -0.18188477 0.46435547 0.02563481
v -0.19165039 0.47167969 0.01879887
v -0.18286133 0.47314453 0.02172856
v -0.19555664 0.48144531 0.01049809
v -0.19018555 0.48095703 0.01489262
v -0.18237305 0.48046875 0.01684575
v -0.19946289 0.48144531 0.00463872
v -0.19506836 0.49218750 0.00219731
v -0.19116211 0.49121094 0.00756840
v -0.18676758 0.48974609 0.01098637
v -0.20190430 0.48144531 -0.00268550
v -0.19799805 0.49218750 -0.00512691
v -0.18090820 0.48828125 0.01245121
v -0.19311523 0.49804688 0.00122075
v -0.18920898 0.49707031 0.00659184
v -0.18432617 0.49560547 0.01000981
v -0.19604492 0.49804688 -0.00610347
v -0.18432617 0.50683594 0.00659184
v -0.19018555 0.50830078 -0.00024410
v -0.19360352 0.50830078 -0.00903316
v -0.17651366 0.41894531 0.03344731
v -0.18139647 0.41845703 0.03198247
v -0.18041991 0.41162109 0.03247075
v -0.17651366 0.41064453 0.03344731
v -0.18334961 0.41796875 0.02758794
v -0.18139647 0.41113281 0.02856450
v -0.17602538 0.40917969 0.02905278
v -0.17651366 0.42529297 0.03442387
v -0.18188475 0.42480469 0.03198247
v -0.18383789 0.42431641 0.02709966
v -0.17211913 0.41210938 0.03247075
v -0.17163084 0.41894531 0.03198247
v -0.17065428 0.41162109 0.02905278
v -0.16918945 0.41845703 0.02856450
v -0.17163084 0.42529297 0.03247075
v -0.17700194 0.42919922 0.03393559
v -0.18188477 0.42871094 0.03149419
v -0.18383789 0.42822266 0.02661137
v -0.17700195 0.43652344 0.03247075
v -0.18188477 0.43554688 0.03051762
v -0.18383789 0.43408203 0.02563481
v -0.17163086 0.42919922 0.03198247
v -0.17163086 0.43603516 0.03051762
v -0.18237305 0.44140625 0.03002934
v -0.17749023 0.44335938 0.03149419
v -0.17163086 0.44335938 0.03002934
v -0.16918945 0.42480469 0.02807622
v -0.16918945 0.42871094 0.02709965
v -0.16967773 0.43505859 0.02612309
v -0.18139648 0.41796875 0.02270512
v -0.17993164 0.41210938 0.02465825
v -0.17553711 0.41113281 0.02416997
v -0.17553711 0.41796875 0.02124028
v -0.18188477 0.42382812 0.02221684
v -0.17602539 0.42382812 0.02026372
v -0.17114258 0.41259766 0.02514653
v -0.17016602 0.41845703 0.02368169
v -0.17065430 0.42431641 0.02270512
v -0.18188477 0.42773438 0.02172856
v -0.18188477 0.43310547 0.02075200
v -0.18286133 0.43701172 0.01977544
v -0.18481445 0.43847656 0.02465825
v -0.18481445 0.43945312 0.02612309
v -0.17651367 0.42773438 0.01977544
v -0.17700195 0.43261719 0.01831059
v -0.18334961 0.43798828 0.01293950
v -0.17993164 0.43603516 0.01635747
v -0.18139648 0.43798828 0.01538091
v -0.17700195 0.43847656 0.01342778
v -0.17700195 0.43652344 0.01538090
v -0.17114258 0.42822266 0.02221684
v -0.17114258 0.43359375 0.02075200
v -0.17114258 0.43847656 0.01733403
v -0.18139648 0.44042969 0.00805669
v -0.17163086 0.44189453 0.01440434
v -0.16870117 0.44189453 0.02514653
v -0.17016602 0.43945312 0.01879887
v -0.17163086 0.44921875 0.02856450
v -0.17211914 0.45605469 0.02612309
v -0.17163086 0.46435547 0.02368168
v -0.17260742 0.47167969 0.01928715
v -0.16772461 0.44726562 0.02319340
v -0.16772461 0.45361328 0.02075200
v -0.16674805 0.46093750 0.01733403
v -0.17749023 0.44238281 0.00854497
v -0.17993164 0.44775391 -0.00268550
v -0.17846680 0.44531250 0.00317387
v -0.17163086 0.44677734 0.01000981
v -0.17114258 0.45166016 0.00415043
v -0.17309570 0.45703125 -0.00415035
v -0.17163086 0.45361328 0.00122075
v -0.16870117 0.44433594 0.01733403
v -0.16772461 0.45019531 0.01440434
v -0.16772461 0.46777344 0.01293950
v -0.16674805 0.45654297 0.00952153
v -0.16772461 0.46240234 0.00512700
v -0.17407227 0.47802734 0.01489262
v -0.16918945 0.47412109 0.00854496
v -0.16918945 0.46826172 -0.00073238
v -0.17407227 0.48486328 0.00952153
v -0.17065430 0.48144531 0.00366215
v -0.17944336 0.49316406 0.01098637
v -0.17260742 0.48925781 0.00805668
v -0.17553711 0.50341797 0.00903325
v -0.16918945 0.48632812 0.00219731
v -0.16772461 0.49902344 0.00512699
v -0.16967773 0.47802734 -0.00219722
v -0.16821289 0.48437500 -0.00366207
v -0.17114258 0.51318359 0.00659184
v -0.16333008 0.50830078 0.00268559
v -0.15893555 0.50341797 -0.00708004
v -0.16381836 0.49462891 -0.00415035
v -0.09350585 0.28710938 0.00561527
v -0.09204101 0.30078125 0.00854496
v -0.09741210 0.30566406 0.00073246
v -0.09838866 0.29003906 -0.00268551
v -0.09008788 0.30957031 0.01147465
v -0.09643554 0.32324219 0.00708012
v -0.10278320 0.29345703 -0.01489254
v -0.10229491 0.30957031 -0.01147457
v -0.10278320 0.32714844 -0.00854488
v -0.10717773 0.23779297 -0.01391597
v -0.10327148 0.25683594 -0.00903316
v -0.09887695 0.27343750 -0.00366207
v -0.08666991 0.27099609 0.00903324
v -0.09350585 0.27685547 0.00366215
v -0.07397459 0.26611328 0.01196293
v -0.07202147 0.27978516 0.01782230
v -0.08569334 0.28320312 0.01391605
v -0.08374023 0.29833984 0.01635746
v -0.07104491 0.29589844 0.02075199
v -0.06176757 0.26757812 0.00854496
v -0.06030272 0.27929688 0.01489261
v -0.05981444 0.29492188 0.01782230
v -0.08374023 0.31005859 0.01733402
v -0.07006835 0.30810547 0.02124027
v -0.08520507 0.32177734 0.01928715
v -0.06958007 0.31982422 0.02368168
v -0.05883788 0.30615234 0.01928714
v -0.05493163 0.31738281 0.02075199
v -0.08520507 0.33886719 0.02368168
v -0.09838866 0.34179688 0.01098637
v -0.10473632 0.34375000 -0.00561520
v -0.08471679 0.35839844 0.02905277
v -0.09936523 0.36132812 0.01538090
v -0.10668945 0.36328125 -0.00268551
v -0.09985351 0.38671875 0.02026371
v -0.10717773 0.38818359 0.00024418
v -0.08422851 0.38427734 0.03491214
v -0.06762695 0.35595703 0.03295902
v -0.06909179 0.33642578 0.02807621
v -0.05200194 0.33398438 0.02416996
v -0.05004882 0.35449219 0.02856448
v -0.06518554 0.38183594 0.03930667
v -0.04663085 0.37939453 0.03540042
v -0.05346679 0.27050781 0.00366214
v -0.04809569 0.26416016 -0.00610348
v -0.05004882 0.24853516 -0.01147457
v -0.05151366 0.28027344 0.00756839
v -0.05102538 0.29443359 0.01147464
v -0.04418944 0.27978516 -0.00122067
v -0.04321288 0.29589844 0.00366214
v -0.05151366 0.30371094 0.01440433
v -0.04174804 0.31298828 0.00952152
v -0.03735351 0.28027344 -0.01440426
v -0.03588866 0.29687500 -0.00952145
v -0.03295898 0.31396484 -0.00463864
v -0.03833007 0.33251953 0.01440433
v -0.03540038 0.35302734 0.01879886
v -0.03002929 0.33203125 0.00024417
v -0.02563476 0.35205078 0.00463870
v -0.03100585 0.37792969 0.02514651
v -0.02026366 0.37744141 0.00952151
v -0.03051757 0.31542969 -0.01977536
v -0.02661132 0.33300781 -0.01635739
v -0.02172851 0.35253906 -0.01293943
v -0.01538086 0.37792969 -0.00903318
v -0.10815429 0.41308594 0.00268558
v -0.09936523 0.41162109 0.02368168
v -0.08374023 0.40917969 0.03930667
v -0.10668945 0.36425781 -0.02075191
v -0.10717773 0.38867188 -0.01928707
v -0.10815430 0.41357422 -0.01831051
v -0.08227538 0.43505859 0.04174808
v -0.09838866 0.43798828 0.02563480
v -0.10766602 0.43945312 0.00366214
v -0.10766602 0.43994141 -0.01831051
v -0.06323241 0.40576172 0.04418948
v -0.04321288 0.40283203 0.04125980
v -0.06127929 0.43115234 0.04711917
v -0.04077148 0.42675781 0.04418948
v -0.09643554 0.46093750 0.02563480
v -0.08032226 0.45654297 0.04174808
v -0.05932616 0.45166016 0.04809573
v -0.10571289 0.46337891 0.00366214
v -0.10180664 0.48583984 0.00366214
v -0.09350585 0.48291016 0.02612308
v -0.07739257 0.47802734 0.04125980
v -0.10522461 0.46435547 -0.01879879
v -0.10180664 0.48583984 -0.01977536
v -0.08911133 0.50244141 0.02563480
v -0.09692383 0.50537109 0.00366214
v -0.09741211 0.50537109 -0.01977536
v -0.05639648 0.47119141 0.04663089
v -0.05346679 0.49072266 0.04418948
v -0.07348632 0.49804688 0.03881839
v -0.06909179 0.51513672 0.03637698
v -0.08422852 0.52001953 0.02465823
v -0.05200195 0.50927734 0.04272464
v -0.02661132 0.40136719 0.03051760
v -0.02368163 0.42333984 0.03393557
v -0.03833007 0.44580078 0.04516604
v -0.02124023 0.44091797 0.03491214
v -0.01586914 0.40039062 0.01342776
v -0.01245117 0.42138672 0.01635745
v -0.01049804 0.43798828 0.01831057
v -0.01049804 0.40039062 -0.00610349
v -0.00708008 0.42089844 -0.00463865
v -0.00610351 0.43750000 -0.00415037
v -0.03588866 0.46289062 0.04516604
v -0.01928710 0.45458984 0.03540042
v -0.03198241 0.48193359 0.04418948
v -0.01635742 0.46435547 0.03735354
v -0.03491210 0.50341797 0.04663088
v -0.00805663 0.46191406 0.03784182
v -0.01635741 0.47802734 0.04663088
v -0.01782226 0.49902344 0.05102541
v -0.01049804 0.44970703 0.02124026
v -0.00952148 0.45410156 0.02319338
v -0.00512695 0.45361328 0.02319338
v 0.00024415 0.47607422 0.04907228
v 0.00024415 0.46093750 0.03881838
v 0.00024415 0.45361328 0.02368166
v -0.03588867 0.52246094 0.04907229
v -0.01831054 0.51904297 0.05395510
v 0.00024415 0.49707031 0.05346682
v 0.00024415 0.51757812 0.05541994
v -0.00610351 0.44824219 -0.00366209
v -0.00708007 0.44824219 0.00854494
v -0.00561523 0.45117188 0.00805666
v -0.00317382 0.45117188 0.00854494
v 0.00024414 0.45117188 0.00854494
v -0.00561523 0.45117188 -0.00366209
v -0.00317383 0.45166016 -0.00366209
v 0.00024414 0.45166016 -0.00366209
v -0.18041992 0.51708984 0.00512699
v -0.18725586 0.51855469 -0.00122066
v -0.16674805 0.52343750 0.00512699
v -0.17700195 0.52734375 0.00366215
v -0.18383789 0.52929688 -0.00317379
v -0.16137695 0.53710938 0.00366215
v -0.17163086 0.54199219 0.00170902
v -0.17895508 0.54443359 -0.00512691
v -0.15795898 0.51806641 0.00073246
v -0.15356445 0.51318359 -0.00903316
v -0.15112305 0.53125000 -0.00122067
v -0.14575195 0.52685547 -0.01147457
v -0.15502930 0.55224609 0.00219730
v -0.16674805 0.55712891 0.00170902
v -0.17553711 0.55957031 -0.00561520
v -0.14428711 0.54589844 -0.00219723
v -0.14965820 0.56542969 0.00122074
v -0.16235352 0.57177734 0.00073246
v -0.17114258 0.57519531 -0.00708004
v -0.13793945 0.55859375 -0.00317379
v -0.16625977 0.59130859 -0.00952145
v -0.15649414 0.58691406 -0.00170895
v -0.14428711 0.58056641 -0.00122067
v -0.13208008 0.57324219 -0.00512692
v -0.09204102 0.52294922 0.00415042
v -0.09252930 0.52343750 -0.01879880
v -0.06616211 0.53125000 0.03686526
v -0.07983398 0.53564453 0.02465823
v -0.05102539 0.52685547 0.04418948
v -0.06420898 0.54785156 0.03784182
v -0.07641602 0.55126953 0.02465823
v -0.05004882 0.54443359 0.04516604
v -0.07202148 0.56689453 0.02416995
v -0.06127929 0.56445312 0.03784182
v -0.04760742 0.56250000 0.04516604
v -0.08764648 0.53857422 0.00512698
v -0.08764649 0.53955078 -0.01733396
v -0.08325195 0.55371094 0.00561526
v -0.08325196 0.55468750 -0.01538083
v -0.07690430 0.56835938 0.00610354
v -0.07690430 0.56982422 -0.01293943
v -0.07397461 0.58349609 0.00659182
v -0.06909180 0.58251953 0.02465823
v -0.05786133 0.58105469 0.03686526
v -0.07006836 0.60009766 0.00610354
v -0.06616211 0.60009766 0.02319338
v -0.05590820 0.60009766 0.03588869
v -0.07299805 0.58398438 -0.01098630
v -0.06909180 0.60058594 -0.00952146
v -0.06518555 0.61962891 0.02270510
v -0.06958009 0.61914062 0.00561526
v -0.05444336 0.61962891 0.03588869
v -0.07104493 0.63574219 0.00415041
v -0.06665039 0.64111328 0.02368166
v -0.05541992 0.63964844 0.03881838
v -0.06762696 0.61865234 -0.01049802
v -0.06958009 0.63330078 -0.01293943
v -0.03540039 0.54150391 0.05053713
v -0.01782226 0.53906250 0.05493166
v -0.03344726 0.56054688 0.05053713
v -0.01684570 0.55859375 0.05493166
v -0.04516601 0.58007812 0.04418948
v -0.03149414 0.57910156 0.05004885
v -0.01538086 0.57763672 0.05249025
v 0.00024415 0.53808594 0.05639650
v 0.00024415 0.55810547 0.05541994
v 0.00024414 0.57714844 0.05249025
v -0.04321289 0.59960938 0.04370119
v -0.02954101 0.59863281 0.05004885
v -0.01489258 0.59765625 0.05249025
v -0.04272461 0.61865234 0.04516604
v -0.04272461 0.63916016 0.04809572
v -0.02905273 0.61816406 0.05151369
v -0.02856445 0.63867188 0.05346681
v 0.00024414 0.59716797 0.05249025
v -0.01391601 0.61767578 0.05395509
v -0.01391601 0.63867188 0.05590821
v 0.00024414 0.61767578 0.05395509
v 0.00024414 0.63867188 0.05541993
v -0.11547852 0.64746094 0.00122073
v -0.12866211 0.65332031 -0.00219724
v -0.13354492 0.64062500 -0.00366208
v -0.12084962 0.63378906 -0.00024411
v -0.10913087 0.62841797 -0.00610349
v -0.10375977 0.64208984 -0.00512693
v -0.09936524 0.65576172 -0.00268552
v -0.11108399 0.66113281 0.00317385
v -0.12426759 0.66699219 -0.00073239
v -0.10668946 0.67626953 0.00512698
v -0.11938477 0.68212891 0.00073245
v -0.09497071 0.67041016 0.00073245
v -0.10327149 0.68945312 0.00708010
v -0.11596680 0.69482422 0.00122073
v -0.13354494 0.67187500 -0.01293942
v -0.12866212 0.68603516 -0.01196286
v -0.12524416 0.69824219 -0.01196286
v -0.09155274 0.68505859 0.00366213
v -0.09204102 0.65234375 -0.01440427
v -0.08813477 0.66455078 -0.01147459
v -0.08471680 0.67675781 -0.00952146
v -0.06420898 0.66162109 0.03198244
v -0.06469727 0.67773438 0.03588869
v -0.06958009 0.68164062 0.02954104
v -0.07006837 0.67187500 0.02368166
v -0.07250977 0.65820312 0.01440432
v -0.05444336 0.65820312 0.04223635
v -0.05493164 0.67431641 0.04467775
v -0.05639649 0.68896484 0.04663088
v -0.06713867 0.69238281 0.03735353
v -0.07397462 0.65087891 -0.00024412
v -0.07348634 0.64746094 -0.01635740
v -0.10083009 0.70214844 0.00854495
v -0.08959962 0.69775391 0.00805666
v -0.07446290 0.68603516 0.01782229
v -0.07739259 0.67333984 0.00805666
v -0.07739259 0.68408203 0.00317385
v -0.07836915 0.69433594 0.01147463
v -0.07543946 0.70019531 0.02563478
v -0.07836915 0.66503906 -0.00512693
v -0.08081055 0.67578125 -0.00805662
v -0.08178712 0.70117188 0.00708010
v -0.07788087 0.69189453 -0.00024412
v -0.07836915 0.67968750 -0.00903318
v -0.11303712 0.70703125 0.00219729
v -0.12329102 0.71093750 -0.01098630
v -0.09985352 0.71582031 0.00952151
v -0.11206055 0.72021484 0.00219729
v -0.12133791 0.72412109 -0.01098630
v -0.08764649 0.71093750 0.01293947
v -0.10961915 0.73388672 0.00122073
v -0.09887696 0.72851562 0.00952151
v -0.08911134 0.72412109 0.01440432
v -0.11791994 0.73730469 -0.01196287
v -0.09643555 0.74121094 0.00854494
v -0.10620118 0.74658203 0.00024416
v -0.11352541 0.75048828 -0.01293943
v -0.08715821 0.73681641 0.01391604
v -0.09301759 0.75244141 0.00659182
v -0.10131837 0.75830078 -0.00170896
v -0.10717775 0.76220703 -0.01489256
v -0.08520509 0.74560547 0.01196291
v -0.06713868 0.70703125 0.03491213
v -0.07299805 0.71191406 0.02856447
v -0.05688477 0.70458984 0.04272463
v -0.05639649 0.72265625 0.03540041
v -0.06811524 0.72607422 0.02758791
v -0.08178712 0.71093750 0.01538088
v -0.08422852 0.70117188 0.00610354
v -0.08276368 0.69287109 -0.00122068
v -0.08081055 0.72167969 0.01831057
v -0.07836915 0.73583984 0.01733400
v -0.06274415 0.74316406 0.02221681
v -0.07348634 0.75048828 0.01391603
v -0.08178712 0.75683594 0.00805666
v -0.08813477 0.76171875 0.00366213
v -0.05493165 0.74072266 0.02661134
v -0.06811524 0.76318359 0.00756838
v -0.05444337 0.75830078 0.01684572
v -0.04223633 0.65722656 0.05053712
v -0.02856445 0.65771484 0.05493166
v -0.04223633 0.67333984 0.05102541
v -0.04370117 0.68798828 0.05200197
v -0.02856445 0.67480469 0.05444337
v -0.02905274 0.68847656 0.05493166
v -0.01342773 0.65771484 0.05688478
v 0.00024414 0.65820312 0.05688478
v -0.01391602 0.67578125 0.05590821
v -0.01391602 0.68945312 0.05590821
v 0.00024414 0.67626953 0.05541993
v 0.00024414 0.68945312 0.05444337
v -0.04418946 0.70410156 0.04809572
v -0.04321289 0.72070312 0.04077150
v -0.02954102 0.70361328 0.05102541
v -0.02905274 0.72021484 0.04418946
v -0.04174805 0.73828125 0.03198243
v -0.02758790 0.73730469 0.03540040
v -0.03930665 0.75537109 0.02270509
v -0.02563477 0.75439453 0.02612306
v -0.01440430 0.70410156 0.05249025
v -0.01342774 0.71972656 0.04565430
v 0.00024414 0.70410156 0.05200196
v 0.00024414 0.71923828 0.04516602
v -0.01293946 0.73632812 0.03735352
v -0.01293946 0.75390625 0.02758790
v 0.00024414 0.73535156 0.03735352
v 0.00024413 0.75244141 0.02758790
v -0.09399416 0.76757812 -0.00415037
v -0.07836916 0.76855469 0.00073244
v -0.08422853 0.77392578 -0.00805662
v -0.06127931 0.77539062 0.00024416
v -0.06811525 0.77783203 -0.00756834
v -0.07250978 0.77929688 -0.01342772
v -0.04956056 0.77343750 0.00805665
v -0.03588868 0.85644531 0.06567384
v -0.03198243 0.86279297 0.06860353
v -0.04028321 0.86718750 0.06420900
v -0.04370118 0.86035156 0.06079103
v -0.02416993 0.85888672 0.07055664
v -0.02807618 0.85351562 0.06860352
v -0.03051759 0.84716797 0.06567384
v -0.03686524 0.84912109 0.06176759
v -0.04272462 0.85205078 0.05590821
v -0.02563477 0.86816406 0.07006836
v -0.03540040 0.87255859 0.06665041
v -0.04956055 0.86523438 0.05444337
v -0.04711915 0.87255859 0.05932618
v -0.04223634 0.87695312 0.06225587
v -0.01928712 0.86425781 0.07153320
v -0.01977540 0.83642578 0.06567383
v -0.02368165 0.84130859 0.06616211
v -0.02856446 0.84033203 0.06274416
v -0.02416993 0.83300781 0.06079102
v -0.02612305 0.84667969 0.06713867
v -0.03393555 0.84033203 0.05688477
v -0.02807618 0.83007812 0.05200196
v -0.01635743 0.84033203 0.06811523
v -0.01977540 0.84326172 0.06811523
v -0.02221680 0.84667969 0.06860352
v -0.01342774 0.84326172 0.06958008
v -0.01684571 0.84472656 0.06909180
v -0.01928711 0.84619141 0.06909180
v -0.01147461 0.83789062 0.06860352
v -0.01440430 0.83300781 0.06567383
v -0.01733399 0.82763672 0.06127930
v -0.00952149 0.84179688 0.07006836
v -0.00854493 0.82470703 0.06274414
v -0.00708008 0.83105469 0.06616211
v -0.01879884 0.82373047 0.05639649
v -0.01000977 0.82031250 0.05932618
v 0.00024413 0.83007812 0.06616211
v 0.00024413 0.82324219 0.06323242
v 0.00024413 0.81884766 0.06079102
v -0.00610352 0.83642578 0.06860352
v -0.00903321 0.84423828 0.07104492
v -0.01245118 0.84472656 0.07055664
v -0.01538086 0.84570312 0.06958008
v -0.00512696 0.84130859 0.07104492
v -0.00463868 0.84326172 0.07202148
v 0.00024414 0.84326172 0.07202148
v 0.00024414 0.84082031 0.07104492
v 0.00024413 0.83642578 0.06909180
v -0.00854493 0.84521484 0.07104492
v -0.00415040 0.84521484 0.07153320
v 0.00024413 0.84521484 0.07202148
v -0.02270508 0.85156250 0.06958008
v -0.01635743 0.85595703 0.07153320
v -0.01391602 0.86132812 0.07202148
v -0.01879883 0.84912109 0.07006836
v -0.01440430 0.85107422 0.07153320
v -0.00952149 0.85156250 0.07299805
v -0.01000977 0.85595703 0.07299805
v -0.00952149 0.85986328 0.07348633
v -0.01635743 0.84765625 0.07006836
v -0.01733399 0.84619141 0.06958008
v -0.01489258 0.84667969 0.07055664
v -0.01391602 0.84619141 0.06958008
v -0.01489258 0.84619141 0.06909180
v -0.01342774 0.84619141 0.06958008
v -0.01293946 0.84814453 0.07153320
v -0.01196290 0.84667969 0.07104492
v -0.01293946 0.86914062 0.07202148
v -0.01831055 0.87255859 0.07104492
v -0.01147462 0.86572266 0.07299805
v -0.01147462 0.87304688 0.07250977
v -0.01391602 0.87646484 0.07104492
v -0.01635743 0.88037109 0.07006836
v -0.02172852 0.87646484 0.06958008
v -0.00903321 0.86865234 0.07885742
v -0.00659180 0.86621094 0.08032227
v -0.00512696 0.86718750 0.08276367
v -0.00659180 0.87011719 0.08227539
v -0.00708008 0.87255859 0.08081055
v -0.00952149 0.87011719 0.07788086
v -0.00756837 0.86425781 0.07690430
v -0.01049805 0.86718750 0.07543945
v -0.00317383 0.86230469 0.07885742
v -0.00317383 0.86474609 0.08178711
v -0.00268555 0.86718750 0.08422852
v -0.00854493 0.86230469 0.07397461
v -0.00366212 0.85986328 0.07543945
v 0.00024414 0.86425781 0.08276367
v 0.00024414 0.86132812 0.07934570
v 0.00024413 0.85937500 0.07592773
v 0.00024414 0.86718750 0.08471680
v -0.00366211 0.87060547 0.08471680
v -0.00366211 0.87353516 0.08374023
v -0.00903321 0.87304688 0.07592773
v -0.00708008 0.87597656 0.07836914
v -0.00366212 0.87695312 0.08032227
v 0.00024414 0.87060547 0.08569336
v 0.00024414 0.87353516 0.08471680
v 0.00024413 0.87744141 0.08129883
v -0.01147461 0.84570312 0.07006836
v -0.01147461 0.84570312 0.07055664
v -0.00805665 0.84521484 0.07104492
v -0.00854493 0.84619141 0.07202148
v -0.00903321 0.84814453 0.07250977
v -0.01342774 0.84619141 0.06860352
v -0.01098633 0.84570312 0.06909180
v -0.00805665 0.84570312 0.07006836
v -0.00415040 0.84521484 0.07055664
v -0.00463868 0.84619141 0.07299805
v -0.00415040 0.84521484 0.07202148
v -0.00463868 0.84765625 0.07348633
v -0.00463868 0.85156250 0.07397461
v -0.00463868 0.85546875 0.07446289
v -0.00415040 0.85839844 0.07495117
v 0.00024414 0.84472656 0.07250977
v 0.00024414 0.84619141 0.07348633
v 0.00024414 0.84765625 0.07397461
v 0.00024413 0.84521484 0.07104492
v 0.00024414 0.85156250 0.07446289
v 0.00024413 0.85546875 0.07495117
v 0.00024413 0.85791016 0.07543945
v -0.01098633 0.87060547 0.07397461
v -0.00952149 0.87695312 0.07348633
v -0.00659180 0.88085938 0.07495117
v -0.01098634 0.88183594 0.07153320
v -0.03588868 0.77148438 0.01391603
v -0.04711915 0.77685547 0.00170900
v -0.05737306 0.77880859 -0.00512694
v -0.06323244 0.78027344 -0.01196288
v -0.03393556 0.77490234 0.00756837
v -0.03881837 0.78222656 -0.00561522
v -0.04956056 0.77929688 -0.00512694
v -0.02221681 0.77050781 0.01684571
v -0.02075196 0.77392578 0.01147462
v -0.01879884 0.78027344 0.00561524
v -0.02709962 0.78222656 -0.00024413
v -0.03442384 0.78515625 -0.00610350
v -0.01196290 0.76904297 0.01879884
v -0.00952149 0.77148438 0.01440430
v -0.00854493 0.77880859 0.00903321
v -0.00805665 0.78710938 0.00708009
v -0.01733400 0.78955078 0.00366212
v -0.02416993 0.79199219 -0.00170898
v 0.00024413 0.76416016 0.01977540
v -0.00610352 0.76562500 0.01977540
v -0.00463868 0.76806641 0.01684571
v 0.00024413 0.76611328 0.01684571
v 0.00024413 0.76953125 0.01342774
v 0.00024413 0.77734375 0.00952149
v 0.00024413 0.78710938 0.00756837
v -0.00805665 0.79736328 0.00659180
v -0.01635743 0.79931641 0.00415040
v -0.02319337 0.80175781 -0.00073241
v -0.01635743 0.80957031 0.00561524
v -0.02319337 0.81201172 0.00170899
v -0.00854493 0.80761719 0.00854493
v -0.01684572 0.81884766 0.00854493
v -0.02368165 0.82177734 0.00415040
v -0.02807619 0.80468750 -0.00708007
v -0.02856447 0.81542969 -0.00415038
v -0.02954103 0.82568359 -0.00170898
v -0.00854493 0.81591797 0.01147461
v 0.00024413 0.79687500 0.00756836
v 0.00024413 0.80664062 0.00952149
v 0.00024413 0.81494141 0.01245118
v -0.03930665 0.83789062 0.03637696
v -0.03442384 0.83447266 0.04467774
v -0.03930665 0.84277344 0.05004884
v -0.04370118 0.84619141 0.04174806
v -0.04760743 0.85546875 0.04809571
v -0.04711915 0.84960938 0.03295900
v -0.04321290 0.84130859 0.02758790
v -0.03979493 0.83544922 0.02270509
v -0.03540040 0.83154297 0.03149415
v -0.03100587 0.82812500 0.03930665
v -0.02563477 0.82470703 0.04516602
v -0.03491212 0.83154297 0.01733399
v -0.03100587 0.82714844 0.02661134
v -0.02709962 0.82421875 0.03442384
v -0.05200196 0.85986328 0.03930665
v -0.05444337 0.87158203 0.04614259
v -0.05151368 0.87939453 0.05346681
v -0.04516602 0.88330078 0.05883790
v -0.04711915 0.84521484 0.01782227
v -0.05053712 0.85302734 0.02270509
v -0.05444337 0.86425781 0.02856446
v -0.05688478 0.87988281 0.03588868
v -0.05297853 0.88818359 0.05004884
v -0.04370119 0.83984375 0.01342774
v -0.03930666 0.83642578 0.00854493
v -0.03198244 0.83642578 0.00122071
v -0.02661134 0.82910156 0.00952149
v -0.01928712 0.82275391 0.02368165
v -0.05102541 0.85107422 0.00952149
v -0.04858400 0.84570312 0.00463868
v -0.04418947 0.84375000 0.00024415
v -0.03442384 0.84277344 -0.00805663
v -0.03247072 0.83056641 -0.01049804
v -0.05297853 0.85595703 0.01245118
v -0.05639650 0.86669922 0.01586915
v -0.05395509 0.85644531 0.00512696
v -0.05737306 0.86718750 0.00317384
v -0.05883791 0.88037109 0.01879884
v -0.05981447 0.88037109 0.00463868
v -0.05200197 0.85351562 -0.00073241
v -0.04858400 0.85205078 -0.00512694
v -0.05493166 0.86230469 -0.00415038
v -0.05834963 0.86865234 -0.00610351
v -0.05786134 0.87060547 -0.00219726
v -0.06030275 0.88037109 -0.00268554
v -0.04418947 0.85205078 -0.00952148
v -0.01879884 0.82031250 0.05004884
v -0.01000977 0.81689453 0.05395508
v -0.02368165 0.82226562 0.04028321
v -0.01831055 0.81933594 0.04321290
v -0.01000977 0.81689453 0.04418946
v -0.01000977 0.81640625 0.05004883
v -0.01928712 0.82080078 0.03393555
v -0.00952149 0.81835938 0.03442383
v -0.00952150 0.82031250 0.02416993
v 0.00024413 0.81542969 0.05590821
v 0.00024413 0.81542969 0.05151368
v 0.00024413 0.81640625 0.04516602
v 0.00024413 0.81787109 0.03442383
v 0.00024413 0.81933594 0.02465821
v -0.01782228 0.82421875 0.01342774
v -0.00903322 0.82080078 0.01684571
v 0.00024413 0.81982422 0.01831055
v -0.06274416 0.91015625 0.00561524
v -0.06127931 0.89453125 0.00561524
v -0.05981447 0.89501953 0.01977540
v -0.06079103 0.91015625 0.02075196
v -0.06127931 0.92675781 0.02172852
v -0.06372072 0.92675781 0.00708009
v -0.06469729 0.90771484 -0.01000976
v -0.06323244 0.90136719 -0.00415038
v -0.06518557 0.91503906 -0.00805663
v -0.06567385 0.92773438 -0.00659179
v -0.06225588 0.89453125 -0.00317382
v -0.05932619 0.94091797 0.02270509
v -0.06274416 0.94189453 0.00903321
v -0.06518557 0.94238281 -0.00415038
v -0.05688478 0.95361328 0.02416993
v -0.06030275 0.95507812 0.01147462
v -0.06274416 0.95654297 -0.00170898
v -0.02905274 0.88330078 0.06616212
v -0.03686524 0.88427734 0.06323244
v -0.03491212 0.87939453 0.06518556
v -0.02856446 0.87695312 0.06811525
v -0.02856446 0.88964844 0.06567384
v -0.03686524 0.89013672 0.06225586
v -0.04565431 0.89062500 0.05737305
v -0.03149415 0.89111328 0.06811525
v -0.03247071 0.89111328 0.06616212
v -0.03198243 0.88769531 0.06616212
v -0.03100587 0.88769531 0.06811525
v -0.03198243 0.89111328 0.06323244
v -0.03149415 0.88769531 0.06323244
v -0.03002930 0.88574219 0.06762697
v -0.03051759 0.88525391 0.06616212
v -0.03002931 0.88525391 0.06372072
v -0.03247071 0.89501953 0.06616212
v -0.03198243 0.89453125 0.06860353
v -0.02954102 0.88769531 0.06958009
v -0.02954102 0.89111328 0.07006837
v -0.02954102 0.89453125 0.07055666
v -0.03247071 0.89843750 0.06665041
v -0.03149415 0.89843750 0.06860353
v -0.02954102 0.89794922 0.07055666
v -0.03198243 0.89501953 0.06372072
v -0.03198243 0.89892578 0.06372072
v -0.02807618 0.89697266 0.06567383
v -0.02758790 0.90478516 0.06665039
v -0.03588868 0.90576172 0.06274416
v -0.03686524 0.89746094 0.06225586
v -0.02514649 0.91210938 0.06958008
v -0.03442384 0.91308594 0.06518556
v -0.04516603 0.89794922 0.05688477
v -0.04467775 0.90722656 0.05786134
v -0.04174806 0.91601562 0.06127930
v -0.03198243 0.90185547 0.06713869
v -0.03100587 0.90136719 0.06909181
v -0.02954102 0.90136719 0.07055666
v -0.03149415 0.90234375 0.06420900
v -0.03002931 0.90380859 0.06909181
v -0.03051759 0.90429688 0.06713869
v -0.03002931 0.90429688 0.06469728
v -0.04321290 0.92089844 0.06372072
v -0.04272462 0.91894531 0.06469728
v -0.03930665 0.92041016 0.06762697
v -0.03979493 0.92285156 0.06665041
v -0.03881837 0.92382812 0.06469728
v -0.04174806 0.92187500 0.06176758
v -0.04516603 0.91699219 0.06176759
v -0.04516603 0.91845703 0.06127930
v -0.04418946 0.91894531 0.05932618
v -0.04125978 0.91699219 0.06469728
v -0.03833009 0.91796875 0.06713869
v -0.03491212 0.91845703 0.06958009
v -0.03588868 0.92089844 0.07006837
v -0.03637696 0.92382812 0.06909181
v -0.03637696 0.91699219 0.06518556
v -0.03979493 0.91650391 0.06274416
v -0.04418946 0.91552734 0.06176759
v -0.04272462 0.91503906 0.06030274
v -0.04077150 0.91552734 0.05786133
v -0.03784181 0.91699219 0.06030274
v -0.03442384 0.91748047 0.06225586
v -0.03149415 0.91894531 0.07153322
v -0.03247071 0.92138672 0.07202150
v -0.03295900 0.91748047 0.06762697
v -0.03002931 0.91796875 0.06909181
v -0.02905274 0.92138672 0.07397462
v -0.02807618 0.91894531 0.07299805
v -0.02661134 0.91796875 0.07104492
v -0.03295899 0.92431641 0.07153322
v -0.02905274 0.92431641 0.07299806
v -0.02563477 0.91943359 0.07153320
v -0.03393556 0.91943359 0.06665041
v -0.03149415 0.91796875 0.06469728
v -0.02807618 0.91845703 0.06616211
v -0.02856446 0.92675781 0.07104492
v -0.03833009 0.92529297 0.06518556
v -0.04614259 0.92089844 0.05834962
v -0.03540040 0.92480469 0.06713869
v -0.03149415 0.92529297 0.06909181
v -0.02807618 0.92529297 0.07104492
v -0.03002931 0.92529297 0.06616212
v -0.03344728 0.92480469 0.06420900
v -0.03686525 0.92382812 0.06176758
v -0.04028321 0.92187500 0.05932618
v -0.03100587 0.93603516 0.06860352
v -0.04077150 0.93408203 0.06225586
v -0.05053712 0.92773438 0.05249024
v -0.02612306 0.92529297 0.06811523
v -0.02709962 0.88769531 0.07055664
v -0.02905274 0.88574219 0.06909181
v -0.02709962 0.88574219 0.06958008
v -0.02563477 0.88525391 0.06909180
v -0.02465821 0.88769531 0.07006836
v -0.02416993 0.89062500 0.07055664
v -0.02709962 0.89062500 0.07104492
v -0.02221680 0.88330078 0.06811523
v -0.02856446 0.88427734 0.06713869
v -0.02856446 0.88427734 0.06616212
v -0.02905274 0.88427734 0.06616212
v -0.02758790 0.88427734 0.06762695
v -0.02661134 0.88427734 0.06762695
v -0.02856446 0.88378906 0.06420900
v -0.01977540 0.88867188 0.06811523
v -0.01928712 0.89648438 0.06860352
v -0.02563477 0.88378906 0.06713867
v -0.02416993 0.88525391 0.06811523
v -0.02319337 0.88720703 0.06909180
v -0.02319337 0.88525391 0.06567383
v -0.02465821 0.88378906 0.06518555
v -0.02172852 0.88720703 0.06616211
v -0.02221680 0.89062500 0.06958008
v -0.01293946 0.88623047 0.07055664
v -0.02124024 0.89062500 0.06665039
v -0.01098634 0.89648438 0.07104492
v -0.02709962 0.89453125 0.07153320
v -0.02709962 0.89794922 0.07153320
v -0.02709962 0.90136719 0.07104492
v -0.02416993 0.89453125 0.07104492
v -0.02221680 0.89453125 0.06958008
v -0.02416993 0.89794922 0.07104492
v -0.02465821 0.90136719 0.07104492
v -0.02221680 0.89843750 0.06958008
v -0.02270509 0.90185547 0.06958008
v -0.02709962 0.90332031 0.07055664
v -0.02856446 0.90332031 0.07006837
v -0.02514649 0.90380859 0.07055664
v -0.02416993 0.90380859 0.06909180
v -0.02661134 0.90527344 0.06909180
v -0.02758790 0.90478516 0.06909180
v -0.02563477 0.90527344 0.06860352
v -0.02124024 0.90429688 0.06958008
v -0.02856446 0.90527344 0.06811525
v -0.02905274 0.90527344 0.06762697
v -0.02807618 0.90576172 0.06518555
v -0.02270509 0.90429688 0.06713867
v -0.02465821 0.90576172 0.06665039
v -0.02172852 0.90185547 0.06713867
v -0.02075196 0.89453125 0.06713867
v -0.02075196 0.89843750 0.06713867
v -0.01440431 0.90771484 0.07250977
v -0.01782227 0.91894531 0.07397461
v -0.00366212 0.88281250 0.07641602
v 0.00024413 0.88281250 0.07690430
v -0.00805665 0.88818359 0.07202148
v -0.00415040 0.89013672 0.07299805
v -0.00512696 0.89892578 0.07250977
v 0.00024413 0.89013672 0.07397461
v 0.00024413 0.89892578 0.07299805
v -0.00708009 0.91015625 0.07446289
v 0.00024413 0.91015625 0.07495117
v -0.02514649 0.92089844 0.07495117
v -0.02465821 0.91796875 0.07446289
v -0.02368165 0.91748047 0.07202148
v -0.02465821 0.92333984 0.07446289
v -0.02172852 0.91943359 0.07543945
v -0.02221681 0.91748047 0.07495117
v -0.02124024 0.91699219 0.07299805
v -0.02172852 0.92187500 0.07495117
v -0.02514649 0.91845703 0.06811523
v -0.02221681 0.91796875 0.06909180
v -0.01977540 0.91748047 0.07055664
v -0.01831056 0.92919922 0.07348633
v -0.01977540 0.91943359 0.07348633
v -0.02075196 0.92236328 0.07348633
v -0.01879884 0.91943359 0.07055664
v -0.01928712 0.92236328 0.07104492
v -0.00903321 0.92285156 0.07543945
v -0.02368165 0.92431641 0.07250977
v -0.02221681 0.92431641 0.06958008
v -0.01977540 0.93603516 0.07250977
v -0.02124025 0.94824219 0.06762695
v -0.03149415 0.94726562 0.06372070
v -0.04125978 0.94531250 0.05786133
v -0.01000977 0.93505859 0.07397461
v -0.01049806 0.94873047 0.07006836
v 0.00024413 0.92285156 0.07592773
v 0.00024413 0.92919922 0.07495117
v -0.00512696 0.92919922 0.07495117
v 0.00024413 0.93505859 0.07446289
v 0.00024413 0.94189453 0.07250977
v -0.00512696 0.94189453 0.07202148
v -0.04028322 0.95654297 0.05102539
v -0.03198243 0.95947266 0.05639649
v -0.02172853 0.96142578 0.06079102
v -0.01098634 0.96240234 0.06323242
v 0.00024413 0.94873047 0.07055664
v 0.00024413 0.96240234 0.06372070
v -0.02270509 0.97265625 0.05102539
v -0.01147462 0.97412109 0.05346679
v 0.00024413 0.97509766 0.05444336
v -0.05737306 0.89550781 0.03588868
v -0.05249025 0.89746094 0.04858399
v -0.05786134 0.91015625 0.03637696
v -0.05249025 0.91015625 0.04956055
v -0.05688478 0.92675781 0.03686524
v -0.05493166 0.94091797 0.03637696
v -0.04907228 0.94189453 0.04858399
v -0.04516603 0.91455078 0.05981446
v -0.04614259 0.91503906 0.05981446
v -0.04614259 0.91650391 0.05932618
v -0.04565431 0.91650391 0.05786134
v -0.04565431 0.91455078 0.05786134
v -0.04467775 0.91455078 0.05834962
v -0.04418946 0.91650391 0.05639649
v -0.04272462 0.91943359 0.05737305
v -0.04321290 0.91455078 0.05688477
v -0.04418946 0.91503906 0.05590821
v -0.05249025 0.95263672 0.03540040
v -0.04711916 0.95410156 0.04467774
v -0.04516603 0.96337891 0.03930665
v -0.04956056 0.96191406 0.03295899
v -0.05151369 0.96386719 0.02709961
v -0.04077150 0.96533203 0.04272461
v -0.03247072 0.96923828 0.04711914
v -0.03393556 0.97753906 0.03588867
v -0.04321291 0.97119141 0.03247071
v -0.02319338 0.98193359 0.03881836
v -0.05444338 0.96679688 0.01489258
v -0.04565432 0.97656250 0.01879883
v -0.03540041 0.98388672 0.02221680
v -0.02416994 0.98925781 0.02514649
v -0.05688478 0.96972656 0.00170899
v -0.04760744 0.97998047 0.00512696
v -0.06372073 0.95703125 -0.01538085
v -0.05737307 0.97070312 -0.01293945
v -0.04760744 0.98144531 -0.00952148
v -0.03637697 0.98779297 0.00805664
v -0.03686526 0.99023438 -0.00708008
v -0.02465822 0.99365234 0.01049805
v -0.02465823 0.99560547 -0.00561523
v -0.01196291 0.98486328 0.04125976
v -0.01196291 0.99218750 0.02709961
v 0.00024412 0.98535156 0.04174804
v 0.00024412 0.99316406 0.02758789
v -0.01196291 0.99658203 0.01196289
v -0.01245119 0.99902344 -0.00415039
v 0.00024412 0.99755859 0.01245117
v 0.00024412 0.99951172 -0.00366211
v -0.13745116 0.00830078 -0.01489252
v -0.13793944 0.01611328 -0.01489252
v -0.12817381 0.00341797 -0.02221674
v -0.13403319 0.00878906 -0.02416986
v -0.13403319 0.01660156 -0.02368158
v -0.11743162 0.00146484 -0.01879877
v -0.12963866 0.02880859 -0.02172846
v -0.12622069 0.04345703 -0.01879877
v -0.12524413 0.00341797 -0.03149408
v -0.13061522 0.00878906 -0.03344721
v -0.13061522 0.01708984 -0.03295892
v -0.11499022 0.00146484 -0.02807612
v -0.12670897 0.02978516 -0.03100580
v -0.12329100 0.04589844 -0.02856440
v -0.12670897 0.01757812 -0.04223627
v -0.12329100 0.03027344 -0.04028315
v -0.12084959 0.04638672 -0.03784174
v -0.11791991 0.05957031 -0.02563471
v -0.12719725 0.00878906 -0.04321283
v -0.12182616 0.00292969 -0.04125971
v -0.11206053 0.00097656 -0.03833002
v -0.11791991 0.00292969 -0.05102533
v -0.12280272 0.00878906 -0.05346674
v -0.12280272 0.01757812 -0.05249018
v -0.11938475 0.03076172 -0.05004877
v -0.10717771 0.00097656 -0.01538081
v -0.10424803 0.00097656 -0.02514643
v -0.10180663 0.00048828 -0.03540033
v -0.09448240 0.00146484 -0.02221674
v -0.08618162 0.00341797 -0.02026362
v -0.09155272 0.00097656 -0.03295893
v -0.08325194 0.00292969 -0.03100581
v -0.11010741 0.06982422 -0.01782221
v -0.09985350 0.07177734 -0.01049800
v -0.11889647 0.05712891 -0.03686518
v -0.11840819 0.06835938 -0.03784174
v -0.11499022 0.06884766 -0.02807612
v -0.10913084 0.00097656 -0.04858393
v -0.09887694 0.00048828 -0.04565424
v -0.11743163 0.04638672 -0.04760737
v -0.11303709 0.00292969 -0.06079096
v -0.10571288 0.00097656 -0.05737299
v -0.11791991 0.00830078 -0.06372064
v -0.11743163 0.01757812 -0.06372064
v -0.10961913 0.00830078 -0.07299799
v -0.10571288 0.00292969 -0.06811517
v -0.10180663 0.00146484 -0.06372064
v -0.11450194 0.03076172 -0.05981440
v -0.11157225 0.04687500 -0.05639643
v -0.11010741 0.01757812 -0.07397455
v -0.10815428 0.03125000 -0.07055658
v -0.10522459 0.04687500 -0.06518549
v -0.08862303 0.00048828 -0.04370112
v -0.09692381 0.00000000 -0.05444331
v -0.08618163 0.00048828 -0.05493159
v -0.09448241 0.00048828 -0.06225581
v -0.08862303 0.00097656 -0.06079096
v -0.09838866 0.00292969 -0.07104486
v -0.08813475 0.00292969 -0.06909174
v -0.08227538 0.00244141 -0.06372066
v -0.11694334 0.05615234 -0.04711909
v -0.11645506 0.06738281 -0.04760737
v -0.11108397 0.05615234 -0.05493159
v -0.11059569 0.06689453 -0.05541987
v -0.10375975 0.05712891 -0.06225581
v -0.10327148 0.06738281 -0.06127924
v -0.09643554 0.04736328 -0.07299799
v -0.09594726 0.05761719 -0.06958002
v -0.09545898 0.06738281 -0.06762689
v -0.07983396 0.00878906 -0.01928706
v -0.07641600 0.01660156 -0.01928706
v -0.07446288 0.02880859 -0.02026362
v -0.07641600 0.00830078 -0.03002925
v -0.07299803 0.01660156 -0.03002925
v -0.08032225 0.00195312 -0.04223628
v -0.07299803 0.00732422 -0.04174799
v -0.07446288 0.04394531 -0.02172847
v -0.07006834 0.01611328 -0.04125972
v -0.07202147 0.02880859 -0.03051753
v -0.07299803 0.04394531 -0.03100581
v -0.07006834 0.02880859 -0.04174800
v -0.07250975 0.04443359 -0.04028315
v -0.08862303 0.07031250 -0.00805659
v -0.07739256 0.06591797 -0.01342769
v -0.07299803 0.05468750 -0.02465816
v -0.07641600 0.05615234 -0.01342769
v -0.07153319 0.06445312 -0.02563472
v -0.07202147 0.05468750 -0.03881831
v -0.07055663 0.06396484 -0.03881831
v -0.07934569 0.00195312 -0.05493159
v -0.07202147 0.00732422 -0.05444331
v -0.07592772 0.00781250 -0.06616206
v -0.06958006 0.01611328 -0.05444331
v -0.07055663 0.02929688 -0.05395503
v -0.07348631 0.04492188 -0.05200190
v -0.07397459 0.01660156 -0.06762691
v -0.07690428 0.04589844 -0.06225581
v -0.07495116 0.03027344 -0.06616206
v -0.07836913 0.05664062 -0.05981440
v -0.07397459 0.05566406 -0.05004878
v -0.07348631 0.06494141 -0.04956050
v -0.07836913 0.06591797 -0.05883784
v -0.08471679 0.04687500 -0.07202144
v -0.08569335 0.05761719 -0.06860346
v -0.08569335 0.06689453 -0.06762689
v -0.08422851 0.03076172 -0.07641597
v -0.11254881 0.07958984 -0.02905268
v -0.10717772 0.08056641 -0.01879878
v -0.09838866 0.08056641 -0.01245112
v -0.11499022 0.07910156 -0.03881831
v -0.10571288 0.09277344 -0.01928706
v -0.11157225 0.09277344 -0.02954096
v -0.11352538 0.09228516 -0.04028315
v -0.10522459 0.10791016 -0.01928706
v -0.11157225 0.10742188 -0.03002925
v -0.11303709 0.10693359 -0.04125971
v -0.08715819 0.07910156 -0.01147456
v -0.09643553 0.09228516 -0.01391597
v -0.08520506 0.09033203 -0.01440425
v -0.09448241 0.10693359 -0.01391597
v -0.08374022 0.10498047 -0.01538081
v -0.10473631 0.12304688 -0.01879878
v -0.11108397 0.12304688 -0.02954097
v -0.11352538 0.12255859 -0.04223628
v -0.10424803 0.14062500 -0.01782222
v -0.11108397 0.14111328 -0.02856440
v -0.11401366 0.14062500 -0.04174800
v -0.09301756 0.12158203 -0.01293941
v -0.08129881 0.12011719 -0.01538081
v -0.09155272 0.13867188 -0.01245113
v -0.11352538 0.07861328 -0.04858393
v -0.11157225 0.09130859 -0.05053706
v -0.11108398 0.10644531 -0.05249018
v -0.10864257 0.07812500 -0.05639643
v -0.10327148 0.07763672 -0.06127924
v -0.10473632 0.09033203 -0.06030268
v -0.10424804 0.10546875 -0.06225581
v -0.09497070 0.07714844 -0.06665035
v -0.09497070 0.08984375 -0.06665035
v -0.09448241 0.10449219 -0.06762691
v -0.11157226 0.12207031 -0.05395503
v -0.11254882 0.14013672 -0.05493159
v -0.10473632 0.12109375 -0.06372066
v -0.10522460 0.13916016 -0.06567378
v -0.09399413 0.12011719 -0.06958003
v -0.07788084 0.07666016 -0.01831050
v -0.07690428 0.08837891 -0.02075191
v -0.07495116 0.10302734 -0.02172847
v -0.07250975 0.07519531 -0.02856441
v -0.07202147 0.08691406 -0.03002925
v -0.07055663 0.07421875 -0.03979488
v -0.07006834 0.08642578 -0.04028316
v -0.06958006 0.10156250 -0.03051753
v -0.06762694 0.10058594 -0.04125972
v -0.07202147 0.11816406 -0.02221675
v -0.07885741 0.13671875 -0.01538081
v -0.06860350 0.13476562 -0.02319331
v -0.06665038 0.11669922 -0.03149410
v -0.06518553 0.11621094 -0.04174800
v -0.06274413 0.13330078 -0.03442379
v -0.07299803 0.07470703 -0.05004878
v -0.07788085 0.07519531 -0.05883784
v -0.08520507 0.07617188 -0.06665035
v -0.07153319 0.08691406 -0.05053706
v -0.06909179 0.10107422 -0.05151363
v -0.07641601 0.08740234 -0.05981440
v -0.08422851 0.08886719 -0.06665035
v -0.07446288 0.10205078 -0.06127925
v -0.08325195 0.10351562 -0.06762691
v -0.06665038 0.11621094 -0.05200191
v -0.07202148 0.11718750 -0.06274410
v -0.08178710 0.11865234 -0.06909175
v -0.06860351 0.13427734 -0.06372066
v -0.06225585 0.13281250 -0.05004879
v -0.09838866 0.00830078 -0.07739252
v -0.09838866 0.01757812 -0.07983392
v -0.09741210 0.03125000 -0.07788080
v -0.08520506 0.00830078 -0.07543941
v -0.08422851 0.01708984 -0.07788081
v -0.09350585 0.13720703 -0.07250972
v -0.08032226 0.13574219 -0.07202144
v -0.10375975 0.15917969 -0.01489253
v -0.11206053 0.15966797 -0.02661128
v -0.11596679 0.15966797 -0.04125972
v -0.08959959 0.15722656 -0.00952144
v -0.10278319 0.17724609 -0.01196284
v -0.11254882 0.17871094 -0.02514644
v -0.11694335 0.17871094 -0.04125972
v -0.10180663 0.19726562 -0.00952144
v -0.11254882 0.19921875 -0.02221675
v -0.11743163 0.20117188 -0.04028315
v -0.08813475 0.17529297 -0.00659175
v -0.08618163 0.19482422 -0.00463863
v -0.11401366 0.15917969 -0.05541987
v -0.10571288 0.15820312 -0.06762691
v -0.11499023 0.17871094 -0.05639644
v -0.11547851 0.20068359 -0.05737300
v -0.10668945 0.17773438 -0.07006831
v -0.10668945 0.19970703 -0.07202144
v -0.07543944 0.15429688 -0.01293941
v -0.06420897 0.15234375 -0.02172847
v -0.07202147 0.17285156 -0.01049800
v -0.05981444 0.17089844 -0.01977535
v -0.05786132 0.15136719 -0.03491207
v -0.05249022 0.16992188 -0.03491207
v -0.06958006 0.19238281 -0.00854488
v -0.05541991 0.19091797 -0.01831051
v -0.05786132 0.15136719 -0.05102535
v -0.11010741 0.21923828 -0.01831050
v -0.11596679 0.22070312 -0.03100581
v -0.11254882 0.24072266 -0.02612300
v -0.11352538 0.24316406 -0.03881831
v -0.11694335 0.22167969 -0.04272456
v -0.10815429 0.26025391 -0.02172847
v -0.10815429 0.26318359 -0.03442378
v -0.11401366 0.22265625 -0.05688472
v -0.10522461 0.22314453 -0.07104488
v -0.11010741 0.24560547 -0.05346675
v -0.10473632 0.26562500 -0.04809566
v -0.10229492 0.24658203 -0.06616206
v -0.09838867 0.26708984 -0.05981441
v -0.05346679 0.21093750 -0.01684566
v -0.05200194 0.22998047 -0.01538082
v -0.09301757 0.15673828 -0.07495113
v -0.09301757 0.17626953 -0.07788081
v -0.09252930 0.19824219 -0.07983394
v -0.07788085 0.15478516 -0.07495113
v -0.06469726 0.15283203 -0.06665035
v -0.07592773 0.17431641 -0.07836910
v -0.06079101 0.17236328 -0.06909175
v -0.05297851 0.17041016 -0.05249019
v -0.07446289 0.19628906 -0.07934566
v -0.05737304 0.19433594 -0.07006831
v -0.09057617 0.22167969 -0.07885738
v -0.08813477 0.24609375 -0.07446285
v -0.08569336 0.26660156 -0.06762691
v -0.07299805 0.21972656 -0.07836910
v -0.05541992 0.21679688 -0.07006831
v -0.07202148 0.24414062 -0.07446286
v -0.07104492 0.26464844 -0.06860349
v -0.05493164 0.23974609 -0.06713863
v -0.05395507 0.26123047 -0.06079098
v -0.04663085 0.19091797 -0.03442379
v -0.04663085 0.19189453 -0.05346676
v -0.04467773 0.21142578 -0.03247067
v -0.04418945 0.23095703 -0.03002926
v -0.04272460 0.25048828 -0.02563473
v -0.04077148 0.26611328 -0.02026364
v -0.04370117 0.21337891 -0.05297848
v -0.04272461 0.23486328 -0.04956051
v -0.04272461 0.25537109 -0.04370113
v -0.19116211 0.37695312 -0.00610347
v -0.20532227 0.40380859 -0.00659175
v -0.20288086 0.39648438 -0.00659175
v -0.19946289 0.38964844 -0.00659175
v -0.20532227 0.41064453 -0.00610347
v -0.21020508 0.40380859 -0.01440425
v -0.20629883 0.39599609 -0.01489253
v -0.20385742 0.39648438 -0.01000972
v -0.20825195 0.40380859 -0.00952143
v -0.20239258 0.38916016 -0.01538081
v -0.20043945 0.39013672 -0.01049800
v -0.20288086 0.40478516 -0.00756831
v -0.19995117 0.39794922 -0.00854487
v -0.19653320 0.39208984 -0.00903315
v -0.20825195 0.40429688 -0.01977534
v -0.20434570 0.39697266 -0.01977534
v -0.20092773 0.39062500 -0.02026362
v -0.21215820 0.41113281 -0.01440425
v -0.20922852 0.41113281 -0.00854487
v -0.20434570 0.41113281 -0.00708003
v -0.20971680 0.41162109 -0.01928706
v -0.20336914 0.40527344 -0.02172847
v -0.20043945 0.39843750 -0.02172847
v -0.19750977 0.39257812 -0.02221675
v -0.20434570 0.41210938 -0.02124019
v -0.19604492 0.39990234 -0.02075190
v -0.19848633 0.40576172 -0.02026362
v -0.19946289 0.41210938 -0.02026362
v -0.20043945 0.40087891 -0.02416987
v -0.20288086 0.40576172 -0.02465815
v -0.20434570 0.40576172 -0.02905269
v -0.20092773 0.40039062 -0.02905269
v -0.20581055 0.41113281 -0.02416987
v -0.20727539 0.41113281 -0.02905268
v -0.19946289 0.40136719 -0.03295894
v -0.20190430 0.40673828 -0.03295894
v -0.20483398 0.41210938 -0.03344722
v -0.19555664 0.38330078 -0.00708003
v -0.19116211 0.38623047 -0.00610347
v -0.19506836 0.39208984 -0.00561519
v -0.18872070 0.37988281 -0.00561519
v -0.19604492 0.38476562 -0.01147456
v -0.19262695 0.38671875 -0.01000972
v -0.19750977 0.38427734 -0.01586909
v -0.19653320 0.38525391 -0.02026362
v -0.19165039 0.37988281 -0.01245112
v -0.18872070 0.38134766 -0.01147456
v -0.19165039 0.37841797 -0.01635737
v -0.18725586 0.38037109 -0.01635737
v -0.18969727 0.38916016 -0.01147456
v -0.18676758 0.38476562 -0.01245112
v -0.18579102 0.38476562 -0.01635737
v -0.19311523 0.39404297 -0.01098628
v -0.19165039 0.39501953 -0.01586909
v -0.18823242 0.39062500 -0.01635737
v -0.19555664 0.39941406 -0.01049800
v -0.19799805 0.40527344 -0.01000972
v -0.19897461 0.41113281 -0.00952144
v -0.19409180 0.40039062 -0.01538081
v -0.19604492 0.40625000 -0.01538081
v -0.19702148 0.41162109 -0.01489253
v -0.19360352 0.39453125 -0.02075190
v -0.19213867 0.38037109 -0.02026362
v -0.18920898 0.38183594 -0.02124019
v -0.19360352 0.38720703 -0.02221675
v -0.19018555 0.38964844 -0.02124019
v -0.18725586 0.38525391 -0.02075190
v -0.19702148 0.40234375 -0.02221675
v -0.19653320 0.39697266 -0.02465815
v -0.19409180 0.39794922 -0.02270503
v -0.19946289 0.40722656 -0.02221675
v -0.19067383 0.40039062 -0.02368159
v -0.19311523 0.40429688 -0.02368159
v -0.19555664 0.40869141 -0.02319331
v -0.19750977 0.39648438 -0.02856440
v -0.19262695 0.39111328 -0.02856440
v -0.19311523 0.39257812 -0.02514643
v -0.19018555 0.39306641 -0.02368159
v -0.19555664 0.39746094 -0.03247065
v -0.19213867 0.39257812 -0.03198237
v -0.20190430 0.41162109 -0.02172847
v -0.18823242 0.39599609 -0.02416988
v -0.18872070 0.39208984 -0.02807612
v -0.18920898 0.39404297 -0.03247065
v -0.18676758 0.39599609 -0.02758784
v -0.18872070 0.40136719 -0.02758784
v -0.18725586 0.39648438 -0.03149409
v -0.19116211 0.40527344 -0.02758784
v -0.19311523 0.41015625 -0.02758784
v -0.19213867 0.40478516 -0.03247065
v -0.18969727 0.40087891 -0.03198237
v -0.19409180 0.40966797 -0.03247065
v -0.21020508 0.41845703 -0.00805659
v -0.21264648 0.41894531 -0.01391597
v -0.21020508 0.41943359 -0.01928706
v -0.21166992 0.42578125 -0.00756831
v -0.21362305 0.42675781 -0.01342769
v -0.21020508 0.42675781 -0.01928706
v -0.20483398 0.41699219 -0.00610347
v -0.20532227 0.41650391 -0.00659175
v -0.19897461 0.41650391 -0.00903315
v -0.20532227 0.41943359 -0.00610347
v -0.20532227 0.41943359 -0.00659175
v -0.19799805 0.41943359 -0.00805659
v -0.21313477 0.43359375 -0.00708003
v -0.21362305 0.43408203 -0.01293940
v -0.21215820 0.44140625 -0.00708003
v -0.21215820 0.44140625 -0.01342769
v -0.21215820 0.43408203 -0.01879878
v -0.21118164 0.44140625 -0.01831050
v -0.20483398 0.41845703 -0.02124019
v -0.19897461 0.41796875 -0.02026362
v -0.20483398 0.42285156 -0.02124019
v -0.19799805 0.42236328 -0.02026362
v -0.20385742 0.41992188 -0.02124019
v -0.20825195 0.42187500 -0.02368159
v -0.20727539 0.41650391 -0.02368159
v -0.20288086 0.41601562 -0.02172847
v -0.20434570 0.42285156 -0.02124019
v -0.20874023 0.42724609 -0.02319331
v -0.19799805 0.41699219 -0.02270503
v -0.19848633 0.42041016 -0.02221675
v -0.19750977 0.42285156 -0.02172847
v -0.20874023 0.41699219 -0.02905268
v -0.20581055 0.41796875 -0.03344722
v -0.20922852 0.42285156 -0.02856440
v -0.20629883 0.42333984 -0.03295894
v -0.21069336 0.43408203 -0.02319331
v -0.21020508 0.44140625 -0.02319331
v -0.21020508 0.42871094 -0.02856440
v -0.21020508 0.43457031 -0.02856440
v -0.20825195 0.44140625 -0.02856440
v -0.20629883 0.42919922 -0.03344722
v -0.20581055 0.43457031 -0.03344722
v -0.20385742 0.44091797 -0.03393550
v -0.19604492 0.41699219 -0.01489253
v -0.19555664 0.42089844 -0.01440425
v -0.19213867 0.42382812 -0.01391597
v -0.19262695 0.42626953 -0.02075190
v -0.18920898 0.43017578 -0.01342769
v -0.18676758 0.43896484 -0.00708003
v -0.18676758 0.43945312 -0.01391597
v -0.18872070 0.43212891 -0.02075191
v -0.18676758 0.44042969 -0.02026363
v -0.19702148 0.41308594 -0.02319331
v -0.19409180 0.41406250 -0.02758784
v -0.19506836 0.41796875 -0.02709956
v -0.19506836 0.42236328 -0.02709956
v -0.19458008 0.42529297 -0.02709956
v -0.19555664 0.41406250 -0.03247065
v -0.19653320 0.41845703 -0.03198237
v -0.19653320 0.42333984 -0.03198237
v -0.19213867 0.42919922 -0.02758784
v -0.18969727 0.43457031 -0.02758784
v -0.18725586 0.44189453 -0.02758785
v -0.19604492 0.42724609 -0.03247065
v -0.19458008 0.43164062 -0.03295894
v -0.19262695 0.43701172 -0.03344722
v -0.19018555 0.44433594 -0.03393550
v -0.19555664 0.40332031 -0.03442378
v -0.19262695 0.39892578 -0.03393550
v -0.19799805 0.40820312 -0.03442378
v -0.19995117 0.41308594 -0.03491206
v -0.20092773 0.41845703 -0.03491206
v -0.20141602 0.42382812 -0.03442378
v -0.20092773 0.42871094 -0.03442378
v -0.19995117 0.43359375 -0.03491206
v -0.19848633 0.43945312 -0.03540034
v -0.19604492 0.44677734 -0.03588862
v -0.20971680 0.45068359 -0.01391597
v -0.20776367 0.46044922 -0.01489253
v -0.20581055 0.45996094 -0.02221675
v -0.20825195 0.45019531 -0.02221675
v -0.20581055 0.47119141 -0.00854488
v -0.20532227 0.47070312 -0.01586909
v -0.20385742 0.46972656 -0.02270503
v -0.20581055 0.44970703 -0.02856441
v -0.20385742 0.45947266 -0.02856441
v -0.20190430 0.44873047 -0.03393550
v -0.19897461 0.45849609 -0.03442378
v -0.20092773 0.46923828 -0.02856441
v -0.19555664 0.46777344 -0.03393550
v -0.20288086 0.48144531 -0.01000972
v -0.20288086 0.48046875 -0.01684566
v -0.20141602 0.47949219 -0.02319331
v -0.19799805 0.47802734 -0.02856441
v -0.19946289 0.49218750 -0.01147456
v -0.19946289 0.49121094 -0.01831050
v -0.19750977 0.49804688 -0.01293941
v -0.19750977 0.49658203 -0.01879878
v -0.19799805 0.48974609 -0.02368160
v -0.19409180 0.48730469 -0.02856441
v -0.19262695 0.47607422 -0.03247066
v -0.18823242 0.48437500 -0.03051754
v -0.19604492 0.49511719 -0.02416988
v -0.19165039 0.50439453 -0.02661129
v -0.19458008 0.50683594 -0.01879878
v -0.19262695 0.49316406 -0.02856441
v -0.18627930 0.48974609 -0.03100582
v -0.17797852 0.48632812 -0.02856441
v -0.18286133 0.48242188 -0.03002925
v -0.18579102 0.47412109 -0.03344722
v -0.18383789 0.50000000 -0.03198238
v -0.19262695 0.45654297 -0.03637690
v -0.18627930 0.45458984 -0.03442378
v -0.18188477 0.45166016 -0.02856441
v -0.18872070 0.46630859 -0.03540035
v -0.18286133 0.46435547 -0.03393551
v -0.18041992 0.47167969 -0.03149410
v -0.18139648 0.44921875 -0.01000972
v -0.17553711 0.45898438 -0.01049800
v -0.18041992 0.45019531 -0.02026363
v -0.17553711 0.46044922 -0.02075191
v -0.17211914 0.46777344 -0.01098629
v -0.17309570 0.46875000 -0.02026363
v -0.17260742 0.47656250 -0.01977535
v -0.17065430 0.47607422 -0.01147457
v -0.17749023 0.46191406 -0.02856441
v -0.17602539 0.47021484 -0.02807613
v -0.17651367 0.47949219 -0.02612301
v -0.16918945 0.48291016 -0.01245113
v -0.17211914 0.48339844 -0.02172847
v -0.17456055 0.49560547 -0.03051754
v -0.16772461 0.49316406 -0.02368160
v -0.16430664 0.49267578 -0.01440426
v -0.16381836 0.50195312 -0.02612301
v -0.17163086 0.50488281 -0.03295894
v -0.18090820 0.50976562 -0.03344722
v -0.15991211 0.50146484 -0.01684566
v -0.10473632 0.27783203 -0.01782222
v -0.10424804 0.28076172 -0.03149410
v -0.10278320 0.29638672 -0.02856441
v -0.10229491 0.31250000 -0.02612301
v -0.10278320 0.32910156 -0.02416988
v -0.10083007 0.28271484 -0.04370113
v -0.09838867 0.29785156 -0.04077145
v -0.09741211 0.31396484 -0.03881832
v -0.09448242 0.28369141 -0.05395504
v -0.08325195 0.28369141 -0.06127926
v -0.09106445 0.29882812 -0.05004879
v -0.08911133 0.31396484 -0.04858395
v -0.08081055 0.29785156 -0.05688473
v -0.06713867 0.29589844 -0.05834958
v -0.06909180 0.28125000 -0.06323239
v -0.07836914 0.31250000 -0.05395504
v -0.06567383 0.31054688 -0.05541989
v -0.05688477 0.27880859 -0.05981442
v -0.05541992 0.29296875 -0.05590817
v -0.05395508 0.30810547 -0.05249020
v -0.07690430 0.32812500 -0.05395504
v -0.06420898 0.32568359 -0.05493161
v -0.05200195 0.32324219 -0.05249020
v -0.10424804 0.34521484 -0.02270504
v -0.09838867 0.33007812 -0.03784176
v -0.09936523 0.34521484 -0.03735348
v -0.09985352 0.36376953 -0.03784176
v -0.10083008 0.38818359 -0.03735348
v -0.08959961 0.32958984 -0.04907223
v -0.08911133 0.34472656 -0.05004879
v -0.08911133 0.36328125 -0.05102535
v -0.08959961 0.38671875 -0.05200192
v -0.07543945 0.34326172 -0.05541988
v -0.06225586 0.34130859 -0.05639645
v -0.04907227 0.33886719 -0.05395504
v -0.07495117 0.36132812 -0.05786129
v -0.05981445 0.35888672 -0.05883786
v -0.07348633 0.38476562 -0.06030270
v -0.05737305 0.38281250 -0.06176755
v -0.03295898 0.29980469 -0.02368161
v -0.03637695 0.28271484 -0.02807614
v -0.03979491 0.26904297 -0.03295895
v -0.04174804 0.27197266 -0.04321286
v -0.03881836 0.28613281 -0.03930661
v -0.03588867 0.30175781 -0.03540036
v -0.03149414 0.31738281 -0.03442380
v -0.04809570 0.27539062 -0.05346676
v -0.04565429 0.29003906 -0.04907223
v -0.04321289 0.30517578 -0.04614254
v -0.03979492 0.32031250 -0.04614255
v -0.03588867 0.33593750 -0.04614255
v -0.04516602 0.35693359 -0.05639645
v -0.03100586 0.35449219 -0.04663083
v -0.02807617 0.33398438 -0.03295895
v -0.02319336 0.35351562 -0.03149411
v -0.04077149 0.38085938 -0.05834958
v -0.02563477 0.37890625 -0.04711911
v -0.01684570 0.37841797 -0.02905271
v -0.10083008 0.41259766 -0.03735348
v -0.09936523 0.43896484 -0.03784176
v -0.08813477 0.41064453 -0.05249020
v -0.08569337 0.43701172 -0.05297848
v -0.07153321 0.40771484 -0.06225583
v -0.05395508 0.40576172 -0.06420895
v -0.06860352 0.43408203 -0.06176755
v -0.09643555 0.46289062 -0.03881833
v -0.08276368 0.45947266 -0.05395505
v -0.06616212 0.45556641 -0.06274411
v -0.05053711 0.43066406 -0.06372067
v -0.04809571 0.45117188 -0.06372067
v -0.09448243 0.48388672 -0.04028317
v -0.09155274 0.50292969 -0.04077145
v -0.08178712 0.47998047 -0.05688474
v -0.07983399 0.49902344 -0.05932614
v -0.06469727 0.47460938 -0.06762692
v -0.06323243 0.49316406 -0.07202145
v -0.08715821 0.52148438 -0.03979489
v -0.07592774 0.51757812 -0.05932614
v -0.06030275 0.51220703 -0.07250974
v -0.04663087 0.46875000 -0.06958005
v -0.04516603 0.48681641 -0.07739255
v -0.04418946 0.50732422 -0.07885739
v -0.03637696 0.40380859 -0.05883786
v -0.02075195 0.40185547 -0.04711911
v -0.03295899 0.42724609 -0.05834958
v -0.01782227 0.42382812 -0.04565427
v -0.01586914 0.44335938 -0.04418943
v -0.03149414 0.44775391 -0.05834958
v -0.01147461 0.40087891 -0.02807615
v -0.00805664 0.42138672 -0.02661130
v -0.00708008 0.43945312 -0.02465818
v -0.01928711 0.45703125 -0.05346677
v -0.02905274 0.46289062 -0.06420895
v -0.00708008 0.44921875 -0.02368162
v -0.00610351 0.44775391 -0.00366209
v -0.00561524 0.45263672 -0.02368162
v -0.00366211 0.45361328 -0.02416990
v 0.00024414 0.45458984 -0.02465818
v -0.01147461 0.45312500 -0.04077146
v -0.00903321 0.45751953 -0.04174803
v -0.00512696 0.45996094 -0.04223631
v 0.00024414 0.46044922 -0.04125975
v -0.01586915 0.46484375 -0.05883787
v -0.02563477 0.48095703 -0.07495116
v -0.00756837 0.46875000 -0.05786131
v -0.00903321 0.48291016 -0.07006834
v 0.00024413 0.47021484 -0.05590818
v 0.00024413 0.48388672 -0.06713866
v -0.02661134 0.50341797 -0.08032225
v -0.01098634 0.50195312 -0.07641600
v 0.00024413 0.50244141 -0.07250975
v -0.19067383 0.51806641 -0.01049800
v -0.19165039 0.51660156 -0.02026363
v -0.18774414 0.52929688 -0.01196285
v -0.18823242 0.52734375 -0.02270504
v -0.18334961 0.54443359 -0.01440426
v -0.18383789 0.54248047 -0.02612301
v -0.18823242 0.51416016 -0.02856441
v -0.18432617 0.52441406 -0.03100582
v -0.17651367 0.52001953 -0.03588863
v -0.17895508 0.53857422 -0.03540035
v -0.17065430 0.53369141 -0.04028316
v -0.15405273 0.51123047 -0.01928707
v -0.15893555 0.51171875 -0.02905270
v -0.16723633 0.51513672 -0.03540035
v -0.16040039 0.52880859 -0.03930660
v -0.15161133 0.52587891 -0.03295895
v -0.14624023 0.52490234 -0.02270504
v -0.17993164 0.55908203 -0.01684566
v -0.17993164 0.55664062 -0.02954097
v -0.17553711 0.57519531 -0.01977535
v -0.17456056 0.55224609 -0.04028317
v -0.17456056 0.57226562 -0.03344723
v -0.16821291 0.56738281 -0.04467770
v -0.16528322 0.54736328 -0.04467770
v -0.15405275 0.54248047 -0.04370114
v -0.14428711 0.53906250 -0.03637692
v -0.15844728 0.56201172 -0.04956051
v -0.14721681 0.55712891 -0.04760739
v -0.16235353 0.58349609 -0.04907223
v -0.15161134 0.57763672 -0.05444333
v -0.13989259 0.57226562 -0.05102536
v -0.13842773 0.54003906 -0.01342770
v -0.13891602 0.53857422 -0.02563473
v -0.13061523 0.55322266 -0.01489255
v -0.13110352 0.55175781 -0.02807614
v -0.12329102 0.56787109 -0.01586911
v -0.12329102 0.56640625 -0.03002927
v -0.13745119 0.55371094 -0.03930661
v -0.13012697 0.56835938 -0.04223629
v -0.17114258 0.59179688 -0.02270504
v -0.16918947 0.58837891 -0.03686520
v -0.16479494 0.60742188 -0.02612301
v -0.16040039 0.60644531 -0.01293942
v -0.15014648 0.60156250 -0.00561520
v -0.13793945 0.59521484 -0.00561520
v -0.16186525 0.60449219 -0.04028317
v -0.15844728 0.61962891 -0.02856442
v -0.15454102 0.61865234 -0.01586911
v -0.14477539 0.61376953 -0.00854489
v -0.15551759 0.61669922 -0.04321286
v -0.15063478 0.62500000 -0.01684567
v -0.15454103 0.62744141 -0.03002926
v -0.15112306 0.62548828 -0.04467770
v -0.15551759 0.59960938 -0.05249020
v -0.14428712 0.59326172 -0.05786129
v -0.14965822 0.61230469 -0.05493161
v -0.12670898 0.58935547 -0.00805661
v -0.11743165 0.58398438 -0.01684567
v -0.13305664 0.60742188 -0.00610348
v -0.12231446 0.60205078 -0.00952145
v -0.11401368 0.59716797 -0.01733395
v -0.12963867 0.61425781 -0.00512692
v -0.14184570 0.62011719 -0.00854489
v -0.12622070 0.62158203 -0.00268552
v -0.13891602 0.62792969 -0.00659177
v -0.14770509 0.63232422 -0.01684567
v -0.11938477 0.60888672 -0.00903317
v -0.11499024 0.61621094 -0.00805661
v -0.13256837 0.58789062 -0.05395504
v -0.13842775 0.60644531 -0.06079098
v -0.12622072 0.60058594 -0.05639645
v -0.12231446 0.58398438 -0.04467770
v -0.11596680 0.58203125 -0.03100583
v -0.11645509 0.59667969 -0.04565427
v -0.14477541 0.62255859 -0.05541989
v -0.13354494 0.61718750 -0.06079098
v -0.14721681 0.63427734 -0.04516599
v -0.14086916 0.63183594 -0.05541989
v -0.13012697 0.62695312 -0.06079098
v -0.12182619 0.61132812 -0.05737302
v -0.11303712 0.60644531 -0.04663083
v -0.11791994 0.62109375 -0.05737302
v -0.15063478 0.63525391 -0.03100583
v -0.14233400 0.64550781 -0.01489255
v -0.14624025 0.64794922 -0.03002927
v -0.13842775 0.65820312 -0.01391599
v -0.14233400 0.66064453 -0.02954099
v -0.14379884 0.64697266 -0.04516599
v -0.13989259 0.65966797 -0.04565427
v -0.13793947 0.67382812 -0.02905270
v -0.13500978 0.67285156 -0.04565427
v -0.13305666 0.68750000 -0.02856443
v -0.12866212 0.69970703 -0.02856443
v -0.13012697 0.68652344 -0.04516599
v -0.13647462 0.64404297 -0.05590817
v -0.13208009 0.65673828 -0.05737302
v -0.12573244 0.63916016 -0.06127927
v -0.11352541 0.63232422 -0.05786130
v -0.12084962 0.65185547 -0.06274411
v -0.10815431 0.64599609 -0.05883786
v -0.12622072 0.67041016 -0.05883786
v -0.12182619 0.68359375 -0.05834958
v -0.12670900 0.69873047 -0.04467771
v -0.11791994 0.69580078 -0.05688474
v -0.11499025 0.66552734 -0.06420895
v -0.10961916 0.67822266 -0.06420895
v -0.12670900 0.71240234 -0.02807615
v -0.12426759 0.71093750 -0.04418943
v -0.12426759 0.72558594 -0.02807615
v -0.12133791 0.72412109 -0.04467771
v -0.11547853 0.70800781 -0.05688474
v -0.08276368 0.53808594 -0.03784177
v -0.07788087 0.55468750 -0.03491208
v -0.07202149 0.56982422 -0.03149411
v -0.07153321 0.53564453 -0.05590817
v -0.05639650 0.53222656 -0.06860349
v -0.06616212 0.55224609 -0.05102537
v -0.06030274 0.56787109 -0.04467771
v -0.05102540 0.54931641 -0.06079099
v -0.04516603 0.56542969 -0.05249021
v -0.11108399 0.59521484 -0.03149411
v -0.11157227 0.60498047 -0.01831052
v -0.10815430 0.61328125 -0.01879880
v -0.10229493 0.62548828 -0.01782224
v -0.10864259 0.60400391 -0.03198239
v -0.10571290 0.61279297 -0.03198239
v -0.10034180 0.62500000 -0.03149411
v -0.10913087 0.61572266 -0.04711911
v -0.10375978 0.62744141 -0.04711911
v -0.06567384 0.58496094 -0.02758787
v -0.06274415 0.60058594 -0.02563474
v -0.05493165 0.58398438 -0.03930662
v -0.05249025 0.60058594 -0.03784177
v -0.06274415 0.61767578 -0.02709959
v -0.06567384 0.63232422 -0.03002927
v -0.05249025 0.61718750 -0.03979490
v -0.05444337 0.63281250 -0.04467772
v -0.04174806 0.52880859 -0.07397458
v -0.03881837 0.54638672 -0.06518552
v -0.01293946 0.56152344 -0.05639647
v -0.02758790 0.56298828 -0.05590818
v -0.02661134 0.58105469 -0.04858397
v -0.01245118 0.58007812 -0.04907225
v -0.02709962 0.54492188 -0.06616209
v -0.01293946 0.54296875 -0.06567381
v 0.00024413 0.57910156 -0.04858397
v 0.00024413 0.56103516 -0.05590819
v 0.00024413 0.54199219 -0.06372069
v -0.04077150 0.58251953 -0.04614256
v -0.03979493 0.59960938 -0.04467772
v -0.02563478 0.59863281 -0.04809568
v -0.03979493 0.61669922 -0.04760740
v -0.04077150 0.63427734 -0.05249022
v -0.02514650 0.61621094 -0.05102537
v -0.02514650 0.63427734 -0.05590819
v -0.01196290 0.59765625 -0.04809569
v 0.00024413 0.59716797 -0.04614256
v -0.01196290 0.61621094 -0.05053709
v -0.01147462 0.63427734 -0.05444335
v 0.00024413 0.61669922 -0.04760741
v 0.00024413 0.63476562 -0.05151366
v -0.02709962 0.52587891 -0.07543944
v -0.01245118 0.52392578 -0.07348631
v 0.00024413 0.52343750 -0.07006834
v -0.09692384 0.63867188 -0.01684568
v -0.09497071 0.63818359 -0.03100583
v -0.08959962 0.65185547 -0.02905271
v -0.09790041 0.64062500 -0.04663084
v -0.09301759 0.65478516 -0.04711912
v -0.10229494 0.65966797 -0.05981443
v -0.10571291 0.69091797 -0.06323239
v -0.08911134 0.66699219 -0.04858396
v -0.09741212 0.67236328 -0.05981443
v -0.08422853 0.67968750 -0.05053709
v -0.09252931 0.68457031 -0.06079099
v -0.08520509 0.66259766 -0.02709959
v -0.08618166 0.66455078 -0.03930662
v -0.06909180 0.64599609 -0.03344725
v -0.07739259 0.66015625 -0.01928709
v -0.05786134 0.64794922 -0.04956053
v -0.07299806 0.65917969 -0.03540037
v -0.08227540 0.67138672 -0.02514646
v -0.07934571 0.66992188 -0.02172849
v -0.07983399 0.67431641 -0.02319334
v -0.08227540 0.68164062 -0.01000974
v -0.08032227 0.67480469 -0.02221677
v -0.07592775 0.67041016 -0.03686521
v -0.07788087 0.67822266 -0.03735349
v -0.08276369 0.67187500 -0.03833006
v -0.07983400 0.67822266 -0.03735349
v -0.06567384 0.66259766 -0.05053709
v -0.07934572 0.68359375 -0.04565427
v -0.07739259 0.68554688 -0.04663084
v -0.07641603 0.69628906 -0.05493162
v -0.08032228 0.69189453 -0.05395506
v -0.08813478 0.69726562 -0.06225584
v -0.10278322 0.70361328 -0.06372067
v -0.07250978 0.67578125 -0.04907224
v -0.06909181 0.68652344 -0.05883787
v -0.05590822 0.67089844 -0.06127928
v -0.04223634 0.65478516 -0.06030272
v -0.07495119 0.70703125 -0.06323241
v -0.06665041 0.70068359 -0.06665038
v -0.04858400 0.68261719 -0.06860350
v -0.05834963 0.69384766 -0.06811522
v -0.12036134 0.73876953 -0.02856443
v -0.11547853 0.75146484 -0.02905271
v -0.11743166 0.73730469 -0.04467771
v -0.11254884 0.74902344 -0.04418943
v -0.11303712 0.72119141 -0.05737302
v -0.10034181 0.71630859 -0.06420895
v -0.10961916 0.73339844 -0.05737302
v -0.10571291 0.74462891 -0.05688474
v -0.10913087 0.76220703 -0.03002927
v -0.10620119 0.75976562 -0.04418943
v -0.09985353 0.75537109 -0.05639646
v -0.09838869 0.72900391 -0.06567380
v -0.09594729 0.74023438 -0.06567380
v -0.09204104 0.75195312 -0.06420895
v -0.08666994 0.71142578 -0.06567380
v -0.08618166 0.72460938 -0.06860349
v -0.08471682 0.73681641 -0.07006834
v -0.08325198 0.74853516 -0.06958006
v -0.07397463 0.72167969 -0.06909178
v -0.06469729 0.71582031 -0.07104491
v -0.05493166 0.71044922 -0.07250975
v -0.07348635 0.73339844 -0.07202147
v -0.06274416 0.72900391 -0.07348631
v -0.05297853 0.72509766 -0.07495116
v -0.07250979 0.74560547 -0.07299803
v -0.08764651 0.76074219 -0.06274413
v -0.08178713 0.75732422 -0.06762694
v -0.07104494 0.75683594 -0.07153319
v -0.06079103 0.74218750 -0.07495116
v -0.05102541 0.73925781 -0.07641600
v -0.05883791 0.75683594 -0.07397459
v -0.02465822 0.65332031 -0.06225584
v -0.03588869 0.67333984 -0.06811522
v -0.02221681 0.67138672 -0.06713866
v -0.01049806 0.65332031 -0.05981444
v -0.01000978 0.67138672 -0.06420897
v 0.00024413 0.65380859 -0.05639647
v 0.00024413 0.67187500 -0.06127929
v -0.03247072 0.68945312 -0.07202147
v -0.04565432 0.69189453 -0.07104491
v -0.02026369 0.68847656 -0.07006834
v -0.00952150 0.68798828 -0.06762694
v 0.00024412 0.68798828 -0.06518553
v -0.04321291 0.70703125 -0.07397459
v -0.04174807 0.72167969 -0.07543944
v -0.03100588 0.70458984 -0.07397459
v -0.01977541 0.70361328 -0.07202147
v -0.03002932 0.71923828 -0.07495116
v -0.04028322 0.73583984 -0.07690428
v -0.04907229 0.75341797 -0.07592772
v -0.03881838 0.74951172 -0.07641600
v -0.02905275 0.73339844 -0.07592772
v -0.02807619 0.74658203 -0.07592772
v -0.04663088 0.76611328 -0.07299803
v -0.03588869 0.76220703 -0.07446288
v -0.02172854 0.75878906 -0.07397461
v -0.00903322 0.70361328 -0.06958006
v -0.01879885 0.71826172 -0.07348631
v -0.00854494 0.71777344 -0.07104491
v -0.01831057 0.73144531 -0.07446288
v -0.00903322 0.73046875 -0.07250975
v 0.00024412 0.70263672 -0.06762694
v 0.00024412 0.71777344 -0.06958006
v 0.00024412 0.73046875 -0.07104491
v -0.01782229 0.74511719 -0.07495116
v -0.00903322 0.74365234 -0.07299803
v -0.00903322 0.75732422 -0.07202148
v 0.00024412 0.74316406 -0.07153319
v 0.00024412 0.75683594 -0.07104492
v -0.09887697 0.77050781 -0.01684568
v -0.10034181 0.77050781 -0.03100584
v -0.08764650 0.77685547 -0.01928709
v -0.09838869 0.76855469 -0.04370115
v -0.08911134 0.77783203 -0.03198240
v -0.08813478 0.77636719 -0.04321287
v -0.09350588 0.76464844 -0.05541990
v -0.08471682 0.77294922 -0.05395506
v -0.07543947 0.78125000 -0.02172850
v -0.07690431 0.78173828 -0.03247068
v -0.06616212 0.78271484 -0.02221678
v -0.05200197 0.78369141 -0.01293944
v -0.05444337 0.78710938 -0.02270507
v -0.06762697 0.78417969 -0.03295897
v -0.05541994 0.78857422 -0.03344725
v -0.07641603 0.78125000 -0.04272459
v -0.07495119 0.77880859 -0.05151365
v -0.08032229 0.76904297 -0.06127928
v -0.07104494 0.77636719 -0.05834959
v -0.06909182 0.76562500 -0.06860350
v -0.06518557 0.77392578 -0.06420897
v -0.06567385 0.77832031 -0.05883788
v -0.06616213 0.78125000 -0.05297850
v -0.06762697 0.78369141 -0.04418944
v -0.05444338 0.78466797 -0.05493163
v -0.05493166 0.77685547 -0.06518553
v -0.05541994 0.78808594 -0.04467772
v -0.06274416 0.86962891 -0.01147460
v -0.06616212 0.87158203 -0.01635741
v -0.06811525 0.86718750 -0.01782225
v -0.06176760 0.86376953 -0.01147460
v -0.06323244 0.87646484 -0.01831054
v -0.06127932 0.87500000 -0.01391601
v -0.05981447 0.87548828 -0.00854491
v -0.07250979 0.87255859 -0.02221679
v -0.07250979 0.87158203 -0.02661132
v -0.06665041 0.86523438 -0.02124022
v -0.07006838 0.87548828 -0.02075194
v -0.07397463 0.88037109 -0.02319335
v -0.07739260 0.87939453 -0.02612304
v -0.07690432 0.87890625 -0.02954100
v -0.06372073 0.86474609 -0.02416991
v -0.06958010 0.87158203 -0.03002929
v -0.07397463 0.87890625 -0.03344725
v -0.05981447 0.86083984 -0.01440429
v -0.05639650 0.86083984 -0.01733397
v -0.06665041 0.87841797 -0.02172850
v -0.06225588 0.87353516 -0.02807616
v -0.05883791 0.86816406 -0.02465819
v -0.05297853 0.86328125 -0.01928710
v -0.06665041 0.88037109 -0.03051757
v -0.04125978 0.78808594 -0.01440429
v -0.04321291 0.79199219 -0.02270507
v -0.04418947 0.79394531 -0.03344725
v -0.03247072 0.79687500 -0.01538085
v -0.03491212 0.79833984 -0.02319335
v -0.02905275 0.79443359 -0.00756835
v -0.03149416 0.81005859 -0.02270507
v -0.03344728 0.80175781 -0.02319335
v -0.03100587 0.80761719 -0.01440429
v -0.03588869 0.79980469 -0.03344726
v -0.03247072 0.80419922 -0.03295898
v -0.02954103 0.81201172 -0.03198241
v -0.03149416 0.81884766 -0.01245116
v -0.03149416 0.82128906 -0.02124023
v -0.02905275 0.82373047 -0.03002929
v -0.04370119 0.79296875 -0.04418944
v -0.04272463 0.78906250 -0.05493163
v -0.04321291 0.78125000 -0.06469725
v -0.03442385 0.79833984 -0.04370116
v -0.03100588 0.79443359 -0.05395507
v -0.02856447 0.80468750 -0.04272460
v -0.02465822 0.81298828 -0.04028320
v -0.02416994 0.80419922 -0.04711913
v -0.03149416 0.78613281 -0.06274413
v -0.02416994 0.82519531 -0.03784179
v -0.01733400 0.80664062 -0.04907226
v -0.01879885 0.79736328 -0.05590819
v -0.01977541 0.78564453 -0.06420898
v -0.01635744 0.81542969 -0.04516601
v -0.00854494 0.79736328 -0.05688476
v -0.00805666 0.80712891 -0.05102539
v -0.00756838 0.81640625 -0.04760742
v -0.00854494 0.78515625 -0.06372070
v 0.00024412 0.79687500 -0.05688476
v 0.00024412 0.80664062 -0.05151367
v 0.00024412 0.81640625 -0.04809570
v 0.00024412 0.78466797 -0.06274414
v -0.03247072 0.83398438 -0.01928710
v -0.03393557 0.84619141 -0.01733398
v -0.04272463 0.85449219 -0.01831054
v -0.03051760 0.83642578 -0.02807616
v -0.03247072 0.84863281 -0.02709960
v -0.05249025 0.85937500 -0.00659179
v -0.04907228 0.85986328 -0.01147460
v -0.04858400 0.86328125 -0.01586913
v -0.05639650 0.87207031 -0.02368163
v -0.04956057 0.86718750 -0.01928710
v -0.06030275 0.88037109 -0.02709960
v -0.05493166 0.88183594 -0.02612304
v -0.05151369 0.87353516 -0.02270507
v -0.04663088 0.86523438 -0.02612304
v -0.04956057 0.87255859 -0.03002929
v -0.05395510 0.88232422 -0.03442382
v -0.04028322 0.85937500 -0.03100585
v -0.04614260 0.87158203 -0.03881835
v -0.05151369 0.88281250 -0.04467772
v -0.03491213 0.86035156 -0.04077148
v -0.02954104 0.85058594 -0.03491210
v -0.02514650 0.83837891 -0.03686523
v -0.04077151 0.87109375 -0.04858398
v -0.04663088 0.88330078 -0.05493163
v -0.03393557 0.87158203 -0.05688476
v -0.02954104 0.86083984 -0.04760741
v -0.02514650 0.85107422 -0.04077148
v -0.03881839 0.88427734 -0.06420897
v -0.02270510 0.86132812 -0.05297851
v -0.02612307 0.87207031 -0.06323242
v -0.02905276 0.88525391 -0.07055663
v -0.01635744 0.82617188 -0.04321288
v -0.01733400 0.83935547 -0.04272460
v -0.00805666 0.82714844 -0.04565429
v -0.00805666 0.83984375 -0.04565429
v -0.01928713 0.85156250 -0.04467773
v 0.00024412 0.83984375 -0.04614257
v 0.00024412 0.82714844 -0.04614257
v -0.00708010 0.85107422 -0.04809570
v 0.00024412 0.85107422 -0.04858398
v -0.01538088 0.86132812 -0.05688476
v -0.01342776 0.85156250 -0.04711914
v -0.01782229 0.87255859 -0.06713867
v -0.00805666 0.86132812 -0.05883789
v 0.00024412 0.86132812 -0.05981445
v -0.00903323 0.87304688 -0.06958008
v 0.00024412 0.87304688 -0.07006836
v -0.05639651 0.77001953 -0.07006834
v -0.04467776 0.77490234 -0.06909178
v -0.03344729 0.77294922 -0.07104491
v -0.02124025 0.77099609 -0.07104492
v -0.00903322 0.77050781 -0.06958008
v 0.00024412 0.77001953 -0.06860352
v -0.01977542 0.88574219 -0.07446289
v -0.01000979 0.88623047 -0.07690430
v 0.00024411 0.88623047 -0.07788086
v -0.08081057 0.89599609 -0.02954100
v -0.07983401 0.88769531 -0.03100585
v -0.07983401 0.88720703 -0.02709960
v -0.08081057 0.89453125 -0.02612303
v -0.07641604 0.88671875 -0.02416991
v -0.07739260 0.89355469 -0.02368163
v -0.07690432 0.88818359 -0.03442382
v -0.07788088 0.89648438 -0.03295897
v -0.07983401 0.90283203 -0.02612303
v -0.07983401 0.90136719 -0.02368163
v -0.07690432 0.89843750 -0.02221679
v -0.07690432 0.90380859 -0.02954100
v -0.07495119 0.90185547 -0.01928710
v -0.07739260 0.90527344 -0.01879882
v -0.07641604 0.90771484 -0.02075194
v -0.07348635 0.90869141 -0.02416991
v -0.06274416 0.88720703 -0.00854491
v -0.06469728 0.88525391 -0.01342772
v -0.06323244 0.87939453 -0.01440429
v -0.06079103 0.87939453 -0.00903319
v -0.06274416 0.88085938 -0.01928710
v -0.06323244 0.88623047 -0.01879882
v -0.06420901 0.89208984 -0.01342772
v -0.06616212 0.89404297 -0.00805663
v -0.06469729 0.89208984 -0.01635741
v -0.06665041 0.89794922 -0.01440429
v -0.06909182 0.90136719 -0.00952147
v -0.07299807 0.90527344 -0.01342772
v -0.07055666 0.90185547 -0.01684569
v -0.06665041 0.90576172 -0.00903319
v -0.07202151 0.90869141 -0.01489257
v -0.06958010 0.89794922 -0.01782225
v -0.06811526 0.89208984 -0.01977538
v -0.06567385 0.90966797 -0.01586913
v -0.06665041 0.88232422 -0.02172850
v -0.06713869 0.88671875 -0.02124022
v -0.07397463 0.88671875 -0.02270507
v -0.07446291 0.89257812 -0.02124022
v -0.06958010 0.88818359 -0.03149413
v -0.06323244 0.88867188 -0.02807616
v -0.07104494 0.89501953 -0.03051757
v -0.06518557 0.89501953 -0.02758788
v -0.05786135 0.88916016 -0.02758788
v -0.06127932 0.89599609 -0.02709960
v -0.07299807 0.89794922 -0.01977538
v -0.07055666 0.90136719 -0.02856444
v -0.06616213 0.90087891 -0.02612304
v -0.06811526 0.90527344 -0.02514648
v -0.06274416 0.90136719 -0.02563476
v -0.06469729 0.90771484 -0.02124023
v -0.06176760 0.90136719 -0.03491210
v -0.06420901 0.90820312 -0.02954101
v -0.06909182 0.91015625 -0.01928710
v -0.06665041 0.92773438 -0.01977538
v -0.06567385 0.91552734 -0.02124023
v -0.06616213 0.94287109 -0.01782226
v -0.06616213 0.92773438 -0.03247070
v -0.06518557 0.91406250 -0.03247070
v -0.06176760 0.91015625 -0.04516601
v -0.06567385 0.94287109 -0.03149413
v -0.06323244 0.92724609 -0.04663085
v -0.06225589 0.94287109 -0.04565429
v -0.05493167 0.91210938 -0.06030273
v -0.05639651 0.92822266 -0.06079101
v -0.05541995 0.94287109 -0.05932616
v -0.06274416 0.95751953 -0.03002929
v -0.05590823 0.97070312 -0.02758789
v -0.05883792 0.95703125 -0.04418945
v -0.05249026 0.96875000 -0.04223632
v -0.05834963 0.89257812 -0.03637695
v -0.05688479 0.89550781 -0.04711913
v -0.05151370 0.89697266 -0.05883788
v -0.04223635 0.89843750 -0.06909178
v -0.04467776 0.91357422 -0.07104491
v -0.04614261 0.92871094 -0.07202148
v -0.04516605 0.94287109 -0.07006836
v -0.04663089 0.98144531 -0.02563476
v -0.03637698 0.98974609 -0.02416992
v -0.04467776 0.97802734 -0.04125976
v -0.02416995 0.99511719 -0.02270508
v -0.03491214 0.98535156 -0.04028320
v -0.02319339 0.99121094 -0.03979492
v -0.05200198 0.95556641 -0.05737304
v -0.04711917 0.96582031 -0.05541991
v -0.04321292 0.95507812 -0.06713867
v -0.04125980 0.96435547 -0.06274414
v -0.04174807 0.97167969 -0.05444336
v -0.03295901 0.97802734 -0.05493164
v -0.02221682 0.98291016 -0.05493164
v -0.03247073 0.96826172 -0.06567383
v -0.02172855 0.97216797 -0.06713867
v -0.01196291 0.99853516 -0.02172852
v -0.01196292 0.99414062 -0.03930664
v 0.00024412 0.99951172 -0.02124024
v 0.00024411 0.99511719 -0.03881836
v -0.01147464 0.98583984 -0.05493164
v -0.01098636 0.97460938 -0.06762695
v 0.00024411 0.98681641 -0.05493164
v 0.00024411 0.97509766 -0.06762695
v -0.03149417 0.89892578 -0.07543944
v -0.03344730 0.91406250 -0.07836913
v -0.02075198 0.89941406 -0.07934570
v -0.02221683 0.91455078 -0.08227539
v -0.03442386 0.92968750 -0.07885742
v -0.03393558 0.94384766 -0.07690430
v -0.02221683 0.93017578 -0.08325195
v -0.02221683 0.94531250 -0.08081055
v -0.01049807 0.89990234 -0.08178711
v -0.01098636 0.91455078 -0.08471680
v 0.00024411 0.89990234 -0.08276367
v 0.00024411 0.91455078 -0.08520508
v -0.01098636 0.93017578 -0.08520508
v -0.01098636 0.94580078 -0.08276367
v 0.00024411 0.93017578 -0.08569336
v 0.00024411 0.94628906 -0.08325195
v -0.03295901 0.95703125 -0.07250977
v -0.02172855 0.95947266 -0.07543945
v -0.01098636 0.96093750 -0.07690430
v 0.00024411 0.96142578 -0.07739258
v 0.09252933 0.00781250 0.07202151
v 0.09350589 0.01367188 0.07153323
v 0.08959964 0.01513672 0.06274417
v 0.08862308 0.00830078 0.06274417
v 0.10034183 0.01318359 0.07934573
v 0.10034183 0.00732422 0.07983401
v 0.10034183 0.00292969 0.07495120
v 0.09643558 0.00146484 0.06958011
v 0.09252933 0.00244141 0.06127933
v 0.10034183 0.01562500 0.07592776
v 0.09741214 0.01708984 0.06958011
v 0.09448245 0.01953125 0.06176761
v 0.09057620 0.00390625 0.05297855
v 0.08666995 0.00927734 0.05395511
v 0.08764651 0.01660156 0.05493167
v 0.09204105 0.02246094 0.05444339
v 0.10913089 0.01416016 0.08081058
v 0.10961917 0.00781250 0.08129886
v 0.10815433 0.00244141 0.07543948
v 0.10668948 0.01708984 0.07446292
v 0.11596683 0.00732422 0.07592776
v 0.11596683 0.01367188 0.07641605
v 0.11401370 0.01562500 0.07250980
v 0.10522464 0.00000000 0.06713870
v 0.10229495 0.00000000 0.05883792
v 0.11401370 0.00341797 0.07202151
v 0.11303714 0.00244141 0.06518558
v 0.11059573 0.00292969 0.05737307
v 0.10424808 0.01953125 0.06713870
v 0.10180667 0.02294922 0.05981448
v 0.11157230 0.01757812 0.06469730
v 0.10864261 0.02148438 0.05737307
v 0.11596683 0.01367188 0.07202151
v 0.11645511 0.00781250 0.07104495
v 0.11547855 0.00781250 0.06420901
v 0.11401370 0.00439453 0.06274417
v 0.11596683 0.00341797 0.06713870
v 0.11596683 0.00732422 0.07055667
v 0.11352542 0.00976562 0.06567386
v 0.11645511 0.01171875 0.07250980
v 0.11450198 0.01513672 0.06713870
v 0.11889651 0.00976562 0.07446292
v 0.11840823 0.00585938 0.07299808
v 0.11791995 0.00341797 0.07006839
v 0.11450198 0.01464844 0.06372073
v 0.11987308 0.01220703 0.07397464
v 0.11791995 0.01367188 0.07202151
v 0.11645511 0.01757812 0.06713870
v 0.11401370 0.00781250 0.05786135
v 0.12182620 0.00244141 0.06909183
v 0.12036136 0.00146484 0.06420901
v 0.11889651 0.00244141 0.05981448
v 0.11157230 0.01269531 0.05883792
v 0.11303714 0.00634766 0.05737307
v 0.11791995 0.00488281 0.05590823
v 0.11303714 0.01806641 0.06127932
v 0.11499026 0.02099609 0.06225589
v 0.11254886 0.01562500 0.05883792
v 0.12329105 0.00537109 0.07250980
v 0.12426761 0.00976562 0.07446292
v 0.12768558 0.00976562 0.07055667
v 0.12719730 0.00585938 0.06909183
v 0.12573245 0.00341797 0.06616214
v 0.12377933 0.01220703 0.07348636
v 0.12231448 0.01513672 0.07055667
v 0.12133792 0.01855469 0.06616214
v 0.12719730 0.01220703 0.07006839
v 0.12670901 0.01416016 0.06713870
v 0.12573245 0.01757812 0.06274417
v 0.12329105 0.00439453 0.05834964
v 0.12475589 0.00341797 0.06176760
v 0.11987308 0.02246094 0.06079104
v 0.12475589 0.02099609 0.05834964
v 0.09936526 0.00097656 0.05151370
v 0.08422855 0.01074219 0.04614261
v 0.08764651 0.00439453 0.04565433
v 0.09643558 0.00097656 0.04516605
v 0.08422855 0.01855469 0.04663089
v 0.08862308 0.02539062 0.04614261
v 0.10034183 0.02587891 0.05297854
v 0.09741214 0.02929688 0.04418948
v 0.08374026 0.00537109 0.03588870
v 0.08081058 0.01220703 0.03637698
v 0.08129885 0.02099609 0.03637698
v 0.08081057 0.01464844 0.02563479
v 0.08422854 0.00732422 0.02416995
v 0.09204104 0.00244141 0.02221683
v 0.09301761 0.00048828 0.03442386
v 0.08129885 0.02343750 0.02612307
v 0.10473636 0.00048828 0.04370120
v 0.10131839 0.00000000 0.03247073
v 0.09985354 0.00097656 0.02026370
v 0.08618166 0.02832031 0.03637698
v 0.08520510 0.03173828 0.02612307
v 0.09448244 0.03369141 0.03491214
v 0.09204104 0.03857422 0.02563479
v 0.09204104 0.00390625 0.01098636
v 0.08569338 0.00927734 0.01293948
v 0.08227541 0.01611328 0.01440433
v 0.08081057 0.02587891 0.01489261
v 0.10083010 0.00146484 0.00854495
v 0.08276369 0.03662109 0.01538089
v 0.08520510 0.00976562 0.00219729
v 0.09057619 0.00439453 0.00024417
v 0.08129885 0.01660156 0.00268558
v 0.08862307 0.00390625 -0.01000974
v 0.08276369 0.00927734 -0.00903317
v 0.07934573 0.01660156 -0.00903317
v 0.09936526 0.00195312 -0.00219724
v 0.09692385 0.00146484 -0.01245114
v 0.07885744 0.02783203 0.00268558
v 0.07934573 0.04101562 0.00366214
v 0.07690432 0.02880859 -0.00903317
v 0.07641604 0.04443359 -0.00952146
v 0.08862307 0.04492188 0.01538089
v 0.10375979 0.03613281 0.03295901
v 0.10083010 0.04199219 0.02416995
v 0.09741213 0.05029297 0.01440432
v 0.08520510 0.05126953 0.00512698
v 0.08129885 0.05810547 -0.00463864
v 0.09399416 0.05664062 0.00610354
v 0.09057619 0.06347656 -0.00219724
v 0.10815433 0.00244141 0.05151370
v 0.11206058 0.00634766 0.05297854
v 0.11254886 0.00048828 0.04125979
v 0.11499026 0.00341797 0.04907229
v 0.10717776 0.02441406 0.05102542
v 0.10668948 0.03027344 0.04223635
v 0.11303713 0.00097656 0.01635745
v 0.11547854 0.00000000 0.02856448
v 0.11157230 0.02490234 0.05004885
v 0.11645511 0.02685547 0.04907229
v 0.11401369 0.03125000 0.04028323
v 0.11157229 0.03613281 0.03051760
v 0.11645511 0.00537109 0.05249026
v 0.11108401 0.01464844 0.05249026
v 0.11157230 0.02050781 0.05493167
v 0.12036136 0.00390625 0.04711917
v 0.12084964 0.00634766 0.05053714
v 0.12182620 0.00683594 0.05444339
v 0.12133792 0.00097656 0.03784182
v 0.12426761 0.00634766 0.05737307
v 0.12573245 0.00488281 0.06079104
v 0.12670901 0.00537109 0.06323245
v 0.12329105 0.00830078 0.05346682
v 0.12426761 0.00537109 0.05297854
v 0.12573245 0.00292969 0.05639651
v 0.12670901 0.00244141 0.05981448
v 0.12182620 0.00683594 0.05004885
v 0.12622073 0.00585938 0.04760745
v 0.12280276 0.00634766 0.04956057
v 0.12475589 0.00439453 0.04467776
v 0.12768558 0.00390625 0.05102542
v 0.12915042 0.00244141 0.05444338
v 0.11352542 0.02294922 0.05590823
v 0.10961917 0.02343750 0.05053714
v 0.11840823 0.02490234 0.05493167
v 0.12280276 0.02343750 0.05200198
v 0.12133792 0.02587891 0.04614260
v 0.12084963 0.03027344 0.03735354
v 0.12426761 0.02197266 0.05053714
v 0.12573245 0.01904297 0.05590823
v 0.12670901 0.01562500 0.06030276
v 0.12280276 0.02539062 0.04516604
v 0.12426761 0.02539062 0.04418948
v 0.12573245 0.02343750 0.05053714
v 0.12670901 0.02050781 0.05590823
v 0.13012698 0.00585938 0.04516604
v 0.13012698 0.00439453 0.04077151
v 0.13061526 0.00195312 0.03295901
v 0.12866214 0.00048828 0.02368166
v 0.12963870 0.02392578 0.04907229
v 0.12719730 0.02587891 0.04272464
v 0.12670901 0.02880859 0.03491214
v 0.12084963 0.03466797 0.02709963
v 0.10913088 0.04248047 0.02124026
v 0.11108401 0.00146484 0.00561526
v 0.10913088 0.00097656 -0.00512693
v 0.12670901 0.00097656 0.01196291
v 0.12426760 0.00146484 0.00122073
v 0.12084963 0.00146484 -0.00903318
v 0.13940433 0.00244141 0.00805666
v 0.13549806 0.00244141 -0.00268552
v 0.13159181 0.00292969 -0.01293943
v 0.10668948 0.05126953 0.01196291
v 0.11840823 0.04101562 0.01782229
v 0.11596682 0.04882812 0.00854495
v 0.10424807 0.05810547 0.00366213
v 0.10180666 0.06494141 -0.00463865
v 0.11352541 0.05517578 0.00024416
v 0.11157228 0.06201172 -0.00952146
v 0.13256839 0.02636719 0.03198244
v 0.12915042 0.03173828 0.02319338
v 0.12670900 0.03710938 0.01391604
v 0.12475588 0.04394531 0.00415041
v 0.12231448 0.04931641 -0.00512693
v 0.13354494 0.03173828 0.01000979
v 0.13159181 0.03613281 0.00024416
v 0.12915041 0.04003906 -0.00952146
v 0.11987306 0.05468750 -0.01440427
v 0.07739259 0.24853516 0.00463869
v 0.07543947 0.25781250 0.00756838
v 0.06079103 0.25830078 0.00268557
v 0.06225587 0.24755859 -0.00073240
v 0.08959962 0.26269531 0.00415041
v 0.09252930 0.25195312 0.00073244
v 0.06420900 0.22998047 -0.00415037
v 0.08032228 0.23144531 0.00073244
v 0.09594727 0.23437500 -0.00366209
v 0.06713869 0.21191406 -0.00659177
v 0.08374025 0.21386719 -0.00219725
v 0.09936525 0.21630859 -0.00659178
v 0.12768558 0.00732422 0.06518558
v 0.12817386 0.01025391 0.06567386
v 0.12817386 0.00341797 0.06323245
v 0.12915042 0.00537109 0.06665042
v 0.13305667 0.00488281 0.06567386
v 0.13159183 0.00244141 0.06225588
v 0.13012698 0.00195312 0.05786135
v 0.13012698 0.00878906 0.06762698
v 0.13403323 0.00830078 0.06665042
v 0.12768558 0.01220703 0.06420901
v 0.12866214 0.01318359 0.06372073
v 0.12963870 0.01074219 0.06665042
v 0.12768558 0.01660156 0.05981448
v 0.13354495 0.01074219 0.06616214
v 0.13256839 0.01367188 0.06274417
v 0.13159183 0.01708984 0.05883791
v 0.13696292 0.01025391 0.06274417
v 0.13696292 0.01220703 0.05981448
v 0.13598636 0.01562500 0.05541994
v 0.13793948 0.00830078 0.06323245
v 0.13696292 0.00537109 0.06176760
v 0.13500980 0.00292969 0.05932619
v 0.13745120 0.00634766 0.05688479
v 0.13793948 0.00927734 0.05834963
v 0.13452151 0.00341797 0.05590823
v 0.13305667 0.00341797 0.05249026
v 0.13159183 0.00488281 0.04907229
v 0.13452151 0.00439453 0.05200198
v 0.13305667 0.00537109 0.04809573
v 0.13159183 0.00585938 0.04418948
v 0.13696292 0.00683594 0.05590823
v 0.13598636 0.00488281 0.05444338
v 0.13745120 0.01025391 0.05590823
v 0.13842776 0.00537109 0.05639651
v 0.13891605 0.00927734 0.05737307
v 0.13696292 0.00390625 0.05395510
v 0.14038089 0.00292969 0.05297854
v 0.14184573 0.00488281 0.05493166
v 0.14331058 0.00830078 0.05590823
v 0.13891605 0.01171875 0.05590823
v 0.13793948 0.01464844 0.05249026
v 0.13647464 0.01367188 0.05249026
v 0.14282230 0.01123047 0.05493166
v 0.14184573 0.01464844 0.05151369
v 0.13549808 0.00292969 0.05053713
v 0.13354495 0.00341797 0.04663088
v 0.13891605 0.00244141 0.04858401
v 0.13745120 0.00292969 0.04418948
v 0.13208011 0.00488281 0.04223635
v 0.14428714 0.00488281 0.05102541
v 0.14282230 0.00341797 0.05004885
v 0.14282230 0.00390625 0.04614260
v 0.14135745 0.00390625 0.04174807
v 0.13500980 0.01953125 0.05151369
v 0.13549808 0.01708984 0.04858401
v 0.13696292 0.01855469 0.04858401
v 0.14135745 0.01855469 0.04711916
v 0.13110355 0.02099609 0.05444338
v 0.13305667 0.02294922 0.04614260
v 0.13110355 0.02441406 0.04028323
v 0.13403323 0.02001953 0.04370119
v 0.13549808 0.02099609 0.04321291
v 0.13989261 0.02148438 0.04174807
v 0.13549808 0.00390625 0.03979494
v 0.13403323 0.00390625 0.03686526
v 0.14184573 0.00244141 0.01831057
v 0.14086917 0.00341797 0.02661135
v 0.13793948 0.00390625 0.03491213
v 0.13940433 0.00390625 0.03881838
v 0.14428714 0.00341797 0.04077151
v 0.14331058 0.00244141 0.03686526
v 0.14233401 0.00244141 0.03295901
v 0.13793948 0.00390625 0.03247073
v 0.14135745 0.00292969 0.02905276
v 0.13305667 0.02294922 0.03833010
v 0.13500980 0.02783203 0.02026369
v 0.13842776 0.02392578 0.02856447
v 0.13452151 0.02294922 0.03735354
v 0.13793948 0.02343750 0.03588869
v 0.14428714 0.01611328 0.04370119
v 0.14282230 0.01904297 0.03930666
v 0.14086917 0.02148438 0.03393557
v 0.14526370 0.01123047 0.05151369
v 0.14575198 0.00927734 0.05200198
v 0.14526370 0.01318359 0.04858401
v 0.14428714 0.00537109 0.04614260
v 0.14526370 0.00830078 0.04614260
v 0.14575198 0.00732422 0.05151369
v 0.14575198 0.01025391 0.04663088
v 0.14477542 0.01074219 0.04321291
v 0.14331058 0.00634766 0.04370119
v 0.14428714 0.00878906 0.04370119
v 0.14624026 0.00537109 0.04272463
v 0.14721683 0.00781250 0.04370119
v 0.14770511 0.00292969 0.03491213
v 0.14721683 0.00341797 0.03833010
v 0.14916995 0.00488281 0.03930666
v 0.15063480 0.00781250 0.04028323
v 0.14770511 0.01025391 0.04272463
v 0.14526370 0.01074219 0.04321291
v 0.14379886 0.01318359 0.04077151
v 0.14477542 0.01367188 0.04028323
v 0.14282230 0.01611328 0.03735354
v 0.14428714 0.01611328 0.03686526
v 0.14770511 0.01318359 0.03881838
v 0.15014651 0.00976562 0.04028323
v 0.15112308 0.01171875 0.03686526
v 0.14721683 0.01611328 0.03588869
v 0.14721683 0.00341797 0.03100588
v 0.14672855 0.00390625 0.02758791
v 0.15063480 0.00537109 0.03540041
v 0.15112308 0.00585938 0.03149416
v 0.15063480 0.01416016 0.03393557
v 0.15209964 0.00878906 0.03588869
v 0.15258792 0.00976562 0.03247073
v 0.15063480 0.00634766 0.02661135
v 0.15209964 0.01123047 0.02709963
v 0.14916995 0.01660156 0.02856447
v 0.14575198 0.01855469 0.03051760
v 0.14184573 0.01904297 0.03198244
v 0.14331058 0.01855469 0.03149416
v 0.13891605 0.02490234 0.01831057
v 0.14233401 0.02099609 0.02612307
v 0.14770511 0.01806641 0.02319338
v 0.14477542 0.02050781 0.01538088
v 0.14086916 0.02343750 0.00659182
v 0.14868167 0.00683594 0.01342775
v 0.14624025 0.00732422 0.00463869
v 0.14184572 0.00781250 -0.00512693
v 0.14477542 0.00390625 0.02368166
v 0.15014651 0.00683594 0.02075197
v 0.15063480 0.01269531 0.02075197
v 0.14916995 0.01367188 0.01293947
v 0.14624025 0.01464844 0.00415041
v 0.14184572 0.01562500 -0.00561521
v 0.13696291 0.02587891 -0.00317381
v 0.13305666 0.02783203 -0.01245115
v 0.06176759 0.26757812 0.00854494
v 0.05346681 0.27050781 0.00366213
v 0.04809571 0.26416016 -0.00610349
v 0.07397462 0.26611328 0.01196291
v 0.05004884 0.24853516 -0.01147459
v 0.06030275 0.27929688 0.01489260
v 0.05151368 0.28027344 0.00756838
v 0.04418946 0.27978516 -0.00122068
v 0.05102540 0.29443359 0.01147463
v 0.04321290 0.29589844 0.00366213
v 0.05981446 0.29492188 0.01782229
v 0.07202150 0.27978516 0.01782228
v 0.07104494 0.29589844 0.02075197
v 0.05151368 0.30371094 0.01440432
v 0.04174806 0.31298828 0.00952151
v 0.03735352 0.28027344 -0.01440427
v 0.03588868 0.29687500 -0.00952146
v 0.03295899 0.31396484 -0.00463865
v 0.05883790 0.30615234 0.01928713
v 0.07006837 0.30810547 0.02124025
v 0.05493165 0.31738281 0.02075197
v 0.06958009 0.31982422 0.02368166
v 0.03002930 0.33203125 0.00024416
v 0.03833009 0.33251953 0.01440432
v 0.03540040 0.35302734 0.01879885
v 0.02563477 0.35205078 0.00463869
v 0.02661133 0.33300781 -0.01635740
v 0.03051758 0.31542969 -0.01977537
v 0.02172852 0.35253906 -0.01293943
v 0.03100587 0.37792969 0.02514650
v 0.02026368 0.37744141 0.00952151
v 0.01538086 0.37792969 -0.00903318
v 0.05200196 0.33398438 0.02416994
v 0.05004884 0.35449219 0.02856447
v 0.06909180 0.33642578 0.02807619
v 0.06762696 0.35595703 0.03295900
v 0.04663087 0.37939453 0.03540041
v 0.06518555 0.38183594 0.03930666
v 0.08666994 0.27099609 0.00903322
v 0.08569337 0.28320312 0.01391603
v 0.08374024 0.29833984 0.01635744
v 0.10717774 0.23779297 -0.01391600
v 0.10327149 0.25683594 -0.00903319
v 0.09887696 0.27343750 -0.00366209
v 0.09350587 0.27685547 0.00366213
v 0.09350587 0.28710938 0.00561525
v 0.09838868 0.29003906 -0.00268553
v 0.08374024 0.31005859 0.01733400
v 0.08520509 0.32177734 0.01928712
v 0.09204102 0.30078125 0.00854494
v 0.09008790 0.30957031 0.01147462
v 0.09643555 0.32324219 0.00708009
v 0.09741212 0.30566406 0.00073244
v 0.10278321 0.29345703 -0.01489256
v 0.10229493 0.30957031 -0.01147460
v 0.10278321 0.32714844 -0.00854491
v 0.08520509 0.33886719 0.02368166
v 0.08471680 0.35839844 0.02905275
v 0.08422852 0.38427734 0.03491212
v 0.09838868 0.34179688 0.01098634
v 0.09936524 0.36132812 0.01538087
v 0.09985352 0.38671875 0.02026368
v 0.10473634 0.34375000 -0.00561522
v 0.10668946 0.36328125 -0.00268554
v 0.10717774 0.38818359 0.00024415
v 0.01586915 0.40039062 0.01342776
v 0.02661134 0.40136719 0.03051760
v 0.02368165 0.42333984 0.03393557
v 0.01245118 0.42138672 0.01635744
v 0.04321290 0.40283203 0.04125978
v 0.04077149 0.42675781 0.04418947
v 0.01049805 0.43798828 0.01831057
v 0.02124024 0.44091797 0.03491213
v 0.03833009 0.44580078 0.04516603
v 0.01049805 0.40039062 -0.00610349
v 0.00708008 0.42089844 -0.00463865
v 0.00610352 0.43750000 -0.00415037
v 0.06323243 0.40576172 0.04418947
v 0.06127930 0.43115234 0.04711916
v 0.05932618 0.45166016 0.04809572
v 0.08374024 0.40917969 0.03930665
v 0.08227540 0.43505859 0.04174806
v 0.08032227 0.45654297 0.04174806
v 0.00805665 0.46191406 0.03784182
v 0.01635743 0.47802734 0.04663087
v 0.00512696 0.45361328 0.02319338
v 0.00952149 0.45410156 0.02319338
v 0.01635743 0.46435547 0.03735353
v 0.03198243 0.48193359 0.04418947
v 0.01928712 0.45458984 0.03540041
v 0.01049805 0.44970703 0.02124025
v 0.03588868 0.46289062 0.04516603
v 0.01782227 0.49902344 0.05102541
v 0.01831055 0.51904297 0.05395509
v 0.03491212 0.50341797 0.04663087
v 0.03588868 0.52246094 0.04907228
v 0.00708008 0.44824219 0.00854494
v 0.00610352 0.44824219 -0.00366209
v 0.00561524 0.45117188 0.00805666
v 0.00317383 0.45117188 0.00854494
v 0.00317383 0.45166016 -0.00366209
v 0.00561524 0.45117188 -0.00366209
v 0.05639649 0.47119141 0.04663087
v 0.05346680 0.49072266 0.04418946
v 0.07739259 0.47802734 0.04125977
v 0.05200196 0.50927734 0.04272462
v 0.07348634 0.49804688 0.03881837
v 0.06909180 0.51513672 0.03637696
v 0.09936524 0.41162109 0.02368165
v 0.09838868 0.43798828 0.02563477
v 0.09643555 0.46093750 0.02563477
v 0.10815430 0.41308594 0.00268556
v 0.10668945 0.36425781 -0.02075194
v 0.10717773 0.38867188 -0.01928710
v 0.10815430 0.41357422 -0.01831054
v 0.10766602 0.43945312 0.00366212
v 0.10766602 0.43994141 -0.01831054
v 0.09350587 0.48291016 0.02612305
v 0.08911133 0.50244141 0.02563477
v 0.08422852 0.52001953 0.02465821
v 0.10571289 0.46337891 0.00366212
v 0.10180664 0.48583984 0.00366212
v 0.09692383 0.50537109 0.00366211
v 0.10522461 0.46435547 -0.01879882
v 0.10180664 0.48583984 -0.01977539
v 0.09741211 0.50537109 -0.01977539
v 0.17163087 0.41894531 0.03198242
v 0.17211916 0.41210938 0.03247070
v 0.17651369 0.41064453 0.03344727
v 0.17651369 0.41894531 0.03344727
v 0.17651369 0.42529297 0.03442383
v 0.17163087 0.42529297 0.03247070
v 0.17065431 0.41162109 0.02905273
v 0.16918945 0.41845703 0.02856445
v 0.16918945 0.42480469 0.02807617
v 0.17700197 0.42919922 0.03393555
v 0.17163086 0.42919922 0.03198242
v 0.16918945 0.42871094 0.02709961
v 0.17700195 0.43652344 0.03247070
v 0.17163086 0.43603516 0.03051758
v 0.16967773 0.43505859 0.02612305
v 0.17602541 0.40917969 0.02905273
v 0.18139650 0.41845703 0.03198242
v 0.18041994 0.41162109 0.03247070
v 0.18139650 0.41113281 0.02856445
v 0.18188478 0.42480469 0.03198242
v 0.18334961 0.41796875 0.02758789
v 0.18383789 0.42431641 0.02709961
v 0.18188477 0.42871094 0.03149414
v 0.18188477 0.43554688 0.03051758
v 0.17163086 0.44335938 0.03002930
v 0.17749023 0.44335938 0.03149414
v 0.18237305 0.44140625 0.03002929
v 0.18383789 0.42822266 0.02661133
v 0.18383789 0.43408203 0.02563476
v 0.17016602 0.41845703 0.02368164
v 0.17114258 0.41259766 0.02514648
v 0.17553711 0.41113281 0.02416992
v 0.17553711 0.41796875 0.02124023
v 0.17065430 0.42431641 0.02270508
v 0.17602539 0.42382812 0.02026367
v 0.17114258 0.42822266 0.02221680
v 0.17114258 0.43359375 0.02075195
v 0.16870117 0.44189453 0.02514648
v 0.17016602 0.43945312 0.01879883
v 0.17651367 0.42773438 0.01977539
v 0.17700195 0.43261719 0.01831055
v 0.17700195 0.43652344 0.01538086
v 0.17114258 0.43847656 0.01733398
v 0.17993164 0.41210938 0.02465820
v 0.18139648 0.41796875 0.02270508
v 0.18188477 0.42382812 0.02221680
v 0.18188477 0.42773438 0.02172851
v 0.18188477 0.43261719 0.02075195
v 0.18286133 0.43701172 0.01977539
v 0.17993164 0.43603516 0.01635742
v 0.18481445 0.43945312 0.02612304
v 0.18481445 0.43847656 0.02465820
v 0.18579102 0.44091797 0.02270507
v 0.18432617 0.43847656 0.01928711
v 0.18139648 0.43798828 0.01538086
v 0.17700195 0.43847656 0.01342773
v 0.18676758 0.43701172 0.01928711
v 0.18530273 0.43603516 0.01342773
v 0.18725586 0.43017578 0.01342773
v 0.18872070 0.43212891 0.01977539
v 0.18334961 0.43798828 0.01293945
v 0.18579102 0.43798828 0.01879882
v 0.19262695 0.43505859 0.02319336
v 0.19018555 0.43994141 0.02270507
v 0.18774414 0.44140625 0.02221679
v 0.17163086 0.44189453 0.01440430
v 0.18530273 0.43750000 0.00561523
v 0.18774414 0.42919922 0.00659179
v 0.19067383 0.42675781 0.02026367
v 0.18920898 0.42480469 0.01391601
v 0.19067383 0.42382812 0.00708007
v 0.18139648 0.44042969 0.00805664
v 0.17163086 0.44921875 0.02856445
v 0.17846680 0.44873047 0.03051757
v 0.18383789 0.44628906 0.02905273
v 0.16772461 0.44726562 0.02319336
v 0.16870117 0.44433594 0.01733398
v 0.16772461 0.45361328 0.02075195
v 0.17211914 0.45605469 0.02612305
v 0.18041992 0.45556641 0.02758789
v 0.16772461 0.45019531 0.01440430
v 0.17163086 0.44677734 0.01000976
v 0.17163086 0.46435547 0.02368164
v 0.16674805 0.46093750 0.01733398
v 0.16772461 0.46777344 0.01293945
v 0.17260742 0.47167969 0.01928711
v 0.18188477 0.46435547 0.02563476
v 0.18286133 0.47314453 0.02172851
v 0.16674805 0.45654297 0.00952148
v 0.16772461 0.46240234 0.00512695
v 0.17749023 0.44238281 0.00854492
v 0.17114258 0.45166016 0.00415039
v 0.17846680 0.44531250 0.00317383
v 0.17163086 0.45361328 0.00122070
v 0.17407227 0.47802734 0.01489257
v 0.16918945 0.47412109 0.00854492
v 0.16918945 0.46826172 -0.00073242
v 0.17309570 0.45703125 -0.00415039
v 0.17993164 0.44775391 -0.00268555
v 0.18920898 0.45312500 0.02465820
v 0.18579102 0.44335938 0.02612304
v 0.18872070 0.44628906 0.02416992
v 0.19311523 0.46044922 0.02124023
v 0.19165039 0.47167969 0.01879882
v 0.18627930 0.43798828 -0.00024414
v 0.18872070 0.42919922 -0.00024414
v 0.17407227 0.48486328 0.00952148
v 0.17065430 0.48144531 0.00366211
v 0.16967773 0.47802734 -0.00219727
v 0.17260742 0.48925781 0.00805664
v 0.16918945 0.48632812 0.00219726
v 0.16821289 0.48437500 -0.00366211
v 0.16772461 0.49902344 0.00512695
v 0.16381836 0.49462891 -0.00415039
v 0.17944336 0.49316406 0.01098632
v 0.17553711 0.50341797 0.00903320
v 0.17114258 0.51318359 0.00659179
v 0.16333008 0.50830078 0.00268554
v 0.15893555 0.50341797 -0.00708008
v 0.18237305 0.48046875 0.01684570
v 0.19018555 0.48095703 0.01489257
v 0.18090820 0.48828125 0.01245117
v 0.18676758 0.48974609 0.01098632
v 0.18432617 0.49560547 0.01000976
v 0.18432617 0.50683594 0.00659179
v 0.19555664 0.48144531 0.01049804
v 0.19116211 0.49121094 0.00756835
v 0.18920898 0.49707031 0.00659179
v 0.18969728 0.38623047 0.01977539
v 0.18872072 0.38085938 0.01879883
v 0.19116212 0.37841797 0.02026367
v 0.19262697 0.38476562 0.02270508
v 0.19604494 0.37646484 0.01733398
v 0.19458009 0.37792969 0.02075195
v 0.19213869 0.37646484 0.01586914
v 0.19702150 0.38378906 0.02221680
v 0.18920898 0.37988281 0.01489258
v 0.18920898 0.38671875 0.01440430
v 0.19995119 0.38330078 0.01831055
v 0.19165039 0.38037109 0.01147461
v 0.19409180 0.37792969 0.01196289
v 0.19702148 0.37792969 0.01342773
v 0.19555666 0.39160156 0.02368164
v 0.19165039 0.39306641 0.02075195
v 0.19165039 0.39355469 0.01489258
v 0.19995119 0.39013672 0.02319336
v 0.19995117 0.38378906 0.01342773
v 0.20288086 0.38916016 0.01928711
v 0.19702150 0.39843750 0.02416992
v 0.20190431 0.39746094 0.02368164
v 0.20532227 0.39697266 0.01928711
v 0.20336914 0.38964844 0.01391601
v 0.20532227 0.39697266 0.01440429
v 0.19311523 0.39941406 0.02124023
v 0.19311523 0.39941406 0.01538086
v 0.19848633 0.40576172 0.02465820
v 0.19409180 0.40576172 0.02124023
v 0.19311523 0.40527344 0.01538086
v 0.19848633 0.41308594 0.02465820
v 0.19360352 0.41210938 0.02124023
v 0.19311523 0.41162109 0.01489258
v 0.20385742 0.40527344 0.02465820
v 0.20776367 0.40478516 0.01977539
v 0.20483398 0.41308594 0.02416992
v 0.19262695 0.38574219 0.01049805
v 0.19702148 0.38427734 0.01049804
v 0.19506836 0.39257812 0.01098633
v 0.19995117 0.39111328 0.01049804
v 0.18969727 0.38623047 0.00366211
v 0.18774414 0.38037109 0.00219726
v 0.18969727 0.37695312 0.00366211
v 0.19311523 0.38378906 0.00561523
v 0.19311523 0.37597656 0.00317383
v 0.19702148 0.38183594 0.00463867
v 0.19360352 0.37402344 -0.00073242
v 0.18872070 0.37500000 -0.00122070
v 0.18676758 0.37939453 -0.00170898
v 0.18872070 0.38720703 -0.00122070
v 0.19946289 0.38085938 0.00024414
v 0.19702148 0.38964844 0.00659179
v 0.19360352 0.39208984 0.00415039
v 0.19262695 0.39306641 -0.00073242
v 0.20141602 0.38720703 0.00561523
v 0.20385742 0.38671875 0.00073242
v 0.19409180 0.37548828 -0.00463867
v 0.19848633 0.38183594 -0.00463867
v 0.20288086 0.38769531 -0.00415039
v 0.19604492 0.39794922 0.00512695
v 0.20043945 0.39648438 0.00756836
v 0.20483398 0.39453125 0.00610351
v 0.20727539 0.39404297 0.00122070
v 0.19702148 0.39892578 0.01098633
v 0.20141602 0.39746094 0.01049804
v 0.19702148 0.40478516 0.01098632
v 0.19702148 0.41113281 0.01049804
v 0.19506836 0.39892578 -0.00024414
v 0.20239258 0.40429688 0.01000976
v 0.20727539 0.40429688 0.01391601
v 0.20239258 0.41162109 0.01000976
v 0.20727539 0.41210938 0.01342773
v 0.19799805 0.40429688 0.00561523
v 0.19653320 0.40478516 0.00024414
v 0.19604492 0.41113281 0.00024414
v 0.19799805 0.41064453 0.00610351
v 0.20336914 0.40332031 0.00854492
v 0.20385742 0.41064453 0.00854492
v 0.19750977 0.39843750 -0.00512696
v 0.19946289 0.40478516 -0.00512696
v 0.19897461 0.41113281 -0.00512696
v 0.20825195 0.41259766 0.01928710
v 0.20629883 0.39501953 -0.00366211
v 0.20874023 0.40234375 0.00659179
v 0.20922852 0.41064453 0.00708007
v 0.21118164 0.40185547 0.00170898
v 0.20971680 0.40234375 -0.00366211
v 0.21215820 0.41064453 0.00219726
v 0.21020508 0.41064453 -0.00366211
v 0.19799805 0.41992188 0.02465820
v 0.19262695 0.41748047 0.02124023
v 0.19213867 0.41650391 0.01440429
v 0.19750977 0.42529297 0.02416992
v 0.19165039 0.42236328 0.02075195
v 0.19116211 0.42041016 0.01440429
v 0.20434570 0.42089844 0.02368164
v 0.20434570 0.42724609 0.02368164
v 0.19506836 0.42968750 0.02368164
v 0.19555664 0.43701172 0.02368164
v 0.19702148 0.43066406 0.02416992
v 0.19311523 0.44433594 0.02368164
v 0.20336914 0.43261719 0.02319336
v 0.20141602 0.43945312 0.02270507
v 0.19848633 0.44824219 0.02124023
v 0.19604492 0.41650391 0.00952148
v 0.19506836 0.41943359 0.00854492
v 0.20190430 0.41748047 0.00952148
v 0.20239258 0.42138672 0.00903320
v 0.20288086 0.42138672 0.00854492
v 0.19653320 0.41943359 0.00659179
v 0.19750977 0.41650391 0.00659179
v 0.19458008 0.41943359 0.00024414
v 0.19555664 0.41650391 0.00024414
v 0.19116211 0.42285156 0.00024414
v 0.19848633 0.41650391 -0.00512696
v 0.19799805 0.41894531 -0.00561524
v 0.19262695 0.42333984 -0.00708008
v 0.20727539 0.41992188 0.01245117
v 0.20825195 0.42675781 0.01147460
v 0.20971680 0.42675781 0.00903320
v 0.20336914 0.41748047 0.00854492
v 0.20971680 0.41894531 0.00756835
v 0.18920898 0.42968750 -0.00659180
v 0.20825195 0.42089844 0.01879882
v 0.20922852 0.42773438 0.01879882
v 0.20874023 0.43359375 0.01831054
v 0.21020508 0.43359375 0.01245117
v 0.20776367 0.44091797 0.01782226
v 0.20971680 0.44140625 0.01196288
v 0.21313477 0.41992188 0.00219726
v 0.21411133 0.42675781 0.00268554
v 0.21069336 0.41943359 -0.00366211
v 0.21166992 0.42578125 -0.00366212
v 0.21166992 0.43408203 0.00903320
v 0.21459961 0.43359375 0.00317382
v 0.21069336 0.44140625 0.00854492
v 0.21264648 0.44189453 0.00268554
v 0.21362305 0.43359375 -0.00317383
v 0.21215820 0.44140625 -0.00268555
v 0.20434570 0.45019531 0.01586914
v 0.20092773 0.46093750 0.01489257
v 0.19848633 0.47119141 0.01293945
v 0.20776367 0.45117188 0.00854492
v 0.20532227 0.46142578 0.00756835
v 0.20288086 0.47119141 0.00610351
v 0.20971680 0.45117188 0.00122070
v 0.20727539 0.46142578 -0.00024415
v 0.21020508 0.45068359 -0.00708008
v 0.20776367 0.46093750 -0.00756837
v 0.20483398 0.47119141 -0.00122071
v 0.19946289 0.48144531 0.00463867
v 0.19506836 0.49218750 0.00219726
v 0.20190430 0.48144531 -0.00268555
v 0.19799805 0.49218750 -0.00512696
v 0.19311523 0.49804688 0.00122070
v 0.19018555 0.50830078 -0.00024415
v 0.19604492 0.49804688 -0.00610352
v 0.19360352 0.50830078 -0.00903321
v 0.01782227 0.53906250 0.05493166
v 0.03540039 0.54150391 0.05053712
v 0.01684571 0.55859375 0.05493165
v 0.01538086 0.57763672 0.05249025
v 0.03344727 0.56054688 0.05053712
v 0.03149414 0.57910156 0.05004884
v 0.05102539 0.52685547 0.04418946
v 0.05004883 0.54443359 0.04516602
v 0.06616211 0.53125000 0.03686525
v 0.06420898 0.54785156 0.03784180
v 0.04760743 0.56250000 0.04516602
v 0.04516602 0.58007812 0.04418946
v 0.06127930 0.56445312 0.03784180
v 0.01489258 0.59765625 0.05249025
v 0.02954102 0.59863281 0.05004884
v 0.01391602 0.61767578 0.05395509
v 0.02905274 0.61816406 0.05151368
v 0.01391602 0.63867188 0.05590821
v 0.02856445 0.63867188 0.05346680
v 0.04321289 0.59960938 0.04370118
v 0.04272461 0.61865234 0.04516602
v 0.04272461 0.63916016 0.04809571
v 0.05786133 0.58105469 0.03686524
v 0.05590820 0.60009766 0.03588868
v 0.07641602 0.55126953 0.02465821
v 0.07202148 0.56689453 0.02416993
v 0.06909180 0.58251953 0.02465821
v 0.06616211 0.60009766 0.02319336
v 0.05444336 0.61962891 0.03588868
v 0.05541992 0.63964844 0.03881836
v 0.06518555 0.61962891 0.02270508
v 0.06665039 0.64111328 0.02368164
v 0.07983398 0.53564453 0.02465821
v 0.09204102 0.52294922 0.00415040
v 0.08764648 0.53857422 0.00512696
v 0.08764648 0.53955078 -0.01733398
v 0.09252930 0.52343750 -0.01879882
v 0.08325195 0.55371094 0.00561524
v 0.07690430 0.56835938 0.00610352
v 0.08325195 0.55468750 -0.01538085
v 0.07690429 0.56982422 -0.01293945
v 0.07397461 0.58349609 0.00659180
v 0.07006836 0.60009766 0.00610352
v 0.07299804 0.58398438 -0.01098632
v 0.06909179 0.60058594 -0.00952148
v 0.06958007 0.61914062 0.00561524
v 0.07104491 0.63574219 0.00415039
v 0.06762695 0.61865234 -0.01049804
v 0.06958007 0.63330078 -0.01293945
v 0.01342774 0.65771484 0.05688478
v 0.02856445 0.65771484 0.05493165
v 0.04223633 0.65722656 0.05053712
v 0.01391602 0.67578125 0.05590821
v 0.02856445 0.67480469 0.05444337
v 0.01391601 0.68945312 0.05590821
v 0.02905273 0.68847656 0.05493165
v 0.04223633 0.67333984 0.05102540
v 0.04370117 0.68798828 0.05200196
v 0.05444336 0.65820312 0.04223633
v 0.06420898 0.66162109 0.03198243
v 0.05493164 0.67431641 0.04467774
v 0.05639648 0.68896484 0.04663086
v 0.06469727 0.67773438 0.03588868
v 0.06713867 0.69238281 0.03735352
v 0.01440430 0.70410156 0.05249024
v 0.02954101 0.70361328 0.05102540
v 0.01342773 0.71972656 0.04565430
v 0.02905273 0.72021484 0.04418946
v 0.04418945 0.70410156 0.04809571
v 0.04321289 0.72070312 0.04077148
v 0.01293945 0.73632812 0.03735352
v 0.02758789 0.73730469 0.03540039
v 0.01293945 0.75390625 0.02758790
v 0.02563476 0.75439453 0.02612305
v 0.04174804 0.73828125 0.03198243
v 0.03930663 0.75537109 0.02270508
v 0.05688476 0.70458984 0.04272461
v 0.05639648 0.72265625 0.03540039
v 0.06713866 0.70703125 0.03491211
v 0.06811523 0.72607422 0.02758789
v 0.05493163 0.74072266 0.02661133
v 0.05444335 0.75830078 0.01684570
v 0.06274413 0.74316406 0.02221680
v 0.06958007 0.68164062 0.02954102
v 0.07006835 0.67187500 0.02368164
v 0.07250976 0.65820312 0.01440430
v 0.07397460 0.65087891 -0.00024414
v 0.07348632 0.64746094 -0.01635742
v 0.07739257 0.67333984 0.00805664
v 0.07446288 0.68603516 0.01782227
v 0.07543945 0.70019531 0.02563477
v 0.07739257 0.68408203 0.00317383
v 0.07836913 0.69433594 0.01147461
v 0.07836913 0.66503906 -0.00512695
v 0.08081054 0.67578125 -0.00805664
v 0.08178710 0.70117188 0.00708008
v 0.07788085 0.69189453 -0.00024414
v 0.07836913 0.67968750 -0.00903320
v 0.09155273 0.68505859 0.00366211
v 0.09497070 0.67041016 0.00073242
v 0.10668945 0.67626953 0.00512695
v 0.10327148 0.68945312 0.00708007
v 0.10083007 0.70214844 0.00854492
v 0.08959960 0.69775391 0.00805664
v 0.08813476 0.66455078 -0.01147461
v 0.08471679 0.67675781 -0.00952148
v 0.11547851 0.64746094 0.00122070
v 0.10375976 0.64208984 -0.00512695
v 0.10913085 0.62841797 -0.00610352
v 0.12084960 0.63378906 -0.00024414
v 0.11108398 0.66113281 0.00317383
v 0.09936523 0.65576172 -0.00268555
v 0.12426757 0.66699219 -0.00073243
v 0.12866211 0.65332031 -0.00219727
v 0.13354492 0.64062500 -0.00366211
v 0.09204101 0.65234375 -0.01440430
v 0.11596679 0.69482422 0.00122070
v 0.11938476 0.68212891 0.00073242
v 0.13354491 0.67187500 -0.01293946
v 0.12866209 0.68603516 -0.01196290
v 0.12524413 0.69824219 -0.01196290
v 0.07299804 0.71191406 0.02856445
v 0.08081054 0.72167969 0.01831055
v 0.08178710 0.71093750 0.01538086
v 0.07836913 0.73583984 0.01733398
v 0.08764648 0.71093750 0.01293945
v 0.08422851 0.70117188 0.00610351
v 0.08276366 0.69287109 -0.00122070
v 0.08569335 0.68701172 -0.00170899
v 0.09985351 0.71582031 0.00952148
v 0.08911132 0.72412109 0.01440429
v 0.09887695 0.72851562 0.00952148
v 0.07348632 0.75048828 0.01391601
v 0.06811523 0.76318359 0.00756836
v 0.08715820 0.73681641 0.01391601
v 0.08520507 0.74560547 0.01196289
v 0.08178710 0.75683594 0.00805664
v 0.09643554 0.74121094 0.00854492
v 0.09301757 0.75244141 0.00659179
v 0.08813476 0.76171875 0.00366210
v 0.11303710 0.70703125 0.00219726
v 0.11206054 0.72021484 0.00219726
v 0.10961913 0.73388672 0.00122070
v 0.12329101 0.71093750 -0.01098633
v 0.12133788 0.72412109 -0.01098634
v 0.10620116 0.74658203 0.00024413
v 0.10131834 0.75830078 -0.00170899
v 0.11791991 0.73730469 -0.01196290
v 0.11352538 0.75048828 -0.01293946
v 0.10717772 0.76220703 -0.01489258
v 0.15502930 0.55224609 0.00219726
v 0.16137695 0.53710938 0.00366211
v 0.17163086 0.54199219 0.00170898
v 0.16674805 0.55712891 0.00170898
v 0.16235352 0.57177734 0.00073242
v 0.14965820 0.56542969 0.00122070
v 0.13793945 0.55859375 -0.00317383
v 0.14428711 0.54589844 -0.00219727
v 0.15112305 0.53125000 -0.00122071
v 0.16674805 0.52343750 0.00512695
v 0.15795898 0.51806641 0.00073242
v 0.15356445 0.51318359 -0.00903321
v 0.18041992 0.51708984 0.00512695
v 0.17700195 0.52734375 0.00366210
v 0.14575195 0.52685547 -0.01147461
v 0.18725586 0.51855469 -0.00122071
v 0.18383789 0.52929688 -0.00317384
v 0.17895508 0.54443359 -0.00512696
v 0.17553711 0.55957031 -0.00561524
v 0.17114258 0.57519531 -0.00708009
v 0.13208008 0.57324219 -0.00512695
v 0.14428711 0.58056641 -0.00122071
v 0.15649414 0.58691406 -0.00170899
v 0.16625977 0.59130859 -0.00952149
v 0.00854492 0.82470703 0.06274414
v 0.00708007 0.83105469 0.06616211
v 0.01000976 0.82031250 0.05932618
v 0.01440429 0.83300781 0.06567383
v 0.01733398 0.82763672 0.06127930
v 0.01879882 0.82373047 0.05639648
v 0.00463867 0.84326172 0.07202148
v 0.00512695 0.84130859 0.07104492
v 0.00610351 0.83642578 0.06860352
v 0.00415039 0.84521484 0.07153320
v 0.01147460 0.83789062 0.06860352
v 0.00952148 0.84179688 0.07006836
v 0.00903320 0.84423828 0.07104492
v 0.00854492 0.84521484 0.07104492
v 0.01635742 0.84033203 0.06811523
v 0.01977539 0.83642578 0.06567383
v 0.02416991 0.83300781 0.06079102
v 0.01342773 0.84326172 0.06958008
v 0.01245117 0.84472656 0.07055664
v 0.01977539 0.84326172 0.06811523
v 0.01684570 0.84472656 0.06909180
v 0.01538085 0.84570312 0.06958008
v 0.02368164 0.84130859 0.06616211
v 0.01928710 0.84619141 0.06909180
v 0.02221679 0.84667969 0.06860352
v 0.02612304 0.84667969 0.06713867
v 0.02856445 0.84033203 0.06274414
v 0.03051757 0.84716797 0.06567383
v 0.02807616 0.83007812 0.05200195
v 0.03393554 0.84033203 0.05688477
v 0.03686523 0.84912109 0.06176758
v 0.00317382 0.86230469 0.07885742
v 0.00317382 0.86474609 0.08178711
v 0.00268554 0.86718750 0.08422852
v 0.00366210 0.85986328 0.07543945
v 0.00659179 0.86621094 0.08032227
v 0.00756835 0.86425781 0.07690430
v 0.00854492 0.86230469 0.07397461
v 0.00512695 0.86718750 0.08276367
v 0.00659179 0.87011719 0.08227539
v 0.00903320 0.86865234 0.07885742
v 0.01049804 0.86718750 0.07543945
v 0.00366210 0.87060547 0.08471680
v 0.00366210 0.87353516 0.08374023
v 0.00708007 0.87255859 0.08081055
v 0.00366210 0.87695312 0.08032227
v 0.00708007 0.87597656 0.07836914
v 0.00952148 0.87011719 0.07788086
v 0.00903320 0.87304688 0.07592773
v 0.00463867 0.84619141 0.07299805
v 0.00415039 0.84521484 0.07202148
v 0.00415038 0.84521484 0.07055664
v 0.00463867 0.84765625 0.07348633
v 0.00463867 0.85156250 0.07397461
v 0.00805664 0.84521484 0.07104492
v 0.00854492 0.84619141 0.07202148
v 0.00903320 0.84814453 0.07250977
v 0.00805664 0.84570312 0.07006836
v 0.00952148 0.85156250 0.07299805
v 0.00463867 0.85546875 0.07446289
v 0.00415038 0.85839844 0.07495117
v 0.01000976 0.85595703 0.07299805
v 0.00952148 0.85986328 0.07348633
v 0.01196289 0.84667969 0.07104492
v 0.01147460 0.84570312 0.07006836
v 0.01098632 0.84570312 0.06909180
v 0.01147460 0.84570312 0.07055664
v 0.01293945 0.84814453 0.07153320
v 0.01342773 0.84619141 0.06860352
v 0.01391601 0.84619141 0.06958008
v 0.01440429 0.85107422 0.07153320
v 0.01342773 0.84619141 0.06958008
v 0.01489257 0.84667969 0.07055664
v 0.01635742 0.84765625 0.07006836
v 0.01489257 0.84619141 0.06909180
v 0.01733398 0.84619141 0.06958008
v 0.01879882 0.84912109 0.07006836
v 0.01635742 0.85595703 0.07153320
v 0.02270507 0.85156250 0.06958008
v 0.01391601 0.86132812 0.07202148
v 0.01147460 0.86572266 0.07299805
v 0.01098632 0.87060547 0.07397461
v 0.01293945 0.86914062 0.07202148
v 0.01928710 0.86425781 0.07153320
v 0.02416992 0.85888672 0.07055664
v 0.01147460 0.87304688 0.07250977
v 0.00952148 0.87695312 0.07348633
v 0.00659179 0.88085938 0.07495117
v 0.01831054 0.87255859 0.07104492
v 0.01391601 0.87646484 0.07104492
v 0.01098632 0.88183594 0.07153320
v 0.02563476 0.86816406 0.07006836
v 0.02807617 0.85351562 0.06860352
v 0.03198241 0.86279297 0.06860352
v 0.03588866 0.85644531 0.06567383
v 0.01635741 0.88037109 0.07006836
v 0.02172851 0.87646484 0.06958008
v 0.04028320 0.86718750 0.06420898
v 0.03540038 0.87255859 0.06665039
v 0.04370116 0.86035156 0.06079101
v 0.04272460 0.85205078 0.05590820
v 0.04711913 0.87255859 0.05932617
v 0.04223632 0.87695312 0.06225586
v 0.04956054 0.86523438 0.05444336
v 0.00463866 0.76806641 0.01684571
v 0.00610351 0.76562500 0.01977540
v 0.02221679 0.77050781 0.01684571
v 0.01196288 0.76904297 0.01879883
v 0.00952147 0.77148438 0.01440430
v 0.02075194 0.77392578 0.01147461
v 0.00854491 0.77880859 0.00903321
v 0.00805663 0.78710938 0.00708008
v 0.01879882 0.78027344 0.00561524
v 0.01733397 0.78955078 0.00366211
v 0.03588866 0.77148438 0.01391602
v 0.03393554 0.77490234 0.00756836
v 0.02709960 0.78222656 -0.00024414
v 0.02416991 0.79199219 -0.00170898
v 0.00805663 0.79736328 0.00659180
v 0.01635741 0.79931641 0.00415039
v 0.00854491 0.80761719 0.00854493
v 0.00854491 0.81591797 0.01147461
v 0.01635741 0.80957031 0.00561524
v 0.01684569 0.81884766 0.00854492
v 0.02319335 0.80175781 -0.00073242
v 0.02319335 0.81201172 0.00170899
v 0.02368163 0.82177734 0.00415039
v 0.02807616 0.80468750 -0.00708008
v 0.02856444 0.81542969 -0.00415039
v 0.02954100 0.82568359 -0.00170898
v 0.04956054 0.77343750 0.00805664
v 0.04711913 0.77685547 0.00170898
v 0.04956054 0.77929688 -0.00512695
v 0.03881834 0.78222656 -0.00561523
v 0.03442381 0.78515625 -0.00610351
v 0.06127929 0.77539062 0.00024414
v 0.05737304 0.77880859 -0.00512695
v 0.07836913 0.76855469 0.00073242
v 0.06811522 0.77783203 -0.00756836
v 0.06323241 0.78027344 -0.01196289
v 0.01000976 0.81689453 0.05395508
v 0.01000976 0.81640625 0.05004883
v 0.01000976 0.81689453 0.04418946
v 0.01879882 0.82031250 0.05004883
v 0.01831054 0.81933594 0.04321289
v 0.00952148 0.81835938 0.03442383
v 0.00952147 0.82031250 0.02416992
v 0.01928710 0.82080078 0.03393555
v 0.01928710 0.82275391 0.02368164
v 0.02563476 0.82470703 0.04516602
v 0.02368163 0.82226562 0.04028320
v 0.03100585 0.82812500 0.03930664
v 0.03442382 0.83447266 0.04467773
v 0.03930663 0.84277344 0.05004883
v 0.02709960 0.82421875 0.03442383
v 0.03100585 0.82714844 0.02661133
v 0.03540038 0.83154297 0.03149414
v 0.03930663 0.83789062 0.03637695
v 0.00903319 0.82080078 0.01684570
v 0.01782225 0.82421875 0.01342774
v 0.03491210 0.83154297 0.01733398
v 0.02661132 0.82910156 0.00952149
v 0.03979491 0.83544922 0.02270508
v 0.03198241 0.83642578 0.00122070
v 0.03930663 0.83642578 0.00854492
v 0.04370116 0.84619141 0.04174804
v 0.04760741 0.85546875 0.04809570
v 0.04321288 0.84130859 0.02758789
v 0.04711913 0.84960938 0.03295898
v 0.05200194 0.85986328 0.03930664
v 0.05444335 0.87158203 0.04614257
v 0.05151366 0.87939453 0.05346679
v 0.04516601 0.88330078 0.05883788
v 0.04711913 0.84521484 0.01782226
v 0.05053710 0.85302734 0.02270507
v 0.05444335 0.86425781 0.02856445
v 0.05688475 0.87988281 0.03588867
v 0.05297850 0.88818359 0.05004882
v 0.04370116 0.83984375 0.01342773
v 0.04418944 0.84375000 0.00024414
v 0.03442381 0.84277344 -0.00805664
v 0.03247069 0.83056641 -0.01049805
v 0.04858397 0.84570312 0.00463867
v 0.05102538 0.85107422 0.00952148
v 0.04418944 0.85205078 -0.00952149
v 0.04858397 0.85205078 -0.00512696
v 0.05200194 0.85351562 -0.00073243
v 0.05297850 0.85595703 0.01245117
v 0.05639647 0.86669922 0.01586914
v 0.05883788 0.88037109 0.01879882
v 0.05395506 0.85644531 0.00512695
v 0.05737303 0.86718750 0.00317382
v 0.05981444 0.88037109 0.00463867
v 0.05493163 0.86230469 -0.00415039
v 0.05834959 0.86865234 -0.00610352
v 0.05786131 0.87060547 -0.00219727
v 0.06030272 0.88037109 -0.00268555
v 0.09399413 0.76757812 -0.00415040
v 0.08422850 0.77392578 -0.00805665
v 0.07250975 0.77929688 -0.01342774
v 0.00366210 0.88281250 0.07641602
v 0.00415038 0.89013672 0.07299805
v 0.00805663 0.88818359 0.07202148
v 0.00512695 0.89892578 0.07250977
v 0.01098632 0.89648438 0.07104492
v 0.01293945 0.88623047 0.07055664
v 0.02172851 0.88330078 0.06811523
v 0.01928710 0.88867188 0.06860352
v 0.01879882 0.89648438 0.06909180
v 0.00708007 0.91015625 0.07446289
v 0.01489257 0.90771484 0.07250977
v 0.02075194 0.90429688 0.06958008
v 0.02856445 0.88330078 0.06616211
v 0.02856445 0.87695312 0.06811523
v 0.02807616 0.88964844 0.06567383
v 0.02758788 0.89697266 0.06567383
v 0.02319335 0.88720703 0.06909180
v 0.02172851 0.88720703 0.06616211
v 0.02319335 0.88525391 0.06567383
v 0.02416991 0.88525391 0.06811523
v 0.02563476 0.88525391 0.06909180
v 0.02465820 0.88769531 0.07006836
v 0.02124023 0.89062500 0.06665039
v 0.02221679 0.89062500 0.06958008
v 0.02416991 0.89062500 0.07055664
v 0.02563476 0.88378906 0.06713867
v 0.02465820 0.88378906 0.06518555
v 0.02709960 0.88769531 0.07055664
v 0.02709960 0.88574219 0.06958008
v 0.02905273 0.88574219 0.06909180
v 0.02954101 0.88769531 0.06958008
v 0.02709960 0.89062500 0.07104492
v 0.02954101 0.89111328 0.07006836
v 0.03686523 0.88427734 0.06323242
v 0.03491210 0.87939453 0.06518555
v 0.02661132 0.88427734 0.06762695
v 0.02758788 0.88427734 0.06762695
v 0.02856445 0.88427734 0.06713867
v 0.03100585 0.88769531 0.06811523
v 0.03002929 0.88574219 0.06762695
v 0.02856445 0.88427734 0.06616211
v 0.02905273 0.88427734 0.06616211
v 0.03051757 0.88525391 0.06616211
v 0.03198241 0.88769531 0.06616211
v 0.03149413 0.89111328 0.06811523
v 0.03247070 0.89111328 0.06616211
v 0.03686523 0.89013672 0.06225586
v 0.02856445 0.88378906 0.06420898
v 0.03002929 0.88525391 0.06372070
v 0.03149413 0.88769531 0.06323242
v 0.03686523 0.89746094 0.06225586
v 0.02758788 0.90478516 0.06665039
v 0.02221679 0.89453125 0.06958008
v 0.02075194 0.89453125 0.06713867
v 0.02416991 0.89453125 0.07104492
v 0.02221679 0.89843750 0.06958008
v 0.02075194 0.89843750 0.06713867
v 0.02416991 0.89794922 0.07104492
v 0.02270507 0.90185547 0.06958008
v 0.02172851 0.90185547 0.06713867
v 0.02465820 0.90136719 0.07104492
v 0.02270507 0.90429688 0.06713867
v 0.02416991 0.90380859 0.06909180
v 0.02514648 0.90380859 0.07055664
v 0.02563476 0.90527344 0.06860352
v 0.02465819 0.90576172 0.06665039
v 0.02709960 0.89453125 0.07153320
v 0.02954101 0.89453125 0.07055664
v 0.02709960 0.89794922 0.07153320
v 0.02709960 0.90136719 0.07104492
v 0.02954101 0.89794922 0.07055664
v 0.02954101 0.90136719 0.07055664
v 0.03198241 0.89453125 0.06860352
v 0.03149413 0.89843750 0.06860352
v 0.03100585 0.90136719 0.06909180
v 0.02709960 0.90332031 0.07055664
v 0.02856444 0.90332031 0.07006836
v 0.02661132 0.90527344 0.06909180
v 0.02758788 0.90478516 0.06909180
v 0.03002929 0.90380859 0.06909180
v 0.03588866 0.90576172 0.06323242
v 0.03051757 0.90429688 0.06713867
v 0.03198241 0.90185547 0.06713867
v 0.03247070 0.89843750 0.06665039
v 0.02856444 0.90527344 0.06811523
v 0.03442382 0.91308594 0.06518555
v 0.02514648 0.91210938 0.06958008
v 0.02905273 0.90527344 0.06762695
v 0.03002929 0.90429688 0.06469727
v 0.02807616 0.90576172 0.06518555
v 0.03149413 0.90234375 0.06420898
v 0.00903319 0.92285156 0.07543945
v 0.01782226 0.91894531 0.07397461
v 0.00512694 0.92919922 0.07495117
v 0.01000976 0.93505859 0.07397461
v 0.01831054 0.92919922 0.07348633
v 0.00512694 0.94189453 0.07202148
v 0.01977538 0.93603516 0.07250977
v 0.02124022 0.94824219 0.06762695
v 0.01049804 0.94873047 0.07006836
v 0.02563476 0.91943359 0.07153320
v 0.02856444 0.92675781 0.07104491
v 0.01879882 0.91943359 0.07055664
v 0.01977538 0.91748047 0.07055664
v 0.02124023 0.91699219 0.07299805
v 0.01977538 0.91943359 0.07348633
v 0.02075194 0.92236328 0.07348633
v 0.01928710 0.92236328 0.07104492
v 0.02221679 0.91748047 0.07495117
v 0.02172851 0.91943359 0.07543945
v 0.02514648 0.92089844 0.07495117
v 0.02465819 0.91796875 0.07446289
v 0.02368163 0.91748047 0.07202148
v 0.02172851 0.92187500 0.07495117
v 0.02465819 0.92333984 0.07446289
v 0.02221679 0.91796875 0.06909180
v 0.02661132 0.91796875 0.07104492
v 0.02514648 0.91845703 0.06811523
v 0.02807616 0.91894531 0.07299805
v 0.02905273 0.92138672 0.07397461
v 0.02905273 0.92431641 0.07299805
v 0.03393554 0.91943359 0.06665039
v 0.03833007 0.92529297 0.06518555
v 0.02807616 0.91845703 0.06616211
v 0.03002929 0.91796875 0.06909180
v 0.03149413 0.91894531 0.07153320
v 0.03247070 0.92138672 0.07202148
v 0.03295898 0.92431641 0.07153320
v 0.03491210 0.91845703 0.06958008
v 0.03295897 0.91748047 0.06762695
v 0.03149413 0.91796875 0.06469727
v 0.02368163 0.92431641 0.07250977
v 0.02221679 0.92431641 0.06958008
v 0.03100585 0.93603516 0.06860350
v 0.03149413 0.94726562 0.06372069
v 0.02807616 0.92529297 0.07104492
v 0.02612304 0.92529297 0.06811523
v 0.03149413 0.92529297 0.06909180
v 0.03002929 0.92529297 0.06616211
v 0.04077147 0.93408203 0.06225586
v 0.03540038 0.92480469 0.06713867
v 0.03344725 0.92480469 0.06420898
v 0.04125975 0.94531250 0.05786132
v 0.03198241 0.89111328 0.06323242
v 0.04565429 0.89062500 0.05737304
v 0.03247070 0.89501953 0.06616211
v 0.03198241 0.89501953 0.06372070
v 0.03198241 0.89892578 0.06372070
v 0.04516600 0.89794922 0.05688476
v 0.04467772 0.90722656 0.05786132
v 0.04174804 0.91601562 0.06127929
v 0.03588866 0.92089844 0.07006836
v 0.03637694 0.92382812 0.06909180
v 0.03833007 0.91796875 0.06713867
v 0.03637694 0.91699219 0.06518555
v 0.03442382 0.91748047 0.06225586
v 0.03930663 0.92041016 0.06762695
v 0.04614257 0.92089844 0.05834960
v 0.03979491 0.92285156 0.06665039
v 0.03979491 0.91650391 0.06274414
v 0.04125975 0.91699219 0.06469727
v 0.04272460 0.91894531 0.06469727
v 0.03784179 0.91699219 0.06030273
v 0.04321288 0.92089844 0.06372070
v 0.04077147 0.91552734 0.05786132
v 0.04272460 0.91503906 0.06030273
v 0.04418944 0.91552734 0.06176757
v 0.04516600 0.91699219 0.06176757
v 0.04516600 0.91845703 0.06127929
v 0.03881835 0.92382812 0.06469727
v 0.04174804 0.92187500 0.06176757
v 0.04418944 0.91894531 0.05932616
v 0.03686522 0.92382812 0.06176757
v 0.04028319 0.92187500 0.05932617
v 0.05053710 0.92773438 0.05249023
v 0.01098632 0.96240234 0.06323242
v 0.02172850 0.96142578 0.06079101
v 0.01147460 0.97412109 0.05346679
v 0.02270506 0.97265625 0.05102538
v 0.03198241 0.95947266 0.05639648
v 0.04028319 0.95654297 0.05102539
v 0.05249022 0.89746094 0.04858398
v 0.05249022 0.91015625 0.04956054
v 0.05737304 0.89550781 0.03588866
v 0.05786131 0.91015625 0.03637695
v 0.05981444 0.89501953 0.01977539
v 0.06079100 0.91015625 0.02075195
v 0.04516600 0.91455078 0.05981445
v 0.04467772 0.91455078 0.05834960
v 0.04321288 0.91455078 0.05688476
v 0.04272460 0.91943359 0.05737304
v 0.04565429 0.91650391 0.05786132
v 0.04418944 0.91650391 0.05639648
v 0.04614257 0.91503906 0.05981445
v 0.04614257 0.91650391 0.05932616
v 0.04565429 0.91455078 0.05786132
v 0.04418944 0.91503906 0.05590820
v 0.04907225 0.94189453 0.04858398
v 0.05688475 0.92675781 0.03686523
v 0.05493163 0.94091797 0.03637695
v 0.06127928 0.92675781 0.02172851
v 0.05932616 0.94091797 0.02270507
v 0.06127928 0.89453125 0.00561523
v 0.06274413 0.91015625 0.00561523
v 0.06225584 0.89453125 -0.00317383
v 0.06323241 0.90136719 -0.00415040
v 0.06372069 0.92675781 0.00708007
v 0.06274413 0.94189453 0.00903319
v 0.03247069 0.96923828 0.04711913
v 0.01196287 0.98486328 0.04125976
v 0.02319334 0.98193359 0.03881835
v 0.01196287 0.99218750 0.02709960
v 0.02416990 0.98925781 0.02514648
v 0.03393553 0.97753906 0.03588866
v 0.03540037 0.98388672 0.02221679
v 0.01196287 0.99658203 0.01196289
v 0.02465818 0.99365234 0.01049804
v 0.01245115 0.99902344 -0.00415040
v 0.02465818 0.99560547 -0.00561524
v 0.03637693 0.98779297 0.00805663
v 0.03686521 0.99023438 -0.00708009
v 0.04711913 0.95410156 0.04467773
v 0.04077147 0.96533203 0.04272461
v 0.04516600 0.96337891 0.03930663
v 0.04321288 0.97119141 0.03247069
v 0.05249022 0.95263672 0.03540038
v 0.04956053 0.96191406 0.03295898
v 0.05688475 0.95361328 0.02416991
v 0.05151366 0.96386719 0.02709960
v 0.04565428 0.97656250 0.01879882
v 0.05444334 0.96679688 0.01489257
v 0.06030272 0.95507812 0.01147460
v 0.04760740 0.97998047 0.00512694
v 0.05688475 0.96972656 0.00170898
v 0.06274412 0.95654297 -0.00170899
v 0.06518552 0.94238281 -0.00415040
v 0.04760740 0.98144531 -0.00952149
v 0.05737302 0.97070312 -0.01293946
v 0.06372068 0.95703125 -0.01538087
v 0.06469724 0.90771484 -0.01000977
v 0.06518552 0.91503906 -0.00805665
v 0.06567381 0.92773438 -0.00659181
v 0.07641603 0.01660156 -0.01928708
v 0.07446291 0.02880859 -0.02026364
v 0.07446291 0.04394531 -0.02172849
v 0.07299806 0.01660156 -0.03002927
v 0.07641603 0.00830078 -0.03002927
v 0.07983401 0.00878906 -0.01928708
v 0.08618166 0.00341797 -0.02026364
v 0.08325197 0.00292969 -0.03100583
v 0.07006837 0.01611328 -0.04125973
v 0.07299806 0.00732422 -0.04174802
v 0.08032228 0.00195312 -0.04223630
v 0.07202150 0.02880859 -0.03051755
v 0.07299806 0.04394531 -0.03100583
v 0.07006837 0.02880859 -0.04174801
v 0.07250978 0.04443359 -0.04028318
v 0.09448244 0.00146484 -0.02221677
v 0.08862306 0.00048828 -0.04370114
v 0.09155275 0.00097656 -0.03295895
v 0.07641603 0.05615234 -0.01342771
v 0.07299806 0.05468750 -0.02465818
v 0.07153322 0.06445312 -0.02563474
v 0.07739259 0.06591797 -0.01342771
v 0.07055666 0.06396484 -0.03881833
v 0.07202150 0.05468750 -0.03881833
v 0.08862306 0.07031250 -0.00805661
v 0.06958009 0.01611328 -0.05444333
v 0.07202150 0.00732422 -0.05444333
v 0.07934572 0.00195312 -0.05493161
v 0.07055666 0.02929688 -0.05395504
v 0.07348634 0.04492188 -0.05200193
v 0.07397462 0.01660156 -0.06762692
v 0.07592775 0.00781250 -0.06616208
v 0.08227541 0.00244141 -0.06372067
v 0.07495119 0.03027344 -0.06616208
v 0.07690431 0.04589844 -0.06225583
v 0.08618166 0.00048828 -0.05493161
v 0.10424806 0.00097656 -0.02514646
v 0.10180666 0.00048828 -0.03540036
v 0.09887697 0.00048828 -0.04565427
v 0.09692384 0.00000000 -0.05444333
v 0.08862306 0.00097656 -0.06079099
v 0.09448244 0.00048828 -0.06225583
v 0.08813478 0.00292969 -0.06909177
v 0.07397462 0.05566406 -0.05004880
v 0.07348634 0.06494141 -0.04956052
v 0.07836916 0.05664062 -0.05981443
v 0.08422852 0.03076172 -0.07641599
v 0.08471680 0.04687500 -0.07202145
v 0.08569337 0.05761719 -0.06860349
v 0.07836916 0.06591797 -0.05883786
v 0.08569337 0.06689453 -0.06762692
v 0.10717776 0.00097656 -0.01538083
v 0.11743166 0.00146484 -0.01879880
v 0.11499025 0.00146484 -0.02807615
v 0.11206056 0.00097656 -0.03833005
v 0.12817384 0.00341797 -0.02221677
v 0.12182619 0.00292969 -0.04125974
v 0.12524416 0.00341797 -0.03149411
v 0.11791994 0.05957031 -0.02563474
v 0.11010744 0.06982422 -0.01782224
v 0.09985353 0.07177734 -0.01049802
v 0.12622072 0.04345703 -0.01879881
v 0.12329103 0.04589844 -0.02856443
v 0.12329103 0.03027344 -0.04028318
v 0.12084962 0.04638672 -0.03784177
v 0.12670900 0.02978516 -0.03100584
v 0.11889650 0.05712891 -0.03686521
v 0.12963869 0.02880859 -0.02172849
v 0.11840822 0.06835938 -0.03784177
v 0.11499025 0.06884766 -0.02807615
v 0.10571291 0.00097656 -0.05737302
v 0.10913087 0.00097656 -0.04858396
v 0.10180666 0.00146484 -0.06372067
v 0.09838869 0.00292969 -0.07104489
v 0.11791994 0.00292969 -0.05102536
v 0.11303712 0.00292969 -0.06079099
v 0.10571291 0.00292969 -0.06811520
v 0.12280275 0.00878906 -0.05346677
v 0.12719728 0.00878906 -0.04321286
v 0.13061525 0.00878906 -0.03344724
v 0.12280275 0.01757812 -0.05249021
v 0.11938478 0.03076172 -0.05004880
v 0.12670900 0.01757812 -0.04223630
v 0.11743166 0.04638672 -0.04760740
v 0.13061525 0.01708984 -0.03295896
v 0.11791994 0.00830078 -0.06372067
v 0.10961916 0.00830078 -0.07299802
v 0.11743166 0.01757812 -0.06372067
v 0.11450197 0.03076172 -0.05981443
v 0.11157228 0.04687500 -0.05639646
v 0.11010744 0.01757812 -0.07397458
v 0.10815431 0.03125000 -0.07055661
v 0.10522462 0.04687500 -0.06518552
v 0.10375978 0.05712891 -0.06225584
v 0.11108400 0.05615234 -0.05493162
v 0.11059572 0.06689453 -0.05541990
v 0.10327149 0.06738281 -0.06127927
v 0.09643555 0.04736328 -0.07299802
v 0.09594727 0.05761719 -0.06958005
v 0.09545899 0.06738281 -0.06762692
v 0.11694337 0.05615234 -0.04711912
v 0.11645509 0.06738281 -0.04760740
v 0.07788087 0.07666016 -0.01831052
v 0.07250978 0.07519531 -0.02856443
v 0.08715822 0.07910156 -0.01147458
v 0.07202150 0.08691406 -0.03002927
v 0.07690431 0.08837891 -0.02075193
v 0.08520509 0.09033203 -0.01440427
v 0.07055666 0.07421875 -0.03979489
v 0.07006837 0.08642578 -0.04028317
v 0.06958009 0.10156250 -0.03051755
v 0.07495119 0.10302734 -0.02172849
v 0.08374025 0.10498047 -0.01538083
v 0.06762697 0.10058594 -0.04125974
v 0.09838869 0.08056641 -0.01245115
v 0.09643556 0.09228516 -0.01391599
v 0.09448244 0.10693359 -0.01391599
v 0.07202150 0.11816406 -0.02221677
v 0.06665041 0.11669922 -0.03149411
v 0.06518556 0.11621094 -0.04174802
v 0.08129884 0.12011719 -0.01538083
v 0.07885744 0.13671875 -0.01538084
v 0.06860353 0.13476562 -0.02319333
v 0.06274416 0.13330078 -0.03442380
v 0.09301759 0.12158203 -0.01293943
v 0.09155275 0.13867188 -0.01245115
v 0.10522462 0.10791016 -0.01928709
v 0.10473634 0.12304688 -0.01879881
v 0.10424806 0.14062500 -0.01782225
v 0.07299806 0.07470703 -0.05004880
v 0.07153322 0.08691406 -0.05053708
v 0.06909180 0.10107422 -0.05151364
v 0.07788087 0.07519531 -0.05883786
v 0.07641602 0.08740234 -0.05981443
v 0.08520509 0.07617188 -0.06665036
v 0.08422852 0.08886719 -0.06665036
v 0.07446290 0.10205078 -0.06127927
v 0.08325196 0.10351562 -0.06762692
v 0.06665040 0.11621094 -0.05200192
v 0.07202149 0.11718750 -0.06274411
v 0.08178712 0.11865234 -0.06909177
v 0.06860352 0.13427734 -0.06372067
v 0.06225587 0.13281250 -0.05004880
v 0.10717775 0.08056641 -0.01879881
v 0.10571291 0.09277344 -0.01928709
v 0.11254884 0.07958984 -0.02905271
v 0.11157228 0.09277344 -0.02954099
v 0.11157228 0.10742188 -0.03002928
v 0.11499025 0.07910156 -0.03881834
v 0.11352541 0.09228516 -0.04028318
v 0.11303712 0.10693359 -0.04125974
v 0.11108400 0.12304688 -0.02954100
v 0.11108400 0.14111328 -0.02856443
v 0.11352540 0.12255859 -0.04223631
v 0.11401368 0.14062500 -0.04174803
v 0.10327149 0.07763672 -0.06127927
v 0.10864259 0.07812500 -0.05639646
v 0.09497071 0.07714844 -0.06665038
v 0.09497071 0.08984375 -0.06665038
v 0.10473634 0.09033203 -0.06030271
v 0.11352541 0.07861328 -0.04858396
v 0.11157228 0.09130859 -0.05053709
v 0.11108399 0.10644531 -0.05249021
v 0.10424805 0.10546875 -0.06225584
v 0.09448243 0.10449219 -0.06762694
v 0.11157227 0.12207031 -0.05395506
v 0.10473634 0.12109375 -0.06372069
v 0.09399415 0.12011719 -0.06958006
v 0.11254884 0.14013672 -0.05493162
v 0.10522462 0.13916016 -0.06567381
v 0.08520509 0.00830078 -0.07543942
v 0.08422852 0.01708984 -0.07788083
v 0.09838869 0.00830078 -0.07739255
v 0.09838868 0.01757812 -0.07983395
v 0.09741212 0.03125000 -0.07788083
v 0.08032227 0.13574219 -0.07202145
v 0.09350587 0.13720703 -0.07250975
v 0.05981446 0.17089844 -0.01977536
v 0.05249025 0.16992188 -0.03491208
v 0.05786134 0.15136719 -0.03491208
v 0.06420900 0.15234375 -0.02172849
v 0.04663087 0.19091797 -0.03442380
v 0.05541993 0.19091797 -0.01831052
v 0.07543947 0.15429688 -0.01293943
v 0.07202150 0.17285156 -0.01049802
v 0.06958009 0.19238281 -0.00854490
v 0.05786134 0.15136719 -0.05102536
v 0.05297852 0.17041016 -0.05249021
v 0.06469727 0.15283203 -0.06665036
v 0.06079102 0.17236328 -0.06909177
v 0.04663087 0.19189453 -0.05346677
v 0.05737305 0.19433594 -0.07006833
v 0.05346681 0.21093750 -0.01684568
v 0.04467774 0.21142578 -0.03247068
v 0.05200196 0.22998047 -0.01538084
v 0.04418946 0.23095703 -0.03002927
v 0.04272462 0.25048828 -0.02563474
v 0.04370118 0.21337891 -0.05297849
v 0.04272461 0.23486328 -0.04956052
v 0.04272461 0.25537109 -0.04370115
v 0.04077149 0.26611328 -0.02026365
v 0.05541993 0.21679688 -0.07006833
v 0.05493164 0.23974609 -0.06713864
v 0.05395508 0.26123047 -0.06079099
v 0.07788087 0.15478516 -0.07495114
v 0.07592774 0.17431641 -0.07836911
v 0.07446289 0.19628906 -0.07934567
v 0.07299805 0.21972656 -0.07836911
v 0.07202148 0.24414062 -0.07446288
v 0.07104492 0.26464844 -0.06860350
v 0.08959962 0.15722656 -0.00952146
v 0.08813478 0.17529297 -0.00659178
v 0.10375978 0.15917969 -0.01489256
v 0.08618166 0.19482422 -0.00463865
v 0.10278322 0.17724609 -0.01196287
v 0.10180666 0.19726562 -0.00952147
v 0.11206056 0.15966797 -0.02661131
v 0.11596680 0.15966797 -0.04125975
v 0.11254884 0.17871094 -0.02514647
v 0.11254884 0.19921875 -0.02221678
v 0.11694337 0.17871094 -0.04125975
v 0.11743165 0.20117188 -0.04028318
v 0.11401368 0.15917969 -0.05541990
v 0.10571290 0.15820312 -0.06762694
v 0.11499024 0.17871094 -0.05639647
v 0.11547852 0.20068359 -0.05737303
v 0.10668946 0.17773438 -0.07006834
v 0.10668945 0.19970703 -0.07202147
v 0.11010743 0.21923828 -0.01831053
v 0.11596680 0.22070312 -0.03100584
v 0.11254884 0.24072266 -0.02612303
v 0.10815430 0.26025391 -0.02172850
v 0.11352540 0.24316406 -0.03881834
v 0.11694337 0.22167969 -0.04272459
v 0.10815430 0.26318359 -0.03442381
v 0.11401368 0.22265625 -0.05688475
v 0.10522461 0.22314453 -0.07104491
v 0.11010743 0.24560547 -0.05346678
v 0.10473634 0.26562500 -0.04809569
v 0.10229492 0.24658203 -0.06616209
v 0.09838867 0.26708984 -0.05981443
v 0.09301759 0.15673828 -0.07495116
v 0.09301759 0.17626953 -0.07788084
v 0.09252930 0.19824219 -0.07983397
v 0.09057617 0.22167969 -0.07885741
v 0.08813477 0.24609375 -0.07446288
v 0.08569336 0.26660156 -0.06762694
v 0.13403322 0.00878906 -0.02416990
v 0.13745119 0.00830078 -0.01489256
v 0.13403322 0.01660156 -0.02368162
v 0.13793947 0.01611328 -0.01489256
v 0.03295899 0.29980469 -0.02368162
v 0.03637696 0.28271484 -0.02807615
v 0.03979493 0.26904297 -0.03295896
v 0.04174805 0.27197266 -0.04321286
v 0.03881836 0.28613281 -0.03930661
v 0.03588868 0.30175781 -0.03540037
v 0.03149414 0.31738281 -0.03442381
v 0.04809571 0.27539062 -0.05346677
v 0.04565430 0.29003906 -0.04907225
v 0.05688477 0.27880859 -0.05981443
v 0.06909180 0.28125000 -0.06323241
v 0.05541992 0.29296875 -0.05590818
v 0.06713867 0.29589844 -0.05834959
v 0.04321289 0.30517578 -0.04614256
v 0.03979492 0.32031250 -0.04614256
v 0.05395508 0.30810547 -0.05249022
v 0.05200195 0.32324219 -0.05249022
v 0.06567383 0.31054688 -0.05541990
v 0.06420898 0.32568359 -0.05493162
v 0.02807618 0.33398438 -0.03295896
v 0.02319336 0.35351562 -0.03149412
v 0.01684570 0.37841797 -0.02905271
v 0.03100586 0.35449219 -0.04663084
v 0.03588867 0.33593750 -0.04614256
v 0.02563477 0.37890625 -0.04711912
v 0.04907227 0.33886719 -0.05395506
v 0.04516602 0.35693359 -0.05639647
v 0.04077148 0.38085938 -0.05834959
v 0.06225586 0.34130859 -0.05639647
v 0.05981445 0.35888672 -0.05883787
v 0.07690430 0.32812500 -0.05395506
v 0.07543945 0.34326172 -0.05541991
v 0.07495117 0.36132812 -0.05786131
v 0.05737304 0.38281250 -0.06176756
v 0.07348633 0.38476562 -0.06030272
v 0.08325195 0.28369141 -0.06127928
v 0.08081055 0.29785156 -0.05688475
v 0.07836914 0.31250000 -0.05395506
v 0.09106445 0.29882812 -0.05004881
v 0.09448242 0.28369141 -0.05395506
v 0.08911133 0.31396484 -0.04858397
v 0.10083009 0.28271484 -0.04370116
v 0.09838867 0.29785156 -0.04077147
v 0.09741211 0.31396484 -0.03881834
v 0.10473634 0.27783203 -0.01782225
v 0.10424805 0.28076172 -0.03149413
v 0.10278321 0.29638672 -0.02856444
v 0.10229493 0.31250000 -0.02612303
v 0.10278321 0.32910156 -0.02416991
v 0.08959961 0.32958984 -0.04907225
v 0.08911133 0.34423828 -0.05004881
v 0.08911133 0.36328125 -0.05102538
v 0.09838867 0.33007812 -0.03784178
v 0.09936523 0.34521484 -0.03735350
v 0.08959961 0.38671875 -0.05200194
v 0.09985352 0.36376953 -0.03784179
v 0.10083008 0.38818359 -0.03735351
v 0.10424805 0.34521484 -0.02270507
v 0.01147461 0.40087891 -0.02807615
v 0.00805664 0.42138672 -0.02661131
v 0.02075195 0.40185547 -0.04711912
v 0.01782226 0.42382812 -0.04565428
v 0.00708008 0.43945312 -0.02465818
v 0.01586914 0.44335938 -0.04418943
v 0.03637695 0.40380859 -0.05883787
v 0.03295898 0.42724609 -0.05834959
v 0.03149414 0.44775391 -0.05834959
v 0.05395507 0.40576172 -0.06420897
v 0.05053711 0.43066406 -0.06372069
v 0.07153320 0.40771484 -0.06225585
v 0.04809570 0.45117188 -0.06372069
v 0.00610352 0.44775391 -0.00366209
v 0.00708008 0.44921875 -0.02368162
v 0.00366211 0.45361328 -0.02416990
v 0.00561523 0.45263672 -0.02368162
v 0.01147461 0.45312500 -0.04077146
v 0.00512695 0.45996094 -0.04223631
v 0.00903320 0.45751953 -0.04174803
v 0.00756835 0.46875000 -0.05834959
v 0.01586914 0.46484375 -0.05883788
v 0.01928710 0.45703125 -0.05346678
v 0.02905273 0.46289062 -0.06420897
v 0.02563476 0.48046875 -0.07495116
v 0.00903319 0.48242188 -0.07055663
v 0.04663085 0.46875000 -0.06958006
v 0.06860351 0.43408203 -0.06176756
v 0.06616210 0.45556641 -0.06274413
v 0.04516600 0.48681641 -0.07739256
v 0.01098632 0.50195312 -0.07641600
v 0.02661132 0.50341797 -0.08032225
v 0.04418944 0.50732422 -0.07885741
v 0.06469726 0.47460938 -0.06762694
v 0.06323241 0.49316406 -0.07202147
v 0.06030272 0.51220703 -0.07250975
v 0.08813477 0.41064453 -0.05249022
v 0.10083008 0.41259766 -0.03735351
v 0.08569335 0.43701172 -0.05297850
v 0.08276366 0.45947266 -0.05395507
v 0.09936523 0.43896484 -0.03784179
v 0.09643555 0.46289062 -0.03881835
v 0.08178710 0.47998047 -0.05688476
v 0.09448241 0.48388672 -0.04028320
v 0.07983398 0.49902344 -0.05932616
v 0.09155273 0.50292969 -0.04077148
v 0.07592773 0.51757812 -0.05932616
v 0.08715820 0.52148438 -0.03979491
v 0.19116211 0.37695312 -0.00610352
v 0.18872070 0.37988281 -0.00561524
v 0.19116211 0.38623047 -0.00610352
v 0.18676758 0.38476562 -0.01245117
v 0.18579102 0.38476562 -0.01635742
v 0.18725586 0.38037109 -0.01635742
v 0.18872070 0.38134766 -0.01147461
v 0.19262695 0.38671875 -0.01000977
v 0.18969727 0.38916016 -0.01147461
v 0.18823242 0.39062500 -0.01635742
v 0.18725586 0.38525391 -0.02075195
v 0.18920898 0.38183594 -0.02124023
v 0.19165039 0.37988281 -0.01245117
v 0.19165039 0.37841797 -0.01635742
v 0.19213867 0.38037109 -0.02026367
v 0.19018555 0.38964844 -0.02124023
v 0.19360352 0.38720703 -0.02221680
v 0.19018555 0.39306641 -0.02368164
v 0.18823242 0.39599609 -0.02416992
v 0.18676758 0.39599609 -0.02758789
v 0.18872070 0.39208984 -0.02807617
v 0.19067383 0.40039062 -0.02368164
v 0.18872070 0.40136719 -0.02758789
v 0.18725586 0.39648438 -0.03149414
v 0.18920898 0.39404297 -0.03247071
v 0.18969727 0.40087891 -0.03198243
v 0.19262695 0.39892578 -0.03393555
v 0.17553711 0.45898438 -0.01049805
v 0.17211914 0.46777344 -0.01098633
v 0.17065430 0.47607422 -0.01147461
v 0.18139648 0.44921875 -0.01000977
v 0.18676758 0.43896484 -0.00708008
v 0.18676758 0.43945312 -0.01391602
v 0.18920898 0.43017578 -0.01342774
v 0.18041992 0.45019531 -0.02026368
v 0.18676758 0.44042969 -0.02026368
v 0.18872070 0.43212891 -0.02075195
v 0.17553711 0.46044922 -0.02075195
v 0.17309570 0.46875000 -0.02026367
v 0.17260742 0.47656250 -0.01977539
v 0.18188477 0.45166016 -0.02856446
v 0.18725586 0.44189453 -0.02758789
v 0.18969727 0.43457031 -0.02758789
v 0.17749023 0.46191406 -0.02856445
v 0.18627930 0.45458984 -0.03442383
v 0.19018555 0.44433594 -0.03393555
v 0.19262695 0.43701172 -0.03344727
v 0.18286133 0.46435547 -0.03393555
v 0.17602539 0.47021484 -0.02807617
v 0.18041992 0.47167969 -0.03149414
v 0.16918945 0.48291016 -0.01245117
v 0.17211914 0.48339844 -0.02172852
v 0.16430664 0.49267578 -0.01440430
v 0.16772461 0.49316406 -0.02368164
v 0.15991211 0.50146484 -0.01684570
v 0.16381836 0.50195312 -0.02612305
v 0.17797852 0.48632812 -0.02856446
v 0.17456055 0.49560547 -0.03051758
v 0.17163086 0.50488281 -0.03295899
v 0.17651367 0.47949219 -0.02612305
v 0.18286133 0.48242188 -0.03002930
v 0.18579102 0.47412109 -0.03344727
v 0.18627930 0.48974609 -0.03100586
v 0.18823242 0.48437500 -0.03051758
v 0.19262695 0.47607422 -0.03247071
v 0.18383789 0.50000000 -0.03198243
v 0.18090820 0.50976562 -0.03344727
v 0.19409180 0.48730469 -0.02856446
v 0.19262695 0.49316406 -0.02856446
v 0.19165039 0.50439453 -0.02661133
v 0.19604492 0.44677734 -0.03588868
v 0.19262695 0.45654297 -0.03637696
v 0.18872070 0.46630859 -0.03540040
v 0.19555664 0.46777344 -0.03393555
v 0.19555664 0.38330078 -0.00708008
v 0.19506836 0.39208984 -0.00561524
v 0.19946289 0.38964844 -0.00659180
v 0.19604492 0.38476562 -0.01147461
v 0.19750977 0.38427734 -0.01586914
v 0.19653320 0.39208984 -0.00903321
v 0.19311523 0.39404297 -0.01098633
v 0.19165039 0.39501953 -0.01586914
v 0.20043945 0.39013672 -0.01049805
v 0.20288086 0.39648438 -0.00659180
v 0.20239258 0.38916016 -0.01538086
v 0.19995117 0.39794922 -0.00854492
v 0.20385742 0.39648438 -0.01000977
v 0.20629883 0.39599609 -0.01489258
v 0.19653320 0.38525391 -0.02026367
v 0.20092773 0.39062500 -0.02026367
v 0.20434570 0.39697266 -0.01977539
v 0.19555664 0.39941406 -0.01049805
v 0.19409180 0.40039062 -0.01538086
v 0.19799805 0.40527344 -0.01000977
v 0.19604492 0.40625000 -0.01538086
v 0.19360352 0.39453125 -0.02075196
v 0.19604492 0.39990234 -0.02075196
v 0.19848633 0.40576172 -0.02026368
v 0.20532227 0.40380859 -0.00659180
v 0.20532227 0.41064453 -0.00610352
v 0.20288086 0.40478516 -0.00756836
v 0.20825195 0.40380859 -0.00952149
v 0.19897461 0.41113281 -0.00952149
v 0.20434570 0.41113281 -0.00708008
v 0.20922852 0.41113281 -0.00854493
v 0.19702148 0.41162109 -0.01489258
v 0.19750977 0.39257812 -0.02221680
v 0.20043945 0.39843750 -0.02172852
v 0.19409180 0.39794922 -0.02270508
v 0.19311523 0.39257812 -0.02514649
v 0.19653320 0.39697266 -0.02465821
v 0.19311523 0.40429688 -0.02368164
v 0.19702148 0.40234375 -0.02221680
v 0.20043945 0.40087891 -0.02416993
v 0.19262695 0.39111328 -0.02856445
v 0.19213867 0.39257812 -0.03198243
v 0.19750977 0.39648438 -0.02856446
v 0.19555664 0.39746094 -0.03247071
v 0.19116211 0.40527344 -0.02758789
v 0.19213867 0.40478516 -0.03247071
v 0.19555664 0.40869141 -0.02319336
v 0.19311523 0.41015625 -0.02758789
v 0.19409180 0.40966797 -0.03247071
v 0.19946289 0.40722656 -0.02221680
v 0.20336914 0.40527344 -0.02172852
v 0.20288086 0.40576172 -0.02465821
v 0.19946289 0.41210938 -0.02026368
v 0.20434570 0.41210938 -0.02124024
v 0.20825195 0.40429688 -0.01977540
v 0.20092773 0.40039062 -0.02905274
v 0.19946289 0.40136719 -0.03295899
v 0.20434570 0.40576172 -0.02905274
v 0.20190430 0.41162109 -0.02172852
v 0.20581055 0.41113281 -0.02416993
v 0.20727539 0.41113281 -0.02905274
v 0.20190430 0.40673828 -0.03295899
v 0.21020508 0.40380859 -0.01440430
v 0.21215820 0.41113281 -0.01440430
v 0.20971680 0.41162109 -0.01928711
v 0.20483398 0.41210938 -0.03344727
v 0.20483398 0.41699219 -0.00610352
v 0.20532227 0.41943359 -0.00610352
v 0.19799805 0.41943359 -0.00805664
v 0.20532227 0.41943359 -0.00659180
v 0.19604492 0.41699219 -0.01489258
v 0.19897461 0.41650391 -0.00903321
v 0.20532227 0.41650391 -0.00659180
v 0.19897461 0.41796875 -0.02026368
v 0.19555664 0.42089844 -0.01440430
v 0.19213867 0.42382812 -0.01391602
v 0.19799805 0.42236328 -0.02026368
v 0.19262695 0.42626953 -0.02075196
v 0.19702148 0.41308594 -0.02319336
v 0.19409180 0.41406250 -0.02758789
v 0.19555664 0.41406250 -0.03247071
v 0.19506836 0.41796875 -0.02709961
v 0.19799805 0.41699219 -0.02270508
v 0.19848633 0.42041016 -0.02221680
v 0.19506836 0.42236328 -0.02709961
v 0.19653320 0.41845703 -0.03198243
v 0.19653320 0.42333984 -0.03198243
v 0.20288086 0.41601562 -0.02172852
v 0.20483398 0.41845703 -0.02124024
v 0.20727539 0.41650391 -0.02368165
v 0.20385742 0.41992188 -0.02124024
v 0.20483398 0.42285156 -0.02124024
v 0.19458008 0.42529297 -0.02709961
v 0.19750977 0.42285156 -0.02172852
v 0.20434570 0.42285156 -0.02124024
v 0.20825195 0.42187500 -0.02368165
v 0.19213867 0.42919922 -0.02758789
v 0.19604492 0.42724609 -0.03247071
v 0.19458008 0.43164062 -0.03295899
v 0.21020508 0.41845703 -0.00805665
v 0.21166992 0.42578125 -0.00756837
v 0.21264648 0.41894531 -0.01391602
v 0.21362305 0.42675781 -0.01342774
v 0.21020508 0.41943359 -0.01928711
v 0.21020508 0.42675781 -0.01928711
v 0.21313477 0.43359375 -0.00708008
v 0.21362305 0.43408203 -0.01293946
v 0.21215820 0.44140625 -0.00708009
v 0.21215820 0.44140625 -0.01342774
v 0.21215820 0.43408203 -0.01879883
v 0.21118164 0.44140625 -0.01831055
v 0.20874023 0.42724609 -0.02319336
v 0.20874023 0.41699219 -0.02905274
v 0.20581055 0.41796875 -0.03344727
v 0.20922852 0.42285156 -0.02856446
v 0.20629883 0.42333984 -0.03295899
v 0.21069336 0.43408203 -0.02319336
v 0.21020508 0.42871094 -0.02856446
v 0.21020508 0.43457031 -0.02856446
v 0.20825195 0.44140625 -0.02856446
v 0.21020508 0.44140625 -0.02319337
v 0.20629883 0.42919922 -0.03344727
v 0.20581055 0.43457031 -0.03344727
v 0.20385742 0.44091797 -0.03393555
v 0.19555664 0.40332031 -0.03442383
v 0.19799805 0.40820312 -0.03442383
v 0.19995117 0.41308594 -0.03491211
v 0.20092773 0.41845703 -0.03491211
v 0.20141602 0.42382812 -0.03442383
v 0.20092773 0.42871094 -0.03442383
v 0.19995117 0.43359375 -0.03491211
v 0.19848633 0.43945312 -0.03540039
v 0.20971680 0.45068359 -0.01391602
v 0.20776367 0.46044922 -0.01489258
v 0.20581055 0.45996094 -0.02221680
v 0.20825195 0.45019531 -0.02221680
v 0.20581055 0.47119141 -0.00854493
v 0.20532227 0.47070312 -0.01586915
v 0.20385742 0.46972656 -0.02270508
v 0.20581055 0.44970703 -0.02856446
v 0.20385742 0.45947266 -0.02856446
v 0.20190430 0.44873047 -0.03393555
v 0.19897461 0.45849609 -0.03442384
v 0.20092773 0.46923828 -0.02856446
v 0.20288086 0.48144531 -0.01000977
v 0.19946289 0.49218750 -0.01147462
v 0.19946289 0.49121094 -0.01831055
v 0.20288086 0.48046875 -0.01684571
v 0.19750977 0.49804688 -0.01293946
v 0.19458008 0.50683594 -0.01879884
v 0.19750977 0.49658203 -0.01879884
v 0.20141602 0.47949219 -0.02319337
v 0.19799805 0.48974609 -0.02368165
v 0.19799805 0.47802734 -0.02856446
v 0.19604492 0.49511719 -0.02416993
v 0.01245116 0.58007812 -0.04907225
v 0.01293944 0.56152344 -0.05639647
v 0.01342772 0.54296875 -0.06567381
v 0.02661132 0.58105469 -0.04858397
v 0.02758788 0.56298828 -0.05590819
v 0.02709960 0.54492188 -0.06616209
v 0.05102538 0.54931641 -0.06079101
v 0.04516600 0.56542969 -0.05249023
v 0.06030273 0.56787109 -0.04467773
v 0.06616210 0.55224609 -0.05102538
v 0.04174804 0.52880859 -0.07397459
v 0.03881835 0.54687500 -0.06469725
v 0.05639647 0.53222656 -0.06860350
v 0.07153320 0.53564453 -0.05590820
v 0.01196288 0.59765625 -0.04809569
v 0.02563475 0.59863281 -0.04809569
v 0.04077147 0.58251953 -0.04614257
v 0.03979491 0.59960938 -0.04467772
v 0.01196288 0.61621094 -0.05053709
v 0.02514647 0.61621094 -0.05102538
v 0.01147460 0.63427734 -0.05444335
v 0.02514647 0.63427734 -0.05590820
v 0.03979491 0.61669922 -0.04760741
v 0.04077147 0.63427734 -0.05249023
v 0.05493163 0.58398438 -0.03930663
v 0.05249022 0.60058594 -0.03784179
v 0.07788085 0.55468750 -0.03491211
v 0.07202148 0.56982422 -0.03149414
v 0.06567382 0.58496094 -0.02758789
v 0.06274413 0.60058594 -0.02563476
v 0.05249022 0.61718750 -0.03979491
v 0.05444335 0.63281250 -0.04467773
v 0.06274413 0.61767578 -0.02709960
v 0.06567382 0.63232422 -0.03002929
v 0.01245116 0.52392578 -0.07397459
v 0.02709960 0.52636719 -0.07543944
v 0.08276366 0.53808594 -0.03784179
v 0.11596679 0.58203125 -0.03100586
v 0.12329101 0.56640625 -0.03002930
v 0.12329101 0.56787109 -0.01586914
v 0.11743163 0.58398438 -0.01684570
v 0.13061523 0.55322266 -0.01489258
v 0.13110352 0.55175781 -0.02807617
v 0.12670898 0.58935547 -0.00805664
v 0.12231445 0.58398438 -0.04467773
v 0.13012694 0.56835938 -0.04223633
v 0.13745116 0.55371094 -0.03930664
v 0.11401366 0.59716797 -0.01733398
v 0.11108398 0.59521484 -0.03149414
v 0.11645507 0.59667969 -0.04565430
v 0.12231445 0.60205078 -0.00952149
v 0.11938476 0.60888672 -0.00903320
v 0.11499023 0.61621094 -0.00805664
v 0.10815429 0.61328125 -0.01879883
v 0.11157226 0.60498047 -0.01831055
v 0.10864257 0.60400391 -0.03198242
v 0.10571288 0.61279297 -0.03198242
v 0.10229491 0.62548828 -0.01782227
v 0.10034179 0.62500000 -0.03149414
v 0.13305664 0.60742188 -0.00610352
v 0.12963867 0.61425781 -0.00512696
v 0.12622070 0.62158203 -0.00268555
v 0.13793945 0.59521484 -0.00561524
v 0.13989256 0.57226562 -0.05102539
v 0.13256834 0.58789062 -0.05395508
v 0.12622069 0.60058594 -0.05639648
v 0.10913084 0.61572266 -0.04711914
v 0.11303710 0.60644531 -0.04663086
v 0.10375975 0.62744141 -0.04711914
v 0.12182616 0.61132812 -0.05737305
v 0.11791991 0.62109375 -0.05737305
v 0.11352538 0.63232422 -0.05786133
v 0.13842772 0.60644531 -0.06079102
v 0.13354491 0.61718750 -0.06079102
v 0.13012694 0.62695312 -0.06079102
v 0.12573241 0.63916016 -0.06127930
v 0.01049803 0.65332031 -0.05981444
v 0.02465819 0.65332031 -0.06225585
v 0.01000975 0.67138672 -0.06420897
v 0.02221678 0.67138672 -0.06713866
v 0.04223631 0.65478516 -0.06030273
v 0.03588866 0.67333984 -0.06811523
v 0.00952147 0.68798828 -0.06762694
v 0.05786132 0.64794922 -0.04956054
v 0.04858397 0.68261719 -0.06860352
v 0.05590819 0.67089844 -0.06127929
v 0.06567381 0.66259766 -0.05053711
v 0.06909179 0.64599609 -0.03344726
v 0.07299803 0.65917969 -0.03540039
v 0.05834959 0.69384766 -0.06811523
v 0.06909178 0.68652344 -0.05883789
v 0.07250975 0.67578125 -0.04907227
v 0.02026366 0.68847656 -0.07006834
v 0.03247068 0.68945312 -0.07202148
v 0.04565428 0.69189453 -0.07104492
v 0.00903319 0.70361328 -0.06958006
v 0.00854490 0.71777344 -0.07104491
v 0.01977537 0.70361328 -0.07202147
v 0.00903318 0.73046875 -0.07250975
v 0.01879881 0.71826172 -0.07348631
v 0.01831053 0.73144531 -0.07446288
v 0.03100584 0.70458984 -0.07397461
v 0.03002928 0.71923828 -0.07495117
v 0.02905271 0.73339844 -0.07592773
v 0.04321287 0.70703125 -0.07397461
v 0.04174803 0.72167969 -0.07543945
v 0.00903318 0.74365234 -0.07299803
v 0.01782225 0.74511719 -0.07495116
v 0.00903318 0.75732422 -0.07202148
v 0.02172850 0.75878906 -0.07397461
v 0.02807615 0.74658203 -0.07592772
v 0.04028318 0.73583984 -0.07690430
v 0.03881834 0.74951172 -0.07641602
v 0.03588865 0.76220703 -0.07446289
v 0.05493162 0.71044922 -0.07250977
v 0.05297850 0.72509766 -0.07495117
v 0.06469724 0.71582031 -0.07104492
v 0.06665038 0.70068359 -0.06665039
v 0.06274412 0.72900391 -0.07348633
v 0.05102537 0.73925781 -0.07641602
v 0.04907224 0.75341797 -0.07592773
v 0.04663084 0.76611328 -0.07299805
v 0.06079100 0.74218750 -0.07495117
v 0.05883787 0.75683594 -0.07397461
v 0.07348631 0.73339844 -0.07202148
v 0.07250974 0.74560547 -0.07299805
v 0.07104490 0.75683594 -0.07153320
v 0.07739257 0.66015625 -0.01928711
v 0.08520507 0.66259766 -0.02709961
v 0.08959960 0.65185547 -0.02905273
v 0.09692382 0.63867188 -0.01684570
v 0.09497070 0.63818359 -0.03100586
v 0.08618163 0.66455078 -0.03930664
v 0.09301756 0.65478516 -0.04711914
v 0.09790038 0.64062500 -0.04663086
v 0.07934570 0.66992188 -0.02172852
v 0.07592772 0.67041016 -0.03686523
v 0.08227538 0.67138672 -0.02514648
v 0.08032226 0.67480469 -0.02221680
v 0.08227538 0.68164062 -0.01000977
v 0.07983398 0.67431641 -0.02319336
v 0.07788084 0.67822266 -0.03735352
v 0.08276366 0.67187500 -0.03833008
v 0.07983397 0.67822266 -0.03735352
v 0.10815428 0.64599609 -0.05883789
v 0.10229491 0.65966797 -0.05981446
v 0.08911131 0.66699219 -0.04858398
v 0.09741209 0.67236328 -0.05981445
v 0.07739256 0.68554688 -0.04663086
v 0.07934569 0.68359375 -0.04565430
v 0.07641600 0.69628906 -0.05493164
v 0.08032225 0.69189453 -0.05395508
v 0.07495116 0.70703125 -0.06323242
v 0.08422850 0.67968750 -0.05053711
v 0.09252928 0.68457031 -0.06079102
v 0.08813475 0.69726562 -0.06225586
v 0.10961913 0.67822266 -0.06420898
v 0.10571288 0.69091797 -0.06323242
v 0.10278319 0.70361328 -0.06372070
v 0.13891602 0.62792969 -0.00659180
v 0.13842772 0.65820312 -0.01391602
v 0.11499022 0.66552734 -0.06420898
v 0.12084959 0.65185547 -0.06274414
v 0.12182616 0.68359375 -0.05834961
v 0.12622069 0.67041016 -0.05883789
v 0.11791991 0.69580078 -0.05688477
v 0.13012694 0.68652344 -0.04516602
v 0.13500975 0.67285156 -0.04565430
v 0.12670897 0.69873047 -0.04467774
v 0.08666991 0.71142578 -0.06567383
v 0.10034178 0.71630859 -0.06420898
v 0.12426756 0.72558594 -0.02807618
v 0.12670897 0.71240234 -0.02807618
v 0.12866209 0.69970703 -0.02856446
v 0.12036131 0.73876953 -0.02856446
v 0.11547850 0.75146484 -0.02905274
v 0.12426756 0.71093750 -0.04418946
v 0.12133788 0.72412109 -0.04467774
v 0.11743163 0.73730469 -0.04467774
v 0.11254881 0.74902344 -0.04418946
v 0.11547850 0.70800781 -0.05688477
v 0.11303709 0.72119141 -0.05737305
v 0.10961913 0.73339844 -0.05737305
v 0.10571288 0.74462891 -0.05688477
v 0.09838865 0.72900391 -0.06567383
v 0.09594724 0.74023438 -0.06567383
v 0.10620116 0.75976562 -0.04418946
v 0.09985350 0.75537109 -0.05639649
v 0.09204099 0.75195312 -0.06420898
v 0.10913084 0.76220703 -0.03002930
v 0.13647459 0.64404297 -0.05590821
v 0.13208006 0.65673828 -0.05737305
v 0.07397459 0.72167969 -0.06909180
v 0.08618162 0.72460938 -0.06860352
v 0.08471677 0.73681641 -0.07006836
v 0.08325193 0.74853516 -0.06958008
v 0.08178709 0.75732422 -0.06762695
v 0.08764646 0.76074219 -0.06274416
v 0.14624023 0.52490234 -0.02270508
v 0.15405273 0.51123047 -0.01928711
v 0.13891602 0.53857422 -0.02563477
v 0.13842773 0.54003906 -0.01342774
v 0.15161133 0.52587891 -0.03295898
v 0.15893555 0.51171875 -0.02905274
v 0.14428711 0.53906250 -0.03637695
v 0.15405272 0.54248047 -0.04370118
v 0.16040039 0.52880859 -0.03930664
v 0.16723633 0.51513672 -0.03540039
v 0.14721678 0.55712891 -0.04760743
v 0.17065430 0.53369141 -0.04028321
v 0.16528319 0.54736328 -0.04467774
v 0.15844725 0.56201172 -0.04956055
v 0.15161131 0.57763672 -0.05444336
v 0.19067383 0.51806641 -0.01049805
v 0.18774414 0.52929688 -0.01196290
v 0.18334961 0.54443359 -0.01440430
v 0.18432617 0.52441406 -0.03100587
v 0.17895508 0.53857422 -0.03540039
v 0.18383789 0.54248047 -0.02612305
v 0.18823242 0.52734375 -0.02270509
v 0.17651367 0.52001953 -0.03588868
v 0.18823242 0.51416016 -0.02856446
v 0.19165039 0.51660156 -0.02026368
v 0.17993164 0.55908203 -0.01684571
v 0.17993164 0.55664062 -0.02954102
v 0.17553711 0.57519531 -0.01977540
v 0.17456053 0.55224609 -0.04028321
v 0.17456053 0.57226562 -0.03344727
v 0.16821288 0.56738281 -0.04467774
v 0.16235350 0.58349609 -0.04907227
v 0.15014648 0.60156250 -0.00561524
v 0.14477539 0.61376953 -0.00854493
v 0.14184570 0.62011719 -0.00854493
v 0.15454102 0.61865234 -0.01586915
v 0.16040039 0.60644531 -0.01293946
v 0.15063475 0.62500000 -0.01684571
v 0.14770506 0.63232422 -0.01684571
v 0.16479491 0.60742188 -0.02612306
v 0.15844725 0.61962891 -0.02856446
v 0.15454100 0.62744141 -0.03002930
v 0.14428709 0.59326172 -0.05786133
v 0.15551756 0.59960938 -0.05249024
v 0.14965819 0.61230469 -0.05493164
v 0.14477538 0.62255859 -0.05541993
v 0.14086913 0.63183594 -0.05541993
v 0.15551756 0.61669922 -0.04321289
v 0.16186522 0.60449219 -0.04028321
v 0.15112303 0.62548828 -0.04467774
v 0.16918944 0.58837891 -0.03686524
v 0.14721678 0.63427734 -0.04516602
v 0.17114258 0.59179688 -0.02270509
v 0.14233397 0.64550781 -0.01489258
v 0.15063475 0.63525391 -0.03100587
v 0.14624022 0.64794922 -0.03002930
v 0.14233397 0.66064453 -0.02954102
v 0.14379881 0.64697266 -0.04516602
v 0.13989256 0.65966797 -0.04565430
v 0.13793944 0.67382812 -0.02905274
v 0.13305663 0.68750000 -0.02856446
v 0.02905272 0.79443359 -0.00756836
v 0.03100584 0.80761719 -0.01440430
v 0.03247069 0.79687500 -0.01538086
v 0.04125975 0.78808594 -0.01440430
v 0.03149413 0.81884766 -0.01245117
v 0.03344725 0.80175781 -0.02319336
v 0.03149413 0.81005859 -0.02270508
v 0.03149412 0.82128906 -0.02124023
v 0.00854490 0.79736328 -0.05688476
v 0.00805662 0.80712891 -0.05102539
v 0.00756834 0.81640625 -0.04760742
v 0.00854490 0.78515625 -0.06372070
v 0.01879881 0.79736328 -0.05590820
v 0.01733396 0.80664062 -0.04907227
v 0.01635740 0.81542969 -0.04516602
v 0.01977537 0.78564453 -0.06420898
v 0.02954100 0.81201172 -0.03198242
v 0.03247068 0.80419922 -0.03295898
v 0.02856443 0.80468750 -0.04272461
v 0.02465818 0.81298828 -0.04028320
v 0.02416990 0.82519531 -0.03784180
v 0.02905272 0.82373047 -0.03002930
v 0.03100584 0.79443359 -0.05395507
v 0.02416990 0.80419922 -0.04711914
v 0.03442381 0.79833984 -0.04370117
v 0.03588865 0.79980469 -0.03344727
v 0.04370115 0.79296875 -0.04418945
v 0.04272459 0.78906250 -0.05493164
v 0.03149412 0.78613281 -0.06274414
v 0.04321287 0.78125000 -0.06469727
v 0.05200194 0.78369141 -0.01293945
v 0.03491209 0.79833984 -0.02319336
v 0.04321288 0.79199219 -0.02270508
v 0.05444334 0.78710938 -0.02270508
v 0.04418943 0.79394531 -0.03344727
v 0.05541990 0.78857422 -0.03344727
v 0.06616209 0.78271484 -0.02221680
v 0.06762694 0.78417969 -0.03295898
v 0.05541990 0.78808594 -0.04467773
v 0.05444334 0.78466797 -0.05493164
v 0.05493162 0.77685547 -0.06518555
v 0.06762694 0.78369141 -0.04418945
v 0.06616209 0.78125000 -0.05297852
v 0.06567381 0.77832031 -0.05883789
v 0.02514646 0.83837891 -0.03686523
v 0.03051756 0.83642578 -0.02807617
v 0.03247068 0.83398438 -0.01928711
v 0.02954100 0.85058594 -0.03491211
v 0.03247068 0.84863281 -0.02709961
v 0.03393553 0.84619141 -0.01733398
v 0.00805662 0.83984375 -0.04565429
v 0.00805662 0.82714844 -0.04565429
v 0.01635740 0.82617188 -0.04321289
v 0.01733396 0.83935547 -0.04272461
v 0.00708006 0.85107422 -0.04809570
v 0.02514646 0.85107422 -0.04077148
v 0.01928709 0.85156250 -0.04467773
v 0.00805662 0.86132812 -0.05883789
v 0.01538084 0.86132812 -0.05688477
v 0.01342771 0.85156250 -0.04711914
v 0.02270506 0.86132812 -0.05297852
v 0.00903318 0.87304688 -0.06958008
v 0.01782224 0.87255859 -0.06713867
v 0.02612302 0.87207031 -0.06323242
v 0.02954099 0.86083984 -0.04760742
v 0.03491209 0.86035156 -0.04077148
v 0.04028318 0.85937500 -0.03100586
v 0.03393552 0.87158203 -0.05688477
v 0.04077146 0.87109375 -0.04858398
v 0.04272459 0.85449219 -0.01831055
v 0.05249022 0.85937500 -0.00659180
v 0.04907225 0.85986328 -0.01147461
v 0.04858397 0.86328125 -0.01586914
v 0.04663084 0.86523438 -0.02612305
v 0.04956053 0.86718750 -0.01928711
v 0.04956053 0.87255859 -0.03002930
v 0.04614256 0.87158203 -0.03881836
v 0.05151365 0.87353516 -0.02270508
v 0.06176756 0.86376953 -0.01147461
v 0.05981443 0.86083984 -0.01440430
v 0.05639647 0.86083984 -0.01733399
v 0.05297850 0.86328125 -0.01928711
v 0.06274413 0.86962891 -0.01147461
v 0.06127928 0.87500000 -0.01391602
v 0.05981443 0.87548828 -0.00854493
v 0.06665037 0.86523438 -0.02124024
v 0.06811522 0.86718750 -0.01782227
v 0.06616209 0.87158203 -0.01635743
v 0.06372068 0.86474609 -0.02416993
v 0.05639647 0.87207031 -0.02368165
v 0.05883787 0.86816406 -0.02465821
v 0.06030272 0.88037109 -0.02709961
v 0.05493162 0.88183594 -0.02612305
v 0.05395506 0.88232422 -0.03442383
v 0.05151365 0.88281250 -0.04467774
v 0.06665037 0.88037109 -0.03051759
v 0.06225584 0.87353516 -0.02807618
v 0.06958006 0.87158203 -0.03002930
v 0.07397459 0.87890625 -0.03344727
v 0.04663084 0.88330078 -0.05493165
v 0.03881833 0.88427734 -0.06420898
v 0.02905271 0.88525391 -0.07055664
v 0.00903318 0.77050781 -0.06958008
v 0.02124021 0.77099609 -0.07104492
v 0.03344724 0.77294922 -0.07104492
v 0.04467771 0.77490234 -0.06909180
v 0.05639646 0.77001953 -0.07006836
v 0.01000974 0.88623047 -0.07690430
v 0.01977536 0.88574219 -0.07446289
v 0.07543944 0.78125000 -0.02172852
v 0.08764647 0.77685547 -0.01928711
v 0.09887694 0.77050781 -0.01684571
v 0.07690428 0.78173828 -0.03247071
v 0.08911131 0.77783203 -0.03198243
v 0.10034178 0.77050781 -0.03100586
v 0.07495115 0.77880859 -0.05151368
v 0.07104490 0.77636719 -0.05834961
v 0.08813475 0.77636719 -0.04321289
v 0.08471677 0.77294922 -0.05395508
v 0.07641600 0.78125000 -0.04272461
v 0.08032224 0.76904297 -0.06127930
v 0.06909177 0.76562500 -0.06860352
v 0.06518552 0.77392578 -0.06420898
v 0.09838866 0.76855469 -0.04370118
v 0.09350584 0.76464844 -0.05541993
v 0.06323240 0.87646484 -0.01831055
v 0.07250974 0.87158203 -0.02661134
v 0.07250974 0.87255859 -0.02221680
v 0.07006834 0.87548828 -0.02075196
v 0.06665037 0.87841797 -0.02172852
v 0.07690427 0.87890625 -0.02954102
v 0.07397459 0.88037109 -0.02319337
v 0.07739256 0.87939453 -0.02612305
v 0.06323241 0.87939453 -0.01440430
v 0.06079100 0.87939453 -0.00903321
v 0.06469725 0.88525391 -0.01342774
v 0.06274413 0.88720703 -0.00854493
v 0.06274412 0.88085938 -0.01928711
v 0.06909177 0.90136719 -0.00952149
v 0.06616209 0.89404297 -0.00805665
v 0.05834959 0.89257812 -0.03637696
v 0.05786131 0.88916016 -0.02758790
v 0.06323240 0.88867188 -0.02807618
v 0.06958006 0.88818359 -0.03149415
v 0.06176756 0.90136719 -0.03491212
v 0.06127927 0.89599609 -0.02709961
v 0.06518552 0.89501953 -0.02758790
v 0.06616209 0.90087891 -0.02612305
v 0.06274412 0.90136719 -0.02563477
v 0.06420896 0.90820312 -0.02954102
v 0.05688474 0.89550781 -0.04711915
v 0.05151365 0.89697266 -0.05883790
v 0.04223630 0.89843750 -0.06909180
v 0.06176756 0.91015625 -0.04516602
v 0.06518552 0.91406250 -0.03247071
v 0.05493161 0.91210938 -0.06030274
v 0.04467771 0.91357422 -0.07104492
v 0.05639646 0.92822266 -0.06079102
v 0.06323240 0.92724609 -0.04663087
v 0.06616209 0.92773438 -0.03247071
v 0.04614255 0.92871094 -0.07202150
v 0.06225583 0.94287109 -0.04565430
v 0.05541990 0.94287109 -0.05932618
v 0.04516599 0.94287109 -0.07006837
v 0.01196287 0.99853516 -0.02172852
v 0.02416990 0.99511719 -0.02270509
v 0.01196286 0.99414062 -0.03930664
v 0.02319333 0.99121094 -0.03979493
v 0.03637693 0.98974609 -0.02416993
v 0.03491208 0.98535156 -0.04028321
v 0.01147458 0.98583984 -0.05493164
v 0.02221677 0.98291016 -0.05493165
v 0.01098630 0.97460938 -0.06762695
v 0.02172849 0.97216797 -0.06713867
v 0.03295895 0.97802734 -0.05493165
v 0.03247067 0.96826172 -0.06567384
v 0.04663083 0.98144531 -0.02563477
v 0.05590818 0.97070312 -0.02758790
v 0.04467771 0.97802734 -0.04125978
v 0.05249021 0.96875000 -0.04223634
v 0.06274412 0.95751953 -0.03002931
v 0.05883786 0.95703125 -0.04418946
v 0.05200193 0.95556641 -0.05737305
v 0.06567381 0.94287109 -0.03149415
v 0.04711911 0.96582031 -0.05541993
v 0.04321286 0.95507812 -0.06713869
v 0.04125974 0.96435547 -0.06274416
v 0.04174802 0.97167969 -0.05444337
v 0.01049802 0.89990234 -0.08178711
v 0.02075193 0.89941406 -0.07934570
v 0.01098630 0.91455078 -0.08471680
v 0.02221677 0.91455078 -0.08227539
v 0.03149411 0.89892578 -0.07543945
v 0.03344724 0.91406250 -0.07836914
v 0.01098630 0.93017578 -0.08520508
v 0.02221677 0.93017578 -0.08325195
v 0.01098630 0.94580078 -0.08276367
v 0.02221677 0.94531250 -0.08081055
v 0.03442380 0.92968750 -0.07885744
v 0.03393552 0.94384766 -0.07690431
v 0.01098630 0.96093750 -0.07690430
v 0.02172849 0.95947266 -0.07543945
v 0.03295895 0.95703125 -0.07250978
v 0.06323240 0.88623047 -0.01879883
v 0.06420896 0.89208984 -0.01342774
v 0.06469724 0.89208984 -0.01635743
v 0.06665037 0.89794922 -0.01440430
v 0.06811521 0.89208984 -0.01977540
v 0.06958006 0.89794922 -0.01782227
v 0.07202146 0.90869141 -0.01489259
v 0.06665037 0.90576172 -0.00903321
v 0.07299802 0.90527344 -0.01342774
v 0.06567381 0.90966797 -0.01586915
v 0.07055662 0.90185547 -0.01684571
v 0.07495115 0.90185547 -0.01928712
v 0.07739256 0.90527344 -0.01879884
v 0.07641599 0.90771484 -0.02075196
v 0.06665037 0.88232422 -0.02172852
v 0.06713865 0.88671875 -0.02124024
v 0.07397459 0.88671875 -0.02270509
v 0.07446287 0.89257812 -0.02124024
v 0.07690427 0.88818359 -0.03442384
v 0.07104490 0.89501953 -0.03051759
v 0.07983396 0.88720703 -0.02709962
v 0.07641599 0.88671875 -0.02416993
v 0.07739256 0.89355469 -0.02368165
v 0.07983396 0.88769531 -0.03100587
v 0.08081052 0.89453125 -0.02612306
v 0.07299802 0.89794922 -0.01977540
v 0.07055662 0.90136719 -0.02856446
v 0.06811521 0.90527344 -0.02514649
v 0.06469724 0.90771484 -0.02124024
v 0.07690427 0.90380859 -0.02954102
v 0.07348631 0.90869141 -0.02416993
v 0.07690427 0.89843750 -0.02221680
v 0.07983396 0.90136719 -0.02368165
v 0.07983396 0.90283203 -0.02612306
v 0.07788084 0.89648438 -0.03295900
v 0.08081052 0.89599609 -0.02954102
v 0.06665037 0.92773438 -0.01977540
v 0.06567381 0.91552734 -0.02124024
v 0.06909177 0.91015625 -0.01928712
v 0.06616209 0.94287109 -0.01782227

# 0 UV coordinates

# 5041 vertex normals
vn -0.83426321 0.20107883 0.51339287
vn 0.01162013 0.62748295 0.77854359
vn 0.10482309 -0.03494094 0.99387687
vn -0.87252849 -0.11215021 0.47551697
vn -0.75875568 0.51253694 0.40198988
vn -0.96546996 0.10580489 0.23806120
vn -0.91684729 -0.35655177 0.17961642
vn -0.61444646 -0.08809269 0.78402513
vn -0.10119209 0.02791513 0.99447519
vn -0.77177107 0.46306267 0.43582374
vn -0.07114547 0.64030999 0.76481467
vn -0.89746380 0.43809247 0.05131951
vn -0.93948501 0.34163088 -0.02562221
vn -0.97822887 0.14854582 -0.14492266
vn -0.80761313 -0.21901375 0.54753447
vn -0.25173309 0.60523081 0.75519949
vn 0.19133759 -0.98116112 0.02669828
vn -0.05965813 -0.99032587 0.12528224
vn -0.09814303 -0.98143101 0.16480640
vn 0.03585241 -0.99332178 -0.10966606
vn -0.18626937 -0.97684813 0.10522097
vn -0.78959495 0.60606742 0.09603189
vn -0.78963250 0.61337513 -0.01586307
vn -0.59810174 0.78765005 0.14792457
vn -0.37095091 0.90512025 0.20773251
vn -0.57500541 0.80745447 0.13185708
vn -0.43546036 0.87384325 0.21626891
vn -0.20785777 0.90173596 0.37903479
vn -0.48516166 0.83184701 0.26953429
vn -0.03541027 0.91845411 0.39393932
vn -0.79672658 0.53357637 0.28376573
vn -0.65846759 0.62491512 0.41940618
vn -0.23141195 -0.90296072 0.36209184
vn 0.00000009 -0.91827130 0.39595187
vn 0.20623183 -0.95059955 0.23201075
vn -0.25023445 -0.90829414 0.33523795
vn -0.15663216 -0.96943641 0.18883705
vn -0.56615639 0.80328405 0.18493691
vn -0.28254473 0.91540325 0.28671515
vn -0.41672811 0.84759218 0.32851973
vn -0.12381697 0.91368395 0.38710597
vn -0.33600482 0.86042362 0.38310832
vn -0.31351566 0.87019485 0.38009053
vn -0.18376322 -0.96884084 0.16606763
vn -0.19548792 -0.93301088 0.30211785
vn -0.27359885 -0.96165365 -0.01912866
vn -0.38689241 -0.91952479 -0.06920018
vn -0.02139956 -0.99974555 -0.00713315
vn -0.08686381 -0.98584807 0.14338234
vn -0.61300170 0.75707120 0.22599146
vn -0.38688466 0.83654380 0.38796237
vn -0.39822987 0.86119664 0.31583753
vn -0.64960176 0.75599790 0.08052920
vn -0.61815321 0.76264417 0.19042186
vn -0.73578882 0.66889882 0.10577943
vn -0.98810858 -0.13531737 -0.07301281
vn -0.56381011 -0.79497230 0.22391328
vn -0.74291402 -0.33179629 0.58136916
vn -0.38784334 0.90385801 0.18060514
vn -0.95131373 0.30111921 -0.06580002
vn -0.70632529 0.45878142 0.53909576
vn 0.23406415 0.96480113 0.11988645
vn -0.91425598 0.32019639 -0.24821417
vn -0.59026653 0.78172082 0.20124117
vn -0.10715200 0.72533703 0.68000340
vn -0.23058152 0.88501525 0.40445048
vn -0.09200486 -0.97341210 0.20977129
vn -0.18484139 -0.91617084 0.35561898
vn -0.44720575 -0.89441156 -0.00591011
vn -0.37628976 -0.90560418 0.19567080
vn -0.25502878 -0.96242386 0.09327701
vn 0.91488999 0.24122104 0.32371095
vn 0.23209903 0.82357711 0.51754320
vn -0.02396572 0.86827266 0.49550804
vn 0.72747672 0.39357942 0.56202573
vn 0.95986307 0.08124799 0.26844305
vn 0.93795526 0.03723579 0.34475136
vn 0.77265400 0.25064942 0.58325005
vn 0.06165784 0.00513819 0.99808413
vn -0.65155762 -0.21075444 0.72873545
vn 0.09344437 -0.08409976 0.99206632
vn -0.58218282 -0.35456818 0.73167253
vn 0.78539532 0.09218261 0.61209196
vn 0.16087361 -0.10305952 0.98157954
vn 0.78676993 0.19434536 0.58585238
vn 0.45996010 -0.09732481 0.88258982
vn -0.03790645 0.06662372 0.99705786
vn 0.20478623 0.00501522 0.97879392
vn -0.89046991 0.29333127 0.34787944
vn -0.91780430 0.23507398 0.31996197
vn -0.91089720 0.23564033 0.33873311
vn -0.95500767 0.25370339 0.15360714
vn -0.95526206 0.26034474 0.14033911
vn -0.97531384 0.21368043 -0.05571195
vn 0.81858027 -0.56935364 -0.07591391
vn 0.57511324 -0.60112345 -0.55488324
vn 0.64912069 -0.65498179 0.38683483
vn 0.57885474 -0.67117846 -0.46308389
vn 0.65430045 -0.68970621 0.31015530
vn 0.78679007 -0.60921353 -0.09909704
vn 0.50660294 -0.78667611 -0.35283732
vn 0.85089880 -0.49149585 -0.18548062
vn 0.64923400 -0.63489449 -0.41881287
vn -0.46433061 0.22188631 0.85741681
vn -0.41569528 0.13897634 0.89882314
vn -0.49803114 0.24449265 0.83197856
vn -0.97448373 0.22445491 0.00127785
vn -0.98128402 0.19216503 -0.01242120
vn -0.64384955 0.31735635 0.69623476
vn -0.27138785 0.27721733 0.92168283
vn -0.42311487 0.28999671 0.85841465
vn -0.92758161 0.30721048 0.21263613
vn -0.94533473 0.31871283 0.06902456
vn -0.89950973 0.32029217 0.29714516
vn -0.99238002 -0.09579378 0.07749619
vn -0.87489235 -0.15257509 0.45965663
vn -0.92958075 -0.34920761 -0.11804187
vn 0.29542151 -0.58756071 -0.75332505
vn 0.03010064 -0.43968585 -0.89764708
vn -0.46092138 -0.62374681 -0.63126177
vn 0.36607975 -0.71686077 -0.59337711
vn -0.20860130 -0.93042797 -0.30131292
vn 0.43125063 -0.88442922 -0.17834772
vn 0.55511552 -0.50422996 -0.66151273
vn 0.94794351 -0.24629709 -0.20184359
vn 0.78203243 -0.27406847 -0.55974257
vn 0.50353837 -0.68725061 -0.52357978
vn 0.80833691 -0.37711117 -0.45208254
vn 0.76896232 -0.47279897 -0.43030027
vn 0.59481794 -0.01993797 0.80361319
vn 0.87587166 -0.21444137 0.43227762
vn 0.67628604 -0.12237826 0.72640270
vn 0.89886582 -0.36634323 0.24048465
vn 0.94187033 -0.32982817 0.06398160
vn 0.97008228 -0.15249005 0.18891062
vn 0.84131837 -0.21115336 0.49759185
vn 0.91733992 -0.12201165 0.37894681
vn 0.96814871 -0.14864236 -0.20147854
vn 0.98185700 -0.16541263 0.09271266
vn 0.99884808 0.00341880 -0.04786279
vn 0.69930792 -0.36845243 0.61254489
vn 0.18159784 -0.29254574 0.93884999
vn 0.45561936 -0.28967541 0.84172404
vn 0.82153475 -0.35623235 0.44517341
vn -0.76550430 -0.06017194 0.64061105
vn -0.88640887 -0.18416098 0.42469293
vn -0.75789994 -0.17069651 0.62964302
vn -0.92600495 -0.14662783 0.34787261
vn -0.89590365 -0.12402678 0.42658406
vn 0.17137231 -0.59240520 0.78720242
vn 0.08052570 -0.60135597 0.79491293
vn -0.25762236 -0.21780145 0.94137841
vn 0.31446162 -0.67422676 0.66823059
vn -0.87654418 -0.11604907 0.46712196
vn -0.95632154 -0.19845045 0.21463116
vn -0.77739364 -0.21251002 0.59202927
vn -0.78767794 -0.46505371 0.40408972
vn -0.31370771 0.33412325 0.88879085
vn -0.38748822 0.17572793 0.90497106
vn -0.44862077 0.27817544 0.84932786
vn -0.49432126 0.32461658 0.80639356
vn -0.72553039 0.11569532 0.67839539
vn -0.60606593 0.20480487 0.76859564
vn -0.30293933 0.55925184 0.77166390
vn -0.24611922 0.45187905 0.85745597
vn -0.23153678 0.68039948 0.69530380
vn -0.37686592 0.43174094 0.81949490
vn -0.29781523 0.45113659 0.84129775
vn -0.28908834 0.51803774 0.80502480
vn 0.13155788 0.57604915 0.80675894
vn 0.00134578 0.60354626 0.79732692
vn -0.01015082 0.50082046 0.86549169
vn -0.21504247 0.89646399 0.38743940
vn -0.22541013 0.79363763 0.56509268
vn -0.19793552 0.91352528 0.35537735
vn -0.40795940 0.10426759 0.90702671
vn -0.25975895 0.07775962 0.96253771
vn -0.26990452 0.19617464 0.94269145
vn -0.39232752 0.22705263 0.89136201
vn -0.54218960 0.15111981 0.82655501
vn -0.18631327 0.11734165 0.97545809
vn -0.21168995 0.18503281 0.95966160
vn 0.00000012 -0.72953713 0.68394119
vn -0.01668983 0.83449328 0.55076545
vn 0.09901474 0.99014765 0.09901471
vn -0.00000004 1.00000000 -0.00000004
vn -0.11807397 -0.95771170 0.26238683
vn -0.24842975 0.12902950 0.96001774
vn -0.25459266 0.15275571 0.95490748
vn -0.26761973 0.06592110 0.96126693
vn -0.84289151 0.14857750 0.51716411
vn -0.48443541 0.14776222 0.86225790
vn -0.88029414 0.21660233 0.42209703
vn -0.83192039 -0.21599993 0.51112866
vn -0.79636180 -0.24211735 0.55424464
vn -0.16564284 0.85752565 0.48704457
vn -0.14393318 0.89572710 0.42066190
vn -0.11230428 0.88533771 0.45118168
vn -0.43892568 0.74254155 0.50594115
vn -0.22239859 0.81041926 0.54199600
vn -0.48697025 0.59305376 0.64120775
vn -0.13625711 0.57458460 0.80702329
vn 0.02572856 0.58746701 0.80883908
vn 0.00000009 0.50745469 0.86167848
vn 0.01730367 0.49788338 0.86707139
vn -0.58535832 -0.81057262 -0.01810631
vn -0.47113568 -0.85101140 0.23197150
vn -0.34886938 -0.91983140 -0.17944510
vn -0.88082057 -0.46955168 0.06063293
vn -0.92778295 -0.36190349 0.09080029
vn -0.93424648 -0.35662565 0.00130011
vn -0.95122427 -0.10356885 0.29059613
vn -0.90924537 -0.13137390 0.39498603
vn -0.96829754 -0.24225576 0.06092672
vn -0.98011440 -0.17095484 0.10074843
vn -0.20473784 -0.97877920 -0.00858571
vn -0.31061727 -0.87456614 0.37235898
vn -0.52516019 -0.81347495 0.24993102
vn -0.87775028 -0.21943761 0.42591271
vn -0.90597451 -0.27084056 0.32535487
vn -0.95230526 -0.05276517 0.30055037
vn -0.44159868 0.57587802 0.68800813
vn -0.95271963 0.13271715 0.27333429
vn -0.96971953 -0.13144740 0.20582943
vn -0.99184114 -0.06683628 0.10855442
vn -0.86135244 0.47920308 0.16863108
vn -0.99715048 -0.07540804 -0.00213910
vn -0.47582188 -0.19070087 0.85861921
vn -0.51155591 -0.16399164 0.84345555
vn -0.60225332 -0.13387932 0.78699887
vn -0.40499169 -0.14206775 0.90321565
vn -0.33608073 -0.18910146 0.92265397
vn -0.39632848 -0.21263468 0.89314628
vn -0.39257053 -0.13288444 0.91007149
vn -0.24327224 -0.10904167 0.96380943
vn -0.70788795 -0.02969067 0.70570046
vn -0.85972279 0.11563278 0.49749976
vn -0.86670882 -0.01737526 0.49851173
vn -0.33215004 -0.87189412 0.35982937
vn -0.47405046 -0.82443577 0.30916348
vn -0.10564131 -0.98598611 0.12911730
vn -0.44131964 -0.88263941 0.16181733
vn -0.10225355 -0.88193768 0.46014142
vn -0.01405933 -0.88574398 0.46396115
vn -0.47022676 -0.88167524 0.03918567
vn 0.29356506 -0.90244049 0.31531054
vn 0.45808801 -0.86527723 0.20359462
vn -0.38749048 0.12104007 0.91389304
vn -0.29695615 0.04037566 0.95403719
vn -0.44177166 0.12292781 0.88866562
vn -0.26003394 -0.10239079 0.96015549
vn -0.21662149 0.76333302 0.60860330
vn -0.36845830 0.45832631 0.80881119
vn -0.15687791 0.39219505 0.90640628
vn -0.08030610 0.97514528 0.20650133
vn -0.26383796 0.83317262 0.48601738
vn 0.01375037 0.85252076 0.52251267
vn 0.34620064 0.84513682 0.40729478
vn -0.44987091 0.88876933 0.08777971
vn -0.44084924 0.89744306 -0.01574460
vn 0.34440118 0.83640283 0.42640135
vn -0.10821005 -0.01669525 0.99398786
vn -0.22456843 0.07626136 0.97146970
vn -0.10825398 0.22289401 0.96881336
vn -0.25566199 0.26324162 0.93023700
vn -0.03870214 0.11709921 0.99236584
vn -0.04468704 0.27370888 0.96077394
vn -0.12748276 0.38033795 0.91601920
vn -0.92122358 -0.26070166 0.28875932
vn -0.92620939 -0.23873660 0.29178926
vn -0.81097209 0.41986501 0.40747711
vn -0.73867834 0.47237781 0.48084679
vn -0.67049181 0.61688423 0.41218278
vn -0.82396048 0.45417559 0.33884171
vn -0.61249578 0.56201881 0.55586314
vn -0.91227108 0.39904475 0.09232965
vn -0.74728090 0.45487598 0.48441622
vn -0.91691643 0.26060340 0.30224186
vn -0.04280584 -0.85611624 -0.51500738
vn -0.08494514 -0.97740692 -0.19354586
vn -0.31212869 -0.84327811 -0.43755901
vn 0.98074043 0.00364593 0.19528207
vn 0.99076885 0.02734349 0.13277569
vn 0.97993183 -0.05283828 0.19220218
vn 0.99662030 -0.06857817 -0.04522199
vn 0.99526054 0.09694698 -0.00759930
vn -0.59716922 0.01802768 -0.80191272
vn -0.76888222 0.06296051 -0.63628322
vn -0.69285309 -0.01871600 -0.72083592
vn 0.91623098 -0.15404090 0.36985457
vn 0.98389363 -0.17793015 0.01715205
vn 0.94572788 -0.20882307 0.24898133
vn 0.92179841 -0.18636356 -0.33993605
vn 0.94780803 -0.22556999 -0.22534019
vn -0.99065173 0.11334736 -0.07590622
vn -0.99653053 -0.00636511 0.08298467
vn -0.96267414 0.05048818 0.26591277
vn 0.89541483 -0.05747141 -0.44150802
vn 0.98255807 -0.16855733 -0.07853821
vn 0.95811325 -0.00902616 -0.28624731
vn 0.66036576 0.14315227 -0.73717338
vn 0.44581929 0.18667151 -0.87544215
vn 0.76307583 0.03764420 -0.64521182
vn -0.97715980 0.19749635 -0.07844792
vn -0.96745706 0.22009107 -0.12484689
vn -0.95930719 0.18905509 -0.20973295
vn -0.93701762 0.22262628 -0.26913843
vn -0.94345927 0.19371101 -0.26899946
vn 0.60233915 -0.47031963 -0.64497054
vn 0.70878351 -0.64032131 0.29599756
vn 0.77320403 -0.59893072 -0.20841661
vn 0.91533887 -0.38888532 -0.10451304
vn 0.92372084 -0.38267124 -0.01739425
vn 0.84897524 -0.51418024 -0.12190127
vn -0.94204879 0.28285694 -0.18037748
vn -0.92268008 0.29520366 -0.24802491
vn -0.71356690 0.16004053 -0.68206263
vn -0.51923436 0.12618592 -0.84526497
vn -0.83884156 0.25192696 -0.48257399
vn 0.39830333 -0.23855382 -0.88568985
vn 0.72155052 0.05550389 -0.69013345
vn 0.30468696 0.14270152 -0.94170171
vn 0.53729111 0.13566157 -0.83241469
vn 0.84805197 -0.02869140 -0.52913600
vn 0.79702389 -0.34783414 -0.49372494
vn 0.94117993 -0.09729049 -0.32359684
vn 0.78840411 -0.11744890 -0.60384172
vn 0.56234193 -0.45290145 -0.69184667
vn 0.84545594 -0.30644277 -0.43737522
vn -0.34135839 0.47374853 -0.81181079
vn -0.24881800 0.45550883 -0.85475230
vn -0.10334452 0.48111081 -0.87054712
vn -0.03322455 0.43679157 -0.89894909
vn 0.05313293 0.44749317 -0.89270753
vn 0.75262064 -0.33075371 -0.56935418
vn 0.89778745 -0.37366426 -0.23313683
vn 0.83136940 -0.33511177 -0.44331172
vn 0.70133579 -0.52376622 -0.48352578
vn 0.73300427 -0.37252334 -0.56914949
vn 0.47670785 -0.43065932 -0.76634341
vn -0.18738365 -0.37296015 -0.90872890
vn -0.58018613 -0.41134888 -0.70297670
vn -0.59780198 -0.32611996 -0.73231047
vn -0.46879089 -0.28468242 -0.83617646
vn -0.34334257 -0.24866867 -0.90569299
vn -0.29688287 -0.28518438 -0.91133440
vn -0.14478271 -0.18120365 -0.97272980
vn -0.35822773 0.34473267 -0.86765915
vn -0.48918882 0.45936006 -0.74140584
vn -0.38619679 0.58343273 -0.71446371
vn -0.25403714 0.26165050 -0.93113065
vn -0.29502690 0.46878809 -0.83258444
vn -0.16351300 0.19456212 -0.96716553
vn -0.18472341 0.41128677 -0.89259201
vn 0.11763709 0.16603649 -0.97907782
vn 0.16020289 0.02674174 -0.98672187
vn 0.08660257 0.05124548 -0.99492407
vn -0.34524852 0.71354032 -0.60964233
vn -0.28522006 0.79095960 -0.54132479
vn -0.30173483 0.62591606 -0.71915597
vn -0.23893228 0.69990730 -0.67308331
vn -0.20344310 0.69078946 -0.69384503
vn -0.09472232 0.48909435 -0.86707234
vn 0.35788763 -0.42804790 -0.82987440
vn 0.40747443 -0.21365230 -0.88787234
vn 0.42347097 -0.20221569 -0.88305217
vn -0.94928765 0.30514735 0.07574973
vn -0.65881920 0.70533460 0.26164925
vn -0.80128503 0.42257610 0.42352298
vn -0.70691836 0.30385825 -0.63869923
vn -0.46323559 0.59516257 -0.65665394
vn -0.70152557 0.58303612 -0.40979353
vn -0.54367101 -0.55984247 -0.62529856
vn -0.62578213 -0.64945239 -0.43198192
vn 0.37679112 -0.55836707 -0.73909050
vn -0.65437132 -0.51456714 -0.55409282
vn -0.72506481 -0.61074036 -0.31824100
vn -0.81844676 -0.50052506 -0.28216985
vn -0.70559144 -0.60867608 -0.36284173
vn -0.74122542 -0.10822496 -0.66247439
vn -0.74585330 -0.44663009 -0.49419066
vn -0.57339793 -0.47404161 -0.66820610
vn -0.26667297 -0.52853757 -0.80593646
vn -0.17087209 -0.09818549 -0.98038888
vn -0.44904798 -0.10436756 -0.88739133
vn -0.43724707 -0.50001657 -0.74752825
vn -0.10964582 -0.55832767 -0.82234305
vn -0.40986180 -0.01827408 0.91196460
vn -0.31375453 -0.17976686 0.93233150
vn -0.61736387 -0.14451641 0.77328962
vn -0.46258301 -0.25434634 0.84930861
vn -0.52988267 -0.47751063 0.70086241
vn -0.59101725 -0.24846253 0.76744050
vn -0.84385461 -0.32060924 0.43025497
vn -0.96433306 -0.25851423 -0.05685154
vn -0.84481478 -0.50040597 0.18942504
vn -0.65103626 -0.59945524 0.46562350
vn -0.52608162 -0.34333757 0.77804732
vn 0.02227688 0.97461659 -0.22276954
vn -0.43324903 0.77888548 0.45346737
vn 0.36399347 0.39141777 -0.84516323
vn 0.31064096 0.60600466 -0.73229820
vn 0.33604297 0.35108978 -0.87396288
vn -0.10998431 0.87370634 -0.47385725
vn -0.81608266 0.27891424 -0.50617772
vn -0.82663733 -0.02645245 -0.56211317
vn -0.97021043 -0.21387592 -0.11379280
vn -0.98301905 -0.11812203 -0.14043117
vn -0.69750947 0.52152771 -0.49141583
vn -0.55845648 0.66726875 -0.49282736
vn -0.54468381 0.52725381 -0.65216792
vn 0.70632541 0.45878148 0.53909552
vn 0.95131361 0.30111924 -0.06580026
vn 0.38784334 0.90385813 0.18060507
vn 0.74291426 -0.33179623 0.58136892
vn 0.56381023 -0.79497230 0.22391313
vn 0.98810846 -0.13531727 -0.07301306
vn 0.91425598 0.32019648 -0.24821444
vn -0.23406421 0.96480113 0.11988651
vn 0.59026659 0.78172094 0.20124105
vn 0.83426332 0.20107889 0.51339263
vn 0.75875568 0.51253700 0.40198964
vn 0.87252861 -0.11215014 0.47551674
vn 0.10715212 0.72533703 0.68000340
vn 0.23058155 0.88501525 0.40445042
vn 0.08686392 -0.98584795 0.14338230
vn 0.03651907 -0.99296916 0.11260031
vn -0.04271639 -0.99876207 -0.02548821
vn 0.02211460 -0.99969643 -0.01085979
vn -0.72747660 0.39357936 0.56202596
vn -0.93795514 0.03723570 0.34475160
vn -0.95986307 0.08124790 0.26844332
vn -0.77265388 0.25064936 0.58325028
vn 0.18484157 -0.91617084 0.35561892
vn 0.44720581 -0.89441156 -0.00591023
vn 0.25502890 -0.96242386 0.09327695
vn 0.09200499 -0.97341210 0.20977126
vn 0.02396578 0.86827266 0.49550804
vn -0.91488987 0.24122095 0.32371119
vn -0.23209894 0.82357699 0.51754326
vn 0.15663230 -0.96943641 0.18883702
vn 0.37628987 -0.90560418 0.19567071
vn 0.23141213 -0.90296072 0.36209178
vn -0.20623168 -0.95059955 0.23201081
vn 0.25023463 -0.90829414 0.33523789
vn 0.39822993 0.86119676 0.31583744
vn 0.33600482 0.86042362 0.38310826
vn 0.31351569 0.87019497 0.38009053
vn 0.12381699 0.91368395 0.38710591
vn 0.19548807 -0.93301088 0.30211779
vn 0.18376336 -0.96884096 0.16606759
vn 0.09814317 -0.98143101 0.16480637
vn 0.05965824 -0.99032587 0.12528221
vn 0.18626949 -0.97684813 0.10522093
vn 0.41672817 0.84759229 0.32851964
vn 0.38688472 0.83654392 0.38796231
vn 0.28254473 0.91540325 0.28671509
vn 0.56615639 0.80328405 0.18493676
vn 0.48516172 0.83184713 0.26953420
vn -0.10482284 -0.03494095 0.99387699
vn -0.01161998 0.62748295 0.77854359
vn 0.77297997 0.46653232 0.42994139
vn 0.10537491 0.02809999 0.99403548
vn 0.07114562 0.64030999 0.76481467
vn 0.91684729 -0.35655168 0.17961617
vn 0.58518887 -0.02693331 0.81044966
vn 0.45133382 -0.60488021 0.65606230
vn 0.78308523 -0.61169291 0.11229138
vn 0.65846765 0.62491518 0.41940606
vn 0.79672670 0.53357655 0.28376552
vn 0.96546996 0.10580498 0.23806097
vn -0.19133753 -0.98116124 0.02669833
vn -0.03585235 -0.99332178 -0.10966605
vn 0.27359891 -0.96165365 -0.01912873
vn 0.38689241 -0.91952467 -0.06920028
vn 0.61300176 0.75707132 0.22599134
vn 0.03541029 0.91845411 0.39393932
vn 0.37095091 0.90512025 0.20773242
vn 0.59810179 0.78765017 0.14792444
vn 0.78963238 0.61337519 -0.01586328
vn 0.57500541 0.80745447 0.13185693
vn 0.78959495 0.60606754 0.09603168
vn 0.89746380 0.43809253 0.05131927
vn 0.97822875 0.14854589 -0.14492291
vn 0.93948489 0.34163091 -0.02562245
vn 0.25173321 0.60523081 0.75519937
vn 0.80761337 -0.21901372 0.54753429
vn 0.20785783 0.90173608 0.37903479
vn 0.43546042 0.87384337 0.21626882
vn 0.61815327 0.76264429 0.19042175
vn 0.64960176 0.75599790 0.08052903
vn 0.73578876 0.66889888 0.10577922
vn -0.91733980 -0.12201173 0.37894705
vn -0.84131825 -0.21115342 0.49759209
vn -0.97008216 -0.15249014 0.18891089
vn -0.99884808 0.00341872 -0.04786253
vn -0.98185688 -0.16541271 0.09271291
vn -0.96814871 -0.14864245 -0.20147827
vn -0.78203267 -0.27406856 -0.55974239
vn -0.94794363 -0.24629721 -0.20184338
vn -0.55511564 -0.50422996 -0.66151261
vn -0.29542163 -0.58756071 -0.75332493
vn 0.45805544 -0.60992414 -0.64666665
vn -0.03432992 -0.43877810 -0.89793944
vn 0.93290758 -0.33967400 -0.11960364
vn 0.87489259 -0.15257502 0.45965645
vn 0.99227858 -0.09537015 0.07929644
vn -0.43125063 -0.88442934 -0.17834762
vn 0.20860130 -0.93042797 -0.30131298
vn -0.36607987 -0.71686077 -0.59337699
vn -0.85089892 -0.49149597 -0.18548043
vn -0.50660300 -0.78667623 -0.35283723
vn -0.64923406 -0.63489455 -0.41881275
vn -0.76896232 -0.47279897 -0.43030003
vn -0.80833703 -0.37711123 -0.45208231
vn -0.50353849 -0.68725061 -0.52357966
vn 0.49803132 0.24449268 0.83197844
vn 0.41569552 0.13897637 0.89882302
vn 0.46433079 0.22188634 0.85741669
vn -0.87587154 -0.21444146 0.43227786
vn -0.89415371 -0.35534522 0.27243146
vn -0.94187033 -0.32982823 0.06398185
vn 0.27138808 0.27721733 0.92168272
vn 0.64384967 0.31735641 0.69623464
vn 0.42311504 0.28999677 0.85841453
vn -0.09344410 -0.08409978 0.99206632
vn -0.78676981 0.19434530 0.58585262
vn -0.16087335 -0.10305955 0.98157966
vn 0.58218300 -0.35456809 0.73167235
vn 0.65155780 -0.21075435 0.72873527
vn -0.78539521 0.09218253 0.61209220
vn -0.06165758 0.00513818 0.99808413
vn -0.45995986 -0.09732486 0.88258994
vn -0.20478596 0.00501520 0.97879392
vn 0.03790670 0.06662372 0.99705786
vn -0.81858027 -0.56935376 -0.07591370
vn -0.64912057 -0.65498179 0.38683501
vn -0.57511336 -0.60112345 -0.55488312
vn -0.78679007 -0.60921365 -0.09909683
vn -0.65430033 -0.68970621 0.31015548
vn -0.57885486 -0.67117846 -0.46308371
vn 0.91089720 0.23564039 0.33873284
vn 0.91780430 0.23507404 0.31996170
vn 0.89047003 0.29333133 0.34787920
vn 0.95526206 0.26034480 0.14033887
vn 0.95500767 0.25370345 0.15360691
vn 0.97531372 0.21368049 -0.05571220
vn 0.97448373 0.22445500 0.00127759
vn 0.98128402 0.19216512 -0.01242145
vn 0.75790018 -0.17069645 0.62964278
vn 0.88640898 -0.18416089 0.42469269
vn 0.76550454 -0.06017188 0.64061087
vn -0.00134562 0.60354626 0.79732692
vn 0.60606611 0.20480490 0.76859540
vn 0.72553056 0.11569539 0.67839521
vn 0.49432144 0.32461664 0.80639344
vn 0.29781544 0.45113665 0.84129775
vn 0.37686610 0.43174100 0.81949478
vn 0.28908852 0.51803774 0.80502468
vn 0.92600495 -0.14662772 0.34787235
vn 0.89590389 -0.12402672 0.42658389
vn 0.95632166 -0.19845036 0.21463092
vn 0.87654430 -0.11604900 0.46712172
vn 0.77739388 -0.21250999 0.59202909
vn 0.78767806 -0.46505365 0.40408954
vn -0.45561907 -0.28967544 0.84172404
vn -0.18159759 -0.29254577 0.93885010
vn -0.67927223 -0.38829610 0.62274832
vn -0.82153451 -0.35623237 0.44517359
vn -0.19920103 -0.57384551 0.79436797
vn 0.25762263 -0.21780145 0.94137841
vn -0.31446138 -0.67422676 0.66823071
vn -0.17137204 -0.59240520 0.78720242
vn 0.38748845 0.17572796 0.90497094
vn 0.31370792 0.33412328 0.88879085
vn 0.44862095 0.27817550 0.84932774
vn 0.24611942 0.45187911 0.85745597
vn 0.30293950 0.55925184 0.77166378
vn 0.23153692 0.68039954 0.69530374
vn 0.80854607 -0.28357694 0.51559442
vn 0.88029414 0.21660239 0.42209673
vn 0.79636204 -0.24211732 0.55424446
vn 0.84289163 0.14857756 0.51716387
vn 0.83342606 0.30747762 0.45919335
vn -0.09901478 0.99014753 0.09901472
vn 0.01668990 0.83449328 0.55076545
vn 0.11807412 -0.95771170 0.26238677
vn 0.26762000 0.06592114 0.96126693
vn 0.48443565 0.14776225 0.86225778
vn 0.18631350 0.11734165 0.97545797
vn 0.25975919 0.07775965 0.96253759
vn 0.21255736 0.19208883 0.95808208
vn 0.40795964 0.10426762 0.90702659
vn 0.26665986 0.20487279 0.94176412
vn 0.25067705 0.11738052 0.96092820
vn 0.26564538 0.13961476 0.95390797
vn 0.38745573 0.23215650 0.89217794
vn 0.54218984 0.15111987 0.82655489
vn 0.14393321 0.89572710 0.42066184
vn 0.16564290 0.85752565 0.48704451
vn 0.11230432 0.88533771 0.45118168
vn 0.48697037 0.59305376 0.64120764
vn 0.22239865 0.81041926 0.54199600
vn 0.43892574 0.74254155 0.50594103
vn 0.21504250 0.89646399 0.38743934
vn 0.19793555 0.91352540 0.35537732
vn 0.22541022 0.79363763 0.56509268
vn 0.31847581 -0.87189251 0.37199008
vn 0.21045044 -0.97757602 -0.00746758
vn 0.52516025 -0.81347483 0.24993084
vn 0.34886941 -0.91983128 -0.17944518
vn 0.47113580 -0.85101140 0.23197138
vn 0.58535838 -0.81057250 -0.01810646
vn 0.93424648 -0.35662559 0.00129987
vn 0.92778307 -0.36190346 0.09080005
vn 0.88082069 -0.46955168 0.06063271
vn 0.96829754 -0.24225567 0.06092647
vn 0.90924549 -0.13137381 0.39498580
vn 0.95122427 -0.10356875 0.29059586
vn 0.98011452 -0.17095476 0.10074820
vn 0.39433002 -0.21079755 0.89446545
vn 0.23515049 -0.17594695 0.95590109
vn 0.34399310 -0.17553061 0.92241949
vn 0.23440839 -0.09956835 0.96702588
vn -0.29356492 -0.90244061 0.31531063
vn -0.45808789 -0.86527723 0.20359474
vn 0.10564143 -0.98598611 0.12911727
vn 0.01405953 -0.88574398 0.46396115
vn 0.10225374 -0.88193768 0.46014142
vn 0.33215019 -0.87189400 0.35982928
vn 0.47405058 -0.82443565 0.30916333
vn 0.44131970 -0.88263929 0.16181719
vn 0.47022682 -0.88167524 0.03918554
vn 0.38967687 -0.14637105 0.90924567
vn 0.39257076 -0.13288441 0.91007137
vn -0.34440112 0.83640283 0.42640147
vn -0.34620059 0.84513682 0.40729490
vn 0.08030607 0.97514528 0.20650131
vn 0.15687811 0.39219505 0.90640628
vn 0.36845848 0.45832637 0.80881107
vn 0.21662158 0.76333302 0.60860330
vn -0.01375030 0.85252076 0.52251267
vn 0.26383805 0.83317274 0.48601738
vn 0.44987091 0.88876945 0.08777960
vn 0.44084924 0.89744318 -0.01574471
vn 0.11024399 -0.01637904 0.99376959
vn 0.21168615 0.07938232 0.97410858
vn 0.11002152 0.22313333 0.96855915
vn 0.25566223 0.26324162 0.93023688
vn 0.12996891 0.38000816 0.91580671
vn 0.04686296 0.27364555 0.96068829
vn 0.60601950 -0.12510313 0.78555053
vn 0.51155615 -0.16399159 0.84345543
vn 0.47543821 -0.17513676 0.86214012
vn 0.70788819 -0.02969061 0.70570022
vn 0.86670893 -0.01737519 0.49851149
vn 0.85972291 0.11563285 0.49749953
vn 0.92122358 -0.26070157 0.28875905
vn 0.92620951 -0.23873651 0.29178903
vn 0.95753044 -0.13257547 0.25604546
vn 0.90597451 -0.27084047 0.32535461
vn 0.61249590 0.56201881 0.55586302
vn 0.73867846 0.47237787 0.48084661
vn 0.67049187 0.61688429 0.41218266
vn 0.81097221 0.41986507 0.40747687
vn 0.82396060 0.45417571 0.33884150
vn 0.95230538 -0.05276509 0.30055013
vn 0.86835188 -0.19199333 0.45727873
vn 0.44159880 0.57587802 0.68800801
vn 0.95271963 0.13271722 0.27333403
vn 0.86135244 0.47920313 0.16863084
vn 0.99184126 -0.06683620 0.10855418
vn 0.99715048 -0.07540795 -0.00213936
vn -0.97993183 -0.05283836 0.19220245
vn -0.99076885 0.02734341 0.13277596
vn -0.98074031 0.00364584 0.19528231
vn -0.99662030 -0.06857826 -0.04522173
vn -0.99526054 0.09694690 -0.00759904
vn 0.91691655 0.26060349 0.30224165
vn 0.74728101 0.45487604 0.48441604
vn 0.91227108 0.39904481 0.09232941
vn 0.31212863 -0.84327811 -0.43755907
vn 0.08494517 -0.97740692 -0.19354589
vn 0.04280579 -0.85611635 -0.51500744
vn -0.94572788 -0.20882319 0.24898160
vn -0.98389363 -0.17793024 0.01715230
vn -0.91623086 -0.15404099 0.36985481
vn -0.94780803 -0.22557008 -0.22533995
vn -0.92179841 -0.18636364 -0.33993578
vn 0.69285280 -0.01871593 -0.72083610
vn 0.76888198 0.06296057 -0.63628340
vn 0.59716898 0.01802774 -0.80191284
vn -0.95811337 -0.00902624 -0.28624707
vn -0.98255807 -0.16855742 -0.07853796
vn -0.89541495 -0.05747149 -0.44150779
vn -0.66036594 0.14315219 -0.73717320
vn -0.76307595 0.03764414 -0.64521158
vn -0.44581953 0.18667148 -0.87544203
vn 0.96267414 0.05048826 0.26591250
vn 0.99653053 -0.00636502 0.08298440
vn 0.99065161 0.11334743 -0.07590646
vn -0.56288642 -0.45496324 -0.69004881
vn -0.78840423 -0.11744898 -0.60384148
vn -0.84545606 -0.30644283 -0.43737498
vn -0.84897524 -0.51418036 -0.12190104
vn -0.92372084 -0.38267130 -0.01739401
vn -0.91533887 -0.38888538 -0.10451280
vn -0.84805208 -0.02869147 -0.52913576
vn -0.72155076 0.05550383 -0.69013321
vn -0.53729135 0.13566151 -0.83241457
vn -0.94118005 -0.09729058 -0.32359660
vn -0.79702401 -0.34783420 -0.49372470
vn -0.39830357 -0.23855385 -0.88568974
vn -0.30468723 0.14270151 -0.94170171
vn 0.71356666 0.16004059 -0.68206286
vn 0.83884144 0.25192702 -0.48257422
vn 0.51923412 0.12618598 -0.84526509
vn -0.70878339 -0.64032143 0.29599774
vn -0.60233927 -0.47031969 -0.64497042
vn -0.77320403 -0.59893084 -0.20841640
vn 0.96745706 0.22009116 -0.12484714
vn 0.97715980 0.19749644 -0.07844818
vn 0.95930719 0.18905520 -0.20973322
vn 0.94345915 0.19371110 -0.26899970
vn 0.93701762 0.22262640 -0.26913869
vn 0.94533473 0.31871289 0.06902430
vn 0.92267996 0.29520372 -0.24802515
vn 0.94780326 0.28449821 -0.14397821
vn 0.03492339 0.43493843 -0.89978272
vn 0.24869750 0.45383203 -0.85567874
vn 0.10557950 0.48252901 -0.86949348
vn -0.04546626 0.45502487 -0.88931727
vn 0.33800888 0.47459716 -0.81271613
vn 0.29688263 -0.28518438 -0.91133451
vn 0.14478247 -0.18120365 -0.97272980
vn 0.34334233 -0.24866864 -0.90569311
vn 0.46879071 -0.28468236 -0.83617657
vn 0.59780186 -0.32611990 -0.73231059
vn -0.11763736 0.16603649 -0.97907782
vn -0.08660284 0.05124548 -0.99492407
vn -0.16020314 0.02674172 -0.98672175
vn 0.16351274 0.19456212 -0.96716553
vn 0.18472315 0.41128683 -0.89259213
vn 0.29502666 0.46878809 -0.83258456
vn 0.25403687 0.26165047 -0.93113065
vn -0.83136940 -0.33511180 -0.44331142
vn -0.89778745 -0.37366432 -0.23313659
vn -0.75262076 -0.33075377 -0.56935394
vn -0.47670802 -0.43065938 -0.76634330
vn -0.73300439 -0.37252340 -0.56914926
vn -0.70133585 -0.52376628 -0.48352554
vn 0.18738344 -0.37296015 -0.90872890
vn 0.58018601 -0.41134882 -0.70297682
vn 0.48918858 0.45936012 -0.74140596
vn 0.35822749 0.34473273 -0.86765927
vn 0.38619655 0.58343273 -0.71446383
vn 0.80128515 0.42257616 0.42352274
vn 0.65881926 0.70533466 0.26164910
vn 0.94928777 0.30514744 0.07574948
vn 0.70152545 0.58303624 -0.40979370
vn 0.46323535 0.59516257 -0.65665406
vn 0.70691812 0.30385831 -0.63869947
vn 0.20344286 0.69078946 -0.69384503
vn 0.23893204 0.69990730 -0.67308342
vn 0.09472205 0.48909435 -0.86707234
vn 0.30173457 0.62591600 -0.71915603
vn 0.28521982 0.79095960 -0.54132491
vn 0.57339782 -0.47404155 -0.66820621
vn 0.74585319 -0.44663003 -0.49419084
vn 0.74122524 -0.10822488 -0.66247457
vn 0.26667279 -0.52853757 -0.80593657
vn 0.44904774 -0.10436752 -0.88739145
vn 0.17587277 -0.09804238 -0.97951847
vn 0.11387813 -0.55927694 -0.82112187
vn 0.43724689 -0.50001657 -0.74752837
vn 0.72506481 -0.61074024 -0.31824118
vn 0.70559150 -0.60867602 -0.36284193
vn 0.81844676 -0.50052494 -0.28217009
vn 0.54367089 -0.55984247 -0.62529868
vn -0.37679124 -0.55836707 -0.73909038
vn 0.62578207 -0.64945233 -0.43198204
vn 0.65437120 -0.51456714 -0.55409294
vn -0.42347121 -0.20221572 -0.88305205
vn -0.40747467 -0.21365233 -0.88787222
vn -0.35788780 -0.42804796 -0.82987428
vn 0.34524828 0.71354032 -0.60964245
vn 0.97021043 -0.21387583 -0.11379305
vn 0.81608254 0.27891430 -0.50617796
vn 0.82663709 -0.02645238 -0.56211334
vn 0.98301893 -0.11812192 -0.14043142
vn 0.54468364 0.52725387 -0.65216810
vn 0.55845630 0.66726881 -0.49282753
vn 0.69750929 0.52152777 -0.49141595
vn 0.84385473 -0.32060918 0.43025473
vn 0.85750341 -0.47269574 0.20309280
vn 0.96433318 -0.25851420 -0.05685180
vn 0.65103638 -0.59945524 0.46562332
vn 0.75318336 -0.07312453 0.65373373
vn 0.52608180 -0.34333748 0.77804708
vn -0.02227702 0.97461659 -0.22276954
vn 0.43324915 0.77888560 0.45346731
vn 0.61736411 -0.14451635 0.77328950
vn 0.31375477 -0.17976683 0.93233138
vn 0.40986204 -0.01827404 0.91196448
vn 0.59101748 -0.24846247 0.76744038
vn 0.52988285 -0.47751051 0.70086223
vn 0.46258324 -0.25434628 0.84930849
vn -0.33604321 0.35108978 -0.87396276
vn -0.31064120 0.60600466 -0.73229808
vn -0.36399373 0.39141777 -0.84516323
vn 0.10998411 0.87370634 -0.47385725
vn -0.36816335 -0.66015518 0.65471441
vn -0.49315578 -0.11417893 0.86241555
vn -0.90151268 -0.08259936 0.42479670
vn -0.75603890 -0.59144682 0.28034949
vn 0.33348286 -0.81903368 0.46687588
vn 0.25865862 -0.51731694 0.81576902
vn -0.16984759 -0.94123918 0.29192573
vn -0.50286907 -0.85810697 0.10380337
vn -0.39438322 0.63539529 0.66387856
vn -0.70753330 0.54312718 0.45211682
vn -0.90346378 -0.41763896 -0.09659662
vn -0.99642718 0.08261829 -0.01752497
vn -0.73154348 0.59898186 0.32567602
vn -0.35512531 0.75481546 0.55148876
vn 0.03453209 0.74737173 0.66350818
vn -0.64507735 -0.53218889 0.54831588
vn -0.78470057 -0.50124055 0.36469579
vn -0.32908019 -0.61114913 0.71986324
vn -0.41122863 -0.16372992 0.89670718
vn -0.35405925 0.61584872 0.70382708
vn -0.25754336 -0.91310859 0.31607610
vn -0.58396983 -0.80248773 0.12244542
vn -0.17354201 -0.92605656 0.33511585
vn -0.04889858 -0.99866033 -0.01692640
vn 0.47720692 -0.85897237 0.18558043
vn 0.29670230 -0.95410132 0.04072384
vn -0.41771954 -0.88564575 -0.20283486
vn 0.02721518 -0.99879581 -0.04082267
vn -0.77355748 0.55092376 0.31319648
vn -0.38224068 0.72648764 0.57105845
vn 0.03678189 0.73563665 0.67637694
vn -0.70765257 0.62403494 0.33137348
vn -0.26959032 0.78168303 0.56239903
vn -0.74516249 0.58593965 0.31844556
vn -0.68992209 0.64195955 0.33450773
vn -0.24069388 0.80037975 0.54905277
vn -0.55184573 0.76735950 0.32653597
vn -0.62388736 0.73942202 0.25302103
vn -0.17071481 0.88592011 0.43127954
vn -0.45133358 -0.60488021 0.65606242
vn -0.78408080 -0.59048069 0.19118033
vn -0.48828399 -0.86997086 0.06877250
vn -0.17471643 -0.94812828 0.26556915
vn 0.03017872 -0.48285735 0.87517899
vn 0.16976166 -0.87876570 0.44604018
vn -0.48100162 0.59552586 0.64341789
vn -0.81378835 0.43697590 0.38314560
vn -0.86131960 0.46584988 0.20276211
vn -0.46349409 0.70854384 0.53210807
vn 0.00401606 0.72689599 0.68673587
vn -0.84689403 -0.48519972 -0.21760459
vn -0.93898839 -0.28290039 -0.19562244
vn -0.99209493 0.05511634 -0.11273793
vn -0.43006679 -0.89182281 -0.14033750
vn -0.05584096 -0.99836940 -0.01184501
vn -0.46787244 0.77823174 0.41886839
vn 0.04230432 0.81562650 0.57703030
vn -0.85105848 0.52506429 0.00267217
vn -0.39302218 0.87906736 0.26976675
vn 0.05304028 0.91132826 0.40824932
vn -0.65805483 -0.65122390 0.37798321
vn -0.84203196 -0.22895132 0.48842958
vn -0.97243237 -0.11229016 0.20436816
vn -0.77660739 -0.62502372 0.07890677
vn -0.10587902 -0.91681683 0.38501498
vn -0.34810203 -0.62161094 0.70172983
vn -0.37762740 -0.88742453 0.26433930
vn -0.49437392 -0.17047378 0.85236913
vn -0.36009598 -0.93270773 0.01967747
vn -0.75291032 0.39039797 0.52982593
vn -0.77156562 0.49235269 0.40283409
vn -0.50578237 0.53435767 0.67723411
vn -0.47940964 0.68927997 0.54319376
vn -0.99688518 0.07874051 -0.00445689
vn -0.79663455 -0.59497607 -0.10666224
vn -0.33561450 -0.93297631 -0.13007061
vn -0.97808945 0.17730302 -0.10910946
vn -0.81100792 -0.55741483 -0.17763755
vn -0.32232660 -0.93446451 -0.15126723
vn -0.78496182 0.59043366 0.18767856
vn -0.75302744 0.65701634 0.03576887
vn -0.44556892 0.80468422 0.39236671
vn -0.16755846 -0.98531693 0.03278325
vn -0.62198877 -0.68075943 0.38690659
vn 0.04567398 -0.99112481 -0.12484210
vn 0.05216550 -0.99474108 0.08814165
vn 0.11196505 -0.99323791 0.03070011
vn 0.09038083 -0.99418873 -0.05848166
vn -0.26124856 0.74937099 0.60843426
vn -0.21193707 0.85304683 0.47685847
vn -0.89698541 0.44203022 0.00517004
vn 0.07104783 -0.99632138 -0.04791592
vn -0.45442677 -0.88305646 -0.11707930
vn -0.36207694 -0.61553097 0.70001572
vn -0.16358793 -0.95922059 0.23051044
vn 0.22361319 -0.97431439 0.02662062
vn -0.20339069 -0.93510109 -0.29020372
vn 0.08857605 -0.96302891 -0.25442052
vn 0.32728988 -0.93151724 0.15860969
vn 0.45067596 -0.89268500 -0.00216673
vn 0.49754158 -0.86739546 -0.00880607
vn -0.02120202 -0.93524462 -0.35336694
vn 0.20969762 -0.92092204 -0.32852626
vn -0.07924930 -0.99662060 0.02161351
vn 0.37604040 -0.91779339 0.12747130
vn 0.31023401 -0.94879884 0.05946151
vn -0.73992121 0.63260430 0.22875434
vn -0.77743363 0.58704168 0.22578534
vn 0.65716892 -0.75170898 -0.05534059
vn 0.56373161 -0.80533081 -0.18343651
vn -0.31911379 -0.82086504 -0.47365308
vn 0.63972944 -0.76248199 -0.09678569
vn 0.43864581 -0.89793372 -0.03612379
vn -0.01977200 -0.99759012 0.06650605
vn -0.35535383 0.79271245 0.49530864
vn -0.66091150 0.73514432 0.15086029
vn -0.26444259 0.91587442 0.30206656
vn -0.67549431 0.72929472 0.10879648
vn 0.11463686 0.79708409 0.59288722
vn 0.13067479 0.89487410 0.42676061
vn -0.32786009 0.88493210 0.33076149
vn -0.51911241 0.83197027 0.19582592
vn -0.09389893 -0.99550104 0.01267749
vn -0.54172701 0.79118091 0.28383902
vn -0.95559424 0.25287119 -0.15131368
vn -0.81372595 -0.55842352 -0.16128619
vn -0.72280663 0.69098097 -0.00979240
vn -0.79264969 -0.57575291 -0.20053707
vn -0.92838174 0.30694968 -0.20949778
vn -0.74270254 0.66782403 -0.04903198
vn -0.78265017 -0.54538536 -0.30002251
vn -0.26674086 -0.95792335 -0.10598293
vn -0.04388518 -0.99781126 -0.04946706
vn -0.90267676 0.31226212 -0.29608628
vn -0.79714328 0.59217143 -0.11787949
vn -0.89670348 0.28077352 -0.34218311
vn -0.79471755 -0.48951903 -0.35888037
vn -0.29055363 -0.94645971 -0.14068621
vn -0.85112780 0.48828867 -0.19275814
vn -0.82664353 0.56243837 0.01798645
vn 0.01279396 -0.99830246 -0.05682003
vn -0.61793882 0.72106290 0.31340060
vn -0.04456036 -0.99849093 -0.03210033
vn 0.01012358 -0.99980897 -0.01672580
vn -0.43871960 0.76938885 0.46429074
vn -0.68820101 0.67644519 0.26230016
vn -0.49476761 0.74289060 0.45090878
vn -0.88524449 0.38777998 -0.25684419
vn -0.87988812 0.46762484 -0.08440382
vn -0.74795592 0.64117122 0.17164311
vn -0.20516148 -0.41159356 0.88797504
vn -0.13194273 -0.89061403 0.43519855
vn -0.17645283 0.52935886 0.82984555
vn 0.45161763 0.43115154 0.78112090
vn 0.44893125 -0.32780004 0.83126885
vn 0.24861798 -0.80423075 0.53981668
vn 0.27039045 -0.09914307 0.95763242
vn 0.34471589 -0.50255924 0.79284620
vn 0.32053664 -0.81330168 0.48558897
vn 0.80042422 0.13653296 0.58367801
vn 0.87413979 -0.19178881 0.44620255
vn 0.65241480 -0.71722418 0.24483550
vn 0.07316726 0.54352766 0.83619630
vn 0.21710020 0.70248657 0.67777592
vn 0.30930170 0.72547579 0.61483121
vn 0.88202208 0.21422102 0.41969809
vn 0.80619055 -0.58953977 0.04999623
vn 0.15302461 -0.93585300 -0.31743124
vn -0.96651894 -0.15603001 -0.20370565
vn -0.54822558 -0.83284646 -0.07625908
vn -0.06064774 -0.99523461 0.07635518
vn 0.95359212 -0.08901286 0.28764346
vn -0.07389114 0.94123244 0.32957792
vn -0.91756707 0.36654553 -0.15399715
vn -0.46677825 0.86964077 0.16075766
vn 0.10044119 -0.95562607 -0.27693066
vn 0.85365146 -0.52064484 0.01443363
vn 0.98128247 -0.04772629 0.18656646
vn -0.94501400 -0.15763180 -0.28653246
vn -0.48559740 -0.85653991 -0.17474139
vn 0.01801771 -0.99752426 -0.06797574
vn 0.92294770 0.23049983 0.30828145
vn 0.42834890 0.75846308 0.49117327
vn -0.05740420 0.94250828 0.32921553
vn -0.01070312 0.91755050 0.39747545
vn 0.25540206 0.86764234 0.42657566
vn 0.42800382 -0.85600746 0.28993797
vn 0.81537068 -0.25197738 0.52122742
vn 0.73895127 0.42075101 0.52623159
vn 0.34667057 0.84685045 0.40331599
vn 0.51545984 -0.85247487 0.08710802
vn 0.92442495 -0.25429162 0.28420818
vn 0.41791031 0.80691469 0.41742024
vn 0.82184190 0.42669478 0.37750170
vn 0.56036407 -0.82406473 0.08312301
vn 0.93806034 -0.24525122 0.24473378
vn 0.86070848 0.34301481 0.37619382
vn 0.47969782 0.76016283 0.43822649
vn -0.34051326 -0.87020057 -0.35609224
vn 0.10210846 -0.99476290 0.00453818
vn -0.03061307 -0.99492663 0.09583245
vn -0.08745273 0.94254613 0.32242671
vn 0.45050427 0.79037833 0.41514811
vn -0.10598075 0.90206891 0.41837755
vn -0.16257887 0.88229716 0.44172373
vn 0.04271647 -0.99876207 -0.02548822
vn -0.21297348 0.85857791 0.46635425
vn 0.19891848 -0.97491884 0.09982354
vn 0.60874873 -0.77193981 0.18312284
vn 0.06171682 0.90172809 0.42787555
vn 0.15494551 0.87623262 0.45629865
vn 0.53964204 0.72622776 0.42588708
vn 0.29804817 -0.95438516 -0.01778535
vn 0.68494260 -0.72817802 0.02470599
vn 0.08855010 -0.99312669 -0.07653926
vn 0.39298370 -0.91117847 -0.12376529
vn 0.28554276 0.83151913 0.47648844
vn 0.00456921 0.85839659 0.51296651
vn 0.64768100 0.67396832 0.35535347
vn -0.24589282 0.79162318 0.55934733
vn 0.05060252 0.79848528 0.59988403
vn 0.42305726 0.73085845 0.53560114
vn 0.77399141 0.53295004 0.34190869
vn 0.13318591 -0.99053615 -0.03316164
vn -0.32176712 -0.93396056 -0.15551075
vn -0.07012672 -0.99712217 -0.02880622
vn 0.00739938 -0.99989659 0.01233227
vn 0.15156774 -0.98790169 0.03282542
vn 0.45481381 -0.88845140 -0.06163219
vn 0.46197590 -0.88402379 0.07127625
vn -0.24361952 0.77342802 0.58519983
vn -0.55049187 0.73991370 0.38663477
vn -0.23899670 0.79200006 0.56179756
vn -0.82154876 0.55867767 0.11374040
vn -0.63373107 0.67430604 0.37907302
vn -0.27859470 0.73881483 0.61362678
vn 0.13476567 0.75678051 0.63962620
vn 0.54942000 0.61910242 0.56111485
vn 0.21357359 0.73254436 0.64634758
vn 0.24208526 0.66154492 0.70975560
vn 0.68413430 0.49913770 0.53180993
vn 0.92984635 -0.21447986 0.29897189
vn 0.88022423 0.29183909 0.37421283
vn 0.97537893 -0.18535794 0.11949280
vn 0.74219006 -0.65412831 -0.14584258
vn 0.93411404 0.28285834 0.21776669
vn 0.97781545 -0.19401607 -0.07896017
vn 0.97618389 0.19535817 0.09434207
vn 0.78151327 -0.61946362 -0.07417534
vn 0.96429366 -0.26448858 -0.01354853
vn 0.98963833 0.03182122 0.14001299
vn 0.86579478 0.34579581 0.36169699
vn 0.78551269 -0.60989118 0.10489439
vn 0.14186870 -0.98832184 0.05561730
vn 0.44692782 -0.88366717 0.13924040
vn 0.77796406 -0.59376347 0.20546749
vn 0.94416022 -0.30617803 0.12172368
vn 0.93707490 -0.28185451 0.20603086
vn 0.98197967 -0.06722886 0.17662492
vn 0.92618847 0.19751139 0.32119182
vn 0.97801369 -0.08120753 0.19207992
vn -0.00764167 -0.18175107 0.98331487
vn 0.00000014 -0.24231327 0.97019815
vn -0.51298255 -0.11920289 0.85008210
vn -0.50709218 -0.08738349 0.85745078
vn -0.53155702 -0.06112806 0.84481388
vn -0.02266705 -0.13600308 0.99044907
vn 0.42717230 -0.15596941 0.89061630
vn 0.46790102 -0.20298563 0.86015433
vn 0.49384961 -0.27150655 0.82607323
vn -0.53497970 -0.19749951 0.82145655
vn -0.01154741 -0.37175009 0.92826104
vn 0.48606843 -0.38702783 0.78354782
vn -0.47324252 -0.10702562 0.87440681
vn -0.93898982 -0.16484492 0.30186796
vn -0.89792484 -0.28105783 0.33872950
vn -0.47044954 -0.19824967 0.85986876
vn 0.27457598 -0.01481833 0.96145129
vn 0.27742243 -0.00551687 0.96073228
vn -0.96804869 -0.00731359 0.25065559
vn -0.49381137 0.02562558 0.86919141
vn 0.23182216 -0.00074536 0.97275800
vn -0.88778162 -0.24394004 -0.39030385
vn -0.87158203 -0.32187057 -0.36978933
vn -0.87025738 -0.36589417 0.32980841
vn -0.87469441 -0.13953988 -0.46415338
vn -0.44916457 -0.25033927 0.85766059
vn -0.86180848 -0.03933280 -0.50570655
vn -0.82718742 -0.47999644 0.29217187
vn -0.81737733 -0.43874711 -0.37335673
vn -0.29009122 -0.19192347 -0.93755674
vn -0.32958177 -0.09620742 -0.93921244
vn -0.34408695 -0.10157888 -0.93342698
vn -0.89266711 -0.43738547 0.10880961
vn -0.84828240 -0.51857275 0.10723584
vn -0.50814533 -0.39531854 0.76518744
vn -0.77386314 -0.62367272 0.11030958
vn -0.44258356 -0.48817170 0.75220239
vn -0.75852919 -0.33721063 -0.55760443
vn -0.72985488 -0.39306539 -0.55929548
vn -0.67907792 -0.48908663 -0.54740065
vn -0.95708865 -0.27198586 0.10002515
vn -0.62183273 -0.07383417 0.77966195
vn -0.99207073 -0.09196342 0.08566465
vn -0.79147893 -0.18580009 -0.58227086
vn -0.78446066 -0.04209633 -0.61874819
vn -0.31453124 -0.07760092 -0.94606996
vn -0.30128464 -0.06588094 -0.95125562
vn 0.05927159 -0.04170949 0.99737024
vn 0.72288436 -0.05974939 0.68838090
vn 0.16306496 -0.04569394 0.98555666
vn -0.40365714 -0.37001911 0.83674788
vn -0.62060386 -0.75242674 0.22069220
vn -0.28263965 -0.58774090 0.75807363
vn 0.47626683 -0.51609385 0.71191084
vn 0.40701294 -0.90734094 -0.10522774
vn -0.68916214 -0.61968267 -0.37556511
vn -0.06349061 -0.57827866 -0.81336510
vn 0.33718699 -0.10408335 0.93566638
vn 0.28651384 -0.02059897 0.95785463
vn 0.93057740 -0.18611541 0.31525669
vn 0.91335100 -0.26366270 -0.31027725
vn 0.53072351 -0.26064008 -0.80647337
vn 0.90097362 0.14058477 0.41046619
vn 0.92295957 0.20151129 -0.32793120
vn 0.87693471 0.20368683 0.43531278
vn 0.89977235 0.28516912 -0.33028552
vn 0.87732649 0.12915432 0.46218762
vn 0.86805797 0.02591224 0.49578619
vn 0.84792757 -0.07943918 0.52412617
vn 0.93257368 0.14786921 -0.32930386
vn 0.95469701 -0.00265683 -0.29756802
vn 0.95165938 -0.12894619 -0.27877823
vn 0.44200596 0.06919253 -0.89433950
vn 0.42460012 0.16602956 -0.89002746
vn -0.29482543 -0.64767522 0.70256305
vn -0.49151659 -0.86618698 0.09017500
vn -0.49631357 -0.67435616 -0.54673260
vn 0.21089570 -0.09239230 0.97313243
vn 0.42982796 -0.40882641 0.80505210
vn 0.75556189 0.27228364 0.59580857
vn 0.72494280 0.31404790 0.61305135
vn 0.61806411 -0.78380197 -0.06042531
vn 0.86000741 0.00000006 0.51028150
vn 0.99026722 0.00000004 -0.13917948
vn 0.89510649 0.42456719 -0.13611402
vn 0.87158376 0.47339836 -0.12741949
vn 0.47130850 0.06392241 -0.87964892
vn 0.48196921 -0.03062985 -0.87565273
vn 0.45197618 -0.11624906 -0.88442278
vn 0.98801279 0.10002975 -0.11757892
vn 0.93797457 0.32313004 -0.12566181
vn 0.99238282 -0.07825237 -0.09514794
vn 0.55323923 0.21589831 -0.80455858
vn 0.57759678 0.07778525 -0.81260777
vn 0.56531423 -0.03346099 -0.82419670
vn -0.48927319 0.02597913 0.87174368
vn -0.96574658 -0.04166237 0.25612104
vn 0.20062685 0.00940443 0.97962260
vn -0.93751001 -0.05279625 0.34392980
vn -0.44472301 0.05091644 0.89421976
vn -0.86857110 -0.10734304 -0.48379925
vn -0.96118909 -0.25133568 -0.11378020
vn -0.85507900 0.09500877 0.50971878
vn -0.41062135 0.13453813 0.90182573
vn -0.96781170 -0.02262872 0.25065640
vn -0.75346208 0.27577698 0.59686029
vn -0.41294056 0.21953812 0.88390219
vn -0.05651320 0.08856571 0.99446589
vn -0.58639747 -0.10013338 0.80381060
vn -0.98705274 -0.11341713 0.11341722
vn -0.77400279 -0.07249203 -0.62901872
vn -0.71885604 -0.22284542 0.65847236
vn -0.97595376 -0.15413344 0.15413353
vn -0.91326129 -0.22312200 -0.34083790
vn -0.32653457 -0.14386451 -0.93417245
vn 0.04977209 -0.07051022 0.99626857
vn 0.68947607 -0.12759776 0.71298075
vn -0.48491916 -0.51240444 -0.70872784
vn -0.10168185 -0.35830787 0.92804980
vn -0.90261149 -0.01270168 0.43026876
vn -0.98887384 0.02456023 0.14671540
vn -0.99014932 0.01056557 -0.13961695
vn 0.82086247 -0.11875897 0.55864233
vn 0.79467839 -0.15508385 0.58688605
vn 0.94254082 -0.24200369 -0.23032820
vn 0.91571105 -0.39067578 -0.09405169
vn 0.77890867 -0.22810888 0.58418131
vn 0.43548015 -0.11220270 0.89317834
vn -0.11968743 0.02442607 0.99251109
vn 0.36912423 -0.19083014 0.90957743
vn 0.78779280 -0.25581130 0.56030637
vn 0.90554875 -0.42120478 0.05067740
vn 0.93577051 -0.33724654 0.10294886
vn 0.76305294 -0.34143844 0.54878974
vn 0.89414150 -0.44227383 0.07003459
vn 0.41578117 -0.23656525 -0.87815881
vn 0.98181963 -0.17390159 -0.07608208
vn 0.54735368 -0.10286698 -0.83055556
vn 0.75933486 -0.64766788 -0.06274622
vn 0.79978442 -0.59366161 -0.08894344
vn 0.93393528 -0.34673408 -0.08683544
vn 0.93394220 -0.33597070 -0.12196595
vn 0.87120748 -0.44852895 -0.19954789
vn 0.93974841 -0.33516622 -0.06735409
vn -0.71756428 0.30787390 0.62475210
vn -0.88534462 0.27257714 0.37665218
vn -0.71555740 0.27502614 0.64213568
vn -0.95707560 0.24449469 0.15565553
vn -0.97558129 0.21924475 0.01314707
vn -0.70653397 0.31420141 0.63410354
vn -0.86739039 0.30596679 0.39245158
vn -0.94323784 0.27575633 0.18509685
vn -0.40731412 -0.14711617 0.90136123
vn -0.04793429 -0.49448141 0.86786544
vn -0.51231283 0.09201739 0.85385501
vn -0.76407760 -0.22720027 0.60379261
vn -0.74582762 -0.57326370 0.33927858
vn 0.36016890 -0.80345356 0.47406834
vn -0.46938297 -0.88244003 0.03129230
vn -0.07640316 0.28536952 0.95536739
vn -0.12880154 0.26946127 0.95435894
vn -0.13018541 0.31103438 0.94144005
vn -0.48232803 0.34268206 0.80618155
vn -0.06471814 0.45573843 0.88775802
vn -0.66271156 0.40868503 0.62752688
vn -0.39135423 0.45395485 0.80047917
vn 0.08157373 0.51813614 0.85139930
vn -0.82835704 0.38187695 0.40987176
vn -0.80548978 0.40044090 0.43684471
vn -0.62265807 0.42083105 0.65969563
vn -0.32505679 0.42222065 0.84620792
vn -0.91201562 0.34308472 0.22476737
vn -0.89317507 0.36775112 0.25883859
vn 0.17783736 0.39768788 0.90012127
vn -0.81246692 0.32874903 0.48147860
vn -0.80202985 0.31333783 0.50849539
vn -0.01085036 -0.03978509 0.99914944
vn -0.66408932 -0.07754338 0.74362117
vn -0.63649893 -0.33607149 0.69420832
vn 0.01361662 -0.41530281 0.90958130
vn -0.98509902 -0.17198530 -0.00101753
vn -0.77848703 -0.62547410 -0.05234642
vn 0.05163695 -0.99733007 -0.05163687
vn -0.03327220 -0.01606246 0.99931723
vn -0.69576734 -0.01874121 0.71802276
vn -0.99860185 -0.05217487 0.00849371
vn 0.56861973 -0.28098449 0.77312309
vn 0.58222008 -0.04369184 0.81185639
vn 0.81196249 -0.57572937 0.09619059
vn 0.98553908 -0.07446290 0.15221091
vn 0.63027120 0.01216746 0.77627975
vn -0.03855548 0.16360083 0.98577291
vn -0.71617824 0.09916314 0.69083673
vn -0.99989510 -0.00000004 0.01449137
vn -0.01310385 0.14496280 0.98935032
vn -0.67635697 0.05881367 0.73422223
vn 0.65165228 0.14938211 0.74366277
vn 0.63667572 0.10928638 0.76334828
vn -0.58365566 -0.00334153 0.81199449
vn 0.00000012 0.13874996 0.99032748
vn 0.60513616 0.11107983 0.78833467
vn 0.99345064 0.02240871 0.11204318
vn 0.99667668 0.04679238 0.06667894
vn 0.99361306 -0.03905025 0.10586956
vn -0.61541098 -0.26191893 -0.74341631
vn -0.51135200 -0.55743307 -0.65405476
vn 0.08140884 -0.65127128 -0.75446564
vn 0.07765388 -0.25438383 -0.96398067
vn -0.65696913 -0.12413324 -0.74362797
vn 0.06269338 -0.12538706 -0.99012506
vn 0.65039402 -0.51158094 -0.56149137
vn 0.74345982 -0.18305270 -0.64324123
vn 0.74980962 -0.05029924 -0.65973902
vn -0.69998431 -0.13523853 -0.70123637
vn -0.75696856 -0.27829731 -0.59122688
vn -0.77638233 -0.50354993 -0.37903559
vn 0.04161203 -0.19022702 -0.98085785
vn 0.74096149 -0.09777394 -0.66439176
vn 0.65949184 -0.50174308 -0.55975401
vn 0.97658968 -0.10045858 0.19021253
vn 0.54302025 0.26975393 0.79521185
vn 0.49983385 0.26910299 0.82325554
vn 0.51114070 0.35009086 0.78496599
vn 0.54867584 0.49460924 0.67403013
vn 0.96410722 0.00596514 0.26544625
vn 0.94902146 0.04403817 0.31212002
vn 0.95485246 0.14327326 0.26024932
vn 0.74702853 -0.57512814 -0.33343083
vn 0.71245706 -0.52790493 -0.46230015
vn 0.82795382 -0.40355307 -0.38940644
vn 0.94308650 -0.25286955 -0.21597412
vn 0.95081508 -0.25644633 -0.17374104
vn 0.94918042 0.27567649 0.15185200
vn 0.97099394 -0.15702038 -0.18032034
vn 0.96978968 -0.02972697 -0.24212445
vn 0.62555164 0.48338082 0.61239541
vn 0.95272624 0.26548064 0.14775971
vn 0.97519547 -0.06767824 -0.21074516
vn 0.68247908 0.29690090 0.66788644
vn 0.96013200 0.10952704 0.25719756
vn 0.19577886 0.15787067 0.96785718
vn 0.18355253 0.13696080 0.97342193
vn 0.99641412 -0.07199776 -0.04444322
vn 0.17817859 0.09611177 0.97929311
vn 0.66343188 -0.17796192 0.72676528
vn 0.86875397 -0.39904484 0.29330829
vn -0.78524500 -0.07211857 0.61497098
vn -0.77241033 -0.06888127 0.63137764
vn -0.89962417 -0.06750150 0.43141621
vn -0.90407187 -0.01760229 0.42701808
vn -0.74031758 -0.12058312 0.66135436
vn -0.84539038 -0.14970148 0.51274246
vn -0.98225874 0.03346501 0.18452086
vn -0.98345631 -0.03044610 0.17856874
vn -0.97919416 -0.09920224 0.17702475
vn -0.81466550 0.01920086 0.57961327
vn -0.81923193 0.02795159 0.57278079
vn -0.84782380 -0.00582145 0.53024614
vn -0.51730466 -0.28553075 0.80676395
vn -0.76724249 -0.13116345 0.62780190
vn -0.04888770 -0.42824230 0.90234071
vn -0.06862373 -0.27829906 0.95803988
vn -0.50784385 -0.17724550 0.84301770
vn -0.49081647 -0.08031211 0.86755353
vn -0.07578491 -0.12435631 0.98933923
vn 0.42793420 -0.45343319 0.78183818
vn 0.41162294 -0.31250101 0.85610157
vn 0.39030501 -0.17346878 0.90419608
vn -0.48705298 -0.12421352 0.86449432
vn -0.08538584 -0.13753441 0.98680979
vn -0.52206624 -0.20619103 0.82760638
vn -0.07420203 -0.22745450 0.97095752
vn 0.35637406 -0.18509507 0.91582614
vn 0.37518254 -0.25065258 0.89241892
vn -0.51984048 -0.21686602 0.82627779
vn -0.83210111 -0.17314446 0.52690488
vn -0.97603709 -0.13174878 0.17318749
vn -0.50072944 -0.19547565 0.84324330
vn -0.82803166 -0.13468267 0.54426479
vn -0.97974163 -0.08105113 0.18313141
vn -0.83139908 -0.09493040 0.54750687
vn -0.98055333 -0.04750068 0.19041784
vn -0.49757984 -0.15973145 0.85258442
vn -0.02967469 -0.24291784 0.96959287
vn -0.04476814 -0.24374893 0.96880454
vn 0.37708285 -0.25297025 0.89096284
vn 0.35976684 -0.26605433 0.89430583
vn -0.04651828 -0.22416213 0.97344100
vn 0.33823553 -0.27336311 0.90048283
vn 0.63566792 -0.40526667 0.65702754
vn 0.76515990 -0.33704162 0.54857397
vn 0.78221798 -0.23808521 0.57571751
vn 0.66308695 -0.29528531 0.68783891
vn 0.64790666 -0.22063094 0.72906721
vn 0.80813587 -0.28553346 0.51515728
vn 0.79992461 -0.23660703 0.55148697
vn 0.59334707 -0.23332274 0.77038938
vn 0.71718824 -0.26770613 0.64340842
vn 0.93246239 -0.24757993 0.26309335
vn 0.92803377 -0.21215506 0.30617565
vn 0.91120458 -0.24234931 0.33312616
vn 0.69326681 -0.26555207 0.66997254
vn 0.66867042 -0.27470961 0.69095194
vn 0.89949936 -0.25784367 0.35272866
vn 0.88531846 -0.26794434 0.38002273
vn 0.66286868 -0.28294268 0.69321609
vn 0.88079983 -0.25935614 0.39613894
vn 0.97877139 -0.20379610 0.02176563
vn 0.97182041 -0.23141679 0.04485027
vn 0.96692228 -0.24770635 0.06085119
vn 0.96820360 -0.23713264 0.07968742
vn -0.97973675 -0.01609060 0.19964236
vn -0.83389527 -0.04201290 0.55032158
vn -0.50368041 -0.09472632 0.85868096
vn -0.98289406 -0.04651719 -0.17820098
vn -0.98436695 -0.02180745 -0.17477509
vn -0.98345745 0.00092030 -0.18113734
vn -0.50816977 -0.01449428 0.86113495
vn -0.83130342 0.02740852 0.55514270
vn -0.97783655 0.04679456 0.20407361
vn -0.97872156 0.05757837 -0.19694932
vn -0.06916036 -0.15385997 0.98566937
vn 0.31710544 -0.20736475 0.92544270
vn -0.07883438 -0.07172392 0.99430430
vn 0.30489174 -0.12388567 0.94429517
vn -0.82463908 0.09371290 0.55784255
vn -0.49837711 0.06175036 0.86475843
vn -0.08195143 0.01244838 0.99655867
vn -0.97296757 0.11836062 0.19830514
vn -0.96296781 0.18933666 0.19194958
vn -0.80998176 0.16124405 0.56385279
vn -0.45628268 0.13076644 0.88017398
vn -0.97414476 0.11183385 -0.19630405
vn -0.97133034 0.16861846 -0.16758628
vn -0.78484064 0.22972366 0.57554513
vn -0.95050424 0.24497320 0.19112787
vn -0.96311790 0.23220865 -0.13595234
vn -0.07504368 0.08639734 0.99343050
vn -0.12054354 0.08950242 0.98866504
vn -0.41984743 0.18269044 0.88901776
vn -0.46009931 0.13213713 0.87797976
vn -0.77744824 0.22492054 0.58735430
vn -0.25508246 0.00643661 0.96689790
vn 0.67197663 -0.23496091 0.70231104
vn 0.67262751 -0.16729751 0.72082162
vn 0.29256278 -0.05740453 0.95452172
vn 0.65811741 -0.12398186 0.74263722
vn 0.88879013 -0.22179937 0.40107003
vn 0.90370983 -0.16508129 0.39504009
vn 0.97488457 -0.20070572 0.09652700
vn 0.98685074 -0.13071305 0.09507731
vn 0.99512666 -0.06573991 0.07349268
vn 0.23853262 -0.01380972 0.97103637
vn 0.57884330 -0.14691640 0.80209476
vn -0.02303036 -0.11723264 0.99283749
vn 0.19628245 -0.44089168 0.87583548
vn -0.22993727 -0.11151063 0.96679586
vn -0.19726911 -0.67398763 0.71191686
vn -0.20705059 -0.33059302 0.92078143
vn -0.20013514 -0.16240013 0.96621543
vn 0.38953143 -0.75176513 0.53208506
vn -0.12171883 -0.92309374 0.36480501
vn 0.00000014 -0.34648436 0.93805575
vn 0.00000013 -0.68695837 0.72669685
vn 0.00000009 -0.93550259 0.35331991
vn -0.29240727 -0.08757699 0.95227534
vn -0.18564753 -0.09069180 0.97842228
vn 0.00000014 -0.16567756 0.98618007
vn 0.00000013 -0.08421366 0.99644774
vn 0.58598793 -0.79028493 0.17907517
vn -0.01009170 -0.99592990 0.08956435
vn 0.00000005 -0.99639386 0.08484967
vn 0.74114543 -0.67030621 -0.03732394
vn 0.13883312 -0.98718929 -0.07863110
vn 0.00000003 -0.99586213 -0.09087711
vn -0.37105778 0.26606867 0.88967609
vn -0.78303862 0.31582078 0.53582436
vn 0.17073634 0.05077662 0.98400754
vn -0.35748127 0.24453348 0.90133822
vn -0.76078999 0.32135844 0.56385046
vn 0.15987857 0.01615103 0.98700458
vn -0.35365981 0.18282270 0.91733342
vn -0.76637655 0.26803759 0.58380038
vn 0.63159525 -0.21167952 0.74584126
vn 0.85305393 -0.42239174 0.30640540
vn 0.60343748 -0.21483962 0.76792395
vn 0.85138214 -0.41868544 0.31599206
vn 0.15820935 -0.00427175 0.98739636
vn -0.32633868 0.14594552 0.93391812
vn -0.78103238 0.24927980 0.57258022
vn 0.57471567 -0.22061312 0.78805572
vn 0.17615376 0.04257882 0.98344135
vn -0.27771607 0.19996180 0.93962181
vn -0.76976365 0.29971153 0.56359285
vn 0.55826277 -0.17547828 0.81089461
vn -0.72510380 0.37015596 0.58069712
vn -0.21136279 0.27741385 0.93721265
vn 0.20010868 0.12440965 0.97184300
vn 0.53764510 -0.07904617 0.83945781
vn -0.94449377 0.26345065 0.19627856
vn -0.95473772 0.27219433 -0.11994220
vn -0.54144770 0.05200855 0.83912438
vn -0.79986429 0.17898665 0.57287079
vn -0.36727881 -0.04348564 0.92909378
vn -0.59158951 0.08362133 0.80189109
vn -0.82495201 0.20862213 0.52529138
vn -0.39601213 0.01175144 0.91817021
vn -0.85023242 0.21271278 0.48151669
vn -0.61269987 0.13603520 0.77852005
vn -0.40780920 0.07992245 0.90956259
vn -0.94557053 0.25999075 0.19570699
vn -0.94976139 0.29043889 -0.11661360
vn -0.93456477 0.30614257 0.18128815
vn -0.93118250 0.34646136 -0.11341833
vn -0.94620699 0.28542110 0.15240459
vn -0.92502648 0.35584775 -0.13303541
vn -0.97043163 0.21022926 0.11860157
vn -0.87016231 0.17358211 0.46118003
vn -0.62925380 0.13015373 0.76622427
vn -0.98691458 0.13049701 0.09471098
vn -0.88700217 0.11255501 0.44783759
vn -0.66409475 0.07169661 0.74420285
vn -0.94452882 0.26879659 -0.18871599
vn -0.96781003 0.13141824 -0.21464632
vn -0.89813113 -0.02312075 0.43911946
vn -0.99532652 -0.02294622 0.09380104
vn -0.70170766 -0.04758910 0.71087390
vn -0.98331118 -0.14362422 0.11167485
vn -0.89228338 -0.11297519 0.43711236
vn -0.70202076 -0.11476755 0.70284796
vn -0.98000228 -0.05829412 -0.19025634
vn -0.96728104 -0.21294369 -0.13792145
vn -0.29394698 -0.01199212 0.95574653
vn -0.16159406 -0.01498890 0.98674357
vn -0.28340554 0.05771457 0.95726192
vn -0.12816995 0.06788673 0.98942602
vn -0.43750414 0.08615568 0.89507949
vn -0.27716288 0.05938493 0.95898604
vn -0.09116620 0.06183209 0.99391425
vn 0.00000013 -0.01175990 0.99993086
vn 0.00000013 0.08030079 0.99677068
vn 0.00000013 0.07101173 0.99747550
vn -0.47835514 0.01886212 0.87796390
vn -0.28731185 -0.01581069 0.95770663
vn -0.08096525 -0.03181482 0.99620914
vn -0.50114173 -0.07542999 0.86207151
vn -0.48200172 -0.10990169 0.86925036
vn -0.28582188 -0.08109962 0.95484489
vn -0.25814369 -0.08860446 0.96203488
vn 0.00000013 -0.03543087 0.99937212
vn -0.07937975 -0.07809474 0.99378079
vn -0.07114065 -0.07503045 0.99464035
vn 0.00000013 -0.07660310 0.99706167
vn 0.00000013 -0.07272910 0.99735183
vn 0.04315108 -0.13609141 0.98975611
vn -0.52551574 0.09060620 0.84594542
vn -0.52676916 0.07467555 0.84672183
vn 0.02086789 -0.15635239 0.98748088
vn 0.56087601 -0.33232966 0.75827110
vn 0.57833558 -0.30645406 0.75605148
vn 0.54687566 -0.31786281 0.77452582
vn 0.00000014 -0.14125855 0.98997283
vn -0.55018717 0.09432930 0.82969636
vn -0.05409018 -0.12200367 0.99105477
vn -0.57919782 0.10584047 0.80828685
vn 0.52538729 -0.29804114 0.79695654
vn -0.14529040 -0.10952144 0.98330867
vn -0.61963212 0.08662673 0.78009731
vn -0.84520531 0.25388873 0.47028556
vn -0.85686994 0.25546595 0.44778463
vn -0.88543200 0.18940249 0.42442560
vn 0.84798825 -0.37248784 0.37705263
vn 0.84339190 -0.34508950 0.41182926
vn -0.81707877 -0.13026577 0.56161654
vn -0.93486768 -0.15090761 0.32132465
vn -0.66158426 -0.11712312 0.74066752
vn -0.59138519 -0.13708064 0.79465240
vn -0.52833492 0.01957888 0.84881026
vn -0.96722037 -0.22216488 0.12299413
vn -0.95303512 -0.28430474 -0.10437874
vn -0.28677887 -0.09893699 0.95287430
vn -0.95478910 -0.12697519 0.26880303
vn -0.98879164 -0.05887099 0.13720548
vn -0.97243649 -0.20187367 0.11668074
vn -0.99710351 -0.03452402 0.06776942
vn -0.87840480 -0.32491639 0.35047728
vn -0.93311524 -0.18916136 0.30580086
vn -0.65098488 0.05514791 0.75708491
vn -0.90258706 0.12689617 0.41138056
vn -0.41025221 -0.03105631 0.91144317
vn -0.67180300 0.10684418 0.73298365
vn -0.89870489 0.18994708 0.39528450
vn -0.68704456 0.20263276 0.69778925
vn -0.48245686 0.09426081 0.87083310
vn -0.40073219 0.01381044 0.91609114
vn -0.88619041 0.28399682 0.36607695
vn -0.48447764 0.22755471 0.84468949
vn -0.67813170 0.31635332 0.66336864
vn -0.85441244 0.39771608 0.33436707
vn -0.41866365 0.37940681 0.82508862
vn -0.61106169 0.49344385 0.61896425
vn -0.75368798 0.58918148 0.29123855
vn -0.44381177 0.27647930 0.85240269
vn -0.36884695 0.38913423 0.84411287
vn -0.62170345 0.06921192 0.78018892
vn -0.33295453 0.44221884 0.83281678
vn -0.29772517 0.57467908 0.76230162
vn -0.43088487 -0.07482433 0.89929950
vn -0.21560422 -0.03138113 0.97597653
vn -0.36105320 -0.06937564 0.92996109
vn -0.30241486 0.07234080 0.95042735
vn -0.17177944 -0.00761710 0.98510599
vn -0.14561436 0.10662038 0.98357946
vn -0.05942115 -0.00670161 0.99821049
vn 0.00000013 0.00000004 1.00000000
vn -0.03306869 0.03359377 0.99888843
vn -0.01196558 0.11979954 0.99272609
vn 0.00000013 0.05417118 0.99853176
vn 0.00000012 0.12213251 0.99251384
vn -0.26661509 0.31169921 0.91200882
vn -0.24192072 0.42025921 0.87456083
vn -0.13878676 0.31956571 0.93734521
vn -0.13398772 0.42589375 0.89479721
vn -0.21995111 0.46818185 0.85581964
vn -0.13117561 0.47089535 0.87238210
vn -0.20700106 0.50075471 0.84047323
vn -0.12858681 0.49625966 0.85859871
vn -0.02205401 0.31539893 0.94870287
vn -0.02601461 0.42483050 0.90489918
vn 0.00000011 0.30826789 0.95129961
vn 0.00000010 0.42355224 0.90587181
vn -0.02191046 0.46861756 0.88312942
vn 0.00000010 0.46712282 0.88419247
vn -0.44883552 0.70657080 0.54708713
vn -0.29384655 0.83472145 0.46571913
vn -0.26955950 0.71540749 0.64461607
vn -0.24464181 0.66239011 0.70808887
vn -0.53846228 -0.23094699 0.81038392
vn -0.38822007 -0.04547479 0.92044401
vn -0.54916626 -0.03194169 0.83510244
vn -0.71836871 -0.25687963 0.64649767
vn -0.24048136 -0.08565091 0.96686745
vn -0.35846123 -0.21934830 0.90740943
vn -0.49192187 -0.38625428 0.78026950
vn -0.65501505 -0.43204772 0.61991137
vn -0.78532165 -0.45034325 0.42480689
vn -0.85717350 -0.25316778 0.44850829
vn -0.72977769 -0.01246857 0.68357092
vn -0.17830536 0.01870341 0.98379743
vn -0.36563861 -0.43361464 0.82358164
vn -0.38770625 -0.39931968 0.83079940
vn -0.56567854 -0.51305735 0.64558506
vn -0.55166662 -0.55296582 0.62441403
vn -0.33758989 -0.31925440 0.88549972
vn -0.69187951 -0.55768716 0.45857146
vn -0.67748982 -0.62185943 0.39280841
vn -0.24870129 -0.31027311 0.91753924
vn -0.26764202 -0.30028141 0.91553199
vn -0.27126420 -0.27528304 0.92229879
vn -0.22818613 -0.26621729 0.93651456
vn -0.22106373 -0.26159221 0.93952143
vn -0.20035082 -0.27047375 0.94164944
vn -0.19313866 -0.36065710 0.91248226
vn -0.26869312 -0.45030993 0.85148400
vn -0.42763770 -0.55151510 0.71621031
vn -0.20382603 -0.32211807 0.92449719
vn -0.22579512 -0.50373715 0.83382589
vn -0.14263299 -0.43543684 0.88884789
vn -0.55095661 -0.66887057 0.49905807
vn -0.32358912 -0.70102531 0.63549483
vn 0.00000014 -0.41973481 0.90764689
vn 0.00000014 -0.47655180 0.87914640
vn 0.00000012 -0.71500659 0.69911772
vn -0.10283369 -0.40533662 0.90836537
vn -0.21252823 -0.17983165 0.96046472
vn -0.23971677 -0.15201557 0.95886767
vn -0.24465153 -0.03914424 0.96882063
vn -0.11278313 -0.38864499 0.91445887
vn -0.11964767 -0.16372854 0.97922283
vn 0.00000014 -0.18447107 0.98283792
vn 0.00000014 -0.41766366 0.90860170
vn 0.00000014 -0.41662598 0.90907800
vn -0.07627138 0.63305318 0.77034175
vn -0.06498636 0.54943091 0.83300811
vn 0.00000009 0.51711571 0.85591555
vn -0.25143594 -0.19545938 0.94793230
vn -0.20710441 -0.09039739 0.97413349
vn -0.20552039 -0.02065035 0.97843504
vn -0.25403875 -0.18968232 0.94841182
vn -0.24894258 -0.12660512 0.96020770
vn -0.23857515 -0.09952830 0.96601039
vn -0.25642732 -0.05975006 0.96471500
vn -0.29315752 -0.05769589 0.95432168
vn -0.24903370 -0.24481289 0.93704265
vn -0.17049156 -0.41202158 0.89508146
vn -0.22120488 -0.58667409 0.77902633
vn -0.26465249 -0.23314631 0.93573600
vn -0.26585463 -0.55069906 0.79123437
vn -0.45735008 -0.10009927 0.88363510
vn -0.28227681 0.11968544 0.95183784
vn -0.63304520 -0.52717018 0.56687343
vn -0.61335945 -0.37399974 0.69563961
vn -0.71864063 -0.03485944 0.69450736
vn -0.74253803 0.35348997 0.56893069
vn -0.61600715 -0.57076383 0.54292172
vn -0.40978840 -0.71229333 0.56983477
vn -0.38906074 -0.67055780 0.63165176
vn -0.36863294 -0.42251024 0.82800668
vn -0.50689059 -0.36123246 0.78267044
vn -0.37150967 -0.56887430 0.73373193
vn 0.00000012 -0.70453078 0.70967346
vn 0.00000011 -0.80026448 0.59964728
vn 0.00000012 -0.70238763 0.71179473
vn 0.00000014 -0.42993355 0.90286052
vn -0.43521976 0.03956547 0.89945447
vn -0.43358380 0.49580222 0.75245285
vn -0.84806156 0.27903962 0.45047587
vn -0.71691287 0.42316765 0.55404437
vn -0.39245108 0.57409239 0.71860987
vn 0.00000013 0.04140098 0.99914271
vn 0.00000008 0.55470026 0.83205032
vn 0.00000007 0.63212681 0.77486503
vn -0.19161502 -0.93982643 0.28286043
vn -0.04139797 0.76586348 0.64166933
vn -0.14565776 -0.94330794 0.29825184
vn -0.24285573 -0.52456862 0.81599575
vn -0.23800024 -0.20473148 0.94944245
vn 0.14106910 0.98748386 0.07053450
vn 0.70710689 0.00000006 0.70710665
vn -0.08185456 -0.94132745 -0.32741821
vn -0.15564728 -0.49288344 0.85606074
vn -0.09949603 -0.93415803 0.34270889
vn -0.15671977 -0.18437631 0.97028059
vn -0.16234607 -0.11333600 0.98020351
vn -0.18995424 -0.10877725 0.97574848
vn -0.22948289 -0.14518312 0.96242374
vn 0.00000009 -0.92554694 0.37863287
vn 0.00000014 -0.48307732 0.87557769
vn 0.00000014 -0.17888540 0.98386991
vn -0.00000002 -0.89442730 -0.44721362
vn 0.00000014 -0.12403470 0.99227798
vn 0.00000014 -0.14169684 0.98991019
vn 0.00000014 -0.21065281 0.97756094
vn -0.66700381 0.21198301 0.71426129
vn -0.60910559 0.31542969 0.72766376
vn -0.17074510 0.63403487 0.75421876
vn -0.14746858 0.83345342 0.53254914
vn -0.10222888 0.61471134 0.78209925
vn -0.09742332 0.78000349 0.61814499
vn -0.27673331 0.52198583 0.80681431
vn -0.38233569 0.58232224 0.71744013
vn 0.05589981 0.68632472 0.72514385
vn -0.08700158 0.42434812 0.90130985
vn -0.19004996 0.12325715 0.97400659
vn -0.43358696 0.13553712 0.89086032
vn -0.62041986 0.17457852 0.76459253
vn 0.24504206 0.73371774 0.63372922
vn 0.00000005 0.75730789 0.65305811
vn 0.00000008 0.58371484 0.81195873
vn 0.00000011 0.37343693 0.92765558
vn 0.00000013 0.11664291 0.99317402
vn -0.22496444 -0.07976013 0.97109705
vn -0.46109927 -0.07503898 0.88417000
vn -0.69552028 -0.07685308 0.71438444
vn -0.47721770 -0.21572374 0.85189599
vn -0.68817711 -0.19474100 0.69891930
vn -0.25853136 -0.24490565 0.93444252
vn -0.52346653 -0.45891890 0.71789718
vn -0.72778058 -0.37823603 0.57207775
vn -0.87412846 -0.04763096 0.48335361
vn -0.88674313 -0.15537627 0.43536749
vn -0.91150510 -0.24728078 0.32864979
vn -0.30752984 -0.51533169 0.79991180
vn 0.00000013 -0.08821160 0.99610186
vn 0.00000014 -0.26036248 0.96551096
vn 0.00000013 -0.54932660 0.83560783
vn -0.80459720 -0.56869447 0.17090935
vn -0.75831068 -0.60305190 0.24757509
vn -0.77750236 -0.55143964 0.30233169
vn -0.83139151 -0.52026367 0.19522777
vn -0.86058497 -0.43187764 0.26995414
vn -0.86984986 -0.47470039 0.13424207
vn -0.83482456 -0.53506029 0.12953164
vn -0.74918729 -0.66155308 0.03264820
vn -0.74096704 -0.66511732 0.09266574
vn -0.71543127 -0.67779839 0.16955087
vn -0.65901220 -0.71415049 0.23599181
vn -0.52896321 -0.82809019 -0.18564689
vn -0.51471001 -0.84938568 -0.11669413
vn -0.52220762 -0.85195339 -0.03840401
vn -0.92112863 -0.35951722 0.14923000
vn -0.94998658 -0.16935697 0.26238126
vn -0.85647792 0.03568657 0.51494867
vn -0.59355688 0.15682170 0.78936517
vn -0.85752147 -0.50401270 0.10309364
vn -0.90206236 -0.41833746 0.10619532
vn -0.95360494 -0.28433329 0.09895603
vn -0.97978187 -0.09657650 0.17521574
vn -0.89596105 0.05473172 0.44074738
vn -0.75921839 -0.65040541 -0.02367025
vn -0.53800148 -0.79201812 -0.28855136
vn -0.75253135 -0.65030813 -0.10390353
vn -0.79147971 -0.59849679 -0.12394151
vn -0.56321323 -0.71621579 -0.41209948
vn -0.79021317 -0.55420703 -0.26156792
vn -0.98686427 -0.14246623 0.07617275
vn -0.96439838 -0.24880321 0.08962562
vn -0.96590012 -0.25697821 0.03160966
vn -0.98638088 -0.12938832 0.10154536
vn -0.98700118 -0.14329098 0.07277631
vn -0.86116201 -0.46191844 -0.21220598
vn -0.64476979 -0.58224112 -0.49524468
vn -0.89138901 -0.43991286 0.10909852
vn -0.64780337 -0.62740827 -0.43209925
vn -0.54259837 -0.83841741 0.05141250
vn -0.37577561 -0.92588019 -0.03922391
vn -0.16151427 -0.98095053 -0.10793129
vn -0.31105715 -0.93833864 -0.15087815
vn -0.14517158 -0.97644466 -0.15962847
vn -0.17149670 -0.97404784 -0.14771488
vn 0.00000009 -0.93015522 0.36716658
vn 0.00000004 -0.99886817 -0.04756511
vn 0.00000003 -0.99103189 -0.13362634
vn 0.00000002 -0.98790425 -0.15506570
vn 0.00000003 -0.99135417 -0.13121407
vn -0.27849391 -0.92517400 0.25786483
vn 0.00000008 -0.94833350 0.31727520
vn -0.98797977 -0.07501648 0.13516134
vn -0.99002451 -0.09469488 0.10432804
vn -0.98945260 -0.06912142 0.12730190
vn -0.98479384 -0.04579307 0.16758315
vn -0.97568333 0.03306105 0.21667737
vn -0.98640847 -0.00614206 0.16419682
vn -0.99353582 -0.01873730 0.11196297
vn -0.95462096 0.12735480 0.26922050
vn -0.97461212 0.09321053 0.20357566
vn -0.98852956 0.08450647 0.12517256
vn -0.91796631 0.24810432 0.30948702
vn -0.93693304 0.25200149 0.24218123
vn -0.95263547 0.27036524 0.13924204
vn -0.29272056 0.17337108 0.94034952
vn -0.41082993 0.17869440 0.89402860
vn -0.32332650 0.04947350 0.94499332
vn -0.43526742 0.07817240 0.89690095
vn -0.62795717 0.11065668 0.77034074
vn -0.81044298 -0.12032780 0.57332665
vn -0.99420142 -0.08396976 0.06717590
vn -0.94823319 -0.30628774 0.08391459
vn -0.79335368 -0.23800613 0.56030619
vn -0.98317826 -0.06287773 -0.17148444
vn -0.93686104 -0.31004038 -0.16176005
vn -0.69033873 -0.56317121 0.45417038
vn -0.77501291 -0.62674963 0.08087105
vn -0.77720708 -0.61778003 -0.11957019
vn -0.99895656 -0.00325397 0.04555515
vn -0.81921870 -0.03901043 0.57215291
vn -0.53662884 -0.22040117 0.81452614
vn -0.53835261 -0.13211110 0.83230001
vn -0.53458595 -0.05804076 0.84311867
vn -0.99403137 0.07540923 0.07883710
vn -0.80996042 0.03924917 0.58516979
vn -0.52066797 0.03023236 0.85322392
vn -0.98389679 0.01150751 -0.17836712
vn -0.98370600 0.08731113 -0.15716000
vn -0.35799658 -0.04744532 0.93251681
vn -0.46939304 -0.11066388 0.87602735
vn -0.45503286 -0.00627630 0.89045250
vn -0.65087855 0.01732255 0.75898433
vn -0.64253056 -0.08201889 0.76185781
vn -0.94707376 0.29776987 0.11993521
vn -0.78397721 0.18016869 0.59406984
vn -0.47602800 0.13741021 0.86862868
vn -0.93573064 0.33025783 -0.12384659
vn -0.62139040 0.52287734 0.58350086
vn -0.75991505 0.64117825 0.10686313
vn -0.72266346 0.68462843 -0.09508723
vn -0.77176636 0.54844666 0.32184306
vn -0.66234154 -0.12676395 0.73840010
vn -0.60220921 -0.09140677 0.79308832
vn -0.64698195 0.56208390 0.51524365
vn -0.37755603 0.92501211 -0.04247504
vn -0.54086357 0.82526129 -0.16251294
vn -0.74127430 -0.17748824 0.64731020
vn -0.86430174 0.49041837 0.11167952
vn -0.66236740 0.69040406 -0.29088083
vn -0.26922303 -0.74200529 0.61396027
vn -0.31804386 -0.72571850 0.61006629
vn -0.30144924 -0.71118635 0.63509244
vn -0.54256845 -0.09042808 0.83513010
vn -0.53212738 0.57622641 0.62032539
vn 0.06530705 -0.98928005 0.13061401
vn 0.17329974 -0.96996093 0.17071314
vn -0.21746302 -0.78387874 0.58158749
vn 0.24919878 -0.94695508 0.20291896
vn 0.32869968 -0.93828797 0.10757442
vn 0.27103859 -0.96218681 0.02710386
vn 0.18246393 -0.98182958 -0.05213252
vn -0.28485143 -0.71832132 0.63472372
vn -0.47138315 -0.09318040 0.87699223
vn 0.05810997 -0.98786837 0.14401153
vn 0.01869520 -0.99351305 0.11217088
vn -0.36803645 -0.05018678 0.92845595
vn -0.33242559 -0.71699667 0.61270636
vn -0.10089719 -0.99455851 0.02594506
vn -0.41212666 0.60641503 0.68000913
vn -0.21708412 0.62520254 0.74966413
vn 0.18512174 -0.98114508 -0.05553649
vn 0.12529287 -0.98788583 -0.09156013
vn -0.40860543 0.03617166 0.91199422
vn -0.60014969 0.00285334 0.79988277
vn -0.23548149 0.97046906 0.05232920
vn -0.12704541 0.98520094 0.11505993
vn 0.03336738 0.97718811 0.20973790
vn -0.05075964 0.99827188 -0.02960979
vn -0.14649533 0.98477370 -0.09359422
vn -0.27461365 0.94499379 -0.17769115
vn -0.45760438 0.84983659 -0.26148814
vn -0.44108996 0.23682690 0.86565161
vn -0.66434330 0.19015156 0.72283494
vn 0.09892972 0.99341965 0.05770897
vn -0.09423786 -0.25915447 0.96122754
vn -0.47256133 -0.58033860 0.66324419
vn -0.09218492 -0.58383858 0.80661923
vn 0.21560034 -0.61485982 0.75859338
vn 0.30147341 -0.31654692 0.89939523
vn 0.31925243 -0.14074558 0.93715996
vn -0.09782828 -0.14348163 0.98480600
vn -0.29057583 0.03569362 0.95618600
vn -0.31254220 -0.09562550 0.94507837
vn 0.57161617 -0.67102754 0.47220451
vn 0.72724015 -0.39159071 0.56371844
vn 0.68673611 -0.65771896 0.30951479
vn 0.84820312 -0.38434196 0.36446217
vn 0.77686554 -0.15733978 0.60969180
vn 0.90438682 -0.16299988 0.39435458
vn -0.08867618 -0.06727164 0.99378622
vn -0.09256199 0.03636373 0.99504280
vn -0.10303534 0.13439414 0.98555666
vn 0.35339156 -0.04916745 0.93418252
vn 0.76597422 -0.03633073 0.64184386
vn 0.36070418 0.04007829 0.93181878
vn 0.33422303 0.17614456 0.92588770
vn 0.76091820 0.06742318 0.64533544
vn 0.74302894 0.26715654 0.61362487
vn 0.24506129 0.51383805 0.82214075
vn 0.60903198 0.58467066 0.53594804
vn 0.63890380 0.59768414 0.48433018
vn 0.83631456 0.30411443 0.45617142
vn 0.88504452 -0.04214492 0.46359462
vn 0.87165123 0.08716518 0.48231354
vn -0.23630571 -0.17910868 0.95502865
vn -0.34686583 0.43950072 0.82856697
vn 0.00000009 0.48699069 0.87340719
vn -0.25349686 0.17597499 0.95119512
vn -0.15901254 -0.09920053 0.98228014
vn 0.00000012 0.21479779 0.97665852
vn 0.00000013 -0.08529323 0.99635589
vn -0.11746658 -0.14044224 0.98309600
vn 0.00000014 -0.12053820 0.99270868
vn -0.23569229 0.00000003 0.97182775
vn -0.32953003 -0.68408793 0.65071791
vn -0.16759971 -0.98420274 -0.05705516
vn -0.01014722 0.58854365 0.80840182
vn 0.27636459 -0.05024803 0.95973837
vn 0.07042664 -0.66513920 0.74339092
vn 0.35342062 -0.91256350 0.20572242
vn 0.33453381 0.44604498 0.83013916
vn 0.00000002 -0.98694974 -0.16102859
vn -0.08842359 -0.97265959 -0.21474297
vn 0.40246901 -0.91470218 0.03658808
vn 0.85143781 -0.12613888 0.50906056
vn 0.65377581 0.59540290 0.46698257
vn 0.91104478 -0.12566128 0.39269155
vn 0.70944124 0.61269927 0.34827104
vn 0.25099167 0.91666520 0.31101134
vn 0.31140286 0.93420863 0.17401916
vn -0.28455988 0.38541916 0.87776864
vn -0.46010596 0.38385874 0.80059665
vn -0.67029428 0.32694426 0.66619295
vn 0.00000013 -0.01821556 0.99983418
vn 0.00000013 0.11799505 0.99301422
vn 0.00000012 0.21275683 0.97710520
vn 0.00000011 0.27371281 0.96181148
vn -0.64106697 0.45121711 0.62083524
vn -0.49007222 0.50374126 0.71138883
vn -0.32405803 0.52574337 0.78649884
vn -0.14506418 0.53560835 0.83191353
vn 0.00000010 0.39944434 0.91675746
vn 0.00000009 0.53537256 0.84461606
vn -0.35064736 0.66890287 0.65545052
vn -0.16854262 0.69201648 0.70193064
vn 0.00000006 0.69609457 0.71795011
vn -0.97225088 -0.03555156 0.23122394
vn -0.88320506 0.00333047 0.46897519
vn -0.95870441 -0.00876218 0.28426933
vn -0.94378757 0.07978998 0.32077837
vn -0.91797280 0.17495817 0.35597154
vn -0.83705288 0.24053641 0.49141118
vn -0.20507570 -0.88866168 0.41015163
vn -0.89577287 -0.32573563 0.30246890
vn -0.94584358 0.31870812 -0.06168534
vn -0.79700571 0.41747910 -0.43645540
vn -0.75814259 -0.48737738 -0.43322417
vn 0.10750803 -0.99060929 0.08447059
vn -0.71679890 0.42356288 -0.55388987
vn -0.61254644 0.69636852 -0.37397563
vn 0.16038391 -0.98697764 0.01233724
vn -0.63551414 -0.47075123 -0.61197644
vn -0.87852585 0.27498001 0.39061275
vn -0.79139775 0.35393417 0.49841765
vn -0.51225072 0.61945671 0.59487194
vn -0.53057736 0.70543885 0.46994004
vn -0.37200910 0.77137429 0.51632446
vn -0.83195853 0.47854385 0.28078610
vn -0.68732297 0.65576464 0.31234601
vn -0.54197389 0.77025646 0.33610907
vn -0.37348059 0.85546613 0.35873386
vn -0.84473461 0.51229841 0.15483542
vn -0.69006312 0.70248181 0.17416170
vn -0.95175743 0.30680043 0.00560968
vn -0.83365554 0.55228448 0.00069724
vn -0.68725514 0.72618753 0.01822378
vn -0.53705400 0.82151693 0.19152847
vn -0.52485985 0.85029215 0.03905744
vn -0.35896352 0.91122645 0.20201859
vn -0.34364745 0.93797487 0.04593034
vn -0.18273132 0.81445527 0.55070144
vn -0.17956412 0.91029471 0.37298828
vn 0.00000004 0.82759267 0.56132907
vn 0.00000001 0.92579257 0.37803194
vn -0.16923071 0.96379495 0.20605886
vn -0.16414447 0.98500782 0.05306817
vn -0.00000002 0.97851539 0.20617388
vn -0.00000004 0.99832392 0.05787380
vn -0.81786805 -0.45085576 -0.35752049
vn -0.90304172 0.25151023 -0.34822184
vn -0.35814950 -0.92298591 -0.14080532
vn -0.84910059 -0.41356879 -0.32861710
vn -0.91547638 0.23370738 -0.32754219
vn -0.09520763 -0.99480152 -0.03613139
vn -0.90883976 0.31863698 -0.26922262
vn -0.91322434 0.38361460 -0.13733594
vn -0.39393744 -0.91213930 -0.11320408
vn -0.87449431 -0.37028497 -0.31328723
vn -0.91937631 0.21691571 -0.32816884
vn -0.11337511 -0.99351025 -0.00913443
vn -0.91866744 0.27449974 -0.28407758
vn -0.93669903 0.30314198 -0.17521401
vn -0.91277146 0.20729506 -0.35196164
vn -0.91336930 0.24462439 -0.32544652
vn -0.94386750 0.20925456 -0.25559098
vn -0.88008958 -0.33278847 -0.33866537
vn -0.41838482 -0.89805967 -0.13580561
vn -0.11715858 -0.99303329 -0.01260053
vn -0.43381295 -0.88180500 -0.18500338
vn -0.86764061 -0.31758794 -0.38254115
vn -0.89611894 0.20474000 -0.39376685
vn -0.88206828 0.24855271 -0.40022132
vn 0.00457472 -0.99997038 0.00618931
vn -0.00566337 -0.99972743 0.02265370
vn -0.01229213 -0.99958926 0.02589208
vn 0.12358718 -0.99046254 0.06091083
vn 0.42438734 -0.89266533 0.15180260
vn 0.10311572 -0.99206334 0.07195437
vn 0.40201700 -0.90007466 0.16807139
vn -0.34839937 0.49799159 0.79411727
vn -0.98074841 0.17114250 -0.09403712
vn -0.98106718 0.19310655 0.01473086
vn -0.12530103 -0.99131739 -0.03986847
vn -0.01846211 -0.99975377 0.01230815
vn -0.89311397 0.17076489 -0.41615716
vn -0.41022563 -0.86961830 -0.27473474
vn -0.13640501 -0.98709053 -0.08394150
vn -0.78708863 -0.34776074 -0.50946438
vn -0.84533012 0.18354256 -0.50172609
vn -0.54679257 -0.40767929 -0.73131078
vn -0.82842356 0.27670455 -0.48697969
vn -0.81260324 0.22386332 -0.53810889
vn -0.65347952 0.11617406 -0.74797606
vn -0.68461752 0.28470978 -0.67099863
vn -0.70188344 0.28631464 -0.65221441
vn 0.09568306 -0.99423343 0.04842144
vn -0.02240944 -0.99946308 -0.02390341
vn 0.10791728 -0.99399483 -0.01811465
vn 0.01749424 -0.98502171 -0.17154050
vn 0.12499002 -0.98227435 -0.13969468
vn 0.17874080 -0.87445503 -0.45097682
vn 0.38884258 -0.87169111 -0.29825512
vn -0.91033649 0.06785465 -0.40826854
vn -0.91349036 0.10991630 -0.39173183
vn -0.76362067 0.09382363 -0.63881183
vn -0.74268872 0.05407778 -0.66744977
vn -0.68616277 0.17649683 -0.70571208
vn -0.64085215 0.06876991 -0.76457787
vn -0.27393836 0.31702745 -0.90799314
vn -0.32267582 0.24682060 -0.91376150
vn -0.32792076 0.11927304 -0.93714571
vn 0.76967692 -0.58814609 0.24835785
vn 0.93477768 -0.23685238 0.26474828
vn 0.97452199 -0.04903250 0.21886693
vn 0.76727319 -0.58679157 0.25878078
vn 0.94658977 -0.19126293 0.25958890
vn 0.40781698 -0.90685219 0.10632262
vn 0.79776472 -0.58338976 0.15240702
vn 0.98287076 -0.13379031 0.12674862
vn 0.98043364 0.01038902 0.19657548
vn 0.99494439 0.07994604 0.06078073
vn 0.26945683 0.46763438 0.84184980
vn 0.96754956 0.03634642 0.25005367
vn 0.99698186 -0.05425574 -0.05552952
vn 0.43448898 -0.89861000 -0.06098697
vn 0.82465506 -0.55413169 -0.11350039
vn 0.71647352 -0.51262081 -0.47316557
vn 0.98467946 -0.07485495 -0.15748997
vn 0.97537225 0.13225952 -0.17651185
vn 0.96756393 0.15077166 -0.20270209
vn 0.84753972 -0.04651984 -0.52868927
vn 0.84915495 0.21274687 -0.48339909
vn 0.85017729 0.15971901 -0.50168556
vn 0.84785187 0.13274848 -0.51334691
vn 0.95965219 0.02679991 -0.27990997
vn 0.93714017 -0.04713511 -0.34575537
vn 0.82829988 0.00530774 -0.56025994
vn 0.46946424 0.27847984 -0.83788574
vn 0.47699434 0.22054277 -0.85078627
vn 0.45252162 0.08399323 -0.88778913
vn 0.46073279 0.19408391 -0.86605829
vn -0.92079037 0.17924474 0.34643385
vn -0.74843955 0.18852027 0.63584465
vn -0.31587330 0.22515196 0.92169988
vn -0.98258984 0.18357947 0.02856236
vn -0.71879196 0.07358641 0.69131988
vn -0.93673933 0.06082969 0.34470186
vn -0.99822068 0.05962237 0.00080857
vn -0.69211137 0.01425984 0.72164983
vn -0.93959659 0.01488236 0.34196046
vn -0.99997914 -0.00172951 -0.00622596
vn 0.30533135 0.23413749 0.92301279
vn -0.23307319 0.09460160 0.96784681
vn 0.34127837 0.07138127 0.93724799
vn -0.18212061 -0.00269140 0.98327261
vn 0.36653346 -0.03625049 0.92969841
vn -0.67086178 -0.00977630 0.74151802
vn -0.93521297 -0.00760222 0.35400406
vn -0.99939251 -0.02684681 0.02222810
vn -0.64072090 -0.06486717 0.76502883
vn -0.92242247 -0.05633211 0.38205194
vn -0.99662369 -0.06363753 0.05187984
vn -0.14298037 -0.03082675 0.98924541
vn 0.39353579 -0.06611775 0.91692859
vn -0.11607862 -0.09539142 0.98864877
vn -0.91551954 0.13761404 -0.37800315
vn -0.92189991 0.02761720 -0.38644284
vn -0.92157781 -0.04140971 -0.38597873
vn -0.68015730 -0.07392652 -0.72932917
vn -0.30021575 0.03417083 -0.95325917
vn -0.28349331 -0.03825406 -0.95821100
vn -0.26207876 -0.08877148 -0.96095502
vn -0.92834181 -0.06248317 -0.36643884
vn -0.93273360 -0.07480825 -0.35272053
vn -0.67486221 -0.09605061 -0.73166615
vn -0.67985243 -0.09539000 -0.72711861
vn -0.25174597 -0.13024986 -0.95898861
vn 0.76343441 0.16559710 0.62429619
vn 0.75404441 -0.00315670 0.65681601
vn 0.72885573 -0.08849851 0.67892367
vn 0.95079225 0.07286029 0.30114046
vn 0.93748468 -0.07188778 0.34052119
vn 0.99945539 -0.02049660 -0.02586494
vn 0.99302268 -0.11716761 0.01332904
vn 0.92541391 -0.14200863 0.35134408
vn 0.98600090 -0.16541457 0.02098674
vn 0.72932941 -0.11110169 0.67508149
vn 0.39752287 -0.13562070 0.90751463
vn 0.73829329 -0.17623854 0.65104759
vn 0.93373406 -0.08324289 -0.34815443
vn 0.79919153 -0.07803377 -0.59598964
vn 0.39879414 -0.00844905 -0.91700155
vn 0.93272626 -0.14722717 -0.32915959
vn 0.93134046 -0.17229702 -0.32080975
vn 0.76493829 -0.13544902 -0.62970072
vn 0.33795246 -0.07908137 -0.93783492
vn 0.73775768 -0.15892990 -0.65609068
vn 0.29439253 -0.11931335 -0.94820750
vn 0.73237914 -0.17772080 -0.65729457
vn 0.28712198 -0.15882698 -0.94463485
vn 0.73313671 -0.21565594 -0.64498305
vn -0.10055006 -0.48553860 -0.86841351
vn -0.16659006 0.01235520 -0.98594886
vn -0.22381052 0.24995112 -0.94203681
vn 0.36579078 -0.51881105 -0.77267867
vn 0.44911426 -0.04350797 -0.89241439
vn -0.25930235 -0.13444851 -0.95639223
vn 0.28380233 -0.18176526 -0.94149756
vn -0.61746585 -0.10098848 0.78008807
vn -0.90859294 -0.07007565 0.41176236
vn -0.99523503 -0.07028500 0.06758182
vn -0.09164385 -0.15281463 0.98399657
vn -0.59934312 -0.08405115 0.79606736
vn -0.90120465 -0.05085286 0.43040001
vn -0.99644697 -0.03875633 0.07477697
vn -0.56860673 -0.06724640 0.81985623
vn -0.88353860 -0.03446242 0.46708876
vn -0.06543346 -0.12775126 0.98964542
vn -0.04294444 -0.11338869 0.99262226
vn -0.93437594 -0.07917888 -0.34737921
vn -0.68752939 -0.10184041 -0.71897984
vn -0.94096434 -0.05136760 -0.33458561
vn -0.93995029 0.01171876 -0.34111017
vn -0.69742376 -0.08367600 -0.71175730
vn -0.69370276 0.00955164 -0.72019809
vn 0.39181697 -0.19646971 0.89882106
vn 0.73997384 -0.23578359 0.62995619
vn 0.39415282 -0.16932802 0.90331143
vn 0.74264550 -0.22341204 0.63131982
vn 0.94271666 -0.25642717 0.21337877
vn 0.94162709 -0.26497430 0.20767069
vn 0.40006015 -0.14244623 0.90535140
vn 0.74351400 -0.17065382 0.64657885
vn 0.94178182 -0.25363323 -0.22071984
vn -0.84389472 -0.00343407 0.53649783
vn -0.95772851 0.12905087 0.25710323
vn -0.97444397 0.21643038 -0.06014198
vn -0.95895272 0.15653357 0.23644644
vn -0.96614742 0.24778441 -0.07184733
vn -0.92376667 0.13162757 -0.35962385
vn -0.67669022 0.14972849 -0.72088265
vn -0.90512699 0.25509933 -0.34010214
vn -0.89776719 0.30372602 -0.31900567
vn -0.66750002 0.27666050 -0.69130510
vn -0.66886604 0.35062215 -0.65550160
vn 0.75638902 -0.12861016 0.64135408
vn 0.77688628 -0.16143455 0.60859406
vn -0.26650509 -0.13655633 -0.95411080
vn -0.25764367 -0.10683229 -0.96031600
vn -0.23109739 -0.00470169 -0.97291934
vn 0.26032612 -0.18652663 -0.94733214
vn 0.72464913 -0.23429744 -0.64806509
vn 0.25225446 -0.12986442 -0.95890719
vn 0.70475090 -0.19144395 -0.68313646
vn 0.93264765 -0.25410044 -0.25612757
vn 0.25560123 -0.03330744 -0.96620840
vn 0.67518252 -0.10324652 -0.73038942
vn -0.21758302 0.12829280 -0.96757358
vn -0.23079415 0.25618133 -0.93867213
vn -0.25701165 0.34323141 -0.90340322
vn 0.25012204 0.07777548 -0.96508551
vn 0.65803838 0.01904830 -0.75274354
vn 0.24910457 0.19992746 -0.94761592
vn 0.22197482 0.26471719 -0.93843067
vn 0.66634226 0.13537720 -0.73325378
vn 0.95460641 -0.19431704 0.22575989
vn 0.94117796 -0.17730218 -0.28765944
vn 0.96509695 -0.09582798 0.24373123
vn 0.96862298 -0.08545447 0.23338199
vn 0.96476877 -0.15038805 0.21588117
vn 0.93964255 -0.25874209 0.22388493
vn 0.95481735 -0.04771957 -0.29333737
vn 0.95748246 0.03120613 -0.28679907
vn 0.17260921 -0.44326070 -0.87961698
vn -0.15861754 -0.02434233 -0.98703998
vn -0.16076164 -0.06151594 -0.98507440
vn -0.17097250 -0.04606514 -0.98419839
vn -0.16352275 0.00767707 -0.98650974
vn -0.93456429 -0.35574681 0.00583205
vn -0.87709111 -0.48024094 0.00893485
vn -0.60227549 -0.38927570 0.69694233
vn -0.64228338 -0.29864630 0.70589131
vn -0.81355649 -0.58135939 0.01212983
vn -0.55162960 -0.46508089 0.69239044
vn 0.05206705 -0.09111706 0.99447811
vn 0.05648727 -0.08096485 0.99511504
vn 0.07411292 -0.08065210 0.99398327
vn -0.68141258 -0.22351579 -0.69693440
vn -0.67471135 -0.32713279 -0.66162586
vn -0.64364868 -0.40802732 -0.64747983
vn -0.98837996 -0.15160994 0.01093354
vn -0.70166504 -0.16265874 0.69369179
vn 0.05435639 -0.08383756 0.99499583
vn -0.68728602 -0.07120536 -0.72288847
vn -0.09100461 0.00173337 -0.99584895
vn -0.10215676 -0.01927488 -0.99458158
vn -0.10241248 -0.02642904 -0.99439090
vn -0.09974893 0.01098923 -0.99495196
vn 0.61286151 0.28798348 -0.73584396
vn 0.61857533 0.19837412 -0.76027131
vn 0.61441445 0.03358535 -0.78826827
vn -0.68690318 -0.48495370 0.54127991
vn -0.72565699 -0.40894052 0.55334401
vn -0.86253303 -0.48391467 -0.14786267
vn -0.80004197 -0.58388162 -0.13789530
vn -0.75539440 -0.33678496 0.56209898
vn -0.91934210 -0.36147842 -0.15538162
vn -0.53217810 -0.40403694 -0.74400312
vn -0.55624914 -0.32428634 -0.76513088
vn -0.57242584 -0.22983767 -0.78708535
vn -0.13068904 -0.10338084 -0.98601866
vn 0.54309893 0.27567086 -0.79312617
vn 0.50495499 0.31937331 -0.80188602
vn 0.67809349 -0.00000000 -0.73497570
vn -0.49691924 -0.57129556 0.65321726
vn 0.09893313 -0.13633445 0.98571050
vn -0.72480792 -0.68894517 0.00283141
vn -0.57903773 -0.52934414 -0.62008876
vn -0.29672149 -0.74368197 0.59907728
vn 0.41747344 -0.43759245 0.79638481
vn -0.37296900 -0.92734325 -0.03047598
vn 0.71783543 -0.69182682 -0.07802566
vn 0.67095697 0.32821184 0.66490132
vn 0.80919063 0.08904974 0.58075869
vn 0.99321491 0.10621089 -0.04736443
vn 0.66748512 0.32326141 0.67079484
vn 0.86484355 0.50173342 -0.01758667
vn 0.85120243 0.52457827 -0.01649630
vn 0.69544834 0.23645249 0.67855871
vn 0.71151155 0.14248984 0.68807554
vn 0.71233797 -0.00190969 0.70183408
vn 0.92500240 0.37906775 -0.02604296
vn 0.96495140 0.26005110 -0.03524515
vn 0.99878454 0.02164857 -0.04428122
vn 0.57619697 0.37524974 -0.72607493
vn -0.35014796 -0.70766735 -0.61368018
vn 0.32353595 -0.42123753 -0.84728009
vn -0.05779296 -0.09993348 -0.99331433
vn 0.58379924 0.36260828 -0.72642535
vn 0.75256485 0.08237029 -0.65334630
vn -0.08566849 -0.10191608 0.99109739
vn -0.61867934 -0.59345752 0.51482445
vn -0.05252167 -0.18143892 0.98199868
vn -0.12412600 -0.11033431 0.98611319
vn 0.56459850 0.25414541 0.78526348
vn 0.55322945 0.26810351 0.78870636
vn 0.56681335 0.19756718 0.79980612
vn -0.73347223 -0.66796076 -0.12588479
vn -0.45043850 -0.88640511 -0.10673031
vn -0.45711488 -0.73931348 0.49443057
vn 0.22747035 -0.52172059 0.82223171
vn -0.48790169 -0.50736213 -0.71030682
vn -0.31934211 -0.65654945 -0.68334728
vn -0.12921479 -0.12504666 0.98370069
vn 0.71054190 0.00692092 0.70362085
vn 0.61818361 -0.78578961 0.01959028
vn 0.41685691 -0.43312460 -0.79914546
vn 0.99274135 0.01801713 0.11891263
vn 0.87995428 0.45605606 0.13301621
vn 0.86187297 0.06173197 -0.50335294
vn 0.88426381 0.44555932 0.13983694
vn 0.92836237 0.33377805 0.16351056
vn 0.72666395 0.34330586 -0.59506363
vn 0.74155229 0.33706927 -0.58007282
vn 0.74126476 0.26040718 -0.61863935
vn -0.74952555 -0.14048348 0.64689708
vn -0.99415916 -0.10272523 -0.03309254
vn -0.69707209 -0.03154526 -0.71630675
vn -0.91993749 -0.23386928 0.31467471
vn -0.98978525 -0.11132559 -0.08906030
vn -0.82840919 -0.14688110 -0.54052216
vn -0.18149462 -0.03272857 -0.98284721
vn 0.01656057 -0.11150685 0.99362576
vn 0.68823630 -0.15319923 0.70912689
vn -0.42085379 -0.50417000 -0.75411850
vn -0.28391287 -0.55511338 0.78182018
vn -0.99892581 0.00774357 0.04568743
vn -0.99541265 0.02673624 -0.09186301
vn -0.95234966 -0.01324878 -0.30472058
vn -0.11451393 -0.01090612 -0.99336177
vn 0.58425701 -0.07180815 -0.80838561
vn -0.21954446 -0.21614061 -0.95135880
vn -0.19625758 -0.12002534 0.97317874
vn -0.84320933 -0.14480647 0.51771533
vn -0.81178278 -0.19345655 0.55098397
vn -0.14613593 -0.10667929 0.98349571
vn -0.45056599 -0.51731658 0.72758090
vn -0.96510029 -0.25063491 0.07591859
vn 0.56725967 0.01786650 0.82334518
vn 0.57007295 -0.11226043 0.81388849
vn -0.97134012 -0.16100155 -0.17486241
vn -0.60413754 -0.05258041 -0.79514349
vn -0.97019440 -0.10499945 -0.21839860
vn -0.59095812 -0.02743740 -0.80623555
vn -0.98191738 -0.01986293 -0.18826547
vn -0.95362812 -0.09082178 -0.28695789
vn -0.91201562 0.07824257 -0.40262339
vn -0.85314101 0.21313119 -0.47615725
vn -0.55766833 -0.02758789 -0.82960528
vn -0.54529047 0.06647824 -0.83560693
vn -0.55765790 0.12761651 -0.82020223
vn 0.98533225 -0.16014425 -0.05894212
vn 0.79061985 -0.59505641 -0.14431956
vn 0.78066015 -0.61327523 -0.12026393
vn 0.93728292 -0.34584516 -0.04349598
vn 0.92482924 -0.35634598 -0.13307306
vn 0.90398365 -0.41586387 -0.09935191
vn 0.56090778 0.11388994 0.82000709
vn 0.95402616 0.24519370 0.17237842
vn 0.98195416 0.10795586 0.15527876
vn 0.99058837 -0.09596828 0.09759479
vn 0.86380410 -0.47475213 -0.16867995
vn 0.74550343 0.20785415 -0.63326240
vn 0.76227349 0.11967435 -0.63609529
vn 0.73446083 -0.03887505 -0.67753679
vn 0.80505192 -0.49449521 -0.32766736
vn 0.87269545 -0.34151649 -0.34895432
vn 0.84158123 -0.38829055 -0.37546167
vn 0.62856412 -0.24072669 -0.73956597
vn 0.56803811 -0.29188120 -0.76950508
vn 0.57372892 -0.25113907 -0.77959239
vn 0.54963911 -0.26242724 -0.79311347
vn 0.06867833 -0.02718526 -0.99726850
vn 0.12268795 -0.09594841 -0.98779631
vn 0.06067161 -0.02452692 -0.99785650
vn 0.08578104 -0.00735271 -0.99628699
vn 0.10390177 0.05667372 -0.99297154
vn 0.08580638 0.00238347 -0.99630898
vn 0.04422709 -0.08165028 -0.99567926
vn 0.01684347 -0.09170409 -0.99564385
vn 0.00071296 -0.06916922 -0.99760479
vn -0.00776108 -0.05277454 -0.99857628
vn -0.96879447 0.20348208 -0.14153561
vn -0.93460667 0.20410943 -0.29128975
vn -0.96953046 0.24326113 0.02889470
vn -0.96491283 0.21721679 -0.14751282
vn -0.91560197 0.21342081 -0.34077066
vn -0.84528369 0.21036249 -0.49116525
vn -0.82516634 0.21516772 -0.52230579
vn -0.56029159 0.12777682 -0.81838042
vn -0.51687539 0.16598485 -0.83981478
vn -0.76128906 0.24380851 -0.60082978
vn -0.42594379 0.23623760 -0.87336344
vn -0.95316523 0.29834530 0.04966017
vn -0.95268947 0.26279658 -0.15271161
vn -0.87241703 0.24887548 -0.42065364
vn -0.64080876 0.26217002 -0.72154766
vn -0.94233686 0.32783478 0.06727403
vn -0.94071096 0.29579332 -0.16604003
vn -0.83614671 0.26302424 -0.48132849
vn -0.55036163 0.21714152 -0.80619580
vn -0.26502123 0.27419305 -0.92443609
vn -0.12414087 0.17532669 -0.97665226
vn -0.12073836 -0.02995766 -0.99223226
vn 0.21061505 0.23852801 -0.94802207
vn -0.22109790 -0.06868149 -0.97283024
vn 0.00572390 0.00880616 -0.99994487
vn 0.51715344 -0.21575001 -0.82825387
vn 0.80330956 -0.39833245 -0.44274715
vn 0.05651744 0.13090819 -0.98978221
vn 0.51357681 -0.06407934 -0.85564750
vn 0.89109713 -0.41524997 -0.18306729
vn 0.87056363 -0.47856781 -0.11442048
vn 0.91520405 -0.37151518 -0.15613469
vn 0.95886236 -0.20571953 -0.19560802
vn 0.95629597 -0.15911408 -0.24531782
vn 0.97377074 -0.14488913 -0.17543574
vn 0.82422578 -0.25226429 -0.50696605
vn 0.91884285 -0.36056757 -0.16037090
vn 0.33180863 -0.30936015 -0.89117867
vn 0.71646720 -0.44498280 -0.53727567
vn 0.87378234 -0.46072155 -0.15569223
vn 0.66127396 -0.47352538 -0.58179933
vn 0.24833971 -0.32627776 -0.91206926
vn -0.29551587 -0.09606382 -0.95049584
vn 0.84890932 -0.50063878 -0.16945131
vn -0.97120047 0.11134937 0.21064438
vn -0.97598195 0.18831292 -0.10953285
vn -0.98422223 0.09846332 -0.14700924
vn -0.98686332 0.01708518 -0.16065203
vn -0.98585033 -0.05097985 -0.15968834
vn -0.89449233 0.26311043 -0.36146423
vn -0.87970871 0.16887392 -0.44451591
vn -0.87449986 0.04523756 -0.48291150
vn -0.66870761 0.33987615 -0.66129750
vn -0.27902517 0.34976378 -0.89432108
vn -0.65282702 0.24092416 -0.71817297
vn -0.62698025 0.07476889 -0.77543885
vn -0.28138182 0.27055931 -0.92066383
vn 0.09223327 0.24296737 -0.96563971
vn 0.14400677 0.27356148 -0.95101333
vn -0.26318797 0.10713287 -0.95877779
vn 0.07291320 0.10189167 -0.99211991
vn 0.43164670 0.17027675 -0.88582557
vn 0.38498273 0.04466048 -0.92184258
vn -0.24222320 -0.02941391 -0.96977466
vn 0.04962318 -0.04872111 -0.99757898
vn 0.33701533 -0.09227806 -0.93696606
vn -0.98170239 -0.08416662 -0.17081153
vn -0.87748796 -0.02951109 -0.47869009
vn -0.87389600 -0.04436981 -0.48408380
vn -0.87234044 -0.03294572 -0.48778760
vn -0.87320930 -0.00942484 -0.48725447
vn -0.60696977 -0.02665655 -0.79427779
vn -0.61163187 -0.04914375 -0.78961474
vn -0.63046837 -0.04946890 -0.77463704
vn -0.64325362 -0.01866040 -0.76542580
vn -0.24797186 -0.08839971 -0.96472567
vn 0.03425809 -0.12608574 -0.99142766
vn 0.33751130 -0.15810813 -0.92794824
vn -0.27248868 -0.09046148 -0.95789707
vn 0.03595028 -0.12736718 -0.99120390
vn -0.29886934 -0.06227075 -0.95226020
vn 0.05457830 -0.10425785 -0.99305171
vn 0.98443025 -0.17361625 -0.02746777
vn 0.98181510 -0.17402922 -0.07584787
vn 0.90714926 -0.06892707 -0.41512564
vn 0.90340757 -0.13052709 -0.40843290
vn 0.91537672 -0.18592395 -0.35709625
vn 0.72069103 0.05593330 -0.69099635
vn 0.67846501 -0.05032208 -0.73290724
vn 0.65310520 -0.14639954 -0.74298108
vn 0.68268573 -0.18232882 -0.70759904
vn 0.37083107 -0.15780421 -0.91519517
vn 0.72595251 -0.18826587 -0.66147482
vn 0.93048352 -0.20634408 -0.30269244
vn 0.93687385 -0.21945988 -0.27222189
vn 0.40639037 -0.12990764 -0.90441746
vn 0.75052315 -0.17067622 -0.63842356
vn 0.94274718 -0.21202242 -0.25743803
vn -0.86142540 0.02111622 -0.50744498
vn -0.84556556 0.05724695 -0.53079367
vn -0.63540459 0.02682702 -0.77171332
vn -0.62046152 0.04475636 -0.78295875
vn -0.30914325 0.00160345 -0.95101422
vn 0.08059346 -0.04092867 -0.99590647
vn -0.29599154 0.02363604 -0.95489818
vn -0.84923732 0.06185110 -0.52437639
vn -0.63912463 -0.01248161 -0.76900190
vn -0.32236323 -0.09569919 -0.94176632
vn 0.09669540 -0.00641756 -0.99529332
vn 0.06015345 -0.15881233 -0.98547471
vn -0.87323344 0.07991085 -0.48070535
vn -0.88538194 0.17223902 -0.43177831
vn -0.68867278 -0.04401051 -0.72373539
vn -0.72256368 0.06907013 -0.68784523
vn -0.40534934 -0.19371450 -0.89340168
vn -0.46770310 -0.07077608 -0.88104743
vn -0.87714469 0.25621057 -0.40616909
vn -0.71259314 0.21665971 -0.66728520
vn -0.46427050 0.15346467 -0.87229669
vn -0.05809927 -0.34961134 -0.93509167
vn -0.14417779 -0.23750666 -0.96062654
vn -0.16859333 0.06680103 -0.98341954
vn 0.44358009 -0.07625964 -0.89298445
vn 0.76428998 -0.12145720 -0.63333166
vn 0.47601458 -0.03342842 -0.87880194
vn 0.78026825 -0.05546797 -0.62298059
vn 0.44839329 -0.17134480 -0.87725961
vn 0.95177758 -0.17169674 -0.25424340
vn 0.96202391 -0.09168973 -0.25710511
vn 0.96946055 -0.04892334 -0.24031827
vn 0.26407808 -0.44224513 -0.85713601
vn 0.72761428 -0.65123481 -0.21557088
vn 0.24478830 -0.94173050 -0.23069975
vn 0.00000001 -0.97156245 -0.23678383
vn 0.58531010 -0.67598754 -0.44771978
vn 0.31541747 -0.83819562 -0.44490469
vn -0.00652056 -0.89020884 -0.45550621
vn 0.40735263 -0.61510259 -0.67506492
vn 0.17094015 -0.38565794 -0.90666831
vn 0.32001483 -0.67282474 -0.66700631
vn 0.29872876 -0.40763164 -0.86290073
vn -0.02209934 -0.73457110 -0.67817181
vn -0.02294416 -0.43873954 -0.89832133
vn 0.09960862 -0.00649083 -0.99500561
vn 0.26784992 -0.04119196 -0.96257973
vn -0.01346965 -0.04781686 -0.99876529
vn -0.93536228 0.30009997 0.18718299
vn -0.94723767 0.25649524 -0.19222660
vn -0.93533164 0.30234644 0.18368825
vn -0.94432789 0.23624195 -0.22898605
vn -0.94484091 0.27524531 0.17752725
vn -0.94565570 0.20482332 -0.25255242
vn -0.73171645 0.11593883 -0.67167646
vn -0.72502190 0.07723980 -0.68438095
vn -0.30423024 -0.13935708 -0.94235003
vn -0.72280580 0.03042044 -0.69038135
vn -0.29071081 -0.18733495 -0.93829250
vn 0.83347899 -0.51889253 -0.18990408
vn 0.61776525 -0.49193174 -0.61348945
vn 0.20486581 -0.35341999 -0.91275644
vn 0.19770585 -0.37441969 -0.90593725
vn 0.60704452 -0.49309766 -0.62317872
vn 0.83590597 -0.51178944 -0.19832484
vn -0.95256847 0.27118134 0.13810879
vn -0.93359381 0.21096554 -0.28964835
vn -0.95244479 0.28958663 0.09480763
vn -0.70537639 0.03853632 -0.70778465
vn -0.91597450 0.22153020 -0.33453748
vn -0.68919969 0.05951108 -0.72212344
vn -0.25549561 -0.19671042 -0.94658715
vn 0.22843301 -0.37018684 -0.90043330
vn 0.61669570 -0.47182071 -0.63013619
vn -0.21986820 -0.18860383 -0.95712417
vn 0.28250751 -0.36302227 -0.88792139
vn -0.67381430 0.09490335 -0.73278081
vn -0.17481340 -0.16556972 -0.97058076
vn 0.33731326 -0.35161412 -0.87326247
vn 0.84190327 -0.42897639 0.32738075
vn 0.83494759 -0.50809628 -0.21142596
vn 0.84291023 -0.40847060 0.35022011
vn 0.83896065 -0.49298552 -0.23045668
vn 0.85541713 -0.32911870 0.39992827
vn 0.86730224 -0.44803023 -0.21692327
vn 0.62877476 -0.44828406 -0.63536108
vn 0.65175098 -0.42895728 -0.62547284
vn -0.93868226 0.34017739 0.05616923
vn -0.89200294 0.25497678 -0.37325269
vn -0.90739340 0.41977412 0.02066075
vn -0.67756778 0.43728903 0.59133762
vn -0.19601296 0.29924253 0.93382710
vn 0.16764805 0.12592293 0.97777176
vn -0.86349791 0.31812391 -0.39136752
vn -0.88904303 0.45782363 0.00019149
vn -0.67506152 0.45435151 0.58125436
vn -0.27534381 0.24421045 0.92981023
vn -0.84794158 0.35400510 -0.39455727
vn -0.75493658 0.36957747 0.54174101
vn -0.89859635 0.43876964 -0.00244839
vn -0.84198582 0.36434203 -0.39788818
vn -0.65613067 0.14245205 -0.74108028
vn -0.14069453 -0.14300092 -0.97967130
vn -0.62782997 0.19399829 -0.75378662
vn 0.49573654 -0.04964836 0.86705267
vn 0.85254967 -0.25954157 0.45364878
vn 0.06930407 0.01507591 0.99748176
vn 0.46038005 -0.12897976 0.87830204
vn 0.84722376 -0.23698708 0.47544611
vn -0.04311632 -0.16747952 0.98493236
vn -0.44847620 0.09084892 0.88916564
vn -0.03876308 -0.20895794 0.97715616
vn -0.53056341 0.03973469 0.84671342
vn -0.82666647 0.26949936 0.49395609
vn 0.47086719 -0.29639393 0.83092415
vn 0.51270485 -0.36897135 0.77523798
vn 0.37939626 -0.33922175 -0.86080611
vn -0.10580850 -0.07975245 -0.99118322
vn 0.42717221 -0.29600528 -0.85434467
vn 0.69543004 -0.40006351 -0.59693074
vn 0.90706033 -0.38790107 -0.16362882
vn 0.75043726 -0.35482180 -0.55762482
vn -0.59246767 0.24250448 -0.76822764
vn -0.06910741 0.01394821 -0.99751174
vn -0.86743361 0.31119731 -0.38822052
vn -0.60552245 0.20448370 -0.76910925
vn -0.08302635 0.00771388 -0.99651760
vn 0.46569979 -0.21962442 -0.85725659
vn 0.78954697 -0.32177842 -0.52256507
vn 0.45780438 -0.20675045 -0.86467880
vn -0.93513590 0.35326943 0.02686118
vn -0.84306908 0.24236967 0.48009527
vn -0.95278299 0.29950473 0.05001535
vn -0.84316748 0.24247238 0.47987053
vn -0.95042616 0.30550879 0.05791777
vn -0.88762331 0.26635098 -0.37574226
vn -0.88174254 0.28761250 -0.37391064
vn -0.94369525 0.32638028 0.05399452
vn -0.87179941 0.31596115 -0.37434524
vn -0.94665408 0.31849056 0.04908977
vn -0.97146261 0.23329839 0.04280457
vn -0.87483847 0.31006050 -0.37218320
vn -0.62172049 0.15648858 -0.76744705
vn -0.62251943 0.16387062 -0.76525551
vn -0.09591217 -0.04048466 -0.99456620
vn 0.45442557 -0.22798780 -0.86111498
vn -0.08734038 -0.06629637 -0.99397004
vn 0.47598127 -0.24775794 -0.84383523
vn -0.61596084 0.21251230 -0.75857157
vn -0.60297465 0.24324362 -0.75977242
vn -0.89595056 0.24009521 -0.37366715
vn -0.61431205 0.18952511 -0.76596409
vn -0.06161693 -0.02253509 -0.99784547
vn -0.05913978 0.04348983 -0.99730194
vn -0.98513371 0.16992626 0.02523535
vn -0.90974557 0.17576130 -0.37612626
vn -0.97316790 0.23008390 0.00237756
vn -0.90062308 0.21613820 -0.37704420
vn -0.64540970 0.11447292 -0.75521010
vn -0.85821223 0.31433505 -0.40578991
vn -0.82179761 0.38508308 -0.41995206
vn -0.78787023 0.42098871 -0.44947666
vn -0.66305405 0.34237573 -0.66568631
vn -0.40717453 0.35154045 -0.84298766
vn -0.57770199 0.44149062 -0.68654674
vn -0.51811534 0.45237395 -0.72588873
vn 0.93876809 -0.32704997 -0.10841046
vn 0.84354496 -0.30718523 0.44053277
vn 0.83143604 -0.40101212 0.38458213
vn 0.84513158 -0.39824194 0.35658944
vn 0.94242245 -0.32467738 -0.08015344
vn 0.91874671 -0.38874283 -0.06916294
vn 0.91506761 -0.39793253 -0.06558364
vn 0.79700679 -0.34218159 -0.49768659
vn 0.80016571 -0.34756705 -0.48880669
vn -0.81065565 0.31484464 -0.49367040
vn -0.86226177 0.09507700 -0.49745855
vn -0.55775350 0.30334723 -0.77258754
vn -0.63176429 0.03244633 -0.77448124
vn -0.87973791 -0.12963176 -0.45744598
vn -0.86195505 -0.28664446 -0.41817275
vn -0.64454353 -0.19220413 -0.74001431
vn -0.60942143 -0.32335359 -0.72391164
vn -0.14198743 0.33108383 -0.93285751
vn 0.05415796 0.40827692 -0.91125017
vn -0.08501191 0.23206213 -0.96897894
vn 0.03383450 0.23253834 -0.97199851
vn 0.12425479 0.41181034 -0.90275866
vn -0.00000014 0.24422625 -0.96971828
vn -0.00000014 0.39286786 -0.91959506
vn -0.00451834 0.38811362 -0.92160046
vn -0.28384024 0.26079372 -0.92272496
vn -0.34885469 -0.02427234 -0.93686247
vn -0.11234599 -0.05082604 -0.99236846
vn -0.35856003 -0.21338528 -0.90879130
vn -0.31755346 -0.31686816 -0.89373058
vn -0.09955984 -0.20570290 -0.97353697
vn -0.05665933 -0.29091936 -0.95506841
vn 0.07299716 -0.03025798 -0.99687314
vn -0.00000013 -0.00628755 -0.99998033
vn 0.12764251 -0.17426215 -0.97639138
vn 0.17525668 -0.25259739 -0.95156705
vn -0.00000012 -0.15700819 -0.98759729
vn -0.00000012 -0.24085233 -0.97056180
vn 0.07354277 0.30324754 -0.95006967
vn 0.20892097 0.26530144 -0.94125837
vn -0.00984851 0.24820247 -0.96865809
vn 0.85852253 -0.37107524 0.35389581
vn 0.92836398 -0.36690557 -0.05933468
vn 0.92872143 -0.36947581 -0.03105333
vn 0.81780076 -0.33221170 -0.46993330
vn 0.50474405 -0.23475476 -0.83073682
vn -0.12568602 0.02415776 -0.99177593
vn 0.49245360 -0.21463490 -0.84345794
vn 0.40566972 -0.22148643 -0.88677835
vn 0.92845851 -0.36857378 0.04602541
vn -0.85142910 -0.34130174 -0.39822316
vn -0.95454013 -0.27784526 -0.10795915
vn -0.60031909 -0.36982101 -0.70911878
vn -0.86753172 -0.33356178 -0.36895168
vn 0.90876871 -0.40110376 0.11513154
vn -0.97294909 -0.18907714 -0.13274068
vn 0.69905126 -0.69519323 0.16743273
vn -0.95791292 -0.27136347 -0.09362024
vn -0.90092945 -0.29216033 -0.32088724
vn -0.85045296 -0.39863274 -0.34325165
vn 0.88524663 -0.40710413 -0.22495475
vn 0.79357535 -0.54847258 -0.26346961
vn -0.66095352 -0.36536977 -0.65547341
vn -0.69538701 -0.43104896 -0.57500756
vn 0.21836194 -0.25782511 -0.94119310
vn -0.21800449 -0.03047378 -0.97547191
vn -0.76448476 -0.32922831 -0.55423081
vn -0.44905749 -0.33969736 -0.82640976
vn -0.28259045 -0.34660906 -0.89442998
vn -0.94817275 0.31731567 -0.01671490
vn -0.90331560 0.42703789 -0.04073996
vn -0.87548119 0.30184951 -0.37738520
vn -0.82887918 0.40385741 -0.38711554
vn -0.66588062 0.12649886 -0.73525578
vn -0.31699991 -0.04176907 -0.94750535
vn -0.68351865 0.20217203 -0.70137638
vn -0.67855269 0.31785193 -0.66222084
vn -0.79526740 0.60272712 -0.06534386
vn -0.74829626 0.53955448 -0.38591918
vn -0.64724886 0.43787950 -0.62396353
vn -0.41254777 0.02095587 -0.91069490
vn -0.47182813 0.16658573 -0.86581028
vn -0.50003254 0.30142248 -0.81185710
vn -0.00606247 -0.25707662 -0.96637201
vn -0.16732426 -0.16199188 -0.97250259
vn -0.26983649 -0.00438255 -0.96289629
vn -0.33293837 0.15578523 -0.92999095
vn -0.21218570 -0.23390847 -0.94882250
vn -0.30453998 -0.19858783 -0.93156767
vn -0.20899741 -0.16405533 -0.96405703
vn -0.20247668 -0.10467190 -0.97367710
vn -0.20366447 -0.11784615 -0.97192240
vn -0.14214775 -0.10850104 -0.98388088
vn -0.21140794 0.05570021 -0.97580951
vn -0.16647904 0.01030579 -0.98599118
vn -0.10632290 -0.01696435 -0.99418694
vn 0.00645354 -0.30785954 -0.95140994
vn -0.10413017 -0.28204307 -0.95373404
vn 0.09429388 -0.25481254 -0.96238208
vn 0.21587142 -0.26603976 -0.93947983
vn 0.23733051 -0.23030819 -0.94373327
vn -0.00000012 -0.26022488 -0.96554804
vn -0.00000012 -0.23870254 -0.97109276
vn 0.01508812 -0.18136074 -0.98330086
vn 0.16504288 -0.17315739 -0.97096723
vn 0.22780548 -0.17333782 -0.95815384
vn -0.00000012 -0.18759602 -0.98224628
vn -0.10295656 -0.13644078 -0.98528367
vn -0.03649712 -0.09639400 -0.99467391
vn 0.05343793 -0.11739936 -0.99164599
vn 0.18234147 -0.11750907 -0.97618818
vn 0.07585188 -0.08571460 -0.99342817
vn 0.00151263 -0.03554989 -0.99936676
vn -0.08395468 0.14331219 -0.98611015
vn 0.02405046 0.09370108 -0.99530995
vn 0.08561293 -0.04630892 -0.99525177
vn -0.08272635 0.32003224 -0.94378793
vn 0.02470827 0.22695865 -0.97359103
vn 0.20960793 -0.12525837 -0.96972936
vn 0.17283326 -0.09280705 -0.98056895
vn 0.19528010 -0.10738202 -0.97485125
vn 0.15968390 -0.05836282 -0.98544145
vn 0.18403292 -0.06949672 -0.98046023
vn -0.00000012 -0.13374336 -0.99101603
vn -0.00000013 -0.11548395 -0.99330938
vn -0.00000013 -0.07389089 -0.99726635
vn 0.17226453 0.02244935 -0.98479497
vn 0.14842486 0.13635616 -0.97947794
vn -0.00000013 0.00917388 -0.99995792
vn -0.00000014 0.11736500 -0.99308884
vn -0.56945479 0.78698552 0.23743434
vn -0.62617952 0.77751058 -0.05810826
vn -0.38585550 0.89837599 0.20984793
vn -0.63100064 0.69542307 -0.34383857
vn -0.44594935 0.89478070 -0.02228784
vn -0.47848690 0.83380300 -0.27535954
vn -0.57891148 0.58712447 -0.56581479
vn -0.46140984 0.73680991 -0.49417824
vn -0.24505201 0.94917631 0.19751929
vn -0.28865236 0.95732719 0.01429931
vn -0.25399473 0.94076943 0.22458754
vn -0.25842854 0.86035186 0.43932861
vn -0.34198087 0.89933401 0.27248380
vn -0.29507646 0.95421135 0.04909757
vn -0.37408990 0.92565197 0.05679111
vn -0.33156171 0.92160165 -0.20178509
vn -0.35185102 0.83880216 -0.41546610
vn -0.30317655 0.86424559 -0.40145186
vn -0.31497842 0.93410110 -0.16805892
vn -0.30468553 0.83997422 -0.44901013
vn -0.35640967 0.91507620 -0.18870029
vn -0.78732508 0.09111477 0.60976827
vn -0.64674121 0.27964729 0.70959365
vn -0.80245650 -0.37948266 0.46049595
vn -0.73112947 -0.45881748 0.50491208
vn -0.67291355 0.36574221 0.64297748
vn -0.89068890 0.12772566 0.43630207
vn -0.83072859 -0.31988385 0.45559227
vn -0.70940351 -0.66840208 -0.22357416
vn -0.57603419 -0.81109101 -0.10156763
vn -0.47139066 0.22386134 0.85303986
vn -0.85809493 -0.28365937 0.42803091
vn -0.81815767 -0.46833035 -0.33359388
vn -0.03727594 -0.75816494 -0.65099663
vn -0.05587556 -0.54259801 -0.83813208
vn -0.06426910 -0.27231503 -0.96005940
vn -0.40280962 -0.91370666 0.05370805
vn 0.04437300 -0.90410024 -0.42501029
vn -0.34134737 0.34134746 0.87576479
vn 0.42603785 -0.02951766 -0.90422380
vn -0.47456938 0.82971412 0.29386798
vn -0.47979346 0.87655985 0.03796224
vn -0.73318505 0.29195890 0.61416590
vn -0.99284714 0.11146844 -0.04277266
vn -0.97374511 0.01833545 0.22690172
vn -0.64829433 0.76100993 -0.02405073
vn -0.86101758 0.47569335 -0.17990153
vn -0.92481154 0.21476513 -0.31400564
vn -0.98621070 -0.08866431 0.13973962
vn -0.99146748 -0.02624080 -0.12768681
vn -0.92166626 0.02462849 -0.38720125
vn -0.41711831 0.87564921 -0.24341483
vn -0.31514657 0.80956787 -0.49526012
vn -0.53543925 0.77951908 -0.32504585
vn -0.32182556 0.72218156 -0.61227620
vn -0.11840702 0.60546792 -0.78701246
vn -0.73051149 0.06588427 -0.67971492
vn -0.29428461 0.53006834 -0.79525107
vn -0.15154724 0.60106254 -0.78470200
vn -0.01776124 0.51141542 -0.85915017
vn -0.40873358 0.29066175 -0.86513168
vn -0.01485565 0.51647651 -0.85617262
vn -0.10948133 0.45868841 -0.88182694
vn -0.16853130 0.26541135 -0.94929135
vn 0.07060746 0.43689686 -0.89673626
vn -0.00000014 0.47788274 -0.87842363
vn -0.00000014 0.42701414 -0.90424496
vn -0.00000014 0.25612253 -0.96664435
vn -0.00000014 0.41222307 -0.91108292
vn -0.98536640 -0.09190344 -0.14355144
vn -0.86006916 -0.44484606 -0.24978644
vn -0.92322922 -0.08809068 -0.37401596
vn -0.82201672 -0.42904788 -0.37444159
vn -0.57406038 -0.79180741 -0.20855631
vn -0.44766402 -0.78226161 -0.43320194
vn 0.37070963 -0.07989943 -0.92530572
vn -0.65226370 -0.45671079 -0.60495239
vn -0.83975667 -0.48953852 -0.23486333
vn -0.87245023 -0.44687882 -0.19781284
vn -0.75709498 -0.55918586 -0.33781412
vn -0.81610948 -0.47424510 -0.33023760
vn -0.63117319 -0.63345915 -0.44760478
vn -0.65507185 -0.60046655 -0.45860741
vn -0.71279252 -0.48402467 -0.50758934
vn -0.52153444 -0.61268008 -0.59382230
vn -0.49947923 -0.66412044 -0.55629551
vn -0.56120932 -0.47161156 -0.68016666
vn -0.36572289 -0.68407488 -0.63110095
vn -0.38732463 -0.60549200 -0.69524032
vn -0.40344694 -0.44499180 -0.79950792
vn -0.44461119 0.08014102 -0.89213145
vn -0.18339522 0.08010692 -0.97976995
vn -0.00000013 -0.09693164 -0.99529105
vn -0.00000013 0.08103856 -0.99671108
vn -0.00000009 -0.53044581 -0.84771883
vn -0.24147552 -0.69518018 -0.67706293
vn -0.25431275 -0.59267241 -0.76424110
vn -0.11492354 -0.69762725 -0.70718372
vn -0.00000006 -0.69865960 -0.71545422
vn -0.12442910 -0.58500850 -0.80142528
vn -0.00000008 -0.58431607 -0.81152624
vn -0.00812537 0.41577411 -0.90943164
vn 0.07455844 0.34310591 -0.93633294
vn 0.11822141 0.29458797 -0.94828361
vn -0.00000014 0.28353885 -0.95896077
vn -0.26659998 -0.42315218 -0.86594844
vn -0.13926813 -0.41800508 -0.89770609
vn -0.00000010 -0.41930357 -0.90784609
vn -0.92132592 0.11391659 -0.37172788
vn -0.89377761 -0.19813240 -0.40237436
vn -0.89342982 -0.20088959 0.40177923
vn -0.89125985 -0.10632996 0.44085121
vn -0.60724044 -0.16421486 0.77736253
vn -0.08762798 -0.00000005 -0.99615330
vn -0.11666468 0.28220204 -0.95223492
vn -0.84489775 0.47953650 -0.23704971
vn -0.86850452 -0.02819822 0.49487853
vn -0.13405141 0.59050429 -0.79582340
vn -0.80142337 -0.06962460 0.59403116
vn -0.64796913 0.75908095 0.06270674
vn -0.98004895 -0.18428275 0.07445779
vn -0.95718765 -0.22122155 0.18668951
vn -0.92136389 -0.09817815 0.37609786
vn -0.92672217 -0.21079399 0.31104973
vn -0.79041129 -0.19446629 0.58088976
vn -0.44663754 -0.33641592 0.82905924
vn -0.32921615 0.01562385 0.94412535
vn -0.35987353 -0.22539452 0.90536642
vn -0.40254599 -0.23002630 0.88602746
vn 0.41121539 0.11653671 -0.90405816
vn 0.32374796 0.07150261 -0.94343770
vn 0.39212090 0.24700533 -0.88613182
vn 0.30980292 0.21238619 -0.92677629
vn -0.75032192 -0.35128713 -0.56001282
vn -0.83809686 -0.23568901 -0.49198002
vn -0.94106382 -0.28639722 -0.17993201
vn -0.99978465 -0.01459060 0.01475649
vn -0.99465841 0.10206185 0.01542809
vn -0.99044609 -0.01196598 -0.13738090
vn -0.92864221 -0.17539495 -0.32689494
vn -0.98106390 0.13124311 -0.14243980
vn -0.94169140 -0.01226466 -0.33625433
vn -0.92541379 0.16341221 -0.34191489
vn -0.81393105 -0.16228189 -0.55783582
vn -0.82910377 -0.00164185 -0.55909234
vn -0.80950886 0.18985124 -0.55556470
vn -0.92523730 0.34583560 -0.15599264
vn -0.80675805 0.57037401 -0.15432161
vn -0.86357409 0.36625770 -0.34654742
vn -0.75909328 0.56002909 -0.33188105
vn -0.90875733 -0.36855006 -0.19578342
vn -0.87679708 -0.33288270 -0.34701017
vn -0.77495402 -0.31089216 -0.55026567
vn -0.59883869 -0.29821447 -0.74327677
vn -0.62542075 -0.15105446 -0.76552695
vn -0.63759965 0.01784479 -0.77016121
vn -0.62506670 0.20697352 -0.75263113
vn -0.67194855 0.72615141 -0.14556549
vn -0.50353104 0.85183603 -0.14433280
vn -0.62433064 0.70570105 -0.33495876
vn -0.32934174 0.93389958 -0.13916035
vn -0.46822155 0.81097662 -0.35083550
vn -0.31260082 0.88210243 -0.35238627
vn -0.76557869 0.35845906 -0.53422517
vn -0.59508634 0.35786405 -0.71958709
vn -0.42608672 0.73182166 -0.53187132
vn -0.28371489 0.78229833 -0.55454057
vn -0.39204067 0.59140378 -0.70465994
vn -0.25352135 0.63181019 -0.73249090
vn -0.15943846 0.97832835 -0.13211006
vn -0.14685699 0.92409277 -0.35282511
vn -0.00000006 0.99151099 -0.13002287
vn -0.00000009 0.93518555 -0.35415813
vn -0.12995991 0.81395882 -0.56619924
vn -0.11392915 0.65623111 -0.74590951
vn -0.00000011 0.82328737 -0.56762481
vn -0.00000013 0.66280490 -0.74879217
vn -0.41406810 -0.28689361 -0.86385167
vn -0.42760095 -0.13921538 -0.89318335
vn -0.26883775 -0.27432042 -0.92329550
vn -0.26748100 -0.12743512 -0.95509917
vn -0.43215621 0.03496053 -0.90112084
vn -0.42157552 0.22641082 -0.87807316
vn -0.26243076 0.04894147 -0.96370900
vn -0.25405535 0.24700275 -0.93511802
vn -0.14380629 -0.26266834 -0.95410961
vn -0.12947114 -0.11322168 -0.98509800
vn -0.00000012 -0.25762653 -0.96624458
vn -0.00000013 -0.10396261 -0.99458122
vn -0.11436662 0.05810958 -0.99173766
vn -0.11229340 0.25731772 -0.95978010
vn -0.00000013 0.06189655 -0.99808258
vn -0.00000014 0.25860935 -0.96598208
vn -0.39866516 0.39962146 -0.82545078
vn -0.24551310 0.43884125 -0.86437368
vn -0.11074034 0.46272987 -0.87955534
vn -0.00000014 0.47097617 -0.88214594
vn -0.81537056 -0.25197744 0.52122766
vn -0.73895115 0.42075095 0.52623183
vn -0.82184178 0.42669472 0.37750193
vn -0.92442495 -0.25429171 0.28420845
vn -0.45161751 0.43115154 0.78112113
vn -0.44893101 -0.32780010 0.83126897
vn -0.24861777 -0.80423075 0.53981680
vn -0.42800364 -0.85600746 0.28993809
vn -0.51545972 -0.85247487 0.08710815
vn -0.25540197 0.86764222 0.42657566
vn -0.34667051 0.84685045 0.40331611
vn -0.41791025 0.80691469 0.41742036
vn -0.56036401 -0.82406485 0.08312317
vn -0.93806034 -0.24525134 0.24473405
vn -0.86070848 0.34301478 0.37619412
vn -0.47969776 0.76016283 0.43822661
vn 0.17645301 0.52935886 0.82984555
vn 0.20516172 -0.41159350 0.88797492
vn 0.13194291 -0.89061403 0.43519849
vn 0.07389114 0.94123244 0.32957792
vn 0.06064785 -0.99523461 0.07635517
vn -0.01801764 -0.99752426 -0.06797574
vn 0.54822558 -0.83284646 -0.07625923
vn 0.48559740 -0.85653991 -0.17474151
vn 0.05740421 0.94250828 0.32921553
vn 0.01070315 0.91755050 0.39747545
vn 0.46677825 0.86964089 0.16075756
vn 0.96651882 -0.15602991 -0.20370589
vn -0.80619055 -0.58953995 0.04999645
vn -0.65241474 -0.71722424 0.24483570
vn -0.87413967 -0.19178890 0.44620278
vn -0.95359212 -0.08901296 0.28764373
vn -0.80042398 0.13653289 0.58367819
vn -0.88202196 0.21422093 0.41969833
vn -0.27039018 -0.09914309 0.95763242
vn -0.34471565 -0.50255924 0.79284632
vn -0.32053649 -0.81330180 0.48558909
vn 0.91756696 0.36654559 -0.15399739
vn -0.07316709 0.54352766 0.83619630
vn -0.21710008 0.70248657 0.67777592
vn -0.30930158 0.72547579 0.61483133
vn 0.94501400 -0.15763173 -0.28653273
vn 0.17354217 -0.92605644 0.33511576
vn -0.02721511 -0.99879581 -0.04082267
vn -0.15302463 -0.93585312 -0.31743121
vn -0.98128235 -0.04772637 0.18656671
vn -0.85365134 -0.52064490 0.01443385
vn -0.10044117 -0.95562607 -0.27693066
vn -0.92294759 0.23049974 0.30828169
vn -0.42834878 0.75846297 0.49117333
vn 0.32908043 -0.61114913 0.71986312
vn 0.41122887 -0.16372989 0.89670706
vn 0.78470069 -0.50124043 0.36469561
vn 0.58396989 -0.80248761 0.12244526
vn 0.35405937 0.61584872 0.70382696
vn 0.26959041 0.78168315 0.56239897
vn 0.24069394 0.80037975 0.54905266
vn 0.70765251 0.62403500 0.33137327
vn 0.68992209 0.64195967 0.33450755
vn 0.31911370 -0.82086492 -0.47365308
vn 0.41771954 -0.88564575 -0.20283498
vn 0.17071484 0.88592011 0.43127948
vn 0.62388742 0.73942208 0.25302088
vn -0.10210839 -0.99476302 0.00453821
vn -0.92984623 -0.21447995 0.29897213
vn -0.60874861 -0.77193981 0.18312299
vn -0.19891836 -0.97491884 0.09982360
vn -0.88022423 0.29183906 0.37421310
vn -0.53964198 0.72622770 0.42588714
vn -0.06171679 0.90172809 0.42787555
vn -0.15494548 0.87623262 0.45629871
vn -0.68494248 -0.72817814 0.02470616
vn -0.97537881 -0.18535802 0.11949304
vn -0.93411392 0.28285825 0.21776690
vn -0.97781545 -0.19401616 -0.07895991
vn -0.74219006 -0.65412843 -0.14584237
vn -0.39298365 -0.91117847 -0.12376519
vn -0.29804811 -0.95438516 -0.01778528
vn -0.97618377 0.19535805 0.09434231
vn -0.08855004 -0.99312669 -0.07653923
vn -0.64768094 0.67396826 0.35535362
vn -0.77399141 0.53294992 0.34190887
vn -0.28554270 0.83151913 0.47648850
vn -0.42305720 0.73085845 0.53560126
vn -0.45481381 -0.88845152 -0.06163208
vn -0.78151315 -0.61946368 -0.07417512
vn -0.96429366 -0.26448864 -0.01354828
vn -0.98963821 0.03182113 0.14001325
vn -0.13318582 -0.99053615 -0.03316160
vn -0.86579466 0.34579575 0.36169723
vn -0.78551245 -0.60989124 0.10489459
vn -0.46197578 -0.88402379 0.07127637
vn -0.94416010 -0.30617806 0.12172392
vn -0.44692776 -0.88366729 0.13924053
vn -0.77796394 -0.59376359 0.20546770
vn -0.93707478 -0.28185457 0.20603110
vn -0.15156765 -0.98790169 0.03282546
vn -0.14186861 -0.98832184 0.05561733
vn -0.98197955 -0.06722894 0.17662518
vn -0.92618847 0.19751133 0.32119209
vn -0.97801358 -0.08120761 0.19208016
vn -0.54941988 0.61910242 0.56111497
vn -0.00456915 0.85839659 0.51296651
vn -0.05060243 0.79848528 0.59988403
vn -0.13476558 0.75678051 0.63962620
vn -0.68413419 0.49913764 0.53181016
vn -0.21357347 0.73254436 0.64634758
vn -0.24208514 0.66154492 0.70975572
vn -0.01279389 -0.99830246 -0.05682003
vn 0.10598078 0.90206891 0.41837755
vn 0.16257890 0.88229716 0.44172367
vn 0.21297354 0.85857791 0.46635419
vn 0.34051326 -0.87020057 -0.35609230
vn -0.56373167 -0.80533093 -0.18343638
vn -0.29670221 -0.95410144 0.04072392
vn 0.25754353 -0.91310859 0.31607604
vn -0.43864575 -0.89793372 -0.03612367
vn -0.63972944 -0.76248199 -0.09678552
vn -0.65716898 -0.75170910 -0.05534043
vn -0.47720680 -0.85897237 0.18558055
vn 0.01977211 -0.99759012 0.06650605
vn -0.20969765 -0.92092216 -0.32852623
vn -0.08857603 -0.96302891 -0.25442052
vn -0.45050421 0.79037833 0.41514823
vn 0.08745273 0.94254613 0.32242671
vn 0.51911241 0.83197027 0.19582577
vn 0.32786009 0.88493210 0.33076143
vn 0.55184573 0.76735950 0.32653585
vn 0.74516249 0.58593976 0.31844538
vn -0.13067476 0.89487410 0.42676067
vn -0.11463679 0.79708421 0.59288728
vn 0.07924938 -0.99662048 0.02161349
vn 0.09389902 -0.99550104 0.01267747
vn 0.26444259 0.91587442 0.30206650
vn 0.24589294 0.79162329 0.55934727
vn -0.01012349 -0.99980897 -0.01672579
vn -0.00739929 -0.99989659 0.01233227
vn 0.04388525 -0.99781126 -0.04946708
vn 0.04456044 -0.99849093 -0.03210035
vn 0.07012679 -0.99712217 -0.02880624
vn 0.26674089 -0.95792323 -0.10598299
vn 0.29055369 -0.94645971 -0.14068630
vn 0.32176718 -0.93396056 -0.15551084
vn 0.24361961 0.77342802 0.58519971
vn 0.43871966 0.76938885 0.46429062
vn 0.49476767 0.74289060 0.45090866
vn 0.23899682 0.79200017 0.56179750
vn 0.27859482 0.73881483 0.61362666
vn 0.55049193 0.73991376 0.38663471
vn 0.63373113 0.67430609 0.37907290
vn 0.54172707 0.79118103 0.28383893
vn 0.61793888 0.72106296 0.31340045
vn 0.68820095 0.67644525 0.26229995
vn 0.74795592 0.64117134 0.17164290
vn 0.82664353 0.56243849 0.01798623
vn 0.87988800 0.46762490 -0.08440404
vn 0.82154876 0.55867779 0.11374019
vn 0.01154769 -0.37175009 0.92826104
vn -0.48606813 -0.38702783 0.78354782
vn -0.49384931 -0.27150658 0.82607323
vn 0.53497988 -0.19749942 0.82145631
vn 0.51298279 -0.11920284 0.85008198
vn -0.46790078 -0.20298566 0.86015445
vn 0.00764195 -0.18175107 0.98331487
vn 0.50709236 -0.08738344 0.85745054
vn -0.42717206 -0.15596944 0.89061642
vn 0.02266732 -0.13600308 0.99044907
vn 0.53155726 -0.06112802 0.84481376
vn 0.64507753 -0.53218883 0.54831570
vn -0.33348268 -0.81903368 0.46687594
vn -0.25865838 -0.51731694 0.81576914
vn 0.36816359 -0.66015518 0.65471429
vn 0.16984774 -0.94123918 0.29192567
vn 0.04889866 -0.99866033 -0.01692641
vn 0.49315602 -0.11417889 0.86241543
vn 0.77355748 0.55092388 0.31319630
vn -0.03453197 0.74737173 0.66350818
vn -0.03678178 0.73563665 0.67637694
vn 0.39438334 0.63539529 0.66387844
vn 0.35512537 0.75481546 0.55148864
vn 0.38224080 0.72648770 0.57105839
vn 0.70753336 0.54312724 0.45211658
vn 0.73154348 0.59898198 0.32567585
vn 0.90151280 -0.08259928 0.42479646
vn 0.75603902 -0.59144670 0.28034931
vn 0.50286919 -0.85810697 0.10380323
vn 0.90424687 -0.41409433 -0.10422794
vn 0.99639118 0.08303265 -0.01761311
vn 0.46191961 -0.87843680 -0.12238897
vn 0.20339069 -0.93510109 -0.29020378
vn 0.02120201 -0.93524462 -0.35336694
vn -0.22361310 -0.97431439 0.02662068
vn -0.49754152 -0.86739546 -0.00880594
vn -0.37604034 -0.91779351 0.12747140
vn 0.36207718 -0.61553097 0.70001560
vn 0.17021175 -0.95466548 0.24421678
vn -0.03987248 -0.47847137 0.87719756
vn -0.18128815 -0.87018365 0.45816493
vn 0.17471658 -0.94812828 0.26556909
vn -0.00401594 0.72689599 0.68673587
vn 0.48100173 0.59552586 0.64341778
vn 0.46349415 0.70854384 0.53210795
vn -0.32728976 -0.93151724 0.15860978
vn -0.45067590 -0.89268500 -0.00216661
vn 0.05584104 -0.99836940 -0.01184502
vn -0.04567393 -0.99112481 -0.12484208
vn -0.31023392 -0.94879895 0.05946160
vn 0.48828405 -0.86997074 0.06877236
vn 0.43006685 -0.89182281 -0.14033762
vn 0.16755855 -0.98531693 0.03278321
vn 0.77743363 0.58704180 0.22578514
vn 0.73992115 0.63260436 0.22875410
vn -0.04230424 0.81562650 0.57703030
vn 0.46787256 0.77823186 0.41886833
vn 0.35535392 0.79271257 0.49530858
vn 0.67549431 0.72929472 0.10879631
vn 0.66091156 0.73514438 0.15086013
vn -0.05304025 0.91132826 0.40824932
vn 0.39302224 0.87906748 0.26976666
vn -0.09038076 -0.99418873 -0.05848163
vn -0.11196496 -0.99323791 0.03070014
vn 0.10587920 -0.91681683 0.38501498
vn -0.05216539 -0.99474108 0.08814166
vn -0.07104775 -0.99632138 -0.04791590
vn 0.85105836 0.52506435 0.00267195
vn 0.81378847 0.43697596 0.38314536
vn 0.86131960 0.46584994 0.20276187
vn 0.84689403 -0.48519966 -0.21760480
vn 0.93898839 -0.28290033 -0.19562268
vn 0.99209493 0.05511643 -0.11273818
vn 0.62198889 -0.68075943 0.38690642
vn 0.34810230 -0.62161100 0.70172977
vn 0.49437416 -0.17047375 0.85236901
vn 0.36009604 -0.93270773 0.01967737
vn 0.37762752 -0.88742453 0.26433918
vn 0.65805495 -0.65122390 0.37798303
vn 0.84203219 -0.22895129 0.48842940
vn 0.50578254 0.53435773 0.67723405
vn 0.26124871 0.74937105 0.60843420
vn 0.89698529 0.44203022 0.00516981
vn 0.21193713 0.85304683 0.47685841
vn 0.47940975 0.68928003 0.54319370
vn 0.75291044 0.39039803 0.52982569
vn 0.77156574 0.49235275 0.40283391
vn 0.44556904 0.80468434 0.39236665
vn 0.33561453 -0.93297619 -0.13007069
vn 0.32232663 -0.93446440 -0.15126731
vn 0.77660751 -0.62502360 0.07890657
vn 0.79663467 -0.59497601 -0.10666247
vn 0.78496170 0.59043372 0.18767832
vn 0.97243237 -0.11229005 0.20436786
vn 0.99688518 0.07874060 -0.00445715
vn 0.81100792 -0.55741471 -0.17763776
vn 0.97808933 0.17730309 -0.10910970
vn 0.75302732 0.65701640 0.03576867
vn 0.72280651 0.69098109 -0.00979259
vn 0.74270242 0.66782415 -0.04903218
vn 0.79714316 0.59217155 -0.11787970
vn 0.79264969 -0.57575279 -0.20053728
vn 0.78265017 -0.54538524 -0.30002269
vn 0.79471755 -0.48951897 -0.35888055
vn 0.81372607 -0.55842346 -0.16128641
vn 0.95559424 0.25287127 -0.15131393
vn 0.92838162 0.30694973 -0.20949802
vn 0.90267664 0.31226218 -0.29608652
vn 0.89670336 0.28077358 -0.34218335
vn 0.85112768 0.48828873 -0.19275835
vn 0.88524437 0.38778004 -0.25684443
vn -0.42793390 -0.45343319 0.78183818
vn -0.63566774 -0.40526679 0.65702772
vn -0.76515967 -0.33704165 0.54857415
vn 0.04888798 -0.42824230 0.90234071
vn -0.78221774 -0.23808524 0.57571769
vn -0.41162264 -0.31250104 0.85610157
vn -0.66308677 -0.29528540 0.68783909
vn -0.80813575 -0.28553352 0.51515752
vn -0.64790648 -0.22063103 0.72906739
vn -0.79992449 -0.23660709 0.55148721
vn -0.39030477 -0.17346881 0.90419620
vn 0.06862400 -0.27829906 0.95803988
vn 0.07578517 -0.12435631 0.98933923
vn -0.59334689 -0.23332283 0.77038962
vn -0.71718806 -0.26770622 0.64340872
vn -0.93246228 -0.24758002 0.26309359
vn -0.92803377 -0.21215518 0.30617592
vn -0.91120458 -0.24234943 0.33312643
vn -0.35637379 -0.18509509 0.91582614
vn 0.08538611 -0.13753441 0.98680979
vn -0.37518224 -0.25065261 0.89241892
vn 0.07420230 -0.22745450 0.97095752
vn -0.89949936 -0.25784376 0.35272893
vn -0.69326657 -0.26555213 0.66997278
vn -0.66867018 -0.27470967 0.69095206
vn -0.88531834 -0.26794440 0.38002297
vn -0.97182029 -0.23141685 0.04485052
vn -0.97877139 -0.20379619 0.02176589
vn -0.96692228 -0.24770644 0.06085144
vn -0.66286850 -0.28294277 0.69321626
vn -0.88079971 -0.25935620 0.39613917
vn -0.96820349 -0.23713270 0.07968766
vn -0.37708256 -0.25297028 0.89096284
vn -0.35976660 -0.26605439 0.89430594
vn 0.04476842 -0.24374893 0.96880454
vn 0.02967497 -0.24291784 0.96959287
vn -0.33823529 -0.27336311 0.90048295
vn 0.04651856 -0.22416213 0.97344100
vn 0.51730490 -0.28553069 0.80676383
vn 0.50784403 -0.17724545 0.84301746
vn 0.49081671 -0.08031207 0.86755341
vn 0.81466562 0.01920093 0.57961303
vn 0.81923205 0.02795166 0.57278055
vn 0.84782392 -0.00582137 0.53024590
vn 0.76724273 -0.13116340 0.62780172
vn 0.78524512 -0.07211849 0.61497074
vn 0.90407199 -0.01760221 0.42701784
vn 0.48705322 -0.12421348 0.86449420
vn 0.52206641 -0.20619094 0.82760614
vn 0.77241057 -0.06888121 0.63137746
vn 0.74031782 -0.12058306 0.66135412
vn 0.84539050 -0.14970142 0.51274222
vn 0.89962429 -0.06750143 0.43141598
vn 0.98225874 0.03346510 0.18452059
vn 0.98345631 -0.03044602 0.17856847
vn 0.97919416 -0.09920215 0.17702448
vn 0.51984072 -0.21686596 0.82627767
vn 0.50072968 -0.19547562 0.84324318
vn 0.49758008 -0.15973142 0.85258430
vn 0.83210123 -0.17314440 0.52690464
vn 0.82803178 -0.13468261 0.54426455
vn 0.83139932 -0.09493034 0.54750669
vn 0.97603720 -0.13174871 0.17318724
vn 0.97974175 -0.08105105 0.18313116
vn 0.98055333 -0.04750060 0.19041757
vn -0.88879001 -0.22179946 0.40107027
vn -0.67197645 -0.23496100 0.70231122
vn -0.67262733 -0.16729759 0.72082180
vn -0.90370983 -0.16508140 0.39504039
vn -0.31710517 -0.20736475 0.92544270
vn -0.30489150 -0.12388570 0.94429529
vn -0.65811718 -0.12398192 0.74263734
vn -0.29256254 -0.05740455 0.95452183
vn -0.97488445 -0.20070578 0.09652723
vn -0.98685074 -0.13071314 0.09507756
vn -0.99512666 -0.06574000 0.07349294
vn 0.06916062 -0.15385996 0.98566926
vn 0.07883465 -0.07172391 0.99430418
vn 0.08195168 0.01244839 0.99655855
vn 0.50368065 -0.09472628 0.85868084
vn 0.50817001 -0.01449423 0.86113483
vn 0.49837735 0.06175040 0.86475831
vn 0.20237407 -0.67235446 0.71202821
vn 0.21049406 -0.33004934 0.92019546
vn 0.12745303 -0.92163950 0.36651930
vn -0.38953125 -0.75176513 0.53208518
vn -0.19628221 -0.44089174 0.87583560
vn 0.02303064 -0.11723264 0.99283749
vn -0.57884312 -0.14691648 0.80209500
vn -0.23853232 -0.01380974 0.97103637
vn 0.20292239 -0.16233775 0.96564436
vn 0.18817289 -0.09076172 0.97793317
vn 0.22993757 -0.11151063 0.96679586
vn 0.29240751 -0.08757696 0.95227522
vn -0.58598787 -0.79028505 0.17907533
vn 0.01085347 -0.99580121 0.09089743
vn -0.15129612 -0.98543340 -0.07765637
vn -0.74114537 -0.67030627 -0.03732374
vn 0.07504392 0.08639733 0.99343038
vn 0.12054379 0.08950243 0.98866504
vn 0.45628291 0.13076647 0.88017386
vn 0.25508273 0.00643664 0.96689790
vn 0.41984761 0.18269046 0.88901752
vn 0.46009955 0.13213716 0.87797964
vn 0.83389539 -0.04201283 0.55032134
vn 0.83130354 0.02740860 0.55514246
vn 0.82463920 0.09371298 0.55784231
vn 0.97973675 -0.01609051 0.19964209
vn 0.98289394 -0.04651709 -0.17820123
vn 0.98436683 -0.02180736 -0.17477535
vn 0.98345745 0.00092039 -0.18113761
vn 0.97783655 0.04679465 0.20407334
vn 0.97872144 0.05757845 -0.19694956
vn 0.80998188 0.16124411 0.56385255
vn 0.78484088 0.22972375 0.57554495
vn 0.77744836 0.22492060 0.58735406
vn 0.97296768 0.11836072 0.19830491
vn 0.96296793 0.18933678 0.19194937
vn 0.95050424 0.24497329 0.19112763
vn 0.97414464 0.11183394 -0.19630432
vn 0.97133034 0.16861854 -0.16758655
vn 0.96311790 0.23220874 -0.13595258
vn -0.58221990 -0.04369189 0.81185663
vn -0.56861955 -0.28098458 0.77312332
vn -0.01361635 -0.41530281 0.90958130
vn 0.01085063 -0.03978509 0.99914944
vn 0.03327246 -0.01606246 0.99931723
vn -0.63027102 0.01216740 0.77627999
vn -0.81196237 -0.57572949 0.09619080
vn -0.98553896 -0.07446298 0.15221116
vn -0.99345064 0.02240862 0.11204343
vn 0.03855572 0.16360083 0.98577291
vn -0.65165210 0.14938207 0.74366295
vn -0.99667668 0.04679229 0.06667921
vn 0.01310410 0.14496280 0.98935032
vn -0.63667554 0.10928633 0.76334852
vn -0.99361295 -0.03905033 0.10586980
vn -0.05163687 -0.99733007 -0.05163686
vn 0.66408950 -0.07754331 0.74362099
vn 0.63649911 -0.33607140 0.69420815
vn 0.77848715 -0.62547404 -0.05234662
vn 0.69576758 -0.01874115 0.71802253
vn 0.98509902 -0.17198521 -0.00101779
vn 0.99860185 -0.05217478 0.00849345
vn 0.71617842 0.09916321 0.69083655
vn 0.67635715 0.05881372 0.73422205
vn -0.60513592 0.11107977 0.78833479
vn 0.58365583 -0.00334148 0.81199425
vn 0.99980968 0.00000004 0.01950835
vn -0.74345994 -0.18305276 -0.64324099
vn -0.65039414 -0.51158094 -0.56149125
vn -0.08140897 -0.65127128 -0.75446564
vn -0.07765411 -0.25438383 -0.96398067
vn -0.74980974 -0.05029931 -0.65973878
vn -0.06269363 -0.12538706 -0.99012506
vn -0.74096167 -0.09777401 -0.66439158
vn -0.97658956 -0.10045866 0.19021277
vn -0.05050406 -0.19239600 -0.98001689
vn 0.51135188 -0.55743307 -0.65405488
vn 0.61541086 -0.26191887 -0.74341643
vn 0.65696895 -0.12413320 -0.74362814
vn 0.69897932 -0.13876797 -0.70154929
vn 0.75696844 -0.27829725 -0.59122711
vn 0.77948338 -0.48828688 -0.39240515
vn 0.74582773 -0.57326359 0.33927840
vn 0.46938303 -0.88244003 0.03129217
vn -0.76305270 -0.34143847 0.54878992
vn -0.89414150 -0.44227389 0.07003483
vn -0.93577039 -0.33724657 0.10294908
vn -0.78779256 -0.25581133 0.56030655
vn -0.36016873 -0.80345356 0.47406846
vn -0.43547991 -0.11220275 0.89317846
vn -0.36912400 -0.19083017 0.90957755
vn 0.04793456 -0.49448141 0.86786544
vn -0.65949190 -0.50174302 -0.55975384
vn -0.93393528 -0.34673414 -0.08683520
vn -0.77890843 -0.22810891 0.58418149
vn -0.90554863 -0.42120478 0.05067763
vn -0.54302007 0.26975390 0.79521209
vn 0.07640338 0.28536952 0.95536739
vn 0.51231307 0.09201743 0.85385489
vn -0.96410722 0.00596506 0.26544651
vn -0.94308662 -0.25286964 -0.21597391
vn -0.94902146 0.04403809 0.31212029
vn -0.49983367 0.26910293 0.82325566
vn 0.12880176 0.26946124 0.95435882
vn -0.95081520 -0.25644642 -0.17374082
vn -0.71245712 -0.52790499 -0.46229991
vn -0.51114058 0.35009080 0.78496611
vn -0.95485234 0.14327316 0.26024953
vn -0.94918042 0.27567643 0.15185224
vn -0.54867572 0.49460918 0.67403024
vn 0.13018562 0.31103438 0.94144005
vn 0.06471833 0.45573837 0.88775790
vn -0.97099394 -0.15702046 -0.18032007
vn -0.96978980 -0.02972706 -0.24212418
vn -0.62555152 0.48338076 0.61239552
vn -0.95272613 0.26548055 0.14775993
vn -0.97519559 -0.06767834 -0.21074492
vn -0.82795393 -0.40355313 -0.38940620
vn -0.74702853 -0.57512826 -0.33343065
vn 0.76407784 -0.22720024 0.60379243
vn 0.40731436 -0.14711614 0.90136111
vn 0.48232821 0.34268212 0.80618143
vn -0.87120759 -0.44852906 -0.19954768
vn -0.93394220 -0.33597076 -0.12196571
vn -0.68247890 0.29690081 0.66788661
vn -0.96013188 0.10952693 0.25719777
vn -0.99641412 -0.07199785 -0.04444296
vn -0.66684556 -0.06210386 0.74260366
vn -0.67628580 -0.12237832 0.72640282
vn -0.19577865 0.15787065 0.96785730
vn -0.18355231 0.13696079 0.97342205
vn -0.17817836 0.09611176 0.97929311
vn -0.66343170 -0.17796199 0.72676545
vn -0.86875385 -0.39904490 0.29330853
vn -0.08157355 0.51813614 0.85139930
vn 0.39135441 0.45395491 0.80047905
vn -0.17783715 0.39768788 0.90012127
vn 0.32505700 0.42222071 0.84620792
vn 0.66271168 0.40868509 0.62752676
vn 0.62265813 0.42083105 0.65969545
vn -0.90097350 0.14058468 0.41046643
vn -0.93057728 -0.18611550 0.31525692
vn -0.47626665 -0.51609391 0.71191102
vn -0.33718675 -0.10408338 0.93566650
vn 0.62060392 -0.75242662 0.22069202
vn 0.28263989 -0.58774090 0.75807351
vn -0.40701294 -0.90734106 -0.10522765
vn 0.40365738 -0.37001905 0.83674777
vn -0.91335112 -0.26366279 -0.31027704
vn -0.92295969 0.20151120 -0.32793096
vn 0.82718754 -0.47999638 0.29217163
vn -0.53072375 -0.26064014 -0.80647326
vn 0.06349044 -0.57827866 -0.81336510
vn 0.68916208 -0.61968249 -0.37556523
vn -0.28651360 -0.02059900 0.95785475
vn -0.87693459 0.20368674 0.43531302
vn -0.89977235 0.28516904 -0.33028525
vn 0.44916481 -0.25033921 0.85766047
vn 0.81737733 -0.43874705 -0.37335697
vn 0.87025750 -0.36589411 0.32980818
vn -0.27457571 -0.01481835 0.96145129
vn 0.47044978 -0.19824964 0.85986865
vn 0.89792496 -0.28105778 0.33872926
vn 0.87158191 -0.32187051 -0.36978957
vn 0.88778150 -0.24393995 -0.39030409
vn -0.87732637 0.12915424 0.46218786
vn -0.93257380 0.14786913 -0.32930362
vn -0.27742216 -0.00551689 0.96073228
vn -0.86805785 0.02591216 0.49578643
vn -0.95469701 -0.00265691 -0.29756775
vn -0.23182186 -0.00074538 0.97275800
vn -0.84792745 -0.07943925 0.52412641
vn -0.95165950 -0.12894627 -0.27877799
vn 0.47324270 -0.10702556 0.87440658
vn 0.93898994 -0.16484483 0.30186772
vn 0.49381161 0.02562562 0.86919129
vn -0.44200620 0.06919248 -0.89433938
vn 0.29009095 -0.19192341 -0.93755674
vn -0.42460042 0.16602954 -0.89002746
vn 0.32958153 -0.09620740 -0.93921256
vn -0.75556177 0.27228358 0.59580880
vn -0.86000729 -0.00000002 0.51028174
vn -0.42982772 -0.40882647 0.80505222
vn -0.21089546 -0.09239232 0.97313255
vn 0.29482567 -0.64767522 0.70256293
vn 0.44258380 -0.48817164 0.75220227
vn 0.49151671 -0.86618698 0.09017486
vn -0.61806411 -0.78380197 -0.06042515
vn -0.99026722 -0.00000005 -0.13917921
vn -0.89510661 0.42456713 -0.13611378
vn 0.77386326 -0.62367260 0.11030937
vn -0.16306469 -0.04569395 0.98555666
vn -0.72494262 0.31404781 0.61305153
vn -0.87158388 0.47339830 -0.12741925
vn 0.50814557 -0.39531848 0.76518732
vn 0.84828240 -0.51857257 0.10723560
vn 0.49631351 -0.67435616 -0.54673272
vn 0.67907786 -0.48908663 -0.54740083
vn 0.72985476 -0.39306533 -0.55929571
vn 0.89266723 -0.43738541 0.10880937
vn -0.47130874 0.06392236 -0.87964880
vn 0.34408671 -0.10157885 -0.93342710
vn -0.48196945 -0.03062989 -0.87565261
vn -0.45197642 -0.11624911 -0.88442266
vn -0.93797457 0.32312995 -0.12566155
vn 0.31453097 -0.07760088 -0.94606996
vn 0.87469429 -0.13953979 -0.46415362
vn 0.30128440 -0.06588091 -0.95125574
vn 0.86180836 -0.03933273 -0.50570679
vn -0.98801279 0.10002966 -0.11757867
vn -0.99238282 -0.07825246 -0.09514769
vn -0.72288412 -0.05974945 0.68838114
vn -0.05927132 -0.04170950 0.99737024
vn -0.55323941 0.21589822 -0.80455834
vn -0.57759702 0.07778520 -0.81260765
vn -0.56531447 -0.03346104 -0.82419658
vn 0.96804881 -0.00731350 0.25065535
vn 0.75852895 -0.33721054 -0.55760461
vn 0.62183291 -0.07383411 0.77966172
vn 0.95708877 -0.27198583 0.10002492
vn 0.79147881 -0.18580003 -0.58227110
vn 0.99207073 -0.09196333 0.08566440
vn 0.78446054 -0.04209626 -0.61874843
vn -0.20062661 0.00940441 0.97962272
vn -0.82086223 -0.11875903 0.55864251
vn -0.94254082 -0.24200378 -0.23032796
vn -0.79467827 -0.15508391 0.58688629
vn -0.91571105 -0.39067584 -0.09405145
vn 0.48927337 0.02597917 0.87174344
vn 0.44472325 0.05091648 0.89421964
vn 0.05651345 0.08856571 0.99446589
vn 0.11968768 0.02442608 0.99251109
vn 0.41062158 0.13453816 0.90182561
vn 0.41294080 0.21953815 0.88390207
vn -0.41578141 -0.23656528 -0.87815869
vn 0.32653433 -0.14386448 -0.93417257
vn 0.48491904 -0.51240444 -0.70872796
vn 0.10168212 -0.35830787 0.92804980
vn -0.68947583 -0.12759782 0.71298099
vn -0.75933474 -0.64766794 -0.06274602
vn -0.98181963 -0.17390168 -0.07608183
vn -0.79978430 -0.59366167 -0.08894323
vn -0.54735386 -0.10286701 -0.83055532
vn 0.86857098 -0.10734297 -0.48379949
vn 0.96118909 -0.25133562 -0.11378045
vn 0.71885633 -0.22284539 0.65847218
vn -0.04977182 -0.07051022 0.99626857
vn 0.58639765 -0.10013332 0.80381036
vn -0.93974841 -0.33516628 -0.06735384
vn 0.96574658 -0.04166228 0.25612077
vn 0.93751013 -0.05279617 0.34392956
vn 0.85507911 0.09500884 0.50971854
vn 0.96781170 -0.02262864 0.25065613
vn 0.75346220 0.27577704 0.59686005
vn 0.98705286 -0.11341705 0.11341698
vn 0.97595388 -0.15413336 0.15413328
vn 0.77400267 -0.07249196 -0.62901896
vn 0.91326118 -0.22312191 -0.34083813
vn 0.90261161 -0.01270160 0.43026853
vn 0.98887384 0.02456031 0.14671513
vn 0.99014920 0.01056565 -0.13961720
vn 0.71756440 0.30787396 0.62475187
vn 0.71555758 0.27502623 0.64213550
vn 0.70653409 0.31420147 0.63410330
vn 0.88534462 0.27257717 0.37665188
vn 0.86739051 0.30596685 0.39245135
vn 0.95707572 0.24449481 0.15565531
vn 0.97558129 0.21924484 0.01314682
vn 0.94323796 0.27575642 0.18509662
vn 0.82835704 0.38187695 0.40987146
vn 0.80548990 0.40044096 0.43684447
vn 0.91201574 0.34308481 0.22476716
vn 0.89317518 0.36775121 0.25883839
vn 0.81246704 0.32874909 0.48147836
vn 0.80202997 0.31333789 0.50849515
vn 0.91140360 0.32584774 0.25133035
vn 0.92758173 0.30721056 0.21263592
vn 0.16382678 -0.01502522 0.98637474
vn 0.29394722 -0.01199210 0.95574641
vn 0.13003200 0.06767907 0.98919725
vn 0.09258382 0.06172251 0.99379003
vn 0.28340581 0.05771460 0.95726192
vn 0.27716312 0.05938496 0.95898592
vn 0.36727908 -0.04348562 0.92909378
vn 0.39601231 0.01175147 0.91816998
vn 0.54144788 0.05200859 0.83912414
vn 0.59158975 0.08362138 0.80189097
vn 0.40780944 0.07992248 0.90956247
vn 0.43750444 0.08615573 0.89507949
vn 0.61270005 0.13603525 0.77851981
vn 0.08229946 -0.03173826 0.99610215
vn 0.28731209 -0.01581066 0.95770651
vn 0.08072832 -0.07811428 0.99367052
vn 0.28582212 -0.08109959 0.95484477
vn 0.07236318 -0.07507010 0.99454927
vn 0.25814396 -0.08860444 0.96203488
vn 0.47835538 0.01886216 0.87796378
vn 0.50114197 -0.07542995 0.86207139
vn 0.48200196 -0.10990164 0.86925024
vn 0.62925404 0.13015379 0.76622415
vn 0.66409492 0.07169666 0.74420267
vn 0.82495213 0.20862219 0.52529114
vn 0.85023254 0.21271284 0.48151645
vn 0.87016231 0.17358218 0.46117973
vn 0.88700229 0.11255509 0.44783735
vn 0.70170790 -0.04758904 0.71087366
vn 0.70202100 -0.11476749 0.70284772
vn 0.89813125 -0.02312067 0.43911922
vn 0.89228338 -0.11297510 0.43711206
vn 0.79986441 0.17898671 0.57287055
vn 0.94449389 0.26345074 0.19627835
vn 0.94557053 0.25999081 0.19570675
vn 0.94976127 0.29043892 -0.11661384
vn 0.95473772 0.27219439 -0.11994245
vn 0.93456489 0.30614266 0.18128793
vn 0.94620699 0.28542116 0.15240435
vn 0.93118250 0.34646145 -0.11341859
vn 0.92502648 0.35584784 -0.13303566
vn 0.97043163 0.21022935 0.11860131
vn 0.98691458 0.13049710 0.09471072
vn 0.94452882 0.26879668 -0.18871626
vn 0.96780992 0.13141833 -0.21464659
vn 0.99532652 -0.02294613 0.09380078
vn 0.98331118 -0.14362413 0.11167459
vn 0.98000228 -0.05829404 -0.19025661
vn 0.96728104 -0.21294360 -0.13792172
vn 0.06045261 -0.00681790 0.99814779
vn 0.21560445 -0.03138110 0.97597641
vn 0.43088511 -0.07482428 0.89929938
vn 0.03363879 0.03323824 0.99888122
vn 0.17177971 -0.00761709 0.98510599
vn 0.01216659 0.11978180 0.99272567
vn 0.14561459 0.10662039 0.98357946
vn 0.36105347 -0.06937562 0.92996109
vn 0.30241510 0.07234083 0.95042723
vn 0.66158450 -0.11712306 0.74066740
vn 0.81707901 -0.13026573 0.56161636
vn 0.59138542 -0.13708058 0.79465228
vn 0.52833515 0.01957893 0.84881014
vn 0.02241745 0.31549865 0.94866121
vn 0.13878697 0.31956571 0.93734521
vn 0.02644994 0.42482865 0.90488732
vn 0.13398792 0.42589369 0.89479709
vn 0.26661533 0.31169921 0.91200870
vn 0.24192090 0.42025921 0.87456071
vn 0.02229973 0.46863371 0.88311112
vn 0.13117579 0.47089535 0.87238210
vn 0.12858699 0.49625966 0.85859871
vn 0.21995129 0.46818185 0.85581964
vn 0.20700124 0.50075471 0.84047323
vn 0.44381195 0.27647936 0.85240257
vn 0.36884713 0.38913429 0.84411275
vn 0.93486768 -0.15090750 0.32132438
vn 0.96722049 -0.22216482 0.12299389
vn 0.95303512 -0.28430468 -0.10437899
vn 0.95478922 -0.12697510 0.26880279
vn 0.98879164 -0.05887090 0.13720521
vn 0.97243649 -0.20187359 0.11668049
vn 0.99710351 -0.03452393 0.06776915
vn 0.87840503 -0.32491636 0.35047707
vn 0.93311524 -0.18916124 0.30580059
vn -0.52538705 -0.29804119 0.79695666
vn 0.05409045 -0.12200367 0.99105477
vn 0.14529066 -0.10952141 0.98330855
vn 0.28677911 -0.09893696 0.95287418
vn -0.84339178 -0.34508955 0.41182950
vn -0.04315082 -0.13609141 0.98975611
vn -0.57833540 -0.30645415 0.75605172
vn -0.56087583 -0.33232975 0.75827134
vn -0.02086762 -0.15635239 0.98748088
vn -0.54687548 -0.31786290 0.77452606
vn 0.55018741 0.09432934 0.82969624
vn 0.52551597 0.09060624 0.84594530
vn 0.52676940 0.07467559 0.84672171
vn -0.84798825 -0.37248793 0.37705293
vn 0.61963236 0.08662679 0.78009719
vn 0.57919806 0.10584051 0.80828673
vn 0.84520543 0.25388879 0.47028533
vn 0.85687006 0.25546601 0.44778439
vn 0.88543200 0.18940255 0.42442530
vn 0.62170362 0.06921197 0.78018868
vn 0.41025245 -0.03105627 0.91144305
vn 0.40073243 0.01381048 0.91609102
vn 0.48245710 0.09426086 0.87083298
vn 0.33295473 0.44221890 0.83281678
vn 0.29772535 0.57467908 0.76230150
vn 0.48447782 0.22755474 0.84468937
vn 0.41866383 0.37940687 0.82508850
vn 0.65098506 0.05514796 0.75708467
vn 0.67180324 0.10684424 0.73298353
vn 0.68704474 0.20263284 0.69778907
vn 0.90258718 0.12689626 0.41138032
vn 0.89870489 0.18994714 0.39528421
vn 0.67813182 0.31635338 0.66336852
vn 0.61106181 0.49344391 0.61896414
vn 0.88619053 0.28399688 0.36607671
vn 0.85441256 0.39771619 0.33436686
vn 0.75368786 0.58918154 0.29123834
vn -0.15820910 -0.00427177 0.98739648
vn -0.15987831 0.01615102 0.98700470
vn 0.35366005 0.18282273 0.91733330
vn 0.32633892 0.14594555 0.93391800
vn 0.27771631 0.19996183 0.93962169
vn -0.17615351 0.04257881 0.98344147
vn -0.55826253 -0.17547834 0.81089473
vn -0.57471544 -0.22061318 0.78805584
vn -0.60343724 -0.21483968 0.76792407
vn -0.17073609 0.05077661 0.98400766
vn -0.63159508 -0.21167961 0.74584144
vn -0.85305381 -0.42239180 0.30640563
vn 0.37105805 0.26606876 0.88967609
vn 0.35748151 0.24453351 0.90133810
vn -0.85138202 -0.41868550 0.31599230
vn 0.78303874 0.31582084 0.53582412
vn 0.76079023 0.32135853 0.56385028
vn 0.76637667 0.26803765 0.58380014
vn 0.78103250 0.24927986 0.57257998
vn 0.76976389 0.29971161 0.56359267
vn -0.53764492 -0.07904622 0.83945805
vn -0.20010847 0.12440965 0.97184312
vn 0.21136297 0.27741382 0.93721253
vn 0.72510391 0.37015602 0.58069688
vn 0.23184998 -0.50385839 0.83208925
vn 0.14739886 -0.43560517 0.88798743
vn 0.33088627 -0.69969171 0.63320285
vn 0.26869336 -0.45030993 0.85148388
vn 0.42763793 -0.55151510 0.71621019
vn 0.55095685 -0.66887057 0.49905795
vn 0.12646954 -0.16307892 0.97847378
vn 0.11830946 -0.38690343 0.91449910
vn 0.10716444 -0.40454522 0.90821749
vn 0.06881193 0.55049485 0.83199781
vn 0.19313893 -0.36065710 0.91248226
vn 0.20382626 -0.32211804 0.92449707
vn 0.21252847 -0.17983161 0.96046460
vn 0.07627153 0.63305318 0.77034175
vn 0.24870159 -0.31027314 0.91753924
vn 0.36563888 -0.43361464 0.82358164
vn 0.55166680 -0.55296576 0.62441385
vn 0.22818643 -0.26621732 0.93651456
vn 0.23971707 -0.15201555 0.95886767
vn 0.26764229 -0.30028144 0.91553199
vn 0.22106397 -0.26159218 0.93952131
vn 0.24465182 -0.03914422 0.96882063
vn 0.38770655 -0.39931968 0.83079940
vn 0.20035106 -0.27047372 0.94164932
vn 0.27126446 -0.27528307 0.92229879
vn 0.33759013 -0.31925440 0.88549960
vn 0.56567872 -0.51305729 0.64558488
vn 0.49192211 -0.38625422 0.78026938
vn 0.67748994 -0.62185943 0.39280823
vn 0.69187969 -0.55768710 0.45857134
vn 0.65501523 -0.43204761 0.61991119
vn 0.43297717 -0.70242631 0.56491429
vn 0.41617581 -0.66343302 0.62181538
vn 0.39749974 -0.41890338 0.81640303
vn 0.38961646 -0.55763835 0.73296565
vn 0.63304538 -0.52717012 0.56687325
vn 0.61600733 -0.57076377 0.54292154
vn 0.50689083 -0.36123240 0.78267032
vn 0.61335963 -0.37399966 0.69563943
vn 0.71864086 -0.03485938 0.69450712
vn 0.46364793 0.03933987 0.88514572
vn 0.45952731 0.48837653 0.74183762
vn 0.74253815 0.35349002 0.56893045
vn 0.41725919 0.56668305 0.71046823
vn 0.71691298 0.42316771 0.55404413
vn 0.16443856 -0.49331525 0.85416627
vn 0.10575626 -0.93417960 0.34076995
vn 0.08998425 -0.94483465 -0.31494486
vn 0.16511825 -0.18454373 0.96885478
vn 0.17065738 -0.11269814 0.97886425
vn 0.14565791 -0.94330794 0.29825178
vn 0.24285600 -0.52456862 0.81599563
vn 0.23800054 -0.20473148 0.94944245
vn -0.70710665 -0.00000000 0.70710689
vn 0.23857541 -0.09952828 0.96601027
vn 0.19858095 -0.10692808 0.97423410
vn 0.23895065 -0.14141963 0.96067852
vn 0.25642759 -0.05975004 0.96471500
vn 0.29315779 -0.05769587 0.95432168
vn 0.26585490 -0.55069911 0.79123437
vn 0.19161516 -0.93982643 0.28286037
vn -0.14106916 0.98748386 0.07053453
vn 0.04139807 0.76586348 0.64166933
vn 0.26465276 -0.23314631 0.93573600
vn 0.24894285 -0.12660509 0.96020758
vn 0.22120512 -0.58667403 0.77902621
vn 0.24903397 -0.24481286 0.93704253
vn 0.17049183 -0.41202158 0.89508146
vn 0.25403902 -0.18968232 0.94841182
vn 0.20710468 -0.09039737 0.97413349
vn 0.25143620 -0.19545938 0.94793230
vn 0.20552063 -0.02065033 0.97843492
vn 0.45735037 -0.10009924 0.88363510
vn 0.17830563 0.01870342 0.98379743
vn 0.24048166 -0.08565090 0.96686745
vn 0.66700393 0.21198307 0.71426117
vn 0.60910571 0.31542975 0.72766364
vn 0.28227705 0.11968547 0.95183772
vn 0.41203827 0.09994990 0.90566796
vn 0.35846150 -0.21934830 0.90740943
vn 0.38822037 -0.04547476 0.92044401
vn 0.53846246 -0.23094690 0.81038368
vn 0.54916650 -0.03194164 0.83510232
vn 0.71836901 -0.25687960 0.64649749
vn 0.78532177 -0.45034319 0.42480671
vn 0.72977787 -0.01246850 0.68357062
vn 0.85717362 -0.25316772 0.44850805
vn -0.25665668 0.73309422 0.62984151
vn 0.10222903 0.61471134 0.78209925
vn -0.05709412 0.68869859 0.72279638
vn 0.09742340 0.78000349 0.61814499
vn 0.08923371 0.42571139 0.90044832
vn 0.19522864 0.12343258 0.97295952
vn 0.27673352 0.52198589 0.80681431
vn 0.43358719 0.13553715 0.89086020
vn 0.17074525 0.63403487 0.75421876
vn 0.14746864 0.83345342 0.53254914
vn 0.38233581 0.58232224 0.71744001
vn 0.62042004 0.17457856 0.76459229
vn 0.23128146 -0.07954670 0.96962941
vn 0.46109957 -0.07503895 0.88417000
vn 0.26566732 -0.24429587 0.93259871
vn 0.31558228 -0.51383793 0.79773343
vn 0.47721788 -0.21572368 0.85189575
vn 0.52346677 -0.45891884 0.71789706
vn 0.69552052 -0.07685302 0.71438420
vn 0.68817741 -0.19474097 0.69891912
vn 0.72778082 -0.37823597 0.57207751
vn 0.87412870 -0.04763089 0.48335344
vn 0.88674325 -0.15537618 0.43536726
vn 0.91150522 -0.24728069 0.32864955
vn 0.24464193 0.66239011 0.70808876
vn 0.26955962 0.71540749 0.64461595
vn 0.16574368 -0.98032266 -0.10722277
vn 0.37577567 -0.92588019 -0.03922401
vn 0.14889818 -0.97586995 -0.15971024
vn 0.17552491 -0.97327173 -0.14809909
vn 0.31105718 -0.93833852 -0.15087822
vn 0.65901226 -0.71415043 0.23599160
vn 0.54259849 -0.83841741 0.05141236
vn 0.71543139 -0.67779827 0.16955069
vn 0.75831079 -0.60305178 0.24757488
vn 0.77750248 -0.55143952 0.30233151
vn 0.52220768 -0.85195327 -0.03840414
vn 0.51471001 -0.84938568 -0.11669426
vn 0.74096715 -0.66511720 0.09266555
vn 0.80459732 -0.56869435 0.17090914
vn 0.28511351 -0.92374921 0.25572976
vn 0.52896315 -0.82809007 -0.18564703
vn 0.74918741 -0.66155297 0.03264800
vn 0.75253147 -0.65030807 -0.10390374
vn 0.53800142 -0.79201800 -0.28855145
vn 0.83139163 -0.52026355 0.19522756
vn 0.86058509 -0.43187758 0.26995391
vn 0.83482468 -0.53506017 0.12953143
vn 0.86984986 -0.47470027 0.13424182
vn 0.92112863 -0.35951713 0.14922975
vn 0.94998658 -0.16935687 0.26238099
vn 0.85647804 0.03568664 0.51494843
vn 0.59355706 0.15682174 0.78936493
vn 0.85752159 -0.50401258 0.10309342
vn 0.90206236 -0.41833735 0.10619506
vn 0.95360494 -0.28433323 0.09895578
vn 0.97978199 -0.09657642 0.17521548
vn 0.89596117 0.05473180 0.44074714
vn 0.75921851 -0.65040535 -0.02367045
vn 0.56321317 -0.71621573 -0.41209954
vn 0.79021317 -0.55420691 -0.26156810
vn 0.98686439 -0.14246616 0.07617250
vn 0.79147983 -0.59849674 -0.12394173
vn 0.64780331 -0.62740821 -0.43209937
vn 0.64476967 -0.58224112 -0.49524486
vn 0.86116201 -0.46191838 -0.21220621
vn 0.96439850 -0.24880315 0.08962537
vn 0.98638088 -0.12938823 0.10154511
vn 0.96590012 -0.25697815 0.03160940
vn 0.98700118 -0.14329089 0.07277606
vn 0.89138901 -0.43991274 0.10909827
vn 0.44883564 0.70657086 0.54708707
vn 0.29384661 0.83472145 0.46571907
vn 0.36842561 0.43402061 0.82212448
vn 0.26705050 0.17231697 0.94815129
vn 0.38749072 0.12104010 0.91389292
vn 0.16320416 -0.10281350 0.98122060
vn 0.24981138 -0.09344079 0.96377552
vn 0.28190267 0.02866811 0.95901471
vn 0.29980281 0.02071181 0.95377642
vn 0.31989333 -0.08724354 0.94342834
vn 0.11947560 -0.14086911 0.98279268
vn 0.29287073 0.17303216 0.94036525
vn 0.33429366 0.04402424 0.94144028
vn 0.36077565 -0.05447244 0.93106061
vn -0.72723997 -0.39159083 0.56371874
vn -0.84820312 -0.38434207 0.36446244
vn -0.68673593 -0.65771902 0.30951494
vn -0.57161593 -0.67102754 0.47220469
vn -0.21560013 -0.61485988 0.75859350
vn -0.30147317 -0.31654692 0.89939535
vn -0.90438670 -0.16299997 0.39435482
vn -0.77686542 -0.15733984 0.60969204
vn -0.31925216 -0.14074560 0.93715996
vn 0.09423812 -0.25915444 0.96122742
vn 0.09218518 -0.58383858 0.80661923
vn 0.47256157 -0.58033860 0.66324407
vn 0.53662908 -0.22040111 0.81452602
vn 0.09782853 -0.14348161 0.98480588
vn 0.53835285 -0.13211104 0.83229989
vn 0.40228206 0.18206261 0.89723039
vn 0.79335392 -0.23800610 0.56030601
vn 0.69033885 -0.56317109 0.45417020
vn 0.77501291 -0.62674946 0.08087083
vn 0.94823331 -0.30628771 0.08391434
vn 0.81044322 -0.12032774 0.57332647
vn 0.99420154 -0.08396968 0.06717566
vn 0.42548719 0.07777239 0.90161651
vn 0.77720720 -0.61777997 -0.11957041
vn 0.93686104 -0.31004032 -0.16176029
vn 0.44940695 -0.02314536 0.89302725
vn -0.76597410 -0.03633079 0.64184409
vn -0.88504440 -0.04214500 0.46359485
vn -0.35339132 -0.04916748 0.93418264
vn -0.76091796 0.06742311 0.64533561
vn -0.87165111 0.08716510 0.48231378
vn -0.36070395 0.04007826 0.93181890
vn -0.74302876 0.26715645 0.61362505
vn -0.83631456 0.30411440 0.45617172
vn -0.33422279 0.17614453 0.92588782
vn -0.63890368 0.59768414 0.48433036
vn -0.60903186 0.58467066 0.53594816
vn -0.24506111 0.51383805 0.82214087
vn 0.08867645 -0.06727163 0.99378622
vn 0.53458619 -0.05804072 0.84311855
vn 0.09256224 0.03636374 0.99504268
vn 0.10303559 0.13439414 0.98555666
vn 0.52066815 0.03023240 0.85322368
vn 0.47602823 0.13741024 0.86862856
vn 0.81921881 -0.03901035 0.57215267
vn 0.80996054 0.03924925 0.58516955
vn 0.78397745 0.18016876 0.59406966
vn 0.62139052 0.52287734 0.58350074
vn 0.46693859 -0.11340983 0.87698722
vn 0.75991493 0.64117831 0.10686292
vn 0.94707376 0.29776993 0.11993496
vn 0.99403125 0.07540932 0.07883684
vn 0.72266328 0.68462849 -0.09508741
vn 0.93573064 0.33025792 -0.12384684
vn 0.07083271 0.11404050 0.99094778
vn 0.28456008 0.38541922 0.87776864
vn 0.40860561 0.03617169 0.91199398
vn -0.91104466 -0.12566137 0.39269179
vn -0.40246889 -0.91470218 0.03658818
vn -0.35342053 -0.91256362 0.20572254
vn -0.85143769 -0.12613894 0.50906080
vn -0.65377569 0.59540290 0.46698275
vn -0.70944130 0.61269921 0.34827125
vn -0.07042638 -0.66513920 0.74339092
vn -0.27636436 -0.05024805 0.95973849
vn 0.23569259 0.00000005 0.97182775
vn 0.32953024 -0.68408787 0.65071774
vn 0.16759977 -0.98420274 -0.05705521
vn -0.33453363 0.44604498 0.83013928
vn 0.01014738 0.58854365 0.80840182
vn 0.08842362 -0.97265959 -0.21474300
vn 0.10089728 -0.99455851 0.02594503
vn 0.33242583 -0.71699667 0.61270624
vn 0.36803672 -0.05018676 0.92845595
vn 0.21708427 0.62520254 0.74966413
vn 0.60014987 0.00285339 0.79988253
vn -0.12529281 -0.98788583 -0.09156010
vn -0.01869508 -0.99351305 0.11217088
vn 0.28485167 -0.71832132 0.63472360
vn 0.47138339 -0.09318036 0.87699211
vn 0.41212684 0.60641509 0.68000907
vn 0.30144948 -0.71118635 0.63509232
vn -0.05810984 -0.98786837 0.14401156
vn -0.18512169 -0.98114508 -0.05553644
vn -0.25099167 0.91666520 0.31101140
vn -0.31140289 0.93420851 0.17401923
vn 0.44109014 0.23682693 0.86565149
vn 0.46010613 0.38385880 0.80059654
vn -0.03336741 0.97718811 0.20973790
vn -0.09892979 0.99341965 0.05770899
vn 0.12704535 0.98520094 0.11505990
vn 0.05075954 0.99827188 -0.02960981
vn 0.66434342 0.19015162 0.72283483
vn 0.23548143 0.97046906 0.05232914
vn 0.14649521 0.98477370 -0.09359426
vn 0.67029440 0.32694432 0.66619283
vn 0.98317826 -0.06287764 -0.17148471
vn 0.62795740 0.11065674 0.77034062
vn 0.99895656 -0.00325388 0.04555489
vn 0.98389667 0.01150760 -0.17836738
vn 0.98370600 0.08731122 -0.15716027
vn 0.65460259 0.01214008 0.75587571
vn 0.64812064 -0.08005843 0.75731784
vn 0.54256868 -0.09042803 0.83512998
vn 0.53212750 0.57622641 0.62032527
vn 0.31804410 -0.72571850 0.61006618
vn -0.06530693 -0.98928005 0.13061404
vn -0.18246387 -0.98182958 -0.05213248
vn 0.60220939 -0.09140670 0.79308808
vn 0.64698207 0.56208390 0.51524353
vn -0.17329964 -0.96996105 0.17071322
vn 0.26922327 -0.74200529 0.61396015
vn 0.66234171 -0.12676388 0.73839992
vn -0.27103850 -0.96218693 0.02710394
vn 0.77176636 0.54844677 0.32184288
vn -0.32869956 -0.93828797 0.10757451
vn -0.24919863 -0.94695508 0.20291902
vn 0.21746320 -0.78387862 0.58158743
vn 0.74127448 -0.17748816 0.64730990
vn 0.86430174 0.49041843 0.11167930
vn 0.37755597 0.92501223 -0.04247514
vn 0.54086345 0.82526129 -0.16251309
vn 0.66236734 0.69040412 -0.29088104
vn 0.27461353 0.94499379 -0.17769121
vn 0.45760426 0.84983659 -0.26148826
vn 0.14831087 0.53550661 0.83140641
vn 0.32405820 0.52574337 0.78649873
vn 0.17217058 0.69172049 0.70134163
vn 0.35064748 0.66890287 0.65545040
vn 0.49007234 0.50374126 0.71138871
vn 0.64106703 0.45121711 0.62083507
vn 0.88320518 0.00333055 0.46897495
vn 0.97225088 -0.03555147 0.23122364
vn 0.95870453 -0.00876210 0.28426909
vn 0.98945272 -0.06912134 0.12730165
vn 0.98479396 -0.04579299 0.16758290
vn 0.20507587 -0.88866168 0.41015157
vn -0.10750793 -0.99060929 0.08447062
vn -0.16038382 -0.98697764 0.01233728
vn 0.61254632 0.69636852 -0.37397581
vn 0.79700547 0.41747910 -0.43645558
vn 0.71679860 0.42356288 -0.55389005
vn 0.89577287 -0.32573554 0.30246863
vn 0.94584358 0.31870818 -0.06168559
vn 0.75814247 -0.48737732 -0.43322435
vn 0.63551402 -0.47075117 -0.61197656
vn 0.83705300 0.24053647 0.49141094
vn 0.94378757 0.07979006 0.32077810
vn 0.91797280 0.17495824 0.35597128
vn 0.97568345 0.03306114 0.21667713
vn 0.95462096 0.12735489 0.26922026
vn 0.99002463 -0.09469480 0.10432780
vn 0.98797977 -0.07501639 0.13516107
vn 0.98640859 -0.00614197 0.16419657
vn 0.97461224 0.09321063 0.20357542
vn 0.51225084 0.61945671 0.59487182
vn 0.18651612 0.81388843 0.55027044
vn 0.37200919 0.77137440 0.51632440
vn 0.18315965 0.90967190 0.37275964
vn 0.37348062 0.85546625 0.35873377
vn 0.53057748 0.70543885 0.46993992
vn 0.54197395 0.77025658 0.33610898
vn 0.17254671 0.96322125 0.20599185
vn 0.35896355 0.91122657 0.20201853
vn 0.16736449 0.98447186 0.05295793
vn 0.34364739 0.93797487 0.04593025
vn 0.53705400 0.82151693 0.19152832
vn 0.52485979 0.85029227 0.03905731
vn 0.79139787 0.35393423 0.49841747
vn 0.87852597 0.27498007 0.39061251
vn 0.91796631 0.24810441 0.30948678
vn 0.68732291 0.65576470 0.31234580
vn 0.83195865 0.47854397 0.28078589
vn 0.93693316 0.25200158 0.24218102
vn 0.69006306 0.70248187 0.17416151
vn 0.84473449 0.51229846 0.15483519
vn 0.95263547 0.27036530 0.13924180
vn 0.98852956 0.08450656 0.12517229
vn 0.68725508 0.72618759 0.01822360
vn 0.83365542 0.55228454 0.00069702
vn 0.95175731 0.30680045 0.00560943
vn 0.99353582 -0.01873722 0.11196272
vn -0.93477756 -0.23685247 0.26474851
vn -0.97452199 -0.04903259 0.21886723
vn -0.94658965 -0.19126302 0.25958914
vn -0.76727307 -0.58679169 0.25878096
vn -0.76967680 -0.58814621 0.24835806
vn -0.42438728 -0.89266545 0.15180273
vn -0.40201688 -0.90007466 0.16807151
vn -0.98287076 -0.13379040 0.12674889
vn -0.79776460 -0.58338988 0.15240723
vn -0.40781686 -0.90685219 0.10632273
vn -0.98043364 0.01038894 0.19657575
vn -0.99494439 0.07994595 0.06078099
vn -0.12358709 -0.99046266 0.06091087
vn -0.09568297 -0.99423355 0.04842146
vn -0.10311563 -0.99206346 0.07195441
vn -0.96754956 0.03634634 0.25005394
vn -0.99698186 -0.05425583 -0.05552926
vn -0.26945665 0.46763438 0.84184992
vn -0.98467958 -0.07485504 -0.15748972
vn -0.82465494 -0.55413175 -0.11350015
vn -0.43448898 -0.89861012 -0.06098686
vn -0.97537237 0.13225944 -0.17651160
vn -0.96756393 0.15077156 -0.20270179
vn -0.84753984 -0.04651991 -0.52868903
vn -0.71647358 -0.51262087 -0.47316533
vn -0.38884258 -0.87169111 -0.29825500
vn -0.85017753 0.15971896 -0.50168538
vn -0.84915507 0.21274681 -0.48339885
vn -0.10791720 -0.99399495 -0.01811462
vn 0.00566346 -0.99972743 0.02265370
vn 0.01229222 -0.99958926 0.02589207
vn 0.01846220 -0.99975377 0.01230815
vn 0.02240953 -0.99946308 -0.02390341
vn -0.12498998 -0.98227435 -0.13969465
vn -0.01749420 -0.98502171 -0.17154050
vn -0.17874084 -0.87445515 -0.45097682
vn -0.95965219 0.02679982 -0.27990970
vn -0.93714017 -0.04713519 -0.34575510
vn -0.84785199 0.13274843 -0.51334667
vn -0.46073297 0.19408385 -0.86605805
vn -0.46946448 0.27847978 -0.83788562
vn -0.47699457 0.22054274 -0.85078615
vn -0.82830000 0.00530766 -0.56025970
vn -0.45252180 0.08399317 -0.88778889
vn -0.00457463 -0.99997038 0.00618931
vn 0.09520771 -0.99480152 -0.03613141
vn 0.11337520 -0.99351025 -0.00913446
vn 0.11715867 -0.99303329 -0.01260056
vn 0.35814953 -0.92298579 -0.14080539
vn 0.41838488 -0.89805967 -0.13580573
vn 0.39393750 -0.91213930 -0.11320418
vn 0.34839955 0.49799165 0.79411715
vn 0.91322434 0.38361472 -0.13733619
vn 0.93669891 0.30314204 -0.17521425
vn 0.91336918 0.24462448 -0.32544675
vn 0.94386739 0.20925465 -0.25559121
vn 0.91866732 0.27449980 -0.28407782
vn 0.98074830 0.17114258 -0.09403735
vn 0.90883964 0.31863704 -0.26922286
vn 0.98106730 0.19310667 0.01473060
vn 0.13640505 -0.98709041 -0.08394152
vn 0.12530112 -0.99131739 -0.03986850
vn 0.43381295 -0.88180500 -0.18500350
vn 0.41022557 -0.86961818 -0.27473482
vn 0.86764050 -0.31758788 -0.38254139
vn 0.88008946 -0.33278841 -0.33866560
vn 0.87449419 -0.37028489 -0.31328744
vn 0.89611882 0.20474009 -0.39376709
vn 0.88206816 0.24855280 -0.40022156
vn 0.91277146 0.20729518 -0.35196191
vn 0.89311385 0.17076498 -0.41615739
vn 0.91937631 0.21691583 -0.32816911
vn 0.78708851 -0.34776068 -0.50946462
vn 0.54679251 -0.40767929 -0.73131096
vn 0.84533000 0.18354262 -0.50172633
vn 0.82842332 0.27670458 -0.48697987
vn 0.81260312 0.22386338 -0.53810912
vn 0.65347928 0.11617412 -0.74797618
vn 0.68461728 0.28470984 -0.67099887
vn 0.70188320 0.28631470 -0.65221465
vn 0.68616253 0.17649689 -0.70571232
vn 0.76362056 0.09382369 -0.63881207
vn 0.74268842 0.05407784 -0.66744995
vn 0.64085197 0.06876998 -0.76457810
vn 0.27393809 0.31702742 -0.90799314
vn 0.32267556 0.24682060 -0.91376150
vn 0.32792050 0.11927306 -0.93714571
vn 0.91033638 0.06785472 -0.40826878
vn 0.91349024 0.10991637 -0.39173207
vn -0.76343417 0.16559702 0.62429637
vn -0.95079213 0.07286020 0.30114070
vn -0.30533108 0.23413743 0.92301279
vn -0.93748468 -0.07188787 0.34052145
vn -0.75404418 -0.00315676 0.65681618
vn -0.34127814 0.07138124 0.93724811
vn -0.99945539 -0.02049669 -0.02586468
vn -0.99302268 -0.11716770 0.01332930
vn -0.92541391 -0.14200874 0.35134435
vn -0.72885549 -0.08849857 0.67892390
vn -0.36653322 -0.03625052 0.92969853
vn -0.98600078 -0.16541465 0.02098699
vn 0.31587353 0.22515199 0.92169976
vn 0.23307346 0.09460163 0.96784681
vn 0.18212086 -0.00269139 0.98327249
vn -0.72932917 -0.11110175 0.67508173
vn -0.39353555 -0.06611778 0.91692871
vn -0.39752257 -0.13562071 0.90751463
vn -0.73829311 -0.17623861 0.65104789
vn 0.14298062 -0.03082673 0.98924530
vn 0.11607888 -0.09539139 0.98864865
vn 0.69211167 0.01425990 0.72164965
vn 0.67086196 -0.00977624 0.74151784
vn 0.64072108 -0.06486710 0.76502860
vn -0.93373406 -0.08324295 -0.34815416
vn -0.93272626 -0.14722724 -0.32915932
vn -0.93134046 -0.17229709 -0.32080948
vn -0.79919177 -0.07803385 -0.59598947
vn -0.76493853 -0.13544910 -0.62970054
vn -0.39879444 -0.00844909 -0.91700155
vn -0.33795270 -0.07908140 -0.93783480
vn -0.73775786 -0.15892997 -0.65609050
vn -0.29439276 -0.11931338 -0.94820738
vn -0.73237932 -0.17772087 -0.65729439
vn -0.28712225 -0.15882702 -0.94463485
vn -0.73313683 -0.21565600 -0.64498281
vn 0.74843967 0.18852033 0.63584441
vn 0.71879214 0.07358648 0.69131970
vn 0.92079049 0.17924483 0.34643361
vn 0.93673933 0.06082977 0.34470159
vn 0.93959659 0.01488244 0.34196019
vn 0.98258984 0.18357956 0.02856210
vn 0.99822068 0.05962246 0.00080831
vn 0.99997914 -0.00172943 -0.00622622
vn 0.93521309 -0.00760214 0.35400382
vn 0.92242247 -0.05633202 0.38205165
vn 0.99939251 -0.02684672 0.02222784
vn 0.99662369 -0.06363744 0.05187958
vn 0.30021548 0.03417085 -0.95325917
vn 0.28349304 -0.03825403 -0.95821100
vn 0.91551942 0.13761413 -0.37800339
vn 0.92189980 0.02761728 -0.38644308
vn 0.92157769 -0.04140963 -0.38597897
vn 0.68015707 -0.07392646 -0.72932929
vn 0.26207849 -0.08877144 -0.96095502
vn 0.92834169 -0.06248309 -0.36643907
vn 0.67486203 -0.09605057 -0.73166633
vn 0.25174570 -0.13024981 -0.95898861
vn 0.93273360 -0.07480818 -0.35272080
vn 0.67985225 -0.09538995 -0.72711879
vn -0.36579096 -0.51881105 -0.77267855
vn -0.44911450 -0.04350801 -0.89241427
vn 0.10054988 -0.48553860 -0.86841351
vn 0.16658981 0.01235521 -0.98594898
vn 0.22381029 0.24995118 -0.94203693
vn -0.28380257 -0.18176529 -0.94149745
vn 0.25930208 -0.13444847 -0.95639223
vn -0.74264526 -0.22341210 0.63132006
vn -0.94162697 -0.26497436 0.20767093
vn -0.94271654 -0.25642723 0.21337901
vn -0.73997366 -0.23578368 0.62995648
vn -0.95460641 -0.19431716 0.22576016
vn -0.74351376 -0.17065388 0.64657909
vn -0.39181674 -0.19646974 0.89882118
vn -0.39415258 -0.16932805 0.90331155
vn -0.40005985 -0.14244625 0.90535140
vn -0.94178182 -0.25363329 -0.22071961
vn -0.93264776 -0.25410053 -0.25612736
vn -0.72464925 -0.23429750 -0.64806485
vn -0.70475107 -0.19144404 -0.68313628
vn -0.94117808 -0.17730227 -0.28765920
vn -0.67518276 -0.10324658 -0.73038930
vn -0.75638878 -0.12861022 0.64135432
vn -0.96509695 -0.09582809 0.24373150
vn -0.77688605 -0.16143459 0.60859424
vn -0.96862286 -0.08545456 0.23338225
vn -0.96476877 -0.15038815 0.21588144
vn -0.95481747 -0.04771965 -0.29333714
vn -0.95748246 0.03120605 -0.28679880
vn -0.93964243 -0.25874215 0.22388516
vn -0.65803856 0.01904824 -0.75274330
vn -0.66634244 0.13537712 -0.73325360
vn -0.26032636 -0.18652666 -0.94733202
vn -0.25225472 -0.12986447 -0.95890719
vn -0.25560150 -0.03330747 -0.96620840
vn -0.25012228 0.07777546 -0.96508539
vn -0.24910487 0.19992746 -0.94761592
vn -0.22197506 0.26471716 -0.93843055
vn 0.09164412 -0.15281461 0.98399645
vn 0.06543373 -0.12775126 0.98964542
vn 0.61746603 -0.10098841 0.78008783
vn 0.04294470 -0.11338869 0.99262226
vn 0.59934336 -0.08405109 0.79606724
vn 0.56860697 -0.06724636 0.81985611
vn 0.90859318 -0.07007559 0.41176218
vn 0.99523503 -0.07028491 0.06758156
vn 0.90120476 -0.05085278 0.43039978
vn 0.88353872 -0.03446235 0.46708852
vn 0.99644697 -0.03875624 0.07477670
vn 0.93437594 -0.07917882 -0.34737948
vn 0.68752915 -0.10184035 -0.71898007
vn 0.94096422 -0.05136752 -0.33458585
vn 0.93995029 0.01171884 -0.34111044
vn 0.69742352 -0.08367594 -0.71175754
vn 0.69370252 0.00955170 -0.72019833
vn 0.84389484 -0.00343400 0.53649759
vn 0.95772851 0.12905096 0.25710300
vn 0.95895272 0.15653366 0.23644620
vn 0.97444385 0.21643044 -0.06014223
vn 0.96614742 0.24778450 -0.07184759
vn 0.92376667 0.13162768 -0.35962412
vn 0.67668998 0.14972855 -0.72088277
vn 0.90512699 0.25509942 -0.34010240
vn 0.89776707 0.30372608 -0.31900591
vn 0.66749984 0.27666059 -0.69130528
vn 0.66886586 0.35062224 -0.65550178
vn 0.26650485 -0.13655630 -0.95411092
vn 0.25764340 -0.10683224 -0.96031600
vn 0.23109709 -0.00470167 -0.97291934
vn 0.21758278 0.12829284 -0.96757370
vn 0.23079385 0.25618130 -0.93867213
vn 0.25701138 0.34323138 -0.90340322
vn 0.84910059 -0.41356874 -0.32861733
vn 0.81786805 -0.45085570 -0.35752073
vn 0.91547626 0.23370747 -0.32754242
vn 0.90304160 0.25151029 -0.34822208
vn -0.98443025 -0.17361633 -0.02746752
vn -0.98181522 -0.17402932 -0.07584763
vn -0.90714937 -0.06892715 -0.41512540
vn -0.90340769 -0.13052718 -0.40843266
vn -0.91537684 -0.18592404 -0.35709602
vn -0.72069126 0.05593324 -0.69099611
vn -0.14400703 0.27356145 -0.95101321
vn -0.43164694 0.17027672 -0.88582546
vn -0.09223353 0.24296734 -0.96563959
vn -0.67846519 -0.05032213 -0.73290706
vn -0.65310538 -0.14639959 -0.74298090
vn -0.38498303 0.04466045 -0.92184258
vn -0.33701560 -0.09227810 -0.93696606
vn -0.07291347 0.10189167 -0.99211991
vn -0.04962344 -0.04872112 -0.99757898
vn -0.93048352 -0.20634414 -0.30269217
vn -0.93687397 -0.21946000 -0.27222168
vn -0.94274718 -0.21202251 -0.25743780
vn -0.72595268 -0.18826596 -0.66147465
vn -0.68268591 -0.18232889 -0.70759887
vn -0.75052339 -0.17067629 -0.63842338
vn -0.33751157 -0.15810817 -0.92794824
vn -0.37083131 -0.15780424 -0.91519505
vn -0.40639061 -0.12990767 -0.90441734
vn -0.03425834 -0.12608574 -0.99142766
vn -0.03595052 -0.12736718 -0.99120390
vn 0.24142130 -0.02954978 -0.96997041
vn 0.24752948 -0.08842143 -0.96483725
vn 0.27258232 -0.09021839 -0.95789331
vn -0.05457854 -0.10425784 -0.99305159
vn 0.29886910 -0.06227072 -0.95226032
vn 0.27902493 0.34976378 -0.89432120
vn 0.28138158 0.27055931 -0.92066395
vn 0.26318771 0.10713289 -0.95877779
vn 0.65282685 0.24092425 -0.71817315
vn 0.66870743 0.33987623 -0.66129768
vn 0.62698007 0.07476896 -0.77543908
vn 0.89449221 0.26311049 -0.36146447
vn 0.87970847 0.16887400 -0.44451609
vn 0.87449974 0.04523764 -0.48291174
vn 0.97120047 0.11134946 0.21064411
vn 0.97598195 0.18831301 -0.10953310
vn 0.98422211 0.09846339 -0.14700949
vn 0.98686320 0.01708526 -0.16065228
vn 0.98585021 -0.05097975 -0.15968859
vn 0.60700613 -0.02689178 -0.79424214
vn 0.61163163 -0.04914370 -0.78961486
vn 0.63032728 -0.04920805 -0.77476853
vn 0.87787193 -0.02963166 -0.47797787
vn 0.87395364 -0.04435020 -0.48398155
vn 0.64325345 -0.01866034 -0.76542604
vn 0.87216139 -0.03285456 -0.48811388
vn 0.87320906 -0.00942476 -0.48725465
vn 0.98170227 -0.08416653 -0.17081179
vn -0.95177770 -0.17169684 -0.25424320
vn -0.96202403 -0.09168983 -0.25710490
vn -0.76429021 -0.12145728 -0.63333148
vn -0.78026837 -0.05546804 -0.62298036
vn -0.96946067 -0.04892343 -0.24031803
vn -0.44358033 -0.07625968 -0.89298433
vn -0.47601482 -0.03342846 -0.87880182
vn -0.44839352 -0.17134483 -0.87725949
vn -0.08059371 -0.04092867 -0.99590647
vn -0.09669565 -0.00641757 -0.99529332
vn 0.30914298 0.00160348 -0.95101422
vn -0.06015369 -0.15881231 -0.98547459
vn -0.26266930 -0.93682235 -0.23101664
vn -0.72761422 -0.65123487 -0.21557067
vn -0.32956532 -0.83514845 -0.44035661
vn -0.58049887 -0.68096381 -0.44644091
vn -0.33071020 -0.67950177 -0.65491086
vn -0.39618915 -0.62876701 -0.66909367
vn -0.26179773 -0.44508743 -0.85636401
vn -0.16075851 -0.38607395 -0.90835214
vn -0.30748150 -0.40131840 -0.86278540
vn 0.06053571 -0.35047951 -0.93461198
vn 0.29599127 0.02363606 -0.95489818
vn 0.32236296 -0.09569915 -0.94176632
vn 0.14669542 -0.23732507 -0.96029031
vn -0.27275869 -0.04031730 -0.96123731
vn -0.09168192 -0.00665437 -0.99576610
vn 0.16916230 0.06641609 -0.98334795
vn 0.40534917 -0.19371450 -0.89340192
vn 0.46770287 -0.07077603 -0.88104755
vn 0.46427026 0.15346470 -0.87229681
vn 0.63540435 0.02682708 -0.77171344
vn 0.86142528 0.02111630 -0.50744522
vn 0.62046134 0.04475642 -0.78295898
vn 0.63912445 -0.01248155 -0.76900214
vn 0.84556532 0.05724701 -0.53079385
vn 0.84923708 0.06185117 -0.52437657
vn 0.68867254 -0.04401045 -0.72373563
vn 0.87323332 0.07991093 -0.48070559
vn 0.72256345 0.06907019 -0.68784547
vn 0.88538182 0.17223911 -0.43177855
vn 0.71259290 0.21665977 -0.66728544
vn 0.87714458 0.25621063 -0.40616933
vn -0.17260939 -0.44326070 -0.87961698
vn -0.67809367 -0.00000006 -0.73497552
vn -0.54309916 0.27567080 -0.79312605
vn -0.80919051 0.08904967 0.58075893
vn -0.99321502 0.10621081 -0.04736418
vn -0.71783537 -0.69182688 -0.07802546
vn -0.41747320 -0.43759251 0.79638493
vn -0.09893286 -0.13633445 0.98571050
vn -0.67095685 0.32821178 0.66490144
vn -0.85120255 0.52457821 -0.01649608
vn -0.75256497 0.08237023 -0.65334606
vn -0.32353613 -0.42123753 -0.84727997
vn 0.29672173 -0.74368197 0.59907717
vn 0.37296903 -0.92734313 -0.03047607
vn 0.35014784 -0.70766735 -0.61368030
vn -0.58379942 0.36260819 -0.72642517
vn 0.05779270 -0.09993348 -0.99331433
vn -0.22747009 -0.52172059 0.82223183
vn -0.71054167 0.00692086 0.70362109
vn -0.99274123 0.01801704 0.11891287
vn -0.61818355 -0.78578973 0.01959044
vn -0.56459832 0.25414538 0.78526372
vn -0.87995428 0.45605600 0.13301645
vn -0.86187309 0.06173189 -0.50335270
vn -0.41685709 -0.43312466 -0.79914534
vn -0.74155253 0.33706921 -0.58007258
vn -0.12268820 -0.09594842 -0.98779631
vn -0.89109713 -0.41525003 -0.18306705
vn -0.95886236 -0.20571962 -0.19560778
vn -0.97377086 -0.14488924 -0.17543548
vn -0.93728292 -0.34584522 -0.04349573
vn -0.87056363 -0.47856787 -0.11442026
vn -0.90398365 -0.41586393 -0.09935167
vn -0.92482924 -0.35634604 -0.13307282
vn -0.91520417 -0.37151527 -0.15613447
vn -0.95629597 -0.15911417 -0.24531758
vn -0.80330968 -0.39833251 -0.44274691
vn -0.84158134 -0.38829061 -0.37546143
vn -0.87269557 -0.34151655 -0.34895408
vn -0.82422590 -0.25226435 -0.50696582
vn -0.51715362 -0.21575004 -0.82825363
vn -0.54963928 -0.26242727 -0.79311323
vn -0.57372916 -0.25113913 -0.77959228
vn -0.51357704 -0.06407938 -0.85564739
vn -0.91884297 -0.36056766 -0.16037068
vn -0.87378234 -0.46072161 -0.15569200
vn -0.71646732 -0.44498286 -0.53727543
vn -0.84890932 -0.50063890 -0.16945110
vn -0.66127408 -0.47352543 -0.58179921
vn -0.33180881 -0.30936015 -0.89117855
vn -0.24833992 -0.32627776 -0.91206914
vn -0.21061529 0.23852795 -0.94802195
vn 0.12073810 -0.02995764 -0.99223226
vn 0.12414061 0.17532669 -0.97665226
vn 0.26502097 0.27419302 -0.92443609
vn 0.22109766 -0.06868147 -0.97283024
vn 0.29551560 -0.09606377 -0.95049584
vn 0.55036139 0.21714158 -0.80619591
vn 0.00776083 -0.05277454 -0.99857628
vn -0.00572417 0.00880616 -0.99994487
vn -0.05651771 0.13090819 -0.98978221
vn 0.42594355 0.23623763 -0.87336355
vn 0.13068880 -0.10338083 -0.98601866
vn -0.50495523 0.31937325 -0.80188590
vn 0.17097224 -0.04606513 -0.98419851
vn 0.49691942 -0.57129550 0.65321708
vn 0.72480804 -0.68894506 0.00283122
vn -0.07411265 -0.08065210 0.99398327
vn -0.66748500 0.32326135 0.67079496
vn -0.86484367 0.50173336 -0.01758644
vn 0.55162984 -0.46508083 0.69239032
vn 0.16076140 -0.06151592 -0.98507440
vn 0.81355661 -0.58135933 0.01212962
vn -0.05648700 -0.08096485 0.99511504
vn 0.60227573 -0.38927564 0.69694221
vn 0.87709123 -0.48024094 0.00893462
vn 0.57903761 -0.52934414 -0.62008888
vn 0.64364856 -0.40802726 -0.64747995
vn 0.67471123 -0.32713273 -0.66162598
vn -0.69544816 0.23645240 0.67855889
vn -0.92500240 0.37906769 -0.02604272
vn -0.71151143 0.14248978 0.68807578
vn -0.96495152 0.26005107 -0.03524490
vn -0.57619715 0.37524962 -0.72607476
vn -0.61286175 0.28798342 -0.73584384
vn -0.61857551 0.19837403 -0.76027107
vn 0.15861729 -0.02434232 -0.98704010
vn 0.16352248 0.00767708 -0.98650974
vn -0.05206678 -0.09111706 0.99447811
vn 0.64228356 -0.29864621 0.70589113
vn -0.71233773 -0.00190975 0.70183432
vn -0.05435612 -0.08383756 0.99499583
vn 0.70166534 -0.16265869 0.69369161
vn -0.99878454 0.02164849 -0.04428096
vn 0.10241222 -0.02642903 -0.99439090
vn 0.10215650 -0.01927488 -0.99458158
vn 0.05252195 -0.18143892 0.98199868
vn 0.45711505 -0.73931348 0.49443045
vn 0.61867952 -0.59345746 0.51482427
vn -0.55322927 0.26810348 0.78870660
vn 0.08566876 -0.10191607 0.99109739
vn 0.68690342 -0.48495364 0.54127967
vn 0.45043850 -0.88640499 -0.10673042
vn 0.31934199 -0.65654945 -0.68334740
vn 0.73347229 -0.66796070 -0.12588498
vn 0.48790151 -0.50736207 -0.71030688
vn -0.88426381 0.44555926 0.13983718
vn -0.72666413 0.34330577 -0.59506333
vn -0.56681317 0.19756715 0.79980636
vn -0.92836225 0.33377796 0.16351078
vn -0.74126500 0.26040712 -0.61863911
vn 0.12412627 -0.11033429 0.98611319
vn 0.09100435 0.00173338 -0.99584907
vn 0.72565722 -0.40894046 0.55334377
vn -0.61441469 0.03358530 -0.78826815
vn 0.09974866 0.01098923 -0.99495196
vn 0.68141252 -0.22351576 -0.69693458
vn 0.80004197 -0.58388150 -0.13789551
vn 0.53217798 -0.40403688 -0.74400324
vn 0.86253303 -0.48391461 -0.14786291
vn 0.12921505 -0.12504664 0.98370057
vn 0.75539464 -0.33678493 0.56209880
vn 0.91934210 -0.36147836 -0.15538186
vn 0.55624902 -0.32428628 -0.76513100
vn 0.93456429 -0.35574675 0.00583181
vn 0.98838007 -0.15160987 0.01093328
vn 0.68728578 -0.07120530 -0.72288871
vn 0.57242560 -0.22983761 -0.78708547
vn 0.18149436 -0.03272855 -0.98284721
vn 0.42085361 -0.50417000 -0.75411862
vn 0.28391311 -0.55511338 0.78182006
vn -0.98533237 -0.16014436 -0.05894187
vn -0.68823600 -0.15319927 0.70912707
vn -0.01656029 -0.11150685 0.99362576
vn -0.58425725 -0.07180820 -0.80838549
vn -0.79061985 -0.59505653 -0.14431936
vn -0.78066003 -0.61327529 -0.12026370
vn -0.56090754 0.11388990 0.82000721
vn -0.95402616 0.24519362 0.17237866
vn -0.74550366 0.20785409 -0.63326216
vn -0.98195416 0.10795577 0.15527903
vn -0.56725943 0.01786645 0.82334530
vn -0.57007271 -0.11226048 0.81388861
vn -0.99058837 -0.09596837 0.09759504
vn -0.76227373 0.11967430 -0.63609511
vn -0.73446101 -0.03887512 -0.67753661
vn 0.14613619 -0.10667928 0.98349571
vn 0.11451369 -0.01090612 -0.99336189
vn 0.81178302 -0.19345652 0.55098379
vn 0.19625784 -0.12002532 0.97317874
vn 0.21954425 -0.21614061 -0.95135891
vn -0.86380410 -0.47475219 -0.16867971
vn 0.45056617 -0.51731652 0.72758073
vn 0.84320945 -0.14480641 0.51771510
vn -0.80505204 -0.49449533 -0.32766715
vn -0.62856424 -0.24072675 -0.73956585
vn -0.56803823 -0.29188126 -0.76950496
vn 0.74952579 -0.14048342 0.64689684
vn 0.91993761 -0.23386919 0.31467447
vn 0.99415916 -0.10272514 -0.03309280
vn 0.98978525 -0.11132550 -0.08906055
vn 0.69707191 -0.03154520 -0.71630704
vn 0.82840908 -0.14688104 -0.54052240
vn 0.99892581 0.00774366 0.04568717
vn 0.99541265 0.02673633 -0.09186328
vn 0.95234954 -0.01324870 -0.30472082
vn 0.96510041 -0.25063488 0.07591834
vn 0.97134012 -0.16100146 -0.17486268
vn 0.60413736 -0.05258036 -0.79514372
vn 0.97019440 -0.10499936 -0.21839887
vn 0.59095788 -0.02743735 -0.80623567
vn 0.98191726 -0.01986285 -0.18826571
vn 0.95362812 -0.09082170 -0.28695816
vn 0.91201550 0.07824264 -0.40262362
vn 0.85314077 0.21313125 -0.47615743
vn 0.55766815 -0.02758784 -0.82960552
vn 0.54529029 0.06647829 -0.83560717
vn 0.55765772 0.12761658 -0.82020247
vn -0.06867858 -0.02718527 -0.99726838
vn -0.06067187 -0.02452692 -0.99785638
vn -0.08578128 -0.00735272 -0.99628687
vn -0.10390203 0.05667371 -0.99297154
vn -0.08580665 0.00238347 -0.99630898
vn -0.04422734 -0.08165028 -0.99567926
vn -0.01684372 -0.09170409 -0.99564385
vn -0.00071321 -0.06916922 -0.99760479
vn 0.96879447 0.20348217 -0.14153588
vn 0.93460667 0.20410955 -0.29129001
vn 0.96953034 0.24326119 0.02889444
vn 0.96491283 0.21721688 -0.14751306
vn 0.91560185 0.21342090 -0.34077090
vn 0.84528345 0.21036252 -0.49116543
vn 0.82516623 0.21516778 -0.52230603
vn 0.56029135 0.12777688 -0.81838053
vn 0.51687515 0.16598491 -0.83981490
vn 0.76128882 0.24380857 -0.60083002
vn 0.95316523 0.29834536 0.04965992
vn 0.94233674 0.32783481 0.06727377
vn 0.94071096 0.29579341 -0.16604029
vn 0.95268947 0.26279667 -0.15271187
vn 0.87241691 0.24887557 -0.42065388
vn 0.83614647 0.26302427 -0.48132867
vn 0.64080858 0.26217011 -0.72154784
vn -0.03446294 0.23234987 -0.97202152
vn -0.05511348 0.40783867 -0.91138911
vn -0.12870136 0.41817242 -0.89920396
vn 0.08501165 0.23206213 -0.96897894
vn 0.51811510 0.45237401 -0.72588885
vn 0.57770181 0.44149074 -0.68654692
vn 0.14399448 0.33358437 -0.93165833
vn 0.40529373 0.35267735 -0.84341908
vn 0.66305387 0.34237581 -0.66568649
vn -0.07440974 -0.03071489 -0.99675465
vn 0.11234574 -0.05082603 -0.99236846
vn 0.28384000 0.26079372 -0.92272508
vn 0.34885445 -0.02427231 -0.93686259
vn -0.13011730 -0.17459087 -0.97600591
vn 0.09955960 -0.20570290 -0.97353697
vn -0.17858422 -0.25282973 -0.95088637
vn 0.05665911 -0.29091936 -0.95506841
vn 0.35855976 -0.21338522 -0.90879130
vn 0.31755328 -0.31686816 -0.89373070
vn 0.55775326 0.30334729 -0.77258766
vn 0.63176405 0.03244638 -0.77448136
vn 0.82179749 0.38508314 -0.41995230
vn 0.78786999 0.42098871 -0.44947678
vn 0.81065542 0.31484467 -0.49367058
vn 0.86226165 0.09507708 -0.49745879
vn 0.64454341 -0.19220407 -0.74001443
vn 0.60942131 -0.32335353 -0.72391176
vn 0.87973779 -0.12963167 -0.45744622
vn 0.86195505 -0.28664443 -0.41817304
vn -0.21545279 0.26620185 -0.93953001
vn -0.06419060 0.30464694 -0.95029986
vn 0.85821211 0.31433511 -0.40579015
vn -0.90706033 -0.38790113 -0.16362858
vn -0.86730236 -0.44803035 -0.21692306
vn -0.85541689 -0.32911873 0.39992845
vn -0.85254955 -0.25954163 0.45364901
vn -0.84291011 -0.40847066 0.35022035
vn -0.83896077 -0.49298564 -0.23045650
vn -0.49573630 -0.04964840 0.86705279
vn -0.69543016 -0.40006357 -0.59693050
vn -0.65175110 -0.42895734 -0.62547272
vn -0.62877488 -0.44828412 -0.63536096
vn -0.84722364 -0.23698714 0.47544634
vn -0.93876809 -0.32705003 -0.10841020
vn -0.75043738 -0.35482186 -0.55762458
vn -0.46037981 -0.12897979 0.87830216
vn -0.47086695 -0.29639399 0.83092427
vn -0.51270461 -0.36897141 0.77523810
vn -0.83143592 -0.40101218 0.38458237
vn -0.84354484 -0.30718529 0.44053301
vn -0.94242245 -0.32467744 -0.08015318
vn -0.91874671 -0.38874289 -0.06916270
vn -0.84513146 -0.39824200 0.35658967
vn -0.91506749 -0.39793253 -0.06558339
vn -0.06930382 0.01507590 0.99748176
vn 0.04311659 -0.16747952 0.98493236
vn 0.03876336 -0.20895794 0.97715616
vn -0.16764781 0.12592293 0.97777176
vn -0.33731344 -0.35161412 -0.87326235
vn -0.37939644 -0.33922181 -0.86080599
vn -0.42717239 -0.29600534 -0.85434455
vn -0.79700702 -0.34218168 -0.49768642
vn -0.78954709 -0.32177848 -0.52256483
vn -0.80016583 -0.34756711 -0.48880646
vn -0.46569997 -0.21962444 -0.85725647
vn -0.45780462 -0.20675048 -0.86467868
vn -0.45442575 -0.22798783 -0.86111486
vn 0.10580824 -0.07975243 -0.99118322
vn 0.06910714 0.01394822 -0.99751174
vn 0.08302608 0.00771389 -0.99651760
vn 0.09591191 -0.04048465 -0.99456620
vn -0.22004174 -0.26614082 -0.93848324
vn -0.00645377 -0.30785954 -0.95140994
vn -0.24221882 -0.23007856 -0.94254661
vn -0.09429411 -0.25481254 -0.96238208
vn 0.28259024 -0.34660903 -0.89442998
vn 0.10412996 -0.28204310 -0.95373416
vn -0.23289920 -0.17301081 -0.95698756
vn 0.60031897 -0.36982095 -0.70911890
vn 0.44905731 -0.33969730 -0.82640988
vn 0.66095346 -0.36536974 -0.65547359
vn 0.85142899 -0.34130168 -0.39822340
vn 0.86753160 -0.33356172 -0.36895192
vn 0.76448464 -0.32922825 -0.55423105
vn -0.16504312 -0.17315739 -0.97096723
vn -0.01508837 -0.18136074 -0.98330086
vn -0.21463576 -0.12507120 -0.96865308
vn -0.20017883 -0.10712517 -0.97388536
vn -0.18234169 -0.11750907 -0.97618806
vn -0.18876202 -0.06929554 -0.97957492
vn -0.17283350 -0.09280706 -0.98056895
vn -0.15968417 -0.05836283 -0.98544145
vn -0.05343819 -0.11739936 -0.99164599
vn -0.07585213 -0.08571460 -0.99342817
vn -0.08561318 -0.04630892 -0.99525166
vn 0.10295630 -0.13644078 -0.98528367
vn 0.03649686 -0.09639400 -0.99467391
vn -0.17660670 0.02278032 -0.98401797
vn -0.15194753 0.13677429 -0.97887933
vn -0.00151289 -0.03554989 -0.99936676
vn -0.02405073 0.09370107 -0.99530983
vn -0.02470854 0.22695862 -0.97359091
vn 0.20899720 -0.16405532 -0.96405715
vn 0.14214753 -0.10850104 -0.98388100
vn 0.30453974 -0.19858781 -0.93156779
vn 0.20366426 -0.11784615 -0.97192252
vn 0.10632266 -0.01696434 -0.99418706
vn 0.08395442 0.14331220 -0.98611027
vn 0.08272609 0.32003227 -0.94378805
vn 0.16647878 0.01030580 -0.98599130
vn 0.20247644 -0.10467188 -0.97367710
vn 0.21140771 0.05570024 -0.97580963
vn 0.95454013 -0.27784520 -0.10795940
vn -0.92845839 -0.36857381 0.04602565
vn -0.92872143 -0.36947587 -0.03105309
vn -0.85852242 -0.37107530 0.35389605
vn -0.92836410 -0.36690566 -0.05933444
vn -0.81780088 -0.33221176 -0.46993306
vn 0.97294909 -0.18907705 -0.13274094
vn 0.90092933 -0.29216024 -0.32088745
vn -0.90876871 -0.40110388 0.11513180
vn 0.95791292 -0.27136341 -0.09362049
vn -0.69905114 -0.69519335 0.16743290
vn 0.85045296 -0.39863268 -0.34325188
vn -0.88524675 -0.40710425 -0.22495455
vn -0.79357535 -0.54847270 -0.26346943
vn -0.47598144 -0.24775797 -0.84383512
vn -0.50474429 -0.23475479 -0.83073670
vn -0.49245378 -0.21463493 -0.84345782
vn 0.69538689 -0.43104890 -0.57500780
vn -0.40566996 -0.22148646 -0.88677824
vn -0.21836215 -0.25782508 -0.94119298
vn 0.05913951 0.04348984 -0.99730194
vn 0.12568575 0.02415777 -0.99177593
vn 0.21800426 -0.03047376 -0.97547191
vn 0.53056365 0.03973474 0.84671330
vn 0.84316760 0.24247244 0.47987029
vn 0.06161667 -0.02253509 -0.99784547
vn 0.08734013 -0.06629636 -0.99397016
vn 0.60297447 0.24324371 -0.75977266
vn 0.61596060 0.21251236 -0.75857168
vn 0.61431187 0.18952520 -0.76596433
vn 0.87483835 0.31006056 -0.37218344
vn 0.87179929 0.31596121 -0.37434548
vn 0.89595032 0.24009527 -0.37366736
vn 0.00606224 -0.25707662 -0.96637201
vn 0.31699967 -0.04176904 -0.94750547
vn 0.97316790 0.23008399 0.00237731
vn 0.98513371 0.16992635 0.02523509
vn 0.97146273 0.23329851 0.04280432
vn 0.94817275 0.31731573 -0.01671515
vn 0.90331548 0.42703789 -0.04074020
vn 0.90974545 0.17576139 -0.37612650
vn 0.90062308 0.21613832 -0.37704450
vn 0.87548107 0.30184957 -0.37738544
vn 0.82887906 0.40385747 -0.38711578
vn 0.64540952 0.11447299 -0.75521034
vn 0.66588044 0.12649894 -0.73525596
vn 0.68351835 0.20217206 -0.70137656
vn 0.67855251 0.31785202 -0.66222101
vn 0.41254753 0.02095591 -0.91069502
vn 0.47182789 0.16658576 -0.86581039
vn 0.74829614 0.53955460 -0.38591936
vn 0.64724869 0.43787962 -0.62396371
vn 0.50003231 0.30142254 -0.81185722
vn 0.79526728 0.60272723 -0.06534407
vn 0.62172031 0.15648866 -0.76744729
vn 0.62251925 0.16387069 -0.76525575
vn 0.21218546 -0.23390844 -0.94882250
vn 0.16732404 -0.16199189 -0.97250271
vn 0.26983622 -0.00438252 -0.96289629
vn 0.33293810 0.15578525 -0.92999095
vn -0.83590597 -0.51178956 -0.19832464
vn -0.83347887 -0.51889259 -0.18990384
vn -0.83494747 -0.50809634 -0.21142572
vn -0.84190315 -0.42897645 0.32738099
vn -0.60704464 -0.49309772 -0.62317860
vn -0.61776537 -0.49193180 -0.61348933
vn -0.61669582 -0.47182077 -0.63013607
vn -0.22843325 -0.37018687 -0.90043330
vn -0.19770606 -0.37441969 -0.90593725
vn -0.20486602 -0.35341999 -0.91275644
vn -0.28250772 -0.36302230 -0.88792139
vn 0.29071057 -0.18733492 -0.93829262
vn 0.25549534 -0.19671036 -0.94658715
vn 0.21986796 -0.18860380 -0.95712417
vn 0.17481317 -0.16556969 -0.97058076
vn 0.93536228 0.30010003 0.18718275
vn 0.93533176 0.30234653 0.18368803
vn 0.94484091 0.27524537 0.17752701
vn 0.72502166 0.07723986 -0.68438119
vn 0.72280556 0.03042050 -0.69038159
vn 0.94565570 0.20482343 -0.25255269
vn 0.94432789 0.23624207 -0.22898632
vn 0.30423000 -0.13935705 -0.94235015
vn 0.73171622 0.11593889 -0.67167670
vn 0.94723755 0.25649530 -0.19222684
vn 0.95256847 0.27118140 0.13810855
vn 0.93359369 0.21096563 -0.28964859
vn 0.95244479 0.28958669 0.09480738
vn 0.70537615 0.03853638 -0.70778489
vn 0.91597426 0.22153026 -0.33453768
vn 0.68919945 0.05951114 -0.72212368
vn 0.67381412 0.09490342 -0.73278099
vn 0.19601314 0.29924250 0.93382698
vn 0.27534407 0.24421051 0.92981023
vn 0.44847649 0.09084897 0.88916564
vn 0.67506164 0.45435157 0.58125424
vn 0.67756790 0.43728909 0.59133750
vn 0.75493670 0.36957753 0.54174078
vn 0.82666659 0.26949942 0.49395585
vn 0.90739352 0.41977423 0.02066051
vn 0.88904303 0.45782369 0.00019126
vn 0.89859623 0.43876964 -0.00244863
vn 0.14069429 -0.14300092 -0.97967130
vn 0.65613049 0.14245212 -0.74108046
vn 0.62782973 0.19399835 -0.75378674
vn 0.59246743 0.24250454 -0.76822776
vn 0.60552222 0.20448376 -0.76910937
vn 0.84794146 0.35400516 -0.39455751
vn 0.86349779 0.31812397 -0.39136776
vn 0.84198558 0.36434206 -0.39788836
vn 0.89200294 0.25497687 -0.37325296
vn 0.86743349 0.31119737 -0.38822076
vn 0.93868226 0.34017745 0.05616899
vn 0.84306931 0.24236976 0.48009509
vn 0.93513590 0.35326949 0.02686094
vn 0.95278299 0.29950479 0.05001510
vn 0.95042616 0.30550885 0.05791753
vn 0.88762319 0.26635104 -0.37574250
vn 0.88174242 0.28761256 -0.37391087
vn 0.94369513 0.32638031 0.05399426
vn 0.94665420 0.31849065 0.04908954
vn 0.73318517 0.29195896 0.61416566
vn 0.97374511 0.01833553 0.22690146
vn 0.98621082 -0.08866423 0.13973936
vn 0.99284714 0.11146853 -0.04277292
vn 0.99146736 -0.02624071 -0.12768707
vn 0.01524165 0.51745868 -0.85557240
vn 0.11254806 0.45957175 -0.88098067
vn 0.17346731 0.26556790 -0.94835794
vn -0.07233123 0.43743089 -0.89633834
vn 0.15154698 0.60106260 -0.78470212
vn 0.29428434 0.53006828 -0.79525107
vn 0.40873328 0.29066178 -0.86513168
vn 0.01776098 0.51141542 -0.85915017
vn 0.92481154 0.21476525 -0.31400591
vn 0.86101758 0.47569346 -0.17990178
vn 0.73051119 0.06588432 -0.67971510
vn 0.92166615 0.02462857 -0.38720149
vn 0.32182533 0.72218156 -0.61227632
vn 0.53543919 0.77951920 -0.32504600
vn 0.64829427 0.76101005 -0.02405091
vn 0.41711825 0.87564933 -0.24341498
vn 0.31514639 0.80956787 -0.49526018
vn 0.11840677 0.60546792 -0.78701246
vn 0.25842857 0.86035174 0.43932849
vn 0.47456944 0.82971424 0.29386789
vn 0.34198090 0.89933413 0.27248371
vn 0.47979340 0.87655985 0.03796212
vn 0.37408984 0.92565197 0.05679101
vn 0.25399473 0.94076943 0.22458749
vn 0.29507640 0.95421135 0.04909750
vn 0.35640955 0.91507620 -0.18870038
vn 0.30468535 0.83997422 -0.44901019
vn 0.31497830 0.93410110 -0.16805901
vn 0.30317637 0.86424559 -0.40145192
vn 0.92322910 -0.08809061 -0.37401620
vn 0.98536628 -0.09190334 -0.14355169
vn 0.82201660 -0.42904782 -0.37444183
vn 0.86006904 -0.44484594 -0.24978665
vn 0.18863408 0.07998087 -0.97878516
vn 0.44461095 0.08014106 -0.89213157
vn 0.11855511 -0.69742793 -0.70678079
vn 0.24147537 -0.69518012 -0.67706299
vn 0.36572275 -0.68407482 -0.63110101
vn 0.12783977 -0.58481807 -0.80102742
vn 0.25431263 -0.59267241 -0.76424122
vn 0.38732451 -0.60549200 -0.69524044
vn 0.49947912 -0.66412038 -0.55629557
vn 0.63117301 -0.63345909 -0.44760489
vn 0.52153432 -0.61268008 -0.59382242
vn 0.65507174 -0.60046655 -0.45860758
vn 0.57406038 -0.79180741 -0.20855646
vn 0.44766390 -0.78226149 -0.43320200
vn 0.83975667 -0.48953846 -0.23486353
vn 0.75709498 -0.55918574 -0.33781430
vn 0.73112965 -0.45881748 0.50491190
vn 0.40280974 -0.91370666 0.05370795
vn -0.04437303 -0.90410024 -0.42501029
vn 0.78732532 0.09111486 0.60976809
vn 0.89068902 0.12772575 0.43630183
vn 0.57603419 -0.81109101 -0.10156778
vn 0.80245674 -0.37948266 0.46049577
vn 0.64674133 0.27964735 0.70959353
vn 0.03727583 -0.75816494 -0.65099663
vn -0.37070984 -0.07989945 -0.92530549
vn 0.65226358 -0.45671073 -0.60495251
vn 0.87245023 -0.44687876 -0.19781308
vn 0.81610948 -0.47424504 -0.33023784
vn -0.42603803 -0.02951770 -0.90422356
vn 0.05587539 -0.54259801 -0.83813208
vn 0.06426887 -0.27231503 -0.96005940
vn 0.71279240 -0.48402461 -0.50758958
vn 0.56120920 -0.47161150 -0.68016678
vn 0.40344676 -0.44499174 -0.79950804
vn -0.12098173 0.29474434 -0.94788682
vn -0.07455871 0.34310591 -0.93633294
vn 0.00812510 0.41577411 -0.90943164
vn 0.14271054 -0.41783538 -0.89724427
vn 0.26659980 -0.42315218 -0.86594856
vn 0.24505198 0.94917631 0.19751923
vn 0.38585550 0.89837599 0.20984784
vn 0.56945479 0.78698552 0.23743419
vn 0.28865233 0.95732731 0.01429924
vn 0.44594929 0.89478070 -0.02228796
vn 0.62617946 0.77751070 -0.05810843
vn 0.35185084 0.83880216 -0.41546622
vn 0.47848678 0.83380300 -0.27535966
vn 0.46140972 0.73680997 -0.49417841
vn 0.33156163 0.92160177 -0.20178521
vn 0.63100052 0.69542307 -0.34383875
vn 0.57891130 0.58712453 -0.56581497
vn 0.67291367 0.36574227 0.64297736
vn 0.70940357 -0.66840202 -0.22357437
vn 0.83072883 -0.31988382 0.45559210
vn 0.47139084 0.22386137 0.85303974
vn 0.34134755 0.34134752 0.87576467
vn 0.81815755 -0.46833023 -0.33359408
vn 0.85809505 -0.28365931 0.42803067
vn 0.95718765 -0.22122143 0.18668926
vn 0.98004895 -0.18428266 0.07445754
vn 0.92136401 -0.09817807 0.37609762
vn 0.90875733 -0.36855000 -0.19578366
vn 0.75032181 -0.35128707 -0.56001306
vn -0.32374823 0.07150259 -0.94343770
vn -0.41121563 0.11653668 -0.90405804
vn 0.94106382 -0.28639716 -0.17993225
vn 0.83809674 -0.23568895 -0.49198025
vn -0.30980319 0.21238619 -0.92677629
vn 0.87679696 -0.33288264 -0.34701040
vn 0.77495390 -0.31089211 -0.55026591
vn 0.59883857 -0.29821441 -0.74327689
vn 0.92864221 -0.17539488 -0.32689521
vn 0.81393093 -0.16228183 -0.55783606
vn 0.62542057 -0.15105441 -0.76552719
vn 0.82910365 -0.00164178 -0.55909258
vn 0.94169128 -0.01226457 -0.33625457
vn 0.99044609 -0.01196590 -0.13738117
vn 0.63759947 0.01784485 -0.77016145
vn 0.92541367 0.16341230 -0.34191513
vn 0.80950862 0.18985127 -0.55556488
vn 0.62506646 0.20697358 -0.75263125
vn 0.16264012 0.97780234 -0.13210143
vn 0.32934165 0.93389970 -0.13916045
vn 0.14993684 0.92364615 -0.35269916
vn 0.31260064 0.88210243 -0.35238633
vn 0.50353092 0.85183603 -0.14433292
vn 0.46822143 0.81097674 -0.35083565
vn 0.13280742 0.81362081 -0.56602418
vn 0.28371465 0.78229833 -0.55454069
vn 0.11651796 0.65599674 -0.74571568
vn 0.25352108 0.63181013 -0.73249096
vn 0.42608660 0.73182172 -0.53187150
vn 0.39204049 0.59140384 -0.70466012
vn 0.67194849 0.72615147 -0.14556569
vn 0.80675793 0.57037413 -0.15432182
vn 0.62433052 0.70570105 -0.33495894
vn 0.75909305 0.56002915 -0.33188120
vn 0.92523730 0.34583569 -0.15599290
vn 0.86357397 0.36625776 -0.34654766
vn 0.76557845 0.35845909 -0.53422534
vn 0.98106378 0.13124318 -0.14244005
vn 0.59508616 0.35786414 -0.71958727
vn 0.14710835 -0.26270753 -0.95359534
vn 0.26883751 -0.27432042 -0.92329562
vn 0.13232869 -0.11339922 -0.98469776
vn 0.26748073 -0.12743507 -0.95509917
vn 0.41406792 -0.28689355 -0.86385179
vn 0.42760071 -0.13921535 -0.89318347
vn 0.11689404 0.05801665 -0.99144846
vn 0.26243049 0.04894149 -0.96370900
vn 0.11481039 0.25725105 -0.95950019
vn 0.25405508 0.24700275 -0.93511802
vn 0.43215597 0.03496057 -0.90112096
vn 0.42157522 0.22641082 -0.87807316
vn 0.11326230 0.46247399 -0.87936890
vn 0.24551280 0.43884119 -0.86437368
vn 0.39866486 0.39962146 -0.82545078
vn 0.92672229 -0.21079390 0.31104949
vn 0.44663784 -0.33641589 0.82905924
vn 0.80142361 -0.06962454 0.59403098
vn 0.64796913 0.75908095 0.06270657
vn 0.32921639 0.01562388 0.94412524
vn 0.35987380 -0.22539452 0.90536642
vn 0.40254623 -0.23002627 0.88602734
vn 0.08762771 -0.00000004 -0.99615330
vn -0.39212114 0.24700530 -0.88613170
vn 0.89342993 -0.20088950 0.40177900
vn 0.60724068 -0.16421480 0.77736241
vn 0.89377761 -0.19813234 -0.40237466
vn 0.89126009 -0.10632990 0.44085103
vn 0.13405116 0.59050435 -0.79582351
vn 0.86850476 -0.02819815 0.49487835
vn 0.84489763 0.47953656 -0.23704992
vn 0.11666442 0.28220206 -0.95223504
vn 0.92132580 0.11391667 -0.37172812
vn 0.99978465 -0.01459051 0.01475623
vn 0.99465841 0.10206193 0.01542783

# Mesh 'c1d81f44_c44a_4405_9e00_adaf78a58f96' with 424 faces
g c1d81f44_c44a_4405_9e00_adaf78a58f96
usemtl c1d81f44_c44a_4405_9e00_adaf78a58f96
f  1//1 2//2 3//3
f  4//4 5//5 1//1
f  6//6 7//7 8//8
f  9//9 10//10 11//11
f  12//12 13//13 14//14
f  15//15 14//14 16//16
f  17//17 18//18 19//19
f  18//18 20//20 21//21
f  22//22 23//23 24//24
f  23//23 25//25 24//24
f  26//26 27//27 28//28
f  28//28 22//22 26//26
f  24//24 26//26 22//22
f  25//25 29//29 24//24
f  29//29 25//25 30//30
f  31//31 32//32 10//10
f  33//33 34//34 35//35
f  33//33 36//36 37//37
f  38//38 39//39 40//40
f  41//41 42//42 43//43
f  44//44 19//19 18//18
f  44//44 45//45 19//19
f  21//21 44//44 18//18
f  46//46 21//21 47//47
f  48//48 49//49 37//37
f  30//30 50//50 29//29
f  50//50 38//38 29//29
f  40//40 29//29 38//38
f  40//40 43//43 51//51
f  42//42 52//52 43//43
f  53//53 54//54 55//55
f  56//56 57//57 58//58
f  59//59 60//60 61//61
f  62//62 63//63 64//64
f  64//64 65//65 62//62
f  65//65 64//64 66//66
f  67//67 68//68 69//69
f  33//33 70//70 34//34
f  71//71 69//69 68//68
f  65//65 72//72 62//62
f  73//73 65//65 74//74
f  65//65 66//66 74//74
f  75//75 76//76 77//77
f  75//75 77//77 78//78
f  79//79 80//80 81//81
f  81//81 80//80 82//82
f  79//79 81//81 83//83
f  84//84 81//81 82//82
f  81//81 84//84 85//85
f  81//81 85//85 83//83
f  86//86 87//87 88//88
f  89//89 90//90 91//91
f  92//92 93//93 94//94
f  95//95 96//96 97//97
f  98//98 99//99 100//100
f  101//101 102//102 103//103
f  104//104 105//105 106//106
f  107//107 94//94 93//93
f  107//107 108//108 94//94
f  109//109 110//110 111//111
f  112//112 113//113 114//114
f  115//115 116//116 117//117
f  118//118 119//119 120//120
f  121//121 122//122 123//123
f  124//124 125//125 126//126
f  103//103 127//127 101//101
f  128//128 129//129 103//103
f  130//130 131//131 132//132
f  133//133 132//132 131//131
f  131//131 134//134 133//133
f  135//135 136//136 137//137
f  138//138 139//139 140//140
f  141//141 142//142 143//143
f  144//144 141//141 143//143
f  145//145 146//146 147//147
f  148//148 149//149 146//146
f  150//150 151//151 142//142
f  142//142 151//151 152//152
f  142//142 141//141 150//150
f  141//141 144//144 153//153
f  141//141 153//153 150//150
f  154//154 155//155 148//148
f  156//156 157//157 155//155
f  154//154 156//156 155//155
f  158//158 159//159 160//160
f  161//161 162//162 163//163
f  164//164 165//165 166//166
f  167//167 168//168 169//169
f  170//170 171//171 172//172
f  173//173 174//174 175//175
f  176//176 177//177 178//178
f  176//176 179//179 180//180
f  178//178 179//179 176//176
f  177//177 181//181 182//182
f  182//182 178//178 177//177
f  183//183 184//184 185//185
f  185//185 186//186 183//183
f  185//185 187//187 183//183
f  182//182 188//188 189//189
f  190//190 191//191 192//192
f  193//193 194//194 195//195
f  196//196 197//197 198//198
f  199//199 200//200 201//201
f  202//202 203//203 204//204
f  204//204 205//205 202//202
f  206//206 207//207 208//208
f  209//209 210//210 211//211
f  212//212 213//213 214//214
f  214//214 215//215 212//212
f  216//216 217//217 218//218
f  219//219 220//220 221//221
f  222//222 219//219 221//221
f  223//223 222//222 221//221
f  221//221 220//220 224//224
f  223//223 225//225 226//226
f  227//227 226//226 225//225
f  228//228 229//229 230//230
f  231//231 232//232 233//233
f  234//234 233//233 235//235
f  236//236 237//237 238//238
f  239//239 240//240 241//241
f  241//241 240//240 242//242
f  241//241 243//243 239//239
f  241//241 244//244 243//243
f  242//242 245//245 241//241
f  241//241 246//246 244//244
f  246//246 241//241 247//247
f  248//248 249//249 250//250
f  249//249 248//248 251//251
f  252//252 253//253 254//254
f  255//255 256//256 252//252
f  252//252 257//257 255//255
f  257//257 258//258 255//255
f  259//259 256//256 255//255
f  255//255 260//260 259//259
f  258//258 261//261 255//255
f  262//262 263//263 235//235
f  264//264 265//265 263//263
f  263//263 262//262 264//264
f  266//266 264//264 262//262
f  267//267 268//268 264//264
f  269//269 212//212 215//215
f  269//269 215//215 270//270
f  270//270 215//215 224//224
f  224//224 220//220 270//270
f  271//271 272//272 273//273
f  271//271 273//273 274//274
f  272//272 275//275 273//273
f  276//276 277//277 278//278
f  279//279 280//280 281//281
f  282//282 283//283 284//284
f  285//285 284//284 283//283
f  283//283 286//286 285//285
f  287//287 288//288 289//289
f  290//290 291//291 292//292
f  291//291 293//293 294//294
f  294//294 292//292 291//291
f  295//295 296//296 297//297
f  298//298 299//299 300//300
f  301//301 302//302 303//303
f  304//304 305//305 306//306
f  307//307 306//306 305//305
f  307//307 308//308 306//306
f  309//309 310//310 311//311
f  312//312 313//313 314//314
f  315//315 316//316 113//113
f  113//113 112//112 315//315
f  317//317 318//318 319//319
f  320//320 321//321 322//322
f  323//323 321//321 324//324
f  321//321 325//325 326//326
f  325//325 321//321 320//320
f  327//327 328//328 329//329
f  330//330 331//331 332//332
f  331//331 333//333 332//332
f  334//334 332//332 333//333
f  335//335 336//336 337//337
f  338//338 339//339 340//340
f  341//341 342//342 340//340
f  343//343 344//344 345//345
f  346//346 345//345 347//347
f  348//348 349//349 350//350
f  351//351 352//352 353//353
f  354//354 353//353 352//352
f  355//355 356//356 357//357
f  358//358 359//359 360//360
f  352//352 360//360 354//354
f  361//361 360//360 359//359
f  361//361 354//354 360//360
f  362//362 363//363 361//361
f  364//364 365//365 366//366
f  367//367 368//368 369//369
f  370//370 371//371 372//372
f  373//373 374//374 375//375
f  366//366 376//376 373//373
f  377//377 378//378 379//379
f  380//380 381//381 382//382
f  383//383 384//384 385//385
f  385//385 386//386 383//383
f  384//384 383//383 387//387
f  388//388 389//389 390//390
f  391//391 392//392 393//393
f  394//394 395//395 396//396
f  396//396 397//397 398//398
f  226//226 399//399 400//400
f  401//401 402//402 403//403
f  402//402 404//404 399//399
f  402//402 399//399 405//405
f  399//399 226//226 405//405
f  406//406 405//405 407//407
f  227//227 405//405 226//226
f  405//405 227//227 407//407
f  408//408 407//407 227//227
f  409//409 410//410 411//411
f  412//412 413//413 414//414
f  415//415 416//416 417//417
f  418//418 419//419 420//420
f  421//421 422//422 423//423
f  424//424 425//425 420//420
f  420//420 419//419 424//424
f  426//426 427//427 428//428
f  429//429 426//426 428//428
f  430//430 431//431 432//432
f  431//431 430//430 433//433
f  434//434 435//435 436//436
f  434//434 437//437 435//435
f  424//424 438//438 425//425
f  419//419 439//439 424//424
f  438//438 424//424 440//440
f  429//429 441//441 426//426
f  442//442 443//443 444//34
f  445//444 444//34 443//443
f  441//441 446//445 443//443
f  447//446 448//447 449//448
f  448//447 450//449 449//448
f  451//450 452//451 453//452
f  454//453 453//452 452//451
f  455//454 454//453 452//451
f  456//455 457//456 449//448
f  458//457 459//458 456//455
f  460//459 456//455 459//458
f  421//421 461//460 462//461
f  463//462 464//463 465//464
f  466//465 467//466 468//467
f  468//467 469//468 466//465
f  463//462 470//469 471//470
f  467//466 466//465 472//471
f  454//453 473//472 453//452
f  455//454 474//473 454//453
f  475//474 476//475 455//454
f  477//476 460//459 459//458
f  460//459 477//476 478//477
f  460//459 478//477 479//478
f  460//459 479//478 480//479
f  479//478 481//480 480//479
f  482//481 480//479 483//482
f  480//479 481//480 483//482
f  484//483 485//484 486//485
f  487//486 485//484 488//487
f  483//482 489//488 482//481
f  490//489 482//481 489//488
f  491//490 492//491 493//492
f  494//493 495//494 496//495
f  497//496 498//497 499//498
f  500//499 501//500 502//501
f  503//502 504//503 505//504
f  506//505 507//506 508//507
f  509//508 510//509 511//510
f  512//511 513//512 514//513
f  515//514 516//515 514//513
f  517//516 514//513 513//512
f  518//517 519//518 520//519
f  521//520 522//521 523//522
f  524//523 525//524 526//525
f  527//526 528//527 529//528
f  527//526 529//528 530//529
f  527//526 530//529 531//530
f  532//531 528//527 527//526
f  533//532 532//531 527//526
f  531//530 533//532 527//526
f  534//533 535//534 536//535
f  537//536 538//537 539//538
f  540//539 541//540 542//541
f  543//542 544//543 545//544
f  546//545 547//546 548//547
f  548//547 549//548 546//545
f  549//548 548//547 550//549
f  551//550 552//551 553//552
f  554//553 202//202 205//205
f  555//554 556//555 557//556
f  558//557 559//558 560//559
f  561//560 552//551 562//561
f  563//562 564//563 561//560
f  564//563 563//562 565//564
f  563//562 566//565 565//564
f  567//566 568//567 569//568
f  567//566 569//568 570//569
f  571//570 568//567 572//571
f  573//572 570//569 569//568
f  574//573 573//572 569//568
f  575//574 576//575 577//576
f  578//577 579//578 580//579
f  581//580 582//581 583//582
f  582//581 581//580 584//583
f  584//583 585//584 582//581
f  586//585 587//586 588//183
f  589//587 586//585 588//183
f  588//183 590//186 586//585
f  591//588 592//589 584//583
f  593//590 594//591 595//592
f  594//591 596//593 597//594
f  597//594 595//592 594//591
f  598//595 595//592 599//596
f  600//597 597//594 596//593
f  601//598 600//597 596//593
f  602//599 603//600 604//601
f  605//602 606//603 607//604
f  608//605 609//606 610//607
f  611//608 612//609 613//610
f  614//611 615//612 616//613
f  617//614 618//615 619//616
f  620//617 621//618 622//619
f  622//619 623//620 620//617
f  624//621 625//622 626//623
f  624//621 627//624 625//622
f  628//625 629//626 630//627
f  630//627 631//628 628//625
f  631//628 630//627 632//629
f  633//630 632//629 630//627
f  634//631 633//630 630//627
f  635//632 634//631 630//627
f  636//633 635//632 630//627
f  626//623 637//634 624//621
f  624//621 638//635 627//624
f  639//636 640//637 641//638
f  642//639 643//640 644//641
f  640//637 645//642 641//638
f  644//641 641//638 645//642
f  641//638 644//641 646//643
f  641//638 646//643 647//644
f  641//638 647//644 648//645
f  649//646 627//624 650//647
f  651//648 650//647 652//649
f  653//650 654//651 651//648
f  655//652 656//653 657//654
f  658//655 659//656 660//657
f  623//620 622//619 661//658
f  623//620 661//658 662//659
f  662//659 663//660 623//620
f  663//660 662//659 664//661
f  665//662 666//663 667//664
f  666//663 668//665 667//664
f  669//666 667//664 668//665
f  670//667 671//668 672//669
f  670//667 672//669 673//670
f  674//671 675//672 673//670
f  675//672 674//671 676//673
f  677//674 678//675 679//676
f  678//675 677//674 680//677
f  680//677 681//678 678//675
f  682//679 683//680 684//681
f  685//682 686//683 687//684
f  688//685 689//686 690//687
f  691//688 692//689 689//686
f  688//685 691//688 689//686
f  693//690 694//691 695//692
f  696//693 697//694 698//695
f  699//696 700//697 701//698
f  702//699 703//700 704//701
f  705//702 706//703 707//704
f  708//705 709//706 710//707
f  711//708 712//709 713//710
f  714//711 715//712 712//709
f  716//713 712//709 715//712
f  716//713 717//714 712//709
f  718//715 719//716 720//717
f  721//718 722//719 723//720
f  724//721 725//722 726//723
f  727//724 728//725 726//723
f  726//723 728//725 724//721
f  729//726 730//727 731//728
f  732//729 733//730 734//731
f  734//731 735//732 732//729
f  734//731 733//730 736//733
f  737//734 738//735 739//736
f  740//737 741//738 739//736
f  742//739 743//740 744//741
f  745//742 746//743 747//744
f  747//744 748//745 745//742
f  749//746 750//747 751//748
f  752//749 753//750 754//751
f  755//752 752//749 756//753
f  757//754 758//755 759//756
f  760//757 761//758 762//759
f  763//760 764//761 765//762
f  766//763 767//764 768//765
f  746//743 767//764 769//766
f  767//764 770//767 769//766
f  771//768 772//769 773//770
f  774//771 775//772 776//773
f  776//773 777//774 774//771
f  775//772 774//771 778//775
f  779//776 780//777 781//778
f  782//779 783//780 784//781
f  782//779 785//782 786//783
f  787//784 788//785 786//783
f  769//766 747//744 746//743
f  770//767 789//786 769//766
f  790//787 791//788 792//789
f  790//787 676//673 791//788
f  676//673 790//787 793//790
f  794//791 795//792 796//793
f  797//794 798//795 799//796
f  800//797 671//668 798//795
f  800//797 801//798 671//668
f  798//795 802//799 800//797
f  803//800 674//671 804//801
f  805//802 806//803 807//804
f  808//805 809//806 810//807
f  811//808 812//809 813//810
f  812//809 791//788 803//800
f  674//671 791//788 676//673
f  803//800 791//788 674//671
f  812//809 803//800 814//811

# Mesh 'c1d81f44_c44a_4405_9e00_adaf78a58f96' with 4788 faces
g c1d81f44_c44a_4405_9e00_adaf78a58f96
usemtl c1d81f44_c44a_4405_9e00_adaf78a58f96
f  815//812 816//813 817//814 818//815
f  819//816 820//817 815//812 821//818
f  822//3 816//813 815//812 820//817
f  815//812 818//815 823//819 821//818
f  817//814 816//813 824//820 825//821
f  826//822 818//815 817//814 827//823
f  817//814 825//821 828//824 827//823
f  825//821 824//820 829//825 828//824
f  830//2 824//820 816//813 822//3
f  824//820 830//2 831//826 829//825
f  832//827 833//828 834//4 835//1
f  834//4 833//828 836//829 837//830
f  838//831 839//5 834//4 837//830
f  820//817 819//816 840//832 832//827
f  835//1 822//3 820//817 832//827
f  840//832 841//833 833//828 832//827
f  833//828 841//833 842//834 836//829
f  819//816 821//818 843//835 844//836
f  845//837 840//832 819//816 844//836
f  841//833 840//832 845//837 846//838
f  847//839 842//834 841//833 846//838
f  830//2 835//1 848//840 831//826
f  849//31 828//824 829//825 850//841
f  829//825 831//826 851//842 850//841
f  839//5 852//843 848//840 835//1
f  853//844 852//843 839//5 838//831
f  854//845 848//840 852//843 855//846
f  856//847 855//846 852//843 853//844
f  831//826 848//840 854//845 851//842
f  857//848 854//845 855//846 858//849
f  855//846 856//847 859//850 858//849
f  860//851 861//8 862//7 863//852
f  860//851 863//852 864//853 865//854
f  866//9 861//8 860//851 867//855
f  868//856 867//855 860//851 865//854
f  861//8 869//857 870//858 871//6
f  872//11 869//857 861//8 866//9
f  873//859 870//858 869//857 874//860
f  875//861 874//860 869//857 872//11
f  876//862 863//852 862//7 877//863
f  862//7 871//6 878//864 877//863
f  879//865 864//853 863//852 876//862
f  880//866 865//854 864//853 879//865
f  871//6 870//858 873//859 878//864
f  873//859 874//860 881//867 882//12
f  883//14 878//864 873//859 882//12
f  884//868 881//867 874//860 875//861
f  885//869 882//12 881//867 886//870
f  881//867 884//868 887//871 886//870
f  888//872 889//873 890//874 891//875
f  892//876 893//877 888//872 894//878
f  895//879 889//873 888//872 893//877
f  888//872 891//875 896//880 894//878
f  889//873 897//881 898//882 890//874
f  899//883 897//881 889//873 895//879
f  900//884 898//882 897//881 899//883
f  901//885 902//886 891//875 890//874
f  891//875 902//886 903//887 896//880
f  902//886 901//885 904//888 905//889
f  902//886 905//889 906//890 903//887
f  901//885 890//874 898//882 907//891
f  901//885 907//891 908//892 904//888
f  909//893 907//891 898//882 900//884
f  907//891 909//893 910//27 908//892
f  911//894 912//895 893//877 892//876
f  893//877 912//895 913//15 895//879
f  911//894 879//865 876//862 912//895
f  876//862 877//863 913//15 912//895
f  879//865 911//894 914//896 880//866
f  892//876 894//878 896//880 915//897
f  916//898 911//894 892//876 915//897
f  917//899 914//896 911//894 916//898
f  918//16 899//883 895//879 913//15
f  877//863 878//864 883//14 913//15
f  918//16 883//14 919//13 920//900
f  900//884 899//883 918//16 920//900
f  909//893 900//884 920//900 921//901
f  920//900 919//13 922//902 921//901
f  919//13 882//12 885//869 922//902
f  923//903 915//897 896//880 903//887
f  915//897 923//903 924//17 916//898
f  925//18 924//17 923//903 926//20
f  923//903 903//887 906//890 926//20
f  927//22 922//902 885//869 928//23
f  885//869 886//870 929//25 928//23
f  909//893 921//901 930//28 910//27
f  930//28 921//901 922//902 927//22
f  818//815 826//822 931//904 823//819
f  826//822 827//823 932//10 933//905
f  826//822 933//905 934//906 931//904
f  867//855 933//905 932//10 866//9
f  934//906 933//905 867//855 868//856
f  843//835 821//818 823//819 931//904
f  935//907 936//908 931//904 934//906
f  931//904 936//908 937//909 843//835
f  932//10 827//823 828//824 849//31
f  875//861 872//11 932//10 938//32
f  939//910 868//856 865//854 880//866
f  935//907 934//906 868//856 939//910
f  940//911 939//910 880//866 914//896
f  936//908 935//907 941//912 942//913
f  943//914 937//909 936//908 942//913
f  935//907 939//910 940//911 941//912
f  944//915 942//913 941//912 945//916
f  941//912 940//911 946//917 945//916
f  875//861 938//32 947//918 884//868
f  938//32 849//31 948//919 947//918
f  949//920 844//836 843//835 937//909
f  950//921 845//837 844//836 949//920
f  951//922 846//838 845//837 950//921
f  949//920 937//909 943//914 952//923
f  953//924 950//921 949//920 952//923
f  954//925 943//914 942//913 944//915
f  955//35 952//923 943//914 954//925
f  954//925 944//915 956//45 957//36
f  958//33 955//35 954//925 957//36
f  849//31 850//841 959//926 948//919
f  884//868 947//918 960//927 887//871
f  948//919 959//926 961//928 962//929
f  960//927 947//918 948//919 962//929
f  850//841 851//842 963//930 959//926
f  851//842 854//845 857//848 963//930
f  964//931 963//930 857//848 965//932
f  857//848 858//849 966//933 965//932
f  961//928 959//926 963//930 964//931
f  967//38 962//929 961//928 968//39
f  961//928 964//931 969//41 968//39
f  964//931 965//932 970//42 969//41
f  946//917 940//911 914//896 917//899
f  917//899 916//898 924//17 971//19
f  917//899 971//19 956//45 946//917
f  956//45 944//915 945//916 946//917
f  972//37 957//36 956//45 973//44
f  973//44 974//21 975//46 976//934
f  973//44 976//934 977//48 972//37
f  886//870 887//871 978//30 929//25
f  887//871 960//927 979//50 978//30
f  979//50 960//927 962//929 967//38
f  980//43 981//40 968//39 969//41
f  982//54 983//24 984//29 985//935
f  984//29 981//40 986//51 985//935
f  905//889 904//888 987//936 988//937
f  905//889 988//937 989//47 906//890
f  990//938 987//936 904//888 908//892
f  975//46 989//47 988//937 991//939
f  988//937 987//936 992//940 991//939
f  987//936 990//938 993//941 992//940
f  974//21 926//20 906//890 989//47
f  975//46 991//939 994//942 995//943
f  996//944 976//934 975//46 995//943
f  908//892 910//27 997//26 990//938
f  993//941 990//938 997//26 998//53
f  997//26 983//24 982//54 998//53
f  991//939 992//940 999//945 994//942
f  1000//946 999//945 992//940 993//941
f  994//942 999//945 1001//947 1002//948
f  1003//949 995//943 994//942 1002//948
f  999//945 1000//946 1004//950 1001//947
f  993//941 998//53 1005//55 1000//946
f  1000//946 1005//55 1006//951 1004//950
f  976//934 996//944 1007//952 977//48
f  982//54 985//935 1008//953 1005//55
f  1009//954 996//944 995//943 1003//949
f  1010//955 1007//952 996//944 1009//954
f  1011//956 1008//953 985//935 986//51
f  1005//55 1008//953 1012//957 1006//951
f  1008//953 1011//956 1013//958 1012//957
f  1014//959 1004//950 1006//951 1015//960
f  1006//951 1012//957 1016//961 1015//960
f  1017//962 1018//58 1019//57 1020//963
f  1021//61 1018//58 1017//962 1022//964
f  1023//965 1022//964 1017//962 1024//966
f  1025//967 1024//966 1017//962 1020//963
f  1026//968 837//830 836//829 1027//969
f  1028//970 1027//969 836//829 842//834
f  1029//971 1026//968 1027//969 1030//972
f  1027//969 1028//970 1031//973 1030//972
f  1032//974 838//831 837//830 1026//968
f  1033//975 853//844 838//831 1032//974
f  853//844 1033//975 1034//976 856//847
f  1033//975 1032//974 1026//968 1029//971
f  1033//975 1029//971 1035//977 1034//976
f  1031//973 1028//970 842//834 847//839
f  1036//978 1031//973 847//839 1037//979
f  847//839 846//838 951//922 1037//979
f  1018//58 1021//61 1038//60 1039//56
f  1019//57 1039//56 1040//980 1041//981
f  1042//982 1020//963 1019//57 1041//981
f  1030//972 1031//973 1036//978 1043//983
f  1035//977 1029//971 1030//972 1043//983
f  1021//61 1022//964 1044//984 1045//59
f  1039//56 1038//60 1046//985 1040//980
f  1047//986 1046//985 1038//60 1045//59
f  1036//978 1037//979 1048//987 1049//988
f  1050//989 1043//983 1036//978 1049//988
f  1041//981 1040//980 1051//990 1052//991
f  1053//992 1042//982 1041//981 1052//991
f  1035//977 1043//983 1050//989 1054//993
f  1055//994 1034//976 1035//977 1054//993
f  1040//980 1046//985 1056//63 1051//990
f  1046//985 1047//986 1057//64 1056//63
f  856//847 1034//976 1055//994 859//850
f  1058//995 1047//986 1045//59 1044//984
f  1047//986 1058//995 1059//996 1057//64
f  1022//964 1023//965 1060//997 1044//984
f  1024//966 1025//967 1061//998 1062//999
f  1063//1000 1023//965 1024//966 1062//999
f  1064//1001 1060//997 1023//965 1063//1000
f  1020//963 1042//982 1061//998 1025//967
f  1065//1002 1061//998 1042//982 1053//992
f  1066//1003 1062//999 1061//998 1065//1002
f  1064//1001 1058//995 1044//984 1060//997
f  1058//995 1064//1001 1067//1004 1059//996
f  1064//1001 1063//1000 1068//1005 1067//1004
f  1068//1005 1063//1000 1062//999 1066//1003
f  1066//1003 1065//1002 1069//1006 1070//1007
f  1071//1008 1068//1005 1066//1003 1070//1007
f  1072//1009 1067//1004 1068//1005 1071//1008
f  1048//987 1037//979 951//922 1073//1010
f  951//922 950//921 953//924 1073//1010
f  1048//987 1073//1010 1074//70 1075//67
f  1076//69 1049//988 1048//987 1075//67
f  952//923 955//35 1077//34 953//924
f  1077//34 1074//70 1073//1010 953//924
f  1078//68 1075//67 1074//70 958//33
f  958//33 972//37 1079//49 1078//68
f  1052//991 1051//990 1076//69 1080//71
f  1081//1011 1053//992 1052//991 1080//71
f  1082//62 1050//989 1049//988 1076//69
f  1082//62 1076//69 1051//990 1056//63
f  1083//72 1054//993 1050//989 1082//62
f  1078//68 1079//49 1084//1012 1080//71
f  858//849 859//850 1085//1013 966//933
f  1086//1014 1085//1013 859//850 1055//994
f  1085//1013 1086//1014 1087//73 1088//1015
f  1089//52 966//933 1085//1013 1088//1015
f  965//932 966//933 1089//52 970//42
f  1055//994 1054//993 1083//72 1086//1014
f  1086//1014 1083//72 1090//65 1087//73
f  1088//1015 1091//1016 980//43 1089//52
f  1088//1015 1087//73 1092//74 1091//1016
f  1079//49 977//48 1093//1017 1084//1012
f  980//43 1091//1016 1094//1018 986//51
f  1053//992 1081//1011 1069//1006 1065//1002
f  1095//1019 1081//1011 1080//71 1084//1012
f  1081//1011 1095//1019 1096//1020 1069//1006
f  1057//64 1059//996 1097//1021 1098//66
f  1059//996 1067//1004 1072//1009 1097//1021
f  1099//1022 1092//74 1098//66 1097//1021
f  1100//1023 1099//1022 1097//1021 1072//1009
f  1101//1024 1095//1019 1084//1012 1093//1017
f  1102//1025 1096//1020 1095//1019 1101//1024
f  1093//1017 977//48 1007//952 1103//1026
f  1093//1017 1103//1026 1104//1027 1101//1024
f  1092//74 1099//1022 1105//1028 1106//1029
f  1094//1018 1091//1016 1092//74 1106//1029
f  1107//1030 1105//1028 1099//1022 1100//1023
f  1108//1031 1094//1018 1106//1029 1109//1032
f  1106//1029 1105//1028 1110//1033 1109//1032
f  1105//1028 1107//1030 1111//1034 1110//1033
f  1007//952 1010//955 1112//1035 1103//1026
f  1009//954 1003//949 1113//1036 1114//1037
f  1115//1038 1010//955 1009//954 1114//1037
f  1116//1039 1112//1035 1010//955 1115//1038
f  1103//1026 1112//1035 1117//1040 1104//1027
f  1118//1041 1117//1040 1112//1035 1116//1039
f  1108//1031 1011//956 986//51 1094//1018
f  1119//1042 1013//958 1011//956 1108//1031
f  1012//957 1013//958 1120//1043 1016//961
f  1121//1044 1120//1043 1013//958 1119//1042
f  1122//1045 1016//961 1120//1043 1123//1046
f  1120//1043 1121//1044 1124//1047 1123//1046
f  1108//1031 1109//1032 1125//1048 1119//1042
f  1126//1049 1125//1048 1109//1032 1110//1033
f  1127//1050 1121//1044 1119//1042 1125//1048
f  1121//1044 1127//1050 1128//1051 1124//1047
f  1129//1052 1127//1050 1125//1048 1126//1049
f  1127//1050 1129//1052 1130//75 1128//1051
f  1131//1053 1070//1007 1069//1006 1096//1020
f  1132//1054 1071//1008 1070//1007 1131//1053
f  1100//1023 1072//1009 1071//1008 1132//1054
f  1133//1055 1131//1053 1096//1020 1102//1025
f  1134//1056 1102//1025 1101//1024 1104//1027
f  1131//1053 1133//1055 1135//1057 1132//1054
f  1136//1058 1133//1055 1102//1025 1134//1056
f  1137//1059 1135//1057 1133//1055 1136//1058
f  1135//1057 1107//1030 1100//1023 1132//1054
f  1107//1030 1135//1057 1137//1059 1111//1034
f  1138//1060 1134//1056 1104//1027 1117//1040
f  1139//1061 1136//1058 1134//1056 1138//1060
f  1140//1062 1137//1059 1136//1058 1139//1061
f  1141//1063 1111//1034 1137//1059 1140//1062
f  1117//1040 1118//1041 1142//1064 1138//1060
f  1118//1041 1116//1039 1143//1065 1144//1066
f  1145//1067 1142//1064 1118//1041 1144//1066
f  1138//1060 1142//1064 1146//1068 1139//1061
f  1147//1069 1146//1068 1142//1064 1145//1067
f  1148//1070 1140//1062 1139//1061 1146//1068
f  1140//1062 1148//1070 1149//1071 1141//1063
f  1150//1072 1148//1070 1146//1068 1147//1069
f  1151//76 1149//1071 1148//1070 1150//1072
f  1110//1033 1111//1034 1141//1063 1126//1049
f  1126//1049 1141//1063 1149//1071 1129//1052
f  1130//75 1129//1052 1149//1071 1151//76
f  1152//1073 1153//1074 1154//1075 1155//1076
f  1152//1073 1155//1076 1156//1077 1157//1078
f  1152//1073 1157//1078 1158//1079 1159//1080
f  1160//1081 1153//1074 1152//1073 1159//1080
f  1161//1082 1154//1075 1153//1074 1162//1083
f  1163//1084 1162//1083 1153//1074 1160//1081
f  1164//1085 1165//1086 1166//1087 1167//1088
f  1164//1085 1167//1088 1168//1089 1169//1090
f  1170//1091 1165//1086 1164//1085 1171//1092
f  1164//1085 1169//1090 1172//1093 1171//1092
f  1166//1087 1173//1094 1174//1095 1175//1096
f  1166//1087 1165//1086 1176//1097 1173//1094
f  1177//1098 1167//1088 1166//1087 1175//1096
f  1178//1099 1176//1097 1165//1086 1170//1091
f  1179//1100 1175//1096 1174//1095 1180//1101
f  1181//1102 1180//1101 1174//1095 1182//1103
f  1174//1095 1173//1094 1183//1104 1182//1103
f  1184//82 1185//1105 1186//1106 1187//1107
f  1186//1106 1188//1108 1189//1109 1187//1107
f  1186//1106 1185//1105 1190//1110 1191//1111
f  1192//1112 1188//1108 1186//1106 1191//1111
f  1193//1113 1185//1105 1184//82 1194//80
f  1193//1113 1194//80 1195//1114 1196//1115
f  1190//1110 1185//1105 1193//1113 1197//1116
f  1193//1113 1196//1115 1198//1117 1197//1116
f  1173//1094 1176//1097 1199//1118 1183//1104
f  1200//1119 1199//1118 1176//1097 1178//1099
f  1195//1114 1194//80 1201//79 1202//1120
f  1201//79 1203//83 1204//1121 1202//1120
f  1184//82 1187//1107 1205//1122 1206//84
f  1207//1123 1179//1100 1208//1124 1209//1125
f  1210//1126 1209//1125 1208//1124 1211//1127
f  1180//1101 1212//1128 1208//1124 1179//1100
f  1213//1129 1211//1127 1208//1124 1212//1128
f  1177//1098 1175//1096 1179//1100 1207//1123
f  1177//1098 1207//1123 1214//1130 1215//1131
f  1168//1089 1167//1088 1177//1098 1215//1131
f  1207//1123 1209//1125 1210//1126 1214//1130
f  1216//1132 1210//1126 1211//1127 1217//1133
f  1211//1127 1213//1129 1218//1134 1217//1133
f  1219//1135 1214//1130 1210//1126 1216//1132
f  1216//1132 1217//1133 1220//1136 1219//1135
f  1221//1137 1215//1131 1214//1130 1219//1135
f  1222//1138 1221//1137 1219//1135 1220//1136
f  1223//1139 1168//1089 1215//1131 1221//1137
f  1224//1140 1169//1090 1168//1089 1223//1139
f  1169//1090 1224//1140 1225//1141 1172//1093
f  1226//1142 1223//1139 1221//1137 1222//1138
f  1227//1143 1224//1140 1223//1139 1226//1142
f  1224//1140 1227//1143 1228//1144 1225//1141
f  1212//1128 1180//1101 1181//1102 1213//1129
f  1218//1134 1213//1129 1181//1102 1229//1145
f  1181//1102 1182//1103 1230//1146 1229//1145
f  1231//1147 1189//1109 1188//1108 1232//1148
f  1233//1149 1232//1148 1188//1108 1192//1112
f  1205//1122 1187//1107 1189//1109 1234//1150
f  1189//1109 1231//1147 1235//1151 1234//1150
f  1205//1122 1234//1150 1236//1152 1237//1153
f  1238//85 1206//84 1205//1122 1237//1153
f  1220//1136 1217//1133 1218//1134 1229//1145
f  1222//1138 1220//1136 1229//1145 1230//1146
f  1231//1147 1232//1148 1239//1154 1235//1151
f  1236//1152 1234//1150 1235//1151 1240//1155
f  1241//1156 1240//1155 1235//1151 1239//1154
f  1242//1157 1236//1152 1240//1155 1241//1156
f  1243//1158 1237//1153 1236//1152 1242//1157
f  1182//1103 1183//1104 1244//1159 1230//1146
f  1183//1104 1199//1118 1245//1160 1244//1159
f  1246//1161 1245//1160 1199//1118 1200//1119
f  1222//1138 1230//1146 1244//1159 1226//1142
f  1227//1143 1226//1142 1244//1159 1245//1160
f  1228//1144 1227//1143 1245//1160 1246//1161
f  1247//1162 1203//83 1238//85 1248//1163
f  1238//85 1237//1153 1243//1158 1248//1163
f  1203//83 1247//1162 1249//1164 1204//1121
f  1247//1162 1248//1163 1250//1165 1251//1166
f  1252//1167 1249//1164 1247//1162 1251//1166
f  1171//1092 1253//1168 1254//1169 1170//1091
f  1255//1170 1253//1168 1171//1092 1172//1093
f  1256//1171 1254//1169 1253//1168 1257//1172
f  1258//88 1257//1172 1253//1168 1255//1170
f  1170//1091 1254//1169 1259//1173 1178//1099
f  1254//1169 1256//1171 1260//1174 1259//1173
f  1261//1175 1256//1171 1257//1172 1262//1176
f  1263//87 1262//1176 1257//1172 1258//88
f  1256//1171 1261//1175 1264//1177 1260//1174
f  1265//91 1264//1177 1261//1175 1266//1178
f  1261//1175 1262//1176 1267//1179 1266//1178
f  1262//1176 1263//87 1268//1180 1267//1179
f  1269//1181 1270//1182 1196//1115 1195//1114
f  1196//1115 1270//1182 1271//1183 1198//1117
f  1270//1182 1269//1181 1272//1184 1273//1185
f  1270//1182 1273//1185 1274//1186 1271//1183
f  1178//1099 1259//1173 1275//1187 1200//1119
f  1269//1181 1195//1114 1202//1120 1276//1188
f  1277//1189 1276//1188 1202//1120 1204//1121
f  1259//1173 1260//1174 1278//1190 1275//1187
f  1272//1184 1269//1181 1276//1188 1279//1191
f  1280//97 1279//1191 1276//1188 1277//1189
f  1273//1185 1272//1184 1281//1192 1282//1193
f  1281//1192 1272//1184 1260//1174 1264//1177
f  1283//92 1282//1193 1281//1192 1284//90
f  1281//1192 1264//1177 1265//91 1284//90
f  1273//1185 1282//1193 1285//1194 1274//1186
f  1282//1193 1283//92 1286//94 1285//1194
f  1278//1190 1260//1174 1272//1184 1279//1191
f  1287//1195 1255//1170 1172//1093 1225//1141
f  1255//1170 1287//1195 1288//1196 1258//88
f  1289//1197 1287//1195 1225//1141 1228//1144
f  1290//1198 1288//1196 1287//1195 1289//1197
f  1291//1199 1292//86 1258//88 1288//1196
f  1293//1200 1268//1180 1263//87 1292//86
f  1294//104 1267//1179 1268//1180 1295//1201
f  1268//1180 1293//1200 1296//1202 1295//1201
f  1292//86 1291//1199 1297//1203 1293//1200
f  1298//1204 1291//1199 1288//1196 1290//1198
f  1299//1205 1297//1203 1291//1199 1298//1204
f  1293//1200 1297//1203 1300//1206 1296//1202
f  1301//1207 1300//1206 1297//1203 1299//1205
f  1302//1208 1246//1161 1200//1119 1275//1187
f  1289//1197 1228//1144 1246//1161 1302//1208
f  1275//1187 1278//1190 1303//96 1302//1208
f  1278//1190 1279//1191 1280//97 1303//96
f  1290//1198 1289//1197 1302//1208 1303//96
f  1204//1121 1249//1164 1304//1209 1277//1189
f  1305//1210 1304//1209 1249//1164 1252//1167
f  1306//1211 1280//97 1277//1189 1304//1209
f  1280//97 1306//1211 1307//1212 1308//95
f  1309//98 1306//1211 1304//1209 1305//1210
f  1298//1204 1290//1198 1303//96 1308//95
f  1310//100 1307//1212 1306//1211 1309//98
f  1298//1204 1308//95 1311//1213 1299//1205
f  1312//1214 1311//1213 1308//95 1307//1212
f  1301//1207 1299//1205 1311//1213 1313//102
f  1314//1215 1313//102 1311//1213 1312//1214
f  1307//1212 1310//100 1315//1216 1312//1214
f  1266//1178 1316//1217 1317//89 1265//91
f  1294//104 1316//1217 1266//1178 1267//1179
f  1318//1218 1317//89 1316//1217 1319//1219
f  1316//1217 1294//104 1320//106 1319//1219
f  1283//92 1284//90 1317//89 1321//93
f  1322//1220 1321//93 1317//89 1318//1218
f  1323//1221 1324//107 1321//93 1322//1220
f  1318//1218 1319//1219 1325//1222 1326//1223
f  1318//1218 1326//1223 1327//1224 1322//1220
f  1294//104 1295//1201 1328//1225 1329//105
f  1330//1226 1328//1225 1295//1201 1296//1202
f  1331//1227 1329//105 1328//1225 1332//1228
f  1328//1225 1330//1226 1333//1229 1332//1228
f  1334//1230 1330//1226 1296//1202 1300//1206
f  1335//1231 1333//1229 1330//1226 1334//1230
f  1329//105 1331//1227 1336//1232 1337//1233
f  1338//1234 1320//106 1329//105 1337//1233
f  1325//1222 1319//1219 1320//106 1339//1235
f  1340//1236 1339//1235 1320//106 1338//1234
f  1341//1237 1325//1222 1339//1235 1342//1238
f  1343//1239 1342//1238 1339//1235 1340//1236
f  1344//1240 1326//1223 1325//1222 1341//1237
f  1345//1241 1344//1240 1341//1237 1346//1242
f  1341//1237 1342//1238 1347//1243 1346//1242
f  1326//1223 1344//1240 1348//1244 1327//1224
f  1344//1240 1345//1241 1349//1245 1348//1244
f  1342//1238 1343//1239 1350//1246 1347//1243
f  1351//1247 1345//1241 1346//1242 1352//109
f  1353//110 1352//109 1346//1242 1347//1243
f  1345//1241 1351//1247 1354//114 1349//1245
f  1351//1247 1352//109 1355//111 1356//1248
f  1357//112 1354//114 1351//1247 1356//1248
f  1358//1249 1359//1250 1360//1251 1361//1252
f  1360//1251 1359//1250 1362//1253 1363//1254
f  1364//1255 1361//1252 1360//1251 1363//1254
f  1359//1250 1358//1249 1365//1256 1366//1257
f  1359//1250 1366//1257 1367//1258 1362//1253
f  1361//1252 1368//1259 1369//1260 1358//1249
f  1370//1261 1368//1259 1361//1252 1364//1255
f  1371//1262 1369//1260 1368//1259 1370//1261
f  1372//1263 1365//1256 1358//1249 1369//1260
f  1373//1264 1374//1265 1366//1257 1365//1256
f  1366//1257 1374//1265 1375//1266 1367//1258
f  1374//1265 1373//1264 1376//1267 1377//1268
f  1378//115 1375//1266 1374//1265 1377//1268
f  1379//1269 1373//1264 1365//1256 1372//1263
f  1380//1270 1376//1267 1373//1264 1379//1269
f  1381//1271 1377//1268 1376//1267 1382//1272
f  1376//1267 1380//1270 1383//1273 1382//1272
f  1384//1274 1372//1263 1369//1260 1371//1262
f  1385//1275 1379//1269 1372//1263 1384//1274
f  1379//1269 1385//1275 1386//1276 1380//1270
f  1387//1277 1388//1278 1363//1254 1362//1253
f  1363//1254 1388//1278 1389//1279 1364//1255
f  1388//1278 1387//1277 1390//1280 1389//1279
f  1391//1281 1387//1277 1362//1253 1367//1258
f  1392//1282 1390//1280 1387//1277 1391//1281
f  1364//1255 1389//1279 1393//1283 1370//1261
f  1389//1279 1390//1280 1394//1284 1393//1283
f  1390//1280 1392//1282 1395//1285 1394//1284
f  1367//1258 1375//1266 1396//1286 1391//1281
f  1375//1266 1378//115 1397//1287 1396//1286
f  1398//1288 1397//1287 1378//115 1399//117
f  1378//115 1377//1268 1381//1271 1400//116
f  1391//1281 1396//1286 1401//1289 1392//1282
f  1396//1286 1397//1287 1402//119 1401//1289
f  1300//1206 1301//1207 1403//123 1334//1230
f  1397//1287 1398//1288 1404//120 1402//119
f  1398//1288 1399//117 1333//1229 1335//1231
f  1405//122 1404//120 1398//1288 1335//1231
f  1406//121 1407//118 1404//120 1405//122
f  1392//1282 1401//1289 1408//1290 1395//1285
f  1401//1289 1402//119 1409//126 1408//1290
f  1402//119 1407//118 1410//124 1409//126
f  1301//1207 1313//102 1411//101 1403//123
f  1407//118 1406//121 1412//1291 1410//124
f  1370//1261 1393//1283 1394//1284 1371//1262
f  1371//1262 1394//1284 1395//1285 1384//1274
f  1408//1290 1385//1275 1384//1274 1395//1285
f  1385//1275 1408//1290 1409//126 1386//1276
f  1380//1270 1386//1276 1413//1292 1383//1273
f  1386//1276 1409//126 1414//125 1413//1292
f  1382//1272 1336//1232 1331//1227 1381//1271
f  1415//1293 1336//1232 1382//1272 1383//1273
f  1331//1227 1332//1228 1400//116 1381//1271
f  1400//116 1332//1228 1333//1229 1399//117
f  1405//122 1335//1231 1334//1230 1403//123
f  1416//1294 1337//1233 1336//1232 1415//1293
f  1417//1295 1338//1234 1337//1233 1416//1294
f  1338//1234 1417//1295 1418//1296 1340//1236
f  1416//1294 1415//1293 1419//1297 1420//1298
f  1421//1299 1417//1295 1416//1294 1420//1298
f  1403//123 1411//101 1422//127 1406//121
f  1423//1300 1424//103 1313//102 1314//1215
f  1406//121 1422//127 1425//1301 1412//1291
f  1422//127 1424//103 1426//129 1425//1301
f  1427//1302 1428//128 1424//103 1423//1300
f  1383//1273 1413//1292 1419//1297 1415//1293
f  1413//1292 1414//125 1429//1303 1419//1297
f  1414//125 1410//124 1412//1291 1429//1303
f  1420//1298 1419//1297 1429//1303 1430//1304
f  1429//1303 1412//1291 1425//1301 1430//1304
f  1417//1295 1421//1299 1431//1305 1418//1296
f  1432//1306 1421//1299 1420//1298 1430//1304
f  1421//1299 1432//1306 1433//1307 1431//1305
f  1432//1306 1430//1304 1425//1301 1426//129
f  1433//1307 1432//1306 1426//129 1428//128
f  1434//1308 1418//1296 1431//1305 1435//1309
f  1431//1305 1433//1307 1436//1310 1435//1309
f  1436//1310 1433//1307 1428//128 1427//1302
f  1434//1308 1343//1239 1340//1236 1418//1296
f  1343//1239 1434//1308 1437//1311 1350//1246
f  1434//1308 1435//1309 1438//1312 1437//1311
f  1347//1243 1350//1246 1439//1313 1353//110
f  1350//1246 1437//1311 1440//130 1439//1313
f  1353//110 1439//1313 1441//1314 1355//111
f  1442//131 1440//130 1437//1311 1438//1312
f  1441//1314 1439//1313 1440//130 1443//132
f  1444//1315 1438//1312 1435//1309 1436//1310
f  1445//134 1442//131 1438//1312 1444//1315
f  1446//1316 1441//1314 1443//132 1447//1317
f  1448//1318 1447//1317 1443//132 1449//133
f  1450//1319 1451//1320 1452//1321 1453//1322
f  1452//1321 1451//1320 1454//1323 1455//1324
f  1456//1325 1453//1322 1452//1321 1457//1326
f  1452//1321 1455//1324 1458//1327 1457//1326
f  1459//1328 1155//1076 1154//1075 1460//1329
f  1154//1075 1161//1082 1461//1330 1460//1329
f  1161//1082 1462//1331 1463//1332 1461//1330
f  1161//1082 1162//1083 1464//1333 1462//1331
f  1462//1331 1464//1333 1465//1334 1466//1335
f  1450//1319 1463//1332 1462//1331 1466//1335
f  1453//1322 1461//1330 1463//1332 1450//1319
f  1467//1336 1466//1335 1465//1334 1468//1337
f  1465//1334 1464//1333 1469//1338 1470//1339
f  1471//1340 1468//1337 1465//1334 1470//1339
f  1469//1338 1464//1333 1162//1083 1163//1084
f  1467//1336 1451//1320 1450//1319 1466//1335
f  1454//1323 1451//1320 1467//1336 1472//1341
f  1467//1336 1468//1337 1473//1342 1472//1341
f  1472//1341 1474//1343 1455//1324 1454//1323
f  1472//1341 1473//1342 1475//1344 1474//1343
f  1476//1345 1473//1342 1468//1337 1471//1340
f  1477//1346 1475//1344 1473//1342 1476//1345
f  1478//1347 1479//1348 1455//1324 1474//1343
f  1455//1324 1479//1348 1480//1349 1458//1327
f  1481//1350 1482//1351 1479//1348 1478//1347
f  1479//1348 1482//1351 1483//1352 1480//1349
f  1482//1351 1484//1353 1485//1354 1483//1352
f  1482//1351 1481//1350 1486//1355 1484//1353
f  1487//1356 1481//1350 1478//1347 1488//1357
f  1487//1356 1488//1357 1489//1358 1490//1359
f  1486//1355 1481//1350 1487//1356 1491//1360
f  1487//1356 1490//1359 1492//1361 1491//1360
f  1488//1357 1478//1347 1474//1343 1475//1344
f  1489//1358 1488//1357 1475//1344 1477//1346
f  1493//1362 1469//1338 1163//1084 1494//1363
f  1163//1084 1160//1081 1495//1364 1494//1363
f  1496//1365 1470//1339 1469//1338 1493//1362
f  1470//1339 1496//1365 1497//1366 1471//1340
f  1493//1362 1494//1363 1498//1367 1496//1365
f  1499//1368 1497//1366 1496//1365 1498//1367
f  1500//1369 1476//1345 1471//1340 1497//1366
f  1476//1345 1500//1369 1501//1370 1477//1346
f  1501//1370 1500//1369 1497//1366 1499//1368
f  1499//1368 1498//1367 1502//1371 1503//1372
f  1504//1373 1501//1370 1499//1368 1503//1372
f  1505//1374 1489//1358 1477//1346 1501//1370
f  1506//1375 1490//1359 1489//1358 1505//1374
f  1507//1376 1505//1374 1501//1370 1504//1373
f  1508//1377 1506//1375 1505//1374 1507//1376
f  1490//1359 1506//1375 1509//1378 1492//1361
f  1506//1375 1508//1377 1510//1379 1509//1378
f  1507//1376 1504//1373 1511//1380 1512//1381
f  1513//1382 1508//1377 1507//1376 1512//1381
f  1514//1383 1510//1379 1508//1377 1513//1382
f  1515//1384 1485//1354 1484//1353 1516//1385
f  1517//1386 1516//1385 1484//1353 1486//1355
f  1518//1387 1483//1352 1485//1354 1519//1388
f  1485//1354 1515//1384 1520//1389 1519//1388
f  1516//1385 1517//1386 1521//1390 1522//1391
f  1523//1392 1515//1384 1516//1385 1522//1391
f  1515//1384 1523//1392 1524//1393 1520//1389
f  1486//1355 1491//1360 1525//1394 1517//1386
f  1526//1395 1525//1394 1491//1360 1492//1361
f  1521//1390 1517//1386 1525//1394 1527//1396
f  1525//1394 1526//1395 1528//1397 1527//1396
f  1529//1398 1522//1391 1521//1390 1530//1399
f  1521//1390 1527//1396 1531//1400 1530//1399
f  1522//1391 1529//1398 1532//1401 1523//1392
f  1533//1402 1532//1401 1529//1398 1534//1403
f  1529//1398 1530//1399 1535//1404 1534//1403
f  1523//1392 1532//1401 1536//1405 1524//1393
f  1532//1401 1533//1402 1537//1406 1536//1405
f  1533//1402 1534//1403 1538//1407 1539//1408
f  1533//1402 1539//1408 1540//1409 1537//1406
f  1541//1410 1535//1404 1530//1399 1531//1400
f  1542//1411 1543//1412 1535//1404 1541//1410
f  1538//1407 1534//1403 1535//1404 1543//1412
f  1543//1412 1544//1413 1545//1414 1538//1407
f  1543//1412 1542//1411 1546//1415 1544//1413
f  1547//1416 1526//1395 1492//1361 1509//1378
f  1548//1417 1528//1397 1526//1395 1547//1416
f  1527//1396 1528//1397 1549//1418 1531//1400
f  1528//1397 1548//1417 1550//1419 1549//1418
f  1548//1417 1547//1416 1551//1420 1552//1421
f  1548//1417 1552//1421 1553//137 1550//1419
f  1551//1420 1547//1416 1509//1378 1510//1379
f  1554//1422 1551//1420 1510//1379 1514//1383
f  1555//1423 1552//1421 1551//1420 1554//1422
f  1556//1424 1553//137 1552//1421 1555//1423
f  1531//1400 1549//1418 1557//1425 1541//1410
f  1558//1426 1557//1425 1549//1418 1550//1419
f  1542//1411 1541//1410 1557//1425 1559//1427
f  1560//1428 1559//1427 1557//1425 1558//1426
f  1542//1411 1559//1427 1561//1429 1546//1415
f  1559//1427 1560//1428 1562//1430 1563//1431
f  1559//1427 1563//1431 1564//1432 1561//1429
f  1565//136 1558//1426 1550//1419 1553//137
f  1566//1433 1560//1428 1558//1426 1565//136
f  1567//1434 1562//1430 1560//1428 1566//1433
f  1568//1435 1563//1431 1562//1430 1569//1436
f  1562//1430 1567//1434 1570//1437 1569//1436
f  1571//1438 1561//1429 1564//1432 1572//1439
f  1564//1432 1563//1431 1568//1435 1573//1440
f  1574//1441 1572//1439 1564//1432 1573//1440
f  1575//139 1576//135 1553//137 1556//1424
f  1577//1442 1566//1433 1565//136 1576//135
f  1578//1443 1567//1434 1566//1433 1577//1442
f  1567//1434 1578//1443 1579//1444 1570//1437
f  1580//1445 1577//1442 1576//135 1575//139
f  1581//1446 1578//1443 1577//1442 1580//1445
f  1578//1443 1581//1446 1582//1447 1579//1444
f  1355//111 1441//1314 1446//1316 1583//1448
f  1584//1449 1356//1248 1355//111 1583//1448
f  1585//1450 1586//1451 1583//1448 1446//1316
f  1583//1448 1586//1451 1587//1452 1584//1449
f  1586//1451 1585//1450 1588//1453 1589//1454
f  1586//1451 1589//1454 1590//1455 1587//1452
f  1446//1316 1447//1317 1591//1456 1585//1450
f  1592//1457 1591//1456 1447//1317 1448//1318
f  1585//1450 1591//1456 1593//1458 1588//1453
f  1591//1456 1592//1457 1594//1459 1593//1458
f  1589//1454 1588//1453 1595//1460 1596//1461
f  1589//1454 1596//1461 1597//1462 1590//1455
f  1598//1463 1595//1460 1588//1453 1593//1458
f  1596//1461 1595//1460 1599//1464 1600//1465
f  1596//1461 1600//1465 1601//1466 1597//1462
f  1602//1467 1599//1464 1595//1460 1598//1463
f  1603//1468 1601//1466 1600//1465 1604//1469
f  1600//1465 1599//1464 1605//1470 1604//1469
f  1599//1464 1602//1467 1606//1471 1605//1470
f  1539//1408 1538//1407 1545//1414 1607//1472
f  1539//1408 1607//1472 1608//1473 1540//1409
f  1544//1413 1609//1474 1610//1475 1545//1414
f  1611//1476 1609//1474 1544//1413 1546//1415
f  1609//1474 1612//1477 1613//1478 1610//1475
f  1614//1479 1612//1477 1609//1474 1611//1476
f  1615//1480 1613//1478 1612//1477 1616//1481
f  1612//1477 1614//1479 1617//1482 1616//1481
f  1618//1483 1607//1472 1545//1414 1610//1475
f  1607//1472 1618//1483 1619//1484 1608//1473
f  1620//1485 1618//1483 1610//1475 1613//1478
f  1618//1483 1620//1485 1621//1486 1619//1484
f  1620//1485 1613//1478 1615//1480 1622//1487
f  1620//1485 1622//1487 1623//1488 1621//1486
f  1624//1489 1622//1487 1615//1480 1625//1490
f  1615//1480 1616//1481 1626//1491 1625//1490
f  1627//1492 1624//1489 1625//1490 1628//1493
f  1629//1494 1628//1493 1625//1490 1626//1491
f  1622//1487 1624//1489 1630//1495 1623//1488
f  1624//1489 1627//1492 1631//1496 1630//1495
f  1628//1493 1632//1497 1633//1498 1627//1492
f  1634//1499 1632//1497 1628//1493 1629//1494
f  1635//1500 1633//1498 1632//1497 1636//1501
f  1632//1497 1634//1499 1637//1502 1636//1501
f  1627//1492 1633//1498 1638//1503 1631//1496
f  1633//1498 1635//1500 1639//1504 1638//1503
f  1571//1438 1611//1476 1546//1415 1561//1429
f  1611//1476 1571//1438 1640//1505 1614//1479
f  1571//1438 1572//1439 1641//1506 1640//1505
f  1614//1479 1640//1505 1642//1507 1617//1482
f  1643//1508 1642//1507 1640//1505 1641//1506
f  1644//1509 1617//1482 1642//1507 1645//1510
f  1642//1507 1643//1508 1646//1511 1645//1510
f  1647//1512 1641//1506 1572//1439 1574//1441
f  1648//1513 1643//1508 1641//1506 1647//1512
f  1649//1514 1646//1511 1643//1508 1648//1513
f  1616//1481 1617//1482 1644//1509 1626//1491
f  1626//1491 1644//1509 1650//1515 1629//1494
f  1650//1515 1644//1509 1645//1510 1651//1516
f  1645//1510 1646//1511 1652//1517 1651//1516
f  1653//1518 1634//1499 1629//1494 1650//1515
f  1634//1499 1653//1518 1654//1519 1637//1502
f  1650//1515 1651//1516 1655//1520 1653//1518
f  1653//1518 1655//1520 1656//1521 1654//1519
f  1657//1522 1652//1517 1646//1511 1649//1514
f  1658//1523 1655//1520 1651//1516 1652//1517
f  1655//1520 1658//1523 1659//1524 1656//1521
f  1660//1525 1658//1523 1652//1517 1657//1522
f  1661//1526 1659//1524 1658//1523 1660//1525
f  1662//1527 1663//1528 1664//1529 1665//1530
f  1662//1527 1665//1530 1666//1531 1667//1532
f  1668//1533 1669//1534 1662//1527 1667//1532
f  1662//1527 1669//1534 1670//1535 1663//1528
f  1669//1534 1671//1536 1672//1537 1670//1535
f  1673//1538 1671//1536 1669//1534 1668//1533
f  1672//1537 1671//1536 1674//1539 1675//1540
f  1676//1541 1670//1535 1672//1537 1677//1542
f  1672//1537 1675//1540 1678//1543 1677//1542
f  1674//1539 1671//1536 1673//1538 1679//143
f  1673//1538 1668//1533 1680//1544 1681//1545
f  1682//144 1679//143 1673//1538 1681//1545
f  1683//1546 1684//147 1685//146 1686//149
f  1687//1547 1636//1501 1683//1546 1686//149
f  1683//1546 1636//1501 1637//1502 1688//1548
f  1689//1549 1684//147 1683//1546 1688//1548
f  1690//1550 1691//145 1684//147 1689//1549
f  1692//1551 1635//1500 1636//1501 1687//1547
f  1693//1552 1639//1504 1635//1500 1692//1551
f  1694//1553 1674//1539 1679//143 1695//142
f  1687//1547 1686//149 1696//148 1697//1554
f  1698//1555 1697//1554 1696//148 1699//155
f  1696//148 1685//146 1691//145 1700//154
f  1687//1547 1697//1554 1701//1556 1692//1551
f  1697//1554 1698//1555 1702//1557 1701//1556
f  1698//1555 1699//155 1703//157 1704//1558
f  1705//1559 1702//1557 1698//1555 1704//1558
f  1694//1553 1706//1560 1675//1540 1674//1539
f  1675//1540 1706//1560 1707//1561 1678//1543
f  1706//1560 1694//1553 1708//1562 1709//1563
f  1706//1560 1709//1563 1710//1564 1707//1561
f  1694//1553 1695//142 1711//152 1708//1562
f  1712//1565 1709//1563 1708//1562 1713//1566
f  1714//1567 1713//1566 1708//1562 1711//152
f  1709//1563 1712//1565 1715//1568 1710//1564
f  1712//1565 1713//1566 1716//1569 1717//1570
f  1712//1565 1717//1570 1718//1571 1715//1568
f  1719//159 1716//1569 1713//1566 1714//1567
f  1717//1570 1716//1569 1720//1572 1721//1573
f  1722//1574 1718//1571 1717//1570 1721//1573
f  1716//1569 1719//159 1723//158 1720//1572
f  1691//145 1724//163 1725//162 1700//154
f  1726//1575 1724//163 1691//145 1690//1550
f  1727//1576 1728//161 1724//163 1726//1575
f  1729//156 1711//152 1730//151 1703//157
f  1704//1558 1703//157 1730//151 1731//150
f  1711//152 1729//156 1732//1577 1714//1567
f  1729//156 1700//154 1725//162 1732//1577
f  1733//160 1732//1577 1725//162 1728//161
f  1719//159 1714//1567 1732//1577 1733//160
f  1733//160 1728//161 1734//167 1735//1578
f  1736//165 1723//158 1733//160 1735//1578
f  1737//164 1720//1572 1723//158 1736//165
f  1738//168 1734//167 1728//161 1727//1576
f  1739//1579 1735//1578 1734//167 1740//169
f  1637//1502 1654//1519 1741//1580 1688//1548
f  1742//1581 1741//1580 1654//1519 1656//1521
f  1743//1582 1689//1549 1688//1548 1741//1580
f  1689//1549 1743//1582 1744//1583 1690//1550
f  1745//1584 1743//1582 1741//1580 1742//1581
f  1743//1582 1745//1584 1746//1585 1744//1583
f  1656//1521 1659//1524 1747//1586 1742//1581
f  1748//1587 1747//1586 1659//1524 1661//1526
f  1749//1588 1745//1584 1742//1581 1747//1586
f  1745//1584 1749//1588 1750//1589 1746//1585
f  1751//1590 1749//1588 1747//1586 1748//1587
f  1752//1591 1750//1589 1749//1588 1751//1590
f  1753//1592 1726//1575 1690//1550 1744//1583
f  1726//1575 1753//1592 1754//1593 1727//1576
f  1755//1594 1753//1592 1744//1583 1746//1585
f  1756//1595 1754//1593 1753//1592 1755//1594
f  1727//1576 1754//1593 1757//1596 1738//168
f  1758//1597 1757//1596 1754//1593 1756//1595
f  1740//169 1738//168 1757//1596 1759//1598
f  1757//1596 1758//1597 1760//1599 1759//1598
f  1761//1600 1755//1594 1746//1585 1750//1589
f  1755//1594 1761//1600 1762//1601 1756//1595
f  1763//1602 1761//1600 1750//1589 1752//1591
f  1764//1603 1762//1601 1761//1600 1763//1602
f  1765//1604 1758//1597 1756//1595 1762//1601
f  1758//1597 1765//1604 1766//172 1760//1599
f  1767//1605 1765//1604 1762//1601 1764//1603
f  1768//204 1766//172 1765//1604 1767//1605
f  1769//1606 1721//1573 1720//1572 1737//164
f  1737//164 1770//166 1771//1607 1769//1606
f  1736//165 1735//1578 1739//1579 1770//166
f  1770//166 1739//1579 1772//1608 1773//174
f  1774//173 1771//1607 1770//166 1773//174
f  1739//1579 1740//169 1775//1609 1772//1608
f  1776//1610 1777//1611 1778//1612 1779//1613
f  1780//1614 1777//1611 1776//1610 1781//1615
f  1782//1616 1781//1615 1776//1610 1783//1617
f  1784//1618 1783//1617 1776//1610 1779//1613
f  1778//1612 1777//1611 1785//177 1786//176
f  1787//1619 1779//1613 1778//1612 1788//1620
f  1778//1612 1786//176 1789//180 1788//1620
f  1777//1611 1780//1614 1790//1621 1785//177
f  1791//1622 1792//1623 1793//1624 1794//1625
f  1793//1624 1792//1623 1795//1626 1782//1616
f  1793//1624 1782//1616 1783//1617 1796//1627
f  1793//1624 1796//1627 1797//1628 1794//1625
f  1798//1629 1799//1630 1792//1623 1791//1622
f  1792//1623 1799//1630 1800//1631 1795//1626
f  1799//1630 1798//1629 1801//1632 1802//1633
f  1803//1634 1800//1631 1799//1630 1802//1633
f  1804//1635 1798//1629 1791//1622 1805//1636
f  1791//1622 1794//1625 1806//1637 1805//1636
f  1807//1638 1801//1632 1798//1629 1804//1635
f  1805//1636 1806//1637 1808//1639 1809//1640
f  1808//1639 1806//1637 1810//1641 1811//1642
f  1812//1643 1809//1640 1808//1639 1813//1644
f  1808//1639 1811//1642 1814//1645 1813//1644
f  1815//1646 1804//1635 1805//1636 1809//1640
f  1801//1632 1807//1638 1816//1647 1817//1648
f  1818//1649 1802//1633 1801//1632 1817//1648
f  1819//1650 1807//1638 1804//1635 1815//1646
f  1807//1638 1819//1650 1820//1651 1816//1647
f  1821//1652 1820//1651 1819//1650 1822//1653
f  1819//1650 1815//1646 1823//1654 1822//1653
f  1824//1655 1816//1647 1820//1651 1825//1656
f  1826//1657 1825//1656 1820//1651 1821//1652
f  1823//1654 1815//1646 1809//1640 1812//1643
f  1780//1614 1781//1615 1827//1658 1828//1659
f  1780//1614 1828//1659 1829//1660 1790//1621
f  1827//1658 1781//1615 1782//1616 1795//1626
f  1795//1626 1800//1631 1830//1661 1827//1658
f  1828//1659 1827//1658 1830//1661 1831//1662
f  1828//1659 1831//1662 1832//1663 1833//1664
f  1828//1659 1833//1664 1834//1665 1829//1660
f  1800//1631 1803//1634 1835//1666 1830//1661
f  1803//1634 1836//1667 1837//1668 1835//1666
f  1803//1634 1802//1633 1818//1649 1836//1667
f  1836//1667 1818//1649 1838//184 1839//183
f  1840//187 1837//1668 1836//1667 1839//183
f  1841//1669 1831//1662 1830//1661 1835//1666
f  1835//1666 1837//1668 1842//1670 1841//1669
f  1785//177 1790//1621 1843//190 1844//181
f  1790//1621 1829//1660 1845//1671 1843//190
f  1844//181 1843//190 1846//192 1847//1672
f  1848//188 1849//182 1844//181 1847//1672
f  1850//195 1851//1673 1852//1674 1853//1675
f  1850//195 1853//1675 1854//1676 1855//193
f  1856//1677 1851//1673 1850//195 1857//194
f  1858//1678 1859//1679 1851//1673 1856//1677
f  1851//1673 1859//1679 1860//1680 1852//1674
f  1858//1678 1856//1677 1861//1681 1862//1682
f  1863//1683 1859//1679 1858//1678 1864//1684
f  1858//1678 1862//1682 1865//1685 1864//1684
f  1866//1686 1860//1680 1859//1679 1863//1683
f  1853//1675 1852//1674 1860//1680 1867//1687
f  1868//1688 1854//1676 1853//1675 1867//1687
f  1869//1689 1855//193 1854//1676 1870//1690
f  1854//1676 1868//1688 1871//1691 1870//1690
f  1872//1692 1867//1687 1860//1680 1866//1686
f  1873//1693 1868//1688 1867//1687 1872//1692
f  1874//1694 1871//1691 1868//1688 1873//1693
f  1875//1695 1842//1670 1837//1668 1840//187
f  1824//1655 1876//1696 1817//1648 1816//1647
f  1817//1648 1876//1696 1838//184 1818//1649
f  1877//1697 1878//1698 1842//1670 1875//1695
f  1879//1699 1841//1669 1842//1670 1878//1698
f  1831//1662 1841//1669 1879//1699 1832//1663
f  1880//185 1838//184 1876//1696 1881//1700
f  1876//1696 1824//1655 1882//1701 1881//1700
f  1824//1655 1825//1656 1883//1702 1882//1701
f  1877//1697 1875//1695 1881//1700 1882//1701
f  1884//1703 1878//1698 1877//1697 1885//1704
f  1877//1697 1882//1701 1883//1702 1885//1704
f  1886//1705 1879//1699 1878//1698 1884//1703
f  1887//1706 1832//1663 1879//1699 1886//1705
f  1888//1707 1833//1664 1832//1663 1887//1706
f  1833//1664 1888//1707 1889//1708 1834//1665
f  1881//1700 1875//1695 1840//187 1880//185
f  1884//1703 1885//1704 1890//1709 1891//1710
f  1892//1711 1886//1705 1884//1703 1891//1710
f  1885//1704 1883//1702 1893//1712 1890//1709
f  1893//1712 1883//1702 1825//1656 1826//1657
f  1894//1713 1887//1706 1886//1705 1892//1711
f  1888//1707 1887//1706 1894//1713 1895//1714
f  1896//1715 1889//1708 1888//1707 1895//1714
f  1889//1708 1862//1682 1861//1681 1834//1665
f  1865//1685 1862//1682 1889//1708 1896//1715
f  1829//1660 1834//1665 1861//1681 1845//1671
f  1857//194 1845//1671 1861//1681 1856//1677
f  1897//191 1843//190 1845//1671 1857//194
f  1857//194 1855//193 1869//1689 1897//191
f  1846//192 1897//191 1869//1689 1898//1716
f  1869//1689 1870//1690 1899//1717 1898//1716
f  1900//250 1847//1672 1846//192 1898//1716
f  1901//1718 1775//1609 1740//169 1759//1598
f  1772//1608 1775//1609 1902//198 1903//197
f  1904//175 1773//174 1772//1608 1903//197
f  1905//1719 1902//198 1775//1609 1901//1718
f  1902//198 1905//1719 1906//200 1907//196
f  1908//1720 1901//1718 1759//1598 1760//1599
f  1909//1721 1905//1719 1901//1718 1908//1720
f  1905//1719 1909//1721 1910//1722 1911//1723
f  1912//201 1906//200 1905//1719 1911//1723
f  1913//171 1908//1720 1760//1599 1766//172
f  1914//1724 1909//1721 1908//1720 1913//171
f  1915//1725 1910//1722 1909//1721 1914//1724
f  1910//1722 1915//1725 1916//1726 1917//1727
f  1918//1728 1911//1723 1910//1722 1917//1727
f  1919//203 1920//170 1766//172 1768//204
f  1913//171 1920//170 1921//1729 1914//1724
f  1922//1730 1921//1729 1920//170 1919//203
f  1923//1731 1914//1724 1921//1729 1922//1730
f  1924//1732 1915//1725 1914//1724 1923//1731
f  1925//1733 1916//1726 1915//1725 1924//1732
f  1926//1734 1927//1735 1917//1727 1916//1726
f  1917//1727 1927//1735 1928//1736 1918//1728
f  1927//1735 1929//1737 1930//1738 1928//1736
f  1931//1739 1929//1737 1927//1735 1926//1734
f  1930//1738 1929//1737 1932//1740 1933//1741
f  1934//1742 1928//1736 1930//1738 1935//1743
f  1930//1738 1933//1741 1936//1744 1935//1743
f  1929//1737 1931//1739 1937//1745 1932//1740
f  1938//1746 1926//1734 1916//1726 1925//1733
f  1931//1739 1926//1734 1938//1746 1939//1747
f  1940//1748 1937//1745 1931//1739 1939//1747
f  1941//1749 1942//1750 1943//1751 1944//1752
f  1943//1751 1784//1618 1945//1753 1944//1752
f  1943//1751 1796//1627 1783//1617 1784//1618
f  1797//1628 1796//1627 1943//1751 1942//1750
f  1941//1749 1944//1752 1946//1754 1947//1755
f  1948//1756 1949//1757 1941//1749 1947//1755
f  1950//1758 1942//1750 1941//1749 1949//1757
f  1951//1759 1797//1628 1942//1750 1950//1758
f  1949//1757 1948//1756 1952//1760 1953//1761
f  1954//1762 1950//1758 1949//1757 1953//1761
f  1946//1754 1944//1752 1945//1753 1955//1763
f  1945//1753 1787//1619 1956//1764 1955//1763
f  1945//1753 1784//1618 1779//1613 1787//1619
f  1956//1764 1787//1619 1788//1620 1957//1765
f  1958//1766 1957//1765 1788//1620 1789//180
f  1959//1767 1947//1755 1946//1754 1960//1768
f  1946//1754 1955//1763 1961//1769 1960//1768
f  1955//1763 1956//1764 1962//1770 1961//1769
f  1956//1764 1957//1765 1963//1771 1962//1770
f  1964//1772 1948//1756 1947//1755 1959//1767
f  1965//1773 1952//1760 1948//1756 1964//1772
f  1952//1760 1965//1773 1966//1774 1967//206
f  1968//208 1953//1761 1952//1760 1967//206
f  1964//1772 1959//1767 1969//209 1970//1775
f  1971//1776 1965//1773 1964//1772 1970//1775
f  1972//1777 1966//1774 1965//1773 1971//1776
f  1933//1741 1967//206 1966//1774 1936//1744
f  1966//1774 1972//1777 1973//1778 1936//1744
f  1959//1767 1960//1768 1974//210 1969//209
f  1960//1768 1961//1769 1975//1779 1974//210
f  1976//211 1974//210 1975//1779 1977//1780
f  1975//1779 1961//1769 1962//1770 1978//1781
f  1979//1782 1977//1780 1975//1779 1978//1781
f  1980//1783 1970//1775 1969//209 1976//211
f  1981//1784 1971//1776 1970//1775 1980//1783
f  1976//211 1977//1780 1982//1785 1980//1783
f  1983//213 1982//1785 1977//1780 1984//214
f  1977//1780 1979//1782 1985//215 1984//214
f  1986//1786 1972//1777 1971//1776 1981//1784
f  1806//1637 1794//1625 1797//1628 1810//1641
f  1810//1641 1797//1628 1951//1759 1987//218
f  1988//217 1811//1642 1810//1641 1987//218
f  1987//218 1951//1759 1989//1787 1990//1788
f  1987//218 1990//1788 1991//1789 1992//216
f  1951//1759 1950//1758 1954//1762 1989//1787
f  1993//1790 1990//1788 1989//1787 1954//1762
f  1954//1762 1953//1761 1968//208 1993//1790
f  1990//1788 1993//1790 1994//1791 1991//1789
f  1995//1792 1994//1791 1993//1790 1968//208
f  1811//1642 1988//217 1996//1793 1814//1645
f  1988//217 1992//216 1997//1794 1996//1793
f  1992//216 1991//1789 1998//1795 1997//1794
f  1991//1789 1994//1791 1999//1796 1998//1795
f  1994//1791 1995//1792 2000//1797 1999//1796
f  1968//208 2001//207 2002//1798 1995//1792
f  1933//1741 1932//1740 2001//207 1967//206
f  2002//1798 2001//207 1932//1740 1937//1745
f  1995//1792 2002//1798 2003//1799 2000//1797
f  2002//1798 1937//1745 1940//1748 2003//1799
f  2004//1800 2005//1801 2006//1802 2007//1803
f  2008//1804 2009//1805 2004//1800 2007//1803
f  2010//223 2011//221 2004//1800 2012//225
f  2004//1800 2009//1805 2013//1806 2012//225
f  2014//224 2005//1801 2004//1800 2011//221
f  2015//1807 2016//1808 2009//1805 2008//1804
f  2009//1805 2016//1808 2017//1809 2013//1806
f  2016//1808 2015//1807 2018//1810 2019//1811
f  2016//1808 2019//1811 2020//1812 2017//1809
f  2021//1813 2022//1814 2023//179 2024//178
f  2023//179 2022//1814 1958//1766 1789//180
f  2022//1814 2021//1813 2025//1815 2026//1816
f  2027//1817 1958//1766 2022//1814 2026//1816
f  2028//1818 2029//1819 2030//1820 2031//1821
f  2032//1822 2033//1823 2030//1820 2029//1819
f  2034//1824 2031//1821 2030//1820 2035//1825
f  2030//1820 2033//1823 2036//1826 2035//1825
f  2037//1827 2029//1819 2028//1818 2038//1828
f  2028//1818 2031//1821 2039//1829 2040//1830
f  2041//1831 2038//1828 2028//1818 2040//1830
f  2042//1832 2037//1827 2038//1828 2043//1833
f  2044//1834 2043//1833 2038//1828 2041//1831
f  2045//1835 2032//1822 2029//1819 2037//1827
f  2046//1836 2045//1835 2037//1827 2042//1832
f  2047//1837 2048//231 2049//1838 2050//1839
f  2051//233 2052//228 2049//1838 2048//231
f  2053//1840 2050//1839 2049//1838 2054//1841
f  2049//1838 2052//228 2055//230 2054//1841
f  2056//1842 2042//1832 2043//1833 2057//1843
f  2043//1833 2044//1834 2058//1844 2057//1843
f  2042//1832 2056//1842 2059//1845 2046//1836
f  2056//1842 2057//1843 2060//1846 2061//1847
f  2062//1848 2059//1845 2056//1842 2061//1847
f  2063//1849 2064//1850 2065//1851 2066//1852
f  2063//1849 2066//1852 2067//1853 2068//1854
f  2069//1855 2064//1850 2063//1849 2070//1856
f  2071//1857 2070//1856 2063//1849 2068//1854
f  2065//1851 2064//1850 2072//1858 2073//1859
f  2065//1851 2073//1859 2074//1860 2075//1861
f  2076//1862 2066//1852 2065//1851 2075//1861
f  2077//1863 2073//1859 2072//1858 2078//1864
f  2072//1858 2064//1850 2069//1855 2079//1865
f  2080//1866 2078//1864 2072//1858 2079//1865
f  2078//1864 2080//1866 2081//1867 2082//1868
f  2083//1869 2077//1863 2078//1864 2082//1868
f  2075//1861 2074//1860 2084//1870 2085//1871
f  2084//1870 2074//1860 2086//1872 2087//1873
f  2088//1874 2085//1871 2084//1870 2089//1875
f  2090//1876 2089//1875 2084//1870 2087//1873
f  2076//1862 2075//1861 2085//1871 2091//1877
f  2092//1878 2091//1877 2085//1871 2088//1874
f  2093//234 2094//229 2052//228 2051//233
f  2073//1859 2077//1863 2086//1872 2074//1860
f  2095//1879 2086//1872 2077//1863 2083//1869
f  2096//1880 2087//1873 2086//1872 2095//1879
f  2097//1881 2098//1882 2094//229 2093//234
f  2094//229 2098//1882 2099//236 2055//230
f  2066//1852 2076//1862 2100//1883 2067//1853
f  2100//1883 2076//1862 2091//1877 2101//1884
f  2102//1885 2101//1884 2091//1877 2092//1878
f  2100//1883 2101//1884 2103//1886 2104//1887
f  2105//1888 2067//1853 2100//1883 2104//1887
f  2106//1889 2068//1854 2067//1853 2105//1888
f  2098//1882 2097//1881 2107//1890 2108//1891
f  2109//237 2099//236 2098//1882 2108//1891
f  2101//1884 2102//1885 2110//1892 2103//1886
f  2111//1893 2039//1829 2112//1894 2113//1895
f  2111//1893 2113//1895 2114//1896 2115//1897
f  2111//1893 2115//1897 2116//1898 2117//1899
f  2040//1830 2039//1829 2111//1893 2117//1899
f  2118//189 2021//1813 2024//178 1849//182
f  2119//239 2112//1894 2034//1824 2120//240
f  2039//1829 2031//1821 2034//1824 2112//1894
f  2034//1824 2035//1825 2121//242 2120//240
f  2122//243 2113//1895 2112//1894 2119//239
f  2114//1896 2113//1895 2122//243 2123//244
f  2035//1825 2036//1826 2124//245 2121//242
f  2125//1900 2025//1815 2021//1813 2118//189
f  2025//1815 2125//1900 2126//1901 2047//1837
f  2050//1839 2026//1816 2025//1815 2047//1837
f  2114//1896 2123//244 2127//246 2128//1902
f  2129//1903 2115//1897 2114//1896 2128//1902
f  2130//1904 2128//1902 2127//246 2131//247
f  2132//1905 2129//1903 2128//1902 2130//1904
f  2115//1897 2129//1903 2133//1906 2116//1898
f  2125//1900 2118//189 1848//188 2134//249
f  1848//188 1847//1672 1900//250 2134//249
f  2129//1903 2132//1905 2135//1907 2133//1906
f  2136//251 2126//1901 2125//1900 2134//249
f  2041//1831 2040//1830 2117//1899 2137//1908
f  2138//1909 2044//1834 2041//1831 2137//1908
f  2044//1834 2138//1909 2139//1910 2058//1844
f  2117//1899 2116//1898 2140//1911 2137//1908
f  2141//1912 2140//1911 2116//1898 2133//1906
f  2142//1913 2138//1909 2137//1908 2140//1911
f  2138//1909 2142//1913 2143//1914 2139//1910
f  2144//1915 2142//1913 2140//1911 2141//1912
f  2145//1916 2143//1914 2142//1913 2144//1915
f  2058//1844 2139//1910 2146//254 2147//253
f  2060//1846 2057//1843 2058//1844 2147//253
f  2139//1910 2143//1914 2148//1917 2146//254
f  2149//1918 2148//1917 2143//1914 2145//1916
f  2146//254 2148//1917 2150//257 2151//252
f  2152//258 2150//257 2148//1917 2149//1918
f  2153//232 2048//231 2047//1837 2126//1901
f  2060//1846 2147//253 2151//252 2154//256
f  2155//259 2061//1847 2060//1846 2154//256
f  2061//1847 2155//259 2156//260 2062//1848
f  2152//258 2149//1918 2157//1919 2158//261
f  2149//1918 2145//1916 2159//1920 2157//1919
f  2133//1906 2135//1907 2160//1921 2141//1912
f  2141//1912 2160//1921 2161//1922 2144//1915
f  2162//1923 2153//232 2126//1901 2136//251
f  2159//1920 2145//1916 2144//1915 2161//1922
f  2163//235 2051//233 2153//232 2162//1923
f  1870//1690 1871//1691 2164//1924 1899//1717
f  2165//1925 2164//1924 1871//1691 1874//1694
f  2166//248 1900//250 1898//1716 1899//1717
f  2166//248 1899//1717 2164//1924 2167//1926
f  2168//1927 2136//251 2166//248 2167//1926
f  2167//1926 2164//1924 2165//1925 2169//1928
f  2170//1929 2168//1927 2167//1926 2169//1928
f  2136//251 2168//1927 2171//1930 2162//1923
f  2172//1931 2171//1930 2168//1927 2170//1929
f  2173//1932 2088//1874 2089//1875 2174//1933
f  2175//1934 2174//1933 2089//1875 2090//1876
f  2088//1874 2173//1932 2176//1935 2092//1878
f  2177//1936 2173//1932 2174//1933 2178//1937
f  2174//1933 2175//1934 2179//1938 2178//1937
f  2173//1932 2177//1936 2180//1939 2176//1935
f  2175//1934 2090//1876 2181//1940 2182//1941
f  2183//1942 2179//1938 2175//1934 2182//1941
f  2090//1876 2087//1873 2096//1880 2181//1940
f  2093//234 2163//235 2184//263 2097//1881
f  2185//1943 2177//1936 2178//1937 2179//1938
f  2177//1936 2185//1943 2186//1944 2180//1939
f  2179//1938 2183//1942 2187//1945 2185//1943
f  2185//1943 2187//1945 2188//1946 2186//1944
f  2163//235 2162//1923 2171//1930 2189//262
f  2190//1947 2102//1885 2092//1878 2176//1935
f  2102//1885 2190//1947 2191//1948 2110//1892
f  2192//265 2107//1890 2097//1881 2184//263
f  2176//1935 2180//1939 2186//1944 2190//1947
f  2190//1947 2186//1944 2188//1946 2191//1948
f  2107//1890 2192//265 2193//1949 2194//1950
f  2195//1951 2108//1891 2107//1890 2194//1950
f  2192//265 2196//264 2197//268 2193//1949
f  2198//1952 2189//262 2171//1930 2172//1931
f  2199//1953 2200//266 2189//262 2198//1952
f  2196//264 2200//266 2199//1953 2201//1954
f  2202//1955 2203//267 2196//264 2201//1954
f  2204//1956 2195//1951 2194//1950 2205//1957
f  2194//1950 2193//1949 2206//1958 2205//1957
f  2193//1949 2197//268 2207//1959 2206//1958
f  2197//268 2203//267 2202//1955 2208//1960
f  2209//1961 2207//1959 2197//268 2208//1960
f  2210//1962 2206//1958 2207//1959 2211//1963
f  2212//1964 2211//1963 2207//1959 2209//1961
f  2027//1817 1963//1771 1957//1765 1958//1766
f  2213//1965 1962//1770 1963//1771 2214//1966
f  2053//1840 2214//1966 1963//1771 2027//1817
f  2215//1967 2213//1965 2214//1966 2216//238
f  2214//1966 2053//1840 2054//1841 2216//238
f  1962//1770 2213//1965 2006//1802 1978//1781
f  2213//1965 2215//1967 2007//1803 2006//1802
f  2053//1840 2027//1817 2026//1816 2050//1839
f  2216//238 2109//237 2217//1968 2215//1967
f  2216//238 2054//1841 2055//230 2099//236
f  2218//1969 2217//1968 2109//237 2219//1970
f  2109//237 2108//1891 2195//1951 2219//1970
f  2008//1804 2007//1803 2215//1967 2217//1968
f  2015//1807 2008//1804 2217//1968 2218//1969
f  2220//1971 2079//1865 2069//1855 2221//1972
f  2069//1855 2070//1856 2222//1973 2221//1972
f  2221//1972 2222//1973 2223//1974 2224//1975
f  2225//1976 2220//1971 2221//1972 2224//1975
f  2080//1866 2079//1865 2220//1971 2225//1976
f  2222//1973 2070//1856 2071//1857 2223//1974
f  2226//1977 2223//1974 2071//1857 2227//1978
f  2071//1857 2068//1854 2106//1889 2227//1978
f  2228//1979 2225//1976 2224//1975 2229//1980
f  2224//1975 2223//1974 2226//1977 2229//1980
f  2081//1867 2080//1866 2225//1976 2228//1979
f  2005//1801 1979//1782 1978//1781 2006//1802
f  1979//1782 2005//1801 2014//224 1985//215
f  2230//1981 2218//1969 2219//1970 2231//1982
f  2219//1970 2195//1951 2204//1956 2231//1982
f  2018//1810 2015//1807 2218//1969 2230//1981
f  2230//1981 2231//1982 2232//272 2233//271
f  2230//1981 2233//271 2234//274 2018//1810
f  2231//1982 2204//1956 2235//275 2232//272
f  2204//1956 2205//1957 2236//1983 2235//275
f  2210//1962 2236//1983 2205//1957 2206//1958
f  2237//1984 2238//273 2235//275 2236//1983
f  2239//1985 2237//1984 2236//1983 2210//1962
f  2240//1986 2234//274 2238//273 2241//1987
f  2238//273 2237//1984 2242//1988 2241//1987
f  2243//1989 2242//1988 2237//1984 2239//1985
f  2240//1986 2019//1811 2018//1810 2234//274
f  2019//1811 2240//1986 2244//1990 2020//1812
f  2240//1986 2241//1987 2245//1991 2244//1990
f  2246//1992 2020//1812 2244//1990 2247//1993
f  2244//1990 2245//1991 2248//1994 2247//1993
f  2245//1991 2241//1987 2242//1988 2249//1995
f  2245//1991 2249//1995 2250//1996 2248//1994
f  2251//1997 2249//1995 2242//1988 2243//1989
f  2249//1995 2251//1997 2252//1998 2250//1996
f  2210//1962 2211//1963 2253//1999 2239//1985
f  2239//1985 2253//1999 2254//2000 2243//1989
f  2255//2001 2253//1999 2211//1963 2212//1964
f  2256//2002 2254//2000 2253//1999 2255//2001
f  2257//2003 2251//1997 2243//1989 2254//2000
f  2251//1997 2257//2003 2258//2004 2252//1998
f  2259//2005 2257//2003 2254//2000 2256//2002
f  2260//2006 2258//2004 2257//2003 2259//2005
f  1113//1036 1003//949 1002//948 2261//2007
f  1002//948 1001//947 2262//2008 2261//2007
f  1001//947 1004//950 1014//959 2262//2008
f  2263//2009 1113//1036 2261//2007 2264//2010
f  2261//2007 2262//2008 2265//2011 2264//2010
f  2266//2012 1114//1037 1113//1036 2263//2009
f  2262//2008 1014//959 2267//2013 2265//2011
f  1014//959 1015//960 2268//2014 2267//2013
f  2269//2015 2263//2009 2264//2010 2270//2016
f  2264//2010 2265//2011 2271//2017 2270//2016
f  2263//2009 2269//2015 2272//2018 2266//2012
f  2265//2011 2267//2013 2273//2019 2271//2017
f  2274//2020 2273//2019 2267//2013 2268//2014
f  2275//2021 2271//2017 2273//2019 2276//2022
f  2273//2019 2274//2020 2277//2023 2276//2022
f  1122//1045 2268//2014 1015//960 1016//961
f  2268//2014 1122//1045 2278//276 2274//2020
f  2269//2015 2270//2016 2279//2024 2280//2025
f  2281//2026 2272//2018 2269//2015 2280//2025
f  2275//2021 2279//2024 2270//2016 2271//2017
f  2282//2027 2280//2025 2279//2024 2283//2028
f  2279//2024 2275//2021 2284//2029 2283//2028
f  2275//2021 2276//2022 2285//2030 2284//2029
f  1114//1037 2266//2012 2286//2031 1115//1038
f  2266//2012 2272//2018 2287//2032 2286//2031
f  2288//2033 2287//2032 2272//2018 2281//2026
f  1115//1038 2286//2031 1143//1065 1116//1039
f  2289//2034 1143//1065 2286//2031 2287//2032
f  2290//2035 1144//1066 1143//1065 2289//2034
f  2291//2036 2289//2034 2287//2032 2288//2033
f  2292//2037 2290//2035 2289//2034 2291//2036
f  1122//1045 1123//1046 2293//277 2278//276
f  2294//2038 2293//277 1123//1046 1124//1047
f  2274//2020 2278//276 2295//2039 2277//2023
f  2296//2040 2295//2039 2278//276 2297//278
f  2298//2041 2281//2026 2280//2025 2282//2027
f  2299//2042 2288//2033 2281//2026 2298//2041
f  2300//2043 2285//2030 2276//2022 2277//2023
f  2282//2027 2301//2044 2302//2045 2298//2041
f  2282//2027 2283//2028 2303//2046 2301//2044
f  2283//2028 2284//2029 2304//2047 2303//2046
f  2301//2044 2303//2046 2305//2048 2306//281
f  2307//280 2302//2045 2301//2044 2306//281
f  2284//2029 2285//2030 2308//2049 2304//2047
f  2309//2050 2308//2049 2285//2030 2300//2043
f  2310//2051 2304//2047 2308//2049 2311//2052
f  2308//2049 2309//2050 2312//2053 2311//2052
f  2288//2033 2299//2042 2313//2054 2291//2036
f  2299//2042 2298//2041 2302//2045 2314//2055
f  2299//2042 2314//2055 2315//2056 2313//2054
f  2316//2057 2314//2055 2302//2045 2307//280
f  2314//2055 2316//2057 2317//2058 2315//2056
f  2316//2057 2307//280 2318//279 2319//2059
f  2320//2060 2317//2058 2316//2057 2319//2059
f  2277//2023 2295//2039 2321//2061 2300//2043
f  2322//2062 2321//2061 2295//2039 2296//2040
f  2300//2043 2321//2061 2323//2063 2309//2050
f  2324//2064 2323//2063 2321//2061 2322//2062
f  2309//2050 2323//2063 2325//2065 2312//2053
f  2326//2066 2325//2065 2323//2063 2324//2064
f  2327//2067 2312//2053 2325//2065 2328//2068
f  2325//2065 2326//2066 2329//2069 2328//2068
f  2330//2070 1145//1067 1144//1066 2290//2035
f  2331//2071 1147//1069 1145//1067 2330//2070
f  2332//2072 1150//1072 1147//1069 2331//2071
f  2333//2073 2330//2070 2290//2035 2292//2037
f  2330//2070 2333//2073 2334//2074 2331//2071
f  2292//2037 2291//2036 2313//2054 2335//2075
f  2336//2076 2333//2073 2292//2037 2335//2075
f  1150//1072 2332//2072 2337//282 1151//76
f  2338//2077 2334//2074 2333//2073 2336//2076
f  2339//2078 2332//2072 2331//2071 2334//2074
f  2332//2072 2339//2078 2340//283 2337//282
f  2341//2079 2339//2078 2334//2074 2338//2077
f  2342//286 2340//283 2339//2078 2341//2079
f  2343//2080 1128//1051 1130//75 2344//78
f  2345//284 2346//77 1151//76 2337//282
f  2346//77 2345//284 2347//2081 2344//78
f  2345//284 2348//285 2349//2082 2347//2081
f  2350//2083 2335//2075 2313//2054 2315//2056
f  2335//2075 2350//2083 2351//2084 2336//2076
f  2315//2056 2317//2058 2320//2060 2350//2083
f  2352//2085 2351//2084 2350//2083 2320//2060
f  2353//2086 2338//2077 2336//2076 2351//2084
f  2354//2087 2341//2079 2338//2077 2353//2086
f  2341//2079 2354//2087 2355//2088 2342//286
f  2356//2089 2353//2086 2351//2084 2352//2085
f  2357//2090 2355//2088 2354//2087 2358//2091
f  2354//2087 2353//2086 2356//2089 2358//2091
f  2355//2088 2357//2090 2359//2092 2360//2093
f  2361//2094 2360//2093 2359//2092 2362//2095
f  2359//2092 2357//2090 2363//2096 2364//2097
f  2365//2098 2362//2095 2359//2092 2364//2097
f  2360//2093 2348//285 2342//286 2355//2088
f  2348//285 2360//2093 2361//2094 2349//2082
f  2357//2090 2358//2091 2366//2099 2363//2096
f  2367//2100 2297//278 2293//277 2368//2101
f  2293//277 2294//2038 2369//2102 2368//2101
f  2297//278 2367//2100 2370//2103 2296//2040
f  2367//2100 2368//2101 2371//2104 2372//2105
f  2367//2100 2372//2105 2373//2106 2370//2103
f  2372//2105 2371//2104 2374//2107 2375//2108
f  2372//2105 2375//2108 2376//2109 2373//2106
f  2343//2080 2294//2038 1124//1047 1128//1051
f  2377//2110 2369//2102 2294//2038 2343//2080
f  2371//2104 2368//2101 2369//2102 2378//2111
f  2379//2112 2378//2111 2369//2102 2377//2110
f  2374//2107 2371//2104 2378//2111 2380//2113
f  2381//2114 2380//2113 2378//2111 2379//2112
f  2382//2115 2383//2116 2375//2108 2374//2107
f  2375//2108 2383//2116 2384//2117 2376//2109
f  2383//2116 2382//2115 2385//2118 2386//2119
f  2387//2120 2384//2117 2383//2116 2386//2119
f  2382//2115 2374//2107 2380//2113 2388//2121
f  2380//2113 2381//2114 2389//2122 2388//2121
f  2382//2115 2388//2121 2390//2123 2385//2118
f  2296//2040 2370//2103 2391//2124 2322//2062
f  2370//2103 2373//2106 2392//2125 2391//2124
f  2393//2126 2392//2125 2373//2106 2376//2109
f  2394//288 2324//2064 2322//2062 2391//2124
f  2395//287 2326//2066 2324//2064 2394//288
f  2391//2124 2392//2125 2396//289 2394//288
f  2397//2127 2396//289 2392//2125 2393//2126
f  2326//2066 2395//287 2398//2128 2329//2069
f  2395//287 2396//289 2399//2129 2398//2128
f  2396//289 2397//2127 2400//2130 2399//2129
f  2376//2109 2384//2117 2401//2131 2393//2126
f  2402//2132 2401//2131 2384//2117 2387//2120
f  2393//2126 2401//2131 2403//2133 2397//2127
f  2404//2134 2403//2133 2401//2131 2402//2132
f  2405//2135 2400//2130 2397//2127 2403//2133
f  2343//2080 2344//78 2406//2136 2377//2110
f  2407//2137 2379//2112 2377//2110 2406//2136
f  2379//2112 2407//2137 2408//2138 2381//2114
f  2409//2139 2406//2136 2344//78 2347//2081
f  2406//2136 2409//2139 2410//2140 2407//2137
f  2411//2141 2409//2139 2347//2081 2349//2082
f  2412//2142 2410//2140 2409//2139 2411//2141
f  2407//2137 2410//2140 2413//2143 2408//2138
f  2414//2144 2413//2143 2410//2140 2412//2142
f  2415//2145 2389//2122 2381//2114 2408//2138
f  2388//2121 2389//2122 2416//2146 2390//2123
f  2389//2122 2415//2145 2417//2147 2416//2146
f  2408//2138 2413//2143 2418//290 2415//2145
f  2413//2143 2414//2144 2419//291 2418//290
f  2415//2145 2418//290 2420//292 2417//2147
f  2421//2148 2361//2094 2362//2095 2422//2149
f  2423//2150 2422//2149 2362//2095 2365//2098
f  2421//2148 2411//2141 2349//2082 2361//2094
f  2424//2151 2412//2142 2411//2141 2421//2148
f  2412//2142 2424//2151 2425//2152 2414//2144
f  2421//2148 2422//2149 2426//2153 2424//2151
f  2427//2154 2426//2153 2422//2149 2423//2150
f  2424//2151 2426//2153 2428//2155 2425//2152
f  2429//2156 2428//2155 2426//2153 2427//2154
f  2430//293 2419//291 2414//2144 2425//2152
f  2430//293 2425//2152 2428//2155 2431//2157
f  2428//2155 2429//2156 2432//2158 2431//2157
f  2430//293 2431//2157 2433//2159 2434//294
f  2310//2051 2305//2048 2303//2046 2304//2047
f  2318//279 2306//281 2305//2048 2435//2160
f  2305//2048 2310//2051 2436//2161 2435//2160
f  2310//2051 2311//2052 2437//2162 2436//2161
f  2438//2163 2319//2059 2318//279 2435//2160
f  2435//2160 2436//2161 2439//2164 2438//2163
f  2436//2161 2437//2162 2366//2099 2439//2164
f  2327//2067 2437//2162 2311//2052 2312//2053
f  2437//2162 2327//2067 2363//2096 2366//2099
f  2328//2068 2364//2097 2363//2096 2327//2067
f  2365//2098 2364//2097 2328//2068 2329//2069
f  2352//2085 2320//2060 2319//2059 2438//2163
f  2356//2089 2352//2085 2438//2163 2439//2164
f  2358//2091 2356//2089 2439//2164 2366//2099
f  2329//2069 2398//2128 2423//2150 2365//2098
f  2398//2128 2399//2129 2427//2154 2423//2150
f  2399//2129 2400//2130 2429//2156 2427//2154
f  2400//2130 2405//2135 2432//2158 2429//2156
f  2440//2165 2405//2135 2403//2133 2404//2134
f  2441//2166 2432//2158 2405//2135 2440//2165
f  2433//2159 2431//2157 2432//2158 2441//2166
f  2386//2119 2385//2118 2442//2167 2443//2168
f  2386//2119 2443//2168 2444//2169 2387//2120
f  2445//2170 2442//2167 2385//2118 2390//2123
f  2446//2171 2447//2172 2443//2168 2442//2167
f  2443//2168 2447//2172 2448//2173 2444//2169
f  2447//2172 2446//2171 2449//2174 2450//2175
f  2451//296 2448//2173 2447//2172 2450//2175
f  2452//2176 2446//2171 2442//2167 2445//2170
f  2446//2171 2452//2176 2453//2177 2449//2174
f  2454//2178 2402//2132 2387//2120 2444//2169
f  2402//2132 2454//2178 2455//2179 2404//2134
f  2444//2169 2448//2173 2456//2180 2454//2178
f  2457//2181 2456//2180 2448//2173 2451//296
f  2454//2178 2456//2180 2458//2182 2455//2179
f  2456//2180 2457//2181 2459//2183 2458//2182
f  2390//2123 2416//2146 2460//2184 2445//2170
f  2461//2185 2460//2184 2416//2146 2417//2147
f  2452//2176 2445//2170 2460//2184 2462//2186
f  2460//2184 2461//2185 2463//2187 2462//2186
f  2464//2188 2461//2185 2417//2147 2420//292
f  2465//2189 2463//2187 2461//2185 2464//2188
f  2452//2176 2462//2186 2466//2190 2453//2177
f  2467//2191 2466//2190 2462//2186 2463//2187
f  2468//2192 2464//2188 2420//292 2434//294
f  2450//2175 2449//2174 1156//1077 2469//2193
f  2450//2175 2469//2193 2470//297 2451//296
f  2449//2174 2453//2177 1157//1078 1156//1077
f  1156//1077 1155//1076 1459//1328 2469//2193
f  2471//2194 2470//297 2469//2193 1459//1328
f  2470//297 2471//2194 2472//2195 2473//295
f  2471//2194 1459//1328 1460//1329 2474//2196
f  2475//2197 2472//2195 2471//2194 2474//2196
f  2476//2198 2457//2181 2451//296 2473//295
f  2457//2181 2476//2198 2477//2199 2459//2183
f  2473//295 2472//2195 2478//2200 2476//2198
f  2479//2201 2478//2200 2472//2195 2475//2197
f  2476//2198 2478//2200 2480//2202 2477//2199
f  2481//2203 2480//2202 2478//2200 2479//2201
f  1158//1079 1157//1078 2453//2177 2466//2190
f  2482//2204 1158//1079 2466//2190 2467//2191
f  2483//2205 1159//1080 1158//1079 2482//2204
f  1159//1080 2483//2205 1495//1364 1160//1081
f  2404//2134 2455//2179 2484//2206 2440//2165
f  2455//2179 2458//2182 2485//2207 2484//2206
f  2486//2208 2485//2207 2458//2182 2459//2183
f  2487//2209 2441//2166 2440//2165 2484//2206
f  2488//2210 2433//2159 2441//2166 2487//2209
f  2468//2192 2434//294 2433//2159 2488//2210
f  2487//2209 2484//2206 2485//2207 2489//2211
f  2490//2212 2488//2210 2487//2209 2489//2211
f  2491//2213 2468//2192 2488//2210 2490//2212
f  2492//2214 2489//2211 2485//2207 2486//2208
f  2489//2211 2492//2214 2493//2215 2490//2212
f  2459//2183 2477//2199 2494//2216 2486//2208
f  2477//2199 2480//2202 2495//2217 2494//2216
f  2496//2218 2495//2217 2480//2202 2481//2203
f  2497//2219 2492//2214 2486//2208 2494//2216
f  2492//2214 2497//2219 2498//2220 2493//2215
f  2497//2219 2494//2216 2495//2217 2499//2221
f  2500//2222 2499//2221 2495//2217 2496//2218
f  2498//2220 2497//2219 2499//2221 2501//2223
f  2502//301 2501//2223 2499//2221 2500//2222
f  2463//2187 2465//2189 2503//2224 2467//2191
f  2464//2188 2468//2192 2491//2213 2465//2189
f  2465//2189 2491//2213 2504//2225 2503//2224
f  2491//2213 2490//2212 2493//2215 2504//2225
f  2505//2226 2482//2204 2467//2191 2503//2224
f  2506//2227 2483//2205 2482//2204 2505//2226
f  2507//2228 1495//1364 2483//2205 2506//2227
f  2508//2229 1494//1363 1495//1364 2507//2228
f  2506//2227 2505//2226 2509//2230 2510//2231
f  2506//2227 2510//2231 2511//300 2507//2228
f  2509//2230 2505//2226 2503//2224 2504//2225
f  2504//2225 2493//2215 2498//2220 2509//2230
f  2501//2223 2510//2231 2509//2230 2498//2220
f  2510//2231 2501//2223 2502//301 2511//300
f  1232//1148 1233//1149 2512//2232 1239//1154
f  1190//1110 1197//1116 2513//2233 2514//2234
f  2515//2235 1191//1111 1190//1110 2514//2234
f  2516//2236 2513//2233 1197//1116 1198//1117
f  2513//2233 1251//1166 1250//1165 2514//2234
f  1252//1167 1251//1166 2513//2233 2516//2236
f  2517//2237 2518//2238 2519//2239 2520//2240
f  2519//2239 2518//2238 2521//2241 2522//2242
f  2523//2243 2520//2240 2519//2239 2524//2244
f  2519//2239 2522//2242 2525//2245 2524//2244
f  2518//2238 2517//2237 2526//2246 2527//2247
f  2518//2238 2527//2247 2528//2248 2521//2241
f  2529//2249 2517//2237 2520//2240 2530//2250
f  2520//2240 2523//2243 2531//2251 2530//2250
f  2532//2252 2526//2246 2517//2237 2529//2249
f  2527//2247 2526//2246 2533//2253 2534//2254
f  2535//2255 2528//2248 2527//2247 2534//2254
f  2536//2256 2533//2253 2526//2246 2532//2252
f  2537//2257 2534//2254 2533//2253 2538//2258
f  2539//2259 2538//2258 2533//2253 2536//2256
f  2540//2260 2541//2261 2542//2262 2543//2263
f  2542//2262 2541//2261 2544//2264 2545//2265
f  2546//2266 2543//2263 2542//2262 2547//2267
f  2542//2262 2545//2265 2548//2268 2547//2267
f  1192//1112 1191//1111 2515//2235 2549//2269
f  1192//1112 2549//2269 2512//2232 1233//1149
f  2550//2270 2549//2269 2515//2235 2551//2271
f  2515//2235 2514//2234 1250//1165 2551//2271
f  2552//2272 2512//2232 2549//2269 2550//2270
f  2522//2242 2553//2273 2554//2274 2525//2245
f  2522//2242 2521//2241 2555//2275 2553//2273
f  2556//2276 2555//2275 2521//2241 2528//2248
f  2553//2273 2557//2277 2558//2278 2554//2274
f  2559//2279 2557//2277 2553//2273 2555//2275
f  1239//1154 2512//2232 2552//2272 1241//1156
f  1242//1157 1241//1156 2552//2272 2550//2270
f  2551//2271 1243//1158 1242//1157 2550//2270
f  2560//2280 2558//2278 2557//2277 2559//2279
f  2561//2281 2554//2274 2558//2278 2562//2282
f  2563//2283 2562//2282 2558//2278 2560//2280
f  2564//2284 2525//2245 2554//2274 2561//2281
f  2565//2285 2564//2284 2561//2281 2566//2286
f  2561//2281 2562//2282 2563//2283 2566//2286
f  2523//2243 2524//2244 2567//2287 2568//2288
f  2523//2243 2568//2288 2569//2289 2531//2251
f  1250//1165 1248//1163 1243//1158 2551//2271
f  2524//2244 2525//2245 2564//2284 2567//2287
f  2567//2287 2564//2284 2565//2285 2570//2290
f  2571//2291 2568//2288 2567//2287 2570//2290
f  2572//2292 2569//2289 2568//2288 2571//2291
f  2538//2258 2571//2291 2570//2290 2537//2257
f  2573//2293 2537//2257 2570//2290 2565//2285
f  2555//2275 2556//2276 2574//2294 2559//2279
f  2575//2295 2574//2294 2556//2276 2576//2296
f  2556//2276 2528//2248 2535//2255 2576//2296
f  2559//2279 2574//2294 2575//2295 2560//2280
f  2575//2295 2576//2296 2577//2297 2578//2298
f  2563//2283 2560//2280 2575//2295 2578//2298
f  2573//2293 2577//2297 2576//2296 2535//2255
f  2565//2285 2566//2286 2577//2297 2573//2293
f  2577//2297 2566//2286 2563//2283 2578//2298
f  2535//2255 2534//2254 2537//2257 2573//2293
f  2572//2292 2571//2291 2538//2258 2539//2259
f  2579//2299 2540//2260 2580//2300 2581//2301
f  2541//2261 2540//2260 2579//2299 2582//2302
f  2579//2299 2581//2301 2583//2303 2584//2304
f  2579//2299 2584//2304 2585//2305 2582//2302
f  2580//2300 2540//2260 2543//2263 2586//2306
f  2580//2300 2586//2306 2587//2307 2588//2308
f  2589//2309 2581//2301 2580//2300 2588//2308
f  2586//2306 2543//2263 2546//2266 2590//2310
f  2591//2311 2587//2307 2586//2306 2590//2310
f  2592//2312 2544//2264 2541//2261 2582//2302
f  2581//2301 2589//2309 2593//2313 2583//2303
f  2588//2308 2587//2307 2594//2314 2589//2309
f  2595//2315 2594//2314 2587//2307 2591//2311
f  2596//2316 2593//2313 2589//2309 2594//2314
f  2597//2317 2583//2303 2593//2313 2596//2316
f  2594//2314 2595//2315 2598//2318 2596//2316
f  2584//2304 2583//2303 2597//2317 2599//2319
f  2584//2304 2599//2319 2600//2320 2585//2305
f  2601//2321 2599//2319 2597//2317 2602//2322
f  2597//2317 2596//2316 2598//2318 2602//2322
f  2603//2323 2600//2320 2599//2319 2601//2321
f  2529//2249 2530//2250 2604//2324 2605//2325
f  2529//2249 2605//2325 2606//2326 2532//2252
f  2605//2325 2604//2324 2607//2327 2608//2328
f  2605//2325 2608//2328 2609//2329 2606//2326
f  2610//2330 2516//2236 1198//1117 1271//1183
f  1305//1210 1252//1167 2516//2236 2610//2330
f  2604//2324 2530//2250 2531//2251 2611//2331
f  2612//2332 2611//2331 2531//2251 2569//2289
f  2613//2333 2610//2330 1271//1183 1274//1186
f  2607//2327 2604//2324 2611//2331 2614//2334
f  2615//99 2614//2334 2611//2331 2612//2332
f  1309//98 1305//1210 2610//2330 2613//2333
f  2613//2333 1274//1186 2607//2327 2614//2334
f  2615//99 1309//98 2613//2333 2614//2334
f  2616//2335 2607//2327 1274//1186 1285//1194
f  2617//2336 2608//2328 2607//2327 2616//2335
f  2618//108 2616//2335 1285//1194 1286//94
f  2619//304 2617//2336 2616//2335 2618//108
f  2608//2328 2617//2336 2620//2337 2609//2329
f  2621//306 2620//2337 2617//2336 2619//304
f  2622//2338 2536//2256 2532//2252 2606//2326
f  2536//2256 2622//2338 2623//2339 2539//2259
f  2624//2340 2622//2338 2606//2326 2609//2329
f  2622//2338 2624//2340 2625//309 2623//2339
f  2626//2341 2627//2342 2628//2343 2629//2344
f  2626//2341 2630//2345 2631//2346 2627//2342
f  2626//2341 2629//2344 2632//2347 2633//2348
f  2634//310 2630//2345 2626//2341 2633//2348
f  2545//2265 2544//2264 2628//2343 2635//2349
f  2545//2265 2635//2349 2636//2350 2548//2268
f  2629//2344 2628//2343 2544//2264 2592//2312
f  2628//2343 2627//2342 2637//2351 2635//2349
f  2635//2349 2637//2351 2638//2352 2636//2350
f  2631//2346 2609//2329 2620//2337 2639//2353
f  2640//308 2639//2353 2620//2337 2621//306
f  2630//2345 2624//2340 2609//2329 2631//2346
f  2637//2351 2627//2342 2631//2346 2641//2354
f  2631//2346 2639//2353 2642//2355 2641//2354
f  2624//2340 2630//2345 2634//310 2625//309
f  2643//2356 2642//2355 2639//2353 2640//308
f  2637//2351 2641//2354 2644//2357 2638//2352
f  2641//2354 2642//2355 2645//2358 2644//2357
f  2646//2359 2645//2358 2642//2355 2643//2356
f  2569//2289 2572//2292 2647//2360 2612//2332
f  2572//2292 2539//2259 2623//2339 2647//2360
f  2648//2361 2615//99 2612//2332 2647//2360
f  2649//2362 1310//100 2615//99 2648//2361
f  2647//2360 2623//2339 2625//309 2648//2361
f  2648//2361 2625//309 2650//311 2649//2362
f  2651//2363 1315//1216 1310//100 2649//2362
f  1312//1214 1315//1216 2652//312 1314//1215
f  1315//1216 2651//2363 2653//313 2652//312
f  2654//2364 2651//2363 2649//2362 2650//311
f  2651//2363 2654//2364 2655//2365 2653//313
f  2656//2366 2592//2312 2582//2302 2585//2305
f  2632//2347 2629//2344 2592//2312 2656//2366
f  2657//2367 2656//2366 2585//2305 2600//2320
f  2658//2368 2632//2347 2656//2366 2657//2367
f  2659//2369 2633//2348 2632//2347 2658//2368
f  2660//2370 2634//310 2633//2348 2659//2369
f  2661//2371 2657//2367 2600//2320 2603//2323
f  2658//2368 2657//2367 2661//2371 2662//2372
f  2663//2373 2659//2369 2658//2368 2662//2372
f  2664//2374 2650//311 2634//310 2660//2370
f  2665//2375 2654//2364 2650//311 2664//2374
f  2654//2364 2665//2375 2666//2376 2655//2365
f  2667//2377 2660//2370 2659//2369 2663//2373
f  2668//2378 2664//2374 2660//2370 2667//2377
f  2669//2379 2665//2375 2664//2374 2668//2378
f  2665//2375 2669//2379 2670//2380 2666//2376
f  2590//2310 2546//2266 2671//2381 2672//2382
f  2595//2315 2591//2311 2590//2310 2672//2382
f  2546//2266 2547//2267 2673//2383 2671//2381
f  2602//2322 2672//2382 2671//2381 2601//2321
f  2603//2323 2601//2321 2671//2381 2673//2383
f  2602//2322 2598//2318 2595//2315 2672//2382
f  2673//2383 2547//2267 2548//2268 2674//2384
f  2548//2268 2636//2350 2675//2385 2674//2384
f  2636//2350 2638//2352 2676//2386 2675//2385
f  2638//2352 2644//2357 2677//2387 2676//2386
f  2644//2357 2645//2358 2678//2388 2677//2387
f  2679//2389 2678//2388 2645//2358 2646//2359
f  2662//2372 2661//2371 2674//2384 2675//2385
f  2603//2323 2673//2383 2674//2384 2661//2371
f  2663//2373 2662//2372 2675//2385 2676//2386
f  2667//2377 2663//2373 2676//2386 2677//2387
f  2668//2378 2667//2377 2677//2387 2678//2388
f  2669//2379 2668//2378 2678//2388 2679//2389
f  2669//2379 2679//2389 2680//2390 2670//2380
f  2618//108 1324//107 2681//305 2619//304
f  2682//2391 2681//305 1324//107 1323//1221
f  2681//305 2682//2391 2683//2392 2684//307
f  2685//2393 1323//1221 1322//1220 1327//1224
f  2686//2394 2682//2391 1323//1221 2685//2393
f  2687//2395 2683//2392 2682//2391 2686//2394
f  2640//308 2684//307 2688//2396 2643//2356
f  2689//2397 2688//2396 2684//307 2683//2392
f  2643//2356 2688//2396 2690//2398 2646//2359
f  2688//2396 2689//2397 2691//2399 2690//2398
f  2692//2400 2689//2397 2683//2392 2687//2395
f  2689//2397 2692//2400 2693//2401 2691//2399
f  2694//2402 2685//2393 1327//1224 1348//1244
f  2695//2403 2686//2394 2685//2393 2694//2402
f  2696//2404 2687//2395 2686//2394 2695//2403
f  2687//2395 2696//2404 2697//2405 2692//2400
f  2698//2406 2694//2402 1348//1244 1349//1245
f  2694//2402 2698//2406 2699//2407 2695//2403
f  1349//1245 1354//114 2700//113 2698//2406
f  2698//2406 2700//113 2701//316 2699//2407
f  2702//2408 2696//2404 2695//2403 2699//2407
f  2703//2409 2697//2405 2696//2404 2702//2408
f  2692//2400 2697//2405 2704//2410 2693//2401
f  2697//2405 2703//2409 2705//2411 2704//2410
f  2699//2407 2701//316 2706//319 2702//2408
f  2707//317 2706//319 2701//316 2708//315
f  2702//2408 2706//319 2709//318 2703//2409
f  2710//2412 2705//2411 2703//2409 2709//318
f  2711//320 2712//322 2705//2411 2710//2412
f  2713//2413 2704//2410 2705//2411 2712//322
f  2714//2414 2710//2412 2709//318 2707//317
f  2680//2390 2679//2389 2646//2359 2690//2398
f  2715//2415 2680//2390 2690//2398 2691//2399
f  2716//2416 2670//2380 2680//2390 2715//2415
f  2717//2417 2666//2376 2670//2380 2716//2416
f  2691//2399 2693//2401 2718//2418 2715//2415
f  2713//2413 2718//2418 2693//2401 2704//2410
f  2715//2415 2718//2418 2719//2419 2716//2416
f  2720//323 2719//2419 2718//2418 2713//2413
f  1314//1215 2652//312 2721//314 1423//1300
f  1423//1300 2721//314 2722//2420 1427//1302
f  2723//2421 2721//314 2653//313 2655//2365
f  2724//2422 2722//2420 2721//314 2723//2421
f  1427//1302 2722//2420 2725//2423 1436//1310
f  2726//2424 2725//2423 2722//2420 2724//2422
f  2725//2423 2726//2424 2727//326 2728//2425
f  1444//1315 1436//1310 2725//2423 2728//2425
f  2717//2417 2723//2421 2655//2365 2666//2376
f  2723//2421 2717//2417 2729//2426 2724//2422
f  2717//2417 2716//2416 2719//2419 2729//2426
f  2724//2422 2729//2426 2730//324 2726//2424
f  2729//2426 2719//2419 2720//323 2730//324
f  2712//322 2731//321 2720//323 2713//2413
f  2726//2424 2730//324 2731//321 2727//326
f  2732//2427 2728//2425 2727//326 2733//325
f  2733//325 2711//320 2734//2428 2735//2429
f  2736//2430 2732//2427 2733//325 2735//2429
f  2734//2428 2711//320 2710//2412 2714//2414
f  2737//2431 2735//2429 2734//2428 2738//2432
f  2734//2428 2714//2414 2739//2433 2738//2432
f  1444//1315 2728//2425 2732//2427 1445//134
f  1449//133 1445//134 2732//2427 2736//2430
f  1448//1318 1449//133 2736//2430 2740//2434
f  2736//2430 2735//2429 2737//2431 2740//2434
f  1460//1329 1461//1330 2741//2435 2474//2196
f  1461//1330 1453//1322 1456//1325 2741//2435
f  2474//2196 2741//2435 2742//2436 2475//2197
f  2741//2435 1456//1325 2743//2437 2742//2436
f  1456//1325 1457//1326 2744//2438 2743//2437
f  1457//1326 1458//1327 2745//2439 2744//2438
f  2746//2440 2742//2436 2743//2437 2747//2441
f  2748//2442 2747//2441 2743//2437 2744//2438
f  2475//2197 2742//2436 2746//2440 2479//2201
f  2749//2443 2481//2203 2479//2201 2746//2440
f  2481//2203 2749//2443 2750//2444 2496//2218
f  2746//2440 2747//2441 2751//2445 2749//2443
f  2752//2446 2751//2445 2747//2441 2748//2442
f  2753//2447 2750//2444 2749//2443 2751//2445
f  2750//2444 2753//2447 2754//2448 2755//2449
f  2500//2222 2496//2218 2750//2444 2755//2449
f  2756//2450 2753//2447 2751//2445 2752//2446
f  2757//2451 2754//2448 2753//2447 2756//2450
f  2758//302 2755//2449 2754//2448 2759//2452
f  2754//2448 2757//2451 2760//2453 2759//2452
f  2757//2451 2756//2450 2761//2454 2762//2455
f  2757//2451 2762//2455 2763//2456 2760//2453
f  2764//2457 2745//2439 1458//1327 1480//1349
f  2744//2438 2745//2439 2765//2458 2748//2442
f  2745//2439 2764//2457 2766//2459 2765//2458
f  1480//1349 1483//1352 1518//1387 2764//2457
f  2764//2457 1518//1387 2767//2460 2766//2459
f  1518//1387 1519//1388 2768//2461 2767//2460
f  2748//2442 2765//2458 2769//2462 2752//2446
f  2765//2458 2766//2459 2770//2463 2769//2462
f  2766//2459 2767//2460 2771//2464 2770//2463
f  2772//2465 2771//2464 2767//2460 2768//2461
f  2761//2454 2756//2450 2752//2446 2769//2462
f  2773//2466 2761//2454 2769//2462 2770//2463
f  2762//2455 2761//2454 2773//2466 2774//2467
f  2775//2468 2763//2456 2762//2455 2774//2467
f  2773//2466 2770//2463 2771//2464 2776//2469
f  2777//2470 2774//2467 2773//2466 2776//2469
f  2778//2471 2776//2469 2771//2464 2772//2465
f  2779//2472 2777//2470 2776//2469 2778//2471
f  2500//2222 2755//2449 2758//302 2502//301
f  1502//1371 1498//1367 1494//1363 2508//2229
f  2780//2473 1503//1372 1502//1371 2781//2474
f  1502//1371 2508//2229 2782//299 2781//2474
f  2782//299 2508//2229 2507//2228 2511//300
f  1503//1372 2780//2473 1511//1380 1504//1373
f  2781//2474 2782//299 2783//298 2784//2475
f  2785//2476 2780//2473 2781//2474 2784//2475
f  2780//2473 2785//2476 2786//2477 1511//1380
f  2783//298 2511//300 2502//301 2787//303
f  2758//302 2759//2452 2788//2478 2787//303
f  2787//303 2788//2478 2784//2475 2783//298
f  2759//2452 2760//2453 2789//2479 2788//2478
f  2790//2480 2789//2479 2760//2453 2763//2456
f  2789//2479 2785//2476 2784//2475 2788//2478
f  2786//2477 2785//2476 2789//2479 2790//2480
f  2763//2456 2775//2468 2791//2481 2790//2480
f  2792//2482 2775//2468 2774//2467 2777//2470
f  2793//2483 2791//2481 2775//2468 2792//2482
f  2794//2484 2786//2477 2790//2480 2791//2481
f  1512//1381 1511//1380 2786//2477 2794//2484
f  2795//2485 2794//2484 2791//2481 2793//2483
f  2796//2486 2792//2482 2777//2470 2779//2472
f  2797//2487 2793//2483 2792//2482 2796//2486
f  2795//2485 1513//1382 1512//1381 2794//2484
f  1513//1382 2795//2485 2798//2488 1514//1383
f  2798//2488 2795//2485 2793//2483 2797//2487
f  1519//1388 1520//1389 2799//2489 2768//2461
f  2800//2490 2799//2489 1520//1389 1524//1393
f  2768//2461 2799//2489 2801//2491 2772//2465
f  2802//2492 2801//2491 2799//2489 2800//2490
f  2803//2493 2778//2471 2772//2465 2801//2491
f  2778//2471 2803//2493 2804//2494 2779//2472
f  2801//2491 2802//2492 2805//2495 2803//2493
f  2802//2492 2800//2490 2806//2496 2807//2497
f  2808//2498 2805//2495 2802//2492 2807//2497
f  2803//2493 2805//2495 2809//2499 2804//2494
f  2805//2495 2808//2498 2810//2500 2809//2499
f  1524//1393 1536//1405 2806//2496 2800//2490
f  1536//1405 1537//1406 2811//2501 2806//2496
f  2812//2502 2811//2501 1537//1406 1540//1409
f  2813//2503 2807//2497 2806//2496 2811//2501
f  2814//2504 2813//2503 2811//2501 2812//2502
f  2807//2497 2813//2503 2815//2505 2808//2498
f  2813//2503 2814//2504 2816//2506 2815//2505
f  2814//2504 2812//2502 2817//2507 2818//2508
f  2819//2509 2816//2506 2814//2504 2818//2508
f  2808//2498 2815//2505 2820//2510 2810//2500
f  2815//2505 2816//2506 2821//2511 2820//2510
f  2822//2512 2821//2511 2816//2506 2819//2509
f  2823//2513 2796//2486 2779//2472 2804//2494
f  2796//2486 2823//2513 2824//2514 2797//2487
f  2823//2513 2825//2515 2826//2516 2824//2514
f  2823//2513 2804//2494 2809//2499 2825//2515
f  2827//327 2826//2516 2825//2515 2828//2517
f  2825//2515 2809//2499 2810//2500 2828//2517
f  1554//1422 1514//1383 2798//2488 2829//2518
f  2798//2488 2797//2487 2824//2514 2829//2518
f  1554//1422 2829//2518 2830//2519 1555//1423
f  2829//2518 2824//2514 2826//2516 2830//2519
f  1555//1423 2830//2519 2831//2520 1556//1424
f  2830//2519 2826//2516 2827//327 2831//2520
f  2832//328 2827//327 2828//2517 2833//2521
f  2828//2517 2810//2500 2820//2510 2833//2521
f  2834//138 2835//140 1556//1424 2831//2520
f  2836//2522 1580//1445 1575//139 2834//138
f  2837//2523 1581//1446 1580//1445 2836//2522
f  1581//1446 2837//2523 2838//2524 1582//1447
f  2839//329 2834//138 2831//2520 2827//327
f  2840//2525 2836//2522 2834//138 2839//329
f  2841//2526 2837//2523 2836//2522 2840//2525
f  2837//2523 2841//2526 2842//2527 2838//2524
f  2840//2525 2839//329 2832//328 2843//2528
f  2832//328 2833//2521 2844//2529 2843//2528
f  2841//2526 2840//2525 2843//2528 2845//2530
f  2846//2531 2845//2530 2843//2528 2844//2529
f  2841//2526 2845//2530 2847//2532 2842//2527
f  2845//2530 2846//2531 2848//2533 2847//2532
f  2820//2510 2821//2511 2844//2529 2833//2521
f  2849//2534 2844//2529 2821//2511 2822//2512
f  2850//2535 2846//2531 2844//2529 2849//2534
f  2846//2531 2850//2535 2851//2536 2848//2533
f  2852//2537 1357//112 1356//1248 1584//1449
f  1357//112 2852//2537 2853//2538 2708//315
f  2852//2537 2854//2539 2855//2540 2853//2538
f  2852//2537 1584//1449 1587//1452 2854//2539
f  2854//2539 1587//1452 1590//1455 2856//2541
f  2857//2542 2855//2540 2854//2539 2856//2541
f  2858//2543 2707//317 2708//315 2853//2538
f  2707//317 2858//2543 2739//2433 2714//2414
f  2858//2543 2853//2538 2855//2540 2859//2544
f  2858//2543 2859//2544 2860//2545 2739//2433
f  2861//2546 2859//2544 2855//2540 2857//2542
f  2862//2547 2860//2545 2859//2544 2861//2546
f  1448//1318 2740//2434 2863//2548 1592//1457
f  2740//2434 2737//2431 2864//2549 2863//2548
f  2737//2431 2738//2432 2865//2550 2864//2549
f  2864//2549 2865//2550 2866//2551 2867//2552
f  2868//2553 2863//2548 2864//2549 2867//2552
f  2856//2541 1590//1455 1597//1462 2869//2554
f  2870//2555 2857//2542 2856//2541 2869//2554
f  2871//2556 2869//2554 1597//1462 1601//1466
f  2857//2542 2870//2555 2872//2557 2861//2546
f  2873//2558 2870//2555 2869//2554 2871//2556
f  2874//2559 2872//2557 2870//2555 2873//2558
f  2865//2550 2738//2432 2739//2433 2860//2545
f  2866//2551 2865//2550 2860//2545 2862//2547
f  2866//2551 2862//2547 2875//2560 2876//2561
f  2877//2562 2867//2552 2866//2551 2876//2561
f  2861//2546 2872//2557 2875//2560 2862//2547
f  2878//2563 2875//2560 2872//2557 2874//2559
f  2879//2564 2876//2561 2875//2560 2878//2563
f  2878//2563 2874//2559 2880//2565 2881//2566
f  2882//2567 2879//2564 2878//2563 2881//2566
f  2868//2553 1594//1459 1592//1457 2863//2548
f  1598//1463 1593//1458 1594//1459 2883//2568
f  1594//1459 2868//2553 2884//2569 2883//2568
f  2868//2553 2867//2552 2877//2562 2884//2569
f  1598//1463 2883//2568 2885//2570 1602//1467
f  2886//2571 2885//2570 2883//2568 2884//2569
f  1602//1467 2885//2570 2887//2572 1606//1471
f  2885//2570 2886//2571 2888//2573 2887//2572
f  2889//2574 2886//2571 2884//2569 2877//2562
f  2886//2571 2889//2574 2890//2575 2888//2573
f  2889//2574 2877//2562 2876//2561 2879//2564
f  2890//2575 2889//2574 2879//2564 2882//2567
f  2871//2556 1601//1466 1603//1468 2891//2576
f  2871//2556 2891//2576 2892//2577 2873//2558
f  2893//2578 2891//2576 1603//1468 2894//2579
f  1603//1468 1604//1469 2895//2580 2894//2579
f  1604//1469 1605//1470 2896//2581 2895//2580
f  2891//2576 2893//2578 2897//2582 2892//2577
f  2898//2583 2893//2578 2894//2579 2899//2584
f  2894//2579 2895//2580 2900//2585 2899//2584
f  2893//2578 2898//2583 2901//2586 2897//2582
f  2898//2583 2899//2584 2902//2587 2903//2588
f  2904//2589 2901//2586 2898//2583 2903//2588
f  2880//2565 2874//2559 2873//2558 2892//2577
f  2905//2590 2880//2565 2892//2577 2897//2582
f  2906//2591 2881//2566 2880//2565 2905//2590
f  2897//2582 2901//2586 2907//2592 2905//2590
f  1605//1470 1606//1471 2908//2593 2896//2581
f  2909//2594 2908//2593 1606//1471 2887//2572
f  2910//2595 2896//2581 2908//2593 2911//2596
f  2908//2593 2909//2594 2912//2597 2911//2596
f  2910//2595 2900//2585 2895//2580 2896//2581
f  2913//2598 2914//2599 2900//2585 2910//2595
f  2902//2587 2899//2584 2900//2585 2914//2599
f  2914//2599 2913//2598 2915//2600 2916//2601
f  2917//2602 2902//2587 2914//2599 2916//2601
f  2910//2595 2911//2596 2918//2603 2913//2598
f  2919//2604 2915//2600 2913//2598 2918//2603
f  2915//2600 1665//1530 1664//1529 2916//2601
f  1666//1531 1665//1530 2915//2600 2919//2604
f  2881//2566 2906//2591 2920//2605 2882//2567
f  2906//2591 2905//2590 2907//2592 2921//2606
f  2922//2607 2920//2605 2906//2591 2921//2606
f  2890//2575 2882//2567 2920//2605 2923//2608
f  2924//2609 2888//2573 2890//2575 2923//2608
f  2920//2605 2922//2607 2925//2610 2923//2608
f  2926//2611 2907//2592 2901//2586 2904//2589
f  2927//2612 2921//2606 2907//2592 2926//2611
f  2926//2611 2904//2589 2928//2613 2929//2614
f  2930//2615 2927//2612 2926//2611 2929//2614
f  2931//2616 2922//2607 2921//2606 2927//2612
f  2932//2617 2925//2610 2922//2607 2931//2616
f  2927//2612 2930//2615 2933//2618 2931//2616
f  2934//2619 2917//2602 2935//2620 2936//2621
f  2935//2620 2917//2602 2916//2601 1664//1529
f  2935//2620 1664//1529 1663//1528 2937//2622
f  2938//2623 2936//2621 2935//2620 2937//2622
f  2934//2619 2903//2588 2902//2587 2917//2602
f  2903//2588 2934//2619 2928//2613 2904//2589
f  2934//2619 2936//2621 2939//2624 2928//2613
f  2936//2621 2938//2623 2940//2625 2939//2624
f  1676//1541 2937//2622 1663//1528 1670//1535
f  2938//2623 2937//2622 1676//1541 2941//2626
f  2938//2623 2941//2626 2942//2627 2940//2625
f  1676//1541 1677//1542 2943//2628 2941//2626
f  1677//1542 1678//1543 2944//2629 2943//2628
f  2945//2630 2942//2627 2941//2626 2943//2628
f  2946//2631 2929//2614 2928//2613 2939//2624
f  2947//2632 2946//2631 2939//2624 2940//2625
f  2948//2633 2930//2615 2929//2614 2946//2631
f  2930//2615 2948//2633 2949//2634 2933//2618
f  2948//2633 2946//2631 2947//2632 2950//2635
f  2951//2636 2949//2634 2948//2633 2950//2635
f  2940//2625 2942//2627 2952//2637 2947//2632
f  2942//2627 2945//2630 2953//2638 2952//2637
f  2945//2630 2943//2628 2944//2629 2954//2639
f  2945//2630 2954//2639 2955//2640 2953//2638
f  2956//2641 2950//2635 2947//2632 2952//2637
f  2952//2637 2953//2638 2957//2642 2956//2641
f  2958//2643 2944//2629 1678//1543 1707//1561
f  2959//2644 2954//2639 2944//2629 2958//2643
f  2958//2643 1707//1561 1710//1564 2960//2645
f  2958//2643 2960//2645 2961//2646 2959//2644
f  2954//2639 2959//2644 2962//2647 2955//2640
f  1540//1409 1608//1473 2817//2507 2812//2502
f  1608//1473 1619//1484 2963//2648 2817//2507
f  2963//2648 1619//1484 1621//1486 2964//2649
f  2965//2650 2964//2649 1621//1486 1623//1488
f  2966//2651 2818//2508 2817//2507 2963//2648
f  2818//2508 2966//2651 2967//2652 2819//2509
f  2963//2648 2964//2649 2968//2653 2966//2651
f  2969//2654 2968//2653 2964//2649 2965//2650
f  2966//2651 2968//2653 2970//330 2967//2652
f  2971//331 2970//330 2968//2653 2969//2654
f  2887//2572 2888//2573 2924//2609 2909//2594
f  2909//2594 2924//2609 2972//2655 2912//2597
f  2924//2609 2923//2608 2925//2610 2972//2655
f  2973//2656 2918//2603 2911//2596 2912//2597
f  2974//2657 2919//2604 2918//2603 2973//2656
f  2919//2604 2974//2657 2975//2658 1666//1531
f  2976//2659 2973//2656 2912//2597 2972//2655
f  2977//2660 2974//2657 2973//2656 2976//2659
f  2974//2657 2977//2660 2978//2661 2975//2658
f  2972//2655 2925//2610 2932//2617 2976//2659
f  2932//2617 2931//2616 2933//2618 2979//2662
f  2977//2660 2976//2659 2932//2617 2979//2662
f  2980//2663 2979//2662 2933//2618 2949//2634
f  2977//2660 2979//2662 2980//2663 2978//2661
f  1623//1488 1630//1495 2981//2664 2965//2650
f  2982//2665 2981//2664 1630//1495 1631//1496
f  2969//2654 2965//2650 2981//2664 2983//2666
f  2981//2664 2982//2665 2984//2667 2983//2666
f  1631//1496 1638//1503 2985//2668 2982//2665
f  2986//2669 2985//2668 1638//1503 1639//1504
f  2982//2665 2985//2668 2987//2670 2984//2667
f  2988//2671 2987//2670 2985//2668 2986//2669
f  2989//2672 2967//2652 2970//330 2990//332
f  2991//2673 2992//333 2993//2674 2994//2675
f  2995//334 2992//333 2991//2673 2996//2676
f  2991//2673 2994//2675 2997//2677 2998//2678
f  2999//2679 2996//2676 2991//2673 2998//2678
f  2969//2654 2983//2666 3000//2680 2971//331
f  3001//2681 3000//2680 2983//2666 2984//2667
f  2992//333 2971//331 3000//2680 2993//2674
f  3000//2680 3001//2681 3002//2682 2993//2674
f  2984//2667 2987//2670 3003//2683 3001//2681
f  3004//2684 3003//2683 2987//2670 2988//2671
f  3001//2681 3003//2683 3005//2685 3002//2682
f  3006//2686 3005//2685 3003//2683 3004//2684
f  3007//2687 2994//2675 2993//2674 3002//2682
f  2994//2675 3007//2687 3008//2688 2997//2677
f  3002//2682 3005//2685 3009//2689 3007//2687
f  3010//2690 3009//2689 3005//2685 3006//2686
f  3007//2687 3009//2689 3011//2691 3008//2688
f  3009//2689 3010//2690 3012//2692 3011//2691
f  2989//2672 2822//2512 2819//2509 2967//2652
f  2849//2534 2822//2512 2989//2672 3013//2693
f  2989//2672 2990//332 2995//334 3013//2693
f  2850//2535 2849//2534 3013//2693 3014//2694
f  3013//2693 2995//334 2996//2676 3014//2694
f  2850//2535 3014//2694 3015//2695 2851//2536
f  3014//2694 2996//2676 2999//2679 3015//2695
f  3016//2696 1667//1532 1666//1531 2975//2658
f  1680//1544 1668//1533 1667//1532 3016//2696
f  3017//2697 3016//2696 2975//2658 2978//2661
f  3016//2696 3017//2697 3018//2698 1680//1544
f  3017//2697 2978//2661 2980//2663 3019//2699
f  3017//2697 3019//2699 3020//337 3018//2698
f  3019//2699 2980//2663 2949//2634 2951//2636
f  3019//2699 2951//2636 3021//2700 3020//337
f  2951//2636 2950//2635 2956//2641 3021//2700
f  2953//2638 2955//2640 3022//2701 2957//2642
f  3023//335 3020//337 3021//2700 3024//2702
f  3021//2700 2956//2641 2957//2642 3024//2702
f  3025//339 3023//335 3024//2702 3026//2703
f  3024//2702 2957//2642 3022//2701 3026//2703
f  3027//2704 1681//1545 1680//1544 3018//2698
f  3028//336 3027//2704 3018//2698 3020//337
f  3029//2705 2986//2669 1639//1504 1693//1552
f  3030//2706 1693//1552 1692//1551 1701//1556
f  2986//2669 3029//2705 3031//2707 2988//2671
f  1693//1552 3030//2706 3032//2708 3029//2705
f  3033//2709 1682//144 1681//1545 3027//2704
f  1701//1556 1702//1557 3034//2710 3030//2706
f  3035//2711 3036//153 1682//144 3033//2709
f  1702//1557 1705//1559 3037//2712 3034//2710
f  3037//2712 1705//1559 3036//153 3035//2711
f  1704//1558 1731//150 3036//153 1705//1559
f  3032//2708 3030//2706 3034//2710 3038//2713
f  3034//2710 3037//2712 3039//2714 3038//2713
f  3040//2715 3033//2709 3027//2704 3028//336
f  3041//2716 3035//2711 3033//2709 3040//2715
f  3037//2712 3035//2711 3041//2716 3039//2714
f  3029//2705 3032//2708 3042//2717 3031//2707
f  3028//336 3023//335 3025//339 3040//2715
f  3043//338 3041//2716 3040//2715 3025//339
f  3044//2718 3039//2714 3041//2716 3043//338
f  3045//342 3044//2718 3043//338 3046//340
f  3046//340 3025//339 3026//2703 3047//2719
f  3048//2720 3047//2719 3026//2703 3022//2701
f  3032//2708 3038//2713 3049//2721 3042//2717
f  3038//2713 3039//2714 3044//2718 3049//2721
f  3050//343 3049//2721 3044//2718 3045//342
f  3042//2717 3049//2721 3050//343 3051//2722
f  3052//2723 3031//2707 3042//2717 3051//2722
f  3050//343 3045//342 3053//341 3054//344
f  3055//346 3051//2722 3050//343 3056//345
f  1710//1564 1715//1568 3057//2724 2960//2645
f  3058//2725 3057//2724 1715//1568 1718//1571
f  2960//2645 3057//2724 3059//2726 2961//2646
f  3060//2727 3059//2726 3057//2724 3058//2725
f  3061//2728 2962//2647 2959//2644 2961//2646
f  2955//2640 2962//2647 3048//2720 3022//2701
f  2962//2647 3061//2728 3062//2729 3048//2720
f  2961//2646 3059//2726 3063//2730 3061//2728
f  3059//2726 3060//2727 3064//2731 3063//2730
f  3060//2727 3058//2725 3065//2732 3066//2733
f  3067//2734 3064//2731 3060//2727 3066//2733
f  3061//2728 3063//2730 3068//2735 3062//2729
f  3063//2730 3064//2731 3069//2736 3068//2735
f  3070//2737 3069//2736 3064//2731 3067//2734
f  3047//2719 3048//2720 3062//2729 3071//2738
f  3053//341 3046//340 3047//2719 3071//2738
f  3062//2729 3068//2735 3072//2739 3071//2738
f  3068//2735 3069//2736 3073//2740 3072//2739
f  3074//2741 3073//2740 3069//2736 3070//2737
f  3075//2742 3053//341 3071//2738 3072//2739
f  3054//344 3053//341 3075//2742 3076//2743
f  3054//344 3076//2743 3077//2744 3056//345
f  3076//2743 3075//2742 3078//2745 3079//2746
f  3076//2743 3079//2746 3080//2747 3077//2744
f  3072//2739 3073//2740 3078//2745 3075//2742
f  3073//2740 3074//2741 3081//2748 3078//2745
f  3074//2741 3070//2737 3082//349 3083//348
f  3084//351 3081//2748 3074//2741 3083//348
f  3085//2749 3079//2746 3078//2745 3081//2748
f  3086//2750 3080//2747 3079//2746 3085//2749
f  3087//353 3085//2749 3081//2748 3084//351
f  2988//2671 3031//2707 3052//2723 3004//2684
f  3004//2684 3052//2723 3088//2751 3006//2686
f  3052//2723 3051//2722 3055//346 3089//2752
f  3090//2753 3088//2751 3052//2723 3089//2752
f  3006//2686 3088//2751 3091//2754 3010//2690
f  3092//2755 3091//2754 3088//2751 3090//2753
f  3010//2690 3091//2754 3093//2756 3012//2692
f  3091//2754 3092//2755 3094//2757 3093//2756
f  3095//2758 3089//2752 3055//346 3096//347
f  3097//2759 3090//2753 3089//2752 3095//2758
f  3098//2760 3092//2755 3090//2753 3097//2759
f  3092//2755 3098//2760 3099//2761 3094//2757
f  3056//345 3077//2744 3100//2762 3096//347
f  3101//2763 3100//2762 3077//2744 3080//2747
f  3102//2764 3095//2758 3096//347 3100//2762
f  3103//2765 3097//2759 3095//2758 3102//2764
f  3100//2762 3101//2763 3104//2766 3102//2764
f  3080//2747 3086//2750 3105//2767 3101//2763
f  3106//2768 3086//2750 3085//2749 3087//353
f  3107//2769 3105//2767 3086//2750 3106//2768
f  3101//2763 3105//2767 3108//2770 3104//2766
f  3105//2767 3107//2769 3109//357 3108//2770
f  3107//2769 3106//2768 3110//2771 3111//2772
f  3112//355 3109//357 3107//2769 3111//2772
f  3097//2759 3103//2765 3113//2773 3098//2760
f  3114//2774 3103//2765 3102//2764 3104//2766
f  3103//2765 3114//2774 3115//2775 3113//2773
f  3114//2774 3104//2766 3108//2770 3116//2776
f  3117//2777 3115//2775 3114//2774 3116//2776
f  3098//2760 3113//2773 3118//2778 3099//2761
f  3113//2773 3115//2775 3119//2779 3118//2778
f  3115//2775 3117//2777 3120//2780 3119//2779
f  3121//356 3116//2776 3108//2770 3109//357
f  3116//2776 3121//356 3122//2781 3117//2777
f  3123//2782 3122//2781 3121//356 3112//355
f  3117//2777 3122//2781 3124//2783 3120//2780
f  3122//2781 3123//2782 3125//2784 3124//2783
f  3065//2732 3058//2725 1718//1571 1722//1574
f  1722//1574 1721//1573 1769//1606 3126//2785
f  3127//2786 3065//2732 1722//1574 3126//2785
f  3128//2787 3126//2785 1769//1606 1771//1607
f  3129//2788 3066//2733 3065//2732 3127//2786
f  3130//2789 3127//2786 3126//2785 3128//2787
f  3131//2790 3129//2788 3127//2786 3130//2789
f  3066//2733 3129//2788 3132//2791 3067//2734
f  3129//2788 3131//2790 3133//2792 3132//2791
f  3067//2734 3132//2791 3082//349 3070//2737
f  3134//2793 3128//2787 1771//1607 1774//173
f  3128//2787 3134//2793 3135//2794 3130//2789
f  1774//173 1904//175 3136//2795 3134//2793
f  1904//175 1903//197 1907//196 3137//2796
f  3138//2797 3136//2795 1904//175 3137//2796
f  3134//2793 3136//2795 3139//2798 3135//2794
f  3140//2799 3139//2798 3136//2795 3138//2797
f  3141//2800 3131//2790 3130//2789 3135//2794
f  3142//2801 3133//2792 3131//2790 3141//2800
f  3132//2791 3133//2792 3143//350 3082//349
f  3144//358 3143//350 3133//2792 3142//2801
f  3084//351 3083//348 3143//350 3145//352
f  3143//350 3144//358 3146//360 3145//352
f  3147//359 3144//358 3142//2801 3148//2802
f  3142//2801 3141//2800 3149//2803 3148//2802
f  3147//359 3148//2802 3150//2804 3151//361
f  3149//2803 3141//2800 3135//2794 3139//2798
f  3152//2805 3149//2803 3139//2798 3140//2799
f  3150//2804 3148//2802 3149//2803 3152//2805
f  3153//2806 3154//2807 3155//2808 3156//2809
f  1982//1785 1983//213 3153//2806 3156//2809
f  3157//2810 3154//2807 3153//2806 3158//2811
f  3153//2806 1983//213 3159//212 3158//2811
f  3160//2812 3161//2813 3162//2814 3155//2808
f  3154//2807 3163//2815 3160//2812 3155//2808
f  3164//388 3165//2816 3160//2812 3163//2815
f  3166//2817 3161//2813 3160//2812 3165//2816
f  3167//2818 3162//2814 3161//2813 3168//2819
f  3169//2820 3168//2819 3161//2813 3166//2817
f  3156//2809 3155//2808 3162//2814 3170//2821
f  3162//2814 3167//2818 3171//2822 3170//2821
f  3172//2823 3163//2815 3154//2807 3157//2810
f  3167//2818 3168//2819 3173//365 3174//364
f  3175//375 3171//2822 3167//2818 3174//364
f  3176//2824 3173//365 3168//2819 3169//2820
f  3177//199 3137//2796 1907//196 1906//200
f  3178//2825 3138//2797 3137//2796 3177//199
f  3138//2797 3178//2825 3179//2826 3140//2799
f  3177//199 3180//369 3181//368 3178//2825
f  3177//199 1912//201 3182//2827 3180//369
f  1912//201 1911//1723 1918//1728 3182//2827
f  3183//2828 3184//367 3180//369 3185//2829
f  3180//369 3182//2827 1934//1742 3185//2829
f  3178//2825 3181//368 3186//2830 3179//2826
f  3181//368 3184//367 3187//2831 3186//2830
f  3184//367 3183//2828 3188//2832 3187//2831
f  3183//2828 3185//2829 3189//2833 3190//2834
f  3191//2835 3188//2832 3183//2828 3190//2834
f  3192//2836 3152//2805 3140//2799 3179//2826
f  3193//2837 3150//2804 3152//2805 3192//2836
f  3194//362 3151//361 3150//2804 3193//2837
f  3195//2838 3192//2836 3179//2826 3186//2830
f  3192//2836 3195//2838 3196//2839 3193//2837
f  3186//2830 3187//2831 3197//372 3195//2838
f  3187//2831 3188//2832 3198//370 3197//372
f  3195//2838 3197//372 3199//371 3196//2839
f  3193//2837 3196//2839 3200//2840 3194//362
f  3182//2827 1918//1728 1928//1736 1934//1742
f  1934//1742 1935//1743 3189//2833 3185//2829
f  3188//2832 3191//2835 3201//2841 3198//370
f  3196//2839 3199//371 3202//2842 3203//2843
f  3196//2839 3203//2843 3204//2844 3200//2840
f  3199//371 3198//370 3205//2845 3202//2842
f  3206//2846 3203//2843 3202//2842 3207//2847
f  3208//2848 3207//2847 3202//2842 3205//2845
f  3203//2843 3206//2846 3209//2849 3204//2844
f  3210//2850 3206//2846 3207//2847 3211//2851
f  3207//2847 3208//2848 3212//2852 3211//2851
f  3213//2853 3209//2849 3206//2846 3210//2850
f  3214//2854 3190//2834 3189//2833 1973//1778
f  3189//2833 1935//1743 1936//1744 1973//1778
f  1973//1778 1972//1777 3215//2855 3214//2854
f  1972//1777 1986//1786 3216//377 3215//2855
f  3190//2834 3214//2854 3217//2856 3191//2835
f  3214//2854 3215//2855 3218//2857 3217//2856
f  3219//2858 1981//1784 1980//1783 1982//1785
f  1981//1784 3219//2858 3220//2859 1986//1786
f  1982//1785 3156//2809 3170//2821 3219//2858
f  3220//2859 3219//2858 3170//2821 3171//2822
f  3220//2859 3171//2822 3175//375 3221//374
f  3216//377 1986//1786 3220//2859 3221//374
f  3174//364 3222//366 3223//373 3175//375
f  3224//2860 3222//366 3173//365 3176//2824
f  3225//2861 3226//376 3222//366 3224//2860
f  3221//374 3223//373 3227//378 3216//377
f  3227//378 3223//373 3226//376 3228//2862
f  3229//2863 3228//2862 3226//376 3225//2861
f  3230//379 3227//378 3228//2862 3231//2864
f  3232//2865 3231//2864 3228//2862 3229//2863
f  3218//2857 3215//2855 3216//377 3230//379
f  3218//2857 3230//379 3233//2866 3234//381
f  3235//380 3217//2856 3218//2857 3234//381
f  3230//379 3231//2864 3236//2867 3233//2866
f  3237//2868 3236//2867 3231//2864 3232//2865
f  3233//2866 3236//2867 3238//2869 3239//2870
f  3240//382 3234//381 3233//2866 3239//2870
f  3241//2871 3238//2869 3236//2867 3237//2868
f  3242//2872 3239//2870 3238//2869 3243//2873
f  3244//2874 3243//2873 3238//2869 3241//2871
f  3191//2835 3217//2856 3235//380 3201//2841
f  3205//2845 3198//370 3201//2841 3245//2875
f  3246//385 3245//2875 3201//2841 3235//380
f  3205//2845 3245//2875 3247//2876 3208//2848
f  3245//2875 3246//385 3248//384 3247//2876
f  3249//386 3246//385 3235//380 3240//382
f  3247//2876 3248//384 3250//2877 3251//2878
f  3212//2852 3208//2848 3247//2876 3251//2878
f  3248//384 3252//387 3253//2879 3250//2877
f  3240//382 3239//2870 3242//2872 3249//386
f  3249//386 3242//2872 3254//2880 3255//383
f  3242//2872 3243//2873 3256//2881 3254//2880
f  3257//2882 3252//387 3255//383 3254//2880
f  3252//387 3257//2882 3258//2883 3253//2879
f  3259//2884 3257//2882 3254//2880 3256//2881
f  3257//2882 3259//2884 3260//2885 3258//2883
f  3110//2771 3106//2768 3087//353 3261//354
f  3261//354 3151//361 3262//363 3110//2771
f  3111//2772 3110//2771 3262//363 3263//2886
f  3111//2772 3263//2886 3264//2887 3112//355
f  3262//363 3194//362 3200//2840 3263//2886
f  3263//2886 3200//2840 3204//2844 3264//2887
f  3112//355 3264//2887 3265//2888 3123//2782
f  3264//2887 3204//2844 3209//2849 3265//2888
f  3123//2782 3265//2888 3266//2889 3125//2784
f  3265//2888 3209//2849 3213//2853 3266//2889
f  3267//2890 3256//2881 3243//2873 3244//2874
f  3268//2891 3259//2884 3256//2881 3267//2890
f  3259//2884 3268//2891 3269//2892 3260//2885
f  3270//2893 3271//2894 3272//2895 3273//2896
f  3272//2895 3165//2816 3164//388 3274//390
f  3166//2817 3165//2816 3272//2895 3271//2894
f  3275//2897 3273//2896 3272//2895 3274//390
f  3169//2820 3166//2817 3271//2894 3276//2898
f  3271//2894 3270//2893 3277//2899 3276//2898
f  3278//2900 3270//2893 3273//2896 3279//2901
f  3280//393 3279//2901 3273//2896 3275//2897
f  3270//2893 3278//2900 3281//2902 3277//2899
f  3282//392 3283//2903 3279//2901 3280//393
f  3284//2904 3278//2900 3279//2901 3283//2903
f  3285//404 3281//2902 3278//2900 3284//2904
f  3286//270 3287//2905 3288//2906 3289//269
f  3157//2810 3158//2811 3288//2906 3290//2907
f  3288//2906 3287//2905 3291//2908 3290//2907
f  3288//2906 3158//2811 3159//212 3289//269
f  3292//395 3287//2905 3286//270 3293//220
f  3287//2905 3292//395 3294//394 3291//2908
f  3295//396 3296//219 3297//2909 3298//397
f  3297//2909 3296//219 3299//222 3300//400
f  3297//2909 3283//2903 3282//392 3298//397
f  3284//2904 3283//2903 3297//2909 3300//400
f  3295//396 3292//395 3293//220 3296//219
f  3295//396 3301//398 3302//2910 3294//394
f  3303//226 3300//400 3299//222 2010//223
f  3164//388 3163//2815 3172//2823 3304//2911
f  3305//2912 3306//389 3164//388 3304//2911
f  3275//2897 3274//390 3306//389 3307//2913
f  3306//389 3305//2912 3302//2910 3307//2913
f  3172//2823 3157//2810 3290//2907 3304//2911
f  3304//2911 3290//2907 3291//2908 3305//2912
f  3305//2912 3291//2908 3294//394 3302//2910
f  3176//2824 3308//2914 3309//2915 3224//2860
f  3176//2824 3169//2820 3276//2898 3308//2914
f  3309//2915 3308//2914 3310//2916 3311//2917
f  3225//2861 3224//2860 3309//2915 3312//2918
f  3309//2915 3311//2917 3313//2919 3312//2918
f  3280//393 3275//2897 3307//2913 3314//391
f  3301//398 3314//391 3307//2913 3302//2910
f  3314//391 3301//398 3298//397 3282//392
f  3310//2916 3277//2899 3281//2902 3315//401
f  3316//403 3311//2917 3310//2916 3315//401
f  3310//2916 3308//2914 3276//2898 3277//2899
f  3317//402 3315//401 3281//2902 3285//404
f  3311//2917 3316//403 3318//406 3313//2919
f  3318//406 3316//403 3317//402 3319//405
f  3320//2920 3313//2919 3318//406 3321//407
f  3285//404 3284//2904 3300//400 3322//399
f  2012//225 2013//1806 3323//2921 3324//227
f  3325//2922 3323//2921 2013//1806 2017//1809
f  3324//227 3323//2921 3326//2923 3327//408
f  3321//407 3327//408 3328//2924 3320//2920
f  3329//2925 3326//2923 3323//2921 3325//2922
f  3327//408 3326//2923 3330//2926 3328//2924
f  3331//2927 3330//2926 3326//2923 3329//2925
f  3332//2928 3328//2924 3330//2926 3333//2929
f  3334//2930 3333//2929 3330//2926 3331//2927
f  2017//1809 2020//1812 2246//1992 3325//2922
f  3329//2925 3325//2922 2246//1992 3335//2931
f  2246//1992 2247//1993 3336//2932 3335//2931
f  3331//2927 3329//2925 3335//2931 3337//2933
f  3335//2931 3336//2932 3338//2934 3337//2933
f  3225//2861 3312//2918 3339//2935 3229//2863
f  3312//2918 3313//2919 3320//2920 3339//2935
f  3340//2936 3232//2865 3229//2863 3339//2935
f  3232//2865 3340//2936 3341//2937 3237//2868
f  3339//2935 3320//2920 3328//2924 3340//2936
f  3340//2936 3328//2924 3332//2928 3341//2937
f  3241//2871 3237//2868 3341//2937 3342//2938
f  3341//2937 3332//2928 3343//2939 3342//2938
f  3332//2928 3333//2929 3344//2940 3343//2939
f  3333//2929 3334//2930 3345//2941 3344//2940
f  2247//1993 2248//1994 3346//2942 3336//2932
f  2248//1994 2250//1996 3347//2943 3346//2942
f  3336//2932 3346//2942 3348//2944 3338//2934
f  3349//2945 3347//2943 2250//1996 2252//1998
f  3346//2942 3347//2943 3350//2946 3348//2944
f  3351//2947 3350//2946 3347//2943 3349//2945
f  3331//2927 3337//2933 3352//2948 3334//2930
f  3353//409 3352//2948 3337//2933 3338//2934
f  3334//2930 3352//2948 3354//2949 3345//2941
f  3352//2948 3353//409 3355//411 3354//2949
f  3353//409 3338//2934 3348//2944 3356//410
f  3348//2944 3350//2946 3357//2950 3356//410
f  3358//2951 3357//2950 3350//2946 3351//2947
f  3356//410 3357//2950 3359//2952 3355//411
f  3357//2950 3358//2951 3360//2953 3359//2952
f  3361//2954 3349//2945 2252//1998 2258//2004
f  3349//2945 3361//2954 3362//2955 3351//2947
f  3363//2956 3361//2954 2258//2004 2260//2006
f  3364//2957 3362//2955 3361//2954 3363//2956
f  3365//2958 3358//2951 3351//2947 3362//2955
f  3358//2951 3365//2958 3366//2959 3360//2953
f  3367//2960 3365//2958 3362//2955 3364//2957
f  3368//2961 3366//2959 3365//2958 3367//2960
f  3241//2871 3342//2938 3369//2962 3244//2874
f  3370//2963 3369//2962 3342//2938 3343//2939
f  3267//2890 3244//2874 3369//2962 3371//2964
f  3369//2962 3370//2963 3372//2965 3371//2964
f  3343//2939 3344//2940 3373//2966 3370//2963
f  3374//2967 3373//2966 3344//2940 3345//2941
f  3370//2963 3373//2966 3375//2968 3372//2965
f  3376//2969 3375//2968 3373//2966 3374//2967
f  3267//2890 3371//2964 3377//2970 3268//2891
f  3378//2971 3377//2970 3371//2964 3372//2965
f  3268//2891 3377//2970 3379//2972 3269//2892
f  3377//2970 3378//2971 3380//2973 3379//2972
f  3372//2965 3375//2968 3381//2974 3378//2971
f  3382//2975 3381//2974 3375//2968 3376//2969
f  3378//2971 3381//2974 3383//2976 3380//2973
f  3381//2974 3382//2975 3384//2977 3383//2976
f  3385//2978 3374//2967 3345//2941 3354//2949
f  3374//2967 3385//2978 3386//2979 3376//2969
f  3354//2949 3355//411 3359//2952 3385//2978
f  3386//2979 3385//2978 3359//2952 3360//2953
f  3382//2975 3376//2969 3386//2979 3387//2980
f  3386//2979 3360//2953 3366//2959 3387//2980
f  3384//2977 3382//2975 3387//2980 3388//2981
f  3387//2980 3366//2959 3368//2961 3388//2981
f  3389//2982 3390//2983 3391//2984 3392//2985
f  3393//2986 3390//2983 3389//2982 3394//2987
f  3395//2988 3394//2987 3389//2982 3396//2989
f  3389//2982 3392//2985 3397//2990 3396//2989
f  3390//2983 3393//2986 3398//2991 3399//2992
f  3400//2993 3391//2984 3390//2983 3399//2992
f  3401//2994 3397//2990 3392//2985 3402//2995
f  3392//2985 3391//2984 3403//2996 3402//2995
f  3404//2997 3403//2996 3391//2984 3400//2993
f  3405//2998 3393//2986 3394//2987 3406//2999
f  3394//2987 3395//2988 3407//3000 3406//2999
f  3393//2986 3405//2998 3408//3001 3398//2991
f  3405//2998 3406//2999 3409//415 3410//412
f  3411//414 3408//3001 3405//2998 3410//412
f  3395//2988 3396//2989 3412//3002 3407//3000
f  3413//3003 3412//3002 3396//2989 3397//2990
f  3409//415 3406//2999 3407//3000 3414//416
f  3407//3000 3412//3002 3415//3004 3414//416
f  3416//3005 3415//3004 3412//3002 3413//3003
f  3417//3006 3399//2992 3398//2991 3408//3001
f  3399//2992 3417//3006 3418//3007 3400//2993
f  3419//3008 3417//3006 3408//3001 3411//414
f  3417//3006 3419//3008 3420//420 3418//3007
f  3421//413 3410//412 3409//415 3422//417
f  3423//3009 3422//417 3414//416 3415//3004
f  3424//3010 3425//3011 3426//3012 3427//3013
f  3426//3012 3428//3014 3429//3015 3427//3013
f  3430//3016 3428//3014 3426//3012 3431//3017
f  3426//3012 3425//3011 3432//3018 3431//3017
f  3433//3019 3421//413 3422//417 3423//3009
f  3428//3014 3430//3016 3434//3020 3435//3021
f  3436//3022 3429//3015 3428//3014 3435//3021
f  3419//3008 3411//414 3421//413 3433//3019
f  3437//3023 3423//3009 3415//3004 3416//3005
f  3438//3024 3432//3018 3425//3011 3439//3025
f  3425//3011 3424//3010 3440//3026 3439//3025
f  3424//3010 3427//3013 3441//3027 3442//3028
f  3424//3010 3442//3028 3443//3029 3440//3026
f  3441//3027 3427//3013 3429//3015 3444//3030
f  3429//3015 3436//3022 3445//3031 3444//3030
f  3446//418 3433//3019 3423//3009 3437//3023
f  3420//420 3419//3008 3433//3019 3446//418
f  3431//3017 3447//3032 3448//3033 3430//3016
f  3438//3024 3447//3032 3431//3017 3432//3018
f  3449//423 3448//3033 3447//3032 3450//3034
f  3447//3032 3438//3024 3451//3035 3450//3034
f  3452//3036 3434//3020 3430//3016 3448//3033
f  3435//3021 3434//3020 3452//3036 3453//3037
f  3435//3021 3453//3037 3454//3038 3436//3022
f  3455//422 3452//3036 3448//3033 3449//423
f  3453//3037 3452//3036 3455//422 3456//3039
f  3457//3040 3454//3038 3453//3037 3456//3039
f  3439//3025 3440//3026 3458//3041 3459//3042
f  3451//3035 3438//3024 3439//3025 3459//3042
f  3436//3022 3454//3038 3460//3043 3445//3031
f  3461//3044 3460//3043 3454//3038 3457//3040
f  3397//2990 3401//2994 3462//3045 3413//3003
f  3401//2994 3402//2995 3463//3046 3464//3047
f  3401//2994 3464//3047 3465//3048 3462//3045
f  3402//2995 3403//2996 3466//3049 3463//3046
f  3403//2996 3404//2997 3467//3050 3466//3049
f  3404//2997 3400//2993 3418//3007 3468//3051
f  3469//3052 3467//3050 3404//2997 3468//3051
f  3470//3053 3464//3047 3463//3046 3471//3054
f  3472//3055 3471//3054 3463//3046 3466//3049
f  3470//3053 3471//3054 3473//3056 3474//3057
f  3475//3058 3476//3059 3470//3053 3474//3057
f  3465//3048 3464//3047 3470//3053 3476//3059
f  3471//3054 3472//3055 3477//3060 3473//3056
f  3478//427 3465//3048 3476//3059 3479//428
f  3476//3059 3475//3058 3480//3061 3479//428
f  3481//3062 3472//3055 3466//3049 3467//3050
f  3472//3055 3481//3062 3482//3063 3477//3060
f  3483//3064 3481//3062 3467//3050 3469//3052
f  3484//3065 3482//3063 3481//3062 3483//3064
f  3485//3066 3475//3058 3474//3057 3486//3067
f  3474//3057 3473//3056 3487//3068 3486//3067
f  3473//3056 3477//3060 3488//3069 3487//3068
f  3475//3058 3485//3066 3489//3070 3480//3061
f  3490//3071 3488//3069 3477//3060 3482//3063
f  3486//3067 3491//3072 3492//3073 3485//3066
f  3493//3074 3491//3072 3486//3067 3487//3068
f  3494//3075 3492//3073 3491//3072 3495//3076
f  3491//3072 3493//3074 3496//3077 3495//3076
f  3485//3066 3492//3073 3497//3078 3489//3070
f  3492//3073 3494//3075 3498//3079 3497//3078
f  3487//3068 3488//3069 3499//3080 3493//3074
f  3500//3081 3499//3080 3488//3069 3490//3071
f  3493//3074 3499//3080 3501//3082 3496//3077
f  3499//3080 3500//3081 3502//432 3501//3082
f  3482//3063 3484//3065 3503//3083 3490//3071
f  3484//3065 3483//3064 3504//3084 3505//3085
f  3506//3086 3503//3083 3484//3065 3505//3085
f  3507//3087 3500//3081 3490//3071 3503//3083
f  3500//3081 3507//3087 3508//430 3502//432
f  3509//3088 3507//3087 3503//3083 3506//3086
f  3507//3087 3509//3088 3510//3089 3508//430
f  3478//427 3511//436 3462//3045 3465//3048
f  3416//3005 3413//3003 3462//3045 3511//436
f  3437//3023 3416//3005 3511//436 3512//435
f  3511//436 3478//427 3513//426 3514//434
f  3468//3051 3418//3007 3420//420 3515//425
f  3468//3051 3515//425 3516//438 3469//3052
f  3479//428 3480//3061 3517//3090 3518//429
f  3469//3052 3516//438 3504//3084 3483//3064
f  3516//438 3519//440 3520//3091 3521//3092
f  3522//3093 3504//3084 3516//438 3521//3092
f  3442//3028 3512//435 3523//437 3443//3029
f  3442//3028 3441//3027 3524//419 3512//435
f  3441//3027 3444//3030 3525//439 3524//419
f  3437//3023 3512//435 3524//419 3446//418
f  3523//437 3514//434 3526//443 3527//442
f  3528//3094 3443//3029 3523//437 3527//442
f  3529//441 3526//443 3514//434 3513//426
f  3440//3026 3443//3029 3528//3094 3458//3041
f  3459//3042 3458//3041 3530//3095 3531//3096
f  3532//3097 3451//3035 3459//3042 3531//3096
f  3533//3098 3530//3095 3458//3041 3528//3094
f  3530//3095 3533//3098 3534//3099 3535//3100
f  3536//3101 3531//3096 3530//3095 3535//3100
f  3533//3098 3528//3094 3527//442 3537//34
f  3538//3102 3539//444 3526//443 3540//445
f  3534//3099 3533//3098 3537//34 3539//444
f  3534//3099 3539//444 3538//3102 3541//3103
f  3542//3104 3535//3100 3534//3099 3541//3103
f  3543//3105 3525//439 3444//3030 3445//3031
f  3519//440 3544//424 3525//439 3543//3105
f  3545//3106 3543//3105 3445//3031 3460//3043
f  3520//3091 3519//440 3543//3105 3545//3106
f  3520//3091 3545//3106 3546//3107 3547//446
f  3548//448 3521//3092 3520//3091 3547//446
f  3460//3043 3461//3044 3546//3107 3545//3106
f  3549//3108 3546//3107 3461//3044 3550//3109
f  3461//3044 3457//3040 3551//3110 3550//3109
f  3547//446 3546//3107 3549//3108 3552//447
f  3553//449 3552//447 3549//3108 3554//3111
f  3549//3108 3550//3109 3555//3112 3554//3111
f  3556//3113 3538//3102 3540//445 3557//450
f  3540//445 3529//441 3558//451 3557//450
f  3529//441 3518//429 3559//3114 3558//451
f  3553//449 3554//3111 3560//3115 3561//457
f  3562//455 3548//448 3553//449 3561//457
f  3522//3093 3521//3092 3548//448 3563//456
f  3564//3116 3505//3085 3504//3084 3522//3093
f  3480//3061 3489//3070 3565//3117 3517//3090
f  3566//3118 3565//3117 3489//3070 3497//3078
f  3518//429 3517//3090 3567//3119 3559//3114
f  3517//3090 3565//3117 3568//3120 3567//3119
f  3569//3121 3568//3120 3565//3117 3566//3118
f  3570//3122 3567//3119 3568//3120 3571//3123
f  3568//3120 3569//3121 3572//3124 3571//3123
f  3505//3085 3564//3116 3573//3125 3506//3086
f  3564//3116 3522//3093 3563//456 3574//3126
f  3575//3127 3573//3125 3564//3116 3574//3126
f  3576//3128 3509//3088 3506//3086 3573//3125
f  3509//3088 3576//3128 3577//3129 3510//3089
f  3578//3130 3576//3128 3573//3125 3575//3127
f  3576//3128 3578//3130 3579//3131 3577//3129
f  3563//456 3562//455 3580//459 3581//3132
f  3582//3133 3574//3126 3563//456 3581//3132
f  3583//3134 3575//3127 3574//3126 3582//3133
f  3578//3130 3575//3127 3583//3134 3584//3135
f  3583//3134 3582//3133 3585//492 3586//3136
f  3583//3134 3586//3136 3587//3137 3584//3135
f  3588//3138 3579//3131 3578//3130 3584//3135
f  3589//1074 3590//3139 3591//3140 3592//3141
f  3593//3142 3590//3139 3589//1074 3594//3143
f  3595//3144 3596//3145 3589//1074 3592//3141
f  3589//1074 3596//3145 3597//3146 3594//3143
f  3598//3147 3599//3148 3596//3145 3595//3144
f  3596//3145 3599//3148 3600//3149 3597//3146
f  3449//423 3450//3034 3601//3150 3602//421
f  3450//3034 3451//3035 3532//3097 3601//3150
f  3601//3150 3532//3097 3603//3151 3604//3152
f  3605//3153 3604//3152 3603//3151 3606//3154
f  3603//3151 3532//3097 3531//3096 3536//3101
f  3603//3151 3536//3101 3607//3155 3606//3154
f  3608//460 3602//421 3601//3150 3604//3152
f  3609//3156 3608//460 3604//3152 3605//3153
f  3456//3039 3455//422 3602//421 3610//3157
f  3456//3039 3610//3157 3551//3110 3457//3040
f  3611//3158 3610//3157 3602//421 3612//461
f  3610//3157 3611//3158 3613//3159 3551//3110
f  3611//3158 3612//461 3614//3160 3615//3161
f  3611//3158 3615//3161 3616//3162 3613//3159
f  3614//3160 3612//461 3608//460 3609//3156
f  3615//3161 3614//3160 3617//3163 3618//3164
f  3615//3161 3618//3164 3619//470 3616//3162
f  3620//3165 3609//3156 3605//3153 3621//3166
f  3605//3153 3606//3154 3622//3167 3621//3166
f  3617//3163 3614//3160 3609//3156 3620//3165
f  3620//3165 3621//3166 3623//3168 3624//3169
f  3618//3164 3617//3163 3620//3165 3624//3169
f  3536//3101 3535//3100 3542//3104 3607//3155
f  3606//3154 3607//3155 3625//3170 3622//3167
f  3607//3155 3542//3104 3626//3171 3625//3170
f  3626//3171 3542//3104 3541//3103 3627//3172
f  3541//3103 3538//3102 3556//3113 3627//3172
f  3628//3173 3626//3171 3627//3172 3629//3174
f  3630//3175 3629//3174 3627//3172 3556//3113
f  3623//3168 3621//3166 3622//3167 3625//3170
f  3631//3176 3623//3168 3625//3170 3632//3177
f  3625//3170 3626//3171 3628//3173 3632//3177
f  3633//462 3624//3169 3623//3168 3631//3176
f  3633//462 3631//3176 3634//3178 3635//463
f  3634//3178 3631//3176 3632//3177 3636//3179
f  3634//3178 3636//3179 3637//3180 3638//467
f  3639//466 3635//463 3634//3178 3638//467
f  3618//3164 3624//3169 3633//462 3619//470
f  3633//462 3640//464 3641//3181 3642//469
f  3643//3182 3640//464 3635//463 3639//466
f  3644//3183 3641//3181 3640//464 3643//3182
f  3636//3179 3632//3177 3628//3173 3645//3184
f  3628//3173 3629//3174 3646//3185 3645//3184
f  3637//3180 3636//3179 3645//3184 3647//3186
f  3648//3187 3647//3186 3645//3184 3646//3185
f  3629//3174 3630//3175 3649//3188 3646//3185
f  3650//468 3638//467 3637//3180 3651//3189
f  3637//3180 3647//3186 3652//3190 3651//3189
f  3647//3186 3648//3187 3653//3191 3652//3190
f  3654//3192 3619//470 3642//469 3655//3193
f  3642//469 3641//3181 3656//3194 3655//3193
f  3657//3195 3656//3194 3641//3181 3644//3183
f  3555//3112 3550//3109 3551//3110 3613//3159
f  3658//3196 3555//3112 3613//3159 3616//3162
f  3560//3115 3554//3111 3555//3112 3658//3196
f  3654//3192 3658//3196 3616//3162 3619//470
f  3659//3197 3560//3115 3658//3196 3654//3192
f  3660//458 3561//457 3560//3115 3659//3197
f  3654//3192 3655//3193 3661//3198 3659//3197
f  3655//3193 3656//3194 3662//3199 3661//3198
f  3663//3200 3662//3199 3656//3194 3657//3195
f  3556//3113 3557//450 3649//3188 3630//3175
f  3664//3201 3649//3188 3557//450 3665//452
f  3648//3187 3646//3185 3649//3188 3664//3201
f  3558//451 3559//3114 3666//474 3667//454
f  3664//3201 3665//452 3668//472 3669//3202
f  3653//3191 3648//3187 3664//3201 3669//3202
f  3670//3203 3653//3191 3669//3202 3671//3204
f  3669//3202 3668//472 3672//3205 3671//3204
f  3668//472 3673//453 3674//473 3672//3205
f  3660//458 3659//3197 3661//3198 3675//476
f  3676//490 3581//3132 3580//459 3677//479
f  3661//3198 3662//3199 3678//477 3675//476
f  3679//478 3678//477 3662//3199 3663//3200
f  3663//3200 3657//3195 3680//483 3681//3206
f  3682//480 3679//478 3663//3200 3681//3206
f  3683//3207 3643//3182 3639//466 3684//471
f  3685//3208 3644//3183 3643//3182 3683//3207
f  3650//468 3651//3189 3652//3190 3686//3209
f  3687//3210 3688//465 3650//468 3686//3209
f  3689//3211 3684//471 3688//465 3687//3210
f  3644//3183 3685//3208 3680//483 3657//3195
f  3685//3208 3683//3207 3684//471 3689//3211
f  3685//3208 3689//3211 3690//484 3680//483
f  3691//3212 3686//3209 3652//3190 3653//3191
f  3686//3209 3691//3212 3692//487 3687//3210
f  3691//3212 3653//3191 3670//3203 3693//3213
f  3691//3212 3693//3213 3694//3214 3692//487
f  3670//3203 3671//3204 3695//3215 3696//3216
f  3697//3217 3693//3213 3670//3203 3696//3216
f  3698//3218 3694//3214 3693//3213 3697//3217
f  3689//3211 3687//3210 3692//487 3690//484
f  3699//3219 3700//486 3692//487 3694//3214
f  3701//485 3690//484 3700//486 3702//3220
f  3681//3206 3680//483 3701//485 3703//3221
f  3701//485 3702//3220 3704//3222 3703//3221
f  3700//486 3699//3219 3705//3223 3702//3220
f  3706//3224 3699//3219 3694//3214 3698//3218
f  3707//3225 3705//3223 3699//3219 3706//3224
f  3702//3220 3705//3223 3708//3226 3704//3222
f  3671//3204 3672//3205 3709//3227 3695//3215
f  3672//3205 3674//473 3710//3228 3709//3227
f  3696//3216 3695//3215 3711//3229 3697//3217
f  3712//3230 3711//3229 3695//3215 3709//3227
f  3705//3223 3707//3225 3713//3231 3708//3226
f  3714//3232 3698//3218 3697//3217 3711//3229
f  3706//3224 3698//3218 3714//3232 3707//3225
f  3711//3229 3712//3230 3715//3233 3714//3232
f  3712//3230 3709//3227 3710//3228 3716//3234
f  3717//3235 3715//3233 3712//3230 3716//3234
f  3713//3231 3707//3225 3714//3232 3715//3233
f  3713//3231 3715//3233 3717//3235 3718//3236
f  3719//489 3708//3226 3713//3231 3718//3236
f  3681//3206 3703//3221 3720//482 3682//480
f  3703//3221 3704//3222 3721//488 3720//482
f  3719//489 3721//488 3704//3222 3708//3226
f  3559//3114 3567//3119 3570//3122 3666//474
f  3722//491 3676//490 3677//479 3723//481
f  3582//3133 3581//3132 3676//490 3585//492
f  3722//491 3723//481 3724//3237 3725//3238
f  3722//491 3725//3238 3726//3239 3585//492
f  3727//3240 3666//474 3570//3122 3728//3241
f  3570//3122 3571//3123 3729//3242 3728//3241
f  3674//473 3667//454 3730//475 3710//3228
f  3731//3243 3716//3234 3710//3228 3730//475
f  3730//475 3666//474 3727//3240 3731//3243
f  3732//3244 3717//3235 3716//3234 3731//3243
f  3724//3237 3718//3236 3717//3235 3732//3244
f  3733//3245 3732//3244 3731//3243 3727//3240
f  3732//3244 3733//3245 3725//3238 3724//3237
f  3723//481 3719//489 3718//3236 3724//3237
f  3733//3245 3727//3240 3728//3241 3734//3246
f  3735//3247 3734//3246 3728//3241 3729//3242
f  3725//3238 3733//3245 3734//3246 3726//3239
f  3736//3248 3726//3239 3734//3246 3735//3247
f  3586//3136 3585//492 3726//3239 3736//3248
f  3586//3136 3736//3248 3737//3249 3587//3137
f  3591//3140 3738//3250 3739//3251 3740//3252
f  3591//3140 3590//3139 3741//3253 3738//3250
f  3742//3254 3592//3141 3591//3140 3740//3252
f  3739//3251 3738//3250 3743//3255 3744//3256
f  3745//3257 3740//3252 3739//3251 3744//3256
f  3744//3256 3746//3258 3747//3259 3745//3257
f  3744//3256 3743//3255 3748//3260 3746//3258
f  3749//3261 3743//3255 3738//3250 3741//3253
f  3750//3262 3748//3260 3743//3255 3749//3261
f  3747//3259 3746//3258 3751//3263 3752//3264
f  3753//3265 3745//3257 3747//3259 3754//3266
f  3747//3259 3752//3264 3755//3267 3754//3266
f  3751//3263 3746//3258 3748//3260 3756//3268
f  3757//3269 3756//3268 3748//3260 3750//3262
f  3756//3268 3758//3270 3752//3264 3751//3263
f  3759//3271 3758//3270 3756//3268 3757//3269
f  3760//3272 3755//3267 3752//3264 3761//3273
f  3762//3274 3763//3275 3760//3272 3761//3273
f  3760//3272 3764//3276 3765//3277 3755//3267
f  3760//3272 3763//3275 3766//3278 3764//3276
f  3763//3275 3762//3274 3767//3279 3768//3280
f  3763//3275 3768//3280 3769//3281 3766//3278
f  3770//3282 3761//3273 3752//3264 3758//3270
f  3761//3273 3770//3282 3771//3283 3762//3274
f  3772//3284 3770//3282 3758//3270 3759//3271
f  3773//3285 3771//3283 3770//3282 3772//3284
f  3762//3274 3771//3283 3774//3286 3767//3279
f  3771//3283 3773//3285 3775//3287 3774//3286
f  3749//3261 3741//3253 3776//3288 3777//3289
f  3778//3290 3750//3262 3749//3261 3777//3289
f  3776//3288 3741//3253 3590//3139 3593//3142
f  3594//3143 3597//3146 3779//3291 3780//3292
f  3781//3293 3593//3142 3594//3143 3780//3292
f  3782//3294 3776//3288 3593//3142 3781//3293
f  3783//3295 3777//3289 3776//3288 3782//3294
f  3782//3294 3781//3293 3784//3296 3783//3295
f  3785//3297 3757//3269 3750//3262 3778//3290
f  3757//3269 3785//3297 3786//3298 3759//3271
f  3778//3290 3777//3289 3783//3295 3787//3299
f  3788//3300 3785//3297 3778//3290 3787//3299
f  3785//3297 3788//3300 3789//3301 3786//3298
f  3790//3302 3787//3299 3783//3295 3784//3296
f  3789//3301 3788//3300 3787//3299 3790//3302
f  3790//3302 3784//3296 3791//3303 3792//3304
f  3793//3305 3789//3301 3790//3302 3792//3304
f  3773//3285 3772//3284 3794//3306 3795//3307
f  3773//3285 3795//3307 3796//3308 3775//3287
f  3794//3306 3772//3284 3759//3271 3786//3298
f  3797//3309 3794//3306 3786//3298 3789//3301
f  3798//3310 3795//3307 3794//3306 3797//3309
f  3795//3307 3798//3310 3799//3311 3796//3308
f  3800//3312 3797//3309 3789//3301 3793//3305
f  3801//3313 3798//3310 3797//3309 3800//3312
f  3802//3314 3799//3311 3798//3310 3801//3313
f  3803//3315 3804//3316 3805//3317 3806//3318
f  3805//3317 3804//3316 3807//3319 3808//3320
f  3809//493 3806//3318 3805//3317 3810//3321
f  3805//3317 3808//3320 3811//3322 3810//3321
f  3803//3315 3768//3280 3767//3279 3804//3316
f  3807//3319 3804//3316 3767//3279 3774//3286
f  3768//3280 3803//3315 3812//3323 3769//3281
f  3803//3315 3806//3318 3813//3324 3812//3323
f  3806//3318 3809//493 3814//3325 3813//3324
f  3815//3326 3807//3319 3774//3286 3775//3287
f  3816//3327 3808//3320 3807//3319 3815//3326
f  3808//3320 3816//3327 3817//3328 3811//3322
f  3816//3327 3815//3326 3818//3329 3819//3330
f  3820//3331 3817//3328 3816//3327 3819//3330
f  1569//1436 3821//3332 3822//3333 1568//1435
f  3823//3334 3821//3332 1569//1436 1570//1437
f  3824//3335 3825//3336 3821//3332 3823//3334
f  3821//3332 3825//3336 3826//3337 3822//3333
f  3810//3321 3827//3338 3828//494 3809//493
f  3829//3339 3827//3338 3810//3321 3811//3322
f  3827//3338 3825//3336 3824//3335 3828//494
f  3826//3337 3825//3336 3827//3338 3829//3339
f  3830//3340 1573//1440 1568//1435 3822//3333
f  1573//1440 3830//3340 3831//3341 1574//1441
f  3830//3340 3822//3333 3826//3337 3832//3342
f  3833//3343 3831//3341 3830//3340 3832//3342
f  3809//493 3834//495 3835//497 3814//3325
f  3828//494 3824//3335 3836//3344 3834//495
f  3837//3345 3823//3334 1570//1437 1579//1444
f  3836//3344 3824//3335 3823//3334 3837//3345
f  3838//3346 3837//3345 1579//1444 1582//1447
f  3839//3347 3836//3344 3837//3345 3838//3346
f  3834//495 3836//3344 3839//3347 3835//497
f  3840//3348 3829//3339 3811//3322 3817//3328
f  3841//3349 3826//3337 3829//3339 3840//3348
f  3842//3350 3840//3348 3817//3328 3820//3331
f  3826//3337 3841//3349 3843//3351 3832//3342
f  3844//3352 3841//3349 3840//3348 3842//3350
f  3841//3349 3844//3352 3845//3353 3843//3351
f  3818//3329 3815//3326 3775//3287 3796//3308
f  3846//3354 3818//3329 3796//3308 3799//3311
f  3847//3355 3819//3330 3818//3329 3846//3354
f  3848//3356 3820//3331 3819//3330 3847//3355
f  3799//3311 3802//3314 3849//3357 3846//3354
f  3802//3314 3801//3313 3850//3358 3851//3359
f  3852//3360 3849//3357 3802//3314 3851//3359
f  3846//3354 3849//3357 3853//3361 3847//3355
f  3854//3362 3853//3361 3849//3357 3852//3360
f  3855//3363 3842//3350 3820//3331 3848//3356
f  3856//3364 3844//3352 3842//3350 3855//3363
f  3857//3365 3845//3353 3844//3352 3856//3364
f  3855//3363 3848//3356 3858//3366 3859//3367
f  3855//3363 3859//3367 3860//3368 3856//3364
f  3858//3366 3848//3356 3847//3355 3853//3361
f  3861//3369 3858//3366 3853//3361 3854//3362
f  3862//3370 3859//3367 3858//3366 3861//3369
f  3863//3371 3860//3368 3859//3367 3862//3370
f  3864//3372 3865//3373 3866//3374 3867//3375
f  3868//3376 3869//3377 3864//3372 3867//3375
f  3870//3378 3865//3373 3864//3372 3871//3379
f  3864//3372 3869//3377 3872//3380 3871//3379
f  3873//3381 3874//3382 3869//3377 3868//3376
f  3869//3377 3874//3382 3875//3383 3872//3380
f  3874//3382 3873//3381 3876//3384 3877//3385
f  3878//3386 3875//3383 3874//3382 3877//3385
f  3879//3387 3866//3374 3865//3373 3870//3378
f  3880//3388 3867//3375 3866//3374 3881//3389
f  3882//3390 3881//3389 3866//3374 3879//3387
f  3867//3375 3880//3388 3883//3391 3868//3376
f  3884//3392 3880//3388 3881//3389 3882//3390
f  3885//3393 3883//3391 3880//3388 3884//3392
f  3886//3394 3873//3381 3868//3376 3883//3391
f  3887//3395 3876//3384 3873//3381 3886//3394
f  3888//3396 3877//3385 3876//3384 3889//1272
f  3876//3384 3887//3395 3890//3397 3889//1272
f  3891//3398 3886//3394 3883//3391 3885//3393
f  3886//3394 3891//3398 3892//507 3887//3395
f  3870//3378 3871//3379 3893//3399 3894//3400
f  3870//3378 3894//3400 3895//3401 3879//3387
f  3894//3400 3893//3399 3896//3402 3895//3401
f  3897//3403 3893//3399 3871//3379 3872//3380
f  3893//3399 3897//3403 3898//3404 3896//3402
f  3872//3380 3875//3383 3899//3405 3897//3403
f  3875//3383 3878//3386 3900//499 3899//3405
f  3901//3406 3878//3386 3877//3385 3888//3396
f  3902//500 3900//499 3878//3386 3901//3406
f  3897//3403 3899//3405 3903//3407 3898//3404
f  3899//3405 3900//499 3904//504 3903//3407
f  3905//502 3904//504 3900//499 3906//501
f  3882//3390 3879//3387 3895//3401 3907//3408
f  3895//3401 3896//3402 3908//3409 3907//3408
f  3909//3410 3908//3409 3896//3402 3898//3404
f  3882//3390 3907//3408 3908//3409 3884//3392
f  3884//3392 3908//3409 3909//3410 3885//3393
f  3898//3404 3903//3407 3910//3411 3909//3410
f  3903//3407 3904//504 3911//3412 3910//3411
f  3912//3413 3911//3412 3904//504 3913//503
f  3910//3411 3891//3398 3885//3393 3909//3410
f  3891//3398 3910//3411 3911//3412 3892//507
f  3887//3395 3892//507 3914//506 3890//3397
f  3892//507 3911//3412 3912//3413 3915//505
f  3916//3414 3915//505 3912//3413 3917//3415
f  3912//3413 3913//503 3918//509 3917//3415
f  3913//503 3905//502 3919//510 3918//509
f  3920//3416 3921//3417 3922//3418 3923//3419
f  3924//508 3921//3417 3920//3416 3925//3420
f  3920//3416 3923//3419 3926//3421 3927//3422
f  3928//3423 3925//3420 3920//3416 3927//3422
f  3905//502 3906//501 3929//3424 3919//510
f  3922//3418 3921//3417 3930//511 3931//3425
f  3932//3426 3923//3419 3922//3418 3933//3427
f  3934//536 3933//3427 3922//3418 3931//3425
f  3921//3417 3924//508 3935//512 3930//511
f  3936//3428 3888//3396 3889//1272 3937//3429
f  3938//3430 3937//3429 3889//1272 3890//3397
f  3939//3431 3901//3406 3888//3396 3936//3428
f  3940//3432 3902//500 3901//3406 3939//3431
f  3941//3433 3939//3431 3936//3428 3942//3434
f  3936//3428 3937//3429 3943//3435 3942//3434
f  3929//3424 3906//501 3902//500 3940//3432
f  3940//3432 3939//3431 3941//3433 3944//3436
f  3945//3437 3929//3424 3940//3432 3944//3436
f  3941//3433 3942//3434 3946//3438 3947//3439
f  3948//3440 3947//3439 3946//3438 3949//3441
f  3946//3438 3942//3434 3943//3435 3950//3442
f  3946//3438 3950//3442 3951//3443 3949//3441
f  3952//3444 3944//3436 3941//3433 3947//3439
f  3953//3445 3952//3444 3947//3439 3948//3440
f  3954//516 3919//510 3929//3424 3945//3437
f  3955//514 3945//3437 3944//3436 3952//3444
f  3945//3437 3955//514 3956//513 3954//516
f  3955//514 3952//3444 3953//3445 3957//515
f  3948//3440 3949//3441 3958//3446 3959//3447
f  3960//3448 3953//3445 3948//3440 3959//3447
f  3957//515 3953//3445 3960//3448 3961//3449
f  3962//3450 3956//513 3957//515 3961//3449
f  3937//3429 3938//3430 3963//518 3943//3435
f  3890//3397 3914//506 3964//3451 3938//3430
f  3914//506 3915//505 3916//3414 3964//3451
f  3964//3451 3916//3414 3928//3423 3965//3452
f  3963//518 3938//3430 3964//3451 3965//3452
f  3916//3414 3917//3415 3925//3420 3928//3423
f  3924//508 3925//3420 3917//3415 3918//509
f  3966//517 3950//3442 3943//3435 3963//518
f  3967//3453 3951//3443 3950//3442 3966//517
f  3919//510 3954//516 3935//512 3924//508
f  3968//3454 3930//511 3956//513 3962//3450
f  3969//3455 3931//3425 3930//511 3968//3454
f  3970//3456 3971//3457 3959//3447 3958//3446
f  3959//3447 3971//3457 3972//3458 3960//3448
f  3973//3459 3974//520 3971//3457 3970//3456
f  3971//3457 3974//520 3975//522 3972//3458
f  3974//520 3973//3459 3976//3460 3977//521
f  3976//3460 3973//3459 3978//3461 3979//3462
f  3980//3463 3981//3464 3976//3460 3979//3462
f  3982//3465 3977//521 3976//3460 3981//3464
f  3949//3441 3951//3443 3983//3466 3958//3446
f  3984//3467 3983//3466 3951//3443 3967//3453
f  3970//3456 3958//3446 3983//3466 3985//3468
f  3986//3469 3985//3468 3983//3466 3984//3467
f  3978//3461 3973//3459 3970//3456 3985//3468
f  3978//3461 3985//3468 3986//3469 3987//523
f  3988//525 3979//3462 3978//3461 3987//523
f  3986//3469 3984//3467 3989//3470 3990//3471
f  3991//524 3987//523 3986//3469 3990//3471
f  3992//3472 3993//3473 3994//3474 3995//3475
f  3996//3476 3997//3477 3994//3474 3998//3478
f  3994//3474 3997//3477 3999//3479 3995//3475
f  3994//3474 3993//3473 4000//3480 3998//3478
f  3993//3473 3992//3472 4001//3481 4000//3480
f  3997//3477 3996//3476 4002//3482 3999//3479
f  3998//3478 4000//3480 4003//3483 4004//3484
f  4005//3485 3996//3476 3998//3478 4004//3484
f  3992//3472 3995//3475 4006//3486 4007//3487
f  3992//3472 4007//3487 4008//3488 4001//3481
f  3995//3475 3999//3479 4009//3489 4006//3486
f  4010//3490 4002//3482 3996//3476 4005//3485
f  4011//3491 4009//3489 3999//3479 4002//3482
f  4012//3492 4006//3486 4009//3489 4013//3493
f  4009//3489 4011//3491 4014//3494 4013//3493
f  4015//3495 4011//3491 4002//3482 4010//3490
f  4016//3496 4014//3494 4011//3491 4015//3495
f  4012//3492 4017//3497 4007//3487 4006//3486
f  4007//3487 4017//3497 4018//3498 4008//3488
f  4019//3499 4020//3500 4017//3497 4012//3492
f  4017//3497 4020//3500 4021//3501 4018//3498
f  4020//3500 4019//3499 4022//3502 4023//3503
f  4024//3504 4021//3501 4020//3500 4023//3503
f  4019//3499 4012//3492 4013//3493 4025//3505
f  4026//3506 4025//3505 4013//3493 4014//3494
f  4019//3499 4025//3505 4027//3507 4022//3502
f  4028//3508 4003//3483 4000//3480 4001//3481
f  4004//3484 4003//3483 4028//3508 4029//3509
f  4010//3490 4005//3485 4004//3484 4029//3509
f  4030//3510 4028//3508 4001//3481 4008//3488
f  4031//3511 4029//3509 4028//3508 4030//3510
f  4032//3512 4033//3513 4034//3514 4035//3515
f  4034//3514 4036//3516 4037//3517 4035//3515
f  4038//3518 4036//3516 4034//3514 4039//3519
f  4034//3514 4033//3513 4040//3520 4039//3519
f  4033//3513 4032//3512 4041//3521 4040//3520
f  4042//3522 4037//3517 4036//3516 4038//3518
f  4032//3512 4035//3515 4043//3523 4044//3524
f  4032//3512 4044//3524 4045//3525 4041//3521
f  4035//3515 4037//3517 4046//3526 4043//3523
f  4015//3495 4010//3490 4029//3509 4031//3511
f  4037//3517 4042//3522 4047//3527 4046//3526
f  4042//3522 4038//3518 4048//3528 4049//3529
f  4050//3530 4047//3527 4042//3522 4049//3529
f  4051//527 4044//3524 4043//3523 4052//528
f  4043//3523 4046//3526 4053//529 4052//528
f  4046//3526 4047//3527 4054//3531 4053//529
f  4055//3532 4030//3510 4008//3488 4018//3498
f  4056//3533 4031//3511 4030//3510 4055//3532
f  4018//3498 4021//3501 4057//3534 4055//3532
f  4058//3535 4057//3534 4021//3501 4024//3504
f  4044//3524 4051//527 4059//3536 4045//3525
f  4016//3496 4015//3495 4031//3511 4056//3533
f  4056//3533 4055//3532 4057//3534 4060//3537
f  4056//3533 4060//3537 4061//3538 4016//3496
f  4062//3539 4060//3537 4057//3534 4058//3535
f  4063//3540 4061//3538 4060//3537 4062//3539
f  4051//527 4064//531 4065//3541 4059//3536
f  4066//3542 4065//3541 4064//531 4067//3543
f  4064//531 4068//532 4069//3544 4067//3543
f  4070//3545 4059//3536 4065//3541 4071//3546
f  4065//3541 4066//3542 4072//3547 4071//3546
f  4025//3505 4026//3506 4073//3548 4027//3507
f  4014//3494 4016//3496 4061//3538 4026//3506
f  4026//3506 4061//3538 4063//3540 4073//3548
f  4074//3549 4054//3531 4047//3527 4050//3530
f  4068//532 4075//530 4076//3550 4069//3544
f  4053//529 4054//3531 4077//3551 4075//530
f  4078//3552 4077//3551 4054//3531 4074//3549
f  4075//530 4077//3551 4079//3553 4076//3550
f  4080//3554 4079//3553 4077//3551 4078//3552
f  4081//3555 4082//3556 4023//3503 4022//3502
f  4023//3503 4082//3556 4083//3557 4024//3504
f  4082//3556 4081//3555 4084//534 4085//3558
f  4082//3556 4085//3558 4086//3559 4083//3557
f  4087//3560 4081//3555 4022//3502 4027//3507
f  4088//3561 4084//534 4081//3555 4087//3560
f  4085//3558 4084//534 4089//533 3932//3426
f  4089//533 3926//3421 3923//3419 3932//3426
f  4090//3562 3926//3421 4089//533 4091//535
f  3932//3426 3933//3427 4086//3559 4085//3558
f  4092//3563 3927//3422 3926//3421 4090//3562
f  4093//3564 4091//535 4084//534 4088//3561
f  4094//3565 4090//3562 4091//535 4093//3564
f  4095//519 4092//3563 4090//3562 4094//3565
f  4024//3504 4083//3557 4096//3566 4058//3535
f  4096//3566 4083//3557 4086//3559 4097//538
f  4086//3559 3933//3427 3934//536 4097//538
f  4098//3567 4096//3566 4097//538 4099//3568
f  4100//3569 4099//3568 4097//538 4101//537
f  4102//3570 4101//537 4103//3571 4104//3572
f  4103//3571 4101//537 3934//536 4105//3573
f  4106//3574 4104//3572 4103//3571 4107//541
f  4103//3571 4105//3573 4108//539 4107//541
f  4098//3567 4062//3539 4058//3535 4096//3566
f  4062//3539 4098//3567 4109//3575 4063//3540
f  4098//3567 4099//3568 4110//3576 4109//3575
f  4099//3568 4100//3569 4111//3577 4110//3576
f  4100//3569 4101//537 4102//3570 4112//3578
f  4100//3569 4112//3578 4113//3579 4111//3577
f  4104//3572 4066//3542 4067//3543 4102//3570
f  4067//3543 4069//3544 4112//3578 4102//3570
f  4066//3542 4104//3572 4106//3574 4072//3547
f  3934//536 3931//3425 3969//3455 4105//3573
f  4105//3573 3969//3455 4114//3580 4108//539
f  4115//3581 4087//3560 4027//3507 4073//3548
f  4087//3560 4115//3581 4116//3582 4088//3561
f  4073//3548 4063//3540 4109//3575 4115//3581
f  4115//3581 4109//3575 4110//3576 4116//3582
f  4088//3561 4116//3582 4117//3583 4093//3564
f  4116//3582 4110//3576 4118//3584 4117//3583
f  4093//3564 4117//3583 4119//3585 4094//3565
f  4117//3583 4118//3584 4120//542 4119//3585
f  4113//3579 4112//3578 4069//3544 4076//3550
f  4121//3586 4113//3579 4076//3550 4079//3553
f  4122//3587 4111//3577 4113//3579 4121//3586
f  4123//3588 4121//3586 4079//3553 4080//3554
f  4124//3589 4122//3587 4121//3586 4123//3588
f  4110//3576 4111//3577 4125//3590 4118//3584
f  4126//3591 4125//3590 4111//3577 4122//3587
f  4118//3584 4125//3590 4127//543 4120//542
f  4125//3590 4126//3591 4128//546 4127//543
f  4129//3592 4126//3591 4122//3587 4124//3589
f  4130//547 4128//546 4126//3591 4129//3592
f  3928//3423 3927//3422 4092//3563 3965//3452
f  3963//518 3965//3452 4092//3563 4095//519
f  4131//3593 4095//519 4094//3565 4119//3585
f  4132//3594 3966//517 4095//519 4131//3593
f  3966//517 4132//3594 4133//3595 3967//3453
f  4132//3594 4131//3593 4134//544 4135//3596
f  4132//3594 4135//3596 4136//3597 4133//3595
f  4134//544 4131//3593 4119//3585 4120//542
f  4137//545 4134//544 4127//543 4128//546
f  4138//3598 4135//3596 4134//544 4137//545
f  4137//545 4139//548 4140//3599 4138//3598
f  4141//3600 4136//3597 4135//3596 4138//3598
f  3989//3470 3984//3467 3967//3453 4133//3595
f  4142//3601 3989//3470 4133//3595 4136//3597
f  4143//3602 3990//3471 3989//3470 4142//3601
f  4144//3603 4142//3601 4136//3597 4141//3600
f  4145//3604 4143//3602 4142//3601 4144//3603
f  4146//3605 3991//524 3990//3471 4143//3602
f  3991//524 4146//3605 4147//3606 3988//525
f  4148//3607 4146//3605 4143//3602 4145//3604
f  4146//3605 4148//3607 4149//3608 4147//3606
f  1574//1441 3831//3341 4150//3609 1647//1512
f  4151//3610 4150//3609 3831//3341 3833//3343
f  4152//3611 1648//1513 1647//1512 4150//3609
f  1648//1513 4152//3611 4153//3612 1649//1514
f  4154//3613 4152//3611 4150//3609 4151//3610
f  4152//3611 4154//3613 4155//3614 4153//3612
f  3833//3343 3832//3342 3843//3351 4156//3615
f  3833//3343 4156//3615 4157//3616 4151//3610
f  4158//3617 4156//3615 3843//3351 3845//3353
f  4159//3618 4157//3616 4156//3615 4158//3617
f  4160//3619 4154//3613 4151//3610 4157//3616
f  4161//3620 4155//3614 4154//3613 4160//3619
f  4162//3621 4160//3619 4157//3616 4159//3618
f  1649//1514 4153//3612 4163//3622 1657//1522
f  4164//3623 4163//3622 4153//3612 4155//3614
f  1657//1522 4163//3622 4165//3624 1660//1525
f  4166//3625 4165//3624 4163//3622 4164//3623
f  1660//1525 4165//3624 4167//3626 1661//1526
f  4165//3624 4166//3625 4168//3627 4167//3626
f  4164//3623 4155//3614 4161//3620 4169//3628
f  4170//3629 4166//3625 4164//3623 4169//3628
f  4166//3625 4170//3629 4171//3630 4168//3627
f  4161//3620 4160//3619 4162//3621 4172//3631
f  4173//3632 4169//3628 4161//3620 4172//3631
f  4162//3621 4159//3618 4174//3633 4175//3634
f  4176//3635 4172//3631 4162//3621 4175//3634
f  4177//3636 4173//3632 4172//3631 4176//3635
f  4178//3637 4170//3629 4169//3628 4173//3632
f  4170//3629 4178//3637 4179//3638 4171//3630
f  4180//3639 4178//3637 4173//3632 4177//3636
f  4178//3637 4180//3639 4181//3640 4179//3638
f  4182//3641 4158//3617 3845//3353 3857//3365
f  4174//3633 4159//3618 4158//3617 4182//3641
f  4183//3642 3857//3365 3856//3364 3860//3368
f  3857//3365 4183//3642 4184//3643 4182//3641
f  4185//3644 4184//3643 4183//3642 4186//3645
f  4183//3642 3860//3368 3863//3371 4186//3645
f  4174//3633 4182//3641 4184//3643 4187//3646
f  4188//3647 4175//3634 4174//3633 4187//3646
f  4189//3648 4187//3646 4184//3643 4185//3644
f  4190//3649 4188//3647 4187//3646 4189//3648
f  4191//3650 4176//3635 4175//3634 4188//3647
f  4176//3635 4191//3650 4192//3651 4177//3636
f  4193//3652 4191//3650 4188//3647 4190//3649
f  4194//3653 4192//3651 4191//3650 4193//3652
f  4195//3654 4180//3639 4177//3636 4192//3651
f  4180//3639 4195//3654 4196//3655 4181//3640
f  4197//3656 4195//3654 4192//3651 4194//3653
f  4198//3657 4196//3655 4195//3654 4197//3656
f  1661//1526 4167//3626 4199//3658 1748//1587
f  4167//3626 4168//3627 4200//3659 4199//3658
f  4201//3660 4200//3659 4168//3627 4171//3630
f  1748//1587 4199//3658 4202//3661 1751//1590
f  4203//3662 4202//3661 4199//3658 4200//3659
f  1751//1590 4202//3661 4204//3663 1752//1591
f  4202//3661 4203//3662 4205//3664 4204//3663
f  4206//3665 4203//3662 4200//3659 4201//3660
f  4203//3662 4206//3665 4207//3666 4205//3664
f  4171//3630 4179//3638 4208//3667 4201//3660
f  4209//3668 4208//3667 4179//3638 4181//3640
f  4210//3669 4206//3665 4201//3660 4208//3667
f  4206//3665 4210//3669 4211//3670 4207//3666
f  4212//550 4210//3669 4208//3667 4209//3668
f  4213//552 4211//3670 4210//3669 4212//550
f  1752//1591 4204//3663 4214//3671 1763//1602
f  4215//3672 4214//3671 4204//3663 4205//3664
f  1763//1602 4214//3671 4216//3673 1764//1603
f  4214//3671 4215//3672 4217//3674 4216//3673
f  4218//3675 4215//3672 4205//3664 4207//3666
f  4219//3676 4217//3674 4215//3672 4218//3675
f  1764//1603 4216//3673 4220//3677 1767//1605
f  4221//3678 4220//3677 4216//3673 4217//3674
f  1767//1605 4220//3677 4222//205 1768//204
f  4220//3677 4221//3678 4223//3679 4222//205
f  4224//3680 4221//3678 4217//3674 4219//3676
f  4221//3678 4224//3680 4225//3681 4223//3679
f  4226//3682 4218//3675 4207//3666 4211//3670
f  4218//3675 4226//3682 4227//3683 4219//3676
f  4228//554 4226//3682 4211//3670 4213//552
f  4229//556 4227//3683 4226//3682 4228//554
f  4230//557 4224//3680 4219//3676 4227//3683
f  4224//3680 4230//557 4231//559 4225//3681
f  4232//558 4230//557 4227//3683 4229//556
f  4233//551 4212//550 4209//3668 4234//561
f  4209//3668 4181//3640 4235//3684 4234//561
f  4181//3640 4196//3655 4236//3685 4235//3684
f  4196//3655 4198//3657 4237//3686 4236//3685
f  4238//3687 4239//560 4234//561 4235//3684
f  4240//563 4213//552 4233//551 4239//560
f  4239//560 4238//3687 4241//3688 4242//562
f  4243//3689 4238//3687 4235//3684 4236//3685
f  4244//3690 4241//3688 4238//3687 4243//3689
f  4245//565 4242//562 4241//3688 4246//3691
f  4241//3688 4244//3690 4247//3692 4246//3691
f  4248//566 4249//3693 4250//3694 4251//3695
f  4252//3696 4253//567 4248//566 4251//3695
f  4254//3697 4249//3693 4248//566 4255//569
f  4256//3698 4257//3699 4258//3700 4259//3701
f  4256//3698 4260//1534 4261//3702 4257//3699
f  4262//3703 4260//1534 4256//3698 4263//3704
f  4256//3698 4259//3701 4264//3705 4263//3704
f  4249//3693 4261//3702 4260//1534 4250//3694
f  4249//3693 4254//3697 4265//3706 4261//3702
f  4266//3707 4251//3695 4250//3694 4267//3708
f  4250//3694 4260//1534 4262//3703 4267//3708
f  4267//3708 4262//3703 4268//3709 4269//3710
f  4270//3711 4266//3707 4267//3708 4269//3710
f  4271//555 4228//554 4213//552 4240//563
f  4272//3712 4271//555 4240//563 4273//564
f  4274//576 4229//556 4271//555 4272//3712
f  4275//571 4273//564 4245//565 4276//570
f  4245//565 4246//3691 4277//573 4276//570
f  4278//568 4253//567 4276//570 4277//573
f  4279//3713 4275//571 4253//567 4252//3696
f  4273//564 4275//571 4280//3714 4272//3712
f  4281//3715 4280//3714 4275//571 4279//3713
f  4282//3716 4232//558 4229//556 4274//576
f  4283//3717 4231//559 4232//558 4282//3716
f  4284//574 4274//576 4272//3712 4280//3714
f  4274//576 4285//575 4286//577 4282//3716
f  4287//3718 4284//574 4280//3714 4281//3715
f  4285//575 4284//574 4287//3718 4288//3719
f  4289//578 4286//577 4285//575 4288//3719
f  4252//3696 4251//3695 4266//3707 4290//3720
f  4291//3721 4279//3713 4252//3696 4290//3720
f  4292//3722 4281//3715 4279//3713 4291//3721
f  4293//3723 4290//3720 4266//3707 4270//3711
f  4294//3724 4291//3721 4290//3720 4293//3723
f  4295//3725 4287//3718 4281//3715 4292//3722
f  4296//3726 4288//3719 4287//3718 4295//3725
f  4295//3725 4292//3722 4297//3727 4298//3728
f  4299//3729 4296//3726 4295//3725 4298//3728
f  4297//3727 4292//3722 4291//3721 4294//3724
f  4300//3730 4301//3731 4302//3732 4303//3733
f  4300//3730 4303//3733 4304//3734 4305//3735
f  4300//3730 4305//3735 4306//3736 4307//3737
f  4308//3738 4301//3731 4300//3730 4307//3737
f  3981//3464 3980//3463 4309//3739 4310//3740
f  3981//3464 4310//3740 4311//3741 3982//3465
f  3980//3463 3979//3462 3988//525 4312//3742
f  4313//3743 4309//3739 3980//3463 4312//3742
f  4310//3740 4309//3739 4301//3731 4308//3738
f  4314//3744 4311//3741 4310//3740 4308//3738
f  4302//3732 4301//3731 4309//3739 4313//3743
f  4315//3745 4312//3742 3988//525 4147//3606
f  4313//3743 4312//3742 4315//3745 4316//3746
f  4317//3747 4302//3732 4313//3743 4316//3746
f  4318//3748 4303//3733 4302//3732 4317//3747
f  4319//3749 4304//3734 4303//3733 4318//3748
f  4320//3750 4306//3736 4305//3735 4321//3751
f  4305//3735 4304//3734 4322//3752 4321//3751
f  4304//3734 4319//3749 4323//3753 4322//3752
f  1813//1644 4324//3754 4325//3755 1812//1643
f  4326//3756 4324//3754 1813//1644 1814//1645
f  4327//3757 4325//3755 4324//3754 4328//3758
f  4324//3754 4326//3756 4329//3759 4328//3758
f  4330//3760 1821//1652 1822//1653 4331//3761
f  4332//3762 4331//3761 1822//1653 1823//1654
f  1821//1652 4330//3760 4333//3763 1826//1657
f  4331//3761 4332//3762 4334//3764 4335//3765
f  4336//3766 4330//3760 4331//3761 4335//3765
f  4337//3767 4333//3763 4330//3760 4336//3766
f  1812//1643 4325//3755 4332//3762 1823//1654
f  4334//3764 4332//3762 4325//3755 4327//3757
f  4338//3768 4334//3764 4327//3757 4339//3769
f  4327//3757 4328//3758 4340//3770 4339//3769
f  4341//3771 4335//3765 4334//3764 4338//3768
f  4335//3765 4341//3771 4342//3772 4336//3766
f  4341//3771 4338//3768 4343//3773 4344//3774
f  4345//3775 4342//3772 4341//3771 4344//3774
f  4338//3768 4339//3769 4346//3776 4343//3773
f  4347//3777 4344//3774 4343//3773 4348//3778
f  4343//3773 4346//3776 4349//3779 4348//3778
f  4350//3780 4346//3776 4339//3769 4340//3770
f  4346//3776 4350//3780 4351//3781 4349//3779
f  4350//3780 4340//3770 4352//3782 4353//3783
f  4354//3784 4351//3781 4350//3780 4353//3783
f  1863//1683 1864//1684 4355//3785 4356//3786
f  1863//1683 4356//3786 4357//3787 1866//1686
f  4358//3788 4355//3785 1864//1684 1865//1685
f  4359//3789 4356//3786 4355//3785 4360//3790
f  4355//3785 4358//3788 4361//3791 4360//3790
f  4356//3786 4359//3789 4362//3792 4357//3787
f  4363//3793 4362//3792 4359//3789 4364//582
f  4359//3789 4360//3790 4365//580 4364//582
f  4366//3794 1872//1692 1866//1686 4357//3787
f  1872//1692 4366//3794 4367//3795 1873//1693
f  4363//3793 4366//3794 4357//3787 4362//3792
f  4368//3796 4367//3795 4366//3794 4363//3793
f  1873//1693 4367//3795 4369//3797 1874//1694
f  4367//3795 4368//3796 4370//3798 4369//3797
f  4363//3793 4364//582 4371//581 4368//3796
f  4368//3796 4371//581 4372//584 4370//3798
f  4373//3799 1891//1710 1890//1709 4374//3800
f  1890//1709 1893//1712 4375//3801 4374//3800
f  4376//3802 1892//1711 1891//1710 4373//3799
f  4375//3801 1893//1712 1826//1657 4333//3763
f  1892//1711 4376//3802 4377//3803 1894//1713
f  4373//3799 4374//3800 4378//3804 4379//3805
f  4380//3806 4376//3802 4373//3799 4379//3805
f  4374//3800 4375//3801 4381//3807 4378//3804
f  4381//3807 4375//3801 4333//3763 4337//3767
f  4382//3808 4377//3803 4376//3802 4380//3806
f  4383//3809 1895//1714 1894//1713 4377//3803
f  4384//3810 1896//1715 1895//1714 4383//3809
f  4358//3788 1865//1685 1896//1715 4384//3810
f  4383//3809 4377//3803 4382//3808 4385//3811
f  4386//3812 4384//3810 4383//3809 4385//3811
f  4361//3791 4358//3788 4384//3810 4386//3812
f  4387//3813 4379//3805 4378//3804 4388//3814
f  4378//3804 4381//3807 4389//3815 4388//3814
f  4337//3767 4336//3766 4342//3772 4390//3816
f  4337//3767 4390//3816 4389//3815 4381//3807
f  4391//3817 4380//3806 4379//3805 4387//3813
f  4392//585 4389//3815 4390//3816 4393//586
f  4390//3816 4342//3772 4345//3775 4393//586
f  4380//3806 4391//3817 4394//3818 4382//3808
f  4387//3813 4388//3814 4395//587 4396//3819
f  4387//3813 4396//3819 4397//3820 4391//3817
f  4396//3819 4395//587 4398//183 4399//3821
f  4396//3819 4399//3821 4347//3777 4397//3820
f  4400//3822 4394//3818 4391//3817 4397//3820
f  4385//3811 4382//3808 4394//3818 4401//3823
f  4402//3824 4401//3823 4394//3818 4400//3822
f  4403//3825 4386//3812 4385//3811 4401//3823
f  4388//3814 4389//3815 4392//585 4395//587
f  4393//586 4345//3775 4399//3821 4398//183
f  4345//3775 4344//3774 4347//3777 4399//3821
f  4360//3790 4361//3791 4404//3826 4365//580
f  4404//3826 4361//3791 4386//3812 4403//3825
f  4405//583 4365//580 4404//3826 4406//588
f  4404//3826 4403//3825 4407//3827 4406//588
f  4403//3825 4401//3823 4408//3828 4407//3827
f  4372//584 4405//583 4409//589 4410//3829
f  4411//3830 4370//3798 4372//584 4410//3829
f  4409//589 4406//588 4412//590 4413//3831
f  4414//3832 4410//3829 4409//589 4413//3831
f  4406//588 4407//3827 4415//591 4412//590
f  4401//3823 4402//3824 4416//3833 4408//3828
f  4347//3777 4348//3778 4400//3822 4397//3820
f  4400//3822 4348//3778 4349//3779 4402//3824
f  4402//3824 4349//3779 4351//3781 4416//3833
f  4415//591 4407//3827 4408//3828 4417//3834
f  4408//3828 4416//3833 4418//3835 4417//3834
f  4418//3835 4416//3833 4351//3781 4354//3784
f  4419//595 4413//3831 4412//590 4420//592
f  4415//591 4417//3834 4421//3836 4422//593
f  4421//3836 4417//3834 4418//3835 4423//3837
f  4418//3835 4354//3784 4424//3838 4423//3837
f  4422//593 4421//3836 4425//3839 4426//598
f  4421//3836 4423//3837 4427//3840 4425//3839
f  4428//3841 1922//1730 1919//203 4429//202
f  4430//3842 4431//553 4222//205 4223//3679
f  1922//1730 4428//3841 4432//3843 1923//1731
f  4432//3843 4428//3841 4429//202 4431//553
f  4433//3844 4432//3843 4431//553 4430//3842
f  4434//3845 1924//1732 1923//1731 4432//3843
f  1924//1732 4434//3845 4435//3846 1925//1733
f  4436//3847 4434//3845 4432//3843 4433//3844
f  4434//3845 4436//3847 4437//3848 4435//3846
f  4438//3849 4430//3842 4223//3679 4225//3681
f  4439//3850 4433//3844 4430//3842 4438//3849
f  4440//3851 4436//3847 4433//3844 4439//3850
f  4441//3852 4437//3848 4436//3847 4440//3851
f  1925//1733 4435//3846 4442//3853 1938//1746
f  4443//3854 4442//3853 4435//3846 4437//3848
f  1939//1747 1938//1746 4442//3853 4444//3855
f  1939//1747 4444//3855 4445//3856 1940//1748
f  4444//3855 4442//3853 4443//3854 4446//3857
f  4444//3855 4446//3857 4447//3858 4445//3856
f  4448//3859 4443//3854 4437//3848 4441//3852
f  4449//3860 4446//3857 4443//3854 4448//3859
f  4446//3857 4449//3860 4450//3861 4447//3858
f  4449//3860 4448//3859 4451//3862 4452//3863
f  4453//3864 4450//3861 4449//3860 4452//3863
f  4454//3865 4438//3849 4225//3681 4231//559
f  4455//601 4439//3850 4438//3849 4454//3865
f  4439//3850 4455//601 4456//600 4457//603
f  4458//602 4440//3851 4439//3850 4457//603
f  4459//3866 4454//3865 4231//559 4283//3717
f  4460//599 4455//601 4454//3865 4459//3866
f  4459//3866 4283//3717 4461//579 4462//607
f  4463//606 4460//599 4459//3866 4462//607
f  1814//1645 1996//1793 4464//608 4326//3756
f  1996//1793 1997//1794 4465//609 4464//608
f  4466//3867 4465//609 1997//1794 1998//1795
f  4326//3756 4464//608 4467//610 4329//3759
f  4465//609 4466//3867 4468//3868 4467//610
f  1998//1795 1999//1796 4469//3869 4466//3867
f  4470//3870 4469//3869 1999//1796 2000//1797
f  4466//3867 4469//3869 4471//3871 4468//3868
f  4472//611 4471//3871 4469//3869 4470//3870
f  4328//3758 4329//3759 4352//3782 4340//3770
f  4329//3759 4467//610 4473//3872 4352//3782
f  4467//610 4468//3868 4474//3873 4473//3872
f  4352//3782 4473//3872 4475//3874 4476//3875
f  4477//3876 4353//3783 4352//3782 4476//3875
f  4468//3868 4471//3871 4478//3877 4474//3873
f  4479//3878 4478//3877 4471//3871 4472//611
f  4473//3872 4474//3873 4478//3877 4475//3874
f  4480//3879 4475//3874 4478//3877 4479//3878
f  4481//3880 4476//3875 4475//3874 4480//3879
f  2000//1797 2003//1799 4482//3881 4470//3870
f  2003//1799 1940//1748 4445//3856 4482//3881
f  4470//3870 4482//3881 4483//612 4472//611
f  4482//3881 4445//3856 4447//3858 4483//612
f  4484//3882 4479//3878 4472//611 4485//613
f  4486//3883 4480//3879 4479//3878 4484//3882
f  4485//613 4483//612 4447//3858 4450//3861
f  4487//3884 4485//613 4450//3861 4453//3864
f  4488//3885 4484//3882 4485//613 4487//3884
f  4353//3783 4477//3876 4424//3838 4354//3784
f  4477//3876 4476//3875 4481//3880 4489//3886
f  4490//3887 4424//3838 4477//3876 4489//3886
f  4491//3888 4481//3880 4480//3879 4486//3883
f  4492//3889 4489//3886 4481//3880 4491//3888
f  4427//3840 4423//3837 4424//3838 4490//3887
f  4493//3890 4490//3887 4489//3886 4492//3889
f  4494//3891 4427//3840 4490//3887 4493//3890
f  4425//3839 4427//3840 4494//3891 4495//3892
f  4496//3893 4426//598 4425//3839 4495//3892
f  4492//3889 4491//3888 4497//3894 4498//3895
f  4499//3896 4493//3890 4492//3889 4498//3895
f  4500//3897 4494//3891 4493//3890 4499//3896
f  4501//3898 4495//3892 4494//3891 4500//3897
f  4502//3899 4486//3883 4484//3882 4488//3885
f  4491//3888 4486//3883 4502//3899 4497//3894
f  4503//3900 4488//3885 4487//3884 4504//3901
f  4487//3884 4453//3864 4505//3902 4504//3901
f  4506//3903 4502//3899 4488//3885 4503//3900
f  4507//616 4497//3894 4502//3899 4506//3903
f  4503//3900 4504//3901 4508//3904 4509//3905
f  4510//3906 4506//3903 4503//3900 4509//3905
f  4511//615 4498//3895 4497//3894 4507//616
f  4512//3907 4499//3896 4498//3895 4511//615
f  4499//3896 4512//3907 4513//3908 4500//3897
f  4512//3907 4511//615 4514//614 4515//3909
f  4512//3907 4515//3909 4516//3910 4513//3908
f  4507//616 4506//3903 4510//3906 4514//614
f  4517//3911 4515//3909 4514//614 4510//3906
f  4515//3909 4517//3911 4518//618 4519//617
f  4520//620 4516//3910 4515//3909 4519//617
f  4283//3717 4282//3716 4286//577 4461//579
f  4521//3912 4289//578 4288//3719 4296//3726
f  4522//3913 4461//579 4289//578 4521//3912
f  4523//605 4462//607 4461//579 4522//3913
f  1874//1694 4369//3797 4524//3914 2165//1925
f  4369//3797 4370//3798 4411//3830 4524//3914
f  4525//3915 4524//3914 4411//3830 4526//3916
f  4411//3830 4410//3829 4414//3832 4526//3916
f  4525//3915 2169//1928 2165//1925 4524//3914
f  2169//1928 4525//3915 4527//3917 2170//1929
f  4525//3915 4526//3916 4528//3918 4527//3917
f  4528//3918 4526//3916 4414//3832 4529//3919
f  4414//3832 4413//3831 4419//595 4529//3919
f  4529//3919 4419//595 4530//596 4531//3920
f  4532//3921 4528//3918 4529//3919 4531//3920
f  2170//1929 4527//3917 4533//3922 2172//1931
f  4527//3917 4528//3918 4534//622 4533//3922
f  4528//3918 4532//3921 4535//623 4534//622
f  4536//3923 4530//596 4420//592 4537//594
f  4531//3920 4530//596 4536//3923 4538//3924
f  4531//3920 4538//3924 4539//3925 4532//3921
f  4540//3926 4541//3927 4542//3928 4543//3929
f  4540//3926 4543//3929 4544//3930 4545//3931
f  4546//3932 4541//3927 4540//3926 4547//3933
f  4540//3926 4545//3931 4548//3934 4547//3933
f  4549//625 4543//3929 4542//3928 4550//626
f  4551//3935 4545//3931 4544//3930 4552//3936
f  4551//3935 4552//3936 4553//3937 4554//3938
f  4548//3934 4545//3931 4551//3935 4555//3939
f  4551//3935 4554//3938 4556//3940 4555//3939
f  4557//3941 4536//3923 4537//594 4558//597
f  4559//628 4544//3930 4543//3929 4549//625
f  4560//629 4552//3936 4544//3930 4559//628
f  4561//630 4553//3937 4552//3936 4560//629
f  4562//3942 4554//3938 4553//3937 4563//3943
f  4553//3937 4561//630 4564//631 4563//3943
f  4563//3943 4564//631 4565//632 4566//3944
f  4567//3945 4562//3942 4563//3943 4566//3944
f  4554//3938 4562//3942 4568//3946 4556//3940
f  4562//3942 4567//3945 4569//3947 4568//3946
f  4570//3948 4538//3924 4536//3923 4557//3941
f  4565//632 4571//633 4572//3949 4566//3944
f  4566//3944 4572//3949 4573//3950 4567//3945
f  4574//3951 4539//3925 4538//3924 4570//3948
f  4575//634 4535//623 4532//3921 4539//3925
f  4546//3932 4547//3933 4576//3952 4577//3953
f  4578//3954 4576//3952 4547//3933 4548//3934
f  4577//3953 4576//3952 4579//3955 4580//3956
f  4581//3957 4579//3955 4576//3952 4578//3954
f  4580//3956 4579//3955 4582//3958 4583//3959
f  4584//3960 4582//3958 4579//3955 4581//3957
f  4585//3961 4583//3959 4582//3958 4586//3962
f  4582//3958 4584//3960 4587//3963 4586//3962
f  4585//3961 4586//3962 4588//637 4589//636
f  4548//3934 4555//3939 4590//3964 4578//3954
f  4591//3965 4590//3964 4555//3939 4556//3940
f  4592//3966 4581//3957 4578//3954 4590//3964
f  4581//3957 4592//3966 4593//3967 4584//3960
f  4594//3968 4592//3966 4590//3964 4591//3965
f  4592//3966 4594//3968 4595//3969 4593//3967
f  4591//3965 4556//3940 4568//3946 4596//3970
f  4597//3971 4594//3968 4591//3965 4596//3970
f  4598//3972 4595//3969 4594//3968 4597//3971
f  4584//3960 4593//3967 4599//639 4587//3963
f  4600//640 4599//639 4593//3967 4595//3969
f  4588//637 4586//3962 4587//3963 4601//642
f  4587//3963 4599//639 4602//641 4601//642
f  4595//3969 4598//3972 4603//3973 4600//640
f  4604//3974 4575//634 4539//3925 4574//3951
f  4605//3975 4603//3973 4598//3972 4606//3976
f  4598//3972 4597//3971 4607//3977 4606//3976
f  4608//643 4602//641 4600//640 4603//3973
f  4609//654 4610//621 4575//634 4604//3974
f  4605//3975 4611//644 4608//643 4603//3973
f  4611//644 4605//3975 4612//3978 4613//645
f  4605//3975 4606//3976 4614//3979 4612//3978
f  2172//1931 4533//3922 4615//646 2198//1952
f  4533//3922 4534//622 4616//624 4615//646
f  4617//3980 2199//1953 2198//1952 4615//646
f  4618//648 2201//1954 2199//1953 4617//3980
f  4617//3980 4615//646 4619//647 4618//648
f  2201//1954 4618//648 4620//651 2202//1955
f  4618//648 4621//649 4622//3981 4623//650
f  4616//624 4624//635 4625//3982 4619//647
f  4626//3983 4627//3984 4628//3985 4629//3986
f  4626//3983 4629//3986 4630//3987 4631//3988
f  4632//3989 4633//3990 4629//3986 4628//3985
f  4634//3991 4633//3990 4632//3989 4635//3992
f  4632//3989 4628//3985 4636//3993 4635//3992
f  4630//3987 4629//3986 4633//3990 4637//3994
f  4633//3990 4634//3991 4638//3995 4637//3994
f  4628//3985 4627//3984 4639//3996 4636//3993
f  4640//3997 4636//3993 4639//3996 4641//1940
f  4635//3992 4636//3993 4640//3997 4642//3998
f  4643//3999 4634//3991 4635//3992 4642//3998
f  4634//3991 4643//3999 4644//4000 4638//3995
f  4624//635 4610//621 4609//654 4645//653
f  4646//4001 4625//3982 4624//635 4645//653
f  4640//3997 4641//1940 4647//4002 4648//4003
f  4649//4004 4642//3998 4640//3997 4648//4003
f  4650//4005 4643//3999 4642//3998 4649//4004
f  4651//4006 4644//4000 4643//3999 4650//4005
f  4652//4007 4649//4004 4648//4003 4653//4008
f  4648//4003 4647//4002 4654//4009 4653//4008
f  4631//3988 4630//3987 4655//4010 4656//4011
f  4657//4012 4621//649 4619//647 4625//3982
f  4655//4010 4630//3987 4637//3994 4638//3995
f  4621//649 4657//4012 4658//4013 4622//3981
f  4656//4011 4655//4010 4659//4014 4660//4015
f  4659//4014 4655//4010 4638//3995 4644//4000
f  4661//4016 4659//4014 4644//4000 4651//4006
f  4662//4017 4660//4015 4659//4014 4661//4016
f  4663//4018 4657//4012 4625//3982 4646//4001
f  4662//4017 4661//4016 4664//4019 4665//4020
f  4666//4021 4658//4013 4657//4012 4663//4018
f  4496//3893 4557//3941 4558//597 4426//598
f  4567//3945 4573//3950 4667//4022 4569//3947
f  4668//4023 4570//3948 4557//3941 4496//3893
f  4669//4024 4596//3970 4568//3946 4569//3947
f  4596//3970 4669//4024 4607//3977 4597//3971
f  4569//3947 4667//4022 4670//4025 4669//4024
f  4669//4024 4670//4025 4671//4026 4607//3977
f  4614//3979 4606//3976 4607//3977 4671//4026
f  4604//3974 4574//3951 4672//4027 4673//4028
f  4674//652 4609//654 4604//3974 4673//4028
f  4675//4029 4650//4005 4649//4004 4652//4007
f  4650//4005 4675//4029 4676//4030 4651//4006
f  4677//4031 4652//4007 4653//4008 4678//4032
f  4653//4008 4654//4009 4679//4033 4678//4032
f  4680//4034 4675//4029 4652//4007 4677//4031
f  4681//655 4646//4001 4645//653 4674//652
f  4675//4029 4680//4034 4682//4035 4676//4030
f  4677//4031 4678//4032 4683//4036 4684//4037
f  4685//4038 4680//4034 4677//4031 4684//4037
f  4686//4039 4683//4036 4678//4032 4679//4033
f  4680//4034 4685//4038 4687//4040 4682//4035
f  4683//4036 4686//4039 4688//4041 4689//4042
f  4690//4043 4684//4037 4683//4036 4689//4042
f  4691//4044 4685//4038 4684//4037 4690//4043
f  4692//4045 4687//4040 4685//4038 4691//4044
f  4693//4046 4682//4035 4687//4040 4694//4047
f  4687//4040 4692//4045 4695//4048 4694//4047
f  4664//4019 4661//4016 4651//4006 4676//4030
f  4665//4020 4664//4019 4693//4046 4696//4049
f  4693//4046 4664//4019 4676//4030 4682//4035
f  4693//4046 4694//4047 4697//4050 4696//4049
f  4646//4001 4681//655 4698//657 4663//4018
f  4623//650 2208//1960 2202//1955 4620//651
f  2208//1960 4623//650 4699//4051 2209//1961
f  4700//4052 4699//4051 4623//650 4622//3981
f  2209//1961 4699//4051 4701//4053 2212//1964
f  4699//4051 4700//4052 4702//4054 4701//4053
f  4622//3981 4658//4013 4703//4055 4700//4052
f  4658//4013 4666//4021 4704//4056 4703//4055
f  4672//4027 4574//3951 4570//3948 4668//4023
f  4496//3893 4495//3892 4501//3898 4668//4023
f  4705//4057 4672//4027 4668//4023 4501//3898
f  4706//656 4673//4028 4672//4027 4705//4057
f  4501//3898 4500//3897 4707//4058 4705//4057
f  4705//4057 4707//4058 4708//4059 4706//656
f  4709//4060 4707//4058 4500//3897 4513//3908
f  4710//4061 4708//4059 4707//4058 4709//4060
f  4681//655 4674//652 4673//4028 4706//656
f  4711//4062 4690//4043 4689//4042 4712//4063
f  4689//4042 4688//4041 4713//4064 4712//4063
f  4714//4065 4695//4048 4715//4066 4716//4067
f  4694//4047 4695//4048 4714//4065 4697//4050
f  4717//4068 4691//4044 4690//4043 4711//4062
f  4691//4044 4717//4068 4718//4069 4692//4045
f  4711//4062 4712//4063 4719//4070 4717//4068
f  4715//4066 4718//4069 4717//4068 4719//4070
f  4695//4048 4692//4045 4718//4069 4715//4066
f  4719//4070 4712//4063 4713//4064 4720//4071
f  4720//4071 4716//4067 4715//4066 4719//4070
f  4663//4018 4698//657 4721//4072 4666//4021
f  4722//4073 4698//657 4706//656 4708//4059
f  4698//657 4722//4073 4723//4074 4721//4072
f  4724//4075 4722//4073 4708//4059 4710//4061
f  4722//4073 4724//4075 4725//4076 4723//4074
f  4726//4077 4709//4060 4513//3908 4516//3910
f  4709//4060 4726//4077 4727//4078 4710//4061
f  4728//660 4726//4077 4516//3910 4520//620
f  4729//667 4727//4078 4726//4077 4728//660
f  4730//4079 4724//4075 4710//4061 4727//4078
f  4731//4080 4725//4076 4724//4075 4730//4079
f  4732//4081 4702//4054 4700//4052 4703//4055
f  2212//1964 4701//4053 4733//4082 2255//2001
f  4734//4083 4733//4082 4701//4053 4702//4054
f  2255//2001 4733//4082 4735//4084 2256//2002
f  4733//4082 4734//4083 4736//4085 4735//4084
f  4737//4086 4734//4083 4702//4054 4732//4081
f  4738//4087 4736//4085 4734//4083 4737//4086
f  2256//2002 4735//4084 4739//4088 2259//2005
f  4740//4089 4739//4088 4735//4084 4736//4085
f  2259//2005 4739//4088 4741//4090 2260//2006
f  4739//4088 4740//4089 4742//4091 4741//4090
f  4743//4092 4740//4089 4736//4085 4738//4087
f  4740//4089 4743//4092 4744//4093 4742//4091
f  4745//4094 4704//4056 4666//4021 4721//4072
f  4703//4055 4704//4056 4746//662 4732//4081
f  4747//663 4746//662 4704//4056 4745//4094
f  4737//4086 4732//4081 4746//662 4748//664
f  4747//663 4745//4094 4749//4095 4750//665
f  4721//4072 4723//4074 4749//4095 4745//4094
f  4749//4095 4723//4074 4725//4076 4751//4096
f  4752//666 4750//665 4749//4095 4751//4096
f  4737//4086 4748//664 4753//4097 4738//4087
f  4748//664 4752//666 4754//4098 4753//4097
f  4755//4099 4751//4096 4725//4076 4731//4080
f  4752//666 4751//4096 4755//4099 4754//4098
f  4756//4100 4753//4097 4754//4098 4757//4101
f  4754//4098 4755//4099 4758//4102 4757//4101
f  4755//4099 4731//4080 4759//4103 4758//4102
f  4738//4087 4753//4097 4756//4100 4743//4092
f  4743//4092 4756//4100 4760//4104 4744//4093
f  4756//4100 4757//4101 4761//4105 4760//4104
f  4762//4106 4761//4105 4757//4101 4758//4102
f  4727//4078 4729//667 4763//670 4764//672
f  4765//4107 4730//4079 4727//4078 4764//672
f  4759//4103 4731//4080 4730//4079 4765//4107
f  4766//4108 3496//3077 3501//3082 4767//4109
f  4768//676 4767//4109 3501//3082 3502//432
f  4766//4108 4769//4110 4770//4111 4771//4112
f  4772//4113 4771//4112 4770//4111 4773//4114
f  4770//4111 4769//4110 4774//4115 4775//4116
f  4776//4117 4773//4114 4770//4111 4775//4116
f  4766//4108 4767//4109 4777//4118 4769//4110
f  3495//3076 3496//3077 4766//4108 4771//4112
f  4778//675 4777//4118 4767//4109 4768//676
f  4769//4110 4777//4118 4779//4119 4774//4115
f  4777//4118 4778//675 4780//678 4779//4119
f  4772//4113 3494//3075 3495//3076 4771//4112
f  3494//3075 4772//4113 4781//4120 3498//3079
f  4773//4114 4776//4117 4782//4121 4783//4122
f  4781//4120 4772//4113 4773//4114 4783//4122
f  3502//432 4784//431 4785//674 4768//676
f  4786//4123 4785//674 4784//431 4787//433
f  4788//4124 4789//677 4785//674 4786//4123
f  4790//4125 4787//433 3508//430 3510//3089
f  4775//4116 4774//4115 4791//4126 4792//4127
f  4775//4116 4792//4127 4793//4128 4776//4117
f  4774//4115 4779//4119 4794//4129 4791//4126
f  4795//4130 4794//4129 4779//4119 4780//678
f  4792//4127 4791//4126 4796//4131 4797//4132
f  4798//4133 4793//4128 4792//4127 4797//4132
f  4791//4126 4794//4129 4799//4134 4796//4131
f  4794//4129 4795//4130 4800//4135 4799//4134
f  4801//4136 4782//4121 4776//4117 4793//4128
f  4802//4137 4781//4120 4783//4122 4803//4138
f  4783//4122 4782//4121 4804//4139 4803//4138
f  4782//4121 4801//4136 4805//4140 4804//4139
f  4806//4141 4801//4136 4793//4128 4798//4133
f  4801//4136 4806//4141 4807//4142 4805//4140
f  4806//4141 4798//4133 4808//4143 4807//4142
f  4780//678 4789//677 4809//4144 4795//4130
f  4810//4145 4809//4144 4789//677 4788//4124
f  4811//4146 4800//4135 4795//4130 4809//4144
f  4812//4147 4799//4134 4800//4135 4813//4148
f  4800//4135 4811//4146 4814//4149 4813//4148
f  4815//4150 4811//4146 4809//4144 4810//4145
f  4811//4146 4815//4150 4816//4151 4814//4149
f  3497//3078 3498//3079 4817//4152 3566//3118
f  4802//4137 4817//4152 3498//3079 4781//4120
f  3566//3118 4817//4152 4818//4153 3569//3121
f  4817//4152 4802//4137 4819//4154 4818//4153
f  4802//4137 4803//4138 4820//4155 4819//4154
f  3569//3121 4818//4153 4821//4156 3572//3124
f  4819//4154 4820//4155 4822//4157 4823//4158
f  4821//4156 4818//4153 4819//4154 4823//4158
f  3579//3131 3588//3138 4824//681 4825//680
f  4826//4159 3577//3129 3579//3131 4825//680
f  4827//4160 3588//3138 3584//3135 3587//3137
f  4828//4161 4824//681 3588//3138 4827//4160
f  4829//4162 4830//4163 4828//4161 4831//4164
f  4832//4165 4824//681 4828//4161 4830//4163
f  4828//4161 4827//4160 4833//4166 4831//4164
f  4824//681 4832//4165 4834//4167 4835//679
f  4804//4139 4805//4140 4836//4168 4837//4169
f  4820//4155 4803//4138 4804//4139 4837//4169
f  4805//4140 4807//4142 4838//683 4836//4168
f  4807//4142 4808//4143 4839//684 4838//683
f  4822//4157 4820//4155 4837//4169 4840//4170
f  4837//4169 4836//4168 4841//4171 4840//4170
f  4842//682 4841//4171 4836//4168 4838//683
f  4822//4157 4840//4170 4843//4172 4844//4173
f  4845//4174 4823//4158 4822//4157 4844//4173
f  4846//4175 4847//4176 4829//4162 4848//4177
f  4849//4178 4830//4163 4829//4162 4847//4176
f  4829//4162 4831//4164 4850//4179 4848//4177
f  4843//4172 4840//4170 4841//4171 4851//4180
f  4841//4171 4842//682 4852//4181 4851//4180
f  4843//4172 4851//4180 4853//4182 4846//4175
f  4848//4177 4844//4173 4843//4172 4846//4175
f  4854//4183 4847//4176 4846//4175 4853//4182
f  4849//4178 4847//4176 4854//4183 4855//4184
f  4854//4183 4853//4182 4856//4185 4857//4186
f  4858//4187 4855//4184 4854//4183 4857//4186
f  4855//4184 4858//4187 4859//4188 4860//4189
f  4861//4190 4860//4189 4859//4188 4862//4191
f  4863//4192 4864//4193 4859//4188 4858//4187
f  4865//4194 4862//4191 4859//4188 4864//4193
f  4866//4195 4832//4165 4830//4163 4849//4178
f  4832//4165 4866//4195 4867//4196 4834//4167
f  4849//4178 4855//4184 4860//4189 4866//4195
f  4866//4195 4860//4189 4861//4190 4867//4196
f  4787//433 4868//4197 4869//4198 4786//4123
f  4870//4199 4868//4197 4787//433 4790//4125
f  4871//4200 4869//4198 4868//4197 4872//4201
f  4873//4202 4872//4201 4868//4197 4870//4199
f  4786//4123 4869//4198 4874//4203 4788//4124
f  4869//4198 4871//4200 4875//4204 4874//4203
f  4876//4205 4871//4200 4872//4201 4877//4206
f  4872//4201 4873//4202 4878//4207 4877//4206
f  4871//4200 4876//4205 4879//4208 4875//4204
f  4826//4159 4790//4125 3510//3089 3577//3129
f  4880//4209 4870//4199 4790//4125 4826//4159
f  4873//4202 4870//4199 4880//4209 4881//4210
f  4882//4211 4878//4207 4873//4202 4881//4210
f  4876//4205 4877//4206 4883//4212 4884//687
f  4885//686 4879//4208 4876//4205 4884//687
f  4886//4213 4883//4212 4877//4206 4878//4207
f  4883//4212 4886//4213 4887//4214 4888//4215
f  4889//685 4884//687 4883//4212 4888//4215
f  4890//4216 4886//4213 4878//4207 4882//4211
f  4886//4213 4890//4216 4891//4217 4887//4214
f  4890//4216 4882//4211 4892//4218 4893//4219
f  4890//4216 4893//4219 4894//4220 4891//4217
f  4788//4124 4874//4203 4895//4221 4810//4145
f  4874//4203 4875//4204 4896//4222 4895//4221
f  4897//4223 4896//4222 4875//4204 4879//4208
f  4810//4145 4895//4221 4898//4224 4815//4150
f  4899//4225 4898//4224 4895//4221 4896//4222
f  4816//4151 4815//4150 4898//4224 4900//4226
f  4898//4224 4899//4225 4901//4227 4900//4226
f  4902//4228 4899//4225 4896//4222 4897//4223
f  4899//4225 4902//4228 4903//4229 4901//4227
f  4879//4208 4885//686 4904//689 4897//4223
f  4905//4230 4902//4228 4897//4223 4904//689
f  4902//4228 4905//4230 4906//4231 4903//4229
f  4907//4232 4905//4230 4904//689 4908//688
f  4826//4159 4825//680 4909//4233 4880//4209
f  4910//4234 4881//4210 4880//4209 4909//4233
f  4881//4210 4910//4234 4892//4218 4882//4211
f  4909//4233 4825//680 4835//679 4911//4235
f  4912//4236 4910//4234 4909//4233 4911//4235
f  4910//4234 4912//4236 4913//4237 4892//4218
f  4914//4238 4911//4235 4835//679 4834//4167
f  4915//4239 4912//4236 4911//4235 4914//4238
f  4916//4240 4913//4237 4912//4236 4915//4239
f  4917//4241 4893//4219 4892//4218 4913//4237
f  4893//4219 4917//4241 4918//4242 4894//4220
f  4919//4243 4917//4241 4913//4237 4916//4240
f  4917//4241 4919//4243 4920//4244 4918//4242
f  4862//4191 4921//692 4922//691 4861//4190
f  4923//4245 4921//692 4862//4191 4865//4194
f  4924//4246 4925//690 4921//692 4923//4245
f  4867//4196 4861//4190 4922//691 4926//4247
f  4922//691 4925//690 4927//4248 4926//4247
f  4928//4249 4927//4248 4925//690 4929//4250
f  4930//4251 4929//4250 4925//690 4924//4246
f  4926//4247 4914//4238 4834//4167 4867//4196
f  4927//4248 4915//4239 4914//4238 4926//4247
f  4915//4239 4927//4248 4928//4249 4916//4240
f  4931//4252 4928//4249 4929//4250 4932//4253
f  4929//4250 4930//4251 4933//4254 4932//4253
f  4931//4252 4919//4243 4916//4240 4928//4249
f  4919//4243 4931//4252 4934//4255 4920//4244
f  4931//4252 4932//4253 4935//4256 4934//4255
f  4808//4143 4798//4133 4797//4132 4936//4257
f  4797//4132 4796//4131 4937//4258 4936//4257
f  4796//4131 4799//4134 4812//4147 4937//4258
f  4839//684 4808//4143 4936//4257 4938//4259
f  4936//4257 4937//4258 4939//4260 4938//4259
f  4937//4258 4812//4147 4940//4261 4939//4260
f  4812//4147 4813//4148 4863//4192 4940//4261
f  4863//4192 4813//4148 4814//4149 4864//4193
f  4865//4194 4864//4193 4814//4149 4816//4151
f  4852//4181 4842//682 4839//684 4938//4259
f  4938//4259 4939//4260 4856//4185 4852//4181
f  4857//4186 4856//4185 4939//4260 4940//4261
f  4853//4182 4851//4180 4852//4181 4856//4185
f  4858//4187 4857//4186 4940//4261 4863//4192
f  4816//4151 4900//4226 4923//4245 4865//4194
f  4900//4226 4901//4227 4924//4246 4923//4245
f  4901//4227 4903//4229 4930//4251 4924//4246
f  4941//4262 4906//4231 4905//4230 4907//4232
f  4903//4229 4906//4231 4933//4254 4930//4251
f  4942//4263 4933//4254 4906//4231 4941//4262
f  4935//4256 4932//4253 4933//4254 4942//4263
f  4943//4264 4944//4265 4945//4266 4946//4267
f  4947//4268 4944//4265 4943//4264 4948//4269
f  4943//4264 4946//4267 4949//4270 4950//4271
f  4951//4272 4948//4269 4943//4264 4950//4271
f  4908//688 4889//685 4945//4266 4952//4273
f  4945//4266 4944//4265 4953//4274 4952//4273
f  4888//4215 4946//4267 4945//4266 4889//685
f  4908//688 4952//4273 4954//4275 4907//4232
f  4952//4273 4953//4274 4955//4276 4954//4275
f  4956//4277 4953//4274 4944//4265 4947//4268
f  4953//4274 4956//4277 4957//4278 4955//4276
f  4948//4269 4958//4279 4959//4280 4947//4268
f  3598//3147 4958//4279 4948//4269 4951//4272
f  4958//4279 4960//4281 4961//4282 4959//4280
f  4958//4279 3598//3147 3595//3144 4960//4281
f  4961//4282 4960//4281 3742//3254 4962//4283
f  4963//4284 4959//4280 4961//4282 4964//4285
f  4965//693 4964//4285 4961//4282 4962//4283
f  4960//4281 3595//3144 3592//3141 3742//3254
f  3742//3254 3740//3252 4966//4286 4962//4283
f  4947//4268 4959//4280 4963//4284 4956//4277
f  4956//4277 4963//4284 4967//4287 4957//4278
f  4963//4284 4964//4285 4968//4288 4967//4287
f  4969//696 4968//4288 4964//4285 4965//693
f  4970//4289 4954//4275 4955//4276 4971//4290
f  4955//4276 4957//4278 4972//4291 4971//4290
f  4957//4278 4967//4287 4973//4292 4972//4291
f  4967//4287 4968//4288 4974//4293 4973//4292
f  4975//4294 4974//4293 4968//4288 4969//696
f  4949//4270 4946//4267 4888//4215 4887//4214
f  4949//4270 4887//4214 4891//4217 4976//4295
f  4977//4296 4950//4271 4949//4270 4976//4295
f  4978//4297 4976//4295 4891//4217 4894//4220
f  4950//4271 4977//4296 4979//4298 4951//4272
f  4980//4299 4977//4296 4976//4295 4978//4297
f  4977//4296 4980//4299 4981//4300 4979//4298
f  4894//4220 4918//4242 4982//4301 4978//4297
f  4983//4302 4982//4301 4918//4242 4920//4244
f  4984//4303 4980//4299 4978//4297 4982//4301
f  4980//4299 4984//4303 4985//4304 4981//4300
f  4986//4305 4984//4303 4982//4301 4983//4302
f  4984//4303 4986//4305 4987//700 4985//4304
f  4920//4244 4934//4255 4988//4306 4983//4302
f  4989//4307 4988//4306 4934//4255 4935//4256
f  4990//4308 4986//4305 4983//4302 4988//4306
f  4986//4305 4990//4308 4991//4309 4987//700
f  4992//4310 4990//4308 4988//4306 4989//4307
f  4993//4311 4991//4309 4990//4308 4992//4310
f  3599//3148 3598//3147 4951//4272 4979//4298
f  3600//3149 3599//3148 4979//4298 4981//4300
f  4994//4312 3600//3149 4981//4300 4985//4304
f  3779//3291 3597//3146 3600//3149 4994//4312
f  4995//699 4994//4312 4985//4304 4987//700
f  3779//3291 4994//4312 4995//699 4996//4313
f  4997//4314 3780//3292 3779//3291 4996//4313
f  4998//4315 4996//4313 4995//699 4999//701
f  4996//4313 4998//4315 5000//4316 4997//4314
f  4987//700 4991//4309 5001//4317 4999//701
f  5002//4318 5001//4317 4991//4309 4993//4311
f  5003//4319 4998//4315 4999//701 5001//4317
f  4998//4315 5003//4319 5004//4320 5000//4316
f  5005//4321 5003//4319 5001//4317 5002//4318
f  5003//4319 5005//4321 5006//4322 5004//4320
f  4907//4232 4954//4275 4970//4289 4941//4262
f  4942//4263 4941//4262 4970//4289 5007//4323
f  4970//4289 4971//4290 5008//4324 5007//4323
f  4989//4307 4935//4256 4942//4263 5007//4323
f  5009//4325 5008//4324 4971//4290 4972//4291
f  4992//4310 4989//4307 5007//4323 5008//4324
f  4993//4311 4992//4310 5008//4324 5009//4325
f  5010//4326 5009//4325 4972//4291 4973//4292
f  5002//4318 4993//4311 5009//4325 5010//4326
f  5010//4326 4973//4292 4974//4293 5011//4327
f  5012//4328 5011//4327 4974//4293 4975//4294
f  5002//4318 5010//4326 5011//4327 5005//4321
f  5006//4322 5005//4321 5011//4327 5012//4328
f  5013//4329 5014//4330 3572//3124 4821//4156
f  3729//3242 3571//3123 3572//3124 5014//4330
f  5015//4331 5016//4332 5014//4330 5013//4329
f  3735//3247 3729//3242 5014//4330 5016//4332
f  3736//3248 3735//3247 5016//4332 3737//3249
f  4833//4166 3737//3249 5016//4332 5015//4331
f  4827//4160 3587//3137 3737//3249 4833//4166
f  4821//4156 4823//4158 4845//4174 5013//4329
f  4850//4179 5015//4331 5013//4329 4845//4174
f  4850//4179 4831//4164 4833//4166 5015//4331
f  4845//4174 4844//4173 4848//4177 4850//4179
f  3740//3252 3745//3257 3753//3265 4966//4286
f  3753//3265 3754//3266 5017//4333 5018//4334
f  5019//694 4966//4286 3753//3265 5018//4334
f  4962//4283 4966//4286 5019//694 4965//693
f  3765//3277 5017//4333 3754//3266 3755//3267
f  5020//695 5019//694 5018//4334 5021//4335
f  5018//4334 5017//4333 5022//4336 5021//4335
f  5023//4337 5022//4336 5017//4333 3765//3277
f  4965//693 5020//695 5024//697 4969//696
f  5020//695 5021//4335 5025//4338 5024//697
f  4969//696 5026//698 5027//4339 4975//4294
f  5028//4340 5026//698 5024//697 5025//4338
f  5026//698 5028//4340 5029//4341 5027//4339
f  5021//4335 5022//4336 5030//4342 5025//4338
f  5031//4343 5030//4342 5022//4336 5023//4337
f  5028//4340 5025//4338 5030//4342 5032//4344
f  5033//4345 5032//4344 5030//4342 5031//4343
f  5028//4340 5032//4344 5034//4346 5029//4341
f  5032//4344 5033//4345 5035//4347 5034//4346
f  3765//3277 3764//3276 5036//4348 5023//4337
f  3764//3276 3766//3278 5037//4349 5036//4348
f  5038//4350 5037//4349 3766//3278 3769//3281
f  5036//4348 5037//4349 5039//4351 5040//4352
f  5031//4343 5023//4337 5036//4348 5040//4352
f  5041//4353 5039//4351 5037//4349 5038//4350
f  5042//4354 5040//4352 5039//4351 5043//4355
f  5044//4356 5043//4355 5039//4351 5041//4353
f  5031//4343 5040//4352 5042//4354 5033//4345
f  5033//4345 5042//4354 5045//4357 5035//4347
f  5042//4354 5043//4355 5046//4358 5045//4357
f  5047//4359 5035//4347 5045//4357 5048//4360
f  5045//4357 5046//4358 5049//4361 5048//4360
f  5050//4362 5046//4358 5043//4355 5044//4356
f  5051//4363 5049//4361 5046//4358 5050//4362
f  5052//4364 5027//4339 5029//4341 5053//4365
f  5029//4341 5034//4346 5054//4366 5053//4365
f  5034//4346 5035//4347 5047//4359 5054//4366
f  5052//4364 5053//4365 5055//4367 5056//4368
f  5006//4322 5012//4328 5052//4364 5056//4368
f  5052//4364 5012//4328 4975//4294 5027//4339
f  5057//4369 5055//4367 5053//4365 5054//4366
f  5058//4370 5056//4368 5055//4367 5059//4371
f  5060//4372 5059//4371 5055//4367 5057//4369
f  5061//4373 3781//3293 3780//3292 4997//4314
f  3781//3293 5061//4373 3791//3303 3784//3296
f  5062//4374 5061//4373 4997//4314 5000//4316
f  5063//4375 3791//3303 5061//4373 5062//4374
f  5064//4376 3792//3304 3791//3303 5063//4375
f  5065//4377 3793//3305 3792//3304 5064//4376
f  5058//4370 5059//4371 5063//4375 5062//4374
f  5063//4375 5059//4371 5060//4372 5064//4376
f  5058//4370 5062//4374 5000//4316 5004//4320
f  5058//4370 5004//4320 5006//4322 5056//4368
f  5057//4369 5054//4366 5047//4359 5066//4378
f  5047//4359 5048//4360 5067//4379 5066//4378
f  5048//4360 5049//4361 5068//4380 5067//4379
f  5057//4369 5066//4378 5069//4381 5060//4372
f  5066//4378 5067//4379 5070//4382 5069//4381
f  5071//4383 5068//4380 5049//4361 5051//4363
f  5067//4379 5068//4380 5072//4384 5070//4382
f  5073//4385 5072//4384 5068//4380 5071//4383
f  3793//3305 5065//4377 5074//4386 3800//3312
f  5064//4376 5060//4372 5069//4381 5065//4377
f  5065//4377 5069//4381 5070//4382 5074//4386
f  3850//3358 3801//3313 3800//3312 5074//4386
f  5074//4386 5070//4382 5072//4384 3850//3358
f  5073//4385 3851//3359 3850//3358 5072//4384
f  3769//3281 3812//3323 5075//4387 5038//4350
f  5076//4388 5075//4387 3812//3323 3813//3324
f  5041//4353 5038//4350 5075//4387 5077//4389
f  5075//4387 5076//4388 5078//4390 5077//4389
f  5079//4391 5076//4388 3813//3324 3814//3325
f  5080//703 5078//4390 5076//4388 5079//4391
f  5041//4353 5077//4389 5081//4392 5044//4356
f  5077//4389 5078//4390 5082//4393 5081//4392
f  5083//4394 5082//4393 5078//4390 5080//703
f  5044//4356 5081//4392 5084//4395 5050//4362
f  5081//4392 5082//4393 5085//4396 5084//4395
f  5050//4362 5084//4395 5086//4397 5051//4363
f  5082//4393 5083//4394 5087//4398 5085//4396
f  3814//3325 5088//496 5089//498 5079//4391
f  5090//4399 3838//3346 1582//1447 2838//2524
f  5091//4400 3839//3347 3838//3346 5090//4399
f  3835//497 3839//3347 5091//4400 5089//498
f  5079//4391 5089//498 5092//704 5080//703
f  5091//4400 5090//4399 5093//4401 5094//4402
f  5092//704 5089//498 5091//4400 5094//4402
f  5093//4401 5090//4399 2838//2524 2842//2527
f  5095//4403 5093//4401 2842//2527 2847//2532
f  5096//4404 5094//4402 5093//4401 5095//4403
f  5092//704 5094//4402 5096//4404 5097//702
f  5080//703 5097//702 5098//4405 5083//4394
f  5097//702 5096//4404 5099//4406 5098//4405
f  5096//4404 5095//4403 5100//4407 5099//4406
f  5100//4407 5095//4403 2847//2532 2848//2533
f  5083//4394 5098//4405 5101//4408 5087//4398
f  5084//4395 5085//4396 5102//4409 5086//4397
f  5085//4396 5087//4398 5103//4410 5102//4409
f  5098//4405 5099//4406 5104//4411 5101//4408
f  5105//4412 5100//4407 2848//2533 2851//2536
f  5106//4413 5099//4406 5100//4407 5105//4412
f  5107//4414 5104//4411 5099//4406 5106//4413
f  5087//4398 5101//4408 5108//4415 5103//4410
f  5101//4408 5104//4411 5109//4416 5108//4415
f  5110//4417 5109//4416 5104//4411 5107//4414
f  5111//4418 5071//4383 5051//4363 5086//4397
f  5071//4383 5111//4418 5112//4419 5073//4385
f  5086//4397 5102//4409 5113//4420 5111//4418
f  5114//4421 5113//4420 5102//4409 5103//4410
f  5111//4418 5113//4420 5115//4422 5112//4419
f  5113//4420 5114//4421 5116//4423 5115//4422
f  5112//4419 3852//3360 3851//3359 5073//4385
f  3852//3360 5112//4419 5115//4422 3854//3362
f  5114//4421 5117//4424 5118//4425 5116//4423
f  5114//4421 5103//4410 5108//4415 5117//4424
f  5117//4424 5108//4415 5109//4416 5119//4426
f  5117//4424 5119//4426 5120//4427 5118//4425
f  5119//4426 5109//4416 5110//4417 5121//4428
f  5119//4426 5121//4428 5122//4429 5120//4427
f  5116//4423 3861//3369 3854//3362 5115//4422
f  5118//4425 3862//3370 3861//3369 5116//4423
f  3862//3370 5118//4425 5120//4427 3863//3371
f  4038//3518 4039//3519 5123//4430 4048//3528
f  5123//4430 4039//3519 4040//3520 5124//4431
f  5125//4432 5124//4431 4040//3520 4041//3521
f  5126//4433 5127//4434 5128//4435 5129//4436
f  5126//4433 5129//4436 5130//4437 5131//4438
f  5132//4439 5127//4434 5126//4433 5131//4438
f  5128//4435 5127//4434 5133//4440 5134//4441
f  5135//4442 5129//4436 5128//4435 5136//4443
f  5128//4435 5134//4441 5137//4444 5136//4443
f  5138//4445 5133//4440 5127//4434 5132//4439
f  5139//4446 5134//4441 5133//4440 5138//4445
f  5140//4447 5141//4448 5142//4449 5143//4450
f  5142//4449 5141//4448 5144//4451 5145//4452
f  5142//4449 5146//4453 5147//4454 5143//4450
f  5148//4455 5146//4453 5142//4449 5145//4452
f  5149//4456 5147//4454 5146//4453 5148//4455
f  5150//4457 3961//3449 3960//3448 5151//4458
f  5152//4459 5151//4458 3960//3448 3972//3458
f  3968//3454 3962//3450 5153//705 5154//707
f  3968//3454 5154//707 4114//3580 3969//3455
f  5154//707 5155//706 5156//4460 4114//3580
f  3962//3450 3961//3449 5150//4457 5153//705
f  5155//706 5153//705 5157//4461 5158//4462
f  5155//706 5158//4462 5159//4463 5156//4460
f  5153//705 5150//4457 5160//4464 5157//4461
f  5150//4457 5151//4458 5161//4465 5160//4464
f  5151//4458 5152//4459 5162//711 5161//4465
f  5158//4462 5157//4461 5163//4466 5164//4467
f  5158//4462 5164//4467 5165//4468 5159//4463
f  5166//4469 5163//4466 5157//4461 5160//4464
f  5164//4467 5163//4466 5167//4470 5168//4471
f  5169//4472 5165//4468 5164//4467 5168//4471
f  5163//4466 5166//4469 5170//4473 5167//4470
f  5171//708 5166//4469 5160//4464 5161//4465
f  5166//4469 5171//708 5172//710 5170//4473
f  5173//4474 5152//4459 3972//3458 3975//522
f  5152//4459 5173//4474 5174//712 5162//711
f  5173//4474 3975//522 3977//521 5175//4475
f  5173//4474 5175//4475 5176//4476 5174//712
f  5177//4477 5175//4475 3977//521 3982//3465
f  5178//4478 5176//4476 5175//4475 5177//4477
f  5179//713 5174//712 5176//4476 5180//4479
f  5181//4480 5180//4479 5176//4476 5178//4478
f  5161//4465 5162//711 5182//709 5171//708
f  5182//709 5183//714 5184//4481 5172//710
f  5183//714 5179//713 5185//4482 5186//4483
f  5187//4484 5184//4481 5183//714 5186//4483
f  5179//713 5180//4479 5188//4485 5185//4482
f  5180//4479 5181//4480 5189//4486 5188//4485
f  5190//4487 5186//4483 5185//4482 5191//717
f  5192//715 5191//717 5185//4482 5188//4485
f  5193//4488 5168//4471 5167//4470 5194//4489
f  5167//4470 5170//4473 5195//4490 5194//4489
f  5170//4473 5172//710 5184//4481 5195//4490
f  5196//4491 5195//4490 5184//4481 5187//4484
f  5123//4430 5124//4431 5125//4432 5197//4492
f  4049//3529 4048//3528 5123//4430 5197//4492
f  5198//4493 5125//4432 4041//3521 4045//3525
f  5199//4494 5197//4492 5125//4432 5198//4493
f  5129//4436 5135//4442 5200//4495 5130//4437
f  5135//4442 5136//4443 5201//4496 5200//4495
f  5131//4438 5130//4437 5202//4497 5203//4498
f  5131//4438 5203//4498 5204//4499 5132//4439
f  5130//4437 5200//4495 5205//4500 5202//4497
f  4049//3529 5197//4492 5199//4494 4050//3530
f  5199//4494 5198//4493 4070//3545 5206//4501
f  4074//3549 4050//3530 5199//4494 5206//4501
f  5207//4502 5205//4500 5200//4495 5201//4496
f  5208//4503 5202//4497 5205//4500 5209//4504
f  5205//4500 5207//4502 5210//4505 5209//4504
f  5207//4502 5201//4496 5211//4506 5212//4507
f  5207//4502 5212//4507 5213//4508 5210//4505
f  4070//3545 5198//4493 4045//3525 4059//3536
f  5203//4498 5214//4509 5215//4510 5204//4499
f  5203//4498 5202//4497 5208//4503 5214//4509
f  5215//4510 5214//4509 5216//4511 5217//4512
f  5218//4513 5204//4499 5215//4510 5219//4514
f  5220//4515 5219//4514 5215//4510 5217//4512
f  4071//3546 5221//4516 5206//4501 4070//3545
f  4078//3552 4074//3549 5206//4501 5221//4516
f  5222//4517 5221//4516 4071//3546 4072//3547
f  5223//4518 5216//4511 5214//4509 5208//4503
f  5209//4504 5224//4519 5223//4518 5208//4503
f  5225//4520 5216//4511 5223//4518 5226//4521
f  5223//4518 5224//4519 5227//4522 5226//4521
f  5228//4523 5217//4512 5216//4511 5225//4520
f  5211//4506 5137//4444 5134//4441 5139//4446
f  5136//4443 5137//4444 5211//4506 5201//4496
f  5138//4445 5132//4439 5204//4499 5218//4513
f  5229//4524 5139//4446 5138//4445 5218//4513
f  5212//4507 5211//4506 5139//4446 5229//4524
f  5218//4513 5219//4514 5230//4525 5229//4524
f  5231//4526 5144//4451 5141//4448 5140//4447
f  5231//4526 5140//4447 5232//4527 5233//4528
f  5234//4529 5144//4451 5231//4526 5235//4530
f  5236//4531 5235//4530 5231//4526 5233//4528
f  5140//4447 5143//4450 5237//4532 5232//4527
f  5238//4533 5237//4532 5143//4450 5147//4454
f  5239//4534 5233//4528 5232//4527 5237//4532
f  5240//4535 5239//4534 5237//4532 5238//4533
f  5241//4536 5145//4452 5144//4451 5234//4529
f  5145//4452 5241//4536 5242//4537 5148//4455
f  5241//4536 5234//4529 5243//4538 5244//4539
f  5241//4536 5244//4539 5245//4540 5242//4537
f  5234//4529 5235//4530 5246//4541 5243//4538
f  5213//4508 5212//4507 5229//4524 5230//4525
f  5219//4514 5220//4515 5247//4542 5230//4525
f  5235//4530 5236//4531 5248//4543 5246//4541
f  5220//4515 5217//4512 5228//4523 5249//4544
f  5250//4545 5247//4542 5220//4515 5249//4544
f  5251//4546 5213//4508 5230//4525 5247//4542
f  5233//4528 5239//4534 5252//4547 5236//4531
f  5253//4548 5252//4547 5239//4534 5240//4535
f  5254//4549 5248//4543 5236//4531 5252//4547
f  5255//4550 5246//4541 5248//4543 5256//4551
f  5248//4543 5254//4549 5257//4552 5256//4551
f  5258//4553 5254//4549 5252//4547 5253//4548
f  4080//3554 4078//3552 5221//4516 5222//4517
f  5209//4504 5210//4505 5259//4554 5224//4519
f  5251//4546 5259//4554 5210//4505 5213//4508
f  5224//4519 5259//4554 5260//4555 5227//4522
f  5259//4554 5251//4546 5261//4556 5260//4555
f  5261//4556 5251//4546 5247//4542 5250//4545
f  5262//4557 5257//4552 5254//4549 5258//4553
f  4072//3547 4106//3574 5263//4558 5222//4517
f  4106//3574 4107//541 5264//4559 5263//4558
f  4107//541 5265//540 5266//4560 5264//4559
f  5267//4561 5228//4523 5225//4520 5268//4562
f  5225//4520 5226//4521 5269//4563 5268//4562
f  5270//4564 5249//4544 5228//4523 5267//4561
f  5268//4562 5265//540 5271//4565 5267//4561
f  5266//4560 5265//540 5268//4562 5269//4563
f  5265//540 4108//539 5272//4566 5271//4565
f  5267//4561 5271//4565 5273//719 5270//4564
f  5271//4565 5272//4566 5274//720 5273//719
f  4108//539 4114//3580 5156//4460 5272//4566
f  5272//4566 5156//4460 5159//4463 5274//720
f  5275//4567 5276//4568 5244//4539 5243//4538
f  5244//4539 5276//4568 5277//4569 5245//4540
f  5278//4570 5276//4568 5275//4567 5279//4571
f  5278//4570 5279//4571 5280//4572 5281//4573
f  5277//4569 5276//4568 5278//4570 5282//4574
f  5278//4570 5281//4573 5283//4575 5282//4574
f  5255//4550 5275//4567 5243//4538 5246//4541
f  5284//4576 5279//4571 5275//4567 5255//4550
f  5249//4544 5270//4564 5285//4577 5250//4545
f  5255//4550 5256//4551 5286//4578 5284//4576
f  5287//4579 5280//4572 5279//4571 5284//4576
f  5270//4564 5273//719 5288//4580 5285//4577
f  5289//4581 5281//4573 5280//4572 5290//718
f  5291//4582 5290//718 5280//4572 5287//4579
f  5292//4583 5287//4579 5284//4576 5286//4578
f  5274//720 5293//4584 5289//4581 5290//718
f  5274//720 5159//4463 5165//4468 5293//4584
f  5281//4573 5289//4581 5294//4585 5283//4575
f  5289//4581 5293//4584 5295//4586 5294//4585
f  5293//4584 5165//4468 5169//4472 5295//4586
f  5273//719 5290//718 5291//4582 5288//4580
f  5296//4587 5269//4563 5226//4521 5227//4522
f  4123//3588 4080//3554 5222//4517 5263//4558
f  4124//3589 4123//3588 5263//4558 5264//4559
f  5297//4588 5266//4560 5269//4563 5296//4587
f  5297//4588 4124//3589 5264//4559 5266//4560
f  5298//4589 5296//4587 5227//4522 5260//4555
f  5296//4587 5298//4589 5299//4590 5297//4588
f  5300//4591 5298//4589 5260//4555 5261//4556
f  5301//4592 5299//4590 5298//4589 5300//4591
f  4124//3589 5297//4588 5302//4593 4129//3592
f  5303//4594 5302//4593 5297//4588 5299//4590
f  4129//3592 5302//4593 5304//549 4130//547
f  5302//4593 5303//4594 5305//722 5304//549
f  5306//4595 5303//4594 5299//4590 5301//4592
f  5303//4594 5306//4595 5307//723 5305//722
f  5300//4591 5261//4556 5250//4545 5285//4577
f  5301//4592 5300//4591 5285//4577 5288//4580
f  5308//4596 5291//4582 5287//4579 5292//4583
f  5256//4551 5257//4552 5309//4597 5286//4578
f  5310//4598 5309//4597 5257//4552 5262//4557
f  5286//4578 5309//4597 5311//4599 5292//4583
f  5312//4600 5311//4599 5309//4597 5310//4598
f  5301//4592 5288//4580 5291//4582 5308//4596
f  5301//4592 5308//4596 5313//4601 5306//4595
f  5308//4596 5292//4583 5311//4599 5314//4602
f  5315//4603 5313//4601 5308//4596 5314//4602
f  5313//4601 5315//4603 5316//4604 5317//724
f  5307//723 5306//4595 5313//4601 5317//724
f  5318//4605 5314//4602 5311//4599 5312//4600
f  5319//4606 5315//4603 5314//4602 5318//4605
f  5315//4603 5319//4606 5320//4607 5316//4604
f  5240//4535 5238//4533 5147//4454 5149//4456
f  5321//4608 5149//4456 5148//4455 5242//4537
f  5253//4548 5240//4535 5149//4456 5321//4608
f  5322//4609 5321//4608 5242//4537 5245//4540
f  5258//4553 5253//4548 5321//4608 5322//4609
f  5323//4610 5322//4609 5245//4540 5277//4569
f  5262//4557 5258//4553 5322//4609 5323//4610
f  5323//4610 5277//4569 5282//4574 5324//4611
f  5310//4598 5262//4557 5323//4610 5324//4611
f  5325//4612 5324//4611 5282//4574 5283//4575
f  5312//4600 5310//4598 5324//4611 5325//4612
f  5326//4613 5294//4585 5295//4586 5327//4614
f  5295//4586 5169//4472 5328//4615 5327//4614
f  5169//4472 5168//4471 5193//4488 5328//4615
f  5283//4575 5294//4585 5326//4613 5325//4612
f  5318//4605 5312//4600 5325//4612 5326//4613
f  5319//4606 5318//4605 5326//4613 5327//4614
f  5320//4607 5319//4606 5327//4614 5328//4615
f  4139//548 5304//549 5305//722 5329//721
f  4139//548 5329//721 5330//4616 4140//3599
f  5331//4617 5330//4616 5329//721 5332//725
f  4138//3598 4140//3599 5333//4618 4141//3600
f  4140//3599 5330//4616 5334//4619 5333//4618
f  5330//4616 5331//4617 5335//4620 5334//4619
f  5336//4621 5332//725 5317//724 5316//4604
f  5332//725 5336//4621 5337//4622 5331//4617
f  5338//4623 5336//4621 5316//4604 5320//4607
f  5339//4624 5337//4622 5336//4621 5338//4623
f  5331//4617 5337//4622 5340//4625 5335//4620
f  5196//4491 5340//4625 5337//4622 5339//4624
f  4144//3603 5341//4626 5342//4627 4145//3604
f  4144//3603 4141//3600 5333//4618 5341//4626
f  5343//4628 5342//4627 5341//4626 5344//4629
f  5341//4626 5333//4618 5334//4619 5344//4629
f  5345//726 4148//3607 4145//3604 5342//4627
f  4148//3607 5345//726 5346//728 4149//3608
f  5345//726 5342//4627 5343//4628 5347//727
f  5344//4629 5348//4630 5349//4631 5343//4628
f  5344//4629 5334//4619 5335//4620 5348//4630
f  5348//4630 5335//4620 5340//4625 5350//4632
f  5348//4630 5350//4632 5190//4487 5349//4631
f  5340//4625 5196//4491 5187//4484 5350//4632
f  5350//4632 5187//4484 5186//4483 5190//4487
f  5190//4487 5191//717 5351//716 5349//4631
f  5351//716 5347//727 5343//4628 5349//4631
f  5347//727 5351//716 5192//715 5346//728
f  5338//4623 5320//4607 5328//4615 5193//4488
f  5193//4488 5194//4489 5339//4624 5338//4623
f  5194//4489 5195//4490 5196//4491 5339//4624
f  5352//4633 5353//4634 2998//2678 2997//2677
f  2998//2678 5353//4634 5354//4635 2999//2679
f  5353//4634 5352//4633 5355//4636 5356//729
f  5353//4634 5356//729 5357//732 5354//4635
f  5358//733 5359//730 5360//4637 5361//4638
f  5362//4639 5363//731 5358//733 5364//4640
f  5365//4641 5364//4640 5358//733 5361//4638
f  5366//4642 5352//4633 2997//2677 3008//2688
f  5367//4643 5355//4636 5352//4633 5366//4642
f  5356//729 5355//4636 5368//4644 5359//730
f  5355//4636 5367//4643 5369//4645 5368//4644
f  5370//4646 5366//4642 3008//2688 3011//2691
f  5366//4642 5370//4646 5371//4647 5367//4643
f  5372//4648 5370//4646 3011//2691 3012//2692
f  5373//4649 5371//4647 5370//4646 5372//4648
f  5367//4643 5371//4647 5374//4650 5369//4645
f  5375//4651 5374//4650 5371//4647 5373//4649
f  5360//4637 5359//730 5368//4644 5376//4652
f  5377//4653 5376//4652 5368//4644 5369//4645
f  5378//4654 5361//4638 5360//4637 5379//4655
f  5360//4637 5376//4652 5380//4656 5379//4655
f  5376//4652 5377//4653 5381//4657 5380//4656
f  5369//4645 5374//4650 5382//4658 5377//4653
f  5383//4659 5382//4658 5374//4650 5375//4651
f  5377//4653 5382//4658 5384//4660 5381//4657
f  5385//4661 5384//4660 5382//4658 5383//4659
f  5386//4662 5105//4412 2851//2536 3015//2695
f  5105//4412 5386//4662 5387//4663 5106//4413
f  3015//2695 2999//2679 5354//4635 5386//4662
f  5386//4662 5354//4635 5357//732 5387//4663
f  5107//4414 5106//4413 5387//4663 5362//4639
f  5387//4663 5357//732 5363//731 5362//4639
f  5110//4417 5107//4414 5362//4639 5364//4640
f  5365//4641 5121//4428 5110//4417 5364//4640
f  4186//3645 3863//3371 5120//4427 5122//4429
f  5388//4664 4185//3644 4186//3645 5122//4429
f  4189//3648 4185//3644 5388//4664 5378//4654
f  5379//4655 4190//3649 4189//3648 5378//4654
f  5388//4664 5122//4429 5121//4428 5365//4641
f  5365//4641 5361//4638 5378//4654 5388//4664
f  5380//4656 4193//3652 4190//3649 5379//4655
f  4193//3652 5380//4656 5381//4657 4194//3653
f  5384//4660 4197//3656 4194//3653 5381//4657
f  4197//3656 5384//4660 5385//4661 4198//3657
f  5389//4665 5390//4666 5391//4667 5392//4668
f  5391//4667 5393//4669 4306//3736 4320//3750
f  5391//4667 5390//4666 5394//4670 5393//4669
f  5395//4671 5392//4668 5391//4667 4320//3750
f  5390//4666 5389//4665 5396//4672 5397//4673
f  5398//4674 5394//4670 5390//4666 5397//4673
f  5389//4665 5392//4668 5399//4675 5400//4676
f  5401//4677 5396//4672 5389//4665 5400//4676
f  5402//4678 5399//4675 5392//4668 5395//4671
f  5403//4679 5404//4680 5405//4681 5406//4682
f  5407//4683 5406//4682 5405//4681 5408//4684
f  5405//4681 5404//4680 4258//3700 5409//4685
f  5410//4686 5408//4684 5405//4681 5409//4685
f  5403//4679 5406//4682 5399//4675 5402//4678
f  5403//4679 5402//4678 5411//4687 5412//4688
f  5413//4689 5404//4680 5403//4679 5412//4688
f  5402//4678 5395//4671 5414//4690 5411//4687
f  5404//4680 5413//4689 4259//3701 4258//3700
f  5407//4683 5400//4676 5399//4675 5406//4682
f  5415//4691 5397//4673 5396//4672 5416//4692
f  5396//4672 5401//4677 5417//4693 5416//4692
f  5407//4683 5408//4684 5418//4694 5419//4695
f  5401//4677 5400//4676 5407//4683 5419//4695
f  5420//4696 5418//4694 5408//4684 5410//4686
f  5421//4697 5419//4695 5418//4694 5422//4698
f  5423//4699 5422//4698 5418//4694 5420//4696
f  5401//4677 5419//4695 5421//4697 5417//4693
f  5424//4700 5417//4693 5421//4697 5425//4701
f  5421//4697 5422//4698 5426//4702 5425//4701
f  5422//4698 5423//4699 5427//4703 5426//4702
f  5428//4704 5372//4648 3012//2692 3093//2756
f  5372//4648 5428//4704 5429//4705 5373//4649
f  5430//4706 5428//4704 3093//2756 3094//2757
f  5431//4707 5429//4705 5428//4704 5430//4706
f  5373//4649 5429//4705 5432//4708 5375//4651
f  5433//4709 5432//4708 5429//4705 5431//4707
f  5434//4710 5430//4706 3094//2757 3099//2761
f  5375//4651 5432//4708 5435//4711 5383//4659
f  5436//734 5437//4712 5432//4708 5433//4709
f  5438//4713 5435//4711 5432//4708 5437//4712
f  5383//4659 5435//4711 5439//4714 5385//4661
f  5440//4715 5439//4714 5435//4711 5438//4713
f  5437//4712 5436//734 5441//736 5442//738
f  5443//4716 5438//4713 5437//4712 5442//738
f  5444//4717 5431//4707 5430//4706 5434//4710
f  5445//4718 5433//4709 5431//4707 5444//4717
f  5446//735 5436//734 5433//4709 5445//4718
f  3099//2761 3118//2778 5447//4719 5434//4710
f  3118//2778 3119//2779 5448//4720 5447//4719
f  5434//4710 5447//4719 5449//4721 5444//4717
f  5450//4722 5448//4720 3119//2779 3120//2780
f  5447//4719 5448//4720 5451//4723 5449//4721
f  5452//4724 5451//4723 5448//4720 5450//4722
f  5444//4717 5449//4721 5453//4725 5445//4718
f  5449//4721 5451//4723 5454//4726 5453//4725
f  5451//4723 5452//4724 5455//4727 5454//4726
f  5446//735 5445//4718 5453//4725 5456//4728
f  5453//4725 5454//4726 5457//4729 5456//4728
f  5458//4730 5450//4722 3120//2780 3124//2783
f  5450//4722 5458//4730 5459//741 5452//4724
f  5460//4731 5458//4730 3124//2783 3125//2784
f  5461//739 5459//741 5458//4730 5460//4731
f  5462//740 5455//4727 5452//4724 5459//741
f  5454//4726 5455//4727 5463//4732 5457//4729
f  5455//4727 5462//740 5464//4733 5463//4732
f  5465//4734 5464//4733 5462//740 5461//739
f  5446//735 5456//4728 5466//4735 5441//736
f  5467//4736 5466//4735 5456//4728 5457//4729
f  5441//736 5466//4735 5468//4737 5469//737
f  5466//4735 5467//4736 5470//4738 5468//4737
f  5457//4729 5463//4732 5471//4739 5467//4736
f  5471//4739 5463//4732 5464//4733 5472//4740
f  5464//4733 5465//4734 5473//4741 5472//4740
f  5467//4736 5471//4739 5474//4742 5470//4738
f  5471//4739 5472//4740 5475//742 5474//4742
f  5476//4743 5470//4738 5474//4742 5477//4744
f  5478//745 5477//4744 5474//4742 5475//742
f  4198//3657 5385//4661 5439//4714 4237//3686
f  4236//3685 4237//3686 5479//4745 4243//3689
f  4237//3686 5439//4714 5440//4715 5479//4745
f  4265//3706 4254//3697 5480//4746 5481//4747
f  4257//3699 4261//3702 4265//3706 5482//4748
f  4265//3706 5481//4747 5483//4749 5482//4748
f  5481//4747 5480//4746 5484//747 5485//746
f  5481//4747 5485//746 5486//4750 5483//4749
f  4244//3690 4243//3689 5479//4745 5487//4751
f  5488//4752 5487//4751 5479//4745 5440//4715
f  4254//3697 4255//569 5489//4753 5480//4746
f  5490//4754 4247//3692 4244//3690 5487//4751
f  4255//569 5491//572 5492//4755 5489//4753
f  5492//4755 5491//572 4247//3692 5490//4754
f  4277//573 4246//3691 4247//3692 5491//572
f  5493//4756 5490//4754 5487//4751 5488//4752
f  5480//4746 5489//4753 5494//4757 5484//747
f  5489//4753 5492//4755 5495//4758 5494//4757
f  5492//4755 5490//4754 5493//4756 5495//4758
f  5496//4759 5486//4750 5485//746 5497//4760
f  5485//746 5498//748 5499//4761 5497//4760
f  5440//4715 5438//4713 5443//4716 5488//4752
f  5500//4762 5493//4756 5488//4752 5443//4716
f  5501//751 5495//4758 5493//4756 5500//4762
f  5500//4762 5443//4716 5442//738 5502//753
f  5503//749 5501//751 5500//4762 5502//753
f  5504//752 5502//753 5442//738 5469//737
f  5484//747 5494//4757 5505//750 5498//748
f  5505//750 5494//4757 5495//4758 5501//751
f  5498//748 5505//750 5506//4763 5499//4761
f  5507//4764 5506//4763 5505//750 5503//749
f  5508//4765 5499//4761 5506//4763 5509//4766
f  5506//4763 5507//4764 5510//4767 5509//4766
f  4258//3700 4257//3699 5482//4748 5409//4685
f  5410//4686 5409//4685 5482//4748 5483//4749
f  5420//4696 5410//4686 5483//4749 5486//4750
f  4259//3701 5413//4689 5511//4768 4264//3705
f  4262//3703 4263//3704 5512//4769 4268//3709
f  5423//4699 5420//4696 5486//4750 5496//4759
f  5496//4759 5497//4760 5513//4770 5514//4771
f  5427//4703 5423//4699 5496//4759 5514//4771
f  5497//4760 5499//4761 5508//4765 5513//4770
f  5513//4770 5508//4765 5515//4772 5516//4773
f  5515//4772 5508//4765 5509//4766 5517//4774
f  5515//4772 5518//4775 5519//4776 5516//4773
f  5515//4772 5517//4774 5520//4777 5518//4775
f  5521//4778 5507//4764 5503//749 5504//752
f  5507//4764 5521//4778 5522//4779 5510//4767
f  5523//4780 4294//3724 4293//3723 5524//4781
f  4293//3723 4270//3711 5525//4782 5524//4781
f  5526//4783 4297//3727 4294//3724 5523//4780
f  5527//4784 4298//3728 4297//3727 5526//4783
f  5523//4780 5524//4781 5528//4785 5529//4786
f  5530//4787 5526//4783 5523//4780 5529//4786
f  5526//4783 5530//4787 5531//4788 5527//4784
f  5528//4785 5520//4777 5517//4774 5532//4789
f  5533//4790 5529//4786 5528//4785 5532//4789
f  5528//4785 5524//4781 5525//4782 5520//4777
f  5517//4774 5509//4766 5510//4767 5532//4789
f  5532//4789 5510//4767 5522//4779 5533//4790
f  5530//4787 5534//4791 5535//4792 5531//4788
f  5535//4792 5534//4791 5536//4793 5537//4794
f  5538//4795 5531//4788 5535//4792 5539//4796
f  5535//4792 5537//4794 5540//4797 5539//4796
f  5534//4791 5530//4787 5529//4786 5533//4790
f  5541//4798 5527//4784 5531//4788 5538//4795
f  5536//4793 5534//4791 5533//4790 5522//4779
f  5542//4799 5427//4703 5514//4771 5543//4800
f  5514//4771 5513//4770 5516//4773 5543//4800
f  5469//737 5468//4737 5544//4801 5504//752
f  5468//4737 5470//4738 5476//4743 5544//4801
f  5545//4802 5521//4778 5504//752 5544//4801
f  5536//4793 5522//4779 5521//4778 5545//4802
f  5544//4801 5476//4743 5546//4803 5545//4802
f  5476//4743 5477//4744 5547//4804 5546//4803
f  5548//755 5547//4804 5477//4744 5478//745
f  5537//4794 5536//4793 5545//4802 5546//4803
f  5540//4797 5537//4794 5546//4803 5547//4804
f  5547//4804 5548//755 5549//754 5540//4797
f  4311//3741 4314//3744 5550//4805 5551//4806
f  5177//4477 3982//3465 4311//3741 5551//4806
f  5552//4807 5550//4805 4314//3744 5553//4808
f  4314//3744 4308//3738 4307//3737 5553//4808
f  5551//4806 5550//4805 5554//4809 5555//4810
f  5178//4478 5177//4477 5551//4806 5555//4810
f  5550//4805 5552//4807 5556//4811 5554//4809
f  5553//4808 4307//3737 4306//3736 5393//4669
f  5553//4808 5393//4669 5394//4670 5552//4807
f  5552//4807 5394//4670 5398//4674 5556//4811
f  5554//4809 5556//4811 5557//4812 5558//4813
f  5559//4814 5555//4810 5554//4809 5558//4813
f  5557//4812 5556//4811 5398//4674 5560//4815
f  5398//4674 5397//4673 5415//4691 5560//4815
f  5561//4816 5558//4813 5557//4812 5562//4817
f  5557//4812 5560//4815 5563//4818 5562//4817
f  5564//4819 5563//4818 5560//4815 5415//4691
f  5178//4478 5555//4810 5559//4814 5181//4480
f  4315//3745 4147//3606 4149//3608 5565//4820
f  5566//4821 4316//3746 4315//3745 5565//4820
f  5567//4822 4317//3747 4316//3746 5566//4821
f  5568//4823 5569//4824 5570//4825 5571//4826
f  5189//4486 5572//4827 5568//4823 5573//4828
f  5568//4823 5572//4827 5561//4816 5569//4824
f  5574//4829 5573//4828 5568//4823 5571//4826
f  4317//3747 5567//4822 5575//4830 4318//3748
f  5567//4822 5570//4825 5576//4831 5575//4830
f  5567//4822 5566//4821 5571//4826 5570//4825
f  4318//3748 5575//4830 5577//4832 4319//3749
f  5570//4825 5569//4824 5578//4833 5576//4831
f  5575//4830 5576//4831 5579//4834 5577//4832
f  5576//4831 5578//4833 5580//4835 5579//4834
f  5181//4480 5559//4814 5572//4827 5189//4486
f  5559//4814 5558//4813 5561//4816 5572//4827
f  5573//4828 5192//715 5188//4485 5189//4486
f  5561//4816 5562//4817 5578//4833 5569//4824
f  5562//4817 5563//4818 5580//4835 5578//4833
f  5563//4818 5564//4819 5581//4836 5580//4835
f  4320//3750 4321//3751 5414//4690 5395//4671
f  5582//4837 5414//4690 4321//3751 4322//3752
f  5583//4838 5411//4687 5414//4690 5582//4837
f  5584//4839 5412//4688 5411//4687 5583//4838
f  5511//4768 5413//4689 5412//4688 5584//4839
f  5585//4840 5583//4838 5582//4837 5586//4841
f  5582//4837 4322//3752 4323//3753 5586//4841
f  5587//4842 5584//4839 5583//4838 5585//4840
f  5588//4843 5511//4768 5584//4839 5587//4842
f  5585//4840 5586//4841 5589//4844 5590//4845
f  5585//4840 5590//4845 5591//4846 5587//4842
f  5415//4691 5416//4692 5592//4847 5564//4819
f  5424//4700 5592//4847 5416//4692 5417//4693
f  5564//4819 5592//4847 5593//4848 5581//4836
f  5592//4847 5424//4700 5594//4849 5593//4848
f  5424//4700 5425//4701 5595//4850 5594//4849
f  5596//4851 5595//4850 5425//4701 5426//4702
f  5593//4848 5594//4849 5597//4852 5598//4853
f  5597//4852 5594//4849 5595//4850 5599//4854
f  5597//4852 5590//4845 5589//4844 5598//4853
f  5591//4846 5590//4845 5597//4852 5599//4854
f  5600//4855 5581//4836 5593//4848 5598//4853
f  5601//4856 5599//4854 5595//4850 5596//4851
f  5602//4857 4323//3753 4319//3749 5577//4832
f  5589//4844 5586//4841 4323//3753 5602//4857
f  5602//4857 5577//4832 5579//4834 5600//4855
f  5598//4853 5589//4844 5602//4857 5600//4855
f  5600//4855 5579//4834 5580//4835 5581//4836
f  5574//4829 5565//4820 4149//3608 5346//728
f  5571//4826 5566//4821 5565//4820 5574//4829
f  5346//728 5192//715 5573//4828 5574//4829
f  5603//4858 4264//3705 5511//4768 5588//4843
f  4263//3704 4264//3705 5603//4858 5512//4769
f  5603//4858 5588//4843 5604//4859 5605//4860
f  5606//4861 5512//4769 5603//4858 5605//4860
f  5588//4843 5587//4842 5591//4846 5604//4859
f  5591//4846 5599//4854 5601//4856 5604//4859
f  5607//4862 5605//4860 5604//4859 5601//4856
f  5608//4863 5606//4861 5605//4860 5607//4862
f  5609//4864 4268//3709 5512//4769 5606//4861
f  4269//3710 4268//3709 5609//4864 5610//4865
f  5525//4782 4270//3711 4269//3710 5610//4865
f  5609//4864 5606//4861 5608//4863 5519//4776
f  5518//4775 5610//4865 5609//4864 5519//4776
f  5426//4702 5427//4703 5542//4799 5596//4851
f  5601//4856 5596//4851 5542//4799 5607//4862
f  5542//4799 5543//4800 5608//4863 5607//4862
f  5516//4773 5519//4776 5608//4863 5543//4800
f  5525//4782 5610//4865 5518//4775 5520//4777
f  5611//4866 4441//3852 4440//3851 4458//602
f  4441//3852 5611//4866 4451//3862 4448//3859
f  5612//4867 4451//3862 5611//4866 5613//757
f  5611//4866 4458//602 5614//604 5613//757
f  5615//4868 4452//3863 4451//3862 5612//4867
f  5612//4867 5613//757 5616//759 5617//4869
f  5612//4867 5617//4869 5618//4870 5615//4868
f  5619//4871 3210//2850 3211//2851 5620//4872
f  5621//4873 5620//4872 3211//2851 3212//2852
f  3210//2850 5619//4871 5622//4874 3213//2853
f  5623//4875 5619//4871 5620//4872 5624//4876
f  5625//4877 5624//4876 5620//4872 5621//4873
f  5619//4871 5623//4875 5626//4878 5622//4874
f  5627//4879 5628//4880 5629//760 5630//762
f  5627//4879 5617//4869 5616//759 5628//4880
f  5631//4881 5632//4882 5627//4879 5630//762
f  5618//4870 5617//4869 5627//4879 5632//4882
f  5633//4883 5634//761 5629//760 5635//4884
f  5629//760 5628//4880 5636//4885 5635//4884
f  5633//4883 5623//4875 5624//4876 5634//761
f  5633//4883 5635//4884 5637//4886 5638//4887
f  5626//4878 5623//4875 5633//4883 5639//4888
f  5633//4883 5638//4887 5640//763 5639//4888
f  5630//762 5634//761 5624//4876 5625//4877
f  5614//604 4457//603 4456//600 5641//4889
f  4456//600 4460//599 4463//606 5641//4889
f  5642//758 5613//757 5614//604 5643//4890
f  5614//604 5641//4889 5644//4891 5643//4890
f  5636//4885 5642//758 5643//4890 5645//4892
f  5643//4890 5644//4891 5646//4893 5645//4892
f  5642//758 5636//4885 5628//4880 5616//759
f  5647//4894 5644//4891 5641//4889 4463//606
f  5648//4895 5646//4893 5644//4891 5647//4894
f  5635//4884 5636//4885 5645//4892 5637//4886
f  5649//4896 5637//4886 5645//4892 5646//4893
f  5650//4897 5638//4887 5637//4886 5649//4896
f  5638//4887 5650//4897 5651//764 5640//763
f  5652//4898 5649//4896 5646//4893 5648//4895
f  5653//4899 5650//4897 5649//4896 5652//4898
f  5654//767 5651//764 5650//4897 5653//4899
f  4505//3902 4453//3864 4452//3863 5615//4868
f  5655//770 5656//4900 5632//4882 5631//4881
f  5632//4882 5656//4900 5657//4901 5618//4870
f  5656//4900 5655//770 5658//769 5659//4902
f  5660//4903 5657//4901 5656//4900 5659//4902
f  5661//773 5662//4904 3251//2878 3250//2877
f  5621//4873 3212//2852 3251//2878 5662//4904
f  5625//4877 5621//4873 5662//4904 5663//4905
f  5662//4904 5661//773 5664//772 5663//4905
f  5665//774 5661//773 3250//2877 3253//2879
f  5631//4881 5630//762 5625//4877 5663//4905
f  5655//770 5631//4881 5663//4905 5664//772
f  5666//768 5655//770 5664//772 5667//775
f  5668//4906 5665//774 3253//2879 3258//2883
f  5669//4907 5670//771 5665//774 5668//4906
f  5670//771 5669//4907 5671//4908 5667//775
f  5672//4909 5668//4906 3258//2883 3260//2885
f  5673//4910 5669//4907 5668//4906 5672//4909
f  5674//4911 5671//4908 5669//4907 5673//4910
f  5675//4912 5666//768 5667//775 5671//4908
f  5658//769 5666//768 5675//4912 5676//4913
f  5677//777 5659//4902 5658//769 5676//4913
f  5678//4914 5675//4912 5671//4908 5674//4911
f  5679//4915 5676//4913 5675//4912 5678//4914
f  5657//4901 4505//3902 5615//4868 5618//4870
f  5660//4903 4504//3901 4505//3902 5657//4901
f  5680//776 4508//3904 4504//3901 5660//4903
f  5681//4916 4509//3905 4508//3904 5682//4917
f  4508//3904 5680//776 5683//781 5682//4917
f  5660//4903 5659//4902 5677//777 5680//776
f  5680//776 5684//778 5685//779 5683//781
f  5686//4918 5684//778 5677//777 5687//4919
f  5677//777 5676//4913 5679//4915 5687//4919
f  5688//782 5685//779 5684//778 5686//4918
f  4517//3911 4510//3906 4509//3905 5681//4916
f  5689//4920 4517//3911 5681//4916 5690//4921
f  5681//4916 5682//4917 5691//4922 5690//4921
f  5682//4917 5683//781 5692//780 5691//4922
f  5693//4923 4518//618 4517//3911 5689//4920
f  4518//618 5693//4923 5694//4924 5695//619
f  5689//4920 5690//4921 5696//4925 5697//4926
f  5698//4927 5693//4923 5689//4920 5697//4926
f  5690//4921 5691//4922 5699//4928 5696//4925
f  5692//780 5685//779 5700//783 5701//785
f  5699//4928 5691//4922 5692//780 5701//785
f  5702//4929 5700//783 5688//782 5703//4930
f  5688//782 5686//4918 5704//4931 5703//4930
f  5686//4918 5687//4919 5705//4932 5704//4931
f  5706//4933 5707//784 5700//783 5702//4929
f  5701//785 5707//784 5708//4934 5699//4928
f  5709//4935 5708//4934 5707//784 5706//4933
f  5687//4919 5679//4915 5710//4936 5705//4932
f  5710//4936 5679//4915 5678//4914 5711//4937
f  5678//4914 5674//4911 5712//4938 5711//4937
f  5713//4939 5460//4731 3125//2784 3266//2889
f  5460//4731 5713//4939 5714//4940 5461//739
f  3266//2889 3213//2853 5622//4874 5713//4939
f  5713//4939 5622//4874 5626//4878 5714//4940
f  5461//739 5714//4940 5715//4941 5465//4734
f  5714//4940 5626//4878 5639//4888 5715//4941
f  5465//4734 5715//4941 5716//765 5473//4741
f  5715//4941 5639//4888 5640//763 5716//765
f  5716//765 5651//764 5717//743 5473//4741
f  5475//742 5472//4740 5473//4741 5717//743
f  5718//4942 5672//4909 3260//2885 3269//2892
f  5719//4943 5673//4910 5672//4909 5718//4942
f  5712//4938 5674//4911 5673//4910 5719//4943
f  4463//606 4523//605 5720//4944 5647//4894
f  4523//605 4522//3913 5721//4945 5720//4944
f  4522//3913 4521//3912 5722//4946 5721//4945
f  5723//4947 5720//4944 5721//4945 5724//4948
f  5725//4949 5724//4948 5721//4945 5722//4946
f  5647//4894 5720//4944 5723//4947 5648//4895
f  5654//767 5653//4899 5726//4950 5727//786
f  5728//4951 5729//4952 5726//4950 5730//4953
f  5731//756 5727//786 5726//4950 5729//4952
f  5726//4950 5653//4899 5652//4898 5730//4953
f  5732//744 5733//766 5727//786 5731//756
f  5730//4953 5723//4947 5724//4948 5728//4951
f  5734//4954 5728//4951 5724//4948 5725//4949
f  5735//4955 5729//4952 5728//4951 5734//4954
f  5731//756 5729//4952 5735//4955 5549//754
f  5538//4795 5539//4796 5735//4955 5734//4954
f  5735//4955 5539//4796 5540//4797 5549//754
f  5478//745 5732//744 5731//756 5548//755
f  5730//4953 5652//4898 5648//4895 5723//4947
f  5722//4946 4521//3912 4296//3726 4299//3729
f  5725//4949 5722//4946 4299//3729 5541//4798
f  4299//3729 4298//3728 5527//4784 5541//4798
f  5541//4798 5538//4795 5734//4954 5725//4949
f  5693//4923 5698//4927 5736//4956 5694//4924
f  5696//4925 5699//4928 5708//4934 5737//4957
f  5738//4958 5697//4926 5696//4925 5737//4957
f  5698//4927 5697//4926 5738//4958 5739//4959
f  5740//4960 5736//4956 5698//4927 5739//4959
f  5741//4961 5737//4957 5708//4934 5709//4935
f  5742//804 5739//4959 5738//4958 5743//4962
f  5738//4958 5737//4957 5741//4961 5743//4962
f  5744//4963 5745//658 5695//619 5694//4924
f  5745//658 5744//4963 5746//4964 5747//659
f  5748//4965 5744//4963 5694//4924 5736//4956
f  5749//668 4729//667 4728//660 5750//661
f  5751//4966 5752//4967 5703//4930 5704//4931
f  5753//4968 5702//4929 5703//4930 5752//4967
f  5754//4969 5706//4933 5702//4929 5753//4968
f  5755//4970 5756//4971 5752//4967 5751//4966
f  5752//4967 5756//4971 5757//4972 5753//4968
f  5758//808 5757//4972 5756//4971 5759//789
f  5756//4971 5755//4970 5760//787 5759//789
f  5761//4973 5705//4932 5710//4936 5762//4974
f  5710//4936 5711//4937 5763//4975 5762//4974
f  5704//4931 5705//4932 5761//4973 5751//4966
f  5764//4976 5755//4970 5751//4966 5761//4973
f  5755//4970 5764//4976 5765//790 5760//787
f  5764//4976 5761//4973 5762//4974 5766//4977
f  5767//4978 5766//4977 5762//4974 5763//4975
f  5764//4976 5766//4977 5768//4979 5769//4980
f  5770//4981 5765//790 5764//4976 5769//4980
f  5771//4982 5768//4979 5766//4977 5767//4978
f  5772//4983 5769//4980 5768//4979 5773//4984
f  5774//4985 5773//4984 5768//4979 5771//4982
f  2260//2006 4741//4090 5775//4986 3363//2956
f  5776//4987 5775//4986 4741//4090 4742//4091
f  3363//2956 5775//4986 5777//4988 3364//2957
f  5775//4986 5776//4987 5778//4989 5777//4988
f  5779//4990 5776//4987 4742//4091 4744//4093
f  5780//4991 5778//4989 5776//4987 5779//4990
f  3364//2957 5777//4988 5781//4992 3367//2960
f  5782//4993 5781//4992 5777//4988 5778//4989
f  3367//2960 5781//4992 5783//4994 3368//2961
f  5781//4992 5782//4993 5784//4995 5783//4994
f  5785//4996 5782//4993 5778//4989 5780//4991
f  5782//4993 5785//4996 5786//4997 5784//4995
f  5787//4998 5779//4990 4744//4093 4760//4104
f  5787//4998 4760//4104 4761//4105 5788//4999
f  5780//4991 5779//4990 5787//4998 5789//5000
f  5787//4998 5788//4999 5790//5001 5789//5000
f  5791//5002 5788//4999 4761//4105 4762//4106
f  5792//5003 5790//5001 5788//4999 5791//5002
f  5772//4983 5773//4984 5793//5004 5792//5003
f  5770//4981 5769//4980 5772//4983 5794//5005
f  5772//4983 5792//5003 5791//5002 5794//5005
f  5795//793 5790//5001 5792//5003 5793//5004
f  5796//5006 5793//5004 5773//4984 5774//4985
f  5797//791 5795//793 5793//5004 5796//5006
f  5789//5000 5790//5001 5795//793 5798//792
f  5785//4996 5780//4991 5789//5000 5798//792
f  5785//4996 5798//792 5797//791 5786//4997
f  5799//5007 5718//4942 3269//2892 3379//2972
f  5718//4942 5799//5007 5800//5008 5719//4943
f  5801//5009 5799//5007 3379//2972 3380//2973
f  5802//5010 5800//5008 5799//5007 5801//5009
f  5803//5011 5712//4938 5719//4943 5800//5008
f  5763//4975 5711//4937 5712//4938 5803//5011
f  5800//5008 5802//5010 5804//5012 5803//5011
f  5805//5013 5801//5009 3380//2973 3383//2976
f  5801//5009 5805//5013 5806//5014 5802//5010
f  5807//5015 5805//5013 3383//2976 3384//2977
f  5808//5016 5806//5014 5805//5013 5807//5015
f  5802//5010 5806//5014 5809//5017 5804//5012
f  5810//5018 5809//5017 5806//5014 5808//5016
f  5767//4978 5763//4975 5803//5011 5804//5012
f  5809//5017 5771//4982 5767//4978 5804//5012
f  5771//4982 5809//5017 5810//5018 5774//4985
f  5807//5015 3384//2977 3388//2981 5811//5019
f  3388//2981 3368//2961 5783//4994 5811//5019
f  5808//5016 5807//5015 5811//5019 5812//5020
f  5811//5019 5783//4994 5784//4995 5812//5020
f  5810//5018 5808//5016 5812//5020 5813//5021
f  5812//5020 5784//4995 5786//4997 5813//5021
f  5796//5006 5774//4985 5810//5018 5813//5021
f  5786//4997 5797//791 5796//5006 5813//5021
f  5814//5022 5746//4964 5744//4963 5748//4965
f  5747//659 5746//4964 5815//796 5750//661
f  5816//794 5815//796 5746//4964 5814//5022
f  5750//661 5815//796 5817//795 5749//668
f  5817//795 5816//794 5818//5023 5819//799
f  5820//801 5821//669 5749//668 5822//798
f  5823//671 4763//670 5821//669 5820//801
f  5822//798 5824//797 5825//806 5826//5024
f  5822//798 5826//5024 5827//5025 5820//801
f  5828//5026 5748//4965 5736//4956 5740//4960
f  5748//4965 5828//5026 5829//5027 5814//5022
f  5740//4960 5739//4959 5742//804 5828//5026
f  5830//803 5829//5027 5828//5026 5742//804
f  5814//5022 5829//5027 5818//5023 5816//794
f  5829//5027 5830//803 5831//5028 5818//5023
f  5706//4933 5754//4969 5832//5029 5709//4935
f  5753//4968 5757//4972 5833//5030 5754//4969
f  5742//804 5743//4962 5834//5031 5835//802
f  5830//803 5835//802 5836//5032 5831//5028
f  5743//4962 5741//4961 5837//5033 5834//5031
f  5741//4961 5709//4935 5832//5029 5837//5033
f  5838//5034 5836//5032 5835//802 5834//5031
f  5819//799 5818//5023 5831//5028 5839//807
f  5819//799 5839//807 5825//806 5824//797
f  5757//4972 5758//808 5840//810 5833//5030
f  5841//809 5758//808 5759//789 5842//788
f  5843//5035 5840//810 5841//809 5844//811
f  5839//807 5831//5028 5836//5032 5845//805
f  5846//5036 5826//5024 5825//806 5845//805
f  5826//5024 5846//5036 5847//5037 5827//5025
f  5845//805 5836//5032 5838//5034 5846//5036
f  5833//5030 5840//810 5843//5035 5848//5038
f  5832//5029 5754//4969 5833//5030 5848//5038
f  5849//5039 5848//5038 5843//5035 5847//5037
f  5843//5035 5844//811 5827//5025 5847//5037
f  5834//5031 5837//5033 5849//5039 5838//5034
f  5848//5038 5849//5039 5837//5033 5832//5029
f  5847//5037 5846//5036 5838//5034 5849//5039
f  5850//5040 4765//4107 4764//672 5851//673
f  5844//811 5852//800 5820//801 5827//5025
f  4765//4107 5850//5040 5853//5041 4759//4103
f  5851//673 5765//790 5770//4981 5850//5040
f  5850//5040 5770//4981 5794//5005 5853//5041
f  4762//4106 4758//4102 4759//4103 5853//5041
f  5794//5005 5791//5002 4762//4106 5853//5041

