# File produced by Tripo

mtllib mecha.mtl

# 7355 vertex positions
v -0.27563477 0.43017578 0.05590824
v -0.26977539 0.43408203 0.06567387
v -0.27416992 0.43212891 0.06323246
v -0.26245117 0.43603516 0.06323246
v -0.26000977 0.43603516 0.05883793
v -0.27319336 0.43017578 0.05151371
v -0.27270508 0.43164062 0.06372074
v -0.26831055 0.43408203 0.06616215
v -0.26635742 0.43457031 0.05688480
v -0.27465820 0.42968750 0.05590824
v -0.26049805 0.43701172 0.06372074
v -0.27172852 0.43017578 0.05102543
v -0.25756836 0.43750000 0.05834965
v -0.26440430 0.43310547 0.04809574
v -0.25952148 0.43554688 0.05102543
v -0.25659180 0.41552734 0.06372074
v -0.25903320 0.41406250 0.06225590
v -0.25170898 0.41845703 0.06225590
v -0.25024414 0.41894531 0.05883793
v -0.26049805 0.41259766 0.05688480
v -0.25903320 0.41552734 0.06274418
v -0.25561523 0.41748047 0.06469730
v -0.25463867 0.41796875 0.05737308
v -0.26098633 0.41357422 0.05639652
v -0.25073242 0.42089844 0.06274417
v -0.25903320 0.41455078 0.05200199
v -0.24877928 0.42138672 0.05834965
v -0.25366211 0.41748047 0.05004887
v -0.25024414 0.41992188 0.05200199
v -0.26147461 0.43408203 0.05151371
v -0.27661133 0.42382812 0.01928715
v -0.27856445 0.42285156 0.01245121
v -0.26489258 0.43164062 0.01489262
v -0.27661133 0.42431641 0.00805668
v -0.26684570 0.43066406 0.00805668
v -0.26586914 0.43212891 0.04907230
v -0.27563477 0.42480469 0.03979496
v -0.27709961 0.42333984 0.03247074
v -0.26245117 0.43164062 0.03588871
v -0.26489258 0.43066406 0.04028324
v -0.27172852 0.42724609 0.04223637
v -0.26391602 0.43017578 0.02856449
v -0.27465820 0.42431641 0.02807621
v -0.27026367 0.43017578 0.03344731
v -0.27807617 0.42382812 0.03247074
v -0.27612305 0.42578125 0.04077153
v -0.27124023 0.42871094 0.04321293
v -0.27563477 0.42529297 0.02661137
v -0.26391602 0.43310547 0.04077152
v -0.26147461 0.43457031 0.03540043
v -0.26342773 0.43261719 0.02661137
v -0.26782227 0.42968750 0.02416996
v -0.26782227 0.42822266 0.02612309
v -0.25903320 0.41357422 0.05346683
v -0.25170898 0.41796875 0.05346683
v -0.25463867 0.41601562 0.05200199
v -0.24975584 0.41650391 0.03393558
v -0.25756836 0.40917969 0.03735355
v -0.25903320 0.40820312 0.03149418
v -0.25512695 0.41162109 0.03930668
v -0.25073242 0.41552734 0.03735355
v -0.25952148 0.40869141 0.03198246
v -0.25756836 0.41015625 0.03930668
v -0.25415039 0.41455078 0.03295902
v -0.25805664 0.41015625 0.02758793
v -0.25415039 0.41357422 0.04125980
v -0.25024414 0.41796875 0.03930668
v -0.24877928 0.41992188 0.03442387
v -0.25366211 0.41455078 0.02514652
v -0.25073242 0.41796875 0.02709965
v -0.25756836 0.40917969 0.02807621
v -0.25122070 0.41552734 0.02807621
v -0.25366211 0.41308594 0.02661137
v -0.27465820 0.42431641 0.01977543
v -0.27075195 0.42724609 0.02221684
v -0.27026367 0.42919922 0.01391605
v -0.27661133 0.42285156 0.01245121
v -0.26684570 0.43017578 0.01928715
v -0.27270508 0.42626953 0.02172855
v -0.26489258 0.43212891 0.01977543
v -0.27514648 0.42480469 0.00756840
v -0.26928711 0.42968750 0.00512699
v -0.26538086 0.43261719 0.00756840
v -0.26293945 0.43408203 0.01489262
v -0.27075195 0.42822266 0.00561527
v -0.27709961 0.43212891 -0.00219723
v -0.27465820 0.43408203 -0.00024410
v -0.27465820 0.43603516 -0.00610348
v -0.27807617 0.43066406 -0.00805660
v -0.27319336 0.43359375 0.00024418
v -0.27661133 0.43115234 -0.00170895
v -0.27319336 0.43554688 -0.00659176
v -0.27075195 0.43750000 -0.00170895
v -0.26879883 0.43798828 -0.00170895
v -0.27807617 0.43115234 -0.00708004
v -0.27661133 0.43212891 -0.01049801
v -0.27270508 0.43554688 -0.01147457
v -0.27026367 0.43750000 -0.01000973
v -0.26928711 0.43847656 -0.00463863
v -0.25561523 0.41503906 0.01684574
v -0.25756836 0.41308594 0.01489262
v -0.25219727 0.41894531 0.01489262
v -0.25170898 0.42041016 0.01196293
v -0.25952148 0.41210938 0.01000980
v -0.25854492 0.41308594 0.01586918
v -0.25561523 0.41601562 0.01733402
v -0.25610352 0.41699219 0.01049808
v -0.26000977 0.41162109 0.00952152
v -0.25219727 0.41992188 0.01586918
v -0.25952148 0.41308594 0.00561527
v -0.25170898 0.42187500 0.01147465
v -0.25610352 0.41748047 0.00366215
v -0.25317383 0.42041016 0.00561527
v -0.25854492 0.41357422 0.00659183
v -0.25317383 0.41992188 0.00659183
v -0.25561523 0.41748047 0.00512699
v -0.28491211 0.45800781 0.05493168
v -0.27319336 0.45263672 0.05102543
v -0.28100586 0.46142578 0.05883793
v -0.26782227 0.46435547 0.05786136
v -0.26342773 0.46289062 0.05249027
v -0.28100586 0.44433594 0.00366215
v -0.29125977 0.44873047 -0.00122066
v -0.28881836 0.44921875 -0.00756832
v -0.26977539 0.47460938 0.01586918
v -0.25512695 0.49267578 0.04809574
v -0.25659180 0.48388672 0.04760746
v -0.26098633 0.48193359 0.04614261
v -0.23803711 0.48535156 0.04467776
v -0.24487305 0.48583984 0.05200199
v -0.24731445 0.48144531 0.04809574
v -0.24682617 0.47802734 0.04223636
v -0.24291992 0.47802734 0.03784183
v -0.27758789 0.45068359 -0.00903316
v -0.27319336 0.45117188 -0.00512691
v -0.25268555 0.52294922 0.03100589
v -0.27124023 0.50292969 0.02368168
v -0.26000977 0.52001953 0.03588871
v -0.26928711 0.50781250 0.02954105
v -0.26831055 0.50097656 0.01586918
v -0.23754883 0.47949219 0.03442386
v -0.24877930 0.52343750 0.02563480
v -0.24829102 0.51953125 0.01831058
v -0.25903320 0.50488281 0.01000980
v -0.25170898 0.51171875 0.01098636
v -0.23950191 0.03076172 0.13256840
v -0.24340816 0.00488281 0.13012700
v -0.24145503 0.00634766 0.14379887
v -0.23950191 0.03271484 0.13012700
v -0.23803708 0.04248047 0.09204107
v -0.23266599 0.04736328 0.09106451
v -0.23266599 0.04980469 0.09692388
v -0.22680663 0.03076172 -0.01147456
v -0.22827147 0.00683594 -0.00952143
v -0.22729491 0.04589844 0.00561528
v -0.15063472 0.00585938 0.14916995
v -0.15649410 0.03125000 0.14916995
v -0.15844722 0.00683594 0.16088870
v -0.15551753 0.03320312 0.14721683
v -0.14331052 0.04296875 0.10864262
v -0.15063474 0.05029297 0.11108403
v -0.14819333 0.04785156 0.10571294
v -0.11694334 0.00537109 0.01391605
v -0.11694334 0.02929688 0.01147464
v -0.12231443 0.04443359 0.02807621
v -0.22241209 0.05078125 0.00756841
v -0.22094725 0.05078125 0.00317388
v -0.22338864 0.05615234 0.08813482
v -0.22290036 0.05859375 0.08666997
v -0.22485349 0.05566406 0.08276372
v -0.22290036 0.04687500 0.08032232
v -0.21508788 0.05078125 0.01440434
v -0.21118163 0.04785156 0.01245122
v -0.15356442 0.04687500 0.09545903
v -0.13842770 0.04687500 0.02807621
v -0.13549802 0.04931641 0.03051762
v -0.21850584 0.03125000 -0.01684565
v -0.21899413 0.02490234 -0.01831050
v -0.21899413 0.03613281 -0.01342769
v -0.12719724 0.04931641 0.02319340
v -0.12719724 0.04980469 0.02758793
v -0.19750975 0.07568359 -0.02954097
v -0.20239256 0.01806641 -0.00463862
v -0.20385741 0.04345703 0.00170903
v -0.19018553 0.04296875 0.00415044
v -0.18920897 0.01757812 -0.00219722
v -0.18383788 0.07470703 -0.02758785
v -0.21118163 0.05761719 0.00463872
v -0.21264647 0.06054688 0.00659184
v -0.20629881 0.06152344 0.00463872
v -0.20776366 0.05468750 0.00366216
v -0.13745116 0.05322266 0.01879887
v -0.13891600 0.06005859 0.01879887
v -0.13500975 0.05566406 0.02075199
v -0.13403319 0.05859375 0.02270511
v -0.20922849 0.11376953 0.04711919
v -0.21264645 0.11035156 0.04223637
v -0.20288083 0.10449219 0.03979497
v -0.22045897 0.08007812 -0.01440425
v -0.22045897 0.07763672 -0.00805659
v -0.21557616 0.11474609 0.03979497
v -0.21752928 0.11718750 -0.03588863
v -0.20336913 0.09716797 0.03344731
v -0.20922849 0.09912109 0.03784184
v -0.20629880 0.10107422 0.04028325
v -0.14770505 0.09863281 0.05102543
v -0.14428708 0.09619141 0.05004887
v -0.14819333 0.09472656 0.04370121
v -0.20239258 0.19433594 -0.07983394
v -0.21508788 0.12548828 -0.04418941
v -0.20190428 0.20068359 0.02807621
v -0.13989255 0.10498047 0.05786137
v -0.14428708 0.10888672 0.06127933
v -0.14916989 0.10107422 0.05151371
v -0.15600583 0.05615234 0.10229497
v -0.15258786 0.05566406 0.09838872
v -0.15551755 0.05908203 0.10083012
v -0.13549802 0.10839844 0.05688480
v -0.12036131 0.06787109 0.01196293
v -0.11743162 0.06982422 0.00659183
v -0.10522459 0.10156250 -0.01391598
v -0.15454100 0.01757812 0.00512699
v -0.15551756 0.04296875 0.01147465
v -0.14282225 0.07275391 -0.02075192
v -0.12915038 0.07177734 -0.01879879
v -0.14184569 0.04248047 0.01391605
v -0.14086913 0.01757812 0.00756840
v -0.12329099 0.03466797 0.00708011
v -0.12231443 0.02978516 0.00366215
v -0.12231443 0.18994141 0.04565433
v -0.10180663 0.10937500 -0.02221677
v -0.08471679 0.17675781 -0.05639646
v -0.18676756 0.27148438 0.03442387
v -0.17700194 0.27050781 0.04125980
v -0.17358397 0.29980469 0.04272464
v -0.19067383 0.25976562 -0.09838864
v -0.19458008 0.23730469 -0.09448238
v -0.19262694 0.27148438 0.02709964
v -0.18627930 0.28417969 -0.09887692
v -0.20825194 0.13183594 -0.06420894
v -0.10961913 0.30224609 0.05151369
v -0.11547850 0.30419922 0.05249026
v -0.11743163 0.26123047 0.05004885
v -0.12133787 0.02343750 0.00219730
v -0.10961913 0.25878906 0.04516604
v -0.07543945 0.21875000 -0.07104490
v -0.07153320 0.24169922 -0.07543943
v -0.06811523 0.26611328 -0.07592772
v -0.09838866 0.11621094 -0.04321286
v -0.16674803 0.38623047 0.06713870
v -0.16528319 0.39111328 0.06518558
v -0.17163084 0.38720703 0.06079104
v -0.12768553 0.29492188 0.05102541
v -0.16674803 0.29980469 0.04663089
v -0.16967772 0.30029297 0.04223636
v -0.16528319 0.29833984 0.03442386
v -0.17163084 0.30859375 0.03051761
v -0.16528319 0.30468750 0.02758792
v -0.13159178 0.29541016 0.05395510
v -0.12377928 0.29980469 0.03588869
v -0.11889647 0.30224609 0.04125979
v -0.12817381 0.29394531 0.04223635
v -0.18041992 0.35742188 0.00463870
v -0.17358398 0.35937500 0.00708011
v -0.17163086 0.35937500 -0.00317380
v -0.17602539 0.34423828 -0.08325192
v -0.16430664 0.35156250 -0.09204099
v -0.16577148 0.33837891 -0.09790036
v -0.11450196 0.35302734 -0.08862302
v -0.09399413 0.34863281 0.01049807
v -0.15454102 0.35791016 -0.08911130
v -0.16381836 0.38476562 -0.00366208
v -0.16333008 0.37646484 0.00122073
v -0.16967773 0.38671875 0.00170901
v -0.23706053 0.40332031 0.05590824
v -0.23999022 0.40478516 0.06079105
v -0.24194334 0.40234375 0.05981449
v -0.23803709 0.40820312 0.05932621
v -0.23510741 0.46972656 0.05834964
v -0.22973631 0.47314453 0.06030276
v -0.23071288 0.47460938 0.04956058
v -0.22241209 0.47558594 0.05639651
v -0.24291991 0.40136719 0.05541996
v -0.24243163 0.40234375 0.05249027
v -0.23999022 0.40625000 0.05102542
v -0.23754881 0.40966797 0.05688480
v -0.23852538 0.40820312 0.05249027
v -0.23266600 0.40527344 0.03393558
v -0.23364256 0.40283203 0.03247074
v -0.22973631 0.40527344 0.02807621
v -0.23510741 0.40136719 0.02758793
v -0.23217772 0.41015625 0.03295902
v -0.23217772 0.41162109 0.03002933
v -0.23510741 0.40283203 0.02514652
v -0.23461914 0.40771484 0.02368168
v -0.23364258 0.41015625 0.02514652
v -0.23950195 0.40625000 0.00512699
v -0.23999023 0.40771484 0.00268558
v -0.23510742 0.41015625 0.00512699
v -0.23950195 0.41210938 0.00170902
v -0.23852539 0.41455078 0.00268558
v -0.23754883 0.41015625 0.01049808
v -0.23803711 0.40771484 0.00903324
v -0.23706055 0.41406250 0.00952152
v -0.23754883 0.41552734 0.00708011
v -0.23803709 0.46630859 0.05102542
v -0.23510742 0.46582031 0.04516605
v -0.23559569 0.46533203 0.05297855
v -0.23364256 0.46435547 0.04809573
v -0.22290038 0.47509766 0.05688480
v -0.22973631 0.47265625 0.06030276
v -0.23413084 0.46972656 0.05932620
v -0.22729492 0.46826172 0.04125980
v -0.22241211 0.47119141 0.04321292
v -0.21948241 0.47460938 0.05053714
v -0.22094725 0.47460938 0.05200198
v -0.22338866 0.44384766 0.05297855
v -0.22436522 0.44384766 0.05151371
v -0.21997069 0.44531250 0.05444339
v -0.22290038 0.44433594 0.04760746
v -0.21752928 0.44628906 0.05297855
v -0.22045897 0.44580078 0.04663089
v -0.21704100 0.44677734 0.04760746
v -0.21655272 0.44726562 0.04956058
v -0.23852539 0.48876953 0.04516605
v -0.24731445 0.48242188 0.04614261
v -0.24584959 0.48876953 0.05346683
v -0.24438477 0.48046875 0.03979496
v -0.23950195 0.49023438 0.05346683
v -0.23461914 0.49267578 0.05151370
v -0.22973633 0.49218750 0.04565433
v -0.23217773 0.48242188 0.03247073
v -0.22924805 0.48828125 0.03881839
v -0.24096678 0.49316406 0.05493167
v -0.23217773 0.49609375 0.05053714
v -0.23559570 0.48388672 0.03540042
v -0.23071289 0.48828125 0.03686526
v -0.22924805 0.49462891 0.04467776
v -0.11499022 0.38085938 0.07446291
v -0.12133788 0.38623047 0.07543948
v -0.12280272 0.38134766 0.07739260
v -0.16918945 0.40966797 0.01538089
v -0.16821289 0.41357422 -0.00415037
v -0.08959960 0.34423828 0.02124025
v -0.09594726 0.34863281 0.02124025
v -0.07788086 0.34619141 -0.07495116
v -0.09008788 0.37353516 0.01245119
v -0.08666991 0.37451172 0.01977541
v -0.09545898 0.36718750 0.01586916
v -0.07397460 0.39843750 0.01684572
v -0.08129882 0.39843750 0.03344728
v -0.07446289 0.40283203 -0.00463866
v -0.07788085 0.39550781 0.01049806
v -0.09545898 0.39648438 0.00122072
v -0.06958008 0.32373047 -0.07983397
v -0.06958008 0.33740234 -0.07446288
v -0.06469727 0.32763672 -0.06225584
v -0.08227538 0.35546875 -0.00073240
v -0.08129882 0.34765625 -0.01049803
v -0.07397461 0.39794922 -0.01000975
v -0.07690429 0.39062500 -0.00073241
v -0.07006836 0.40820312 -0.02856444
v -0.08911133 0.40576172 -0.04370116
v -0.07055664 0.40869141 -0.03979491
v -0.07934570 0.54443359 0.05737305
v -0.08422851 0.54199219 0.05981446
v -0.06665038 0.52929688 0.05590821
v -0.29907227 0.54003906 0.03198246
v -0.28344727 0.54248047 0.03637699
v -0.29956055 0.54638672 0.03002933
v -0.28100586 0.53222656 0.02319339
v -0.28198242 0.53613281 0.03686527
v -0.29516602 0.53417969 0.03393558
v -0.29321289 0.55664062 0.02905277
v -0.28247070 0.55859375 0.03002933
v -0.29858398 0.55322266 0.02856449
v -0.30737305 0.54736328 0.01147465
v -0.30200195 0.52832031 0.02026371
v -0.29809570 0.52294922 0.00415043
v -0.29321289 0.52783203 0.01440433
v -0.30737305 0.51464844 -0.01391598
v -0.29272461 0.63964844 -0.00610348
v -0.29760742 0.51806641 -0.00659176
v -0.28881836 0.51318359 -0.01782223
v -0.29028320 0.51708984 0.01879887
v -0.29516602 0.51318359 0.00952152
v -0.29418945 0.50878906 -0.00024410
v -0.28686523 0.50488281 -0.01000973
v -0.30981445 0.52294922 -0.04174801
v -0.31030273 0.51855469 -0.03686519
v -0.31274414 0.53125000 -0.02563473
v -0.26538086 0.51464844 0.03491214
v -0.25268555 0.53613281 0.03491214
v -0.25659180 0.53125000 0.02026370
v -0.23999023 0.53271484 0.02709964
v -0.25170898 0.54248047 0.03344730
v -0.23706055 0.53906250 0.02465823
v -0.23559570 0.54541016 0.02221683
v -0.23901367 0.55566406 0.02319339
v -0.24877930 0.55859375 0.02758792
v -0.22924805 0.54394531 0.00366214
v -0.23510742 0.55175781 0.02124026
v -0.21606445 0.62402344 -0.00708006
v -0.26440430 0.50390625 -0.01196286
v -0.25854492 0.52001953 0.02368167
v -0.26879883 0.52197266 0.02807621
v -0.25317383 0.50732422 -0.00415036
v -0.25073242 0.51611328 0.01440433
v -0.24926758 0.51171875 0.00463870
v -0.24633789 0.52099609 -0.00122067
v -0.23657227 0.52636719 0.01293948
v -0.24780273 0.52636719 0.00952152
v -0.28735352 0.67529297 -0.02221677
v -0.26928711 0.67089844 -0.01391599
v -0.27807617 0.68212891 -0.02514645
v -0.23852539 0.51562500 -0.01391598
v -0.25024414 0.51660156 -0.01098630
v -0.24536133 0.51074219 -0.02807614
v -0.25903320 0.50830078 -0.03442379
v -0.23168945 0.53076172 -0.02612302
v -0.24145508 0.51953125 -0.03637692
v -0.24145508 0.52392578 -0.04174802
v -0.20922853 0.65673828 -0.02221678
v -0.21459962 0.66943359 -0.02612303
v -0.22583009 0.66357422 -0.01489256
v -0.06176758 0.59472656 -0.00952148
v -0.05249023 0.58642578 0.06567383
v -0.05688476 0.58251953 0.06762696
v -0.07641602 0.54687500 0.03051759
v -0.07397460 0.54833984 0.04956055
v -0.06567382 0.53857422 0.04956055
v -0.05786132 0.52978516 0.04223634
v -0.07446289 0.54833984 0.00366212
v -0.08471680 0.57568359 0.02124024
v -0.08325195 0.57470703 0.03344727
v -0.05493164 0.52490234 0.02661133
v -0.07690430 0.57177734 0.04663087
v -0.07495117 0.56250000 0.04907227
v -0.08227539 0.57666016 0.00219727
v -0.09350586 0.58349609 0.03442384
v -0.08666992 0.58056641 0.03833009
v -0.09448242 0.58496094 0.02416993
v -0.08032227 0.57763672 0.04272462
v -0.09399414 0.58544922 0.01538087
v -0.06958009 0.57568359 -0.02612304
v -0.07690430 0.57666016 -0.01586914
v -0.06372071 0.54785156 -0.02270507
v -0.04760743 0.52343750 -0.00952148
v -0.04467774 0.52978516 -0.02758789
v -0.08569335 0.57568359 0.05493165
v -0.08129882 0.57421875 0.05346680
v -0.08520508 0.58056641 0.04956055
v -0.10766602 0.59326172 0.02807618
v -0.11108398 0.59667969 0.02026368
v -0.08422852 0.58593750 -0.02270507
v -0.08764649 0.58642578 -0.01440429
v -0.03881835 0.54443359 0.08032227
v -0.03198241 0.53955078 0.08276368
v -0.03344726 0.54687500 0.08569337
v 0.00024415 0.54541016 0.08618164
v -0.04711913 0.58789062 0.08618164
v -0.03735351 0.53125000 0.06665040
v -0.05346679 0.58349609 0.06860352
v -0.03637695 0.51806641 0.04858399
v -0.05297851 0.59033203 0.07983398
v -0.05297851 0.58349609 0.07983399
v 0.00024415 0.62548828 0.08569335
v -0.03833007 0.62548828 0.08569336
v 0.03344727 0.54687500 0.08569335
v 0.04711915 0.58789062 0.08618163
v -0.05200196 0.57812500 0.01049805
v -0.03344727 0.51611328 0.01000977
v -0.04125976 0.62792969 0.07983398
v -0.04370117 0.62548828 0.07983398
v 0.03833009 0.62548828 0.08569334
v -0.05249025 0.58300781 -0.08666991
v -0.04809572 0.58642578 -0.08422852
v -0.04418945 0.62548828 0.06860352
v -0.04174804 0.62792969 0.06860352
v 0.00024413 0.62939453 -0.00903321
v 0.00024414 0.62792969 0.06860351
v -0.03735353 0.63085938 -0.08715820
v -0.03979494 0.62841797 -0.08715820
v 0.00024412 0.63085938 -0.08715821
v 0.04174805 0.62792969 0.06860350
v 0.04418946 0.62548828 0.06860350
v 0.03735350 0.63085938 -0.08715822
v 0.03979490 0.62841797 -0.08715822
v -0.03833008 0.67138672 0.06176757
v -0.05395508 0.67285156 0.04809570
v -0.03247070 0.63281250 0.05737304
v -0.02661133 0.63085938 0.06127929
v -0.03442383 0.71337891 0.07543945
v -0.08666992 0.71630859 0.06323243
v -0.06176758 0.68408203 0.07055664
v -0.04565429 0.70556641 0.09301758
v -0.06274414 0.77246094 0.11010741
v -0.11694337 0.72802734 0.03002930
v -0.13403320 0.80371094 0.05151368
v -0.13989259 0.76464844 0.00756837
v -0.05688477 0.68408203 0.07104492
v -0.05444336 0.77392578 0.11108398
v -0.05981445 0.77978516 0.11010741
v -0.10083008 0.65136719 0.04321290
v -0.09838867 0.65087891 0.04663086
v -0.09448242 0.65185547 0.03979493
v -0.05541992 0.67675781 0.05102539
v -0.11352541 0.72167969 -0.04565429
v -0.10375977 0.71484375 -0.00122070
v -0.11401368 0.72265625 0.02905274
v -0.08666992 0.71386719 0.04711914
v 0.00024413 0.71484375 0.01733398
v -0.08715823 0.71484375 -0.09057616
v -0.11010744 0.72021484 -0.10473632
v -0.13305664 0.81152344 0.05249024
v -0.13745117 0.80957031 0.04760743
v -0.13891603 0.80712891 -0.01098632
v -0.13940431 0.79150391 -0.02221679
v -0.13940431 0.78222656 -0.03881835
v -0.13989259 0.75390625 -0.05737304
v -0.06518555 0.71582031 0.05102539
v -0.06127930 0.72851562 0.04663086
v -0.04418945 0.71337891 0.06469727
v -0.04174805 0.70263672 0.07153320
v -0.03833008 0.70458984 0.07153320
v 0.00024414 0.71337891 0.06469726
v -0.05444336 0.67968750 0.05786133
v -0.06225586 0.68017578 0.05541992
v 0.04418945 0.71337891 0.06469725
v 0.08666992 0.71386719 0.04711912
v 0.10375976 0.71484375 -0.00122073
v 0.00024412 0.71484375 -0.09057618
v -0.24194337 0.86425781 0.00024416
v -0.26147464 0.81103516 -0.02661131
v -0.25170901 0.83789062 -0.00170897
v -0.26147464 0.81201172 -0.01489256
v -0.26000980 0.81640625 -0.00854490
v -0.23706056 0.87695312 -0.00366209
v -0.22827151 0.89697266 -0.09741209
v -0.25805667 0.81005859 -0.08422849
v -0.23315431 0.88867188 -0.00903319
v -0.22924806 0.89941406 -0.01635741
v -0.22583009 0.90722656 -0.02563475
v -0.22436526 0.91162109 -0.03735350
v -0.22338870 0.91308594 -0.05200194
v -0.22387698 0.91064453 -0.06665038
v -0.22534183 0.90625000 -0.08227538
v -0.15600587 0.84423828 0.00366211
v -0.15942384 0.85400391 0.00610352
v -0.16430666 0.83935547 0.00952149
v -0.13793947 0.82617188 -0.00756836
v -0.13891603 0.78125000 -0.05834960
v -0.13793948 0.78857422 -0.07592773
v -0.12963870 0.76611328 -0.14135742
v -0.15698244 0.82958984 -0.01879882
v -0.16284181 0.81933594 0.00317384
v -0.15112306 0.86083984 -0.00122070
v -0.06420899 0.84960938 0.06079101
v -0.05444337 0.87500000 0.01831054
v -0.06225588 0.88574219 0.00024413
v -0.05444338 0.88574219 0.00024413
v -0.05249025 0.86230469 -0.00073243
v -0.05249026 0.87548828 -0.03149415
v -0.05493166 0.90185547 -0.03540040
v -0.05249026 0.88232422 -0.06420899
v -0.01196291 0.88281250 0.00903319
v -0.01391603 0.88623047 0.01489256
v -0.01635744 0.88476562 0.01000975
v -0.02124025 0.88964844 -0.00366212
v -0.02124025 0.90917969 0.00170897
v -0.01733400 0.89160156 -0.02221681
v -0.01538088 0.90576172 0.01489256
v -0.01782228 0.92041016 0.01489256
v -0.02709963 0.92919922 -0.00610353
v -0.02416994 0.90917969 -0.00366212
v -0.02368166 0.90722656 -0.00317384
v -0.02612307 0.91406250 -0.00756837
v -0.02368166 0.89453125 -0.00756837
v -0.02368166 0.89306641 -0.00952150
v -0.02709963 0.89599609 -0.02270509
v -0.02807619 0.92285156 0.01147459
v -0.01928713 0.91992188 0.01782225
v -0.03735353 0.92773438 -0.00219728
v -0.03442385 0.93066406 -0.01196290
v -0.02758791 0.90917969 -0.00170900
v -0.03295900 0.91748047 -0.01293947
v -0.04077150 0.95312500 0.00219725
v -0.03002931 0.94921875 0.01733397
v -0.02612307 0.95654297 0.00024412
v -0.02026369 0.95654297 0.00561522
v -0.03149416 0.95703125 -0.00756838
v -0.01831057 0.95654297 0.00708006
v -0.01879885 0.95703125 0.00512694
v -0.27709961 0.43212891 -0.01147457
v -0.27270508 0.43652344 -0.01342770
v -0.26977539 0.43896484 -0.01147457
v -0.26782227 0.43994141 -0.00561520
v -0.26440430 0.42382812 -0.01000973
v -0.26147461 0.42871094 -0.00512692
v -0.26293945 0.42431641 -0.00610348
v -0.26391602 0.42529297 -0.01245113
v -0.26196289 0.42871094 -0.01342770
v -0.26147461 0.42578125 -0.00463863
v -0.25952148 0.42968750 -0.00561520
v -0.26196289 0.42871094 -0.00903317
v -0.26342773 0.42480469 -0.00512692
v -0.26196289 0.42724609 -0.00366207
v -0.26000977 0.43164062 -0.00512692
v -0.26489258 0.42382812 -0.01049801
v -0.25952148 0.43310547 -0.00805660
v -0.26440430 0.42529297 -0.01342770
v -0.26245117 0.42919922 -0.01489254
v -0.26098633 0.43212891 -0.01342770
v -0.25903320 0.43115234 -0.00756832
v -0.26049805 0.43066406 -0.01196285
v -0.24682617 0.42724609 -0.01293942
v -0.24829102 0.42626953 -0.00903317
v -0.24877930 0.42431641 -0.01000973
v -0.24877930 0.42968750 -0.01000973
v -0.24975586 0.42382812 -0.01342770
v -0.25024414 0.42480469 -0.01538082
v -0.25024414 0.42822266 -0.01635738
v -0.24975586 0.43017578 -0.01489254
v -0.24926758 0.43115234 -0.01147457
v -0.22973631 0.05517578 -0.03442378
v -0.23022459 0.06591797 -0.02661128
v -0.22631834 0.10205078 -0.03588862
v -0.22973631 0.07910156 -0.02368159
v -0.22827147 0.09228516 -0.02709956
v -0.22387694 0.10742188 -0.04809565
v -0.22827147 0.04931641 -0.04614253
v -0.22241209 0.00683594 -0.05200190
v -0.22045897 0.03076172 -0.05297846
v -0.21899413 0.03125000 -0.06811518
v -0.21508788 0.03466797 -0.08032221
v -0.21069334 0.04101562 -0.09008784
v -0.20385742 0.00781250 -0.12329096
v -0.21801756 0.03466797 -0.05297847
v -0.21362303 0.03466797 -0.04711909
v -0.21215819 0.03710938 -0.05249019
v -0.22192381 0.10693359 -0.06127925
v -0.22631834 0.04833984 -0.05932612
v -0.22045897 0.10058594 -0.07299800
v -0.22387694 0.05371094 -0.07153315
v -0.21997070 0.08984375 -0.08081050
v -0.22143553 0.06396484 -0.07983393
v -0.11450194 0.03222656 -0.02661129
v -0.10815428 0.03222656 -0.03051754
v -0.11352538 0.03515625 -0.03198239
v -0.19702147 0.11962891 -0.06274410
v -0.19018555 0.11962891 -0.07104488
v -0.15112303 0.11523438 -0.06958004
v -0.11206054 0.10791016 -0.04663083
v -0.22045897 0.07666016 -0.08325191
v -0.20385742 0.05029297 -0.09350581
v -0.19946288 0.05126953 -0.08959956
v -0.19799805 0.05371094 -0.09497066
v -0.10620116 0.04687500 -0.07495113
v -0.11108398 0.05029297 -0.07836910
v -0.11206054 0.04833984 -0.07299801
v -0.19262695 0.03906250 -0.12280269
v -0.19213867 0.03662109 -0.12475581
v -0.19995117 0.03564453 -0.12133784
v -0.10717773 0.03222656 -0.10815426
v -0.10717773 0.03515625 -0.10668942
v -0.10131835 0.03125000 -0.10229488
v -0.19165039 0.08740234 -0.08325192
v -0.19018555 0.09619141 -0.08862301
v -0.17260742 0.09765625 -0.08764645
v -0.12573242 0.09521484 -0.08178708
v -0.11059570 0.08251953 -0.07299802
v -0.18823242 0.09912109 -0.09057613
v -0.18481445 0.10107422 -0.09106442
v -0.17163086 0.10205078 -0.09008785
v -0.16625977 0.09814453 -0.08715817
v -0.13208008 0.09619141 -0.08276364
v -0.12524414 0.09912109 -0.08374020
v -0.11254882 0.09716797 -0.08178708
v -0.10913085 0.09130859 -0.07836911
v -0.11010741 0.09472656 -0.08032224
v -0.19653320 0.12548828 -0.07446285
v -0.18872070 0.12451172 -0.07739254
v -0.11499023 0.10937500 -0.05688473
v -0.16870117 0.13085938 -0.06811520
v -0.17407227 0.13427734 -0.07104488
v -0.17504883 0.13427734 -0.06567379
v -0.11303710 0.11425781 -0.06274411
v -0.10668945 0.11328125 -0.05737301
v -0.12426757 0.13085938 -0.06372067
v -0.13110350 0.12792969 -0.06274411
v -0.12524413 0.13037109 -0.05834958
v -0.10229491 0.02783203 -0.04565426
v -0.10571288 0.02832031 -0.03002926
v -0.10571288 0.00439453 -0.02856442
v -0.09838866 0.00341797 -0.10278317
v -0.10180663 0.03710938 -0.06909176
v -0.10180663 0.03125000 -0.05883786
v -0.10180663 0.05859375 -0.01489255
v -0.10131834 0.04785156 -0.02319333
v -0.09790038 0.09472656 -0.02465817
v -0.09985350 0.08447266 -0.01586911
v -0.10131834 0.07177734 -0.01245114
v -0.09985350 0.04150391 -0.03491208
v -0.09545897 0.10009766 -0.03637692
v -0.09790038 0.04101562 -0.04809567
v -0.09350585 0.09960938 -0.04956052
v -0.09545897 0.04638672 -0.05981442
v -0.09204101 0.09326172 -0.06127927
v -0.09155273 0.08251953 -0.06909177
v -0.09350585 0.05664062 -0.06860348
v -0.09204101 0.06933594 -0.07202145
v -0.16577148 0.41162109 -0.02807615
v -0.17309570 0.36132812 -0.02856443
v -0.17407227 0.36914062 -0.01879880
v -0.16870117 0.40429688 -0.01879880
v -0.16333008 0.41406250 -0.04028318
v -0.17114258 0.35839844 -0.04077145
v -0.16137695 0.41113281 -0.05249021
v -0.16870117 0.36083984 -0.05297849
v -0.16040039 0.40332031 -0.06225583
v -0.16528320 0.36865234 -0.06225583
v -0.15698242 0.40722656 -0.06372067
v -0.15698242 0.40478516 -0.06616208
v -0.16235352 0.40966797 -0.00903318
v -0.15844727 0.41943359 -0.02368162
v -0.14428711 0.40478516 -0.01000974
v -0.15161133 0.42041016 -0.04418943
v -0.15942383 0.41308594 -0.05297849
v -0.16186523 0.41601562 -0.04028318
v -0.15258789 0.42187500 -0.03930662
v -0.15258789 0.42431641 -0.04760740
v -0.14819336 0.42333984 -0.05737302
v -0.13110352 0.41357422 -0.05249021
v -0.14916992 0.40527344 -0.06713864
v -0.14819336 0.40625000 -0.07250974
v -0.15014648 0.41748047 -0.05395506
v -0.14965820 0.41845703 -0.05541990
v -0.14916992 0.40917969 -0.06420895
v -0.07006836 0.39941406 -0.03540038
v -0.07739258 0.40820312 -0.03051757
v -0.07202148 0.40283203 -0.02270507
v -0.07788086 0.41015625 -0.02563475
v -0.07592773 0.40527344 -0.04028319
v -0.14819336 0.41259766 -0.06811520
v -0.14477539 0.41357422 -0.06909177
v -0.07397461 0.40039062 -0.05444334
v -0.07446289 0.39404297 -0.05883788
v -0.07690430 0.40283203 -0.05639647
v -0.07543945 0.39306641 -0.05346678
v -0.06958008 0.39013672 -0.04956054
v -0.07934570 0.34472656 -0.02270506
v -0.07153320 0.40039062 -0.02221678
v -0.07690430 0.34716797 -0.03491209
v -0.06958008 0.39746094 -0.03442382
v -0.07348633 0.35498047 -0.04418943
v -0.06860352 0.38964844 -0.04418944
v -0.06958008 0.39257812 -0.04760741
v -0.07543945 0.39697266 -0.05053709
v -0.07543945 0.40673828 -0.04174803
v -0.05541993 0.54541016 -0.05541992
v -0.05249024 0.54736328 -0.05053711
v -0.04467774 0.53125000 -0.04516601
v -0.04663087 0.54052734 -0.03833007
v -0.30981445 0.51611328 -0.03491207
v -0.29614258 0.51464844 -0.04223629
v -0.30541992 0.52441406 -0.04614254
v -0.30297855 0.59423828 -0.09301755
v -0.29516602 0.52441406 -0.05004879
v -0.25903320 0.51464844 -0.04174801
v -0.25708008 0.52441406 -0.05053708
v -0.24584961 0.52490234 -0.04614254
v -0.24243164 0.51708984 -0.03442379
v -0.22583009 0.58398438 -0.09252927
v -0.29809570 0.66796875 -0.03686520
v -0.29858401 0.66455078 -0.08471677
v -0.30395511 0.63623047 -0.10034177
v -0.29858401 0.66503906 -0.09790036
v -0.29956058 0.65527344 -0.11108395
v -0.28344727 0.68945312 -0.04711911
v -0.29370120 0.68017578 -0.06176755
v -0.29711917 0.67138672 -0.07299802
v -0.28295898 0.68945312 -0.03930661
v -0.28149414 0.68750000 -0.03198239
v -0.28393558 0.68603516 -0.05981442
v -0.29370120 0.68359375 -0.06713864
v -0.28979495 0.69628906 -0.06860349
v -0.28540042 0.71044922 -0.08911130
v -0.28686526 0.70654297 -0.07690427
v -0.28881839 0.69775391 -0.11108395
v -0.28588870 0.70703125 -0.10180661
v -0.27368164 0.68750000 -0.04711911
v -0.27124026 0.67968750 -0.05981442
v -0.27368167 0.68408203 -0.05786130
v -0.26635742 0.66357422 -0.05346677
v -0.27124023 0.68115234 -0.02612302
v -0.26586914 0.67285156 -0.01782224
v -0.27319336 0.68603516 -0.03247067
v -0.27368164 0.68798828 -0.03979489
v -0.26635745 0.67236328 -0.11791989
v -0.26391602 0.68945312 -0.04028318
v -0.26635742 0.69042969 -0.04418943
v -0.27026367 0.67626953 -0.04760739
v -0.26586917 0.68554688 -0.10571286
v -0.25756836 0.68847656 -0.04028318
v -0.26147461 0.68798828 -0.03735349
v -0.25854492 0.68701172 -0.03686521
v -0.26782230 0.69677734 -0.06372067
v -0.26538089 0.70800781 -0.07397458
v -0.26391605 0.71289062 -0.08813474
v -0.26342776 0.71093750 -0.10327145
v -0.26391605 0.70166016 -0.11743161
v -0.26440433 0.68701172 -0.12915038
v -0.26538089 0.67285156 -0.13354491
v -0.26293945 0.69335938 -0.04077146
v -0.26489258 0.69433594 -0.04467771
v -0.25952151 0.70019531 -0.10668942
v -0.26147464 0.68408203 -0.11157224
v -0.26147464 0.70019531 -0.10327145
v -0.25756836 0.69140625 -0.03637693
v -0.26049805 0.69238281 -0.03735349
v -0.23120119 0.68115234 -0.03930662
v -0.23168947 0.67968750 -0.03588865
v -0.22827150 0.67871094 -0.03637693
v -0.26879886 0.70654297 -0.05151365
v -0.27319339 0.71191406 -0.05297849
v -0.26928714 0.70458984 -0.05541990
v -0.25805664 0.71533203 -0.03491209
v -0.26635742 0.72460938 -0.03393552
v -0.26245120 0.70458984 -0.05053708
v -0.27172855 0.72851562 -0.05541990
v -0.27270511 0.71240234 -0.06079099
v -0.26977542 0.72607422 -0.03930662
v -0.25561523 0.71386719 -0.03588865
v -0.26000977 0.72265625 -0.03149412
v -0.26049808 0.70214844 -0.05493161
v -0.27172855 0.71386719 -0.06372067
v -0.27075198 0.72753906 -0.06958005
v -0.25805667 0.70361328 -0.10522458
v -0.25659183 0.71093750 -0.10083005
v -0.22729494 0.68310547 -0.03588865
v -0.23022462 0.68359375 -0.03540037
v -0.22583009 0.67871094 -0.03881834
v -0.22485353 0.68261719 -0.03930662
v -0.22290041 0.67822266 -0.04272459
v -0.25952151 0.70410156 -0.06372067
v -0.25463870 0.72119141 -0.07055662
v -0.21704103 0.70312500 -0.03295896
v -0.20532228 0.70703125 -0.03100584
v -0.21166994 0.70849609 -0.02905272
v -0.21166994 0.68945312 -0.04907225
v -0.21801759 0.69140625 -0.04858396
v -0.25463870 0.71484375 -0.09985349
v -0.24877933 0.70849609 -0.10180662
v -0.25268558 0.71044922 -0.10424802
v -0.25317386 0.72363281 -0.09448240
v -0.25170901 0.72412109 -0.09985349
v -0.29223636 0.68457031 -0.11352536
v -0.29614261 0.67236328 -0.10864255
v -0.29174808 0.68652344 -0.11694333
v -0.25561526 0.69970703 -0.10961912
v -0.25170901 0.69921875 -0.10717771
v -0.25268558 0.69873047 -0.11010740
v -0.24926761 0.72070312 -0.10864256
v -0.25317386 0.72167969 -0.08227537
v -0.25610355 0.70751953 -0.09204099
v -0.21899416 0.69677734 -0.09057615
v -0.21118166 0.69433594 -0.09008787
v -0.21411134 0.71044922 -0.08081052
v -0.20239259 0.70703125 -0.08032224
v -0.26293948 0.71289062 -0.10034177
v -0.26293948 0.71093750 -0.09838864
v -0.26733401 0.71679688 -0.09838864
v -0.26147464 0.72998047 -0.10961911
v -0.25512698 0.72802734 -0.11157224
v -0.25463870 0.70361328 -0.10864256
v -0.25122073 0.70263672 -0.10913084
v -0.22583009 0.69189453 -0.10620115
v -0.21948244 0.68896484 -0.10522459
v -0.22241214 0.69042969 -0.10864256
v -0.21850587 0.69287109 -0.10375974
v -0.22143558 0.69433594 -0.10717771
v -0.22436526 0.69531250 -0.10815427
v -0.22583011 0.69140625 -0.10961912
v -0.24926761 0.70996094 -0.10473631
v -0.25073245 0.71630859 -0.10522459
v -0.24780276 0.71582031 -0.10571287
v -0.20971681 0.69726562 -0.09838865
v -0.20629886 0.71386719 -0.10961912
v -0.20043948 0.71191406 -0.10668943
v -0.24243167 0.85449219 -0.11694334
v -0.25415042 0.81738281 -0.11547850
v -0.23168948 0.88574219 -0.10717772
v -0.22290042 0.89306641 -0.10668944
v -0.21997073 0.90234375 -0.09643553
v -0.25219730 0.82324219 -0.11840819
v -0.22631839 0.88281250 -0.11401366
v -0.20971681 0.67285156 -0.03344725
v -0.20141603 0.64501953 -0.08569334
v -0.20288087 0.64550781 -0.03735350
v -0.20825197 0.61816406 -0.10034177
v -0.20776369 0.67382812 -0.04907225
v -0.20776369 0.67431641 -0.04125975
v -0.20288087 0.65966797 -0.06127928
v -0.20043947 0.65087891 -0.07397459
v -0.20190431 0.64697266 -0.09936521
v -0.20532228 0.63720703 -0.11108396
v -0.19750978 0.67578125 -0.06713866
v -0.19653322 0.68652344 -0.07446288
v -0.19604494 0.69189453 -0.08618163
v -0.20092775 0.65576172 -0.10913084
v -0.19799806 0.68115234 -0.10913084
v -0.19702150 0.68994141 -0.09936522
v -0.22924806 0.66601562 -0.01831052
v -0.22143556 0.67089844 -0.02758787
v -0.23120119 0.65478516 -0.05297849
v -0.21850587 0.67333984 -0.03344724
v -0.22290041 0.66845703 -0.05883787
v -0.22729495 0.66406250 -0.11743162
v -0.21752931 0.67431641 -0.04858396
v -0.21704103 0.67480469 -0.04077146
v -0.22973634 0.65185547 -0.05590818
v -0.23071291 0.64599609 -0.07104490
v -0.22973634 0.64843750 -0.08666990
v -0.22631837 0.65820312 -0.09936521
v -0.21899416 0.67187500 -0.05688474
v -0.21850587 0.68554688 -0.06274412
v -0.21606447 0.69726562 -0.07250974
v -0.21899417 0.69238281 -0.11694334
v -0.22387698 0.67871094 -0.12866209
v -0.21606447 0.70068359 -0.10229490
v -0.21508791 0.70263672 -0.08666990
v -0.22827151 0.66552734 -0.13354489
v -0.22680666 0.66406250 -0.04565427
v -0.22192384 0.67333984 -0.10424802
v -0.21801759 0.68798828 -0.10180662
v -0.20874025 0.67138672 -0.05834959
v -0.20678712 0.68310547 -0.06127928
v -0.19897462 0.66259766 -0.06665037
v -0.21997072 0.69238281 -0.06225584
v -0.22045900 0.69042969 -0.05932615
v -0.22094728 0.68994141 -0.05346677
v -0.21655275 0.69873047 -0.09399412
v -0.21704103 0.69970703 -0.09936521
v -0.21557619 0.70361328 -0.09838865
v -0.21215822 0.68750000 -0.05297850
v -0.20483400 0.69189453 -0.05004881
v -0.19653322 0.70605469 -0.05249022
v -0.20092775 0.70605469 -0.03588865
v -0.20483400 0.69189453 -0.05786131
v -0.20434572 0.69384766 -0.06079100
v -0.19702150 0.70605469 -0.06665038
v -0.19946291 0.66845703 -0.11303709
v -0.20092776 0.66894531 -0.11596677
v -0.21850587 0.69824219 -0.09643552
v -0.21899416 0.69628906 -0.09301756
v -0.20532228 0.69726562 -0.09008787
v -0.21069337 0.69580078 -0.09594724
v -0.20483400 0.69677734 -0.09252927
v -0.21118166 0.69433594 -0.09252927
v -0.21948244 0.70117188 -0.10327146
v -0.22241214 0.70214844 -0.10375974
v -0.22338869 0.70117188 -0.10083006
v -0.22045901 0.70800781 -0.10473631
v -0.21752933 0.70703125 -0.10424802
v -0.19653322 0.70751953 -0.08129881
v -0.20385744 0.69824219 -0.09594724
v -0.07983399 0.58496094 -0.03100585
v -0.07104493 0.58203125 -0.03149413
v -0.06225587 0.57910156 -0.03247070
v -0.05346680 0.56445312 -0.03784179
v -0.05688477 0.57324219 -0.03540039
v -0.05151368 0.55078125 -0.04028320
v -0.09497071 0.59423828 -0.03100585
v -0.10083009 0.59765625 -0.02612304
v -0.05834962 0.57568359 -0.04272461
v -0.06176759 0.57714844 -0.04565429
v -0.06420899 0.58203125 -0.04028320
v -0.02368165 0.52099609 -0.06469727
v -0.03051759 0.52636719 -0.06567382
v -0.02465821 0.52636719 -0.07202148
v -0.03979494 0.62841797 -0.09838867
v -0.03735353 0.63085938 -0.09838867
v -0.03393557 0.62890625 -0.10424805
v -0.09448244 0.65087891 -0.06713866
v -0.09741212 0.65185547 -0.06372070
v -0.09155275 0.65234375 -0.06030273
v -0.04028322 0.66845703 -0.07788086
v -0.04223635 0.67187500 -0.08081055
v -0.03198244 0.67285156 -0.08618164
v -0.08715823 0.71484375 -0.10961913
v -0.07104494 0.69384766 -0.09252930
v -0.06616213 0.69140625 -0.09301758
v -0.11059573 0.72265625 -0.11010741
v -0.11401369 0.72412109 -0.10620116
v -0.05639651 0.71923828 -0.09301758
v -0.05297854 0.73144531 -0.08813477
v -0.04711916 0.71923828 -0.09887695
v -0.13208011 0.77490234 -0.14428711
v -0.06420901 0.77294922 -0.16137695
v -0.06811526 0.69433594 -0.11206055
v -0.08666994 0.71679688 -0.11450195
v 0.00024412 0.69140625 -0.09301759
v 0.06616209 0.69140625 -0.09301759
v 0.08715818 0.71484375 -0.09057619
v -0.06616213 0.69140625 -0.10766602
v -0.07104494 0.69384766 -0.10815430
v -0.16577151 0.78613281 -0.10961913
v -0.16186526 0.80468750 -0.06909179
v -0.17016605 0.77783203 -0.07836913
v -0.15698245 0.81640625 -0.08032226
v -0.12622072 0.82373047 -0.05102539
v -0.12622072 0.79394531 -0.02416992
v -0.12622072 0.80859375 -0.01391601
v -0.12622072 0.82617188 -0.01098633
v -0.12622072 0.78564453 -0.03979492
v -0.12622072 0.84277344 -0.01586914
v -0.12622072 0.78466797 -0.05786132
v -0.12622073 0.79150391 -0.07397461
v -0.12622072 0.85644531 -0.02758789
v -0.12622072 0.86328125 -0.04418945
v -0.12622073 0.86230469 -0.06176758
v -0.12622073 0.85351562 -0.07739258
v -0.12622073 0.80468750 -0.08618164
v -0.12622073 0.82177734 -0.09106445
v -0.12622073 0.83886719 -0.08813477
v -0.13647464 0.80273438 -0.08862305
v -0.13354495 0.88818359 -0.04370117
v -0.13452151 0.86523438 -0.06274414
v -0.13500978 0.86621094 -0.04370117
v -0.13842776 0.89160156 -0.05639648
v -0.13989259 0.89013672 -0.03979492
v -0.14331056 0.86083984 -0.04907226
v -0.13891605 0.88232422 -0.08715820
v -0.13793948 0.88818359 -0.07299805
v -0.14331058 0.85742188 -0.06567382
v -0.13354495 0.89062500 -0.10327148
v -0.13452151 0.85595703 -0.07983398
v -0.16333011 0.79296875 -0.11450195
v -0.15405276 0.82519531 -0.11352538
v -0.15112308 0.83154297 -0.08325195
v -0.15063480 0.85839844 -0.11401366
v -0.14721683 0.86962891 -0.10864257
v -0.14428714 0.85937500 -0.10668945
v -0.14135745 0.87158203 -0.09936523
v -0.14624026 0.84667969 -0.07788085
v -0.02709963 0.89453125 -0.00561525
v -0.03002932 0.89501953 -0.00610353
v -0.02758791 0.89306641 -0.00708009
v -0.04711916 0.92871094 -0.02319337
v -0.04760744 0.93017578 -0.02661134
v -0.04809573 0.90869141 -0.04174806
v -0.04663088 0.92626953 -0.02124025
v -0.04321291 0.93261719 -0.01977540
v -0.04858401 0.91357422 -0.04467775
v -0.04711916 0.93750000 -0.02416993
v -0.03735354 0.93457031 -0.03149416
v -0.04467776 0.93408203 -0.02563478
v -0.03833010 0.91748047 -0.01293947
v -0.02709963 0.90722656 -0.00122072
v -0.02954103 0.90673828 -0.00170900
v -0.03930666 0.93261719 -0.01977540
v -0.03735354 0.95605469 -0.02758791
v -0.03833010 0.93652344 -0.03833009
v -0.04565432 0.90576172 -0.04516603
v -0.04663089 0.91308594 -0.04956056
v -0.04028323 0.91357422 -0.05102541
v -0.04321292 0.92480469 -0.07641602
v -0.03930667 0.93408203 -0.04418947
v -0.05590823 0.92626953 -0.05395509
v -0.05590823 0.96289062 -0.05395509
v -0.05590823 0.96484375 -0.06274416
v -0.05590823 0.92431641 -0.06274415
v -0.05590823 0.96289062 -0.07153322
v -0.05590823 0.92626953 -0.07153322
v -0.04223635 0.96093750 -0.05541994
v -0.04370120 0.95458984 -0.07348634
v -0.04028323 0.98095703 -0.05053713
v -0.04125980 0.98046875 -0.05981447
v -0.04370120 0.96093750 -0.06860353
v -0.03930667 0.93750000 -0.09448244
v -0.03393558 0.92333984 -0.07788087
v -0.03540041 0.95849609 -0.01538088
v -0.03540041 0.96093750 -0.01733400
v -0.03588869 0.96630859 -0.02124025
v -0.03637698 0.97167969 -0.02661134
v -0.03735354 0.97656250 -0.03344728
v -0.03881839 0.97949219 -0.04125978
v -0.01977541 0.90283203 -0.04663087
v -0.02319339 0.93164062 -0.09350588
v -0.01831058 0.93994141 -0.10717776
v -0.00903323 0.93017578 -0.09448244
v -0.03393558 0.93896484 -0.10034181
v -0.02661136 0.93994141 -0.10522463
v -0.00903324 0.94091797 -0.11010744
v -0.04223636 0.97900391 -0.06860353
v -0.04272464 0.97558594 -0.07690431
v -0.04223636 0.97119141 -0.08374025
v -0.05590823 0.95703125 -0.07836916
v -0.05590823 0.93212891 -0.07836916
v -0.01733402 0.94091797 -0.10864260
v 0.12231448 0.04443359 0.02807618
v 0.11694338 0.02929688 0.01147461
v 0.11694338 0.00537109 0.01391602
v 0.15063481 0.00585938 0.14916992
v 0.12231448 0.02978516 0.00366211
v 0.12133791 0.02343750 0.00219727
v 0.12329104 0.03466797 0.00708008
v 0.14331058 0.04296875 0.10864258
v 0.12719730 0.04980469 0.02758789
v 0.12719730 0.04931641 0.02319336
v 0.15649419 0.03125000 0.14916992
v 0.15551762 0.03320312 0.14721680
v 0.15844731 0.00683594 0.16088867
v 0.21850587 0.03125000 -0.01684571
v 0.22680666 0.03076172 -0.01147462
v 0.21899416 0.02490234 -0.01831055
v 0.21899416 0.03613281 -0.01342774
v 0.14819339 0.04785156 0.10571289
v 0.15063480 0.05078125 0.11108398
v 0.13549808 0.10839844 0.05688477
v 0.11743166 0.06982422 0.00659180
v 0.12036135 0.06787109 0.01196289
v 0.14916995 0.10107422 0.05151367
v 0.14428714 0.10888672 0.06127930
v 0.13989261 0.10498047 0.05786133
v 0.10522462 0.10156250 -0.01391601
v 0.12231448 0.18994141 0.04565430
v 0.10961916 0.25878906 0.04516601
v 0.07543945 0.21923828 -0.07104491
v 0.08471680 0.17675781 -0.05639648
v 0.10180666 0.10937500 -0.02221679
v 0.07153320 0.24169922 -0.07543945
v 0.06811523 0.26611328 -0.07592773
v 0.09838868 0.11621094 -0.04321288
v 0.24145512 0.00634766 0.14379881
v 0.24340825 0.00488281 0.13012694
v 0.23950200 0.03076172 0.13256834
v 0.23950200 0.03271484 0.13012694
v 0.23803714 0.04248047 0.09204101
v 0.23266605 0.04736328 0.09106445
v 0.23266605 0.04980469 0.09692382
v 0.22729494 0.04589844 0.00561522
v 0.22827150 0.00683594 -0.00952149
v 0.15551761 0.05908203 0.10083008
v 0.15258792 0.05566406 0.09838867
v 0.15600589 0.05615234 0.10229492
v 0.15356448 0.04687500 0.09545898
v 0.13549808 0.04931641 0.03051758
v 0.13842776 0.04687500 0.02807617
v 0.22290042 0.04687500 0.08032226
v 0.21118166 0.04785156 0.01245116
v 0.21508791 0.05078125 0.01440429
v 0.14086916 0.01757812 0.00756836
v 0.14184572 0.04248047 0.01391602
v 0.12915041 0.07177734 -0.01879883
v 0.14282228 0.07275391 -0.02075195
v 0.15551759 0.04296875 0.01147461
v 0.15454103 0.01757812 0.00512695
v 0.22094728 0.05078125 0.00317382
v 0.22241212 0.05078125 0.00756835
v 0.13500978 0.05566406 0.02075195
v 0.13403322 0.05859375 0.02270508
v 0.13891603 0.06005859 0.01879883
v 0.13745119 0.05322266 0.01879883
v 0.21118166 0.05761719 0.00463866
v 0.20776369 0.05468750 0.00366210
v 0.20629884 0.06152344 0.00463866
v 0.21264650 0.06054688 0.00659179
v 0.14428714 0.09619141 0.05004883
v 0.14770511 0.09863281 0.05102539
v 0.14819339 0.09472656 0.04370117
v 0.20922855 0.09912109 0.03784179
v 0.20336916 0.09716797 0.03344726
v 0.20629886 0.10107422 0.04028320
v 0.21264651 0.11035156 0.04223632
v 0.20922855 0.11376953 0.04711913
v 0.20288089 0.10449219 0.03979491
v 0.22485355 0.05566406 0.08276366
v 0.22290042 0.05859375 0.08666991
v 0.22338870 0.05615234 0.08813476
v 0.19018556 0.04296875 0.00415039
v 0.18383791 0.07470703 -0.02758790
v 0.18920900 0.01757812 -0.00219727
v 0.20385744 0.04345703 0.00170898
v 0.20239259 0.01806641 -0.00463868
v 0.19750978 0.07568359 -0.02954102
v 0.22045900 0.08007812 -0.01440431
v 0.21752931 0.11718750 -0.03588869
v 0.21557619 0.11474609 0.03979491
v 0.22045900 0.07763672 -0.00805665
v 0.20190431 0.20068359 0.02807616
v 0.21508791 0.12548828 -0.04418947
v 0.20239258 0.19433594 -0.07983400
v 0.11547853 0.30419922 0.05249023
v 0.10961916 0.30224609 0.05151366
v 0.11743166 0.26123047 0.05004882
v 0.17700197 0.27050781 0.04125975
v 0.18676759 0.27148438 0.03442381
v 0.17358400 0.29980469 0.04272459
v 0.19262697 0.27148438 0.02709959
v 0.19458008 0.23730469 -0.09448243
v 0.19067383 0.25976562 -0.09838869
v 0.18627930 0.28417969 -0.09887697
v 0.20825197 0.13183594 -0.06420900
v 0.11499025 0.38085938 0.07446288
v 0.12280275 0.38134766 0.07739257
v 0.12133791 0.38623047 0.07543945
v 0.11889650 0.30224609 0.04125976
v 0.12377931 0.29980469 0.03588866
v 0.12817384 0.29394531 0.04223632
v 0.16528322 0.29882812 0.03442381
v 0.16528322 0.30468750 0.02758788
v 0.17163087 0.30859375 0.03051756
v 0.06469727 0.32763672 -0.06225586
v 0.06958008 0.33740234 -0.07446289
v 0.06958008 0.32373047 -0.07983398
v 0.08959962 0.34423828 0.02124023
v 0.09594727 0.34863281 0.02124023
v 0.09399415 0.34863281 0.01049804
v 0.11450195 0.35302734 -0.08862305
v 0.07788086 0.34619141 -0.07495117
v 0.17163086 0.35986328 -0.00317384
v 0.08666993 0.37451172 0.01977539
v 0.09008790 0.37353516 0.01245117
v 0.09545899 0.36718750 0.01586913
v 0.08129884 0.39843750 0.03344726
v 0.07397462 0.39843750 0.01684570
v 0.07397461 0.39794922 -0.01000977
v 0.08129884 0.34765625 -0.01049805
v 0.08227540 0.35546875 -0.00073243
v 0.07690430 0.39062500 -0.00073243
v 0.07446289 0.40283203 -0.00463868
v 0.09545899 0.39648438 0.00122070
v 0.07788087 0.39550781 0.01049804
v 0.15454102 0.35791016 -0.08911134
v 0.17358398 0.35937500 0.00708006
v 0.18041992 0.35742188 0.00463865
v 0.17163087 0.38720703 0.06079100
v 0.16528322 0.39111328 0.06518553
v 0.16674806 0.38623047 0.06713866
v 0.07055664 0.40869141 -0.03979493
v 0.08911133 0.40576172 -0.04370118
v 0.07006836 0.40820312 -0.02856446
v 0.08422852 0.54199219 0.05981444
v 0.07934571 0.54443359 0.05737303
v 0.06665040 0.52929688 0.05590820
v 0.16381836 0.38476562 -0.00366213
v 0.16967773 0.38671875 0.00170897
v 0.16333008 0.37646484 0.00122069
v 0.16430664 0.35205078 -0.09204103
v 0.17602539 0.34423828 -0.08325197
v 0.16577148 0.33837891 -0.09790041
v 0.16821289 0.41357422 -0.00415041
v 0.16918945 0.40966797 0.01538084
v 0.24194337 0.40234375 0.05981442
v 0.23999025 0.40478516 0.06079099
v 0.23706056 0.40332031 0.05590818
v 0.23803712 0.40820312 0.05932615
v 0.24877931 0.42138672 0.05834958
v 0.25073242 0.42089844 0.06274411
v 0.25463867 0.41796875 0.05737302
v 0.25561523 0.41748047 0.06469724
v 0.22241212 0.47558594 0.05639645
v 0.22973634 0.47314453 0.06030270
v 0.23071291 0.47460938 0.04956052
v 0.23510744 0.46972656 0.05834958
v 0.22973634 0.40527344 0.02807615
v 0.23364259 0.40283203 0.03247068
v 0.23266603 0.40527344 0.03393552
v 0.23217775 0.41015625 0.03295896
v 0.23510744 0.40136719 0.02758786
v 0.23217775 0.41162109 0.03002927
v 0.23510744 0.40283203 0.02514646
v 0.23461914 0.40771484 0.02368161
v 0.23364258 0.41015625 0.02514646
v 0.24291994 0.40136719 0.05541989
v 0.24243166 0.40234375 0.05249020
v 0.23999025 0.40625000 0.05102536
v 0.23754884 0.40966797 0.05688474
v 0.23852541 0.40820312 0.05249021
v 0.25024414 0.41992188 0.05200192
v 0.26098633 0.41357422 0.05639645
v 0.25903320 0.41552734 0.06274410
v 0.25366211 0.41748047 0.05004880
v 0.25903320 0.41455078 0.05200192
v 0.24877931 0.41992188 0.03442380
v 0.25024414 0.41796875 0.03930661
v 0.25415039 0.41455078 0.03295895
v 0.25415039 0.41357422 0.04125974
v 0.25073242 0.41796875 0.02709958
v 0.24975587 0.41650391 0.03393552
v 0.25756836 0.40917969 0.03735349
v 0.25073242 0.41552734 0.03735349
v 0.25903320 0.40820312 0.03149411
v 0.25122070 0.41552734 0.02807614
v 0.25512695 0.41162109 0.03930661
v 0.25756836 0.40917969 0.02807614
v 0.25366211 0.41308594 0.02661130
v 0.25756836 0.41015625 0.03930661
v 0.25952148 0.40869141 0.03198239
v 0.25805664 0.41015625 0.02758786
v 0.25366211 0.41455078 0.02514645
v 0.25219727 0.41992188 0.01586911
v 0.25561523 0.41601562 0.01782224
v 0.25610352 0.41699219 0.01049802
v 0.25170898 0.42187500 0.01147458
v 0.23803711 0.40771484 0.00903318
v 0.23754883 0.41015625 0.01049802
v 0.23510742 0.41015625 0.00512693
v 0.23950195 0.40625000 0.00512693
v 0.23706055 0.41406250 0.00952146
v 0.23754883 0.41552734 0.00708005
v 0.23999023 0.40771484 0.00268552
v 0.23950195 0.41210938 0.00170896
v 0.23852539 0.41455078 0.00268552
v 0.25317383 0.42041016 0.00561520
v 0.21752931 0.44628906 0.05297849
v 0.21655275 0.44726562 0.04956052
v 0.22290041 0.44433594 0.04760740
v 0.22436525 0.44384766 0.05151365
v 0.21997072 0.44531250 0.05444333
v 0.21704103 0.44677734 0.04760740
v 0.22338869 0.44384766 0.05297849
v 0.22045900 0.44580078 0.04663083
v 0.21948244 0.47460938 0.05053708
v 0.22241211 0.47119141 0.04321286
v 0.22241211 0.47021484 0.04565427
v 0.22680664 0.46679688 0.04418942
v 0.23364259 0.46435547 0.04809567
v 0.23559572 0.46533203 0.05297849
v 0.22094728 0.47460938 0.05200192
v 0.22973634 0.47265625 0.06030270
v 0.22290041 0.47509766 0.05688474
v 0.23413087 0.46972656 0.05932614
v 0.23510742 0.46582031 0.04516599
v 0.22729492 0.46826172 0.04125974
v 0.23803712 0.46630859 0.05102536
v 0.23852539 0.48876953 0.04516599
v 0.22924805 0.49462891 0.04467770
v 0.23217773 0.49609375 0.05053708
v 0.24096681 0.49316406 0.05493161
v 0.23071289 0.48828125 0.03686520
v 0.24584962 0.48876953 0.05346676
v 0.23559570 0.48388672 0.03540036
v 0.24438477 0.48046875 0.03979489
v 0.24731445 0.48242188 0.04614254
v 0.23803711 0.48535156 0.04467770
v 0.22924805 0.48828125 0.03881833
v 0.23217773 0.48242188 0.03247067
v 0.23754883 0.47949219 0.03442380
v 0.22973633 0.49218750 0.04565427
v 0.24291992 0.47802734 0.03784176
v 0.23461914 0.49267578 0.05151364
v 0.24731445 0.48144531 0.04809567
v 0.24487305 0.48583984 0.05200192
v 0.24682617 0.47802734 0.04223629
v 0.23950195 0.49023438 0.05346677
v 0.25659180 0.41552734 0.06372067
v 0.25170898 0.41845703 0.06225583
v 0.25903320 0.41406250 0.06225583
v 0.25024414 0.41894531 0.05883786
v 0.26049805 0.41259766 0.05688474
v 0.26049805 0.43701172 0.06372067
v 0.26831055 0.43408203 0.06616207
v 0.26635742 0.43457031 0.05688474
v 0.25756836 0.43750000 0.05834958
v 0.27270508 0.43164062 0.06372067
v 0.27465820 0.42968750 0.05590817
v 0.26440430 0.43310547 0.04809567
v 0.25952148 0.43554688 0.05102536
v 0.27172852 0.43017578 0.05102536
v 0.27563477 0.43017578 0.05590817
v 0.26977539 0.43408203 0.06567379
v 0.26245117 0.43603516 0.06323238
v 0.26000977 0.43603516 0.05883786
v 0.27416992 0.43212891 0.06323238
v 0.26147461 0.43408203 0.05151364
v 0.27319336 0.43017578 0.05151364
v 0.25170898 0.41796875 0.05346677
v 0.25463867 0.41601562 0.05200192
v 0.25903320 0.41357422 0.05346677
v 0.26586914 0.43212891 0.04907224
v 0.27026367 0.43017578 0.03344723
v 0.26147461 0.43457031 0.03540036
v 0.26391602 0.43310547 0.04077145
v 0.26342773 0.43261719 0.02661130
v 0.27124023 0.42871094 0.04321286
v 0.26489258 0.43066406 0.04028317
v 0.26245117 0.43164062 0.03588864
v 0.27563477 0.42480469 0.03979489
v 0.27172852 0.42724609 0.04223629
v 0.27709961 0.42333984 0.03247067
v 0.26391602 0.43017578 0.02856442
v 0.27612305 0.42578125 0.04077145
v 0.27807617 0.42382812 0.03247067
v 0.27563477 0.42529297 0.02661130
v 0.26782227 0.42968750 0.02416989
v 0.27465820 0.42431641 0.02807614
v 0.26782227 0.42822266 0.02612302
v 0.25854492 0.41308594 0.01586911
v 0.26000977 0.41162109 0.00952145
v 0.25610352 0.41748047 0.00366208
v 0.25952148 0.41308594 0.00561520
v 0.25219727 0.41894531 0.01538083
v 0.25756836 0.41308594 0.01489255
v 0.25561523 0.41503906 0.01684567
v 0.25170898 0.42041016 0.01196286
v 0.25952148 0.41210938 0.01000973
v 0.27026367 0.42919922 0.01391598
v 0.26293945 0.43408203 0.01489255
v 0.26489258 0.43212891 0.01977536
v 0.27075195 0.42724609 0.02221677
v 0.26538086 0.43261719 0.00756833
v 0.27465820 0.42431641 0.01977536
v 0.26928711 0.42968750 0.00512692
v 0.27661133 0.42285156 0.01245114
v 0.27514648 0.42480469 0.00756833
v 0.25317383 0.41992188 0.00659177
v 0.25854492 0.41357422 0.00659177
v 0.25561523 0.41748047 0.00512692
v 0.27661133 0.42382812 0.01928708
v 0.26684570 0.43017578 0.01928708
v 0.26489258 0.43164062 0.01489255
v 0.27856445 0.42285156 0.01245114
v 0.26684570 0.43066406 0.00805661
v 0.27270508 0.42626953 0.02172848
v 0.27075195 0.42822266 0.00561520
v 0.27661133 0.42431641 0.00805661
v 0.27465820 0.43603516 -0.00610355
v 0.27465820 0.43408203 -0.00024417
v 0.27709961 0.43212891 -0.00219730
v 0.26879883 0.43798828 -0.00170902
v 0.27319336 0.43359375 0.00024411
v 0.27319336 0.43554688 -0.00659183
v 0.27661133 0.43115234 -0.00170902
v 0.27075195 0.43750000 -0.00170902
v 0.27026367 0.43750000 -0.01000980
v 0.27270508 0.43554688 -0.01147464
v 0.27661133 0.43212891 -0.01049808
v 0.27807617 0.43115234 -0.00708011
v 0.26928711 0.43847656 -0.00463870
v 0.27807617 0.43066406 -0.00805667
v 0.26342773 0.46289062 0.05249020
v 0.27319336 0.45263672 0.05102536
v 0.26782227 0.46435547 0.05786129
v 0.27124023 0.45263672 0.02465817
v 0.26928711 0.45800781 0.02270504
v 0.26928711 0.45800781 0.02221676
v 0.25659180 0.48388672 0.04760739
v 0.25512695 0.49267578 0.04809567
v 0.26977539 0.47460938 0.01586911
v 0.26098633 0.48193359 0.04614254
v 0.28100586 0.44433594 0.00366207
v 0.27319336 0.45117188 -0.00512699
v 0.27758789 0.45068359 -0.00903324
v 0.28881836 0.44921875 -0.00756839
v 0.29125977 0.44873047 -0.00122074
v 0.26831055 0.50097656 0.01586911
v 0.24829102 0.51953125 0.01831052
v 0.24877930 0.52343750 0.02563473
v 0.25268555 0.52294922 0.03100582
v 0.26000977 0.52001953 0.03588864
v 0.25903320 0.50488281 0.01000973
v 0.27124023 0.50292969 0.02368161
v 0.25170898 0.51171875 0.01098629
v 0.03198243 0.53955078 0.08276366
v 0.03881837 0.54443359 0.08032226
v 0.03637696 0.51806641 0.04858398
v 0.05346680 0.58349609 0.06860351
v 0.03735352 0.53125000 0.06665038
v 0.05297852 0.58349609 0.07983398
v 0.05297852 0.59033203 0.07983397
v 0.05200195 0.57812500 0.01049804
v 0.03344727 0.51611328 0.01000976
v 0.04370118 0.62548828 0.07983397
v 0.04125977 0.62792969 0.07983397
v 0.06176757 0.59472656 -0.00952150
v 0.05688477 0.58251953 0.06762695
v 0.05249024 0.58642578 0.06567381
v 0.04809569 0.58642578 -0.08422853
v 0.05249022 0.58300781 -0.08666993
v 0.07641602 0.54687500 0.03051757
v 0.05493164 0.52490234 0.02661132
v 0.05786133 0.52978516 0.04223632
v 0.06567384 0.53857422 0.04956054
v 0.07397462 0.54833984 0.04956053
v 0.08325195 0.57470703 0.03344725
v 0.08471680 0.57568359 0.02124022
v 0.04467773 0.52978516 -0.02758790
v 0.04760742 0.52343750 -0.00952149
v 0.06372070 0.54785156 -0.02270509
v 0.03442383 0.71337891 0.07543944
v 0.02661133 0.63085938 0.06127929
v 0.03833008 0.67138672 0.06176757
v 0.03247070 0.63281250 0.05737304
v 0.05395508 0.67285156 0.04809569
v 0.07495117 0.56250000 0.04907225
v 0.07690430 0.57177734 0.04663084
v 0.08032227 0.57763672 0.04272459
v 0.08666992 0.58056641 0.03833006
v 0.09350586 0.58349609 0.03442381
v 0.09448242 0.58496094 0.02416991
v 0.09399414 0.58544922 0.01538084
v 0.07690429 0.57666016 -0.01586915
v 0.06958007 0.57568359 -0.02612306
v 0.08520508 0.58056641 0.04956053
v 0.08129884 0.57421875 0.05346678
v 0.08569337 0.57568359 0.05493163
v 0.10766602 0.59326172 0.02807615
v 0.11108398 0.59667969 0.02026365
v 0.08422851 0.58593750 -0.02270509
v 0.08764648 0.58642578 -0.01440431
v 0.09448242 0.65185547 0.03979490
v 0.09838867 0.65087891 0.04663084
v 0.10083008 0.65136719 0.04321287
v 0.05688477 0.68408203 0.07104491
v 0.06176758 0.68408203 0.07055663
v 0.04565430 0.70556641 0.09301756
v 0.08666992 0.71630859 0.06323240
v 0.06274414 0.77246094 0.11010740
v 0.06225586 0.68017578 0.05541991
v 0.05444336 0.67968750 0.05786131
v 0.04174805 0.70263672 0.07153319
v 0.08813477 0.71435547 0.05786131
v 0.11401366 0.72265625 0.02905271
v 0.03833008 0.70458984 0.07153319
v 0.06518555 0.71582031 0.05102537
v 0.06127929 0.72851562 0.04663084
v 0.05981446 0.77978516 0.11010740
v 0.05444336 0.77392578 0.11108396
v 0.05541992 0.67675781 0.05102538
v 0.11352538 0.72167969 -0.04565432
v 0.13989256 0.76464844 0.00756833
v 0.13403320 0.80371094 0.05151364
v 0.11694335 0.72802734 0.03002927
v 0.11010740 0.72021484 -0.10473635
v 0.13745117 0.80957031 0.04760739
v 0.13305664 0.81152344 0.05249020
v 0.13891600 0.80712891 -0.01098636
v 0.13940428 0.79150391 -0.02221683
v 0.13940428 0.78222656 -0.03881839
v 0.13989256 0.75390625 -0.05737308
v 0.25317383 0.50732422 -0.00415042
v 0.25073242 0.51611328 0.01440426
v 0.24926758 0.51171875 0.00512692
v 0.25854492 0.52001953 0.02368161
v 0.23657227 0.52636719 0.01293942
v 0.23852539 0.51562500 -0.01391605
v 0.24633789 0.52099609 -0.00122074
v 0.24780273 0.52636719 0.00952145
v 0.25024414 0.51660156 -0.01098636
v 0.26440430 0.50390625 -0.01196293
v 0.25659180 0.53125000 0.02026364
v 0.25268555 0.53613281 0.03491208
v 0.23999023 0.53271484 0.02709958
v 0.26293945 0.51220703 -0.02026371
v 0.22924805 0.54394531 0.00366208
v 0.23559570 0.54541016 0.02221676
v 0.23510742 0.55175781 0.02124020
v 0.25170898 0.54248047 0.03344723
v 0.23706055 0.53906250 0.02465817
v 0.23901367 0.55566406 0.02319333
v 0.21606445 0.62402344 -0.00708011
v 0.24145508 0.52392578 -0.04174808
v 0.24145508 0.51953125 -0.03637698
v 0.23168945 0.53076172 -0.02612308
v 0.24877930 0.55859375 0.02758786
v 0.22583006 0.66357422 -0.01489262
v 0.21459959 0.66943359 -0.02612308
v 0.20922850 0.65673828 -0.02221683
v 0.06225584 0.88574219 0.00024412
v 0.05444334 0.87500000 0.01831052
v 0.06420898 0.84960938 0.06079099
v 0.05444334 0.88574219 0.00024412
v 0.05249022 0.86230469 -0.00073244
v 0.01391600 0.88623047 0.01489256
v 0.01196287 0.88281250 0.00903318
v 0.01635741 0.88476562 0.01000975
v 0.01733396 0.89160156 -0.02221682
v 0.02124022 0.90917969 0.00170896
v 0.01782225 0.92041016 0.01489256
v 0.01538084 0.90576172 0.01489256
v 0.02124022 0.88964844 -0.00366213
v 0.02368162 0.89306641 -0.00952150
v 0.02709959 0.89599609 -0.02270510
v 0.01928709 0.91992188 0.01782225
v 0.02807616 0.92285156 0.01147459
v 0.02709959 0.92919922 -0.00610354
v 0.02368162 0.90722656 -0.00317385
v 0.02416990 0.90917969 -0.00366213
v 0.02612303 0.91406250 -0.00756838
v 0.02368162 0.89453125 -0.00756838
v 0.02026366 0.94775391 0.02270506
v 0.03002928 0.94921875 0.01733396
v 0.02026365 0.95654297 0.00561521
v 0.01831053 0.95654297 0.00708006
v 0.02758787 0.90917969 -0.00170901
v 0.02612303 0.95654297 0.00024412
v 0.05249021 0.87548828 -0.03149416
v 0.05493162 0.90185547 -0.03540042
v 0.05249021 0.88232422 -0.06420901
v 0.01879881 0.95703125 0.00512693
v 0.13793944 0.82617188 -0.00756839
v 0.13891600 0.78125000 -0.05834964
v 0.13793942 0.78857422 -0.07592776
v 0.12963864 0.76611328 -0.14135745
v 0.16479491 0.80371094 -0.03686527
v 0.17211913 0.77929688 -0.03149417
v 0.17260741 0.78076172 -0.01635746
v 0.15698241 0.82958984 -0.01879886
v 0.16284178 0.81933594 0.00317379
v 0.15600584 0.84423828 0.00366207
v 0.16430663 0.83935547 0.00952145
v 0.15942381 0.85400391 0.00610348
v 0.15112303 0.86083984 -0.00122074
v 0.25170895 0.83789062 -0.00170903
v 0.26147458 0.81103516 -0.02661137
v 0.24194334 0.86425781 0.00024409
v 0.26147458 0.81201172 -0.01489263
v 0.26000974 0.81640625 -0.00854497
v 0.23706053 0.87695312 -0.00366216
v 0.23315428 0.88867188 -0.00903325
v 0.22924803 0.89941406 -0.01635747
v 0.22583006 0.90722656 -0.02563481
v 0.22436520 0.91162109 -0.03735356
v 0.22338864 0.91308594 -0.05200200
v 0.22387692 0.91064453 -0.06665044
v 0.22534177 0.90625000 -0.08227544
v 0.22827145 0.89697266 -0.09741215
v 0.25805661 0.81005859 -0.08422857
v 0.29516602 0.53417969 0.03393551
v 0.28198242 0.53613281 0.03686520
v 0.28100586 0.53222656 0.02319332
v 0.28344727 0.54248047 0.03637691
v 0.29907227 0.54003906 0.03198238
v 0.29956055 0.54638672 0.03002926
v 0.29321289 0.55664062 0.02905269
v 0.28247070 0.55859375 0.03002926
v 0.26879883 0.52197266 0.02807613
v 0.28686523 0.50488281 -0.01000980
v 0.29028320 0.51708984 0.01879879
v 0.28002930 0.52099609 0.02661129
v 0.27612305 0.50292969 -0.01391605
v 0.29809570 0.52294922 0.00415035
v 0.30200195 0.52832031 0.02026363
v 0.29321289 0.52783203 0.01440426
v 0.29858398 0.55322266 0.02856441
v 0.29272461 0.63964844 -0.00610356
v 0.30737305 0.54736328 0.01147457
v 0.30737305 0.51464844 -0.01391606
v 0.29760742 0.51806641 -0.00659184
v 0.28881836 0.51318359 -0.01782230
v 0.31030273 0.51855469 -0.03686528
v 0.30981445 0.52294922 -0.04174809
v 0.31274414 0.53125000 -0.02563481
v 0.28735352 0.67529297 -0.02221684
v 0.27807617 0.68212891 -0.02514653
v 0.26928711 0.67089844 -0.01391606
v 0.10571291 0.00439453 -0.02807616
v 0.10571291 0.02832031 -0.03002929
v 0.10229494 0.02783203 -0.04565429
v 0.10180666 0.03125000 -0.05883789
v 0.10180665 0.03710938 -0.06958007
v 0.09838868 0.00341797 -0.10278320
v 0.10815431 0.03222656 -0.03051757
v 0.11450197 0.03222656 -0.02661132
v 0.11352541 0.03515625 -0.03247070
v 0.09790041 0.09472656 -0.02465820
v 0.10131837 0.04785156 -0.02319335
v 0.10180666 0.05859375 -0.01489257
v 0.10131837 0.07177734 -0.01245117
v 0.09985353 0.08447266 -0.01586914
v 0.09545900 0.10009766 -0.03637695
v 0.09985353 0.04150391 -0.03491211
v 0.09350587 0.09960938 -0.04956054
v 0.09790041 0.04101562 -0.04809570
v 0.21801759 0.03466797 -0.05297853
v 0.21215822 0.03710938 -0.05249024
v 0.21362306 0.03466797 -0.04711915
v 0.09204102 0.09326172 -0.06127929
v 0.09545900 0.04638672 -0.05981445
v 0.09155274 0.08251953 -0.06909180
v 0.09350587 0.05664062 -0.06860351
v 0.09204102 0.06933594 -0.07202148
v 0.11206055 0.10791016 -0.04663086
v 0.11499024 0.10937500 -0.05688476
v 0.15112306 0.11523438 -0.06958009
v 0.19702150 0.11962891 -0.06323243
v 0.11303712 0.11425781 -0.06274414
v 0.10668946 0.11328125 -0.05737304
v 0.19018555 0.11962891 -0.07104493
v 0.10620118 0.04687500 -0.07495116
v 0.11206055 0.04833984 -0.07299804
v 0.11108399 0.05029297 -0.07836913
v 0.10717774 0.03515625 -0.10668945
v 0.10717774 0.03222656 -0.10815429
v 0.10131837 0.03125000 -0.10229491
v 0.19946291 0.05126953 -0.08959962
v 0.20385742 0.05029297 -0.09350587
v 0.19799805 0.05371094 -0.09497070
v 0.19213867 0.03662109 -0.12475586
v 0.19262695 0.03906250 -0.12280273
v 0.19995117 0.03564453 -0.12133790
v 0.12573242 0.09521484 -0.08178711
v 0.11059571 0.08300781 -0.07299805
v 0.10913087 0.09130859 -0.07836914
v 0.11010743 0.09472656 -0.08032227
v 0.11254884 0.09716797 -0.08178711
v 0.12524414 0.09912109 -0.08374023
v 0.13208008 0.09619141 -0.08276367
v 0.19018555 0.09619141 -0.08862305
v 0.19165039 0.08740234 -0.08325196
v 0.17260742 0.09765625 -0.08764649
v 0.12426759 0.13085938 -0.06372070
v 0.12524416 0.13037109 -0.05834961
v 0.13110353 0.12792969 -0.06274414
v 0.16625977 0.09814453 -0.08715821
v 0.17163086 0.10205078 -0.09008790
v 0.18481445 0.10107422 -0.09106446
v 0.18823242 0.09912109 -0.09057618
v 0.18872070 0.12451172 -0.07739259
v 0.19653320 0.12548828 -0.07446290
v 0.16870117 0.13085938 -0.06811524
v 0.17504883 0.13427734 -0.06567384
v 0.17407227 0.13427734 -0.07104493
v 0.21899416 0.03125000 -0.06811524
v 0.22045900 0.03076172 -0.05297852
v 0.22241212 0.00683594 -0.05200196
v 0.22827150 0.04931641 -0.04614259
v 0.22631837 0.04833984 -0.05932618
v 0.22192384 0.10693359 -0.06127931
v 0.22045900 0.10058594 -0.07299806
v 0.22387697 0.05371094 -0.07153321
v 0.22631837 0.10205078 -0.03588868
v 0.23022462 0.06591797 -0.02661134
v 0.22973634 0.05517578 -0.03442384
v 0.22827150 0.09228516 -0.02709962
v 0.22973634 0.07910156 -0.02368165
v 0.22387697 0.10742188 -0.04809571
v 0.21069337 0.04101562 -0.09008790
v 0.21508791 0.03466797 -0.08032227
v 0.20385742 0.00781250 -0.12329102
v 0.22143556 0.06396484 -0.07983399
v 0.21997070 0.08984375 -0.08081056
v 0.22045900 0.07666016 -0.08325197
v 0.07153320 0.40039062 -0.02221680
v 0.07934571 0.34472656 -0.02270508
v 0.06958008 0.39746094 -0.03442383
v 0.07690430 0.34716797 -0.03491211
v 0.06958008 0.39257812 -0.04760743
v 0.06958008 0.39013672 -0.04956055
v 0.06860352 0.38964844 -0.04418946
v 0.05249023 0.54736328 -0.05053712
v 0.04467773 0.53125000 -0.04516602
v 0.04663085 0.54052734 -0.03833009
v 0.05541991 0.54541016 -0.05541993
v 0.07202148 0.40283203 -0.02270508
v 0.07788086 0.41015625 -0.02563477
v 0.07739258 0.40820312 -0.03051758
v 0.07006836 0.39941406 -0.03540039
v 0.07592773 0.40527344 -0.04028321
v 0.15161133 0.42041016 -0.04418947
v 0.15258789 0.42187500 -0.03930666
v 0.16186523 0.41601562 -0.04028322
v 0.07543945 0.40673828 -0.04174805
v 0.07543945 0.39697266 -0.05053712
v 0.07543945 0.39306641 -0.05346680
v 0.07446289 0.39404297 -0.05883790
v 0.07641602 0.40234375 -0.05639649
v 0.07397461 0.40039062 -0.05444337
v 0.14819336 0.40625000 -0.07250978
v 0.14428711 0.41406250 -0.06909181
v 0.14819336 0.41259766 -0.06811525
v 0.15698242 0.40478516 -0.06616212
v 0.14916992 0.40527344 -0.06713869
v 0.15844727 0.41943359 -0.02368166
v 0.16235352 0.40966797 -0.00903322
v 0.14428711 0.40478516 -0.01000978
v 0.13110352 0.41357422 -0.05249025
v 0.14819336 0.42333984 -0.05737306
v 0.15258789 0.42431641 -0.04760744
v 0.14038086 0.42089844 -0.06420900
v 0.12915039 0.41650391 -0.06762697
v 0.17407227 0.36914062 -0.01879884
v 0.17309570 0.36132812 -0.02856447
v 0.16577148 0.41162109 -0.02807619
v 0.16870117 0.40429688 -0.01879885
v 0.17114258 0.35839844 -0.04077150
v 0.16333008 0.41406250 -0.04028322
v 0.16870117 0.36083984 -0.05297853
v 0.16137695 0.41113281 -0.05249025
v 0.16528320 0.36865234 -0.06225587
v 0.16040039 0.40332031 -0.06225588
v 0.15698242 0.40722656 -0.06372072
v 0.14916992 0.40917969 -0.06420900
v 0.14965820 0.41845703 -0.05541994
v 0.15014648 0.41748047 -0.05395509
v 0.24877930 0.42431641 -0.01000979
v 0.24829102 0.42626953 -0.00903323
v 0.24682617 0.42724609 -0.01293948
v 0.24975586 0.42382812 -0.01342776
v 0.24877930 0.42968750 -0.01000980
v 0.25024414 0.42480469 -0.01538089
v 0.24926758 0.43115234 -0.01147464
v 0.24975586 0.43017578 -0.01489261
v 0.25024414 0.42822266 -0.01635745
v 0.26196289 0.42871094 -0.00903323
v 0.26000977 0.43164062 -0.00512698
v 0.26196289 0.42724609 -0.00366214
v 0.25952148 0.43310547 -0.00805667
v 0.26098633 0.43212891 -0.01342777
v 0.26342773 0.42480469 -0.00512698
v 0.26440430 0.42382812 -0.01000980
v 0.26147461 0.42578125 -0.00463870
v 0.26147461 0.42871094 -0.00512698
v 0.26293945 0.42431641 -0.00610355
v 0.25952148 0.42968750 -0.00561527
v 0.25903320 0.43115234 -0.00756839
v 0.26049805 0.43066406 -0.01196292
v 0.26391602 0.42529297 -0.01245120
v 0.26196289 0.42871094 -0.01342777
v 0.26440430 0.42529297 -0.01342777
v 0.26245117 0.42919922 -0.01489261
v 0.27270508 0.43652344 -0.01342777
v 0.27709961 0.43212891 -0.01147464
v 0.26977539 0.43896484 -0.01147464
v 0.26782227 0.43994141 -0.00561527
v 0.02465819 0.52636719 -0.07202148
v 0.03051757 0.52636719 -0.06567384
v 0.02368163 0.52099609 -0.06469727
v 0.05151366 0.55078125 -0.04028321
v 0.05688476 0.57324219 -0.03540040
v 0.05346679 0.56445312 -0.03784181
v 0.06225585 0.57910156 -0.03247071
v 0.07104491 0.58203125 -0.03149416
v 0.07983398 0.58496094 -0.03100587
v 0.06420898 0.58203125 -0.04028321
v 0.06176757 0.57714844 -0.04565431
v 0.05834960 0.57568359 -0.04272462
v 0.07592773 0.58642578 -0.04125978
v 0.03979490 0.62841797 -0.09838869
v 0.03393553 0.62890625 -0.10424806
v 0.03735350 0.63085938 -0.09838869
v 0.09497070 0.59423828 -0.03100588
v 0.10083007 0.59765625 -0.02612306
v 0.04028318 0.66845703 -0.07788087
v 0.03198240 0.67285156 -0.08618166
v 0.04223631 0.67187500 -0.08081056
v 0.09155272 0.65234375 -0.06030275
v 0.09741209 0.65185547 -0.06372073
v 0.09448241 0.65087891 -0.06713869
v 0.05297849 0.73144531 -0.08813478
v 0.05639646 0.71923828 -0.09301759
v 0.04711912 0.71923828 -0.09887697
v 0.07104490 0.69384766 -0.09252931
v 0.08715818 0.71484375 -0.10961916
v 0.06811521 0.69433594 -0.11206056
v 0.07104490 0.69384766 -0.10815431
v 0.06616209 0.69140625 -0.10766603
v 0.06420895 0.77294922 -0.16137698
v 0.08666990 0.71679688 -0.11450198
v 0.11059568 0.72265625 -0.11010744
v 0.11401365 0.72412109 -0.10620119
v 0.13208005 0.77490234 -0.14428714
v 0.25903320 0.51464844 -0.04174808
v 0.24243164 0.51708984 -0.03442386
v 0.24584961 0.52490234 -0.04614261
v 0.22583006 0.58398438 -0.09252933
v 0.25708008 0.52441406 -0.05053714
v 0.20971678 0.67285156 -0.03344730
v 0.20825194 0.61816406 -0.10034183
v 0.20288084 0.64550781 -0.03735355
v 0.20141600 0.64501953 -0.08569340
v 0.20288084 0.65966797 -0.06127933
v 0.20043944 0.65087891 -0.07397465
v 0.20776366 0.67382812 -0.04907230
v 0.20776366 0.67431641 -0.04125980
v 0.19750975 0.67578125 -0.06713870
v 0.19653319 0.68652344 -0.07446292
v 0.19604491 0.69189453 -0.08618167
v 0.20092772 0.70605469 -0.03588871
v 0.19653319 0.70605469 -0.05249027
v 0.20483397 0.69189453 -0.05004886
v 0.20483397 0.69189453 -0.05786136
v 0.20434569 0.69384766 -0.06079105
v 0.19702147 0.70605469 -0.06665042
v 0.21850584 0.67333984 -0.03344730
v 0.22143553 0.67089844 -0.02758793
v 0.23120116 0.65478516 -0.05297855
v 0.22924803 0.66601562 -0.01831058
v 0.20874022 0.67138672 -0.05834964
v 0.19897459 0.66259766 -0.06665043
v 0.21704100 0.67480469 -0.04077152
v 0.21752928 0.67431641 -0.04858402
v 0.22290038 0.66845703 -0.05883793
v 0.22729489 0.66406250 -0.11743168
v 0.21899413 0.67187500 -0.05688480
v 0.21850584 0.68554688 -0.06274418
v 0.21606444 0.69726562 -0.07250980
v 0.26586914 0.67285156 -0.01782231
v 0.27124023 0.68115234 -0.02612309
v 0.26635742 0.66357422 -0.05346684
v 0.21508788 0.70263672 -0.08666996
v 0.21606444 0.70068359 -0.10229496
v 0.21899411 0.69238281 -0.11694340
v 0.22387692 0.67871094 -0.12866215
v 0.22827145 0.66552734 -0.13354495
v 0.22973631 0.64843750 -0.08666996
v 0.23071288 0.64599609 -0.07104496
v 0.22973631 0.65185547 -0.05590824
v 0.22631834 0.65820312 -0.09936527
v 0.22680663 0.66406250 -0.04565433
v 0.22583006 0.67871094 -0.03881840
v 0.22290038 0.67822266 -0.04272465
v 0.22192381 0.67333984 -0.10424808
v 0.22827147 0.67871094 -0.03637699
v 0.23120116 0.68115234 -0.03930668
v 0.23168944 0.67968750 -0.03588871
v 0.21948241 0.68896484 -0.10522465
v 0.22583006 0.67431641 -0.11059574
v 0.21801756 0.68798828 -0.10180668
v 0.22729491 0.68310547 -0.03588871
v 0.22485350 0.68261719 -0.03930668
v 0.23022459 0.68359375 -0.03540043
v 0.21850584 0.69287109 -0.10375980
v 0.25756836 0.69140625 -0.03637699
v 0.25756836 0.68847656 -0.04028324
v 0.26049805 0.69238281 -0.03735356
v 0.26147461 0.68798828 -0.03735356
v 0.25854492 0.68701172 -0.03686528
v 0.26391602 0.68945312 -0.04028324
v 0.26293945 0.69335938 -0.04077153
v 0.26635742 0.69042969 -0.04418949
v 0.27319336 0.68603516 -0.03247075
v 0.27368164 0.68798828 -0.03979497
v 0.27368164 0.68750000 -0.04711919
v 0.27124020 0.67968750 -0.05981450
v 0.26635739 0.67236328 -0.11791997
v 0.21704100 0.70312500 -0.03295902
v 0.21166991 0.70849609 -0.02905277
v 0.20532225 0.70703125 -0.03100589
v 0.21166991 0.68945312 -0.04907230
v 0.21801756 0.69140625 -0.04858402
v 0.21215819 0.68750000 -0.05297855
v 0.25805664 0.71533203 -0.03491215
v 0.26245114 0.70458984 -0.05053715
v 0.26879880 0.70654297 -0.05151371
v 0.22094725 0.68994141 -0.05346683
v 0.22045897 0.69042969 -0.05932621
v 0.21997069 0.69238281 -0.06225590
v 0.25463864 0.72119141 -0.07055668
v 0.25952145 0.70410156 -0.06372075
v 0.25561523 0.71386719 -0.03588872
v 0.21557616 0.70361328 -0.09838871
v 0.21704100 0.69970703 -0.09936527
v 0.21655272 0.69873047 -0.09350590
v 0.19799803 0.68115234 -0.10913089
v 0.20092772 0.65576172 -0.10913090
v 0.20190428 0.64697266 -0.09936527
v 0.19702147 0.68994141 -0.09936526
v 0.19946288 0.66845703 -0.11303715
v 0.20092770 0.66894531 -0.11596683
v 0.22241208 0.69042969 -0.10864262
v 0.22583006 0.69189453 -0.10620121
v 0.22583005 0.69140625 -0.10961918
v 0.26782224 0.69677734 -0.06372075
v 0.26538083 0.70800781 -0.07397465
v 0.26391599 0.71289062 -0.08813481
v 0.26342770 0.71093750 -0.10327153
v 0.26391599 0.70166016 -0.11743169
v 0.26440427 0.68701172 -0.12915044
v 0.26538083 0.67285156 -0.13354497
v 0.20532225 0.69726562 -0.09008793
v 0.20239256 0.70703125 -0.08032230
v 0.19653319 0.70751953 -0.08129886
v 0.21118163 0.69433594 -0.09008793
v 0.21411131 0.71044922 -0.08081058
v 0.21069334 0.69580078 -0.09594730
v 0.21118163 0.69433594 -0.09252933
v 0.20483397 0.69677734 -0.09252933
v 0.20385741 0.69824219 -0.09594730
v 0.21899413 0.69677734 -0.09057621
v 0.20971678 0.69726562 -0.09838871
v 0.21850584 0.69824219 -0.09643558
v 0.21899413 0.69628906 -0.09301762
v 0.22338866 0.70117188 -0.10083012
v 0.21948241 0.70117188 -0.10327152
v 0.21752927 0.70703125 -0.10424808
v 0.24926755 0.72070312 -0.10864262
v 0.25610349 0.70751953 -0.09204106
v 0.25317380 0.72167969 -0.08227543
v 0.20678708 0.71386719 -0.10961918
v 0.20043942 0.71191406 -0.10668949
v 0.22143552 0.69433594 -0.10717777
v 0.22045895 0.70800781 -0.10473637
v 0.22241208 0.70214844 -0.10375980
v 0.22436520 0.69531250 -0.10815433
v 0.25122067 0.72216797 -0.11059574
v 0.26293942 0.71289062 -0.10034184
v 0.25610349 0.71093750 -0.10083012
v 0.25512692 0.72802734 -0.11157230
v 0.26147458 0.72998047 -0.10961919
v 0.25268552 0.71044922 -0.10424808
v 0.24926755 0.70996094 -0.10473637
v 0.24877927 0.70849609 -0.10180668
v 0.24780270 0.71582031 -0.10571293
v 0.25073239 0.71630859 -0.10522465
v 0.25463864 0.71484375 -0.09985355
v 0.25659177 0.71093750 -0.10083012
v 0.25170895 0.69921875 -0.10717777
v 0.25122067 0.70263672 -0.10913090
v 0.25463864 0.70361328 -0.10864262
v 0.25805661 0.70361328 -0.10522465
v 0.25952145 0.70019531 -0.10668950
v 0.25561520 0.69970703 -0.10961918
v 0.25268552 0.69873047 -0.11010746
v 0.26147458 0.70019531 -0.10327153
v 0.25317380 0.72363281 -0.09448246
v 0.25170895 0.72412109 -0.09985355
v 0.02709959 0.89453125 -0.00561526
v 0.02758787 0.89306641 -0.00708010
v 0.03002928 0.89501953 -0.00610354
v 0.02954100 0.90673828 -0.00170901
v 0.02709959 0.90722656 -0.00122072
v 0.03930662 0.93261719 -0.01977541
v 0.03442381 0.93066406 -0.01196291
v 0.03295897 0.91748047 -0.01293948
v 0.01977537 0.90283203 -0.04663088
v 0.02319333 0.93164062 -0.09350588
v 0.03393552 0.92333984 -0.07788088
v 0.00903317 0.93017578 -0.09448244
v 0.01831051 0.93994141 -0.10717776
v 0.00903317 0.94091797 -0.11010744
v 0.03930661 0.93750000 -0.09448245
v 0.02661129 0.93994141 -0.10522463
v 0.03393551 0.93896484 -0.10034183
v 0.04321286 0.92480469 -0.07641604
v 0.04565427 0.90576172 -0.04516604
v 0.04028318 0.91357422 -0.05102541
v 0.04663083 0.91308594 -0.04956057
v 0.03930661 0.93408203 -0.04418948
v 0.04711912 0.92871094 -0.02319338
v 0.04321287 0.93261719 -0.01977541
v 0.04663084 0.92626953 -0.02124026
v 0.04809568 0.90869141 -0.04174807
v 0.04760740 0.93017578 -0.02661135
v 0.04467771 0.93408203 -0.02563479
v 0.03735349 0.93457031 -0.03149416
v 0.04711912 0.93750000 -0.02416995
v 0.04858396 0.91357422 -0.04467776
v 0.03833006 0.93652344 -0.03833010
v 0.03735349 0.95605469 -0.02758792
v 0.04223630 0.96093750 -0.05541994
v 0.03540037 0.96093750 -0.01733401
v 0.03540037 0.95849609 -0.01538088
v 0.03588865 0.96630859 -0.02124026
v 0.03637693 0.97167969 -0.02661135
v 0.03735349 0.97656250 -0.03344729
v 0.04028318 0.98095703 -0.05053714
v 0.03881833 0.97949219 -0.04125979
v 0.04370114 0.95458984 -0.07348636
v 0.04125974 0.98046875 -0.05981448
v 0.04370114 0.96093750 -0.06860355
v 0.05590818 0.93212891 -0.04663089
v 0.05590818 0.92626953 -0.05395510
v 0.05590818 0.96289062 -0.05395510
v 0.05590818 0.95703125 -0.04663089
v 0.05590817 0.96484375 -0.06274417
v 0.05590818 0.92431641 -0.06274416
v 0.05590817 0.92626953 -0.07153323
v 0.05590817 0.96289062 -0.07153323
v 0.04272458 0.97558594 -0.07690433
v 0.04223630 0.97900391 -0.06860355
v 0.04223630 0.97119141 -0.08374026
v 0.01733395 0.94091797 -0.10864260
v 0.01977536 0.94091797 -0.10815432
v 0.12622069 0.80859375 -0.01391605
v 0.12622069 0.79394531 -0.02416995
v 0.12622069 0.82373047 -0.05102542
v 0.12622069 0.82617188 -0.01098636
v 0.12622069 0.78564453 -0.03979495
v 0.12622069 0.84277344 -0.01586917
v 0.12622069 0.78466797 -0.05786135
v 0.12622067 0.79150391 -0.07397464
v 0.12622069 0.85644531 -0.02758792
v 0.12622069 0.86328125 -0.04418948
v 0.12622067 0.86230469 -0.06176761
v 0.12622067 0.85351562 -0.07739261
v 0.12622067 0.80468750 -0.08618167
v 0.12622067 0.82177734 -0.09106448
v 0.12622067 0.83886719 -0.08813480
v 0.13647458 0.80273438 -0.08862308
v 0.16479491 0.80029297 -0.05346683
v 0.17016599 0.77783203 -0.07836918
v 0.16186520 0.80468750 -0.06909183
v 0.16577145 0.78613281 -0.10961918
v 0.15698239 0.81640625 -0.08032230
v 0.13500975 0.86621094 -0.04370121
v 0.13452145 0.86523438 -0.06274417
v 0.13354489 0.88818359 -0.04370121
v 0.13452145 0.85595703 -0.07983401
v 0.13354489 0.89062500 -0.10327151
v 0.14331053 0.86083984 -0.04907230
v 0.13989256 0.89013672 -0.03979496
v 0.13842770 0.89160156 -0.05639652
v 0.13891599 0.88232422 -0.08715823
v 0.14624020 0.84667969 -0.07788090
v 0.14331052 0.85742188 -0.06567387
v 0.13793942 0.88818359 -0.07299808
v 0.16333005 0.79296875 -0.11450199
v 0.14135739 0.87158203 -0.09936526
v 0.14428708 0.85937500 -0.10668949
v 0.14721677 0.86962891 -0.10864262
v 0.15063474 0.85839844 -0.11401371
v 0.24243161 0.85449219 -0.11694340
v 0.25415036 0.81738281 -0.11547856
v 0.25219724 0.82324219 -0.11840825
v 0.23168942 0.88574219 -0.10717778
v 0.22631833 0.88281250 -0.11401372
v 0.22290036 0.89306641 -0.10668950
v 0.21997067 0.90234375 -0.09643559
v 0.29614258 0.51464844 -0.04223637
v 0.29516602 0.52441406 -0.05053715
v 0.30541992 0.52441406 -0.04614262
v 0.30981445 0.51611328 -0.03491215
v 0.30297849 0.59423828 -0.09301762
v 0.30395505 0.63623047 -0.10034184
v 0.29858395 0.66455078 -0.08471684
v 0.29809570 0.66796875 -0.03686528
v 0.28149414 0.68750000 -0.03198247
v 0.27026367 0.67626953 -0.04760747
v 0.26586911 0.68554688 -0.10571294
v 0.27368161 0.68408203 -0.05786137
v 0.26489258 0.69433594 -0.04467778
v 0.28344727 0.68945312 -0.04711919
v 0.29370114 0.68017578 -0.06176762
v 0.28393552 0.68603516 -0.05981450
v 0.29711911 0.67138672 -0.07299809
v 0.28295898 0.68945312 -0.03930669
v 0.29370114 0.68359375 -0.06713872
v 0.28979489 0.69628906 -0.06860356
v 0.28540036 0.71044922 -0.08911137
v 0.28686520 0.70654297 -0.07690434
v 0.29858395 0.66503906 -0.09790044
v 0.28881833 0.69775391 -0.11108403
v 0.28588864 0.70703125 -0.10180669
v 0.26928708 0.70458984 -0.05541996
v 0.27319333 0.71191406 -0.05297856
v 0.27270505 0.71240234 -0.06079106
v 0.27172849 0.72851562 -0.05541997
v 0.26977536 0.72607422 -0.03930669
v 0.27172849 0.71386719 -0.06372075
v 0.27075192 0.72753906 -0.06958012
v 0.29223630 0.68457031 -0.11352544
v 0.29174802 0.68652344 -0.11694340
v 0.26293942 0.71093750 -0.09838872
v 0.26733395 0.71679688 -0.09838872
v -0.27172852 0.43750000 0.06762699
v -0.27709961 0.43505859 0.06469730
v -0.26977539 0.43408203 0.06567387
v -0.27905273 0.43212891 0.05444340
v -0.27563477 0.43017578 0.05590824
v -0.27563477 0.45800781 0.06420902
v -0.28198242 0.45605469 0.06079106
v -0.28393555 0.45263672 0.04956059
v -0.26831055 0.43408203 0.06616215
v -0.27270508 0.43164062 0.06372074
v -0.27172852 0.42822266 0.06567387
v -0.26635742 0.43115234 0.06860355
v -0.25805664 0.41796875 0.06616215
v -0.26147461 0.41552734 0.06372074
v -0.27465820 0.42968750 0.05590824
v -0.27465820 0.42578125 0.05493168
v -0.26342773 0.41357422 0.05639652
v -0.26245117 0.43603516 0.06323246
v -0.26196289 0.44042969 0.06469730
v -0.25219727 0.42138672 0.06372073
v -0.25805664 0.43457031 0.06567387
v -0.26049805 0.43701172 0.06372074
v -0.25659180 0.41552734 0.06372074
v -0.25903320 0.41406250 0.06225590
v -0.26049805 0.41259766 0.05688480
v -0.25903320 0.41552734 0.06274418
v -0.25756836 0.41210938 0.06420903
v -0.25366211 0.41552734 0.06665042
v -0.25561523 0.41748047 0.06469730
v -0.26000977 0.41015625 0.05541996
v -0.26098633 0.41357422 0.05639652
v -0.25170898 0.41845703 0.06225590
v -0.24194334 0.40625000 0.06274418
v -0.24438475 0.40332031 0.06079105
v -0.24584959 0.40185547 0.05493168
v -0.24780272 0.41943359 0.06420901
v -0.25073242 0.42089844 0.06274417
v -0.23950194 0.41064453 0.06079105
v -0.25024414 0.41894531 0.05883793
v -0.25024414 0.42236328 0.05932621
v -0.25463867 0.43554688 0.05981449
v -0.24536131 0.42041016 0.05932621
v -0.24877928 0.42138672 0.05834965
v -0.25854492 0.44042969 0.05883793
v -0.26000977 0.43603516 0.05883793
v -0.25756836 0.43750000 0.05834965
v -0.26440430 0.45898438 0.06127933
v -0.28100586 0.45996094 0.05834965
v -0.27612305 0.46191406 0.06176762
v -0.26635742 0.46289062 0.05932621
v -0.26049805 0.45800781 0.05541996
v -0.27661133 0.42382812 0.01928715
v -0.27954102 0.42626953 0.02124028
v -0.28247070 0.42480469 0.01196293
v -0.27856445 0.42285156 0.01245121
v -0.27661133 0.42431641 0.00805668
v -0.28002930 0.42626953 0.00610356
v -0.28881836 0.44482422 0.02172855
v -0.29174805 0.44287109 0.01098637
v -0.28881836 0.44384766 0.00463871
v -0.27172852 0.43017578 0.05102543
v -0.27124023 0.42675781 0.04907231
v -0.26147461 0.41455078 0.05200199
v -0.27563477 0.43261719 0.04858403
v -0.27319336 0.43017578 0.05151371
v -0.28002930 0.45214844 0.04321293
v -0.26586914 0.43212891 0.04907230
v -0.26586914 0.43505859 0.04565433
v -0.26879883 0.45312500 0.04077152
v -0.25561523 0.41845703 0.04956058
v -0.26245117 0.43017578 0.04614262
v -0.26440430 0.43310547 0.04809574
v -0.26049805 0.43750000 0.04907230
v -0.26147461 0.43408203 0.05151371
v -0.27709961 0.42333984 0.03247074
v -0.27563477 0.42480469 0.03979496
v -0.27856445 0.42773438 0.04174809
v -0.28100586 0.42578125 0.03149418
v -0.27172852 0.42724609 0.04223637
v -0.27368164 0.43066406 0.04467778
v -0.28247070 0.45214844 0.04467778
v -0.28881836 0.44970703 0.04077153
v -0.29125977 0.44726562 0.02905278
v -0.27416992 0.42187500 0.04223637
v -0.27612305 0.42578125 0.04077153
v -0.27807617 0.42382812 0.03247074
v -0.27709961 0.41992188 0.03100590
v -0.27124023 0.42871094 0.04321293
v -0.26879883 0.42578125 0.04565433
v -0.25708008 0.41357422 0.04174808
v -0.26049805 0.41015625 0.03930668
v -0.26245117 0.40869141 0.03100590
v -0.26489258 0.43066406 0.04028324
v -0.26489258 0.43505859 0.04223637
v -0.27124023 0.45556641 0.04125981
v -0.27416992 0.42138672 0.02465824
v -0.27563477 0.42529297 0.02661137
v -0.27465820 0.42431641 0.02807621
v -0.27807617 0.42724609 0.02563481
v -0.28735352 0.44824219 0.02221684
v -0.26049805 0.43115234 0.04272465
v -0.26391602 0.43310547 0.04077152
v -0.25170898 0.41845703 0.03930668
v -0.26293945 0.45507812 0.04418949
v -0.25903320 0.41357422 0.05346683
v -0.25903320 0.41455078 0.05200199
v -0.25756836 0.41113281 0.05053715
v -0.24487303 0.40332031 0.05151371
v -0.25463867 0.41601562 0.05200199
v -0.25170898 0.41503906 0.04809574
v -0.25366211 0.41748047 0.05004887
v -0.25219727 0.42089844 0.05200199
v -0.25170898 0.41796875 0.05346683
v -0.24243163 0.40820312 0.04956058
v -0.25708008 0.43310547 0.04907230
v -0.25024414 0.41992188 0.05200199
v -0.24780272 0.41796875 0.05053715
v -0.24047850 0.41113281 0.05151371
v -0.25952148 0.43554688 0.05102543
v -0.25903320 0.40820312 0.03149418
v -0.25756836 0.40917969 0.03735355
v -0.25512695 0.41162109 0.03930668
v -0.25463867 0.40771484 0.04028324
v -0.25756836 0.41015625 0.03930668
v -0.25952148 0.40869141 0.03198246
v -0.25708008 0.40527344 0.03100590
v -0.25561523 0.40771484 0.02563480
v -0.25805664 0.41015625 0.02758793
v -0.26098633 0.41015625 0.02661137
v -0.25756836 0.40917969 0.02807621
v -0.25415039 0.41357422 0.04125980
v -0.25122070 0.41162109 0.04272465
v -0.23559569 0.40625000 0.03637699
v -0.23657225 0.40283203 0.03442386
v -0.23803709 0.40136719 0.02807621
v -0.25073242 0.41552734 0.03735355
v -0.24633788 0.41748047 0.04028324
v -0.25024414 0.41796875 0.03930668
v -0.23461913 0.41210938 0.03442386
v -0.25756836 0.43261719 0.03588871
v -0.25024414 0.42041016 0.03491215
v -0.24975584 0.41650391 0.03393558
v -0.24487303 0.41943359 0.03442387
v -0.24877928 0.41992188 0.03442387
v -0.25122070 0.41552734 0.02807621
v -0.25219727 0.41845703 0.02661137
v -0.26049805 0.43066406 0.02465824
v -0.26196289 0.43603516 0.03637699
v -0.26245117 0.43164062 0.03588871
v -0.26147461 0.43457031 0.03540043
v -0.26733398 0.45605469 0.03491215
v -0.26440430 0.43408203 0.02612309
v -0.26391602 0.43017578 0.02856449
v -0.27026367 0.45361328 0.02319340
v -0.26342773 0.43261719 0.02661137
v -0.23852539 0.40332031 0.02416996
v -0.26782227 0.42968750 0.02416996
v -0.26586914 0.42675781 0.02172855
v -0.25561523 0.41552734 0.02416996
v -0.27075195 0.42724609 0.02221684
v -0.27465820 0.42431641 0.01977543
v -0.27270508 0.42138672 0.02124027
v -0.26831055 0.42480469 0.02416996
v -0.27661133 0.42285156 0.01245121
v -0.27563477 0.41992188 0.01147465
v -0.25708008 0.41650391 0.01928715
v -0.26000977 0.41308594 0.01684574
v -0.26245117 0.41210938 0.00952152
v -0.26782227 0.42822266 0.02612309
v -0.26928711 0.43164062 0.02319340
v -0.27612305 0.45117188 0.01928715
v -0.27465820 0.42919922 0.02416996
v -0.27270508 0.42626953 0.02172855
v -0.26684570 0.43017578 0.01928715
v -0.26684570 0.43408203 0.02124027
v -0.28295898 0.44677734 0.02465824
v -0.27319336 0.45068359 0.02124027
v -0.26489258 0.43212891 0.01977543
v -0.26147461 0.43066406 0.02124027
v -0.25317383 0.42187500 0.01733402
v -0.26489258 0.43164062 0.01489262
v -0.26440430 0.43554688 0.01538090
v -0.27026367 0.45166016 0.01538090
v -0.27514648 0.42480469 0.00756840
v -0.27368164 0.42187500 0.00561527
v -0.26147461 0.41406250 0.00561527
v -0.27172852 0.43115234 0.00317387
v -0.27075195 0.42822266 0.00561527
v -0.27905273 0.44775391 0.00122074
v -0.26733398 0.42773438 0.00268559
v -0.26928711 0.42968750 0.00512699
v -0.25756836 0.41943359 0.00317387
v -0.27661133 0.43066406 0.00024418
v -0.27319336 0.43359375 0.00268559
v -0.27465820 0.43408203 -0.00024410
v -0.27709961 0.43212891 -0.00219723
v -0.27807617 0.43066406 -0.00805660
v -0.27807617 0.42871094 -0.00854488
v -0.26733398 0.42382812 -0.01000973
v -0.26538086 0.42431641 -0.00415035
v -0.26342773 0.42675781 -0.00219723
v -0.27612305 0.43505859 0.00219730
v -0.28393555 0.44482422 0.00317387
v -0.28784180 0.44238281 0.00073246
v -0.27954102 0.43212891 -0.00024410
v -0.27709961 0.44970703 0.00122074
v -0.27026367 0.43994141 0.00024418
v -0.27661133 0.43115234 -0.00170895
v -0.27319336 0.43359375 0.00024418
v -0.27075195 0.43750000 -0.00170895
v -0.26684570 0.43066406 0.00805668
v -0.26684570 0.43408203 0.00610355
v -0.26538086 0.43261719 0.00756840
v -0.26245117 0.43164062 0.00561527
v -0.25463867 0.42236328 0.00561527
v -0.27319336 0.45019531 0.00463871
v -0.26049805 0.43164062 -0.00366207
v -0.26733398 0.43750000 -0.00024410
v -0.26879883 0.43798828 -0.00170895
v -0.25122070 0.41308594 0.02270512
v -0.25366211 0.41455078 0.02514652
v -0.25366211 0.41308594 0.02661137
v -0.25561523 0.41503906 0.01684574
v -0.25756836 0.41308594 0.01489262
v -0.25952148 0.41210938 0.01000980
v -0.25854492 0.41308594 0.01586918
v -0.25610352 0.41113281 0.01635746
v -0.25268555 0.41455078 0.01879887
v -0.25561523 0.41601562 0.01733402
v -0.25805664 0.40917969 0.00854496
v -0.26000977 0.41162109 0.00952152
v -0.23803711 0.40917969 0.02270511
v -0.25073242 0.41796875 0.02709965
v -0.24731445 0.41699219 0.02514652
v -0.23950195 0.41064453 0.01245121
v -0.24047852 0.40771484 0.01098636
v -0.24194336 0.40625000 0.00512699
v -0.23657227 0.41259766 0.02465824
v -0.25219727 0.41894531 0.01489262
v -0.24926758 0.41943359 0.01635746
v -0.25219727 0.41992188 0.01586918
v -0.23950195 0.41552734 0.01147464
v -0.24829102 0.42138672 0.01147465
v -0.25170898 0.42187500 0.01147465
v -0.25952148 0.43310547 0.01538090
v -0.26293945 0.43408203 0.01489262
v -0.25219727 0.42382812 0.01293949
v -0.25170898 0.42041016 0.01196293
v -0.25854492 0.41357422 0.00659183
v -0.25952148 0.41308594 0.00561527
v -0.25756836 0.41113281 0.00366215
v -0.24291992 0.40820312 0.00219730
v -0.25561523 0.41748047 0.00512699
v -0.25366211 0.41601562 0.00122074
v -0.25610352 0.41748047 0.00366215
v -0.25317383 0.41992188 0.00659183
v -0.24243164 0.41308594 0.00073246
v -0.25317383 0.42041016 0.00561527
v -0.25073242 0.41943359 0.00366215
v -0.24145508 0.41601562 0.00268558
v -0.23999023 0.41748047 0.00805668
v -0.28344727 0.45751953 0.04907230
v -0.28002930 0.45654297 0.04370121
v -0.28930664 0.46289062 0.05541996
v -0.28491211 0.46582031 0.05981449
v -0.28540039 0.47656250 0.05639652
v -0.29028320 0.47314453 0.05249027
v -0.29956055 0.46728516 0.01977543
v -0.29711914 0.45312500 0.02563481
v -0.29272461 0.44921875 0.02709965
v -0.28491211 0.45800781 0.05493168
v -0.28100586 0.46142578 0.05883793
v -0.28002930 0.44531250 0.02856449
v -0.27319336 0.45263672 0.05102543
v -0.26782227 0.46435547 0.05786136
v -0.26684570 0.47070312 0.05834964
v -0.26635742 0.49121094 0.04956058
v -0.27709961 0.46435547 0.05297855
v -0.27758789 0.46289062 0.04956058
v -0.27661133 0.46289062 0.04760746
v -0.28393555 0.45654297 0.04223637
v -0.28930664 0.45458984 0.03881840
v -0.29125977 0.45263672 0.02856449
v -0.27416992 0.45947266 0.03979496
v -0.28344727 0.46093750 0.03491215
v -0.28540039 0.45996094 0.03393558
v -0.28637695 0.45898438 0.03002934
v -0.27954102 0.46191406 0.03393558
v -0.28881836 0.52392578 0.03100589
v -0.29467773 0.52246094 0.02661137
v -0.30297852 0.51269531 -0.00073238
v -0.26586914 0.52246094 0.03393558
v -0.29956055 0.46826172 -0.01049801
v -0.29565430 0.45263672 -0.00463863
v -0.29125977 0.44873047 -0.00122066
v -0.30004883 0.50439453 -0.02075191
v -0.28784180 0.45312500 0.02319340
v -0.28491211 0.45947266 0.02758793
v -0.28100586 0.44433594 0.00366215
v -0.28930664 0.44873047 0.02026371
v -0.28442383 0.45117188 0.02319340
v -0.28491211 0.45507812 0.01635746
v -0.28686523 0.45410156 0.01538090
v -0.29174805 0.44726562 0.01098637
v -0.28784180 0.45361328 0.01196293
v -0.27612305 0.45458984 0.02026371
v -0.27807617 0.45605469 0.02026371
v -0.28149414 0.45654297 0.01538090
v -0.28149414 0.46044922 0.02661137
v -0.27954102 0.46142578 0.02807621
v -0.27270508 0.45800781 0.02368168
v -0.28930664 0.44824219 0.00561527
v -0.28686523 0.45410156 0.01000980
v -0.28344727 0.45556641 0.00903324
v -0.28100586 0.45166016 0.00268559
v -0.28540039 0.44775391 0.00219731
v -0.28881836 0.44580078 0.00024418
v -0.28149414 0.43115234 -0.00805660
v -0.29028320 0.44189453 -0.00756832
v -0.29077148 0.44531250 -0.00708004
v -0.27954102 0.45214844 0.00024418
v -0.28686523 0.45117188 -0.00219723
v -0.28784180 0.45068359 -0.00317379
v -0.28881836 0.45019531 -0.00561519
v -0.28442383 0.45312500 -0.00268551
v -0.27319336 0.45507812 0.01489262
v -0.28051758 0.45654297 0.01342777
v -0.27612305 0.45361328 0.00561527
v -0.28149414 0.45605469 0.01000980
v -0.27124023 0.45263672 0.02465824
v -0.26342773 0.46289062 0.05249027
v -0.27514648 0.46484375 0.05444340
v -0.27124023 0.46533203 0.05346683
v -0.27026367 0.45800781 0.04125980
v -0.27270508 0.46337891 0.04663090
v -0.26977539 0.46484375 0.05151371
v -0.26293945 0.46191406 0.05395511
v -0.26147461 0.46875000 0.05151371
v -0.26489258 0.45947266 0.04418949
v -0.27075195 0.46386719 0.04760746
v -0.27856445 0.46191406 0.03198246
v -0.27075195 0.45996094 0.03393558
v -0.26928711 0.45800781 0.02221683
v -0.26098633 0.48193359 0.04614261
v -0.25659180 0.48388672 0.04760746
v -0.25512695 0.49267578 0.04809574
v -0.26000977 0.52001953 0.02905277
v -0.26977539 0.47460938 0.01586918
v -0.25512695 0.49609375 0.05004886
v -0.25952148 0.48828125 0.04321292
v -0.25366211 0.48291016 0.04711917
v -0.24975584 0.48974609 0.05395511
v -0.26049805 0.48144531 0.03442386
v -0.25415039 0.47705078 0.03881839
v -0.24731445 0.48144531 0.04809574
v -0.24487305 0.48583984 0.05200199
v -0.24682617 0.47802734 0.04223636
v -0.26831055 0.50878906 -0.00073239
v -0.24243163 0.49658203 0.05590824
v -0.24731445 0.50341797 0.05200199
v -0.26684570 0.50097656 0.03442386
v -0.26245117 0.50830078 0.04028324
v -0.25561523 0.51513672 0.04174808
v -0.25024414 0.47656250 0.02856449
v -0.25854492 0.48242188 0.02124027
v -0.26879883 0.49511719 0.02709964
v -0.26489258 0.49218750 0.01733402
v -0.24291992 0.47802734 0.03784183
v -0.27319336 0.45117188 -0.00512691
v -0.27075195 0.45605469 -0.00952145
v -0.27221680 0.46826172 -0.01440426
v -0.28393555 0.45361328 -0.00415035
v -0.27807617 0.45361328 -0.00366207
v -0.27514648 0.45166016 -0.00366207
v -0.26831055 0.44140625 -0.00415035
v -0.26928711 0.43847656 -0.00463863
v -0.27124023 0.49951172 -0.02514645
v -0.26928711 0.50781250 0.02954105
v -0.27124023 0.50292969 0.02368168
v -0.26831055 0.50097656 0.01586918
v -0.25463867 0.49658203 0.01098636
v -0.24829102 0.48632812 0.01489261
v -0.24194336 0.47998047 0.02319339
v -0.23754883 0.47949219 0.03442386
v -0.25903320 0.50488281 0.01000980
v -0.23559570 0.49121094 0.01831058
v -0.24584961 0.50488281 0.01245120
v -0.25170898 0.51171875 0.01098636
v -0.23559566 0.00683594 0.14916997
v -0.24145503 0.00634766 0.14379887
v -0.23950191 0.00292969 0.14379887
v -0.23510738 0.00341797 0.14721684
v -0.23950191 0.03076172 0.13256840
v -0.23364253 0.03466797 0.13647465
v -0.16528316 0.00341797 0.16186526
v -0.16577144 0.00683594 0.16381839
v -0.16333003 0.03466797 0.15063480
v -0.24340816 0.00488281 0.13012700
v -0.24096675 0.00195312 0.13061528
v -0.15991206 0.00341797 0.15991214
v -0.15307613 0.00244141 0.14868167
v -0.23803708 0.04248047 0.09204107
v -0.22729491 0.04589844 0.00561528
v -0.22827147 0.00683594 -0.00952143
v -0.22436522 0.00146484 -0.00756831
v -0.12084959 0.00341797 0.01489262
v -0.23364253 0.03662109 0.13403325
v -0.23950191 0.03271484 0.13012700
v -0.23266599 0.04980469 0.09692388
v -0.16284175 0.03662109 0.14819339
v -0.15063474 0.05029297 0.11108403
v -0.15844722 0.00683594 0.16088870
v -0.15649410 0.03125000 0.14916995
v -0.15063472 0.00585938 0.14916995
v -0.15551753 0.03320312 0.14721683
v -0.14331052 0.04296875 0.10864262
v -0.11694334 0.00537109 0.01391605
v -0.12231443 0.04443359 0.02807621
v -0.14819333 0.04785156 0.10571294
v -0.23266599 0.04736328 0.09106451
v -0.22241209 0.05078125 0.00756841
v -0.12719724 0.04980469 0.02758793
v -0.22338864 0.05126953 0.08813482
v -0.21997067 0.05126953 0.09204107
v -0.21997067 0.05761719 0.09155279
v -0.22338864 0.05615234 0.08813482
v -0.22290036 0.04687500 0.08032232
v -0.22094724 0.04736328 0.08666997
v -0.22534177 0.05078125 0.08032232
v -0.22485349 0.05566406 0.08276372
v -0.21850583 0.04736328 0.08911138
v -0.16040036 0.05761719 0.10424809
v -0.16040036 0.05126953 0.10473637
v -0.16088864 0.04785156 0.10131840
v -0.15747067 0.04736328 0.10034184
v -0.15356442 0.04687500 0.09545903
v -0.21948239 0.06005859 0.09008794
v -0.22290036 0.05859375 0.08666997
v -0.21411130 0.09423828 0.04077153
v -0.21215817 0.09765625 0.04370122
v -0.20825192 0.09960938 0.04614262
v -0.15991208 0.06054688 0.10278325
v -0.14819333 0.09716797 0.05737308
v -0.21655272 0.05419922 0.01635747
v -0.21508788 0.05078125 0.01440434
v -0.21118163 0.04785156 0.01245122
v -0.13842770 0.04687500 0.02807621
v -0.22094725 0.05078125 0.00317388
v -0.21899413 0.03613281 -0.01342769
v -0.22680663 0.03076172 -0.01147456
v -0.12719724 0.04931641 0.02319340
v -0.12329099 0.03466797 0.00708011
v -0.21264647 0.05566406 0.00659184
v -0.21411131 0.05908203 0.00854497
v -0.21313474 0.09570312 0.03735356
v -0.20385741 0.04345703 0.00170903
v -0.19018553 0.04296875 0.00415044
v -0.18383788 0.07470703 -0.02758785
v -0.19750975 0.07568359 -0.02954097
v -0.20922850 0.05224609 0.00512700
v -0.13745116 0.05126953 0.02026371
v -0.21118163 0.05761719 0.00463872
v -0.21264647 0.06054688 0.00659184
v -0.21118163 0.09667969 0.03540044
v -0.20776366 0.05468750 0.00366216
v -0.20629881 0.09472656 0.03002934
v -0.20629881 0.06152344 0.00463872
v -0.13745116 0.05322266 0.01879887
v -0.13891600 0.06005859 0.01879887
v -0.14477536 0.09179688 0.04174808
v -0.20922849 0.11376953 0.04711919
v -0.21020505 0.11914062 0.04809574
v -0.21557616 0.11474609 0.03979497
v -0.21264645 0.11035156 0.04223637
v -0.20288083 0.12060547 0.05346684
v -0.20288083 0.11523438 0.05200200
v -0.19653317 0.10742188 0.04565434
v -0.20288083 0.10449219 0.03979497
v -0.20190428 0.20068359 0.02807621
v -0.19604491 0.20019531 0.03588871
v -0.18725584 0.19970703 0.04272465
v -0.21069333 0.09863281 0.04028325
v -0.20727536 0.10058594 0.04272465
v -0.20922849 0.09912109 0.03784184
v -0.20336913 0.09716797 0.03344731
v -0.14770505 0.09814453 0.05395512
v -0.20629880 0.10107422 0.04028325
v -0.14770505 0.09863281 0.05102543
v -0.14819333 0.09472656 0.04370121
v -0.21655272 0.07080078 -0.01000972
v -0.22045897 0.07763672 -0.00805659
v -0.21508788 0.12548828 -0.04418941
v -0.21752928 0.11718750 -0.03588863
v -0.20678709 0.06787109 -0.01000972
v -0.15112302 0.11767578 0.06420902
v -0.15161130 0.11181641 0.06323246
v -0.15649411 0.10546875 0.05444340
v -0.14086913 0.19384766 0.05297855
v -0.13403319 0.06103516 0.00463871
v -0.14916989 0.10107422 0.05151371
v -0.15600583 0.05126953 0.10278325
v -0.15600583 0.05615234 0.10229497
v -0.15551755 0.05908203 0.10083012
v -0.14379880 0.09423828 0.05590824
v -0.15112302 0.05078125 0.09643559
v -0.15258786 0.05566406 0.09838872
v -0.13403317 0.05273438 0.03344730
v -0.13549802 0.04931641 0.03051762
v -0.14135739 0.09130859 0.05395512
v -0.14282224 0.11425781 0.06274418
v -0.14428708 0.10888672 0.06127933
v -0.13061522 0.19189453 0.05053714
v -0.13989255 0.10498047 0.05786137
v -0.13549802 0.10839844 0.05688480
v -0.12231443 0.18994141 0.04565433
v -0.13403317 0.05371094 0.02270511
v -0.13305661 0.05712891 0.02514652
v -0.14086911 0.09228516 0.05102543
v -0.12915038 0.07177734 -0.01879879
v -0.14086913 0.01757812 0.00756840
v -0.15454100 0.01757812 0.00512699
v -0.14282225 0.07275391 -0.02075192
v -0.15551756 0.04296875 0.01147465
v -0.14184569 0.04248047 0.01391605
v -0.13500975 0.05566406 0.02075199
v -0.13403319 0.05859375 0.02270511
v -0.14184567 0.09326172 0.04809574
v -0.11694334 0.02929688 0.01147464
v -0.12475584 0.06201172 0.00854496
v -0.12182615 0.06396484 0.00317386
v -0.13159178 0.06347656 -0.00073239
v -0.20678709 0.07031250 -0.01586909
v -0.14379880 0.09570312 0.05249027
v -0.14428708 0.09619141 0.05004887
v -0.12036131 0.06787109 0.01196293
v -0.10180663 0.10937500 -0.02221677
v -0.10522459 0.10156250 -0.01391598
v -0.19262694 0.27148438 0.02709964
v -0.18676756 0.27148438 0.03442387
v -0.17700194 0.27050781 0.04125980
v -0.19458008 0.23730469 -0.09448238
v -0.20239258 0.19433594 -0.07983394
v -0.12866209 0.26367188 0.05200198
v -0.11743163 0.26123047 0.05004885
v -0.10961913 0.25878906 0.04516604
v -0.12329099 0.00341797 0.00854496
v -0.12084959 0.00488281 0.00512699
v -0.21948241 0.00146484 -0.01245112
v -0.22143553 0.00634766 -0.01635737
v -0.12133787 0.02343750 0.00219730
v -0.21899413 0.02490234 -0.01831050
v -0.21850584 0.03125000 -0.01684565
v -0.12231443 0.02978516 0.00366215
v -0.11743162 0.06982422 0.00659183
v -0.12036131 0.09814453 -0.02368161
v -0.11010741 0.09814453 -0.01928708
v -0.07543945 0.21875000 -0.07104490
v -0.08471679 0.17675781 -0.05639646
v -0.18334959 0.31347656 0.03588870
v -0.18872069 0.31250000 0.02905277
v -0.18188477 0.30566406 -0.09497067
v -0.18627930 0.28417969 -0.09887692
v -0.18090820 0.35546875 0.00854495
v -0.18725586 0.35009766 0.00512698
v -0.17602539 0.34423828 -0.08325192
v -0.17211913 0.35693359 0.06518558
v -0.17309569 0.33056641 0.06079105
v -0.12573241 0.32519531 0.07153323
v -0.12280272 0.35107422 0.07641604
v -0.17846678 0.33349609 0.05395511
v -0.17749022 0.35839844 0.05834964
v -0.17163084 0.38720703 0.06079104
v -0.16674803 0.38623047 0.06713870
v -0.12280272 0.38134766 0.07739260
v -0.16967772 0.30517578 0.05151370
v -0.13061522 0.30029297 0.06030276
v -0.11499022 0.35107422 0.07250979
v -0.11743163 0.32617188 0.06762698
v -0.12280272 0.30175781 0.05639651
v -0.17358397 0.29980469 0.04272464
v -0.17749022 0.31347656 0.03881839
v -0.12426756 0.29248047 0.05346682
v -0.12524413 0.29589844 0.04907229
v -0.16967772 0.30273438 0.03930667
v -0.17211913 0.31250000 0.03442386
v -0.16674803 0.29980469 0.04663089
v -0.17456053 0.30810547 0.04516605
v -0.16967772 0.30029297 0.04223636
v -0.16528319 0.29833984 0.03442386
v -0.17163084 0.30859375 0.03051761
v -0.17651366 0.35107422 0.01684573
v -0.13159178 0.29541016 0.05395510
v -0.12817381 0.29394531 0.04223635
v -0.12768553 0.29492188 0.05102541
v -0.16772459 0.29589844 0.02807620
v -0.16967772 0.30566406 0.02612308
v -0.12475584 0.28955078 0.03735354
v -0.16528319 0.30468750 0.02758792
v -0.12377928 0.29980469 0.03588869
v -0.12133788 0.29980469 0.04028323
v -0.16918944 0.34912109 0.01147464
v -0.17016600 0.35107422 0.01098636
v -0.16918945 0.34912109 0.00024417
v -0.09985351 0.33935547 0.01245119
v -0.10424804 0.34130859 0.02270510
v -0.11547850 0.30419922 0.05249026
v -0.11889647 0.30224609 0.04125979
v -0.11938475 0.30419922 0.04614260
v -0.17651366 0.35986328 0.01684573
v -0.17456053 0.35742188 0.01098636
v -0.16674803 0.40087891 0.04418948
v -0.16870116 0.35986328 0.01098636
v -0.15893553 0.40283203 0.03930667
v -0.18676758 0.35205078 0.00073245
v -0.18041992 0.35742188 0.00463870
v -0.17358398 0.35937500 0.00708011
v -0.17553711 0.34765625 -0.07836911
v -0.16381836 0.35498047 -0.08715817
v -0.17163086 0.35937500 -0.00317380
v -0.15454102 0.35791016 -0.08911130
v -0.16918944 0.35546875 0.00903323
v -0.16772461 0.35546875 0.00073245
v -0.10180663 0.35205078 0.02270510
v -0.09985351 0.34619141 0.01293947
v -0.09399413 0.34863281 0.01049807
v -0.11059570 0.39746094 0.05004885
v -0.15307617 0.37207031 0.01098635
v -0.13208006 0.36718750 0.01538088
v -0.13305663 0.37207031 0.02465823
v -0.15454100 0.37695312 0.02026370
v -0.15112305 0.37207031 0.00170901
v -0.13012695 0.36669922 0.00610354
v -0.16870117 0.37988281 0.01586917
v -0.16186523 0.37500000 0.00854495
v -0.16333008 0.37646484 0.00122073
v -0.12817383 0.37109375 0.00122073
v -0.14965820 0.37695312 -0.00317380
v -0.16381836 0.38476562 -0.00366208
v -0.15502928 0.40527344 0.03833010
v -0.13208006 0.40332031 0.04321291
v -0.11108398 0.36669922 0.01977541
v -0.11206054 0.37158203 0.02905275
v -0.10913085 0.40136719 0.04760744
v -0.10913085 0.36621094 0.01049807
v -0.10668945 0.37060547 0.00561525
v -0.09545898 0.39648438 0.00122072
v -0.11987304 0.39794922 -0.00463865
v -0.14428711 0.40478516 -0.01000974
v -0.23852538 0.41259766 0.05737308
v -0.24194334 0.40234375 0.05981449
v -0.23999022 0.40478516 0.06079105
v -0.23803709 0.40820312 0.05932621
v -0.22973631 0.47021484 0.06274417
v -0.23608397 0.46630859 0.06030276
v -0.23120116 0.45166016 0.05737308
v -0.22534178 0.45361328 0.05932621
v -0.23510741 0.46972656 0.05834964
v -0.22973631 0.47314453 0.06030276
v -0.22241209 0.47558594 0.05639651
v -0.21948241 0.47314453 0.05786136
v -0.21801756 0.45703125 0.05541996
v -0.24291991 0.40136719 0.05541996
v -0.24243163 0.40234375 0.05249027
v -0.23999022 0.40625000 0.05102542
v -0.23364256 0.40283203 0.03247074
v -0.23266600 0.40527344 0.03393558
v -0.23510741 0.40136719 0.02758793
v -0.23217772 0.41015625 0.03295902
v -0.23852538 0.40820312 0.05249027
v -0.23754881 0.40966797 0.05688480
v -0.23510741 0.41406250 0.03100589
v -0.23217772 0.41162109 0.03002933
v -0.23510741 0.40283203 0.02514652
v -0.23461914 0.40771484 0.02368168
v -0.23364258 0.41015625 0.02514652
v -0.23950195 0.40625000 0.00512699
v -0.23999023 0.40771484 0.00268558
v -0.23950195 0.41210938 0.00170902
v -0.23852539 0.41455078 0.00268558
v -0.23803711 0.40771484 0.00903324
v -0.23754883 0.41015625 0.01049808
v -0.23706055 0.41406250 0.00952152
v -0.23754883 0.41552734 0.00708011
v -0.23803709 0.46630859 0.05102542
v -0.23901366 0.46240234 0.05200198
v -0.23413084 0.45068359 0.05102542
v -0.23510742 0.46582031 0.04516605
v -0.23608397 0.46191406 0.04467776
v -0.23217772 0.45166016 0.04516605
v -0.23364256 0.46435547 0.04809573
v -0.23559569 0.46533203 0.05297855
v -0.24047850 0.46679688 0.05200198
v -0.23706053 0.46533203 0.04565433
v -0.24584959 0.48486328 0.05688480
v -0.24780273 0.47753906 0.04809574
v -0.23803709 0.47216797 0.06030276
v -0.24389648 0.47558594 0.04077152
v -0.23413084 0.46972656 0.05932620
v -0.22729492 0.46826172 0.04125980
v -0.22583008 0.46484375 0.03979495
v -0.22485352 0.45458984 0.04125980
v -0.22680664 0.46679688 0.04418948
v -0.22729492 0.46875000 0.04028323
v -0.23266602 0.47949219 0.03491214
v -0.23022459 0.44628906 0.05200199
v -0.22827147 0.44677734 0.05639652
v -0.22241209 0.44921875 0.05834964
v -0.22436522 0.44384766 0.05151371
v -0.22338866 0.44384766 0.05297855
v -0.21997069 0.44531250 0.05444339
v -0.22827147 0.44726562 0.04614261
v -0.22290038 0.44433594 0.04760746
v -0.21752928 0.44628906 0.05297855
v -0.21704100 0.45117188 0.05541996
v -0.22290038 0.44970703 0.04321292
v -0.22045897 0.44580078 0.04663089
v -0.22241211 0.47021484 0.04565433
v -0.22094725 0.47460938 0.05200198
v -0.21899413 0.45703125 0.04321292
v -0.21704100 0.45166016 0.04516605
v -0.21704100 0.44677734 0.04760746
v -0.22192383 0.47314453 0.04223636
v -0.21948242 0.46875000 0.04223636
v -0.22241211 0.47119141 0.04321292
v -0.21508788 0.45214844 0.04956058
v -0.21606444 0.45800781 0.04907230
v -0.21606444 0.47265625 0.05053714
v -0.24584959 0.48876953 0.05346683
v -0.24731445 0.48242188 0.04614261
v -0.24438477 0.48046875 0.03979496
v -0.23950194 0.49023438 0.05883792
v -0.23217772 0.47656250 0.06225589
v -0.22973631 0.47265625 0.06030276
v -0.24096678 0.49316406 0.05493167
v -0.23950195 0.49023438 0.05346683
v -0.23461914 0.49267578 0.05151370
v -0.23461914 0.50000000 0.05200198
v -0.23852539 0.50732422 0.04760745
v -0.22241209 0.47998047 0.05688480
v -0.22875977 0.49414062 0.05297855
v -0.23217773 0.49609375 0.05053714
v -0.22827148 0.49951172 0.04370120
v -0.22973633 0.49218750 0.04565433
v -0.23559570 0.48388672 0.03540042
v -0.22631836 0.48535156 0.03686526
v -0.23071289 0.48828125 0.03686526
v -0.23168945 0.48437500 0.02465823
v -0.23217773 0.48242188 0.03247073
v -0.22290038 0.47509766 0.05688480
v -0.21948241 0.47900391 0.05053714
v -0.21948241 0.47460938 0.05053714
v -0.22436523 0.49218750 0.04565433
v -0.22924805 0.49462891 0.04467776
v -0.22778320 0.49365234 0.03442386
v -0.22924805 0.48828125 0.03881839
v -0.23168945 0.50732422 0.03881839
v -0.23071289 0.50146484 0.02856448
v -0.24194336 0.51416016 0.02124027
v -0.21655272 0.44726562 0.04956058
v -0.12133788 0.38623047 0.07543948
v -0.16528319 0.39111328 0.06518558
v -0.16137694 0.40380859 0.04907229
v -0.11303709 0.39843750 0.06030275
v -0.15649413 0.40576172 0.04663089
v -0.11547850 0.40087891 0.05590822
v -0.16967773 0.38671875 0.00170901
v -0.16918945 0.40966797 0.01538089
v -0.16625975 0.40673828 0.03051760
v -0.16235352 0.40966797 -0.00903318
v -0.16821289 0.41357422 -0.00415037
v -0.16577148 0.45019531 0.02124026
v -0.16284180 0.44824219 0.03637698
v -0.15112303 0.44531250 0.04418948
v -0.16479492 0.45166016 -0.00073240
v -0.12670897 0.44091797 0.04858400
v -0.10180663 0.43603516 0.05297853
v -0.15649414 0.49609375 0.04077151
v -0.16088867 0.49804688 0.02514650
v -0.14428711 0.49316406 0.04956057
v -0.13500977 0.54541016 0.05004884
v -0.14770508 0.54687500 0.04028322
v -0.15209961 0.54785156 0.02563478
v -0.15991211 0.49951172 0.00317385
v -0.15209961 0.54882812 0.00512697
v -0.16137695 0.45263672 -0.02124021
v -0.15600586 0.50048828 -0.01782225
v -0.14721680 0.54931641 -0.01440428
v -0.11889648 0.48730469 0.05346681
v -0.09399413 0.48144531 0.05737306
v -0.10961913 0.54394531 0.05493165
v -0.09936523 0.34179688 0.03051760
v -0.09741210 0.35058594 0.03100588
v -0.11499022 0.38085938 0.07446291
v -0.10668944 0.39404297 0.05786135
v -0.10229491 0.29931641 0.04711916
v -0.10961913 0.30224609 0.05151369
v -0.06616211 0.28808594 -0.07250975
v -0.06811523 0.26611328 -0.07592772
v -0.10278320 0.34179688 0.02270510
v -0.09741210 0.34667969 0.02514650
v -0.09106445 0.34277344 0.02514650
v -0.08569335 0.33544922 0.02319338
v -0.06469727 0.32763672 -0.06225584
v -0.09594726 0.34863281 0.02124025
v -0.10180663 0.34570312 0.02124025
v -0.09985351 0.36718750 0.02124025
v -0.09594726 0.37109375 0.03100588
v -0.09643554 0.40039062 0.04516603
v -0.09545898 0.36718750 0.01586916
v -0.08959960 0.34423828 0.02124025
v -0.08666991 0.37451172 0.01977541
v -0.08129882 0.39843750 0.03344728
v -0.09008788 0.37353516 0.01245119
v -0.07055664 0.34130859 -0.07006834
v -0.07788086 0.34619141 -0.07495116
v -0.07788085 0.39550781 0.01049806
v -0.08374023 0.33740234 0.01928713
v -0.06567383 0.33105469 -0.05786131
v -0.07397460 0.39843750 0.01684572
v -0.09301757 0.35107422 0.00415041
v -0.08374023 0.35449219 0.00073244
v -0.08325195 0.36669922 0.00659181
v -0.09204101 0.36621094 0.01147463
v -0.16674805 0.36230469 -0.01000974
v -0.16577148 0.35156250 -0.02319333
v -0.09204101 0.34082031 -0.00854490
v -0.16625977 0.37744141 -0.00317380
v -0.08276366 0.34570312 -0.01000975
v -0.08129882 0.36669922 0.00463869
v -0.08227538 0.35546875 -0.00073240
v -0.08129882 0.34765625 -0.01049803
v -0.08129882 0.37988281 0.00659181
v -0.08959960 0.38232422 0.01147463
v -0.16381836 0.39355469 -0.00317380
v -0.07983398 0.37939453 0.00463869
v -0.07690429 0.39062500 -0.00073241
v -0.08813476 0.43310547 0.05102541
v -0.07446288 0.43115234 0.03881837
v -0.07836913 0.47802734 0.05444337
v -0.11010742 0.40673828 -0.04809568
v -0.08911133 0.40576172 -0.04370116
v -0.07006836 0.40820312 -0.02856444
v -0.07446289 0.40283203 -0.00463866
v -0.06762695 0.43066406 0.02270509
v -0.06616210 0.47607422 0.04223634
v -0.05981445 0.47607422 0.02661134
v -0.07836913 0.39208984 0.00073244
v -0.08569335 0.39697266 0.00463869
v -0.16040039 0.40820312 -0.01000974
v -0.15649414 0.41845703 -0.02270505
v -0.08178711 0.40722656 -0.00805663
v -0.07495117 0.40039062 -0.00952147
v -0.07397461 0.39794922 -0.01000975
v -0.06469727 0.43164062 0.00219728
v -0.06909179 0.40869141 -0.00122069
v -0.05541992 0.47705078 0.00610352
v -0.06469727 0.41406250 -0.02612303
v -0.06127930 0.43261719 -0.01831054
v -0.05102539 0.47851562 -0.01391601
v -0.08422851 0.54199219 0.05981446
v -0.06665038 0.52929688 0.05590821
v -0.05786132 0.52001953 0.04614259
v -0.05444336 0.51513672 0.02856446
v -0.05004883 0.51269531 0.00854493
v -0.04565430 0.51367188 -0.01147460
v -0.29907227 0.54003906 0.03198246
v -0.29516602 0.53417969 0.03393558
v -0.28198242 0.53613281 0.03686527
v -0.28344727 0.54248047 0.03637699
v -0.30200195 0.52832031 0.02026371
v -0.30688477 0.53417969 0.01684574
v -0.30737305 0.54736328 0.01147465
v -0.29956055 0.54638672 0.03002933
v -0.29321289 0.52783203 0.01440433
v -0.28100586 0.53222656 0.02319339
v -0.26733398 0.54248047 0.03588870
v -0.26733398 0.53613281 0.03637699
v -0.26831055 0.53320312 0.02514652
v -0.26538086 0.55859375 0.02954105
v -0.28247070 0.55859375 0.03002933
v -0.31225586 0.52099609 -0.01831051
v -0.30737305 0.51464844 -0.01391598
v -0.29809570 0.52294922 0.00415043
v -0.29516602 0.51318359 0.00952152
v -0.29028320 0.51708984 0.01879887
v -0.29418945 0.50878906 -0.00024410
v -0.29760742 0.51806641 -0.00659176
v -0.28735352 0.52587891 0.02709964
v -0.29174805 0.52490234 0.02368168
v -0.30004883 0.51562500 -0.00219723
v -0.26879883 0.52490234 0.02954105
v -0.26440430 0.52294922 0.02612308
v -0.27221680 0.51220703 -0.00219723
v -0.28002930 0.52099609 0.02661137
v -0.27612305 0.50292969 -0.01391598
v -0.28686523 0.50488281 -0.01000973
v -0.31274414 0.53125000 -0.02563473
v -0.30346680 0.63232422 -0.02172848
v -0.29858398 0.55322266 0.02856449
v -0.29272461 0.63964844 -0.00610348
v -0.30981445 0.60351562 -0.07641599
v -0.29321289 0.55664062 0.02905277
v -0.27319336 0.64013672 0.00073245
v -0.25317383 0.63574219 0.00024417
v -0.26538086 0.51464844 0.03491214
v -0.26000977 0.52001953 0.03588871
v -0.25268555 0.52294922 0.03100589
v -0.24780273 0.51855469 0.03686527
v -0.25170898 0.54248047 0.03344730
v -0.25268555 0.53613281 0.03491214
v -0.25659180 0.53125000 0.02026370
v -0.24877930 0.55859375 0.02758792
v -0.23706055 0.53906250 0.02465823
v -0.23999023 0.53271484 0.02709964
v -0.26879883 0.52197266 0.02807621
v -0.26440430 0.50390625 -0.01196286
v -0.25854492 0.52001953 0.02368167
v -0.24780273 0.52636719 0.00952152
v -0.25073242 0.51611328 0.01440433
v -0.24243164 0.51904297 0.02954105
v -0.24877930 0.52343750 0.02563480
v -0.24829102 0.51953125 0.01831058
v -0.24926758 0.51171875 0.00463870
v -0.24633789 0.52099609 -0.00122067
v -0.23657227 0.52636719 0.01293948
v -0.23315430 0.63183594 0.00024417
v -0.28735352 0.67529297 -0.02221677
v -0.26928711 0.67089844 -0.01391599
v -0.24780275 0.66699219 -0.01440427
v -0.22583009 0.66357422 -0.01489256
v -0.25317383 0.50732422 -0.00415036
v -0.25024414 0.51660156 -0.01098630
v -0.23266602 0.53222656 0.00805667
v -0.23413086 0.52197266 -0.01831052
v -0.23852539 0.51562500 -0.01391598
v -0.22924805 0.54394531 0.00366214
v -0.23559570 0.54541016 0.02221683
v -0.23901367 0.55566406 0.02319339
v -0.21606445 0.62402344 -0.00708006
v -0.23510742 0.55175781 0.02124026
v -0.20971681 0.61425781 -0.02319334
v -0.23168945 0.53076172 -0.02612302
v -0.21508791 0.58984375 -0.07543943
v -0.13989258 0.59033203 0.02368166
v -0.13549805 0.58642578 0.03637697
v -0.12231445 0.57812500 0.04711915
v -0.10375976 0.57080078 0.05297853
v -0.13989258 0.59228516 0.00659181
v -0.13549805 0.59277344 -0.01147460
v -0.12817383 0.59667969 0.03540041
v -0.13208008 0.60058594 0.02368165
v -0.11450195 0.58740234 0.04516603
v -0.10717773 0.59033203 0.04223634
v -0.12036133 0.59960938 0.03344728
v -0.12426758 0.60351562 0.02319337
v -0.13208008 0.60253906 0.00805665
v -0.12768555 0.60253906 -0.00903319
v -0.12377930 0.60546875 0.00903321
v -0.11987305 0.60595703 -0.00659179
v -0.20922853 0.65673828 -0.02221678
v -0.11059570 0.61425781 0.05102540
v -0.10961914 0.60546875 0.04565431
v -0.06372070 0.58300781 0.06665040
v -0.06176757 0.59277344 0.07495117
v -0.05444335 0.59228516 0.07592773
v -0.05688476 0.58251953 0.06762696
v -0.11889649 0.61083984 -0.01049804
v -0.07788087 0.59472656 -0.00952148
v -0.06176758 0.59472656 -0.00952148
v -0.08520507 0.56347656 0.05883790
v -0.09497070 0.55957031 0.01782228
v -0.09399414 0.54931641 0.01538087
v -0.08325195 0.54101562 0.03149415
v -0.08422852 0.55810547 0.03540040
v -0.08325195 0.57519531 0.03100587
v -0.09448242 0.56982422 0.01538087
v -0.07983398 0.52880859 0.01928712
v -0.09252930 0.54248047 0.00854493
v -0.07397460 0.54833984 0.04956055
v -0.07934570 0.54443359 0.05737305
v -0.06567382 0.53857422 0.04956055
v -0.05786132 0.52978516 0.04223634
v -0.08032226 0.56396484 0.05639649
v -0.07495117 0.56250000 0.04907227
v -0.06665039 0.55761719 0.04516602
v -0.06567383 0.53808594 0.04028321
v -0.06225586 0.52441406 0.02661133
v -0.06518555 0.57666016 0.04028321
v -0.07641602 0.54687500 0.03051759
v -0.08325195 0.57470703 0.03344727
v -0.04711914 0.55712891 0.04516602
v -0.04614257 0.54052734 0.04125977
v -0.04272461 0.52832031 0.02905274
v -0.04565429 0.57373047 0.04125977
v -0.07592773 0.52441406 0.00317384
v -0.05737305 0.51904297 0.00805665
v -0.09008789 0.53955078 -0.00073241
v -0.08764648 0.54248047 -0.00952148
v -0.07153320 0.52880859 -0.01293944
v -0.05249024 0.52441406 -0.01049804
v -0.05102539 0.52246094 0.00854493
v -0.07446289 0.54833984 0.00366212
v -0.05493164 0.52490234 0.02661133
v -0.07690430 0.57666016 -0.01586914
v -0.08227539 0.57666016 0.00219727
v -0.06372071 0.54785156 -0.02270507
v -0.04760743 0.52343750 -0.00952148
v -0.09985352 0.58154297 0.05004884
v -0.09594727 0.58544922 0.04565430
v -0.08569335 0.57568359 0.05493165
v -0.08520508 0.58056641 0.04956055
v -0.10766602 0.59326172 0.02807618
v -0.09350586 0.58349609 0.03442384
v -0.08666992 0.58056641 0.03833009
v -0.08032227 0.57763672 0.04272462
v -0.11254883 0.60986328 0.04321290
v -0.11303711 0.61572266 0.04711915
v -0.10424805 0.64746094 0.04565430
v -0.10131836 0.64697266 0.05004884
v -0.05639648 0.63964844 0.07397461
v -0.12182618 0.61474609 -0.01098632
v -0.12231446 0.62011719 -0.01098632
v -0.11547852 0.65136719 -0.01049804
v -0.11108398 0.59667969 0.02026368
v -0.09448242 0.58496094 0.02416993
v -0.09399414 0.58544922 0.01538087
v -0.11059570 0.59814453 0.00952149
v -0.08032227 0.58837891 0.01928712
v -0.09301758 0.57763672 0.00854493
v -0.08471680 0.57568359 0.02124024
v -0.09155274 0.58593750 0.00024415
v -0.10815430 0.59863281 -0.00366210
v -0.08129882 0.57421875 0.05346680
v -0.07690430 0.57177734 0.04663087
v -0.06176758 0.59082031 0.02661133
v -0.04272461 0.58593750 0.02905274
v -0.05688477 0.59619141 0.00805664
v -0.07592773 0.59375000 0.00317383
v -0.09057617 0.58056641 -0.00073241
v -0.08764649 0.58642578 -0.01440429
v -0.10522462 0.59912109 -0.01684569
v -0.08813477 0.57763672 -0.00952148
v -0.07202149 0.58837891 -0.01293945
v -0.05200196 0.59082031 -0.01049804
v -0.03051757 0.52587891 0.06762696
v -0.03198241 0.53955078 0.08276368
v -0.03881835 0.54443359 0.08032227
v -0.03735351 0.53125000 0.06665040
v -0.03344726 0.54687500 0.08569337
v -0.04711913 0.58789062 0.08618164
v -0.05297851 0.58349609 0.07983399
v -0.05346679 0.58349609 0.06860352
v 0.00024415 0.52441406 0.06762695
v 0.00024415 0.53808594 0.08276367
v 0.00024415 0.54541016 0.08618164
v -0.02905273 0.51220703 0.04858399
v -0.03637695 0.51806641 0.04858399
v 0.00024415 0.51074219 0.04907227
v -0.04370117 0.62548828 0.07983398
v -0.05297851 0.59033203 0.07983398
v -0.03833007 0.62548828 0.08569336
v -0.05297851 0.59033203 0.06860352
v -0.04418945 0.62548828 0.06860352
v -0.04614257 0.62695312 0.07592773
v -0.05053711 0.59326172 0.07202148
v -0.05249023 0.58642578 0.06567383
v -0.04223632 0.62841797 0.07202148
v -0.04272461 0.62841797 0.06323242
v -0.05151368 0.58496094 0.01000977
v -0.05200196 0.57812500 0.01049805
v 0.00024413 0.62939453 -0.00903321
v -0.06469727 0.64062500 -0.00952148
v -0.03344727 0.51611328 0.01000977
v -0.02661133 0.51025391 0.01000977
v -0.02856445 0.54736328 0.03247070
v -0.02954101 0.55712891 0.03491211
v -0.02856445 0.56640625 0.03247070
v -0.02709961 0.54052734 0.02563477
v -0.03881836 0.52392578 0.01293946
v -0.03442383 0.52832031 -0.00317382
v -0.02465820 0.53808594 0.01635742
v -0.02416993 0.51220703 -0.02954101
v -0.03100586 0.51806641 -0.02954101
v -0.04956056 0.57568359 -0.08520507
v -0.02221680 0.54052734 0.00756836
v 0.00024414 0.50878906 0.01000977
v 0.00024414 0.51074219 -0.02954102
v -0.03149414 0.54052734 -0.01489258
v -0.02075195 0.54736328 0.00073242
v -0.03002930 0.55712891 -0.01928711
v -0.01977539 0.55712891 -0.00170898
v -0.02661133 0.57324219 0.02563477
v -0.07055664 0.63818359 0.03979492
v -0.06176758 0.62500000 0.03540039
v -0.03491211 0.62011719 0.05297852
v -0.04028320 0.63281250 0.06030273
v -0.02807617 0.62060547 0.05053711
v -0.03247070 0.63281250 0.05737304
v -0.03833008 0.59033203 0.01293945
v -0.04956056 0.58300781 -0.08715820
v -0.03979494 0.62841797 -0.08715820
v -0.02465820 0.57568359 0.01635742
v -0.02221680 0.57324219 0.00756836
v -0.03393555 0.58593750 -0.00317383
v -0.02270508 0.61865234 0.05395508
v -0.02661133 0.63085938 0.06127929
v 0.00024414 0.63085938 0.06127929
v 0.00024414 0.61865234 0.05395507
v -0.02026368 0.56640625 0.00073242
v -0.03100586 0.57373047 -0.01489258
v -0.08666992 0.71630859 0.06323243
v -0.11694337 0.72802734 0.03002930
v -0.11401368 0.72265625 0.02905274
v -0.08813477 0.71435547 0.05786133
v -0.06225586 0.68017578 0.06616211
v -0.06176758 0.68408203 0.07055664
v -0.13403320 0.80371094 0.05151368
v -0.06274414 0.77246094 0.11010741
v -0.10083008 0.65136719 0.04321290
v -0.09838867 0.65087891 0.04663086
v -0.05395507 0.64306641 0.07006836
v -0.11108399 0.65527344 -0.01049804
v -0.09448242 0.65185547 0.03979493
v -0.10473634 0.65576172 -0.01049804
v -0.05493164 0.64355469 0.06176758
v -0.07641602 0.65283203 -0.01000976
v -0.07202148 0.62500000 0.01586914
v -0.08178711 0.63818359 0.01782227
v -0.07836914 0.67041016 0.03198243
v -0.08959962 0.66992188 0.01049805
v -0.05883789 0.66894531 0.05249023
v -0.08715821 0.67431641 0.00903321
v -0.07690430 0.67431641 0.02954102
v -0.05395508 0.67285156 0.04809570
v -0.07446290 0.62500000 -0.02026367
v -0.08471680 0.63818359 -0.02319335
v -0.09301759 0.66894531 -0.02954101
v -0.08081055 0.67773438 0.03100586
v -0.09155274 0.67724609 0.00952149
v -0.10522462 0.71923828 0.00415039
v -0.09448243 0.71923828 0.02563477
v -0.06518555 0.71582031 0.05102539
v -0.05541992 0.67675781 0.05102539
v -0.09106447 0.67333984 -0.02954101
v -0.09545900 0.67626953 -0.03051757
v -0.10913087 0.71923828 -0.03686523
v -0.08666992 0.71386719 0.04711914
v -0.10375977 0.71484375 -0.00122070
v -0.11840822 0.72509766 -0.04663086
v -0.11352541 0.72167969 -0.04565429
v -0.13989259 0.76464844 0.00756837
v -0.13989259 0.75390625 -0.05737304
v -0.09887696 0.73144531 0.00268555
v -0.08862305 0.73144531 0.02319336
v -0.06127930 0.72851562 0.04663086
v -0.10229494 0.73144531 -0.03540039
v -0.06225586 0.68017578 0.05541992
v -0.04418945 0.71337891 0.06469727
v -0.04174805 0.70263672 0.07153320
v -0.03833008 0.67138672 0.06176757
v -0.03442383 0.71337891 0.07543945
v -0.04125976 0.62792969 0.07983398
v -0.04174804 0.62792969 0.06860352
v 0.00024415 0.62548828 0.08569335
v 0.00024415 0.62792969 0.07983398
v 0.00024414 0.62792969 0.06860351
v -0.05493164 0.67968750 0.06713867
v -0.05688477 0.68408203 0.07104492
v -0.04272461 0.70263672 0.08911133
v -0.04565429 0.70556641 0.09301758
v -0.05444336 0.67968750 0.05786133
v -0.03979492 0.70751953 0.09350586
v -0.03881836 0.70458984 0.08959961
v -0.03833008 0.70458984 0.07153320
v -0.05444336 0.77392578 0.11108398
v 0.00024414 0.70507812 0.08959960
v 0.00024414 0.70849609 0.09350585
v 0.00024414 0.77392578 0.11108397
v 0.00024414 0.70507812 0.07153320
v 0.00024414 0.71337891 0.06469726
v 0.00024414 0.71337891 0.07690429
v -0.24633791 0.80273438 0.00170900
v -0.23510744 0.83349609 0.00561525
v -0.24536134 0.83593750 0.00268556
v -0.25366211 0.81054688 -0.00073240
v -0.20874025 0.78857422 0.00708009
v -0.19799806 0.82519531 0.01000978
v -0.25512695 0.80566406 -0.00708006
v -0.24780275 0.79785156 -0.00512693
v -0.21020509 0.78173828 -0.00073241
v -0.18383791 0.77392578 0.00024415
v -0.18188478 0.78076172 0.00756837
v -0.17016603 0.81982422 0.00952149
v -0.23559572 0.86376953 0.00415041
v -0.24194337 0.86425781 0.00024416
v -0.25170901 0.83789062 -0.00170897
v -0.22485353 0.86035156 0.00756837
v -0.26000980 0.81640625 -0.00854490
v -0.19018556 0.85156250 0.01098634
v -0.23071291 0.87792969 0.00024415
v -0.23706056 0.87695312 -0.00366209
v -0.21899416 0.87451172 0.00415040
v -0.18530275 0.86718750 0.00708009
v -0.18139650 0.88037109 0.00170899
v -0.21215822 0.88818359 -0.00073241
v -0.22631837 0.89062500 -0.00463866
v -0.16430666 0.83935547 0.00952149
v -0.15942384 0.85400391 0.00610352
v -0.20971681 0.78125000 -0.02026366
v -0.18286134 0.77343750 -0.01831053
v -0.17114259 0.78759766 -0.00756835
v -0.17260744 0.78076172 -0.01635741
v -0.17211916 0.77929688 -0.03149413
v -0.16284181 0.81933594 0.00317384
v -0.05981445 0.77978516 0.11010741
v -0.13305664 0.81152344 0.05249024
v -0.13745117 0.80957031 0.04760743
v -0.13159181 0.85888672 0.02075195
v -0.13647462 0.85693359 0.01733399
v -0.13696291 0.84472656 -0.01293945
v -0.13793947 0.82617188 -0.00756836
v -0.06420899 0.84960938 0.06079101
v -0.15600587 0.84423828 0.00366211
v -0.16186525 0.81445312 -0.02416991
v -0.15698244 0.82958984 -0.01879882
v -0.15502931 0.86767578 0.00122071
v -0.15112306 0.86083984 -0.00122070
v -0.14672853 0.87304688 -0.01000976
v -0.15063478 0.87939453 -0.00756836
v -0.17749025 0.89160156 -0.00708007
v -0.13598634 0.85888672 -0.02612304
v -0.13452150 0.87500000 -0.01049805
v -0.12963869 0.87744141 -0.00903320
v -0.06225588 0.88574219 0.00024413
v -0.23315431 0.88867188 -0.00903319
v -0.20581056 0.89990234 -0.00854491
v 0.00024414 0.77978516 0.11010741
v 0.00024413 0.84960938 0.06079100
v 0.00024413 0.87500000 0.01831053
v -0.05444337 0.87500000 0.01831054
v 0.00024412 0.86230469 -0.00073244
v -0.05249025 0.86230469 -0.00073243
v -0.12915042 0.89160156 -0.04272461
v -0.06420901 0.90185547 -0.03540040
v -0.05444338 0.88574219 0.00024413
v -0.05493166 0.90185547 -0.03540040
v -0.01635744 0.88476562 0.01000975
v -0.01391603 0.88623047 0.01489256
v -0.01538088 0.90576172 0.01489256
v -0.02124025 0.90917969 0.00170897
v -0.01196291 0.88281250 0.00903319
v -0.00610353 0.88281250 0.00903319
v -0.00708009 0.88623047 0.01489256
v -0.00756838 0.90576172 0.01489256
v -0.00854494 0.89160156 -0.02270509
v -0.01733400 0.89160156 -0.02221681
v 0.00024413 0.88281250 0.00903319
v 0.00024413 0.88623047 0.01489256
v 0.00024412 0.90576172 0.01489256
v 0.00024412 0.89160156 -0.02270509
v -0.00903322 0.92041016 0.01489256
v -0.01782228 0.92041016 0.01489256
v 0.00024412 0.92089844 0.01489256
v -0.02807619 0.92285156 0.01147459
v -0.01928713 0.91992188 0.01782225
v -0.01977541 0.92089844 0.01977537
v -0.02905275 0.92382812 0.01342772
v -0.00952150 0.91894531 0.01928709
v -0.01000978 0.92041016 0.02124022
v -0.03002931 0.94921875 0.01733397
v -0.02026369 0.94775391 0.02270506
v -0.01000978 0.94726562 0.02514647
v -0.02368166 0.89453125 -0.00756837
v -0.02124025 0.88964844 -0.00366212
v -0.02368166 0.90722656 -0.00317384
v -0.04077150 0.95312500 0.00219725
v -0.03833010 0.92968750 -0.00073244
v -0.03735353 0.92773438 -0.00219728
v 0.00024412 0.91894531 0.02026365
v 0.00024413 0.91992188 0.02221678
v 0.00024412 0.94677734 0.02563475
v -0.04663088 0.93554688 -0.01635743
v -0.04711916 0.95605469 -0.01245118
v -0.03540041 0.95849609 -0.01538088
v -0.03149416 0.95703125 -0.00756838
v -0.01831057 0.95654297 0.00708006
v -0.02026369 0.95654297 0.00561522
v -0.00952150 0.95605469 0.00952147
v -0.02612307 0.95654297 0.00024412
v -0.02075197 0.96289062 0.00122069
v -0.02612307 0.96240234 -0.00366213
v -0.03149416 0.96191406 -0.01049806
v -0.01879885 0.95703125 0.00512694
v -0.01879885 0.96240234 0.00122069
v -0.01831057 0.96337891 0.00268553
v -0.00952150 0.96337891 0.00463865
v -0.02661135 0.97167969 -0.01000978
v -0.02124025 0.97265625 -0.00561525
v -0.01928713 0.97216797 -0.00610353
v -0.01879885 0.97314453 -0.00463869
v -0.01000979 0.97412109 -0.00268557
v 0.00024412 0.95605469 0.01049803
v 0.00024412 0.96337891 0.00610350
v 0.00024412 0.97412109 -0.00170901
v -0.27807617 0.43115234 -0.00708004
v -0.27661133 0.43212891 -0.01049801
v -0.27954102 0.43310547 -0.01245113
v -0.28784180 0.44384766 -0.01196285
v -0.27709961 0.43212891 -0.01147457
v -0.27563477 0.43017578 -0.01342770
v -0.26684570 0.42578125 -0.01342770
v -0.27270508 0.43554688 -0.01147457
v -0.27368164 0.43798828 -0.01440426
v -0.28149414 0.44824219 -0.01440426
v -0.27075195 0.43554688 -0.01538082
v -0.27270508 0.43652344 -0.01342770
v -0.26391602 0.43066406 -0.01440426
v -0.26293945 0.42431641 -0.00610348
v -0.26440430 0.42382812 -0.01000973
v -0.26391602 0.42529297 -0.01245113
v -0.26196289 0.42871094 -0.01342770
v -0.27026367 0.44042969 -0.01196285
v -0.27026367 0.43750000 -0.01000973
v -0.26733398 0.43847656 -0.01293941
v -0.26977539 0.43896484 -0.01147457
v -0.26196289 0.43310547 -0.01245113
v -0.26147461 0.42578125 -0.00463863
v -0.25952148 0.42968750 -0.00561520
v -0.26196289 0.42724609 -0.00366207
v -0.26342773 0.42480469 -0.00512692
v -0.26147461 0.42382812 -0.00463863
v -0.25952148 0.42675781 -0.00268551
v -0.25756836 0.43164062 -0.00415035
v -0.26000977 0.43164062 -0.00512692
v -0.26293945 0.42236328 -0.01147457
v -0.26489258 0.42382812 -0.01049801
v -0.25024414 0.42431641 -0.00903317
v -0.25024414 0.42675781 -0.00756832
v -0.25024414 0.43066406 -0.00854489
v -0.25170898 0.42285156 -0.01342770
v -0.25903320 0.43115234 -0.00756832
v -0.26000977 0.43359375 -0.00659176
v -0.26489258 0.43945312 -0.00512692
v -0.25708008 0.43359375 -0.00805660
v -0.25952148 0.43310547 -0.00805660
v -0.26049805 0.43066406 -0.01196285
v -0.26245117 0.42431641 -0.01489254
v -0.26440430 0.42529297 -0.01342770
v -0.25219727 0.42431641 -0.01586910
v -0.26049805 0.42919922 -0.01635738
v -0.26245117 0.42919922 -0.01489254
v -0.25219727 0.42871094 -0.01684567
v -0.26098633 0.43212891 -0.01342770
v -0.25854492 0.43212891 -0.01440426
v -0.25122070 0.43212891 -0.01098629
v -0.25219727 0.43115234 -0.01538082
v -0.24877930 0.42431641 -0.01000973
v -0.24829102 0.42626953 -0.00903317
v -0.24877930 0.42968750 -0.01000973
v -0.24975586 0.42382812 -0.01342770
v -0.25024414 0.42480469 -0.01538082
v -0.25024414 0.42822266 -0.01635738
v -0.24926758 0.43115234 -0.01147457
v -0.24975586 0.43017578 -0.01489254
v -0.29272461 0.45312500 -0.01245113
v -0.29614258 0.46728516 -0.01733394
v -0.29614258 0.50244141 -0.02612301
v -0.28930664 0.44677734 -0.01098629
v -0.28881836 0.44921875 -0.00756832
v -0.28833008 0.45117188 -0.00708004
v -0.28588867 0.45263672 -0.00805660
v -0.28344727 0.45068359 -0.01293941
v -0.27661133 0.45507812 -0.01489254
v -0.27758789 0.45068359 -0.00903316
v -0.28002930 0.45312500 -0.01049801
v -0.28442383 0.45312500 -0.00708004
v -0.27758789 0.45068359 -0.01196285
v -0.27807617 0.46630859 -0.01879879
v -0.27709961 0.49853516 -0.02954098
v -0.26782227 0.43994141 -0.00561520
v -0.29418945 0.50585938 -0.02465816
v -0.27905273 0.50292969 -0.02807613
v -0.27465820 0.50341797 -0.02514645
v -0.22973631 0.05517578 -0.03442378
v -0.22338866 0.04833984 -0.02758784
v -0.22387694 0.06201172 -0.01782222
v -0.23022459 0.06591797 -0.02661128
v -0.22338866 0.07861328 -0.01440425
v -0.22973631 0.07910156 -0.02368159
v -0.16674803 0.04541016 -0.02319332
v -0.16772459 0.05908203 -0.01342769
v -0.16674803 0.07568359 -0.01000973
v -0.22827147 0.04931641 -0.04614253
v -0.22143553 0.04003906 -0.04272456
v -0.16479491 0.03759766 -0.03833004
v -0.21459959 0.03076172 -0.04467768
v -0.22045897 0.03076172 -0.05297846
v -0.22241209 0.00683594 -0.05200190
v -0.21655272 0.00683594 -0.04370112
v -0.21362303 0.00097656 -0.04711909
v -0.21850584 0.00097656 -0.05297846
v -0.21899413 0.03125000 -0.06811518
v -0.21508788 0.03466797 -0.08032221
v -0.20385742 0.00781250 -0.12329096
v -0.20141602 0.00000000 -0.12084956
v -0.21362303 0.03466797 -0.04711909
v -0.21801756 0.03466797 -0.05297847
v -0.21655272 0.03515625 -0.06713862
v -0.22631834 0.04833984 -0.05932612
v -0.21850584 0.03955078 -0.05981440
v -0.16235350 0.03662109 -0.05541988
v -0.21557616 0.04638672 -0.07495112
v -0.22387694 0.05371094 -0.07153315
v -0.18920897 0.01757812 -0.00219722
v -0.20239256 0.01806641 -0.00463862
v -0.11547850 0.00146484 -0.02709957
v -0.11450194 0.00439453 -0.02319332
v -0.11450194 0.02832031 -0.02416989
v -0.11450194 0.03222656 -0.02661129
v -0.10864256 0.00146484 -0.03051754
v -0.10180663 0.00000000 -0.10131832
v -0.21215819 0.03710938 -0.05249019
v -0.21118163 0.03808594 -0.06567378
v -0.11352538 0.03515625 -0.03198239
v -0.11010741 0.03515625 -0.04663083
v -0.15942381 0.04345703 -0.07055660
v -0.22045897 0.08007812 -0.01440425
v -0.21655272 0.07324219 -0.01635738
v -0.22827147 0.09228516 -0.02709956
v -0.22143553 0.09521484 -0.01879878
v -0.16528319 0.09228516 -0.01440426
v -0.21215819 0.11230469 -0.03881831
v -0.21899413 0.10791016 -0.02954097
v -0.22631834 0.10205078 -0.03588862
v -0.16235350 0.10498047 -0.02514645
v -0.22387694 0.10742188 -0.04809565
v -0.21606444 0.11474609 -0.04516597
v -0.15942381 0.11181641 -0.04077144
v -0.21313475 0.11376953 -0.06176753
v -0.22192381 0.10693359 -0.06127925
v -0.21118164 0.10595703 -0.07690425
v -0.22045897 0.10058594 -0.07299800
v -0.20141600 0.10937500 -0.03930660
v -0.20971678 0.11962891 -0.04663082
v -0.20043944 0.11572266 -0.04711910
v -0.15649413 0.11132812 -0.05737301
v -0.19702147 0.11962891 -0.06274410
v -0.20385741 0.12451172 -0.06518550
v -0.20825194 0.13183594 -0.06420894
v -0.15454100 0.10302734 -0.07250973
v -0.11645506 0.10400391 -0.03100583
v -0.11206054 0.10791016 -0.04663083
v -0.19409180 0.10107422 -0.08618160
v -0.19604492 0.09179688 -0.08032223
v -0.19995116 0.11425781 -0.05981441
v -0.20043944 0.12500000 -0.06762691
v -0.19750975 0.11962891 -0.05834957
v -0.19799803 0.12744141 -0.06420895
v -0.21264647 0.03857422 -0.07885737
v -0.21313475 0.05908203 -0.08569331
v -0.22143553 0.06396484 -0.07983393
v -0.20727538 0.04150391 -0.07690424
v -0.10961913 0.03808594 -0.05834958
v -0.15649413 0.05615234 -0.08129878
v -0.20874022 0.04394531 -0.08715815
v -0.20434569 0.04541016 -0.08325190
v -0.11010741 0.04199219 -0.06518551
v -0.21069334 0.04101562 -0.09008784
v -0.20385742 0.05029297 -0.09350581
v -0.19946288 0.05126953 -0.08959956
v -0.11206054 0.04833984 -0.07299801
v -0.20483398 0.04882812 -0.09790034
v -0.19995117 0.03564453 -0.12133784
v -0.22045897 0.07666016 -0.08325191
v -0.21118164 0.07568359 -0.09008785
v -0.15454102 0.07275391 -0.08569331
v -0.19799805 0.05322266 -0.09985347
v -0.19799805 0.05371094 -0.09497066
v -0.11108398 0.05029297 -0.07836910
v -0.19506836 0.00000000 -0.12329097
v -0.19604492 0.00781250 -0.12670894
v -0.19213867 0.03662109 -0.12475581
v -0.10717773 0.00000000 -0.10620113
v -0.10473632 0.00341797 -0.10864254
v -0.19262695 0.03906250 -0.12280269
v -0.10913085 0.04980469 -0.08276363
v -0.10717773 0.03515625 -0.10668942
v -0.10717773 0.03222656 -0.10815426
v -0.21997070 0.08984375 -0.08081050
v -0.21069336 0.09228516 -0.08715816
v -0.15405273 0.08935547 -0.08227535
v -0.19018555 0.09619141 -0.08862301
v -0.19165039 0.08740234 -0.08325192
v -0.19018555 0.11962891 -0.07104488
v -0.19653320 0.12548828 -0.07446285
v -0.19995117 0.13281250 -0.07495113
v -0.18872070 0.12451172 -0.07739254
v -0.14965820 0.12011719 -0.07446285
v -0.15112303 0.11523438 -0.06958004
v -0.18774414 0.13183594 -0.07934567
v -0.14819336 0.12695312 -0.07690426
v -0.18823242 0.09912109 -0.09057613
v -0.19067383 0.10644531 -0.08911129
v -0.19555664 0.13232422 -0.07202145
v -0.18579102 0.10888672 -0.08959957
v -0.18481445 0.10107422 -0.09106442
v -0.19067383 0.13476562 -0.07299801
v -0.11059569 0.04248047 -0.01879879
v -0.11108397 0.05615234 -0.00903317
v -0.11059569 0.07324219 -0.00561520
v -0.10864256 0.03466797 -0.03393551
v -0.10571288 0.03369141 -0.05102536
v -0.10278319 0.04052734 -0.06616207
v -0.10864256 0.08935547 -0.01000973
v -0.10620116 0.10253906 -0.02075192
v -0.10278319 0.10937500 -0.03637692
v -0.10034179 0.10839844 -0.05297848
v -0.09838866 0.10058594 -0.06811520
v -0.09985351 0.05371094 -0.07690426
v -0.09838866 0.06982422 -0.08129879
v -0.17163086 0.10937500 -0.08813473
v -0.17163086 0.10205078 -0.09008785
v -0.17407227 0.13427734 -0.07104488
v -0.16625977 0.10546875 -0.08520504
v -0.16625977 0.09814453 -0.08715817
v -0.13208008 0.09619141 -0.08276364
v -0.13110352 0.10351562 -0.08081052
v -0.16870117 0.13085938 -0.06811520
v -0.13110350 0.12792969 -0.06274411
v -0.09741210 0.08691406 -0.07788083
v -0.11303710 0.11425781 -0.06274411
v -0.11499023 0.10937500 -0.05688473
v -0.11059570 0.12109375 -0.06469724
v -0.12475585 0.10693359 -0.08178708
v -0.12524414 0.09912109 -0.08374020
v -0.11059570 0.10449219 -0.07983395
v -0.11254882 0.09716797 -0.08178708
v -0.12426757 0.13085938 -0.06372067
v -0.19116211 0.19042969 -0.08959957
v -0.19409180 0.13330078 -0.06762692
v -0.19067383 0.13427734 -0.06811520
v -0.17651367 0.18750000 -0.09350582
v -0.17504883 0.13427734 -0.06567379
v -0.13842773 0.18212891 -0.09155270
v -0.18286133 0.23388672 -0.10571285
v -0.16723633 0.23046875 -0.11010738
v -0.17895508 0.25878906 -0.11157224
v -0.19067383 0.25976562 -0.09838864
v -0.12524413 0.13037109 -0.05834958
v -0.10961913 0.12841797 -0.05590817
v -0.10815429 0.12890625 -0.06079099
v -0.10327148 0.17626953 -0.07885739
v -0.12963867 0.22509766 -0.10864255
v -0.09497070 0.21923828 -0.09594724
v -0.16235352 0.25634766 -0.11596677
v -0.12475587 0.25048828 -0.11499021
v -0.09008789 0.24462891 -0.10180662
v -0.10571288 0.00439453 -0.02856442
v -0.10571288 0.02832031 -0.03002926
v -0.10815428 0.03222656 -0.03051754
v -0.09838866 0.00341797 -0.10278317
v -0.10180663 0.03125000 -0.05883786
v -0.10229491 0.02783203 -0.04565426
v -0.10473631 0.03173828 -0.04614254
v -0.10131834 0.04785156 -0.02319333
v -0.10180663 0.05859375 -0.01489255
v -0.10131834 0.07177734 -0.01245114
v -0.09985350 0.04150391 -0.03491208
v -0.10424803 0.03515625 -0.05834958
v -0.10473631 0.04003906 -0.06713863
v -0.09790038 0.04101562 -0.04809567
v -0.09545897 0.04638672 -0.05981442
v -0.10180663 0.03710938 -0.06909176
v -0.09350585 0.05664062 -0.06860348
v -0.09985350 0.08447266 -0.01586911
v -0.09790038 0.09472656 -0.02465817
v -0.10717772 0.10498047 -0.02709958
v -0.10375976 0.11083984 -0.04565426
v -0.09545897 0.10009766 -0.03637692
v -0.09838866 0.11621094 -0.04321286
v -0.10668945 0.11328125 -0.05737301
v -0.10522460 0.12060547 -0.05053708
v -0.10864257 0.11279297 -0.04565426
v -0.10668945 0.10742188 -0.04663083
v -0.10229491 0.11767578 -0.05346677
v -0.10522460 0.09570312 -0.07446286
v -0.10668945 0.08642578 -0.06909177
v -0.09350585 0.09960938 -0.04956052
v -0.10131835 0.11914062 -0.05590817
v -0.09155273 0.17529297 -0.07006833
v -0.09204101 0.09326172 -0.06127927
v -0.10424804 0.12548828 -0.05883786
v -0.10717773 0.12695312 -0.05493161
v -0.10668945 0.10156250 -0.07788083
v -0.09155273 0.08251953 -0.06909177
v -0.10620116 0.04687500 -0.07495113
v -0.10375976 0.04541016 -0.07836910
v -0.10131835 0.03125000 -0.10229488
v -0.09204101 0.06933594 -0.07202145
v -0.11059570 0.08251953 -0.07299802
v -0.10913085 0.09130859 -0.07836911
v -0.11010741 0.09472656 -0.08032224
v -0.08178711 0.21826172 -0.08618162
v -0.07690430 0.24267578 -0.09155271
v -0.07153320 0.24169922 -0.07543943
v -0.07348633 0.26757812 -0.09252928
v -0.08618164 0.27001953 -0.10229490
v -0.12084962 0.27587891 -0.11596677
v -0.17456055 0.28320312 -0.11206052
v -0.17260742 0.35937500 -0.02758786
v -0.17309570 0.36767578 -0.01684568
v -0.17407227 0.36914062 -0.01879880
v -0.17309570 0.36132812 -0.02856443
v -0.17260742 0.37988281 -0.01098630
v -0.17309570 0.38037109 -0.01342771
v -0.17163086 0.39306641 -0.01342771
v -0.16870117 0.40429688 -0.01879880
v -0.17114258 0.35839844 -0.04077145
v -0.17016602 0.35595703 -0.04077145
v -0.16333008 0.34814453 -0.03930661
v -0.08959960 0.33691406 -0.02465818
v -0.15991211 0.35107422 -0.05493161
v -0.16723633 0.35888672 -0.05346677
v -0.16870117 0.36083984 -0.05297849
v -0.08569336 0.34033203 -0.04028318
v -0.16528320 0.36865234 -0.06225583
v -0.16430664 0.36718750 -0.06372067
v -0.15551758 0.36132812 -0.06762692
v -0.08178711 0.35009766 -0.05297850
v -0.16137695 0.37890625 -0.06958005
v -0.16284180 0.37939453 -0.06762692
v -0.16040039 0.40332031 -0.06225583
v -0.16088867 0.39208984 -0.06762692
v -0.15844727 0.28125000 -0.11645505
v -0.17065430 0.30566406 -0.10766599
v -0.16577148 0.33837891 -0.09790036
v -0.15600586 0.30419922 -0.11206052
v -0.15405273 0.33593750 -0.10229489
v -0.11791993 0.29882812 -0.11157224
v -0.11499024 0.33007812 -0.10180662
v -0.16430664 0.35156250 -0.09204099
v -0.15209961 0.37597656 -0.07446286
v -0.15405273 0.35400391 -0.09399411
v -0.07836914 0.36474609 -0.06030272
v -0.11450196 0.35302734 -0.08862302
v -0.11401368 0.34960938 -0.09301756
v -0.17065430 0.39355469 -0.01098630
v -0.16772461 0.40527344 -0.01684568
v -0.16479492 0.41357422 -0.02709958
v -0.16577148 0.41162109 -0.02807615
v -0.15844727 0.41943359 -0.02368162
v -0.16235352 0.42675781 -0.02270505
v -0.16333008 0.41406250 -0.04028318
v -0.16186523 0.41601562 -0.04028318
v -0.15258789 0.42187500 -0.03930662
v -0.07788086 0.41015625 -0.02563475
v -0.15747070 0.43261719 -0.04760740
v -0.15258789 0.42431641 -0.04760740
v -0.13110352 0.41357422 -0.05249021
v -0.15795898 0.45312500 -0.04125974
v -0.16137695 0.41113281 -0.05249021
v -0.15942383 0.41308594 -0.05297849
v -0.15698242 0.40722656 -0.06372067
v -0.15942383 0.39208984 -0.06958005
v -0.15698242 0.40478516 -0.06616208
v -0.14916992 0.40917969 -0.06420895
v -0.15014648 0.41748047 -0.05395506
v -0.14819336 0.42333984 -0.05737302
v -0.15258789 0.43115234 -0.06176756
v -0.15258789 0.45361328 -0.06127927
v -0.14965820 0.41845703 -0.05541990
v -0.15161133 0.42041016 -0.04418943
v -0.15014648 0.42480469 -0.04711912
v -0.07739258 0.40820312 -0.03051757
v -0.07592773 0.41308594 -0.03344725
v -0.14868164 0.42871094 -0.05200193
v -0.14819336 0.42187500 -0.06079099
v -0.14819336 0.41259766 -0.06811520
v -0.14331055 0.42333984 -0.06274412
v -0.14379883 0.43017578 -0.05444334
v -0.14038086 0.42089844 -0.06420897
v -0.14428711 0.42919922 -0.06909177
v -0.14428711 0.45263672 -0.07055662
v -0.07739258 0.41259766 -0.05053709
v -0.07788086 0.41943359 -0.04223631
v -0.12915039 0.41650391 -0.06762694
v -0.14477539 0.41357422 -0.06909177
v -0.10717774 0.40966797 -0.06323240
v -0.15209961 0.50097656 -0.03833006
v -0.14624025 0.50097656 -0.05737303
v -0.13842775 0.50048828 -0.07006834
v -0.14965820 0.39208984 -0.07446286
v -0.14819336 0.40625000 -0.07250974
v -0.14916992 0.40527344 -0.06713864
v -0.07592773 0.38085938 -0.05981444
v -0.07446289 0.39404297 -0.05883788
v -0.07690430 0.40283203 -0.05639647
v -0.12817383 0.42333984 -0.07348631
v -0.12573244 0.44873047 -0.07543944
v -0.10522462 0.41601562 -0.06909178
v -0.10083009 0.44433594 -0.07055663
v -0.11840821 0.49609375 -0.07495116
v -0.09155274 0.49072266 -0.06958006
v -0.08081054 0.34277344 -0.02319334
v -0.07788086 0.34521484 -0.03588865
v -0.07934570 0.34472656 -0.02270506
v -0.07690430 0.34716797 -0.03491209
v -0.07495117 0.35351562 -0.04614256
v -0.07104492 0.29052734 -0.08862303
v -0.06958008 0.32373047 -0.07983397
v -0.06958008 0.33740234 -0.07446288
v -0.07202148 0.36572266 -0.05200193
v -0.07006836 0.37890625 -0.05200194
v -0.07348633 0.35498047 -0.04418943
v -0.07104492 0.36572266 -0.04956053
v -0.06909180 0.37841797 -0.04956054
v -0.06860352 0.38964844 -0.04418944
v -0.08276368 0.29296875 -0.09790038
v -0.07885743 0.32421875 -0.08813475
v -0.07739258 0.34277344 -0.07983397
v -0.08520509 0.40917969 -0.05883788
v -0.07202148 0.40283203 -0.02270507
v -0.07153320 0.40039062 -0.02221678
v -0.07006836 0.39941406 -0.03540038
v -0.06958008 0.39746094 -0.03442382
v -0.07592773 0.40527344 -0.04028319
v -0.07543945 0.40673828 -0.04174803
v -0.06372070 0.41455078 -0.04174804
v -0.07055664 0.40869141 -0.03979491
v -0.05883789 0.43359375 -0.03881835
v -0.07495117 0.40917969 -0.04956053
v -0.06958008 0.39257812 -0.04760741
v -0.06958008 0.39013672 -0.04956054
v -0.07543945 0.39697266 -0.05053709
v -0.07543945 0.39306641 -0.05346678
v -0.07397461 0.40039062 -0.05444334
v -0.07397461 0.41015625 -0.04663084
v -0.06811523 0.41503906 -0.05151366
v -0.08178712 0.41552734 -0.06469726
v -0.07446289 0.41699219 -0.03833006
v -0.06176758 0.43554688 -0.05053710
v -0.07543946 0.43945312 -0.06616210
v -0.06518555 0.48583984 -0.06372070
v -0.12719728 0.54931641 -0.06420897
v -0.10913087 0.54687500 -0.06762694
v -0.08227540 0.54638672 -0.06127929
v -0.05053711 0.48144531 -0.04809570
v -0.05541993 0.54541016 -0.05541992
v -0.04467774 0.53125000 -0.04516601
v -0.04711914 0.47949219 -0.03540038
v -0.04272461 0.52001953 -0.03198241
v -0.30981445 0.51611328 -0.03491207
v -0.31030273 0.51855469 -0.03686519
v -0.30297855 0.59423828 -0.09301755
v -0.30981445 0.52294922 -0.04174801
v -0.30541992 0.51025391 -0.02905269
v -0.29321289 0.50830078 -0.03491207
v -0.28881836 0.51318359 -0.01782223
v -0.29711914 0.50781250 -0.02124020
v -0.29614258 0.51464844 -0.04223629
v -0.27661133 0.51123047 -0.02221676
v -0.27612305 0.50830078 -0.03540035
v -0.28540042 0.58837891 -0.09985349
v -0.29516602 0.52441406 -0.05004879
v -0.30541992 0.52441406 -0.04614254
v -0.27758789 0.51464844 -0.04272457
v -0.27612305 0.52441406 -0.05102535
v -0.26538089 0.58593750 -0.09985349
v -0.26293945 0.51220703 -0.02026364
v -0.25903320 0.50830078 -0.03442379
v -0.25903320 0.51464844 -0.04174801
v -0.25708008 0.52441406 -0.05053708
v -0.24536134 0.58300781 -0.09985349
v -0.24243164 0.51708984 -0.03442379
v -0.24536133 0.51074219 -0.02807614
v -0.22583009 0.58398438 -0.09252927
v -0.24584961 0.52490234 -0.04614254
v -0.29809570 0.66796875 -0.03686520
v -0.30395511 0.63623047 -0.10034177
v -0.29614261 0.62695312 -0.11596677
v -0.27807620 0.62011719 -0.12280270
v -0.25805667 0.61669922 -0.12280270
v -0.23803712 0.61279297 -0.12280271
v -0.29125980 0.64843750 -0.12622066
v -0.27368167 0.64257812 -0.13256833
v -0.25317386 0.63916016 -0.13256833
v -0.23266605 0.63525391 -0.13256833
v -0.28295898 0.68945312 -0.03930661
v -0.28149414 0.68750000 -0.03198239
v -0.29370120 0.68017578 -0.06176755
v -0.28393558 0.68603516 -0.05981442
v -0.28100589 0.69873047 -0.06274411
v -0.28979495 0.69628906 -0.06860349
v -0.28344727 0.68945312 -0.04711911
v -0.27368164 0.68750000 -0.04711911
v -0.27368167 0.68408203 -0.05786130
v -0.27075198 0.69824219 -0.06127927
v -0.27124023 0.68115234 -0.02612302
v -0.27807617 0.68212891 -0.02514645
v -0.26586914 0.67285156 -0.01782224
v -0.24780275 0.66943359 -0.01782224
v -0.27319336 0.68603516 -0.03247067
v -0.24877931 0.65917969 -0.05346677
v -0.26635742 0.66357422 -0.05346677
v -0.26684570 0.67333984 -0.04174802
v -0.27075195 0.65820312 -0.05346677
v -0.26635742 0.65576172 -0.05249021
v -0.26245117 0.67187500 -0.04028318
v -0.27221683 0.65087891 -0.07153317
v -0.26733401 0.64892578 -0.07153317
v -0.23608400 0.66455078 -0.03979490
v -0.23999025 0.64892578 -0.05200193
v -0.24145509 0.64160156 -0.07055662
v -0.27368164 0.68798828 -0.03979489
v -0.27319336 0.66357422 -0.05737302
v -0.27026367 0.67626953 -0.04760739
v -0.25854492 0.68701172 -0.03686521
v -0.26147461 0.68798828 -0.03735349
v -0.26391602 0.68945312 -0.04028318
v -0.27465823 0.65820312 -0.07250974
v -0.24682620 0.66845703 -0.11743162
v -0.26635745 0.67236328 -0.11791989
v -0.27319339 0.66064453 -0.08862302
v -0.26977542 0.67041016 -0.10083005
v -0.26586917 0.68554688 -0.10571286
v -0.27124026 0.67968750 -0.05981442
v -0.26782230 0.69677734 -0.06372067
v -0.23168947 0.67968750 -0.03588865
v -0.23120119 0.68115234 -0.03930662
v -0.25756836 0.68847656 -0.04028318
v -0.26635742 0.69042969 -0.04418943
v -0.26489258 0.69433594 -0.04467771
v -0.26147464 0.70019531 -0.10327145
v -0.27807620 0.71044922 -0.07348630
v -0.26831058 0.71044922 -0.07250974
v -0.26538089 0.70800781 -0.07397458
v -0.26879886 0.70654297 -0.05151365
v -0.26928714 0.70458984 -0.05541990
v -0.26049808 0.70214844 -0.05493161
v -0.26245120 0.70458984 -0.05053708
v -0.26977542 0.72607422 -0.03930662
v -0.27319339 0.71191406 -0.05297849
v -0.26635742 0.72460938 -0.03393552
v -0.26879886 0.70507812 -0.06127927
v -0.27270511 0.71240234 -0.06079099
v -0.26000980 0.70263672 -0.06079099
v -0.27172855 0.71386719 -0.06372067
v -0.26831058 0.70654297 -0.06420895
v -0.25952151 0.70410156 -0.06372067
v -0.25805667 0.70849609 -0.04467771
v -0.26293945 0.69335938 -0.04077146
v -0.26049805 0.69238281 -0.03735349
v -0.25512695 0.70947266 -0.03979490
v -0.25756836 0.69140625 -0.03637693
v -0.25219727 0.70898438 -0.03881833
v -0.26000980 0.70605469 -0.05004880
v -0.25659183 0.71093750 -0.10083005
v -0.23022462 0.68359375 -0.03540037
v -0.22534181 0.70117188 -0.03784177
v -0.25805664 0.71533203 -0.03491209
v -0.25561523 0.71386719 -0.03588865
v -0.21948244 0.70361328 -0.03442381
v -0.21704103 0.70312500 -0.03295896
v -0.21166994 0.70849609 -0.02905272
v -0.26000977 0.72265625 -0.03149412
v -0.25317383 0.71679688 -0.03686521
v -0.25512698 0.71826172 -0.04272459
v -0.25610355 0.71923828 -0.04809568
v -0.25024414 0.71582031 -0.03588865
v -0.22290041 0.70800781 -0.03491209
v -0.25463870 0.72119141 -0.07055662
v -0.21411134 0.70898438 -0.06860349
v -0.25317386 0.72363281 -0.09448240
v -0.25219727 0.75537109 -0.02221677
v -0.25854492 0.75781250 -0.02612302
v -0.26196292 0.75976562 -0.03247068
v -0.26440433 0.76269531 -0.05053709
v -0.27172855 0.72851562 -0.05541990
v -0.26928714 0.72900391 -0.08422849
v -0.27075198 0.72753906 -0.06958005
v -0.26977542 0.73095703 -0.08813474
v -0.26196292 0.76611328 -0.08471677
v -0.20092775 0.74072266 -0.01977538
v -0.29956058 0.65527344 -0.11108395
v -0.29858401 0.66503906 -0.09790036
v -0.29614261 0.67236328 -0.10864255
v -0.29565433 0.67236328 -0.11694333
v -0.28588870 0.67138672 -0.13110349
v -0.29174808 0.68652344 -0.11694333
v -0.29223636 0.68457031 -0.11352536
v -0.28198245 0.68896484 -0.12817381
v -0.28881839 0.69775391 -0.11108395
v -0.27856448 0.70410156 -0.11840817
v -0.26586917 0.65185547 -0.09106442
v -0.27075198 0.65380859 -0.09106442
v -0.23999025 0.64453125 -0.09008787
v -0.26684573 0.66601562 -0.10571286
v -0.26196292 0.66406250 -0.10620114
v -0.23608400 0.65673828 -0.10522459
v -0.26147464 0.68408203 -0.11157224
v -0.25659183 0.68261719 -0.11254880
v -0.24682620 0.66894531 -0.13354489
v -0.26538089 0.67285156 -0.13354491
v -0.23071291 0.67529297 -0.11157224
v -0.25268558 0.69873047 -0.11010740
v -0.25561526 0.69970703 -0.10961912
v -0.22583011 0.69140625 -0.10961912
v -0.28686526 0.70654297 -0.07690427
v -0.27661136 0.71582031 -0.08862302
v -0.28540042 0.71044922 -0.08911130
v -0.27709964 0.71337891 -0.10424802
v -0.28588870 0.70703125 -0.10180661
v -0.26635745 0.71630859 -0.08813474
v -0.26586917 0.72412109 -0.07104489
v -0.26391605 0.71289062 -0.08813474
v -0.26586917 0.71386719 -0.10473630
v -0.26342776 0.71093750 -0.10327145
v -0.26733401 0.71533203 -0.09545895
v -0.26733401 0.71533203 -0.09301755
v -0.26342776 0.70996094 -0.09252927
v -0.26489261 0.72509766 -0.08276364
v -0.26342776 0.70947266 -0.09497067
v -0.25610355 0.70751953 -0.09204099
v -0.25317386 0.72167969 -0.08227537
v -0.25561526 0.70703125 -0.09448240
v -0.25512698 0.70849609 -0.09790037
v -0.24926761 0.72070312 -0.10864256
v -0.26733401 0.71679688 -0.09838864
v -0.26538089 0.73046875 -0.10424802
v -0.25708011 0.76660156 -0.10229490
v -0.21411134 0.71044922 -0.08081052
v -0.21557620 0.71093750 -0.10717771
v -0.26635745 0.70410156 -0.11938474
v -0.26293948 0.71093750 -0.09838864
v -0.26147464 0.72998047 -0.10961911
v -0.26293948 0.71289062 -0.10034177
v -0.26391605 0.70166016 -0.11743161
v -0.26733401 0.68896484 -0.13159178
v -0.26440433 0.68701172 -0.12915038
v -0.25170901 0.69921875 -0.10717771
v -0.25122073 0.70263672 -0.10913084
v -0.22436526 0.69531250 -0.10815427
v -0.22583009 0.69189453 -0.10620115
v -0.25463870 0.70361328 -0.10864256
v -0.25268558 0.71044922 -0.10424802
v -0.24926761 0.70996094 -0.10473631
v -0.22241214 0.70214844 -0.10375974
v -0.25610355 0.71093750 -0.10083005
v -0.25122073 0.72216797 -0.11059568
v -0.25512698 0.72802734 -0.11157224
v -0.25805667 0.70361328 -0.10522458
v -0.24829105 0.72412109 -0.10571287
v -0.25073245 0.71630859 -0.10522459
v -0.25463870 0.71484375 -0.09985349
v -0.25170901 0.72412109 -0.09985349
v -0.24536136 0.72314453 -0.10620115
v -0.24780276 0.71582031 -0.10571287
v -0.25219730 0.76611328 -0.10815428
v -0.24584964 0.76464844 -0.11206053
v -0.21313480 0.71093750 -0.10864256
v -0.20629886 0.71386719 -0.10961912
v -0.19458011 0.75000000 -0.10961913
v -0.26831058 0.67041016 -0.13696288
v -0.24731448 0.66650391 -0.13696286
v -0.22631839 0.66210938 -0.13696286
v -0.23754884 0.80273438 -0.01489256
v -0.24340822 0.80517578 -0.01977537
v -0.24731447 0.80712891 -0.02758787
v -0.18823244 0.78857422 -0.01293944
v -0.26147464 0.81201172 -0.01489256
v -0.26147464 0.81103516 -0.02661131
v -0.25512698 0.80468750 -0.02319334
v -0.24780275 0.79687500 -0.02368162
v -0.25415042 0.80419922 -0.08227538
v -0.25805667 0.81005859 -0.08422849
v -0.24633792 0.79687500 -0.08276366
v -0.24975587 0.81005859 -0.04516600
v -0.24731448 0.81347656 -0.07836913
v -0.24243167 0.81396484 -0.09545897
v -0.24975589 0.81347656 -0.12036131
v -0.25415042 0.81738281 -0.11547850
v -0.24145511 0.80761719 -0.12329100
v -0.23754886 0.81347656 -0.10278319
v -0.23071292 0.81201172 -0.10717772
v -0.25219730 0.82324219 -0.11840819
v -0.24731448 0.82031250 -0.12329100
v -0.24243167 0.85449219 -0.11694334
v -0.23608401 0.85351562 -0.12182616
v -0.24145508 0.51953125 -0.03637692
v -0.24145508 0.52392578 -0.04174802
v -0.20288087 0.64550781 -0.03735350
v -0.20825197 0.61816406 -0.10034177
v -0.21850587 0.61279297 -0.11645506
v -0.21362308 0.63378906 -0.12622067
v -0.20532228 0.63720703 -0.11108396
v -0.14282227 0.55029297 -0.03393553
v -0.13110353 0.59277344 -0.02905272
v -0.13549806 0.54980469 -0.05151366
v -0.12426759 0.59082031 -0.04516600
v -0.11694337 0.58691406 -0.05444335
v -0.12329102 0.60302734 -0.02612303
v -0.11694337 0.60107422 -0.04028319
v -0.11596680 0.60595703 -0.02270507
v -0.10229493 0.57861328 -0.05737304
v -0.22924806 0.66601562 -0.01831052
v -0.23120119 0.65478516 -0.05297849
v -0.22143556 0.67089844 -0.02758787
v -0.21459962 0.66943359 -0.02612303
v -0.20971681 0.67285156 -0.03344725
v -0.21850587 0.67333984 -0.03344724
v -0.23510744 0.64794922 -0.05200193
v -0.23120119 0.66357422 -0.04028318
v -0.22973634 0.65185547 -0.05590818
v -0.22680666 0.66406250 -0.04565427
v -0.23657228 0.64111328 -0.07055662
v -0.23071291 0.64599609 -0.07104490
v -0.22729495 0.66406250 -0.11743162
v -0.22192384 0.67333984 -0.10424802
v -0.22631837 0.65820312 -0.09936521
v -0.22827150 0.67871094 -0.03637693
v -0.22583009 0.67871094 -0.03881834
v -0.22729494 0.68310547 -0.03588865
v -0.22241212 0.70019531 -0.03833006
v -0.22485353 0.68261719 -0.03930662
v -0.22045900 0.69775391 -0.04321287
v -0.22290041 0.67822266 -0.04272459
v -0.22192384 0.68261719 -0.04321287
v -0.21801759 0.68798828 -0.10180662
v -0.21948244 0.69433594 -0.04858396
v -0.21655275 0.69873047 -0.09399412
v -0.22290041 0.66845703 -0.05883787
v -0.21899416 0.67187500 -0.05688474
v -0.21557619 0.68603516 -0.05981443
v -0.21850587 0.68554688 -0.06274412
v -0.21752931 0.67431641 -0.04858396
v -0.20776369 0.67382812 -0.04907225
v -0.20874025 0.67138672 -0.05834959
v -0.20678712 0.68310547 -0.06127928
v -0.20776369 0.67431641 -0.04125975
v -0.21704103 0.67480469 -0.04077146
v -0.21606447 0.69726562 -0.07250974
v -0.21264650 0.69873047 -0.07104490
v -0.20434572 0.69531250 -0.07153318
v -0.19750978 0.67578125 -0.06713866
v -0.19653322 0.68652344 -0.07446288
v -0.21997072 0.70751953 -0.03540037
v -0.21752931 0.70751953 -0.04125974
v -0.21557619 0.70751953 -0.04663084
v -0.21997072 0.69238281 -0.06225584
v -0.22094728 0.68994141 -0.05346677
v -0.21801759 0.69140625 -0.04858396
v -0.21264650 0.71240234 -0.09301756
v -0.21166994 0.68945312 -0.04907225
v -0.21215822 0.68750000 -0.05297850
v -0.22045900 0.69042969 -0.05932615
v -0.21166994 0.68798828 -0.05883787
v -0.21118166 0.68994141 -0.06176756
v -0.20288087 0.70556641 -0.06811521
v -0.20532228 0.70703125 -0.03100584
v -0.19409181 0.73925781 -0.02319334
v -0.18969728 0.73876953 -0.02954100
v -0.20092775 0.70605469 -0.03588865
v -0.20483400 0.69189453 -0.05004881
v -0.18139650 0.78710938 -0.01733397
v -0.17700197 0.78662109 -0.02416991
v -0.19653322 0.70605469 -0.05249022
v -0.18481447 0.73925781 -0.04663084
v -0.17163087 0.78710938 -0.04174804
v -0.20483400 0.69189453 -0.05786131
v -0.20434572 0.69384766 -0.06079100
v -0.19702150 0.70605469 -0.06665038
v -0.19653322 0.70751953 -0.08129881
v -0.19458009 0.70898438 -0.08471678
v -0.18237306 0.74267578 -0.08129881
v -0.23510744 0.64404297 -0.08959959
v -0.22973634 0.64843750 -0.08666990
v -0.23120119 0.65625000 -0.10424802
v -0.22583009 0.67431641 -0.11059568
v -0.22827151 0.66552734 -0.13354489
v -0.22241214 0.69042969 -0.10864256
v -0.21948244 0.68896484 -0.10522459
v -0.20336916 0.70117188 -0.08666990
v -0.19604494 0.69189453 -0.08618163
v -0.20336916 0.65429688 -0.11645506
v -0.20092775 0.65576172 -0.10913084
v -0.20190431 0.64697266 -0.09936521
v -0.21069339 0.65722656 -0.13110349
v -0.19946291 0.66845703 -0.11303709
v -0.20092776 0.66894531 -0.11596677
v -0.20776370 0.67480469 -0.12768553
v -0.19799806 0.68115234 -0.10913084
v -0.20532230 0.68994141 -0.11743162
v -0.20385744 0.69921875 -0.10278318
v -0.19702150 0.68994141 -0.09936522
v -0.21899416 0.69677734 -0.09057615
v -0.21899416 0.69628906 -0.09301756
v -0.21118166 0.69433594 -0.09252927
v -0.21118166 0.69433594 -0.09008787
v -0.21850587 0.69824219 -0.09643552
v -0.21069337 0.69580078 -0.09594724
v -0.24877933 0.70849609 -0.10180662
v -0.22338869 0.70117188 -0.10083006
v -0.22045901 0.70800781 -0.10473631
v -0.21850589 0.71533203 -0.10522459
v -0.22143558 0.69433594 -0.10717771
v -0.21948244 0.70117188 -0.10327146
v -0.21704103 0.69970703 -0.09936521
v -0.21850587 0.69287109 -0.10375974
v -0.21557620 0.71435547 -0.10424802
v -0.21752933 0.70703125 -0.10424802
v -0.21899417 0.69238281 -0.11694334
v -0.21606447 0.70068359 -0.10229490
v -0.21264651 0.70263672 -0.10327146
v -0.21557620 0.69384766 -0.11840818
v -0.22045901 0.67968750 -0.13110350
v -0.22387698 0.67871094 -0.12866209
v -0.21166994 0.70458984 -0.08666990
v -0.21508791 0.70263672 -0.08666990
v -0.20239259 0.70703125 -0.08032224
v -0.20483400 0.69677734 -0.09252927
v -0.20532228 0.69726562 -0.09008787
v -0.19702151 0.71044922 -0.10131834
v -0.20385744 0.69824219 -0.09594724
v -0.21557619 0.70361328 -0.09838865
v -0.21313478 0.71289062 -0.09838865
v -0.18481448 0.74560547 -0.09887694
v -0.21557619 0.69873047 -0.09887693
v -0.20971681 0.69726562 -0.09838865
v -0.20043948 0.71191406 -0.10668943
v -0.18823245 0.74755859 -0.10522459
v -0.17211917 0.79345703 -0.09252929
v -0.17553714 0.79541016 -0.09985351
v -0.18139651 0.79785156 -0.10473632
v -0.16918948 0.79052734 -0.07495116
v -0.08618165 0.54931641 -0.01635741
v -0.06860352 0.54101562 -0.02465820
v -0.04858399 0.53808594 -0.02416992
v -0.06713868 0.55810547 -0.02905273
v -0.08569337 0.55957031 -0.01879882
v -0.06860352 0.57519531 -0.02465820
v -0.08618165 0.56982422 -0.01635741
v -0.04760743 0.55761719 -0.02905273
v -0.04467774 0.52978516 -0.02758789
v -0.04663087 0.54052734 -0.03833007
v -0.05151368 0.55078125 -0.04028320
v -0.05346680 0.56445312 -0.03784179
v -0.06958009 0.57568359 -0.02612304
v -0.04858399 0.57666016 -0.02416992
v -0.08081055 0.57226562 -0.05395507
v -0.05883790 0.56542969 -0.05102539
v -0.10961916 0.61572266 -0.06811523
v -0.10913087 0.60986328 -0.06420898
v -0.10571291 0.60546875 -0.06665038
v -0.05932619 0.58300781 -0.08569335
v -0.10083009 0.64794922 -0.06616210
v -0.11010743 0.60400391 -0.03540038
v -0.10083009 0.59765625 -0.02612304
v -0.08422852 0.58593750 -0.02270507
v -0.10327149 0.60009766 -0.04125975
v -0.09497071 0.59423828 -0.03100585
v -0.08764649 0.59082031 -0.04223632
v -0.07983399 0.58496094 -0.03100585
v -0.10913087 0.59716797 -0.04760741
v -0.09301759 0.58740234 -0.04907226
v -0.07739259 0.58251953 -0.04760741
v -0.07592774 0.58642578 -0.04125976
v -0.07104493 0.58203125 -0.03149413
v -0.05249025 0.58300781 -0.08666991
v -0.06176759 0.57714844 -0.04565429
v -0.06420899 0.58203125 -0.04028320
v -0.06225587 0.57910156 -0.03247070
v -0.05688477 0.57324219 -0.03540039
v -0.05834962 0.57568359 -0.04272461
v -0.10668947 0.61425781 -0.07202148
v -0.09741212 0.64697266 -0.07055663
v -0.05688478 0.59277344 -0.09399414
v -0.05151369 0.64013672 -0.09301758
v -0.05249024 0.54736328 -0.05053711
v -0.05541993 0.56591797 -0.04663086
v -0.03051759 0.52636719 -0.06567382
v -0.02368165 0.52099609 -0.06469727
v 0.00024413 0.51953125 -0.06469727
v -0.04956056 0.57568359 -0.09643554
v -0.04809572 0.58642578 -0.08422852
v -0.03833009 0.62841797 -0.08129883
v -0.02465821 0.52636719 -0.07202148
v 0.00024413 0.52441406 -0.07153320
v -0.04370119 0.57568359 -0.10278320
v 0.00024412 0.57568359 -0.10278320
v -0.04956056 0.58300781 -0.09838866
v -0.04907228 0.59228516 -0.09497070
v -0.04565431 0.59375000 -0.09057617
v -0.03735353 0.62841797 -0.09008789
v -0.03979494 0.62841797 -0.09838867
v -0.04125978 0.62744141 -0.09448242
v -0.04321291 0.58251953 -0.10473632
v -0.03393557 0.62890625 -0.10424805
v 0.00024412 0.58251953 -0.10473633
v 0.00024412 0.62890625 -0.10424805
v -0.09741212 0.65185547 -0.06372070
v -0.09155275 0.65234375 -0.06030273
v -0.05053713 0.64355469 -0.08081055
v -0.07983400 0.67285156 -0.05053711
v -0.08374025 0.67529297 -0.05346679
v -0.09790041 0.71923828 -0.05981445
v -0.08129884 0.66796875 -0.05200195
v -0.07104494 0.63818359 -0.04711914
v -0.06225587 0.62500000 -0.04174804
v -0.04907228 0.64355469 -0.08911133
v -0.09448244 0.65087891 -0.06713866
v -0.04516603 0.66503906 -0.07836914
v -0.03588869 0.63818359 -0.07641602
v -0.03100587 0.62500000 -0.06713867
v -0.04028322 0.66845703 -0.07788086
v -0.04223635 0.67187500 -0.08081055
v -0.05639651 0.71923828 -0.09301758
v -0.08715823 0.71484375 -0.09057616
v 0.00024412 0.71484375 -0.09057618
v 0.00024413 0.71484375 0.01733398
v -0.11010744 0.72021484 -0.10473632
v -0.11401369 0.72412109 -0.10620116
v -0.12963870 0.76611328 -0.14135742
v -0.09204103 0.73144531 -0.05688477
v -0.05297854 0.73144531 -0.08813477
v -0.12573245 0.76757812 -0.14575195
v -0.11059573 0.72265625 -0.11010741
v -0.08666994 0.71679688 -0.11450195
v -0.08715823 0.71484375 -0.10961913
v -0.06420901 0.77294922 -0.16137695
v -0.07104494 0.69384766 -0.10815430
v -0.07104494 0.69384766 -0.09252930
v -0.06616213 0.69140625 -0.10766602
v -0.06616213 0.69140625 -0.09301758
v 0.00024412 0.69140625 -0.10766602
v 0.00024412 0.69140625 -0.09301759
v -0.06811526 0.69433594 -0.11206055
v 0.00024412 0.69384766 -0.11254884
v 0.00024411 0.77343750 -0.16137697
v -0.02856447 0.63818359 -0.07202148
v -0.02465822 0.62500000 -0.06323243
v -0.03735353 0.63085938 -0.08715820
v -0.03735353 0.63085938 -0.09838867
v 0.00024412 0.63085938 -0.09838868
v 0.00024412 0.63085938 -0.08715821
v -0.03198244 0.67285156 -0.08618164
v -0.02026369 0.63818359 -0.07690430
v -0.04711916 0.71923828 -0.09887695
v 0.00024412 0.63818359 -0.07690430
v 0.00024412 0.67285156 -0.08618165
v 0.00024412 0.71923828 -0.09887696
v -0.01733400 0.62500000 -0.06762696
v 0.00024413 0.62500000 -0.06762696
v -0.20581058 0.78173828 -0.08129881
v -0.17846683 0.77441406 -0.07983398
v -0.20043948 0.79199219 -0.12182616
v -0.19799808 0.79882812 -0.12426757
v -0.23852542 0.81396484 -0.12573241
v -0.17260745 0.78466797 -0.11987304
v -0.17065433 0.79150391 -0.12231445
v -0.22485355 0.84863281 -0.12475584
v -0.18725589 0.83642578 -0.12280273
v -0.15991214 0.82666016 -0.12036132
v -0.22631839 0.88281250 -0.11401366
v -0.23168948 0.88574219 -0.10717772
v -0.21215823 0.87890625 -0.11645506
v -0.17700198 0.87060547 -0.11596679
v -0.17016605 0.77783203 -0.07836913
v -0.16479494 0.80029297 -0.05346679
v -0.16479494 0.80371094 -0.03686523
v -0.16186526 0.80468750 -0.06909179
v -0.15307619 0.79931641 -0.03588867
v -0.15014650 0.81005859 -0.02319335
v -0.15307619 0.79541016 -0.05249023
v -0.15014650 0.80029297 -0.06860351
v -0.13696291 0.79785156 -0.03686523
v -0.13452150 0.80712891 -0.02612304
v -0.14526369 0.82519531 -0.01782226
v -0.13012697 0.81982422 -0.02124023
v -0.13891603 0.80712891 -0.01098632
v -0.12622072 0.80859375 -0.01391601
v -0.12622072 0.79394531 -0.02416992
v -0.13940431 0.79150391 -0.02221679
v -0.12622072 0.82617188 -0.01098633
v -0.12622072 0.78564453 -0.03979492
v -0.13940431 0.78222656 -0.03881835
v -0.12182619 0.80419922 -0.04125977
v -0.12036134 0.80908203 -0.03540039
v -0.11791994 0.81640625 -0.03295898
v -0.13696291 0.79492188 -0.05102538
v -0.13452150 0.79882812 -0.06469727
v -0.12622072 0.78466797 -0.05786132
v -0.13891603 0.78125000 -0.05834960
v -0.12182619 0.80224609 -0.04956055
v -0.12036135 0.80468750 -0.05688477
v -0.12622073 0.79150391 -0.07397461
v -0.13793948 0.78857422 -0.07592773
v -0.13940431 0.84082031 -0.02124023
v -0.15112306 0.84472656 -0.02221679
v -0.12475587 0.83300781 -0.02416992
v -0.12622072 0.84277344 -0.01586914
v -0.11499026 0.82373047 -0.03442383
v -0.14624025 0.85644531 -0.03344726
v -0.13403322 0.85205078 -0.03198242
v -0.12084963 0.84326172 -0.03393555
v -0.12622072 0.85644531 -0.02758789
v -0.14282228 0.88427734 -0.02270508
v -0.14624025 0.89160156 -0.02026367
v -0.12622072 0.86328125 -0.04418945
v -0.13500978 0.86621094 -0.04370117
v -0.13354495 0.88818359 -0.04370117
v -0.13110353 0.85693359 -0.04809570
v -0.14331056 0.86083984 -0.04907226
v -0.13989259 0.89013672 -0.03979492
v -0.13110355 0.85351562 -0.06469727
v -0.14331058 0.85742188 -0.06567382
v -0.13793948 0.88818359 -0.07299805
v -0.13842776 0.89160156 -0.05639648
v -0.11791994 0.84716797 -0.04760742
v -0.12622073 0.86230469 -0.06176758
v -0.13452151 0.86523438 -0.06274414
v -0.11791994 0.84423828 -0.06127930
v -0.13452151 0.85595703 -0.07983398
v -0.12622073 0.85351562 -0.07739258
v -0.16577151 0.78613281 -0.10961913
v -0.14526370 0.81201172 -0.07934570
v -0.15698245 0.81640625 -0.08032226
v -0.16333011 0.79296875 -0.11450195
v -0.15405276 0.82519531 -0.11352538
v -0.13012698 0.80859375 -0.07397461
v -0.15112308 0.83154297 -0.08325195
v -0.13940433 0.82763672 -0.08276367
v -0.12475588 0.82177734 -0.07690430
v -0.12622073 0.80468750 -0.08618164
v -0.13647464 0.80273438 -0.08862305
v -0.11791994 0.81005859 -0.06225586
v -0.11499026 0.81738281 -0.06372070
v -0.12622073 0.82177734 -0.09106445
v -0.13549808 0.82128906 -0.09399414
v -0.13208011 0.81005859 -0.14184570
v -0.13208011 0.77490234 -0.14428711
v -0.15063480 0.85839844 -0.11401366
v -0.14428714 0.85937500 -0.10668945
v -0.14721683 0.86962891 -0.10864257
v -0.17407230 0.88232422 -0.10913085
v -0.20727542 0.88964844 -0.10913084
v -0.13403323 0.84277344 -0.07739258
v -0.14624026 0.84667969 -0.07788085
v -0.12084963 0.83496094 -0.07250977
v -0.12622073 0.83886719 -0.08813477
v -0.13452151 0.84033203 -0.09106445
v -0.13354495 0.89062500 -0.10327148
v -0.13305667 0.85156250 -0.12719727
v -0.14135745 0.87158203 -0.09936523
v -0.13891605 0.88232422 -0.08715820
v -0.14428714 0.88037109 -0.09985351
v -0.14233401 0.88964844 -0.08911132
v -0.17163089 0.89306641 -0.09936523
v -0.22241212 0.90185547 -0.01245116
v -0.22924806 0.89941406 -0.01635741
v -0.22583009 0.90722656 -0.02563475
v -0.21899416 0.91064453 -0.02221679
v -0.19897462 0.90966797 -0.02026366
v -0.22436526 0.91162109 -0.03735350
v -0.21704105 0.91552734 -0.03540038
v -0.19506839 0.91503906 -0.03540038
v -0.21606448 0.91699219 -0.05102538
v -0.22338870 0.91308594 -0.05200194
v -0.21655276 0.91455078 -0.06713866
v -0.22387698 0.91064453 -0.06665038
v -0.17358400 0.90332031 -0.01928710
v -0.17065433 0.90966797 -0.03540039
v -0.19360355 0.91650391 -0.05297851
v -0.19506839 0.91357422 -0.07055663
v -0.16918948 0.91113281 -0.05395507
v -0.16870120 0.90722656 -0.07250976
v -0.21801761 0.90966797 -0.08325194
v -0.22534183 0.90625000 -0.08227538
v -0.21997073 0.90234375 -0.09643553
v -0.22827151 0.89697266 -0.09741209
v -0.19799808 0.90771484 -0.08618163
v -0.20288089 0.89941406 -0.09936522
v -0.22290042 0.89306641 -0.10668944
v -0.16967776 0.90185547 -0.08764648
v -0.14282228 0.89843750 -0.03686523
v -0.14135745 0.89990234 -0.05590820
v -0.14135745 0.89550781 -0.07446289
v -0.12866214 0.89453125 -0.10522461
v -0.06420902 0.90673828 -0.12426759
v -0.12817386 0.85351562 -0.13061523
v -0.06420902 0.86718750 -0.14721680
v -0.12719730 0.77587891 -0.14819336
v -0.06420902 0.78125000 -0.16381836
v -0.12768558 0.81103516 -0.14575195
v -0.06420902 0.82128906 -0.16186523
v -0.11254885 0.82910156 -0.03979492
v -0.11108401 0.83154297 -0.04711914
v -0.11254885 0.82470703 -0.06127930
v -0.11108401 0.83007812 -0.05541992
v 0.00024412 0.87548828 -0.03149416
v -0.05249026 0.87548828 -0.03149415
v -0.03637698 0.86718750 -0.05834962
v -0.02807619 0.86621094 -0.04614259
v -0.02709963 0.88671875 -0.04663087
v -0.03540042 0.88769531 -0.05834962
v -0.03833010 0.88916016 -0.07202149
v -0.03930667 0.86865234 -0.07299805
v -0.01538088 0.86572266 -0.03784181
v -0.01489260 0.88623047 -0.03881837
v 0.00024412 0.88574219 -0.03588869
v 0.00024412 0.86523438 -0.03491212
v -0.03540042 0.89013672 -0.08569337
v -0.03637698 0.86962891 -0.08764649
v -0.02709964 0.89111328 -0.09741212
v -0.02807620 0.87060547 -0.09985353
v -0.01489261 0.89160156 -0.10522462
v -0.01538089 0.87109375 -0.10815431
v 0.00024411 0.89208984 -0.10815431
v 0.00024411 0.87158203 -0.11108400
v -0.05444339 0.90625000 -0.11791993
v 0.00024411 0.90625000 -0.11791994
v 0.00024411 0.90673828 -0.12426759
v 0.00024411 0.86621094 -0.14721681
v -0.03930666 0.89599609 -0.02270509
v -0.04272463 0.89941406 -0.02124025
v -0.04809573 0.90576172 -0.03784181
v -0.04516604 0.90234375 -0.03979493
v -0.03002932 0.89501953 -0.00610353
v -0.02758791 0.89306641 -0.00708009
v -0.02368166 0.89306641 -0.00952150
v -0.02709963 0.89599609 -0.02270509
v -0.02905276 0.90234375 -0.03979494
v -0.04223635 0.91406250 -0.01489259
v -0.04663088 0.92626953 -0.02124025
v -0.02954103 0.90673828 -0.00170900
v -0.04467776 0.93408203 -0.02563478
v -0.04760744 0.93017578 -0.02661134
v -0.04711916 0.92871094 -0.02319337
v -0.04321291 0.93261719 -0.01977540
v -0.04809573 0.90869141 -0.04174806
v -0.04809573 0.93017578 -0.03881837
v -0.04858401 0.91357422 -0.04467775
v -0.04809573 0.93164062 -0.03588868
v -0.04565432 0.93603516 -0.03686525
v -0.03833010 0.91748047 -0.01293947
v -0.02758791 0.90917969 -0.00170900
v -0.03930666 0.93261719 -0.01977540
v -0.03295900 0.91748047 -0.01293947
v -0.02612307 0.91406250 -0.00756837
v -0.02709963 0.92919922 -0.00610353
v -0.03442385 0.93066406 -0.01196290
v -0.04711916 0.93750000 -0.02416993
v -0.04809573 0.95312500 -0.02221681
v -0.03833010 0.93652344 -0.03833009
v -0.03735354 0.93457031 -0.03149416
v 0.00024412 0.88232422 -0.06420900
v -0.05249026 0.88232422 -0.06420899
v -0.05249026 0.88476562 -0.10717774
v -0.04565432 0.90576172 -0.04516603
v -0.03002932 0.90576172 -0.04516603
v -0.04663089 0.91308594 -0.04956056
v -0.04028323 0.91357422 -0.05102541
v -0.03051760 0.91357422 -0.05151369
v -0.04418948 0.87841797 -0.04711915
v -0.03491213 0.87841797 -0.04809571
v -0.04565432 0.89990234 -0.07006837
v -0.04614260 0.88232422 -0.06274415
v -0.03588870 0.89843750 -0.07055665
v -0.03686526 0.88232422 -0.06274415
v -0.02563479 0.90771484 -0.04809572
v -0.03344729 0.90820312 -0.05834962
v -0.03588870 0.90917969 -0.07104493
v -0.04614260 0.93359375 -0.04223634
v -0.04760745 0.92089844 -0.05102540
v -0.04760744 0.92822266 -0.04174806
v -0.05590823 0.93212891 -0.04663087
v -0.05590823 0.92626953 -0.05395509
v -0.05590823 0.93994141 -0.04272462
v -0.05590823 0.94921875 -0.04272462
v -0.05590823 0.95703125 -0.04663087
v -0.04760744 0.93847656 -0.03686525
v -0.05590823 0.96289062 -0.05395509
v -0.03735354 0.92089844 -0.05102541
v -0.03735354 0.92822266 -0.04174806
v -0.03735354 0.93847656 -0.03686525
v -0.05590823 0.92431641 -0.06274415
v -0.04760745 0.91796875 -0.06274415
v -0.03735354 0.91796875 -0.06274415
v -0.03930667 0.93408203 -0.04418947
v -0.03735354 0.95605469 -0.02758791
v -0.04663089 0.90917969 -0.08715821
v -0.04321292 0.92480469 -0.07641602
v -0.02270510 0.92822266 -0.05053712
v -0.02954104 0.92919922 -0.05932619
v -0.03198245 0.92968750 -0.07006837
v -0.02709963 0.89453125 -0.00561525
v -0.02709963 0.90722656 -0.00122072
v -0.01928713 0.89892578 -0.04077150
v -0.00952151 0.89892578 -0.04077150
v 0.00024412 0.89892578 -0.04125978
v -0.02416994 0.90917969 -0.00366212
v -0.01391604 0.90673828 -0.04077150
v -0.01977541 0.90283203 -0.04663087
v -0.03393558 0.92333984 -0.07788087
v -0.01000979 0.90283203 -0.04663088
v -0.00903323 0.93017578 -0.09448244
v -0.02319339 0.93164062 -0.09350588
v 0.00024412 0.90673828 -0.03833010
v 0.00024412 0.90283203 -0.04663088
v 0.00024411 0.92919922 -0.09448244
v -0.03686526 0.90771484 -0.08813477
v -0.01196291 0.92773438 -0.04418947
v 0.00024412 0.92773438 -0.04223635
v -0.03540041 0.96093750 -0.01733400
v -0.03588869 0.96630859 -0.02124025
v -0.03198244 0.96923828 -0.01586916
v -0.03247073 0.97607422 -0.02221681
v -0.03637698 0.97167969 -0.02661134
v -0.02661135 0.97949219 -0.01782228
v -0.03735354 0.97656250 -0.03344728
v -0.03295901 0.98193359 -0.03100588
v -0.02758791 0.98632812 -0.02856447
v -0.03881839 0.97949219 -0.04125978
v -0.03442385 0.98583984 -0.04077150
v -0.02807620 0.99072266 -0.03979494
v -0.04760745 0.95068359 -0.03686525
v -0.04760745 0.96093750 -0.04174806
v -0.03735354 0.95068359 -0.03686525
v -0.03735354 0.96093750 -0.04174806
v -0.04760745 0.96826172 -0.05102540
v -0.03735354 0.96826172 -0.05102541
v -0.04760745 0.97119141 -0.06274416
v -0.05590823 0.96484375 -0.06274416
v -0.03735355 0.97119141 -0.06274416
v -0.04223635 0.96093750 -0.05541994
v -0.04125980 0.98046875 -0.05981447
v -0.04223636 0.97900391 -0.06860353
v -0.04370120 0.96093750 -0.06860353
v -0.03540042 0.98730469 -0.05151369
v -0.04028323 0.98095703 -0.05053713
v -0.02856448 0.99267578 -0.05249025
v -0.03637698 0.98730469 -0.06176760
v -0.03686526 0.98583984 -0.07202150
v -0.02905276 0.99267578 -0.06372072
v -0.02954105 0.99121094 -0.07446291
v -0.02124026 0.98144531 -0.01440432
v -0.01977541 0.98095703 -0.01489260
v -0.01879885 0.98242188 -0.01342775
v -0.01000979 0.98339844 -0.01196291
v -0.02172854 0.98925781 -0.02661134
v -0.01977541 0.98828125 -0.02709963
v -0.01879885 0.98974609 -0.02612307
v -0.01000979 0.99169922 -0.02563479
v -0.02172854 0.99365234 -0.03979494
v -0.01977542 0.99267578 -0.03979494
v -0.01928714 0.99462891 -0.03930666
v -0.01000979 0.99658203 -0.03930666
v 0.00024412 0.98388672 -0.01098635
v 0.00024412 0.99218750 -0.02514651
v 0.00024411 0.99755859 -0.03930666
v -0.02172854 0.99609375 -0.05297853
v -0.02026370 0.99511719 -0.05346682
v -0.01928714 0.99707031 -0.05297853
v -0.01000979 0.99853516 -0.05346682
v -0.02172855 0.99609375 -0.06469729
v -0.02026370 0.99511719 -0.06469729
v -0.01928714 0.99707031 -0.06518557
v -0.01000980 0.99902344 -0.06567385
v 0.00024411 0.99951172 -0.05395510
v 0.00024411 0.99951172 -0.06567385
v 0.00024411 0.88476562 -0.10717775
v -0.03344730 0.91064453 -0.08374024
v -0.02563480 0.91113281 -0.09448244
v -0.05590823 0.92626953 -0.07153322
v -0.04760745 0.92089844 -0.07397462
v -0.03735355 0.92089844 -0.07397462
v -0.05590823 0.93212891 -0.07836916
v -0.04760745 0.92822266 -0.08325197
v -0.03735355 0.92822266 -0.08325197
v -0.05590823 0.94921875 -0.08227541
v -0.05590823 0.93994141 -0.08227541
v -0.05590823 0.95703125 -0.07836916
v -0.04760745 0.93847656 -0.08862306
v -0.03735355 0.93847656 -0.08862306
v -0.02954105 0.93066406 -0.08081056
v -0.04370120 0.95458984 -0.07348634
v -0.04125980 0.96142578 -0.08959962
v -0.03930667 0.93750000 -0.09448244
v -0.02270511 0.93164062 -0.09008791
v -0.01391605 0.91210938 -0.10131837
v -0.01196292 0.93212891 -0.09594729
v -0.02661136 0.93994141 -0.10522463
v -0.01977542 0.94091797 -0.10815432
v -0.01831058 0.93994141 -0.10717776
v 0.00024411 0.91210938 -0.10375978
v 0.00024411 0.93212891 -0.09838869
v -0.00903324 0.94091797 -0.11010744
v 0.00024411 0.94091797 -0.11059573
v -0.04760745 0.96826172 -0.07397462
v -0.05590823 0.96289062 -0.07153322
v -0.04760745 0.96093750 -0.08325197
v -0.03735355 0.96093750 -0.08325197
v -0.03735355 0.96826172 -0.07397462
v -0.04760745 0.95068359 -0.08862306
v -0.03735355 0.95068359 -0.08862306
v -0.04223636 0.97119141 -0.08374025
v -0.03686527 0.97656250 -0.08911134
v -0.03588871 0.96435547 -0.09594728
v -0.03393558 0.93896484 -0.10034181
v -0.03735355 0.98242188 -0.08129884
v -0.04272464 0.97558594 -0.07690431
v -0.02954105 0.98730469 -0.08471681
v -0.02954105 0.98095703 -0.09350587
v -0.02856449 0.96679688 -0.10083009
v -0.02172855 0.99462891 -0.07592776
v -0.02172855 0.99072266 -0.08666994
v -0.02026370 0.99365234 -0.07592776
v -0.01928714 0.99560547 -0.07641604
v -0.01000980 0.99755859 -0.07690432
v -0.02026371 0.98974609 -0.08618166
v -0.01928714 0.99169922 -0.08715823
v -0.01000980 0.99316406 -0.08813479
v -0.02172855 0.98339844 -0.09594729
v -0.02075199 0.96826172 -0.10424807
v -0.01977542 0.98291016 -0.09545901
v -0.01879886 0.98388672 -0.09692385
v -0.01000980 0.98535156 -0.09790041
v 0.00024411 0.99804688 -0.07739260
v 0.00024411 0.99414062 -0.08813479
v 0.00024411 0.98583984 -0.09838869
v -0.01928714 0.96826172 -0.10327151
v -0.01831058 0.96875000 -0.10473635
v -0.01733402 0.94091797 -0.10864260
v -0.00952152 0.96923828 -0.10620119
v 0.00024411 0.96972656 -0.10668948
v 0.00024411 0.78125000 -0.16381837
v 0.00024411 0.82080078 -0.16186525
v 0.12329104 0.00341797 0.00854493
v 0.12084963 0.00341797 0.01489258
v 0.11694338 0.00537109 0.01391602
v 0.12084963 0.00488281 0.00512696
v 0.12133791 0.02343750 0.00219727
v 0.11694338 0.02929688 0.01147461
v 0.15307622 0.00244141 0.14868164
v 0.15063481 0.00585938 0.14916992
v 0.24096684 0.00195312 0.13061522
v 0.22436525 0.00146484 -0.00756837
v 0.21948244 0.00146484 -0.01245118
v 0.22143556 0.00634766 -0.01635743
v 0.21899416 0.02490234 -0.01831055
v 0.12231448 0.04443359 0.02807618
v 0.12719730 0.04931641 0.02319336
v 0.12329104 0.03466797 0.00708008
v 0.12231448 0.02978516 0.00366211
v 0.21850587 0.03125000 -0.01684571
v 0.21899416 0.03613281 -0.01342774
v 0.14331058 0.04296875 0.10864258
v 0.14819339 0.04785156 0.10571289
v 0.12719730 0.04980469 0.02758789
v 0.22094728 0.05078125 0.00317382
v 0.12475588 0.06201172 0.00854492
v 0.12036135 0.06787109 0.01196289
v 0.11743166 0.06982422 0.00659180
v 0.12182619 0.06396484 0.00317383
v 0.13549808 0.10839844 0.05688477
v 0.13989261 0.10498047 0.05786133
v 0.13403322 0.06103516 0.00463867
v 0.14916995 0.10107422 0.05151367
v 0.13159181 0.06347656 -0.00073242
v 0.11010744 0.09814453 -0.01928711
v 0.10522462 0.10156250 -0.01391601
v 0.12036134 0.09814453 -0.02368164
v 0.12231448 0.18994141 0.04565430
v 0.14282230 0.11425781 0.06274413
v 0.13061525 0.19189453 0.05053711
v 0.11743166 0.26123047 0.05004882
v 0.10961916 0.25878906 0.04516601
v 0.10180666 0.10937500 -0.02221679
v 0.15991215 0.00341797 0.15991211
v 0.15844731 0.00683594 0.16088867
v 0.23950200 0.00292969 0.14379881
v 0.15551762 0.03320312 0.14721680
v 0.15649419 0.03125000 0.14916992
v 0.16333012 0.03466797 0.15063477
v 0.16284184 0.03662109 0.14819336
v 0.15063480 0.05078125 0.11108398
v 0.16528325 0.00341797 0.16186523
v 0.16577153 0.00683594 0.16381836
v 0.23510747 0.00341797 0.14721678
v 0.23559575 0.00683594 0.14916991
v 0.23364262 0.03466797 0.13647459
v 0.23364262 0.03662109 0.13403319
v 0.23266605 0.04980469 0.09692382
v 0.24145512 0.00634766 0.14379881
v 0.23950200 0.03076172 0.13256834
v 0.24340825 0.00488281 0.13012694
v 0.22827150 0.00683594 -0.00952149
v 0.22729494 0.04589844 0.00561522
v 0.23803714 0.04248047 0.09204101
v 0.23950200 0.03271484 0.13012694
v 0.23266605 0.04736328 0.09106445
v 0.22241212 0.05078125 0.00756835
v 0.15600589 0.05126953 0.10278320
v 0.15112308 0.05078125 0.09643555
v 0.15356448 0.04687500 0.09545898
v 0.15747073 0.04736328 0.10034180
v 0.15600589 0.05615234 0.10229492
v 0.15258792 0.05566406 0.09838867
v 0.16040042 0.05761719 0.10424805
v 0.16040042 0.05126953 0.10473633
v 0.16088870 0.04785156 0.10131836
v 0.15991214 0.06054688 0.10278320
v 0.15551761 0.05908203 0.10083008
v 0.13549808 0.04931641 0.03051758
v 0.13403323 0.05273438 0.03344727
v 0.14135745 0.09130859 0.05395508
v 0.22094730 0.04736328 0.08666991
v 0.22290042 0.04687500 0.08032226
v 0.13842776 0.04687500 0.02807617
v 0.21118166 0.04785156 0.01245116
v 0.14379886 0.09423828 0.05590820
v 0.14819339 0.09716797 0.05737305
v 0.21850589 0.04736328 0.08911132
v 0.21997073 0.05126953 0.09204101
v 0.21997073 0.05761719 0.09155273
v 0.21948245 0.06005859 0.09008788
v 0.20825198 0.09960938 0.04614257
v 0.15161136 0.11181641 0.06323241
v 0.15112308 0.11767578 0.06420898
v 0.14428714 0.10888672 0.06127930
v 0.14086916 0.19384766 0.05297851
v 0.15649417 0.10546875 0.05444336
v 0.20288089 0.12060547 0.05346679
v 0.20288089 0.11523438 0.05200195
v 0.19653323 0.10742188 0.04565429
v 0.18725587 0.19970703 0.04272460
v 0.13403323 0.05371094 0.02270508
v 0.13305667 0.05712891 0.02514649
v 0.14086917 0.09228516 0.05102539
v 0.14282228 0.07275391 -0.02075195
v 0.15454103 0.01757812 0.00512695
v 0.14086916 0.01757812 0.00756836
v 0.12915041 0.07177734 -0.01879883
v 0.13745119 0.05126953 0.02026367
v 0.20922853 0.05224609 0.00512695
v 0.13500978 0.05566406 0.02075195
v 0.13403322 0.05859375 0.02270508
v 0.14184573 0.09326172 0.04809570
v 0.13745119 0.05322266 0.01879883
v 0.20776369 0.05468750 0.00366210
v 0.13891603 0.06005859 0.01879883
v 0.20629884 0.06152344 0.00463866
v 0.14477542 0.09179688 0.04174805
v 0.20629884 0.09472656 0.03002929
v 0.20288089 0.10449219 0.03979491
v 0.20678712 0.06787109 -0.01000977
v 0.20678712 0.07031250 -0.01586915
v 0.14184572 0.04248047 0.01391602
v 0.15551759 0.04296875 0.01147461
v 0.14379886 0.09570312 0.05249023
v 0.14428714 0.09619141 0.05004883
v 0.14819339 0.09472656 0.04370117
v 0.20336916 0.09716797 0.03344726
v 0.14770511 0.09814453 0.05395508
v 0.20727542 0.10058594 0.04272460
v 0.14770511 0.09863281 0.05102539
v 0.20629886 0.10107422 0.04028320
v 0.22338870 0.05126953 0.08813476
v 0.22338870 0.05615234 0.08813476
v 0.22534183 0.05078125 0.08032226
v 0.22485355 0.05566406 0.08276366
v 0.22290042 0.05859375 0.08666991
v 0.21215823 0.09765625 0.04370116
v 0.21411136 0.09423828 0.04077147
v 0.21655275 0.05419922 0.01635741
v 0.21508791 0.05078125 0.01440429
v 0.19018556 0.04296875 0.00415039
v 0.20385744 0.04345703 0.00170898
v 0.19750978 0.07568359 -0.02954102
v 0.18383791 0.07470703 -0.02758790
v 0.21264650 0.05566406 0.00659179
v 0.21411134 0.05908203 0.00854491
v 0.21313480 0.09570312 0.03735350
v 0.21118166 0.05761719 0.00463866
v 0.21118166 0.09667969 0.03540038
v 0.21264650 0.06054688 0.00659179
v 0.22680666 0.03076172 -0.01147462
v 0.20922855 0.11376953 0.04711913
v 0.21020511 0.11914062 0.04809569
v 0.19604494 0.20019531 0.03588866
v 0.21655275 0.07080078 -0.01000977
v 0.21264651 0.11035156 0.04223632
v 0.21557619 0.11474609 0.03979491
v 0.20190431 0.20068359 0.02807616
v 0.21069339 0.09863281 0.04028320
v 0.20922855 0.09912109 0.03784179
v 0.22045900 0.07763672 -0.00805665
v 0.21508791 0.12548828 -0.04418947
v 0.21752931 0.11718750 -0.03588869
v 0.12866212 0.26367188 0.05200195
v 0.17700197 0.27050781 0.04125975
v 0.18676759 0.27148438 0.03442381
v 0.19262697 0.27148438 0.02709959
v 0.19458008 0.23730469 -0.09448243
v 0.20239258 0.19433594 -0.07983400
v 0.12280275 0.35107422 0.07641601
v 0.11499025 0.35107422 0.07250976
v 0.11743166 0.32617188 0.06762695
v 0.12573244 0.32519531 0.07153320
v 0.11889650 0.30224609 0.04125976
v 0.12280275 0.30175781 0.05639648
v 0.09936524 0.34179688 0.03051757
v 0.09741212 0.35058594 0.03100585
v 0.13061525 0.30029297 0.06030272
v 0.12280275 0.38134766 0.07739257
v 0.11499025 0.38085938 0.07446288
v 0.10668947 0.39404297 0.05786132
v 0.17309572 0.33056641 0.06079100
v 0.17211916 0.35693359 0.06518553
v 0.16674806 0.38623047 0.06713866
v 0.10229494 0.29931641 0.04711913
v 0.10961916 0.30224609 0.05151366
v 0.12426759 0.29248047 0.05346679
v 0.11547853 0.30419922 0.05249023
v 0.06616211 0.28808594 -0.07250977
v 0.06811523 0.26611328 -0.07592773
v 0.09106446 0.34277344 0.02514648
v 0.08569337 0.33544922 0.02319336
v 0.06469727 0.32763672 -0.06225586
v 0.11938478 0.30419922 0.04614257
v 0.12524416 0.29589844 0.04907226
v 0.17358400 0.29980469 0.04272459
v 0.16967775 0.30273438 0.03930663
v 0.09741212 0.34667969 0.02514648
v 0.10278321 0.34179688 0.02270507
v 0.12768556 0.29492188 0.05102538
v 0.13159181 0.29541016 0.05395507
v 0.12817384 0.29394531 0.04223632
v 0.12475587 0.28955078 0.03735351
v 0.12133791 0.30029297 0.04028320
v 0.16772462 0.29589844 0.02807616
v 0.16967775 0.30566406 0.02612303
v 0.09985352 0.33935547 0.01245117
v 0.10424805 0.34130859 0.02270507
v 0.12377931 0.29980469 0.03588866
v 0.16918945 0.34912109 0.00024413
v 0.16528322 0.29882812 0.03442381
v 0.16528322 0.30468750 0.02758788
v 0.16918947 0.34912109 0.01147459
v 0.08959962 0.34423828 0.02124023
v 0.08374024 0.33740234 0.01928711
v 0.06567383 0.33105469 -0.05786133
v 0.07055664 0.34130859 -0.07006836
v 0.09594727 0.34863281 0.02124023
v 0.09399415 0.34863281 0.01049804
v 0.07788086 0.34619141 -0.07495117
v 0.09985352 0.36718750 0.02124023
v 0.09594727 0.37109375 0.03100585
v 0.08666993 0.37451172 0.01977539
v 0.09545899 0.36718750 0.01586913
v 0.07788087 0.39550781 0.01049804
v 0.09008790 0.37353516 0.01245117
v 0.07397462 0.39843750 0.01684570
v 0.09643555 0.40039062 0.04516601
v 0.08129884 0.39843750 0.03344726
v 0.08374024 0.35449219 0.00073242
v 0.08325196 0.36669922 0.00659179
v 0.08129884 0.36669922 0.00463867
v 0.08227540 0.35546875 -0.00073243
v 0.09301759 0.35107422 0.00415039
v 0.09204102 0.36621094 0.01147460
v 0.09204102 0.34082031 -0.00854493
v 0.08276368 0.34570312 -0.01000977
v 0.08129884 0.34765625 -0.01049805
v 0.16577148 0.35205078 -0.02319338
v 0.16674805 0.36230469 -0.01000978
v 0.16625977 0.37744141 -0.00317384
v 0.08129884 0.37988281 0.00659179
v 0.07983399 0.37939453 0.00463867
v 0.07690430 0.39062500 -0.00073243
v 0.08959962 0.38232422 0.01147460
v 0.16381836 0.39355469 -0.00317384
v 0.10913087 0.36621094 0.01049804
v 0.10668946 0.37060547 0.00561523
v 0.09545899 0.39648438 0.00122070
v 0.10180665 0.35205078 0.02270507
v 0.10180665 0.34570312 0.02124023
v 0.09985352 0.34619141 0.01293945
v 0.16870119 0.35986328 0.01098631
v 0.16772461 0.35546875 0.00073241
v 0.11059571 0.39746094 0.05004882
v 0.15893556 0.40283203 0.03930662
v 0.11108399 0.36669922 0.01977538
v 0.11206055 0.37158203 0.02905273
v 0.10913087 0.40136719 0.04760741
v 0.17163086 0.35986328 -0.00317384
v 0.13208009 0.36718750 0.01538085
v 0.13012695 0.36669922 0.00610350
v 0.12817383 0.37109375 0.00122069
v 0.11987305 0.39794922 -0.00463868
v 0.13305666 0.37207031 0.02465819
v 0.13208009 0.40332031 0.04321288
v 0.05981446 0.47607422 0.02661132
v 0.06762696 0.43066406 0.02270507
v 0.07446290 0.43115234 0.03881835
v 0.06616212 0.47607422 0.04223632
v 0.05541992 0.47705078 0.00610351
v 0.06469727 0.43164062 0.00219726
v 0.05786133 0.52001953 0.04614257
v 0.05444336 0.51513672 0.02856445
v 0.05004883 0.51269531 0.00854491
v 0.06127930 0.43261719 -0.01831055
v 0.05102539 0.47851562 -0.01391602
v 0.04565429 0.51367188 -0.01147462
v 0.12133791 0.38623047 0.07543945
v 0.11303712 0.39843750 0.06030272
v 0.16528322 0.39111328 0.06518553
v 0.16137697 0.40380859 0.04907225
v 0.08813477 0.43310547 0.05102538
v 0.07836915 0.47802734 0.05444335
v 0.10180665 0.43603516 0.05297850
v 0.09399415 0.48144531 0.05737304
v 0.06909180 0.40869141 -0.00122071
v 0.07446289 0.40283203 -0.00463868
v 0.07836915 0.39208984 0.00073242
v 0.08569337 0.39697266 0.00463867
v 0.16040039 0.40820312 -0.01000978
v 0.07397461 0.39794922 -0.01000977
v 0.07495117 0.40039062 -0.00952149
v 0.08178711 0.40722656 -0.00805665
v 0.15649414 0.41845703 -0.02270509
v 0.06469727 0.41406250 -0.02612305
v 0.11547853 0.40087891 0.05590819
v 0.12670900 0.44091797 0.04858397
v 0.15649416 0.40576172 0.04663084
v 0.11889649 0.48730469 0.05346678
v 0.07006836 0.40820312 -0.02856446
v 0.08911133 0.40576172 -0.04370118
v 0.11010742 0.40673828 -0.04809571
v 0.06665040 0.52929688 0.05590820
v 0.08422852 0.54199219 0.05981444
v 0.10961915 0.54394531 0.05493162
v 0.15112306 0.44531250 0.04418944
v 0.14428711 0.49316406 0.04956053
v 0.13500977 0.54541016 0.05004881
v 0.16967775 0.30517578 0.05151366
v 0.17846681 0.33349609 0.05395506
v 0.17749025 0.35839844 0.05834959
v 0.17163087 0.38720703 0.06079100
v 0.16674806 0.29980469 0.04663084
v 0.16967775 0.30029297 0.04223631
v 0.17749025 0.31347656 0.03881834
v 0.18334962 0.31347656 0.03588866
v 0.18872072 0.31250000 0.02905272
v 0.17456056 0.30810547 0.04516600
v 0.17163087 0.30859375 0.03051756
v 0.17211916 0.31250000 0.03442381
v 0.17651369 0.35107422 0.01684569
v 0.17016603 0.35107422 0.01098631
v 0.15307617 0.37207031 0.01098631
v 0.15454103 0.37695312 0.02026366
v 0.15502931 0.40527344 0.03833006
v 0.15112305 0.37207031 0.00170897
v 0.14965820 0.37695312 -0.00317384
v 0.14428711 0.40478516 -0.01000978
v 0.16870117 0.37988281 0.01586912
v 0.16186523 0.37500000 0.00854491
v 0.16333008 0.37646484 0.00122069
v 0.16381836 0.38476562 -0.00366213
v 0.17651369 0.35986328 0.01684569
v 0.17456056 0.35742188 0.01098631
v 0.18090820 0.35546875 0.00854491
v 0.18725586 0.35009766 0.00512693
v 0.16674806 0.40087891 0.04418943
v 0.16918947 0.35546875 0.00903319
v 0.17358398 0.35937500 0.00708006
v 0.18041992 0.35742188 0.00463865
v 0.18676758 0.35205078 0.00073240
v 0.18188477 0.30566406 -0.09497072
v 0.17602539 0.34423828 -0.08325197
v 0.17553711 0.34765625 -0.07836916
v 0.15454102 0.35791016 -0.08911134
v 0.16381836 0.35546875 -0.08764650
v 0.18627930 0.28417969 -0.09887697
v 0.16625978 0.40673828 0.03051756
v 0.16284180 0.44824219 0.03637693
v 0.16967773 0.38671875 0.00170897
v 0.16918945 0.40966797 0.01538084
v 0.16235352 0.40966797 -0.00903322
v 0.16821289 0.41357422 -0.00415041
v 0.16577148 0.45019531 0.02124021
v 0.16479492 0.45166016 -0.00073244
v 0.15649414 0.49609375 0.04077146
v 0.14770508 0.54687500 0.04028318
v 0.16088867 0.49853516 0.02514646
v 0.15209961 0.54785156 0.02563474
v 0.15991211 0.49951172 0.00317381
v 0.15209961 0.54882812 0.00512693
v 0.16137695 0.45263672 -0.02124025
v 0.15600586 0.50048828 -0.01782229
v 0.14721680 0.54931641 -0.01440432
v 0.24780275 0.41943359 0.06420895
v 0.23950197 0.41064453 0.06079099
v 0.24194337 0.40625000 0.06274412
v 0.25366211 0.41552734 0.06665036
v 0.23999025 0.40478516 0.06079099
v 0.24194337 0.40234375 0.05981442
v 0.24438478 0.40332031 0.06079099
v 0.23803712 0.40820312 0.05932615
v 0.25756836 0.41210938 0.06420895
v 0.23852541 0.41259766 0.05737302
v 0.24536134 0.42041016 0.05932614
v 0.24877931 0.42138672 0.05834958
v 0.25073242 0.42089844 0.06274411
v 0.25561523 0.41748047 0.06469724
v 0.21801759 0.45703125 0.05541990
v 0.22534181 0.45361328 0.05932615
v 0.22973634 0.47021484 0.06274411
v 0.21948244 0.47314453 0.05786130
v 0.23120119 0.45166016 0.05737302
v 0.23608400 0.46630859 0.06030270
v 0.22241212 0.47558594 0.05639645
v 0.22973634 0.47314453 0.06030270
v 0.23510744 0.46972656 0.05834958
v 0.23266603 0.40527344 0.03393552
v 0.23364259 0.40283203 0.03247068
v 0.23657228 0.40283203 0.03442380
v 0.23559572 0.40625000 0.03637693
v 0.23461916 0.41210938 0.03442380
v 0.23217775 0.41015625 0.03295896
v 0.23803712 0.40136719 0.02807614
v 0.23510744 0.40136719 0.02758786
v 0.24584962 0.40185547 0.05493161
v 0.24291994 0.40136719 0.05541989
v 0.26000977 0.41015625 0.05541989
v 0.24487306 0.40332031 0.05151364
v 0.24243166 0.40234375 0.05249020
v 0.25756836 0.41113281 0.05053708
v 0.24243166 0.40820312 0.04956052
v 0.23999025 0.40625000 0.05102536
v 0.25170898 0.41503906 0.04809567
v 0.25122070 0.41162109 0.04272458
v 0.25463867 0.40771484 0.04028317
v 0.25708008 0.40527344 0.03100583
v 0.23510744 0.41406250 0.03100583
v 0.23217775 0.41162109 0.03002927
v 0.23754884 0.40966797 0.05688474
v 0.24047853 0.41113281 0.05151365
v 0.23852541 0.40820312 0.05249021
v 0.24780275 0.41796875 0.05053708
v 0.25024414 0.41992188 0.05200192
v 0.25366211 0.41748047 0.05004880
v 0.24633791 0.41748047 0.04028317
v 0.24487306 0.41943359 0.03442380
v 0.24877931 0.41992188 0.03442380
v 0.25024414 0.41796875 0.03930661
v 0.25415039 0.41357422 0.04125974
v 0.23657227 0.41259766 0.02465818
v 0.24731445 0.41699219 0.02514646
v 0.25073242 0.41796875 0.02709958
v 0.24975587 0.41650391 0.03393552
v 0.25073242 0.41552734 0.03735349
v 0.25170898 0.41845703 0.03930661
v 0.25024414 0.42041016 0.03491208
v 0.25219727 0.41845703 0.02661130
v 0.25122070 0.41552734 0.02807614
v 0.23852539 0.40332031 0.02416989
v 0.23510744 0.40283203 0.02514646
v 0.25561523 0.40722656 0.02563474
v 0.23803711 0.40869141 0.02270505
v 0.23461914 0.40771484 0.02368161
v 0.25122070 0.41308594 0.02270505
v 0.23364258 0.41015625 0.02514646
v 0.25366211 0.41455078 0.02514645
v 0.24926758 0.41943359 0.01635739
v 0.23950195 0.41552734 0.01147458
v 0.23950195 0.41064453 0.01245114
v 0.25268555 0.41455078 0.01879880
v 0.23999023 0.41748047 0.00805661
v 0.24829102 0.42138672 0.01147458
v 0.25561523 0.41601562 0.01782224
v 0.25219727 0.41992188 0.01586911
v 0.25170898 0.42187500 0.01147458
v 0.23754883 0.41015625 0.01049802
v 0.23803711 0.40771484 0.00903318
v 0.24047852 0.40771484 0.01098630
v 0.24194336 0.40625000 0.00512693
v 0.23950195 0.40625000 0.00512693
v 0.23706055 0.41406250 0.00952146
v 0.25610352 0.41113281 0.01635739
v 0.25805664 0.40917969 0.00854489
v 0.23754883 0.41552734 0.00708005
v 0.23852539 0.41455078 0.00268552
v 0.24145508 0.41601562 0.00268552
v 0.25073242 0.41943359 0.00366208
v 0.24291992 0.40820312 0.00219724
v 0.23999023 0.40771484 0.00268552
v 0.25756836 0.41113281 0.00366208
v 0.23950195 0.41210938 0.00170896
v 0.24243164 0.41308594 0.00073239
v 0.25366211 0.41601562 0.00122067
v 0.25317383 0.42041016 0.00561520
v 0.21655275 0.44726562 0.04956052
v 0.21752931 0.44628906 0.05297849
v 0.21704103 0.45117188 0.05541990
v 0.21508791 0.45214844 0.04956052
v 0.21606447 0.45800781 0.04956052
v 0.21997072 0.44531250 0.05444333
v 0.22241212 0.44921875 0.05834958
v 0.21704103 0.45166016 0.04516599
v 0.21704103 0.44677734 0.04760740
v 0.22290041 0.44970703 0.04321286
v 0.22045900 0.44580078 0.04663083
v 0.21899416 0.45703125 0.04321286
v 0.21606447 0.47265625 0.05053708
v 0.21948242 0.46875000 0.04223630
v 0.22485352 0.45458984 0.04125974
v 0.21948244 0.47460938 0.05053708
v 0.22241211 0.47119141 0.04321286
v 0.22338869 0.44384766 0.05297849
v 0.22827150 0.44677734 0.05639646
v 0.22436525 0.44384766 0.05151365
v 0.23022462 0.44628906 0.05200193
v 0.22290041 0.44433594 0.04760740
v 0.22827150 0.44726562 0.04614255
v 0.23413087 0.45068359 0.05102536
v 0.23901369 0.46240234 0.05200192
v 0.23217775 0.45166016 0.04516599
v 0.23608400 0.46191406 0.04467770
v 0.24047853 0.46679688 0.05200192
v 0.23559572 0.46533203 0.05297849
v 0.23364259 0.46435547 0.04809567
v 0.23706056 0.46533203 0.04565427
v 0.22680664 0.46679688 0.04418942
v 0.22729492 0.46875000 0.04028317
v 0.22583008 0.46484375 0.03979489
v 0.23510742 0.46582031 0.04516599
v 0.22729492 0.46826172 0.04125974
v 0.22241211 0.47021484 0.04565427
v 0.22192383 0.47314453 0.04223630
v 0.23803712 0.46630859 0.05102536
v 0.23803712 0.47216797 0.06030270
v 0.23413087 0.46972656 0.05932614
v 0.24584962 0.48486328 0.05688473
v 0.24780273 0.47753906 0.04809567
v 0.24389648 0.47558594 0.04077145
v 0.23266602 0.47949219 0.03491208
v 0.21948244 0.47900391 0.05053708
v 0.22094728 0.47460938 0.05200192
v 0.22290041 0.47509766 0.05688474
v 0.22241212 0.47998047 0.05688474
v 0.23217775 0.47656250 0.06225583
v 0.22973634 0.47265625 0.06030270
v 0.22436523 0.49218750 0.04565427
v 0.22875977 0.49414062 0.05297849
v 0.23950197 0.49023438 0.05883786
v 0.22631836 0.48535156 0.03686520
v 0.23217773 0.49609375 0.05053708
v 0.22924805 0.49462891 0.04467770
v 0.24096681 0.49316406 0.05493161
v 0.23071289 0.48828125 0.03686520
v 0.23559570 0.48388672 0.03540036
v 0.24438477 0.48046875 0.03979489
v 0.23217773 0.48242188 0.03247067
v 0.22924805 0.48828125 0.03881833
v 0.22778320 0.49365234 0.03442380
v 0.23168945 0.48437500 0.02465817
v 0.24194336 0.47998047 0.02319333
v 0.23754883 0.47949219 0.03442380
v 0.22973633 0.49218750 0.04565427
v 0.22827148 0.49951172 0.04370114
v 0.23461914 0.50000000 0.05200192
v 0.23461914 0.49267578 0.05151364
v 0.23852539 0.50732422 0.04760739
v 0.23168945 0.50732422 0.03881833
v 0.23071289 0.50146484 0.02856442
v 0.23559570 0.49121094 0.01831052
v 0.24584962 0.48876953 0.05346676
v 0.24731445 0.48242188 0.04614254
v 0.24975587 0.48974609 0.05395504
v 0.24487305 0.48583984 0.05200192
v 0.24731445 0.48144531 0.04809567
v 0.25366211 0.48291016 0.04711911
v 0.24682617 0.47802734 0.04223629
v 0.25415039 0.47705078 0.03881833
v 0.23950195 0.49023438 0.05346677
v 0.24243166 0.49658203 0.05590817
v 0.25512695 0.49609375 0.05004879
v 0.24731445 0.50341797 0.05200192
v 0.25952148 0.48828125 0.04321286
v 0.25024414 0.47656250 0.02856442
v 0.24291992 0.47802734 0.03784176
v 0.24829102 0.48632812 0.01489255
v 0.25854492 0.48242188 0.02124020
v 0.25463867 0.49658203 0.01098629
v 0.24584961 0.50488281 0.01245114
v 0.24194336 0.51416016 0.02124020
v 0.26489258 0.49218750 0.01733395
v 0.25903320 0.41552734 0.06274410
v 0.26098633 0.41357422 0.05639645
v 0.25659180 0.41552734 0.06372067
v 0.25805664 0.41796875 0.06616207
v 0.25219727 0.42138672 0.06372067
v 0.25170898 0.41845703 0.06225583
v 0.26635742 0.43115234 0.06860348
v 0.25805664 0.43457031 0.06567379
v 0.25024414 0.41894531 0.05883786
v 0.25024414 0.42236328 0.05932614
v 0.25463867 0.43554688 0.05981442
v 0.26147461 0.41552734 0.06372067
v 0.25903320 0.41406250 0.06225583
v 0.27172852 0.42822266 0.06567379
v 0.26049805 0.41259766 0.05688474
v 0.26342773 0.41357422 0.05639645
v 0.27465820 0.42578125 0.05493161
v 0.26831055 0.43408203 0.06616207
v 0.26049805 0.43701172 0.06372067
v 0.25756836 0.43750000 0.05834958
v 0.26245117 0.43603516 0.06323238
v 0.26977539 0.43408203 0.06567379
v 0.27172852 0.43750000 0.06762692
v 0.26196289 0.44042969 0.06469723
v 0.25854492 0.44042969 0.05883786
v 0.26000977 0.43603516 0.05883786
v 0.27270508 0.43164062 0.06372067
v 0.27465820 0.42968750 0.05590817
v 0.27416992 0.43212891 0.06323238
v 0.27709961 0.43505859 0.06469723
v 0.27563477 0.43017578 0.05590817
v 0.27905273 0.43212891 0.05444333
v 0.27563477 0.45800781 0.06420895
v 0.28198242 0.45605469 0.06079098
v 0.28393555 0.45263672 0.04956051
v 0.26440430 0.45898438 0.06127926
v 0.26049805 0.45800781 0.05541989
v 0.26635742 0.46289062 0.05932614
v 0.27612305 0.46191406 0.06176754
v 0.28100586 0.45996094 0.05834957
v 0.25219727 0.42089844 0.05200192
v 0.25170898 0.41796875 0.05346677
v 0.25903320 0.41455078 0.05200192
v 0.25561523 0.41845703 0.04956052
v 0.25463867 0.41601562 0.05200192
v 0.25708008 0.43310547 0.04907224
v 0.26245117 0.43017578 0.04614255
v 0.26147461 0.41455078 0.05200192
v 0.25903320 0.41357422 0.05346677
v 0.27124023 0.42675781 0.04907223
v 0.25952148 0.43554688 0.05102536
v 0.26440430 0.43310547 0.04809567
v 0.26049805 0.43750000 0.04907224
v 0.26147461 0.43408203 0.05151364
v 0.26586914 0.43505859 0.04565427
v 0.26586914 0.43212891 0.04907224
v 0.27172852 0.43017578 0.05102536
v 0.25756836 0.41015625 0.03930661
v 0.25952148 0.40869141 0.03198239
v 0.25512695 0.41162109 0.03930661
v 0.25708008 0.41357422 0.04174802
v 0.25756836 0.40917969 0.03735349
v 0.26049805 0.41015625 0.03930661
v 0.26049805 0.43115234 0.04272458
v 0.26879883 0.42578125 0.04565427
v 0.27416992 0.42187500 0.04223629
v 0.25756836 0.43261719 0.03588864
v 0.26245117 0.40869141 0.03100583
v 0.25903320 0.40820312 0.03149411
v 0.26049805 0.43066406 0.02465817
v 0.27709961 0.41992188 0.03100583
v 0.25756836 0.40917969 0.02807614
v 0.26098633 0.41015625 0.02661130
v 0.25805664 0.41015625 0.02758786
v 0.26391602 0.43310547 0.04077145
v 0.26147461 0.43457031 0.03540036
v 0.26342773 0.43261719 0.02661130
v 0.27124023 0.42871094 0.04321286
v 0.26489258 0.43066406 0.04028317
v 0.26489258 0.43505859 0.04223630
v 0.26196289 0.43603516 0.03637692
v 0.26245117 0.43164062 0.03588864
v 0.27368164 0.43066406 0.04467770
v 0.27172852 0.42724609 0.04223629
v 0.26733398 0.45605469 0.03491208
v 0.27124023 0.45556641 0.04125973
v 0.28247070 0.45214844 0.04467770
v 0.26440430 0.43408203 0.02612302
v 0.26391602 0.43017578 0.02856442
v 0.27026367 0.45361328 0.02319333
v 0.27563477 0.43261719 0.04858395
v 0.27319336 0.43017578 0.05151364
v 0.26879883 0.45312500 0.04077145
v 0.28002930 0.45214844 0.04321286
v 0.27612305 0.42578125 0.04077145
v 0.27563477 0.42480469 0.03979489
v 0.27856445 0.42773438 0.04174801
v 0.26293945 0.45507812 0.04418942
v 0.27807617 0.42382812 0.03247067
v 0.28100586 0.42578125 0.03149411
v 0.27709961 0.42333984 0.03247067
v 0.28881836 0.44970703 0.04077145
v 0.29125977 0.44726562 0.02905270
v 0.27807617 0.42724609 0.02563473
v 0.27465820 0.42431641 0.02807614
v 0.27416992 0.42138672 0.02465817
v 0.27563477 0.42529297 0.02661130
v 0.28735352 0.44824219 0.02221676
v 0.25366211 0.41308594 0.02661130
v 0.25561523 0.41552734 0.02416989
v 0.26586914 0.42675781 0.02172848
v 0.25854492 0.41308594 0.01586911
v 0.26000977 0.41162109 0.00952145
v 0.26000977 0.41308594 0.01684567
v 0.25708008 0.41650391 0.01928708
v 0.25561523 0.41503906 0.01684567
v 0.25756836 0.41308594 0.01489255
v 0.25317383 0.42187500 0.01733395
v 0.25219727 0.41894531 0.01538083
v 0.26147461 0.43066406 0.02124020
v 0.26831055 0.42480469 0.02416989
v 0.27270508 0.42138672 0.02124020
v 0.25952148 0.41210938 0.01000973
v 0.26245117 0.41210938 0.00952145
v 0.27563477 0.41992188 0.01147458
v 0.25170898 0.42041016 0.01196286
v 0.25219727 0.42382812 0.01293942
v 0.25952148 0.43310547 0.01538083
v 0.26782227 0.42968750 0.02416989
v 0.26928711 0.43164062 0.02319333
v 0.26782227 0.42822266 0.02612302
v 0.27612305 0.45117188 0.01928708
v 0.26489258 0.43212891 0.01977536
v 0.26293945 0.43408203 0.01489255
v 0.27075195 0.42724609 0.02221677
v 0.25463867 0.42236328 0.00561520
v 0.25317383 0.41992188 0.00659177
v 0.25610352 0.41748047 0.00366208
v 0.25952148 0.41308594 0.00561520
v 0.25756836 0.41943359 0.00317380
v 0.25561523 0.41748047 0.00512692
v 0.26147461 0.41406250 0.00561520
v 0.25854492 0.41357422 0.00659177
v 0.26245117 0.43164062 0.00561520
v 0.26733398 0.42773438 0.00268551
v 0.27368164 0.42187500 0.00561520
v 0.26538086 0.43261719 0.00756833
v 0.26684570 0.43408203 0.02124020
v 0.26440430 0.43554688 0.01538083
v 0.26489258 0.43164062 0.01489255
v 0.26684570 0.43017578 0.01928708
v 0.26684570 0.43408203 0.00610348
v 0.26684570 0.43066406 0.00805661
v 0.27319336 0.45068359 0.02124020
v 0.27026367 0.45166016 0.01538083
v 0.27319336 0.45019531 0.00463864
v 0.26928711 0.42968750 0.00512692
v 0.27465820 0.42431641 0.01977536
v 0.27661133 0.42285156 0.01245114
v 0.27270508 0.42626953 0.02172848
v 0.27465820 0.42919922 0.02416989
v 0.27661133 0.42382812 0.01928708
v 0.27954102 0.42626953 0.02124020
v 0.28295898 0.44677734 0.02465817
v 0.28881836 0.44482422 0.02172848
v 0.28247070 0.42480469 0.01196286
v 0.27856445 0.42285156 0.01245114
v 0.29174805 0.44287109 0.01098629
v 0.27514648 0.42480469 0.00756833
v 0.27172852 0.43115234 0.00317380
v 0.27075195 0.42822266 0.00561520
v 0.28002930 0.42626953 0.00610348
v 0.27661133 0.42431641 0.00805661
v 0.27905273 0.44775391 0.00122067
v 0.28881836 0.44384766 0.00463864
v 0.26538086 0.42431641 -0.00415042
v 0.27661133 0.43066406 0.00024411
v 0.27319336 0.43359375 0.00268551
v 0.26342773 0.42675781 -0.00219730
v 0.26049805 0.43164062 -0.00366214
v 0.26733398 0.43750000 -0.00024417
v 0.27709961 0.43212891 -0.00219730
v 0.27465820 0.43408203 -0.00024417
v 0.26879883 0.43798828 -0.00170902
v 0.27319336 0.43359375 0.00024411
v 0.27612305 0.43505859 0.00219723
v 0.27026367 0.43994141 0.00024411
v 0.27075195 0.43750000 -0.00170902
v 0.27954102 0.43212891 -0.00024417
v 0.27661133 0.43115234 -0.00170902
v 0.26733398 0.42382812 -0.01000980
v 0.27807617 0.42871094 -0.00854496
v 0.27807617 0.43066406 -0.00805667
v 0.27709961 0.44970703 0.00122067
v 0.28393555 0.44482422 0.00317379
v 0.28784180 0.44238281 0.00073239
v 0.26293945 0.46191406 0.05395504
v 0.26489258 0.45947266 0.04418942
v 0.27124023 0.46533203 0.05346676
v 0.26977539 0.46484375 0.05151364
v 0.27075195 0.46386719 0.04760738
v 0.26342773 0.46289062 0.05249020
v 0.26782227 0.46435547 0.05786129
v 0.26684570 0.47070312 0.05834958
v 0.26147461 0.46875000 0.05151364
v 0.28002930 0.44531250 0.02856442
v 0.27319336 0.45263672 0.05102536
v 0.27124023 0.45263672 0.02465817
v 0.26928711 0.45800781 0.02270504
v 0.27026367 0.45800781 0.04125973
v 0.27270508 0.46337891 0.04663082
v 0.28100586 0.46142578 0.05883785
v 0.28491211 0.45800781 0.05493160
v 0.29272461 0.44921875 0.02709957
v 0.27514648 0.46484375 0.05444332
v 0.28491211 0.46582031 0.05981442
v 0.27709961 0.46435547 0.05297848
v 0.27758789 0.46289062 0.04956051
v 0.28344727 0.45751953 0.04907223
v 0.28930664 0.46289062 0.05541988
v 0.27661133 0.46289062 0.04760738
v 0.28002930 0.45654297 0.04370114
v 0.27075195 0.45996094 0.03393551
v 0.27416992 0.45947266 0.03979488
v 0.28393555 0.45654297 0.04223629
v 0.27270508 0.45800781 0.02368161
v 0.27954102 0.46191406 0.03393551
v 0.27856445 0.46191406 0.03198238
v 0.27954102 0.46142578 0.02807614
v 0.28344727 0.46093750 0.03491207
v 0.26049805 0.48144531 0.03442379
v 0.26635742 0.49121094 0.04956051
v 0.25512695 0.49267578 0.04809567
v 0.25659180 0.48388672 0.04760739
v 0.26098633 0.48193359 0.04614254
v 0.26977539 0.47460938 0.01586911
v 0.26586914 0.52246094 0.03393551
v 0.26000977 0.52001953 0.02905270
v 0.26831055 0.50878906 -0.00073246
v 0.25561523 0.51513672 0.04174801
v 0.26245117 0.50830078 0.04028317
v 0.26684570 0.50097656 0.03442379
v 0.26879883 0.49511719 0.02709957
v 0.28540039 0.47656250 0.05639645
v 0.28881836 0.52392578 0.03100582
v 0.28100586 0.44433594 0.00366207
v 0.27319336 0.45117188 -0.00512699
v 0.26928711 0.45800781 0.02221676
v 0.27075195 0.45605469 -0.00952152
v 0.27319336 0.45507812 0.01489254
v 0.27612305 0.45458984 0.02026364
v 0.28442383 0.45117188 0.02319332
v 0.29125977 0.44873047 -0.00122074
v 0.27807617 0.45605469 0.02026364
v 0.28784180 0.45312500 0.02319332
v 0.28149414 0.46044922 0.02661129
v 0.27221680 0.46826172 -0.01440433
v 0.28051758 0.45654297 0.01342770
v 0.28149414 0.45654297 0.01538082
v 0.28491211 0.45507812 0.01635739
v 0.28491211 0.45947266 0.02758786
v 0.27612305 0.45361328 0.00561520
v 0.26928711 0.43847656 -0.00463870
v 0.26831055 0.44140625 -0.00415042
v 0.27514648 0.45166016 -0.00366214
v 0.28100586 0.45166016 0.00268551
v 0.28540039 0.44775391 0.00219723
v 0.27954102 0.45214844 0.00024411
v 0.27807617 0.45361328 -0.00366214
v 0.28930664 0.44824219 0.00561520
v 0.28149414 0.45605469 0.01000973
v 0.28344727 0.45556641 0.00903317
v 0.28686523 0.45410156 0.01000973
v 0.28686523 0.45117188 -0.00219730
v 0.28442383 0.45312500 -0.00268558
v 0.28393555 0.45361328 -0.00415043
v 0.25903320 0.50488281 0.01000973
v 0.26831055 0.50097656 0.01586911
v 0.27124023 0.50292969 0.02368161
v 0.25170898 0.51171875 0.01098629
v 0.27124023 0.49951172 -0.02514652
v 0.26928711 0.50781250 0.02954098
v 0.29711914 0.45312500 0.02563473
v 0.29028320 0.47314453 0.05249020
v 0.29956055 0.46728516 0.01977535
v 0.28930664 0.45458984 0.03881833
v 0.29125977 0.45263672 0.02856442
v 0.28540039 0.45996094 0.03393551
v 0.28637695 0.45898438 0.03002926
v 0.29467773 0.52246094 0.02661129
v 0.30297852 0.51269531 -0.00073246
v 0.28930664 0.44873047 0.02026364
v 0.29174805 0.44726562 0.01098629
v 0.28686523 0.45410156 0.01538082
v 0.29565430 0.45263672 -0.00463871
v 0.28784180 0.45361328 0.01196285
v 0.28881836 0.44580078 0.00024411
v 0.28149414 0.43115234 -0.00805668
v 0.29028320 0.44189453 -0.00756840
v 0.29077148 0.44531250 -0.00708011
v 0.28784180 0.45068359 -0.00317386
v 0.28881836 0.45019531 -0.00561527
v 0.29956055 0.46826172 -0.01049809
v 0.30004883 0.50439453 -0.02075199
v 0.03198243 0.53955078 0.08276366
v 0.03051759 0.52587891 0.06762695
v 0.02905274 0.51220703 0.04858398
v 0.03881837 0.54443359 0.08032226
v 0.03735352 0.53125000 0.06665038
v 0.03637696 0.51806641 0.04858398
v 0.03344727 0.54687500 0.08569335
v 0.04711915 0.58789062 0.08618163
v 0.05297852 0.58349609 0.07983398
v 0.05346680 0.58349609 0.06860351
v 0.05297852 0.59033203 0.07983397
v 0.04370118 0.62548828 0.07983397
v 0.03833009 0.62548828 0.08569334
v 0.05297852 0.59033203 0.06860350
v 0.04418946 0.62548828 0.06860350
v 0.05688477 0.58251953 0.06762695
v 0.05444337 0.59228516 0.07592772
v 0.05053711 0.59326172 0.07202147
v 0.05249024 0.58642578 0.06567381
v 0.04614258 0.62695312 0.07592772
v 0.04223633 0.62841797 0.07202147
v 0.04272461 0.62841797 0.06323241
v 0.06372071 0.58300781 0.06665038
v 0.06176759 0.59277344 0.07495116
v 0.05639649 0.63964844 0.07397459
v 0.05151367 0.58496094 0.01000976
v 0.05200195 0.57812500 0.01049804
v 0.06469726 0.64062500 -0.00952150
v 0.06176757 0.59472656 -0.00952150
v 0.10961914 0.60546875 0.04565428
v 0.11059570 0.61425781 0.05102537
v 0.10131836 0.64697266 0.05004881
v 0.07788085 0.59472656 -0.00952150
v 0.02661133 0.51025391 0.01000976
v 0.03344727 0.51611328 0.01000976
v 0.04711914 0.55712891 0.04516600
v 0.02954102 0.55712891 0.03491210
v 0.02856445 0.54736328 0.03247070
v 0.04614258 0.54052734 0.04125976
v 0.02709961 0.54052734 0.02563476
v 0.04272461 0.52832031 0.02905273
v 0.04565430 0.57373047 0.04125975
v 0.02856445 0.56640625 0.03247070
v 0.02416992 0.51220703 -0.02954102
v 0.03100585 0.51806641 -0.02954102
v 0.02465820 0.53808594 0.01635742
v 0.03881836 0.52392578 0.01293945
v 0.02221680 0.54052734 0.00756835
v 0.03442383 0.52832031 -0.00317383
v 0.02075195 0.54736328 0.00073242
v 0.03149414 0.54052734 -0.01489258
v 0.01977539 0.55712891 -0.00170899
v 0.03002929 0.55712891 -0.01928711
v 0.05493164 0.52490234 0.02661132
v 0.05786133 0.52978516 0.04223632
v 0.06567384 0.53857422 0.04956054
v 0.06225586 0.52441406 0.02661132
v 0.06567383 0.53808594 0.04028320
v 0.06665039 0.55761719 0.04516600
v 0.06518555 0.57666016 0.04028319
v 0.05737305 0.51904297 0.00805663
v 0.04956053 0.57568359 -0.08520509
v 0.05249023 0.52441406 -0.01049805
v 0.05102539 0.52246094 0.00854491
v 0.07446289 0.54833984 0.00366210
v 0.07641602 0.54687500 0.03051757
v 0.08325195 0.54101562 0.03149413
v 0.07983398 0.52880859 0.01928710
v 0.07592773 0.52441406 0.00317382
v 0.04760742 0.52343750 -0.00952149
v 0.06372070 0.54785156 -0.02270509
v 0.07153320 0.52880859 -0.01293946
v 0.04272461 0.58593750 0.02905273
v 0.02661133 0.57324219 0.02563476
v 0.02270508 0.61865234 0.05395507
v 0.02661133 0.63085938 0.06127929
v 0.02807617 0.62060547 0.05053710
v 0.03247070 0.63281250 0.05737304
v 0.03491211 0.62011719 0.05297851
v 0.04028321 0.63281250 0.06030272
v 0.03833007 0.59033203 0.01293944
v 0.02465820 0.57568359 0.01635741
v 0.03393554 0.58593750 -0.00317384
v 0.02221680 0.57324219 0.00756835
v 0.02026367 0.56640625 0.00073242
v 0.03100585 0.57373047 -0.01489258
v 0.06176758 0.59082031 0.02661132
v 0.07055664 0.63818359 0.03979491
v 0.06176758 0.62500000 0.03540038
v 0.05688476 0.59619141 0.00805663
v 0.05200195 0.59082031 -0.01049806
v 0.08325195 0.57519531 0.03149413
v 0.08032227 0.58837891 0.01928709
v 0.07592773 0.59375000 0.00317381
v 0.04956053 0.58300781 -0.08715821
v 0.03979490 0.62841797 -0.08715822
v 0.07153320 0.58837891 -0.01293947
v 0.11889648 0.61083984 -0.01049807
v 0.07397462 0.54833984 0.04956053
v 0.07934571 0.54443359 0.05737303
v 0.08032227 0.56396484 0.05639647
v 0.07495117 0.56250000 0.04907225
v 0.08325195 0.57470703 0.03344725
v 0.08422852 0.55810547 0.03540038
v 0.08520509 0.56347656 0.05883788
v 0.10375977 0.57080078 0.05297850
v 0.09252930 0.54248047 0.00854491
v 0.09399414 0.54931641 0.01538085
v 0.09497070 0.55957031 0.01782225
v 0.09448242 0.56982422 0.01538084
v 0.09008789 0.53955078 -0.00073244
v 0.08764648 0.54248047 -0.00952150
v 0.08227539 0.57666016 0.00219725
v 0.08471680 0.57568359 0.02124022
v 0.07690429 0.57666016 -0.01586915
v 0.12231445 0.57812500 0.04711912
v 0.08129884 0.57421875 0.05346678
v 0.07690430 0.57177734 0.04663084
v 0.08520508 0.58056641 0.04956053
v 0.08032227 0.57763672 0.04272459
v 0.08569337 0.57568359 0.05493163
v 0.09985352 0.58154297 0.05004881
v 0.09594727 0.58544922 0.04565428
v 0.08666992 0.58056641 0.03833006
v 0.09301758 0.57763672 0.00854491
v 0.10717773 0.59033203 0.04223631
v 0.09350586 0.58349609 0.03442381
v 0.12036133 0.59960938 0.03344725
v 0.10766602 0.59326172 0.02807615
v 0.09155273 0.58593750 0.00024412
v 0.09399414 0.58544922 0.01538084
v 0.09057617 0.58056641 -0.00073244
v 0.08764648 0.58642578 -0.01440431
v 0.11059570 0.59814453 0.00952146
v 0.10815429 0.59863281 -0.00366213
v 0.10522460 0.59912109 -0.01684572
v 0.08813476 0.57763672 -0.00952150
v 0.11450195 0.58740234 0.04516600
v 0.12817383 0.59667969 0.03540037
v 0.13549805 0.58642578 0.03637693
v 0.11254883 0.60986328 0.04321287
v 0.11303711 0.61572266 0.04711912
v 0.10424805 0.64746094 0.04565427
v 0.12182616 0.61474609 -0.01098635
v 0.12231445 0.62011719 -0.01098635
v 0.11547851 0.65136719 -0.01049807
v 0.11108398 0.59667969 0.02026365
v 0.12426758 0.60351562 0.02319334
v 0.13208008 0.60058594 0.02368162
v 0.09448242 0.58496094 0.02416991
v 0.12377930 0.60546875 0.00903318
v 0.13208008 0.60253906 0.00805662
v 0.11987304 0.60595703 -0.00659182
v 0.12768555 0.60253906 -0.00903322
v 0.04125977 0.62792969 0.07983397
v 0.04174805 0.62792969 0.06860350
v 0.05395508 0.64306641 0.07006834
v 0.05493164 0.64355469 0.06176756
v 0.07641601 0.65283203 -0.01000978
v 0.09838867 0.65087891 0.04663084
v 0.09448242 0.65185547 0.03979490
v 0.06225586 0.68017578 0.06616209
v 0.06176758 0.68408203 0.07055663
v 0.05688477 0.68408203 0.07104491
v 0.05493164 0.67968750 0.06713866
v 0.04272461 0.70263672 0.08911131
v 0.04565430 0.70556641 0.09301756
v 0.08813477 0.71435547 0.05786131
v 0.08666992 0.71630859 0.06323240
v 0.04174805 0.70263672 0.07153319
v 0.05444336 0.67968750 0.05786131
v 0.06225586 0.68017578 0.05541991
v 0.08666992 0.71386719 0.04711912
v 0.03881836 0.70458984 0.08959959
v 0.03979493 0.70751953 0.09350584
v 0.05444336 0.77392578 0.11108396
v 0.03833008 0.70458984 0.07153319
v 0.04418945 0.71337891 0.06469725
v 0.03442383 0.71337891 0.07543944
v 0.06274414 0.77246094 0.11010740
v 0.03833008 0.67138672 0.06176757
v 0.05541992 0.67675781 0.05102538
v 0.06518555 0.71582031 0.05102537
v 0.05883789 0.66894531 0.05249022
v 0.05395508 0.67285156 0.04809569
v 0.07836914 0.67041016 0.03198240
v 0.10473632 0.65576172 -0.01049807
v 0.08178711 0.63818359 0.01782225
v 0.07202148 0.62500000 0.01586913
v 0.07690429 0.67431641 0.02954100
v 0.08081055 0.67773438 0.03100584
v 0.09448241 0.71923828 0.02563474
v 0.06127929 0.72851562 0.04663084
v 0.08862304 0.73144531 0.02319334
v 0.11401366 0.72265625 0.02905271
v 0.11694335 0.72802734 0.03002927
v 0.13403320 0.80371094 0.05151364
v 0.08959960 0.66992188 0.01049803
v 0.08715820 0.67431641 0.00903318
v 0.08471679 0.63818359 -0.02319338
v 0.07446288 0.62500000 -0.02026369
v 0.09301756 0.66894531 -0.02954104
v 0.09155273 0.67724609 0.00952146
v 0.10522460 0.71923828 0.00415037
v 0.09106444 0.67333984 -0.02954103
v 0.09545897 0.67626953 -0.03051760
v 0.10913084 0.71923828 -0.03686526
v 0.10083008 0.65136719 0.04321287
v 0.11108398 0.65527344 -0.01049807
v 0.09887695 0.73144531 0.00268552
v 0.10229491 0.73144531 -0.03540042
v 0.11840819 0.72509766 -0.04663089
v 0.11352538 0.72167969 -0.04565432
v 0.13989256 0.75390625 -0.05737308
v 0.13989256 0.76464844 0.00756833
v 0.13989258 0.59033203 0.02368162
v 0.13989258 0.59228516 0.00659177
v 0.13549805 0.59277344 -0.01147463
v 0.24780273 0.51855469 0.03686520
v 0.24243164 0.51904297 0.02954098
v 0.24877930 0.52343750 0.02563473
v 0.25268555 0.52294922 0.03100582
v 0.26000977 0.52001953 0.03588864
v 0.24829102 0.51953125 0.01831052
v 0.24926758 0.51171875 0.00512692
v 0.25073242 0.51611328 0.01440426
v 0.24780273 0.52636719 0.00952145
v 0.24633789 0.52099609 -0.00122074
v 0.25024414 0.51660156 -0.01098636
v 0.25317383 0.50732422 -0.00415042
v 0.23706055 0.53906250 0.02465817
v 0.23266602 0.53222656 0.00805661
v 0.23657227 0.52636719 0.01293942
v 0.23999023 0.53271484 0.02709958
v 0.25659180 0.53125000 0.02026364
v 0.23413086 0.52197266 -0.01831058
v 0.23852539 0.51562500 -0.01391605
v 0.25854492 0.52001953 0.02368161
v 0.23559570 0.54541016 0.02221676
v 0.22924805 0.54394531 0.00366208
v 0.23168945 0.53076172 -0.02612308
v 0.23510742 0.55175781 0.02124020
v 0.21606445 0.62402344 -0.00708011
v 0.20971678 0.61425781 -0.02319339
v 0.21508788 0.58984375 -0.07543949
v 0.25170898 0.54248047 0.03344723
v 0.25268555 0.53613281 0.03491208
v 0.23901367 0.55566406 0.02319333
v 0.24877930 0.55859375 0.02758786
v 0.23315430 0.63183594 0.00024410
v 0.26733398 0.54248047 0.03588863
v 0.26586914 0.55859375 0.02954098
v 0.25317383 0.63574219 0.00024410
v 0.20922850 0.65673828 -0.02221683
v 0.22583006 0.66357422 -0.01489262
v 0.24780272 0.66699219 -0.01440434
v 0.05981446 0.77978516 0.11010740
v 0.06420898 0.84960938 0.06079099
v 0.13305664 0.81152344 0.05249020
v 0.13159178 0.85888672 0.02075192
v 0.05444334 0.87500000 0.01831052
v 0.12963866 0.87744141 -0.00903324
v 0.06225584 0.88574219 0.00024412
v 0.05249022 0.86230469 -0.00073244
v 0.00610350 0.88281250 0.00903319
v 0.00708006 0.88623047 0.01489256
v 0.00756834 0.90576172 0.01489256
v 0.00903318 0.89160156 -0.02270510
v 0.01196287 0.88281250 0.00903318
v 0.01391600 0.88623047 0.01489256
v 0.01538084 0.90576172 0.01489256
v 0.01733396 0.89160156 -0.02221682
v 0.02124022 0.90917969 0.00170896
v 0.01635741 0.88476562 0.01000975
v 0.00903319 0.92041016 0.01489256
v 0.01782225 0.92041016 0.01489256
v 0.00952147 0.91894531 0.01928709
v 0.01000975 0.92041016 0.02124021
v 0.01000975 0.94726562 0.02514646
v 0.01928709 0.91992188 0.01782225
v 0.01977538 0.92089844 0.01977537
v 0.02026366 0.94775391 0.02270506
v 0.02905272 0.92382812 0.01342771
v 0.02807616 0.92285156 0.01147459
v 0.03002928 0.94921875 0.01733396
v 0.02124022 0.88964844 -0.00366213
v 0.02368162 0.89453125 -0.00756838
v 0.02368162 0.90722656 -0.00317385
v 0.04077147 0.95312500 0.00219724
v 0.03833006 0.92968750 -0.00073245
v 0.03735350 0.92773438 -0.00219729
v 0.02709959 0.92919922 -0.00610354
v 0.03442381 0.93066406 -0.01196291
v 0.05444334 0.88574219 0.00024412
v 0.06420896 0.90185547 -0.03540042
v 0.05493162 0.90185547 -0.03540042
v 0.12915036 0.89160156 -0.04272465
v 0.00952147 0.95605469 0.00952146
v 0.01831053 0.95654297 0.00708006
v 0.00952146 0.96337891 0.00463865
v 0.01000974 0.97412109 -0.00268557
v 0.01831053 0.96337891 0.00268552
v 0.01879881 0.97314453 -0.00463869
v 0.03149412 0.95703125 -0.00756838
v 0.02612303 0.95654297 0.00024412
v 0.01879881 0.95703125 0.00512693
v 0.01879881 0.96240234 0.00122068
v 0.02026365 0.95654297 0.00561521
v 0.02075193 0.96289062 0.00122068
v 0.02612303 0.96240234 -0.00366213
v 0.01928709 0.97216797 -0.00610354
v 0.02124021 0.97265625 -0.00561526
v 0.02661131 0.97167969 -0.01000979
v 0.03149412 0.96191406 -0.01049807
v 0.04663084 0.93554688 -0.01635745
v 0.04711912 0.95605469 -0.01245120
v 0.03540037 0.95849609 -0.01538088
v 0.13745117 0.80957031 0.04760739
v 0.13647459 0.85693359 0.01733395
v 0.13696288 0.84472656 -0.01293949
v 0.13793944 0.82617188 -0.00756839
v 0.18188475 0.78076172 0.00756832
v 0.17016600 0.81982422 0.00952145
v 0.16284178 0.81933594 0.00317379
v 0.17114256 0.78759766 -0.00756839
v 0.19799803 0.82519531 0.01000973
v 0.20874022 0.78857422 0.00708004
v 0.17260741 0.78076172 -0.01635746
v 0.18383788 0.77392578 0.00024410
v 0.21020506 0.78173828 -0.00073246
v 0.17211913 0.77929688 -0.03149417
v 0.18286131 0.77343750 -0.01831058
v 0.20971678 0.78125000 -0.02026371
v 0.13452147 0.87500000 -0.01049808
v 0.13598631 0.85888672 -0.02612308
v 0.15600584 0.84423828 0.00366207
v 0.15942381 0.85400391 0.00610348
v 0.15502928 0.86767578 0.00122067
v 0.15112303 0.86083984 -0.00122074
v 0.16430663 0.83935547 0.00952145
v 0.18579100 0.86718750 0.00708004
v 0.18139647 0.88037109 0.00170894
v 0.14672850 0.87304688 -0.01000980
v 0.15063475 0.87939453 -0.00756840
v 0.17749022 0.89160156 -0.00708012
v 0.16186522 0.81445312 -0.02416996
v 0.15698241 0.82958984 -0.01879886
v 0.19018553 0.85156250 0.01098629
v 0.22485350 0.86035156 0.00756831
v 0.21899413 0.87451172 0.00415035
v 0.21215819 0.88818359 -0.00073247
v 0.24633788 0.80273438 0.00170894
v 0.23510741 0.83349609 0.00561519
v 0.24780272 0.79785156 -0.00512700
v 0.24536131 0.83593750 0.00268550
v 0.25366211 0.81054688 -0.00073247
v 0.25512695 0.80566406 -0.00708013
v 0.23559569 0.86376953 0.00415034
v 0.24194334 0.86425781 0.00024409
v 0.25170895 0.83789062 -0.00170903
v 0.26000974 0.81640625 -0.00854497
v 0.23071288 0.87792969 0.00024409
v 0.22631834 0.89062500 -0.00463872
v 0.23706053 0.87695312 -0.00366216
v 0.20581053 0.89990234 -0.00854497
v 0.23315428 0.88867188 -0.00903325
v 0.26538086 0.51464844 0.03491208
v 0.26440430 0.52294922 0.02612301
v 0.26879883 0.52490234 0.02954098
v 0.28735352 0.52587891 0.02709957
v 0.26733398 0.53613281 0.03637692
v 0.26831055 0.53320312 0.02514645
v 0.28100586 0.53222656 0.02319332
v 0.28198242 0.53613281 0.03686520
v 0.28344727 0.54248047 0.03637691
v 0.28247070 0.55859375 0.03002926
v 0.27221680 0.51220703 -0.00219730
v 0.26879883 0.52197266 0.02807613
v 0.29174805 0.52490234 0.02368160
v 0.30004883 0.51562500 -0.00219731
v 0.28002930 0.52099609 0.02661129
v 0.27612305 0.50292969 -0.01391605
v 0.26440430 0.50390625 -0.01196293
v 0.29321289 0.52783203 0.01440426
v 0.29028320 0.51708984 0.01879879
v 0.30200195 0.52832031 0.02026363
v 0.29516602 0.53417969 0.03393551
v 0.27319336 0.64013672 0.00073238
v 0.29907227 0.54003906 0.03198238
v 0.30688477 0.53417969 0.01684566
v 0.30737305 0.54736328 0.01147457
v 0.29956055 0.54638672 0.03002926
v 0.29516602 0.51318359 0.00952144
v 0.29809570 0.52294922 0.00415035
v 0.29418945 0.50878906 -0.00024418
v 0.28686523 0.50488281 -0.01000980
v 0.29760742 0.51806641 -0.00659184
v 0.31225586 0.52099609 -0.01831059
v 0.30737305 0.51464844 -0.01391606
v 0.29321289 0.55664062 0.02905269
v 0.29272461 0.63964844 -0.00610356
v 0.31274414 0.53125000 -0.02563481
v 0.29858398 0.55322266 0.02856441
v 0.30346680 0.63232422 -0.02172856
v 0.30981445 0.60351562 -0.07641606
v 0.26928711 0.67089844 -0.01391606
v 0.28735352 0.67529297 -0.02221684
v 0.11450197 0.00439453 -0.02319335
v 0.10571291 0.00439453 -0.02807616
v 0.10864259 0.00146484 -0.03051757
v 0.11547853 0.00146484 -0.02709960
v 0.09838868 0.00341797 -0.10278320
v 0.10180665 0.00000000 -0.10131835
v 0.21362306 0.00097656 -0.04711915
v 0.21850587 0.00097656 -0.05297852
v 0.20141602 0.00000000 -0.12084962
v 0.11450197 0.02832031 -0.02416992
v 0.10571291 0.02832031 -0.03002929
v 0.10229494 0.02783203 -0.04565429
v 0.10180666 0.03125000 -0.05883789
v 0.11450197 0.03222656 -0.02661132
v 0.10815431 0.03222656 -0.03051757
v 0.10473634 0.03173828 -0.04614257
v 0.21459962 0.03076172 -0.04467774
v 0.21655275 0.00683594 -0.04370118
v 0.21362306 0.03466797 -0.04711915
v 0.10180666 0.05859375 -0.01489257
v 0.10131837 0.04785156 -0.02319335
v 0.11059572 0.04248047 -0.01879882
v 0.11108400 0.05615234 -0.00903320
v 0.11059572 0.07324219 -0.00561523
v 0.10131837 0.07177734 -0.01245117
v 0.11010744 0.03515625 -0.04663086
v 0.11352541 0.03515625 -0.03247070
v 0.10864259 0.03466797 -0.03393554
v 0.09985353 0.04150391 -0.03491211
v 0.16674806 0.04541016 -0.02319336
v 0.16772462 0.05908203 -0.01342774
v 0.16674806 0.07568359 -0.01000977
v 0.16479494 0.03759766 -0.03833008
v 0.21215822 0.03710938 -0.05249024
v 0.10424806 0.03515625 -0.05834961
v 0.10571291 0.03369141 -0.05102539
v 0.09790041 0.04101562 -0.04809570
v 0.16235353 0.03662109 -0.05541993
v 0.10961916 0.03808594 -0.05834961
v 0.09545900 0.04638672 -0.05981445
v 0.10278322 0.04052734 -0.06616210
v 0.09350587 0.05664062 -0.06860351
v 0.09985352 0.05371094 -0.07690429
v 0.15942384 0.04345703 -0.07055664
v 0.10180665 0.03710938 -0.06958007
v 0.10473634 0.04003906 -0.06713866
v 0.11010744 0.04199219 -0.06518554
v 0.21118166 0.03808594 -0.06567384
v 0.20727541 0.04150391 -0.07690430
v 0.20434572 0.04541016 -0.08325196
v 0.09204102 0.09326172 -0.06127929
v 0.09350587 0.09960938 -0.04956054
v 0.10034180 0.10839844 -0.05297851
v 0.09838868 0.10058594 -0.06811523
v 0.09741212 0.08691406 -0.07788086
v 0.09155274 0.08251953 -0.06909180
v 0.09545900 0.10009766 -0.03637695
v 0.10278322 0.10937500 -0.03637695
v 0.10864259 0.08935547 -0.01000976
v 0.09985353 0.08447266 -0.01586914
v 0.09790041 0.09472656 -0.02465820
v 0.10620119 0.10253906 -0.02075195
v 0.16528322 0.09228516 -0.01440430
v 0.16235353 0.10498047 -0.02514649
v 0.10717775 0.10546875 -0.02709961
v 0.15942384 0.11181641 -0.04077149
v 0.11645509 0.10400391 -0.03100586
v 0.09838868 0.11621094 -0.04321288
v 0.10375977 0.11083984 -0.04565429
v 0.11206055 0.10791016 -0.04663086
v 0.20141603 0.10937500 -0.03930665
v 0.20043947 0.11572266 -0.04711915
v 0.19702150 0.11962891 -0.06323243
v 0.10668946 0.10742188 -0.04663086
v 0.10864259 0.11279297 -0.04565429
v 0.10522462 0.12060547 -0.05053711
v 0.10229493 0.11767578 -0.05346680
v 0.10522462 0.09619141 -0.07446289
v 0.10668946 0.08642578 -0.06909180
v 0.10668946 0.11328125 -0.05737304
v 0.10131837 0.11914062 -0.05590820
v 0.08471680 0.17675781 -0.05639648
v 0.09155274 0.17529297 -0.07006836
v 0.15649416 0.11132812 -0.05737305
v 0.11499024 0.10937500 -0.05688476
v 0.15454103 0.10351562 -0.07250977
v 0.11303712 0.11425781 -0.06274414
v 0.11059571 0.12109375 -0.06469727
v 0.10327149 0.17626953 -0.07885742
v 0.10424805 0.12548828 -0.05883789
v 0.10717774 0.12695312 -0.05493164
v 0.10668946 0.10156250 -0.07788086
v 0.14965820 0.12011719 -0.07446290
v 0.15112306 0.11523438 -0.06958009
v 0.09838868 0.06982422 -0.08129882
v 0.09204102 0.06933594 -0.07202148
v 0.10620118 0.04687500 -0.07495116
v 0.10375977 0.04541016 -0.07836913
v 0.10131837 0.03125000 -0.10229491
v 0.15649416 0.05615234 -0.08129883
v 0.11206055 0.04833984 -0.07299804
v 0.15454102 0.07275391 -0.08569336
v 0.10913087 0.04980469 -0.08276366
v 0.11108399 0.05029297 -0.07836913
v 0.10717774 0.03515625 -0.10668945
v 0.19799805 0.05371094 -0.09497070
v 0.19799805 0.05322266 -0.09985352
v 0.19262695 0.03906250 -0.12280273
v 0.19946291 0.05126953 -0.08959962
v 0.10717774 0.00000000 -0.10620116
v 0.10473634 0.00341797 -0.10864257
v 0.10717774 0.03222656 -0.10815429
v 0.19506836 0.00000000 -0.12329102
v 0.19604492 0.00781250 -0.12670900
v 0.19213867 0.03662109 -0.12475586
v 0.15405273 0.08935547 -0.08227540
v 0.10913087 0.09130859 -0.07836914
v 0.11059571 0.08300781 -0.07299805
v 0.11010743 0.09472656 -0.08032227
v 0.12573242 0.09521484 -0.08178711
v 0.17260742 0.09765625 -0.08764649
v 0.19165039 0.08740234 -0.08325196
v 0.11254884 0.09716797 -0.08178711
v 0.11059571 0.10449219 -0.07983398
v 0.10815430 0.12890625 -0.06079102
v 0.14819336 0.12695312 -0.07690430
v 0.13842773 0.18212891 -0.09155273
v 0.12475587 0.10693359 -0.08178711
v 0.12524414 0.09912109 -0.08374023
v 0.12426759 0.13085938 -0.06372070
v 0.13208008 0.09619141 -0.08276367
v 0.13110352 0.10351562 -0.08081055
v 0.13110353 0.12792969 -0.06274414
v 0.08178711 0.21826172 -0.08618163
v 0.07543945 0.21923828 -0.07104491
v 0.10961915 0.12841797 -0.05590820
v 0.12524416 0.13037109 -0.05834961
v 0.09497070 0.21923828 -0.09594727
v 0.12963867 0.22509766 -0.10864258
v 0.07153320 0.24169922 -0.07543945
v 0.07690430 0.24316406 -0.09155273
v 0.09008789 0.24511719 -0.10180665
v 0.07348633 0.26757812 -0.09252930
v 0.08618164 0.27001953 -0.10229493
v 0.12475585 0.25097656 -0.11499024
v 0.12084960 0.27587891 -0.11596680
v 0.22338869 0.04833984 -0.02758790
v 0.22387697 0.06201172 -0.01782228
v 0.22338869 0.07861328 -0.01440431
v 0.22143556 0.04003906 -0.04272462
v 0.21850587 0.03955078 -0.05981446
v 0.21557619 0.04638672 -0.07495118
v 0.22143556 0.09521484 -0.01879884
v 0.21899416 0.10791016 -0.02954103
v 0.20239259 0.01806641 -0.00463868
v 0.18920900 0.01757812 -0.00219727
v 0.21606447 0.11474609 -0.04516603
v 0.21313478 0.11376953 -0.06176759
v 0.21118164 0.10595703 -0.07690431
v 0.21313478 0.05908203 -0.08569337
v 0.21118164 0.07568359 -0.09008791
v 0.21069336 0.09228516 -0.08715822
v 0.16625977 0.09814453 -0.08715821
v 0.16625977 0.10546875 -0.08520509
v 0.16870117 0.13085938 -0.06811524
v 0.18872070 0.12451172 -0.07739259
v 0.19018555 0.11962891 -0.07104493
v 0.18774414 0.13183594 -0.07934571
v 0.17163086 0.10205078 -0.09008790
v 0.17163086 0.10937500 -0.08813477
v 0.17407227 0.13427734 -0.07104493
v 0.18579102 0.10888672 -0.08959962
v 0.18481445 0.10107422 -0.09106446
v 0.19067383 0.13476562 -0.07299805
v 0.19067383 0.10644531 -0.08911134
v 0.18823242 0.09912109 -0.09057618
v 0.19555664 0.13232422 -0.07202149
v 0.22241212 0.00683594 -0.05200196
v 0.22045900 0.03076172 -0.05297852
v 0.21801759 0.03466797 -0.05297853
v 0.20385742 0.00781250 -0.12329102
v 0.21655275 0.03515625 -0.06713868
v 0.21899416 0.03125000 -0.06811524
v 0.22827150 0.04931641 -0.04614259
v 0.22631837 0.04833984 -0.05932618
v 0.22387697 0.05371094 -0.07153321
v 0.22973634 0.05517578 -0.03442384
v 0.23022462 0.06591797 -0.02661134
v 0.22973634 0.07910156 -0.02368165
v 0.21508791 0.03466797 -0.08032227
v 0.21655275 0.07324219 -0.01635743
v 0.22045900 0.08007812 -0.01440431
v 0.21215822 0.11230469 -0.03881837
v 0.20971681 0.11962891 -0.04663087
v 0.20385744 0.12500000 -0.06518556
v 0.19995119 0.11425781 -0.05981446
v 0.19604492 0.09179688 -0.08032227
v 0.19409180 0.10107422 -0.08618165
v 0.20043947 0.12500000 -0.06762697
v 0.19799806 0.12744141 -0.06420899
v 0.19750978 0.11962891 -0.05834962
v 0.20825197 0.13183594 -0.06420900
v 0.22631837 0.10205078 -0.03588868
v 0.22387697 0.10742188 -0.04809571
v 0.22192384 0.10693359 -0.06127931
v 0.22045900 0.10058594 -0.07299806
v 0.22827150 0.09228516 -0.02709962
v 0.20874025 0.04394531 -0.08715821
v 0.20385742 0.05029297 -0.09350587
v 0.21264650 0.03857422 -0.07885743
v 0.22143556 0.06396484 -0.07983399
v 0.21069337 0.04101562 -0.09008790
v 0.20483398 0.04882812 -0.09790040
v 0.19995117 0.03564453 -0.12133790
v 0.22045900 0.07666016 -0.08325197
v 0.19018555 0.09619141 -0.08862305
v 0.21997070 0.08984375 -0.08081056
v 0.19653320 0.12548828 -0.07446290
v 0.19995117 0.13281250 -0.07495119
v 0.17651367 0.18750000 -0.09350587
v 0.16723633 0.23046875 -0.11010743
v 0.17504883 0.13427734 -0.06567384
v 0.19067383 0.13427734 -0.06811524
v 0.16235352 0.25634766 -0.11596681
v 0.18286133 0.23388672 -0.10571290
v 0.19116211 0.19042969 -0.08959962
v 0.17895508 0.25878906 -0.11157228
v 0.19067383 0.25976562 -0.09838869
v 0.19409180 0.13330078 -0.06762696
v 0.08081055 0.34277344 -0.02319336
v 0.08959962 0.33691406 -0.02465821
v 0.16333008 0.34814453 -0.03930666
v 0.07934571 0.34472656 -0.02270508
v 0.08569336 0.34033203 -0.04028321
v 0.07788086 0.34521484 -0.03588868
v 0.07690430 0.34716797 -0.03491211
v 0.15991211 0.35107422 -0.05493166
v 0.07104492 0.29052734 -0.08862305
v 0.06958008 0.32373047 -0.07983398
v 0.06958008 0.33740234 -0.07446289
v 0.07495117 0.35351562 -0.04614258
v 0.08178711 0.35009766 -0.05297852
v 0.15551758 0.36132812 -0.06762697
v 0.07348633 0.35498047 -0.04418946
v 0.06860352 0.38964844 -0.04418946
v 0.06958008 0.39746094 -0.03442383
v 0.07202148 0.36572266 -0.05200196
v 0.07104492 0.36572266 -0.04956055
v 0.06909180 0.37841797 -0.04956055
v 0.07836914 0.36474609 -0.06030274
v 0.07006836 0.37890625 -0.05200196
v 0.07592773 0.38134766 -0.05981446
v 0.15209961 0.37597656 -0.07446291
v 0.14965820 0.39257812 -0.07446291
v 0.08276366 0.29296875 -0.09790039
v 0.07885741 0.32421875 -0.08813477
v 0.11791991 0.29882812 -0.11157227
v 0.11499023 0.33056641 -0.10180665
v 0.15844727 0.28125000 -0.11645509
v 0.15600586 0.30419922 -0.11206056
v 0.15405273 0.33593750 -0.10229494
v 0.07739258 0.34277344 -0.07983398
v 0.11450195 0.35302734 -0.08862305
v 0.11401366 0.34960938 -0.09301759
v 0.15405273 0.35400391 -0.09399416
v 0.04711914 0.47949219 -0.03540040
v 0.05883789 0.43359375 -0.03881836
v 0.06372070 0.41455078 -0.04174805
v 0.05053711 0.48144531 -0.04809571
v 0.06176757 0.43554688 -0.05053711
v 0.06811523 0.41503906 -0.05151368
v 0.08178710 0.41552734 -0.06469727
v 0.07543945 0.43945312 -0.06616212
v 0.06518554 0.48583984 -0.06372071
v 0.04272461 0.52001953 -0.03198243
v 0.04467773 0.53125000 -0.04516602
v 0.05541991 0.54541016 -0.05541993
v 0.07202148 0.40283203 -0.02270508
v 0.07153320 0.40039062 -0.02221680
v 0.07788086 0.41015625 -0.02563477
v 0.07006836 0.39941406 -0.03540039
v 0.07055664 0.40869141 -0.03979493
v 0.15161133 0.42041016 -0.04418947
v 0.07739258 0.40820312 -0.03051758
v 0.15258789 0.42187500 -0.03930666
v 0.07543945 0.40673828 -0.04174805
v 0.07592773 0.40527344 -0.04028321
v 0.07592773 0.41308594 -0.03344727
v 0.15014648 0.42480469 -0.04711916
v 0.06958008 0.39257812 -0.04760743
v 0.06958008 0.39013672 -0.04956055
v 0.07543945 0.39697266 -0.05053712
v 0.07446289 0.39404297 -0.05883790
v 0.07543945 0.39306641 -0.05346680
v 0.14819336 0.40625000 -0.07250978
v 0.07397461 0.40039062 -0.05444337
v 0.07397461 0.41015625 -0.04663087
v 0.07739258 0.41259766 -0.05053712
v 0.07641602 0.40234375 -0.05639649
v 0.14428711 0.41406250 -0.06909181
v 0.14331055 0.42382812 -0.06225587
v 0.07495117 0.40917969 -0.04956055
v 0.08520507 0.40917969 -0.05883790
v 0.10717773 0.40966797 -0.06323243
v 0.07446289 0.41699219 -0.03833009
v 0.07788086 0.41943359 -0.04223634
v 0.14379883 0.43017578 -0.05444337
v 0.10522460 0.41601562 -0.06909181
v 0.13110352 0.41357422 -0.05249025
v 0.12915039 0.41650391 -0.06762697
v 0.10083007 0.44433594 -0.07055666
v 0.12817383 0.42333984 -0.07348634
v 0.12573241 0.44873047 -0.07543947
v 0.09155273 0.49072266 -0.06958009
v 0.08227538 0.54638672 -0.06127931
v 0.11840820 0.49609375 -0.07495119
v 0.10913085 0.54687500 -0.06762697
v 0.14428711 0.45263672 -0.07055666
v 0.13842772 0.50048828 -0.07006837
v 0.12719725 0.54931641 -0.06420900
v 0.17260742 0.35937500 -0.02758791
v 0.17309570 0.36767578 -0.01684572
v 0.17260742 0.37988281 -0.01098634
v 0.17016602 0.35595703 -0.04077150
v 0.17309570 0.36132812 -0.02856447
v 0.17407227 0.36914062 -0.01879884
v 0.17309570 0.38037109 -0.01342775
v 0.16870117 0.40429688 -0.01879885
v 0.17163086 0.39306641 -0.01342775
v 0.17114258 0.35839844 -0.04077150
v 0.16723633 0.35888672 -0.05346681
v 0.16870117 0.36083984 -0.05297853
v 0.16430664 0.36718750 -0.06372072
v 0.16528320 0.36865234 -0.06225587
v 0.16137695 0.37890625 -0.06958009
v 0.16284180 0.37939453 -0.06762697
v 0.16088867 0.39208984 -0.06762697
v 0.16040039 0.40332031 -0.06225588
v 0.17456055 0.28369141 -0.11206056
v 0.17065430 0.30615234 -0.10766603
v 0.16577148 0.33837891 -0.09790041
v 0.16430664 0.35205078 -0.09204103
v 0.15258789 0.42431641 -0.04760744
v 0.15844727 0.41943359 -0.02368166
v 0.15014648 0.41748047 -0.05395509
v 0.14965820 0.41845703 -0.05541994
v 0.15942383 0.41308594 -0.05297853
v 0.16186523 0.41601562 -0.04028322
v 0.16479492 0.41357422 -0.02709963
v 0.15698242 0.40722656 -0.06372072
v 0.14916992 0.40917969 -0.06420900
v 0.14868164 0.42871094 -0.05200197
v 0.14819336 0.42236328 -0.06030275
v 0.14819336 0.41259766 -0.06811525
v 0.15747070 0.43261719 -0.04760744
v 0.14819336 0.42333984 -0.05737306
v 0.15258789 0.43115234 -0.06176759
v 0.14428711 0.42919922 -0.06909182
v 0.14038086 0.42089844 -0.06420900
v 0.16235352 0.42675781 -0.02270509
v 0.15795898 0.45312500 -0.04125978
v 0.15258789 0.45361328 -0.06127931
v 0.17065430 0.39355469 -0.01098635
v 0.16772461 0.40527344 -0.01684572
v 0.16577148 0.41162109 -0.02807619
v 0.16333008 0.41406250 -0.04028322
v 0.16137695 0.41113281 -0.05249025
v 0.15942383 0.39208984 -0.06958009
v 0.15698242 0.40478516 -0.06616212
v 0.15209961 0.50097656 -0.03833010
v 0.14624022 0.50097656 -0.05737307
v 0.14916992 0.40527344 -0.06713869
v 0.25024414 0.42675781 -0.00756839
v 0.24829102 0.42626953 -0.00903323
v 0.24877930 0.42431641 -0.01000979
v 0.25024414 0.42431641 -0.00903323
v 0.24975586 0.42382812 -0.01342776
v 0.25170898 0.42285156 -0.01342776
v 0.25024414 0.43066406 -0.00854495
v 0.24877930 0.42968750 -0.01000980
v 0.25219727 0.42431641 -0.01586917
v 0.25024414 0.42480469 -0.01538089
v 0.25122070 0.43212891 -0.01098636
v 0.24926758 0.43115234 -0.01147464
v 0.25219727 0.43115234 -0.01538089
v 0.24975586 0.43017578 -0.01489261
v 0.25219727 0.42871094 -0.01684573
v 0.25024414 0.42822266 -0.01635745
v 0.25756836 0.43164062 -0.00415042
v 0.25952148 0.42675781 -0.00268558
v 0.26147461 0.42382812 -0.00463870
v 0.25708008 0.43359375 -0.00805667
v 0.26196289 0.42724609 -0.00366214
v 0.26000977 0.43164062 -0.00512698
v 0.25952148 0.43310547 -0.00805667
v 0.26293945 0.42236328 -0.01147464
v 0.26245117 0.42431641 -0.01489261
v 0.25854492 0.43212891 -0.01440433
v 0.26049805 0.42919922 -0.01635745
v 0.26098633 0.43212891 -0.01342777
v 0.26342773 0.42480469 -0.00512698
v 0.26440430 0.42382812 -0.01000980
v 0.26147461 0.42578125 -0.00463870
v 0.26293945 0.42431641 -0.00610355
v 0.25952148 0.42968750 -0.00561527
v 0.25903320 0.43115234 -0.00756839
v 0.26000977 0.43359375 -0.00659183
v 0.26489258 0.43945312 -0.00512699
v 0.26196289 0.43310547 -0.01245120
v 0.26049805 0.43066406 -0.01196292
v 0.26733398 0.43847656 -0.01293949
v 0.26440430 0.42529297 -0.01342777
v 0.26391602 0.42529297 -0.01245120
v 0.26684570 0.42578125 -0.01342777
v 0.26245117 0.42919922 -0.01489261
v 0.26196289 0.42871094 -0.01342777
v 0.26391602 0.43066406 -0.01440433
v 0.27075195 0.43554688 -0.01538089
v 0.27563477 0.43017578 -0.01342777
v 0.27954102 0.43310547 -0.01245121
v 0.27661133 0.43212891 -0.01049808
v 0.27270508 0.43554688 -0.01147464
v 0.27368164 0.43798828 -0.01440433
v 0.27026367 0.43750000 -0.01000980
v 0.27026367 0.44042969 -0.01196292
v 0.27270508 0.43652344 -0.01342777
v 0.27709961 0.43212891 -0.01147464
v 0.26977539 0.43896484 -0.01147464
v 0.27807617 0.43115234 -0.00708011
v 0.28149414 0.44824219 -0.01440433
v 0.28784180 0.44384766 -0.01196293
v 0.26782227 0.43994141 -0.00561527
v 0.27758789 0.45068359 -0.01196293
v 0.27661133 0.45507812 -0.01489261
v 0.27758789 0.45068359 -0.00903324
v 0.28002930 0.45312500 -0.01049808
v 0.29272461 0.45312500 -0.01245121
v 0.28881836 0.44921875 -0.00756839
v 0.28344727 0.45068359 -0.01293949
v 0.27807617 0.46630859 -0.01879886
v 0.27709961 0.49853516 -0.02954105
v 0.28442383 0.45312500 -0.00708011
v 0.29614258 0.46728516 -0.01733402
v 0.28588867 0.45263672 -0.00805668
v 0.29614258 0.50244141 -0.02612309
v 0.27465820 0.50341797 -0.02514652
v 0.27905273 0.50292969 -0.02807621
v 0.29418945 0.50585938 -0.02465824
v 0.28930664 0.44677734 -0.01098636
v 0.28833008 0.45117188 -0.00708011
v 0.02368163 0.52099609 -0.06469727
v 0.03051757 0.52636719 -0.06567384
v 0.04956053 0.57568359 -0.09643555
v 0.04858398 0.53808594 -0.02416993
v 0.04760741 0.55761719 -0.02905274
v 0.04858398 0.57666016 -0.02416993
v 0.04467773 0.52978516 -0.02758790
v 0.04663085 0.54052734 -0.03833009
v 0.05151366 0.55078125 -0.04028321
v 0.06860351 0.54101562 -0.02465821
v 0.06713866 0.55810547 -0.02905275
v 0.06860351 0.57519531 -0.02465822
v 0.05541991 0.56591797 -0.04663087
v 0.05249023 0.54736328 -0.05053712
v 0.05346679 0.56445312 -0.03784181
v 0.06958007 0.57568359 -0.02612306
v 0.05883788 0.56542969 -0.05102540
v 0.08081054 0.57226562 -0.05395509
v 0.05249022 0.58300781 -0.08666993
v 0.05932616 0.58300781 -0.08569337
v 0.03833006 0.62841797 -0.08129884
v 0.04809569 0.58642578 -0.08422853
v 0.05688476 0.57324219 -0.03540040
v 0.05834960 0.57568359 -0.04272462
v 0.06420898 0.58203125 -0.04028321
v 0.06225585 0.57910156 -0.03247071
v 0.06176757 0.57714844 -0.04565431
v 0.07592773 0.58642578 -0.04125978
v 0.07739257 0.58251953 -0.04760744
v 0.02465819 0.52636719 -0.07202148
v 0.04370115 0.57568359 -0.10278321
v 0.04321287 0.58251953 -0.10473634
v 0.03393553 0.62890625 -0.10424806
v 0.04956053 0.58300781 -0.09838868
v 0.04907225 0.59228516 -0.09497072
v 0.04565428 0.59375000 -0.09057619
v 0.03735350 0.62841797 -0.09008791
v 0.03979490 0.62841797 -0.09838869
v 0.05688475 0.59277344 -0.09399416
v 0.10571288 0.60546875 -0.06665041
v 0.10668944 0.61425781 -0.07202151
v 0.04125975 0.62744141 -0.09448244
v 0.05151365 0.64013672 -0.09301759
v 0.09741209 0.64697266 -0.07055666
v 0.08618163 0.54931641 -0.01635743
v 0.08569335 0.55957031 -0.01879884
v 0.08618163 0.56982422 -0.01635744
v 0.10229491 0.57861328 -0.05737307
v 0.10083007 0.59765625 -0.02612306
v 0.08422851 0.58593750 -0.02270509
v 0.07104491 0.58203125 -0.03149416
v 0.07983398 0.58496094 -0.03100587
v 0.08764648 0.59082031 -0.04223634
v 0.10327148 0.60009766 -0.04125978
v 0.09497070 0.59423828 -0.03100588
v 0.09301757 0.58740234 -0.04907228
v 0.10913085 0.59716797 -0.04760744
v 0.11694335 0.58691406 -0.05444338
v 0.11596679 0.60595703 -0.02270510
v 0.11010741 0.60400391 -0.03540041
v 0.12329101 0.60302734 -0.02612307
v 0.10913084 0.60986328 -0.06420901
v 0.10961913 0.61572266 -0.06811526
v 0.10083006 0.64794922 -0.06616213
v 0.11694335 0.60107422 -0.04028322
v 0.12426757 0.59082031 -0.04516603
v 0.13110350 0.59277344 -0.02905275
v 0.14282227 0.55029297 -0.03393557
v 0.13549803 0.54980469 -0.05151369
v 0.06225585 0.62500000 -0.04174806
v 0.03100584 0.62500000 -0.06713869
v 0.03588866 0.63818359 -0.07641603
v 0.07104491 0.63818359 -0.04711916
v 0.02026366 0.63818359 -0.07690430
v 0.01733397 0.62500000 -0.06762696
v 0.03198240 0.67285156 -0.08618166
v 0.03735350 0.63085938 -0.09838869
v 0.03735350 0.63085938 -0.08715822
v 0.02856444 0.63818359 -0.07202150
v 0.02465819 0.62500000 -0.06323243
v 0.04028318 0.66845703 -0.07788087
v 0.04516600 0.66503906 -0.07836916
v 0.04711912 0.71923828 -0.09887697
v 0.08129881 0.66796875 -0.05200197
v 0.04907225 0.64355469 -0.08911134
v 0.05053709 0.64355469 -0.08081056
v 0.09448241 0.65087891 -0.06713869
v 0.09155272 0.65234375 -0.06030275
v 0.07983397 0.67285156 -0.05053713
v 0.04223631 0.67187500 -0.08081056
v 0.08374022 0.67529297 -0.05346682
v 0.05639646 0.71923828 -0.09301759
v 0.09790038 0.71923828 -0.05981448
v 0.06616209 0.69140625 -0.10766603
v 0.06616209 0.69140625 -0.09301759
v 0.06811521 0.69433594 -0.11206056
v 0.06420895 0.77294922 -0.16137698
v 0.05297849 0.73144531 -0.08813478
v 0.09204100 0.73144531 -0.05688479
v 0.09741209 0.65185547 -0.06372073
v 0.11401365 0.72412109 -0.10620119
v 0.11010740 0.72021484 -0.10473635
v 0.12963864 0.76611328 -0.14135745
v 0.07104490 0.69384766 -0.10815431
v 0.07104490 0.69384766 -0.09252931
v 0.08715818 0.71484375 -0.10961916
v 0.08715818 0.71484375 -0.09057619
v 0.08666990 0.71679688 -0.11450198
v 0.11059568 0.72265625 -0.11010744
v 0.12573239 0.76757812 -0.14575198
v 0.24536133 0.51074219 -0.02807620
v 0.24243164 0.51708984 -0.03442386
v 0.24145508 0.51953125 -0.03637698
v 0.22583006 0.58398438 -0.09252933
v 0.24145508 0.52392578 -0.04174808
v 0.25903320 0.50830078 -0.03442386
v 0.26293945 0.51220703 -0.02026371
v 0.25903320 0.51464844 -0.04174808
v 0.24584961 0.52490234 -0.04614261
v 0.24536131 0.58300781 -0.09985355
v 0.25708008 0.52441406 -0.05053714
v 0.20288084 0.64550781 -0.03735355
v 0.20825194 0.61816406 -0.10034183
v 0.21850584 0.61279297 -0.11645512
v 0.20141600 0.64501953 -0.08569340
v 0.20190428 0.64697266 -0.09936527
v 0.20532225 0.63720703 -0.11108402
v 0.21362302 0.63378906 -0.12622073
v 0.23803709 0.61279297 -0.12280277
v 0.23266599 0.63525391 -0.13256839
v 0.27612305 0.52441406 -0.05102543
v 0.26538083 0.58593750 -0.09985356
v 0.25805661 0.61669922 -0.12280278
v 0.25317380 0.63916016 -0.13256839
v 0.20092772 0.70605469 -0.03588871
v 0.18969725 0.73876953 -0.02954105
v 0.18481444 0.73925781 -0.04663090
v 0.19653319 0.70605469 -0.05249027
v 0.18237303 0.74267578 -0.08129886
v 0.19458006 0.70898438 -0.08471683
v 0.17700194 0.78662109 -0.02416996
v 0.17163084 0.78710938 -0.04174808
v 0.16918942 0.79052734 -0.07495121
v 0.18481442 0.74560547 -0.09887698
v 0.19702145 0.71044922 -0.10131839
v 0.17211911 0.79345703 -0.09252933
v 0.20043942 0.71191406 -0.10668949
v 0.18823239 0.74755859 -0.10522464
v 0.17553708 0.79541016 -0.09985355
v 0.20776366 0.67431641 -0.04125980
v 0.20971678 0.67285156 -0.03344730
v 0.21850584 0.67333984 -0.03344730
v 0.21459959 0.66943359 -0.02612308
v 0.22143553 0.67089844 -0.02758793
v 0.22924803 0.66601562 -0.01831058
v 0.20288084 0.65966797 -0.06127933
v 0.20874022 0.67138672 -0.05834964
v 0.20678709 0.68310547 -0.06127933
v 0.19750975 0.67578125 -0.06713870
v 0.21704100 0.67480469 -0.04077152
v 0.21752928 0.67431641 -0.04858402
v 0.20776366 0.67382812 -0.04907230
v 0.21899413 0.67187500 -0.05688480
v 0.21557616 0.68603516 -0.05981449
v 0.19653319 0.68652344 -0.07446292
v 0.20434569 0.69531250 -0.07153324
v 0.21264647 0.69873047 -0.07104496
v 0.22290038 0.66845703 -0.05883793
v 0.21850584 0.68554688 -0.06274418
v 0.21606444 0.69726562 -0.07250980
v 0.24780272 0.66943359 -0.01782230
v 0.24877928 0.65917969 -0.05346684
v 0.23120116 0.65478516 -0.05297855
v 0.26586914 0.67285156 -0.01782231
v 0.26635742 0.66357422 -0.05346684
v 0.24682614 0.66845703 -0.11743168
v 0.22729489 0.66406250 -0.11743168
v 0.22973631 0.65185547 -0.05590824
v 0.23510741 0.64794922 -0.05200199
v 0.23120116 0.66357422 -0.04028324
v 0.22680663 0.66406250 -0.04565433
v 0.23657225 0.64111328 -0.07055668
v 0.23071288 0.64599609 -0.07104496
v 0.22192381 0.67333984 -0.10424808
v 0.22631834 0.65820312 -0.09936527
v 0.23999022 0.64892578 -0.05200199
v 0.23608397 0.66455078 -0.03979496
v 0.24145506 0.64160156 -0.07055668
v 0.26245117 0.67187500 -0.04028324
v 0.26635742 0.65576172 -0.05249028
v 0.26733395 0.64892578 -0.07153325
v 0.22583006 0.67871094 -0.03881840
v 0.22827147 0.67871094 -0.03637699
v 0.23168944 0.67968750 -0.03588871
v 0.22485350 0.68261719 -0.03930668
v 0.22192381 0.68261719 -0.04321293
v 0.22290038 0.67822266 -0.04272465
v 0.23120116 0.68115234 -0.03930668
v 0.21801756 0.68798828 -0.10180668
v 0.22045897 0.69775391 -0.04321293
v 0.21948241 0.69433594 -0.04858402
v 0.21655272 0.69873047 -0.09350590
v 0.22729491 0.68310547 -0.03588871
v 0.22241209 0.70019531 -0.03833012
v 0.23022459 0.68359375 -0.03540043
v 0.22534178 0.70117188 -0.03784183
v 0.25756836 0.68847656 -0.04028324
v 0.25756836 0.69140625 -0.03637699
v 0.25219727 0.70898438 -0.03881840
v 0.25854492 0.68701172 -0.03686528
v 0.26635739 0.67236328 -0.11791997
v 0.20532225 0.70703125 -0.03100589
v 0.19409178 0.73925781 -0.02319340
v 0.21166991 0.70849609 -0.02905277
v 0.20092772 0.74072266 -0.01977543
v 0.20483397 0.69189453 -0.05004886
v 0.21166991 0.68945312 -0.04907230
v 0.21704100 0.70312500 -0.03295902
v 0.25805664 0.71533203 -0.03491215
v 0.26000977 0.72265625 -0.03149419
v 0.25219727 0.75537109 -0.02221684
v 0.18139647 0.78710938 -0.01733402
v 0.18823241 0.78857422 -0.01293949
v 0.23754881 0.80273438 -0.01489262
v 0.19653319 0.70751953 -0.08129886
v 0.19702147 0.70605469 -0.06665042
v 0.21801756 0.69140625 -0.04858402
v 0.22094725 0.68994141 -0.05346683
v 0.21948241 0.70361328 -0.03442387
v 0.25561523 0.71386719 -0.03588872
v 0.21752928 0.70751953 -0.04125980
v 0.21997069 0.70751953 -0.03540043
v 0.21557616 0.70751953 -0.04663090
v 0.21264647 0.71240234 -0.09301762
v 0.20483397 0.69189453 -0.05786136
v 0.21166991 0.68798828 -0.05883792
v 0.21215819 0.68750000 -0.05297855
v 0.20434569 0.69384766 -0.06079105
v 0.21118163 0.68994141 -0.06176761
v 0.20288084 0.70556641 -0.06811527
v 0.22045897 0.69042969 -0.05932621
v 0.21997069 0.69238281 -0.06225590
v 0.21411131 0.70898438 -0.06860355
v 0.22290038 0.70800781 -0.03491215
v 0.25024414 0.71582031 -0.03588872
v 0.25463864 0.72119141 -0.07055668
v 0.19702147 0.68994141 -0.09936526
v 0.19604491 0.69189453 -0.08618167
v 0.20336913 0.70117188 -0.08666996
v 0.20336913 0.65429688 -0.11645512
v 0.20092772 0.65576172 -0.10913090
v 0.20092770 0.66894531 -0.11596683
v 0.19946288 0.66845703 -0.11303715
v 0.21069333 0.65722656 -0.13110355
v 0.20776364 0.67480469 -0.12768559
v 0.19799803 0.68115234 -0.10913089
v 0.20385741 0.69921875 -0.10278324
v 0.20532224 0.68994141 -0.11743168
v 0.22973631 0.64843750 -0.08666996
v 0.23510741 0.64404297 -0.08959965
v 0.23120116 0.65625000 -0.10424808
v 0.23999022 0.64453125 -0.09008793
v 0.26586911 0.65185547 -0.09106450
v 0.23608397 0.65673828 -0.10522465
v 0.26196286 0.66406250 -0.10620122
v 0.22583006 0.67431641 -0.11059574
v 0.23071288 0.67529297 -0.11157230
v 0.24682614 0.66894531 -0.13354495
v 0.22827145 0.66552734 -0.13354495
v 0.22583005 0.69140625 -0.10961918
v 0.22241208 0.69042969 -0.10864262
v 0.25659177 0.68261719 -0.11254887
v 0.25268552 0.69873047 -0.11010746
v 0.26538083 0.67285156 -0.13354497
v 0.20239256 0.70703125 -0.08032230
v 0.21411131 0.71044922 -0.08081058
v 0.20532225 0.69726562 -0.09008793
v 0.20483397 0.69677734 -0.09252933
v 0.20385741 0.69824219 -0.09594730
v 0.21166991 0.70458984 -0.08666996
v 0.21508788 0.70263672 -0.08666996
v 0.25317380 0.72167969 -0.08227543
v 0.21264645 0.70263672 -0.10327152
v 0.21118163 0.69433594 -0.09008793
v 0.21118163 0.69433594 -0.09252933
v 0.21899413 0.69628906 -0.09301762
v 0.21899413 0.69677734 -0.09057621
v 0.21069334 0.69580078 -0.09594730
v 0.21850584 0.69824219 -0.09643558
v 0.21606444 0.70068359 -0.10229496
v 0.21850584 0.69287109 -0.10375980
v 0.21704100 0.69970703 -0.09936527
v 0.21313475 0.71289062 -0.09838871
v 0.21557616 0.70361328 -0.09838871
v 0.21557614 0.71093750 -0.10717777
v 0.24926755 0.72070312 -0.10864262
v 0.20971678 0.69726562 -0.09838871
v 0.19458005 0.75000000 -0.10961917
v 0.20678708 0.71386719 -0.10961918
v 0.21557616 0.69873047 -0.09887699
v 0.21313474 0.71093750 -0.10864262
v 0.21557614 0.69384766 -0.11840824
v 0.22143552 0.69433594 -0.10717777
v 0.21948241 0.70117188 -0.10327152
v 0.21899411 0.69238281 -0.11694340
v 0.21557614 0.71435547 -0.10424808
v 0.21752927 0.70703125 -0.10424808
v 0.21850583 0.71533203 -0.10522465
v 0.22045895 0.70800781 -0.10473637
v 0.25122067 0.72216797 -0.11059574
v 0.25512692 0.72802734 -0.11157230
v 0.24780270 0.71582031 -0.10571293
v 0.24536130 0.72314453 -0.10620121
v 0.22045895 0.67968750 -0.13110356
v 0.22387692 0.67871094 -0.12866215
v 0.24584958 0.76464844 -0.11206059
v 0.18139645 0.79785156 -0.10473637
v 0.24926755 0.70996094 -0.10473637
v 0.22241208 0.70214844 -0.10375980
v 0.22338866 0.70117188 -0.10083012
v 0.24877927 0.70849609 -0.10180668
v 0.22436520 0.69531250 -0.10815433
v 0.22583006 0.69189453 -0.10620121
v 0.25122067 0.70263672 -0.10913090
v 0.25170895 0.69921875 -0.10717777
v 0.25463864 0.70361328 -0.10864262
v 0.25268552 0.71044922 -0.10424808
v 0.24829099 0.72412109 -0.10571293
v 0.25073239 0.71630859 -0.10522465
v 0.25561520 0.70703125 -0.09448246
v 0.25610349 0.70751953 -0.09204106
v 0.25512692 0.70849609 -0.09790043
v 0.25610349 0.71093750 -0.10083012
v 0.25463864 0.71484375 -0.09985355
v 0.25170895 0.72412109 -0.09985355
v 0.22631833 0.66210938 -0.13696292
v 0.24731442 0.66650391 -0.13696292
v 0.26831052 0.67041016 -0.13696294
v 0.27368161 0.64257812 -0.13256839
v 0.05249021 0.87548828 -0.03149416
v 0.01538084 0.86572266 -0.03784182
v 0.01489256 0.88623047 -0.03881838
v 0.02807615 0.86621094 -0.04614260
v 0.02709959 0.88671875 -0.04663088
v 0.03637693 0.86718750 -0.05834963
v 0.03540036 0.88769531 -0.05834963
v 0.03930661 0.86865234 -0.07299807
v 0.03833005 0.88916016 -0.07202151
v 0.01538083 0.87109375 -0.10815431
v 0.01489255 0.89160156 -0.10522462
v 0.02709958 0.89111328 -0.09741212
v 0.02807614 0.87060547 -0.09985353
v 0.03540036 0.89013672 -0.08569338
v 0.03637693 0.86962891 -0.08764651
v 0.12036131 0.80908203 -0.03540042
v 0.12182615 0.80419922 -0.04125980
v 0.13696288 0.79785156 -0.03686526
v 0.13452147 0.80712891 -0.02612308
v 0.13012694 0.81982422 -0.02124027
v 0.11791991 0.81640625 -0.03295901
v 0.12182615 0.80224609 -0.04956058
v 0.13696288 0.79492188 -0.05102542
v 0.12036131 0.80468750 -0.05688480
v 0.13452147 0.79882812 -0.06469730
v 0.11791990 0.81005859 -0.06225589
v 0.13012692 0.80859375 -0.07397464
v 0.11499021 0.81738281 -0.06372073
v 0.12475584 0.82177734 -0.07690433
v 0.12475584 0.83300781 -0.02416995
v 0.11499021 0.82373047 -0.03442386
v 0.11254881 0.82910156 -0.03979495
v 0.12084959 0.84326172 -0.03393558
v 0.14526366 0.82519531 -0.01782230
v 0.13940428 0.84082031 -0.02124027
v 0.13403319 0.85205078 -0.03198246
v 0.11791990 0.84716797 -0.04760745
v 0.11108396 0.83154297 -0.04711917
v 0.13110350 0.85693359 -0.04809574
v 0.11254881 0.82470703 -0.06127933
v 0.11108396 0.83007812 -0.05541995
v 0.11791990 0.84423828 -0.06127933
v 0.12084959 0.83496094 -0.07250980
v 0.13110349 0.85351562 -0.06469730
v 0.13403317 0.84277344 -0.07739261
v 0.14526364 0.81201172 -0.07934574
v 0.13940427 0.82763672 -0.08276370
v 0.00952146 0.89892578 -0.04077150
v 0.01928709 0.89892578 -0.04077151
v 0.02758787 0.89306641 -0.00708010
v 0.02709959 0.89453125 -0.00561526
v 0.02368162 0.89306641 -0.00952150
v 0.02709959 0.90722656 -0.00122072
v 0.03002928 0.89501953 -0.00610354
v 0.02954100 0.90673828 -0.00170901
v 0.02709959 0.89599609 -0.02270510
v 0.03930662 0.89599609 -0.02270510
v 0.04272459 0.89941406 -0.02124026
v 0.04223631 0.91406250 -0.01489260
v 0.02905271 0.90234375 -0.03979494
v 0.04516599 0.90234375 -0.03979495
v 0.02758787 0.90917969 -0.00170901
v 0.02416990 0.90917969 -0.00366213
v 0.03295897 0.91748047 -0.01293948
v 0.02612303 0.91406250 -0.00756838
v 0.03833006 0.91748047 -0.01293948
v 0.05249021 0.88232422 -0.06420901
v 0.01391599 0.90673828 -0.04077150
v 0.02563474 0.90771484 -0.04809573
v 0.01000974 0.90283203 -0.04663088
v 0.00903317 0.93017578 -0.09448244
v 0.01977537 0.90283203 -0.04663088
v 0.02319333 0.93164062 -0.09350588
v 0.03344724 0.90820312 -0.05834963
v 0.03002927 0.90576172 -0.04516604
v 0.03051755 0.91357422 -0.05151369
v 0.03393552 0.92333984 -0.07788088
v 0.04565427 0.90576172 -0.04516604
v 0.04028318 0.91357422 -0.05102541
v 0.01196287 0.92773438 -0.04418947
v 0.02270505 0.92822266 -0.05053713
v 0.02954099 0.92919922 -0.05932619
v 0.03491209 0.87841797 -0.04809572
v 0.04418943 0.87841797 -0.04711916
v 0.03686521 0.88232422 -0.06274416
v 0.03588865 0.89843750 -0.07055666
v 0.03686520 0.90771484 -0.08813479
v 0.03588865 0.90917969 -0.07104494
v 0.03198239 0.92968750 -0.07006839
v 0.04809568 0.90576172 -0.03784182
v 0.04663084 0.92626953 -0.02124026
v 0.04321287 0.93261719 -0.01977541
v 0.03930662 0.93261719 -0.01977541
v 0.04809568 0.90869141 -0.04174807
v 0.04711912 0.92871094 -0.02319338
v 0.04467771 0.93408203 -0.02563479
v 0.04711912 0.93750000 -0.02416995
v 0.04809568 0.95312500 -0.02221682
v 0.04760740 0.93017578 -0.02661135
v 0.03833006 0.93652344 -0.03833010
v 0.03735349 0.93457031 -0.03149416
v 0.04565427 0.93603516 -0.03686526
v 0.04809568 0.93164062 -0.03588870
v 0.04858396 0.91357422 -0.04467776
v 0.04809568 0.93017578 -0.03881839
v 0.04663083 0.91308594 -0.04956057
v 0.04565427 0.89990234 -0.07006838
v 0.04614255 0.88232422 -0.06274416
v 0.05249020 0.88476562 -0.10717776
v 0.05444333 0.90625000 -0.11791994
v 0.06420895 0.90673828 -0.12426760
v 0.03735349 0.95605469 -0.02758792
v 0.04614255 0.93359375 -0.04223635
v 0.03930661 0.93408203 -0.04418948
v 0.03735349 0.92822266 -0.04174807
v 0.03735349 0.92089844 -0.05102541
v 0.04760740 0.92089844 -0.05102542
v 0.04760740 0.92822266 -0.04174807
v 0.04760740 0.93847656 -0.03686526
v 0.03735349 0.93847656 -0.03686526
v 0.04760740 0.91796875 -0.06274416
v 0.03735349 0.91796875 -0.06274416
v 0.04663083 0.90917969 -0.08715823
v 0.04321286 0.92480469 -0.07641604
v 0.05590818 0.92626953 -0.05395510
v 0.05590818 0.93212891 -0.04663089
v 0.05590818 0.93994141 -0.04272464
v 0.05590818 0.94921875 -0.04272464
v 0.05590818 0.95703125 -0.04663089
v 0.05590818 0.92431641 -0.06274416
v 0.03198240 0.96923828 -0.01586916
v 0.01000974 0.98339844 -0.01196291
v 0.01000974 0.99169922 -0.02563479
v 0.01879881 0.98242188 -0.01342776
v 0.01879880 0.98974609 -0.02612307
v 0.01000974 0.99658203 -0.03930666
v 0.01928708 0.99462891 -0.03930667
v 0.01977537 0.98095703 -0.01489260
v 0.02124021 0.98144531 -0.01440432
v 0.02709959 0.97949219 -0.01782229
v 0.01977537 0.98828125 -0.02709963
v 0.02172849 0.98925781 -0.02661135
v 0.02758787 0.98632812 -0.02856448
v 0.03247068 0.97607422 -0.02221682
v 0.03295896 0.98193359 -0.03100588
v 0.01977536 0.99267578 -0.03979495
v 0.02172849 0.99365234 -0.03979495
v 0.02807615 0.99072266 -0.03979495
v 0.03442380 0.98583984 -0.04077151
v 0.01000974 0.99853516 -0.05346682
v 0.01928708 0.99707031 -0.05297854
v 0.01000973 0.99902344 -0.06567385
v 0.01928708 0.99707031 -0.06518557
v 0.02026364 0.99511719 -0.05346682
v 0.02172849 0.99609375 -0.05297854
v 0.02856443 0.99267578 -0.05249026
v 0.03540036 0.98730469 -0.05151370
v 0.02026364 0.99511719 -0.06469729
v 0.02172849 0.99609375 -0.06469729
v 0.02905270 0.99267578 -0.06372073
v 0.03637692 0.98730469 -0.06176760
v 0.03540037 0.96093750 -0.01733401
v 0.03588865 0.96630859 -0.02124026
v 0.03637693 0.97167969 -0.02661135
v 0.03735349 0.97656250 -0.03344729
v 0.03881833 0.97949219 -0.04125979
v 0.04760740 0.95068359 -0.03686526
v 0.03735349 0.95068359 -0.03686526
v 0.04760740 0.96093750 -0.04174807
v 0.03735349 0.96093750 -0.04174807
v 0.04760740 0.96826172 -0.05102542
v 0.03735349 0.96826172 -0.05102541
v 0.04760739 0.97119141 -0.06274417
v 0.03735349 0.97119141 -0.06274417
v 0.04223630 0.97900391 -0.06860355
v 0.04125974 0.98046875 -0.05981448
v 0.04223630 0.96093750 -0.05541994
v 0.04370114 0.96093750 -0.06860355
v 0.05590818 0.96289062 -0.05395510
v 0.05590817 0.96484375 -0.06274417
v 0.04028318 0.98095703 -0.05053714
v 0.03686520 0.98583984 -0.07202151
v 0.02954098 0.99121094 -0.07446292
v 0.01391598 0.91210938 -0.10131837
v 0.01196286 0.93212891 -0.09594729
v 0.02270505 0.93164062 -0.09008791
v 0.02563474 0.91113281 -0.09448244
v 0.02954099 0.93066406 -0.08081058
v 0.03344724 0.91064453 -0.08374026
v 0.00903317 0.94091797 -0.11010744
v 0.06420895 0.86718750 -0.14721683
v 0.03735349 0.92089844 -0.07397463
v 0.04760739 0.92089844 -0.07397463
v 0.03735349 0.92822266 -0.08325198
v 0.04760739 0.92822266 -0.08325198
v 0.04125973 0.96142578 -0.08959964
v 0.04370114 0.95458984 -0.07348636
v 0.03930661 0.93750000 -0.09448245
v 0.04760739 0.93847656 -0.08862308
v 0.03735349 0.93847656 -0.08862308
v 0.05590817 0.92626953 -0.07153323
v 0.05590817 0.93212891 -0.07836917
v 0.05590817 0.95703125 -0.07836917
v 0.05590817 0.96289062 -0.07153323
v 0.05590817 0.93994141 -0.08227542
v 0.05590817 0.94921875 -0.08227542
v 0.01000973 0.99755859 -0.07690432
v 0.01000973 0.99316406 -0.08813479
v 0.01928708 0.99560547 -0.07641604
v 0.01928708 0.99169922 -0.08715823
v 0.01000973 0.98535156 -0.09790041
v 0.01879879 0.98388672 -0.09692385
v 0.02026364 0.99365234 -0.07592776
v 0.02172848 0.99462891 -0.07592776
v 0.02026364 0.98974609 -0.08618166
v 0.02172848 0.99072266 -0.08666994
v 0.02954098 0.98730469 -0.08471683
v 0.03735348 0.98242188 -0.08129886
v 0.02954098 0.98095703 -0.09350589
v 0.02172848 0.98339844 -0.09594729
v 0.02856442 0.96679688 -0.10083011
v 0.02075192 0.96826172 -0.10424807
v 0.03686520 0.97656250 -0.08911136
v 0.03588864 0.96435547 -0.09594730
v 0.01977536 0.98291016 -0.09545901
v 0.00952145 0.96923828 -0.10620119
v 0.01831051 0.96875000 -0.10473635
v 0.01733395 0.94091797 -0.10864260
v 0.01928708 0.96826172 -0.10327151
v 0.01831051 0.93994141 -0.10717776
v 0.01977536 0.94091797 -0.10815432
v 0.02661129 0.93994141 -0.10522463
v 0.03393551 0.93896484 -0.10034183
v 0.04760739 0.96093750 -0.08325198
v 0.03735349 0.96093750 -0.08325198
v 0.03735349 0.96826172 -0.07397464
v 0.04760739 0.96826172 -0.07397464
v 0.04223630 0.97119141 -0.08374026
v 0.03735349 0.95068359 -0.08862308
v 0.04760739 0.95068359 -0.08862308
v 0.04272458 0.97558594 -0.07690433
v 0.12866208 0.89453125 -0.10522464
v 0.12817380 0.85351562 -0.13061526
v 0.06420895 0.78125000 -0.16381839
v 0.06420895 0.82128906 -0.16186526
v 0.12719724 0.77587891 -0.14819339
v 0.12768552 0.81103516 -0.14575198
v 0.12622069 0.80859375 -0.01391605
v 0.13891600 0.80712891 -0.01098636
v 0.13940428 0.79150391 -0.02221683
v 0.12622069 0.79394531 -0.02416995
v 0.12622069 0.82617188 -0.01098636
v 0.13940428 0.78222656 -0.03881839
v 0.12622069 0.78564453 -0.03979495
v 0.15307616 0.79931641 -0.03588871
v 0.15014647 0.81005859 -0.02319339
v 0.16479491 0.80371094 -0.03686527
v 0.13891600 0.78125000 -0.05834964
v 0.12622069 0.78466797 -0.05786135
v 0.15307616 0.79541016 -0.05249026
v 0.13793942 0.78857422 -0.07592776
v 0.12622067 0.79150391 -0.07397464
v 0.15014647 0.80029297 -0.06860355
v 0.16479491 0.80029297 -0.05346683
v 0.16186520 0.80468750 -0.06909183
v 0.17016599 0.77783203 -0.07836918
v 0.17846677 0.77441406 -0.07983402
v 0.20581052 0.78173828 -0.08129887
v 0.12622069 0.84277344 -0.01586917
v 0.12622069 0.85644531 -0.02758792
v 0.15112303 0.84472656 -0.02221683
v 0.14624022 0.85644531 -0.03344730
v 0.13500975 0.86621094 -0.04370121
v 0.12622069 0.86328125 -0.04418948
v 0.13354489 0.88818359 -0.04370121
v 0.14282225 0.88427734 -0.02270511
v 0.14624022 0.89160156 -0.02026371
v 0.14331053 0.86083984 -0.04907230
v 0.13452145 0.86523438 -0.06274417
v 0.12622067 0.86230469 -0.06176761
v 0.14331052 0.85742188 -0.06567387
v 0.12622067 0.85351562 -0.07739261
v 0.13452145 0.85595703 -0.07983401
v 0.13989256 0.89013672 -0.03979496
v 0.13793942 0.88818359 -0.07299808
v 0.13842770 0.89160156 -0.05639652
v 0.13647458 0.80273438 -0.08862308
v 0.12622067 0.80468750 -0.08618167
v 0.13549802 0.82128906 -0.09399417
v 0.12622067 0.82177734 -0.09106448
v 0.13208005 0.81005859 -0.14184573
v 0.13208005 0.77490234 -0.14428714
v 0.15698239 0.81640625 -0.08032230
v 0.15112302 0.83154297 -0.08325199
v 0.17260739 0.78466797 -0.11987308
v 0.16577145 0.78613281 -0.10961918
v 0.20043942 0.79199219 -0.12182622
v 0.16333005 0.79296875 -0.11450199
v 0.17065427 0.79150391 -0.12231449
v 0.15405270 0.82519531 -0.11352543
v 0.15991208 0.82666016 -0.12036137
v 0.18725583 0.83642578 -0.12280277
v 0.19799802 0.79882812 -0.12426762
v 0.23071286 0.81201172 -0.10717778
v 0.14624020 0.84667969 -0.07788090
v 0.13452145 0.84033203 -0.09106448
v 0.12622067 0.83886719 -0.08813480
v 0.13354489 0.89062500 -0.10327151
v 0.13305661 0.85156250 -0.12719730
v 0.14428708 0.85937500 -0.10668949
v 0.15063474 0.85839844 -0.11401371
v 0.14721677 0.86962891 -0.10864262
v 0.14135739 0.87158203 -0.09936526
v 0.14428708 0.88037109 -0.09985355
v 0.13891599 0.88232422 -0.08715823
v 0.14233395 0.88964844 -0.08911137
v 0.17700192 0.87060547 -0.11596683
v 0.17407224 0.88232422 -0.10913090
v 0.17163083 0.89306641 -0.09936527
v 0.21215817 0.87890625 -0.11645512
v 0.22485349 0.84863281 -0.12475590
v 0.23852536 0.81396484 -0.12573247
v 0.20727536 0.88964844 -0.10913090
v 0.24780272 0.79687500 -0.02368169
v 0.24633786 0.79687500 -0.08276372
v 0.25854492 0.75781250 -0.02612309
v 0.24340819 0.80517578 -0.01977544
v 0.25512692 0.80468750 -0.02319341
v 0.26196286 0.75976562 -0.03247075
v 0.24731444 0.80712891 -0.02758794
v 0.25415036 0.80419922 -0.08227544
v 0.26440427 0.76269531 -0.05053715
v 0.24975584 0.81005859 -0.04516606
v 0.26196286 0.76611328 -0.08471685
v 0.24731442 0.81347656 -0.07836919
v 0.24145505 0.80761719 -0.12329106
v 0.24975583 0.81347656 -0.12036137
v 0.23754880 0.81347656 -0.10278325
v 0.25219724 0.76611328 -0.10815434
v 0.26147458 0.72998047 -0.10961919
v 0.24731442 0.82031250 -0.12329106
v 0.25708005 0.76660156 -0.10229497
v 0.24243161 0.81396484 -0.09545903
v 0.25805661 0.81005859 -0.08422857
v 0.25415036 0.81738281 -0.11547856
v 0.25219724 0.82324219 -0.11840825
v 0.23608395 0.85351562 -0.12182622
v 0.24243161 0.85449219 -0.11694340
v 0.22631833 0.88281250 -0.11401372
v 0.23168942 0.88574219 -0.10717778
v 0.17358397 0.90332031 -0.01928715
v 0.14282225 0.89843750 -0.03686527
v 0.17065427 0.90966797 -0.03540043
v 0.14135739 0.89990234 -0.05590824
v 0.14135739 0.89550781 -0.07446292
v 0.16918942 0.91113281 -0.05395512
v 0.16870114 0.90722656 -0.07250980
v 0.19897459 0.90966797 -0.02026372
v 0.19506833 0.91503906 -0.03540044
v 0.19360349 0.91650391 -0.05297856
v 0.19506833 0.91357422 -0.07055668
v 0.16967770 0.90185547 -0.08764652
v 0.19799802 0.90771484 -0.08618168
v 0.20288083 0.89941406 -0.09936528
v 0.22241209 0.90185547 -0.01245122
v 0.21899413 0.91064453 -0.02221684
v 0.21704099 0.91552734 -0.03540044
v 0.21606442 0.91699219 -0.05102544
v 0.21655270 0.91455078 -0.06713872
v 0.22583006 0.90722656 -0.02563481
v 0.22436520 0.91162109 -0.03735356
v 0.22338864 0.91308594 -0.05200200
v 0.22387692 0.91064453 -0.06665044
v 0.22924803 0.89941406 -0.01635747
v 0.21801755 0.90966797 -0.08325200
v 0.21997067 0.90234375 -0.09643559
v 0.22534177 0.90625000 -0.08227544
v 0.22827145 0.89697266 -0.09741215
v 0.22290036 0.89306641 -0.10668950
v 0.27661133 0.51123047 -0.02221683
v 0.27612305 0.50830078 -0.03491215
v 0.29711914 0.50781250 -0.02124027
v 0.28881836 0.51318359 -0.01782230
v 0.29321289 0.50830078 -0.03491215
v 0.27758789 0.51464844 -0.04272465
v 0.29614258 0.51464844 -0.04223637
v 0.29516602 0.52441406 -0.05053715
v 0.28540036 0.58837891 -0.09985356
v 0.30541992 0.51025391 -0.02905278
v 0.30981445 0.51611328 -0.03491215
v 0.31030273 0.51855469 -0.03686528
v 0.30981445 0.52294922 -0.04174809
v 0.30541992 0.52441406 -0.04614262
v 0.30297849 0.59423828 -0.09301762
v 0.27807614 0.62011719 -0.12280278
v 0.29614255 0.62695312 -0.11596684
v 0.29125974 0.64843750 -0.12622075
v 0.29809570 0.66796875 -0.03686528
v 0.30395505 0.63623047 -0.10034184
v 0.27124023 0.68115234 -0.02612309
v 0.27807617 0.68212891 -0.02514653
v 0.28149414 0.68750000 -0.03198247
v 0.27319336 0.68603516 -0.03247075
v 0.26684570 0.67333984 -0.04174809
v 0.27075195 0.65820312 -0.05346684
v 0.27221677 0.65087891 -0.07153325
v 0.26147461 0.68798828 -0.03735356
v 0.28295898 0.68945312 -0.03930669
v 0.27368164 0.68798828 -0.03979497
v 0.27319336 0.66357422 -0.05737309
v 0.27026367 0.67626953 -0.04760747
v 0.26391602 0.68945312 -0.04028324
v 0.27465817 0.65820312 -0.07250981
v 0.27319333 0.66064453 -0.08862309
v 0.26977536 0.67041016 -0.10083012
v 0.26586911 0.68554688 -0.10571294
v 0.27124020 0.67968750 -0.05981450
v 0.27368161 0.68408203 -0.05786137
v 0.27075192 0.69824219 -0.06127934
v 0.26782224 0.69677734 -0.06372075
v 0.27368164 0.68750000 -0.04711919
v 0.28344727 0.68945312 -0.04711919
v 0.28393552 0.68603516 -0.05981450
v 0.28100583 0.69873047 -0.06274419
v 0.29370114 0.68017578 -0.06176762
v 0.28979489 0.69628906 -0.06860356
v 0.26049805 0.69238281 -0.03735356
v 0.25512695 0.70947266 -0.03979496
v 0.26293945 0.69335938 -0.04077153
v 0.25805661 0.70849609 -0.04467778
v 0.26489258 0.69433594 -0.04467778
v 0.26000974 0.70605469 -0.05004887
v 0.26635742 0.69042969 -0.04418949
v 0.26147458 0.70019531 -0.10327153
v 0.25659177 0.71093750 -0.10083012
v 0.25317383 0.71679688 -0.03686528
v 0.25512692 0.71826172 -0.04272465
v 0.26000974 0.70263672 -0.06079106
v 0.26049802 0.70214844 -0.05493168
v 0.25952145 0.70410156 -0.06372075
v 0.26245114 0.70458984 -0.05053715
v 0.25610349 0.71923828 -0.04809575
v 0.26635742 0.72460938 -0.03393559
v 0.26879880 0.70654297 -0.05151371
v 0.26928708 0.70458984 -0.05541996
v 0.26879880 0.70507812 -0.06127934
v 0.26831052 0.70654297 -0.06420903
v 0.25317380 0.72363281 -0.09448246
v 0.26538083 0.70800781 -0.07397465
v 0.26831052 0.71044922 -0.07250981
v 0.27807614 0.71044922 -0.07348637
v 0.27319333 0.71191406 -0.05297856
v 0.26977536 0.72607422 -0.03930669
v 0.27270505 0.71240234 -0.06079106
v 0.27172849 0.71386719 -0.06372075
v 0.27172849 0.72851562 -0.05541997
v 0.27075192 0.72753906 -0.06958012
v 0.26928708 0.72900391 -0.08422856
v 0.26977536 0.73095703 -0.08813481
v 0.27075192 0.65380859 -0.09106450
v 0.26684567 0.66601562 -0.10571294
v 0.26147458 0.68408203 -0.11157231
v 0.25561520 0.69970703 -0.10961918
v 0.25952145 0.70019531 -0.10668950
v 0.29858395 0.66455078 -0.08471684
v 0.29956052 0.65527344 -0.11108403
v 0.29858395 0.66503906 -0.09790044
v 0.29614255 0.67236328 -0.10864262
v 0.29565427 0.67236328 -0.11694340
v 0.28588864 0.67138672 -0.13110358
v 0.29174802 0.68652344 -0.11694340
v 0.29223630 0.68457031 -0.11352544
v 0.28881833 0.69775391 -0.11108403
v 0.28198239 0.68896484 -0.12817387
v 0.27856442 0.70410156 -0.11840825
v 0.26586911 0.72412109 -0.07104497
v 0.26635739 0.71630859 -0.08813481
v 0.26391599 0.71289062 -0.08813481
v 0.26489255 0.72509766 -0.08276372
v 0.26342770 0.70996094 -0.09252934
v 0.26342770 0.70947266 -0.09497075
v 0.26733395 0.71533203 -0.09301762
v 0.26733395 0.71533203 -0.09545903
v 0.26586911 0.71386719 -0.10473637
v 0.26342770 0.71093750 -0.10327153
v 0.28686520 0.70654297 -0.07690434
v 0.27661130 0.71582031 -0.08862309
v 0.28540036 0.71044922 -0.08911137
v 0.27709958 0.71337891 -0.10424809
v 0.28588864 0.70703125 -0.10180669
v 0.26733395 0.71679688 -0.09838872
v 0.26538083 0.73046875 -0.10424809
v 0.26293942 0.71093750 -0.09838872
v 0.26293942 0.71289062 -0.10034184
v 0.25805661 0.70361328 -0.10522465
v 0.26635739 0.70410156 -0.11938481
v 0.26391599 0.70166016 -0.11743169
v 0.26733395 0.68896484 -0.13159184
v 0.26440427 0.68701172 -0.12915044
v 0.26147458 0.81201172 -0.01489263
v 0.26147458 0.81103516 -0.02661137

# 0 UV coordinates

# 5234 vertex normals
vn 0.06817225 -0.98399466 0.16464227
vn 0.25831699 -0.75581610 0.60167634
vn -0.30371705 -0.80822504 0.50450802
vn 0.47541392 -0.74305421 0.47101182
vn 0.57150644 -0.79942036 0.18522310
vn 0.14066839 -0.98547781 -0.09511098
vn -0.78475541 0.56944764 0.24472140
vn -0.36951089 0.82238710 0.43259817
vn -0.39746991 0.90758896 -0.13527748
vn -0.84643203 0.52286512 -0.10082144
vn -0.09016893 0.94514424 0.31396168
vn -0.59325671 0.62225032 -0.51073587
vn 0.12491256 0.98773491 -0.09368452
vn -0.33157289 0.74766409 -0.57537627
vn 0.03853120 0.91568494 -0.40004554
vn 0.37874505 -0.60660768 0.69898444
vn 0.25303918 -0.92987984 0.26701057
vn 0.69376618 -0.53438735 0.48282364
vn 0.74774897 -0.66236156 0.04635305
vn 0.29628795 -0.95363921 0.05278004
vn -0.85665786 0.39456025 0.33235490
vn -0.49588880 0.72030568 0.48502997
vn -0.52879280 0.84496999 -0.08002498
vn -0.94730973 0.31916526 -0.02716289
vn -0.25645390 0.91765141 0.30355769
vn -0.70822525 0.50992209 -0.48825875
vn -0.03468518 0.99430680 -0.10075206
vn -0.44405192 0.68777949 -0.57426250
vn -0.10968509 0.92135400 -0.37292904
vn 0.63871861 -0.76710427 -0.05991335
vn 0.24980684 -0.94963306 0.18919191
vn 0.27807805 -0.96011591 -0.02915907
vn 0.72478825 -0.68851393 -0.02511304
vn 0.19080845 -0.87854254 -0.43789855
vn 0.71430141 -0.67144328 -0.19732584
vn 0.27458918 -0.81892198 -0.50395197
vn 0.15592034 -0.94725752 0.27998585
vn 0.18683189 -0.98070556 0.05753647
vn 0.69917125 -0.71064335 0.07839379
vn 0.62997544 -0.58161110 0.51464510
vn 0.28397325 -0.58398986 0.76047039
vn 0.70997322 -0.68914056 -0.14499459
vn 0.12503625 -0.87646794 -0.46494076
vn -0.52554148 0.84941661 -0.04793350
vn -0.94301587 0.33149680 -0.02882570
vn -0.85042268 0.40416124 0.33680114
vn -0.46148050 0.71893805 0.51977283
vn -0.69830656 0.54537153 -0.46361390
vn -0.21690796 0.89546525 0.38870677
vn -0.01916181 0.99928558 -0.03257503
vn -0.10921255 0.93568522 -0.33550861
vn -0.44458649 0.70553929 -0.55186707
vn 0.34581116 -0.62028927 -0.70402831
vn 0.22244269 -0.89965719 -0.37568101
vn 0.74992293 -0.63093722 -0.19883144
vn 0.42463136 -0.63856786 -0.64180940
vn 0.86311615 -0.50304306 -0.04447969
vn 0.43580592 -0.88356978 0.17139924
vn 0.45478082 -0.89047986 -0.01484135
vn 0.52141768 -0.55448306 0.64859247
vn 0.80963564 -0.42206562 0.40786147
vn -0.99851382 -0.01098997 0.05337980
vn -0.89619267 0.10760461 0.43041861
vn -0.72758663 0.68557197 0.02467532
vn -0.85802311 0.30094832 -0.41620511
vn -0.59832424 0.54164094 0.59045166
vn -0.41697299 0.80300462 0.42581347
vn -0.29924640 0.95417589 -0.00000000
vn -0.66097677 0.58044392 -0.47559926
vn -0.37851325 0.87864244 -0.29105881
vn 0.35996082 -0.82088637 -0.44336644
vn 0.86241722 -0.45632753 -0.21909314
vn 0.47277611 -0.49438879 -0.72942615
vn -0.86928689 0.32442290 0.37294778
vn -0.51769871 0.63862109 0.56934273
vn -0.63175267 0.77306581 0.05707946
vn -0.96386552 0.25998092 0.05808097
vn 0.71776026 -0.57228678 0.39662078
vn 0.38295126 -0.61416680 0.69003451
vn -0.30927330 0.83284628 0.45903954
vn -0.80382311 0.49357551 -0.33204165
vn -0.58014518 0.70059896 -0.41544282
vn -0.28119966 0.93194026 -0.22894129
vn -0.19170877 0.97970635 0.05850850
vn 0.38992196 -0.64373922 -0.65845329
vn -0.88424593 0.42095748 0.20224784
vn -0.55244035 0.75279719 0.35791910
vn -0.65411240 0.75370979 0.06370648
vn -0.95925194 0.28007352 -0.03734303
vn 0.64310521 -0.67930645 0.35349482
vn 0.33545476 -0.93352252 0.12651435
vn 0.66831094 -0.74137002 -0.06108224
vn 0.80278361 -0.51624423 0.29837963
vn -0.37378663 0.85637498 0.35623798
vn 0.27671444 -0.95664132 -0.09092045
vn 0.41975230 -0.83532798 -0.35501441
vn 0.58197522 -0.67933989 -0.44699243
vn 0.82610208 -0.51427758 -0.23037784
vn 0.86053807 -0.50924987 0.01178810
vn 0.65566772 -0.54893100 0.51843482
vn 0.55437535 -0.83156294 0.03422066
vn 0.88674408 -0.36373144 0.28527948
vn 0.90248400 -0.40254679 -0.15322761
vn 0.57095921 -0.81089044 -0.12830549
vn -0.89023989 0.05891292 0.45166600
vn -0.58047867 0.51598108 0.62992698
vn -0.76242894 0.64029652 0.09339536
vn -0.99160039 -0.07760355 0.10347147
vn -0.41881579 0.77150279 0.47893295
vn -0.90926421 0.26128277 -0.32399055
vn -0.32315469 0.94460595 0.05736473
vn -0.69217241 0.58729774 -0.41949838
vn -0.39429343 0.88058853 -0.26286221
vn 0.44140953 -0.74779975 -0.49593666
vn 0.87345374 -0.36853901 -0.31821001
vn 0.49044448 -0.40588516 -0.77118188
vn -0.41986218 -0.79444909 0.43882388
vn 0.22065404 -0.89952725 0.37704447
vn 0.01786170 -0.43784955 0.89887094
vn 0.34819654 -0.36865115 0.86189073
vn 0.80215180 -0.58961570 0.09437071
vn 0.13856502 -0.98802859 -0.06781936
vn -0.45805055 -0.88847077 -0.02844898
vn -0.12910187 -0.88580835 -0.44573116
vn 0.97671193 -0.09668929 -0.19153343
vn 0.99712974 -0.02170330 -0.07253498
vn 0.85470992 -0.49476689 0.15708838
vn 0.98789018 -0.13439938 0.07752408
vn 0.51185209 -0.72474033 0.46125808
vn 0.14019552 -0.61142802 0.77878171
vn 0.05318728 -0.77624512 0.62818360
vn 0.14983863 -0.92070210 0.36035550
vn 0.28819686 -0.95125097 0.10983725
vn 0.18335918 -0.84345239 -0.50494301
vn 0.72919917 -0.68034303 -0.07349855
vn -0.41684258 0.89618105 -0.15199278
vn -0.87493652 0.39094380 -0.28574306
vn -0.52662373 0.83259505 0.17161858
vn -0.93991131 0.17007917 0.29604021
vn -0.71302235 0.42692336 -0.55617946
vn 0.40691301 -0.91325045 0.01988489
vn -0.17296158 0.93425417 -0.31185484
vn -0.06699074 0.78143841 -0.62037593
vn -0.37520528 0.19211812 -0.90681410
vn 0.30826306 0.29642856 -0.90393817
vn -0.85862690 0.28155294 0.42835501
vn -0.99528885 -0.03088008 -0.09190622
vn -0.87766594 0.14783768 0.45590189
vn -0.93556738 0.34410453 0.07940885
vn -0.98184836 0.17016216 -0.08377823
vn -0.05026425 0.99873596 0.00011238
vn -0.11755825 0.96585315 0.23088522
vn -0.81679326 0.23190118 -0.52827132
vn -0.98840225 -0.05115779 -0.14298262
vn -0.98009139 0.15313852 -0.12637030
vn 0.96262538 -0.00841670 0.27070579
vn 0.60164303 0.31682703 0.73324370
vn 0.62457681 0.18077715 0.75975227
vn 0.82225835 0.40569633 0.39912614
vn 0.94431967 0.18966791 0.26886171
vn 0.01919190 0.96678460 0.25487101
vn 0.05032494 0.99856031 0.01856741
vn 0.97494930 -0.03926666 0.21893434
vn 0.96214586 0.20592125 -0.17852730
vn 0.96061182 0.15896218 0.22793849
vn -0.05266194 0.99836951 0.02202376
vn 0.07577992 0.81625152 -0.57270497
vn -0.87860221 0.11864883 0.46258044
vn -0.79222494 0.53458750 0.29427209
vn -0.98036551 0.18215047 -0.07552891
vn -0.07081770 -0.99743932 -0.00998464
vn -0.81916445 -0.54047233 -0.19198781
vn -0.01700721 -0.99738437 -0.07025087
vn 0.05425228 -0.99840838 0.01540809
vn 0.02557351 -0.99778116 -0.06147187
vn 0.76893580 -0.62577397 0.13093762
vn 0.16411762 0.40626025 -0.89889830
vn 0.13097048 -0.04087252 -0.99054348
vn 0.10136708 0.72029704 -0.68621927
vn 0.18644892 0.81315976 -0.55136925
vn 0.04746346 0.99806571 0.04015047
vn -0.70098710 0.14842854 -0.69755721
vn -0.38224071 -0.34346941 -0.85785830
vn -0.70074719 0.56677634 0.43326437
vn 0.54899514 0.52906549 0.64706570
vn 0.62440592 -0.36115214 -0.69259393
vn 0.91239280 0.14711663 -0.38196340
vn -0.47517991 0.06303400 -0.87762791
vn -0.56007290 0.50712776 -0.65508765
vn 0.13633637 0.53716004 -0.83238912
vn 0.18250793 -0.12416244 -0.97533303
vn 0.22119749 -0.12606657 -0.96704656
vn 0.22860767 0.53162092 -0.81554765
vn 0.74367034 0.00805420 -0.66849804
vn 0.78852475 0.44904193 -0.42022651
vn -0.44518542 -0.55100822 0.70583284
vn -0.48303252 -0.66879714 0.56514597
vn -0.20049757 -0.77552140 0.59863788
vn -0.99595547 0.01614144 -0.08838750
vn -0.90960079 -0.31682256 0.26879370
vn -0.98564166 0.12558922 0.11286222
vn -0.99225295 0.12127221 -0.02696595
vn 0.11732611 0.83190560 -0.54237229
vn -0.30514610 0.85407710 -0.42123416
vn 0.08092757 0.94683492 -0.31137526
vn 0.11554344 0.94491416 -0.30624649
vn 0.54983890 0.78430480 -0.28730333
vn 0.15923351 0.82872397 -0.53652710
vn -0.98558992 0.12276784 -0.11636391
vn -0.98870790 0.14625266 -0.03266312
vn -0.98501492 0.16496967 0.05030715
vn 0.07859593 -0.72824103 0.68079937
vn 0.01096419 -0.59519178 0.80350900
vn -0.17993872 -0.77723318 0.60293502
vn 0.61484104 0.12179434 0.77918977
vn 0.94315886 0.10079882 0.31668749
vn 0.67077684 0.47701040 0.56790805
vn 0.86991596 -0.10878396 0.48105323
vn 0.63121653 -0.50064886 0.59238195
vn 0.93709397 -0.19139615 0.29192880
vn 0.92877477 -0.12166110 0.35010850
vn -0.36971831 -0.33434814 -0.86690247
vn -0.70356119 0.64105654 0.30667266
vn -0.63773084 0.16547272 -0.75227535
vn 0.95313424 0.10868903 -0.28235087
vn 0.52882284 0.51536882 0.67434514
vn 0.65052533 -0.43589538 -0.62194216
vn 0.20688501 0.71802282 -0.66456139
vn 0.22496945 0.40665385 -0.88544995
vn 0.90758491 -0.09683198 0.40855011
vn 0.93530178 -0.10029481 0.33933991
vn 0.95708406 -0.13987097 0.25382319
vn -0.67453587 0.08013687 0.73387980
vn -0.27788121 0.03918609 0.95981586
vn -0.25925359 0.10000577 0.96061778
vn -0.97164297 0.15139253 -0.18163225
vn -0.98648882 0.12484894 -0.10607805
vn -0.98899478 0.14688709 0.01771207
vn -0.97942907 0.15642396 -0.12747645
vn -0.83421260 -0.11010662 -0.54033887
vn 0.44389018 0.16277252 0.88117343
vn -0.10591303 0.34988338 0.93078679
vn 0.32998839 -0.06951761 0.94142175
vn 0.27864316 -0.04371666 -0.95939922
vn 0.91905719 -0.14004378 0.36840445
vn 0.95362312 -0.15569939 0.25760573
vn 0.97396743 -0.13426498 0.18264841
vn 0.96077478 -0.14970706 0.23345150
vn 0.93332505 -0.31495303 -0.17236283
vn -0.30590045 0.05118356 0.95068669
vn -0.16416386 0.73657072 0.65613556
vn -0.95301461 0.27682543 0.12300757
vn 0.06707494 -0.98666203 0.14832054
vn -0.27436313 -0.85699975 0.43620676
vn -0.36487880 -0.92885929 0.06390662
vn -0.20656671 -0.92225039 -0.32677913
vn -0.90663308 -0.24556705 -0.34309384
vn 0.03118874 -0.40319222 -0.91458368
vn -0.13293259 -0.82346094 0.55158055
vn 0.20780610 -0.42846522 -0.87933749
vn 0.88886589 -0.45382327 0.06294516
vn 0.10353833 -0.96122742 -0.25558105
vn -0.46940368 0.87840229 -0.08983121
vn 0.19831069 0.94197571 0.27084091
vn 0.07735460 0.99620444 0.03991486
vn -0.97464967 0.13275285 -0.18009688
vn -0.48219937 0.51587832 -0.70806307
vn -0.51883483 0.33259976 -0.78752005
vn 0.14864101 0.98859471 -0.02421872
vn 0.18947165 0.98016322 0.05814225
vn -0.00461153 0.99643415 -0.08424821
vn -0.31600127 -0.25887790 -0.91275716
vn -0.54052269 -0.72867024 -0.42056513
vn -0.98116481 -0.11398114 -0.15596114
vn 0.83497310 -0.54574519 -0.07058544
vn 0.60911012 -0.36546597 0.70386040
vn 0.17867374 -0.88003445 0.44001722
vn 0.84828949 -0.00540306 0.52950537
vn -0.75713283 0.61600250 0.21746495
vn -0.30384877 0.84193403 0.44589576
vn -0.41124710 0.86895299 -0.27531180
vn 0.09262571 0.96087492 0.26103610
vn 0.05087225 -0.99870169 -0.00267745
vn 0.25886500 -0.71705621 -0.64716262
vn 0.51017207 -0.31510636 -0.80027020
vn 0.96559399 0.24695504 -0.08149528
vn 0.85380024 0.17886880 -0.48890811
vn 0.73535573 -0.17887022 0.65364933
vn 0.45245281 -0.82305467 0.34331837
vn 0.95660168 -0.20679255 -0.20530497
vn 0.31312168 -0.94648141 -0.07828041
vn 0.82383132 0.26270136 0.50228477
vn 0.78250170 0.60663652 -0.14029716
vn 0.33897063 -0.51652688 -0.78631991
vn 0.45021042 -0.07397827 -0.88985282
vn 0.66643971 0.50181335 -0.55139971
vn 0.36516529 -0.92252278 -0.12492497
vn 0.33717179 -0.47913900 -0.81039560
vn 0.95470339 -0.15753552 -0.25243661
vn 0.40051264 -0.06076748 -0.91427398
vn 0.61310625 0.55588311 -0.56133300
vn 0.78884745 -0.15537897 0.59462345
vn 0.53472400 -0.77410614 0.33886573
vn 0.84458590 0.30609158 0.43929788
vn 0.73119712 0.67239469 -0.11504863
vn -0.86335981 0.48470852 -0.14024107
vn -0.65404028 0.41705671 -0.63110620
vn 0.16965178 -0.88974535 0.42375880
vn 0.35745120 -0.91315746 0.19588797
vn 0.61499399 -0.59354794 0.51911783
vn 0.41552427 -0.51844329 0.74736625
vn -0.07672997 -0.68630803 0.72325224
vn -0.33280081 0.50935274 -0.79360163
vn 0.10176996 0.77236223 -0.62697649
vn 0.24370392 0.92571807 -0.28923115
vn 0.73491901 -0.60897368 0.29840422
vn -0.09658838 -0.84169966 0.53123671
vn -0.16135454 -0.98493516 -0.06218867
vn 0.31208947 -0.68427044 0.65907067
vn -0.00000001 -0.92999369 -0.36757547
vn 0.68769795 -0.65917581 0.30423495
vn 0.18012559 -0.57254237 -0.79984379
vn 0.63276601 -0.50373143 -0.58810031
vn 0.86770731 -0.49705699 -0.00428507
vn -0.51022905 0.71548951 -0.47722217
vn -0.86405820 0.38294333 -0.32673827
vn -0.82039815 0.56722832 -0.07210522
vn -0.65872264 0.28595701 -0.69592607
vn 0.36725676 -0.43685767 0.82114434
vn 0.64475471 -0.30450559 0.70111901
vn 0.82264090 -0.34240964 0.45389184
vn 0.68409163 -0.72603804 0.06991089
vn 0.85944766 -0.47011134 0.20086077
vn -0.45140958 0.88523167 0.11222429
vn -0.15671846 0.98699266 -0.03584519
vn -0.39042017 0.36390087 -0.84566450
vn -0.07360809 0.67288083 -0.73607963
vn 0.00620290 0.87384772 -0.48616019
vn 0.84068173 0.01784784 0.54123551
vn 0.00917542 0.71117675 0.70295346
vn -0.13619632 0.02921191 0.99025118
vn -0.99630725 0.05346736 0.06717996
vn -0.97912520 0.02402362 -0.20183375
vn 0.69092780 0.71030772 0.13446823
vn 0.00360943 0.97545350 0.22017634
vn 0.31995150 0.94707972 -0.02590494
vn 0.54844970 -0.45979583 -0.69842017
vn 0.76873612 -0.51808482 0.37501082
vn 0.37553847 -0.91570127 -0.14304569
vn 0.92589635 -0.32872140 0.18616715
vn 0.74293083 -0.31898510 0.58847463
vn 0.39694139 -0.90097231 -0.17517555
vn 0.56364691 -0.55114836 -0.61525416
vn 0.19716543 -0.82696015 -0.52655756
vn 0.84910405 0.12049058 -0.51429993
vn 0.83165914 0.31097054 -0.46004418
vn 0.97072983 -0.13822623 0.19641075
vn 0.95715570 -0.17160076 0.23325136
vn 0.96572858 -0.16688567 0.19879025
vn 0.97275496 -0.11100456 0.20353335
vn 0.96303254 -0.08748765 0.25478274
vn 0.38611680 -0.91505384 -0.11657737
vn 0.09418219 -0.97878850 -0.18194167
vn 0.38281077 -0.91402274 -0.13423234
vn 0.61601335 0.21865931 0.75677985
vn -0.04461579 -0.00373335 0.99899733
vn 0.45331493 -0.04168877 0.89037502
vn -0.73546129 -0.00306211 0.67755991
vn -0.10412557 0.27320600 0.95630348
vn -0.71770531 0.20369729 0.66588777
vn -0.15380700 -0.69397277 0.70338130
vn -0.02965651 -0.68045509 0.73218948
vn -0.20470019 -0.77395421 0.59924364
vn -0.26423600 0.36035120 0.89460963
vn -0.07950377 0.35695913 0.93073064
vn -0.82976496 0.24563721 0.50115138
vn -0.97389960 0.12168715 0.19160342
vn -0.42821598 -0.79872334 0.42269620
vn -0.57211626 -0.70329213 0.42197540
vn -0.44659415 -0.57944191 0.68176293
vn -0.42307481 -0.84546721 0.32587287
vn -0.63169885 0.34059060 0.69638687
vn -0.68285239 -0.72976351 0.03402712
vn -0.23620486 -0.97137338 0.02531877
vn -0.33868477 -0.70782965 0.61989504
vn -0.91556478 -0.25863168 0.30797887
vn -0.71710467 -0.69696331 -0.00173621
vn -0.24933979 -0.96565449 0.07308244
vn -0.94429713 -0.14650093 -0.29468700
vn -0.86252373 -0.36215502 -0.35340711
vn -0.99942923 0.03325476 0.00594406
vn -0.76167244 0.29439762 0.57722199
vn 0.16811910 -0.67247587 0.72077191
vn 0.25359410 -0.72447228 0.64096022
vn 0.33379906 -0.74914658 0.57215184
vn 0.33203050 0.22238852 0.91667831
vn 0.83618009 -0.08940448 0.54111886
vn 0.82283300 -0.00443490 0.56826609
vn 0.48404849 0.20732671 0.85012513
vn 0.25572345 0.29394075 0.92098022
vn 0.96779120 -0.20886269 0.14055799
vn 0.89287943 -0.06534685 0.44552928
vn 0.75476468 0.08254438 0.65078157
vn 0.12577504 -0.97820091 0.16523816
vn 0.29693207 -0.66232842 0.68786079
vn 0.05490719 -0.72889847 0.68241644
vn 0.44604859 -0.89471674 0.02286205
vn 0.76676810 -0.35989705 0.53154564
vn 0.92297345 -0.37935385 0.06488938
vn 0.56317472 -0.78052491 0.27132112
vn 0.44767767 -0.81774092 0.36177966
vn 0.51741666 -0.64780664 0.55913025
vn -0.61371815 0.45592186 0.64458150
vn -0.07880004 0.48742712 0.86960071
vn -0.02161486 0.72822607 0.68499613
vn 0.41855606 -0.87899643 0.22842103
vn 0.43639386 -0.89968711 -0.01111550
vn 0.52199733 -0.80681533 -0.27670932
vn 0.10489127 -0.99317014 -0.05109699
vn 0.93833447 -0.33530581 -0.08425247
vn 0.67131996 -0.59836608 -0.43736434
vn 0.77842152 -0.51256627 -0.36240271
vn 0.77779031 0.18560606 0.60049385
vn 0.35591564 0.67891854 0.64217883
vn 0.28869498 0.42072004 0.86002910
vn 0.92917055 -0.36862880 0.02747986
vn 0.97020143 -0.14437684 -0.19458829
vn 0.13371788 -0.98905808 -0.06231909
vn 0.85658240 0.51501048 -0.03210801
vn 0.93757313 0.32479629 0.12435511
vn 0.78058749 0.55324250 0.29087096
vn 0.86489427 0.48823535 0.11655094
vn 0.84285676 0.50262845 0.19224225
vn 0.90090710 0.42772451 0.07360826
vn 0.91423517 0.34760356 -0.20819649
vn 0.83280504 0.54715204 0.08402644
vn 0.93101698 0.35124037 0.09918565
vn 0.98352271 0.17855126 0.02832949
vn 0.86432147 0.44032112 0.24303478
vn 0.52212179 0.85191894 0.04028567
vn 0.47069219 0.86951989 -0.14961299
vn 0.60666013 0.79151505 0.07394183
vn 0.66621655 0.74296474 -0.06448989
vn 0.61691701 0.77781945 0.12004295
vn 0.70842445 0.31509596 0.63154519
vn 0.83710921 0.42765686 0.34111285
vn 0.79640305 0.45051095 0.40346268
vn 0.81587207 0.52002817 0.25283074
vn 0.84831017 0.42722824 0.31280360
vn -0.00292243 0.44747147 0.89429343
vn 0.70619613 0.42702714 0.56474322
vn 0.42829087 0.83301878 0.35020968
vn 0.51259303 0.84765500 0.13685617
vn 0.51913112 0.84475386 0.12997697
vn 0.57640541 0.79209399 0.20085853
vn 0.60469466 0.77579510 0.18023966
vn -0.83734381 -0.35145873 0.41872686
vn -0.13469855 -0.66089720 0.73828942
vn -0.21201251 -0.16618991 0.96303248
vn 0.00000013 -0.03710678 0.99931133
vn -0.12448443 -0.00406666 0.99221331
vn -0.88262373 -0.40581882 0.23724805
vn -0.97279561 -0.22778842 0.04220370
vn -0.94011563 -0.34010583 0.02259795
vn -0.92510736 0.20791008 0.31772622
vn -0.89075905 -0.26514351 0.36911684
vn 0.00000013 0.09352498 0.99561703
vn -0.20566164 0.27646509 0.93876010
vn 0.21428192 -0.16663173 0.96245372
vn 0.12574334 -0.00413913 0.99205428
vn -0.96783769 -0.24990019 -0.02898422
vn -0.93103963 -0.36274323 -0.03978372
vn -0.04632106 0.98887420 0.14135897
vn -0.90760314 0.26835939 0.32286224
vn 0.20763154 0.27640939 0.93834269
vn 0.13591979 -0.98831165 0.06903537
vn 0.95633250 -0.14889207 0.25151402
vn -0.81668311 0.52193189 -0.24620275
vn -0.05492816 0.99845922 -0.00787753
vn -0.00000004 0.99996227 -0.00868783
vn -0.00000004 0.99989265 0.01465176
vn -0.06082034 0.99745303 0.03725978
vn -0.81777370 0.55480921 0.15307876
vn -0.00000004 0.99989408 0.01456152
vn 0.05553728 0.99842572 -0.00785655
vn 0.81875485 0.51963514 -0.24417220
vn 0.06156835 0.99740791 0.03723986
vn 0.81994367 0.55203813 0.15148036
vn -0.61528927 -0.19052891 0.76493007
vn -0.37633458 0.05919081 0.92459112
vn -0.28206247 -0.07401928 0.95653641
vn -0.13441929 -0.23213516 0.96335077
vn -0.28607464 -0.15100257 0.94623441
vn -0.68142939 -0.31927460 0.65857255
vn -0.61076093 -0.39803821 0.68449736
vn -0.49282819 -0.36160320 0.79143131
vn -0.64851850 -0.27258220 0.71071988
vn -0.80492061 -0.40552303 0.43319038
vn -0.74449307 -0.26240027 0.61390239
vn -0.95181274 -0.28240192 0.11958973
vn -0.01200820 -0.70993191 0.70416802
vn -0.00346704 -0.22227833 0.97497720
vn -0.21781160 0.52373511 0.82356519
vn -0.36461592 0.91862398 0.15226704
vn -0.04318761 0.93006974 0.36483595
vn 0.11184222 0.99054450 0.07945368
vn -0.61962062 -0.19314611 0.76076609
vn -0.47034472 -0.88233215 -0.01631069
vn -0.06028916 -0.99817616 -0.00308770
vn -0.56907016 -0.81667018 0.09596440
vn -0.03212818 -0.98182493 -0.18704975
vn 0.00000004 -0.99994886 -0.01012270
vn -0.07575426 -0.99341106 0.08599886
vn -0.34643492 -0.93720752 -0.04031265
vn -0.43122026 0.46950966 0.77046072
vn -0.99320799 0.05526062 0.10239204
vn -0.98144883 0.10910019 -0.15765625
vn -0.87372971 0.37081584 -0.31478891
vn -0.95213723 0.29344815 -0.08557390
vn -0.92590606 -0.37494302 -0.04599675
vn -0.62615412 -0.02288674 0.77936345
vn -0.55844003 0.41785273 0.71661973
vn 0.15153477 -0.89427948 -0.42107174
vn 0.65372169 -0.18060306 -0.73486769
vn 0.04609941 -0.94207758 -0.33221182
vn 0.00000001 -0.96035779 -0.27877042
vn 0.82252789 -0.53711915 -0.18695155
vn 0.11503789 -0.32032943 -0.94029534
vn -0.15248054 -0.89359504 -0.42218187
vn 0.03223491 -0.98171729 -0.18759608
vn 0.05746483 -0.99834269 -0.00313857
vn 0.00000007 -0.98320532 0.18250294
vn -0.88642633 0.34449264 0.30914924
vn -0.95900410 0.28191462 -0.02890013
vn -0.87617409 0.26847684 0.40029910
vn -0.98947197 -0.10408735 0.10055362
vn -0.80142689 0.02919647 0.59737974
vn -0.89320576 0.39569119 0.21356955
vn -0.93272066 0.35264754 -0.07531190
vn -0.97811204 0.20020381 -0.05670307
vn -0.89719164 0.40663889 0.17231368
vn -0.90019178 0.42731693 0.08399388
vn -0.89953870 0.43456706 0.04451765
vn -0.90083927 0.43397650 0.01237990
vn -0.90220368 0.43032545 -0.02913308
vn -0.90272200 0.42847446 -0.03876374
vn -0.90702438 0.41740143 -0.05552528
vn 0.87920749 -0.19782864 0.43342584
vn 0.23954622 0.21394496 0.94701910
vn 0.18623987 0.02073223 0.98228556
vn -0.98185533 0.02920479 -0.18736897
vn -0.80191803 0.59340709 0.06925112
vn -0.99499214 0.09994745 -0.00109770
vn -0.90929723 -0.38564298 -0.15639079
vn 0.88756377 -0.27124467 0.37236688
vn 0.89205045 -0.29657304 0.34101382
vn 0.92775577 -0.16183445 0.33627194
vn -0.15829670 0.69167721 0.70464522
vn 0.05345304 0.96510810 0.25633836
vn -0.15979274 0.87230963 0.46210623
vn 0.89372343 0.40684429 0.18904072
vn 0.21189703 0.97720116 0.01332461
vn 0.31954554 0.90377021 0.28476351
vn 0.84902853 0.52160782 0.08411817
vn 0.38207641 0.91728264 0.11229506
vn -0.16763538 -0.97431237 -0.15037876
vn -0.59883893 -0.18270886 0.77974969
vn -0.92162836 -0.17598325 0.34587720
vn -0.83853668 -0.52846891 0.13257876
vn -0.91874844 -0.10091838 0.38172871
vn -0.21550737 -0.93718666 -0.27429500
vn -0.59560502 -0.05636410 0.80129766
vn -0.74307609 -0.48025078 0.46604413
vn -0.75212711 -0.60296452 0.26596743
vn -0.33624342 0.38134938 0.86111152
vn -0.49603558 -0.22635689 0.83827871
vn -0.70906132 0.03981226 0.70402205
vn -0.51094258 -0.32052925 0.79762077
vn -0.25665024 -0.95727599 -0.13324173
vn -0.16118510 -0.94624037 -0.28044337
vn -0.20831223 -0.95522124 -0.21013947
vn -0.19686250 -0.97936028 0.04581085
vn -0.26421663 -0.94975179 -0.16781321
vn -0.61775964 -0.64573795 0.44877121
vn -0.25326586 0.59278351 0.76450247
vn -0.48684818 0.21946011 0.84546798
vn -0.82169902 0.24043284 0.51672316
vn -0.68546343 0.21455117 0.69577855
vn -0.36768785 0.82946771 0.42046276
vn -0.29122213 0.81481326 0.50126743
vn -0.36066449 0.86731225 0.34306067
vn -0.15868410 0.81641841 0.55523014
vn -0.51590496 0.53369486 0.67008358
vn -0.81535631 0.43271971 -0.38463971
vn -0.61895645 0.65547299 -0.43272167
vn -0.31164140 0.92955089 -0.19701464
vn -0.24468668 0.96435326 0.10075331
vn 0.50647914 -0.83650750 -0.20912690
vn 0.82652420 -0.52137703 -0.21218844
vn 0.51143706 -0.85789424 0.04949387
vn 0.62469500 -0.62469506 -0.46852136
vn 0.73861444 -0.41547066 -0.53087932
vn 0.73437256 -0.51716369 0.43958911
vn 0.89561796 -0.19231054 0.40110484
vn -0.88045090 0.45783445 0.12326322
vn -0.89561933 -0.11941593 0.42849255
vn -0.72216970 0.34102461 0.60180825
vn -0.62917370 0.61336541 0.47741336
vn -0.97767144 -0.18655220 0.09673088
vn -0.55170292 0.82755440 0.10381511
vn -0.93580818 0.14794019 -0.31996369
vn -0.82829422 0.42698878 -0.36277992
vn -0.63813049 0.75575817 -0.14703460
vn 0.98651004 -0.02192241 -0.16222623
vn 0.90823686 -0.12926215 -0.39799160
vn 0.96852970 -0.02066981 -0.24803823
vn 0.80776256 -0.01524074 0.58931088
vn 0.65858769 -0.71701074 0.22838113
vn 0.79086912 0.40025696 0.46294761
vn 0.57029951 -0.79541773 -0.20510775
vn 0.51469672 -0.42330202 -0.74558884
vn 0.52070957 0.04608049 -0.85248935
vn 0.57959247 0.64879769 -0.49308634
vn 0.65895820 0.74651212 -0.09216211
vn -0.99563777 -0.09043455 -0.02295714
vn -0.97979796 -0.07967347 0.18343432
vn -0.95981252 0.28059864 0.00495185
vn -0.86227888 0.07572328 0.50074059
vn -0.90274602 0.29738119 0.31082815
vn -0.96189988 0.24492644 -0.12148935
vn -0.98938704 -0.09424345 -0.11059677
vn -0.98406219 -0.12134774 -0.12998587
vn -0.94184792 0.18416423 0.28108022
vn -0.97245729 0.05058008 -0.22752698
vn -0.96294725 0.05944307 -0.26305729
vn -0.92360228 0.21927071 -0.31445056
vn -0.92920649 -0.03026751 -0.36831939
vn -0.65290684 0.74952263 0.10921792
vn -0.13880268 0.76933885 0.62357962
vn -0.03011469 0.98734289 0.15571481
vn -0.95269710 0.23241954 -0.19583015
vn -0.97482306 -0.11350374 -0.19192924
vn -0.92676270 0.23234172 -0.29517487
vn -0.93234026 -0.15635183 -0.32603043
vn -0.84425837 0.20626436 -0.49465424
vn -0.78201032 -0.18843625 -0.59409732
vn -0.08444864 0.76721156 0.63581055
vn 0.62468708 0.72833967 0.28158024
vn 0.01655625 0.98678774 0.16117021
vn -0.13119537 -0.96517587 -0.22632618
vn -0.15508817 -0.86325413 -0.48035401
vn -0.06592212 -0.94211411 -0.32874832
vn -0.05276310 -0.97559750 -0.21313266
vn -0.66257930 0.01400038 -0.74886096
vn -0.63011444 0.76647687 0.12437460
vn -0.09751131 0.83823675 0.53651738
vn -0.02321778 0.98669314 0.16092725
vn 0.56202036 0.73574919 0.37789735
vn 0.03045736 0.98482943 0.17083144
vn -0.04852444 0.83661747 0.54563427
vn 0.08838057 0.83098346 -0.54923165
vn 0.14867526 0.09188988 -0.98460758
vn -0.77480924 0.30615661 -0.55311745
vn 0.23965222 0.08767194 -0.96689218
vn 0.18825176 0.82513797 -0.53264308
vn 0.93710214 0.24331738 -0.25027272
vn 0.02623904 -0.50426847 -0.86314821
vn -0.30263588 -0.42438588 -0.85340971
vn 0.08787757 -0.50676125 -0.85759586
vn 0.07613571 -0.50139582 -0.86186171
vn 0.15346225 -0.51142585 -0.84551346
vn -0.21879512 -0.21560873 -0.95165205
vn 0.03728905 0.02057330 -0.99909282
vn 0.22107776 0.05198146 -0.97386998
vn 0.20360748 0.18619610 -0.96118426
vn 0.07564256 0.17876093 -0.98098058
vn 0.04372879 0.09495419 -0.99452072
vn 0.22166026 0.02026979 -0.97491336
vn 0.45922467 -0.46097308 -0.75935268
vn 0.44794938 -0.24272615 -0.86047977
vn -0.53541458 -0.52731442 -0.65975052
vn -0.06441090 -0.52183378 -0.85061198
vn 0.09967793 -0.89027137 -0.44438860
vn 0.23568662 0.57806700 -0.78121096
vn 0.26486096 0.64815998 -0.71395892
vn 0.09875226 0.99347192 0.05710971
vn 0.22935320 -0.56564212 -0.79211503
vn 0.56866652 -0.69517243 -0.43972003
vn 0.02768526 0.69412404 -0.71932286
vn 0.05749454 0.59254712 -0.80348134
vn 0.01041138 0.99486804 0.10064358
vn 0.99347126 0.01444484 0.11316447
vn 0.80029851 0.13955387 0.58313549
vn 0.95910937 -0.17059489 0.22584663
vn 0.99663413 -0.07818351 -0.02465391
vn 0.98713040 0.15601516 0.03511231
vn 0.99591100 0.01459447 0.08915278
vn 0.85131061 -0.21208215 0.47988707
vn 0.92710024 -0.23155828 0.29473019
vn 0.93662864 0.15137301 0.31593207
vn 0.79204404 0.18613806 0.58139390
vn 0.64658153 -0.02286213 0.76250231
vn 0.95289159 -0.23272949 0.19451118
vn 0.97540456 0.10741176 0.19248019
vn 0.96168035 -0.24466577 0.12373248
vn 0.98993313 0.08951170 0.10963690
vn 0.96019459 -0.27927592 -0.00559402
vn 0.99543464 0.09107219 0.02856095
vn 0.98185509 0.07432152 -0.17446199
vn 0.90712279 -0.29337290 -0.30176264
vn 0.87022811 -0.07658268 -0.48666024
vn -0.96963662 0.17322478 -0.17262115
vn -0.97805679 0.11388748 -0.17445542
vn -0.98142636 0.11232005 -0.15552001
vn -0.97363853 0.19385716 -0.12019804
vn -0.96878332 0.16744259 -0.18281649
vn -0.97695512 0.10930727 -0.18333246
vn -0.96217805 0.17795347 -0.20626695
vn -0.97097653 0.10233548 -0.21617611
vn -0.94525117 0.18816812 -0.26663274
vn -0.95851231 0.08504292 -0.27206963
vn -0.43115771 0.68820518 -0.58350384
vn -0.53837979 0.40415889 -0.73946112
vn -0.39289501 -0.34770042 -0.85131544
vn -0.58026642 -0.72160864 -0.37758684
vn -0.22860694 -0.74626732 -0.62515920
vn -0.06631996 0.96712738 0.24549201
vn -0.49425220 0.75660038 -0.42810124
vn -0.57715189 0.80971336 -0.10611308
vn 0.06992604 0.99386311 0.08571169
vn -0.60536611 -0.74075496 -0.29122847
vn -0.58277494 -0.76474440 -0.27484465
vn -0.34429169 -0.90195936 -0.26063907
vn -0.59168631 0.69675201 -0.40551698
vn 0.13159183 0.19892114 -0.97114062
vn -0.53470570 0.70757586 -0.46198085
vn -0.97303557 0.14595526 -0.17860310
vn -0.68928480 0.54016560 -0.48281211
vn 0.82448667 0.53886974 -0.17274588
vn 0.25849345 0.91336447 0.31455788
vn 0.79602504 0.58635420 0.15010974
vn 0.19314918 0.97525984 0.10752498
vn 0.87297839 0.45340282 -0.17981826
vn -0.84317714 0.31947896 -0.43241820
vn 0.20431434 0.43677095 -0.87606335
vn 0.98993152 0.06565124 -0.12540130
vn 0.28734893 0.17327037 -0.94202334
vn 0.26049274 0.42859975 -0.86512762
vn 0.90109122 0.41230062 -0.13432430
vn 0.87963998 0.16688605 -0.44540161
vn 0.96924335 -0.16586930 0.18180962
vn 0.97635782 -0.11646875 0.18210055
vn 0.96792924 -0.17383888 0.18136431
vn 0.97823626 -0.11408916 0.17331372
vn 0.97111434 -0.19750339 0.13390051
vn 0.98216379 -0.10095960 0.15862408
vn 0.81074172 0.47868267 -0.33698779
vn 0.95085478 0.26407006 -0.16168600
vn 0.96941859 -0.16001911 0.18606868
vn 0.41672221 0.09755688 -0.90378398
vn 0.90194392 0.26724270 -0.33923256
vn 0.86391717 -0.00525684 -0.50360650
vn 0.88066918 0.42555290 0.20815073
vn -0.78548431 -0.57363802 -0.23227966
vn -0.17682558 -0.70342517 -0.68842268
vn -0.41876033 -0.51676023 -0.74672532
vn -0.77238858 -0.30793396 -0.55551112
vn -0.20120914 -0.58177525 -0.78806883
vn 0.18962142 -0.71470332 -0.67323321
vn 0.11443506 -0.64958543 -0.75162721
vn 0.32728964 -0.65612358 -0.67998779
vn 0.66405725 -0.64008313 -0.38642156
vn 0.59194618 -0.59905136 -0.53920048
vn -0.95936245 0.26308921 0.10201826
vn -0.97102100 0.23882914 -0.00889336
vn -0.98832542 0.11656115 -0.09811379
vn -0.97259474 0.23036121 -0.03151511
vn -0.92633367 0.06687346 -0.37072080
vn -0.51638633 0.85630256 -0.00955062
vn -0.81712770 0.52816439 0.23096476
vn -0.95995152 0.27995333 -0.01091729
vn -0.58520490 0.78366101 0.20835224
vn -0.48755255 0.77113217 0.40944806
vn -0.28568560 0.76039881 0.58324730
vn -0.95993865 0.26775736 0.08260611
vn -0.76547718 0.46014500 0.44979054
vn -0.89473373 0.44629806 -0.01642529
vn -0.82154077 0.53507847 0.19687998
vn -0.89291370 0.40820232 -0.18993706
vn -0.87638253 0.46689546 -0.11816233
vn 0.70873284 0.69664174 -0.11130157
vn 0.98958981 0.10131919 0.10220777
vn 0.30104384 0.70854217 0.63823247
vn 0.56560713 0.82465339 -0.00594500
vn 0.79269928 0.59501112 0.13262616
vn 0.37963182 0.91898918 -0.10648374
vn 0.78725123 0.59826571 0.14937767
vn 0.73931319 0.67199033 0.04295438
vn 0.89429730 0.43374902 0.10997326
vn -0.76136112 0.25681195 0.59529567
vn -0.95748967 0.28824541 0.01131691
vn -0.97471654 0.21449190 0.06261683
vn -0.96066558 0.26175112 -0.09277937
vn -0.15850599 -0.05489721 0.98583078
vn -0.60042381 0.08848353 0.79477173
vn -0.05967174 -0.01343164 0.99812770
vn 0.97831708 -0.11296985 0.17359053
vn 0.99014616 -0.03632452 0.13524523
vn 0.99740106 0.01758890 0.06987119
vn 0.99846029 0.05166890 -0.02018328
vn 0.99219400 0.06821793 -0.10439049
vn 0.98202360 0.04585209 -0.18310471
vn 0.52266091 0.83119094 -0.18959804
vn -0.83883506 0.25585106 0.48051643
vn -0.93356031 0.35841805 -0.00125939
vn -0.63433850 0.39261037 -0.66593677
vn -0.54874033 0.05490607 -0.83418787
vn -0.93311346 0.35693011 -0.04359301
vn -0.07459643 -0.04067242 0.99638402
vn -0.65008914 0.19403172 0.73466718
vn 0.09160741 -0.11037920 0.98965889
vn -0.01590986 -0.02746104 0.99949628
vn 0.47403520 -0.21667798 0.85342914
vn -0.59275335 -0.56220239 0.57669061
vn -0.95811737 -0.17247364 0.22861345
vn -0.59468049 -0.80127937 0.06562562
vn -0.29623500 -0.57054764 0.76597679
vn -0.68775767 -0.19257843 0.69993067
vn -0.21788682 -0.81056911 0.54360193
vn -0.98294801 0.18309487 0.01701944
vn -0.97395539 -0.16068155 -0.15997662
vn -0.95366418 0.09173826 0.28654611
vn -0.03160680 -0.98802024 -0.15105298
vn -0.16923119 -0.26445460 0.94943392
vn 0.32955536 -0.92673093 0.18045256
vn -0.88844776 -0.12044948 -0.44289133
vn -0.87897205 -0.32820734 -0.34595978
vn -0.59205079 0.38552129 -0.70770699
vn -0.92964572 0.36234185 -0.06683717
vn 0.61884725 -0.17932495 0.76476842
vn -0.03128231 -0.05286912 0.99811137
vn 0.76334232 -0.15826558 0.62630719
vn 0.82125807 -0.22185935 0.52565539
vn 0.96208853 -0.26126862 0.07825957
vn 0.74602044 -0.47451887 -0.46721032
vn -0.13325542 -0.96046960 -0.24442033
vn -0.15114936 -0.62683105 0.76435387
vn 0.42480850 -0.51857924 0.74203330
vn -0.08213952 -0.29046983 0.95335215
vn 0.15470612 -0.77721351 0.60992235
vn -0.33085275 -0.77223402 0.54239386
vn -0.78306878 0.15509132 -0.60228723
vn -0.08855086 -0.11522952 -0.98938411
vn -0.24779840 0.73534942 -0.63075924
vn -0.95668477 0.28670308 -0.05055503
vn -0.86742473 0.26307136 -0.42233613
vn -0.96144021 0.27201107 -0.04052996
vn -0.96938968 0.23999067 -0.05184731
vn -0.80526167 0.35034099 -0.47834620
vn -0.25583228 0.35243264 -0.90018946
vn 0.03932549 0.27768704 -0.95986634
vn 0.07751061 0.27339387 -0.95877427
vn -0.06253763 -0.99773598 -0.02473896
vn -0.17467476 -0.98273271 0.06103430
vn 0.56443518 -0.58892500 0.57842922
vn -0.95664537 0.03142087 0.28955576
vn -0.08336267 -0.65528202 0.75077045
vn -0.40053102 -0.91485012 0.05122845
vn -0.09166733 -0.94060206 0.32690221
vn -0.47564155 -0.42953736 -0.76763457
vn -0.44782457 -0.75552332 -0.47816095
vn -0.89222074 -0.16352892 -0.42095193
vn -0.60557687 0.05061266 -0.79417568
vn -0.03740212 -0.05271333 -0.99790901
vn -0.41806021 0.34787473 -0.83917165
vn 0.07909949 0.22238092 -0.97174585
vn 0.18279953 0.25527528 -0.94943088
vn 0.80849838 -0.03050937 -0.58770704
vn 0.61878306 0.04052848 -0.78451586
vn 0.87375903 -0.02601762 -0.48566273
vn 0.62491792 0.04367706 -0.77946770
vn 0.11478226 0.20850375 -0.97126269
vn 0.12477244 0.25980327 -0.95756674
vn 0.20964004 0.72366172 -0.65754449
vn -0.66977507 -0.03168599 -0.74188775
vn -0.05554654 -0.26809394 -0.96179014
vn 0.22324546 -0.64312196 -0.73249960
vn 0.08624928 -0.08647981 -0.99251324
vn 0.60017449 -0.30201653 -0.74065959
vn -0.91053456 0.33805713 -0.23800048
vn -0.98753536 0.06449205 -0.14357819
vn -0.90680391 0.37989345 -0.18272305
vn -0.12093940 0.67524421 -0.72761178
vn -0.09807768 0.81563652 -0.57019114
vn -0.69935858 0.20607306 -0.68442065
vn -0.24094698 0.41712028 -0.87633067
vn 0.78827292 0.49143723 0.37029079
vn 0.98303497 -0.18322058 -0.00851204
vn 0.98784471 -0.12064299 0.09802072
vn 0.95192611 -0.29100820 -0.09566035
vn 0.84446138 0.53529865 -0.01845055
vn 0.86561602 0.46581462 0.18364546
vn 0.95710170 0.15685789 0.24362251
vn 0.99497128 -0.07335201 0.06820441
vn 0.98672271 -0.14954233 -0.06336690
vn 0.89911616 -0.27611846 -0.33963019
vn 0.92422271 0.05540583 0.37781286
vn 0.96825552 0.14965098 0.20021489
vn 0.99598157 0.08932714 -0.00643252
vn 0.97716528 -0.16555862 -0.13318540
vn 0.96345359 0.08776403 -0.25309050
vn 0.97849494 0.15431413 -0.13687512
vn 0.02173907 0.98703295 -0.15903898
vn -0.51268780 0.85677952 0.05549870
vn -0.18181920 0.98317373 -0.01763990
vn -0.51957643 0.85021597 0.08469587
vn -0.90643132 0.41446409 0.08125169
vn -0.66875052 0.73668349 0.10035042
vn -0.50350064 0.86228037 -0.05440364
vn -0.50565183 0.86246413 0.02172254
vn 0.92907238 -0.35504636 0.10376312
vn 0.74330235 -0.66517848 0.07098737
vn 0.84680676 -0.52294725 -0.09718278
vn 0.93826091 -0.33854127 -0.07110734
vn -0.14566520 0.70630717 0.69275677
vn -0.94952947 0.28718615 0.12616603
vn -0.93704396 0.33378318 0.10265195
vn -0.89820713 0.42953551 -0.09339807
vn -0.89635164 0.40927634 -0.17043081
vn -0.90836561 0.41742694 -0.02503360
vn -0.92125505 0.38635331 0.04494715
vn -0.16024755 0.97236264 -0.16979870
vn 0.94396043 -0.30486572 0.12647407
vn 0.96220070 -0.26981777 -0.03699175
vn 0.97827411 -0.20623325 0.02115681
vn 0.54053462 0.47812384 0.69225717
vn 0.45979330 0.36662954 0.80880958
vn 0.92907101 -0.19550277 0.31401548
vn -0.84582633 0.01491034 -0.53324997
vn -0.29877862 -0.91042924 -0.28609458
vn -0.99732900 -0.06834199 0.02577315
vn 0.97348273 -0.22739869 0.02492745
vn 0.91407198 0.10727498 -0.39110672
vn 0.85871071 -0.32997474 -0.39208779
vn 0.07291048 -0.99110097 0.11136869
vn 0.67468923 -0.67014891 0.30934599
vn 0.91975939 -0.38078058 0.09512667
vn 0.81795686 -0.43593627 0.37537464
vn 0.72744024 -0.67899102 -0.09900498
vn 0.69217116 -0.60076225 -0.39997992
vn 0.55076152 -0.77734333 -0.30397224
vn 0.96177489 -0.12605387 -0.24310407
vn 0.87856787 -0.00102491 -0.47761640
vn -0.98202002 -0.01227530 -0.18837775
vn -0.31011227 -0.91591305 -0.25482088
vn 0.45164195 -0.77566385 0.44086874
vn 0.00426422 -0.89975518 -0.43637413
vn 0.73728091 -0.67130041 -0.07597749
vn -0.01953896 -0.98020518 -0.19701794
vn 0.66161466 0.47153762 -0.58302522
vn 0.24494648 0.71398455 -0.65591723
vn 0.07690042 -0.18249534 -0.98019487
vn -0.03067988 -0.27408949 -0.96121472
vn 0.60567045 -0.39190444 -0.69251299
vn 0.39868540 -0.90729141 0.13368732
vn 0.68767846 -0.63450271 -0.35285211
vn 0.47192731 0.85769159 0.20408323
vn 0.31928131 0.86964941 0.37652296
vn 0.53728020 0.75048667 0.38483754
vn 0.87480110 0.18769059 0.44664893
vn 0.86282670 0.37361133 0.34050637
vn 0.83243537 0.32017803 0.45225814
vn 0.52668160 0.84546930 0.08825186
vn 0.53288448 0.83933556 0.10747060
vn 0.82849795 0.52012151 -0.20752066
vn 0.36462978 0.55720991 -0.74603105
vn 0.49156180 0.86123419 -0.12900729
vn -0.19906026 -0.93317032 -0.29927969
vn -0.82078427 -0.52177131 -0.23252507
vn -0.13376877 -0.58265579 -0.80163473
vn -0.91981322 0.22736052 -0.31976724
vn -0.05141594 0.99214923 -0.11400146
vn -0.13079482 0.13475648 -0.98220843
vn -0.03302436 0.92778140 -0.37165993
vn -0.36276174 0.91539508 -0.17451583
vn 0.12111641 0.99040169 -0.06659815
vn -0.37289524 -0.26724380 -0.88855493
vn -0.53720683 -0.37867662 -0.75366628
vn -0.12365343 -0.29797330 -0.94653147
vn -0.61254185 -0.78082407 -0.12290861
vn -0.74597573 -0.66333783 0.05918683
vn -0.01547046 -0.55855852 0.82932097
vn -0.23076566 -0.63583487 -0.73651969
vn -0.81015056 -0.56568414 -0.15381031
vn -0.57540059 -0.18719280 -0.79616147
vn -0.55397016 0.43825179 -0.70785058
vn -0.11812365 -0.27278510 -0.95479584
vn -0.98820853 -0.02753204 -0.15061884
vn -0.10141178 -0.52734303 -0.84357870
vn -0.07663075 -0.54783487 -0.83306944
vn -0.27488029 -0.59358370 -0.75637239
vn 0.00000011 -0.80443329 0.59404308
vn 0.01557036 -0.55835819 0.82945383
vn 0.14437094 -0.97601235 0.16296309
vn -0.03137768 -0.99046671 -0.13413104
vn -0.74428737 -0.66119343 -0.09412562
vn 0.86826229 -0.49479917 -0.03598071
vn 0.86441565 -0.49631205 -0.08037393
vn 0.80401945 -0.59439832 0.01560551
vn 0.87706643 -0.42061770 -0.23202473
vn -1.00000000 -0.00000004 0.00000013
vn -0.86541015 0.37537542 -0.33190146
vn -0.87316948 0.19246455 -0.44780850
vn -0.88665789 -0.01727007 -0.46210340
vn -0.86547405 0.48191160 -0.13680631
vn -0.90191233 -0.20361480 -0.38091362
vn -0.87291503 0.48182860 0.07655589
vn -0.88914418 0.37896442 0.25653189
vn -0.91700834 -0.32057035 -0.23734005
vn -0.92883885 -0.36405852 -0.06870056
vn -0.93576843 -0.33932334 0.09590187
vn -0.93846416 -0.25877422 0.22873805
vn -0.90793115 0.21287574 0.36103314
vn -0.92205608 0.03139913 0.38578090
vn -0.93483788 -0.13350894 0.32901898
vn -0.99177897 0.10474674 0.07350269
vn -0.95985687 0.27842018 0.03401525
vn -0.98493600 -0.16545226 0.05026618
vn -0.95749217 -0.27850074 -0.07514054
vn 0.99885166 -0.01195827 0.04639371
vn 0.99043280 -0.02388712 0.13591343
vn 0.98632050 0.13508770 0.09446274
vn 0.99288619 -0.07452595 -0.09285998
vn 0.99971610 -0.02083220 -0.01157360
vn 0.98955685 0.07812511 -0.12113511
vn -0.98316628 0.16330321 -0.08195186
vn -0.98925000 -0.11594890 0.08910836
vn 0.92870706 -0.29121113 -0.22956330
vn 0.94160879 -0.25925276 -0.21485108
vn 0.88648206 -0.25044817 -0.38913396
vn 0.30252248 0.17346801 -0.93722409
vn 0.35753292 0.46098620 -0.81219578
vn 0.95137203 -0.18920343 -0.24309169
vn 0.98374635 -0.11351863 -0.13912822
vn 0.96448874 -0.10038317 -0.24430449
vn 0.22824261 -0.37997907 0.89639354
vn -0.71530306 -0.35670623 0.60091782
vn -0.23455122 -0.97162712 0.03043802
vn -0.98583251 0.07037088 0.15225720
vn -0.98609042 0.12305887 0.11172465
vn -0.99391931 -0.11010360 0.00128041
vn -0.93366688 -0.05143083 0.35443053
vn -0.70568734 -0.35258484 0.61456430
vn -0.99237847 0.00557735 -0.12310102
vn -0.85146016 -0.01597309 -0.52417594
vn -0.71015829 0.32583722 -0.62410361
vn -0.74090213 0.66019177 0.12333262
vn -0.37462184 0.38771114 0.84222239
vn 0.24165274 -0.25863355 0.93526083
vn -0.70840937 -0.12725542 0.69423509
vn -0.47545663 -0.43284506 0.76588911
vn -0.98807567 0.14882629 -0.03946140
vn -0.96933478 0.19127092 0.15429039
vn -0.21203895 -0.69823754 -0.68374252
vn -0.60982794 0.14038222 -0.78000176
vn -0.97391295 0.08730365 0.20945561
vn -0.99596751 0.03835070 -0.08110560
vn -0.99882585 0.04768310 -0.00856872
vn -0.97072077 -0.21597581 0.10514622
vn -0.94872874 0.28420067 0.13836096
vn -0.96739012 0.25329140 0.00000012
vn -0.96739012 -0.25329146 0.00000014
vn -0.96158731 0.24551992 -0.12275986
vn -0.94701570 -0.28727895 -0.14363933
vn -0.98999846 0.00036287 0.14107855
vn -0.99947846 -0.02816359 -0.01580093
vn -0.96861666 0.19250943 0.15723200
vn -0.95948690 0.27146327 0.07545055
vn -0.99917537 0.04026208 0.00527004
vn -0.83124346 -0.28969407 -0.47445938
vn 0.27005759 -0.67128623 -0.69024909
vn -0.33992866 0.93556929 0.09570063
vn -0.91587961 0.19899334 0.34866369
vn -0.92300540 0.20091805 0.32816631
vn -0.92131048 0.24642150 0.30077156
vn -0.91678327 0.28058296 0.28422114
vn -0.93048996 0.29116070 0.22229232
vn -0.17713280 -0.85245711 -0.49187499
vn -0.11989707 -0.84369570 -0.52326137
vn -0.14764602 -0.69540131 -0.70329064
vn -0.06615154 -0.85430592 -0.51554370
vn -0.63601810 -0.12738928 -0.76108676
vn -0.46970171 -0.11344589 -0.87550575
vn -0.11021051 -0.22489811 -0.96812940
vn -0.96113735 0.27568755 0.01453833
vn -0.93818098 0.30608979 -0.16163406
vn -0.94546711 0.16404973 -0.28138888
vn -0.92330158 0.24219535 -0.29808655
vn -0.85588467 -0.32612163 -0.40138027
vn -0.30209938 0.10208294 -0.94779491
vn -0.96061182 0.15896209 0.22793873
vn -0.96214586 0.20592113 -0.17852704
vn -0.97470325 -0.09308054 0.20319882
vn -0.96262527 -0.00841679 0.27070603
vn -0.22496969 0.40665379 -0.88544983
vn -0.27864343 -0.04371668 -0.95939922
vn -0.20688525 0.71802282 -0.66456139
vn -0.90240777 0.31918547 0.28944936
vn -0.04746354 0.99806571 0.04015048
vn -0.18644913 0.81315976 -0.55136925
vn -0.60164291 0.31682697 0.73324382
vn -0.82388872 0.40150356 0.40000317
vn -0.62457657 0.18077709 0.75975239
vn -0.16411787 0.40626019 -0.89889818
vn 0.81679314 0.23190124 -0.52827156
vn -0.13097073 -0.04087253 -0.99054337
vn -0.10136732 0.72029704 -0.68621927
vn -0.05066426 0.99858773 0.01599178
vn -0.01919192 0.96678460 0.25487101
vn -0.86991584 -0.10878403 0.48105347
vn -0.93709385 -0.19139624 0.29192904
vn -0.63121635 -0.50064892 0.59238213
vn 0.17993896 -0.77723318 0.60293502
vn -0.01096393 -0.59519178 0.80350900
vn -0.07859569 -0.72824103 0.68079937
vn -0.92887819 -0.12169202 0.34982336
vn -0.90771937 -0.09667818 0.40828776
vn -0.91613364 -0.15172648 0.37105012
vn -0.95371681 -0.15566769 0.25727800
vn -0.96937406 -0.12353798 0.21225521
vn -0.93526471 -0.10037202 0.33941910
vn -0.97392398 -0.13550055 0.18196620
vn -0.96070623 -0.14980048 0.23367357
vn -0.93292350 -0.31598908 -0.17264025
vn 0.87766606 0.14783777 0.45590165
vn 0.99528873 -0.03087999 -0.09190648
vn 0.85862690 0.28155297 0.42835471
vn 0.93556738 0.34410459 0.07940861
vn 0.98184836 0.17016225 -0.08377849
vn 0.05001174 0.99874604 -0.00231866
vn 0.12029229 0.96574831 0.22991295
vn 0.98009139 0.15313861 -0.12637056
vn 0.98840213 -0.05115769 -0.14298287
vn -0.67077672 0.47701034 0.56790817
vn -0.94315886 0.10079875 0.31668776
vn -0.61484081 0.12179428 0.77918988
vn -0.05425219 -0.99840838 0.01540810
vn -0.76893568 -0.62577409 0.13093783
vn -0.02557344 -0.99778116 -0.06147186
vn 0.07081779 -0.99743932 -0.00998466
vn 0.01700727 -0.99738437 -0.07025087
vn 0.81916445 -0.54047221 -0.19198802
vn -0.65052545 -0.43589544 -0.62194204
vn -0.52882272 0.51536882 0.67434525
vn -0.95313424 0.10868892 -0.28235060
vn 0.63773066 0.16547279 -0.75227559
vn 0.70356119 0.64105666 0.30667248
vn 0.36971810 -0.33434805 -0.86690247
vn -0.07578015 0.81625152 -0.57270497
vn 0.05266186 0.99836951 0.02202374
vn -0.74367052 0.00805413 -0.66849786
vn -0.78852487 0.44904187 -0.42022634
vn -0.22860794 0.53162092 -0.81554753
vn -0.22119769 -0.12606658 -0.96704644
vn 0.47517973 0.06303405 -0.87762815
vn -0.18250817 -0.12416246 -0.97533303
vn -0.13633662 0.53715998 -0.83238900
vn 0.56007272 0.50712782 -0.65508783
vn -0.54983902 0.78430480 -0.28730321
vn -0.11554360 0.94491416 -0.30624643
vn -0.15923372 0.82872397 -0.53652710
vn 0.30514592 0.85407710 -0.42123422
vn -0.11732632 0.83190560 -0.54237229
vn -0.08092774 0.94683492 -0.31137526
vn 0.48303270 -0.66879714 0.56514585
vn 0.44518560 -0.55100816 0.70583266
vn 0.20049781 -0.77552140 0.59863788
vn 0.98036551 0.18215056 -0.07552917
vn 0.79222494 0.53458762 0.29427192
vn 0.87860233 0.11864891 0.46258020
vn -0.54899502 0.52906549 0.64706582
vn -0.91239303 0.14711656 -0.38196322
vn -0.62440604 -0.36115220 -0.69259381
vn 0.70074725 0.56677639 0.43326414
vn 0.38224053 -0.34346935 -0.85785842
vn 0.70098686 0.14842860 -0.69755745
vn 0.99595547 0.01614152 -0.08838776
vn 0.99225295 0.12127230 -0.02696621
vn 0.98564166 0.12558931 0.11286197
vn 0.90960079 -0.31682247 0.26879343
vn 0.98501492 0.16496976 0.05030689
vn 0.98869795 0.14632556 -0.03263780
vn 0.98558992 0.12276793 -0.11636417
vn 0.10591324 0.34988338 0.93078679
vn -0.44388995 0.16277249 0.88117355
vn -0.32998815 -0.06951763 0.94142187
vn 0.27788147 0.03918612 0.95981586
vn 0.67453605 0.08013692 0.73387963
vn 0.25925383 0.10000580 0.96061766
vn 0.98899466 0.14688717 0.01771181
vn 0.98648882 0.12484903 -0.10607830
vn 0.97160441 0.15125601 -0.18195228
vn 0.97946757 0.15629786 -0.12733535
vn 0.83385009 -0.11058629 -0.54080009
vn -0.84068149 0.01784776 0.54123569
vn 0.13619657 0.02921192 0.99025106
vn -0.00917530 0.71117675 0.70295346
vn -0.88886577 -0.45382327 0.06294539
vn -0.20724271 -0.42965496 -0.87888974
vn -0.09888566 -0.96133655 -0.25700942
vn 0.20656668 -0.92225027 -0.32677916
vn -0.03037790 -0.40444469 -0.91405779
vn 0.90640420 -0.24623604 -0.34321919
vn -0.97072983 -0.13822633 0.19641104
vn -0.83165926 0.31097049 -0.46004394
vn -0.84910417 0.12049051 -0.51429969
vn -0.69092786 0.71030766 0.13446842
vn -0.00360946 0.97545350 0.22017634
vn -0.19268288 0.97941917 0.06009650
vn -0.15177885 0.98806822 -0.02616117
vn -0.31995162 0.94707972 -0.02590485
vn -0.08075292 0.99589735 0.04083419
vn -0.76873589 -0.51808488 0.37501094
vn -0.54844981 -0.45979589 -0.69842005
vn -0.37553841 -0.91570127 -0.14304560
vn -0.74293059 -0.31898516 0.58847487
vn -0.92589635 -0.32872149 0.18616740
vn -0.97275496 -0.11100467 0.20353365
vn -0.96572858 -0.16688578 0.19879052
vn -0.95715570 -0.17160086 0.23325163
vn -0.96303254 -0.08748774 0.25478300
vn -0.39694133 -0.90097231 -0.17517546
vn -0.19716549 -0.82696015 -0.52655756
vn -0.56364703 -0.55114836 -0.61525404
vn 0.00318688 0.99613935 -0.08772936
vn -0.20398287 0.93431437 0.29231471
vn 0.47842774 0.87362748 -0.08878120
vn 0.95301461 0.27682549 0.12300732
vn 0.16416398 0.73657072 0.65613556
vn 0.30590072 0.05118359 0.95068669
vn -0.38281077 -0.91402286 -0.13423227
vn -0.09418214 -0.97878850 -0.18194164
vn -0.38611680 -0.91505396 -0.11657728
vn 0.04461605 -0.00373335 0.99899733
vn -0.61601317 0.21865928 0.75678009
vn -0.45331469 -0.04168880 0.89037514
vn 0.31600100 -0.25887787 -0.91275716
vn 0.98116481 -0.11398105 -0.15596141
vn 0.54052263 -0.72867018 -0.42056519
vn 0.48127922 0.50314349 -0.71778619
vn 0.97481924 0.13211916 -0.17964430
vn 0.51828897 0.33297953 -0.78771895
vn 0.97912508 0.02402370 -0.20183399
vn 0.99630725 0.05346745 0.06717969
vn -0.17867357 -0.88003445 0.44001728
vn -0.60910994 -0.36546606 0.70386058
vn -0.83497298 -0.54574525 -0.07058521
vn -0.84828925 -0.00540313 0.52950555
vn 0.03468506 0.99430680 -0.10075207
vn 0.25645393 0.91765153 0.30355766
vn 0.52879268 0.84496999 -0.08002511
vn 0.49588892 0.72030574 0.48502991
vn -0.09262573 0.96087492 0.26103610
vn 0.30384883 0.84193403 0.44589570
vn 0.41124699 0.86895299 -0.27531192
vn 0.75713271 0.61600256 0.21746472
vn -0.95660180 -0.20679267 -0.20530476
vn -0.45245263 -0.82305467 0.34331849
vn -0.73535550 -0.17887028 0.65364957
vn -0.82383120 0.26270130 0.50228500
vn -0.31312162 -0.94648141 -0.07828032
vn -0.78250182 0.60663640 -0.14029695
vn -0.34599760 -0.52367193 -0.77849430
vn -0.45192608 -0.07461048 -0.88892978
vn -0.66130328 0.50092727 -0.55834574
vn -0.05087216 -0.99870169 -0.00267743
vn -0.25886512 -0.71705621 -0.64716250
vn -0.51017231 -0.31510642 -0.80027008
vn -0.96559411 0.24695498 -0.08149503
vn -0.85380048 0.17886873 -0.48890793
vn 0.10968491 0.92135400 -0.37292904
vn 0.94730973 0.31916532 -0.02716314
vn 0.85665786 0.39456031 0.33235466
vn 0.44405168 0.68777949 -0.57426262
vn 0.70822507 0.50992215 -0.48825887
vn 0.29924634 0.95417589 -0.00000008
vn 0.41697311 0.80300474 0.42581341
vn 0.72758657 0.68557203 0.02467513
vn 0.59832436 0.54164094 0.59045154
vn 0.37851307 0.87864244 -0.29105893
vn -0.86311603 -0.50304312 -0.04447946
vn -0.43580580 -0.88356978 0.17139935
vn -0.80963540 -0.42206562 0.40786165
vn -0.45478076 -0.89047986 -0.01484123
vn -0.86241722 -0.45632759 -0.21909291
vn -0.52141750 -0.55448312 0.64859265
vn -0.35996091 -0.82088649 -0.44336638
vn -0.47277623 -0.49438885 -0.72942603
vn 0.89619267 0.10760467 0.43041831
vn 0.99837750 -0.01086876 0.05589659
vn 0.85828078 0.29178444 -0.42215633
vn 0.66272056 0.56889725 -0.48698810
vn 0.40605488 0.78026223 0.47572100
vn 0.58047885 0.51598114 0.62992692
vn 0.76199979 0.64103347 0.09182835
vn 0.32315463 0.94460595 0.05736465
vn -0.53472388 -0.77410614 0.33886585
vn -0.78884733 -0.15537903 0.59462368
vn -0.95470339 -0.15753561 -0.25243637
vn -0.36516523 -0.92252278 -0.12492488
vn -0.84458578 0.30609152 0.43929812
vn -0.73119724 0.67239457 -0.11504844
vn -0.33717197 -0.47913900 -0.81039548
vn -0.40051293 -0.06076752 -0.91427398
vn -0.61310643 0.55588305 -0.56133282
vn 0.39429331 0.88058853 -0.26286232
vn -0.68769777 -0.65917587 0.30423510
vn -0.86770731 -0.49705705 -0.00428484
vn 0.16135460 -0.98493516 -0.06218871
vn -0.31208923 -0.68427044 0.65907079
vn -0.63276607 -0.50373137 -0.58810014
vn 0.09658859 -0.84169966 0.53123671
vn -0.18012574 -0.57254237 -0.79984379
vn -0.24370404 0.92571795 -0.28923106
vn -0.10177020 0.77236223 -0.62697649
vn -0.74088711 -0.66356874 0.10374390
vn -0.38363156 -0.87132508 -0.30597323
vn -0.30834225 -0.93625295 0.16839090
vn -0.25397199 -0.87976879 0.40187702
vn -0.70639271 -0.63761252 0.30734295
vn -0.41552404 -0.51844329 0.74736637
vn -0.63701928 -0.52935416 0.56034875
vn 0.07673022 -0.68630803 0.72325224
vn 0.65404010 0.41705683 -0.63110638
vn 0.33280057 0.50935274 -0.79360175
vn 0.86335969 0.48470858 -0.14024131
vn 0.51022887 0.71548957 -0.47722235
vn -0.00620310 0.87384772 -0.48616019
vn 0.15671837 0.98699266 -0.03584524
vn 0.45140958 0.88523179 0.11222418
vn 0.07360783 0.67288083 -0.73607963
vn 0.82039803 0.56722844 -0.07210543
vn 0.39041987 0.36390090 -0.84566450
vn 0.65872246 0.28595710 -0.69592625
vn 0.86405808 0.38294339 -0.32673851
vn -0.51185185 -0.72474033 0.46125820
vn -0.85944766 -0.47011146 0.20086104
vn -0.68409145 -0.72603810 0.06991106
vn -0.40691295 -0.91325045 0.01988499
vn -0.82264066 -0.34240967 0.45389202
vn -0.28819674 -0.95125097 0.10983732
vn -0.64475447 -0.30450565 0.70111912
vn -0.05318706 -0.77624524 0.62818366
vn -0.14019527 -0.61142808 0.77878183
vn -0.14983845 -0.92070210 0.36035556
vn -0.36725649 -0.43685767 0.82114434
vn -0.37874487 -0.60660774 0.69898462
vn -0.69376600 -0.53438741 0.48282376
vn -0.25303903 -0.92987996 0.26701066
vn -0.74774885 -0.66236168 0.04635324
vn -0.29628783 -0.95363921 0.05278011
vn 0.09016893 0.94514424 0.31396168
vn 0.36951098 0.82238722 0.43259811
vn 0.39746985 0.90758908 -0.13527758
vn -0.12491265 0.98773479 -0.09368448
vn 0.78475541 0.56944776 0.24472119
vn 0.84643191 0.52286524 -0.10082167
vn 0.33157265 0.74766409 -0.57537639
vn -0.03853139 0.91568494 -0.40004554
vn 0.59325647 0.62225032 -0.51073599
vn -0.06817211 -0.98399466 0.16464230
vn -0.25831676 -0.75581610 0.60167646
vn -0.47541374 -0.74305421 0.47101194
vn -0.57150632 -0.79942036 0.18522325
vn 0.30371723 -0.80822504 0.50450790
vn -0.63871866 -0.76710439 -0.05991320
vn -0.14066833 -0.98547781 -0.09511095
vn -0.74992287 -0.63093728 -0.19883120
vn -0.42463154 -0.63856792 -0.64180934
vn -0.22244275 -0.89965731 -0.37568101
vn -0.27458927 -0.81892210 -0.50395191
vn 0.52554142 0.84941673 -0.04793364
vn 0.01916171 0.99928558 -0.03257503
vn 0.21690799 0.89546525 0.38870671
vn 0.10921239 0.93568522 -0.33550861
vn 0.46148062 0.71893811 0.51977277
vn -0.62997526 -0.58161116 0.51464528
vn -0.69917113 -0.71064347 0.07839397
vn -0.15592019 -0.94725752 0.27998590
vn -0.28397301 -0.58398986 0.76047051
vn -0.18683180 -0.98070556 0.05753652
vn -0.70997316 -0.68914062 -0.14499439
vn 0.85042280 0.40416136 0.33680093
vn 0.94301587 0.33149686 -0.02882595
vn 0.69830644 0.54537165 -0.46361408
vn 0.44458631 0.70553929 -0.55186719
vn -0.12503633 -0.87646806 -0.46494076
vn -0.34581131 -0.62028933 -0.70402825
vn 0.89315730 0.04325222 0.44765979
vn 0.99160051 -0.07760347 0.10347123
vn 0.69217223 0.58729780 -0.41949850
vn 0.90926421 0.26128286 -0.32399082
vn -0.88674396 -0.36373150 0.28527972
vn -0.56094074 -0.82717842 0.03348912
vn -0.63269192 -0.54918951 0.54597795
vn -0.90256500 -0.40381244 -0.14937247
vn -0.57095921 -0.81089044 -0.12830535
vn 0.63175267 0.77306581 0.05707930
vn 0.19170874 0.97970647 0.05850845
vn 0.30927336 0.83284628 0.45903948
vn 0.51769882 0.63862109 0.56934261
vn 0.28119957 0.93194038 -0.22894138
vn 0.86928701 0.32442296 0.37294754
vn 0.58014506 0.70059896 -0.41544300
vn 0.96386540 0.25998095 0.05808071
vn 0.80382299 0.49357557 -0.33204189
vn -0.87345386 -0.36853909 -0.31820980
vn -0.44140959 -0.74779975 -0.49593654
vn -0.49044466 -0.40588522 -0.77118176
vn -0.24980675 -0.94963318 0.18919200
vn -0.71776015 -0.57228690 0.39662096
vn -0.72478819 -0.68851399 -0.02511285
vn -0.27807799 -0.96011591 -0.02915900
vn -0.71430141 -0.67144340 -0.19732566
vn -0.38295102 -0.61416680 0.69003463
vn -0.38992208 -0.64373922 -0.65845317
vn -0.19080848 -0.87854254 -0.43789849
vn 0.65411240 0.75370979 0.06370630
vn 0.55244040 0.75279731 0.35791901
vn 0.88424593 0.42095754 0.20224760
vn 0.37378663 0.85637498 0.35623786
vn -0.64310509 -0.67930645 0.35349500
vn -0.66831094 -0.74137002 -0.06108206
vn -0.33545464 -0.93352252 0.12651443
vn -0.80278349 -0.51624435 0.29837987
vn -0.82610208 -0.51427770 -0.23037763
vn -0.58197528 -0.67933995 -0.44699231
vn -0.41975230 -0.83532798 -0.35501429
vn -0.27671438 -0.95664132 -0.09092037
vn -0.86053807 -0.50924999 0.01178833
vn 0.95925194 0.28007358 -0.03734328
vn -0.80168241 -0.59013593 0.09510466
vn -0.22065389 -0.89952737 0.37704459
vn -0.29110298 -0.42589557 0.85666329
vn -0.78018183 -0.62544602 -0.01155990
vn -0.96318763 -0.16810276 -0.20978796
vn -0.99471140 -0.08482615 -0.05791178
vn -0.85470980 -0.49476695 0.15708862
vn -0.99712974 -0.02170338 -0.07253471
vn -0.97669446 -0.09716852 -0.19137965
vn -0.98742259 -0.13771664 0.07765850
vn -0.13856496 -0.98802859 -0.06781933
vn -0.72919911 -0.68034309 -0.07349835
vn -0.18335924 -0.84345239 -0.50494301
vn 0.12910184 -0.88580835 -0.44573122
vn 0.45805061 -0.88847077 -0.02844910
vn 0.69483489 0.47335047 -0.54142755
vn 0.06699050 0.78143841 -0.62037593
vn 0.17296143 0.93425417 -0.31185490
vn 0.35026887 0.93353951 -0.07626213
vn 0.57172942 0.82027775 -0.01643305
vn 0.37520498 0.19211812 -0.90681410
vn 0.95648187 0.21577694 -0.19642484
vn -0.30826330 0.29642856 -0.90393806
vn 0.13644920 -0.66086411 0.73799753
vn 0.83734393 -0.35145867 0.41872662
vn 0.94011575 -0.34010580 0.02259770
vn 0.97279572 -0.22778836 0.04220345
vn 0.88262373 -0.40581870 0.23724778
vn 0.89075917 -0.26514345 0.36911660
vn 0.92510736 0.20791014 0.31772596
vn 0.96783769 -0.24990010 -0.02898447
vn 0.93103963 -0.36274317 -0.03978397
vn 0.90760314 0.26835942 0.32286197
vn 0.04684957 0.98884958 0.14135650
vn -0.92917043 -0.36862883 0.02748010
vn -0.13371782 -0.98905808 -0.06231906
vn -0.97020143 -0.14437693 -0.19458802
vn -0.95633250 -0.14889218 0.25151429
vn -0.13591969 -0.98831177 0.06903541
vn -0.87226319 0.48887584 -0.01254154
vn -0.83280516 0.54715198 0.08402667
vn -0.86489427 0.48823529 0.11655117
vn -0.78058749 0.55324239 0.29087114
vn -0.93757302 0.32479620 0.12435535
vn -0.91423529 0.34760350 -0.20819625
vn -0.90090710 0.42772445 0.07360850
vn -0.84831005 0.42722812 0.31280380
vn -0.81587219 0.52002811 0.25283101
vn -0.79640293 0.45051089 0.40346292
vn 0.28873840 -0.15068169 0.94547623
vn 0.13627222 -0.23215818 0.96308488
vn 0.61528945 -0.19052882 0.76492983
vn 0.28206274 -0.07401926 0.95653641
vn 0.37633482 0.05919084 0.92459100
vn -0.98352271 0.17855117 0.02832975
vn -0.93101686 0.35124028 0.09918587
vn -0.66621661 0.74296468 -0.06448971
vn -0.47069231 0.86951989 -0.14961287
vn -0.52212191 0.85191894 0.04028580
vn -0.60666013 0.79151505 0.07394200
vn -0.61691701 0.77781945 0.12004311
vn -0.83710909 0.42765674 0.34111306
vn -0.70842433 0.31509590 0.63154542
vn -0.42829087 0.83301878 0.35020980
vn -0.70619601 0.42702708 0.56474346
vn 0.00292263 0.44747147 0.89429343
vn -0.51259303 0.84765500 0.13685632
vn -0.51913112 0.84475386 0.12997712
vn -0.57640541 0.79209399 0.20085868
vn -0.60469466 0.77579510 0.18023981
vn -0.11184227 0.99054450 0.07945371
vn 0.04318763 0.93006974 0.36483595
vn 0.36461586 0.91862398 0.15226695
vn 0.01200845 -0.70993191 0.70416802
vn 0.61076117 -0.39803815 0.68449724
vn 0.49282843 -0.36160314 0.79143119
vn 0.68142956 -0.31927451 0.65857238
vn 0.64851868 -0.27258211 0.71071970
vn -0.11503811 -0.32032943 -0.94029534
vn -0.82252789 -0.53711927 -0.18695134
vn -0.65372181 -0.18060312 -0.73486757
vn 0.73554111 -0.65295517 0.18063448
vn 0.56907022 -0.81667006 0.09596424
vn -0.04663051 -0.94202191 -0.33229584
vn 0.62615430 -0.02288668 0.77936321
vn 0.55844015 0.41785279 0.71661961
vn 0.21864021 0.52356964 0.82345092
vn 0.00349807 -0.22225112 0.97498327
vn 0.61962080 -0.19314602 0.76076585
vn 0.47034478 -0.88233215 -0.01631081
vn 0.95181274 -0.28240186 0.11958948
vn 0.74449331 -0.26240021 0.61390215
vn 0.80492085 -0.40552303 0.43319020
vn 0.34643495 -0.93720740 -0.04031274
vn 0.99320811 0.05526072 0.10239180
vn 0.43122044 0.46950972 0.77046061
vn 0.98144871 0.10910027 -0.15765651
vn 0.87372959 0.37081590 -0.31478915
vn 0.95213723 0.29344821 -0.08557416
vn 0.92590618 -0.37494299 -0.04599700
vn -0.44709742 -0.89419490 0.02279423
vn -0.76401836 -0.35830075 0.53655994
vn -0.92297345 -0.37935391 0.06488962
vn -0.29693183 -0.66232842 0.68786091
vn -0.44767755 -0.81774104 0.36177981
vn -0.41855595 -0.87899643 0.22842115
vn -0.56611931 -0.77877933 0.27020672
vn -0.51622212 -0.64728665 0.56083405
vn -0.59472311 -0.78803957 -0.15905374
vn -0.12577492 -0.97820091 0.16523819
vn -0.25359386 -0.72447228 0.64096034
vn -0.16811888 -0.67247593 0.72077197
vn -0.33379883 -0.74914658 0.57215196
vn -0.18996367 -0.98065674 -0.04718247
vn -0.96779120 -0.20886278 0.14055826
vn -0.82283276 -0.00443497 0.56826627
vn -0.89287931 -0.06534693 0.44552952
vn -0.33019319 0.22392049 0.91696900
vn -0.83617997 -0.08940455 0.54111910
vn -0.48404831 0.20732668 0.85012525
vn -0.75476456 0.08254432 0.65078181
vn -0.77842152 -0.51256639 -0.36240253
vn -0.67132008 -0.59836608 -0.43736416
vn -0.93833447 -0.33530587 -0.08425222
vn -0.25375950 0.29452300 0.92133731
vn -0.28869477 0.42071998 0.86002910
vn -0.35591552 0.67891854 0.64217895
vn -0.77779007 0.18560599 0.60049403
vn 0.15979281 0.87230974 0.46210623
vn -0.05386110 0.96497655 0.25674778
vn 0.15889448 0.69163448 0.70455259
vn -0.89372331 0.40684417 0.18904093
vn -0.21374033 0.97679925 0.01335330
vn 0.59883910 -0.18270878 0.77974945
vn 0.11707472 -0.98322326 -0.13987701
vn 0.88883024 -0.38794670 0.24388152
vn 0.22802910 -0.93566740 -0.26931262
vn 0.91874856 -0.10091831 0.38172847
vn 0.74307626 -0.48025078 0.46604401
vn 0.59560519 -0.05636404 0.80129743
vn 0.88994926 -0.40950823 0.20073207
vn 0.25665030 -0.95727599 -0.13324179
vn 0.16118510 -0.94624037 -0.28044343
vn 0.19686259 -0.97936028 0.04581080
vn 0.17300868 -0.95973051 -0.22132638
vn 0.75212723 -0.60296440 0.26596725
vn 0.49603587 -0.22635689 0.83827871
vn 0.33624363 0.38134944 0.86111152
vn 0.65609366 0.15481389 0.73862976
vn 0.51094276 -0.32052916 0.79762053
vn 0.34198070 0.25068641 0.90565199
vn 0.67864913 0.26186863 0.68619257
vn 0.29122221 0.81481338 0.50126737
vn 0.17257276 0.78985214 0.58851719
vn 0.25326601 0.59278357 0.76450247
vn 0.36768791 0.82946771 0.42046264
vn -0.32213560 0.90293396 0.28449765
vn -0.84902865 0.52160776 0.08411840
vn -0.38499066 0.91608149 0.11214682
vn 0.51590508 0.53369486 0.67008346
vn 0.98185533 0.02920488 -0.18736924
vn 0.80191791 0.59340715 0.06925090
vn 0.99499214 0.09994753 -0.00109796
vn 0.90929723 -0.38564292 -0.15639102
vn -0.73575681 -0.63218695 0.24290243
vn -0.82910693 -0.55622149 0.05656281
vn -0.87958294 -0.46344495 0.10748411
vn -0.88756353 -0.27124470 0.37236708
vn -0.89205045 -0.29657313 0.34101409
vn -0.87920737 -0.19782872 0.43342608
vn -0.18615618 0.02159732 0.98228288
vn -0.23793717 0.21463649 0.94726825
vn -0.92775577 -0.16183455 0.33627221
vn 0.87617409 0.26847687 0.40029880
vn 0.95900410 0.28191468 -0.02890038
vn 0.88642633 0.34449270 0.30914900
vn 0.98947209 -0.10408728 0.10055338
vn 0.80142701 0.02919654 0.59737951
vn 0.89320588 0.39569131 0.21356934
vn 0.89719164 0.40663895 0.17231344
vn 0.90019178 0.42731699 0.08399364
vn 0.89953858 0.43456706 0.04451741
vn 0.90083915 0.43397650 0.01237966
vn 0.90220356 0.43032545 -0.02913331
vn 0.90272200 0.42847452 -0.03876397
vn 0.90702426 0.41740143 -0.05552551
vn 0.93272066 0.35264760 -0.07531214
vn 0.97811204 0.20020390 -0.05670333
vn 0.20470040 -0.77395409 0.59924358
vn 0.02965677 -0.68045509 0.73218948
vn 0.15380724 -0.69397277 0.70338130
vn 0.10472877 0.27279323 0.95635545
vn 0.73546141 -0.00306204 0.67755967
vn 0.71770549 0.20369738 0.66588759
vn 0.26423621 0.36035123 0.89460963
vn 0.08009043 0.35695028 0.93068367
vn -0.05490695 -0.72889853 0.68241650
vn 0.24090238 -0.96652824 0.08825646
vn 0.47463456 -0.55494916 0.68319368
vn 0.11555849 -0.76603067 0.63233167
vn 0.02437985 -0.99247164 0.12002361
vn 0.57211637 -0.70329213 0.42197523
vn 0.42821616 -0.79872334 0.42269608
vn 0.44659439 -0.57944191 0.68176281
vn 0.82976508 0.24563727 0.50115114
vn 0.63169897 0.34059066 0.69638675
vn 0.97389972 0.12168726 0.19160318
vn 0.42307493 -0.84546709 0.32587272
vn 0.68285251 -0.72976339 0.03402694
vn 0.23829354 -0.97085989 0.02544281
vn 0.86252373 -0.36215499 -0.35340738
vn 0.93480796 -0.16910487 -0.31231043
vn 0.99942923 0.03325485 0.00594380
vn 0.61371827 0.45592192 0.64458138
vn 0.02161497 0.72822607 0.68499613
vn 0.07880022 0.48742712 0.86960071
vn -0.95910937 -0.17059499 0.22584690
vn -0.79546130 0.14669609 0.58798099
vn -0.99350733 0.01561727 0.11269133
vn -0.99596566 0.01610066 0.08827908
vn -0.98713040 0.15601507 0.03511257
vn -0.99657780 -0.07890810 -0.02462228
vn -0.62038565 0.73217684 0.28113827
vn 0.08190563 0.77655464 0.62470353
vn -0.01655630 0.98678774 0.16117021
vn -0.93662864 0.15137294 0.31593233
vn -0.92710024 -0.23155840 0.29473045
vn -0.85131037 -0.21208218 0.47988725
vn -0.64658129 -0.02286218 0.76250243
vn -0.79204392 0.18613800 0.58139414
vn -0.97540456 0.10741168 0.19248046
vn -0.95289159 -0.23272961 0.19451144
vn -0.98993301 0.08951160 0.10963714
vn -0.96168023 -0.24466583 0.12373272
vn 0.65290689 0.74952269 0.10921777
vn 0.02979090 0.98734015 0.15579461
vn 0.13545753 0.77810544 0.61335403
vn -0.99543464 0.09107210 0.02856121
vn -0.96019459 -0.27927598 -0.00559377
vn -0.98185509 0.07432143 -0.17446172
vn -0.90712279 -0.29337296 -0.30176240
vn -0.87022823 -0.07658275 -0.48666000
vn 0.05117058 -0.97614789 -0.21099025
vn -0.09967797 -0.89027137 -0.44438860
vn 0.06481413 -0.94079649 -0.33271778
vn 0.13380650 -0.96455133 -0.22745681
vn -0.22935335 -0.56564212 -0.79211491
vn -0.56866658 -0.69517249 -0.43971992
vn 0.15898484 -0.85710794 -0.48998964
vn -0.56818384 0.73168463 0.37656981
vn 0.04852450 0.83661747 0.54563427
vn -0.03045740 0.98482943 0.17083144
vn -0.18825197 0.82513797 -0.53264308
vn -0.23965251 0.08767193 -0.96689218
vn -0.93616551 0.24440022 -0.25271070
vn 0.09751137 0.83823663 0.53651732
vn 0.63011444 0.76647687 0.12437443
vn 0.02321773 0.98669314 0.16092725
vn -0.14867552 0.09188986 -0.98460746
vn -0.08838079 0.83098346 -0.54923165
vn 0.77480900 0.30615664 -0.55311763
vn -0.07661456 -0.50761306 -0.85817206
vn -0.13186903 -0.52163666 -0.84291512
vn -0.46351647 -0.47005320 -0.75113416
vn -0.44912961 -0.24393287 -0.85952288
vn -0.22166049 0.02026977 -0.97491324
vn -0.04372906 0.09495419 -0.99452072
vn -0.07564282 0.17876093 -0.98098058
vn 0.30263570 -0.42438588 -0.85340983
vn -0.02624554 -0.51136303 -0.85896397
vn -0.08390809 -0.51102543 -0.85546041
vn -0.02768551 0.69412404 -0.71932286
vn -0.01041144 0.99486804 0.10064358
vn -0.05749480 0.59254712 -0.80348134
vn -0.20013130 0.16637816 -0.96553910
vn -0.22107799 0.05198143 -0.97386986
vn -0.03728931 0.02057329 -0.99909270
vn 0.21879491 -0.21560873 -0.95165217
vn 0.06441072 -0.52183378 -0.85061198
vn 0.53964478 -0.52321726 -0.65956593
vn -0.23568688 0.57806700 -0.78121084
vn -0.09875233 0.99347192 0.05710973
vn -0.26486120 0.64815998 -0.71395880
vn 0.97245729 0.05058017 -0.22752728
vn 0.94184804 0.18416433 0.28108001
vn 0.98406219 -0.12134765 -0.12998614
vn 0.98938692 -0.09424335 -0.11059701
vn 0.97482306 -0.11350365 -0.19192950
vn 0.95269710 0.23241965 -0.19583042
vn 0.92676270 0.23234184 -0.29517514
vn 0.93234015 -0.15635175 -0.32603067
vn 0.95981252 0.28059870 0.00495160
vn 0.97979808 -0.07967339 0.18343407
vn 0.99563777 -0.09043446 -0.02295740
vn 0.90274602 0.29738125 0.31082791
vn 0.86227900 0.07572336 0.50074035
vn 0.96189988 0.24492653 -0.12148961
vn 0.92360228 0.21927083 -0.31445083
vn 0.96294725 0.05944316 -0.26305756
vn 0.92920649 -0.03026743 -0.36831966
vn 0.78201020 -0.18843620 -0.59409755
vn 0.84425825 0.20626442 -0.49465448
vn 0.66257912 0.01400044 -0.74886113
vn -0.97635770 -0.11646882 0.18210080
vn -0.96924335 -0.16586940 0.18180990
vn -0.97608435 -0.11722129 0.18308067
vn -0.96792924 -0.17383899 0.18136460
vn -0.81074196 0.47868267 -0.33698758
vn -0.87984073 0.16842015 -0.44442645
vn -0.98216367 -0.10095967 0.15862434
vn -0.90194392 0.26724261 -0.33923230
vn -0.86391729 -0.00525691 -0.50360626
vn -0.88066918 0.42555285 0.20815097
vn -0.41672245 0.09755685 -0.90378386
vn -0.79602516 0.58635414 0.15010996
vn -0.19314924 0.97525984 0.10752502
vn -0.25849345 0.91336447 0.31455794
vn -0.82448679 0.53886962 -0.17274567
vn -0.87297851 0.45340276 -0.17981802
vn 0.06631995 0.96712738 0.24549198
vn -0.06992610 0.99386311 0.08571170
vn 0.55911195 0.81777710 -0.13650891
vn -0.96941847 -0.16001920 0.18606895
vn -0.95085478 0.26406997 -0.16168575
vn -0.90109122 0.41230050 -0.13432404
vn -0.28830951 0.17238192 -0.94189292
vn -0.26197195 0.43236127 -0.86280626
vn -0.99317050 0.05396846 -0.10343952
vn -0.13066754 0.19949684 -0.97114730
vn -0.20393337 0.44182876 -0.87361234
vn 0.83236575 0.33265322 -0.44329351
vn 0.54083657 0.40827376 -0.73539680
vn 0.59168619 0.69675201 -0.40551716
vn 0.58026642 -0.72160864 -0.37758702
vn 0.39289483 -0.34770036 -0.85131556
vn 0.22860682 -0.74626726 -0.62515926
vn 0.34429166 -0.90195924 -0.26063916
vn 0.61698216 -0.73376292 -0.28447342
vn 0.60536611 -0.74075496 -0.29122865
vn 0.48998472 -0.74018359 -0.46048155
vn 0.26331085 -0.84212041 -0.47063854
vn 0.98142636 0.11232014 -0.15552028
vn 0.97805667 0.11388756 -0.17445567
vn 0.96963662 0.17322488 -0.17262143
vn 0.97363842 0.19385722 -0.12019828
vn 0.97695500 0.10930735 -0.18333271
vn 0.96878332 0.16744269 -0.18281677
vn 0.97097641 0.10233556 -0.21617638
vn 0.96217793 0.17795356 -0.20626719
vn 0.95851231 0.08504301 -0.27206990
vn 0.94525117 0.18816824 -0.26663300
vn 0.43115747 0.68820518 -0.58350396
vn 0.69199038 0.53815728 -0.48118207
vn 0.97283298 0.14656501 -0.17920621
vn 0.51946861 0.74593759 -0.41680869
vn -0.65858757 -0.71701074 0.22838131
vn -0.80776244 -0.01524081 0.58931112
vn -0.96852982 -0.02066990 -0.24803796
vn -0.57029951 -0.79541773 -0.20510760
vn -0.79086900 0.40025690 0.46294779
vn -0.51469684 -0.42330208 -0.74558872
vn -0.65895826 0.74651206 -0.09216192
vn -0.57959270 0.64879769 -0.49308616
vn -0.52070981 0.04608044 -0.85248923
vn 0.88843280 0.44216305 0.12320317
vn 0.62917376 0.61336535 0.47741312
vn 0.72216982 0.34102467 0.60180801
vn 0.55170298 0.82755452 0.10381497
vn 0.63813037 0.75575817 -0.14703478
vn 0.90562427 -0.11600966 0.40790498
vn 0.37946963 -0.91902798 -0.10672584
vn -0.73437244 -0.51716381 0.43958929
vn -0.82652408 -0.52137709 -0.21218820
vn -0.51143700 -0.85789436 0.04949401
vn -0.89561796 -0.19231066 0.40110514
vn -0.98651016 -0.02192250 -0.16222598
vn -0.90823686 -0.12926222 -0.39799130
vn -0.62469512 -0.62469506 -0.46852118
vn -0.73861456 -0.41547072 -0.53087908
vn 0.95411694 0.13391119 -0.26782244
vn 0.82829410 0.42698884 -0.36278015
vn 0.61895633 0.65547299 -0.43272185
vn 0.81535619 0.43271977 -0.38463995
vn 0.31164131 0.92955101 -0.19701476
vn 0.24468662 0.96435326 0.10075325
vn 0.13540994 -0.58278924 -0.80126208
vn 0.82078427 -0.52177119 -0.23252527
vn 0.20216893 -0.93260264 -0.29896495
vn -0.83243525 0.32017797 0.45225838
vn -0.86282670 0.37361127 0.34050661
vn -0.87480110 0.18769053 0.44664922
vn -0.60280573 0.67548442 0.42467171
vn -0.31928131 0.86964941 0.37652302
vn -0.47192731 0.85769159 0.20408335
vn -0.49156186 0.86123407 -0.12900716
vn -0.36463001 0.55720991 -0.74603093
vn -0.82849807 0.52012140 -0.20752046
vn -0.35152718 0.90993226 -0.22011819
vn 0.91981298 0.22736058 -0.31976745
vn 0.13221504 0.13479361 -0.98201317
vn 0.05206533 0.99211490 -0.11400530
vn -0.52668154 0.84546918 0.08825199
vn -0.53288448 0.83933556 0.10747074
vn 0.37289500 -0.26724374 -0.88855505
vn 0.12501265 -0.29834789 -0.94623494
vn 0.53720671 -0.37867656 -0.75366640
vn -0.12111651 0.99040169 -0.06659812
vn 0.36276165 0.91539520 -0.17451593
vn 0.03302418 0.92778140 -0.37165993
vn 0.55396992 0.43825185 -0.70785069
vn 0.57540035 -0.18719274 -0.79616159
vn 0.11924469 -0.27285075 -0.95463783
vn 0.74597585 -0.66333771 0.05918664
vn 0.61254179 -0.78082395 -0.12290876
vn 0.07711869 -0.54781753 -0.83303583
vn 0.74428737 -0.66119331 -0.09412581
vn 0.03159486 -0.99046344 -0.13410442
vn 0.10186953 -0.52741402 -0.84347916
vn 0.27488017 -0.59358370 -0.75637251
vn 0.23076548 -0.63583481 -0.73651975
vn 0.81015056 -0.56568402 -0.15381052
vn 0.98820841 -0.02753195 -0.15061909
vn -0.18690364 -0.71782035 -0.67067200
vn -0.66405731 -0.64008319 -0.38642144
vn -0.32728976 -0.65612358 -0.67998767
vn -0.59194630 -0.59905136 -0.53920037
vn -0.11443520 -0.64958543 -0.75162721
vn -0.78827292 0.49143717 0.37029096
vn -0.95192611 -0.29100826 -0.09566010
vn -0.98784471 -0.12064308 0.09802098
vn -0.98400319 -0.17687717 -0.02126487
vn -0.93878889 0.15452163 0.30789399
vn -0.99497116 -0.07335209 0.06820467
vn -0.84446150 0.53529859 -0.01845033
vn -0.86561602 0.46581456 0.18364570
vn -0.92422271 0.05540575 0.37781316
vn -0.96825540 0.14965087 0.20021513
vn -0.99598157 0.08932705 -0.00643225
vn -0.81795675 -0.43593633 0.37537488
vn -0.91975927 -0.38078058 0.09512690
vn -0.67468911 -0.67014891 0.30934617
vn -0.72744018 -0.67899108 -0.09900477
vn -0.69217116 -0.60076237 -0.39997974
vn -0.55076158 -0.77734345 -0.30397215
vn 0.51957643 0.85021597 0.08469573
vn 0.51268774 0.85677963 0.05549858
vn 0.18181913 0.98317385 -0.01763995
vn -0.02173920 0.98703295 -0.15903898
vn -0.54053450 0.47812378 0.69225729
vn -0.92907101 -0.19550289 0.31401575
vn 0.50565177 0.86246425 0.02172241
vn 0.50350058 0.86228049 -0.05440378
vn 0.90643132 0.41446415 0.08125145
vn 0.66875058 0.73668355 0.10035025
vn 0.14566530 0.70630711 0.69275671
vn 0.94952959 0.28718624 0.12616581
vn 0.93704396 0.33378324 0.10265171
vn -0.37963188 0.91898906 -0.10648362
vn -0.79269940 0.59501106 0.13262638
vn -0.56560725 0.82465339 -0.00594485
vn 0.92125505 0.38635337 0.04494691
vn 0.90836561 0.41742700 -0.02503384
vn 0.89820713 0.42953563 -0.09339832
vn 0.89635164 0.40927646 -0.17043106
vn 0.16024745 0.97236276 -0.16979875
vn -0.84680676 -0.52294737 -0.09718256
vn -0.74330223 -0.66517860 0.07098756
vn -0.92907226 -0.35504639 0.10376334
vn -0.93826091 -0.33854133 -0.07110709
vn -0.94396043 -0.30486581 0.12647432
vn -0.76334208 -0.15826562 0.62630737
vn -0.96208841 -0.26126865 0.07825982
vn -0.96189290 -0.27234831 -0.02426252
vn -0.47403497 -0.21667801 0.85342926
vn -0.09160714 -0.11037922 0.98965889
vn 0.01591012 -0.02746104 0.99949628
vn -0.80849850 -0.03050944 -0.58770680
vn -0.55356789 -0.26180962 -0.79058105
vn -0.97822398 -0.20647347 0.02113374
vn -0.61884701 -0.17932501 0.76476854
vn -0.82125795 -0.22185941 0.52565563
vn 0.03128258 -0.05286912 0.99811137
vn -0.87965995 -0.02755567 -0.47480425
vn 0.07459670 -0.04067241 0.99638402
vn 0.15850624 -0.05489719 0.98583066
vn 0.65008926 0.19403177 0.73466706
vn 0.60042399 0.08848358 0.79477149
vn 0.05967200 -0.01343163 0.99812770
vn 0.76136124 0.25681201 0.59529543
vn 0.83883518 0.25585112 0.48051620
vn 0.95748967 0.28824547 0.01131666
vn -0.78725123 0.59826559 0.14937788
vn -0.73931319 0.67199022 0.04295458
vn -0.70873302 0.69664168 -0.11130141
vn -0.98958981 0.10131910 0.10220803
vn -0.89429730 0.43374896 0.10997350
vn 0.15114962 -0.62683100 0.76435375
vn 0.08213979 -0.29046983 0.95335215
vn -0.42480826 -0.51857924 0.74203342
vn -0.15470588 -0.77721351 0.60992235
vn 0.33085299 -0.77223402 0.54239374
vn -0.07291036 -0.99110097 0.11136871
vn 0.27932507 -0.58926815 0.75811654
vn 0.21788703 -0.81056911 0.54360193
vn 0.58344167 -0.55728221 0.59078962
vn 0.99732900 -0.06834190 0.02577289
vn 0.29877862 -0.91042924 -0.28609464
vn 0.84582621 0.01491041 -0.53325021
vn 0.13325545 -0.96046960 -0.24442036
vn -0.74602050 -0.47451887 -0.46721008
vn 0.03160685 -0.98802024 -0.15105298
vn -0.86193883 -0.33046070 -0.38452205
vn -0.92018026 0.09851336 -0.37889761
vn -0.97348273 -0.22739878 0.02492771
vn -0.96345359 0.08776394 -0.25309023
vn -0.97716540 -0.16555873 -0.13318515
vn -0.98672271 -0.14954242 -0.06336664
vn -0.99040008 0.07871564 -0.11362980
vn -0.96177489 -0.12605396 -0.24310383
vn -0.87856799 -0.00102499 -0.47761616
vn -0.47113225 0.14569995 -0.86994594
vn -0.18279980 0.25527528 -0.94943088
vn -0.12477271 0.25980327 -0.95756674
vn -0.97831696 -0.11296993 0.17359078
vn -0.99014604 -0.03632461 0.13524549
vn -0.99740094 0.01758881 0.06987145
vn -0.99846029 0.05166881 -0.02018302
vn -0.99219412 0.06821784 -0.10439026
vn -0.98202360 0.04585201 -0.18310444
vn -0.52266097 0.83119082 -0.18959786
vn -0.45164177 -0.77566385 0.44086885
vn 0.09166749 -0.94060194 0.32690218
vn -0.39868528 -0.90729141 0.13368744
vn 0.08336292 -0.65528202 0.75077045
vn 0.40053108 -0.91485000 0.05122833
vn -0.00426426 -0.89975518 -0.43637413
vn 0.01953899 -0.98020518 -0.19701794
vn -0.73728091 -0.67130053 -0.07597730
vn -0.68767846 -0.63450283 -0.35285193
vn 0.95664537 0.03142095 0.28955549
vn -0.22334354 -0.64181447 -0.73361570
vn 0.98201990 -0.01227521 -0.18837799
vn 0.31011227 -0.91591305 -0.25482094
vn -0.07690065 -0.18249533 -0.98019475
vn -0.66161484 0.47153750 -0.58302504
vn -0.60567057 -0.39190450 -0.69251287
vn 0.06253771 -0.99773598 -0.02473897
vn -0.56443495 -0.58892500 0.57842934
vn 0.17467485 -0.98273271 0.06103425
vn -0.08624952 -0.08647982 -0.99251312
vn -0.59111983 -0.30143315 -0.74814129
vn -0.62491816 0.04367701 -0.77946758
vn 0.03067965 -0.27408949 -0.96121472
vn -0.24494672 0.71398455 -0.65591711
vn -0.11478253 0.20850375 -0.97126269
vn 0.12153301 -0.47039434 -0.87404740
vn 0.47564137 -0.42953730 -0.76763469
vn 0.07778978 -0.67144924 -0.73695642
vn 0.03335566 -0.04103521 -0.99860078
vn 0.60557669 0.05061272 -0.79417592
vn 0.24779816 0.73534942 -0.63075936
vn -0.20964028 0.72366172 -0.65754449
vn 0.08855060 -0.11522951 -0.98938411
vn 0.05554631 -0.26809394 -0.96179014
vn 0.66977483 -0.03168593 -0.74188787
vn 0.78306866 0.15509138 -0.60228747
vn 0.92964572 0.36234191 -0.06683741
vn -0.03932577 0.27768704 -0.95986634
vn -0.07909976 0.22238092 -0.97174585
vn 0.41805992 0.34787476 -0.83917165
vn 0.59205061 0.38552141 -0.70770717
vn 0.63433832 0.39261049 -0.66593695
vn 0.43715483 0.33848900 -0.83325917
vn -0.07751087 0.27339384 -0.95877415
vn 0.93311346 0.35693017 -0.04359325
vn 0.95668465 0.28670311 -0.05055528
vn 0.86742461 0.26307142 -0.42233637
vn -0.22824231 -0.37997901 0.89639354
vn 0.23455131 -0.97162712 0.03043796
vn 0.71530330 -0.35670617 0.60091758
vn 0.70840955 -0.12725535 0.69423479
vn -0.24165244 -0.25863352 0.93526083
vn 0.47545692 -0.43284506 0.76588911
vn 0.48787996 -0.84004050 0.23728701
vn 0.48684835 0.21946014 0.84546787
vn 0.17713274 -0.85245711 -0.49187505
vn 0.11980671 -0.84390616 -0.52294236
vn -0.27005771 -0.67128623 -0.69024897
vn 0.06770255 -0.85416543 -0.51557517
vn 0.14764591 -0.69540131 -0.70329064
vn 0.11350945 -0.22293992 -0.96820110
vn 0.83124334 -0.28969401 -0.47445962
vn 0.46970147 -0.11344584 -0.87550586
vn 0.63601786 -0.12738922 -0.76108688
vn 0.99596739 0.03835078 -0.08110586
vn 0.21203886 -0.69823760 -0.68374258
vn 0.97391307 0.08730374 0.20945537
vn 0.60982776 0.14038229 -0.78000200
vn 0.99882585 0.04768319 -0.00856899
vn 0.98583263 0.07037097 0.15225695
vn 0.70568758 -0.35258478 0.61456406
vn 0.93366700 -0.05143075 0.35443029
vn 0.99391931 -0.11010351 0.00128015
vn 0.98609042 0.12305896 0.11172440
vn 0.74090207 0.66019183 0.12333241
vn 0.71015805 0.32583728 -0.62410384
vn 0.85146004 -0.01597301 -0.52417618
vn 0.99237847 0.00557744 -0.12310127
vn 0.96933478 0.19127101 0.15429012
vn 0.98807567 0.14882638 -0.03946166
vn 0.98999846 0.00036295 0.14107828
vn 0.91587961 0.19899340 0.34866342
vn 0.33992860 0.93556929 0.09570054
vn 0.92300540 0.20091811 0.32816604
vn 0.92131048 0.24642159 0.30077133
vn 0.91678339 0.28058305 0.28422093
vn 0.96861678 0.19250955 0.15723175
vn 0.93048996 0.29116076 0.22229208
vn 0.99947846 -0.02816350 -0.01580119
vn 0.95948690 0.27146333 0.07545030
vn 0.99917525 0.04026217 0.00526978
vn 0.92812324 -0.23475270 0.28892636
vn 0.96170491 -0.24643445 0.11997458
vn 0.94872874 0.28420073 0.13836072
vn 0.86070359 0.32103884 0.39512455
vn 0.96739012 0.25329146 -0.00000014
vn 0.96739012 -0.25329140 -0.00000012
vn 0.94701570 -0.28727889 -0.14363956
vn 0.97029459 0.21638554 -0.10819288
vn 0.93818086 0.30608985 -0.16163430
vn 0.96113735 0.27568761 0.01453807
vn 0.94546700 0.16404982 -0.28138912
vn 0.30209911 0.10208295 -0.94779491
vn 0.24778715 0.10606043 -0.96299154
vn 0.87316936 0.19246463 -0.44780874
vn 0.86541003 0.37537548 -0.33190170
vn 1.00000000 0.00000004 -0.00000013
vn 0.88665777 -0.01726999 -0.46210364
vn 0.86547393 0.48191166 -0.13680655
vn 0.90191233 -0.20361474 -0.38091391
vn 0.87291503 0.48182866 0.07655566
vn 0.88914430 0.37896454 0.25653169
vn 0.91700834 -0.32057029 -0.23734029
vn 0.92883897 -0.36405849 -0.06870081
vn 0.93576843 -0.33932328 0.09590163
vn 0.93846416 -0.25877413 0.22873779
vn 0.90793127 0.21287583 0.36103290
vn 0.92205608 0.03139921 0.38578060
vn 0.93483800 -0.13350885 0.32901874
vn 0.99177897 0.10474683 0.07350244
vn -0.76500982 -0.64317417 0.03296879
vn -0.80401933 -0.59439838 0.01560572
vn -0.86441565 -0.49631211 -0.08037370
vn -0.86826217 -0.49479917 -0.03598048
vn -0.87706643 -0.42061776 -0.23202449
vn 0.95749217 -0.27850068 -0.07514080
vn 0.98493600 -0.16545217 0.05026592
vn 0.95985687 0.27842024 0.03401500
vn 0.98925012 -0.11594883 0.08910811
vn 0.98316628 0.16330330 -0.08195211
vn -0.98632050 0.13508761 0.09446300
vn -0.99043268 -0.02388720 0.13591368
vn -0.99885166 -0.01195836 0.04639397
vn -0.99288619 -0.07452604 -0.09285973
vn -0.96448886 -0.10038327 -0.24430428
vn -0.97935104 0.14205088 -0.14385143
vn -0.99971610 -0.02083228 -0.01157334
vn -0.93293017 -0.30596808 -0.18980199
vn -0.98185575 -0.07397665 -0.17460515
vn -0.95137203 -0.18920352 -0.24309145
vn -0.35753319 0.46098620 -0.81219578
vn -0.30252275 0.17346799 -0.93722409
vn 0.91053456 0.33805722 -0.23800075
vn 0.98753536 0.06449214 -0.14357845
vn 0.69935828 0.20607309 -0.68442082
vn 0.90680379 0.37989351 -0.18272328
vn 0.24094668 0.41712022 -0.87633067
vn 0.12093916 0.67524427 -0.72761184
vn 0.09807745 0.81563652 -0.57019114
vn 0.17776360 -0.71072757 -0.68063688
vn 0.20120899 -0.58177525 -0.78806883
vn 0.42820495 -0.51315773 -0.74384797
vn 0.78548431 -0.57363790 -0.23227987
vn 0.77410007 -0.30606252 -0.55416143
vn 0.98832542 0.11656124 -0.09811404
vn 0.97192776 0.23489295 -0.01348185
vn 0.95936257 0.26308930 0.10201802
vn 0.48755261 0.77113217 0.40944794
vn 0.97471654 0.21449199 0.06261658
vn 0.95842654 0.26430267 -0.10753033
vn -0.30104369 0.70854211 0.63823253
vn 0.93356031 0.35841811 -0.00125964
vn 0.51638621 0.85630256 -0.00955075
vn 0.81712770 0.52816451 0.23096456
vn 0.28568569 0.76039892 0.58324724
vn 0.95995152 0.27995339 -0.01091754
vn 0.58520496 0.78366113 0.20835212
vn 0.95993876 0.26775745 0.08260586
vn 0.76547718 0.46014500 0.44979030
vn 0.89473361 0.44629806 -0.01642552
vn 0.82154077 0.53507859 0.19687977
vn 0.97259474 0.23036130 -0.03151536
vn 0.89667094 0.40361834 -0.18186110
vn 0.87638253 0.46689558 -0.11816257
vn 0.59468055 -0.80127925 0.06562547
vn 0.95811737 -0.17247353 0.22861318
vn 0.97395527 -0.16068144 -0.15997687
vn 0.98294801 0.18309496 0.01701918
vn 0.95366430 0.09173835 0.28654587
vn 0.88844764 -0.12044941 -0.44289157
vn 0.87897193 -0.32820728 -0.34596002
vn 0.96144021 0.27201113 -0.04053021
vn 0.80526143 0.35034102 -0.47834638
vn 0.44782445 -0.75552320 -0.47816101
vn 0.89222062 -0.16352883 -0.42095217
vn -0.03371554 0.06295585 0.99744666
vn -0.82156134 -0.19296667 0.53647071
vn -0.94087332 -0.33741865 -0.03010093
vn -0.07926311 0.22381890 0.97140235
vn -0.86786115 -0.02543685 0.49615523
vn -0.98221147 -0.17767979 -0.06074967
vn -0.67235839 -0.45497948 0.58389038
vn -0.00048179 -0.00289151 0.99999571
vn 0.10945530 -0.21123821 0.97128677
vn -0.55668288 -0.60161299 0.57285786
vn -0.82276171 -0.56742191 0.03309974
vn -0.69609231 -0.71613699 0.05102260
vn 0.51116776 0.13294107 0.84913737
vn 0.59954423 0.07553318 0.79676944
vn 0.50935262 0.29218677 0.80943614
vn -0.46328270 -0.66236204 0.58876634
vn 0.07642767 -0.08367492 0.99355793
vn -0.61930978 -0.78351665 0.05056712
vn 0.22179365 -0.22450653 0.94889641
vn -0.32041726 -0.76133835 0.56364596
vn -0.46834552 -0.88216567 0.04936005
vn 0.46705258 0.40453371 0.78626627
vn 0.59826767 0.22933595 0.76777661
vn 0.96204907 0.27248490 0.01461591
vn 0.89539087 0.44522744 0.00691027
vn 0.66335225 0.74654990 -0.05125579
vn 0.99533099 0.05391653 0.08005767
vn 0.47683388 0.28986952 0.82982236
vn -0.78493184 0.57270366 0.23641592
vn -0.17594011 0.77052373 0.61264873
vn 0.29124153 0.81609917 0.49915981
vn 0.97714269 0.20778325 0.04492597
vn -0.68138433 -0.44624758 0.58015394
vn -0.84304285 -0.53711790 0.02798496
vn -0.44663304 -0.39946052 -0.80059367
vn -0.75852001 -0.29965085 0.57866812
vn -0.92171538 -0.38699841 0.02594246
vn -0.53019339 -0.24753006 -0.81094015
vn -0.46793053 -0.35844523 -0.80781066
vn -0.34240201 -0.55318844 -0.75943631
vn -0.44717744 -0.41578051 -0.79193366
vn -0.49156839 -0.25660852 -0.83217341
vn 0.12108276 -0.34132022 -0.93211561
vn 0.08157098 -0.18120225 -0.98005712
vn 0.14663471 -0.27876735 -0.94909799
vn 0.03080766 -0.06414085 -0.99746519
vn 0.88079393 -0.08945563 -0.46497285
vn -0.73682940 -0.39795440 0.54654807
vn -0.86659729 -0.49859720 -0.02024746
vn -0.00322571 -0.07661384 0.99705571
vn -0.06779867 0.07135384 0.99514419
vn -0.80488682 -0.26027724 0.53330386
vn -0.93114150 -0.36322650 -0.03228135
vn -0.55730385 -0.61061752 0.56263542
vn -0.70242888 -0.71141607 0.02192856
vn 0.02979774 -0.07127260 0.99701172
vn 0.17146744 -0.24696404 0.95373356
vn -0.42401865 -0.73111916 0.53448391
vn -0.56100124 -0.82750571 0.02262422
vn 0.52465403 0.11148552 0.84398407
vn 0.46986309 0.26153508 0.84310621
vn -0.43047217 -0.39432245 -0.81191349
vn -0.40519837 -0.40573573 -0.81926358
vn -0.47437876 -0.26675805 -0.83893085
vn 0.47894409 0.33993769 0.80935466
vn 0.60529757 0.14117461 0.78338027
vn 0.85797352 0.06264175 -0.50986022
vn -0.41100007 -0.46321177 -0.78518397
vn -0.25256079 -0.60444313 -0.75555378
vn -0.02618582 0.01496321 -0.99954522
vn 0.82939303 0.16303860 -0.53434598
vn 0.11976831 -0.13414070 -0.98369813
vn 0.74955708 0.34319469 -0.56602269
vn 0.50566632 0.62382656 -0.59593791
vn 0.62153757 0.50623339 -0.59784508
vn -0.17470467 -0.82693595 0.53446728
vn -0.32208589 -0.94649529 0.02018301
vn -0.32404652 -0.55597818 -0.76542938
vn -0.27113894 -0.56479907 -0.77941370
vn 0.21130832 -0.12766530 0.96904612
vn 0.36189690 -0.20198885 0.91007215
vn -0.02751341 -0.86780339 0.49614543
vn -0.17997247 -0.98364288 0.00753586
vn 0.40884000 0.48412037 0.77361315
vn 0.55161166 0.37963113 0.74270099
vn 0.78165853 0.62348080 -0.01678292
vn 0.88743067 0.46045080 -0.02125867
vn 0.36950052 0.92851925 -0.03635418
vn 0.74563289 0.35427868 -0.56437427
vn 0.63409084 0.51661909 -0.57535505
vn 0.97636652 0.21433139 0.02775706
vn 0.93928206 0.34273663 0.01675828
vn 0.85001242 0.11631751 -0.51375979
vn 0.81507009 0.23376721 -0.53010720
vn -0.16157246 -0.61898160 -0.76860666
vn -0.00085446 -0.00299020 -0.99999517
vn 0.14045565 -0.18454710 -0.97273570
vn -0.43764475 -0.71558273 0.54443413
vn 0.10179370 -0.13087739 0.98615879
vn -0.60590744 -0.79543543 0.01260299
vn 0.27855504 -0.30725449 0.90994602
vn -0.27864808 -0.82193708 0.49676421
vn -0.44516203 -0.89542919 -0.00612599
vn 0.12877147 -0.21575642 -0.96791893
vn 0.07323527 -0.08188316 -0.99394757
vn 0.06039166 -0.10269967 0.99287754
vn 0.57533598 0.12157506 0.80883133
vn -0.00834951 0.04239051 0.99906623
vn 0.50584257 0.26281017 0.82161677
vn 0.47316372 0.35558283 0.80602539
vn 0.64820826 0.15336539 0.74585867
vn 0.96259010 0.27095953 -0.00110911
vn 0.90850759 0.41781634 -0.00659358
vn -0.45308486 -0.40311223 -0.79511929
vn -0.27320907 -0.55345339 -0.78679484
vn 0.07929547 -0.16932556 -0.98236507
vn 0.00295497 -0.01937235 -0.99980795
vn -0.08552413 0.08150604 -0.99299669
vn 0.08621317 -0.09477352 -0.99175864
vn -0.41007519 -0.76067400 0.50320321
vn 0.11102187 -0.10912387 0.98780876
vn -0.54455906 -0.83857363 -0.01580712
vn -0.36065319 -0.93231106 -0.02693667
vn -0.21502277 -0.86440635 0.45449656
vn 0.31918713 -0.33016431 0.88831937
vn 0.08814757 -0.17886847 0.97991639
vn -0.02970964 -0.02607180 0.99921858
vn -0.68985981 -0.48593172 0.53662258
vn -0.54856485 -0.65241355 0.52290833
vn 0.42137921 0.31727374 0.84957457
vn 0.53914762 0.15789807 0.82727754
vn 0.80984741 0.18342386 -0.55722791
vn 0.50005239 0.64340842 -0.57963204
vn 0.64659697 0.48315173 -0.59031928
vn 0.75212544 0.33340234 -0.56846309
vn 0.62562591 0.13756235 0.76789904
vn 0.43548816 0.38710058 0.81271350
vn -0.14030693 0.06666155 -0.98786145
vn -0.11745109 -0.84576368 0.52047002
vn 0.23988196 -0.15732503 0.95796955
vn -0.27640498 -0.96056461 0.03026757
vn 0.02374460 -0.03034053 -0.99925756
vn 0.21001275 0.80352741 -0.55699062
vn 0.40162268 -0.22755945 0.88708282
vn 0.01791590 -0.87667978 0.48074067
vn -0.14660318 -0.98912299 0.01196767
vn 0.34278253 0.73814750 -0.58106667
vn 0.41794282 0.50928700 0.75229686
vn 0.56607330 0.42030722 0.70915645
vn 0.34495610 0.93831366 -0.02393245
vn 0.68206567 0.73115170 -0.01426928
vn 0.82724589 0.56012076 -0.04391937
vn -0.33422428 -0.55980670 -0.75822860
vn -0.15996575 -0.62035477 -0.76783526
vn -0.17304476 0.11393526 -0.97830176
vn -0.00181498 0.00544451 -0.99998355
vn 0.16557144 0.82457906 -0.54097641
vn 0.26955423 0.77911055 -0.56597465
vn 0.44576171 0.89418209 -0.04165179
vn -0.87408376 0.45157063 -0.17905748
vn -0.48054177 0.38381419 -0.78852159
vn -0.89196247 -0.21265905 0.39897254
vn -0.11746805 0.19962080 0.97280675
vn -0.22572182 0.41472045 0.88150811
vn -0.93209440 0.08133291 0.35296601
vn -0.98982507 -0.02825037 0.13945706
vn -0.93782169 -0.31317699 0.14970174
vn -0.45917547 -0.86365372 0.20799065
vn 0.18861619 -0.97225237 0.13838169
vn 0.32354760 0.23817597 0.91574526
vn 0.10386550 0.42194018 0.90065449
vn -0.64202183 0.76167136 0.08754849
vn -0.68909538 0.69202131 -0.21506791
vn -0.41252646 0.64202052 -0.64624423
vn -0.24757567 0.65534759 0.71360070
vn -0.84631509 0.41058847 0.33936405
vn -0.93972886 0.32416460 -0.10875189
vn 0.17460601 0.78712374 0.59156495
vn -0.29163846 0.83455479 0.46740276
vn -0.71033698 0.67841166 0.18756096
vn -0.77537805 0.61872262 -0.12637731
vn 0.00659080 0.92402887 0.38226584
vn -0.24354900 0.48328733 0.84090269
vn -0.92807525 0.15547404 0.33838487
vn -0.99064058 0.05756785 0.12376280
vn 0.04588016 0.52811092 0.84793508
vn -0.98310298 -0.13240701 -0.12639971
vn -0.90693295 -0.41020945 -0.09592102
vn -0.98605984 -0.02911317 -0.16382429
vn -0.56871361 0.37631285 -0.73140514
vn -0.52898753 0.64253271 -0.55436808
vn -0.83765924 0.35960990 0.41110542
vn -0.24173413 0.59846008 0.76381296
vn -0.35439345 0.79433018 0.49340129
vn -0.75785720 0.59168762 0.27487859
vn -0.95900631 0.28312695 -0.01208457
vn -0.84753251 0.53050429 -0.01593097
vn 0.18311644 0.75801677 0.62600249
vn -0.12520878 0.51003069 -0.85099441
vn -0.04107931 0.92112488 0.38709360
vn -0.21318220 0.74087352 -0.63691437
vn 0.20300172 0.90783417 -0.36691636
vn 0.46555668 0.74750400 -0.47380897
vn -0.65091473 0.39208630 -0.65006030
vn -0.61524969 0.62461889 -0.48095647
vn -0.30244482 0.75532818 -0.58138329
vn -0.22647631 0.56363612 -0.79436946
vn -0.33243614 0.44850236 0.82965773
vn -0.87167472 0.13716707 0.47049803
vn -0.68446857 -0.72554886 -0.07128610
vn -0.83151323 -0.55300784 -0.05261281
vn -0.99549168 0.08332305 0.04531619
vn 0.00287714 0.69769156 0.71639246
vn -0.44751084 0.61734939 0.64700377
vn -0.83574092 0.39945588 0.37679181
vn -0.93194652 0.35225356 0.08598326
vn -0.21089551 0.79761779 0.56509191
vn 0.50125903 0.86403477 -0.04672765
vn 0.22047597 0.97297019 -0.06869912
vn 0.37808484 0.80343044 -0.45994714
vn 0.14241432 0.92809385 -0.34403485
vn 0.78027815 -0.62532663 -0.01152241
vn -0.20332995 0.91355282 0.35224763
vn 0.15055512 0.95304233 0.26276124
vn -0.04450100 0.43043068 -0.90152597
vn -0.11042857 0.67389655 -0.73052657
vn 0.43394333 0.88602591 -0.16325212
vn 0.67226559 0.73262620 -0.10638560
vn 0.99396884 -0.10667323 -0.02543216
vn 0.57584345 0.62274140 -0.52971464
vn 0.35223293 0.81712359 -0.45633438
vn 0.27421537 0.95910424 -0.07017844
vn 0.54989177 0.83419913 -0.04160605
vn 0.98195988 -0.12901919 -0.13823503
vn 0.98664927 0.09543257 -0.13196923
vn -0.65084600 0.09605194 0.75310934
vn -0.81592685 -0.23584872 0.52786249
vn -0.56385517 -0.53241354 0.63135028
vn -0.42169258 -0.19756128 0.88495475
vn -0.80627435 -0.57756186 0.12784348
vn -0.41691303 -0.88608235 0.20258731
vn 0.97336119 -0.01363181 -0.22887155
vn 0.00579751 0.17436755 0.98466361
vn -0.20008685 0.50589770 0.83906674
vn -0.86647087 -0.11280861 0.48631522
vn -0.69493556 0.17665087 0.69703597
vn -0.23388574 0.58606440 0.77577454
vn -0.07662927 -0.96342301 -0.25679576
vn -0.47062039 -0.74239635 -0.47682723
vn -0.91306794 -0.39587396 0.09793326
vn -0.64250696 -0.51415223 -0.56818336
vn 0.97378790 -0.14413987 -0.17595686
vn 0.97432882 -0.07875443 -0.21090542
vn -0.02492227 0.99688959 0.07476667
vn 0.29357845 0.95413005 0.05871562
vn 0.78456980 0.61981022 0.01689830
vn 0.89859569 0.43867931 0.00929110
vn 0.96734941 -0.02981928 -0.25168607
vn -0.02723984 -0.28445423 -0.95830256
vn 0.09800911 -0.51506096 -0.85153180
vn 0.24455364 -0.83560479 -0.49189267
vn 0.64716959 -0.03428597 -0.76157480
vn 0.54008740 0.12582342 -0.83215040
vn -0.23733097 0.33434975 0.91207695
vn -0.05384978 -0.99388069 0.09644349
vn -0.14728238 -0.78749460 0.59846485
vn -0.22641127 0.46087638 0.85809726
vn -0.09761428 -0.78870350 0.60697466
vn -0.14122358 0.33666101 0.93097544
vn -0.12997414 0.46334088 0.87659693
vn -0.03040826 -0.99953568 0.00195346
vn 0.02495030 -0.99323589 0.11340205
vn 0.03723995 -0.99921405 0.01358147
vn -0.02908097 -0.99955869 -0.00607585
vn 0.03823489 -0.99924886 0.00631383
vn -0.14077273 0.92878133 0.34285346
vn 0.00174133 0.93039101 0.36656445
vn -0.85067433 -0.28649655 0.44076404
vn -0.23783776 -0.26215813 0.93525738
vn -0.24469396 0.21757235 0.94487417
vn -0.09252281 -0.98765373 0.12641081
vn -0.99233037 0.03965044 -0.11708231
vn -0.14962980 -0.78473902 0.60149449
vn -0.16014007 0.21750388 0.96283293
vn -0.16467373 -0.26136145 0.95109028
vn -0.10712422 -0.78557849 0.60941851
vn 0.02989388 -0.98828065 0.14969221
vn -0.15815990 0.75882936 0.63179380
vn -0.97720599 0.18777147 -0.09904794
vn -0.78700846 0.55305403 0.27340251
vn -0.14899035 0.78472722 0.60166854
vn -0.06821181 0.75746757 0.64929962
vn -0.05923613 0.78340495 0.61868238
vn -0.98713267 0.06667016 -0.14534208
vn -0.78273362 -0.31635487 -0.53595495
vn -0.93257129 0.20649962 -0.29608941
vn -0.92317510 0.27422819 -0.26934493
vn 0.05871779 -0.81065863 -0.58256757
vn 0.14770156 -0.81425595 -0.56140155
vn -0.53605849 0.55790490 -0.63354832
vn 0.12374635 0.61472344 -0.77897501
vn 0.22200517 0.60924053 -0.76127511
vn -0.72286236 0.19765769 0.66211897
vn -0.26627284 0.15499929 0.95135379
vn -0.23696080 -0.55679196 0.79613584
vn -0.19740400 -0.73854947 0.64465213
vn -0.70493191 0.16579708 0.68962485
vn -0.27536336 0.12392751 0.95331895
vn -0.62269980 0.77986676 -0.06366254
vn -0.03980230 0.97486764 0.21920097
vn 0.04044799 0.97104084 0.23546509
vn -0.50418955 -0.71573305 0.48323816
vn -0.19179489 -0.83298838 0.51898462
vn -0.12804456 0.13706228 0.98225176
vn -0.18610132 -0.55936247 0.80776238
vn -0.18105137 -0.74122673 0.64637721
vn -0.13028783 0.10295681 0.98611611
vn -0.16852379 -0.83446896 0.52465355
vn 0.59999830 -0.27683306 0.75057679
vn 0.67666179 0.49524522 0.54484963
vn 0.95785987 -0.05762539 0.28139612
vn 0.96772385 -0.03511146 0.24955527
vn 0.95131570 0.10397854 0.29014993
vn 0.41181487 0.05083604 0.90984845
vn 0.38216460 0.01027948 0.92403710
vn 0.86700356 -0.43993700 -0.23400916
vn 0.99077612 0.13022545 0.03747289
vn 0.97644544 0.20664185 0.06207629
vn 0.76637757 0.49981150 -0.40355161
vn 0.11357299 -0.78046930 0.61479175
vn 0.54122156 -0.63736445 -0.54849422
vn 0.11578475 -0.60754967 -0.78579730
vn 0.06054627 -0.59619379 -0.80055428
vn 0.69103479 0.69926149 0.18304184
vn -0.13883351 0.01691167 0.99017131
vn 0.08944312 -0.94869494 -0.30327883
vn 0.27418023 -0.27408254 -0.92179394
vn 0.04643685 -0.94471037 -0.32460153
vn 0.11103407 -0.27060634 -0.95626545
vn 0.11094474 -0.60268718 -0.79022747
vn 0.53507698 -0.62298161 -0.57060194
vn -0.64812076 0.26263493 0.71481633
vn -0.99254084 0.12133089 -0.01190534
vn -0.98199898 0.13061693 -0.13644557
vn -0.59082645 0.49258041 0.63897467
vn -0.99198228 0.12142644 -0.03502576
vn -0.32364231 -0.07406401 0.94327629
vn -0.34176454 -0.25068504 0.90573400
vn -0.13775054 -0.27546021 0.95139194
vn -0.13829534 -0.09604478 0.98572308
vn -0.99357653 -0.09565857 0.06045830
vn -0.98519254 0.13583678 0.10461379
vn -0.35081804 -0.44267756 0.82520503
vn -0.13518859 -0.46910694 0.87273300
vn 0.85295933 -0.10323954 0.51166588
vn 0.83979565 -0.30192164 0.45120570
vn 0.81523061 -0.43918878 0.37750801
vn -0.10336444 0.38919359 0.91533828
vn -0.15645488 0.09327128 0.98327124
vn 0.00193083 0.99188268 -0.12714164
vn 0.35438731 0.93256807 -0.06874893
vn 0.89981735 0.22619405 0.37304834
vn -0.97145897 -0.23697200 -0.01057291
vn -0.95772082 -0.11471558 -0.26383930
vn 0.23709545 0.91533715 0.32548985
vn 0.04508103 0.49898079 0.86543971
vn -0.11168517 0.95121330 0.28761026
vn -0.26207790 0.52912098 0.80706024
vn 0.04738981 -0.28316903 -0.95789850
vn 0.90641779 0.18611360 0.37916824
vn 0.03642338 0.48846471 0.87182313
vn -0.24629928 0.52151573 0.81691992
vn 0.22900102 -0.30832899 -0.92330486
vn -0.87408733 0.47752696 0.08910410
vn -0.94624144 0.25128707 -0.20367135
vn 0.06900486 0.55696714 0.82766294
vn -0.89089000 0.41615868 -0.18200816
vn 0.11958395 0.44475567 -0.88763297
vn 0.12439823 0.58974034 -0.79795462
vn -0.69914079 0.70422119 -0.12359119
vn -0.69722784 0.69960195 -0.15630242
vn -0.47775728 0.86751002 -0.13847174
vn 0.86757946 0.40431893 0.28953767
vn -0.00834170 0.33241338 0.94309694
vn 0.31814677 0.42302278 -0.84843051
vn -0.22502333 0.36499244 0.90340757
vn 0.32095987 0.56913894 -0.75701112
vn -0.28858712 -0.93651915 0.19912155
vn -0.17486823 -0.95459509 0.24118318
vn -0.22470650 -0.60201377 0.76621574
vn -0.32793328 -0.58779502 0.73956531
vn -0.21278010 -0.88999361 -0.40328184
vn -0.06847931 -0.95188051 -0.29872078
vn -0.79861408 -0.40396443 0.44612592
vn -0.52367717 -0.85023171 0.05355801
vn 0.14481276 -0.35466945 -0.92370927
vn 0.01036839 -0.32519403 -0.94559050
vn -0.34519452 -0.27983755 0.89584136
vn -0.21574163 -0.29947552 0.92939234
vn -0.05421991 -0.96163410 0.26892391
vn -0.12202563 -0.60177487 0.78928888
vn -0.10618084 -0.31854287 0.94194281
vn 0.10481275 -0.95161897 -0.28885224
vn 0.28556615 -0.38418418 -0.87798321
vn -0.01165965 -0.80609930 -0.59166557
vn 0.78993022 0.61132324 -0.04789929
vn 0.15377146 -0.01576151 0.98798072
vn -0.65961635 -0.17972296 0.72979861
vn -0.54245991 -0.36802021 0.75518101
vn 0.19787158 -0.14623767 0.96925819
vn 0.67264634 0.10890102 0.73190677
vn 0.70185494 -0.00902032 0.71226281
vn 0.49930158 0.86475635 -0.05380134
vn -0.97099054 -0.22622019 0.07747278
vn -0.87990898 -0.46470964 0.09902054
vn -0.67471707 -0.14494301 -0.72370464
vn -0.60836703 -0.36885250 -0.70273566
vn -0.75546283 -0.60596502 0.24916336
vn -0.41261712 -0.70762271 -0.57360017
vn -0.73991692 -0.07504303 0.66849941
vn -0.91957998 -0.37569812 0.11499447
vn -0.56477094 -0.29870948 0.76928955
vn -0.53241605 -0.50327176 -0.68062520
vn -0.13525811 -0.02526224 -0.99048829
vn -0.04832575 -0.21331623 -0.97578728
vn 0.45557904 -0.88980275 -0.02643987
vn 0.10114948 -0.53711206 -0.83742428
vn -0.02407517 -0.33740494 -0.94105172
vn -0.61304653 -0.78984672 -0.01778451
vn -0.34180698 -0.64599389 0.68253940
vn 0.22305854 -0.33507040 0.91540855
vn -0.39454746 -0.68748283 -0.60967171
vn 0.77567369 -0.05497681 0.62873530
vn 0.08742131 -0.43617707 -0.89560443
vn 0.74088728 -0.66356868 0.10374372
vn 0.71506071 -0.02794014 -0.69850379
vn 0.66682243 -0.17624770 -0.72407502
vn 0.83286238 -0.07821802 -0.54792541
vn 0.65838212 0.16502087 -0.73437130
vn 0.99982393 0.00793515 -0.01700394
vn 0.99866229 0.05013642 -0.01264715
vn 0.97329557 0.22062723 -0.06339875
vn 0.00064507 0.39181653 0.92004317
vn 0.12503093 0.18276277 0.97517437
vn 0.54777628 0.37964693 0.74552625
vn 0.34515360 0.71769667 0.60479796
vn 0.59472775 0.34254992 0.72729540
vn 0.49862838 0.56334323 0.65879762
vn 0.92225438 0.26957053 0.27708977
vn 0.69364476 0.16202469 -0.70185822
vn 0.75965232 -0.43448409 -0.48389244
vn 0.97667032 0.21400240 -0.01783367
vn 0.86855596 0.47166860 -0.15211599
vn 0.98213363 0.00855893 -0.18799023
vn 0.76797116 0.63153952 0.10666856
vn 0.84830779 0.32241195 -0.42002937
vn 0.74821728 0.43679303 -0.49938241
vn -0.14482675 0.81848019 0.55598158
vn 0.05577768 0.79131263 0.60886234
vn 0.07179048 0.99423110 -0.07969206
vn 0.18253671 0.98186743 -0.05115543
vn -0.84049755 -0.11100913 0.53032148
vn -0.99322343 0.08893126 0.07482283
vn -0.83764935 0.02503254 0.54563445
vn -0.33939025 -0.07328574 0.93778646
vn -0.98936921 0.10124629 -0.10439239
vn -0.18840073 -0.09102075 0.97786522
vn -0.07131905 -0.10886908 0.99149448
vn -0.81590003 0.09686502 0.57002139
vn -0.98590958 0.13417777 0.09989419
vn -0.32948449 -0.00029004 0.94416094
vn -0.34564641 0.10595654 0.93236357
vn -0.77867955 0.20622665 0.59256119
vn -0.96622539 0.21876591 0.13619852
vn -0.98453349 0.14100708 -0.10397512
vn -0.97043043 0.21686453 -0.10599319
vn -0.97896045 0.10002723 -0.17785090
vn -0.97090781 0.15297726 -0.18421738
vn -0.95216709 0.22402997 -0.20781825
vn -0.17475371 -0.03173732 0.98410064
vn -0.04699616 -0.05399569 0.99743474
vn -0.18401697 0.03714085 0.98222119
vn 0.93100905 -0.32917374 0.15769216
vn 0.97080046 -0.00711928 0.23978300
vn 0.95422143 0.14893131 0.25938570
vn 0.92541969 -0.15215306 0.34705597
vn 0.96059883 -0.15367621 0.23158929
vn -0.88978171 0.45049170 0.07311418
vn -0.21625254 0.61673439 0.75688410
vn 0.47090366 0.35869613 0.80596954
vn 0.93343627 -0.13717937 0.33147931
vn -0.77315176 0.63229817 -0.04935003
vn 0.15965100 -0.94999182 0.26837870
vn 0.32105860 -0.58686054 0.74331433
vn 0.38062614 -0.35144883 0.85534066
vn 0.71249300 0.69571012 0.09133012
vn 0.86957794 0.45769465 0.18533690
vn 0.87992632 0.45006466 0.15222172
vn -0.16566680 -0.60830963 0.77621782
vn 0.51182842 -0.52941018 0.67657709
vn 0.52782142 -0.24412146 0.81351662
vn -0.14604159 -0.20495524 0.96781474
vn -0.31104961 -0.58712542 0.74734998
vn -0.28652269 -0.87413502 0.39216444
vn -0.13775888 -0.89651060 0.42105973
vn -0.28672570 -0.18390150 0.94019610
vn 0.53510636 -0.73147267 0.42262149
vn 0.92375237 -0.17027974 0.34305441
vn 0.57871497 0.06711210 0.81276381
vn -0.08203767 0.23198123 0.96925473
vn -0.22062713 0.25310361 0.94194597
vn 0.93420660 -0.09627789 0.34349471
vn 0.42780337 -0.19584294 0.88240004
vn 0.78108346 -0.22538185 0.58233309
vn 0.41586944 -0.13847314 0.89882034
vn -0.12156567 -0.96653932 -0.22588439
vn 0.94150621 -0.20997937 0.26358062
vn 0.81043273 -0.18956146 0.55431527
vn 0.94867986 -0.18058053 0.25960967
vn 0.64605492 0.33645156 0.68513751
vn 0.01064098 0.61502701 0.78843433
vn -0.12686127 0.63587034 0.76129836
vn -0.01455190 0.91256475 0.40867320
vn 0.12187424 0.89259940 0.43406558
vn 0.72583139 0.53611779 0.43098328
vn 0.96502471 -0.21073249 0.15594593
vn 0.93793607 -0.33607683 0.08560517
vn 0.96493912 -0.18544167 0.18575230
vn 0.92759895 -0.36475703 0.08070111
vn 0.96296877 -0.22994696 0.14076833
vn 0.96779364 -0.19498450 0.15923782
vn 0.85300612 -0.12231496 0.50736558
vn 0.96302748 -0.11486754 0.24368736
vn 0.97255528 -0.10276833 0.20874618
vn 0.98034364 -0.09142209 0.17483860
vn -0.94884640 -0.13961202 0.28319463
vn 0.07776108 0.29022354 0.95379430
vn 0.04278182 -0.74245203 0.66853184
vn 0.08558840 -0.61312324 0.78533733
vn 0.07527307 0.33951110 0.93758541
vn -0.96326655 -0.21958292 0.15459985
vn -0.02637978 0.99426556 0.10363471
vn -0.01162844 0.94381511 -0.33026937
vn -0.00754483 0.93342638 -0.35868976
vn 0.13529880 0.98720253 0.08441205
vn 0.21665859 0.90124148 -0.37526372
vn 0.22250260 0.89678001 -0.38246334
vn -0.11555825 -0.76603067 0.63233167
vn -0.01238129 -0.98600626 0.16624790
vn -0.97432345 0.15627110 0.16209008
vn -0.99752533 0.06440353 -0.02820217
vn -0.09194151 0.38134012 0.91985136
vn 0.08090553 0.36211956 0.92861390
vn 0.26951537 0.79228419 0.54740053
vn 0.67196691 0.73943347 0.04121581
vn 0.26964703 0.31483966 0.91003650
vn 0.10092649 0.46182576 0.88120991
vn 0.93927300 -0.30022418 0.16622794
vn 0.90637541 -0.42189407 -0.02211335
vn 0.97244638 -0.19718227 0.12436783
vn 0.94379354 -0.31975695 -0.08372240
vn -0.91971123 0.35124081 0.17538844
vn -0.69852328 0.33950409 0.62992245
vn -0.34910047 0.24718022 0.90389758
vn -0.20504665 0.16793109 0.96423805
vn -0.93206716 0.34911644 -0.09679192
vn -0.91073376 0.35304928 -0.21429017
vn -0.39092156 0.62116945 0.67921197
vn -0.62356150 0.74161536 0.24734133
vn -0.17953645 0.49666023 0.84917331
vn 0.30239955 0.87063038 0.38801733
vn 0.26891336 0.89190978 0.36356917
vn 0.17778943 0.96310180 0.20205401
vn -0.63827211 0.76909369 -0.03322177
vn -0.61852252 0.77234519 -0.14461270
vn 0.15932669 0.98257905 0.09567312
vn 0.15628916 0.98634624 0.05191290
vn -0.50066245 -0.02247240 0.86535084
vn -0.48538846 -0.86930603 0.09330199
vn -0.36495847 -0.92934376 0.05590840
vn -0.42658630 -0.04185865 0.90347773
vn 0.16743019 -0.17221372 0.97072631
vn -0.43757638 -0.89906865 -0.01423859
vn -0.31315657 -0.94964582 -0.01028528
vn -0.09885786 0.14828701 0.98399091
vn -0.85496831 -0.00148803 0.51867813
vn -0.84786421 -0.34552795 0.40216509
vn -0.65482795 -0.43494049 0.61808354
vn -0.66537112 0.00572609 0.74649084
vn -0.61048454 0.43634793 0.66099101
vn -0.81374127 0.34542754 0.46744540
vn -0.57653522 -0.75955927 0.30112600
vn -0.78459489 -0.59992218 0.15653835
vn 0.67853332 0.14713402 0.71968335
vn -0.25662431 0.00590633 0.96649319
vn -0.22834475 -0.49804968 0.83654362
vn -0.13672477 -0.86868632 0.47612026
vn -0.20393853 0.49576572 0.84417146
vn 0.22159480 -0.00238804 0.97513592
vn 0.24928290 -0.44480056 0.86023873
vn 0.32611972 -0.77675760 0.53878909
vn 0.26291981 0.44068652 0.85829413
vn -0.46762523 -0.87542659 -0.12229135
vn -0.01231252 -0.99991906 -0.00320816
vn -0.69983959 -0.69059730 -0.18248263
vn -0.60638076 -0.60014486 -0.52165937
vn -0.35207722 -0.75943768 -0.54707968
vn 0.11589111 -0.86749327 -0.48376098
vn 0.80078644 0.57294631 0.17456689
vn -0.10467207 0.45241639 0.88564283
vn 0.28251016 0.89901018 0.33461756
vn -0.93161923 -0.33315682 0.14523211
vn -0.95929676 0.18079782 0.21693754
vn -0.92197543 0.31685245 0.22263390
vn -0.44226569 0.19697246 0.87498736
vn -0.35135829 0.17888856 0.91899198
vn -0.93630147 -0.35003462 -0.02855315
vn -0.98162556 0.18847695 -0.02979730
vn -0.94595271 0.32305014 -0.02849686
vn 0.53494835 0.83511162 0.12813595
vn -0.49952564 0.78073508 0.37540233
vn -0.73901987 0.63274533 0.23126407
vn 0.62001151 0.76903999 0.15544532
vn 0.54003072 0.82959574 0.14190745
vn -0.07803354 0.85777813 0.50806266
vn 0.35293335 0.76297754 0.54157501
vn 0.07163356 0.99725550 0.01871657
vn -0.36104494 0.92775464 -0.09443485
vn -0.63641042 0.75335366 -0.16565044
vn 0.53398186 0.83338833 0.14257440
vn -0.53543878 0.62707412 -0.56575918
vn -0.25631189 0.77864259 -0.57273030
vn 0.17994018 0.85697085 -0.48293114
vn -0.15815262 -0.77340019 0.61387289
vn 0.00000012 -0.77872527 0.62736517
vn 0.00000013 -0.65554643 0.75515497
vn -0.19550624 -0.94764358 0.25248563
vn 0.00000008 -0.96307158 0.26924586
vn -0.85395432 0.47008604 -0.22311707
vn 0.20920928 0.05045866 0.97656822
vn 0.92379856 -0.27073649 0.27073640
vn 0.95938551 0.07543409 0.27182576
vn 0.97324830 0.12640502 -0.19185859
vn -0.85163134 0.52386928 -0.01688879
vn 0.99039000 0.13503852 0.02987402
vn -0.21153365 -0.97731471 -0.01047320
vn 0.52889836 -0.35178801 0.77234173
vn 0.50473154 -0.00576830 0.86325711
vn 0.53801864 0.34822136 0.76764435
vn 0.59173632 -0.62185854 0.51297188
vn 0.43448758 -0.89347845 0.11365204
vn 0.55074042 -0.77335882 -0.31400815
vn 0.67517030 -0.71635020 0.17603293
vn -0.21806620 -0.96532780 -0.14349002
vn -0.92335582 -0.38022631 -0.05331222
vn -0.95770872 -0.28490031 -0.04032159
vn 0.76781803 -0.61807752 -0.16862875
vn 0.00000004 -0.99999994 0.00057182
vn 0.00000002 -0.99006939 -0.14057957
vn 0.64023715 -0.44572344 -0.62564129
vn 0.83431309 -0.35964087 -0.41782808
vn 0.67359716 -0.00771295 -0.73905849
vn 0.86344141 -0.01528611 -0.50421757
vn 0.60313982 0.61281466 0.51056886
vn -0.73334360 -0.26316643 0.62685770
vn -0.61200219 -0.58839232 0.52843899
vn -0.40457168 -0.57167745 0.71379739
vn -0.45767605 -0.16696574 0.87330127
vn -0.12924588 -0.51830280 0.84537441
vn 0.46751785 0.87527937 0.12374596
vn -0.85938793 0.49437872 0.13054524
vn 0.69194454 0.69822079 0.18357702
vn 0.78264749 0.60410541 -0.15006596
vn 0.57545334 0.75950366 -0.30332765
vn -0.13338435 -0.54087263 0.83046103
vn 0.00000014 -0.22069943 0.97534198
vn 0.00000013 -0.51449573 0.85749304
vn 0.84356868 0.34902403 -0.40813491
vn 0.64905709 0.43791339 -0.62205857
vn -0.62268001 -0.76581776 0.16060120
vn -0.74138206 -0.65418857 0.14963256
vn 0.20105691 0.91064316 0.36097828
vn -0.37087947 0.92865193 -0.00736333
vn 0.11557272 0.99327463 0.00696184
vn 0.40622085 0.91377491 0.00017073
vn 0.41620713 0.90915012 0.01476211
vn -0.77560246 -0.60632002 0.17554802
vn -0.91784108 -0.33424896 0.21411529
vn -0.76219463 0.01793538 0.64709949
vn -0.96835393 -0.10369118 0.22702207
vn -0.46389338 0.13879511 0.87495077
vn -0.94040215 -0.25085834 0.22959496
vn -0.76505065 -0.01465966 0.64380330
vn -0.77043331 -0.62435001 -0.12891699
vn -0.90446365 -0.40499765 -0.13387537
vn -0.97075409 -0.19717723 -0.13695848
vn -0.74105316 -0.24019565 0.62701374
vn -0.91500598 -0.33813921 0.22005896
vn -0.96783435 -0.10302614 0.22952662
vn -0.75845307 -0.02060452 0.65140188
vn -0.94230407 -0.31610045 -0.11019771
vn -0.91797328 -0.38253605 -0.10483889
vn -0.98337686 -0.14078572 -0.11467044
vn -0.82982802 -0.55727851 -0.02874239
vn -0.85703039 0.47468424 0.20043464
vn -0.66573095 0.44184664 0.60131013
vn -0.86666715 0.48889613 -0.09934120
vn -0.00000003 0.99048591 0.13761434
vn 0.60108495 -0.75094569 0.27345484
vn 0.67479378 -0.69312316 0.25344360
vn -0.00039342 -0.28986871 0.95706636
vn 0.05523581 -0.98674548 0.15258569
vn 0.00000006 -0.98933154 0.14568168
vn 0.00000014 -0.29044092 0.95689291
vn 0.00000014 -0.21883948 0.97576088
vn -0.00000000 -0.94066161 -0.33934605
vn 0.00000014 -0.17868660 0.98390603
vn -0.24114744 -0.19013999 0.95167994
vn -0.16458367 -0.02717823 0.98598862
vn -0.42765373 0.05135367 0.90248275
vn -0.57109648 -0.08940102 0.81600028
vn -0.13989697 -0.20165701 0.96941400
vn -0.07528707 -0.04219700 0.99626869
vn -0.76854169 -0.60535145 0.20710716
vn -0.47064087 -0.85052222 0.23475330
vn -0.35003060 -0.90294093 0.24935177
vn 0.06871673 -0.96019769 0.27073678
vn 0.26734287 -0.30252287 0.91488135
vn 0.23261876 -0.12614328 0.96435291
vn -0.35963330 0.17816836 0.91592574
vn -0.12608260 0.09481696 0.98747808
vn -0.01878758 0.07125320 0.99728131
vn -0.31062332 0.39762950 0.86336780
vn -0.06229978 0.31831351 0.94593620
vn 0.06421065 0.27571693 0.95909184
vn 0.13120905 0.43895954 0.88887501
vn -0.01264974 0.47334310 0.88078731
vn -0.28626138 0.53199691 0.79689008
vn -0.32995510 -0.94391066 -0.01273900
vn -0.08319668 -0.99652493 -0.00404713
vn 0.90781599 -0.34193110 0.24280286
vn 0.89663249 -0.43160549 0.09882770
vn 0.82910705 -0.55622137 0.05656260
vn -0.32827789 0.66404301 0.67177421
vn -0.97820002 0.16276543 0.12896572
vn -0.98786604 -0.03613079 -0.15104720
vn 0.81150830 -0.45915926 0.36142358
vn 0.33210665 0.36670798 0.86903995
vn 0.95170331 -0.13059847 0.27785766
vn 0.40332720 0.53139645 0.74494630
vn 0.20805156 0.61041528 0.76426947
vn -0.97753936 -0.13639276 -0.16066734
vn -0.95979804 0.26538008 0.09143958
vn -0.20160984 0.86622620 0.45717138
vn 0.05602524 0.65582901 0.75282770
vn 0.00000008 0.55522007 0.83170348
vn 0.00000006 0.69095749 0.72289538
vn -0.00000001 0.97372359 0.22773357
vn -0.00000004 0.99998736 0.00502570
vn -0.20387322 0.96440053 0.16842616
vn -0.14879423 0.97432381 0.16897750
vn -0.00386101 -0.98799455 -0.15444113
vn 0.00000014 -0.22410169 0.97456586
vn 0.00000013 0.00000004 1.00000000
vn -0.00669421 -0.95001990 -0.31211749
vn 0.00000002 -0.98803765 -0.15421350
vn 0.00000014 -0.22716308 0.97385675
vn 0.00000000 -0.95021391 -0.31159836
vn 0.00401355 -0.34214309 0.93963939
vn 0.00000014 -0.38764757 0.92180765
vn -0.38796756 -0.19177030 0.90150172
vn -0.74271423 -0.19047897 0.64194494
vn -0.03252255 -0.99933058 -0.01675402
vn -0.13772160 -0.19138215 0.97180533
vn -0.34198046 0.25068635 0.90565211
vn -0.12117195 0.30684400 0.94401491
vn -0.87446666 -0.20599301 0.43917561
vn 0.00000004 -0.99815840 -0.06066151
vn 0.00000014 -0.19555536 0.98069268
vn 0.00000011 0.30345970 0.95284426
vn -0.93772376 -0.21171944 0.27540746
vn -0.89155376 0.35220024 0.28475773
vn -0.08004176 0.78326625 0.61651236
vn -0.47341371 0.48789829 0.73337215
vn -0.69216025 0.38780934 0.60870206
vn -0.79185826 0.32377008 0.51781601
vn -0.49263483 0.49950886 0.71260214
vn -0.34289235 0.52730525 0.77741504
vn -0.14827171 0.55513674 0.81843680
vn -0.67432421 0.45746943 0.57966250
vn -0.42598832 0.57482773 0.69864666
vn -0.46136284 0.56605685 0.68317205
vn -0.36559078 0.59210837 0.71815819
vn -0.14717846 0.63224244 0.76066291
vn 0.00000005 0.77623051 0.63044935
vn 0.00000008 0.55913270 0.82907826
vn 0.00000007 0.63935101 0.76891506
vn -0.33200249 -0.42405489 -0.84258652
vn -0.47595716 -0.25132862 -0.84279221
vn -0.38747200 -0.39531949 -0.83281928
vn -0.17893249 -0.54461944 -0.81937349
vn 0.10320625 -0.10127130 -0.98949116
vn -0.03950765 0.08509307 -0.99558944
vn -0.05708600 0.12474314 -0.99054545
vn 0.15546936 -0.04534531 -0.98679942
vn 0.75986469 0.36090297 -0.54069835
vn 0.46749634 0.70614845 -0.53179091
vn 0.64885074 0.52558041 -0.55023456
vn 0.08367413 -0.88412201 0.45970315
vn 0.29954728 -0.15247215 0.94181943
vn 0.31523588 0.51746261 0.79552424
vn -0.06400991 -0.99774235 -0.02032057
vn 0.22120474 -0.87849844 0.42344889
vn 0.48635170 -0.19317058 0.85214269
vn 0.52868450 0.43694219 0.72771853
vn 0.08901767 -0.99528146 -0.03861002
vn 0.80293614 0.59579873 0.01781815
vn 0.62303495 0.78068334 0.04859013
vn 0.13041244 0.99054879 0.04249389
vn -0.20462021 -0.52466702 -0.82635051
vn -0.01926279 -0.55586678 -0.83104825
vn -0.18576439 0.10385241 -0.97709072
vn -0.00468173 0.04993702 -0.99874139
vn -0.02708787 0.87433296 -0.48457009
vn 0.29452050 0.95555550 0.01308972
vn 0.13210747 0.84281290 -0.52174139
vn -0.35615391 -0.54365999 -0.75999230
vn -0.40068212 -0.28955069 -0.86926073
vn -0.38669896 -0.19219707 -0.90195578
vn -0.72232753 0.31106433 -0.61764216
vn -0.73484433 0.54160738 -0.40824679
vn -0.46175921 0.73353732 -0.49869981
vn -0.35791630 0.57817221 -0.73322093
vn 0.15631640 -0.48499617 -0.86043239
vn 0.16151790 0.91286504 -0.37495252
vn -0.11591230 0.96773231 -0.22373758
vn 0.63724208 0.55034554 -0.53948349
vn 0.07793364 -0.29895225 -0.95108038
vn 0.05983847 -0.22519906 -0.97247362
vn -0.10279489 0.67218137 -0.73321581
vn 0.08741370 0.65521681 -0.75036651
vn 0.23438026 0.89135557 -0.38800916
vn -0.21409594 -0.74718958 0.62918258
vn -0.21715833 -0.39018086 0.89476329
vn -0.19863269 0.04293853 0.97913295
vn -0.08876745 -0.75704145 0.64730877
vn -0.09155289 -0.39626387 0.91356075
vn -0.07591254 0.03489079 0.99650395
vn -0.18929401 -0.95389158 0.23293482
vn -0.06778664 -0.96497482 0.25343347
vn -0.25428563 0.13290815 0.95795321
vn -0.26037884 -0.08933865 0.96136439
vn -0.12595409 -0.88418478 0.44983646
vn -0.06305859 -0.99799770 0.00492471
vn -0.06230612 -0.99804085 -0.00569609
vn -0.64970326 0.76007748 -0.01296057
vn -0.15176693 -0.96600330 -0.20929505
vn -0.03518659 -0.98147756 -0.18831813
vn -0.10571837 -0.78228176 -0.61388832
vn -0.07497927 -0.89121628 0.44733846
vn -0.13827811 -0.09194474 0.98611629
vn -0.13177006 0.12877457 0.98288035
vn 0.02851813 -0.99935585 0.02178429
vn 0.02946085 -0.99942368 0.01686411
vn -0.02719015 0.99008834 0.13778892
vn 0.03097217 0.98897713 0.14479282
vn 0.00636091 -0.79690874 -0.60406637
vn -0.41951442 -0.48851624 -0.76508796
vn -0.16329008 0.47250405 0.86606944
vn -0.04583797 0.46395603 0.88467151
vn -0.40542778 -0.46797585 -0.78525597
vn -0.11962543 0.81001449 0.57407862
vn -0.00755191 0.80268770 0.59635174
vn -0.07548740 0.98217398 0.17215142
vn 0.03171776 0.98097205 0.19154117
vn -0.03645182 0.96174824 -0.27149886
vn -0.01230304 0.75621593 -0.65420657
vn 0.05473078 -0.59047526 -0.80519783
vn -0.57963461 -0.65220332 -0.48852283
vn -0.08437157 -0.90596932 -0.41485059
vn 0.06587534 0.96419662 -0.25687608
vn -0.62321877 -0.65094769 -0.43343467
vn 0.08733147 0.75640935 -0.64824235
vn -0.01390204 -0.91615301 -0.40058780
vn -0.91286069 0.01653790 -0.40793610
vn -0.95843154 -0.09352624 -0.26955873
vn -0.99408746 -0.01292554 -0.10781018
vn -0.95792741 0.10917155 -0.26543674
vn -0.86187917 0.27063841 0.42885792
vn -0.85229492 0.41993538 0.31184560
vn -0.67802829 0.73280346 0.05724262
vn -0.06115903 -0.45058933 -0.89063394
vn -0.06780913 0.93543452 0.34693575
vn -0.00561629 0.93413949 0.35686418
vn 0.04571281 -0.46423718 -0.88453048
vn -0.68608803 0.71065092 0.15575154
vn -0.11194059 0.81873816 0.56314951
vn -0.04782899 0.81681520 0.57491326
vn -0.84220713 0.37935558 -0.38311419
vn -0.02692270 -0.03558418 -0.99900395
vn 0.07661763 -0.03856116 -0.99631459
vn 0.07030728 0.88612205 -0.45808798
vn 0.08036087 -0.75680113 -0.64868659
vn 0.14175989 -0.05285850 -0.98848879
vn 0.13070181 -0.77364802 -0.61998868
vn 0.23421156 -0.05662381 -0.97053528
vn 0.17314382 0.88096493 -0.44036585
vn -0.00883273 0.39896646 -0.91692299
vn 0.09204096 0.39621410 -0.91353327
vn -0.54668027 -0.15181233 -0.82346451
vn 0.08118302 -0.55943692 -0.82488769
vn -0.06790055 -0.24336459 -0.96755528
vn 0.14376436 -0.27778623 -0.94982451
vn -0.62498766 0.28629434 -0.72624099
vn -0.68528318 0.39702481 -0.61053944
vn -0.02040851 0.48777565 -0.87273055
vn -0.03490390 0.64865708 -0.76028013
vn 0.01478533 -0.75662190 0.65368551
vn 0.01090559 -0.39708036 0.91771907
vn 0.02692175 0.02780615 0.99925077
vn 0.03445413 -0.96289134 0.26768151
vn 0.07281689 -0.98333651 -0.16657487
vn 0.12293810 -0.80144370 -0.58529854
vn 0.06277215 0.45127118 0.89017642
vn 0.10597022 0.78372508 0.61200124
vn 0.15073721 0.96599686 0.21006753
vn 0.19124202 0.95265645 -0.23637305
vn 0.21498823 0.74746215 -0.62855422
vn 0.16494335 -0.47320303 -0.86537427
vn 0.19892530 -0.04305528 -0.97906840
vn 0.27061957 0.49792236 -0.82391649
vn 0.22875553 0.51296723 -0.82736659
vn 0.06593335 0.52502030 -0.84853202
vn 0.21780176 0.38746762 -0.89578533
vn 0.35351562 -0.29502928 -0.88768488
vn 0.03014741 0.53807455 -0.84235793
vn 0.32518929 0.49626657 -0.80496669
vn -0.52854425 -0.16978787 -0.83175302
vn -0.66978335 0.73676169 0.09258776
vn -0.07118620 0.99660629 0.04133387
vn -0.08286151 -0.28563643 -0.95474911
vn 0.13503689 -0.32176110 -0.93714184
vn -0.51360005 -0.17020561 -0.84097862
vn -0.09580633 -0.29610375 -0.95033878
vn -0.52055687 -0.01341610 -0.85372162
vn 0.19239780 0.97223520 0.13319843
vn 0.33472228 0.65997648 -0.67260098
vn 0.34918752 -0.34015593 -0.87313348
vn 0.13052411 -0.33957100 -0.93148011
vn 0.35227323 -0.36047721 -0.86368966
vn -0.08039636 -0.11719350 -0.98984957
vn 0.16538350 -0.15962985 -0.97322494
vn 0.40428427 -0.18820731 -0.89505988
vn 0.65655988 0.73509198 0.16902320
vn 0.64665341 0.70914948 0.28097388
vn 0.60712308 0.67961544 0.41173357
vn 0.50954914 -0.81812990 -0.26650161
vn 0.53038496 -0.82126331 -0.21028180
vn 0.78187281 0.28123182 0.55640233
vn 0.73384166 0.11674759 0.66921335
vn 0.96218294 -0.16463086 0.21702690
vn 0.99700660 -0.03414277 0.06936941
vn 0.98822862 -0.12249307 -0.09164964
vn 0.96959418 -0.24016409 0.04699479
vn 0.77061814 -0.30594060 -0.55905998
vn 0.75155729 -0.32723942 -0.57277924
vn 0.89903790 0.29876736 -0.32010797
vn 0.73172414 0.60193253 0.31977651
vn 0.86230278 0.19400510 -0.46775627
vn 0.94633389 0.31682193 -0.06384435
vn 0.73548353 -0.34031615 -0.58587456
vn 0.78386676 -0.20251743 -0.58697498
vn 0.81816351 -0.06539715 -0.57125449
vn 0.44202042 0.00337627 -0.89699876
vn 0.19871171 0.04569324 -0.97899222
vn -0.51717591 0.15735473 -0.84128994
vn -0.82166016 -0.54477286 0.16762254
vn -0.83782744 -0.34474748 0.42331359
vn -0.82431722 -0.04837544 0.56405759
vn -0.99434012 0.10375719 -0.02285117
vn -0.98367369 0.17834480 -0.02406718
vn -0.77518040 -0.61597466 -0.14025256
vn -0.21828257 -0.97551233 -0.02699352
vn -0.07130337 -0.99745303 0.00181023
vn -0.12297335 -0.88611442 -0.44685453
vn -0.70636624 -0.54651773 -0.44985029
vn 0.02419394 -0.90871614 -0.41671315
vn -0.62493831 -0.35933954 -0.69305646
vn -0.01851693 -0.62175590 -0.78299224
vn 0.13057739 -0.64415872 -0.75366384
vn -0.55213284 -0.08286760 -0.82962781
vn -0.94226581 0.10589387 -0.31768167
vn -0.92110175 0.17961477 -0.34541300
vn -0.05798399 0.08602443 -0.99460429
vn -0.52905613 0.28616935 -0.79887855
vn -0.03660816 0.25534192 -0.96615762
vn -0.01616618 0.34157276 -0.93971628
vn 0.21719654 0.22254783 -0.95042008
vn 0.22319473 0.31678894 -0.92186171
vn 0.07766721 -0.23083107 -0.96988910
vn 0.00933784 0.51032013 -0.85993391
vn 0.22552022 -0.25237870 -0.94098121
vn 0.23058642 0.48864201 -0.84146237
vn -0.77459896 0.27696797 0.56858182
vn -0.70630831 0.55544633 0.43887129
vn -0.63516802 0.75074047 0.18152237
vn -0.96776462 -0.06179196 -0.24415889
vn -0.96336323 -0.10941837 -0.24486554
vn -0.96935129 0.10343757 -0.22284254
vn -0.55287886 0.17033127 -0.81566674
vn -0.87136549 -0.14841235 -0.46764943
vn -0.89834678 0.10395674 -0.42680919
vn -0.28692093 0.57009852 0.76984686
vn 0.16370785 0.49512923 0.85325664
vn -0.80559123 0.44063860 -0.39605632
vn -0.81679809 0.39107612 -0.42414695
vn 0.19478445 0.64443713 -0.73943210
vn 0.18674962 0.76433891 -0.61717957
vn -0.48998478 -0.74018359 -0.46048144
vn -0.48380262 -0.19249198 -0.85374582
vn -0.47812614 0.04416677 -0.87717998
vn 0.28264472 0.63028598 -0.72308481
vn 0.28180057 0.74871480 -0.60001224
vn -0.28378272 -0.84992564 -0.44395274
vn -0.07070888 -0.90151000 -0.42694256
vn -0.95493281 0.17106724 -0.24256833
vn -0.89064962 0.18823037 -0.41389924
vn -0.49064991 0.15200044 -0.85799682
vn 0.11743086 0.04618917 -0.99200642
vn 0.27000296 0.02195027 -0.96260929
vn -0.05551213 -0.21574579 -0.97487032
vn 0.00195561 -0.01905038 -0.99981660
vn 0.14129798 -0.23693630 -0.96119523
vn 0.18413498 -0.03745905 -0.98218691
vn 0.03524074 0.07337576 -0.99668163
vn 0.20992780 0.05149610 -0.97635990
vn 0.58193344 -0.80311346 0.12791520
vn 0.65886456 -0.73357773 -0.16661708
vn 0.73658633 -0.54115224 -0.40570307
vn 0.85055208 0.05716585 -0.52277458
vn 0.79966325 -0.27419797 -0.53418553
vn 0.85595369 -0.05121661 -0.51450968
vn 0.98227048 -0.18736587 -0.00622490
vn 0.99466163 -0.10317581 -0.00173904
vn 0.45613736 0.17169625 -0.87318903
vn 0.44959027 0.26612979 -0.85266846
vn 0.44246742 0.44472694 -0.77874291
vn 0.15065314 -0.91285598 -0.37947005
vn 0.91509390 -0.38887951 -0.10665881
vn 0.97069198 -0.23719662 -0.03866627
vn 0.37683159 -0.86903161 -0.32059672
vn 0.98410463 0.13384242 -0.11672314
vn 0.74010593 -0.36837733 -0.56262010
vn 0.38436499 -0.29640007 -0.87430578
vn 0.97841007 0.18311922 -0.09581831
vn 0.80945414 -0.18209162 -0.55823529
vn 0.43295431 -0.09019885 -0.89689183
vn 0.44080278 -0.00080116 -0.89760363
vn -0.46264157 0.26434788 -0.84621698
vn 0.06904060 0.18407753 -0.98048407
vn 0.22286984 0.14842805 -0.96348238
vn 0.82521111 -0.10900827 -0.55420560
vn 0.98301959 -0.18170156 -0.02563338
vn 0.99820614 -0.05987243 0.00013248
vn -0.36735845 -0.92989939 0.01830617
vn -0.08913710 -0.99331278 -0.07337803
vn -0.01533920 0.91834557 -0.39548218
vn -0.04529236 -0.99038130 -0.13074276
vn -0.00067106 -0.98716253 -0.15971762
vn -0.23625042 -0.55737835 -0.79593664
vn 0.00375444 -0.69516158 -0.71884370
vn -0.04136263 -0.62350231 -0.78072661
vn -0.06280458 -0.60686386 -0.79232061
vn 0.20475626 -0.97491699 -0.08724542
vn 0.10573791 -0.63959873 -0.76140201
vn -0.72087240 -0.24840742 -0.64702141
vn -0.26528886 -0.45818773 -0.84834296
vn -0.08376735 -0.50701725 -0.85785580
vn 0.08948706 -0.54905915 -0.83097905
vn -0.64258659 -0.11226465 -0.75794405
vn -0.20864454 -0.23637864 -0.94899559
vn -0.04797223 -0.26200989 -0.96387213
vn 0.10428382 -0.30270341 -0.94736242
vn -0.31940213 0.51915479 0.79275513
vn 0.14492580 0.45117822 0.88058776
vn 0.20607047 0.95942235 -0.19246753
vn 0.21914771 0.97567701 -0.00534747
vn -0.70010370 -0.17981543 0.69102913
vn -0.76870131 -0.44432941 0.46007577
vn -0.25577936 -0.75615942 0.60232878
vn -0.17052127 -0.41518712 0.89361197
vn -0.78497607 -0.61640394 0.06212054
vn -0.29140323 -0.95122433 0.10127404
vn -0.11903076 -0.42919791 0.89533293
vn -0.20349352 -0.76945436 0.60541755
vn -0.24521798 -0.96386337 0.10409382
vn -0.98445678 0.17150947 0.03780704
vn -0.99997818 -0.00644033 0.00148635
vn 0.21645330 0.96833163 0.12442587
vn -0.98781669 0.02325434 -0.15387464
vn -0.97120529 0.19932730 -0.13049547
vn -0.29011905 0.81751770 0.49748942
vn 0.17289145 0.80577183 0.56642789
vn -0.61587262 -0.75177318 -0.23566546
vn 0.43284902 -0.88899028 -0.14945908
vn -0.27169776 -0.40588760 -0.87260288
vn -0.87558532 0.30800363 0.37213480
vn -0.68103939 0.21127567 0.70110482
vn -0.06503046 -0.00044845 0.99788326
vn -0.94012719 0.34082347 0.00048735
vn -0.02021849 -0.01392834 0.99969858
vn -0.49888238 -0.85018748 -0.16821964
vn -0.78641748 0.00675036 0.61765850
vn -0.92950958 0.19732603 0.31156760
vn -0.95989400 0.28004986 -0.01325095
vn -0.15904431 -0.34557801 0.92481399
vn -0.11634088 -0.35834989 0.92631006
vn -0.41797867 -0.87180430 -0.25544339
vn -0.15313064 -0.15382029 0.97616112
vn -0.71313870 0.07889245 0.69656962
vn -0.93691754 0.21941808 0.27210525
vn -0.96556902 0.25835690 0.03047006
vn -0.85287762 -0.49581289 0.16361339
vn -0.97404444 0.18995883 -0.12309784
vn -0.95504457 0.27307451 -0.11541395
vn -0.03350900 -0.18851267 0.98149890
vn -0.88932753 0.16444843 -0.42667705
vn -0.56836200 0.08330802 -0.81855023
vn -0.48079225 0.40767011 -0.77630156
vn -0.39279899 0.67719400 -0.62218750
vn -0.25213462 -0.87173468 -0.42012709
vn -0.74965316 -0.55441326 -0.36144996
vn -0.20313476 -0.88503790 -0.41886082
vn -0.66289055 -0.27584711 -0.69604921
vn -0.14796844 -0.53516990 -0.83168417
vn -0.09151461 -0.55102813 -0.82945353
vn -0.02890175 -0.11167011 -0.99332500
vn 0.19830897 0.97422630 -0.10750198
vn 0.02641798 -0.12773934 -0.99145585
vn -0.28847089 0.95511520 0.06737573
vn -0.33255625 0.87619168 -0.34884751
vn 0.20089403 0.97360748 0.10830554
vn -0.33667102 -0.67890215 -0.65249109
vn 0.19398865 0.91119879 -0.36343524
vn -0.97687435 -0.13999468 -0.16161132
vn -0.84318042 -0.39471436 0.36503071
vn -0.40509459 -0.57748449 0.70880884
vn -0.43269220 -0.79988664 0.41588318
vn -0.54733735 -0.81460863 -0.19192339
vn 0.31823245 -0.94291091 -0.09821989
vn 0.27818325 -0.81954414 -0.50096077
vn -0.90942568 0.16048682 -0.38365212
vn -0.88782525 0.28318554 -0.36272895
vn -0.47279078 -0.87977976 -0.04956496
vn 0.12831016 0.70668679 -0.69579470
vn -0.01440986 0.42231557 -0.90633434
vn -0.19596015 -0.58923173 -0.78384030
vn -0.12036035 -0.46758664 -0.87571466
vn -0.68546629 0.18436670 -0.70437551
vn -0.00297887 -0.06503591 -0.99787849
vn -0.61639571 0.23636696 -0.75112385
vn -0.00616872 0.05845135 -0.99827123
vn -0.09264667 -0.47423470 -0.87551016
vn 0.12174667 0.02078600 -0.99234354
vn -0.14213939 0.01177720 -0.98977661
vn -0.00590668 -0.03654683 -0.99931449
vn 0.13989022 -0.04036267 -0.98934412
vn -0.14555825 -0.10199943 0.98407769
vn -0.72724885 0.13828507 0.67229933
vn -0.92599106 0.25613099 0.27737620
vn -0.00976374 -0.14123456 0.98992801
vn -0.73076445 -0.68262476 -0.00260885
vn -0.44332492 -0.89633620 -0.00668114
vn -0.72144657 -0.68453324 -0.10454255
vn -0.42293960 -0.89722872 -0.12689744
vn -0.95571744 0.29208741 0.03590684
vn -0.94492346 0.30746481 -0.11218300
vn -0.87741137 0.31929350 -0.35805160
vn -0.70186388 -0.61281568 -0.36310333
vn -0.37828323 -0.83473003 -0.40015939
vn -0.63016850 0.28071132 -0.72393978
vn -0.00084923 0.10399432 -0.99457753
vn -0.39687720 0.10943130 -0.91132498
vn -0.32645351 0.25696906 -0.90961266
vn 0.56858826 -0.54564428 -0.61561328
vn 0.57470113 -0.34725058 -0.74103689
vn -0.92906576 0.24251172 -0.27932939
vn -0.88113505 0.36615217 -0.29922169
vn -0.85514826 0.26642060 -0.44468161
vn -0.77945000 0.39049900 -0.48986551
vn -0.32440287 0.41064444 -0.85213506
vn -0.57993817 0.77880812 -0.23901817
vn -0.41398862 0.78285235 -0.46449512
vn 0.17354541 0.98482537 0.00100077
vn 0.12000922 0.33871976 -0.93320239
vn 0.37975696 -0.77497232 0.50517583
vn 0.42097363 -0.50572622 0.75300890
vn 0.36294737 -0.92634124 0.10080260
vn 0.65353769 -0.19228962 0.73206097
vn 0.87673444 -0.21681748 0.42933303
vn 0.97330797 -0.21416505 0.08249310
vn 0.97034776 -0.22952420 0.07578944
vn -0.03172148 0.47129199 0.88140661
vn 0.08850065 0.80937266 0.58058912
vn 0.56877601 0.62617713 0.53328800
vn 0.63717788 -0.42593008 0.64233011
vn 0.85772383 -0.34753466 0.37885317
vn 0.95586348 -0.28729415 0.06153903
vn 0.95949167 -0.28088829 0.02185236
vn 0.14333871 -0.96130413 -0.23526241
vn 0.08200563 -0.49458566 -0.86525148
vn -0.03310167 -0.76708227 -0.64069420
vn 0.58953732 -0.30320406 0.74867427
vn 0.88004434 -0.31609657 0.35440785
vn 0.63457316 -0.26058683 0.72760665
vn 0.89204431 -0.27972761 0.35497811
vn 0.94564533 -0.30504772 0.11269785
vn 0.95413566 -0.27435648 0.11980683
vn 0.92720884 -0.37203604 -0.04327754
vn 0.95624423 -0.29003629 -0.03842016
vn 0.39702153 -0.86084259 -0.31831428
vn 0.47335720 -0.59613252 -0.64850521
vn 0.55356765 -0.26180956 -0.79058117
vn 0.62372506 0.77508599 0.10103822
vn 0.89939582 -0.17435393 -0.40085921
vn 0.60195535 -0.12667823 -0.78841764
vn 0.64471257 0.19212288 -0.73988825
vn 0.64367545 0.47881705 -0.59700608
vn 0.63878435 0.70090604 -0.31730953
vn 0.03529455 -0.07307494 -0.99670172
vn 0.73695856 -0.20589088 -0.64381760
vn 0.11782347 0.93288863 -0.34034750
vn 0.12923561 0.72578037 -0.67567819
vn 0.17480177 0.41081390 -0.89480525
vn 0.12734795 0.98459429 0.11981995
vn 0.87784094 -0.37086454 -0.30307564
vn 0.93297261 -0.25082162 -0.25816801
vn 0.92629331 -0.25123271 -0.28082532
vn -0.12823182 -0.61885762 -0.77496576
vn 0.70546579 -0.15364131 -0.69189048
vn 0.93611366 -0.21652049 -0.27714640
vn 0.74001253 -0.12330978 -0.66119301
vn 0.14235421 0.06162504 -0.98789555
vn 0.96519703 -0.25896424 -0.03650245
vn -0.53288823 -0.34689400 -0.77181262
vn -0.26781568 -0.43617332 -0.85908544
vn 0.21268973 -0.49938881 -0.83986539
vn -0.22197047 -0.00000005 -0.97505343
vn -0.48415652 -0.00000006 -0.87498140
vn -0.21884722 0.43740681 -0.87222773
vn -0.48430595 0.34691101 -0.80318147
vn 0.25364938 -0.00085696 -0.96729589
vn 0.23806320 0.49507317 -0.83560067
vn 0.23027878 0.31118593 -0.92202771
vn 0.32171583 0.32073358 -0.89085853
vn -0.94385880 0.17910148 -0.27758503
vn -0.91026658 -0.36196530 -0.20098732
vn -0.48169655 -0.86787772 -0.12147788
vn -0.35980821 -0.92983776 -0.07706995
vn -0.90551060 0.31832421 -0.28057137
vn 0.26038325 0.95878536 -0.11371648
vn 0.42890841 0.87188673 -0.23632845
vn 0.43117836 0.87225634 -0.23076855
vn 0.07174650 0.67061120 -0.73833132
vn 0.26249418 0.57791322 -0.77273095
vn 0.28090078 0.56554025 -0.77540886
vn 0.35311371 0.91900128 -0.17534976
vn -0.46689725 -0.02254964 -0.88402402
vn -0.40935045 0.19560017 -0.89116371
vn -0.39287627 -0.04205441 -0.91862923
vn -0.31787103 0.17730109 -0.93140876
vn 0.89599347 0.28431424 -0.34111744
vn 0.00000000 -0.94970745 -0.31313887
vn -0.86741555 -0.43567088 -0.24037699
vn 0.96026826 0.12581134 0.24911118
vn -0.00000008 -0.55676824 -0.83066791
vn -0.13466467 -0.52292335 -0.84167492
vn -0.00000009 -0.49470112 -0.86906320
vn -0.93082631 0.16116261 -0.32800764
vn 0.21679126 -0.17608623 -0.96020591
vn 0.93905973 -0.27204710 -0.21013619
vn 0.97546834 0.07065956 -0.20849159
vn 0.25989565 0.04884969 -0.96440035
vn -0.13317306 -0.00702198 -0.99106795
vn -0.00000013 -0.03163773 -0.99949950
vn -0.00000014 0.12157442 -0.99258232
vn 0.41087011 0.91121078 0.02967594
vn -0.68184829 -0.27400330 -0.67823684
vn -0.65745932 -0.39142096 -0.64384538
vn -0.70579100 -0.16923715 -0.68790841
vn -0.71293223 -0.21408395 -0.66775429
vn -0.66611868 -0.42601129 -0.61220938
vn -0.57972515 -0.61502182 -0.53447819
vn 0.22077343 0.91176599 -0.34632626
vn -0.51224959 -0.16749187 -0.84234601
vn -0.46983674 -0.39764684 -0.78811830
vn -0.39592421 -0.61325800 -0.68349004
vn -0.64797878 0.45968705 -0.60729837
vn -0.23059699 -0.57384127 -0.78583157
vn 0.00000003 -0.99026233 -0.13921456
vn -0.00000009 -0.54922295 -0.83567590
vn -0.00000009 -0.50926030 -0.86061257
vn -0.17159702 -0.36117220 -0.91657472
vn -0.02764548 -0.55802751 -0.82936186
vn -0.00000006 0.99391818 -0.11012112
vn -0.15103495 -0.37838793 -0.91324204
vn -0.00000011 -0.33980691 -0.94049525
vn -0.00000012 -0.26217240 -0.96502107
vn -0.00000011 -0.26397642 -0.96452916
vn -0.13732637 -0.59079760 -0.79504699
vn -0.00000008 -0.57549345 -0.81780642
vn -0.31350026 -0.94081354 -0.12879305
vn -0.09536080 -0.98881388 -0.11468934
vn -0.27197266 -0.87582266 -0.39870480
vn 0.04412629 -0.03929838 -0.99825275
vn -0.02859453 -0.01969953 -0.99939698
vn -0.04419145 -0.92415255 -0.37945902
vn 0.24967329 -0.09764386 -0.96339452
vn 0.01780853 0.12482022 -0.99201953
vn 0.08715779 0.09358659 -0.99178892
vn 0.27652675 0.03369154 -0.96041548
vn 0.05422157 0.31064519 -0.94897819
vn 0.12904900 0.25708476 -0.95773375
vn 0.80522257 -0.59179819 0.03730303
vn 0.73575699 -0.63218689 0.24290228
vn -0.18916906 -0.87295496 0.44962728
vn -0.09911245 -0.55075967 0.82875848
vn -0.19005293 -0.98062509 -0.04747973
vn -0.09876295 -0.83692127 -0.53833878
vn 0.16898805 -0.89075494 0.42189899
vn 0.24324556 -0.60696477 0.75658804
vn 0.05633813 -0.08570848 0.99472612
vn 0.37928516 -0.20213388 0.90293115
vn 0.44060391 -0.82327580 0.35788998
vn 0.50370574 -0.59575993 0.62558025
vn 0.61560178 -0.28392658 0.73513275
vn 0.17402121 -0.98460096 -0.01666158
vn 0.25022393 -0.85916466 -0.44634548
vn 0.44256479 -0.89669144 0.00899259
vn 0.50363576 -0.79853421 -0.32968801
vn 0.23245686 0.38340101 0.89384991
vn 0.85984612 -0.02076244 0.51013112
vn 0.54055107 0.21582495 0.81315690
vn 0.74692321 0.05728337 0.66243815
vn 0.93692291 0.13263236 0.32339475
vn 0.38387582 0.73600537 0.55761594
vn 0.67516071 0.52415091 0.51906061
vn 0.97584957 -0.07890911 0.20369345
vn 0.48396981 0.67643654 0.55516374
vn 0.46637413 0.88113487 0.07808184
vn 0.46564782 0.77568221 -0.42601556
vn 0.75242424 0.65073758 0.10197259
vn 0.75281835 0.55559087 -0.35296369
vn 0.05602413 -0.48015040 -0.87539530
vn 0.37851816 -0.54975611 -0.74464244
vn 0.22497129 -0.01725448 -0.97421259
vn 0.53340876 -0.14150800 -0.83393693
vn 0.61179852 -0.55900711 -0.55965489
vn 0.74075383 -0.22569846 -0.63272744
vn -0.99838179 0.02428538 0.05142058
vn -0.98307389 0.03852893 -0.17911281
vn 0.18854159 0.54744667 -0.81532466
vn 0.09435496 0.60560811 -0.79014939
vn 0.37644881 0.44560614 -0.81223238
vn 0.67326295 0.26753199 -0.68930662
vn -0.99736732 -0.03057313 0.06575510
vn -0.98169082 0.07631848 -0.17452450
vn 0.42838782 0.59233880 -0.68236250
vn 0.48006013 0.73814768 -0.47400451
vn 0.21506117 0.69688630 -0.68417704
vn -0.22533330 0.70225251 0.67532688
vn -0.15670344 0.87323648 0.46141309
vn 0.10718766 0.83944666 0.53276640
vn -0.11646976 0.97350627 0.19677535
vn 0.12965403 0.96522802 0.22699049
vn -0.10918574 0.99334443 -0.03668151
vn -0.11302838 0.96762055 -0.22568806
vn 0.26869816 0.78030342 0.56473714
vn 0.30454367 0.91966337 0.24793673
vn 0.12881456 0.99069881 -0.04385031
vn 0.11827870 0.95871836 -0.25859132
vn 0.30387384 0.95142591 -0.04949114
vn 0.28470662 0.91944772 -0.27121586
vn -0.12062475 0.91252291 -0.39083454
vn 0.10811786 0.88539642 -0.45208821
vn 0.10314525 0.75753194 -0.64459795
vn 0.25078967 0.83772349 -0.48510194
vn 0.53633612 0.80454934 0.25503707
vn 0.52805281 0.84844053 -0.03618151
vn 0.50588578 0.82454878 -0.25337505
vn -0.29586872 0.89619035 -0.33061242
vn -0.17547560 0.86926180 -0.46216047
vn -0.33699811 0.39461344 -0.85481721
vn -0.15734503 0.40502065 -0.90066689
vn -0.27917629 -0.01172922 -0.96016830
vn -0.12097394 -0.00992631 -0.99260616
vn -0.30685630 0.19396375 -0.93178177
vn -0.13641356 0.19506477 -0.97125751
vn 0.84355885 0.31009924 0.43845981
vn 0.90839899 0.40254927 0.11298482
vn 0.84371746 0.10118268 -0.52716500
vn 0.90848106 0.32571825 -0.26185831
vn -0.00000000 0.95369357 0.30078024
vn -0.91642863 0.04461934 0.39770329
vn -0.69184709 0.04848362 0.72041446
vn -0.68288511 0.07153156 0.72701526
vn -0.91166455 0.06933369 0.40504390
vn -0.99668407 0.08107604 0.00689796
vn -0.99862415 0.05227967 0.00408448
vn -0.36526605 0.05004712 0.92955691
vn -0.36003357 0.07766401 0.92970109
vn 0.00000013 0.07924549 0.99685514
vn 0.00000013 0.04984205 0.99875712
vn -0.91481131 0.10562786 -0.38982469
vn -0.91773885 0.08175254 -0.38867971
vn -0.68588632 0.13639484 -0.71481210
vn -0.69368821 0.11604739 -0.71086544
vn -0.35995945 0.16328555 -0.91856802
vn -0.36777583 0.13726699 -0.91972762
vn -0.00000014 0.17364070 -0.98480916
vn -0.00000014 0.14370964 -0.98961991
vn 0.50295079 0.72469294 0.47102088
vn 0.00000007 0.62823266 0.77802557
vn -0.00000013 0.58847827 -0.80851316
vn -0.00000014 0.40177661 -0.91573769
vn -0.22974548 -0.95642024 -0.18021525
vn -0.86787796 -0.31045255 0.38782352
vn -0.95671767 -0.22994560 0.17837124
vn -0.20786566 -0.91471696 -0.34653276
vn -0.15230346 -0.90955234 -0.38667610
vn -0.84208691 -0.08830275 0.53206420
vn -0.98117483 0.11457793 -0.15546013
vn -0.97559595 0.21404061 0.04898120
vn -0.41371164 0.91031224 0.01320358
vn -0.78279650 0.36642784 -0.50295174
vn -0.00000003 0.99257064 0.12166990
vn 0.37591824 0.84978676 0.36952415
vn -0.31953925 -0.78441179 -0.53159475
vn 0.92713982 -0.37454957 0.01116065
vn -0.72942168 0.14387503 0.66876310
vn 0.88435268 -0.06142829 0.46276006
vn -0.98878682 -0.11880685 -0.09047398
vn -0.98829961 -0.02646597 -0.15021187
vn 0.85542905 -0.34893247 -0.38273683
vn 0.85396051 -0.25914988 -0.45121258
vn -0.65918380 0.13655616 0.73947901
vn -0.89852947 0.13762705 0.41677755
vn -0.98827839 0.15204278 0.01374868
vn -0.56671005 0.42149043 -0.70794457
vn -0.29723036 -0.85817325 0.41856036
vn -0.29832268 -0.60007125 0.74223864
vn -0.92812324 -0.23475282 0.28892663
vn -0.74887675 -0.14376180 0.64692825
vn -0.74887681 0.14376180 0.64692825
vn -0.92812318 0.23475273 0.28892660
vn -0.29192594 -0.20496933 0.93421990
vn 0.00000010 -0.89856750 0.43883532
vn 0.00000013 -0.62732947 0.77875394
vn 0.00000014 -0.21242960 0.97717637
vn -0.29652345 -0.95502567 0.00000008
vn 0.00000004 -1.00000000 0.00000004
vn -0.94733542 -0.00361584 -0.32022274
vn -0.64261061 0.18099783 0.74450755
vn -0.88850760 0.18362971 0.42051706
vn -0.98053497 0.19552618 0.01790722
vn -0.18715066 -0.90089643 -0.39161268
vn -0.00903637 -0.90506190 -0.42518407
vn -0.00000002 -0.90413177 -0.42725366
vn -0.34565690 0.14214616 0.92753214
vn -0.05452856 -0.86083561 -0.50595319
vn 0.00000012 0.14305644 0.98971456
vn -0.00000003 -0.86650711 -0.49916470
vn -0.00000003 -0.85874969 -0.51239550
vn 0.79249901 -0.22465552 -0.56698787
vn -0.33578804 0.18070963 0.92444062
vn 0.00000012 0.17936030 0.98378348
vn -0.78535432 0.36826867 0.49759099
vn -0.75991833 0.47519961 0.44351971
vn -0.62982357 0.59235537 0.50243163
vn -0.73106450 0.57097733 0.37353665
vn -0.58152092 0.71173251 0.39404353
vn -0.70783818 0.66198623 0.24645384
vn -0.53639096 0.81011963 0.23662399
vn -0.29192594 0.20496939 0.93421990
vn -0.29832271 0.60007131 0.74223858
vn 0.00000012 0.21242969 0.97717637
vn 0.00000007 0.62732959 0.77875394
vn -0.29723042 0.85817325 0.41856030
vn 0.00000002 0.89856762 0.43883532
vn -0.29652351 0.95502567 -0.00000000
vn -0.00000004 1.00000000 -0.00000004
vn -0.69638133 0.70922089 0.10981274
vn -0.52165449 0.84812140 0.09255671
vn -0.70158309 0.71257645 -0.00399756
vn -0.71393567 0.68576664 -0.14149193
vn -0.52175039 0.85232979 -0.03620176
vn -0.52628177 0.82741284 -0.19599880
vn -0.36066449 0.72677541 0.58456707
vn -0.40016222 0.72698802 0.55799520
vn -0.35640502 0.74051213 0.56975192
vn -0.13789450 0.78522080 0.60366678
vn -0.28725040 0.85617363 0.42948124
vn -0.33132797 0.85155797 0.40628910
vn -0.34963265 0.84449142 0.40569854
vn -0.13450545 0.89323854 0.42899090
vn -0.23991856 0.93815684 0.24960135
vn -0.34809187 0.90376151 0.24909328
vn -0.34977505 0.90588933 0.23879260
vn -0.13443789 0.96033102 0.24431698
vn 0.00000005 0.79293430 0.60930729
vn 0.00000002 0.90065837 0.43452814
vn -0.00000001 0.97014260 0.24253561
vn -0.25543290 0.96231562 0.09328851
vn -0.38789481 0.91700470 0.09295176
vn -0.33689317 0.93736809 0.08856688
vn -0.12771870 0.98798203 0.08706000
vn -0.27329716 0.96029556 -0.05604613
vn -0.38632041 0.92046738 -0.05913065
vn -0.34721690 0.93646157 -0.04980188
vn -0.12564759 0.99073219 -0.05160067
vn -0.00000003 0.99654585 0.08304545
vn -0.00000005 0.99864644 -0.05201288
vn 0.00000001 0.91150588 0.41128734
vn -0.90485322 0.17580390 -0.38772878
vn -0.66523772 0.20388979 -0.71825331
vn -0.29237902 -0.85534298 -0.42767143
vn -0.00000002 -0.89442730 -0.44721362
vn -0.29643688 -0.60761052 -0.73684096
vn -0.00000007 -0.64018446 -0.76822126
vn -0.76156050 0.14800476 -0.63096780
vn -0.76156050 -0.14800487 -0.63096780
vn -0.30825809 -0.21958490 -0.92561299
vn -0.00000012 -0.23257326 -0.97257888
vn -0.89587981 0.22444947 -0.38343450
vn -0.94488889 0.03671842 -0.32532561
vn -0.65058208 0.25306782 -0.71603048
vn -0.34351456 0.22650810 -0.91142309
vn -0.33441097 0.26506296 -0.90438426
vn -0.24579480 -0.08660556 -0.96544516
vn -0.00000014 0.23468162 -0.97207230
vn -0.00000014 0.26739225 -0.96358776
vn -0.00000011 -0.28079709 -0.95976716
vn -0.29237908 0.85534298 -0.42767149
vn -0.29643697 0.60761046 -0.73684102
vn -0.00000013 0.64018440 -0.76822138
vn -0.00000010 0.89442718 -0.44721362
vn -0.30825812 0.21958481 -0.92561311
vn -0.00000014 0.23257320 -0.97257900
vn -0.71955854 0.40751773 -0.56228536
vn -0.68144500 0.16080578 -0.71398479
vn -0.72562903 0.60642308 -0.32513627
vn -0.53252798 0.74302661 -0.40537077
vn -0.52944845 0.50929105 -0.67845929
vn -0.50592601 0.21062565 -0.83646619
vn -0.28199124 0.93152773 -0.22964552
vn -0.28546205 0.83898628 -0.46326396
vn -0.39990011 0.88977760 -0.21994500
vn -0.36003968 0.90460551 -0.22816740
vn -0.13105148 0.96148133 -0.24161784
vn -0.39178124 0.79486364 -0.46335652
vn -0.34930566 0.81057400 -0.47005889
vn -0.13149841 0.85789400 -0.49671531
vn -0.28138924 0.58469325 -0.76089019
vn -0.26130545 0.25549853 -0.93082768
vn -0.33998773 0.57159483 -0.74678499
vn -0.32446584 0.56791234 -0.75643748
vn -0.12237272 0.60020840 -0.79042709
vn -0.00000007 0.97014260 -0.24253570
vn -0.00000010 0.86450720 -0.50262052
vn -0.00000013 0.60543680 -0.79589349
vn -0.25365087 0.25978741 -0.93175733
vn -0.30711216 0.24433506 -0.91977316
vn -0.11319047 0.26284370 -0.95817596
vn -0.00000014 0.26699170 -0.96369880
vn -0.00000013 -0.01020359 -0.99994797
vn -0.00000014 0.19071947 -0.98164457
vn -0.08944312 -0.94869494 -0.30327883
vn -0.03823480 -0.99924886 0.00631384
vn -0.27418047 -0.27408254 -0.92179382
vn -0.03723986 -0.99921405 0.01358148
vn 0.03040835 -0.99953568 0.00195345
vn 0.02908105 -0.99955869 -0.00607586
vn -0.04643685 -0.94471037 -0.32460153
vn -0.11103429 -0.27060634 -0.95626545
vn -0.11357277 -0.78046930 0.61479175
vn -0.54122168 -0.63736445 -0.54849410
vn 0.16852398 -0.83446884 0.52465349
vn -0.11578488 -0.60754961 -0.78579718
vn -0.53555119 -0.62082583 -0.57250345
vn -0.11149131 -0.60249829 -0.79029459
vn -0.41181463 0.05083600 0.90984857
vn -0.38216436 0.01027945 0.92403722
vn -0.02495019 -0.99323589 0.11340205
vn 0.05384989 -0.99388069 0.09644347
vn 0.12997431 0.46334082 0.87659681
vn -0.00095068 0.92833161 0.37175220
vn 0.09761450 -0.78870350 0.60697466
vn 0.14122379 0.33666101 0.93097544
vn 0.14728262 -0.78749460 0.59846485
vn 0.23733118 0.33434975 0.91207683
vn 0.22641145 0.46087638 0.85809726
vn 0.14395095 0.92680436 0.34686014
vn -0.59999812 -0.27683315 0.75057703
vn -0.95785987 -0.05762548 0.28139639
vn -0.02989375 -0.98828065 0.14969221
vn 0.16014031 0.21750388 0.96283293
vn 0.16467400 -0.26136145 0.95109028
vn 0.10712445 -0.78557849 0.60941851
vn 0.06821191 0.75746757 0.64929962
vn -0.96772373 -0.03511155 0.24955554
vn -0.95131558 0.10397846 0.29015017
vn 0.09252293 -0.98765373 0.12641078
vn -0.67666167 0.49524516 0.54484975
vn 0.05923622 0.78340495 0.61868238
vn 0.14963004 -0.78473902 0.60149449
vn 0.23783806 -0.26215816 0.93525738
vn 0.24469420 0.21757238 0.94487405
vn 0.15815999 0.75882936 0.63179380
vn 0.14899044 0.78472722 0.60166854
vn 0.18610157 -0.55936241 0.80776227
vn 0.12804480 0.13706228 0.98225176
vn 0.13028806 0.10295682 0.98611611
vn 0.18105160 -0.74122667 0.64637715
vn 0.26627308 0.15499932 0.95135367
vn 0.23696110 -0.55679202 0.79613584
vn 0.19740424 -0.73854947 0.64465213
vn 0.27536362 0.12392756 0.95331895
vn -0.86700368 -0.43993711 -0.23400895
vn -0.99077612 0.13022536 0.03747315
vn -0.97644544 0.20664176 0.06207655
vn -0.14770164 -0.81425583 -0.56140149
vn -0.05871787 -0.81065863 -0.58256757
vn -0.76637769 0.49981144 -0.40355143
vn -0.22200541 0.60924053 -0.76127511
vn -0.12374660 0.61472344 -0.77897501
vn 0.19179510 -0.83298838 0.51898462
vn -0.06054642 -0.59619379 -0.80055428
vn -0.69103485 0.69926143 0.18304203
vn -0.04044801 0.97104084 0.23546509
vn 0.03980227 0.97486764 0.21920097
vn 0.85067445 -0.28649649 0.44076380
vn 0.99233037 0.03965053 -0.11708256
vn 0.78700846 0.55305415 0.27340233
vn 0.97720587 0.18777153 -0.09904817
vn 0.98713255 0.06667025 -0.14534234
vn 0.78273350 -0.31635481 -0.53595519
vn 0.93257117 0.20649971 -0.29608965
vn 0.92317498 0.27422825 -0.26934516
vn 0.53605831 0.55790496 -0.63354850
vn 0.72286254 0.19765778 0.66211879
vn 0.70493203 0.16579714 0.68962461
vn 0.50418979 -0.71573305 0.48323804
vn 0.62269974 0.77986687 -0.06366272
vn 0.13883378 0.01691168 0.99017131
vn 0.13829559 -0.09604475 0.98572296
vn -0.85295922 -0.10323961 0.51166612
vn -0.83979553 -0.30192170 0.45120594
vn 0.13775080 -0.27546021 0.95139194
vn -0.81523049 -0.43918884 0.37750825
vn -0.93100905 -0.32917383 0.15769242
vn -0.97080034 -0.00711937 0.23978327
vn 0.13518886 -0.46910694 0.87273300
vn -0.95422143 0.14893122 0.25938594
vn 0.34176478 -0.25068498 0.90573388
vn 0.32364258 -0.07406399 0.94327629
vn -0.92541969 -0.15215316 0.34705624
vn 0.15645511 0.09327129 0.98327124
vn -0.96059871 -0.15367630 0.23158953
vn -0.47090349 0.35869607 0.80596966
vn -0.93343616 -0.13717946 0.33147955
vn 0.87187535 0.48011780 0.09654158
vn 0.00074274 0.99208915 -0.12553394
vn -0.35438743 0.93256807 -0.06874884
vn 0.21625268 0.61673439 0.75688410
vn 0.88715887 0.45449907 0.07987317
vn -0.06722646 -0.98889261 0.13255939
vn 0.13436201 -0.87450844 0.46602771
vn 0.11940607 0.94420397 0.30695480
vn 0.26207811 0.52912104 0.80706024
vn -0.23113497 0.91056907 0.34269610
vn -0.04343531 0.49975953 0.86507446
vn 0.24569754 0.52317637 0.81603873
vn -0.22900125 -0.30832902 -0.92330486
vn -0.03562684 0.49055034 0.87068427
vn -0.04739003 -0.28316903 -0.95789850
vn -0.86957794 0.45769459 0.18533714
vn -0.87992632 0.45006460 0.15222196
vn -0.71249306 0.69571006 0.09133032
vn -0.15965085 -0.94999182 0.26837876
vn -0.32105833 -0.58686048 0.74331439
vn -0.38062590 -0.35144889 0.85534078
vn -0.51182818 -0.52941018 0.67657721
vn -0.52782118 -0.24412152 0.81351674
vn -0.92375237 -0.17027985 0.34305468
vn 0.16640581 -0.61150879 0.77354127
vn 0.14604184 -0.20495521 0.96781462
vn 0.14036396 -0.89629787 0.42065203
vn -0.53510630 -0.73147273 0.42262167
vn 0.28652284 -0.87413490 0.39216432
vn 0.31118435 -0.59061670 0.74453765
vn 0.28672594 -0.18390147 0.94019598
vn -0.57871473 0.06711205 0.81276393
vn -0.93420660 -0.09627797 0.34349498
vn 0.08203790 0.23198120 0.96925461
vn 0.22062737 0.25310361 0.94194597
vn -0.10481275 -0.95161897 -0.28885224
vn -0.28556636 -0.38418424 -0.87798321
vn -0.31814703 0.42302284 -0.84843051
vn 0.77315164 0.63229829 -0.04935023
vn 0.22320710 0.35703862 0.90702927
vn -0.11958420 0.44475561 -0.88763285
vn 0.00922017 0.32454631 0.94582498
vn -0.32096010 0.56913894 -0.75701100
vn -0.12439850 0.58974034 -0.79795462
vn 0.05422007 -0.96163410 0.26892391
vn 0.12202587 -0.60177481 0.78928876
vn 0.10618109 -0.31854284 0.94194269
vn 0.17486838 -0.95459509 0.24118312
vn 0.06847931 -0.95188051 -0.29872078
vn -0.14481297 -0.35466945 -0.92370927
vn 0.01165957 -0.80609930 -0.59166557
vn 0.22470674 -0.60201371 0.76621562
vn 0.21574187 -0.29947549 0.92939222
vn -0.94867986 -0.18058063 0.25960994
vn -0.94150621 -0.20997949 0.26358089
vn -0.78108323 -0.22538188 0.58233327
vn -0.81043249 -0.18956149 0.55431545
vn -0.96493912 -0.18544178 0.18575256
vn -0.96502471 -0.21073258 0.15594617
vn -0.85300589 -0.12231502 0.50736576
vn -0.96302748 -0.11486764 0.24368763
vn -0.97255516 -0.10276842 0.20874645
vn -0.96296865 -0.22994702 0.14076856
vn -0.96779352 -0.19498456 0.15923807
vn -0.98034352 -0.09142217 0.17483886
vn -0.05577759 0.79131263 0.60886234
vn 0.14482681 0.81848019 0.55598158
vn -0.42780313 -0.19584297 0.88240016
vn -0.41586915 -0.13847315 0.89882034
vn 0.07131931 -0.10886906 0.99149436
vn 0.04699642 -0.05399568 0.99743462
vn -0.93793607 -0.33607689 0.08560542
vn -0.64605480 0.33645150 0.68513763
vn -0.01064083 0.61502701 0.78843433
vn 0.12686142 0.63587034 0.76129836
vn -0.72583133 0.53611773 0.43098351
vn -0.12187423 0.89259952 0.43406570
vn 0.01455193 0.91256475 0.40867320
vn -0.92759883 -0.36475706 0.08070134
vn -0.18253680 0.98186743 -0.05115538
vn 0.18840100 -0.09102073 0.97786522
vn -0.07179058 0.99423110 -0.07969204
vn 0.17475396 -0.03173731 0.98410052
vn 0.12156568 -0.96653920 -0.22588439
vn 0.18401723 0.03714086 0.98222107
vn 0.33939052 -0.07328571 0.93778646
vn 0.32948476 -0.00029001 0.94416094
vn 0.34564665 0.10595657 0.93236345
vn 0.35081828 -0.44267750 0.82520491
vn 0.99357653 -0.09565848 0.06045804
vn 0.98519254 0.13583687 0.10461354
vn 0.27436331 -0.85699975 0.43620670
vn 0.33690041 -0.94066375 0.04061784
vn 0.10336465 0.38919359 0.91533828
vn 0.64812088 0.26263499 0.71481621
vn 0.99254072 0.12133096 -0.01190560
vn 0.97132343 -0.23750803 -0.01098596
vn -0.89981723 0.22619396 0.37304857
vn 0.95772082 -0.11471549 -0.26383954
vn -0.90641779 0.18611352 0.37916854
vn 0.28858724 -0.93651915 0.19912146
vn 0.32793352 -0.58779502 0.73956519
vn 0.34519476 -0.27983749 0.89584124
vn 0.21278007 -0.88999361 -0.40328190
vn -0.01036861 -0.32519403 -0.94559050
vn 0.79861420 -0.40396437 0.44612569
vn 0.52367723 -0.85023159 0.05355787
vn 0.94624144 0.25128716 -0.20367162
vn -0.06900469 0.55696714 0.82766294
vn 0.59082657 0.49258047 0.63897455
vn 0.99198228 0.12142653 -0.03502602
vn 0.89089000 0.41615880 -0.18200842
vn -0.86774087 0.39822376 0.29739484
vn 0.70942092 0.69396991 -0.12299507
vn 0.98209369 0.13061000 -0.13576858
vn 0.70872277 0.68819153 -0.15525627
vn 0.48630759 0.86278272 -0.13824217
vn 0.84049767 -0.11100905 0.53032124
vn 0.83780205 0.02498104 0.54540229
vn 0.99324232 0.08868368 0.07486738
vn 0.98935390 0.10111824 -0.10466165
vn 0.81549370 0.09677349 0.57061821
vn 0.77797133 0.20639442 0.59343237
vn 0.98590958 0.13417786 0.09989394
vn 0.96607274 0.21936536 0.13631687
vn 0.98444325 0.14103112 -0.10479386
vn 0.97029382 0.21715805 -0.10664107
vn 0.97896045 0.10002732 -0.17785117
vn 0.97090769 0.15297735 -0.18421765
vn 0.95216709 0.22403009 -0.20781852
vn -0.46705234 0.40453359 0.78626627
vn -0.59826744 0.22933589 0.76777673
vn -0.22179341 -0.22450659 0.94889653
vn -0.07642740 -0.08367492 0.99355793
vn 0.32041749 -0.76133835 0.56364584
vn 0.46328288 -0.66236198 0.58876616
vn -0.78993034 0.61132312 -0.04789909
vn -0.66335231 0.74654984 -0.05125561
vn -0.69434196 -0.00981402 0.71957827
vn -0.19787134 -0.14623772 0.96925831
vn -0.15377121 -0.01576153 0.98798084
vn -0.66570508 0.11133881 0.73786211
vn 0.54246014 -0.36802015 0.75518090
vn 0.65961653 -0.17972289 0.72979844
vn 0.02751362 -0.86780339 0.49614543
vn -0.36189663 -0.20198885 0.91007215
vn -0.55161154 0.37963107 0.74270111
vn 0.17391081 -0.98445916 0.02440077
vn 0.46834558 -0.88216555 0.04935993
vn 0.61930990 -0.78351665 0.05056695
vn 0.25256068 -0.60444313 -0.75555390
vn 0.41099989 -0.46321172 -0.78518409
vn -0.11976855 -0.13414069 -0.98369801
vn 0.02618556 0.01496321 -0.99954522
vn -0.21130808 -0.12766534 0.96904624
vn 0.17470488 -0.82693595 0.53446728
vn 0.31929043 -0.94693363 0.03701917
vn -0.49930164 0.86475623 -0.05380119
vn -0.62153780 0.50623339 -0.59784496
vn -0.50566655 0.62382656 -0.59593779
vn -0.40883988 0.48412037 0.77361339
vn -0.36950061 0.92851913 -0.03635408
vn -0.33944049 0.72812259 -0.59549791
vn -0.21017906 0.79494619 -0.56910926
vn -0.60529739 0.14117457 0.78338051
vn -0.88743067 0.46045074 -0.02125844
vn -0.74563313 0.35427862 -0.56437403
vn 0.15637599 -0.63248014 -0.75862736
vn 0.32909048 -0.56178093 -0.75901365
vn -0.02528901 -0.02982796 -0.99923509
vn 0.14017263 0.06483758 -0.98800188
vn -0.42590478 0.50662076 0.74962699
vn -0.56607318 0.42030716 0.70915657
vn -0.40162244 -0.22755948 0.88708293
vn -0.24970914 -0.16673133 0.95385849
vn -0.44576177 0.89418209 -0.04165167
vn -0.34495616 0.93831366 -0.02393236
vn -0.01791570 -0.87667978 0.48074067
vn 0.14660327 -0.98912299 0.01196763
vn 0.11507392 -0.84788221 0.51754600
vn 0.27640507 -0.96056449 0.03026750
vn -0.26955447 0.77911055 -0.56597453
vn -0.16557164 0.82457906 -0.54097641
vn 0.15996560 -0.62035477 -0.76783526
vn 0.33422410 -0.55980670 -0.75822872
vn 0.00181472 0.00544451 -0.99998355
vn 0.17304449 0.11393528 -0.97830176
vn -0.77137274 -0.06142787 0.63341200
vn -0.99980336 0.01020203 -0.01700333
vn -0.99866241 0.05013634 -0.01264688
vn -0.22305827 -0.33507040 0.91540855
vn -0.67401236 -0.16627130 -0.71976471
vn -0.08742150 -0.43617702 -0.89560431
vn -0.72545701 -0.02649147 -0.68775755
vn -0.97351307 0.21966185 -0.06341267
vn -0.66884369 0.15978235 -0.72602880
vn 0.04832552 -0.21331623 -0.97578728
vn 0.34180719 -0.64599383 0.68253922
vn 0.61304659 -0.78984660 -0.01778467
vn 0.39454734 -0.68748283 -0.60967183
vn 0.87990910 -0.46470958 0.09902032
vn 0.97099054 -0.22622010 0.07747253
vn 0.60836691 -0.36885244 -0.70273578
vn 0.67471695 -0.14494295 -0.72370476
vn 0.75546294 -0.60596490 0.24916315
vn 0.41261706 -0.70762271 -0.57360029
vn -0.10114966 -0.53711206 -0.83742428
vn 0.13525786 -0.02526223 -0.99048841
vn -0.83286250 -0.07821810 -0.54792517
vn 0.56477118 -0.29870942 0.76928943
vn 0.73991716 -0.07504297 0.66849917
vn 0.91957998 -0.37569800 0.11499421
vn 0.53241593 -0.50327176 -0.68062532
vn 0.02407495 -0.33740494 -0.94105172
vn -0.97667044 0.21400234 -0.01783341
vn -0.59472764 0.34254986 0.72729552
vn -0.12503071 0.18276279 0.97517449
vn -0.86855608 0.47166854 -0.15211575
vn -0.49862826 0.56334323 0.65879774
vn -0.00064486 0.39181653 0.92004317
vn -0.69364500 0.16202463 -0.70185798
vn -0.98213375 0.00855885 -0.18798999
vn -0.75965244 -0.43448415 -0.48389226
vn -0.24455370 -0.83560479 -0.49189261
vn -0.92225426 0.26957044 0.27708998
vn -0.54777616 0.37964687 0.74552637
vn -0.34515345 0.71769661 0.60479802
vn -0.76797128 0.63153946 0.10666879
vn -0.84830779 0.32241186 -0.42002907
vn -0.64716977 -0.03428602 -0.76157457
vn 0.42169282 -0.19756125 0.88495463
vn 0.56385535 -0.53241348 0.63135010
vn 0.41691315 -0.88608235 0.20258719
vn -0.00579726 0.17436755 0.98466361
vn 0.65084618 0.09605198 0.75310910
vn 0.20008700 0.50589764 0.83906662
vn 0.81592709 -0.23584870 0.52786231
vn 0.07662928 -0.96342301 -0.25679576
vn -0.09800929 -0.51506096 -0.85153180
vn 0.47062027 -0.74239630 -0.47682729
vn 0.02723962 -0.28445423 -0.95830256
vn -0.54008758 0.12582335 -0.83215016
vn -0.74821740 0.43679297 -0.49938223
vn 0.64250684 -0.51415223 -0.56818348
vn -0.10945503 -0.21123821 0.97128677
vn -0.59954399 0.07553312 0.79676956
vn 0.00048206 -0.00289151 0.99999571
vn -0.50935239 0.29218671 0.80943626
vn -0.96204907 0.27248484 0.01461616
vn -0.89539099 0.44522744 0.00691050
vn 0.55668306 -0.60161293 0.57285768
vn 0.67235857 -0.45497936 0.58389020
vn 0.69609243 -0.71613687 0.05102241
vn 0.82276183 -0.56742185 0.03309953
vn 0.03371579 0.06295585 0.99744666
vn -0.51116753 0.13294104 0.84913749
vn -0.99533099 0.05391644 0.08005794
vn 0.82156157 -0.19296664 0.53647053
vn 0.94087332 -0.33741859 -0.03010117
vn 0.07926335 0.22381890 0.97140235
vn 0.86786127 -0.02543678 0.49615499
vn 0.98221147 -0.17767970 -0.06074993
vn -0.47683370 0.28986946 0.82982248
vn -0.97714269 0.20778316 0.04492622
vn -0.29124147 0.81609917 0.49915987
vn 0.17594020 0.77052373 0.61264873
vn 0.78493184 0.57270378 0.23641571
vn -0.82939327 0.16303855 -0.53434581
vn -0.14663495 -0.27876735 -0.94909799
vn -0.74955720 0.34319463 -0.56602246
vn -0.03080791 -0.06414085 -0.99746519
vn 0.34240183 -0.55318844 -0.75943643
vn 0.46793035 -0.35844517 -0.80781078
vn -0.88079405 -0.08945570 -0.46497262
vn -0.12108297 -0.34132022 -0.93211561
vn -0.17146719 -0.24696410 0.95373368
vn 0.42401883 -0.73111916 0.53448379
vn -0.47894391 0.33993763 0.80935478
vn -0.02979747 -0.07127260 0.99701172
vn 0.55730408 -0.61061752 0.56263530
vn -0.78165865 0.62348074 -0.01678272
vn 0.56100136 -0.82750571 0.02262408
vn -0.63409108 0.51661909 -0.57535493
vn 0.70242906 -0.71141601 0.02192838
vn 0.27113876 -0.56479907 -0.77941382
vn -0.52465385 0.11148549 0.84398431
vn -0.97636664 0.21433133 0.02775732
vn 0.00322598 -0.07661384 0.99705571
vn -0.93928206 0.34273657 0.01675852
vn -0.46986291 0.26153502 0.84310633
vn 0.06779893 0.07135384 0.99514419
vn -0.85001266 0.11631745 -0.51375961
vn -0.81507033 0.23376718 -0.53010702
vn 0.44717726 -0.41578045 -0.79193377
vn -0.08157121 -0.18120225 -0.98005712
vn 0.49156827 -0.25660849 -0.83217365
vn 0.73682958 -0.39795440 0.54654789
vn -0.85797375 0.06264168 -0.50986004
vn 0.86659741 -0.49859720 -0.02024769
vn 0.80488706 -0.26027721 0.53330368
vn 0.93114150 -0.36322644 -0.03228159
vn 0.40519819 -0.40573567 -0.81926370
vn 0.43047199 -0.39432240 -0.81191361
vn 0.47437859 -0.26675799 -0.83893096
vn -0.14045587 -0.18454708 -0.97273558
vn 0.00085420 -0.00299020 -0.99999517
vn 0.27864826 -0.82193708 0.49676415
vn -0.27149874 -0.30536565 0.91271043
vn -0.64387786 0.15871502 0.74848568
vn -0.47316360 0.35558280 0.80602562
vn -0.10179345 -0.13087741 0.98615891
vn 0.43764493 -0.71558273 0.54443401
vn 0.44516203 -0.89542907 -0.00612610
vn 0.60590750 -0.79543531 0.01260283
vn -0.82697999 0.56052190 -0.04380945
vn -0.68206578 0.73115158 -0.01426910
vn -0.12877171 -0.21575642 -0.96791893
vn -0.07323552 -0.08188316 -0.99394757
vn -0.64659715 0.48315161 -0.59031910
vn -0.08621342 -0.09477354 -0.99175864
vn 0.27320889 -0.55345339 -0.78679496
vn -0.50005257 0.64340836 -0.57963187
vn 0.08552386 0.08150605 -0.99299669
vn 0.45308468 -0.40311217 -0.79511940
vn -0.57533574 0.12157502 0.80883145
vn -0.96259010 0.27095947 -0.00110886
vn -0.80984753 0.18342380 -0.55722767
vn -0.50584239 0.26281014 0.82161701
vn -0.90850770 0.41781634 -0.00659335
vn -0.75212568 0.33340231 -0.56846291
vn -0.06039139 -0.10269967 0.99287754
vn 0.68138450 -0.44624746 0.58015376
vn 0.00834977 0.04239051 0.99906623
vn 0.75852025 -0.29965082 0.57866794
vn 0.84304297 -0.53711784 0.02798474
vn 0.92171550 -0.38699841 0.02594222
vn -0.07929571 -0.16932556 -0.98236507
vn 0.44663286 -0.39946046 -0.80059379
vn -0.00295523 -0.01937235 -0.99980795
vn 0.53019315 -0.24753000 -0.81094027
vn 0.21502295 -0.86440623 0.45449644
vn 0.41007537 -0.76067400 0.50320309
vn -0.11102160 -0.10912389 0.98780876
vn -0.31918687 -0.33016428 0.88831937
vn -0.62562567 0.13756229 0.76789916
vn -0.43548799 0.38710052 0.81271362
vn -0.08814730 -0.17886847 0.97991639
vn -0.53914738 0.15789801 0.82727766
vn 0.54856509 -0.65241355 0.52290821
vn 0.36065322 -0.93231094 -0.02693676
vn 0.54455912 -0.83857352 -0.01580726
vn -0.42137903 0.31727368 0.84957469
vn 0.02970991 -0.02607180 0.99921858
vn 0.68986005 -0.48593166 0.53662235
vn -0.67226565 0.73262614 -0.10638541
vn -0.57584363 0.62274134 -0.52971447
vn -0.15055512 0.95304233 0.26276129
vn -0.43394345 0.88602591 -0.16325200
vn -0.35223311 0.81712359 -0.45633426
vn -0.32354733 0.23817591 0.91574526
vn -0.99393708 -0.10693004 -0.02559481
vn -0.18861607 -0.97225237 0.13838175
vn 0.04450072 0.43043068 -0.90152597
vn 0.11042832 0.67389655 -0.73052657
vn -0.01786142 -0.43784955 0.89887094
vn 0.35704988 -0.78943390 0.49930903
vn 0.45917559 -0.86365372 0.20799053
vn 0.20332995 0.91355282 0.35224757
vn 0.11746829 0.19962080 0.97280675
vn 0.64202183 0.76167136 0.08754832
vn 0.68909520 0.69202137 -0.21506806
vn 0.87408364 0.45157069 -0.17905772
vn 0.89196259 -0.21265896 0.39897230
vn 0.41252622 0.64202052 -0.64624435
vn 0.48054153 0.38381425 -0.78852171
vn -0.54989183 0.83419901 -0.04160590
vn -0.17460592 0.78712374 0.59156495
vn 0.24757579 0.65534759 0.71360058
vn -0.46555680 0.74750394 -0.47380880
vn -0.00659078 0.92402887 0.38226584
vn -0.27421549 0.95910424 -0.07017837
vn -0.20300187 0.90783405 -0.36691627
vn 0.29163852 0.83455479 0.46740270
vn 0.80627447 -0.57756174 0.12784328
vn -0.10386531 0.42194018 0.90065449
vn -0.04587999 0.52811092 0.84793508
vn -0.98664939 0.09543250 -0.13196898
vn -0.97336131 -0.01363190 -0.22887132
vn 0.23388588 0.58606440 0.77577442
vn 0.69493574 0.17665094 0.69703579
vn 0.86647099 -0.11280854 0.48631498
vn 0.91306794 -0.39587384 0.09793300
vn 0.22572203 0.41472045 0.88150811
vn 0.24354918 0.48328733 0.84090257
vn -0.97378802 -0.14413998 -0.17595661
vn -0.50125909 0.86403465 -0.04672751
vn -0.18311635 0.75801677 0.62600249
vn 0.24173428 0.59846008 0.76381284
vn 0.12520851 0.51003069 -0.85099441
vn 0.56871343 0.37631297 -0.73140532
vn 0.21318196 0.74087352 -0.63691437
vn -0.97432894 -0.07875453 -0.21090518
vn -0.22047603 0.97297007 -0.06869905
vn 0.04107933 0.92112488 0.38709360
vn 0.35439354 0.79433030 0.49340123
vn 0.52898735 0.64253277 -0.55436826
vn -0.37808502 0.80343044 -0.45994702
vn -0.89859569 0.43867925 0.00929134
vn -0.78456992 0.61981016 0.01689850
vn 0.22647607 0.56363618 -0.79436958
vn 0.33243632 0.44850236 0.82965761
vn -0.00287701 0.69769156 0.71639246
vn -0.29357851 0.95413005 0.05871569
vn 0.65091455 0.39208642 -0.65006047
vn -0.14241450 0.92809385 -0.34403479
vn 0.30244458 0.75532818 -0.58138341
vn 0.61524945 0.62461889 -0.48095664
vn 0.44751096 0.61734939 0.64700365
vn 0.21089560 0.79761779 0.56509191
vn 0.02492221 0.99688959 0.07476667
vn -0.96734953 -0.02981937 -0.25168583
vn 0.93991143 0.17007926 0.29603997
vn 0.93782181 -0.31317693 0.14970151
vn 0.93209451 0.08133298 0.35296577
vn 0.98982507 -0.02825028 0.13945679
vn 0.84631521 0.41058859 0.33936384
vn 0.93972886 0.32416466 -0.10875215
vn 0.71033692 0.67841172 0.18756075
vn 0.77537793 0.61872274 -0.12637752
vn 0.92807525 0.15547411 0.33838460
vn 0.99064058 0.05756794 0.12376255
vn 0.83765936 0.35960996 0.41110519
vn 0.95900631 0.28312701 -0.01208483
vn 0.75785720 0.59168774 0.27487841
vn 0.90693307 -0.41020945 -0.09592127
vn 0.84753251 0.53050441 -0.01593120
vn 0.87167484 0.13716716 0.47049779
vn 0.68446863 -0.72554880 -0.07128629
vn 0.83151335 -0.55300778 -0.05261303
vn 0.99549168 0.08332314 0.04531593
vn 0.83574104 0.39945593 0.37679157
vn 0.93194652 0.35225362 0.08598302
vn 0.98310298 -0.13240692 -0.12639998
vn 0.98605984 -0.02911309 -0.16382456
vn 0.16019531 -0.77320188 0.61359304
vn 0.19811104 -0.94715381 0.25229278
vn 0.85576731 0.46767363 -0.22123206
vn -0.16742994 -0.17221373 0.97072643
vn -0.92379844 -0.27073655 0.27073663
vn -0.20920904 0.05045864 0.97656822
vn -0.95938540 0.07543400 0.27182600
vn -0.97324830 0.12640491 -0.19185829
vn 0.36495855 -0.92934364 0.05590829
vn 0.42658654 -0.04185862 0.90347761
vn 0.35135853 0.17888859 0.91899186
vn 0.85349202 0.52082843 -0.01700463
vn -0.99039000 0.13503844 0.02987428
vn 0.48538852 -0.86930591 0.09330185
vn 0.50066268 -0.02247235 0.86535072
vn 0.44226593 0.19697249 0.87498724
vn 0.31315663 -0.94964582 -0.01028537
vn 0.21449389 -0.97666758 -0.01061982
vn -0.22159456 -0.00238806 0.97513604
vn -0.50473130 -0.00576834 0.86325723
vn -0.52889812 -0.35178807 0.77234185
vn -0.24928260 -0.44480050 0.86023873
vn -0.59173614 -0.62185860 0.51297206
vn -0.32611948 -0.77675760 0.53878921
vn -0.26291960 0.44068646 0.85829413
vn -0.53801852 0.34822130 0.76764446
vn 0.22129618 -0.96459776 -0.14345449
vn 0.92335582 -0.38022625 -0.05331247
vn -0.67517018 -0.71635020 0.17603311
vn -0.43448752 -0.89347857 0.11365217
vn -0.76781803 -0.61807764 -0.16862854
vn -0.55074048 -0.77335894 -0.31400806
vn -0.83431321 -0.35964093 -0.41782784
vn -0.64023727 -0.44572350 -0.62564117
vn -0.86344153 -0.01528619 -0.50421733
vn -0.67359734 -0.00771301 -0.73905832
vn 0.13672498 -0.86868632 0.47612020
vn 0.22834505 -0.49804974 0.83654362
vn 0.25358582 0.00257018 0.96730947
vn 0.19894223 0.49577919 0.84535497
vn 0.01231261 -0.99991906 -0.00320816
vn 0.95770872 -0.28490025 -0.04032185
vn -0.11589116 -0.86749327 -0.48376092
vn -0.80078655 0.57294625 0.17456712
vn -0.84285688 0.50262839 0.19224249
vn 0.65482813 -0.43494037 0.61808336
vn 0.57653534 -0.75955927 0.30112582
vn 0.46762523 -0.87542647 -0.12229145
vn 0.35207716 -0.75943768 -0.54707980
vn -0.35293326 0.76297742 0.54157507
vn -0.60313970 0.61281466 0.51056898
vn 0.13551018 -0.54121214 0.82989556
vn 0.12924615 -0.51830280 0.84537441
vn 0.40457192 -0.57167745 0.71379727
vn 0.45767629 -0.16696571 0.87330115
vn -0.46751791 0.87527937 0.12374607
vn -0.69194460 0.69822073 0.18357721
vn -0.57545346 0.75950366 -0.30332747
vn -0.78264761 0.60410529 -0.15006575
vn -0.84356880 0.34902397 -0.40813467
vn -0.64905727 0.43791327 -0.62205839
vn 0.07584817 0.85860097 0.50700259
vn 0.73334384 -0.26316637 0.62685746
vn 0.61200243 -0.58839232 0.52843887
vn -0.07180353 0.99723268 0.01927263
vn -0.18096519 0.85702014 -0.48246053
vn 0.61048466 0.43634799 0.66099089
vn 0.49826905 0.78247994 0.37343413
vn 0.36101833 0.92748541 -0.09714320
vn 0.86123818 0.49153587 0.12907858
vn 0.25631166 0.77864259 -0.57273042
vn 0.43757638 -0.89906853 -0.01423870
vn -0.67853320 0.14713396 0.71968347
vn 0.66463667 0.00000006 0.74716681
vn 0.09885810 0.14828701 0.98399091
vn 0.20504689 0.16793112 0.96423805
vn 0.78459501 -0.59992206 0.15653814
vn 0.84786433 -0.34552789 0.40216485
vn 0.85631794 -0.00592602 0.51641500
vn 0.81773400 0.34319076 0.46209463
vn 0.69983965 -0.69059724 -0.18248282
vn 0.60638070 -0.60014492 -0.52165955
vn -0.88714463 0.41138524 0.20913309
vn 0.34910071 0.24718025 0.90389746
vn 0.10467226 0.45241639 0.88564283
vn -0.28251013 0.89901006 0.33461758
vn 0.73983026 0.63265967 0.22889519
vn -0.30239955 0.87063038 0.38801739
vn -0.26891336 0.89190978 0.36356923
vn -0.62001151 0.76903999 0.15544547
vn 0.63274932 0.75495917 -0.17223588
vn -0.53494835 0.83511162 0.12813610
vn -0.54003072 0.82959574 0.14190760
vn -0.53398186 0.83338833 0.14257455
vn 0.52862370 0.63173205 -0.56698459
vn 0.17953663 0.49666023 0.84917331
vn 0.39092168 0.62116945 0.67921185
vn 0.69852340 0.33950415 0.62992221
vn 0.93161923 -0.33315673 0.14523186
vn 0.95929676 0.18079790 0.21693730
vn 0.92197555 0.31685254 0.22263369
vn 0.93630159 -0.35003459 -0.02855340
vn 0.98162556 0.18847704 -0.02979756
vn 0.94595271 0.32305020 -0.02849711
vn -0.17778946 0.96310180 0.20205407
vn 0.62356156 0.74161541 0.24734122
vn -0.15932675 0.98257905 0.09567317
vn 0.63827205 0.76909381 -0.03322194
vn -0.15628920 0.98634613 0.05191293
vn 0.61852247 0.77234530 -0.14461286
vn -0.20105688 0.91064316 0.36097834
vn -0.40622091 0.91377491 0.00017084
vn -0.41620713 0.90915000 0.01476222
vn 0.74138224 -0.65418851 0.14963236
vn -0.60108483 -0.75094569 0.27345502
vn -0.67479366 -0.69312316 0.25344378
vn -0.05586957 -0.98669308 0.15269352
vn 0.00039726 -0.28980470 0.95708573
vn 0.46389362 0.13879514 0.87495065
vn 0.76219475 0.01793545 0.64709926
vn -0.11557281 0.99327463 0.00696187
vn 0.91784120 -0.33424890 0.21411505
vn 0.77560258 -0.60631990 0.17554781
vn 0.76505089 -0.01465959 0.64380312
vn 0.74105340 -0.24019559 0.62701350
vn 0.75845331 -0.02060445 0.65140170
vn 0.66573107 0.44184670 0.60131001
vn 0.96835393 -0.10369107 0.22702177
vn 0.94040227 -0.25085828 0.22959472
vn 0.90446365 -0.40499759 -0.13387561
vn 0.77043343 -0.62434995 -0.12891722
vn 0.97075409 -0.19717714 -0.13695875
vn 0.91500610 -0.33813915 0.22005872
vn 0.96783435 -0.10302603 0.22952633
vn 0.94230407 -0.31610039 -0.11019796
vn 0.91797328 -0.38253599 -0.10483912
vn 0.98337686 -0.14078563 -0.11467069
vn 0.37087941 0.92865193 -0.00736342
vn 0.85703039 0.47468430 0.20043440
vn 0.86666703 0.48889619 -0.09934142
vn 0.82982814 -0.55727845 -0.02874261
vn 0.91971135 0.35124090 0.17538822
vn 0.93206704 0.34911647 -0.09679215
vn 0.91073364 0.35304934 -0.21429041
vn -0.26951528 0.79228407 0.54740059
vn -0.67196691 0.73943347 0.04121599
vn -0.93927288 -0.30022424 0.16622818
vn -0.90637541 -0.42189413 -0.02211312
vn -0.97244626 -0.19718233 0.12436807
vn -0.94379354 -0.31975701 -0.08372214
vn -0.26838911 0.31498903 0.91035664
vn -0.07774304 0.29094550 0.95357579
vn -0.07527285 0.33951110 0.93758541
vn -0.08090913 0.36200634 0.92865771
vn -0.10092629 0.46182576 0.88120991
vn 0.32827803 0.66404307 0.67177415
vn 0.20160986 0.86622620 0.45717132
vn 0.00399345 -0.98792899 -0.15485610
vn 0.00000014 -0.22329114 0.97475189
vn 0.00690149 -0.94996101 -0.31229228
vn -0.00413266 -0.34198898 0.93969488
vn 0.03344601 -0.99932492 -0.01520267
vn 0.14106433 -0.19122031 0.97135764
vn 0.12415516 0.30669829 0.94367456
vn 0.38796785 -0.19177030 0.90150172
vn 0.74271446 -0.19047891 0.64194471
vn 0.82169914 0.24043290 0.51672292
vn 0.87446666 -0.20599289 0.43917531
vn 0.26421666 -0.94975168 -0.16781326
vn 0.14879420 0.97432381 0.16897747
vn 0.20387319 0.96440053 0.16842610
vn 0.08210583 0.78342605 0.61603767
vn 0.15222602 0.55483937 0.81791234
vn 0.15105574 0.63186687 0.76021475
vn 0.34289253 0.52730525 0.77741492
vn 0.36559090 0.59210837 0.71815807
vn 0.29961905 0.88804162 0.34872726
vn 0.49263495 0.49950892 0.71260202
vn 0.47341388 0.48789835 0.73337203
vn 0.69216037 0.38780940 0.60870183
vn 0.46136296 0.56605685 0.68317193
vn 0.42080969 0.57354331 0.70282805
vn 0.67454624 0.45158383 0.58400297
vn 0.79185849 0.32377017 0.51781583
vn 0.93772376 -0.21171932 0.27540720
vn 0.89155376 0.35220030 0.28475749
vn 0.97820014 0.16276553 0.12896547
vn 0.98786604 -0.03613070 -0.15104747
vn -0.26734260 -0.30252284 0.91488135
vn -0.23261847 -0.12614329 0.96435291
vn -0.90781599 -0.34193119 0.24280313
vn 0.07528734 -0.04219699 0.99626869
vn 0.13989723 -0.20165698 0.96941388
vn -0.06871659 -0.96019781 0.27073681
vn 0.35003072 -0.90294093 0.24935168
vn 0.08319677 -0.99652493 -0.00404715
vn 0.32995516 -0.94391066 -0.01273909
vn 0.95979804 0.26538014 0.09143933
vn 0.97753924 -0.13639265 -0.16066760
vn -0.33025989 0.36566478 0.87018257
vn -0.06421044 0.27571696 0.95909196
vn -0.13087316 0.43809828 0.88934928
vn -0.95170331 -0.13059857 0.27785793
vn -0.40332708 0.53139645 0.74494642
vn -0.20805141 0.61041528 0.76426947
vn -0.81150818 -0.45915931 0.36142382
vn 0.01882260 0.07120953 0.99728376
vn 0.12642466 0.09427891 0.98748589
vn 0.06261419 0.31836978 0.94589651
vn 0.01266393 0.47343919 0.88073546
vn 0.24114774 -0.19013999 0.95167994
vn 0.16458394 -0.02717821 0.98598862
vn 0.47064099 -0.85052222 0.23475318
vn 0.42765397 0.05135371 0.90248263
vn 0.57109666 -0.08940097 0.81600004
vn 0.76854181 -0.60535133 0.20710695
vn 0.35963354 0.17816839 0.91592562
vn 0.31062353 0.39762956 0.86336780
vn 0.28626156 0.53199691 0.79688996
vn -0.05602510 0.65582901 0.75282770
vn 0.80003339 0.38137326 0.46314260
vn -0.21665877 0.90124148 -0.37526366
vn -0.13529886 0.98720253 0.08441208
vn 0.02637972 0.99426556 0.10363471
vn -0.04278158 -0.74245203 0.66853184
vn -0.08558815 -0.61312324 0.78533733
vn -0.22250278 0.89678001 -0.38246328
vn 0.01162827 0.94381511 -0.33026937
vn 0.00754466 0.93342638 -0.35868976
vn 0.09236531 0.38143006 0.91977161
vn 0.94884640 -0.13961191 0.28319436
vn 0.77410609 -0.50298005 0.38440967
vn 0.71710479 -0.69696319 -0.00173639
vn 0.96326655 -0.21958280 0.15459959
vn 0.97432345 0.15627119 0.16208981
vn 0.99752533 0.06440362 -0.02820244
vn 0.14033097 -0.09169188 0.98584980
vn -0.02847577 -0.99935740 0.02177398
vn 0.07557440 -0.89145416 0.44676396
vn -0.02951028 -0.99942231 0.01685890
vn 0.12595430 -0.88418478 0.44983640
vn 0.06305868 -0.99799770 0.00492470
vn 0.06230621 -0.99804085 -0.00569611
vn 0.13360690 0.12942201 0.98254728
vn -0.65596688 0.73551434 0.16948816
vn 0.25428587 0.13290818 0.95795310
vn 0.26037911 -0.08933863 0.96136439
vn -0.01478509 -0.75662190 0.65368551
vn -0.01090532 -0.39708036 0.91771907
vn -0.02692148 0.02780614 0.99925077
vn -0.03082298 0.98878849 0.14610767
vn -0.03445397 -0.96289134 0.26768151
vn 0.08876769 -0.75704145 0.64730877
vn 0.09155315 -0.39626381 0.91356063
vn 0.07591279 0.03489080 0.99650383
vn 0.06778679 -0.96497482 0.25343347
vn -0.65059996 0.70643890 0.27868226
vn -0.07281685 -0.98333651 -0.16657484
vn 0.03518662 -0.98147756 -0.18831813
vn 0.00561630 0.93413949 0.35686418
vn -0.12293819 -0.80144370 -0.58529854
vn -0.16494353 -0.47320303 -0.86537427
vn -0.00636099 -0.79690874 -0.60406637
vn -0.61640823 0.67407405 0.40701985
vn 0.04782908 0.81681520 0.57491326
vn 0.02760517 0.98990512 0.13901800
vn 0.06780914 0.93543452 0.34693575
vn 0.11194066 0.81873816 0.56314951
vn -0.19273904 0.95392233 -0.22996494
vn -0.21778688 0.74712723 -0.62798876
vn -0.21810424 0.38510147 -0.89673156
vn -0.15073724 0.96599686 0.21006756
vn -0.06277195 0.45127118 0.89017642
vn -0.10597013 0.78372508 0.61200124
vn 0.04583816 0.46395603 0.88467151
vn 0.00755200 0.80268770 0.59635174
vn -0.50954920 -0.81813002 -0.26650152
vn -0.03171780 0.98097205 0.19154117
vn 0.01200126 -0.91776639 -0.39693961
vn -0.52817386 -0.82422620 -0.20416602
vn -0.05473093 -0.59047526 -0.80519783
vn 0.08683895 -0.90684825 -0.41241419
vn -0.96342713 -0.16322772 0.21252082
vn -0.73384148 0.11674751 0.66921353
vn -0.78187269 0.28123176 0.55640256
vn -0.99698704 -0.03425391 0.06959531
vn -0.98822993 -0.12290982 -0.09107689
vn -0.97025228 -0.23806195 0.04401158
vn -0.77061826 -0.30594066 -0.55905974
vn -0.75272077 -0.32668412 -0.57156706
vn -0.06542875 0.96602583 -0.25002649
vn -0.08733170 0.75640935 -0.64824235
vn -0.35351580 -0.29502934 -0.88768476
vn -0.34918770 -0.34015599 -0.87313336
vn -0.89708823 0.30272564 -0.32185382
vn -0.73172414 0.60193241 0.31977668
vn -0.86032665 0.19660060 -0.47030467
vn -0.08118318 -0.55943692 -0.82488769
vn -0.19892554 -0.04305530 -0.97906840
vn -0.94580269 0.31827435 -0.06448950
vn -0.04571300 -0.46423718 -0.88453048
vn -0.07661788 -0.03856117 -0.99631459
vn -0.17314400 0.88096493 -0.44036579
vn -0.07030747 0.88612205 -0.45808798
vn -0.13070190 -0.77364802 -0.61998868
vn -0.23421183 -0.05662384 -0.97053528
vn -0.08036098 -0.75680113 -0.64868659
vn -0.14176016 -0.05285852 -0.98848879
vn -0.09199124 0.39355943 -0.91468495
vn -0.32518956 0.49626663 -0.80496669
vn -0.33472252 0.65997648 -0.67260087
vn -0.14376460 -0.27778623 -0.94982451
vn -0.13503709 -0.32176110 -0.93714184
vn -0.03014768 0.53807455 -0.84235793
vn -0.06593361 0.52502030 -0.84853202
vn -0.73688906 -0.33842513 -0.58520335
vn -0.19239786 0.97223520 0.13319848
vn -0.35296816 -0.35823998 -0.86433649
vn -0.13141786 -0.33807933 -0.93189687
vn -0.78296757 -0.20295592 -0.58802289
vn -0.40419701 -0.18820664 -0.89509946
vn -0.81828213 -0.06588202 -0.57102901
vn -0.44202393 0.00341005 -0.89699680
vn -0.16586213 -0.15970534 -0.97313106
vn -0.19842666 0.04604386 -0.97903365
vn 0.21409617 -0.74718958 0.62918258
vn 0.21715857 -0.39018080 0.89476317
vn 0.19863293 0.04293855 0.97913295
vn 0.18929416 -0.95389158 0.23293476
vn 0.15176696 -0.96600330 -0.20929508
vn 0.10571828 -0.78228176 -0.61388832
vn 0.16329026 0.47250405 0.86606944
vn 0.11962551 0.81001449 0.57407862
vn 0.07548735 0.98217398 0.17215139
vn 0.03873585 0.96327800 -0.26569733
vn 0.01511316 0.75605029 -0.65433908
vn 0.06115885 -0.45058939 -0.89063406
vn 0.02692245 -0.03558419 -0.99900407
vn 0.00938748 0.39659938 -0.91794378
vn -0.22875583 0.51296729 -0.82736659
vn 0.06790031 -0.24336459 -0.96755528
vn -0.27061984 0.49792242 -0.82391649
vn 0.02040824 0.48777565 -0.87273055
vn 0.03490364 0.64865708 -0.76028013
vn 0.62498748 0.28629443 -0.72624117
vn 0.68528295 0.39702487 -0.61053967
vn 0.64970320 0.76007760 -0.01296074
vn 0.41951424 -0.48851618 -0.76508808
vn 0.40542760 -0.46797580 -0.78525609
vn 0.57996494 -0.65007061 -0.49096727
vn 0.62626612 -0.64744532 -0.43428716
vn 0.99408746 -0.01292545 -0.10781044
vn 0.95843142 -0.09352615 -0.26955897
vn 0.91286057 0.01653798 -0.40793633
vn 0.95792741 0.10917165 -0.26543701
vn 0.85229504 0.41993549 0.31184539
vn 0.86187941 0.27063850 0.42885774
vn 0.68608797 0.71065098 0.15575135
vn 0.67802829 0.73280346 0.05724244
vn 0.84220701 0.37935564 -0.38311443
vn 0.54642475 -0.15212114 -0.82357717
vn 0.08286129 -0.28563643 -0.95474911
vn 0.09517728 -0.29555085 -0.95057404
vn 0.07118613 0.99660629 0.04133384
vn 0.08010583 -0.11707798 -0.98988676
vn 0.51359987 -0.17020556 -0.84097886
vn 0.52854401 -0.16978781 -0.83175313
vn 0.52062219 -0.01335115 -0.85368288
vn 0.66978335 0.73676169 0.09258758
vn -0.58193338 -0.80311358 0.12791537
vn 0.07406757 -0.99721909 0.00825428
vn 0.21995455 -0.97531074 -0.01972369
vn -0.02419397 -0.90871602 -0.41671309
vn -0.65886456 -0.73357773 -0.16661690
vn 0.12297330 -0.88611442 -0.44685459
vn -0.85055220 0.05716577 -0.52277434
vn -0.73658633 -0.54115236 -0.40570289
vn -0.13057753 -0.64415872 -0.75366384
vn 0.01851678 -0.62175590 -0.78299224
vn -0.97045881 -0.17505550 0.16602808
vn -0.79929757 -0.27220365 -0.53575045
vn -0.98227048 -0.18736596 -0.00622464
vn -0.99466163 -0.10317590 -0.00173878
vn -0.22571491 -0.24884245 -0.94187593
vn -0.85504359 -0.05110227 -0.51603198
vn -0.27008110 0.02194104 -0.96258765
vn -0.07875193 -0.22768979 -0.97054392
vn -0.11733545 0.04620722 -0.99201679
vn -0.45638439 0.17106375 -0.87318408
vn -0.45078468 0.26585060 -0.85212475
vn -0.21708128 0.22160476 -0.95066667
vn -0.22319497 0.31678891 -0.92186159
vn 0.05770053 0.08614269 -0.99461061
vn 0.03540524 0.25469670 -0.96637261
vn 0.01621200 0.34162831 -0.93969530
vn -0.44405192 0.44727087 -0.77638048
vn -0.23072734 0.49256831 -0.83913141
vn -0.01136259 0.51131052 -0.85932106
vn -0.98301959 -0.18170165 -0.02563312
vn -0.97069186 -0.23719668 -0.03866601
vn -0.91509390 -0.38887957 -0.10665857
vn -0.82521123 -0.10900834 -0.55420536
vn -0.80945426 -0.18209168 -0.55823505
vn -0.74010605 -0.36837739 -0.56261986
vn -0.38436517 -0.29640013 -0.87430567
vn -0.43295455 -0.09019890 -0.89689171
vn -0.44080302 -0.00080120 -0.89760351
vn -0.99820602 -0.05987252 0.00013274
vn -0.16370767 0.49512923 0.85325664
vn 0.28344974 0.57011127 0.77112216
vn -0.98555732 0.13043369 -0.10799901
vn -0.28394681 0.63414258 -0.71919227
vn -0.19557254 0.64814216 -0.73597777
vn -0.37683159 -0.86903161 -0.32059661
vn -0.15065318 -0.91285610 -0.37947005
vn 0.07070885 -0.90151000 -0.42694256
vn -0.97841018 0.18311915 -0.09581807
vn -0.28356260 0.75038391 -0.59708983
vn -0.18869534 0.76637584 -0.61405379
vn -0.14129820 -0.23693627 -0.96119511
vn -0.18413524 -0.03745906 -0.98218691
vn 0.05551189 -0.21574579 -0.97487032
vn -0.00195587 -0.01905038 -0.99981660
vn -0.20992804 0.05149608 -0.97635978
vn -0.22287008 0.14842801 -0.96348226
vn -0.03524101 0.07337575 -0.99668151
vn -0.06904087 0.18407753 -0.98048407
vn 0.47812590 0.04416681 -0.87718010
vn 0.49064967 0.15200047 -0.85799694
vn 0.46264133 0.26434794 -0.84621710
vn 0.81515998 -0.55299789 0.17235883
vn 0.83576196 -0.34860483 0.42423648
vn 0.82431734 -0.04837536 0.56405735
vn 0.77277231 -0.62012583 -0.13515572
vn 0.99434012 0.10375728 -0.02285143
vn 0.98367369 0.17834489 -0.02406743
vn 0.70636612 -0.54651761 -0.44985047
vn 0.62493819 -0.35933948 -0.69305658
vn 0.55215806 -0.08239754 -0.82965797
vn 0.94226569 0.10589396 -0.31768191
vn 0.92110163 0.17961486 -0.34541324
vn 0.51737171 0.15660410 -0.84130949
vn 0.52893364 0.28739753 -0.79851854
vn 0.49425203 0.75660038 -0.42810136
vn 0.63516802 0.75074047 0.18152219
vn 0.81059873 0.43672636 -0.39012793
vn 0.81453001 0.39320347 -0.42653477
vn 0.96336311 -0.10941827 -0.24486575
vn 0.87136537 -0.14841226 -0.46764967
vn 0.48380244 -0.19249195 -0.85374594
vn 0.96776450 -0.06179187 -0.24415913
vn 0.96935129 0.10343768 -0.22284284
vn 0.89834666 0.10395682 -0.42680943
vn 0.77459908 0.27696803 0.56858158
vn 0.70630836 0.55544639 0.43887106
vn 0.55486065 0.17055911 -0.81427222
vn 0.95493269 0.17106733 -0.24256857
vn 0.89064950 0.18823045 -0.41389948
vn -0.48635146 -0.19317061 0.85214281
vn -0.22120456 -0.87849844 0.42344895
vn -0.08901759 -0.99528146 -0.03861000
vn -0.52868438 0.43694213 0.72771865
vn 0.01926262 -0.55586678 -0.83104825
vn -0.29452056 0.95555550 0.01308980
vn -0.13210768 0.84281290 -0.52174139
vn 0.00468147 0.04993702 -0.99874139
vn -0.31523570 0.51746261 0.79552436
vn -0.29954702 -0.15247217 0.94181943
vn -0.09000628 -0.88267612 0.46128270
vn -0.13041253 0.99054879 0.04249393
vn 0.06602695 -0.99762529 -0.01960170
vn 0.21367244 -0.52626759 -0.82303494
vn 0.02708767 0.87433296 -0.48457009
vn 0.18576413 0.10385244 -0.97709084
vn -0.80293626 0.59579867 0.01781836
vn -0.62303495 0.78068334 0.04859030
vn -0.64885092 0.52558035 -0.55023438
vn -0.46749651 0.70614845 -0.53179079
vn 0.17893231 -0.54461944 -0.81937349
vn -0.15546963 -0.04534532 -0.98679942
vn 0.05708574 0.12474316 -0.99054557
vn 0.38747182 -0.39531943 -0.83281940
vn 0.33200228 -0.42405483 -0.84258652
vn -0.10320649 -0.10127130 -0.98949105
vn -0.75986493 0.36090294 -0.54069817
vn 0.03950739 0.08509307 -0.99558955
vn 0.47595698 -0.25132856 -0.84279233
vn -0.63724226 0.55034548 -0.53948331
vn -0.15631658 -0.48499617 -0.86043239
vn -0.16151808 0.91286504 -0.37495247
vn 0.35615373 -0.54365999 -0.75999242
vn 0.35791606 0.57817221 -0.73322105
vn -0.07793386 -0.29895225 -0.95108038
vn -0.05983870 -0.22519903 -0.97247350
vn 0.11591215 0.96773231 -0.22373761
vn 0.40068194 -0.28955063 -0.86926085
vn 0.46175903 0.73353732 -0.49869993
vn 0.38669872 -0.19219704 -0.90195590
vn -0.23438044 0.89135557 -0.38800910
vn -0.08741395 0.65521681 -0.75036651
vn 0.10279465 0.67218143 -0.73321587
vn 0.72232735 0.31106442 -0.61764246
vn 0.73484415 0.54160744 -0.40824690
vn 0.86741555 -0.43567082 -0.24037723
vn -0.21268991 -0.49938881 -0.83986539
vn -0.25364965 -0.00085698 -0.96729589
vn -0.23889749 0.49433503 -0.83579963
vn 0.26781547 -0.43617326 -0.85908544
vn 0.22197023 -0.00000003 -0.97505355
vn 0.21932307 0.43855038 -0.87153375
vn -0.89599359 0.28431419 -0.34111720
vn -0.32171610 0.32073361 -0.89085853
vn -0.23027904 0.31118593 -0.92202759
vn 0.35980827 -0.92983776 -0.07707004
vn -0.96026826 0.12581125 0.24911141
vn -0.28090104 0.56554031 -0.77540886
vn 0.13621840 -0.52313429 -0.84129369
vn 0.13459092 -0.00680105 -0.99087799
vn 0.93082619 0.16116270 -0.32800788
vn -0.21679147 -0.17608625 -0.96020579
vn -0.93905973 -0.27204716 -0.21013595
vn -0.97546846 0.07065947 -0.20849133
vn 0.39287603 -0.04205437 -0.91862935
vn 0.48169655 -0.86787760 -0.12147798
vn 0.46689701 -0.02254960 -0.88402414
vn -0.25989592 0.04884967 -0.96440035
vn 0.31787080 0.17730112 -0.93140888
vn 0.40935022 0.19560020 -0.89116383
vn 0.53288811 -0.34689394 -0.77181274
vn 0.48415628 -0.00000002 -0.87498152
vn 0.48277122 0.35242522 -0.80170345
vn -0.12000949 0.33871976 -0.93320239
vn -0.43117848 0.87225634 -0.23076843
vn -0.42890853 0.87188673 -0.23632833
vn -0.26249442 0.57791322 -0.77273083
vn -0.07174674 0.67061114 -0.73833126
vn 0.32440260 0.41064438 -0.85213506
vn -0.17354549 0.98482537 0.00100082
vn -0.26038334 0.95878524 -0.11371639
vn 0.57993805 0.77880812 -0.23901832
vn 0.91026658 -0.36196524 -0.20098756
vn 0.94385868 0.17910157 -0.27758527
vn 0.90551049 0.31832427 -0.28057161
vn 0.41398844 0.78285235 -0.46449524
vn 0.77944988 0.39049906 -0.48986569
vn 0.88113505 0.36615226 -0.29922196
vn 0.92906564 0.24251181 -0.27932963
vn 0.85514802 0.26642063 -0.44468179
vn 0.57972503 -0.61502182 -0.53447831
vn 0.39592409 -0.61325800 -0.68349016
vn 0.46983656 -0.39764678 -0.78811842
vn 0.66611856 -0.42601123 -0.61220950
vn 0.15325138 -0.37857145 -0.91279662
vn 0.13977216 -0.59096688 -0.79449481
vn 0.17159681 -0.36117220 -0.91657472
vn 0.02764531 -0.55802751 -0.82936186
vn 0.51224941 -0.16749182 -0.84234625
vn 0.71293205 -0.21408387 -0.66775447
vn -0.22077361 0.91176599 -0.34632620
vn -0.41087016 0.91121078 0.02967605
vn 0.68184811 -0.27400321 -0.67823702
vn 0.65745926 -0.39142096 -0.64384556
vn 0.70579082 -0.16923708 -0.68790859
vn 0.64797860 0.45968717 -0.60729855
vn 0.23059684 -0.57384127 -0.78583169
vn -0.38353193 -0.91963685 -0.08468489
vn -0.11122967 -0.98874491 -0.10005738
vn -0.10573806 -0.63959873 -0.76140201
vn -0.56858838 -0.54564428 -0.61561316
vn -0.91604936 -0.26774004 -0.29861176
vn -0.57470125 -0.34725064 -0.74103677
vn -0.08948722 -0.54905915 -0.83097905
vn -0.10428405 -0.30270341 -0.94736242
vn 0.03632420 -0.62407166 -0.78052235
vn 0.05949502 -0.60668170 -0.79271537
vn 0.08376717 -0.50701725 -0.85785580
vn 0.04797200 -0.26200989 -0.96387213
vn -0.88004422 -0.31609663 0.35440809
vn -0.94564533 -0.30504778 0.11269811
vn -0.95624423 -0.29003635 -0.03841991
vn -0.92720884 -0.37203610 -0.04327729
vn -0.89204419 -0.27972767 0.35497835
vn -0.95413566 -0.27435654 0.11980708
vn -0.96519703 -0.25896430 -0.03650219
vn -0.92629343 -0.25123280 -0.28082511
vn -0.87784094 -0.37086460 -0.30307540
vn -0.93611377 -0.21652061 -0.27714619
vn -0.70192277 -0.15341730 -0.69553399
vn -0.74001271 -0.12330985 -0.66119283
vn -0.48367250 0.32505932 0.81264836
vn 0.03172167 0.47129199 0.88140661
vn -0.56877589 0.62617713 0.53328812
vn -0.08850057 0.80937266 0.58058912
vn -0.20607062 0.95942235 -0.19246747
vn -0.21914780 0.97567701 -0.00534741
vn -0.21645336 0.96833163 0.12442593
vn -0.37975678 -0.77497232 0.50517595
vn -0.42097339 -0.50572622 0.75300902
vn -0.36294726 -0.92634124 0.10080269
vn 0.20349373 -0.76945424 0.60541749
vn 0.11903101 -0.42919785 0.89533281
vn 0.24521810 -0.96386337 0.10409376
vn 0.17052153 -0.41518706 0.89361185
vn 0.25577959 -0.75615942 0.60232866
vn 0.29140335 -0.95122433 0.10127397
vn -0.97318530 -0.21468565 0.08258589
vn -0.87673432 -0.21681757 0.42933327
vn -0.97030687 -0.22958623 0.07612471
vn -0.65353751 -0.19228971 0.73206115
vn 0.02021875 -0.01392834 0.99969858
vn 0.06503073 -0.00044844 0.99788326
vn -0.58953708 -0.30320412 0.74867439
vn 0.03350928 -0.18851267 0.98149890
vn 0.19018629 -0.28166869 0.94047433
vn 0.15313089 -0.15382028 0.97616100
vn -0.63457298 -0.26058692 0.72760683
vn 0.00976401 -0.14123456 0.98992801
vn 0.14555852 -0.10199942 0.98407769
vn 0.49888238 -0.85018736 -0.16821975
vn -0.85772359 -0.34753469 0.37885335
vn -0.63717771 -0.42593020 0.64233029
vn -0.95597279 -0.28684238 0.06194731
vn -0.95960087 -0.28050911 0.02192809
vn -0.14333868 -0.96130413 -0.23526238
vn -0.08200581 -0.49458566 -0.86525148
vn 0.03310157 -0.76708227 -0.64069420
vn 0.41797861 -0.87180418 -0.25544348
vn 0.11634113 -0.35834986 0.92630994
vn 0.15904456 -0.34557799 0.92481387
vn -0.62372506 0.77508599 0.10103839
vn -0.89939582 -0.17435400 -0.40085891
vn -0.60195559 -0.12667829 -0.78841752
vn -0.64471275 0.19212279 -0.73988807
vn -0.63878447 0.70090604 -0.31730935
vn -0.64367563 0.47881693 -0.59700590
vn -0.39702159 -0.86084270 -0.31831419
vn -0.47335732 -0.59613252 -0.64850509
vn 0.20313470 -0.88503778 -0.41886082
vn 0.25213456 -0.87173468 -0.42012715
vn 0.09151445 -0.55102813 -0.82945353
vn 0.14796826 -0.53516990 -0.83168417
vn -0.02641823 -0.12773934 -0.99145585
vn -0.19830909 0.97422630 -0.10750193
vn 0.02890150 -0.11167011 -0.99332500
vn -0.12734799 0.98459417 0.11981997
vn -0.11782363 0.93288863 -0.34034744
vn -0.93391585 -0.25227058 -0.25330010
vn 0.47279078 -0.87977964 -0.04956508
vn -0.12165581 0.02054042 -0.99235982
vn 0.13140835 -0.61919087 -0.77416700
vn 0.09450568 -0.47577757 -0.87447381
vn -0.12923585 0.72578037 -0.67567819
vn -0.73695868 -0.20589094 -0.64381737
vn -0.03529480 -0.07307494 -0.99670172
vn 0.00297861 -0.06503591 -0.99787849
vn -0.17480202 0.41081384 -0.89480513
vn 0.00617489 0.05841988 -0.99827302
vn -0.14235447 0.06162503 -0.98789555
vn 0.68546605 0.18436676 -0.70437574
vn -0.31823239 -0.94291091 -0.09821980
vn -0.27818331 -0.81954414 -0.50096065
vn -0.13989048 -0.04036268 -0.98934400
vn 0.00590642 -0.03654683 -0.99931449
vn 0.14213912 0.01177722 -0.98977661
vn 0.20864433 -0.23637864 -0.94899571
vn 0.37089175 0.05003005 0.92732751
vn 0.36572695 0.07759060 0.92748237
vn 0.69184732 0.04848368 0.72041422
vn 0.68288535 0.07153162 0.72701502
vn 0.91642863 0.04461941 0.39770299
vn 0.91166466 0.06933377 0.40504366
vn 0.99862415 0.05227976 0.00408422
vn 0.99668407 0.08107613 0.00689770
vn 0.37343350 0.13703625 -0.91747946
vn 0.36566445 0.16296355 -0.91636914
vn 0.68588609 0.13639490 -0.71481234
vn 0.69368798 0.11604745 -0.71086568
vn 0.91481107 0.10562792 -0.38982487
vn 0.91773885 0.08175262 -0.38868001
vn -0.50370556 -0.59575999 0.62558043
vn -0.44060373 -0.82327580 0.35789010
vn -0.16898787 -0.89075494 0.42189905
vn -0.24324532 -0.60696477 0.75658816
vn -0.37928492 -0.20213391 0.90293127
vn -0.61560160 -0.28392667 0.73513293
vn -0.44256479 -0.89669156 0.00899271
vn -0.17402114 -0.98460108 -0.01666154
vn -0.50363576 -0.79853421 -0.32968789
vn -0.25022399 -0.85916466 -0.44634542
vn -0.61179864 -0.55900711 -0.55965477
vn -0.37851828 -0.54975611 -0.74464232
vn -0.74075401 -0.22569855 -0.63272727
vn -0.53340894 -0.14150804 -0.83393669
vn -0.54055089 0.21582492 0.81315714
vn -0.74692309 0.05728330 0.66243839
vn -0.84355873 0.31009918 0.43846005
vn -0.67516059 0.52415091 0.51906073
vn -0.05633786 -0.08570848 0.99472612
vn -0.23245662 0.38340095 0.89384991
vn -0.38387570 0.73600531 0.55761600
vn -0.75242436 0.65073752 0.10197280
vn -0.90839887 0.40254915 0.11298504
vn -0.46637413 0.88113475 0.07808195
vn -0.84371758 0.10118261 -0.52716476
vn -0.90848118 0.32571819 -0.26185808
vn -0.75281858 0.55559081 -0.35296354
vn -0.67326319 0.26753193 -0.68930650
vn -0.46564800 0.77568221 -0.42601544
vn -0.37644911 0.44560614 -0.81223238
vn -0.05602432 -0.48015040 -0.87539530
vn -0.22497156 -0.01725450 -0.97421259
vn 0.00927715 -0.90501201 -0.42528480
vn 0.18892296 -0.90045410 -0.39177901
vn 0.22974551 -0.95642024 -0.18021531
vn 0.86787808 -0.31045249 0.38782328
vn 0.84208703 -0.08830267 0.53206396
vn 0.15230341 -0.90955222 -0.38667610
vn 0.20786563 -0.91471684 -0.34653279
vn 0.35048246 0.43400860 0.82993889
vn 0.35156459 0.14204097 0.92532521
vn 0.65918398 0.13655621 0.73947883
vn 0.05578649 -0.86066717 -0.50610262
vn 0.89852971 0.13762715 0.41677737
vn 0.31953916 -0.78441167 -0.53159481
vn -0.92713970 -0.37454960 0.01116089
vn 0.34183437 0.18067448 0.92222881
vn 0.64261079 0.18099788 0.74450737
vn 0.88850760 0.18362978 0.42051676
vn -0.88435256 -0.06142836 0.46276030
vn 0.72942179 0.14387509 0.66876286
vn -0.85396063 -0.25914994 -0.45121235
vn -0.85542905 -0.34893250 -0.38273653
vn -0.79249924 -0.22465561 -0.56698769
vn 0.98827839 0.15204287 0.01374842
vn 0.98053497 0.19552627 0.01790697
vn 0.95671779 -0.22994551 0.17837100
vn 0.78279638 0.36642790 -0.50295198
vn 0.41371164 0.91031235 0.01320347
vn 0.97559595 0.21404070 0.04898095
vn 0.98117483 0.11457802 -0.15546040
vn 0.98878694 -0.11880677 -0.09047424
vn 0.98829949 -0.02646589 -0.15021212
vn -0.37879142 0.84874225 0.36899009
vn -0.50507861 0.72457528 0.46892047
vn 0.17583340 0.86966854 -0.46125832
vn 0.56670982 0.42149049 -0.70794469
vn 0.29723054 -0.85817325 0.41856030
vn 0.29832292 -0.60007125 0.74223852
vn 0.29192621 -0.20496933 0.93421990
vn 0.29652351 -0.95502567 0.00000000
vn 0.94733530 -0.00361576 -0.32022297
vn 0.74887699 -0.14376174 0.64692801
vn 0.74887693 0.14376186 0.64692801
vn 0.78994584 0.35965368 0.49662340
vn 0.14152336 0.78481120 0.60335958
vn 0.13803287 0.89282155 0.42873833
vn 0.35640511 0.74051219 0.56975186
vn 0.34963271 0.84449142 0.40569842
vn 0.13789612 0.95984393 0.24430411
vn 0.34977508 0.90588945 0.23879254
vn 0.40016234 0.72698808 0.55799514
vn 0.35105309 0.72978973 0.58665895
vn 0.62982363 0.59235531 0.50243145
vn 0.33132803 0.85155797 0.40628904
vn 0.28265488 0.85839260 0.42809853
vn 0.58011526 0.71545279 0.38935038
vn 0.76951122 0.46576750 0.43693605
vn 0.73532319 0.56931961 0.36766148
vn 0.34809187 0.90376151 0.24909319
vn 0.23991853 0.93815684 0.24960129
vn 0.53639102 0.81011975 0.23662387
vn 0.70783812 0.66198629 0.24645363
vn 0.13095121 0.98755139 0.08714376
vn 0.33689311 0.93736809 0.08856679
vn 0.12881641 0.99032617 -0.05157955
vn 0.34721678 0.93646157 -0.04980197
vn 0.38789481 0.91700482 0.09295166
vn 0.25543284 0.96231562 0.09328845
vn 0.52165449 0.84812140 0.09255657
vn 0.69638127 0.70922095 0.10981255
vn 0.38632029 0.92046738 -0.05913076
vn 0.27329704 0.96029556 -0.05604621
vn 0.52175027 0.85232979 -0.03620189
vn 0.70158297 0.71257657 -0.00399775
vn 0.29192618 0.20496942 0.93421978
vn 0.29832283 0.60007131 0.74223846
vn 0.29723051 0.85817337 0.41856030
vn 0.29652345 0.95502567 -0.00000008
vn 0.71393555 0.68576676 -0.14149211
vn 0.52628165 0.82741284 -0.19599895
vn 0.34938735 0.22618805 -0.90926754
vn 0.34039840 0.26487887 -0.90220183
vn 0.65058190 0.25306791 -0.71603066
vn 0.66523749 0.20388985 -0.71825343
vn 0.89587957 0.22444953 -0.38343468
vn 0.90485311 0.17580399 -0.38772902
vn 0.15793186 0.40501377 -0.90056735
vn 0.29237896 -0.85534298 -0.42767149
vn 0.29643676 -0.60761052 -0.73684108
vn 0.94488877 0.03671851 -0.32532585
vn 0.30825785 -0.21958487 -0.92561311
vn 0.92330152 -0.24219538 -0.29808679
vn 0.92330146 0.24219544 -0.29808679
vn 0.76156026 -0.14800480 -0.63096797
vn 0.76156026 0.14800480 -0.63096797
vn 0.13436823 0.96104300 -0.24153987
vn 0.13485396 0.85752696 -0.49644941
vn 0.36003956 0.90460551 -0.22816749
vn 0.34930548 0.81057400 -0.47005901
vn 0.12559383 0.59998876 -0.79008853
vn 0.32446560 0.56791234 -0.75643760
vn 0.39989999 0.88977760 -0.21994512
vn 0.28199112 0.93152773 -0.22964558
vn 0.39178106 0.79486364 -0.46335664
vn 0.28546187 0.83898628 -0.46326402
vn 0.53252786 0.74302661 -0.40537089
vn 0.72562891 0.60642320 -0.32513645
vn 0.52944827 0.50929111 -0.67845947
vn 0.28138900 0.58469325 -0.76089031
vn 0.50592577 0.21062568 -0.83646631
vn 0.26130518 0.25549850 -0.93082768
vn 0.71955830 0.40751779 -0.56228560
vn 0.68144482 0.16080585 -0.71398497
vn 0.33998749 0.57159483 -0.74678510
vn 0.11627518 0.26277637 -0.95782506
vn 0.30711189 0.24433506 -0.91977316
vn 0.25365064 0.25978741 -0.93175745
vn 0.29643673 0.60761046 -0.73684114
vn 0.29237890 0.85534298 -0.42767155
vn 0.30825785 0.21958481 -0.92561311
vn 0.29586858 0.89619046 -0.33061251
vn 0.33699787 0.39461344 -0.85481733
vn 0.12144090 -0.00992493 -0.99254912
vn 0.13693638 0.19507451 -0.97118205
vn 0.27917603 -0.01172919 -0.96016830
vn 0.30685607 0.19396378 -0.93178189
vn 0.18916927 -0.87295496 0.44962722
vn 0.09911272 -0.55075967 0.82875848
vn 0.19005299 -0.98062509 -0.04747978
vn 0.09876288 -0.83692127 -0.53833878
vn 0.09536085 -0.98881376 -0.11468935
vn 0.31350031 -0.94081354 -0.12879314
vn -0.85984600 -0.02076252 0.51013136
vn -0.93692291 0.13263229 0.32339501
vn -0.97584957 -0.07890920 0.20369375
vn -0.48396975 0.67643654 0.55516386
vn 0.99838179 0.02428547 0.05142032
vn 0.98307377 0.03852901 -0.17911306
vn -0.92822617 -0.26408711 -0.26201934
vn 0.04419143 -0.92415255 -0.37945902
vn 0.27197266 -0.87582266 -0.39870486
vn -0.24967353 -0.09764387 -0.96339440
vn -0.94160879 -0.25925282 -0.21485084
vn -0.27652702 0.03369152 -0.96041548
vn -0.08715805 0.09358657 -0.99178880
vn -0.04412656 -0.03929839 -0.99825275
vn 0.00084896 0.10399432 -0.99457753
vn 0.99736732 -0.03057305 0.06575483
vn 0.98169070 0.07631856 -0.17452475
vn -0.42838806 0.59233880 -0.68236238
vn -0.48006031 0.73814768 -0.47400439
vn -0.12904926 0.25708473 -0.95773363
vn -0.18854186 0.54744667 -0.81532466
vn -0.21506138 0.69688624 -0.68417698
vn -0.05422185 0.31064519 -0.94897819
vn -0.01780881 0.12482022 -0.99201953
vn 0.02859427 -0.01969952 -0.99939698
vn -0.09435522 0.60560811 -0.79014939
vn 0.44332498 -0.89633620 -0.00668126
vn 0.42293960 -0.89722860 -0.12689754
vn 0.71313888 0.07889251 0.69656944
vn 0.72724903 0.13828515 0.67229915
vn 0.73076451 -0.68262470 -0.00260904
vn 0.93691766 0.21941820 0.27210504
vn 0.92599106 0.25613105 0.27737597
vn 0.72144663 -0.68453318 -0.10454275
vn 0.96556890 0.25835693 0.03046981
vn 0.95571744 0.29208747 0.03590659
vn 0.95504445 0.27307454 -0.11541419
vn 0.94492346 0.30746487 -0.11218326
vn 0.37828317 -0.83473003 -0.40015951
vn 0.70186388 -0.61281556 -0.36310351
vn 0.63016832 0.28071141 -0.72393996
vn 0.61639547 0.23636702 -0.75112396
vn 0.39687702 0.10943135 -0.91132522
vn 0.88782513 0.28318560 -0.36272919
vn 0.87741125 0.31929356 -0.35805184
vn 0.32645324 0.25696903 -0.90961266
vn -0.26869807 0.78030330 0.56473720
vn -0.53633612 0.80454934 0.25503719
vn -0.30454364 0.91966325 0.24793679
vn -0.52805287 0.84844041 -0.03618136
vn -0.50588590 0.82454878 -0.25337493
vn -0.30387396 0.95142591 -0.04949106
vn -0.28470680 0.91944772 -0.27121580
vn -0.10718761 0.83944678 0.53276646
vn -0.12965406 0.96522802 0.22699052
vn -0.12881465 0.99069881 -0.04385028
vn -0.11827885 0.95871836 -0.25859126
vn -0.25078985 0.83772349 -0.48510188
vn -0.10811806 0.88539642 -0.45208821
vn -0.10314549 0.75753194 -0.64459795
vn 0.22533342 0.70225251 0.67532688
vn 0.15670349 0.87323660 0.46141309
vn 0.11646973 0.97350627 0.19677532
vn 0.10918565 0.99334443 -0.03668154
vn 0.11302823 0.96762055 -0.22568808
vn 0.12062457 0.91252291 -0.39083460
vn 0.04587553 -0.99013078 -0.13242601
vn 0.00067110 -0.98716253 -0.15971762
vn 0.01533901 0.91834557 -0.39548218
vn 0.08802575 -0.99340951 -0.07340947
vn -0.00656893 -0.70329726 -0.71086562
vn 0.23646732 -0.55624026 -0.79666799
vn 0.36735848 -0.92989928 0.01830607
vn 0.26528868 -0.45818773 -0.84834307
vn 0.72087228 -0.24840736 -0.64702165
vn 0.64258641 -0.11226460 -0.75794429
vn 0.70010394 -0.17981537 0.69102889
vn 0.76870143 -0.44432935 0.46007559
vn 0.78497618 -0.61640382 0.06212033
vn 0.98445678 0.17150956 0.03780678
vn 0.99997818 -0.00644024 0.00148609
vn 0.98781669 0.02325442 -0.15387490
vn 0.97120517 0.19932736 -0.13049573
vn -0.14492562 0.45117822 0.88058776
vn 0.31940231 0.51915479 0.79275501
vn 0.68103951 0.21127573 0.70110470
vn 0.87558532 0.30800366 0.37213454
vn 0.94012719 0.34082353 0.00048710
vn 0.78641760 0.00675043 0.61765826
vn 0.92950970 0.19732612 0.31156737
vn -0.43284902 -0.88899040 -0.14945897
vn -0.25466248 -0.93398666 0.25063100
vn 0.95989400 0.28004992 -0.01325120
vn 0.68775791 -0.19257838 0.69993043
vn 0.61587262 -0.75177318 -0.23566560
vn 0.27169755 -0.40588754 -0.87260288
vn -0.17289136 0.80577183 0.56642789
vn 0.29011914 0.81751782 0.49748942
vn 0.85287774 -0.49581283 0.16361316
vn 0.97404444 0.18995892 -0.12309810
vn 0.74965316 -0.55441314 -0.36145014
vn 0.66289043 -0.27584705 -0.69604933
vn 0.54874015 0.05490613 -0.83418810
vn 0.94390601 0.08448461 -0.31922409
vn 0.96753567 0.24654084 -0.05560879
vn 0.88932741 0.16444851 -0.42667729
vn 0.56836176 0.08330806 -0.81855035
vn 0.48079196 0.40767011 -0.77630156
vn 0.39279875 0.67719400 -0.62218761
vn 0.33667088 -0.67890209 -0.65249115
vn -0.20089409 0.97360748 0.10830560
vn 0.43269238 -0.79988664 0.41588306
vn 0.40509483 -0.57748449 0.70880872
vn 0.54733735 -0.81460863 -0.19192354
vn 0.84318054 -0.39471430 0.36503047
vn 0.97687423 -0.13999458 -0.16161157
vn -0.19398883 0.91119879 -0.36343518
vn 0.28847086 0.95511532 0.06737566
vn 0.33255607 0.87619168 -0.34884757
vn 0.90942556 0.16048691 -0.38365236
vn -0.12831040 0.70668679 -0.69579470
vn 0.01440958 0.42231557 -0.90633434

# Mesh 'cbb0351d_dd58_4527_b9d4_9da40f9fd76c' with 1492 faces
g cbb0351d_dd58_4527_b9d4_9da40f9fd76c
usemtl cbb0351d_dd58_4527_b9d4_9da40f9fd76c
f  1//1 2//2 3//3
f  1//1 4//4 2//2
f  4//4 1//1 5//5
f  1//1 6//6 5//5
f  7//7 8//8 9//9
f  9//9 10//10 7//7
f  8//8 11//11 9//9
f  10//10 9//9 12//12
f  13//13 9//9 11//11
f  14//14 12//12 9//9
f  15//15 14//14 9//9
f  13//13 15//15 9//9
f  16//16 17//17 18//18
f  19//19 17//17 20//20
f  19//19 18//18 17//17
f  21//21 22//22 23//23
f  23//23 24//24 21//21
f  22//22 25//25 23//23
f  23//23 26//26 24//24
f  27//27 23//23 25//25
f  26//26 23//23 28//28
f  23//23 29//29 28//28
f  27//27 29//29 23//23
f  30//30 5//5 6//6
f  31//31 32//32 33//33
f  32//32 34//34 35//35
f  32//32 35//35 33//33
f  6//6 36//36 30//30
f  37//37 38//38 39//39
f  40//40 41//41 37//37
f  39//39 40//40 37//37
f  42//42 39//39 38//38
f  38//38 43//43 42//42
f  44//44 45//45 46//46
f  46//46 47//47 44//44
f  45//45 44//44 48//48
f  49//49 44//44 47//47
f  44//44 49//49 50//50
f  44//44 50//50 51//51
f  52//52 48//48 44//44
f  51//51 52//52 44//44
f  43//43 53//53 42//42
f  20//20 54//54 55//55
f  55//55 19//19 20//20
f  54//54 56//56 55//55
f  57//57 58//58 59//59
f  60//60 58//58 61//61
f  57//57 61//61 58//58
f  62//62 63//63 64//64
f  62//62 64//64 65//65
f  63//63 66//66 64//64
f  66//66 67//67 64//64
f  68//68 64//64 67//67
f  69//69 65//65 64//64
f  70//70 69//69 64//64
f  68//68 70//70 64//64
f  59//59 71//71 72//72
f  59//59 72//72 57//57
f  71//71 73//73 72//72
f  74//74 75//75 76//76
f  76//76 77//77 74//74
f  78//78 79//79 31//31
f  33//33 78//78 31//31
f  80//80 76//76 75//75
f  76//76 81//81 77//77
f  81//81 76//76 82//82
f  83//83 82//82 76//76
f  76//76 80//80 84//84
f  76//76 84//84 83//83
f  85//85 35//35 34//34
f  86//86 87//87 88//88
f  86//86 88//88 89//89
f  90//90 91//91 92//92
f  90//90 92//92 93//93
f  94//94 88//88 87//87
f  92//92 91//91 95//95
f  95//95 96//96 92//92
f  97//97 92//92 96//96
f  92//92 97//97 98//98
f  99//99 93//93 92//92
f  98//98 99//99 92//92
f  100//100 101//101 102//102
f  103//103 101//101 104//104
f  103//103 102//102 101//101
f  105//105 106//106 107//107
f  107//107 108//108 105//105
f  106//106 109//109 107//107
f  107//107 110//110 108//108
f  111//111 107//107 109//109
f  110//110 107//107 112//112
f  113//113 112//112 107//107
f  111//111 113//113 107//107
f  104//104 114//114 115//115
f  115//115 103//103 104//104
f  114//114 116//116 115//115
f  117//117 118//118 119//119
f  120//120 119//119 118//118
f  121//121 120//120 118//118
f  122//122 123//123 124//124
f  125//125 126//126 127//127
f  127//127 128//128 125//125
f  129//129 130//130 131//131
f  131//131 132//132 129//129
f  132//132 133//133 129//129
f  122//122 124//124 134//134
f  122//122 134//134 135//135
f  136//136 137//137 138//138
f  138//138 137//137 139//139
f  136//136 140//140 137//137
f  133//133 141//141 129//129
f  140//140 136//136 142//142
f  143//143 144//144 140//140
f  140//140 142//142 143//143
f  143//143 145//145 144//144
f  146//146 147//147 148//148
f  147//147 146//146 149//149
f  147//147 149//149 150//150
f  151//151 150//150 152//152
f  153//153 154//154 155//155
f  156//156 157//157 158//158
f  157//157 156//156 159//159
f  160//160 159//159 156//156
f  161//161 160//160 162//162
f  163//163 164//164 165//165
f  155//155 166//166 167//167
f  168//168 169//169 170//170
f  171//171 172//172 173//173
f  174//174 175//175 176//176
f  177//177 178//178 153//153
f  153//153 179//179 177//177
f  165//165 180//180 181//181
f  182//182 183//183 184//184
f  185//185 186//186 187//187
f  188//188 189//189 190//190
f  190//190 191//191 188//188
f  192//192 193//193 194//194
f  195//195 194//194 193//193
f  196//196 197//197 198//198
f  199//199 200//200 201//201
f  202//202 199//199 201//201
f  203//203 204//204 205//205
f  206//206 207//207 208//208
f  209//209 210//210 211//211
f  212//212 213//213 214//214
f  215//215 216//216 217//217
f  218//218 219//219 220//220
f  218//218 220//220 221//221
f  222//222 223//223 224//224
f  225//225 226//226 227//227
f  228//228 164//164 229//229
f  230//230 231//231 232//232
f  233//233 234//234 235//235
f  236//236 237//237 238//238
f  239//239 236//236 238//238
f  209//209 240//240 210//210
f  241//241 242//242 243//243
f  244//244 229//229 164//164
f  245//245 246//246 247//247
f  245//245 247//247 248//248
f  231//231 249//249 232//232
f  250//250 251//251 252//252
f  253//253 254//254 255//255
f  256//256 257//257 258//258
f  253//253 259//259 254//254
f  260//260 261//261 262//262
f  263//263 264//264 265//265
f  266//266 267//267 268//268
f  269//269 265//265 270//270
f  269//269 271//271 265//265
f  272//272 273//273 274//274
f  275//275 276//276 277//277
f  276//276 275//275 278//278
f  279//279 280//280 281//281
f  282//282 281//281 280//280
f  275//275 277//277 283//283
f  283//283 284//284 275//275
f  285//285 275//275 284//284
f  286//286 278//278 275//275
f  287//287 286//286 275//275
f  275//275 285//285 287//287
f  288//288 289//289 290//290
f  289//289 291//291 290//290
f  290//290 292//292 288//288
f  292//292 290//290 293//293
f  291//291 294//294 290//290
f  295//295 290//290 294//294
f  290//290 295//295 296//296
f  296//296 293//293 290//290
f  297//297 298//298 299//299
f  298//298 300//300 299//299
f  301//301 299//299 300//300
f  299//299 302//302 303//303
f  299//299 304//304 302//302
f  303//303 297//297 299//299
f  304//304 299//299 305//305
f  299//299 301//301 305//305
f  306//306 279//279 281//281
f  281//281 307//307 306//306
f  308//308 309//309 310//310
f  311//311 312//312 308//308
f  310//310 311//311 308//308
f  281//281 313//313 307//307
f  313//313 281//281 314//314
f  281//281 282//282 315//315
f  281//281 315//315 314//314
f  316//316 310//310 309//309
f  317//317 318//318 319//319
f  318//318 320//320 321//321
f  321//321 319//319 318//318
f  320//320 322//322 323//323
f  324//324 321//321 320//320
f  320//320 323//323 324//324
f  325//325 326//326 327//327
f  325//325 328//328 326//326
f  129//129 329//329 130//130
f  129//129 330//330 329//329
f  330//330 129//129 331//331
f  332//332 129//129 141//141
f  129//129 332//332 333//333
f  333//333 331//331 129//129
f  327//327 334//334 325//325
f  335//335 325//325 334//334
f  325//325 336//336 328//328
f  336//336 325//325 337//337
f  325//325 335//335 338//338
f  325//325 338//338 337//337
f  339//339 340//340 341//341
f  274//274 342//342 343//343
f  344//344 270//270 345//345
f  346//346 269//269 270//270
f  347//347 348//348 349//349
f  350//350 351//351 348//348
f  352//352 353//353 354//354
f  355//355 356//356 357//357
f  358//358 359//359 360//360
f  360//360 361//361 358//358
f  362//362 363//363 364//364
f  365//365 366//366 367//367
f  368//368 369//369 370//370
f  371//371 372//372 373//373
f  374//374 370//370 369//369
f  375//375 374//374 369//369
f  370//370 376//376 377//377
f  374//374 376//376 370//370
f  378//378 379//379 380//380
f  381//381 379//379 378//378
f  376//376 374//374 382//382
f  379//379 381//381 383//383
f  384//384 383//383 381//381
f  385//385 386//386 387//387
f  385//385 387//387 388//388
f  389//389 390//390 391//391
f  392//392 138//138 139//139
f  393//393 394//394 395//395
f  396//396 397//397 398//398
f  396//396 398//398 399//399
f  399//399 400//400 396//396
f  401//401 402//402 398//398
f  398//398 402//402 399//399
f  403//403 399//399 402//402
f  404//404 405//405 406//406
f  407//407 408//408 405//405
f  405//405 404//404 407//407
f  407//407 409//409 408//408
f  410//410 411//411 412//412
f  413//413 414//414 415//415
f  411//411 410//410 416//416
f  416//416 410//410 417//417
f  418//418 416//416 419//419
f  420//420 421//421 422//422
f  423//423 424//424 425//425
f  426//426 427//427 428//428
f  429//429 430//430 431//431
f  432//432 429//429 431//431
f  429//429 433//433 434//434
f  434//434 435//435 429//429
f  429//429 432//432 436//436
f  437//437 438//438 435//435
f  439//439 434//434 433//433
f  435//435 440//440 441//441
f  440//440 435//435 442//442
f  443//443 435//435 441//441
f  437//437 435//435 443//443
f  442//442 435//435 434//434
f  434//434 444//444 442//442
f  445//445 446//446 447//447
f  447//447 448//448 449//449
f  450//450 451//451 452//452
f  440//440 442//442 453//453
f  453//453 442//442 454//454
f  446//446 455//455 456//456
f  455//455 446//446 445//445
f  457//457 458//458 459//459
f  460//460 461//461 459//459
f  462//462 463//463 464//464
f  465//465 466//466 461//461
f  467//467 468//468 461//461
f  461//461 460//460 467//467
f  460//460 469//469 470//470
f  460//460 470//470 467//467
f  471//471 464//464 463//463
f  471//471 472//472 464//464
f  468//468 473//473 474//474
f  475//475 467//467 470//470
f  476//476 477//477 426//426
f  478//478 479//479 480//480
f  479//479 481//481 480//480
f  480//480 482//482 483//483
f  482//482 480//480 484//484
f  481//481 485//485 480//480
f  485//485 486//486 480//480
f  487//487 484//484 480//480
f  488//488 487//487 480//480
f  489//489 490//490 491//491
f  492//492 489//489 491//491
f  493//493 489//489 492//492
f  494//494 495//495 496//496
f  494//494 496//496 497//497
f  498//498 499//499 500//500
f  495//495 501//501 496//496
f  502//502 503//503 497//497
f  504//504 505//505 506//506
f  507//507 490//490 489//489
f  508//508 509//509 510//510
f  511//511 509//509 512//512
f  509//509 508//508 513//513
f  508//508 514//514 513//513
f  515//515 516//516 499//499
f  499//499 516//516 500//500
f  517//517 500//500 516//516
f  500//500 517//517 518//518
f  500//500 518//518 519//519
f  519//519 520//520 500//500
f  521//521 493//493 522//522
f  512//512 523//523 511//511
f  524//524 523//523 525//525
f  512//512 526//526 523//523
f  527//527 528//528 524//524
f  512//512 529//529 526//526
f  529//529 512//512 530//530
f  531//531 530//530 512//512
f  512//512 532//532 531//531
f  533//533 534//534 535//535
f  536//536 537//537 535//535
f  535//535 534//534 536//536
f  538//538 534//534 533//533
f  539//539 540//540 534//534
f  534//534 538//538 541//541
f  534//534 541//541 542//542
f  534//534 542//542 543//543
f  534//534 543//543 544//544
f  534//534 544//544 545//545
f  534//534 545//545 546//546
f  534//534 546//546 547//547
f  534//534 547//547 539//539
f  548//548 549//549 550//550
f  551//551 517//517 516//516
f  520//520 519//519 552//552
f  520//520 552//552 553//553
f  520//520 553//553 554//554
f  555//555 548//548 556//556
f  548//548 555//555 557//557
f  558//558 559//559 560//560
f  561//561 560//560 559//559
f  562//562 561//561 559//559
f  561//561 562//562 563//563
f  561//561 563//563 564//564
f  565//565 564//564 563//563
f  566//566 567//567 568//568
f  569//569 566//566 568//568
f  568//568 570//570 569//569
f  566//566 569//569 571//571
f  572//572 573//573 570//570
f  574//574 570//570 573//573
f  575//575 576//576 570//570
f  577//577 575//575 570//570
f  574//574 577//577 570//570
f  569//569 578//578 579//579
f  569//569 579//579 571//571
f  579//579 580//580 571//571
f  581//581 573//573 582//582
f  573//573 581//581 574//574
f  581//581 583//583 574//574
f  583//583 584//584 574//574
f  585//585 575//575 577//577
f  586//586 585//585 577//577
f  587//587 588//588 589//589
f  590//590 589//589 588//588
f  587//587 589//589 591//591
f  590//590 592//592 593//593
f  594//594 89//89 88//88
f  595//595 594//594 88//88
f  596//596 595//595 88//88
f  88//88 94//94 597//597
f  88//88 597//597 596//596
f  598//598 599//599 600//600
f  599//599 598//598 601//601
f  599//599 601//601 602//602
f  599//599 603//603 600//600
f  603//603 599//599 604//604
f  605//605 606//606 607//607
f  607//607 608//608 605//605
f  605//605 609//609 606//606
f  610//610 605//605 608//608
f  609//609 605//605 611//611
f  612//612 611//611 605//605
f  613//613 612//612 605//605
f  605//605 610//610 613//613
f  614//614 604//604 599//599
f  615//615 614//614 599//599
f  599//599 602//602 615//615
f  616//616 617//617 618//618
f  617//617 616//616 619//619
f  618//618 620//620 616//616
f  616//616 620//620 621//621
f  621//621 622//622 616//616
f  623//623 616//616 622//622
f  623//623 624//624 616//616
f  616//616 624//624 619//619
f  625//625 626//626 627//627
f  626//626 628//628 629//629
f  626//626 629//629 627//627
f  630//630 631//631 625//625
f  625//625 627//627 630//630
f  632//632 633//633 634//634
f  635//635 636//636 637//637
f  638//638 639//639 640//640
f  641//641 642//642 631//631
f  631//631 630//630 641//641
f  642//642 641//641 643//643
f  643//643 644//644 642//642
f  645//645 646//646 644//644
f  643//643 645//645 644//644
f  647//647 648//648 649//649
f  650//650 651//651 652//652
f  650//650 652//652 653//653
f  645//645 654//654 646//646
f  655//655 656//656 657//657
f  658//658 659//659 660//660
f  661//661 662//662 663//663
f  664//664 665//665 666//666
f  667//667 668//668 669//669
f  667//667 669//669 670//670
f  667//667 670//670 671//671
f  668//668 672//672 669//669
f  672//672 673//673 669//669
f  674//674 669//669 673//673
f  669//669 675//675 676//676
f  674//674 675//675 669//669
f  669//669 676//676 670//670
f  677//677 670//670 676//676
f  670//670 677//677 678//678
f  679//679 671//671 670//670
f  680//680 679//679 670//670
f  670//670 678//678 680//680
f  681//681 682//682 651//651
f  683//683 653//653 652//652
f  684//684 685//685 686//686
f  687//687 688//688 683//683
f  689//689 690//690 691//691
f  692//692 693//693 694//694
f  695//695 696//696 697//697
f  698//698 699//699 700//700
f  701//701 702//702 698//698
f  700//700 701//701 698//698
f  699//699 703//703 704//704
f  704//704 700//700 699//699
f  703//703 705//705 706//706
f  706//706 704//704 703//703
f  705//705 707//707 708//708
f  705//705 708//708 706//706
f  709//709 708//708 707//707
f  707//707 710//710 709//709
f  710//710 711//711 709//709
f  712//712 713//713 714//714
f  714//714 715//715 712//712
f  716//716 717//717 713//713
f  713//713 712//712 716//716
f  718//718 719//719 717//717
f  717//717 716//716 718//718
f  720//720 721//721 719//719
f  718//718 720//720 719//719
f  722//722 723//723 720//720
f  724//724 725//725 726//726
f  727//727 728//728 729//729
f  730//730 727//727 729//729
f  731//731 732//732 733//733
f  723//723 734//734 735//735
f  728//728 727//727 736//736
f  736//736 737//737 738//738
f  739//739 740//740 741//741
f  740//740 742//742 741//741
f  739//739 743//743 740//740
f  744//744 745//745 735//735
f  746//746 747//747 748//748
f  747//747 749//749 750//750
f  359//359 751//751 752//752
f  751//751 753//753 754//754
f  754//754 752//752 751//751
f  752//752 360//360 359//359
f  753//753 755//755 756//756
f  753//753 756//756 754//754
f  756//756 750//750 757//757
f  743//743 758//758 759//759
f  760//760 761//761 762//762
f  761//761 763//763 762//762
f  764//764 390//390 765//765
f  390//390 389//389 766//766
f  390//390 766//766 765//765
f  767//767 766//766 389//389
f  768//768 765//765 766//766
f  769//769 770//770 771//771
f  421//421 772//772 769//769
f  769//769 771//771 421//421
f  422//422 421//421 771//771
f  773//773 422//422 771//771
f  774//774 775//775 776//776
f  777//777 776//776 775//775
f  777//777 778//778 776//776
f  779//779 780//780 774//774
f  774//774 780//780 781//781
f  774//774 782//782 779//779
f  774//774 781//781 775//775
f  413//413 415//415 783//783
f  779//779 784//784 780//780
f  785//785 781//781 780//780
f  786//786 785//785 780//780
f  787//787 775//775 781//781
f  781//781 785//785 786//786
f  781//781 786//786 788//788
f  781//781 788//788 787//787
f  789//789 777//777 775//775
f  775//775 787//787 790//790
f  775//775 790//790 789//789
f  791//791 792//792 793//793
f  794//794 795//795 796//796
f  794//794 797//797 795//795
f  797//797 794//794 798//798
f  799//799 792//792 794//794
f  794//794 792//792 791//791
f  791//791 798//798 794//794
f  800//800 801//801 802//802
f  802//802 801//801 803//803
f  804//804 805//805 806//806
f  804//804 800//800 805//805
f  792//792 799//799 807//807
f  808//808 807//807 799//799
f  809//809 808//808 799//799
f  810//810 809//809 799//799
f  811//811 810//810 799//799
f  812//812 811//811 799//799
f  813//813 812//812 799//799
f  801//801 800//800 804//804
f  801//801 814//814 815//815
f  804//804 814//814 801//801
f  816//816 817//817 803//803
f  803//803 818//818 816//816
f  804//804 819//819 820//820
f  820//820 814//814 804//804
f  821//821 822//822 823//823
f  824//824 825//825 826//826
f  824//824 827//827 828//828
f  829//829 827//827 824//824
f  830//830 831//831 825//825
f  825//825 832//832 830//830
f  829//829 833//833 827//827
f  834//834 828//828 827//827
f  829//829 835//835 833//833
f  831//831 830//830 836//836
f  837//837 836//836 830//830
f  838//838 816//816 818//818
f  839//839 838//838 818//818
f  840//840 841//841 821//821
f  842//842 821//821 823//823
f  840//840 821//821 843//843
f  821//821 842//842 844//844
f  833//833 845//845 846//846
f  847//847 848//848 849//849
f  848//848 847//847 850//850
f  847//847 851//851 850//850
f  839//839 852//852 853//853
f  853//853 854//854 839//839
f  855//855 852//852 839//839
f  852//852 855//855 856//856
f  857//857 858//858 777//777
f  789//789 857//857 777//777
f  789//789 859//859 857//857
f  817//817 816//816 860//860
f  838//838 861//861 816//816
f  816//816 861//861 860//860
f  862//862 860//860 861//861
f  863//863 864//864 865//865
f  866//866 867//867 868//868
f  869//869 868//868 867//867
f  870//870 871//871 872//872
f  870//870 873//873 874//874
f  861//861 838//838 875//875
f  875//875 876//876 861//861
f  877//877 878//878 879//879
f  880//880 878//878 877//877
f  877//877 881//881 880//880
f  882//882 881//881 877//877
f  877//877 879//879 883//883
f  854//854 853//853 884//884
f  852//852 885//885 853//853
f  886//886 853//853 885//885
f  887//887 888//888 889//889
f  890//890 891//891 540//540
f  892//892 890//890 540//540
f  539//539 892//892 540//540
f  892//892 539//539 893//893
f  539//539 894//894 893//893
f  890//890 895//895 891//891
f  892//892 893//893 896//896
f  424//424 423//423 897//897
f  898//898 899//899 900//900
f  901//901 902//902 899//899
f  903//903 901//901 899//899
f  904//904 903//903 899//899
f  898//898 904//904 899//899
f  905//905 898//898 900//900
f  900//900 906//906 905//905
f  904//904 898//898 907//907
f  908//908 907//907 898//898
f  909//909 908//908 898//898
f  898//898 905//905 909//909
f  905//905 910//910 911//911
f  905//905 911//911 912//912
f  912//912 909//909 905//905
f  913//913 914//914 915//915
f  916//916 915//915 914//914
f  915//915 917//917 918//918
f  919//919 917//917 915//915
f  915//915 916//916 920//920
f  915//915 920//920 919//919
f  921//921 922//922 923//923
f  921//921 923//923 924//924
f  919//919 925//925 917//917
f  926//926 918//918 917//917
f  918//918 926//926 927//927
f  918//918 928//928 929//929
f  930//930 928//928 918//918
f  918//918 927//927 931//931
f  918//918 931//931 930//930
f  929//929 932//932 918//918
f  844//844 842//842 933//933
f  934//934 844//844 933//933
f  934//934 878//878 935//935
f  880//880 935//935 878//878
f  936//936 901//901 903//903
f  907//907 937//937 936//936
f  936//936 903//903 907//907
f  903//903 904//904 938//938
f  903//903 938//938 907//907
f  907//907 938//938 904//904
f  939//939 940//940 941//941
f  942//942 943//943 944//944
f  850//850 945//945 946//946
f  947//947 948//948 946//946
f  946//946 949//949 947//947
f  949//949 950//950 947//947
f  951//951 947//947 950//950
f  952//952 911//911 910//910
f  911//911 952//952 953//953
f  954//954 955//955 866//866
f  867//867 956//956 869//869
f  957//957 958//958 959//959
f  960//960 961//961 962//962
f  943//943 960//960 962//962
f  962//962 963//963 964//964
f  944//944 943//943 962//962
f  964//964 944//944 962//962
f  965//965 869//869 956//956
f  958//958 957//957 966//966
f  957//957 887//887 966//966
f  445//445 967//967 455//455
f  967//967 445//445 968//968
f  969//969 968//968 445//445
f  970//970 971//971 445//445
f  445//445 971//971 969//969
f  763//763 761//761 972//972
f  455//455 973//973 974//974
f  973//973 455//455 967//967
f  975//975 976//976 977//977
f  978//978 979//979 980//980
f  981//981 982//982 983//983
f  984//984 985//985 986//986
f  987//987 988//988 989//989
f  990//990 513//513 514//514
f  513//513 991//991 992//992
f  513//513 992//992 532//532
f  993//993 514//514 994//994
f  995//995 996//996 997//997
f  998//998 554//554 553//553
f  999//999 1000//1000 1001//1001
f  992//992 1002//1002 532//532
f  1003//1003 532//532 1002//1002
f  1004//1004 531//531 532//532
f  532//532 1003//1003 1004//1004
f  1000//1000 1005//1005 1006//1006
f  1007//1007 1008//1008 1009//1009
f  1008//1008 1007//1007 1010//1010
f  1011//1011 1012//1012 1013//1013
f  1013//1013 1014//1014 1011//1011
f  1011//1011 1015//1015 1012//1012
f  1014//1014 1016//1016 1011//1011
f  1011//1011 1017//1017 1015//1015
f  1017//1017 1011//1011 1018//1018
f  1016//1016 1019//1019 1011//1011
f  1020//1020 1011//1011 1019//1019
f  1011//1011 1020//1020 1021//1021
f  1011//1011 1021//1021 1022//1022
f  1023//1023 1018//1018 1011//1011
f  1024//1024 1023//1023 1011//1011
f  1025//1025 1024//1024 1011//1011
f  1022//1022 1025//1025 1011//1011
f  553//553 1026//1026 998//998
f  1027//1027 1028//1028 1029//1029
f  1030//1030 1031//1031 1032//1032
f  1033//1033 1034//1034 1035//1035
f  1036//1036 1037//1037 1028//1028
f  1028//1028 1027//1027 1036//1036
f  1007//1007 1038//1038 1010//1010
f  1039//1039 1010//1010 1038//1038
f  1039//1039 1040//1040 1010//1010
f  1041//1041 1042//1042 1043//1043
f  1043//1043 1044//1044 1045//1045
f  1046//1046 1047//1047 1048//1048
f  1049//1049 1050//1050 1051//1051
f  1049//1049 1052//1052 1053//1053
f  1054//1054 1051//1051 1050//1050
f  1055//1055 1056//1056 1057//1057
f  585//585 586//586 1058//1058
f  1059//1059 585//585 1060//1060
f  586//586 584//584 1061//1061
f  1062//1062 1063//1063 1056//1056
f  1064//1064 1065//1065 1066//1066
f  1067//1067 1066//1066 1068//1068
f  1069//1069 1070//1070 1071//1071
f  1071//1071 1072//1072 1069//1069
f  1073//1073 1074//1074 1072//1072
f  1072//1072 1071//1071 1073//1073
f  1068//1068 1063//1063 1075//1075
f  1063//1063 1062//1062 1075//1075
f  1068//1068 1075//1075 1076//1076
f  1076//1076 1067//1067 1068//1068
f  1077//1077 1075//1075 1062//1062
f  1075//1075 1077//1077 1078//1078
f  1075//1075 1079//1079 1076//1076
f  1080//1080 1081//1081 1067//1067
f  1082//1082 1083//1083 1062//1062
f  1083//1083 1084//1084 1062//1062
f  1085//1085 1062//1062 1084//1084
f  1062//1062 1085//1085 1086//1086
f  1062//1062 1086//1086 1087//1087
f  1062//1062 1087//1087 1077//1077
f  1088//1088 1081//1081 1089//1089
f  1080//1080 1089//1089 1081//1081
f  1090//1090 1091//1091 1089//1089
f  1089//1089 1080//1080 1092//1092
f  1089//1089 1092//1092 1093//1093
f  1091//1091 1090//1090 1094//1094
f  1079//1079 1095//1095 1096//1096
f  1079//1079 1096//1096 1097//1097
f  1098//1098 1099//1099 1074//1074
f  1074//1074 1073//1073 1098//1098
f  1090//1090 1100//1100 1094//1094
f  1101//1101 1102//1102 1103//1103
f  1104//1104 1101//1101 1103//1103
f  1105//1105 1106//1106 1102//1102
f  1107//1107 1105//1105 1102//1102
f  1101//1101 1104//1104 1108//1108
f  1101//1101 1109//1109 1110//1110
f  1111//1111 1112//1112 1104//1104
f  1104//1104 1113//1113 1111//1111
f  1104//1104 1112//1112 1108//1108
f  1114//1114 1115//1115 1116//1116
f  1117//1117 1115//1115 1114//1114
f  1118//1118 1108//1108 1119//1119
f  1120//1120 1121//1121 1122//1122
f  1123//1123 1124//1124 1125//1125
f  1121//1121 1120//1120 1126//1126
f  1127//1127 1128//1128 1129//1129
f  1130//1130 1131//1131 1127//1127
f  1129//1129 1130//1130 1127//1127
f  1132//1132 1129//1129 1128//1128
f  1133//1133 1132//1132 1128//1128
f  1130//1130 1134//1134 1131//1131
f  1135//1135 1136//1136 1137//1137
f  1138//1138 1137//1137 1136//1136
f  1139//1139 1138//1138 1136//1136
f  1139//1139 1140//1140 1141//1141
f  1142//1142 1143//1143 1115//1115
f  1144//1144 1145//1145 1146//1146
f  1147//1147 1148//1148 1149//1149
f  1150//1150 1151//1151 1152//1152
f  1153//1153 1154//1154 1155//1155
f  1156//1156 1157//1157 1158//1158
f  1159//1159 1160//1160 1142//1142
f  1161//1161 1162//1162 1163//1163
f  1164//1164 1161//1161 1163//1163
f  1165//1165 1166//1166 1167//1167
f  1168//1168 1165//1165 1167//1167
f  1169//1169 1170//1170 1171//1171
f  1172//1172 1173//1173 1174//1174
f  1175//1175 1176//1176 1177//1177
f  1178//1178 1179//1179 1180//1180
f  1181//1181 1182//1182 1183//1183
f  1184//1184 1185//1185 1186//1186
f  1187//1187 1188//1188 1189//1189
f  1189//1189 1190//1190 1187//1187
f  1191//1191 1192//1192 1193//1193
f  1194//1194 1195//1195 1196//1196
f  1197//1197 1198//1198 1199//1199
f  1200//1200 1201//1201 1202//1202
f  1202//1202 1203//1203 1200//1200
f  1192//1192 1204//1204 1193//1193
f  1205//1205 1206//1206 1207//1207
f  1208//1208 1209//1209 1210//1210
f  1211//1211 1212//1212 1213//1213
f  1214//1214 1215//1215 1216//1216
f  1217//1217 1218//1218 1219//1219
f  1220//1220 1221//1221 1219//1219
f  1222//1222 1220//1220 1219//1219
f  1223//1223 1224//1224 1225//1225
f  1223//1223 1226//1226 1227//1227
f  1228//1228 1229//1229 1230//1230
f  1230//1230 1231//1231 1228//1228
f  1232//1232 1233//1233 1234//1234
f  1220//1220 1222//1222 1235//1235
f  1222//1222 1236//1236 1237//1237
f  1238//1238 1239//1239 1240//1240
f  1241//1241 1242//1242 1243//1243
f  1244//1244 1245//1245 1246//1246
f  1247//1247 1248//1248 1249//1249
f  1250//1250 1251//1251 1252//1252
f  1253//1253 1254//1254 1248//1248
f  1255//1255 1256//1256 1257//1257
f  1257//1257 1256//1256 1258//1258
f  1259//1259 1260//1260 1261//1261
f  1260//1260 1262//1262 1261//1261
f  1263//1263 1264//1264 1265//1265
f  1266//1266 1265//1265 1264//1264
f  1267//1267 1268//1268 1269//1269
f  1269//1269 1270//1270 1267//1267
f  1268//1268 1267//1267 1271//1271
f  1272//1272 1267//1267 1270//1270
f  1273//1273 1271//1271 1267//1267
f  1274//1274 1273//1273 1267//1267
f  1267//1267 1272//1272 1275//1275
f  1267//1267 1275//1275 1274//1274
f  1276//1276 1255//1255 1257//1257
f  1277//1277 1276//1276 1257//1257
f  1278//1278 1277//1277 1257//1257
f  1257//1257 1258//1258 1279//1279
f  1257//1257 1279//1279 1280//1280
f  1280//1280 1278//1278 1257//1257
f  1259//1259 1261//1261 1281//1281
f  1282//1282 1261//1261 1283//1283
f  1262//1262 1283//1283 1261//1261
f  1284//1284 1281//1281 1261//1261
f  1285//1285 1284//1284 1261//1261
f  1261//1261 1282//1282 1285//1285
f  1286//1286 1287//1287 1288//1288
f  1288//1288 1287//1287 1289//1289
f  1286//1286 1288//1288 1290//1290
f  1291//1291 1292//1292 1293//1293
f  1294//1294 1292//1292 1291//1291
f  1295//1295 1294//1294 1291//1291
f  1293//1293 1292//1292 1296//1296
f  1295//1295 1297//1297 1294//1294
f  1298//1298 1297//1297 1295//1295
f  1289//1289 1299//1299 1288//1288
f  1300//1300 1288//1288 1299//1299
f  1288//1288 1300//1300 1301//1301
f  1301//1301 1302//1302 1288//1288
f  1288//1288 1302//1302 1290//1290
f  1303//1303 1304//1304 1305//1305
f  1303//1303 1305//1305 1306//1306
f  1307//1307 1308//1308 1309//1309
f  1307//1307 1309//1309 1310//1310
f  1308//1308 1311//1311 1309//1309
f  1312//1312 1309//1309 1311//1311
f  1313//1313 1310//1310 1309//1309
f  1314//1314 1313//1313 1309//1309
f  1315//1315 1314//1314 1309//1309
f  1309//1309 1312//1312 1315//1315
f  1305//1305 1316//1316 1306//1306
f  1317//1317 1318//1318 1319//320
f  1319//320 1320//1319 1317//1317
f  1317//1317 1320//1319 1321//1320
f  1318//1318 1322//1321 1319//320
f  1321//1320 1320//1319 1323//1322
f  1324//1323 1319//320 1322//1321
f  1325//1324 1265//1265 1326//1325
f  1265//1265 1325//1324 1263//1263
f  1327//1326 1328//1327 1329//1328
f  1329//1328 1330//1329 1331//1330
f  1329//1328 1331//1330 1327//1326
f  1332//1331 1333//1332 1330//1329
f  1330//1329 1333//1332 1331//1330
f  1334//1333 1332//1331 1330//1329
f  1265//1265 1335//1334 1336//1335
f  1326//1325 1265//1265 1336//1335
f  1337//1336 1335//1334 1265//1265
f  1337//1336 1265//1265 1266//1266
f  1338//1337 1339//1338 1340//1339
f  1340//1339 1341//1340 1338//1337
f  1338//1337 1342//1341 1339//1338
f  1341//1340 1343//1342 1338//1337
f  1338//1337 1344//1343 1342//1341
f  1338//1337 1345//1344 1344//1343
f  1343//1342 1346//1345 1338//1337
f  1338//1337 1346//1345 1345//1344
f  1347//1346 1348//1347 1349//1348
f  1349//1348 1350//1349 1347//1346
f  1351//1350 1348//1347 1347//1346
f  1350//1349 1352//1351 1347//1346
f  1347//1346 1353//1352 1351//1350
f  1354//1353 1355//1354 1347//1346
f  1347//1346 1356//1355 1354//1353
f  1357//1356 1353//1352 1347//1346
f  1347//1346 1355//1354 1357//1356
f  1347//1346 1352//1351 1356//1355
f  1358//1357 1359//1358 1360//1359
f  1359//1358 1361//1360 1360//1359
f  1361//1360 1362//1361 1360//1359
f  1363//1362 1364//1363 1365//1364
f  1363//1362 1365//1364 1366//1365
f  1364//1363 1367//1366 1365//1364
f  1368//1367 1365//1364 1367//1366
f  1365//1364 1369//1368 1370//1369
f  1369//1368 1365//1364 1371//1370
f  1368//1367 1371//1370 1365//1364
f  1366//1365 1365//1364 1370//1369
f  1372//1371 1373//1372 1374//1373
f  1374//1373 1375//1374 1372//1371
f  1372//1371 1376//1375 1373//1372
f  1375//1374 1377//1376 1378//1377
f  1375//1374 1378//1377 1372//1371
f  1361//1360 1379//1378 1362//1361
f  1379//1378 1380//1379 1381//1380
f  1381//1380 1362//1361 1379//1378
f  1377//1376 1382//1381 1378//1377
f  1383//1382 1384//1383 1385//1384
f  1384//1383 1383//1382 1386//1385
f  1385//1384 1387//1386 1383//1382
f  1388//1387 1389//1388 1390//1389
f  1390//1389 1391//1390 1388//1387
f  1392//1391 1390//1389 1389//1388
f  1393//1392 1392//1391 1389//1388
f  1394//1393 1383//1382 1387//1386
f  1383//1382 1394//1393 1395//1394
f  1383//1382 1395//1394 1396//1395
f  1397//1396 1386//1385 1383//1382
f  1396//1395 1397//1396 1383//1382
f  1392//1391 1393//1392 1398//1397
f  1393//1392 1399//1398 1398//1397
f  1304//1304 1400//1399 1305//1305
f  1401//1400 1305//1305 1400//1399
f  1402//1401 1316//1316 1305//1305
f  1403//1402 1402//1401 1305//1305
f  1305//1305 1401//1400 1403//1402
f  1404//1403 1405//1404 1406//1405
f  1405//1404 1407//1406 1408//1407
f  1404//1403 1407//1406 1405//1404
f  1409//1408 1410//1409 1411//1410
f  1411//1410 1412//1411 1409//1408
f  1409//1408 1413//1412 1410//1409
f  1412//1411 1414//1413 1409//1408
f  1413//1412 1409//1408 1415//1414
f  1416//1415 1409//1408 1414//1413
f  1417//1416 1415//1414 1409//1408
f  1409//1408 1416//1415 1417//1416
f  1407//1406 1418//1417 1408//1407
f  1419//1418 1408//1407 1418//1417
f  1418//1417 1420//1419 1419//1418
f  1421//1420 1422//1421 1423//1422
f  1424//1423 1421//1420 1423//1422
f  1423//1422 1425//1424 1424//1423
f  1426//1425 1422//1421 1421//1420
f  1425//1424 1427//1426 1428//1427
f  1425//1424 1428//1427 1424//1423
f  1429//1428 1430//1429 1431//1430
f  1430//1429 1429//1428 1432//1431
f  1433//1432 1434//1433 1435//1434
f  1436//1435 1434//1433 1433//1432
f  1437//1436 1438//1437 1434//1433
f  1434//1433 1438//1437 1439//1438
f  1440//1439 1435//1434 1434//1433
f  1439//1438 1440//1439 1434//1433
f  1434//1433 1441//1440 1437//1436
f  1436//1435 1441//1440 1434//1433
f  1442//1441 1429//1428 1431//1430
f  1443//1442 1444//1443 1445//1444
f  1446//1445 1447//1446 1448//1447
f  1449//1448 1450//1449 1451//1450
f  1451//1450 1452//1451 1449//1448
f  1451//1450 1448//1447 1447//1446
f  1453//1452 1454//1453 1455//1454
f  1453//1452 1455//1454 1456//1455
f  1453//1452 1456//1455 1457//1456
f  1458//1457 1459//1458 1460//1459
f  1460//1459 1461//1460 1458//1457
f  1458//1457 1461//1460 1462//1461
f  1458//1457 1463//1462 1459//1458
f  1462//1461 1464//1463 1458//1457
f  1463//1462 1465//1464 1459//1458
f  1466//1465 1467//1466 469//469
f  1468//1467 1469//1468 1470//1469
f  470//470 1471//1470 1472//1471
f  1469//1468 1468//1467 1473//1472
f  1468//1467 1474//1473 1473//1472
f  1475//1474 1476//1475 475//475
f  1477//1476 1478//1477 1479//1478
f  1477//1476 1480//1479 1481//1480
f  1482//1481 1483//1482 1484//1483
f  1484//1483 1485//1484 1482//1481
f  1485//1484 1486//1485 1482//1481
f  1482//1481 1487//1486 1488//1487
f  1489//1488 1490//1489 1491//1490
f  1492//1491 1493//1492 1494//1493
f  1493//1492 1495//1494 1494//1493
f  1496//1495 1494//1493 1495//1494
f  1497//1496 1498//1497 1487//1486
f  1498//1497 1499//1498 1487//1486
f  1500//1499 1487//1486 1499//1498
f  1487//1486 1500//1499 1501//1500
f  1487//1486 1501//1500 1502//1501
f  1502//1501 1488//1487 1487//1486
f  1488//1487 1502//1501 1503//1502
f  1504//1503 1505//1504 1491//1490
f  1506//1505 1507//1506 1508//1507
f  1509//1508 1502//1501 1501//1500
f  1502//1501 1509//1508 1510//1509
f  1505//1504 1504//1503 1511//1510
f  1504//1503 1512//1511 1511//1510
f  1513//1512 1514//1513 1515//1514
f  1516//1515 1517//1516 1518//1517
f  1519//1518 1518//1517 1517//1516
f  1518//1517 1519//1518 1520//1519
f  1521//1520 1522//1521 1523//1522
f  1524//1523 530//530 1525//1524
f  1523//1522 1526//1525 529//529
f  1527//1526 1528//1527 1492//1491
f  1520//1519 1529//1528 1530//1529
f  1494//1493 1496//1495 1531//1530
f  531//531 1525//1524 530//530
f  1525//1524 531//531 1532//1531
f  1004//1004 1532//1531 531//531
f  1533//1532 1534//1533 1535//1534
f  1532//1531 1004//1004 1536//1535
f  1537//1536 1538//1537 1534//1533
f  1533//1532 1537//1536 1534//1533
f  1537//1536 1533//1532 1539//1538
f  1540//1539 1539//1538 1533//1532
f  1541//1540 1540//1539 1533//1532
f  1533//1532 1542//1541 1541//1540
f  1543//1542 1544//1543 1545//1544
f  1546//1545 1544//1543 1543//1542
f  1547//1546 1548//1547 1549//1548
f  1549//1548 1550//1549 1547//1546
f  1551//1550 1549//1548 1548//1547
f  1546//1545 1543//1542 1552//1551
f  1553//1552 1554//1553 1555//1554
f  1556//1555 1551//1550 1548//1547
f  1557//1556 1558//1557 1559//1558
f  1560//1559 1558//1557 1561//1560
f  1562//1561 1559//1558 1558//1557
f  1560//1559 1562//1561 1558//1557
f  1559//1558 1562//1561 1563//1562
f  1564//1563 1565//1564 1566//1565
f  1560//1559 1567//1566 1562//1561
f  1568//1567 1569//1568 1570//1569
f  1571//1570 1572//1571 1573//1572
f  1572//1571 1574//1573 1575//1574
f  1571//1570 1574//1573 1572//1571
f  1576//1575 1577//1576 1578//1577
f  1579//1578 1578//1577 1577//1576
f  1580//1579 1581//1580 1582//1581
f  1583//1582 1580//1579 1578//1577
f  1579//1578 1583//1582 1578//1577
f  1579//1578 1584//1583 1583//1582
f  1584//1583 1579//1578 1585//1584
f  1586//1585 1581//1580 1587//1586
f  1581//1580 1580//1579 1588//1587
f  1588//1587 1587//1586 1581//1580
f  1580//1579 1589//1588 1590//1589
f  1580//1579 1590//1589 1591//1590
f  1580//1579 1591//1590 1588//1587
f  1584//1583 1592//1591 1583//1582
f  1593//1592 1594//1593 1595//1594
f  1595//1594 1596//1595 1593//1592
f  1590//1589 1597//1596 1591//1590
f  1598//1597 1595//1594 1594//1593
f  1599//1598 1575//1574 1574//1573
f  1600//1599 1599//1598 1574//1573
f  1599//1598 1600//1599 1601//1600
f  1595//1594 1602//1601 1596//1595
f  1537//1536 1539//1538 1603//1602
f  1604//1603 1541//1540 1542//1541
f  1605//1604 1604//1603 1542//1541
f  1606//1605 1605//1604 1542//1541
f  1607//1606 1608//1607 1609//1608
f  1610//1609 1611//1610 1612//1611
f  1612//1611 1613//1612 1614//1613
f  1612//1611 1615//1614 1610//1609
f  1616//1615 1617//1616 1618//1617
f  1619//1618 1617//1616 1616//1615
f  1616//1615 1620//1619 1619//1618
f  1617//1616 1621//1620 1618//1617
f  1622//1621 1621//1620 1617//1616
f  1617//1616 1623//1622 1622//1621
f  1617//1616 1624//1623 1623//1622
f  1617//1616 1625//1624 1624//1623
f  1617//1616 1626//1625 1625//1624
f  1617//1616 1627//1626 1626//1625
f  1617//1616 1628//1627 1627//1626
f  1617//1616 1629//1628 1628//1627
f  1629//1628 1617//1616 1630//1629
f  1631//1630 1632//1631 1633//1632
f  1634//1633 1635//1634 1636//1635
f  1637//1636 1638//1637 1634//1633
f  1636//1635 1637//1636 1634//1633
f  1552//1551 1639//1638 1546//1545
f  1640//1639 1641//1640 1642//1641
f  1642//1641 1643//1642 1640//1639
f  1644//1643 1645//1644 1646//1645
f  1637//1636 1636//1635 1647//1646
f  1637//1636 1647//1646 1648//1647
f  1649//1648 1647//1646 1636//1635
f  1645//1644 1644//1643 1650//1649
f  1651//1650 1650//1649 1644//1643
f  1652//1651 1650//1649 1651//1650
f  1653//1652 1654//1653 1655//1654
f  1656//1655 1657//1656 1658//1657
f  1659//1658 1660//1659 1661//1660
f  1662//1661 1663//1662 1664//1663
f  1665//1664 1666//1665 1667//1666
f  1668//1667 1669//1668 1670//1669
f  1670//1669 1671//1670 1672//1671
f  1670//1669 1672//1671 1668//1667
f  1673//1672 1674//1673 1669//1668
f  1669//1668 1668//1667 1673//1672
f  1675//1674 1676//1675 1674//1673
f  1673//1672 1675//1674 1674//1673
f  1677//1676 1678//1677 1679//1678
f  1680//1679 1681//1680 1676//1675
f  1675//1674 1680//1679 1676//1675
f  1681//1680 1680//1679 1682//1681
f  1682//1681 1683//1682 1681//1680
f  1682//1681 1684//1683 1683//1682
f  1685//1684 1686//1685 1687//1686
f  1685//1684 1687//1686 1688//1687
f  1689//1688 1686//1685 1690//1689
f  1687//1686 1691//1690 1688//1687
f  1692//1691 1693//1692 1694//1693
f  1695//1694 1696//1695 1697//1696
f  1698//1697 1699//1698 1700//1699
f  1701//1700 1702//1701 1703//1702
f  1704//1703 1705//1704 1706//1705
f  1706//1705 1707//1706 1704//1703
f  1707//1706 1708//1707 1704//1703
f  1709//1708 1704//1703 1708//1707
f  1704//1703 1709//1708 1710//1709
f  1711//1710 1712//1711 1713//1712
f  1714//1713 1715//1714 1716//1715
f  1717//1716 1718//1717 1713//1712
f  1719//1718 1713//1712 1718//1717
f  1713//1712 1719//1718 1720//1719
f  1720//1719 1711//1710 1713//1712
f  1691//1690 1721//1720 1722//1721
f  1723//1722 1724//1723 1725//1724
f  1726//1725 1727//1726 1728//1727
f  1729//1728 1730//1729 1731//1730
f  1732//1731 1731//1730 1730//1729
f  1730//1729 1733//1732 1732//1731
f  1734//1733 1735//1734 1736//1735
f  1737//1736 1738//1737 1735//1734
f  1734//1733 1737//1736 1735//1734
f  1736//1735 1729//1728 1739//1738
f  1739//1738 1734//1733 1736//1735
f  1740//1739 1741//1740 1742//1741
f  1731//1730 1739//1738 1729//1728
f  1733//1732 1743//1742 1744//1743
f  1733//1732 1744//1743 1732//1731
f  1743//1742 1745//1744 1744//1743
f  1746//1745 1747//1746 1229//1229
f  1748//1747 1749//1748 1747//1746
f  1747//1746 1746//1745 1748//1747
f  1229//1229 1228//1228 1746//1745
f  1750//1749 1751//1750 1752//1751
f  1753//1752 1754//1753 1755//1754
f  1753//1752 1756//1755 1754//1753
f  1757//1756 1758//1757 1759//1758
f  1757//1756 1759//1758 1760//1759
f  1761//1760 1760//1759 1759//1758
f  1762//1761 1763//1762 1764//1763
f  1765//1764 1766//1765 1761//1760
f  1751//1750 1767//1766 1768//1767
f  1769//1768 1768//1767 1770//1769
f  1771//1770 1772//1771 1773//1772
f  1774//1773 1771//1770 1775//1774
f  1776//1775 1777//1776 1778//1777
f  1779//1778 1780//1779 1781//1780
f  1782//1781 1780//1779 1779//1778
f  1779//1778 1783//1782 1782//1781
f  1784//1783 1785//1784 1786//1785
f  1786//1785 1787//1786 1784//1783
f  1785//1784 1788//1787 1789//1788
f  1789//1788 1786//1785 1785//1784
f  1788//1787 1790//1789 1791//1790
f  1791//1790 1789//1788 1788//1787
f  1790//1789 1792//1791 1793//1792
f  1790//1789 1793//1792 1791//1790
f  1793//1792 1774//1773 1794//1793
f  1795//1794 1796//1795 1797//1796
f  1798//1797 1799//1798 1800//1799
f  1800//1799 1801//1800 1798//1797
f  1802//1801 1800//1799 1799//1798
f  1801//1800 1800//1799 1803//1802
f  1800//1799 1802//1801 1804//1803
f  1800//1799 1804//1803 1805//1804
f  1800//1799 1805//1804 1806//1805
f  1806//1805 1803//1802 1800//1799
f  1807//1806 1808//1807 1809//1808
f  1808//1807 1807//1806 1810//1809
f  1811//1810 1810//1809 1807//1806
f  1809//1808 1812//1811 1807//1806
f  1812//1811 1813//1812 1807//1806
f  1814//1813 1815//1814 1816//1815
f  1817//1816 1815//1814 1814//1813
f  1813//1812 1816//1815 1815//1814
f  1815//1814 1817//1816 1818//1817
f  1815//1814 1818//1817 1819//1818
f  1820//1819 1813//1812 1815//1814
f  1821//1820 1820//1819 1815//1814
f  1819//1818 1821//1820 1815//1814
f  1822//1821 1807//1806 1813//1812
f  1807//1806 1822//1821 1823//1822
f  1807//1806 1823//1822 1811//1810
f  1824//1823 1429//1428 1825//1824
f  1826//1825 1429//1428 1824//1823
f  1442//1441 1825//1824 1429//1428
f  1827//1826 1432//1431 1429//1428
f  1826//1825 1827//1826 1429//1428
f  1828//1827 1829//1828 1830//1829
f  1755//1754 1831//1830 1753//1752
f  1505//1504 1832//1831 1833//1832
f  1505//1504 1834//1833 1832//1831
f  1834//1833 1505//1504 1835//1834
f  1505//1504 1511//1510 1836//1835
f  1505//1504 1836//1835 1835//1834
f  1837//1836 1838//1837 1839//1838
f  1835//1834 1837//1836 1834//1833
f  1837//1836 1835//1834 1840//1839
f  1841//1840 1842//1841 1843//1842
f  1844//1843 1836//1835 1511//1510
f  1845//1844 1844//1843 1511//1510
f  1846//1845 1847//1846 1848//1847
f  1849//1848 1850//1849 1851//1850
f  1852//1851 1853//1852 1854//1853
f  1003//1003 1855//1854 1004//1004
f  1004//1004 1856//1855 1536//1535
f  1857//1856 1858//1857 1859//1858
f  1860//1859 1861//1860 1857//1856
f  1862//1861 1863//1862 1536//1535
f  1605//1604 1606//1605 1864//1863
f  1865//1864 1866//1865 1565//1564
f  1565//1564 1564//1563 1867//1866
f  1565//1564 1867//1866 1865//1864
f  1868//1867 1867//1866 1564//1563
f  1869//1868 1865//1864 1867//1866
f  1570//1569 1569//1568 1870//1869
f  1871//1870 1872//1871 1873//1872
f  1872//1871 1874//1873 1875//1874
f  1876//1875 1874//1873 1872//1871
f  1872//1871 1877//1876 1876//1875
f  1872//1871 1875//1874 1873//1872
f  1878//1877 1873//1872 1875//1874
f  1873//1872 1878//1877 1879//1878
f  1873//1872 1879//1878 1880//1879
f  1881//1880 1882//1881 1883//1882
f  1884//1883 1883//1882 1882//1881
f  1885//1884 1884//1883 1882//1881
f  1886//1885 1885//1884 1882//1881
f  1887//1886 1888//1887 1889//1888
f  1888//1887 1890//1889 1889//1888
f  1876//1875 1891//1890 1874//1873
f  1892//1891 1875//1874 1874//1873
f  1878//1877 1892//1891 1874//1873
f  1875//1874 1892//1891 1878//1877
f  1889//1888 1893//1892 1887//1886
f  1889//1888 1894//1893 1893//1892
f  1894//1893 1889//1888 1895//1894
f  1896//1895 1895//1894 1889//1888
f  1894//1893 1895//1894 1897//1896
f  1896//1895 1898//1897 1895//1894
f  1898//1897 1896//1895 1899//1898
f  1900//1899 1901//1900 1902//1901
f  1903//1902 1899//1898 1896//1895
f  1904//1903 1903//1902 1896//1895
f  1905//1904 1904//1903 1896//1895
f  1906//1905 1905//1904 1896//1895
f  1896//1895 1907//1906 1906//1905
f  1908//1907 1909//1908 1910//1909
f  1911//1910 1908//1907 1910//1909
f  1912//1911 1913//1912 1914//1913
f  1912//1911 1914//1913 1915//1914
f  1913//1912 1916//1915 1917//1916
f  1916//1915 1918//1917 1917//1916
f  1917//1916 1914//1913 1913//1912
f  1919//1918 1920//1919 1915//1914
f  1915//1914 1921//1920 1919//1918
f  1917//1916 1922//1921 1923//1922
f  1917//1916 1924//1923 1922//1921
f  1921//1920 1925//1924 1919//1918
f  1926//1925 1927//1926 1928//1927
f  1929//1928 1927//1926 1930//1929
f  1927//1926 1929//1928 1931//1930
f  1932//1931 1928//1927 1927//1926
f  1927//1926 1931//1930 1933//1932
f  1933//1932 1932//1931 1927//1926
f  1901//1900 1934//1933 1902//1901
f  1935//1934 1902//1901 1934//1933
f  1936//1935 1937//1936 1902//1901
f  1902//1901 1935//1934 1936//1935
f  1902//1901 1937//1936 1938//1937
f  1939//1938 1940//1939 1941//1940
f  1942//1941 1939//1938 1941//1940
f  1939//1938 1942//1941 1943//1942
f  1944//1943 1942//1941 1883//1882
f  1945//1944 1946//1945 1947//1946
f  1948//1947 1949//1948 1950//1949
f  1951//1950 1952//1951 1953//1952
f  1954//1953 1955//1954 1956//1955
f  1957//1956 1958//1957 1959//1958
f  1960//1959 1957//1956 1959//1958
f  1958//1957 1957//1956 1961//1960
f  1962//1961 1961//1960 1957//1956
f  1920//1919 1919//1918 1963//1962
f  1964//1963 1919//1918 1925//1924
f  1964//1963 1963//1962 1919//1918
f  1963//1962 1964//1963 1965//1964
f  1966//1965 1938//1937 1937//1936
f  1938//1937 1967//1966 1968//1967
f  1938//1937 1968//1967 1969//1968
f  1966//1965 1967//1966 1938//1937
f  1938//1937 1969//1968 1970//1969
f  1938//1937 1970//1969 1971//1970
f  1938//1937 1971//1970 1972//1971
f  1973//1972 1974//1973 1975//1974
f  1974//1973 1973//1972 1976//1975
f  1974//1973 1976//1975 1977//1976
f  1978//1977 1979//1978 1980//1979
f  1980//1979 1981//1980 1978//1977
f  1982//1981 1977//1976 1976//1975
f  1983//1982 1978//1977 1981//1980
f  1984//1983 1982//1981 1985//1984
f  1955//1954 1954//1953 1986//1985
f  1955//1954 1986//1985 1987//1986
f  1954//1953 1988//1987 1986//1985
f  1989//1988 1990//1989 1991//1990
f  1992//1991 1983//1982 1993//1992
f  1925//1924 1994//1993 1964//1963
f  1995//1994 1986//1985 1988//1987
f  1996//1995 1987//1986 1986//1985
f  1997//1996 1964//1963 1994//1993
f  1998//1997 1999//1998 2000//1999
f  1999//1998 1998//1997 2001//2000
f  1999//1998 2001//2000 2002//2001
f  2003//2002 2004//2003 2005//2004
f  2005//2004 2006//2005 2007//2006
f  2008//2007 2009//2008 2005//2004
f  2005//2004 2009//2008 2003//2002
f  2007//2006 2008//2007 2005//2004
f  2010//2009 2011//2010 2012//2011
f  2013//2012 2014//2013 2010//2009
f  2010//2009 2012//2011 2013//2012
f  2015//2014 2016//2015 2010//2009
f  2010//2009 2014//2013 2015//2014
f  2013//2012 2009//2008 2017//2016
f  2009//2008 2008//2007 2018//2017
f  2019//2018 2018//2017 2008//2007
f  2020//2019 2021//2020 2022//2021
f  2023//2022 1597//1596 2024//2023
f  2025//2024 2026//2025 2027//2026
f  2028//2027 2029//2028 2030//2029
f  2029//2028 2031//2030 2032//2031
f  2031//2030 2033//2032 2032//2031
f  2034//2033 2030//2029 2029//2028
f  2029//2028 2032//2031 2035//2034
f  2029//2028 2035//2034 2036//2035
f  2029//2028 2036//2035 2034//2033
f  2034//2033 2037//2036 2030//2029
f  2038//2037 2039//2038 2040//2039
f  2041//2040 2039//2038 2037//2036
f  2042//2041 2043//2042 2044//2043
f  2045//2044 2046//2045 2042//2041
f  2047//2046 2048//2047 2049//2048
f  2046//2045 2045//2044 2050//2049
f  2048//2047 2051//2050 2052//2051
f  2051//2050 2041//2040 2053//2052
f  2053//2052 2052//2051 2051//2050
f  2052//2051 2054//2053 2055//2054
f  2052//2051 2056//2055 2054//2053
f  2056//2055 2052//2051 2057//2056
f  2058//2057 2057//2056 2052//2051
f  2052//2051 2053//2052 2059//2058
f  2060//2059 2058//2057 2052//2051
f  2059//2058 2060//2059 2052//2051
f  2061//2060 2053//2052 2041//2040
f  2041//2040 2037//2036 2061//2060
f  2062//2061 2059//2058 2053//2052
f  2061//2060 2063//2062 2053//2052
f  2064//2063 2065//2064 2066//2065
f  2066//2065 2067//2066 2064//2063
f  2068//2067 2066//2065 2065//2064
f  2065//2064 2069//2068 2068//2067
f  2069//2068 2070//2069 2071//2070
f  2071//2070 2068//2067 2069//2068
f  2072//2071 2073//2072 2063//2062
f  2074//2073 2072//2071 2063//2062
f  2033//2032 2075//2074 2032//2031
f  2032//2031 2076//2075 2035//2034
f  2077//2076 2078//2077 2079//2078
f  2079//2078 2080//2079 2077//2076
f  2078//2077 2081//2080 2079//2078
f  2079//2078 2082//2081 2080//2079
f  2081//2080 2083//2082 2079//2078
f  2084//2083 2079//2078 2083//2082
f  2079//2078 2085//2084 2082//2081
f  2085//2084 2079//2078 2086//2085
f  2087//2086 2086//2085 2079//2078
f  2088//2087 2087//2086 2079//2078
f  2079//2078 2084//2083 2089//2088
f  2079//2078 2089//2088 2090//2089
f  2079//2078 2090//2089 2091//2090
f  2079//2078 2091//2090 2088//2087
f  1864//1863 2092//2091 1605//1604
f  1608//1607 1607//1606 2093//2092
f  2094//2093 2095//2094 2096//2095
f  2097//2096 2096//2095 2095//2094
f  2098//2097 2099//2098 2100//2099
f  2099//2098 2101//2100 2102//2101
f  2102//2101 2100//2099 2099//2098
f  2103//2102 2104//2103 2105//2104
f  2106//2105 2107//2106 2108//2107
f  2108//2107 2109//2108 2106//2105
f  2110//2109 2096//2095 2097//2096
f  2107//2106 2111//2110 2112//2111
f  2106//2105 2111//2110 2107//2106
f  2112//2111 2113//2112 2114//2113
f  2115//2114 1630//1629 2116//2115
f  2115//2114 2116//2115 2117//2116
f  2115//2114 2118//2117 1630//1629
f  2119//2118 2120//2119 2118//2117
f  2118//2117 2120//2119 1629//1628
f  2118//2117 1629//1628 1630//1629
f  1629//1628 2120//2119 2121//2120
f  2122//2121 2123//2122 2124//2123
f  1653//1652 2125//2124 2122//2121
f  1654//1653 2124//2123 2126//2125
f  2127//2126 2128//2127 2129//2128
f  1657//1656 1656//1655 2130//2129
f  1933//1932 1931//1930 2131//2130
f  2132//2131 1933//1932 2131//2130
f  1936//1935 2133//2132 1937//1936
f  1933//1932 2134//2133 1932//1931
f  2014//2013 2017//2016 2132//2131
f  2135//2134 2136//2135 2137//2136
f  2136//2135 2129//2128 2138//2137
f  2135//2134 2129//2128 2136//2135
f  2135//2134 2139//2138 2129//2128
f  2128//2127 2138//2137 2129//2128
f  2136//2135 2140//2139 2141//2140
f  2138//2137 2140//2139 2136//2135
f  2140//2139 2138//2137 2141//2140
f  2138//2137 2128//2127 2142//2141
f  2143//2142 2141//2140 2138//2137
f  2142//2141 2143//2142 2138//2137
f  2128//2127 2144//2143 2145//2144
f  2146//2145 2142//2141 2128//2127
f  2145//2144 2146//2145 2128//2127
f  2017//2016 2014//2013 2013//2012
f  2147//2146 2148//2147 1947//1946
f  2148//2147 2149//2148 2150//2149
f  2150//2149 2151//2150 2148//2147
f  2152//2151 2150//2149 2149//2148
f  2150//2149 2152//2151 2153//2152
f  2154//2153 2155//2154 2145//2144
f  2156//2155 1999//1998 2157//2156

# Mesh 'cbb0351d_dd58_4527_b9d4_9da40f9fd76c' with 4208 faces
g cbb0351d_dd58_4527_b9d4_9da40f9fd76c
usemtl cbb0351d_dd58_4527_b9d4_9da40f9fd76c
f  2158//2157 2159//2158 3//3 2160//2
f  3//3 2159//2158 2161//2159 2162//1
f  2159//2158 2158//2157 2163//2160 2164//2161
f  2165//2162 2161//2159 2159//2158 2164//2161
f  2166//8 2167//7 2168//2163 2169//2164
f  2170//2165 2169//2164 2168//2163 2171//2166
f  2168//2163 2167//7 2172//10 2173//2167
f  2174//2168 2171//2166 2168//2163 2173//2167
f  2160//2 2175//4 2176//2169 2158//2157
f  2169//2164 2170//2165 2177//2170 2178//2171
f  2179//11 2166//8 2169//2164 2178//2171
f  2180//16 2170//2165 2171//2166 2181//17
f  2171//2166 2174//2168 2182//20 2181//17
f  2183//21 2184//2172 2185//2173 2186//22
f  2187//2174 2184//2172 2183//21 2188//24
f  2170//2165 2180//16 2189//18 2177//2170
f  2190//2175 2185//2173 2184//2172 2191//2176
f  2184//2172 2187//2174 2192//2177 2191//2176
f  2186//22 2185//2173 2193//2178 2194//25
f  2195//2179 2193//2178 2185//2173 2190//2175
f  2177//2170 2189//18 2196//19 2197//2180
f  2198//2181 2178//2171 2177//2170 2197//2180
f  2194//25 2193//2178 2199//2182 2200//27
f  2201//2183 2176//2169 2175//4 2202//5
f  2179//11 2178//2171 2198//2181 2203//13
f  2204//2184 2163//2160 2158//2157 2176//2169
f  2205//2185 2164//2161 2163//2160 2206//2186
f  2207//2187 2206//2186 2163//2160 2204//2184
f  2176//2169 2201//2183 2208//2188 2204//2184
f  2209//31 2210//2189 2211//2190 2212//32
f  2213//34 2212//32 2211//2190 2214//2191
f  2211//2190 2210//2189 2215//2192 2216//2193
f  2217//2194 2214//2191 2211//2190 2216//2193
f  2173//2167 2172//10 2218//12 2219//2195
f  2173//2167 2219//2195 2220//2196 2174//2168
f  2162//1 2161//2159 2221//2197 2222//6
f  2223//2198 2221//2197 2161//2159 2165//2162
f  2224//36 2222//6 2221//2197 2225//2199
f  2226//2200 2225//2199 2221//2197 2223//2198
f  2227//2201 2220//2196 2219//2195 2228//2202
f  2219//2195 2218//12 2229//14 2228//2202
f  2224//36 2225//2199 2230//2203 2231//30
f  2232//38 2233//37 2234//2204 2235//2205
f  2234//2204 2233//37 2236//41 2237//2206
f  2234//2204 2237//2206 2238//2207 2239//2208
f  2240//2209 2235//2205 2234//2204 2239//2208
f  2241//2210 2242//46 2243//45 2244//2211
f  2245//47 2242//46 2241//2210 2246//2212
f  2247//2213 2246//2212 2241//2210 2248//2214
f  2249//2215 2248//2214 2241//2210 2244//2211
f  2237//2206 2236//41 2250//40 2251//2216
f  2237//2206 2251//2216 2252//2217 2238//2207
f  2253//2218 2244//2211 2243//45 2254//48
f  2255//43 2232//38 2235//2205 2256//2219
f  2257//2220 2256//2219 2235//2205 2240//2209
f  2245//47 2246//2212 2258//2221 2259//49
f  2246//2212 2247//2213 2260//2222 2258//2221
f  2225//2199 2226//2200 2261//2223 2230//2203
f  2262//54 2182//20 2174//2168 2220//2196
f  2187//2174 2188//24 2263//26 2264//2224
f  2187//2174 2264//2224 2265//2225 2192//2177
f  2262//54 2220//2196 2227//2201 2266//56
f  2267//2226 2264//2224 2263//26 2268//28
f  2269//2227 2197//2180 2196//19 2270//55
f  2264//2224 2267//2226 2271//2228 2265//2225
f  2269//2227 2270//55 2266//56 2227//2201
f  2227//2201 2228//2202 2272//2229 2269//2227
f  2198//2181 2197//2180 2269//2227 2272//2229
f  2267//2226 2268//28 2273//29 2274//2230
f  2273//29 2200//27 2199//2182 2274//2230
f  2275//2231 2271//2228 2267//2226 2274//2230
f  2202//5 2231//30 2230//2203 2201//2183
f  2229//14 2276//15 2272//2229 2228//2202
f  2276//15 2203//13 2198//2181 2272//2229
f  2277//59 2278//58 2248//2214 2249//2215
f  2279//60 2247//2213 2248//2214 2278//58
f  2280//2232 2281//63 2282//62 2283//2233
f  2284//2234 2283//2233 2282//62 2285//65
f  2277//59 2249//2215 2286//2235 2287//71
f  2288//66 2281//63 2280//2232 2289//2236
f  2290//2237 2289//2236 2280//2232 2291//2238
f  2280//2232 2283//2233 2292//2239 2291//2238
f  2247//2213 2279//60 2293//61 2260//2222
f  2288//66 2289//2236 2294//2240 2295//67
f  2296//2241 2294//2240 2289//2236 2290//2237
f  2297//2242 2258//2221 2260//2222 2298//2243
f  2260//2222 2293//61 2299//57 2298//2243
f  2295//67 2294//2240 2300//2244 2301//68
f  2298//2243 2299//57 2302//72 2303//2245
f  2304//2246 2297//2242 2298//2243 2303//2245
f  2305//2247 2251//2216 2250//40 2306//39
f  2259//49 2258//2221 2297//2242 2307//50
f  2251//2216 2305//2247 2308//2248 2252//2217
f  2309//2249 2305//2247 2306//39 2310//42
f  2305//2247 2309//2249 2311//2250 2308//2248
f  2307//50 2297//2242 2304//2246 2312//51
f  2283//2233 2284//2234 2313//2251 2292//2239
f  2244//2211 2253//2218 2286//2235 2249//2215
f  2253//2218 2254//48 2314//52 2315//2252
f  2253//2218 2315//2252 2316//2253 2286//2235
f  2317//75 2318//74 2319//2254 2320//2255
f  2319//2254 2318//74 2321//77 2322//2256
f  2323//2257 2320//2255 2319//2254 2324//2258
f  2319//2254 2322//2256 2325//2259 2324//2258
f  2326//53 2255//43 2256//2219 2327//2260
f  2328//2261 2327//2260 2256//2219 2257//2220
f  2329//2262 2210//2189 2209//31 2330//79
f  2329//2262 2330//79 2331//78 2332//2263
f  2215//2192 2210//2189 2329//2262 2333//2264
f  2329//2262 2332//2263 2334//2265 2333//2264
f  2335//80 2317//75 2320//2255 2336//2266
f  2320//2255 2323//2257 2337//2267 2336//2266
f  2309//2249 2310//42 2326//53 2327//2260
f  2314//52 2312//51 2304//2246 2315//2252
f  2315//2252 2304//2246 2303//2245 2316//2253
f  2311//2250 2309//2249 2327//2260 2328//2261
f  2332//2263 2331//78 2338//33 2339//2268
f  2332//2263 2339//2268 2340//2269 2334//2265
f  2322//2256 2321//77 2341//81 2342//2270
f  2322//2256 2342//2270 2343//2271 2325//2259
f  2213//34 2214//2191 2344//2272 2345//85
f  2346//2273 2344//2272 2214//2191 2217//2194
f  2347//2274 2342//2270 2341//81 2348//82
f  2342//2270 2347//2274 2349//2275 2343//2271
f  2350//2276 2351//2277 2352//87 2353//86
f  2350//2276 2353//86 2354//89 2355//2278
f  2350//2276 2355//2278 2356//2279 2357//2280
f  2358//2281 2351//2277 2350//2276 2357//2280
f  2359//2282 2360//2283 2361//2284 2362//2285
f  2363//2286 2360//2283 2359//2282 2364//2287
f  2365//91 2366//90 2359//2282 2362//2285
f  2359//2282 2366//90 2367//93 2364//2287
f  2368//35 2345//85 2344//2272 2369//2288
f  2339//2268 2338//33 2368//35 2369//2288
f  2347//2274 2348//82 2370//83 2371//2289
f  2372//2290 2349//2275 2347//2274 2371//2289
f  2373//2291 2369//2288 2344//2272 2346//2273
f  2351//2277 2358//2281 2374//2292 2375//2293
f  2376//94 2352//87 2351//2277 2375//2293
f  2340//2269 2339//2268 2369//2288 2373//2291
f  2377//2294 2284//2234 2285//65 2378//69
f  2379//73 2287//71 2286//2235 2316//2253
f  2380//100 2323//2257 2324//2258 2381//101
f  2324//2258 2325//2259 2382//104 2381//101
f  2383//105 2384//2295 2385//2296 2386//106
f  2387//2297 2384//2295 2383//105 2388//108
f  2284//2234 2377//2294 2389//2298 2313//2251
f  2303//2245 2302//72 2379//73 2316//2253
f  2378//69 2390//70 2391//2299 2377//2294
f  2390//70 2301//68 2300//2244 2391//2299
f  2392//2300 2385//2296 2384//2295 2393//2301
f  2384//2295 2387//2297 2394//2302 2393//2301
f  2377//2294 2391//2299 2395//2303 2389//2298
f  2323//2257 2380//100 2396//102 2337//2267
f  2386//106 2385//2296 2397//2304 2398//109
f  2399//2305 2397//2304 2385//2296 2392//2300
f  2400//2306 2401//111 2398//109 2397//2304
f  2335//80 2336//2266 2402//2307 2403//84
f  2336//2266 2337//2267 2404//2308 2402//2307
f  2337//2267 2396//102 2405//103 2404//2308
f  2406//114 2382//104 2325//2259 2343//2271
f  2387//2297 2388//108 2407//110 2408//2309
f  2387//2297 2408//2309 2409//2310 2394//2302
f  2406//114 2343//2271 2349//2275 2410//116
f  2411//2311 2408//2309 2407//110 2412//112
f  2372//2290 2404//2308 2405//103 2413//115
f  2408//2309 2411//2311 2414//2312 2409//2310
f  2410//116 2349//2275 2372//2290 2413//115
f  2412//112 2415//113 2416//2313 2411//2311
f  2415//113 2401//111 2400//2306 2416//2313
f  2411//2311 2416//2313 2417//2314 2414//2312
f  2416//2313 2400//2306 2418//2315 2417//2314
f  2371//2289 2370//83 2403//84 2402//2307
f  2372//2290 2371//2289 2402//2307 2404//2308
f  2165//2162 2164//2161 2205//2185 2419//2316
f  2165//2162 2419//2316 2420//2317 2223//2198
f  2421//2318 2422//2319 2423//2320 2424//2321
f  2421//2318 2424//2321 2425//2322 2426//2323
f  2427//2324 2428//117 2421//2318 2426//2323
f  2421//2318 2428//117 2429//119 2422//2319
f  2428//117 2427//2324 2430//2325 2431//118
f  2422//2319 2429//119 2432//120 2433//2326
f  2434//2327 2423//2320 2422//2319 2433//2326
f  2419//2316 2205//2185 2435//2328 2436//2329
f  2419//2316 2436//2329 2437//2330 2420//2317
f  2239//2208 2238//2207 2438//2331 2439//2332
f  2239//2208 2439//2332 2440//2333 2240//2209
f  2441//2334 2438//2331 2238//2207 2252//2217
f  2439//2332 2438//2331 2442//2335 2443//2336
f  2439//2332 2443//2336 2444//2337 2440//2333
f  2445//2338 2442//2335 2438//2331 2441//2334
f  2424//2321 2423//2320 2446//2339 2447//2340
f  2448//2341 2425//2322 2424//2321 2447//2340
f  2423//2320 2434//2327 2449//2342 2446//2339
f  2426//2323 2425//2322 2450//2343 2451//2344
f  2452//123 2427//2324 2426//2323 2451//2344
f  2453//2345 2450//2343 2425//2322 2448//2341
f  2240//2209 2440//2333 2454//2346 2257//2220
f  2440//2333 2444//2337 2455//2347 2454//2346
f  2456//122 2430//2325 2427//2324 2452//123
f  2457//2348 2215//2192 2333//2264 2458//2349
f  2457//2348 2458//2349 2459//2350 2460//2351
f  2216//2193 2215//2192 2457//2348 2461//2352
f  2462//2353 2461//2352 2457//2348 2460//2351
f  2463//2354 2458//2349 2333//2264 2334//2265
f  2257//2220 2454//2346 2464//2355 2328//2261
f  2465//2356 2459//2350 2458//2349 2463//2354
f  2464//2355 2454//2346 2455//2347 2466//2357
f  2466//2357 2467//2358 2468//2359 2464//2355
f  2216//2193 2461//2352 2469//2360 2217//2194
f  2470//2361 2469//2360 2461//2352 2462//2353
f  2469//2360 2470//2361 2471//2362 2472//2363
f  2346//2273 2217//2194 2469//2360 2472//2363
f  2361//2284 2360//2283 2473//2364 2474//2365
f  2475//2366 2362//2285 2361//2284 2476//2367
f  2361//2284 2474//2365 2477//2368 2476//2367
f  2478//2369 2473//2364 2360//2283 2363//2286
f  2474//2365 2473//2364 2479//2370 2480//2371
f  2481//2372 2477//2368 2474//2365 2480//2371
f  2473//2364 2478//2369 2482//2373 2479//2370
f  2465//2356 2463//2354 2483//2374 2484//2375
f  2485//2376 2472//2363 2471//2362 2486//2377
f  2486//2377 2484//2375 2483//2374 2485//2376
f  2487//2378 2488//121 2431//118 2430//2325
f  2205//2185 2206//2186 2489//2379 2435//2328
f  2490//2380 2489//2379 2206//2186 2207//2187
f  2491//2381 2420//2317 2437//2330 2492//2382
f  2493//2383 2490//2380 2207//2187 2494//2384
f  2207//2187 2204//2184 2208//2188 2494//2384
f  2495//2385 2433//2326 2432//120 2488//121
f  2493//2383 2494//2384 2496//2386 2497//2387
f  2491//2381 2492//2382 2497//2387 2496//2386
f  2223//2198 2420//2317 2491//2381 2226//2200
f  2498//2388 2445//2338 2441//2334 2499//2389
f  2441//2334 2252//2217 2308//2248 2499//2389
f  2468//2359 2467//2358 2498//2388 2499//2389
f  2261//2223 2226//2200 2491//2381 2496//2386
f  2499//2389 2308//2248 2311//2250 2468//2359
f  2201//2183 2230//2203 2261//2223 2208//2188
f  2496//2386 2494//2384 2208//2188 2261//2223
f  2500//2390 2495//2385 2488//121 2487//2378
f  2501//128 2434//2327 2433//2326 2495//2385
f  2502//127 2503//126 2434//2327 2501//128
f  2434//2327 2503//126 2504//2391 2449//2342
f  2505//125 2501//128 2495//2385 2500//2390
f  2506//2392 2507//2393 2508//2394 2509//2395
f  2510//2396 2511//2397 2508//2394 2507//2393
f  2508//2394 2512//131 2513//130 2509//2395
f  2508//2394 2511//2397 2514//132 2512//131
f  2503//126 2505//125 2515//2398 2504//2391
f  2506//2392 2509//2395 2516//2399 2517//2400
f  2518//2401 2507//2393 2506//2392 2519//2402
f  2520//2403 2519//2402 2506//2392 2517//2400
f  2521//2404 2511//2397 2510//2396 2522//2405
f  2510//2396 2523//2406 2524//2407 2522//2405
f  2510//2396 2507//2393 2518//2401 2523//2406
f  2511//2397 2521//2404 2525//133 2514//132
f  2526//135 2487//2378 2430//2325 2456//122
f  2328//2261 2464//2355 2468//2359 2311//2250
f  2527//2408 2500//2390 2487//2378 2526//135
f  2483//2374 2463//2354 2334//2265 2340//2269
f  2528//2409 2505//125 2500//2390 2527//2408
f  2346//2273 2472//2363 2485//2376 2373//2291
f  2529//2410 2482//2373 2478//2369 2530//2411
f  2478//2369 2363//2286 2531//2412 2530//2411
f  2363//2286 2364//2287 2532//2413 2531//2412
f  2340//2269 2373//2291 2485//2376 2483//2374
f  2364//2287 2367//93 2533//99 2532//2413
f  2505//125 2528//2409 2534//2414 2515//2398
f  2523//2406 2518//2401 2535//139 2536//137
f  2537//140 2524//2407 2523//2406 2536//137
f  2522//2405 2524//2407 2538//2415 2539//2416
f  2540//2417 2521//2404 2522//2405 2539//2416
f  2541//141 2525//133 2521//2404 2540//2417
f  2542//144 2538//2415 2524//2407 2537//140
f  2543//2418 2539//2416 2538//2415 2544//2419
f  2538//2415 2542//144 2545//145 2544//2419
f  2546//2420 2547//148 2548//2421 2549//2422
f  2550//146 2547//148 2546//2420 2551//2423
f  2546//2420 2549//2422 2552//2424 2553//2425
f  2554//2426 2551//2423 2546//2420 2553//2425
f  2548//2421 2547//148 2555//147 2556//2427
f  2552//2424 2549//2422 2548//2421 2557//2428
f  2548//2421 2556//2427 2558//2429 2557//2428
f  2555//147 2559//150 2560//155 2561//154
f  2562//2430 2556//2427 2555//147 2561//154
f  2563//2431 2558//2429 2556//2427 2562//2430
f  2550//146 2551//2423 2564//2432 2565//149
f  2565//149 2564//2432 2566//152 2559//150
f  2567//2433 2564//2432 2551//2423 2554//2426
f  2564//2432 2567//2433 2568//161 2566//152
f  2569//158 2553//2425 2552//2424 2557//2428
f  2553//2425 2569//158 2570//157 2554//2426
f  2569//158 2557//2428 2558//2429 2571//156
f  2554//2426 2570//157 2572//159 2567//2433
f  2567//2433 2572//159 2573//160 2568//161
f  2574//163 2571//156 2558//2429 2563//2431
f  2575//165 2573//160 2571//156 2574//163
f  2576//162 2577//151 2566//152 2568//161
f  2559//150 2577//151 2578//166 2560//155
f  2579//181 2578//166 2577//151 2576//162
f  2580//2434 2581//2435 2582//2436 2583//168
f  2584//171 2585//2437 2580//2434 2586//2438
f  2580//2434 2583//168 2587//170 2586//2438
f  2588//2439 2581//2435 2580//2434 2585//2437
f  2589//2440 2582//2436 2581//2435 2590//2441
f  2581//2435 2588//2439 2591//2442 2590//2441
f  2591//2442 2588//2439 2585//2437 2592//2443
f  2585//2437 2584//171 2593//174 2592//2443
f  2594//2444 2595//169 2583//168 2582//2436
f  2596//2445 2587//170 2595//169 2597//2446
f  2595//169 2594//2444 2598//2447 2597//2446
f  2599//2448 2594//2444 2582//2436 2589//2440
f  2600//2449 2598//2447 2594//2444 2599//2448
f  2584//171 2586//2438 2601//2450 2602//172
f  2584//171 2603//173 2604//175 2593//174
f  2586//2438 2587//170 2596//2445 2601//2450
f  2560//155 2605//167 2606//179 2607//153
f  2608//180 2605//167 2578//166 2579//181
f  2605//167 2608//180 2609//228 2606//179
f  2610//2451 2602//172 2601//2450 2611//2452
f  2612//2453 2611//2452 2601//2450 2596//2445
f  2613//184 2614//185 2615//187 2616//182
f  2617//2454 2603//173 2602//172 2610//2451
f  2603//173 2617//2454 2618//2455 2604//175
f  2619//188 2610//2451 2611//2452 2620//189
f  2621//2456 2620//189 2611//2452 2612//2453
f  2610//2451 2619//188 2622//191 2617//2454
f  2623//2457 2624//190 2620//189 2621//2456
f  2617//2454 2622//191 2625//192 2618//2455
f  2622//191 2624//190 2626//193 2625//192
f  2624//190 2623//2457 2627//2458 2626//193
f  2628//196 2629//2459 2630//201 2631//197
f  2632//2460 2629//2459 2628//196 2633//2461
f  2634//2462 2633//2461 2628//196 2635//198
f  2636//211 2630//201 2629//2459 2637//2463
f  2629//2459 2632//2460 2638//2464 2637//2463
f  2612//2453 2596//2445 2597//2446 2639//2465
f  2597//2446 2598//2447 2640//2466 2639//2465
f  2641//204 2621//2456 2612//2453 2639//2465
f  2621//2456 2641//204 2642//203 2623//2457
f  2643//2467 2640//2466 2598//2447 2600//2449
f  2639//2465 2640//2466 2644//205 2641//204
f  2645//206 2644//205 2640//2466 2643//2467
f  2646//208 2642//203 2644//205 2645//206
f  2627//2458 2623//2457 2642//203 2646//208
f  2647//2468 2631//197 2630//201 2648//200
f  2630//201 2636//211 2649//210 2650//202
f  2651//2469 2635//198 2631//197 2647//2468
f  2652//2470 2632//2460 2633//2461 2653//2471
f  2633//2461 2634//2462 2654//2472 2653//2471
f  2632//2460 2652//2470 2655//2473 2638//2464
f  2656//2474 2657//214 2635//198 2651//2469
f  2654//2472 2634//2462 2635//198 2657//214
f  2592//2443 2658//2475 2590//2441 2591//2442
f  2659//215 2589//2440 2590//2441 2658//2475
f  2660//217 2599//2448 2589//2440 2659//215
f  2599//2448 2660//217 2661//2476 2600//2449
f  2662//2477 2658//2475 2592//2443 2593//174
f  2579//181 2576//162 2573//160 2575//165
f  2663//216 2659//215 2658//2475 2662//2477
f  2664//2478 2662//2477 2593//174 2665//176
f  2666//2479 2663//216 2662//2477 2664//2478
f  2661//2476 2660//217 2663//216 2666//2479
f  2667//2480 2652//2470 2653//2471 2668//213
f  2653//2471 2654//2472 2657//214 2668//213
f  2652//2470 2667//2480 2669//2481 2655//2473
f  2667//2480 2668//213 2670//212 2671//218
f  2667//2480 2671//218 2672//230 2669//2481
f  2664//2478 2665//176 2673//2482 2674//2483
f  2664//2478 2674//2483 2675//2484 2666//2479
f  2676//225 2677//227 2678//222 2679//224
f  2680//223 2681//226 2676//225 2679//224
f  2673//2482 2665//176 2604//175 2618//2455
f  2674//2483 2673//2482 2682//194 2683//195
f  2674//2483 2683//195 2684//2485 2675//2484
f  2618//2455 2625//192 2682//194 2673//2482
f  2684//2485 2683//195 2626//193 2627//2458
f  2608//180 2575//165 2685//164 2609//228
f  2670//212 2657//214 2656//2474 2686//2486
f  2687//2487 2686//2486 2656//2474 2688//2488
f  2656//2474 2651//2469 2689//2489 2688//2488
f  2666//2479 2675//2484 2690//2490 2661//2476
f  2675//2484 2684//2485 2691//207 2690//2490
f  2684//2485 2627//2458 2646//208 2691//207
f  2600//2449 2661//2476 2690//2490 2643//2467
f  2691//207 2645//206 2643//2467 2690//2490
f  2692//219 2671//218 2670//212 2686//2486
f  2693//231 2672//230 2671//218 2694//221
f  2695//238 2636//211 2637//2463 2696//233
f  2637//2463 2638//2464 2697//234 2696//233
f  2636//211 2695//238 2698//237 2699//209
f  2638//2464 2655//2473 2700//2491 2697//234
f  2655//2473 2669//2481 2701//243 2700//2491
f  2669//2481 2672//230 2702//245 2701//243
f  2574//163 2563//2431 2703//2492 2704//2493
f  2703//2492 2563//2431 2562//2430 2705//2494
f  2706//2495 2704//2493 2703//2492 2705//2494
f  2685//164 2574//163 2704//2493 2707//244
f  2708//178 2707//244 2704//2493 2706//2495
f  2709//177 2710//229 2707//244 2708//178
f  2606//179 2609//228 2710//229 2709//177
f  2711//220 2692//219 2686//2486 2687//2487
f  2687//2487 2688//2488 2712//2496 2713//2497
f  2694//221 2711//220 2687//2487 2713//2497
f  2714//246 2702//245 2672//230 2715//232
f  2695//238 2696//233 2716//2498 2717//2499
f  2695//238 2717//2499 2718//2500 2719//239
f  2717//2499 2716//2498 2720//2501 2721//2502
f  2717//2499 2721//2502 2722//266 2718//2500
f  2723//2503 2724//2504 2725//2505 2726//2506
f  2727//2507 2724//2504 2723//2503 2728//2508
f  2729//252 2728//2508 2723//2503 2730//250
f  2731//341 2730//250 2723//2503 2726//2506
f  2725//2505 2724//2504 2732//2509 2733//2510
f  2734//2511 2726//2506 2725//2505 2735//2512
f  2725//2505 2733//2510 2736//2513 2735//2512
f  2696//233 2737//235 2738//2514 2716//2498
f  2739//2515 2737//235 2697//234 2700//2491
f  2740//2516 2741//2517 2737//235 2739//2515
f  2737//235 2741//2517 2742//2518 2738//2514
f  2743//254 2732//2509 2744//2519 2745//255
f  2746//256 2745//255 2744//2519 2747//257
f  2744//2519 2732//2509 2724//2504 2727//2507
f  2748//2520 2747//257 2744//2519 2727//2507
f  2749//259 2733//2510 2732//2509 2743//254
f  2745//255 2746//256 2750//262 2751//253
f  2741//2517 2752//2521 2753//2522 2742//2518
f  2754//2523 2752//2521 2741//2517 2740//2516
f  2746//256 2755//258 2756//260 2750//262
f  2757//2524 2753//2522 2752//2521 2754//2523
f  2758//2525 2755//258 2747//257 2748//2520
f  2759//2526 2742//2518 2753//2522 2760//2527
f  2761//2528 2760//2527 2753//2522 2757//2524
f  2755//258 2758//2525 2762//2529 2756//260
f  2700//2491 2701//243 2763//242 2739//2515
f  2736//2513 2733//2510 2749//259 2751//253
f  2751//253 2750//262 2764//261 2736//2513
f  2740//2516 2739//2515 2763//242 2765//2530
f  2757//2524 2754//2523 2740//2516 2765//2530
f  2727//2507 2728//2508 2766//2531 2748//2520
f  2716//2498 2738//2514 2767//2532 2720//2501
f  2738//2514 2742//2518 2759//2526 2767//2532
f  2768//2533 2766//2531 2728//2508 2729//252
f  2748//2520 2766//2531 2769//2534 2758//2525
f  2770//2535 2769//2534 2766//2531 2768//2533
f  2771//2536 2721//2502 2720//2501 2772//263
f  2773//264 2772//263 2720//2501 2767//2532
f  2721//2502 2771//2536 2774//2537 2722//266
f  2771//2536 2772//263 2775//2538 2774//2537
f  2772//263 2776//265 2777//271 2775//2538
f  2778//2539 2773//264 2767//2532 2759//2526
f  2773//264 2778//2539 2779//2540 2776//265
f  2759//2526 2760//2527 2779//2540 2778//2539
f  2758//2525 2769//2534 2780//2541 2762//2529
f  2781//2542 2779//2540 2760//2527 2761//2528
f  2782//270 2776//265 2779//2540 2781//2542
f  2769//2534 2770//2535 2783//2543 2780//2541
f  2784//2544 2785//2545 2786//2546 2787//2547
f  2784//2544 2788//2548 2789//2549 2785//2545
f  2790//2550 2791//2551 2784//2544 2787//2547
f  2792//273 2788//2548 2784//2544 2791//2551
f  2793//2552 2789//2549 2788//2548 2794//2553
f  2788//2548 2792//273 2795//272 2794//2553
f  2796//2554 2787//2547 2786//2546 2797//2555
f  2786//2546 2785//2545 2798//2556 2799//2557
f  2800//2558 2797//2555 2786//2546 2799//2557
f  2785//2545 2789//2549 2801//2559 2798//2556
f  2789//2549 2793//2552 2802//2560 2801//2559
f  2803//354 2802//2560 2793//2552 2804//2561
f  2793//2552 2794//2553 2805//726 2804//2561
f  2806//2562 2199//2182 2193//2178 2195//2179
f  2190//2175 2191//2176 2807//277 2808//276
f  2190//2175 2808//276 2809//278 2195//2179
f  2810//2563 2811//2564 2812//2565 2813//2566
f  2814//279 2811//2564 2810//2563 2815//280
f  2816//282 2815//280 2810//2563 2817//2567
f  2810//2563 2813//2566 2818//2568 2817//2567
f  2191//2176 2192//2177 2819//283 2807//277
f  2820//284 2819//283 2192//2177 2265//2225
f  2821//285 2820//284 2265//2225 2271//2228
f  2291//2238 2822//289 2823//288 2290//2237
f  2824//291 2822//289 2291//2238 2292//2239
f  2296//2241 2290//2237 2823//288 2825//292
f  2275//2231 2274//2230 2199//2182 2806//2562
f  2826//287 2821//285 2271//2228 2275//2231
f  2195//2179 2809//278 2827//286 2806//2562
f  2806//2562 2827//286 2826//287 2275//2231
f  2828//2569 2300//2244 2294//2240 2296//2241
f  2395//2303 2391//2299 2300//2244 2828//2569
f  2296//2241 2825//292 2829//293 2828//2569
f  2824//291 2292//2239 2313//2251 2830//294
f  2831//295 2830//294 2313//2251 2389//2298
f  2418//2315 2400//2306 2397//2304 2399//2305
f  2831//295 2389//2298 2395//2303 2832//296
f  2395//2303 2828//2569 2829//293 2832//296
f  2833//297 2394//2302 2409//2310 2834//298
f  2409//2310 2414//2312 2835//300 2834//298
f  2836//301 2835//300 2414//2312 2417//2314
f  2392//2300 2393//2301 2837//303 2838//302
f  2392//2300 2838//302 2839//304 2399//2305
f  2833//297 2837//303 2393//2301 2394//2302
f  2840//305 2418//2315 2399//2305 2839//304
f  2836//301 2417//2314 2418//2315 2840//305
f  2841//306 2842//2570 2811//2564 2814//279
f  2811//2564 2842//2570 2843//2571 2812//2565
f  2842//2570 2841//306 2844//307 2845//2572
f  2842//2570 2845//2572 2846//2573 2843//2571
f  2847//309 2848//308 2849//2574 2850//2575
f  2851//2576 2852//2577 2849//2574 2853//2578
f  2854//2579 2850//2575 2849//2574 2852//2577
f  2849//2574 2848//308 2855//312 2853//2578
f  2845//2572 2844//307 2856//313 2857//2580
f  2858//2581 2846//2573 2845//2572 2857//2580
f  2859//2582 2847//309 2850//2575 2860//2583
f  2850//2575 2854//2579 2861//2584 2860//2583
f  2862//2585 2863//2586 2812//2565 2843//2571
f  2864//2587 2813//2566 2812//2565 2863//2586
f  2863//2586 2862//2585 2865//318 2866//317
f  2867//319 2864//2587 2863//2586 2866//317
f  2868//2588 2862//2585 2843//2571 2846//2573
f  2869//320 2865//318 2862//2585 2868//2588
f  2864//2587 2867//319 2870//321 2871//2589
f  2818//2568 2813//2566 2864//2587 2871//2589
f  2869//320 2868//2588 2872//2590 2873//322
f  2847//309 2859//2582 2874//2591 2875//316
f  2872//2590 2868//2588 2846//2573 2858//2581
f  2872//2590 2858//2581 2876//2592 2877//2593
f  2878//323 2873//322 2872//2590 2877//2593
f  2859//2582 2860//2583 2879//2594 2874//2591
f  2880//2595 2857//2580 2856//313 2881//314
f  2858//2581 2857//2580 2880//2595 2876//2592
f  2882//2596 2877//2593 2876//2592 2883//2597
f  2876//2592 2880//2595 2884//2598 2883//2597
f  2852//2577 2851//2576 2885//327 2886//326
f  2887//328 2854//2579 2852//2577 2886//326
f  2888//2599 2851//2576 2853//2578 2889//2600
f  2853//2578 2855//312 2890//311 2889//2600
f  2891//334 2885//327 2851//2576 2888//2599
f  2516//2399 2509//2395 2513//130 2892//329
f  2516//2399 2892//329 2893//330 2894//2601
f  2895//2602 2517//2400 2516//2399 2894//2601
f  2888//2599 2889//2600 2896//2603 2897//2604
f  2898//335 2891//334 2888//2599 2897//2604
f  2899//2605 2894//2601 2893//330 2900//331
f  2854//2579 2887//328 2901//336 2861//2584
f  2902//2606 2861//2584 2901//336 2903//337
f  2541//141 2540//2417 2904//2607 2905//332
f  2896//2603 2889//2600 2890//311 2906//310
f  2907//2608 2896//2603 2906//310 2875//316
f  2816//282 2817//2567 2884//2598 2908//315
f  2817//2567 2818//2568 2883//2597 2884//2598
f  2909//2609 2897//2604 2896//2603 2907//2608
f  2879//2594 2907//2608 2875//316 2874//2591
f  2880//2595 2881//314 2908//315 2884//2598
f  2907//2608 2879//2594 2902//2606 2909//2609
f  2898//335 2897//2604 2909//2609 2910//338
f  2860//2583 2861//2584 2902//2606 2879//2594
f  2911//2610 2912//333 2905//332 2904//2607
f  2911//2610 2899//2605 2900//331 2912//333
f  2902//2606 2903//337 2910//338 2909//2609
f  2895//2602 2894//2601 2899//2605 2913//2611
f  2899//2605 2911//2610 2914//2612 2913//2611
f  2911//2610 2904//2607 2543//2418 2914//2612
f  2540//2417 2539//2416 2543//2418 2904//2607
f  2543//2418 2544//2419 2915//2613 2914//2612
f  2871//2589 2870//321 2916//324 2882//2596
f  2883//2597 2818//2568 2871//2589 2882//2596
f  2882//2596 2916//324 2878//323 2877//2593
f  2917//340 2918//251 2730//250 2731//341
f  2768//2533 2729//252 2918//251 2919//2614
f  2920//2615 2919//2614 2918//251 2917//340
f  2770//2535 2768//2533 2919//2614 2921//2616
f  2922//2617 2921//2616 2919//2614 2920//2615
f  2783//2543 2770//2535 2921//2616 2922//2617
f  2792//273 2791//2551 2790//2550 2923//274
f  2924//342 2923//274 2790//2550 2925//2618
f  2790//2550 2787//2547 2796//2554 2925//2618
f  2926//724 2795//272 2923//274 2927//343
f  2928//2619 2924//342 2925//2618 2929//2620
f  2925//2618 2796//2554 2930//2621 2929//2620
f  2924//342 2928//2619 2931//2622 2927//343
f  2796//2554 2797//2555 2932//2623 2930//2621
f  2933//2624 2932//2623 2797//2555 2800//2558
f  2929//2620 2934//2625 2935//2626 2928//2619
f  2936//2627 2934//2625 2929//2620 2930//2621
f  2934//2625 2936//2627 2937//2628 2938//2629
f  2939//2630 2935//2626 2934//2625 2938//2629
f  2928//2619 2935//2626 2940//2631 2931//2622
f  2941//2632 2940//2631 2935//2626 2939//2630
f  2942//2633 2931//2622 2940//2631 2943//2634
f  2940//2631 2941//2632 2944//2635 2943//2634
f  2930//2621 2932//2623 2945//2636 2936//2627
f  2932//2623 2933//2624 2946//2637 2945//2636
f  2936//2627 2945//2636 2947//2638 2937//2628
f  2735//2512 2736//2513 2764//261 2948//2639
f  2949//2640 2734//2511 2735//2512 2948//2639
f  2726//2506 2734//2511 2950//339 2731//341
f  2734//2511 2949//2640 2951//2641 2950//339
f  2701//243 2702//245 2952//2642 2953//241
f  2954//2643 2952//2642 2702//245 2955//248
f  2956//2644 2765//2530 2763//242 2957//2645
f  2763//242 2953//241 2958//2646 2957//2645
f  2953//241 2952//2642 2959//2647 2958//2646
f  2757//2524 2765//2530 2956//2644 2761//2528
f  2764//261 2756//260 2762//2529 2948//2639
f  2960//357 2959//2647 2952//2642 2954//2643
f  2949//2640 2948//2639 2762//2529 2780//2541
f  2956//2644 2957//2645 2961//345 2962//2648
f  2781//2542 2761//2528 2956//2644 2962//2648
f  2799//2557 2798//2556 2963//2649 2964//2650
f  2799//2557 2964//2650 2965//2651 2800//2558
f  2966//349 2963//2649 2798//2556 2801//2559
f  2782//270 2781//2542 2962//2648 2961//345
f  2951//2641 2949//2640 2780//2541 2783//2543
f  2967//344 2961//345 2957//2645 2958//2646
f  2964//2650 2963//2649 2966//349 2968//348
f  2964//2650 2968//348 2969//351 2965//2651
f  2966//349 2801//2559 2802//2560 2970//347
f  2782//270 2967//344 2971//2652 2972//346
f  2973//353 2970//347 2802//2560 2803//354
f  2958//2646 2959//2647 2974//2653 2967//344
f  2975//2654 2974//2653 2959//2647 2960//357
f  2971//2652 2967//344 2974//2653 2975//2654
f  2968//348 2970//347 2973//353 2976//350
f  2977//2655 2978//2656 2979//2657 2980//2658
f  2977//2655 2981//2659 2982//2660 2983//2661
f  2977//2655 2980//2658 2984//2662 2981//2659
f  2985//2663 2978//2656 2977//2655 2983//2661
f  2986//2664 2979//2657 2978//2656 2987//358
f  2988//359 2987//358 2978//2656 2985//2663
f  2980//2658 2979//2657 2989//2665 2990//2666
f  2980//2658 2990//2666 2991//2667 2984//2662
f  2979//2657 2986//2664 2992//2668 2989//2665
f  2986//2664 2987//358 2993//361 2992//2668
f  2917//340 2950//339 2951//2641 2920//2615
f  2922//2617 2920//2615 2951//2641 2783//2543
f  2800//2558 2965//2651 2994//2669 2933//2624
f  2965//2651 2969//351 2995//2670 2994//2669
f  2933//2624 2994//2669 2996//2671 2946//2637
f  2803//354 2804//2561 2997//2672 2998//363
f  2999//362 3000//352 2803//354 2998//363
f  3001//2673 2995//2670 2969//351 2976//350
f  2994//2669 2995//2670 3002//2674 2996//2671
f  2995//2670 3001//2673 3003//2675 3002//2674
f  2990//2666 2989//2665 3004//2676 3005//2677
f  2990//2666 3005//2677 3006//2678 2991//2667
f  2989//2665 2992//2668 2993//361 3004//2676
f  3007//2679 3006//2678 3005//2677 3008//2680
f  3005//2677 3004//2676 3009//2681 3008//2680
f  3004//2676 2993//361 3010//360 3009//2681
f  3011//2682 3001//2673 2976//350 3012//2683
f  2976//350 2973//353 3000//352 3012//2683
f  3001//2673 3011//2682 3013//2684 3003//2675
f  3011//2682 3012//2683 3014//2685 3015//2686
f  3016//2687 3013//2684 3011//2682 3015//2686
f  2945//2636 2946//2637 3017//366 2947//2638
f  2946//2637 2996//2671 3018//367 3017//366
f  2996//2671 3002//2674 3019//2688 3018//367
f  3002//2674 3003//2675 3020//2689 3019//2688
f  3003//2675 3013//2684 3021//2690 3020//2689
f  3022//2691 3021//2690 3013//2684 3016//2687
f  3023//368 3024//373 3025//372 3026//369
f  3027//378 3024//373 3023//368 3028//2692
f  3029//377 3028//2692 3023//368 3030//370
f  3024//373 3027//378 3031//380 3032//371
f  3033//2693 3026//369 3025//372 3034//2694
f  3035//2695 3034//2694 3025//372 3032//371
f  3036//2696 3037//375 3026//369 3033//2693
f  3027//378 3028//2692 3038//2697 3039//381
f  3040//379 3041//386 3042//385 3031//380
f  3043//387 3041//386 3040//379 3044//383
f  3045//2698 3046//2699 2447//2340 2446//2339
f  2447//2340 3046//2699 3047//2700 2448//2341
f  3046//2699 3045//2698 3048//2701 3049//2702
f  3046//2699 3049//2702 3050//2703 3047//2700
f  3032//371 3031//380 3042//385 3051//2704
f  3052//2705 3051//2704 3042//385 3053//388
f  3048//2701 3045//2698 2446//2339 2449//2342
f  3028//2692 3029//377 3054//391 3038//2697
f  3055//2706 3029//377 3056//376 3057//382
f  3058//2707 3054//391 3029//377 3055//2706
f  3059//374 3037//375 3060//2708 3057//382
f  3037//375 3036//2696 3061//2709 3060//2708
f  2518//2401 2519//2402 3062//392 2535//139
f  2449//2342 2504//2391 3049//2702 3048//2701
f  3063//138 3062//392 2519//2402 2520//2403
f  3064//136 3063//138 2520//2403 3065//2710
f  2520//2403 2517//2400 2895//2602 3065//2710
f  3066//396 3033//2693 3034//2694 3067//393
f  3068//394 3067//393 3034//2694 3035//2695
f  3033//2693 3066//396 3069//400 3036//2696
f  3070//397 3066//396 3067//393 3071//395
f  3035//2695 3032//371 3051//2704 3072//406
f  3073//404 3072//406 3051//2704 3052//2705
f  3068//394 3035//2695 3072//406 3074//405
f  3049//2702 2504//2391 2515//2398 3050//2703
f  3075//412 3068//394 3074//405 3076//408
f  3064//136 3065//2710 3077//2711 3078//142
f  2915//2613 2544//2419 2545//145 3079//143
f  3076//408 3080//409 3081//410 3075//412
f  3068//394 3075//412 3082//411 3071//395
f  3083//2712 3061//2709 3036//2696 3069//400
f  3084//413 3057//382 3060//2708 3085//414
f  3060//2708 3061//2709 3086//2713 3085//414
f  3061//2709 3083//2712 3087//425 3086//2713
f  2895//2602 2913//2611 3077//2711 3065//2710
f  2915//2613 3077//2711 2913//2611 2914//2612
f  3078//142 3077//2711 2915//2613 3079//143
f  3080//409 3088//407 3089//417 3081//410
f  3070//397 3071//395 3082//411 3090//2714
f  3091//2715 3090//2714 3082//411 3092//416
f  3093//401 3094//398 3070//397 3090//2714
f  3069//400 3095//399 3096//403 3083//2712
f  3097//402 3093//401 3098//2716 3096//403
f  3099//420 3093//401 3090//2714 3091//2715
f  3093//401 3099//420 3100//2717 3098//2716
f  3101//2718 2939//2630 2938//2629 3102//2719
f  2938//2629 2937//2628 3103//2720 3102//2719
f  2937//2628 2947//2638 3104//2721 3103//2720
f  3105//2722 2941//2632 2939//2630 3101//2718
f  2941//2632 3105//2722 3106//2723 2944//2635
f  3102//2719 3107//2724 3108//2725 3101//2718
f  3109//2726 3107//2724 3102//2719 3103//2720
f  3107//2724 3109//2726 3110//2727 3111//2728
f  3112//2729 3108//2725 3107//2724 3111//2728
f  3113//2730 3105//2722 3101//2718 3108//2725
f  3105//2722 3113//2730 3114//2731 3106//2723
f  3115//2732 3113//2730 3108//2725 3112//2729
f  3113//2730 3115//2732 3116//2733 3114//2731
f  3083//2712 3096//403 3117//423 3087//425
f  3118//2734 3119//2735 3120//2736 3121//2737
f  3122//2738 3121//2737 3120//2736 3123//428
f  3120//2736 3119//2735 3124//2739 3125//2740
f  3126//426 3123//428 3120//2736 3125//2740
f  2947//2638 3017//366 3127//2741 3104//2721
f  3128//2742 3129//2743 3130//2744 3131//2745
f  3128//2742 3131//2745 3132//2746 3133//2747
f  3134//2748 3130//2744 3129//2743 3135//2749
f  3136//430 3137//365 3018//367 3138//431
f  3139//432 3138//431 3018//367 3019//2688
f  3017//366 3137//365 3140//2750 3127//2741
f  3137//365 3136//430 3141//438 3140//2750
f  3142//2751 3131//2745 3130//2744 3143//2752
f  3144//2753 3143//2752 3130//2744 3134//2748
f  3131//2745 3142//2751 3145//2754 3132//2746
f  3136//430 3146//429 3147//435 3141//438
f  3148//2755 3142//2751 3143//2752 3149//2756
f  3150//2757 3149//2756 3143//2752 3144//2753
f  3151//2758 3145//2754 3142//2751 3148//2755
f  3134//2748 3152//2759 3153//2760 3144//2753
f  3134//2748 3135//2749 3154//2761 3152//2759
f  3155//2762 3156//2763 3152//2759 3154//2761
f  3157//2764 3153//2760 3152//2759 3156//2763
f  3158//2765 3159//433 3146//429 3160//436
f  3161//446 3162//439 3159//433 3163//447
f  3159//433 3158//2765 3164//448 3163//447
f  3165//2766 3109//2726 3103//2720 3104//2721
f  3109//2726 3165//2766 3166//2767 3110//2727
f  3167//450 3165//2766 3104//2721 3127//2741
f  3168//452 3166//2767 3165//2766 3167//450
f  3169//453 3111//2728 3110//2727 3170//440
f  3110//2727 3166//2767 3171//441 3170//440
f  3166//2767 3168//452 3172//443 3171//441
f  3173//2768 3119//2735 3118//2734 3174//2769
f  3175//2770 3174//2769 3118//2734 3176//2771
f  3118//2734 3121//2737 3177//2772 3176//2771
f  3178//2773 3173//2768 3174//2769 3179//2774
f  3174//2769 3175//2770 3180//2775 3179//2774
f  3111//2728 3169//453 3181//454 3112//2729
f  3119//2735 3173//2768 3178//2773 3124//2739
f  3182//442 3183//444 3184//2776 3181//454
f  3133//2747 3132//2746 3185//2777 3186//2778
f  3183//444 3187//434 3162//439 3188//2779
f  3189//2780 3184//2776 3183//444 3188//2779
f  3112//2729 3181//454 3184//2776 3115//2732
f  3115//2732 3184//2776 3189//2780 3116//2733
f  3127//2741 3140//2750 3190//451 3167//450
f  3191//437 3190//451 3140//2750 3141//438
f  3172//443 3168//452 3190//451 3191//437
f  3185//2777 3132//2746 3145//2754 3192//2781
f  3145//2754 3151//2758 3193//2782 3192//2781
f  3185//2777 3192//2781 3194//2783 3195//2784
f  3196//2785 3186//2778 3185//2777 3195//2784
f  3197//456 3188//2779 3162//439 3161//446
f  3198//2786 3189//2780 3188//2779 3197//456
f  3199//2787 3196//2785 3195//2784 3200//2788
f  3195//2784 3194//2783 3201//2789 3200//2788
f  3202//2790 3203//458 3204//457 3205//462
f  3204//457 3206//459 3207//461 3208//466
f  3209//463 3205//462 3204//457 3208//466
f  3203//458 3202//2790 3210//2791 3211//2792
f  3212//460 3206//459 3203//458 3211//2792
f  3213//2793 3202//2790 3205//462 3214//464
f  3202//2790 3213//2793 3215//2794 3210//2791
f  3216//474 3217//465 3207//461 3218//468
f  3208//466 3217//465 3219//2795 3209//463
f  3220//478 3219//2795 3217//465 3216//474
f  3121//2737 3122//2738 3221//2796 3177//2772
f  3222//2797 3122//2738 3123//428 3223//427
f  3122//2738 3222//2797 3224//2798 3221//2796
f  3222//2797 3223//427 3225//2799 3224//2798
f  3209//463 3219//2795 3226//2800 3227//471
f  3228//480 3226//2800 3219//2795 3220//478
f  3229//2801 3225//2799 3223//427 3126//426
f  3160//436 3139//432 3019//2688 3020//2689
f  3214//464 3230//472 3231//2802 3213//2793
f  3148//2755 3149//2756 3232//2803 3233//2804
f  3148//2755 3233//2804 3234//2805 3151//2758
f  3149//2756 3150//2757 3235//2806 3232//2803
f  3158//2765 3160//436 3020//2689 3021//2690
f  3144//2753 3153//2760 3236//2807 3150//2757
f  3164//448 3158//2765 3021//2690 3022//2691
f  3237//2808 3236//2807 3153//2760 3157//2764
f  3150//2757 3236//2807 3238//2809 3235//2806
f  3239//2810 3231//2802 3230//472 3240//2811
f  3230//472 3227//471 3241//2812 3240//2811
f  3242//2813 3238//2809 3236//2807 3237//2808
f  3213//2793 3231//2802 3243//2814 3215//2794
f  3231//2802 3239//2810 3244//2815 3243//2814
f  3242//2813 3237//2808 3245//2816 3246//2817
f  3246//2817 3245//2816 3247//2818 3248//2819
f  3249//2820 3193//2782 3151//2758 3234//2805
f  3250//2821 3251//2822 3252//2823 3253//2824
f  3252//2823 3254//2825 3255//491 3253//2824
f  3192//2781 3193//2782 3256//2826 3194//2783
f  3227//471 3226//2800 3257//2827 3241//2812
f  3258//483 3257//2827 3226//2800 3228//480
f  3259//2828 3256//2826 3193//2782 3249//2820
f  3256//2826 3259//2828 3260//2829 3261//2830
f  3201//2789 3194//2783 3256//2826 3261//2830
f  3254//2825 3262//2831 3263//492 3255//491
f  3264//2832 3263//492 3262//2831 3265//2833
f  3266//2834 3248//2819 3247//2818 3267//2835
f  3261//2830 3260//2829 3266//2834 3267//2835
f  3268//494 3269//498 3270//510 3271//2836
f  3268//494 3271//2836 3272//2837 3273//495
f  3274//499 3269//498 3268//494 3275//497
f  3276//504 3175//2770 3176//2771 3277//505
f  3278//2838 3277//505 3176//2771 3177//2772
f  3175//2770 3276//504 3279//2839 3180//2775
f  3276//504 3280//506 3281//2840 3279//2839
f  3282//2841 3280//506 3277//505 3278//2838
f  3280//506 3282//2841 3283//2842 3281//2840
f  3284//2843 3251//2822 3250//2821 3285//2844
f  3250//2821 3286//2845 3287//2846 3285//2844
f  3250//2821 3253//2824 3288//2847 3286//2845
f  3289//2848 3287//2846 3286//2845 3290//2849
f  3291//490 3290//2849 3286//2845 3288//2847
f  3292//2850 3284//2843 3285//2844 3293//2851
f  3285//2844 3287//2846 3294//2852 3293//2851
f  3289//2848 3290//2849 3295//2853 3296//2854
f  3297//2855 3296//2854 3295//2853 3298//2856
f  3299//521 3298//2856 3295//2853 3300//507
f  3295//2853 3290//2849 3291//490 3300//507
f  3287//2846 3289//2848 3301//2857 3294//2852
f  3301//2857 3289//2848 3296//2854 3302//2858
f  3296//2854 3297//2855 3303//2859 3302//2858
f  3304//511 3271//2836 3270//510 3305//509
f  3270//510 3269//498 3306//2860 3307//508
f  3269//498 3308//500 3309//520 3306//2860
f  3310//2861 3297//2855 3298//2856 3311//2862
f  3298//2856 3299//521 3312//522 3311//2862
f  3297//2855 3310//2861 3313//2863 3303//2859
f  3271//2836 3304//511 3314//528 3272//2837
f  3304//511 3315//523 3316//524 3314//528
f  3299//521 3300//507 3317//489 3318//493
f  3177//2772 3221//2796 3224//2798 3278//2838
f  3278//2838 3224//2798 3225//2799 3282//2841
f  3216//474 3319//473 3320//479 3220//478
f  3319//473 3218//468 3321//467 3322//2864
f  3323//481 3320//479 3319//473 3322//2864
f  3283//2842 3282//2841 3225//2799 3229//2801
f  3324//2865 3325//501 3273//495 3272//2837
f  3326//2866 3327//496 3325//501 3324//2865
f  3328//527 3324//2865 3272//2837 3314//528
f  3316//524 3326//2866 3324//2865 3328//527
f  3329//2867 3327//496 3326//2866 3330//2868
f  3331//525 3330//2868 3326//2866 3316//524
f  3327//496 3329//2867 3332//502 3275//497
f  3329//2867 3330//2868 3333//2869 3334//2870
f  3335//2871 3332//502 3329//2867 3334//2870
f  3330//2868 3331//525 3336//2872 3333//2869
f  3336//2872 3331//525 3315//523 3337//526
f  3318//493 3263//492 3264//2832 3338//2873
f  3253//2824 3255//491 3291//490 3288//2847
f  3339//2874 3340//2875 3341//2876 3342//2877
f  3339//2874 3343//2878 3344//2879 3340//2875
f  3339//2874 3342//2877 3345//2880 3346//2881
f  3347//2882 3343//2878 3339//2874 3346//2881
f  3348//2883 3349//2884 3343//2878 3347//2882
f  3350//2885 3344//2879 3343//2878 3349//2884
f  3341//2876 3351//2886 3352//533 3353//535
f  3341//2876 3340//2875 3354//2887 3351//2886
f  3355//537 3342//2877 3341//2876 3353//535
f  3356//2888 3354//2887 3340//2875 3344//2879
f  3352//533 3351//2886 3357//2889 3358//538
f  3351//2886 3354//2887 3359//2890 3357//2889
f  3360//2891 3359//2890 3354//2887 3356//2888
f  3359//2890 3360//2891 3361//2892 3362//2893
f  3363//2894 3357//2889 3359//2890 3362//2893
f  3364//550 3356//2888 3344//2879 3350//2885
f  3356//2888 3364//550 3365//549 3360//2891
f  3348//2883 3347//2882 3366//2895 3367//2896
f  3368//2897 3349//2884 3348//2883 3369//2898
f  3348//2883 3367//2896 3370//2899 3369//2898
f  3371//556 3350//2885 3349//2884 3368//2897
f  3274//499 3275//497 3372//503 3373//515
f  3374//516 3373//515 3375//2900 3376//2901
f  3374//516 3376//2901 3377//2902 3378//551
f  3379//558 3375//2900 3373//515 3372//503
f  3350//2885 3371//556 3380//548 3364//550
f  3371//556 3368//2897 3381//2903 3382//555
f  3360//2891 3365//549 3383//2904 3361//2892
f  3365//549 3380//548 3384//557 3383//2904
f  3383//2904 3384//557 3385//2905 3386//2906
f  3387//2907 3361//2892 3383//2904 3386//2906
f  3388//2908 3377//2902 3376//2901 3389//2909
f  3376//2901 3375//2900 3390//2910 3389//2909
f  3375//2900 3379//558 3391//560 3390//2910
f  3392//541 3358//538 3357//2889 3363//2894
f  3393//2911 3362//2893 3361//2892 3387//2907
f  3379//558 3372//503 3394//2912 3395//2913
f  3396//2914 3397//559 3379//558 3395//2913
f  3372//503 3332//502 3335//2871 3394//2912
f  3398//2915 3399//562 3397//559 3396//2914
f  3400//2916 3390//2910 3391//560 3401//2917
f  3391//560 3402//561 3403//564 3401//2917
f  3404//568 3405//567 3406//572 3407//570
f  3405//567 3408//566 3409//2918 3410//2919
f  3405//567 3410//2919 3411//2920 3406//572
f  3412//2921 3409//2918 3408//566 3413//571
f  3410//2919 3409//2918 3414//2922 3415//2923
f  3416//2920 3411//2920 3410//2919 3415//2923
f  3409//2918 3412//2921 3417//2924 3414//2922
f  3406//572 3411//2920 3418//2925 3419//573
f  3420//2926 3418//2925 3411//2920 3416//2920
f  3421//581 3422//582 3423//2927 3424//2928
f  3423//2927 3422//582 3425//2929 3426//2930
f  3427//588 3424//2928 3423//2927 3428//2931
f  3423//2927 3426//2930 3429//2932 3428//2931
f  3422//582 3419//573 3418//2925 3425//2929
f  3430//578 3431//569 3407//570 3432//576
f  3424//2928 3427//588 3433//587 3434//2933
f  3435//583 3421//581 3424//2928 3434//2933
f  3426//2930 3425//2929 3436//2934 3437//2935
f  3438//2936 3429//2932 3426//2930 3437//2935
f  3425//2929 3418//2925 3420//2926 3436//2934
f  3439//2937 3434//2933 3433//587 3440//2938
f  3441//1082 3440//2938 3433//587 3442//591
f  3427//588 3428//2931 3443//592 3444//590
f  3445//2939 3443//592 3428//2931 3429//2932
f  3446//589 3444//590 3447//2940 3448//2941
f  3449//2942 3442//591 3446//589 3448//2941
f  3444//590 3450//593 3451//2943 3447//2940
f  3451//2943 3450//593 3443//592 3452//2944
f  3453//2945 3452//2944 3443//592 3445//2939
f  3454//2946 3448//2941 3447//2940 3455//2947
f  3447//2940 3451//2943 3456//2948 3455//2947
f  3456//2948 3451//2943 3452//2944 3457//2949
f  3452//2944 3453//2945 3458//2950 3457//2949
f  3459//2951 3445//2939 3429//2932 3438//2936
f  3460//2952 3453//2945 3445//2939 3459//2951
f  3461//2953 3458//2950 3453//2945 3460//2952
f  2365//91 2362//2285 2475//2366 3462//95
f  3463//96 3462//95 2475//2366 3464//2954
f  2475//2366 2476//2367 3465//2955 3464//2954
f  2355//2278 2354//89 3466//594 3467//2956
f  2355//2278 3467//2956 3468//2957 2356//2279
f  3469//97 3463//96 3464//2954 3470//2958
f  3464//2954 3465//2955 3471//2959 3470//2958
f  3472//2960 3467//2956 3466//594 3473//595
f  3474//2961 3468//2957 3467//2956 3472//2960
f  3475//600 2357//2280 2356//2279 3476//598
f  2356//2279 3468//2957 3477//601 3476//598
f  3478//602 3477//601 3468//2957 3474//2961
f  3469//97 3470//2958 3479//2962 3480//98
f  3481//2963 3472//2960 3473//595 3482//596
f  3483//2964 3474//2961 3472//2960 3481//2963
f  2358//2281 2357//2280 3475//600 3484//603
f  2358//2281 3484//603 3485//604 2374//2292
f  3486//607 3487//606 3488//2965 3489//2966
f  3486//607 3489//2966 3490//2967 3491//608
f  3492//2968 3488//2965 3487//606 3493//609
f  3489//2966 3488//2965 3494//2969 3495//2970
f  3489//2966 3495//2970 3496//2971 3490//2967
f  3488//2965 3492//2968 3497//2972 3494//2969
f  2374//2292 3485//604 3498//614 3499//2973
f  3500//2974 2375//2293 2374//2292 3499//2973
f  3501//2975 3502//610 3491//608 3490//2967
f  3483//2964 3499//2973 3498//614 3503//615
f  3481//2963 3500//2974 3499//2973 3483//2964
f  3504//2976 3492//2968 3493//609 3505//611
f  3492//2968 3504//2976 3506//2977 3497//2972
f  3507//2978 3504//2976 3505//611 3508//612
f  3504//2976 3507//2978 3509//2979 3506//2977
f  3478//602 3474//2961 3483//2964 3503//615
f  3508//612 3510//613 3511//2980 3507//2978
f  3511//2980 3510//613 3502//610 3501//2975
f  3511//2980 3501//2975 3512//2981 3513//2982
f  3509//2979 3507//2978 3511//2980 3513//2982
f  3495//2970 3494//2969 3514//618 3515//617
f  3516//619 3496//2971 3495//2970 3515//617
f  3512//2981 3501//2975 3490//2967 3496//2971
f  3494//2969 3497//2972 3517//620 3514//618
f  3497//2972 3506//2977 3518//621 3517//620
f  3518//621 3506//2977 3509//2979 3519//622
f  3520//624 3512//2981 3496//2971 3516//619
f  3521//623 3513//2982 3512//2981 3520//624
f  3513//2982 3521//623 3519//622 3509//2979
f  3522//2983 2451//2344 2450//2343 3523//2984
f  3524//2985 3523//2984 2450//2343 2453//2345
f  2476//2367 2477//2368 3525//2986 3465//2955
f  3526//124 2452//123 2451//2344 3522//2983
f  3527//2987 3525//2986 2477//2368 2481//2372
f  3525//2986 3527//2987 3528//2988 3529//2989
f  3471//2959 3465//2955 3525//2986 3529//2989
f  3526//124 3522//2983 3530//2990 3531//134
f  3532//2991 3529//2989 3528//2988 3533//2992
f  3479//2962 3470//2958 3471//2959 3534//2993
f  3471//2959 3529//2989 3532//2991 3534//2993
f  3522//2983 3523//2984 3535//2994 3530//2990
f  2529//2410 2530//2411 3532//2991 3533//2992
f  3536//2995 3535//2994 3523//2984 3524//2985
f  3479//2962 3534//2993 2531//2412 2532//2413
f  3532//2991 2530//2411 2531//2412 3534//2993
f  2527//2408 2526//135 3531//134 3530//2990
f  2376//94 2375//2293 3500//2974 3537//597
f  3479//2962 2532//2413 2533//99 3480//98
f  3481//2963 3482//596 3537//597 3500//2974
f  2528//2409 2527//2408 3530//2990 3535//2994
f  2528//2409 3535//2994 3536//2995 2534//2414
f  3536//2995 3524//2985 3538//2996 3539//2997
f  3540//2998 2534//2414 3536//2995 3539//2997
f  3050//2703 2515//2398 2534//2414 3540//2998
f  2705//2494 2562//2430 2561//154 2706//2495
f  2561//154 2607//153 2708//178 2706//2495
f  3541//625 3542//2999 3543//3000 3544//626
f  3543//3000 3545//3001 3546//628 3544//626
f  3543//3000 3542//2999 3547//3002 3548//3003
f  3549//3004 3545//3001 3543//3000 3548//3003
f  3550//631 3551//3005 3542//2999 3541//625
f  3542//2999 3551//3005 3552//3006 3547//3002
f  3553//3007 3554//633 3555//632 3556//3008
f  3557//3009 3556//3008 3555//632 3558//3010
f  3555//632 3559//634 3560//635 3561//637
f  3562//3011 3558//3010 3555//632 3561//637
f  3554//633 3553//3007 3563//639 3564//638
f  3554//633 3564//638 3565//3012 3559//634
f  3551//3005 3550//631 3566//642 3567//3013
f  3551//3005 3567//3013 3568//3014 3552//3006
f  3569//3015 3567//3013 3566//642 3570//644
f  2615//187 3571//186 3572//183 2616//182
f  3556//3008 3557//3009 3573//3016 3574//3017
f  3575//3018 3553//3007 3556//3008 3574//3017
f  3576//647 3563//639 3553//3007 3575//3018
f  3573//3016 3557//3009 3558//3010 3577//3019
f  3558//3010 3562//3011 3578//3020 3577//3019
f  3564//638 3579//640 3580//3021 3565//3012
f  3581//649 3579//640 3563//639 3576//647
f  3582//3022 3580//3021 3579//640 3581//649
f  3567//3013 3569//3015 3583//3023 3568//3014
f  2648//200 3584//199 3585//3024 2647//2468
f  3586//629 3546//628 3545//3001 3587//3025
f  3588//3026 3587//3025 3545//3001 3549//3004
f  3589//3027 3585//3024 3584//199 2650//202
f  3590//3028 3591//627 3586//629 3587//3025
f  3592//3029 3590//3028 3587//3025 3588//3026
f  3593//630 3591//627 3590//3028 3594//3030
f  3595//3031 3594//3030 3590//3028 3592//3029
f  3596//3032 3597//641 3593//630 3594//3030
f  3597//641 3596//3032 3598//3033 3599//643
f  2689//2489 2651//2469 2647//2468 3585//3024
f  3600//3034 2689//2489 3585//3024 3589//3027
f  2712//2496 2688//2488 2689//2489 3600//3034
f  3589//3027 3601//3035 3602//3036 3600//3034
f  3589//3027 2650//202 2649//210 3601//3035
f  3603//3037 3596//3032 3594//3030 3595//3031
f  3604//650 3602//3036 3601//3035 3605//3038
f  3601//3035 2649//210 3606//240 3605//3038
f  3607//3039 3598//3033 3596//3032 3603//3037
f  3600//3034 3602//3036 3608//3040 2712//2496
f  3602//3036 3604//650 3609//653 3608//3040
f  3610//3041 3611//3042 3612//3043 3613//3044
f  3612//3043 3614//3045 3615//3046 3613//3044
f  3559//634 3565//3012 3616//3047 3560//635
f  3617//3048 3569//3015 3570//644 3618//646
f  3565//3012 3580//3021 3619//3049 3616//3047
f  3620//3050 3619//3049 3580//3021 3582//3022
f  3569//3015 3617//3048 3621//3051 3583//3023
f  3622//3052 3616//3047 3619//3049 3623//3053
f  3624//3054 3623//3053 3619//3049 3620//3050
f  3560//635 3616//3047 3622//3052 3625//636
f  3626//655 3622//3052 3623//3053 3627//656
f  3628//660 3627//656 3623//3053 3624//3054
f  3629//3055 3625//636 3622//3052 3626//655
f  3630//663 3561//637 3625//636 3629//3055
f  3617//3048 3618//646 3631//654 3632//3056
f  3617//3048 3632//3056 3633//3057 3621//3051
f  3634//3058 3629//3055 3626//655 3635//657
f  3636//659 3635//657 3627//656 3628//660
f  3637//3059 3562//3011 3561//637 3638//3060
f  3561//637 3630//663 3639//662 3638//3060
f  3562//3011 3637//3059 3640//3061 3578//3020
f  3637//3059 3638//3060 3641//3062 3640//3061
f  3629//3055 3634//3058 3642//661 3630//663
f  3643//3063 3634//3058 3635//657 3636//659
f  3644//665 3642//661 3634//3058 3643//3063
f  3641//3062 3638//3060 3639//662 3645//664
f  3639//662 3642//661 3644//665 3645//664
f  3631//654 3646//645 3647//3064 3632//3056
f  3646//645 3599//643 3598//3033 3647//3064
f  3632//3056 3647//3064 3648//3065 3633//3057
f  3647//3064 3598//3033 3607//3039 3648//3065
f  3649//668 3650//667 3611//3042 3610//3041
f  3651//651 3604//650 3605//3038 3652//681
f  3605//3038 3606//240 3653//3066 3652//681
f  3651//651 3654//682 3655//3067 3656//652
f  3654//682 3652//681 3653//3066 3657//3068
f  3658//3069 3655//3067 3654//682 3657//3068
f  3659//672 3649//668 3610//3041 3660//3070
f  3610//3041 3613//3044 3661//3071 3660//3070
f  3659//672 3660//3070 3662//3072 3663//673
f  3664//3073 3662//3072 3660//3070 3661//3071
f  3548//3003 3547//3002 3665//3074 3666//3075
f  3667//3076 3549//3004 3548//3003 3666//3075
f  3547//3002 3552//3006 3668//3077 3665//3074
f  3552//3006 3568//3014 3669//3078 3668//3077
f  3568//3014 3583//3023 3670//3079 3669//3078
f  3671//3080 3588//3026 3549//3004 3667//3076
f  3672//3081 3592//3029 3588//3026 3671//3080
f  3673//3082 3595//3031 3592//3029 3672//3081
f  3674//3083 3603//3037 3595//3031 3673//3082
f  3675//3084 3607//3039 3603//3037 3674//3083
f  3583//3023 3621//3051 3676//3085 3670//3079
f  3621//3051 3633//3057 3677//3086 3676//3085
f  3663//673 3662//3072 3678//3087 3679//674
f  3680//685 3678//3087 3662//3072 3664//3073
f  3681//3088 3682//675 3679//674 3678//3087
f  3683//676 3682//675 3681//3088 3684//3089
f  3681//3088 3678//3087 3680//685 3685//684
f  3686//690 3684//3089 3681//3088 3685//684
f  3633//3057 3648//3065 3687//3090 3677//3086
f  3648//3065 3607//3039 3675//3084 3687//3090
f  3656//652 3655//3067 3688//687 3689//683
f  3655//3067 3658//3069 3690//3091 3688//687
f  3691//3092 3692//677 3683//676 3684//3089
f  3692//677 3691//3092 3693//3093 3694//678
f  3684//3089 3686//690 3695//689 3691//3092
f  3606//240 2699//209 3696//3094 3653//3066
f  3613//3044 3615//3046 3697//3095 3661//3071
f  3661//3071 3697//3095 3698//3096 3664//3073
f  3699//3097 3657//3068 3653//3066 3696//3094
f  3680//685 3664//3073 3698//3096 3700//686
f  3701//3098 3658//3069 3657//3068 3699//3097
f  3702//3099 3696//3094 2699//209 2698//237
f  3703//3100 3699//3097 3696//3094 3702//3099
f  3704//3101 3702//3099 2698//237 3705//236
f  3706//691 3707//3102 3708//3103 3695//689
f  3658//3069 3701//3098 3709//3104 3690//3091
f  3701//3098 3699//3097 3703//3100 3710//3105
f  3701//3098 3710//3105 3711//3106 3709//3104
f  3712//3107 3703//3100 3702//3099 3704//3101
f  3713//3108 3710//3105 3703//3100 3712//3107
f  3714//3109 3711//3106 3710//3105 3713//3108
f  3574//3017 3573//3016 3577//3019 3715//694
f  3716//693 3575//3018 3574//3017 3715//694
f  3575//3018 3716//693 3717//648 3576//647
f  3718//695 3715//694 3577//3019 3578//3020
f  3719//697 3720//692 3715//694 3718//695
f  3721//3110 3717//648 3716//693 3720//692
f  3666//3075 3665//3074 3722//699 3723//698
f  3666//3075 3723//698 3724//702 3667//3076
f  3725//703 3722//699 3665//3074 3668//3077
f  3582//3022 3581//649 3717//648 3721//3110
f  3726//3111 3721//3110 3720//692 3719//697
f  3726//3111 3620//3050 3582//3022 3721//3110
f  3620//3050 3726//3111 3727//3112 3624//3054
f  3728//705 3725//703 3668//3077 3669//3078
f  3729//707 3728//705 3669//3078 3670//3079
f  3726//3111 3719//697 3730//696 3727//3112
f  3729//707 3670//3079 3676//3085 3731//710
f  3667//3076 3724//702 3732//701 3671//3080
f  3671//3080 3732//701 3733//700 3672//3081
f  3734//3113 2713//2497 2712//2496 3608//3040
f  2693//231 2694//221 2713//2497 3734//3113
f  3735//3114 3734//3113 3608//3040 3609//653
f  3672//3081 3733//700 3736//704 3673//3082
f  3737//249 2693//231 3734//3113 3735//3114
f  3609//653 3689//683 3738//688 3735//3114
f  3739//3115 3740//3116 3741//3117 3742//3118
f  3743//3119 3742//3118 3741//3117 3744//3120
f  3674//3083 3673//3082 3736//704 3745//706
f  3746//3121 3737//249 3735//3114 3738//688
f  3747//3122 2715//232 3737//249 3746//3121
f  3674//3083 3745//706 3748//708 3675//3084
f  3739//3115 3742//3118 3749//3123 3750//3124
f  3742//3118 3743//3119 3751//3125 3749//3123
f  3738//688 3688//687 3690//3091 3746//3121
f  3746//3121 3690//3091 3709//3104 3747//3122
f  3687//3090 3675//3084 3748//708 3752//709
f  3753//658 3628//660 3624//3054 3727//3112
f  3636//659 3753//658 3754//3126 3643//3063
f  3753//658 3727//3112 3730//696 3754//3126
f  3730//696 3718//695 3755//666 3754//3126
f  3756//711 3731//710 3676//3085 3677//3086
f  3644//665 3643//3063 3754//3126 3755//666
f  3578//3020 3640//3061 3641//3062 3718//695
f  3641//3062 3645//664 3755//666 3718//695
f  3743//3119 3744//3120 3757//671 3758//679
f  3756//711 3677//3086 3687//3090 3752//709
f  3758//679 3759//680 3751//3125 3743//3119
f  3708//3103 3693//3093 3691//3092 3695//689
f  3751//3125 3759//680 3694//678 3693//3093
f  3749//3123 3751//3125 3693//3093 3708//3103
f  3707//3102 3750//3124 3749//3123 3708//3103
f  2715//232 3747//3122 3760//3127 2714//246
f  3760//3127 3747//3122 3709//3104 3711//3106
f  3761//3128 3760//3127 3711//3106 3714//3109
f  3762//247 2714//246 3760//3127 3761//3128
f  3762//247 3761//3128 3763//3129 2955//248
f  3761//3128 3714//3109 3764//3130 3763//3129
f  3714//3109 3713//3108 3765//3131 3764//3130
f  3766//3132 3704//3101 3705//236 2719//239
f  3767//3133 3768//3134 3769//714 3770//713
f  3769//714 3768//3134 3771//3135 3772//3136
f  3769//714 3772//3136 3773//3137 3774//715
f  2982//2660 2981//2659 3768//3134 3767//3133
f  3768//3134 2981//2659 2984//2662 3771//3135
f  3767//3133 3770//713 3775//717 3776//3138
f  3777//3139 2982//2660 3767//3133 3776//3138
f  3778//3140 2983//2661 2982//2660 3777//3139
f  3779//3141 3777//3139 3776//3138 3780//3142
f  3776//3138 3775//717 3781//719 3780//3142
f  3777//3139 3779//3141 3782//3143 3778//3140
f  3780//3142 3781//719 3783//721 3784//3144
f  3785//3145 3779//3141 3780//3142 3784//3144
f  3779//3141 3785//3145 3786//3146 3782//3143
f  3787//3147 3784//3144 3783//721 3788//3148
f  3783//721 3789//720 3790//3149 3788//3148
f  3791//3150 3712//3107 3704//3101 3766//3132
f  3712//3107 3791//3150 3765//3131 3713//3108
f  2719//239 2718//2500 3792//3151 3766//3132
f  3793//268 3792//3151 2718//2500 2722//266
f  3766//3132 3792//3151 3794//3152 3791//3150
f  3795//3153 3794//3152 3792//3151 3793//268
f  3791//3150 3794//3152 3796//3154 3765//3131
f  3794//3152 3795//3153 3797//3155 3796//3154
f  2722//266 2774//2537 2775//2538 3798//267
f  3799//3156 3785//3145 3784//3144 3787//3147
f  3798//267 2775//2538 2777//271 3800//3157
f  3795//3153 3793//268 3798//267 3800//3157
f  3785//3145 3799//3156 3801//3158 3786//3146
f  2777//271 3802//269 3803//3159 3800//3157
f  3795//3153 3800//3157 3803//3159 3797//3155
f  3773//3137 3772//3136 3771//3135 3804//3160
f  3771//3135 2984//2662 2991//2667 3804//3160
f  2805//726 2794//2553 2795//272 2926//724
f  3774//715 3773//3137 3804//3160 3805//3161
f  3804//3160 2991//2667 3006//2678 3805//3161
f  3774//715 3805//3161 3806//3162 3807//712
f  3805//3161 3006//2678 3007//2679 3806//3162
f  3808//725 2926//724 2927//343 3809//3163
f  2942//2633 3809//3163 2927//343 2931//2622
f  3810//716 3807//712 3806//3162 3811//729
f  3806//3162 3007//2679 3812//730 3811//729
f  3007//2679 3008//2680 3813//742 3812//730
f  3808//725 3809//3163 3814//3164 3815//731
f  3816//733 2805//726 3808//725 3815//731
f  3817//3165 3814//3164 3809//3163 2942//2633
f  3789//720 3818//718 3819//728 3820//722
f  3821//3166 3790//3149 3789//720 3822//723
f  3810//716 3811//729 3819//728 3818//718
f  3823//738 3820//722 3819//728 3824//736
f  3825//732 3815//731 3814//3164 3826//3167
f  3827//3168 3826//3167 3814//3164 3817//3165
f  2997//2672 2804//2561 2805//726 3816//733
f  3828//737 3824//736 3829//727 3830//3169
f  3829//727 3812//730 3813//742 3831//740
f  3832//3170 3830//3169 3829//727 3831//740
f  3828//737 3830//3169 3833//3171 3834//3172
f  3828//737 3834//3172 3835//744 3823//738
f  3836//3173 3834//3172 3833//3171 3837//3174
f  3838//3175 3825//732 3826//3167 3839//3176
f  3826//3167 3827//3168 3840//3177 3839//3176
f  3841//3178 3836//3173 3837//3174 3842//3179
f  3843//3180 3816//733 3825//732 3838//3175
f  3844//745 3835//744 3834//3172 3836//3173
f  3816//733 3843//3180 3845//3181 2997//2672
f  2942//2633 2943//2634 3846//3182 3817//3165
f  3847//3183 3827//3168 3817//3165 3846//3182
f  3848//3184 3840//3177 3827//3168 3847//3183
f  3821//3166 3787//3147 3788//3148 3790//3149
f  3787//3147 3821//3166 3849//3185 3799//3156
f  3821//3166 3822//723 3850//735 3849//3185
f  3822//723 3820//722 3823//738 3851//734
f  3799//3156 3849//3185 3852//3186 3801//3158
f  3851//734 3823//738 3835//744 3850//735
f  3849//3185 3850//735 3853//747 3852//3186
f  3853//747 3850//735 3844//745 3854//748
f  3844//745 3836//3173 3841//3178 3854//748
f  3843//3180 3838//3175 3839//3176 3855//3187
f  3856//3188 3855//3187 3839//3176 3840//3177
f  3843//3180 3855//3187 3857//3189 3845//3181
f  3855//3187 3856//3188 3858//3190 3857//3189
f  3859//3191 3856//3188 3840//3177 3848//3184
f  3860//3192 3858//3190 3856//3188 3859//3191
f  2983//2661 3778//3140 3861//3193 2985//2663
f  3862//3194 3861//3193 3778//3140 3782//3143
f  2988//359 2985//2663 3861//3193 3863//751
f  3864//753 3863//751 3861//3193 3862//3194
f  3782//3143 3786//3146 3865//3195 3862//3194
f  2960//357 2954//2643 3866//3196 3867//355
f  2971//2652 2975//2654 2960//357 3868//356
f  3786//3146 3801//3158 3869//3197 3865//3195
f  3870//3198 3869//3197 3801//3158 3852//3186
f  3864//753 3862//3194 3865//3195 3871//755
f  3872//3199 3871//755 3865//3195 3869//3197
f  3871//755 3872//3199 3873//3200 3874//756
f  3872//3199 3869//3197 3870//3198 3873//3200
f  3875//3201 3764//3130 3765//3131 3796//3154
f  3876//3202 3875//3201 3796//3154 3797//3155
f  2955//248 3763//3129 3866//3196 2954//2643
f  3763//3129 3764//3130 3875//3201 3866//3196
f  3876//3202 3867//355 3866//3196 3875//3201
f  3876//3202 3797//3155 3803//3159 3877//3203
f  3803//3159 3802//269 2972//346 3877//3203
f  3868//356 3867//355 3876//3202 3877//3203
f  3877//3203 2972//346 2971//2652 3868//356
f  3878//3204 2998//363 2997//2672 3845//3181
f  3014//2685 3012//2683 3000//352 2999//362
f  3879//741 3009//2681 3010//360 3880//752
f  3813//742 3008//2680 3009//2681 3879//741
f  3881//739 3879//741 3880//752 3882//754
f  3831//740 3883//743 3884//759 3832//3170
f  3885//3205 3014//2685 2999//362 3886//364
f  3887//3206 3015//2686 3014//2685 3885//3205
f  2998//363 3878//3204 3888//3207 3886//364
f  3881//739 3882//754 3874//756 3889//757
f  3874//756 3873//3200 3870//3198 3890//750
f  3883//743 3881//739 3889//757 3891//758
f  3890//750 3870//3198 3852//3186 3853//747
f  3891//758 3889//757 3890//750 3892//749
f  3891//758 3892//749 3853//747 3893//746
f  3891//758 3893//746 3894//3208 3884//759
f  3893//746 3854//748 3841//3178 3894//3208
f  3895//3209 3888//3207 3878//3204 3896//3210
f  3878//3204 3845//3181 3857//3189 3896//3210
f  3832//3170 3884//759 3894//3208 3897//3211
f  3841//3178 3842//3179 3897//3211 3894//3208
f  3895//3209 3885//3205 3886//364 3888//3207
f  3885//3205 3895//3209 3898//3212 3887//3206
f  3895//3209 3896//3210 3899//3213 3898//3212
f  3899//3213 3896//3210 3857//3189 3858//3190
f  3900//3214 3899//3213 3858//3190 3860//3192
f  3859//3191 3848//3184 3901//3215 3902//3216
f  3903//3217 3860//3192 3859//3191 3902//3216
f  3904//3218 3898//3212 3899//3213 3900//3214
f  3905//760 3900//3214 3860//3192 3903//3217
f  3906//762 3904//3218 3900//3214 3905//760
f  3015//2686 3887//3206 3907//3219 3016//2687
f  3887//3206 3898//3212 3904//3218 3907//3219
f  3016//2687 3907//3219 3908//3220 3022//2691
f  3907//3219 3904//3218 3906//762 3908//3220
f  3909//764 3038//2697 3054//391 3910//390
f  3911//767 3912//389 3054//391 3058//2707
f  3909//764 3913//3221 3039//381 3038//2697
f  3039//381 3913//3221 3914//3222 3915//384
f  2448//2341 3047//2700 3916//3223 2453//2345
f  3047//2700 3050//2703 3540//2998 3916//3223
f  3053//388 3043//387 3044//383 3915//384
f  3913//3221 3909//764 3917//765 3914//3222
f  2453//2345 3916//3223 3538//2996 3524//2985
f  3916//3223 3540//2998 3539//2997 3538//2996
f  3053//388 3915//384 3918//3224 3052//2705
f  3915//384 3914//3222 3919//3225 3918//3224
f  3920//3226 3921//768 3922//766 3911//767
f  3914//3222 3917//765 3923//3227 3919//3225
f  3917//765 3921//768 3924//3228 3923//3227
f  3925//3229 3924//3228 3921//768 3920//3226
f  3052//2705 3918//3224 3926//3230 3073//404
f  3927//419 3926//3230 3918//3224 3919//3225
f  3089//417 3088//407 3073//404 3926//3230
f  3927//419 3092//416 3089//417 3926//3230
f  3919//3225 3923//3227 3928//769 3927//419
f  3923//3227 3924//3228 3929//770 3928//769
f  3930//3231 3929//770 3924//3228 3925//3229
f  3927//419 3928//769 3931//772 3932//418
f  3933//773 3934//771 3929//770 3930//3231
f  3058//2707 3055//2706 3935//774 3936//776
f  3937//3232 3911//767 3058//2707 3936//776
f  3938//3233 3920//3226 3911//767 3937//3232
f  3939//3234 3925//3229 3920//3226 3938//3233
f  3925//3229 3939//3234 3940//3235 3930//3231
f  3938//3233 3937//3232 3941//3236 3942//3237
f  3943//3238 3939//3234 3938//3233 3942//3237
f  3939//3234 3943//3238 3944//3239 3940//3235
f  3055//2706 3057//382 3084//413 3935//774
f  3945//782 3935//774 3084//413 3946//783
f  3947//780 3948//784 3949//3240 3950//786
f  3948//784 3951//779 3952//791 3953//793
f  3948//784 3953//793 3954//3241 3949//3240
f  3955//795 3956//415 3085//414 3957//796
f  3958//3242 3957//796 3085//414 3086//2713
f  3956//415 3955//795 3959//797 3946//783
f  3960//3243 3961//794 3957//796 3958//3242
f  3962//3244 3963//3245 3964//3246 3965//3247
f  3964//3246 3963//3245 3966//3248 3967//3249
f  3968//3250 3965//3247 3964//3246 3969//3251
f  3964//3246 3967//3249 3970//3252 3969//3251
f  3945//782 3946//783 3959//797 3971//798
f  3972//3253 3963//3245 3962//3244 3973//802
f  3962//3244 3965//3247 3974//806 3975//805
f  3976//800 3973//802 3962//3244 3975//805
f  3963//3245 3972//3253 3977//3254 3966//3248
f  3978//3255 3979//799 3961//794 3960//3243
f  3980//3256 3977//3254 3972//3253 3981//3257
f  3972//3253 3973//802 3982//803 3981//3257
f  3953//793 3983//792 3984//807 3954//3241
f  3974//806 3965//3247 3968//3250 3985//822
f  3986//821 3987//804 3974//806 3985//822
f  3952//791 3951//779 3945//782 3971//798
f  3988//801 3989//815 3990//818 3982//803
f  3991//3258 3949//3240 3954//3241 3992//3259
f  3954//3241 3984//807 3993//808 3992//3259
f  3994//824 3995//826 3996//835 3997//829
f  3998//832 3999//825 3994//824 4000//828
f  4001//3260 3995//826 3999//825 4002//831
f  3995//826 4001//3260 4003//3261 3996//835
f  4001//3260 4002//831 4004//836 4005//3262
f  4006//845 4003//3261 4001//3260 4005//3262
f  4007//3263 4008//814 4009//820 4010//3264
f  4009//820 4011//819 4012//3265 4010//3264
f  4013//3266 3989//815 4008//814 4007//3263
f  3989//815 4013//3266 4014//839 3990//818
f  4011//819 3987//804 3986//821 4015//841
f  4016//3267 4012//3265 4011//819 4015//841
f  4017//827 4018//833 4019//3268 4020//847
f  4021//849 4022//834 4017//827 4020//847
f  4007//3263 4010//3264 4023//3269 4024//3270
f  4007//3263 4024//3270 4025//3271 4013//3266
f  4023//3269 4010//3264 4012//3265 4026//3272
f  4027//3273 4026//3272 4012//3265 4016//3267
f  4018//833 3996//835 4003//3261 4006//845
f  4018//833 4028//846 4029//3274 4019//3268
f  4013//3266 4025//3271 4030//855 4014//839
f  4000//828 4022//834 4031//3275 4032//3276
f  4033//3277 3998//832 4000//828 4032//3276
f  4034//3278 4035//830 3998//832 4033//3277
f  4036//3279 4037//837 4035//830 4038//3280
f  4039//3281 4038//3280 4035//830 4034//3278
f  4040//3282 4031//3275 4022//834 4021//849
f  3936//776 4041//778 3941//3236 3937//3232
f  4041//778 4042//777 4043//858 4044//3283
f  4041//778 4044//3283 4045//3284 3941//3236
f  4046//859 4044//3283 4043//858 4047//857
f  4044//3283 4046//859 4048//3285 4045//3284
f  4046//859 4049//789 4050//3286 4048//3285
f  4051//3287 3967//3249 3966//3248 4052//3288
f  3980//3256 4052//3288 3966//3248 3977//3254
f  3967//3249 4051//3287 4053//3289 3970//3252
f  3981//3257 4054//3290 4052//3288 3980//3256
f  4055//3291 4051//3287 4052//3288 4054//3290
f  4051//3287 4055//3291 4056//3292 4053//3289
f  4057//817 4054//3290 3981//3257 3982//803
f  4058//3293 4055//3291 4054//3290 4057//817
f  4059//3294 4060//813 3979//799 3978//3255
f  4055//3291 4058//3293 4061//3295 4056//3292
f  4062//862 4058//3293 4057//817 4063//860
f  4058//3293 4062//862 4064//883 4061//3295
f  3991//3258 4065//788 3950//786 3949//3240
f  4066//3296 4067//787 4065//788 3991//3258
f  4068//3297 4069//790 4067//787 4066//3296
f  4050//3286 4049//789 4069//790 4068//3297
f  3991//3258 3992//3259 4070//3298 4066//3296
f  4005//3262 4004//836 4037//837 4071//3299
f  4028//846 4006//845 4005//3262 4071//3299
f  3992//3259 3993//808 4072//809 4070//3298
f  4066//3296 4070//3298 4073//3300 4068//3297
f  4070//3298 4072//809 4074//810 4073//3300
f  4038//3280 4075//3301 4076//3302 4036//3279
f  4076//3302 4077//3303 4078//3304 4036//3279
f  4079//3305 4077//3303 4076//3302 4075//3301
f  4077//3303 4080//865 4081//864 4078//3304
f  4082//3306 4080//865 4077//3303 4079//3305
f  4080//865 4082//3306 4083//3307 4084//863
f  4078//3304 4071//3299 4037//837 4036//3279
f  4081//864 4028//846 4071//3299 4078//3304
f  4085//872 4075//3301 4038//3280 4086//3308
f  4087//3309 4086//3308 4038//3280 4039//3281
f  4028//846 4081//864 4088//868 4029//3274
f  4081//864 4084//863 4089//3310 4088//868
f  4068//3297 4073//3300 4090//3311 4050//3286
f  4075//3301 4085//872 4091//871 4079//3305
f  4085//872 4086//3308 4092//873 4093//870
f  4073//3300 4074//810 4094//811 4090//3311
f  4095//3312 4048//3285 4050//3286 4090//3311
f  4090//3311 4094//811 4096//812 4095//3312
f  4097//861 4098//876 4099//882 4100//877
f  4064//883 4062//862 4097//861 4100//877
f  4098//876 4101//875 4102//854 4103//884
f  4098//876 4103//884 4104//961 4099//882
f  4079//3305 4091//871 4083//3307 4082//3306
f  4091//871 4093//870 4105//3313 4083//3307
f  4106//3314 4105//3313 4093//870 4107//874
f  4108//838 4014//839 4102//854 4101//875
f  4106//3314 4084//863 4083//3307 4105//3313
f  4109//3315 4110//885 4111//852 4112//856
f  4113//3316 4114//886 4110//885 4109//3315
f  4115//3317 4092//873 4086//3308 4087//3309
f  4116//3318 4107//874 4092//873 4115//3317
f  4089//3310 4084//863 4106//3314 4117//3319
f  4106//3314 4107//874 4118//888 4117//3319
f  4119//3320 4118//888 4107//874 4116//3318
f  4120//3321 3942//3237 3941//3236 4045//3284
f  4045//3284 4048//3285 4095//3312 4120//3321
f  4121//3322 3943//3238 3942//3237 4120//3321
f  4122//3323 3944//3239 3943//3238 4121//3322
f  4096//812 4060//813 4120//3321 4095//3312
f  4120//3321 4060//813 4059//3294 4121//3322
f  4032//3276 4031//3275 4123//3324 4124//3325
f  4125//3326 4033//3277 4032//3276 4124//3325
f  4031//3275 4040//3282 4126//3327 4123//3324
f  3342//2877 3355//537 4127//536 3345//2880
f  4127//536 4128//534 4129//3328 3345//2880
f  4130//3329 3346//2881 3345//2880 4129//3328
f  4131//3330 4129//3328 4128//534 4132//540
f  4129//3328 4131//3330 4133//3331 4130//3329
f  4134//3332 4034//3278 4033//3277 4125//3326
f  4135//3333 4039//3281 4034//3278 4134//3332
f  4136//3334 4087//3309 4039//3281 4135//3333
f  4137//3335 4131//3330 4132//540 4138//891
f  4139//3336 4133//3331 4131//3330 4137//3335
f  4140//3337 4115//3317 4087//3309 4136//3334
f  4141//3338 4116//3318 4115//3317 4140//3337
f  4138//891 4142//895 4143//3339 4137//3335
f  4142//895 4144//890 4145//3340 4143//3339
f  3092//416 3932//418 3931//772 3091//2715
f  4146//421 3099//420 3091//2715 3931//772
f  3099//420 4147//422 3933//773 3100//2717
f  3096//403 3098//2716 4148//899 3117//423
f  3098//2716 3100//2717 4149//900 4148//899
f  3933//773 3930//3231 3940//3235 4150//3341
f  4149//900 3100//2717 3933//773 4150//3341
f  4151//3342 4150//3341 3940//3235 3944//3239
f  4149//900 4150//3341 4151//3342 4152//906
f  2943//2634 2944//2635 4153//3343 3846//3182
f  4154//3344 4153//3343 2944//2635 3106//2723
f  4155//3345 3847//3183 3846//3182 4153//3343
f  3847//3183 4155//3345 3901//3215 3848//3184
f  4156//3346 4155//3345 4153//3343 4154//3344
f  4157//3347 3901//3215 4155//3345 4156//3346
f  4158//3348 4154//3344 3106//2723 3114//2731
f  4154//3344 4158//3348 4159//3349 4156//3346
f  3114//2731 3116//2733 4160//3350 4158//3348
f  4161//3351 3902//3216 3901//3215 4157//3347
f  4162//913 3958//3242 3086//2713 3087//425
f  3958//3242 4162//913 4163//915 3960//3243
f  4164//914 4162//913 3087//425 4165//424
f  4164//914 4165//424 4166//897 4167//916
f  3968//3250 3969//3251 4168//3352 4169//3353
f  4168//3352 4170//921 4171//933 4169//3353
f  4168//3352 3969//3251 3970//3252 4172//3354
f  4173//922 4170//921 4168//3352 4172//3354
f  3978//3255 3960//3243 4163//915 4174//918
f  4175//934 4171//933 4170//921 4176//924
f  4177//823 3985//822 3968//3250 4169//3353
f  4169//3353 4171//933 4178//842 4177//823
f  4016//3267 4015//841 4179//840 4180//3355
f  4179//840 4181//843 4182//3356 4180//3355
f  3986//821 4183//844 4184//3357 4181//843
f  4185//935 4184//3357 4183//844 4175//934
f  4181//843 4184//3357 4186//3358 4182//3356
f  4187//942 4186//3358 4184//3357 4185//935
f  4188//917 4189//925 4190//3359 4191//926
f  4189//925 4192//919 4193//901 4194//936
f  4189//925 4194//936 4195//937 4190//3359
f  3117//423 4148//899 4196//902 4166//897
f  4196//902 4197//920 4167//916 4166//897
f  4197//920 4196//902 4193//901 4192//919
f  4198//927 4191//926 4190//3359 4199//3360
f  4190//3359 4195//937 4200//3361 4199//3360
f  4195//937 4201//907 4202//908 4200//3361
f  4016//3267 4180//3355 4203//3362 4027//3273
f  4180//3355 4182//3356 4204//3363 4203//3362
f  4182//3356 4186//3358 4205//3364 4204//3363
f  4206//939 4207//941 4019//3268 4029//3274
f  4208//851 4020//847 4019//3268 4207//941
f  4209//3365 4205//3364 4186//3358 4187//942
f  4210//850 4208//851 4207//941 4211//945
f  4207//941 4212//940 4213//3366 4211//945
f  4212//940 4206//939 4214//3367 4213//3366
f  4206//939 4029//3274 4215//3368 4214//3367
f  4021//849 4216//848 4217//3369 4040//3282
f  4218//3370 4217//3369 4216//848 4219//948
f  4216//848 4210//850 4220//946 4219//948
f  4040//3282 4217//3369 4221//3371 4126//3327
f  4217//3369 4218//3370 4222//3372 4221//3371
f  4218//3370 4219//948 4223//947 4224//3373
f  4218//3370 4224//3373 4225//3374 4222//3372
f  4211//945 4213//3366 4226//949 4220//946
f  4213//3366 4214//3367 4227//950 4226//949
f  4228//951 4227//950 4214//3367 4215//3368
f  4223//947 4228//951 4229//965 4230//3375
f  4231//3376 4224//3373 4223//947 4230//3375
f  4232//3377 4172//3354 3970//3252 4053//3289
f  4233//923 4173//922 4172//3354 4232//3377
f  4234//3378 4232//3377 4053//3289 4056//3292
f  4176//924 4233//923 4232//3377 4234//3378
f  4235//3379 4234//3378 4056//3292 4061//3295
f  3978//3255 4174//918 4236//932 4059//3294
f  4175//934 4176//924 4234//3378 4235//3379
f  4175//934 4235//3379 4237//879 4238//878
f  4237//879 4235//3379 4061//3295 4064//883
f  4239//3380 4200//3361 4202//908 4240//909
f  4152//906 4241//3381 4242//910 4243//905
f  4244//3382 4241//3381 4152//906 4151//3342
f  4245//952 4242//910 4241//3381 4246//953
f  4247//3383 4246//953 4241//3381 4244//3382
f  4248//911 4249//3384 4250//3385 4251//912
f  4248//911 4246//953 4247//3383 4249//3384
f  4252//866 4253//955 4254//959 4255//867
f  4252//866 4088//868 4089//3310 4256//954
f  4257//957 4254//959 4253//955 4256//954
f  4104//961 4103//884 4258//853 4259//962
f  4258//853 4114//886 4260//963 4259//962
f  4261//3386 4260//963 4114//886 4113//3316
f  4262//881 4099//882 4104//961 4263//960
f  4262//881 4263//960 4264//943 4265//880
f  4266//3387 4267//964 4260//963 4261//3386
f  4268//928 4269//930 4270//3388 4271//3389
f  4268//928 4271//3389 4272//3390 4273//929
f  4198//927 4199//3360 4274//3391 4275//931
f  4199//3360 4200//3361 4239//3380 4274//3391
f  4029//3274 4088//868 4276//869 4215//3368
f  4255//867 4254//959 4277//958 4278//956
f  4275//931 4274//3391 4270//3388 4269//930
f  4270//3388 4274//3391 4239//3380 4250//3385
f  4239//3380 4240//909 4251//912 4250//3385
f  4230//3375 4229//965 4278//956 4277//958
f  4279//3392 4230//3375 4277//958 4280//966
f  4209//3365 4187//942 4281//944 4282//3393
f  4229//965 4228//951 4215//3368 4276//869
f  4230//3375 4279//3392 4283//3394 4231//3376
f  4256//954 4284//3395 4285//887 4257//957
f  4256//954 4089//3310 4117//3319 4284//3395
f  4187//942 4185//935 4265//880 4264//943
f  4284//3395 4117//3319 4118//888 4285//887
f  4270//3388 4250//3385 4249//3384 4271//3389
f  4279//3392 4280//966 4285//887 4286//889
f  4266//3387 4282//3393 4281//944 4267//964
f  4271//3389 4249//3384 4247//3383 4272//3390
f  4287//3396 4286//889 4118//888 4119//3320
f  4279//3392 4286//889 4287//3396 4283//3394
f  4288//3397 4283//3394 4287//3396 4289//3398
f  4287//3396 4119//3320 4290//3399 4289//3398
f  4224//3373 4231//3376 4291//3400 4225//3374
f  4231//3376 4283//3394 4288//3397 4291//3400
f  4244//3382 4151//3342 3944//3239 4122//3323
f  4122//3323 4121//3322 4059//3294 4236//932
f  4236//932 4273//929 4272//3390 4122//3323
f  4247//3383 4244//3382 4122//3323 4272//3390
f  3156//2763 3155//2762 4292//3401 4293//3402
f  3156//2763 4293//3402 4294//3403 3157//2764
f  4295//3404 4293//3402 4292//3401 4296//3405
f  4297//3406 4295//3404 4296//3405 4298//3407
f  4293//3402 4295//3404 4299//3408 4294//3403
f  3163//447 4300//449 4301//763 4302//972
f  4303//970 4304//445 3163//447 4302//972
f  4295//3404 4297//3406 4305//3409 4299//3408
f  3903//3217 3902//3216 4161//3351 4306//3410
f  3903//3217 4306//3410 4307//3411 3905//760
f  3198//2786 4160//3350 3116//2733 3189//2780
f  3178//2773 3179//2774 4308//3412 4309//3413
f  4310//3414 3124//2739 3178//2773 4309//3413
f  4311//3415 3125//2740 3124//2739 4310//3414
f  4312//3416 4308//3412 3179//2774 3180//2775
f  4158//3348 4160//3350 4313//3417 4159//3349
f  4160//3350 3198//2786 4314//974 4313//3417
f  3198//2786 3197//456 4315//455 4314//974
f  4316//3418 4313//3417 4314//974 4317//973
f  4318//3419 4316//3418 4317//973 4319//967
f  4320//3420 4157//3347 4156//3346 4159//3349
f  4321//3421 4161//3351 4157//3347 4320//3420
f  4322//3422 4306//3410 4161//3351 4321//3421
f  4320//3420 4159//3349 4313//3417 4316//3418
f  4321//3421 4320//3420 4316//3418 4318//3419
f  3199//2787 3200//2788 4297//3406 4298//3407
f  4323//3423 4318//3419 4319//967 4324//968
f  4305//3409 4297//3406 3200//2788 3201//2789
f  4325//476 3126//426 3125//2740 4311//3415
f  4322//3422 4321//3421 4318//3419 4323//3423
f  4306//3410 4322//3422 4326//976 4307//3411
f  4327//977 4323//3423 4324//968 4328//969
f  4323//3423 4327//977 4326//976 4322//3422
f  4327//977 4328//969 4329//971 4330//975
f  4310//3414 4309//3413 4308//3412 4331//3424
f  4332//3425 4331//3424 4308//3412 4312//3416
f  4310//3414 4331//3424 4333//3426 4311//3415
f  4334//3427 4333//3426 4331//3424 4332//3425
f  3245//2816 3237//2808 3157//2764 4294//3403
f  3164//448 3022//2691 3908//3220 4300//449
f  4300//449 3908//3220 3906//762 4301//763
f  3247//2818 3245//2816 4294//3403 4299//3408
f  3267//2835 3247//2818 4299//3408 4305//3409
f  4302//972 4335//761 4336//3428 4303//970
f  4336//3428 4335//761 3905//760 4307//3411
f  3239//2810 3240//2811 4337//979 4338//978
f  3239//2810 4338//978 4339//3429 3244//2815
f  4340//3430 4337//979 3240//2811 3241//2812
f  3201//2789 3261//2830 3267//2835 4305//3409
f  3126//426 4341//477 4342//3431 3229//2801
f  4336//3428 4330//975 4329//971 4303//970
f  4336//3428 4307//3411 4326//976 4330//975
f  4338//978 4343//980 4344//3432 4339//3429
f  4345//3433 4343//980 4337//979 4340//3430
f  4343//980 4345//3433 4346//3434 4344//3432
f  3241//2812 3257//2827 4347//3435 4340//3430
f  4348//3436 4325//476 4311//3415 4333//3426
f  4341//477 4325//476 4348//3436 4349//3437
f  4341//477 4349//3437 4350//3438 4342//3431
f  4351//981 4347//3435 3257//2827 3258//483
f  4349//3437 4348//3436 4352//3439 4350//3438
f  4340//3430 4347//3435 4353//3440 4345//3433
f  4352//3439 4348//3436 4333//3426 4334//3427
f  4354//983 4353//3440 4347//3435 4351//981
f  4345//3433 4353//3440 4355//3441 4346//3434
f  4353//3440 4354//983 4356//3442 4355//3441
f  3180//2775 3279//2839 4357//985 4312//3416
f  3279//2839 3281//2840 4358//986 4357//985
f  3281//2840 3283//2842 4359//3443 4358//986
f  4360//3444 3301//2857 3302//2858 4361//3445
f  4362//3446 4361//3445 3302//2858 3303//2859
f  3293//2851 3294//2852 4363//3447 4364//3448
f  4365//3449 3292//2850 3293//2851 4364//3448
f  3283//2842 3229//2801 4342//3431 4359//3443
f  3294//2852 3301//2857 4360//3444 4363//3447
f  4366//3450 4367//984 4358//986 4359//3443
f  4364//3448 4363//3447 4368//3451 4369//3452
f  4370//3453 4365//3449 4364//3448 4369//3452
f  4363//3447 4360//3444 4371//987 4368//3451
f  4371//987 4360//3444 4361//3445 4372//988
f  4361//3445 4362//3446 4373//995 4372//988
f  3305//509 4374//513 4375//532 4376//512
f  4377//514 3307//508 3306//2860 4378//994
f  4379//554 4378//994 3306//2860 3309//520
f  3303//2859 3313//2863 4380//3454 4362//3446
f  4362//3446 4380//3454 4381//996 4373//995
f  4312//3416 4357//985 4367//984 4332//3425
f  4334//3427 4332//3425 4367//984 4366//3450
f  4382//3455 4383//993 4378//994 4379//554
f  4377//514 4383//993 4384//1001 4385//990
f  4386//999 4384//1001 4383//993 4382//3455
f  4387//1006 4388//991 4374//513 4385//990
f  4389//1005 4390//992 4388//991 4387//1006
f  4390//992 4389//1005 4391//3456 4392//1002
f  4385//990 4384//1001 4393//1000 4387//1006
f  4389//1005 4393//1000 4394//3457 4391//3456
f  4393//1000 4386//999 4395//3458 4394//3457
f  4350//3438 4352//3439 4334//3427 4366//3450
f  4359//3443 4342//3431 4350//3438 4366//3450
f  4369//3452 4368//3451 4371//987 4396//3459
f  4397//3460 4370//3453 4369//3452 4396//3459
f  3258//483 4398//482 4399//982 4351//981
f  4400//3461 4399//982 4398//482 4401//484
f  4371//987 4402//989 4403//3462 4396//3459
f  4404//997 4402//989 4372//988 4373//995
f  4405//3463 4403//3462 4402//989 4406//3464
f  4402//989 4404//997 4407//3465 4406//3464
f  4356//3442 4354//983 4399//982 4400//3461
f  4397//3460 4396//3459 4403//3462 4408//3466
f  4408//3466 4403//3462 4405//3463 4409//3467
f  3346//2881 4130//3329 3366//2895 3347//2882
f  4410//3468 3366//2895 4130//3329 4133//3331
f  4411//3469 3367//2896 3366//2895 4410//3468
f  4133//3331 4139//3336 4412//3470 4410//3468
f  4116//3318 4141//3338 4290//3399 4119//3320
f  4413//3471 4412//3470 4139//3336 4414//3472
f  4139//3336 4137//3335 4143//3339 4414//3472
f  4410//3468 4412//3470 4415//3473 4411//3469
f  4412//3470 4413//3471 4416//3474 4415//3473
f  4413//3471 4414//3472 4417//3475 4418//3476
f  4419//3477 4416//3474 4413//3471 4418//3476
f  4143//3339 4145//3340 4417//3475 4414//3472
f  4420//896 4145//3340 4144//890 4421//892
f  4422//3478 4417//3475 4145//3340 4420//896
f  4423//3479 4418//3476 4417//3475 4422//3478
f  4424//1009 3370//2899 3367//2896 4411//3469
f  3369//2898 3370//2899 4425//3480 4426//3481
f  3381//2903 3368//2897 3369//2898 4426//3481
f  4427//1008 4425//3480 3370//2899 4424//1009
f  4426//3481 4428//3482 4429//3483 3381//2903
f  4426//3481 4425//3480 4430//3484 4428//3482
f  4431//3485 4430//3484 4425//3480 4427//1008
f  4429//3483 4428//3482 4432//3486 4433//3487
f  3382//555 3381//2903 4429//3483 4434//3488
f  4429//3483 4433//3487 4435//3489 4434//3488
f  4436//517 4437//1013 4438//1012 4439//518
f  4440//1014 4437//1013 4436//517 3378//551
f  4439//518 4438//1012 4441//1015 4442//519
f  4433//3487 4432//3486 4443//3490 4444//3491
f  4445//3492 4435//3489 4433//3487 4444//3491
f  4428//3482 4430//3484 4446//3493 4432//3486
f  4447//3494 4446//3493 4430//3484 4431//3485
f  4442//519 4441//1015 4448//1017 4449//552
f  4432//3486 4446//3493 4450//3495 4443//3490
f  4446//3493 4447//3494 4451//3496 4450//3495
f  4449//552 4448//1017 4452//1018 4453//553
f  3382//555 4434//3488 4454//3497 4455//3498
f  3385//2905 3384//557 3382//555 4455//3498
f  4434//3488 4435//3489 4456//3499 4454//3497
f  4457//1016 4440//1014 3378//551 3377//2902
f  4458//3500 4456//3499 4435//3489 4445//3492
f  4459//3501 4455//3498 4454//3497 4460//3502
f  4461//3503 4460//3502 4454//3497 4456//3499
f  4457//1016 3377//2902 3388//2908 4462//1019
f  3385//2905 4455//3498 4459//3501 4463//3504
f  4464//3505 3386//2906 3385//2905 4463//3504
f  4465//1020 4462//1019 3388//2908 4466//1029
f  3388//2908 3389//2909 4467//1027 4466//1029
f  4459//3501 4460//3502 4468//3506 4469//1032
f  4470//1031 4463//3504 4459//3501 4469//1032
f  4469//1032 4468//3506 4471//3507 4472//1035
f  4469//1032 4472//1035 4473//1034 4474//1030
f  4475//3508 4468//3506 4460//3502 4461//3503
f  4476//1021 4465//1020 4466//1029 4477//1028
f  4478//3509 4471//3507 4468//3506 4475//3508
f  4479//1037 4480//1022 4476//1021 4477//1028
f  4481//1007 4424//1009 4411//3469 4415//3473
f  4482//3510 4431//3485 4427//1008 4483//1010
f  4484//1038 4481//1007 4415//3473 4416//3474
f  4485//1039 4484//1038 4416//3474 4419//3477
f  4431//3485 4482//3510 4486//3511 4447//3494
f  4482//3510 4483//1010 4487//1040 4488//3512
f  4489//3513 4486//3511 4482//3510 4488//3512
f  4453//553 4452//1018 4490//1023 4491//1026
f  4447//3494 4486//3511 4492//3514 4451//3496
f  4493//3515 4492//3514 4486//3511 4489//3513
f  4491//1026 4490//1023 4494//1024 4495//3516
f  4491//1026 4495//3516 4496//3517 4497//998
f  4498//1041 4419//3477 4418//3476 4423//3479
f  4499//1043 4485//1039 4419//3477 4498//1041
f  4500//1042 4498//1041 4423//3479 4501//3518
f  4423//3479 4422//3478 4502//3519 4501//3518
f  4503//3520 4488//3512 4487//1040 4504//1045
f  4487//1040 4485//1039 4499//1043 4504//1045
f  4503//3520 4504//1045 4472//1035 4471//3507
f  4503//3520 4471//3507 4478//3509 4505//3521
f  4489//3513 4488//3512 4503//3520 4505//3521
f  4494//1024 4506//1025 4507//3522 4495//3516
f  4507//3522 4506//1025 4480//1022 4479//1037
f  4507//3522 4479//1037 4508//1036 4509//3523
f  4496//3517 4495//3516 4507//3522 4509//3523
f  4472//1035 4504//1045 4510//1044 4511//1033
f  4510//1044 4499//1043 4500//1042 4512//3524
f  4513//3525 4511//1033 4510//1044 4512//3524
f  4500//1042 4501//3518 4514//3526 4512//3524
f  3392//541 3363//2894 4515//3527 4516//542
f  3363//2894 3362//2893 3393//2911 4515//3527
f  4517//543 4516//542 4515//3527 4518//3528
f  4519//3529 4518//3528 4515//3527 3393//2911
f  4520//544 4517//543 4518//3528 4521//3530
f  4518//3528 4519//3529 4522//3531 4521//3530
f  4523//3532 4524//545 4520//544 4521//3530
f  4524//545 4523//3532 4525//3533 4526//546
f  3393//2911 3387//2907 4527//3534 4519//3529
f  4528//3535 4522//3531 4519//3529 4527//3534
f  4529//3536 4523//3532 4521//3530 4522//3531
f  4523//3532 4529//3536 4530//3537 4525//3533
f  4531//3538 4529//3536 4522//3531 4528//3535
f  4532//3539 4530//3537 4529//3536 4531//3538
f  4533//3540 4534//547 4526//546 4525//3533
f  4535//894 4536//539 4534//547 4533//3540
f  4535//894 4533//3540 4537//3541 4538//3542
f  4502//3519 4539//893 4535//894 4538//3542
f  4422//3478 4420//896 4539//893 4502//3519
f  4537//3541 4533//3540 4525//3533 4530//3537
f  4540//3543 4537//3541 4530//3537 4532//3539
f  4514//3526 4538//3542 4537//3541 4540//3543
f  4514//3526 4501//3518 4502//3519 4538//3542
f  3387//2907 3386//2906 4464//3505 4527//3534
f  4541//3544 4528//3535 4527//3534 4464//3505
f  4542//3545 4531//3538 4528//3535 4541//3544
f  4531//3538 4542//3545 4543//3546 4532//3539
f  4541//3544 4464//3505 4463//3504 4470//1031
f  3389//2909 3390//2910 3400//2916 4467//1027
f  4541//3544 4470//1031 4474//1030 4542//3545
f  4542//3545 4474//1030 4473//1034 4543//3546
f  4467//1027 3400//2916 4544//3547 4508//1036
f  3400//2916 3401//2917 4545//3548 4544//3547
f  4540//3543 4532//3539 4543//3546 4513//3525
f  4512//3524 4514//3526 4540//3543 4513//3525
f  4543//3546 4473//1034 4511//1033 4513//3525
f  4546//3549 4509//3523 4508//1036 4544//3547
f  4547//3550 4546//3549 4544//3547 4545//3548
f  4548//3551 4382//3455 4379//554 4497//998
f  4382//3455 4548//3551 4549//3552 4386//999
f  4550//3553 4548//3551 4497//998 4496//3517
f  4548//3551 4550//3553 4551//3554 4549//3552
f  4496//3517 4509//3523 4546//3549 4550//3553
f  4550//3553 4546//3549 4547//3550 4551//3554
f  4456//3499 4458//3500 4552//3555 4461//3503
f  4461//3503 4552//3555 4553//3556 4475//3508
f  4554//3557 4505//3521 4478//3509 4555//3558
f  4554//3557 4493//3515 4489//3513 4505//3521
f  4478//3509 4475//3508 4553//3556 4555//3558
f  4556//3559 4557//563 3399//562 3398//2915
f  4558//3560 4559//3561 4560//3562 4561//3563
f  4562//3564 4563//3565 4558//3560 4561//3563
f  4559//3561 4564//3566 4565//3567 4560//3562
f  4566//3568 4565//3567 4564//3566 4567//3569
f  4568//3570 4569//3571 4563//3565 4562//3564
f  4570//3572 4571//3573 4569//3571 4568//3570
f  4572//3574 4573//3575 4571//3573 4570//3572
f  4573//3575 4572//3574 4574//3576 4575//3577
f  4576//3578 4545//3548 3401//2917 3403//564
f  4545//3548 4576//3578 4577//3579 4578//3580
f  4579//3581 4547//3550 4545//3548 4578//3580
f  4580//3582 4581//3583 4582//3584 4583//3585
f  4584//1047 4581//3583 4580//3582 4585//1048
f  4586//579 4585//1048 4580//3582 4587//580
f  4580//3582 4583//3585 4588//3586 4587//580
f  4581//3583 4589//3587 4590//1052 4582//3584
f  4591//1060 4589//3587 4581//3583 4584//1047
f  4592//1057 4593//1050 4594//1049 4595//1053
f  4594//1049 4596//1051 4582//3584 4590//1052
f  4597//3588 4598//1054 4593//1050 4599//3589
f  4593//1050 4592//1057 4600//3590 4599//3589
f  4595//1053 4590//1052 4589//3587 4601//1058
f  4602//585 4601//1058 4589//3587 4591//1060
f  4603//1061 4595//1053 4601//1058 4604//586
f  4604//586 4605//577 4606//574 4607//584
f  3435//583 3434//2933 3439//2937 4595//1053
f  4603//1061 4607//584 3435//583 4595//1053
f  4592//1057 4595//1053 3439//2937 4608//1055
f  3439//2937 3440//2938 4609//3591 4608//1055
f  4610//1063 4600//3590 4592//1057 4611//1056
f  4612//3592 4613//565 4557//563 4556//3559
f  3403//564 4613//565 4614//3593 4576//3578
f  4615//1064 4583//3585 4582//3584 4596//1051
f  4583//3585 4615//1064 4616//3594 4588//3586
f  4615//1064 4596//1051 4598//1054 4617//1065
f  4615//1064 4618//1066 4619//3595 4616//3594
f  4619//3595 4618//1066 4620//3596 4621//3597
f  4620//3596 4618//1066 4622//3598 4623//3599
f  4624//3600 4619//3595 4621//3597 4625//3601
f  4626//3602 4627//3603 4561//3563 4560//3562
f  4561//3563 4627//3603 4628//3604 4562//3564
f  4598//1054 4597//3588 4629//3605 4617//1065
f  4630//3606 4631//3607 4632//3608 4633//1069
f  4632//3608 4634//3609 4635//3610 4636//3611
f  4632//3608 4631//3607 4637//3612 4634//3609
f  4638//1070 4633//1069 4632//3608 4636//3611
f  4629//3605 4597//3588 4599//3589 4600//3590
f  4631//3607 4630//3606 4639//3613 4640//3614
f  4631//3607 4640//3614 4641//3615 4637//3612
f  4630//3606 4633//1069 4642//1072 4643//3616
f  4644//3617 4639//3613 4630//3606 4643//3616
f  4645//1068 4629//3605 4600//3590 4610//1063
f  4618//1066 4617//1065 4629//3605 4645//1068
f  4611//1056 4608//1055 4609//3591 4646//1062
f  4647//3618 4622//3598 4618//1066 4648//1067
f  4627//3603 4626//3602 4649//3619 4650//3620
f  4627//3603 4650//3620 4651//3621 4628//3604
f  3430//578 4652//1046 4585//1048 4586//579
f  4584//1047 4652//1046 4653//1059 4591//1060
f  4652//1046 3430//578 3432//576 4653//1059
f  4654//3622 3413//571 4587//580 4588//3586
f  4655//3623 3412//2921 3413//571 4654//3622
f  3412//2921 4655//3623 4656//3624 3417//2924
f  3432//576 4657//575 4602//585 4653//1059
f  4560//3562 4565//3567 4658//3625 4626//3602
f  4588//3586 4616//3594 4659//1088 4654//3622
f  4660//1081 4659//1088 4616//3594 4619//3595
f  4655//3623 4654//3622 4659//1088 4661//3626
f  4662//1091 4661//3626 4659//1088 4663//1089
f  4664//3627 4658//3625 4565//3567 4566//3568
f  4655//3623 4661//3626 4665//3628 4656//3624
f  4661//3626 4662//1091 4666//3629 4665//3628
f  4619//3595 4624//3600 4667//3630 4660//1081
f  4668//3631 4649//3619 4626//3602 4658//3625
f  4669//3632 4668//3631 4658//3625 4664//3627
f  4646//1062 4609//3591 3440//2938 3441//1082
f  4670//1083 3441//1082 3442//591 3449//2942
f  4671//1084 4670//1083 3449//2942 4672//3633
f  3449//2942 3448//2941 3454//2946 4672//3633
f  4671//1084 4672//3633 4673//3634 4674//1085
f  4675//3635 4673//3634 4672//3633 3454//2946
f  4676//1086 4674//1085 4673//3634 4677//3636
f  4678//3637 4677//3636 4673//3634 4675//3635
f  4679//1087 4676//1086 4677//3636 4680//3638
f  4681//3639 4680//3638 4677//3636 4678//3637
f  4682//3640 4635//3610 4634//3609 4637//3612
f  4683//3641 4636//3611 4635//3610 4682//3640
f  4684//3642 4682//3640 4637//3612 4641//3615
f  4685//3643 4683//3641 4682//3640 4684//3642
f  4636//3611 4683//3641 4686//3644 4638//1070
f  4687//3645 4686//3644 4683//3641 4685//3643
f  4638//1070 4686//3644 4688//3646 4689//1071
f  4686//3644 4687//3645 4690//3647 4688//3646
f  4691//1075 4692//1078 4693//1095 4694//1079
f  4679//1087 4680//3638 4695//3648 4696//1077
f  4697//3649 4695//3648 4680//3638 4681//3639
f  4698//3650 4692//1078 4696//1077 4695//3648
f  4692//1078 4698//3650 4699//3651 4693//1095
f  4700//3652 4698//3650 4695//3648 4697//3649
f  4701//3653 4699//3651 4698//3650 4700//3652
f  3454//2946 3455//2947 4702//3654 4675//3635
f  3455//2947 3456//2948 4703//3655 4702//3654
f  3456//2948 3457//2949 4704//3656 4703//3655
f  4705//3657 4704//3656 3457//2949 3458//2950
f  4678//3637 4675//3635 4702//3654 4706//3658
f  4702//3654 4703//3655 4707//3659 4706//3658
f  4703//3655 4704//3656 4708//3660 4707//3659
f  4709//3661 4708//3660 4704//3656 4705//3657
f  4678//3637 4706//3658 4710//3662 4681//3639
f  4706//3658 4707//3659 4711//3663 4710//3662
f  4707//3659 4708//3660 4712//3664 4711//3663
f  4708//3660 4709//3661 4713//3665 4712//3664
f  4714//3666 4705//3657 3458//2950 3461//2953
f  4715//3667 4709//3661 4705//3657 4714//3666
f  4716//3668 4713//3665 4709//3661 4715//3667
f  4681//3639 4710//3662 4717//3669 4697//3649
f  4710//3662 4711//3663 4718//3670 4717//3669
f  4711//3663 4712//3664 4719//3671 4718//3670
f  4720//3672 4719//3671 4712//3664 4713//3665
f  4697//3649 4717//3669 4721//3673 4700//3652
f  4721//3673 4717//3669 4718//3670 4722//3674
f  4718//3670 4719//3671 4723//3675 4722//3674
f  4719//3671 4720//3672 4724//3676 4723//3675
f  4725//3677 4720//3672 4713//3665 4716//3668
f  4726//3678 4724//3676 4720//3672 4725//3677
f  4727//3679 4614//3593 4613//565 4612//3592
f  4624//3600 4625//3601 4623//3599 4622//3598
f  4728//3680 4568//3570 4562//3564 4628//3604
f  4667//3630 4624//3600 4622//3598 4647//3618
f  4568//3570 4728//3680 4729//3681 4570//3572
f  4730//1074 4731//3682 4643//3616 4642//1072
f  4643//3616 4731//3682 4732//3683 4644//3617
f  4731//3682 4730//1074 4733//1099 4734//3684
f  4731//3682 4734//3684 4735//3685 4732//3683
f  4736//3686 4737//3687 4733//1099 4738//1098
f  4739//3688 4734//3684 4733//1099 4737//3687
f  4740//3689 4735//3685 4734//3684 4739//3688
f  4628//3604 4651//3621 4741//3690 4728//3680
f  4648//1067 4660//1081 4667//3630 4647//3618
f  4648//1067 4742//1076 4743//3691 4744//1080
f  4728//3680 4741//3690 4745//3692 4729//3681
f  4577//3579 4576//3578 4614//3593 4727//3679
f  4746//3693 4729//3681 4745//3692 4747//3694
f  4663//1089 4748//1093 4749//3695 4750//1090
f  4746//3693 4572//3574 4570//3572 4729//3681
f  4572//3574 4746//3693 4751//3696 4574//3576
f  4746//3693 4747//3694 4752//3697 4751//3696
f  4662//1091 4753//1094 4754//3698 4666//3629
f  4755//3699 4756//1073 4689//1071 4688//3646
f  4756//1073 4755//3699 4757//3700 4738//1098
f  4758//3701 4757//3700 4755//3699 4759//3702
f  4755//3699 4688//3646 4690//3647 4759//3702
f  4737//3687 4736//3686 4760//3703 4739//3688
f  4736//3686 4738//1098 4757//3700 4760//3703
f  4739//3688 4760//3703 4761//3704 4740//3689
f  4760//3703 4757//3700 4758//3701 4761//3704
f  4743//3691 4742//1076 4694//1079 4762//1097
f  4743//3691 4762//1097 4763//3705 4764//3706
f  4765//1092 4744//1080 4743//3691 4764//3706
f  4766//3707 4767//1096 4693//1095 4699//3651
f  4763//3705 4762//1097 4767//1096 4766//3707
f  4768//3708 4766//3707 4699//3651 4701//3653
f  4769//3709 4763//3705 4766//3707 4768//3708
f  4770//3710 4764//3706 4763//3705 4769//3709
f  4765//1092 4764//3706 4770//3710 4748//1093
f  4771//3711 4701//3653 4700//3652 4721//3673
f  4701//3653 4771//3711 4772//3712 4768//3708
f  4771//3711 4721//3673 4722//3674 4773//3713
f  4722//3674 4723//3675 4774//3714 4773//3713
f  4775//3715 4774//3714 4723//3675 4724//3676
f  4771//3711 4773//3713 4776//3716 4772//3712
f  4773//3713 4774//3714 4777//3717 4776//3716
f  4778//3718 4777//3717 4774//3714 4775//3715
f  4769//3709 4768//3708 4772//3712 4779//3719
f  4780//3720 4770//3710 4769//3709 4779//3719
f  4772//3712 4776//3716 4781//3721 4779//3719
f  4776//3716 4777//3717 4782//3722 4781//3721
f  4777//3717 4778//3718 4783//3723 4782//3722
f  4784//3724 4775//3715 4724//3676 4726//3678
f  4785//3725 4778//3718 4775//3715 4784//3724
f  4786//3726 4783//3723 4778//3718 4785//3725
f  4780//3720 4749//3695 4748//1093 4770//3710
f  4787//3727 4750//1090 4749//3695 4780//3720
f  4788//3728 4789//1100 4750//1090 4787//3727
f  4790//3729 4753//1094 4789//1100 4788//3728
f  4780//3720 4779//3719 4781//3721 4787//3727
f  4787//3727 4781//3721 4782//3722 4788//3728
f  4753//1094 4790//3729 4791//3730 4754//3698
f  4790//3729 4788//3728 4782//3722 4783//3723
f  4790//3729 4783//3723 4786//3726 4791//3730
f  4386//999 4549//3552 4792//3731 4395//3458
f  4549//3552 4551//3554 4793//3732 4792//3731
f  4793//3732 4551//3554 4547//3550 4579//3581
f  4794//3733 4795//3734 4796//1103 4797//3735
f  4798//1106 4797//3735 4796//1103 4799//1102
f  4796//1103 4795//3734 4800//3736 4801//1104
f  4802//3737 4800//3736 4795//3734 4803//3738
f  4795//3734 4794//3733 4804//3739 4803//3738
f  4794//3733 4797//3735 4805//3740 4804//3739
f  4797//3735 4798//1106 4806//1116 4805//3740
f  4799//1102 4807//1101 4808//1110 4809//1107
f  4798//1106 4810//1105 4811//1114 4806//1116
f  4810//1105 4809//1107 4812//1117 4811//1114
f  4807//1101 4813//1108 4814//1118 4815//1109
f  4809//1107 4808//1110 4816//1159 4812//1117
f  4817//3741 4818//1122 4819//1121 4820//3742
f  4821//1120 4818//1122 4817//3741 4822//1125
f  4817//3741 4823//3743 4824//1123 4822//1125
f  4817//3741 4820//3742 4825//3744 4823//3743
f  4826//3745 4820//3742 4819//1121 4827//1126
f  4820//3742 4826//3745 4828//3746 4825//3744
f  4829//1127 4821//1120 4830//3747 4831//3748
f  4829//1127 4831//3748 4832//1196 4833//1128
f  4827//1126 4821//1120 4829//1127 4834//1131
f  4801//1104 4800//3736 4835//3749 4836//1113
f  4837//3750 4835//3749 4800//3736 4802//3737
f  4838//1112 4839//1111 4840//3751 4841//3752
f  4842//1119 4813//1108 4838//1112 4841//3752
f  4836//1113 4835//3749 4843//3753 4844//3754
f  4836//1113 4844//3754 4840//3751 4839//1111
f  4845//3755 4843//3753 4835//3749 4837//3750
f  4846//3756 4844//3754 4843//3753 4845//3755
f  4847//3757 4840//3751 4844//3754 4846//3756
f  4848//3758 4841//3752 4840//3751 4847//3757
f  4841//3752 4848//3758 4849//1141 4842//1119
f  4846//3756 4845//3755 4837//3750 4850//1135
f  4846//3756 4850//1135 4851//1137 4847//3757
f  4837//3750 4802//3737 4852//1136 4850//1135
f  4802//3737 4803//3738 4853//1143 4852//1136
f  4854//1142 4855//1139 4852//1136 4853//1143
f  4848//3758 4847//3757 4851//1137 4856//1138
f  4848//3758 4856//1138 4855//1139 4849//1141
f  4857//1140 4814//1118 4842//1119 4849//1141
f  4858//1160 4815//1109 4814//1118 4857//1140
f  4859//3759 4860//3760 4861//1147 4862//3761
f  4859//3759 4863//1146 4864//1145 4860//3760
f  4865//3762 4863//1146 4859//3759 4866//3763
f  4867//3764 4866//3763 4859//3759 4862//3761
f  4868//3765 4869//1144 4863//1146 4865//3762
f  4870//1148 4861//1147 4860//3760 4871//3766
f  4860//3760 4864//1145 4872//3767 4871//3766
f  4873//3768 4862//3761 4861//1147 4874//1150
f  4861//1147 4875//1149 4876//1151 4874//1150
f  4864//1145 4869//1144 4877//3769 4872//3767
f  4869//1144 4868//3765 4878//3770 4877//3769
f  4866//3763 4867//3764 4879//3771 4880//3772
f  4881//3773 4865//3762 4866//3763 4880//3772
f  4868//3765 4865//3762 4881//3773 4882//3774
f  4883//3775 4878//3770 4868//3765 4882//3774
f  4879//3771 4867//3764 4862//3761 4873//3768
f  4884//3776 4885//3777 4830//3747 4886//1124
f  4830//3747 4821//1120 4822//1125 4886//1124
f  4887//3778 4831//3748 4830//3747 4885//3777
f  4884//3776 4886//1124 4824//1123 4888//3779
f  4889//3780 4885//3777 4884//3776 4890//3781
f  4884//3776 4888//3779 4891//3782 4890//3781
f  4885//3777 4889//3780 4892//3783 4887//3778
f  4893//3784 4870//1148 4871//3766 4894//3785
f  4895//3786 4894//3785 4871//3766 4872//3767
f  4896//1156 4897//1158 4898//1153 4899//1155
f  4816//1159 4808//1110 4815//1109 4858//1160
f  4900//3787 4875//1149 4870//1148 4893//3784
f  4875//1149 4900//3787 4901//3788 4876//1151
f  4902//1161 4893//3784 4894//3785 4903//1162
f  4904//3789 4903//1162 4894//3785 4895//3786
f  4905//1164 4900//3787 4893//3784 4902//1161
f  4900//3787 4905//1164 4906//1166 4901//3788
f  4905//1164 4907//1163 4908//1167 4906//1166
f  4909//3790 4907//1163 4903//1162 4904//3789
f  4907//1163 4909//3790 4910//3791 4908//1167
f  4911//1177 4824//1123 4823//3743 4912//3792
f  4823//3743 4825//3744 4913//3793 4912//3792
f  4914//1154 4915//1157 4896//1156 4899//1155
f  4916//3794 4895//3786 4872//3767 4877//3769
f  4917//1169 4904//3789 4895//3786 4916//3794
f  4918//1171 4909//3790 4904//3789 4917//1169
f  4909//3790 4918//1171 4919//1173 4910//3791
f  4877//3769 4878//3770 4920//3795 4916//3794
f  4921//3796 4920//3795 4878//3770 4883//3775
f  4922//1170 4917//1169 4916//3794 4920//3795
f  4923//1174 4922//1170 4920//3795 4921//3796
f  4919//1173 4918//1171 4922//1170 4923//1174
f  4891//3782 4888//3779 4824//1123 4911//1177
f  4924//3797 4880//3772 4879//3771 4873//3768
f  4880//3772 4924//3797 4925//1180 4881//3773
f  4873//3768 4874//1150 4926//3798 4924//3797
f  4927//1178 4925//1180 4924//3797 4926//3798
f  4928//1179 4882//3774 4881//3773 4925//1180
f  4882//3774 4928//1179 4929//3799 4883//3775
f  4928//1179 4927//1178 4930//3800 4929//3799
f  4931//3801 4926//3798 4874//1150 4932//1152
f  4930//3800 4927//1178 4926//3798 4931//3801
f  4857//1140 4855//1139 4854//1142 4858//1160
f  4933//1181 4934//1184 4935//1186 4936//1182
f  4931//3801 4932//1152 4937//3802 4938//3803
f  4931//3801 4938//3803 4939//3804 4930//3800
f  4932//1152 4876//1151 4901//3788 4937//3802
f  4901//3788 4906//1166 4940//1165 4937//3802
f  4941//3805 4942//1168 4908//1167 4910//3791
f  4938//3803 4937//3802 4940//1165 4942//1168
f  4938//3803 4942//1168 4941//3805 4939//3804
f  4812//1117 4816//1159 4854//1142 4943//1115
f  4890//3781 4891//3782 4911//1177 4944//1176
f  4945//3806 4889//3780 4890//3781 4944//1176
f  4889//3780 4945//3806 4946//3807 4892//3783
f  4911//1177 4912//3792 4947//3808 4948//1175
f  4949//1189 4945//3806 4944//1176 4948//1175
f  4945//3806 4949//1189 4950//1191 4946//3807
f  4923//1174 4921//3796 4951//3809 4952//1172
f  4951//3809 4921//3796 4883//3775 4929//3799
f  4951//3809 4929//3799 4930//3800 4939//3804
f  4951//3809 4939//3804 4941//3805 4952//1172
f  4941//3805 4910//3791 4919//1173 4952//1172
f  4953//1190 4949//1189 4948//1175 4947//3808
f  4954//1192 4950//1191 4949//1189 4955//1188
f  4831//3748 4887//3778 4956//3810 4832//1196
f  4887//3778 4892//3783 4957//1197 4956//3810
f  4892//3783 4946//3807 4958//1198 4957//1197
f  4946//3807 4950//1191 4959//1200 4958//1198
f  4960//1201 4959//1200 4950//1191 4961//1193
f  4962//3811 4963//3812 4964//3813 4965//3814
f  4966//1208 4967//3815 4964//3813 4968//3816
f  4964//3813 4963//3812 4969//3817 4968//3816
f  4964//3813 4967//3815 4970//3818 4965//3814
f  4963//3812 4962//3811 4971//1206 4972//1205
f  4973//3819 4969//3817 4963//3812 4972//1205
f  4962//3811 4965//3814 4974//3820 4975//3821
f  4976//1240 4971//1206 4962//3811 4975//3821
f  4977//3822 4833//1128 4832//1196 4978//1195
f  4979//3823 4980//1194 4832//1196 4956//3810
f  4833//1128 4977//3822 4981//3824 4982//1133
f  4977//3822 4978//1195 4983//3825 4984//3826
f  4977//3822 4984//3826 4985//1214 4981//3824
f  4986//3827 4980//1194 4979//3823 4987//3828
f  4979//3823 4956//3810 4957//1197 4988//1199
f  4989//3829 4987//3828 4979//3823 4988//1199
f  4978//1195 4980//1194 4990//3830 4983//3825
f  4980//1194 4986//3827 4991//3831 4990//3830
f  4967//3815 4992//3832 4993//3833 4970//3818
f  4967//3815 4966//1208 4994//1210 4992//3832
f  4986//3827 4987//3828 4995//3834 4996//3835
f  4995//3834 4987//3828 4989//3829 4997//3836
f  4998//3837 4996//3835 4995//3834 4997//3836
f  4986//3827 4996//3835 4999//3838 4991//3831
f  4966//1208 4968//3816 5000//3839 5001//1209
f  5002//3840 4999//3838 4996//3835 4998//3837
f  5003//1211 4994//1210 5001//1209 5004//1212
f  5001//1209 5000//3839 5005//3841 5004//1212
f  5006//1217 5007//3842 4984//3826 4983//3825
f  4984//3826 5007//3842 5008//3843 4985//1214
f  5007//3842 5006//1217 5009//3844 5008//3843
f  5010//1218 5006//1217 4983//3825 4990//3830
f  5006//1217 5011//1219 5012//1221 5009//3844
f  5013//3845 5014//3846 5015//1223 5016//1225
f  5017//1234 5018//1224 5015//1223 5019//1227
f  5015//1223 5014//3846 5020//3847 5021//1226
f  5022//3848 5023//3849 5024//3850 5025//1230
f  5022//3848 5026//3851 5027//3852 5023//3849
f  5028//3853 5026//3851 5022//3848 5029//3854
f  5022//3848 5025//1230 5030//1229 5029//3854
f  5026//3851 5028//3853 5031//3855 5032//3856
f  5033//3857 5027//3852 5026//3851 5032//3856
f  5024//3850 5023//3849 5034//3858 5035//3859
f  5036//1231 5025//1230 5024//3850 5035//3859
f  5023//3849 5027//3852 5037//3860 5034//3858
f  5038//3861 5037//3860 5027//3852 5033//3857
f  5039//3862 5016//1225 5018//1224 5040//3863
f  5041//1233 5040//3863 5018//1224 5017//1234
f  5042//3864 5000//3839 4968//3816 4969//3817
f  5010//1218 4990//3830 4991//3831 5043//3865
f  4991//3831 4999//3838 5044//3866 5043//3865
f  5000//3839 5042//3864 5045//3867 5005//3841
f  5046//3868 5044//3866 4999//3838 5002//3840
f  5047//3869 5042//3864 4969//3817 4973//3819
f  5010//1218 5043//3865 5044//3866 5011//1219
f  5042//3864 5047//3869 5048//3870 5045//3867
f  5014//3846 5013//3845 5049//3871 5050//3872
f  5014//3846 5050//3872 5051//3873 5020//3847
f  5049//3871 5013//3845 5016//1225 5039//3862
f  5011//1219 5044//3866 5046//3868 5052//1222
f  5053//3874 5049//3871 5039//3862 5054//3875
f  5039//3862 5040//3863 5055//3876 5054//3875
f  5040//3863 5041//1233 5056//3877 5055//3876
f  5050//3872 5049//3871 5053//3874 5057//3878
f  5058//3879 5051//3873 5050//3872 5057//3878
f  5059//3880 5060//3881 5061//3882 5062//3883
f  5059//3880 5063//3884 5064//3885 5060//3881
f  5059//3880 5062//3883 5065//3886 5066//3887
f  5067//3888 5063//3884 5059//3880 5066//3887
f  5068//3889 5064//3885 5063//3884 5069//3890
f  5063//3884 5067//3888 5070//3891 5069//3890
f  4972//1205 5071//1207 5072//3892 4973//3819
f  5073//1239 5071//1207 4971//1206 4976//1240
f  5074//3893 5072//3892 5071//1207 5073//1239
f  5075//3894 5061//3882 5021//1226 5020//3847
f  5060//3881 5019//1227 5021//1226 5061//3882
f  5076//3895 5062//3883 5061//3882 5075//3894
f  5075//3894 5020//3847 5051//3873 5077//3896
f  5075//3894 5077//3896 5078//3897 5076//3895
f  5019//1227 5060//3881 5064//3885 5079//3898
f  5080//1232 5017//1234 5019//1227 5079//3898
f  5035//3859 5034//3858 5081//3899 5036//1231
f  5034//3858 5037//3860 5082//3900 5081//3899
f  5083//3901 5082//3900 5037//3860 5038//3861
f  5084//1228 5036//1231 5081//3899 5085//3902
f  5081//3899 5082//3900 5086//3903 5085//3902
f  5087//3904 5086//3903 5082//3900 5083//3901
f  5064//3885 5068//3889 5088//3905 5079//3898
f  4973//3819 5072//3892 5089//3906 5047//3869
f  5090//3907 5077//3896 5051//3873 5058//3879
f  5091//3908 5089//3906 5072//3892 5074//3893
f  5048//3870 5047//3869 5089//3906 5091//3908
f  5092//3909 5078//3897 5077//3896 5090//3907
f  5041//1233 5080//1232 5093//1243 5094//1242
f  5041//1233 5094//1242 5095//3910 5056//3877
f  5062//3883 5076//3895 5096//1246 5065//3886
f  5076//3895 5078//3897 5097//1244 5096//1246
f  5078//3897 5092//3909 5098//3911 5097//1244
f  5092//3909 5090//3907 5099//3912 5100//3913
f  5092//3909 5100//3913 5101//3914 5098//3911
f  4965//3814 4970//3818 5102//3915 4974//3820
f  4975//3821 4974//3820 5103//3916 5104//3917
f  4975//3821 5104//3917 5105//1238 4976//1240
f  5106//3918 4993//3833 4992//3832 5107//3919
f  4992//3832 4994//1210 5003//1211 5107//3919
f  5102//3915 4970//3818 4993//3833 5106//3918
f  5108//3920 4988//1199 4958//1198 5109//3921
f  5110//3922 5109//3921 4958//1198 4959//1200
f  5102//3915 5106//3918 5107//3919 5111//3923
f  5103//3916 4974//3820 5102//3915 5111//3923
f  5107//3919 5003//1211 5112//1213 5111//3923
f  4998//3837 4997//3836 4989//3829 5113//3924
f  4989//3829 4988//1199 5108//3920 5113//3924
f  5111//3923 5112//1213 5114//3925 5103//3916
f  5114//3925 5112//1213 5004//1212 5005//3841
f  4998//3837 5113//3924 5115//3926 5002//3840
f  5057//3878 5053//3874 5116//3927 5117//3928
f  5118//3929 5058//3879 5057//3878 5117//3928
f  5053//3874 5054//3875 5119//3930 5116//3927
f  5054//3875 5055//3876 5120//3931 5119//3930
f  5055//3876 5056//3877 5121//1777 5120//3931
f  5122//3932 5117//3928 5116//3927 5123//3933
f  5116//3927 5119//3930 5124//1249 5123//3933
f  5125//1247 5124//1249 5119//3930 5120//3931
f  5126//3934 5104//3917 5103//3916 5114//3925
f  5113//3924 5108//3920 5127//3935 5115//3926
f  5108//3920 5109//3921 5128//3936 5127//3935
f  5129//3937 5128//3936 5109//3921 5110//3922
f  5104//3917 5126//3934 5130//3938 5105//1238
f  5005//3841 5045//3867 5126//3934 5114//3925
f  5046//3868 5002//3840 5115//3926 5131//3939
f  5132//1236 5131//3939 5115//3926 5127//3935
f  5052//1222 5046//3868 5131//3939 5132//1236
f  5130//3938 5126//3934 5045//3867 5048//3870
f  5127//3935 5128//3936 5133//1237 5132//1236
f  5128//3936 5129//3937 5134//3940 5133//1237
f  5129//3937 5110//3922 5135//3941 5136//1251
f  5137//3942 5134//3940 5129//3937 5136//1251
f  5138//1235 5052//1222 5133//1237 5139//3943
f  5133//1237 5134//3940 5137//3942 5139//3943
f  5135//3941 5110//3922 4959//1200 5140//1203
f  5073//1239 5105//1238 5130//3938 5074//3893
f  5058//3879 5118//3929 5099//3912 5090//3907
f  5118//3929 5117//3928 5122//3932 5141//3944
f  5118//3929 5141//3944 5142//3945 5099//3912
f  5048//3870 5091//3908 5074//3893 5130//3938
f  5122//3932 5123//3933 5124//1249 5143//1248
f  5144//1254 5141//3944 5122//3932 5143//1248
f  5143//1248 5125//1247 5145//1776 5146//1253
f  5141//3944 5144//1254 5147//3946 5142//3945
f  5148//3947 5147//3946 5144//1254 5146//1253
f  5149//3948 5100//3913 5099//3912 5142//3945
f  5100//3913 5149//3948 5150//3949 5101//3914
f  5151//3950 5149//3948 5142//3945 5147//3946
f  5149//3948 5151//3950 5152//3951 5150//3949
f  5153//3952 5151//3950 5147//3946 5148//3947
f  5151//3950 5153//3952 5154//3953 5152//3951
f  5153//3952 5148//3947 5155//3954 5156//3955
f  5157//3956 5154//3953 5153//3952 5156//3955
f  5158//3957 5159//3958 5160//3959 5161//3960
f  5160//3959 5162//1256 5163//1255 5164//3961
f  5165//1258 5162//1256 5160//3959 5159//3958
f  5160//3959 5164//3961 5166//3962 5161//3960
f  5167//3963 5159//3958 5158//3957 5168//3964
f  5169//1259 5168//3964 5158//3957 5170//1260
f  5158//3957 5161//3960 5171//1262 5170//1260
f  5172//3965 5173//3966 5174//3967 5175//3968
f  5174//3967 5173//3966 5176//3969 5177//3970
f  5178//1263 5175//3968 5174//3967 5179//1264
f  5174//3967 5177//3970 5180//1266 5179//1264
f  5181//1269 5182//1268 5183//3971 5184//3972
f  5185//3973 5186//1270 5181//1269 5184//3972
f  5187//3974 5183//3971 5182//1268 5188//1271
f  5189//3975 5164//3961 5163//1255 5190//1276
f  5164//3961 5189//3975 5191//3976 5166//3962
f  5192//3977 5189//3975 5190//1276 5193//1277
f  5189//3975 5192//3977 5194//3978 5191//3976
f  5195//3979 5192//3977 5193//1277 5196//1278
f  5192//3977 5195//3979 5197//3980 5194//3978
f  5198//3981 5184//3972 5183//3971 5199//3982
f  5183//3971 5187//3974 5200//3983 5199//3982
f  5186//1270 5185//3973 5201//3984 5202//1272
f  5165//1258 5159//3958 5167//3963 5203//1279
f  5203//1279 5167//3963 5204//3985 5205//1280
f  5167//3963 5168//3964 5206//3986 5204//3985
f  5196//1278 5205//1280 5204//3985 5195//3979
f  5197//3980 5195//3979 5204//3985 5206//3986
f  5168//3964 5169//1259 5207//1281 5206//3986
f  5206//3986 5207//1281 5208//1284 5197//3980
f  5209//3987 5185//3973 5184//3972 5198//3981
f  5185//3973 5209//3987 5210//3988 5201//3984
f  5211//1286 5210//3988 5209//3987 5212//1287
f  5209//3987 5198//3981 5213//1289 5212//1287
f  5214//3989 5201//3984 5210//3988 5215//3990
f  5210//3988 5211//1286 5216//1290 5215//3990
f  5217//1291 5218//1293 5219//3991 5220//3992
f  5217//1291 5220//3992 5221//3993 5222//1295
f  5223//3994 5187//3974 5188//1271 5224//1273
f  5187//3974 5223//3994 5225//3995 5200//3983
f  5226//3996 5223//3994 5224//1273 5227//1274
f  5223//3994 5226//3996 5228//3997 5225//3995
f  5214//3989 5229//1275 5202//1272 5201//3984
f  5226//3996 5227//1274 5229//1275 5214//3989
f  5214//3989 5215//3990 5228//3997 5226//3996
f  5215//3990 5216//1290 5230//1302 5228//3997
f  5231//3998 5232//3999 5233//4000 5234//4001
f  5235//4002 5232//3999 5231//3998 5236//4003
f  5231//3998 5234//4001 5237//1304 5238//1303
f  5239//1306 5236//4003 5231//3998 5238//1303
f  5233//4000 5240//1308 5241//1307 5242//4004
f  5243//4005 5242//4004 5241//1307 5244//1310
f  5240//1308 5233//4000 5232//3999 5245//1311
f  5246//4006 5234//4001 5233//4000 5242//4004
f  5242//4004 5243//4005 5247//4007 5246//4006
f  5245//1311 5232//3999 5235//4002 5248//1312
f  5249//1315 5248//1312 5235//4002 5250//4008
f  5235//4002 5236//4003 5251//4009 5250//4008
f  5252//4010 5243//4005 5244//1310 5253//1313
f  5243//4005 5252//4010 5254//4011 5247//4007
f  5253//1313 5255//1314 5256//4012 5252//4010
f  5250//4008 5256//4012 5255//1314 5249//1315
f  5257//4013 5256//4012 5250//4008 5251//4009
f  5258//1316 5251//4009 5236//4003 5239//1306
f  5252//4010 5256//4012 5257//4013 5254//4011
f  5259//1318 5260//1317 5261//4014 5262//4015
f  5263//4016 5262//4015 5261//4014 5172//3965
f  5261//4014 5260//1317 5264//1320 5265//4017
f  5173//3966 5172//3965 5261//4014 5265//4017
f  5259//1318 5262//4015 5266//4018 5267//1321
f  5267//1321 5266//4018 5268//4019 5269//1323
f  5262//4015 5263//4016 5270//4020 5266//4018
f  5172//3965 5175//3968 5271//4021 5263//4016
f  5263//4016 5271//4021 5272//4022 5270//4020
f  5273//4023 5268//4019 5266//4018 5270//4020
f  5271//4021 5175//3968 5178//1263 5274//1324
f  5271//4021 5274//1324 5275//1325 5272//4022
f  5265//4017 5264//1320 5276//1322 5277//4024
f  5176//3969 5173//3966 5265//4017 5277//4024
f  5276//1322 5278//1319 5279//4025 5277//4024
f  5278//1319 5280//320 5281//4026 5279//4025
f  5280//320 5269//1323 5268//4019 5281//4026
f  5282//4027 5176//3969 5277//4024 5279//4025
f  5283//4028 5177//3970 5176//3969 5282//4027
f  5284//4029 5282//4027 5279//4025 5281//4026
f  5282//4027 5284//4029 5285//4030 5283//4028
f  5286//4031 5287//1329 5288//1328 5289//4032
f  5288//1328 5290//1327 5291//4033 5289//4032
f  5284//4029 5281//4026 5268//4019 5273//4023
f  5284//4029 5273//4023 5292//4034 5285//4030
f  5292//4034 5273//4023 5270//4020 5272//4022
f  5293//1334 5285//4030 5292//4034 5294//1335
f  5292//4034 5272//4022 5275//1325 5294//1335
f  5290//1327 5295//1326 5296//4035 5291//4033
f  5177//3970 5283//4028 5297//1336 5180//1266
f  5287//1329 5286//4031 5298//4036 5299//1333
f  5297//1336 5283//4028 5285//4030 5293//1334
f  5300//4037 5298//4036 5286//4031 5301//4038
f  5286//4031 5289//4032 5302//4039 5301//4038
f  5289//4032 5291//4033 5303//4040 5302//4039
f  5304//4041 5305//1330 5306//1332 5307//4042
f  5308//4043 5307//4042 5306//1332 5309//1331
f  5310//4044 5304//4041 5307//4042 5311//4045
f  5307//4042 5308//4043 5312//4046 5311//4045
f  5305//1330 5304//4041 5296//4035 5295//1326
f  5313//4047 5296//4035 5304//4041 5310//4044
f  5309//1331 5299//1333 5298//4036 5308//4043
f  5308//4043 5298//4036 5300//4037 5312//4046
f  5311//4045 5314//1339 5315//1338 5310//4044
f  5316//1340 5314//1339 5311//4045 5312//4046
f  5303//4040 5291//4033 5296//4035 5313//4047
f  5303//4040 5313//4047 5317//1341 5318//1343
f  5319//1344 5302//4039 5303//4040 5318//1343
f  5320//1348 5321//1347 5322//4048 5323//4049
f  5324//4050 5325//1349 5320//1348 5323//4049
f  5317//1341 5313//4047 5310//4044 5315//1338
f  5322//4048 5321//1347 5326//1350 5327//4051
f  5328//4052 5327//4051 5326//1350 5329//1352
f  5330//4053 5331//4054 5327//4051 5328//4052
f  5332//4055 5322//4048 5327//4051 5331//4054
f  5333//4056 5323//4049 5322//4048 5332//4055
f  5334//1342 5300//4037 5301//4038 5335//1345
f  5301//4038 5302//4039 5319//1344 5335//1345
f  5336//4057 5337//1354 5338//1353 5339//4058
f  5338//1353 5340//1355 5341//4059 5339//4058
f  5334//1342 5316//1340 5312//4046 5300//4037
f  5342//1356 5337//1354 5336//4057 5343//4060
f  5328//4052 5329//1352 5342//1356 5343//4060
f  5343//4060 5336//4057 5344//4061 5345//4062
f  5330//4053 5328//4052 5343//4060 5345//4062
f  5336//4057 5339//4058 5346//4063 5344//4061
f  5347//4064 5348//1351 5325//1349 5324//4050
f  5340//1355 5348//1351 5347//4064 5341//4059
f  5349//4065 5324//4050 5323//4049 5333//4056
f  5324//4050 5349//4065 5350//4066 5347//4064
f  5351//4067 5349//4065 5333//4056 5352//4068
f  5333//4056 5332//4055 5353//4069 5352//4068
f  5354//4070 5350//4066 5349//4065 5351//4067
f  5171//1262 5161//3960 5166//3962 5355//1283
f  5356//1282 5355//1283 5166//3962 5191//3976
f  5357//1357 5358//4071 5359//4072 5360//1358
f  5359//4072 5358//4071 5361//4073 5362//4074
f  5363//1360 5360//1358 5359//4072 5364//4075
f  5359//4072 5362//4074 5365//4076 5364//4075
f  5366//4077 5358//4071 5357//1357 5367//1359
f  5361//4073 5358//4071 5366//4077 5368//4078
f  5366//4077 5367//1359 5369//1361 5370//4079
f  5371//4080 5368//4078 5366//4077 5370//4079
f  5372//1363 5373//1362 5362//4074 5361//4073
f  5362//4074 5373//1362 5374//1365 5365//4076
f  5375//1373 5376//1372 5377//4081 5378//4082
f  5375//1373 5378//4082 5379//4083 5380//1374
f  5372//1363 5361//4073 5368//4078 5381//1366
f  5382//1367 5381//1366 5368//4078 5371//4080
f  5376//1372 5383//1375 5384//4084 5377//4081
f  5383//1375 5385//1371 5386//4085 5384//4084
f  5387//4086 5377//4081 5384//4084 5388//4087
f  5384//4084 5386//4085 5389//4088 5388//4087
f  5378//4082 5377//4081 5387//4086 5390//4089
f  5391//4090 5379//4083 5378//4082 5390//4089
f  5392//4091 5390//4089 5387//4086 5393//4092
f  5387//4086 5388//4087 5394//4093 5393//4092
f  5363//1360 5364//4075 5395//4094 5396//1378
f  5194//3978 5197//3980 5208//1284 5397//1285
f  5356//1282 5191//3976 5194//3978 5397//1285
f  5396//1378 5395//4094 5398//4095 5399//1379
f  5395//4094 5364//4075 5365//4076 5400//4096
f  5401//4097 5398//4095 5395//4094 5400//4096
f  5399//1379 5398//4095 5402//4098 5403//1380
f  5404//4099 5402//4098 5398//4095 5401//4097
f  5402//4098 5370//4079 5369//1361 5403//1380
f  5370//4079 5402//4098 5404//4099 5371//4080
f  5405//1369 5400//4096 5365//4076 5374//1365
f  5400//4096 5405//1369 5406//1368 5401//4097
f  5407//4100 5408//1376 5380//1374 5379//4083
f  5409//4101 5410//1381 5408//1376 5407//4100
f  5404//4099 5401//4097 5406//1368 5411//1370
f  5198//3981 5199//3982 5412//1299 5213//1289
f  5413//1300 5412//1299 5199//3982 5200//3983
f  5219//3991 5218//1293 5414//1296 5415//4102
f  5414//1296 5416//1292 5417//4103 5415//4102
f  5418//4104 5219//3991 5415//4102 5419//4105
f  5415//4102 5417//4103 5420//4106 5419//4105
f  5421//4107 5220//3992 5219//3991 5418//4104
f  5422//4108 5417//4103 5416//1292 5423//1294
f  5220//3992 5421//4107 5424//4109 5221//3993
f  5425//4110 5420//4106 5417//4103 5422//4108
f  5423//1294 5426//1297 5427//4111 5422//4108
f  5413//1300 5200//3983 5225//3995 5428//1301
f  5421//4107 5418//4104 5429//1384 5430//1383
f  5421//4107 5430//1383 5431//1385 5424//4109
f  5418//4104 5419//4105 5432//1386 5429//1384
f  5433//1387 5434//4112 5435//4113 5436//1388
f  5437//4114 5434//4112 5433//1387 5438//1390
f  5439//4115 5435//4113 5434//4112 5440//4116
f  5434//4112 5437//4114 5441//4117 5440//4116
f  5436//1388 5435//4113 5442//4118 5443//1392
f  5444//4119 5442//4118 5435//4113 5439//4115
f  5382//1367 5371//4080 5404//4099 5411//1370
f  5445//4120 5446//1377 5410//1381 5409//4101
f  5386//4085 5385//1371 5446//1377 5445//4120
f  5445//4120 5409//4101 5447//4121 5448//4122
f  5389//4088 5386//4085 5445//4120 5448//4122
f  5449//1393 5432//1386 5419//4105 5420//4106
f  5438//1390 5450//1389 5451//4123 5437//4114
f  5409//4101 5407//4100 5452//4124 5447//4121
f  5453//1394 5449//1393 5420//4106 5425//4110
f  5454//4125 5451//4123 5450//1389 5455//1391
f  5441//4117 5437//4114 5451//4123 5456//4126
f  5451//4123 5454//4125 5457//4127 5456//4126
f  5458//4128 5454//4125 5455//1391 5459//1397
f  5453//1394 5425//4110 5460//4129 5461//1395
f  5454//4125 5458//4128 5462//4130 5457//4127
f  5463//1298 5222//1295 5221//3993 5464//4131
f  5427//4111 5426//1297 5463//1298 5464//4131
f  5225//3995 5228//3997 5230//1302 5428//1301
f  5465//4132 5464//4131 5221//3993 5424//4109
f  5460//4129 5427//4111 5464//4131 5465//4132
f  5237//1304 5234//4001 5246//4006 5466//1399
f  5467//1400 5466//1399 5246//4006 5247//4007
f  5468//4133 5469//4134 5470//1405 5471//1404
f  5470//1405 5469//4134 5472//4135 5473//1403
f  5474//4136 5472//4135 5469//4134 5475//4137
f  5469//4134 5468//4133 5476//4138 5475//4137
f  5425//4110 5422//4108 5427//4111 5460//4129
f  5468//4133 5471//1404 5477//1407 5478//4139
f  5468//4133 5478//4139 5479//4140 5476//4138
f  5480//1406 5473//1403 5472//4135 5481//4141
f  5472//4135 5474//4136 5482//4142 5481//4141
f  5424//4109 5431//1385 5483//1396 5465//4132
f  5443//1392 5442//4118 5484//4143 5485//1398
f  5486//4144 5484//4143 5442//4118 5444//4119
f  5474//4136 5487//1410 5488//1409 5482//4142
f  5474//4136 5475//4137 5489//1411 5487//1410
f  5480//1406 5481//4141 5490//4145 5491//1417
f  5254//4011 5257//4013 5492//1401 5493//1402
f  5467//1400 5247//4007 5254//4011 5493//1402
f  5494//4146 5495//1419 5491//1417 5490//4145
f  5257//4013 5251//4009 5258//1316 5492//1401
f  5495//1419 5494//4146 5496//4147 5497//1418
f  5494//4146 5490//4145 5498//4148 5499//4149
f  5500//4150 5496//4147 5494//4146 5499//4149
f  5496//4147 5478//4139 5477//1407 5497//1418
f  5478//4139 5496//4147 5500//4150 5479//4140
f  5498//4148 5490//4145 5481//4141 5482//4142
f  5482//4142 5488//1409 5501//1412 5498//4148
f  5502//4151 5503//4152 5504//1422 5505//1421
f  5504//1422 5503//4152 5506//4153 5507//1424
f  5503//4152 5502//4151 5508//4154 5509//4155
f  5510//4156 5506//4153 5503//4152 5509//4155
f  5511//1414 5499//4149 5498//4148 5501//1412
f  5489//1411 5475//4137 5476//4138 5512//1413
f  5513//1415 5512//1413 5476//4138 5479//4140
f  5460//4129 5465//4132 5483//1396 5461//1395
f  5458//4128 5459//1397 5485//1398 5484//4143
f  5502//4151 5505//1421 5514//1425 5515//4157
f  5514//1425 5516//1420 5517//4158 5515//4157
f  5462//4130 5458//4128 5484//4143 5486//4144
f  5502//4151 5515//4157 5518//4159 5508//4154
f  5515//4157 5517//4158 5519//4160 5518//4159
f  5520//4161 5517//4158 5516//1420 5521//1423
f  5517//4158 5520//4161 5522//4162 5519//4160
f  5523//1416 5513//1415 5479//4140 5500//4150
f  5524//4163 5525//1426 5507//1424 5506//4153
f  5499//4149 5511//1414 5523//1416 5500//4150
f  5525//1426 5524//4163 5526//4164 5527//1427
f  5528//4165 5524//4163 5506//4153 5510//4156
f  5529//4166 5526//4164 5524//4163 5528//4165
f  5530//4167 5531//4168 5532//4169 5533//4170
f  5534//4171 5533//4170 5532//4169 5535//4172
f  5532//4169 5531//4168 5536//1430 5537//1429
f  5532//4169 5537//1429 5538//1431 5535//4172
f  5539//1432 5540//4173 5541//4174 5542//1435
f  5543//4175 5540//4173 5539//1432 5544//1434
f  5520//4161 5521//1423 5527//1427 5526//4164
f  5522//4162 5520//4161 5526//4164 5529//4166
f  5531//4168 5530//4167 5545//4176 5546//4177
f  5547//1441 5536//1430 5531//4168 5546//4177
f  5548//4178 5541//4174 5540//4173 5549//4179
f  5550//4180 5549//4179 5540//4173 5543//4175
f  5452//4124 5407//4100 5379//4083 5391//4090
f  5391//4090 5551//4181 5552//4182 5452//4124
f  5391//4090 5390//4089 5392//4091 5551//4181
f  5551//4181 5392//4091 5553//4183 5554//4184
f  5555//4185 5552//4182 5551//4181 5554//4184
f  5556//1442 5557//1444 5558//4186 5559//4187
f  5560//4188 5561//1443 5556//1442 5562//1445
f  5556//1442 5559//4187 5563//1446 5562//1445
f  5564//4189 5447//4121 5452//4124 5552//4182
f  5552//4182 5555//4185 5565//4190 5564//4189
f  5566//4191 5557//1444 5561//1443 5567//4192
f  5561//1443 5560//4188 5568//4193 5567//4192
f  5392//4091 5393//4092 5569//4194 5553//4183
f  5557//1444 5566//4191 5570//4195 5558//4186
f  5569//4194 5393//4092 5394//4093 5571//4196
f  5572//4197 5571//4196 5394//4093 5573//4198
f  5394//4093 5388//4087 5389//4088 5573//4198
f  5566//4191 5567//4192 5574//4199 5570//4195
f  5564//4189 5565//4190 5575//4200 5576//4201
f  5575//4200 5572//4197 5573//4198 5576//4201
f  5448//4122 5447//4121 5564//4189 5576//4201
f  5573//4198 5389//4088 5448//4122 5576//4201
f  5577//4202 5439//4115 5440//4116 5578//4203
f  5579//4204 5578//4203 5440//4116 5441//4117
f  5439//4115 5577//4202 5580//4205 5444//4119
f  5577//4202 5578//4203 5581//4206 5582//4207
f  5577//4202 5582//4207 5583//4208 5580//4205
f  5584//4209 5581//4206 5578//4203 5579//4204
f  5339//4058 5341//4059 5585//4210 5346//4063
f  5586//4211 5587//1449 5588//1448 5589//1451
f  5586//4211 5589//1451 5559//4187 5558//4186
f  5559//4187 5589//1451 5590//1450 5563//1446
f  5587//1449 5586//4211 5591//4212 5592//4213
f  5593//4214 5590//1450 5587//1449 5592//4213
f  5594//4215 5345//4062 5344//4061 5595//4216
f  5344//4061 5346//4063 5596//4217 5595//4216
f  5341//4059 5347//4064 5350//4066 5585//4210
f  5585//4210 5350//4066 5354//4070 5597//4218
f  5596//4217 5346//4063 5585//4210 5597//4218
f  5598//4219 5586//4211 5558//4186 5570//4195
f  5586//4211 5598//4219 5599//4220 5591//4212
f  5600//1452 5560//4188 5562//1445 5601//1453
f  5562//1445 5602//1447 5603//4221 5601//1453
f  5604//4222 5509//4155 5508//4154 5605//4223
f  5606//4224 5605//4223 5508//4154 5518//4159
f  5560//4188 5600//1452 5607//1456 5568//4193
f  5486//4144 5444//4119 5580//4205 5608//4225
f  5486//4144 5608//4225 5609//4226 5462//4130
f  5580//4205 5583//4208 5610//4227 5608//4225
f  5602//1447 5590//1450 5611//4228 5603//4221
f  5612//4229 5604//4222 5605//4223 5613//4230
f  5605//4223 5606//4224 5614//4231 5613//4230
f  5608//4225 5610//4227 5615//4232 5609//4226
f  5616//4233 5510//4156 5509//4155 5604//4222
f  5617//1440 5542//1435 5541//4174 5618//4234
f  5541//4174 5548//4178 5619//4235 5618//4234
f  5620//4236 5528//4165 5510//4156 5616//4233
f  5548//4178 5549//4179 5621//4237 5622//4238
f  5548//4178 5622//4238 5623//4239 5619//4235
f  5528//4165 5620//4236 5624//4240 5529//4166
f  5620//4236 5616//4233 5625//4241 5626//4242
f  5627//4243 5624//4240 5620//4236 5626//4242
f  5622//4238 5621//4237 5628//4244 5629//4245
f  5630//4246 5623//4239 5622//4238 5629//4245
f  5604//4222 5612//4229 5625//4241 5616//4233
f  5354//4070 5351//4067 5631//1462 5632//1457
f  5633//1463 5597//4218 5354//4070 5632//1457
f  5351//4067 5352//4068 5634//1464 5631//1462
f  5635//4247 5611//4228 5590//1450 5593//4214
f  5636//4248 5596//4217 5597//4218 5633//1463
f  5637//4249 5574//4199 5567//4192 5568//4193
f  5570//4195 5574//4199 5638//4250 5598//4219
f  5639//4251 5638//4250 5574//4199 5637//4249
f  5441//4117 5456//4126 5640//4252 5579//4204
f  5641//4253 5640//4252 5456//4126 5457//4127
f  5642//4254 5584//4209 5579//4204 5640//4252
f  5642//4254 5640//4252 5641//4253 5643//4255
f  5598//4219 5638//4250 5644//4256 5599//4220
f  5638//4250 5639//4251 5645//4257 5644//4256
f  5518//4159 5519//4160 5646//4258 5606//4224
f  5647//4259 5646//4258 5519//4160 5522//4162
f  5606//4224 5646//4258 5648//4260 5614//4231
f  5641//4253 5457//4127 5462//4130 5609//4226
f  5641//4253 5609//4226 5615//4232 5643//4255
f  5649//4261 5637//4249 5568//4193 5607//1456
f  5646//4258 5647//4259 5650//4262 5648//4260
f  5549//4179 5550//4180 5651//4263 5621//4237
f  5647//4259 5522//4162 5529//4166 5624//4240
f  5550//4180 5543//4175 5652//4264 5653//4265
f  5654//4266 5651//4263 5550//4180 5653//4265
f  5621//4237 5651//4263 5655//4267 5628//4244
f  5656//4268 5655//4267 5651//4263 5654//4266
f  5647//4259 5624//4240 5627//4243 5650//4262
f  5657//4269 5639//4251 5637//4249 5649//4261
f  5639//4251 5657//4269 5658//4270 5645//4257
f  5659//1465 3211//2792 3210//2791 5660//4271
f  5661//4272 5660//4271 3210//2791 3215//2794
f  5662//1466 5659//1465 5660//4271 5663//1469
f  5664//1467 5663//1469 5660//4271 5661//4272
f  3212//460 3211//2792 5659//1465 5665//469
f  5666//470 5665//469 5662//1466 5667//1470
f  5662//1466 5663//1469 5668//1468 5667//1470
f  5666//470 5669//1471 5670//1474 5671//475
f  5672//4273 5669//1471 5667//1470 5668//1468
f  5669//1471 5672//4273 5673//486 5670//1474
f  5674//1477 5675//4274 5676//4275 5677//1478
f  5676//4275 5675//4274 5678//4276 5679//4277
f  5680//4278 5677//1478 5676//4275 5679//4277
f  5681//4279 5682//4280 5675//4274 5674//1477
f  5675//4274 5682//4280 5683//4281 5678//4276
f  5684//4282 5672//4273 5668//1468 5685//1472
f  5672//4273 5684//4282 3228//480 5673//486
f  5677//1478 5680//4278 5686//4283 5687//1476
f  5682//4280 5681//4279 5688//4284 5689//4285
f  5682//4280 5689//4285 5690//4286 5683//4281
f  5691//4287 5681//4279 5674//1477 5687//1476
f  5692//4288 5661//4272 3215//2794 3243//2814
f  5661//4272 5692//4288 5693//1473 5664//1467
f  5694//4289 5695//4290 5696//4291 5697//4292
f  5696//4291 5698//4293 5699//4294 5697//4292
f  5695//4290 5694//4289 5700//4295 5701//4296
f  5702//4297 5692//4288 3243//2814 3244//2815
f  5703//4298 5693//1473 5692//4288 5702//4297
f  5698//4293 5704//4299 5705//4300 5699//4294
f  5704//4299 5706//4301 5707//4302 5705//4300
f  5706//4301 5708//4303 5709//4304 5707//4302
f  5708//4303 5710//4305 5711//4306 5709//4304
f  5712//1482 5066//3887 5065//3886 5713//1483
f  5714//1484 5713//1483 5065//3886 5096//1246
f  5697//4292 5699//4294 5715//4307 5716//4308
f  5717//4309 5694//4289 5697//4292 5716//4308
f  5718//4310 5700//4295 5694//4289 5717//4309
f  5699//4294 5705//4300 5719//4311 5715//4307
f  5720//4312 5685//1472 5693//1473 5703//4298
f  5721//4313 5719//4311 5705//4300 5707//4302
f  5066//3887 5712//1482 5722//4314 5067//3888
f  5723//4315 5722//4314 5712//1482 5724//1481
f  5725//4316 5716//4308 5715//4307 5726//4317
f  5715//4307 5719//4311 5727//4318 5726//4317
f  5067//3888 5722//4314 5728//1489 5070//3891
f  5722//4314 5723//4315 5729//1490 5728//1489
f  5730//4319 5727//4318 5719//4311 5721//4313
f  5731//4320 5732//4321 5701//4296 5700//4295
f  3265//2833 5733//4322 5734//1492 3264//2832
f  5733//4322 5735//4323 5736//1494 5734//1492
f  5735//4323 5737//4324 5738//4325 5736//1494
f  5739//4326 5740//4327 5732//4321 5731//4320
f  5741//4328 5742//4329 5740//4327 5739//4326
f  5711//4306 5710//4305 5743//4330 5744//4331
f  5743//4330 5742//4329 5741//4328 5744//4331
f  5745//4332 5731//4320 5700//4295 5718//4310
f  5746//4333 5738//4325 5737//4324 5747//4334
f  5748//4335 5739//4326 5731//4320 5745//4332
f  5739//4326 5748//4335 5749//4336 5741//4328
f  5745//4332 5718//4310 5750//4337 5751//4338
f  5752//4339 5748//4335 5745//4332 5751//4338
f  5753//4340 5684//4282 5685//1472 5720//4312
f  5754//488 3228//480 5684//4282 5753//4340
f  5748//4335 5752//4339 5755//4341 5749//4336
f  5756//4342 5688//4284 5681//4279 5691//4287
f  5757//1485 5714//1484 5096//1246 5758//1245
f  5757//1485 5758//1245 5759//4343 5760//1496
f  5761//1486 5724//1481 5757//1485 5760//1496
f  5762//4344 5717//4309 5716//4308 5725//4316
f  5717//4309 5762//4344 5750//4337 5718//4310
f  5758//1245 5097//1244 5763//4345 5759//4343
f  5097//1244 5098//3911 5764//4346 5763//4345
f  5725//4316 5726//4317 5765//4347 5766//4348
f  5767//4349 5762//4344 5725//4316 5766//4348
f  5762//4344 5767//4349 5768//4350 5750//4337
f  5765//4347 5726//4317 5727//4318 5769//4351
f  5727//4318 5730//4319 5770//4352 5769//4351
f  5771//4353 5723//4315 5724//1481 5772//1487
f  5723//4315 5771//4353 5773//1503 5729//1490
f  5774//4354 5764//4346 5098//3911 5101//3914
f  5775//1506 5776//1497 5760//1496 5759//4343
f  5776//1497 5775//1506 5777//1505 5778//1498
f  5759//4343 5763//4345 5779//1507 5775//1506
f  5780//4355 5779//1507 5763//4345 5764//4346
f  5781//4356 5777//1505 5779//1507 5780//4355
f  5782//1499 5778//1498 5777//1505 5781//4356
f  5783//4357 5751//4338 5750//4337 5768//4350
f  5782//1499 5781//4356 5784//4358 5785//1500
f  5785//1500 5784//4358 5786//4359 5787//1508
f  5788//4360 5771//4353 5772//1487 5789//1502
f  5751//4338 5783//4357 5790//4361 5752//4339
f  5771//4353 5788//4360 5791//1511 5773//1503
f  5788//4360 5789//1502 5792//4362 5793//4363
f  5794//4364 5791//1511 5788//4360 5793//4363
f  5795//4365 5755//4341 5752//4339 5790//4361
f  5796//4366 5780//4355 5764//4346 5774//4354
f  5784//4358 5781//4356 5780//4355 5796//4366
f  5784//4358 5796//4366 5797//4367 5786//4359
f  5774//4354 5101//3914 5150//3949 5798//4368
f  5797//4367 5796//4366 5774//4354 5798//4368
f  5799//4369 5800//4370 5689//4285 5688//4284
f  5689//4285 5800//4370 5801//4371 5690//4286
f  5800//4370 5799//4369 5802//4372 5803//4373
f  5804//4374 5801//4371 5800//4370 5803//4373
f  5802//4372 5799//4369 5688//4284 5756//4342
f  5805//1509 5787//1508 5786//4359 5806//4375
f  5807//4376 5806//4375 5786//4359 5797//4367
f  5792//4362 5789//1502 5808//1501 5805//1509
f  5805//1509 5806//4375 5809//4377 5792//4362
f  5810//4378 5809//4377 5806//4375 5807//4376
f  5811//4379 5793//4363 5792//4362 5809//4377
f  5809//4377 5810//4378 5812//4380 5811//4379
f  5813//1475 3322//2864 3321//467 5671//475
f  5814//485 3323//481 3322//2864 5813//1475
f  5813//1475 5670//1474 5673//486 5814//485
f  5679//4277 5678//4276 5683//4281 5815//4381
f  5816//4382 5680//4278 5679//4277 5815//4381
f  5680//4278 5816//4382 5817//4383 5686//4283
f  5818//1513 5815//4381 5683//4281 5690//4286
f  5819//1512 5816//4382 5815//4381 5818//1513
f  5820//4384 5821//1516 5822//1515 5823//4385
f  5824//4386 5823//4385 5822//1515 5825//1517
f  5821//1516 5820//4384 5826//1523 5827//1518
f  5823//4385 5824//4386 5828//1522 5829//1521
f  5830//1520 5820//4384 5823//4385 5829//1521
f  5820//4384 5830//1520 5831//530 5826//1523
f  3334//2870 3333//2869 5832//4387 5833//4388
f  3334//2870 5833//4388 5834//1529 3335//2871
f  3333//2869 3336//2872 5835//1525 5832//4387
f  3336//2872 3337//526 5836//529 5835//1525
f  3338//2873 3264//2832 5734//1492 5837//1491
f  5824//4386 5825//1517 5833//4388 5832//4387
f  5824//4386 5832//4387 5835//1525 5828//1522
f  5833//4388 5825//1517 5838//1519 5834//1529
f  5831//530 5830//1520 5828//1522 5836//529
f  5837//1491 5839//1493 5840//1530 5841//1526
f  5736//1494 5738//4325 5842//4389 5843//1495
f  5844//4390 5842//4389 5738//4325 5746//4333
f  5816//4382 5819//1512 5845//4391 5817//4383
f  5846//4392 5746//4333 5747//4334 5847//4393
f  5848//4394 5843//1495 5842//4389 5844//4390
f  5849//4395 5840//1530 5843//1495 5848//4394
f  5850//4396 5841//1526 5840//1530 5849//4395
f  5851//1527 5841//1526 5850//4396 5852//4397
f  5827//1518 5826//1523 5853//1524 5854//1534
f  5827//1518 5854//1534 5855//1533 5838//1519
f  5856//4398 5844//4390 5746//4333 5846//4392
f  5857//4399 5848//4394 5844//4390 5856//4398
f  5858//4400 5846//4392 5847//4393 5859//4401
f  5860//4402 5856//4398 5846//4392 5858//4400
f  5861//4403 5849//4395 5848//4394 5857//4399
f  5849//4395 5861//4403 5862//4404 5850//4396
f  5863//4405 5857//4399 5856//4398 5860//4402
f  5864//4406 5861//4403 5857//4399 5863//4405
f  5865//4407 5862//4404 5861//4403 5864//4406
f  5866//1514 5818//1513 5690//4286 5801//4371
f  5819//1512 5866//1514 5867//4408 5845//4391
f  5866//1514 5801//4371 5804//4374 5867//4408
f  5852//4397 5850//4396 5862//4404 5868//4409
f  5868//4409 5862//4404 5865//4407 5869//4410
f  5870//4411 5854//1534 5853//1524 5871//1531
f  5872//1541 5873//1532 5854//1534 5870//4411
f  5150//3949 5152//3951 5874//4412 5798//4368
f  5152//3951 5154//3953 5875//4413 5874//4412
f  5876//4414 5875//4413 5154//3953 5157//3956
f  5807//4376 5797//4367 5798//4368 5874//4412
f  5810//4378 5807//4376 5874//4412 5875//4413
f  5812//4380 5810//4378 5875//4413 5876//4414
f  5331//4054 5330//4053 5877//4415 5878//4416
f  5353//4069 5332//4055 5331//4054 5878//4416
f  5330//4053 5345//4062 5594//4215 5877//4415
f  5879//1459 5878//4416 5877//4415 5880//1460
f  5877//4415 5594//4215 5881//1461 5880//1460
f  5353//4069 5878//4416 5879//1459 5882//1458
f  5634//1464 5352//4068 5353//4069 5882//1458
f  5883//1544 5884//1543 5885//1549 5886//1548
f  5883//1544 5886//1548 5887//1550 5888//1542
f  5889//1560 5890//4417 5891//1546 5892//1554
f  5891//1546 5885//1549 5893//1552 5892//1554
f  5891//1546 5890//4417 5894//4418 5895//1547
f  5885//1549 5884//1543 5896//1545 5893//1552
f  5897//1557 5898//1556 5890//4417 5889//1560
f  5890//4417 5898//1556 5899//1565 5894//4418
f  5898//1556 5900//1558 5901//1562 5902//4419
f  5903//4420 5899//1565 5898//1556 5902//4419
f  5904//1559 5889//1560 5892//1554 5905//1553
f  5906//1561 5907//1566 5908//4421 5901//1562
f  5907//1566 5904//1559 5909//4422 5910//4423
f  5911//4424 5908//4421 5907//1566 5910//4423
f  5912//1569 5901//1562 5908//4421 5913//1567
f  5908//4421 5911//4424 5914//4425 5913//1567
f  5915//1528 3394//2912 3335//2871 5834//1529
f  5916//1572 3395//2913 3394//2912 5915//1528
f  5915//1528 5838//1519 5855//1533 5917//1537
f  5918//4426 5916//1572 5915//1528 5917//1537
f  3395//2913 5916//1572 5919//1571 3396//2914
f  5920//4427 5921//1570 5916//1572 5918//4426
f  3396//2914 5919//1571 5922//1574 3398//2915
f  3415//2923 3414//2922 5923//4428 5924//4429
f  3415//2923 5924//4429 5925//2920 3416//2920
f  5926//4430 5923//4428 3414//2922 3417//2924
f  5924//4429 5923//4428 5927//1576 5928//1575
f  5924//4429 5928//1575 5929//1581 5925//2920
f  5930//1578 5927//1576 5923//4428 5926//4430
f  5931//1579 5929//1581 5928//1575 5932//1577
f  3416//2920 5925//2920 5933//4431 3420//2926
f  5925//2920 5929//1581 5934//1580 5933//4431
f  3437//2935 3436//2934 5935//4432 5936//4433
f  3437//2935 5936//4433 5937//4434 3438//2936
f  3436//2934 3420//2926 5933//4431 5935//4432
f  5936//4433 5935//4432 5938//1585 5939//4435
f  5936//4433 5939//4435 5940//1592 5937//4434
f  5935//4432 5933//4431 5934//1580 5938//1585
f  5941//4436 5939//4435 5938//1585 5942//1586
f  5939//4435 5941//4436 5943//1593 5940//1592
f  5931//1579 5944//1582 5945//1591 5946//1588
f  5947//4437 5943//1593 5941//4436 5948//4438
f  5941//4436 5942//1586 5949//4439 5948//4438
f  5942//1586 5950//1587 5951//2025 5949//4439
f  5952//1573 5921//1570 5953//4440 5954//1599
f  5955//4441 5953//4440 5921//1570 5920//4427
f  3438//2936 5937//4434 5956//4442 3459//2951
f  5957//1595 5956//4442 5937//4434 5940//1592
f  5958//4443 3460//2952 3459//2951 5956//4442
f  3460//2952 5958//4443 5959//4444 3461//2953
f  5960//4445 5958//4443 5956//4442 5957//1595
f  5958//4443 5960//4445 5961//4446 5959//4444
f  5962//4447 5963//1597 5943//1593 5947//4437
f  5957//1595 5964//1601 5965//4448 5960//4445
f  5964//1601 5966//1594 5967//4449 5965//4448
f  5968//4450 5967//4449 5966//1594 5963//1597
f  5960//4445 5965//4448 5969//4451 5961//4446
f  5965//4448 5967//4449 5970//4452 5969//4451
f  5967//4449 5968//4450 5971//4453 5970//4452
f  5972//4454 5968//4450 5963//1597 5962//4447
f  5947//4437 5948//4438 5973//4455 5974//4456
f  5975//2054 5962//4447 5947//4437 5974//4456
f  5917//1537 5976//1536 5977//4457 5918//4426
f  5978//4458 5977//4457 5976//1536 5979//1602
f  5980//4459 5981//4460 5982//1610 5983//4461
f  5984//4462 5981//4460 5980//4459 5985//4463
f  5986//1608 5987//4464 5980//4459 5983//4461
f  5980//4459 5987//4464 5988//4465 5985//4463
f  5987//4464 5986//1608 5989//1607 5990//4466
f  5987//4464 5990//4466 5991//4467 5988//4465
f  5918//4426 5977//4457 5992//4468 5920//4427
f  5977//4457 5978//4458 5993//4469 5992//4468
f  5994//1611 5995//1613 5996//4470 5997//1614
f  5994//1611 5982//1610 5981//4460 5998//1612
f  5996//4470 5995//1613 5999//4471 6000//4472
f  6001//4473 5997//1614 5996//4470 6002//4474
f  5996//4470 6000//4472 6003//4475 6002//4474
f  6004//4476 5983//4461 5982//1610 6005//1609
f  6006//4477 5998//1612 5981//4460 5984//4462
f  5999//4471 5995//1613 5998//1612 6006//4477
f  5999//4471 6006//4477 6007//4478 6008//4479
f  6009//4480 6000//4472 5999//4471 6008//4479
f  5985//4463 6010//4481 6011//4482 5984//4462
f  6012//4483 6010//4481 5985//4463 5988//4465
f  6013//4484 6011//4482 6010//4481 6014//4485
f  6010//4481 6012//4483 6015//4486 6014//4485
f  6007//4478 6006//4477 5984//4462 6011//4482
f  6011//4482 6013//4484 6016//4487 6007//4478
f  6017//1617 6016//4487 6013//4484 6018//1615
f  6013//4484 6014//4485 6019//1619 6018//1615
f  6020//4488 6008//4479 6007//4478 6016//4487
f  6008//4479 6020//4488 6021//4489 6009//4480
f  6016//4487 6017//1617 6022//1620 6020//4488
f  6023//4490 6003//4475 6000//4472 6009//4480
f  6024//1621 6021//4489 6020//4488 6022//1620
f  5594//4215 5595//4216 6025//4491 5881//1461
f  5636//4248 6025//4491 5595//4216 5596//4217
f  5633//1463 5881//1461 6025//4491 5636//4248
f  6026//4492 5592//4213 5591//4212 6027//4493
f  6028//4494 6027//4493 5591//4212 5599//4220
f  5909//4422 5904//1559 5905//1553 6029//4495
f  5905//1553 5893//1552 6030//4496 6029//4495
f  6029//4495 6030//4496 6031//1632 6032//1631
f  6033//1633 5909//4422 6029//4495 6032//1631
f  6034//1637 5910//4423 5909//4422 6033//1633
f  5592//4213 6026//4492 6035//4497 5593//4214
f  6030//4496 5893//1552 5896//1545 6036//1638
f  6026//4492 6027//4493 6028//4494 6037//4498
f  6026//4492 6037//4498 6038//4499 6035//4497
f  6031//1632 6030//4496 6036//1638 6039//1641
f  6040//1642 6039//1641 6036//1638 6041//1551
f  6042//1645 6031//1632 6039//1641 6043//1640
f  6044//1644 6045//1630 6031//1632 6042//1645
f  5910//4423 6034//1637 6046//4500 5911//4424
f  6047//1634 6033//1633 6032//1631 6045//1630
f  6048//4501 6047//1634 6045//1630 6044//1644
f  6049//1648 6050//1635 6047//1634 6048//4501
f  5599//4220 5644//4256 6037//4498 6028//4494
f  6038//4499 6037//4498 5644//4256 5645//4257
f  6043//1640 6051//4502 6052//1643 6042//1645
f  6053//4503 6051//4502 6043//1640 6054//1639
f  6055//1650 6052//1643 6051//4502 6053//4503
f  6056//4504 6048//4501 6044//1644 6057//1649
f  6034//1637 6058//1636 6059//1647 6046//4500
f  6060//1654 6049//1648 6048//4501 6056//4504
f  6061//1646 6049//1648 6062//4505 6059//1647
f  6049//1648 6060//1654 6063//4506 6062//4505
f  5911//4424 6046//4500 6064//1657 5914//4425
f  6065//1655 6064//1657 6046//4500 6059//1647
f  6066//4507 6067//1658 6068//4508 6069//4509
f  6068//4508 6067//1658 6070//1663 6071//4510
f  6072//4511 6069//4509 6068//4508 6073//4512
f  6068//4508 6071//4510 6074//4513 6073//4512
f  6075//4514 6076//1659 6067//1658 6066//4507
f  6067//1658 6077//1660 6078//1661 6070//1663
f  6076//1659 6075//4514 6079//1665 6080//1664
f  6076//1659 6080//1664 6081//4515 6077//1660
f  6082//4516 6075//4514 6066//4507 6083//4517
f  6066//4507 6069//4509 6072//4511 6083//4517
f  6084//1678 6079//1665 6075//4514 6082//4516
f  6085//1669 6086//1668 6087//4518 6088//4519
f  6085//1669 6088//4519 6089//4520 6090//1670
f  6091//4521 6081//4515 6080//1664 6092//1666
f  6093//4522 6087//4518 6086//1668 6094//1673
f  6088//4519 6087//4518 6095//4523 6096//4524
f  6097//4525 6089//4520 6088//4519 6096//4524
f  6087//4518 6093//4522 6098//4526 6095//4523
f  6099//1677 6092//1666 6079//1665 6084//1678
f  6077//1660 6081//4515 6100//4527 6078//1661
f  6101//4528 6093//4522 6094//1673 6102//1675
f  6093//4522 6101//4528 6103//4529 6098//4526
f  6104//4530 6100//4527 6081//4515 6091//4521
f  6102//1675 6105//1680 6106//4531 6101//4528
f  6105//1680 6107//1682 6108//4532 6106//4531
f  6101//4528 6106//4531 6109//4533 6103//4529
f  6110//1662 6078//1661 6100//4527 6111//4534
f  6100//4527 6104//4530 6112//4535 6111//4534
f  6113//4536 6091//4521 6092//1666 6099//1677
f  6114//4537 6104//4530 6091//4521 6113//4536
f  6115//4538 6112//4535 6104//4530 6114//4537
f  6116//1679 6117//1674 6118//4539 6119//4540
f  6120//4541 6121//1681 6116//1679 6119//4540
f  6117//1674 6122//1672 6123//4542 6118//4539
f  6124//4543 6125//1671 6090//1670 6089//4520
f  6126//1667 6125//1671 6124//4543 6127//4544
f  6124//4543 6089//4520 6097//4525 6128//4545
f  6129//4546 6127//4544 6124//4543 6128//4545
f  4827//1126 4834//1131 6130//4547 4826//3745
f  6126//1667 6127//4544 6123//4542 6122//1672
f  6131//4548 6123//4542 6127//4544 6129//4546
f  4828//3746 4826//3745 6130//4547 6132//4549
f  6130//4547 4834//1131 6133//1134 6134//4550
f  6135//1684 6132//4549 6130//4547 6134//4550
f  6136//4551 4828//3746 6132//4549 6137//4552
f  6132//4549 6135//1684 6138//1687 6137//4552
f  4913//3793 4825//3744 4828//3746 6136//4551
f  6139//4553 6140//4554 6141//4555 6142//4556
f  6139//4553 6142//4556 6143//4557 6144//4558
f  6145//1689 6134//4550 6133//1134 6146//4559
f  6133//1134 6147//1130 6148//4560 6146//4559
f  6149//4561 6118//4539 6123//4542 6131//4548
f  6134//4550 6145//1689 6150//1685 6135//1684
f  6151//4562 6119//4540 6118//4539 6149//4561
f  6152//1688 6145//1689 6146//4559 6153//4563
f  6154//4564 6153//4563 6146//4559 6148//4560
f  6155//4565 6142//4556 6141//4555 6156//4566
f  6157//4567 6143//4557 6142//4556 6155//4565
f  6150//1685 6152//1688 6158//4568 6159//1686
f  6160//4569 6108//4532 6107//1682 6161//1683
f  6110//1662 6111//4534 6162//1691 6163//4570
f  6164//1696 6070//1663 6110//1662 6163//4570
f  6106//4531 6108//4532 6165//4571 6109//4533
f  6166//1692 6162//1691 6111//4534 6112//4535
f  6108//4532 6160//4569 6167//4572 6165//4571
f  6168//4573 6163//4570 6162//1691 6169//1693
f  6163//4570 6168//4573 6170//1694 6164//1696
f  6168//4573 6169//1693 6171//1699 6172//4574
f  6173//1701 6170//1694 6168//4573 6172//4574
f  6174//1697 6166//1692 6112//4535 6115//4538
f  6171//1699 6169//1693 6166//1692 6174//1697
f  6175//4575 6071//4510 6070//1663 6176//4576
f  6177//1695 6176//4576 6070//1663 6164//1696
f  6071//4510 6175//4575 6178//4577 6074//4513
f  6178//4577 6175//4575 6176//4576 6179//4578
f  6176//4576 6177//1695 6180//1700 6179//4578
f  6177//1695 6170//1694 6173//1701 6180//1700
f  6161//1683 6121//1681 6120//4541 6160//4569
f  6167//4572 6160//4569 6120//4541 6181//4579
f  6120//4541 6119//4540 6151//4562 6181//4579
f  6182//1705 6183//1704 6144//4558 6143//4557
f  6182//1705 6143//4557 6157//4567 6184//1706
f  6183//1704 6185//1703 6186//1712 6187//1711
f  6188//1707 6184//1706 6157//4567 6189//4580
f  6157//4567 6155//4565 6190//4581 6189//4580
f  6152//1688 6153//4563 6191//4582 6158//4568
f  6153//4563 6154//4564 6192//4583 6191//4582
f  6188//1707 6189//4580 6193//4584 6194//1708
f  6195//1713 6193//4584 6189//4580 6190//4581
f  6196//1709 6194//1708 6193//4584 6197//4585
f  6193//4584 6195//1713 6198//1715 6197//4585
f  6199//4586 6148//4560 6147//1130 6200//1129
f  6155//4565 6156//4566 6201//4587 6190//4581
f  6190//4581 6201//4587 6202//1714 6195//1713
f  6203//4588 6154//4564 6148//4560 6199//4586
f  6154//4564 6203//4588 6204//4589 6192//4583
f  6199//4586 6200//1129 6205//1132 6206//4590
f  6199//4586 6206//4590 6207//4591 6203//4588
f  6208//4592 6206//4590 6205//1132 4982//1133
f  6209//4593 6207//4591 6206//4590 6208//4592
f  6204//4589 6203//4588 6207//4591 6210//4594
f  6207//4591 6209//4593 6211//4595 6210//4594
f  6096//4524 6095//4523 6212//4596 6213//4597
f  6214//4598 6097//4525 6096//4524 6213//4597
f  6095//4523 6098//4526 6215//4599 6212//4596
f  6098//4526 6103//4529 6216//4600 6215//4599
f  6103//4529 6109//4533 6217//4601 6216//4600
f  6218//4602 6128//4545 6097//4525 6214//4598
f  6219//4603 6129//4546 6128//4545 6218//4602
f  6220//1185 6221//1183 4936//1182 4935//1186
f  6222//4604 6131//4548 6129//4546 6219//4603
f  6223//4605 6149//4561 6131//4548 6222//4604
f  6224//4606 6151//4562 6149//4561 6223//4605
f  6109//4533 6165//4571 6225//4607 6217//4601
f  6165//4571 6167//4572 6226//4608 6225//4607
f  6167//4572 6181//4579 6227//4609 6226//4608
f  6181//4579 6151//4562 6224//4606 6227//4609
f  6185//1703 6196//1709 6228//1716 6186//1712
f  6196//1709 6197//4585 6229//4610 6228//1716
f  6230//1722 6229//4610 6197//4585 6198//1715
f  6159//1686 6158//4568 6231//1720 6232//1690
f  6233//4611 6231//1720 6158//4568 6191//4582
f  6234//1717 6228//1716 6229//4610 6235//4612
f  6236//1724 6235//4612 6229//4610 6230//1722
f  6234//1717 6235//4612 6237//4613 6238//1718
f  6239//4614 6237//4613 6235//4612 6236//1724
f  6238//1718 6237//4613 6240//4615 6241//1719
f  6242//4616 6240//4615 6237//4613 6239//4614
f  6073//4512 6243//1727 6083//4517 6072//4511
f  6244//1726 6082//4516 6083//4517 6243//1727
f  6245//1676 6084//1678 6082//4516 6244//1726
f  6246//1741 6243//1727 6073//4512 6074//4513
f  6099//1677 6245//1676 6247//4617 6113//4536
f  6245//1676 6244//1726 6248//1725 6247//4617
f  6249//1728 6215//4599 6216//4600 6250//1729
f  6251//1732 6250//1729 6216//4600 6217//4601
f  4803//3738 4804//3739 4805//3740 4853//1143
f  4853//1143 4805//3740 4806//1116 4943//1115
f  6213//4597 6212//4596 6252//1735 6253//1734
f  6254//1737 6214//4598 6213//4597 6253//1734
f  6212//4596 6215//4599 6249//1728 6252//1735
f  6243//1727 6246//1741 6255//1740 6248//1725
f  6256//4618 4947//3808 4912//3792 4913//3793
f  6257//1187 4953//1190 4947//3808 6256//4618
f  4913//3793 6136//4551 6258//4619 6256//4618
f  4955//1188 6257//1187 6256//4618 6258//4619
f  6136//4551 6137//4552 6259//4620 6258//4619
f  6260//4621 6259//4620 6137//4552 6138//1687
f  6261//4622 6262//4623 6263//4624 6264//4625
f  6265//4626 6266//4627 6261//4622 6264//4625
f  4955//1188 6258//4619 6259//4620 4954//1192
f  6267//1204 4954//1192 6259//4620 6260//4621
f  6222//4604 6219//4603 6268//1733 6269//1738
f  6270//1730 6223//4605 6222//4604 6269//1738
f  6223//4605 6270//1730 6271//1731 6224//4606
f  6214//4598 6254//1737 6272//1736 6218//4602
f  6219//4603 6218//4602 6272//1736 6268//1733
f  6174//1697 6115//4538 6273//4628 6274//1698
f  6114//4537 6113//4536 6247//4617 6275//4629
f  6273//4628 6115//4538 6114//4537 6275//4629
f  6255//1740 6275//4629 6247//4617 6248//1725
f  6217//4601 6225//4607 6276//1742 6251//1732
f  6273//4628 6275//4629 6255//1740 6277//1739
f  6278//4630 6274//1698 6273//4628 6277//1739
f  6277//1739 6246//1741 6279//1702 6278//4630
f  6172//4574 6171//1699 6274//1698 6278//4630
f  6225//4607 6226//4608 6280//1744 6276//1742
f  6246//1741 6074//4513 6178//4577 6179//4578
f  6246//1741 6179//4578 6180//1700 6279//1702
f  6279//1702 6173//1701 6172//4574 6278//4630
f  6263//4624 6262//4623 6187//1711 6281//1710
f  6226//4608 6227//4609 6282//1743 6280//1744
f  6227//4609 6224//4606 6271//1731 6282//1743
f  6260//4621 6138//1687 6232//1690 6283//1721
f  6284//4631 6283//1721 6231//1720 6233//4611
f  6281//1710 6241//1719 6240//4615 6263//4624
f  6263//4624 6240//4615 6242//4616 6264//4625
f  6191//4582 6192//4583 6285//4632 6233//4611
f  6192//4583 6204//4589 6286//4633 6285//4632
f  6239//4614 6236//1724 6287//1723 6288//4634
f  6204//4589 6210//4594 6289//4635 6286//4633
f  6285//4632 6286//4633 6290//4636 6291//4637
f  6284//4631 6233//4611 6285//4632 6291//4637
f  6292//4638 6290//4636 6286//4633 6289//4635
f  4961//1193 6291//4637 6290//4636 4960//1201
f  6293//1202 4960//1201 6290//4636 6292//4638
f  6242//4616 6239//4614 6288//4634 6294//4639
f  6294//4639 6265//4626 6264//4625 6242//4616
f  6267//1204 6260//4621 6283//1721 6284//4631
f  4961//1193 6267//1204 6284//4631 6291//4637
f  5028//3853 5029//3854 6295//4640 6296//4641
f  5028//3853 6296//4641 6297//4642 5031//3855
f  6295//4640 5029//3854 5030//1229 6298//1746
f  6299//4643 6296//4641 6295//4640 6300//4644
f  6295//4640 6298//1746 6301//1748 6300//4644
f  6296//4641 6299//4643 6302//4645 6297//4642
f  6303//4646 4981//3824 4985//1214 6304//1216
f  4985//1214 5008//3843 5009//3844 6305//1215
f  6299//4643 6300//4644 6306//4647 6307//4648
f  6299//4643 6307//4648 6308//4649 6302//4645
f  6306//4647 6300//4644 6301//1748 6309//4650
f  6310//1751 6309//4650 6301//1748 6311//1747
f  6312//4651 6306//4647 6309//4650 6313//4652
f  6314//4653 6313//4652 6309//4650 6310//1751
f  6315//4654 6307//4648 6306//4647 6312//4651
f  6316//4655 6312//4651 6313//4652 6314//4653
f  6317//4656 6315//4654 6312//4651 6316//4655
f  6307//4648 6315//4654 6318//4657 6308//4649
f  6315//4654 6317//4656 6319//4658 6318//4657
f  6303//4646 6208//4592 4982//1133 4981//3824
f  6208//4592 6303//4646 6320//4659 6209//4593
f  6303//4646 6304//1216 6321//4660 6320//4659
f  6209//4593 6320//4659 6322//4661 6211//4595
f  6323//4662 6322//4661 6320//4659 6321//4660
f  6210//4594 6211//4595 6324//4663 6289//4635
f  6211//4595 6322//4661 6325//4664 6324//4663
f  6322//4661 6323//4662 6326//4665 6325//4664
f  6321//4660 6304//1216 6305//1215 6327//4666
f  6305//1215 5009//3844 5012//1221 6327//4666
f  6327//4666 5012//1221 6328//1220 6329//4667
f  6323//4662 6321//4660 6327//4666 6329//4667
f  6329//4667 6328//1220 5138//1235 6330//4668
f  6326//4665 6323//4662 6329//4667 6330//4668
f  5068//3889 5069//3890 6331//4669 6332//4670
f  5068//3889 6332//4670 6333//4671 5088//3905
f  6334//4672 6335//4673 6332//4670 6331//4669
f  6332//4670 6335//4673 6336//4674 6333//4671
f  6337//4675 6336//4674 6335//4673 6338//4676
f  6335//4673 6334//4672 6339//4677 6338//4676
f  6340//4678 6331//4669 5069//3890 5070//3891
f  6341//1753 6334//4672 6331//4669 6340//4678
f  6342//1755 6339//4677 6334//4672 6341//1753
f  5080//1232 5079//3898 5088//3905 5093//1243
f  5084//1228 5085//3902 6343//1756 6344//1745
f  6345//1757 6343//1756 5085//3902 5086//3903
f  6344//1745 6343//1756 6346//1759 6311//1747
f  5093//1243 5088//3905 6333//4671 6347//1241
f  6348//1761 6349//1758 6345//1757 6350//1762
f  6345//1757 5086//3903 5087//3904 6350//1762
f  6351//1764 6352//1760 6349//1758 6353//4679
f  6354//4680 6353//4679 6349//1758 6348//1761
f  6310//1751 6311//1747 6346//1759 6355//1749
f  6316//4655 6314//4653 6310//1751 6356//1750
f  6346//1759 6352//1760 6357//1765 6355//1749
f  6316//4655 6356//1750 6358//1767 6317//4656
f  6356//1750 6355//1749 6357//1765 6359//1766
f  6317//4656 6358//1767 6360//1770 6319//4658
f  6358//1767 6359//1766 6357//1765 6361//1769
f  6362//4681 6361//1769 6357//1765 6351//1764
f  6363//4682 6364//1768 6361//1769 6362//4681
f  6358//1767 6364//1768 6365//1771 6360//1770
f  6364//1768 6363//4682 6366//4683 6365//1771
f  5094//1242 6347//1241 6367//4684 6368//4685
f  5094//1242 6368//4685 6369//4686 5095//3910
f  6367//4684 6347//1241 6333//4671 6336//4674
f  6362//4681 6351//1764 6353//4679 6370//4687
f  6363//4682 6362//4681 6370//4687 6371//4688
f  6366//4683 6363//4682 6371//4688 6372//4689
f  6336//4674 6337//4675 6368//4685 6367//4684
f  6368//4685 6337//4675 6373//4690 6369//4686
f  5056//3877 5095//3910 6374//1778 5121//1777
f  5095//3910 6369//4686 6375//1782 6374//1778
f  6337//4675 6338//4676 6376//4691 6373//4690
f  6369//4686 6373//4690 6377//4692 6375//1782
f  6373//4690 6376//4691 6378//4693 6377//4692
f  6338//4676 6339//4677 6379//4694 6376//4691
f  6380//4695 6379//4694 6339//4677 6342//1755
f  6378//4693 6376//4691 6379//4694 6381//4696
f  6382//4697 6381//4696 6379//4694 6380//4695
f  6383//4698 6378//4693 6381//4696 6384//4699
f  6381//4696 6382//4697 6385//4700 6384//4699
f  5032//3856 5031//3855 6386//4701 6387//4702
f  5032//3856 6387//4702 6388//4703 5033//3857
f  6389//4704 6386//4701 5031//3855 6297//4642
f  6390//1784 6391//1783 6387//4702 6386//4701
f  6387//4702 6391//1783 6392//4705 6388//4703
f  6391//1783 6393//1786 6394//4706 6392//4705
f  6395//1787 6390//1784 6386//4701 6389//4704
f  6396//4707 6389//4704 6297//4642 6302//4645
f  6397//1789 6395//1787 6389//4704 6396//4707
f  6398//4708 6396//4707 6302//4645 6308//4649
f  6399//1791 6397//1789 6396//4707 6398//4708
f  6399//1791 6398//4708 6400//4709 6401//4710
f  6402//4711 6403//1792 6399//1791 6401//4710
f  6404//4712 6324//4663 6325//4664 6405//4713
f  6406//1252 6405//4713 6325//4664 6326//4665
f  6404//4712 6292//4638 6289//4635 6324//4663
f  5140//1203 6293//1202 6292//4638 6404//4712
f  6405//4713 5135//3941 5140//1203 6404//4712
f  5136//1251 5135//3941 6405//4713 6406//1252
f  6400//4709 6398//4708 6308//4649 6318//4657
f  5138//1235 5139//3943 6407//1250 6330//4668
f  6326//4665 6330//4668 6407//1250 6406//1252
f  5136//1251 6407//1250 5139//3943 5137//3942
f  5120//3931 5121//1777 5145//1776 5125//1247
f  5121//1777 6374//1778 6408//1780 6409//1775
f  6348//1761 6410//1796 6411//1795 6354//4680
f  6412//4714 6410//1796 6348//1761 6413//1763
f  6350//1762 5087//3904 6414//4715 6413//1763
f  6410//1796 6412//4714 6415//1793 6416//1794
f  6417//4716 6354//4680 6411//1795 6418//4717
f  6419//1772 6418//4717 6411//1795 6416//1794
f  6418//4717 6366//4683 6372//4689 6417//4716
f  6419//1772 6365//1771 6366//4683 6418//4717
f  6420//4718 6408//1780 6421//1779 6422//4719
f  6423//4720 6422//4719 6421//1779 6424//1781
f  6425//4721 6409//1775 6408//1780 6420//4718
f  6426//4722 6420//4718 6422//4719 6427//4723
f  6383//4698 6427//4723 6422//4719 6423//4720
f  6428//4724 5038//3861 5033//3857 6388//4703
f  5038//3861 6428//4724 6429//4725 5083//3901
f  6428//4724 6394//4706 6393//1786 6429//4725
f  6428//4724 6388//4703 6392//4705 6394//4706
f  5087//3904 5083//3901 6429//4725 6414//4715
f  6429//4725 6393//1786 6430//1785 6414//4715
f  6425//4721 5146//1253 5145//1776 6409//1775
f  5146//1253 6425//4721 5155//3954 5148//3947
f  6414//4715 6430//1785 6431//1788 6413//1763
f  6425//4721 6420//4718 6426//4722 5155//3954
f  6412//4714 6432//1790 6403//1792 6415//1793
f  6403//1792 6402//4711 6433//4726 6434//1773
f  6413//1763 6431//1788 6432//1790 6412//4714
f  6435//4727 6426//4722 6427//4723 6436//4728
f  6427//4723 6383//4698 6384//4699 6436//4728
f  6435//4727 5156//3955 5155//3954 6426//4722
f  6318//4657 6319//4658 6433//4726 6400//4709
f  6437//1774 6360//1770 6419//1772 6416//1794
f  6437//1774 6416//1794 6415//1793 6434//1773
f  6319//4658 6360//1770 6434//1773 6433//4726
f  6423//4720 6424//1781 6375//1782 6377//4692
f  6383//4698 6423//4720 6377//4692 6378//4693
f  6402//4711 6401//4710 6400//4709 6433//4726
f  6438//4729 6439//1798 6440//1797 6441//4730
f  6440//1797 6442//1800 6443//4731 6441//4730
f  6444//4732 6445//1801 6439//1798 6438//4729
f  6446//4733 6443//4731 6442//1800 6447//1802
f  6448//4734 6449//1803 6445//1801 6444//4732
f  6450//4735 6451//1804 6449//1803 6448//4734
f  6451//1804 6450//4735 6452//4736 6453//1805
f  6454//4737 6444//4732 6438//4729 6455//4738
f  6438//4729 6441//4730 6456//4739 6455//4738
f  6448//4734 6444//4732 6454//4737 6457//4740
f  6454//4737 6455//4738 6458//1808 6459//1807
f  6460//1809 6457//4740 6454//4737 6459//1807
f  6441//4730 6443//4731 6461//4741 6456//4739
f  6462//4742 6461//4741 6443//4731 6446//4733
f  6452//4736 6446//4733 6447//1802 6453//1805
f  6463//4743 6450//4735 6448//4734 6457//4740
f  6450//4735 6463//4743 6464//4744 6452//4736
f  6457//4740 6460//1809 6465//1810 6463//4743
f  6455//4738 6456//4739 6466//1811 6458//1808
f  6467//1812 6466//1811 6456//4739 6461//4741
f  5530//4167 5533//4170 6468//1813 6469//1815
f  6468//1813 5533//4170 5534//4171 6470//1816
f  5545//4176 5530//4167 6469//1815 6467//1812
f  6471//1817 6470//1816 5534//4171 6472//4745
f  5534//4171 5535//4172 6473//4746 6472//4745
f  6471//1817 6472//4745 6474//4747 6475//1818
f  6476//4748 6474//4747 6472//4745 6473//4746
f  6477//1821 6467//1812 6461//4741 6462//4742
f  6467//1812 6478//1819 6479//4749 5545//4176
f  6480//1822 6477//1821 6462//4742 6464//4744
f  6462//4742 6446//4733 6452//4736 6464//4744
f  6478//1819 6481//1820 6482//4750 6479//4749
f  6481//1820 6475//1818 6474//4747 6482//4750
f  6480//1822 6464//4744 6463//4743 6465//1810
f  6483//4751 6482//4750 6474//4747 6476//4748
f  6484//4752 6479//4749 6482//4750 6483//4751
f  6484//4752 5546//4177 5545//4176 6479//4749
f  6485//4753 6486//1438 6487//1437 6488//4754
f  6487//1437 6489//1436 6490//4755 6488//4754
f  6483//4751 6491//1823 6492//1824 6484//4752
f  6483//4751 6476//4748 6493//1825 6491//1823
f  5652//4264 5543//4175 5544//1434 6494//1439
f  6494//1439 6486//1438 6485//4753 5652//4264
f  5546//4177 6484//4752 6492//1824 5547//1441
f  6485//4753 6488//4754 6495//4756 6496//4757
f  5653//4265 5652//4264 6485//4753 6496//4757
f  6473//4746 5535//4172 5538//1431 6497//1826
f  6493//1825 6476//4748 6473//4746 6497//1826
f  5617//1440 5618//4234 6490//4755 6489//1436
f  6498//4758 6490//4755 5618//4234 5619//4235
f  6499//4759 6500//1454 5601//1453 5603//4221
f  6495//4756 6488//4754 6490//4755 6498//4758
f  6501//4760 6498//4758 5619//4235 5623//4239
f  6500//1454 6499//4759 6502//4761 6503//1455
f  6498//4758 6501//4760 6504//4762 6495//4756
f  5603//4221 5611//4228 6505//4763 6499//4759
f  6506//4764 6505//4763 5611//4228 5635//4247
f  6507//4765 6501//4760 5623//4239 5630//4246
f  6499//4759 6505//4763 6508//4766 6502//4761
f  6509//4767 6504//4762 6501//4760 6507//4765
f  6505//4763 6506//4764 6510//4768 6508//4766
f  5635//4247 5593//4214 6035//4497 6511//4769
f  6512//4770 6506//4764 5635//4247 6511//4769
f  6506//4764 6512//4770 6513//4771 6510//4768
f  5656//4268 5654//4266 6514//4772 6515//4773
f  5649//4261 5607//1456 6503//1455 6502//4761
f  6515//4773 6514//4772 6504//4762 6509//4767
f  6496//4757 6495//4756 6504//4762 6514//4772
f  5654//4266 5653//4265 6496//4757 6514//4772
f  5649//4261 6502//4761 6508//4766 5657//4269
f  5658//4270 5657//4269 6508//4766 6510//4768
f  6516//1829 5702//4297 3244//2815 4339//3429
f  6517//1828 5703//4298 5702//4297 6516//1829
f  5703//4298 6517//1828 6518//4774 5720//4312
f  6519//4775 5709//4304 5711//4306 6520//4776
f  5711//4306 5744//4331 6521//4777 6520//4776
f  5070//3891 5728//1489 6522//1488 6340//4678
f  6519//4775 5721//4313 5707//4302 5709//4304
f  6341//1753 6340//4678 6522//1488 6523//1754
f  6522//1488 5729//1490 6524//1830 6523//1754
f  5721//4313 6519//4775 6525//4778 5730//4319
f  6519//4775 6520//4776 6526//4779 6525//4778
f  6520//4776 6521//4777 6527//4780 6526//4779
f  6528//4781 6529//1752 6524//1830 6530//1832
f  6524//1830 5729//1490 6531//1504 6530//1832
f  6342//1755 6529//1752 6528//4781 6532//4782
f  6342//1755 6532//4782 6533//4783 6380//4695
f  5744//4331 5741//4328 5749//4336 6521//4777
f  6527//4780 6521//4777 5749//4336 5755//4341
f  5687//1476 6534//1480 6535//4784 5691//4287
f  6536//4785 6537//1479 5687//1476 5686//4283
f  6530//1832 6538//1831 6539//1838 6528//4781
f  6540//1836 6539//1838 6538//1831 6541//1833
f  6542//1837 6532//4782 6528//4781 6539//1838
f  6542//1837 6540//1836 6543//1839 6544//4786
f  6533//4783 6532//4782 6542//1837 6544//4786
f  4339//3429 4344//3432 6545//1827 6516//1829
f  6546//4787 6545//1827 4344//3432 4346//3434
f  6517//1828 6545//1827 6546//4787 6518//4774
f  4346//3434 4355//3441 6547//4788 6546//4787
f  6548//1841 6547//4788 4355//3441 4356//3442
f  6549//4789 5753//4340 5720//4312 6518//4774
f  6550//4790 6534//1480 6537//1479 6551//4791
f  6552//4792 6551//4791 6537//1479 6536//4785
f  5753//4340 6549//4789 6553//1840 5754//488
f  6554//4793 6535//4784 6534//1480 6550//4790
f  5756//4342 5691//4287 6535//4784 6555//4794
f  6535//4784 6554//4793 6556//4795 6555//4794
f  6557//4796 6550//4790 6551//4791 6552//4792
f  6549//4789 6518//4774 6546//4787 6547//4788
f  6553//1840 6549//4789 6547//4788 6548//1841
f  6558//4797 6554//4793 6550//4790 6557//4796
f  6559//4798 6556//4795 6554//4793 6558//4797
f  5730//4319 6525//4778 6560//4799 5770//4352
f  6525//4778 6526//4779 6561//4800 6560//4799
f  6562//4801 6561//4800 6526//4779 6527//4780
f  6380//4695 6533//4783 6563//4802 6382//4697
f  6562//4801 6527//4780 5755//4341 5795//4365
f  6564//1844 6565//1510 5791//1511 5794//4364
f  6543//1839 6566//1834 6567//1835 6568//4803
f  6569//4804 6568//4803 6567//1835 6570//1843
f  6571//4805 6544//4786 6543//1839 6568//4803
f  6563//4802 6533//4783 6544//4786 6571//4805
f  6572//4806 6571//4805 6568//4803 6569//4804
f  6573//4807 6563//4802 6571//4805 6572//4806
f  6574//4808 5794//4364 5793//4363 5811//4379
f  6570//1843 6564//1844 6575//4809 6569//4804
f  6564//1844 5794//4364 6574//4808 6575//4809
f  6576//4810 6574//4808 5811//4379 5812//4380
f  6577//4811 5802//4372 5756//4342 6555//4794
f  6578//4812 5803//4373 5802//4372 6577//4811
f  5803//4373 6578//4812 6579//4813 5804//4374
f  6580//4814 6575//4809 6574//4808 6576//4810
f  6581//4815 6580//4814 6576//4810 6582//4816
f  6576//4810 5812//4380 5876//4414 6582//4816
f  6385//4700 6382//4697 6563//4802 6573//4807
f  6581//4815 6573//4807 6572//4806 6580//4814
f  6581//4815 6582//4816 6583//4817 6584//4818
f  6385//4700 6573//4807 6581//4815 6584//4818
f  6580//4814 6572//4806 6569//4804 6575//4809
f  6578//4812 6577//4811 6555//4794 6556//4795
f  6579//4813 6578//4812 6556//4795 6559//4798
f  6585//4819 6586//4820 6587//4821 6588//4822
f  5858//4400 5859//4401 6585//4819 6588//4822
f  4409//3467 4405//3463 6589//4823 6590//4824
f  4405//3463 4406//3464 6591//1846 6589//4823
f  6592//1842 4400//3461 4401//484 6593//487
f  6590//4824 6589//4823 6594//4825 6595//4826
f  6596//1845 6594//4825 6589//4823 6591//1846
f  6587//4821 6586//4820 6595//4826 6594//4825
f  6597//4827 6587//4821 6594//4825 6596//1845
f  6598//1853 6591//1846 4406//3464 4407//3465
f  6548//1841 4356//3442 4400//3461 6592//1842
f  6599//4828 6588//4822 6587//4821 6597//4827
f  6600//4829 6552//4792 6536//4785 6601//4830
f  6536//4785 5686//4283 5817//4383 6601//4830
f  6593//487 5754//488 6553//1840 6592//1842
f  6558//4797 6557//4796 6552//4792 6600//4829
f  6558//4797 6600//4829 6602//1850 6559//4798
f  6601//4830 5817//4383 5845//4391 6603//1848
f  6602//1850 6600//4829 6601//4830 6603//1848
f  6599//4828 6597//4827 6596//1845 6604//4831
f  6596//1845 6605//1847 6606//4832 6604//4831
f  6607//1852 6605//1847 6591//1846 6598//1853
f  6605//1847 6607//1852 6608//4833 6606//4832
f  4392//1002 4391//3456 6609//1858 6610//1003
f  4391//3456 4394//3457 6611//1856 6609//1858
f  6612//1859 6611//1856 4394//3457 4395//3458
f  6608//4833 6607//1852 6613//1851 6614//4834
f  6599//4828 5860//4402 5858//4400 6588//4822
f  6604//4831 5863//4405 5860//4402 6599//4828
f  5863//4405 6604//4831 6606//4832 5864//4406
f  6603//1848 5845//4391 5867//4408 6615//1849
f  5865//4407 5864//4406 6606//4832 6608//4833
f  5867//4408 5804//4374 6579//4813 6615//1849
f  6614//4834 5869//4410 5865//4407 6608//4833
f  6616//1862 5870//4411 5871//1531 6617//1535
f  5870//4411 6616//1862 6618//1605 5872//1541
f  6579//4813 6559//4798 6602//1850 6615//1849
f  6619//1857 6620//1854 6610//1003 6609//1858
f  6621//1855 6622//1004 6620//1854 6619//1857
f  6619//1857 6611//1856 6623//1860 6621//1855
f  6624//1861 6617//1535 6621//1855 6623//1860
f  6625//4835 6624//1861 6623//1860 6612//1859
f  6616//1862 6624//1861 6625//4835 6618//1605
f  6583//4817 5157//3956 5156//3955 6435//4727
f  6582//4816 5876//4414 5157//3956 6583//4817
f  6435//4727 6436//4728 6584//4818 6583//4817
f  6436//4728 6384//4699 6385//4700 6584//4818
f  6626//4836 5895//1547 5894//4418 6627//1865
f  5894//4418 5899//1565 6628//1564 6627//1865
f  6629//1867 6630//1563 5899//1565 5903//4420
f  5895//1547 6626//4836 6631//4837 6632//1555
f  6626//4836 6627//1865 6633//1864 6631//4837
f  6634//1866 6629//1867 6635//4838 6636//1868
f  6637//1871 5902//4419 5901//1562 5912//1569
f  6638//1870 5903//4420 5902//4419 6637//1871
f  5903//4420 6638//1870 6639//4839 6629//1867
f  6638//1870 6640//1872 6641//1958 6642//4840
f  6643//4841 6639//4839 6638//1870 6642//4840
f  6635//4838 6629//1867 6639//4839 6644//4842
f  6645//4843 6644//4842 6639//4839 6643//4841
f  6646//4844 6636//1868 6635//4838 6647//4845
f  6635//4838 6644//4842 6648//4846 6647//4845
f  6644//4842 6645//4843 6649//4847 6648//4846
f  6650//1880 6651//4848 6652//4849 6653//1881
f  6652//4849 6654//4850 6655//4851 6653//1881
f  6652//4849 6651//4848 6656//4852 6657//4853
f  6658//4854 6654//4850 6652//4849 6657//4853
f  6654//4850 6659//4855 6660//4856 6655//4851
f  6661//4857 6659//4855 6654//4850 6658//4854
f  6662//1992 6660//4856 6659//4855 6663//4858
f  6664//4859 6663//4858 6659//4855 6661//4857
f  6665//1876 6637//1871 5912//1569 6666//1869
f  6667//1886 6666//1869 6668//1568 6669//1887
f  6668//1568 5913//1567 6670//1889 6669//1887
f  6671//1873 6672//1890 6673//4860 6674//1877
f  6675//1892 6665//1876 6666//1869 6667//1886
f  6665//1876 6675//1892 6676//1893 6677//1875
f  6672//1890 6677//1875 6676//1893 6678//1896
f  6679//4861 6673//4860 6672//1890 6678//1896
f  6680//1878 6674//1877 6673//4860 6681//4862
f  6673//4860 6679//4861 6682//4863 6681//4862
f  6679//4861 6678//1896 6683//1894 6684//1897
f  6679//4861 6684//1897 6685//1898 6682//4863
f  6686//4864 6670//1889 5913//1567 5914//4425
f  6687//4865 6688//1888 6670//1889 6686//4864
f  6689//1899 6686//4864 5914//4425 6064//1657
f  6690//1901 6687//4865 6686//4864 6689//1899
f  6688//1888 6687//4865 6691//4866 6692//1895
f  6693//1909 6694//4867 6695//4868 6696//1911
f  6697//4869 6694//4867 6693//1909 6698//1908
f  6693//1909 6696//1911 6699//1914 6700//1910
f  6694//4867 6701//4870 6702//4871 6695//4868
f  6703//4872 6701//4870 6694//4867 6697//4869
f  6704//4873 6702//4871 6701//4870 6705//4874
f  6701//4870 6703//4872 6706//4875 6705//4874
f  6707//1912 6696//1911 6695//4868 6708//1915
f  6709//1917 6708//1915 6695//4868 6702//4871
f  6710//1922 6711//4876 6712//1913 6713//1916
f  6712//1913 6711//4876 6714//1920 6699//1914
f  6711//4876 6710//1922 6715//4877 6716//4878
f  6711//4876 6716//4878 6717//1955 6714//1920
f  6710//1922 6718//1921 6719//4879 6715//4877
f  6718//1921 6720//1923 6721//4880 6719//4879
f  6720//1923 6713//1916 6722//1926 6723//1925
f  6724//4881 6721//4880 6720//1923 6723//1925
f  6709//1917 6702//4871 6704//4873 6725//1929
f  6722//1926 6713//1916 6709//1917 6725//1929
f  6726//1937 6691//4866 6687//4865 6690//1901
f  6727//1940 6728//4882 6651//4848 6650//1880
f  6727//1940 6729//1939 6730//4883 6728//4882
f  6727//1940 6650//1880 6731//1882 6732//1941
f  6729//1939 6733//1938 6734//1944 6735//4884
f  6736//4885 6730//4883 6729//1939 6735//4884
f  6656//4852 6651//4848 6728//4882 6737//4886
f  6728//4882 6730//4883 6738//4887 6737//4886
f  6739//4888 6738//4887 6730//4883 6736//4885
f  6740//1974 6741//1885 6653//1881 6655//4851
f  6733//1938 6742//1942 6743//1947 6744//4889
f  6733//1938 6744//4889 6745//1952 6734//1944
f  6746//4890 6715//4877 6719//4879 6747//4891
f  6716//4878 6715//4877 6746//4890 6748//4892
f  6717//1955 6716//4878 6748//4892 6749//4893
f  6731//1882 6750//1883 6751//4894 6752//1943
f  6750//1883 6753//1884 6754//4895 6751//4894
f  6755//4896 6754//4895 6753//1884 6741//1885
f  6732//1941 6752//1943 6743//1947 6742//1942
f  6752//1943 6751//4894 6756//1948 6743//1947
f  6751//4894 6754//4895 6757//1949 6756//1948
f  6758//4897 6757//1949 6754//4895 6755//4896
f  6719//4879 6721//4880 6759//4898 6747//4891
f  6760//4899 6759//4898 6721//4880 6724//4881
f  6744//4889 6743//1947 6757//1949 6758//4897
f  6744//4889 6758//4897 6761//1950 6745//1952
f  6762//1959 6641//1958 6640//1872 6763//1879
f  6680//1878 6681//4862 6764//4900 6763//1879
f  6765//4901 6642//4840 6641//1958 6766//1957
f  6767//1961 6765//4901 6766//1957 6768//1960
f  6642//4840 6765//4901 6769//4902 6643//4841
f  6765//4901 6767//1961 6770//4903 6769//4902
f  6771//1956 6762//1959 6772//4904 6773//4905
f  6770//4903 6767//1961 6771//1956 6773//4905
f  6698//1908 6774//1907 6775//4906 6697//4869
f  6776//4907 6775//4906 6774//1907 6700//1910
f  6777//4908 6703//4872 6697//4869 6775//4906
f  6703//4872 6777//4908 6778//4909 6706//4875
f  6779//4910 6777//4908 6775//4906 6776//4907
f  6777//4908 6779//4910 6780//4911 6778//4909
f  6781//1919 6776//4907 6700//1910 6699//1914
f  6776//4907 6781//1919 6782//4912 6779//4910
f  6692//1895 6691//4866 6783//4913 6784//1906
f  6785//1964 6782//4912 6781//1919 6786//1962
f  6780//4911 6779//4910 6782//4912 6787//4914
f  6782//4912 6785//1964 6788//2015 6787//4914
f  6789//1971 6783//4913 6691//4866 6726//1937
f  6790//1973 6755//4896 6741//1885 6740//1974
f  6755//4896 6790//1973 6791//1976 6758//4897
f  6763//1879 6764//4900 6772//4904 6762//1959
f  6792//1972 6740//1974 6655//4851 6793//1979
f  6794//1980 6793//1979 6655//4851 6660//4856
f  6681//4862 6682//4863 6795//4915 6764//4900
f  6682//4863 6685//1898 6796//1902 6795//4915
f  6758//4897 6791//1976 6797//1990 6761//1950
f  6764//4900 6795//4915 6798//4916 6772//4904
f  6799//1975 6792//1972 6793//1979 6800//1978
f  6799//1975 6800//1978 6801//1984 6802//1981
f  6800//1978 6803//1977 6804//1983 6801//1984
f  6798//4916 6795//4915 6796//1902 6805//1903
f  6806//1924 6714//1920 6717//1955 6807//1954
f  6717//1955 6749//4893 6808//4917 6809//1953
f  6804//1983 6810//4918 6791//1976 6802//1981
f  6791//1976 6810//4918 6811//1988 6797//1990
f  6660//4856 6662//1992 6812//1982 6794//1980
f  6662//1992 6663//4858 6813//4919 6814//1991
f  6803//1977 6812//1982 6815//4920 6804//1983
f  6816//4921 6815//4920 6812//1982 6814//1991
f  6817//4922 6773//4905 6772//4904 6798//4916
f  6816//4921 6810//4918 6804//1983 6815//4920
f  6818//1993 6806//1924 6807//1954 6819//1986
f  6798//4916 6805//1903 6820//1904 6817//4922
f  6809//1953 6808//4917 6821//4923 6822//1987
f  6822//1987 6821//4923 6823//4924 6824//1994
f  6811//1988 6810//4918 6816//4921 6825//1997
f  6816//4921 6814//1991 6826//2000 6825//1997
f  6827//2005 6824//1994 6823//4924 6828//4925
f  6773//4905 6817//4922 6829//4926 6770//4903
f  6817//4922 6820//1904 6830//1905 6829//4926
f  6814//1991 6813//4919 6831//4927 6826//2000
f  6663//4858 6664//4859 6832//4928 6813//4919
f  6833//2003 6834//1995 6835//1985 6836//2004
f  6835//1985 6824//1994 6827//2005 6836//2004
f  6818//1993 6819//1986 6834//1995 6837//1996
f  6838//1963 6837//1996 6839//2010 6840//2009
f  6788//2015 6785//1964 6838//1963 6840//2009
f  6839//2010 6837//1996 6834//1995 6833//2003
f  6841//2011 6839//2010 6833//2003 6842//2002
f  6827//2005 6828//4925 6843//4929 6844//2006
f  6845//4930 6846//1989 6811//1988 6847//4931
f  6811//1988 6825//1997 6848//1999 6847//4931
f  6849//2007 6844//2006 6843//4929 6850//2018
f  6643//4841 6769//4902 6851//4932 6645//4843
f  6769//4902 6770//4903 6829//4926 6851//4932
f  6645//4843 6851//4932 6852//4933 6649//4847
f  6830//1905 6784//1906 6851//4932 6829//4926
f  6851//4932 6784//1906 6783//4913 6852//4933
f  6853//4934 6852//4933 6783//4913 6789//1971
f  6854//4935 6649//4847 6852//4933 6853//4934
f  3398//2915 5922//1574 6855//1598 4556//3559
f  4567//3569 6856//4936 6857//4937 4566//3568
f  6856//4936 6858//4938 6859//4939 6857//4937
f  6858//4938 6860//4940 6861//4941 6859//4939
f  6860//4940 6862//4942 6863//4943 6861//4941
f  6864//4944 4575//3577 4574//3576 6865//4945
f  6866//4946 6867//4947 6864//4944 6865//4945
f  6868//4948 6869//4949 6867//4947 6866//4946
f  6862//4942 6869//4949 6868//4948 6863//4943
f  6870//4950 6871//4951 6872//4952 6873//4953
f  6874//4954 6875//4955 6870//4950 6873//4953
f  6871//4951 6876//4956 6877//4957 6872//4952
f  6876//4956 6878//4958 6879//4959 6877//4957
f  6878//4958 6880//4960 6881//4961 6879//4959
f  6880//4960 6882//4962 6883//4963 6881//4961
f  6875//4955 6874//4954 6884//4964 6885//4965
f  6886//4966 6885//4965 6884//4964 6887//4967
f  6884//4964 6874//4954 6888//4968 6889//4969
f  6890//4970 6887//4967 6884//4964 6889//4969
f  6886//4966 6887//4967 6891//4971 6892//4972
f  6893//4973 6891//4971 6887//4967 6890//4970
f  6894//4974 6895//4975 6896//4976 6897//4977
f  6883//4963 6882//4962 6894//4974 6897//4977
f  6896//4976 6895//4975 6892//4972 6891//4971
f  6898//4978 6896//4976 6891//4971 6893//4973
f  6899//4979 6897//4977 6896//4976 6898//4978
f  6900//4980 6881//4961 6883//4963 6901//4981
f  6883//4963 6897//4977 6899//4979 6901//4981
f  6902//4982 5926//4430 3417//2924 4656//3624
f  6903//4983 5930//1578 5926//4430 6902//4982
f  6904//2020 6905//2019 5945//1591 6906//1583
f  6907//2023 5946//1588 5945//1591 6905//2019
f  6905//2019 6908//2021 6909//2022 6907//2023
f  6904//2020 6906//1583 6910//1584 6911//4984
f  6912//4985 6908//2021 6904//2020 6911//4984
f  6913//4986 6909//2022 6908//2021 6912//4985
f  6914//4987 6910//1584 5930//1578 6903//4983
f  6915//4988 6911//4984 6910//1584 6914//4987
f  6916//1596 6917//1589 5946//1588 6907//2023
f  6918//2026 6919//1590 6916//1596 6920//4989
f  6916//1596 6909//2022 6913//4986 6920//4989
f  5951//2025 5950//1587 6919//1590 6918//2026
f  4556//3559 6855//1598 6921//1600 4612//3592
f  4566//3568 6857//4937 6922//4990 4664//3627
f  6857//4937 6859//4939 6923//4991 6922//4990
f  4656//3624 4665//3628 6924//4992 6902//4982
f  6925//2030 6924//4992 4665//3628 4666//3629
f  6902//4982 6924//4992 6926//2027 6903//4983
f  6927//2028 6926//2027 6924//4992 6925//2030
f  6928//4993 6923//4991 6859//4939 6861//4941
f  6903//4983 6926//2027 6929//4994 6914//4987
f  6930//4995 6929//4994 6926//2027 6931//2029
f  6914//4987 6929//4994 6932//2037 6915//4988
f  6929//4994 6930//4995 6933//2038 6932//2037
f  4664//3627 6922//4990 6934//4996 4669//3632
f  6935//4997 6934//4996 6922//4990 6923//4991
f  6936//4998 6935//4997 6923//4991 6928//4993
f  6930//4995 6937//4999 6938//5000 6933//2038
f  6939//5001 6937//4999 6930//4995 6940//5002
f  6930//4995 6931//2029 6941//5003 6940//5002
f  6936//4998 6928//4993 6942//5004 6943//5005
f  6944//5006 6912//4985 6911//4984 6915//4988
f  6945//2043 6913//4986 6912//4985 6944//5006
f  6918//2026 6920//4989 6946//2042 6947//2024
f  6920//4989 6913//4986 6945//2043 6946//2042
f  5949//4439 5951//2025 6947//2024 6946//2042
f  5973//4455 5948//4438 5949//4439 6946//2042
f  6945//2043 6944//5006 6948//2044 6949//2041
f  5973//4455 6946//2042 6950//2046 6951//2048
f  6952//5007 5974//4456 5973//4455 6951//2048
f  6953//2045 6950//2046 6946//2042 6949//2041
f  6954//2050 6955//2047 6950//2046 6956//5008
f  6950//2046 6953//2045 6957//5009 6956//5008
f  6953//2045 6958//2049 6959//5010 6957//5009
f  6915//4988 6932//2037 6948//2044 6944//5006
f  6958//2049 6948//2044 6932//2037 6960//2039
f  6942//5004 6928//4993 6861//4941 6863//4943
f  6961//5011 6933//2038 6938//5000 6962//5012
f  6963//5013 6921//1600 5954//1599 6964//5014
f  6965//5015 6964//5014 5954//1599 5953//4440
f  6952//5007 6951//2048 6955//2047 6966//2051
f  6954//2050 6956//5008 6967//5016 6968//2040
f  6969//3614 6970//3613 6971//5017 6972//5018
f  6969//3614 6972//5018 6973//5019 6974//3615
f  6959//5010 6967//5016 6956//5008 6957//5009
f  6960//2039 6933//2038 6968//2040 6967//5016
f  6958//2049 6960//2039 6967//5016 6959//5010
f  6975//5020 6971//5017 6970//3613 6976//3617
f  6933//2038 6961//5011 6977//5021 6978//2036
f  6979//2064 6980//2063 6972//5018 6971//5017
f  6972//5018 6980//2063 6981//5022 6973//5019
f  6982//5023 6981//5022 6980//2063 6983//2066
f  6984//2068 6979//2064 6971//5017 6975//5020
f  6985//5024 5971//4453 5968//4450 5972//4454
f  6986//5025 4714//3666 3461//2953 5959//4444
f  4714//3666 6986//5025 6987//5026 4715//3667
f  6988//5027 6986//5025 5959//4444 5961//4446
f  6989//5028 6987//5026 6986//5025 6988//5027
f  4715//3667 6987//5026 6990//5029 4716//3668
f  6987//5026 6989//5028 6991//5030 6990//5029
f  6988//5027 5961//4446 5969//4451 6992//5031
f  5969//4451 5970//4452 6993//5032 6992//5031
f  6994//5033 6993//5032 5970//4452 5971//4453
f  6988//5027 6992//5031 6995//5034 6989//5028
f  6992//5031 6993//5032 6996//5035 6995//5034
f  6993//5032 6994//5033 6997//5036 6996//5035
f  6998//5037 6994//5033 5971//4453 6985//5024
f  6999//5038 6997//5036 6994//5033 6998//5037
f  6989//5028 6995//5034 7000//5039 6991//5030
f  6995//5034 6996//5035 7001//5040 7000//5039
f  6996//5035 6997//5036 7002//5041 7001//5040
f  7003//5042 7002//5041 6997//5036 6999//5038
f  4716//3668 6990//5029 7004//5043 4725//3677
f  7005//5044 7004//5043 6990//5029 6991//5030
f  4725//3677 7004//5043 7006//5045 4726//3678
f  7004//5043 7005//5044 7007//5046 7006//5045
f  6991//5030 7000//5039 7008//5047 7005//5044
f  7000//5039 7001//5040 7009//5048 7008//5047
f  7001//5040 7002//5041 7010//5049 7009//5048
f  7011//5050 7010//5049 7002//5041 7003//5042
f  7005//5044 7008//5047 7012//5051 7007//5046
f  7008//5047 7009//5048 7013//5052 7012//5051
f  7009//5048 7010//5049 7014//5053 7013//5052
f  7010//5049 7011//5050 7015//5054 7014//5053
f  5962//4447 5975//2054 7016//2053 5972//4454
f  5975//2054 5974//4456 6952//5007 6966//2051
f  5972//4454 7016//2053 7017//2055 6985//5024
f  6998//5037 6985//5024 7017//2055 7018//2056
f  6998//5037 7018//2056 7019//2057 6999//5038
f  6999//5038 7019//2057 7020//2059 7003//5042
f  7021//5055 7022//3642 6974//3615 6973//5019
f  7023//5056 7024//3643 7022//3642 7021//5055
f  7025//5057 7026//3645 7024//3643 7023//5056
f  7026//3645 7025//5057 7027//5058 7028//3647
f  7029//2072 7030//2061 7031//2052 7032//2062
f  6982//5023 7021//5055 6973//5019 6981//5022
f  7021//5055 6982//5023 6983//2066 7023//5056
f  7023//5056 6983//2066 7033//2065 7025//5057
f  7025//5057 7033//2065 7034//2067 7027//5058
f  7011//5050 7003//5042 7020//2059 7035//2058
f  7015//5054 7011//5050 7035//2058 7030//2061
f  7036//5059 7015//5054 7030//2061 7029//2072
f  7037//5060 7014//5053 7015//5054 7036//5059
f  6963//5013 4727//3679 4612//3592 6921//1600
f  7038//5061 7039//5062 7040//5063 7041//5064
f  7040//5063 7042//5065 7043//5066 7041//5064
f  7042//5065 6943//5005 6942//5004 7043//5066
f  6964//5014 4577//3579 4727//3679 6963//5013
f  7038//5061 6865//4945 4574//3576 4751//3696
f  7041//5064 6866//4946 6865//4945 7038//5061
f  6866//4946 7041//5064 7043//5066 6868//4948
f  4751//3696 4752//3697 7039//5062 7038//5061
f  7044//2032 6925//2030 4666//3629 4754//3698
f  6965//5015 4578//3580 4577//3579 6964//5014
f  4578//3580 6965//5015 7045//5067 4579//3581
f  6939//5001 6940//5002 6961//5011 6962//5012
f  6863//4943 6868//4948 7043//5066 6942//5004
f  6977//5021 6961//5011 6940//5002 6941//5003
f  6976//3617 7046//3683 7047//5068 6975//5020
f  7046//3683 7048//3685 7049//5069 7047//5068
f  6931//2029 6978//2036 6977//5021 6941//5003
f  7050//5070 7051//2060 6978//2036 7052//2033
f  7053//5071 7049//5069 7048//3685 7054//3689
f  6975//5020 7047//5068 7055//2069 6984//2068
f  7056//5072 7055//2069 7047//5068 7049//5069
f  7055//2069 7056//5072 7057//5073 7058//2070
f  7059//5074 7056//5072 7049//5069 7053//5071
f  7056//5072 7059//5074 7060//5075 7057//5073
f  7061//5076 4784//3724 4726//3678 7006//5045
f  4784//3724 7061//5076 7062//5077 4785//3725
f  7063//5078 7061//5076 7006//5045 7007//5046
f  7064//5079 7062//5077 7061//5076 7063//5078
f  4785//3725 7062//5077 7065//5080 4786//3726
f  7062//5077 7064//5079 7066//5081 7065//5080
f  7007//5046 7012//5051 7067//5082 7063//5078
f  7012//5051 7013//5052 7068//5083 7067//5082
f  7037//5060 7068//5083 7013//5052 7014//5053
f  7063//5078 7067//5082 7069//5084 7064//5079
f  7067//5082 7068//5083 7070//5085 7069//5084
f  7068//5083 7037//5060 7071//5086 7070//5085
f  7037//5060 7036//5059 7072//5087 7071//5086
f  7070//5085 7071//5086 7073//5088 7074//5089
f  7073//5088 7075//5090 7076//5091 7074//5089
f  7073//5088 7071//5086 7072//5087 7077//5092
f  7078//5093 7075//5090 7073//5088 7077//5092
f  7064//5079 7069//5084 7079//5094 7066//5081
f  7069//5084 7070//5085 7074//5089 7079//5094
f  7080//5095 7044//2032 4754//3698 4791//3730
f  7081//5096 7082//2074 7044//2032 7080//5095
f  7083//5097 7084//2031 7082//2074 7081//5096
f  7076//5091 7085//2075 7084//2031 7083//5097
f  7075//5090 7086//2034 7085//2075 7076//5091
f  7086//2034 7075//5090 7078//5093 7087//2035
f  7066//5081 7079//5094 7083//5097 7081//5096
f  7083//5097 7079//5094 7074//5089 7076//5091
f  4791//3730 4786//3726 7065//5080 7080//5095
f  7080//5095 7065//5080 7066//5081 7081//5096
f  7088//5098 7089//3701 7090//3702 7091//5099
f  7090//3702 7028//3647 7027//5058 7091//5099
f  7032//2062 7051//2060 7050//5070 7092//2073
f  7054//3689 7093//3704 7094//5100 7053//5071
f  7093//3704 7089//3701 7088//5098 7094//5100
f  7077//5092 7092//2073 7050//5070 7078//5093
f  7050//5070 7052//2033 7087//2035 7078//5093
f  7034//2067 7058//2070 7091//5099 7027//5058
f  7091//5099 7058//2070 7057//5073 7088//5098
f  7053//5071 7094//5100 7060//5075 7059//5074
f  7057//5073 7060//5075 7094//5100 7088//5098
f  7072//5087 7036//5059 7029//2072 7095//2071
f  7077//5092 7072//5087 7095//2071 7092//2073
f  7096//5101 6965//5015 5953//4440 5955//4441
f  7097//5102 7045//5067 6965//5015 7096//5101
f  4395//3458 4792//3731 7098//5103 6612//1859
f  4792//3731 4793//3732 7099//5104 7098//5103
f  7099//5104 4793//3732 4579//3581 7045//5067
f  6612//1859 7098//5103 7100//5105 6625//4835
f  7098//5103 7099//5104 7101//5106 7100//5105
f  7101//5106 7099//5104 7045//5067 7097//5102
f  7102//2076 7103//1538 7104//1539 7105//2077
f  5979//1602 7103//1538 7102//2076 7106//2079
f  7105//2077 7104//1539 7107//1540 7108//2080
f  7109//5107 7110//5108 6873//4953 6872//4952
f  6873//4953 7110//5108 6888//4968 6874//4954
f  7110//5108 7109//5107 7111//1606 6004//4476
f  7110//5108 6004//4476 6005//1609 6888//4968
f  7108//2080 7107//1540 7112//1603 7113//2082
f  6872//4952 6877//4957 7114//5109 7109//5107
f  7113//2082 7112//1603 7115//1604 7116//2083
f  7117//5110 7114//5109 6877//4957 6879//4959
f  7109//5107 7114//5109 7118//2092 7111//1606
f  7119//2094 7118//2092 7114//5109 7117//5110
f  5986//1608 5983//4461 6004//4476 7111//1606
f  5990//4466 5989//1607 7120//2093 7121//5111
f  5990//4466 7121//5111 7122//5112 5991//4467
f  5989//1607 7118//2092 7119//2094 7120//2093
f  5978//4458 5979//1602 7106//2079 7123//2081
f  5993//4469 5978//4458 7123//2081 7124//2084
f  6889//4969 7125//5113 7126//5114 6890//4970
f  6005//1609 7125//5113 6889//4969 6888//4968
f  7127//2097 5993//4469 7124//2084 7128//2085
f  7129//2099 5992//4468 5993//4469 7127//2097
f  7126//5114 7125//5113 6001//4473 7130//5115
f  6005//1609 5997//1614 6001//4473 7125//5113
f  6001//4473 6002//4474 7131//5116 7130//5115
f  7132//2102 6893//4973 6890//4970 7126//5114
f  7133//2098 7127//2097 7128//2085 7134//2086
f  6893//4973 7132//2102 7135//2107 6898//4978
f  7134//2086 7136//2087 7137//2100 7133//2098
f  7126//5114 7130//5115 7138//2103 7132//2102
f  7139//2108 7135//2107 7132//2102 7140//2104
f  7116//2083 7115//1604 7141//2091 7142//2088
f  7117//5110 6879//4959 6881//4961 6900//4980
f  7142//2088 7141//2091 7143//5117 7144//2089
f  7145//5118 7143//5117 7141//2091 7146//1863
f  7117//5110 6900//4980 7147//2096 7119//2094
f  6900//4980 6901//4981 7148//5119 7147//2096
f  7149//5120 7121//5111 7120//2093 7150//2095
f  7121//5111 7149//5120 7151//5121 7122//5112
f  7149//5120 7150//2095 7152//2109 7153//5122
f  7152//2109 7147//2096 7148//5119 7154//5123
f  7155//5124 7153//5122 7152//2109 7154//5123
f  7153//5122 7155//5124 7156//5125 7157//5126
f  7151//5121 7149//5120 7153//5122 7157//5126
f  6831//4927 6813//4919 6832//4928 7158//5127
f  7148//5119 6901//4981 6899//4979 7159//2106
f  6899//4979 6898//4978 7135//2107 7159//2106
f  7160//5128 7161//2090 7144//2089 7143//5117
f  7161//2090 7160//5128 7137//2100 7136//2087
f  7162//2101 7137//2100 7160//5128 7163//5129
f  7160//5128 7143//5117 7145//5118 7163//5129
f  7164//2111 7154//5123 7148//5119 7159//2106
f  7154//5123 7164//2111 7165//2113 7155//5124
f  7166//2112 7164//2111 7167//2110 7168//5130
f  7167//2110 7169//2105 7170//5131 7168//5130
f  7171//5132 7165//2113 7166//2112 7172//5133
f  7166//2112 7168//5130 7173//5134 7172//5133
f  7156//5125 7155//5124 7165//2113 7171//5132
f  7156//5125 7171//5132 7174//5135 7175//5136
f  7176//5137 7157//5126 7156//5125 7175//5136
f  7171//5132 7172//5133 7177//5138 7174//5135
f  5988//4465 5991//4467 7178//5139 6012//4483
f  7179//5140 7178//5139 5991//4467 7122//5112
f  6739//4888 6736//4885 7180//5141 7181//5142
f  6012//4483 7178//5139 7182//5143 6015//4486
f  7183//5144 7184//5145 7181//5142 7180//5141
f  7178//5139 7179//5140 7185//5146 7182//5143
f  7186//5147 7187//5148 7184//5145 7183//5144
f  7188//5149 7189//5150 7187//5148 7186//5147
f  7122//5112 7151//5121 7190//5151 7179//5140
f  7151//5121 7157//5126 7176//5137 7190//5151
f  7179//5140 7190//5151 7191//5152 7185//5146
f  6831//4927 7158//5127 7192//5153 7193//5154
f  7194//2001 6826//2000 6831//4927 7193//5154
f  7195//5155 7191//5152 7190//5151 7176//5137
f  7196//5156 7197//5157 7189//5150 7188//5149
f  7196//5156 7193//5154 7192//5153 7197//5157
f  7198//1629 7185//5146 7191//5152 7199//2115
f  7191//5152 7195//5155 7200//2116 7199//2115
f  7195//5155 7176//5137 7175//5136 7201//5158
f  7195//5155 7201//5158 7202//2114 7200//2116
f  7203//2118 7201//5158 7175//5136 7174//5135
f  7204//2117 7202//2114 7201//5158 7203//2118
f  5920//4427 5992//4468 7129//2099 5955//4441
f  7205//5159 7131//5116 6002//4474 6003//4475
f  7130//5115 7131//5116 7206//5160 7138//2103
f  7207//5161 7206//5160 7131//5116 7205//5159
f  7096//5101 5955//4441 7129//2099 7162//2101
f  7208//5162 7140//2104 7138//2103 7206//5160
f  7140//2104 7208//5162 7209//5163 7139//2108
f  7210//5164 7208//5162 7206//5160 7207//5161
f  7208//5162 7210//5164 7211//5165 7209//5163
f  7212//5166 7205//5159 6003//4475 6023//4490
f  7213//5167 7207//5161 7205//5159 7212//5166
f  7214//5168 7210//5164 7207//5161 7213//5167
f  7215//5169 7211//5165 7210//5164 7214//5168
f  7170//5131 7169//2105 7139//2108 7209//5163
f  7216//5170 7170//5131 7209//5163 7211//5165
f  7173//5134 7168//5130 7170//5131 7216//5170
f  7163//5129 7097//5102 7096//5101 7162//2101
f  7216//5170 7211//5165 7215//5169 7217//5171
f  7218//5172 7173//5134 7216//5170 7217//5171
f  7177//5138 7172//5133 7173//5134 7218//5172
f  7219//5173 6023//4490 6009//4480 6021//4489
f  7220//5174 7212//5166 6023//4490 7219//5173
f  7221//5175 7213//5167 7212//5166 7220//5174
f  7222//5176 7214//5168 7213//5167 7221//5175
f  7214//5168 7222//5176 7223//5177 7215//5169
f  7221//5175 7220//5174 7224//1623 7225//1624
f  7226//1625 7222//5176 7221//5175 7225//1624
f  7222//5176 7226//1625 7227//1626 7223//5177
f  7219//5173 6021//4489 6024//1621 7228//1622
f  7219//5173 7228//1622 7224//1623 7220//5174
f  7229//5178 7217//5171 7215//5169 7223//5177
f  7217//5171 7229//5178 7230//2120 7218//5172
f  7231//1627 7229//5178 7223//5177 7227//1626
f  7229//5178 7231//1627 7232//1628 7230//2120
f  7233//2119 7177//5138 7218//5172 7230//2120
f  7203//2118 7174//5135 7177//5138 7233//2119
f  7146//1863 6618//1605 6625//4835 7100//5105
f  7145//5118 7146//1863 7100//5105 7101//5106
f  7101//5106 7097//5102 7163//5129 7145//5118
f  6632//1555 6041//1551 5888//1542 5887//1550
f  6041//1551 6632//1555 7234//5179 6040//1642
f  7235//5180 7234//5179 6632//1555 6631//4837
f  7236//5181 6511//4769 6035//4497 6038//4499
f  6040//1642 7234//5179 7237//1651 6054//1639
f  7234//5179 7235//5180 7238//5182 7237//1651
f  6513//4771 6512//4770 6511//4769 7236//5181
f  6631//4837 6633//1864 7239//5183 7235//5180
f  6633//1864 6636//1868 6646//4844 7239//5183
f  7235//5180 7239//5183 7240//2121 7238//5182
f  7239//5183 6646//4844 7241//2122 7240//2121
f  6646//4844 6647//4845 7242//5184 7241//2122
f  6055//1650 6053//4503 6054//1639 7237//1651
f  7243//5185 6057//1649 7237//1651 7238//5182
f  7236//5181 5658//4270 6510//4768 6513//4771
f  7236//5181 6038//4499 5645//4257 5658//4270
f  6057//1649 7243//5185 7244//2124 6056//4504
f  7243//5185 7238//5182 7240//2121 7244//2124
f  6056//4504 7244//2124 7245//1652 6060//1654
f  7246//1653 7245//1652 7240//2121 7247//2123
f  7248//2125 7247//2123 7241//2122 7242//5184
f  6063//4506 6060//1654 7246//1653 7248//2125
f  6647//4845 6648//4846 7249//5186 7242//5184
f  6854//4935 7249//5186 6648//4846 6649//4847
f  7248//2125 7242//5184 7249//5186 7250//5187
f  7251//5188 7250//5187 7249//5186 6854//4935
f  7252//2128 6062//4505 6063//4506 7253//2126
f  6063//4506 7248//2125 7250//5187 7253//2126
f  7254//1900 6689//1899 6064//1657 7255//1656
f  7254//1900 7255//1656 7256//2129 7257//1933
f  7258//5189 6704//4873 6705//4874 7259//5190
f  7260//5191 7259//5190 6705//4874 6706//4875
f  6725//1929 6704//4873 7258//5189 7261//1928
f  7262//2138 7263//1934 7257//1933 7256//2129
f  7258//5189 7259//5190 7264//5192 7265//2130
f  7266//1930 7261//1928 7258//5189 7265//2130
f  7267//5193 7264//5192 7259//5190 7260//5191
f  7264//5192 7267//5193 7268//5194 7269//5195
f  7270//2131 7265//2130 7264//5192 7269//5195
f  7271//1936 7272//2132 7273//5196 7274//1965
f  7272//2132 7275//1935 7276//2134 7277//2136
f  7272//2132 7277//2136 7278//5197 7273//5196
f  6059//1647 6062//4505 7252//2128 6065//1655
f  6065//1655 7252//2128 7262//2138 7256//2129
f  7277//2136 7279//2135 7280//2140 7278//5197
f  6723//1925 7281//1927 7282//5198 6724//4881
f  7281//1927 7283//1931 7284//5199 7282//5198
f  7283//1931 7285//2133 7286//5200 7284//5199
f  7285//2133 7287//1932 7270//2131 7288//2016
f  7289//2008 7286//5200 7285//2133 7288//2016
f  7290//5201 6760//4899 6724//4881 7282//5198
f  7290//5201 7282//5198 7284//5199 7291//5202
f  7292//5203 7293//5204 6745//1952 7294//1951
f  7295//1945 6734//1944 6745//1952 7293//5204
f  7291//5202 7284//5199 7286//5200 7296//5205
f  7297//5206 6735//4884 6734//1944 7298//1946
f  7298//1946 7295//1945 7293//5204 7299//2146
f  7293//5204 7292//5203 7300//5207 7299//2146
f  7292//5203 7294//1951 7301//5208 7300//5207
f  7286//5200 7289//2008 7302//2017 7296//5205
f  7276//2134 7275//1935 7263//1934 7262//2138
f  7303//1966 7274//1965 7273//5196 7304//5209
f  7273//5196 7278//5197 7305//5210 7304//5209
f  7298//1946 7306//2147 7307//2150 7297//5206
f  7306//2147 7299//2146 7300//5207 7308//2148
f  7309//2151 7308//2148 7300//5207 7301//5208
f  7180//5141 6736//4885 6735//4884 7297//5206
f  7183//5144 7180//5141 7297//5206 7307//2150
f  7186//5147 7183//5144 7307//2150 7310//2149
f  7310//2149 7311//2152 7312//5211 7313//5212
f  7188//5149 7186//5147 7310//2149 7313//5212
f  7314//5213 7260//5191 6706//4875 6778//4909
f  7260//5191 7314//5213 7268//5194 7267//5193
f  7315//5214 7314//5213 6778//4909 6780//4911
f  7314//5213 7315//5214 7269//5195 7268//5194
f  6780//4911 6787//4914 7316//5215 7315//5214
f  7317//2014 7316//5215 6787//4914 6788//2015
f  7269//5195 7315//5214 7316//5215 7270//2131
f  7318//2013 7270//2131 7316//5215 7317//2014
f  7319//2127 7253//2126 7320//5216 7321//2143
f  7320//5216 7253//2126 7250//5187 7251//5188
f  7322//5217 7321//2143 7320//5216 7323//5218
f  7320//5216 7251//5188 7324//5219 7323//5218
f  7322//5217 7323//5218 7325//2154 7326//2153
f  7327//2144 7321//2143 7322//5217 7326//2153
f  7328//5220 7325//2154 7323//5218 7324//5219
f  7329//5221 7327//2144 7325//2154 7328//5220
f  7294//1951 6761//1950 7330//5222 7301//5208
f  7303//1966 7304//5209 7331//5223 7332//1967
f  7333//5224 6797//1990 6846//1989 7334//5225
f  7335//5226 7334//5225 6846//1989 6845//4930
f  7334//5225 7336//5227 7312//5211 7333//5224
f  7337//5228 7336//5227 7334//5225 7335//5226
f  7332//1967 7331//5223 7338//5229 7339//1968
f  7278//5197 7280//2140 7340//2142 7305//5210
f  7311//2152 7309//2151 7301//5208 7330//5222
f  7304//5209 7305//5210 7341//5230 7331//5223
f  7305//5210 7340//2142 7342//2141 7341//5230
f  7331//5223 7341//5230 7343//5231 7338//5229
f  7313//5212 7312//5211 7336//5227 7337//5228
f  7341//5230 7342//2141 7344//2145 7343//5231
f  6761//1950 6797//1990 7333//5224 7330//5222
f  7311//2152 7330//5222 7333//5224 7312//5211
f  7313//5212 7337//5228 7345//2156 7346//5232
f  7196//5156 7188//5149 7313//5212 7346//5232
f  6845//4930 6847//4931 7347//2155 7335//5226
f  6847//4931 6848//1999 7348//1998 7347//2155
f  6841//2011 6842//2002 7289//2008 7349//2012
f  7335//5226 7347//2155 7345//2156 7337//5228
f  7346//5232 7345//2156 7348//1998 7194//2001
f  7350//5233 7351//1969 7339//1968 7338//5229
f  7351//1969 7350//5233 7352//5234 7353//1970
f  7338//5229 7343//5231 7329//5221 7350//5233
f  7343//5231 7344//2145 7327//2144 7329//5221
f  7350//5233 7329//5221 7328//5220 7352//5234
f  7193//5154 7196//5156 7346//5232 7194//2001
f  6854//4935 6853//4934 7324//5219 7251//5188
f  6853//4934 6789//1971 7353//1970 7352//5234
f  7328//5220 7324//5219 6853//4934 7352//5234
f  6014//4485 6015//4486 7354//1618 6019//1619
f  7355//1616 7354//1618 6015//4486 7182//5143
f  7198//1629 7355//1616 7182//5143 7185//5146

